INFO-FLOW: Workspace D:/University/Junior/HLS/VGG_Accelerator/hls/vgg_accelerator/solution1 opened at Thu Dec 11 20:05:52 +0800 2025
Execute     ap_set_clock -name default -period 10 -default=false 
INFO: [SYN 201-201] Setting up clock 'default' with a period of 10ns.
Execute     set_part xczu5eg-sfvc784-1-e 
Execute       create_platform xczu5eg-sfvc784-1-e -board  
DBG:HLSDevice: Trying to load device library: C:/Xilinx/Vitis_HLS/2022.2\lib\win64.o\xv_hlsvwrap.dll
DBG:HLSDevice: first parts/arch.xml in RDI_DATADIR: C:/Xilinx/Vivado/2022.2/data/parts/arch.xml
DBG:HLSDevice: init success
INFO: [HLS 200-1611] Setting target device to 'xczu5eg-sfvc784-1-e'
Command       create_platform done; 0.757 sec.
Execute       source C:/Xilinx/Vitis_HLS/2022.2/common/technology/xilinx/common/xilinx.gen 
Execute         source C:/Xilinx/Vitis_HLS/2022.2/common/technology/xilinx/interface/plb46.gen 
Execute         source C:/Xilinx/Vitis_HLS/2022.2/common/technology/xilinx/interface/axi4.gen 
Execute         source C:/Xilinx/Vitis_HLS/2022.2/common/technology/xilinx/interface/nativeAXI4.gen 
Execute           source C:/Xilinx/Vitis_HLS/2022.2/common/technology/xilinx/interface/saxilite.gen 
Execute         source C:/Xilinx/Vitis_HLS/2022.2/common/technology/xilinx/scripts/xilinxcoregen.gen 
Execute         source C:/Xilinx/Vitis_HLS/2022.2/common/technology/xilinx/interface/XilEDKCoreGen.gen 
Execute         source C:/Xilinx/Vitis_HLS/2022.2/common/technology/xilinx/ip/dds_compiler.gen 
Execute         source C:/Xilinx/Vitis_HLS/2022.2/common/technology/xilinx/ip/util.gen 
Execute         source C:/Xilinx/Vitis_HLS/2022.2/common/technology/xilinx/ip/xfft.gen 
Execute         source C:/Xilinx/Vitis_HLS/2022.2/common/technology/xilinx/ip/xfir.gen 
Execute         source C:/Xilinx/Vitis_HLS/2022.2/common/technology/xilinx/DSP48/dsp48.gen 
Execute       ap_part_info -name xczu5eg-sfvc784-1-e -data info 
Execute       config_compile -quiet -complex-mul-dsp=0 
Command     set_part done; 0.871 sec.
Execute     send_msg_by_id INFO @200-1505@%s%s  vivado 
INFO: [HLS 200-1505] Using flow_target 'vivado'
Execute     send_msg_by_id INFO @200-1464@%s config_export -format=ip_catalog 
INFO: [HLS 200-1464] Running solution command: config_export -format=ip_catalog
Execute     config_export -format=ip_catalog 
Execute     send_msg_by_id INFO @200-1464@%s config_export -rtl=verilog 
INFO: [HLS 200-1464] Running solution command: config_export -rtl=verilog
Execute     config_export -rtl=verilog 
Command   open_solution done; 1.004 sec.
Execute   set_part xczu5eg-sfvc784-1-e 
INFO: [HLS 200-1510] Running: set_part xczu5eg-sfvc784-1-e 
Execute     create_platform xczu5eg-sfvc784-1-e -board  
Execute     source C:/Xilinx/Vitis_HLS/2022.2/common/technology/xilinx/common/xilinx.gen 
Execute       source C:/Xilinx/Vitis_HLS/2022.2/common/technology/xilinx/interface/plb46.gen 
Execute       source C:/Xilinx/Vitis_HLS/2022.2/common/technology/xilinx/interface/axi4.gen 
Execute       source C:/Xilinx/Vitis_HLS/2022.2/common/technology/xilinx/interface/nativeAXI4.gen 
Execute         source C:/Xilinx/Vitis_HLS/2022.2/common/technology/xilinx/interface/saxilite.gen 
Execute       source C:/Xilinx/Vitis_HLS/2022.2/common/technology/xilinx/scripts/xilinxcoregen.gen 
Execute       source C:/Xilinx/Vitis_HLS/2022.2/common/technology/xilinx/interface/XilEDKCoreGen.gen 
Execute       source C:/Xilinx/Vitis_HLS/2022.2/common/technology/xilinx/ip/dds_compiler.gen 
Execute       source C:/Xilinx/Vitis_HLS/2022.2/common/technology/xilinx/ip/util.gen 
Execute       source C:/Xilinx/Vitis_HLS/2022.2/common/technology/xilinx/ip/xfft.gen 
Execute       source C:/Xilinx/Vitis_HLS/2022.2/common/technology/xilinx/ip/xfir.gen 
Execute       source C:/Xilinx/Vitis_HLS/2022.2/common/technology/xilinx/DSP48/dsp48.gen 
Execute     ap_part_info -name xczu5eg-sfvc784-1-e -data info 
Execute     config_compile -quiet -complex-mul-dsp=0 
Command   set_part done; 0.133 sec.
Execute   create_clock -period 10 -name default 
INFO: [HLS 200-1510] Running: create_clock -period 10 -name default 
Execute   config_export -format ip_catalog -rtl verilog 
INFO: [HLS 200-1510] Running: config_export -format ip_catalog -rtl verilog 
Execute   csynth_design 
INFO: [HLS 200-1510] Running: csynth_design 
Execute     elaborate -effort=medium -skip_syncheck=0 -keep_printf=0 -skip_cdt=0 -skip_transform=0 -ng=0 -g=0 -opt_fp=0 -from_csynth_design=1 
INFO: [HLS 200-111] Finished File checks and directory preparation: CPU user time: 0 seconds. CPU system time: 0 seconds. Elapsed time: 10.06 seconds; current allocated memory: 120.234 MB.
INFO: [HLS 200-10] Analyzing design file 'vgg_accelerator.cpp' ... 
INFO-FLOW: Compiling one TU...
INFO-FLOW: Handling vgg_accelerator.cpp as C++
Execute       ap_part_info -name xczu5eg-sfvc784-1-e -data info 
INFO-FLOW: Running: GCC PP 39
INFO-FLOW: Source preprocessing
Execute       ap_eval exec -ignorestderr C:/Xilinx/Vitis_HLS/2022.2/win64/tools/clang-3.9-csynth/bin/clang vgg_accelerator.cpp -foptimization-record-file=D:/University/Junior/HLS/VGG_Accelerator/hls/vgg_accelerator/solution1/.autopilot/db/vgg_accelerator.cpp.clang.diag.yml -mllvm -pass-remarks-missed=reflow|pasta|unroll -mllvm -pass-remarks=reflow|pasta|unroll|inline -fno-limit-debug-info --sysroot C:/Xilinx/Vitis_HLS/2022.2/tps/mingw/8.3.0/win64.o/nt -fhls -fno-exceptions -E -fno-math-errno -c -emit-llvm -mllvm -disable-llvm-optzns -Werror=implicit-function-declaration -Werror=implicit-hls-streams -Werror=return-type -Wpragmas -Wunused-parameter -Wdump-hls-pragmas -Wno-error=dump-hls-pragmas -fno-threadsafe-statics -fno-use-cxa-atexit -std=gnu++14 -target fpga64-xilinx-mingw32 -fno-threadsafe-statics -fno-use-cxa-atexit -D__VITIS_HLS__ -DAESL_SYN -D__SYNTHESIS__ -D__HLS_SYN__ -I C:/Xilinx/Vitis_HLS/2022.2/common/technology/autopilot -I C:/Xilinx/Vitis_HLS/2022.2/common/technology/autopilot/ap_sysc -include etc/autopilot_ssdm_op.h -D__DSP48E2__ -I /usr/include/x86_64-linux-gnu -o D:/University/Junior/HLS/VGG_Accelerator/hls/vgg_accelerator/solution1/.autopilot/db/vgg_accelerator.pp.0.cpp {-hls-platform-db-name=C:/Xilinx/Vitis_HLS/2022.2/common/technology\xilinx/common/platform.db} -hls-platform-name=zynquplus_slow -device-resource-info=BRAM_288.000000_DSP_1248.000000_FF_234240.000000_LUT_117120.000000_SLICE_14640.000000_URAM_64.000000 -device-name-info=xczu5eg-sfvc784-1-e > D:/University/Junior/HLS/VGG_Accelerator/hls/vgg_accelerator/solution1/.autopilot/db/vgg_accelerator.cpp.clang.out.log 2> D:/University/Junior/HLS/VGG_Accelerator/hls/vgg_accelerator/solution1/.autopilot/db/vgg_accelerator.cpp.clang.err.log 
Command       ap_eval done; 0.232 sec.
INFO-FLOW: Done: GCC PP 39 time: 0.2 seconds per iteration
Execute       set_directive_top vgg_accelerator -name=vgg_accelerator 
Execute       source C:/Xilinx/Vitis_HLS/2022.2/tps/tcl/tcllib1.11.1/yaml/huddle.tcl 
Execute       source C:/Xilinx/Vitis_HLS/2022.2/tps/tcl/tcllib1.11.1/yaml/json2huddle.tcl 
INFO-FLOW: Source syntax check for synthesis
Execute       ap_eval exec -ignorestderr C:/Xilinx/Vitis_HLS/2022.2/win64/tools/clang-3.9-csynth/bin/clang -foptimization-record-file=D:/University/Junior/HLS/VGG_Accelerator/hls/vgg_accelerator/solution1/.autopilot/db/clang.diag.yml -mllvm -pass-remarks-missed=reflow|pasta|unroll -mllvm -pass-remarks=reflow|pasta|unroll|inline -fsyntax-only -fhls -target fpga64-xilinx-linux-gnu D:/University/Junior/HLS/VGG_Accelerator/hls/vgg_accelerator/solution1/.autopilot/db/vgg_accelerator.pp.0.cpp {-hls-platform-db-name=C:/Xilinx/Vitis_HLS/2022.2/common/technology\xilinx/common/platform.db} -hls-platform-name=zynquplus_slow -device-resource-info=BRAM_288.000000_DSP_1248.000000_FF_234240.000000_LUT_117120.000000_SLICE_14640.000000_URAM_64.000000 -device-name-info=xczu5eg-sfvc784-1-e > D:/University/Junior/HLS/VGG_Accelerator/hls/vgg_accelerator/solution1/.autopilot/db/clang.out.log 2> D:/University/Junior/HLS/VGG_Accelerator/hls/vgg_accelerator/solution1/.autopilot/db/clang.err.log 
Command       ap_eval done; 0.609 sec.
Execute       clang_tidy xilinx-systemc-detector -desc systemc-detector D:/University/Junior/HLS/VGG_Accelerator/hls/vgg_accelerator/solution1/.autopilot/db/vgg_accelerator.pp.0.cpp std=gnu++14 -target fpga  -directive=D:/University/Junior/HLS/VGG_Accelerator/hls/vgg_accelerator/solution1/.autopilot/db/.systemc_flag 
INFO-FLOW: exec C:/Xilinx/Vitis_HLS/2022.2/win64/tools/clang-3.9-csynth/bin/clang-tidy -header-filter=.* --checks=-*,xilinx-systemc-detector -import-directive=D:/University/Junior/HLS/VGG_Accelerator/hls/vgg_accelerator/solution1/.autopilot/db/.systemc_flag -fix-errors D:/University/Junior/HLS/VGG_Accelerator/hls/vgg_accelerator/solution1/.autopilot/db/vgg_accelerator.pp.0.cpp -- -std=gnu++14 -target fpga -fhls -ferror-limit=0
Command       clang_tidy done; 0.404 sec.
INFO-FLOW: Running: clang-tidy CDT preprocess 39
Execute       clang_tidy xilinx-directive2pragma -desc directive2pragma D:/University/Junior/HLS/VGG_Accelerator/hls/vgg_accelerator/solution1/.autopilot/db/vgg_accelerator.pp.0.cpp std=gnu++14 -target fpga  -directive=D:/University/Junior/HLS/VGG_Accelerator/hls/vgg_accelerator/solution1/.autopilot/db/all.directive.json 
INFO-FLOW: exec C:/Xilinx/Vitis_HLS/2022.2/win64/tools/clang-3.9-csynth/bin/clang-tidy -header-filter=.* --checks=-*,xilinx-directive2pragma -import-directive=D:/University/Junior/HLS/VGG_Accelerator/hls/vgg_accelerator/solution1/.autopilot/db/all.directive.json -fix-errors D:/University/Junior/HLS/VGG_Accelerator/hls/vgg_accelerator/solution1/.autopilot/db/vgg_accelerator.pp.0.cpp -- -std=gnu++14 -target fpga -fhls -ferror-limit=0
Command       clang_tidy done; 0.645 sec.
Execute       clang_tidy xilinx-remove-assert -desc remove-assert D:/University/Junior/HLS/VGG_Accelerator/hls/vgg_accelerator/solution1/.autopilot/db/vgg_accelerator.pp.0.cpp std=gnu++14 -target fpga  
INFO-FLOW: exec C:/Xilinx/Vitis_HLS/2022.2/win64/tools/clang-3.9-csynth/bin/clang-tidy -header-filter=.* --checks=-*,xilinx-remove-assert -fix-errors D:/University/Junior/HLS/VGG_Accelerator/hls/vgg_accelerator/solution1/.autopilot/db/vgg_accelerator.pp.0.cpp -- -std=gnu++14 -target fpga -fhls -ferror-limit=0
Command       clang_tidy done; 0.387 sec.
INFO-FLOW: Done: clang-tidy CDT preprocess 39 time: 1 seconds per iteration
INFO-FLOW: Calling xilinx-label-all-loops ... 
INFO-FLOW: Calling xilinx-aggregate-on-hls-vector ... 
Execute       clang_tidy -errorcheck -desc loop-label xilinx-label-all-loops,xilinx-aggregate-on-hls-vector,,xilinx-warn-mayneed-no-ctor-attribute D:/University/Junior/HLS/VGG_Accelerator/hls/vgg_accelerator/solution1/.autopilot/db/vgg_accelerator.pp.0.cpp std=gnu++14 -target fpga  
Execute         ap_eval exec -ignorestderr C:/Xilinx/Vitis_HLS/2022.2/win64/tools/clang-3.9-csynth/bin/clang-tidy -export-fixes=D:/University/Junior/HLS/VGG_Accelerator/hls/vgg_accelerator/solution1/.autopilot/db/vgg_accelerator.pp.0.cpp.clang-tidy.loop-label.diag.yml -header-filter=.* --checks=-*,xilinx-label-all-loops,xilinx-aggregate-on-hls-vector,,xilinx-warn-mayneed-no-ctor-attribute -fix-errors D:/University/Junior/HLS/VGG_Accelerator/hls/vgg_accelerator/solution1/.autopilot/db/vgg_accelerator.pp.0.cpp -- -std=gnu++14 -target fpga -fhls -ferror-limit=0 > D:/University/Junior/HLS/VGG_Accelerator/hls/vgg_accelerator/solution1/.autopilot/db/vgg_accelerator.pp.0.cpp.clang-tidy.loop-label.out.log 2> D:/University/Junior/HLS/VGG_Accelerator/hls/vgg_accelerator/solution1/.autopilot/db/vgg_accelerator.pp.0.cpp.clang-tidy.loop-label.err.log 
Command         ap_eval done; 0.983 sec.
Execute         source C:/Xilinx/Vitis_HLS/2022.2/tps/tcl/tcllib1.11.1/yaml/yaml.tcl 
Command       clang_tidy done; 1.048 sec.
Execute       ap_eval exec -ignorestderr C:/Xilinx/Vitis_HLS/2022.2/win64/tools/clang-3.9-csynth/bin/xilinx-dataflow-lawyer -export-fixes=D:/University/Junior/HLS/VGG_Accelerator/hls/vgg_accelerator/solution1/.autopilot/db/vgg_accelerator.pp.0.cpp.xilinx-dataflow-lawyer.diag.yml D:/University/Junior/HLS/VGG_Accelerator/hls/vgg_accelerator/solution1/.autopilot/db/vgg_accelerator.pp.0.cpp -- -std=gnu++14 -target fpga -fhls -ferror-limit=0 -fstrict-dataflow > D:/University/Junior/HLS/VGG_Accelerator/hls/vgg_accelerator/solution1/.autopilot/db/vgg_accelerator.pp.0.cpp.xilinx-dataflow-lawyer.out.log 2> D:/University/Junior/HLS/VGG_Accelerator/hls/vgg_accelerator/solution1/.autopilot/db/vgg_accelerator.pp.0.cpp.xilinx-dataflow-lawyer.err.log 
Command       ap_eval done; 0.526 sec.
WARNING: [HLS 214-113] Either use an argument of the function or declare the variable inside the dataflow loop body (vgg_accelerator.cpp:205:46)
WARNING: [HLS 214-113] Either use an argument of the function or declare the variable inside the dataflow loop body (vgg_accelerator.cpp:205:92)
WARNING: [HLS 214-113] Either use an argument of the function or declare the variable inside the dataflow loop body (vgg_accelerator.cpp:208:47)
WARNING: [HLS 214-113] Either use an argument of the function or declare the variable inside the dataflow loop body (vgg_accelerator.cpp:208:94)
WARNING: [HLS 214-113] Either use an argument of the function or declare the variable inside the dataflow loop body (vgg_accelerator.cpp:211:46)
WARNING: [HLS 214-113] Either use an argument of the function or declare the variable inside the dataflow loop body (vgg_accelerator.cpp:211:93)
WARNING: [HLS 214-113] Either use an argument of the function or declare the variable inside the dataflow loop body (vgg_accelerator.cpp:214:41)
WARNING: [HLS 214-113] Either use an argument of the function or declare the variable inside the dataflow loop body (vgg_accelerator.cpp:214:84)
Execute       send_msg_by_id WARNING @200-471@%s%s 8 vgg_accelerator.cpp 
WARNING: [HLS 200-471] Dataflow form checks found 8 issue(s) in file vgg_accelerator.cpp
Execute       ap_part_info -name xczu5eg-sfvc784-1-e -data info 
INFO-FLOW: compiling source code to llvm bc
Execute       ap_eval exec -ignorestderr C:/Xilinx/Vitis_HLS/2022.2/win64/tools/clang-3.9-csynth/bin/clang -foptimization-record-file=D:/University/Junior/HLS/VGG_Accelerator/hls/vgg_accelerator/solution1/.autopilot/db/vgg_accelerator.pp.0.cpp.clang.diag.yml -mllvm -pass-remarks-missed=reflow|pasta|unroll -mllvm -pass-remarks=reflow|pasta|unroll|inline -fno-limit-debug-info -fhls -flto -fno-exceptions -Wno-error=c++11-narrowing D:/University/Junior/HLS/VGG_Accelerator/hls/vgg_accelerator/solution1/.autopilot/db/vgg_accelerator.pp.0.cpp -fno-math-errno -c -emit-llvm -mllvm -disable-llvm-optzns -Werror=implicit-function-declaration -Werror=implicit-hls-streams -Werror=return-type -Wpragmas -Wunused-parameter -Wdump-hls-pragmas -Wno-error=dump-hls-pragmas -fno-threadsafe-statics -fno-use-cxa-atexit -std=gnu++14 -target fpga64-xilinx-linux-gnu -D__VITIS_HLS__ -DAESL_SYN -D__SYNTHESIS__ -D__HLS_SYN__ -I C:/Xilinx/Vitis_HLS/2022.2/common/technology/autopilot -I C:/Xilinx/Vitis_HLS/2022.2/common/technology/autopilot/ap_sysc -include etc/autopilot_ssdm_op.h -D__DSP48E2__ -g -o D:/University/Junior/HLS/VGG_Accelerator/hls/vgg_accelerator/solution1/.autopilot/db/vgg_accelerator.bc {-hls-platform-db-name=C:/Xilinx/Vitis_HLS/2022.2/common/technology\xilinx/common/platform.db} -hls-platform-name=zynquplus_slow -device-resource-info=BRAM_288.000000_DSP_1248.000000_FF_234240.000000_LUT_117120.000000_SLICE_14640.000000_URAM_64.000000 -device-name-info=xczu5eg-sfvc784-1-e > D:/University/Junior/HLS/VGG_Accelerator/hls/vgg_accelerator/solution1/.autopilot/db/vgg_accelerator.pp.0.cpp.clang.out.log 2> D:/University/Junior/HLS/VGG_Accelerator/hls/vgg_accelerator/solution1/.autopilot/db/vgg_accelerator.pp.0.cpp.clang.err.log 
Command       ap_eval done; 0.789 sec.
INFO: [HLS 200-111] Finished Source Code Analysis and Preprocessing: CPU user time: 0 seconds. CPU system time: 0 seconds. Elapsed time: 4.996 seconds; current allocated memory: 122.625 MB.
INFO-FLOW: Linking Debug ...
INFO-FLOW: Linking dut bc code.
Execute       run_link_or_opt -out D:/University/Junior/HLS/VGG_Accelerator/hls/vgg_accelerator/solution1/.autopilot/db/a.g.ld.0.bc -args  "D:/University/Junior/HLS/VGG_Accelerator/hls/vgg_accelerator/solution1/.autopilot/db/vgg_accelerator.g.bc"  
Execute         ap_eval exec -ignorestderr C:/Xilinx/Vitis_HLS/2022.2/win64/tools/clang-3.9-csynth/bin/llvm-link D:/University/Junior/HLS/VGG_Accelerator/hls/vgg_accelerator/solution1/.autopilot/db/vgg_accelerator.g.bc -o D:/University/Junior/HLS/VGG_Accelerator/hls/vgg_accelerator/solution1/.autopilot/db/a.g.ld.0.bc > D:/University/Junior/HLS/VGG_Accelerator/hls/vgg_accelerator/solution1/.autopilot/db/a.g.ld.0.bc.llvm-link.out.log 2> D:/University/Junior/HLS/VGG_Accelerator/hls/vgg_accelerator/solution1/.autopilot/db/a.g.ld.0.bc.llvm-link.err.log 
INFO-FLOW: 
Execute       run_link_or_opt -opt -out D:/University/Junior/HLS/VGG_Accelerator/hls/vgg_accelerator/solution1/.autopilot/db/a.g.ld.1.lower.bc -args D:/University/Junior/HLS/VGG_Accelerator/hls/vgg_accelerator/solution1/.autopilot/db/a.g.ld.0.bc -reflow-lower-math-intrinsics 
Execute         ap_eval exec -ignorestderr C:/Xilinx/Vitis_HLS/2022.2/win64/tools/clang-3.9-csynth/bin/opt -pass-remarks-missed=reflow|pasta|unroll -pass-remarks=reflow|pasta|unroll|inline -pass-remarks-output=D:/University/Junior/HLS/VGG_Accelerator/hls/vgg_accelerator/solution1/.autopilot/db/a.g.ld.1.lower.bc.opt.diag.yml D:/University/Junior/HLS/VGG_Accelerator/hls/vgg_accelerator/solution1/.autopilot/db/a.g.ld.0.bc -reflow-lower-math-intrinsics -o D:/University/Junior/HLS/VGG_Accelerator/hls/vgg_accelerator/solution1/.autopilot/db/a.g.ld.1.lower.bc > D:/University/Junior/HLS/VGG_Accelerator/hls/vgg_accelerator/solution1/.autopilot/db/a.g.ld.1.lower.bc.opt.out.log 2> D:/University/Junior/HLS/VGG_Accelerator/hls/vgg_accelerator/solution1/.autopilot/db/a.g.ld.1.lower.bc.opt.err.log 
INFO-FLOW: 
INFO-FLOW: Linking math bc lib
Execute       run_link_or_opt -out D:/University/Junior/HLS/VGG_Accelerator/hls/vgg_accelerator/solution1/.autopilot/db/a.g.ld.2.m1.bc -args D:/University/Junior/HLS/VGG_Accelerator/hls/vgg_accelerator/solution1/.autopilot/db/a.g.ld.1.lower.bc -only-needed C:/Xilinx/Vitis_HLS/2022.2/win64/lib/libhlsm_39.bc C:/Xilinx/Vitis_HLS/2022.2/win64/lib/libhlsmc++_39.bc 
Execute         ap_eval exec -ignorestderr C:/Xilinx/Vitis_HLS/2022.2/win64/tools/clang-3.9-csynth/bin/llvm-link D:/University/Junior/HLS/VGG_Accelerator/hls/vgg_accelerator/solution1/.autopilot/db/a.g.ld.1.lower.bc -only-needed C:/Xilinx/Vitis_HLS/2022.2/win64/lib/libhlsm_39.bc C:/Xilinx/Vitis_HLS/2022.2/win64/lib/libhlsmc++_39.bc -o D:/University/Junior/HLS/VGG_Accelerator/hls/vgg_accelerator/solution1/.autopilot/db/a.g.ld.2.m1.bc > D:/University/Junior/HLS/VGG_Accelerator/hls/vgg_accelerator/solution1/.autopilot/db/a.g.ld.2.m1.bc.llvm-link.out.log 2> D:/University/Junior/HLS/VGG_Accelerator/hls/vgg_accelerator/solution1/.autopilot/db/a.g.ld.2.m1.bc.llvm-link.err.log 
Command         ap_eval done; 1.835 sec.
INFO-FLOW: 
Command       run_link_or_opt done; 1.837 sec.
Execute       run_link_or_opt -opt -out D:/University/Junior/HLS/VGG_Accelerator/hls/vgg_accelerator/solution1/.autopilot/db/a.g.ld.3.fpc.bc -args D:/University/Junior/HLS/VGG_Accelerator/hls/vgg_accelerator/solution1/.autopilot/db/a.g.ld.2.m1.bc -reflow-globaldce -hls-top-function-name=vgg_accelerator -reflow-float-conversion 
Execute         ap_eval exec -ignorestderr C:/Xilinx/Vitis_HLS/2022.2/win64/tools/clang-3.9-csynth/bin/opt -pass-remarks-missed=reflow|pasta|unroll -pass-remarks=reflow|pasta|unroll|inline -pass-remarks-output=D:/University/Junior/HLS/VGG_Accelerator/hls/vgg_accelerator/solution1/.autopilot/db/a.g.ld.3.fpc.bc.opt.diag.yml D:/University/Junior/HLS/VGG_Accelerator/hls/vgg_accelerator/solution1/.autopilot/db/a.g.ld.2.m1.bc -reflow-globaldce -hls-top-function-name=vgg_accelerator -reflow-float-conversion -o D:/University/Junior/HLS/VGG_Accelerator/hls/vgg_accelerator/solution1/.autopilot/db/a.g.ld.3.fpc.bc > D:/University/Junior/HLS/VGG_Accelerator/hls/vgg_accelerator/solution1/.autopilot/db/a.g.ld.3.fpc.bc.opt.out.log 2> D:/University/Junior/HLS/VGG_Accelerator/hls/vgg_accelerator/solution1/.autopilot/db/a.g.ld.3.fpc.bc.opt.err.log 
Command         ap_eval done; 0.747 sec.
INFO-FLOW: 
Command       run_link_or_opt done; 0.747 sec.
Execute       run_link_or_opt -out D:/University/Junior/HLS/VGG_Accelerator/hls/vgg_accelerator/solution1/.autopilot/db/a.g.ld.4.m2.bc -args D:/University/Junior/HLS/VGG_Accelerator/hls/vgg_accelerator/solution1/.autopilot/db/a.g.ld.3.fpc.bc -only-needed C:/Xilinx/Vitis_HLS/2022.2/win64/lib/libfloatconversion_39.bc 
Execute         ap_eval exec -ignorestderr C:/Xilinx/Vitis_HLS/2022.2/win64/tools/clang-3.9-csynth/bin/llvm-link D:/University/Junior/HLS/VGG_Accelerator/hls/vgg_accelerator/solution1/.autopilot/db/a.g.ld.3.fpc.bc -only-needed C:/Xilinx/Vitis_HLS/2022.2/win64/lib/libfloatconversion_39.bc -o D:/University/Junior/HLS/VGG_Accelerator/hls/vgg_accelerator/solution1/.autopilot/db/a.g.ld.4.m2.bc > D:/University/Junior/HLS/VGG_Accelerator/hls/vgg_accelerator/solution1/.autopilot/db/a.g.ld.4.m2.bc.llvm-link.out.log 2> D:/University/Junior/HLS/VGG_Accelerator/hls/vgg_accelerator/solution1/.autopilot/db/a.g.ld.4.m2.bc.llvm-link.err.log 
INFO-FLOW: 
Execute       run_link_or_opt -opt -out D:/University/Junior/HLS/VGG_Accelerator/hls/vgg_accelerator/solution1/.autopilot/db/a.g.ld.5.gdce.bc -args D:/University/Junior/HLS/VGG_Accelerator/hls/vgg_accelerator/solution1/.autopilot/db/a.g.ld.4.m2.bc -reflow-globaldce -hls-top-function-name=vgg_accelerator 
Execute         ap_eval exec -ignorestderr C:/Xilinx/Vitis_HLS/2022.2/win64/tools/clang-3.9-csynth/bin/opt -pass-remarks-missed=reflow|pasta|unroll -pass-remarks=reflow|pasta|unroll|inline -pass-remarks-output=D:/University/Junior/HLS/VGG_Accelerator/hls/vgg_accelerator/solution1/.autopilot/db/a.g.ld.5.gdce.bc.opt.diag.yml D:/University/Junior/HLS/VGG_Accelerator/hls/vgg_accelerator/solution1/.autopilot/db/a.g.ld.4.m2.bc -reflow-globaldce -hls-top-function-name=vgg_accelerator -o D:/University/Junior/HLS/VGG_Accelerator/hls/vgg_accelerator/solution1/.autopilot/db/a.g.ld.5.gdce.bc > D:/University/Junior/HLS/VGG_Accelerator/hls/vgg_accelerator/solution1/.autopilot/db/a.g.ld.5.gdce.bc.opt.out.log 2> D:/University/Junior/HLS/VGG_Accelerator/hls/vgg_accelerator/solution1/.autopilot/db/a.g.ld.5.gdce.bc.opt.err.log 
INFO-FLOW: 
Execute       send_msg_by_id INFO @200-777@%s Vivado 
INFO: [HLS 200-777] Using interface defaults for 'Vivado' flow target.
Execute       is_m_axi_addr64 
INFO-FLOW: Doing LTO.
Execute       ap_eval exec -ignorestderr C:/Xilinx/Vitis_HLS/2022.2/win64/tools/clang-3.9-csynth/bin/clang -foptimization-record-file=D:/University/Junior/HLS/VGG_Accelerator/hls/vgg_accelerator/solution1/.autopilot/db/a.g.ld.0.bc.clang.diag.yml -mllvm -pass-remarks-missed=reflow|pasta|unroll -mllvm -pass-remarks=reflow|pasta|unroll|inline -fhls -mllvm -hls-top-function-name=vgg_accelerator -mllvm -hls-db-dir -mllvm D:/University/Junior/HLS/VGG_Accelerator/hls/vgg_accelerator/solution1/.autopilot/db -emit-llvm -c -target fpga64-xilinx-none -mllvm -xcl-xmlinfo=D:/University/Junior/HLS/VGG_Accelerator/hls/vgg_accelerator/solution1/.autopilot/db/kernel.internal.xml -mllvm -top-io-mapping-info=D:/University/Junior/HLS/VGG_Accelerator/hls/vgg_accelerator/solution1/.autopilot/db/top-io-fe.xml -mllvm -hls-bitcode-version=3.1 -mllvm -reflow-enable-slave-interface-default-setting=true -mllvm -gen-kernel-xml=false -mllvm -default-maxi-offset=slave -mllvm -maxi-latency=0 -mllvm -hls-maxi-data-size-in-bits=8 -mllvm -hls-maxi-max-data-size-in-bits=1024 -mllvm -hls-max-widen-size-in-bits=0 -mllvm -xcl-kernel-max-mem-ports=0 -mllvm -maxi-read-trans=16 -mllvm -maxi-write-trans=16 -mllvm -maxi-read-burst-len=16 -mllvm -maxi-write-burst-len=16 -mllvm -reflow-enable-saxi-64bits=0 -mllvm -reflow-basic-block-instr-threshold=200000 -mllvm -reflow-auto-pipeline-threshold=64 -mllvm -reflow-enable-maxi-auto-id-channel=0 -mllvm -assume-maxi-align=1 -mllvm -reflow-pipeline-style-llvm-setting=2 -mllvm -reflow-enable-dataflow-strict-mode-checking=1 -mllvm -reflow-auto-array-partition-mode=default -mllvm -reflow-enable-auto-array-partition=true -mllvm -reflow-enable-auto-parallel-performance-driven=true -mllvm -reflow-enable-partition-for-automation=true -mllvm -reflow-aggregate-bitwidth-threshold=4096 -mllvm -reflow-assume-no-address-wrap=true -mllvm -hls -mllvm -disable-inlined-alloca-merging=true -mllvm -default-clock-period=10 -x ir D:/University/Junior/HLS/VGG_Accelerator/hls/vgg_accelerator/solution1/.autopilot/db/a.g.ld.5.gdce.bc -o D:/University/Junior/HLS/VGG_Accelerator/hls/vgg_accelerator/solution1/.autopilot/db/a.g.lto.bc {-hls-platform-db-name=C:/Xilinx/Vitis_HLS/2022.2/common/technology\xilinx/common/platform.db} -hls-platform-name=zynquplus_slow -device-resource-info=BRAM_288.000000_DSP_1248.000000_FF_234240.000000_LUT_117120.000000_SLICE_14640.000000_URAM_64.000000 -device-name-info=xczu5eg-sfvc784-1-e > D:/University/Junior/HLS/VGG_Accelerator/hls/vgg_accelerator/solution1/.autopilot/db/a.g.ld.0.bc.clang.out.log 2> D:/University/Junior/HLS/VGG_Accelerator/hls/vgg_accelerator/solution1/.autopilot/db/a.g.ld.0.bc.clang.err.log 
Command       ap_eval done; 9.741 sec.
INFO: [HLS 214-131] Inlining function 'hls::axis<ap_uint<32>, 0ul, 0ul, 0ul>::get_user_ptr()' into 'hls::stream<hls::axis<ap_uint<32>, 0ul, 0ul, 0ul>, 0>::read()' (C:/Xilinx/Vitis_HLS/2022.2/common/technology/autopilot\ap_axi_sdata.h:247:50)
INFO: [HLS 214-131] Inlining function 'hls::axis<ap_uint<32>, 0ul, 0ul, 0ul>::get_dest_ptr()' into 'hls::stream<hls::axis<ap_uint<32>, 0ul, 0ul, 0ul>, 0>::read()' (C:/Xilinx/Vitis_HLS/2022.2/common/technology/autopilot\ap_axi_sdata.h:250:25)
INFO: [HLS 214-131] Inlining function 'hls::axis<ap_uint<32>, 0ul, 0ul, 0ul>::get_id_ptr()' into 'hls::stream<hls::axis<ap_uint<32>, 0ul, 0ul, 0ul>, 0>::read()' (C:/Xilinx/Vitis_HLS/2022.2/common/technology/autopilot\ap_axi_sdata.h:249:67)
INFO: [HLS 214-131] Inlining function 'hls::axis<ap_uint<32>, 0ul, 0ul, 0ul>::get_user_ptr()' into 'hls::stream<hls::axis<ap_uint<32>, 0ul, 0ul, 0ul>, 0>::read()' (C:/Xilinx/Vitis_HLS/2022.2/common/technology/autopilot\ap_axi_sdata.h:249:36)
INFO: [HLS 214-131] Inlining function 'hls::axis<ap_uint<32>, 0ul, 0ul, 0ul>::get_dest_ptr()' into 'hls::stream<hls::axis<ap_uint<32>, 0ul, 0ul, 0ul>, 0>::read()' (C:/Xilinx/Vitis_HLS/2022.2/common/technology/autopilot\ap_axi_sdata.h:248:39)
INFO: [HLS 214-131] Inlining function 'hls::axis<ap_uint<32>, 0ul, 0ul, 0ul>::get_id_ptr()' into 'hls::stream<hls::axis<ap_uint<32>, 0ul, 0ul, 0ul>, 0>::read()' (C:/Xilinx/Vitis_HLS/2022.2/common/technology/autopilot\ap_axi_sdata.h:248:23)
INFO: [HLS 214-131] Inlining function 'ssdm_int<32, true>::ssdm_int(int)' into 'ap_int_base<32, true>::ap_int_base(int)' (C:/Xilinx/Vitis_HLS/2022.2/common/technology/autopilot\ap_int_base.h:214:67)
INFO: [HLS 214-131] Inlining function '_ZN8ssdm_intILi33ELb1EEC2EDq33_i' into 'ap_int_base<33, true>::ap_int_base<32, false>(ap_int_base<32, false> const&)' (C:/Xilinx/Vitis_HLS/2022.2/common/technology/autopilot\ap_int_base.h:185:106)
INFO: [HLS 214-131] Inlining function '_ZN8ssdm_intILi33ELb1EEC2EDq33_i' into 'ap_int_base<33, true>::ap_int_base<32, true>(ap_int_base<32, true> const&)' (C:/Xilinx/Vitis_HLS/2022.2/common/technology/autopilot\ap_int_base.h:185:106)
INFO: [HLS 214-131] Inlining function '_ZN8ssdm_intILi33ELb1EEC2EDq33_i' into 'ap_int_base<33, true>::ap_int_base(int)' (C:/Xilinx/Vitis_HLS/2022.2/common/technology/autopilot\ap_int_base.h:214:67)
INFO: [HLS 214-131] Inlining function 'ap_int_base<33, true>::ap_int_base<32, false>(ap_int_base<32, false> const&)' into 'ap_int_base<32, false>::RType<32, true>::logic operator&<32, false, 32, true>(ap_int_base<32, false> const&, ap_int_base<32, true> const&)' (C:/Xilinx/Vitis_HLS/2022.2/common/technology/autopilot\ap_int_base.h:1497:341)
INFO: [HLS 214-131] Inlining function 'ap_int_base<33, true>::ap_int_base(int)' into 'ap_int_base<32, false>::RType<32, true>::logic operator&<32, false, 32, true>(ap_int_base<32, false> const&, ap_int_base<32, true> const&)' (C:/Xilinx/Vitis_HLS/2022.2/common/technology/autopilot\ap_int_base.h:1497:520)
INFO: [HLS 214-131] Inlining function 'ap_int_base<33, true>::ap_int_base<32, true>(ap_int_base<32, true> const&)' into 'ap_int_base<32, false>::RType<32, true>::logic operator&<32, false, 32, true>(ap_int_base<32, false> const&, ap_int_base<32, true> const&)' (C:/Xilinx/Vitis_HLS/2022.2/common/technology/autopilot\ap_int_base.h:1497:430)
INFO: [HLS 214-131] Inlining function 'ap_int_base<32, true>::ap_int_base(int)' into 'ap_int_base<32, false>::RType<($_0)32, true>::logic operator&<32, false>(ap_int_base<32, false> const&, int)' (C:/Xilinx/Vitis_HLS/2022.2/common/technology/autopilot\ap_int_base.h:1633:3098)
INFO: [HLS 214-131] Inlining function 'ap_int_base<32, false>::RType<32, true>::logic operator&<32, false, 32, true>(ap_int_base<32, false> const&, ap_int_base<32, true> const&)' into 'ap_int_base<32, false>::RType<($_0)32, true>::logic operator&<32, false>(ap_int_base<32, false> const&, int)' (C:/Xilinx/Vitis_HLS/2022.2/common/technology/autopilot\ap_int_base.h:1633:3096)
INFO: [HLS 214-131] Inlining function 'af_range_ref<8, 4, true, (ap_q_mode)0, (ap_o_mode)0, 0>::af_range_ref(ap_fixed_base<8, 4, true, (ap_q_mode)0, (ap_o_mode)0, 0>*, int, int)' into 'ap_fixed_base<8, 4, true, (ap_q_mode)0, (ap_o_mode)0, 0>::range(int, int)' (C:/Xilinx/Vitis_HLS/2022.2/common/technology/autopilot\ap_fixed_base.h:1746:12)
INFO: [HLS 214-131] Inlining function 'ssdm_int<8, false>::ssdm_int(unsigned char)' into 'ap_int_base<8, false>::ap_int_base(int)' (C:/Xilinx/Vitis_HLS/2022.2/common/technology/autopilot\ap_int_base.h:214:67)
INFO: [HLS 214-131] Inlining function 'ap_int_base<8, false>::ap_int_base(int)' into 'af_range_ref<8, 4, true, (ap_q_mode)0, (ap_o_mode)0, 0>::operator=(int)' (C:/Xilinx/Vitis_HLS/2022.2/common/technology/autopilot\ap_fixed_ref.h:272:108)
INFO: [HLS 214-131] Inlining function 'hls::stream<hls::axis<ap_uint<32>, 0ul, 0ul, 0ul>, 0>::read()' into 'input_adapter(hls::stream<hls::axis<ap_uint<32>, 0ul, 0ul, 0ul>, 0>&, hls::stream<ap_fixed<8, 4, (ap_q_mode)0, (ap_o_mode)0, 0>, 0>&)' (vgg_accelerator.cpp:169:25)
INFO: [HLS 214-131] Inlining function 'af_range_ref<8, 4, true, (ap_q_mode)0, (ap_o_mode)0, 0>::operator=(int)' into 'input_adapter(hls::stream<hls::axis<ap_uint<32>, 0ul, 0ul, 0ul>, 0>&, hls::stream<ap_fixed<8, 4, (ap_q_mode)0, (ap_o_mode)0, 0>, 0>&)' (vgg_accelerator.cpp:173:25)
INFO: [HLS 214-131] Inlining function 'ap_fixed_base<8, 4, true, (ap_q_mode)0, (ap_o_mode)0, 0>::range(int, int)' into 'input_adapter(hls::stream<hls::axis<ap_uint<32>, 0ul, 0ul, 0ul>, 0>&, hls::stream<ap_fixed<8, 4, (ap_q_mode)0, (ap_o_mode)0, 0>, 0>&)' (vgg_accelerator.cpp:173:13)
INFO: [HLS 214-131] Inlining function 'ap_int_base<33, true>::operator long long() const' into 'input_adapter(hls::stream<hls::axis<ap_uint<32>, 0ul, 0ul, 0ul>, 0>&, hls::stream<ap_fixed<8, 4, (ap_q_mode)0, (ap_o_mode)0, 0>, 0>&)' (vgg_accelerator.cpp:170:29)
INFO: [HLS 214-131] Inlining function 'ap_int_base<32, false>::RType<($_0)32, true>::logic operator&<32, false>(ap_int_base<32, false> const&, int)' into 'input_adapter(hls::stream<hls::axis<ap_uint<32>, 0ul, 0ul, 0ul>, 0>&, hls::stream<ap_fixed<8, 4, (ap_q_mode)0, (ap_o_mode)0, 0>, 0>&)' (vgg_accelerator.cpp:170:41)
INFO: [HLS 214-131] Inlining function 'ssdm_int<32, false>::ssdm_int(unsigned int)' into 'ap_int_base<32, false>::ap_int_base(int)' (C:/Xilinx/Vitis_HLS/2022.2/common/technology/autopilot\ap_int_base.h:214:67)
INFO: [HLS 214-131] Inlining function 'ap_int_base<32, false>::ap_int_base(int)' into 'ap_int_base<32, false>::RType<32, false>::arg1 operator>><32, false>(ap_int_base<32, false> const&, int)' (C:/Xilinx/Vitis_HLS/2022.2/common/technology/autopilot\ap_int_base.h:1669:558)
INFO: [HLS 214-131] Inlining function 'ap_fixed_base<32, 32, true, (ap_q_mode)5, (ap_o_mode)3, 0>::operator!() const' into 'ap_fixed_base<8, 4, true, (ap_q_mode)0, (ap_o_mode)0, 0>& ap_fixed_base<8, 4, true, (ap_q_mode)0, (ap_o_mode)0, 0>::operator=<32, 32, true, (ap_q_mode)5, (ap_o_mode)3, 0>(ap_fixed_base<32, 32, true, (ap_q_mode)5, (ap_o_mode)3, 0> const&)' (C:/Xilinx/Vitis_HLS/2022.2/common/technology/autopilot\ap_fixed_base.h:808:9)
INFO: [HLS 214-131] Inlining function 'ap_fixed_base<8, 4, true, (ap_q_mode)0, (ap_o_mode)0, 0>::overflow_adjust(bool, bool, bool, bool)' into 'ap_fixed_base<8, 4, true, (ap_q_mode)0, (ap_o_mode)0, 0>& ap_fixed_base<8, 4, true, (ap_q_mode)0, (ap_o_mode)0, 0>::operator=<32, 32, true, (ap_q_mode)5, (ap_o_mode)3, 0>(ap_fixed_base<32, 32, true, (ap_q_mode)5, (ap_o_mode)3, 0> const&)' (C:/Xilinx/Vitis_HLS/2022.2/common/technology/autopilot\ap_fixed_base.h:903:7)
INFO: [HLS 214-131] Inlining function 'bool ap_int_base<32, false>::operator==<32, false>(ap_int_base<32, false> const&) const' into 'ap_fixed_base<8, 4, true, (ap_q_mode)0, (ap_o_mode)0, 0>& ap_fixed_base<8, 4, true, (ap_q_mode)0, (ap_o_mode)0, 0>::operator=<32, 32, true, (ap_q_mode)5, (ap_o_mode)3, 0>(ap_fixed_base<32, 32, true, (ap_q_mode)5, (ap_o_mode)3, 0> const&)' (C:/Xilinx/Vitis_HLS/2022.2/common/technology/autopilot\ap_fixed_base.h:877:36)
INFO: [HLS 214-131] Inlining function 'ap_int_base<32, false>::RType<32, false>::arg1 operator>><32, false>(ap_int_base<32, false> const&, int)' into 'ap_fixed_base<8, 4, true, (ap_q_mode)0, (ap_o_mode)0, 0>& ap_fixed_base<8, 4, true, (ap_q_mode)0, (ap_o_mode)0, 0>::operator=<32, 32, true, (ap_q_mode)5, (ap_o_mode)3, 0>(ap_fixed_base<32, 32, true, (ap_q_mode)5, (ap_o_mode)3, 0> const&)' (C:/Xilinx/Vitis_HLS/2022.2/common/technology/autopilot\ap_fixed_base.h:877:49)
INFO: [HLS 214-131] Inlining function 'ap_int_base<32, false>::ap_int_base(int)' into 'ap_fixed_base<8, 4, true, (ap_q_mode)0, (ap_o_mode)0, 0>& ap_fixed_base<8, 4, true, (ap_q_mode)0, (ap_o_mode)0, 0>::operator=<32, 32, true, (ap_q_mode)5, (ap_o_mode)3, 0>(ap_fixed_base<32, 32, true, (ap_q_mode)5, (ap_o_mode)3, 0> const&)' (C:/Xilinx/Vitis_HLS/2022.2/common/technology/autopilot\ap_fixed_base.h:875:38)
INFO: [HLS 214-131] Inlining function 'bool ap_int_base<32, false>::operator==<32, false>(ap_int_base<32, false> const&) const' into 'ap_fixed_base<8, 4, true, (ap_q_mode)0, (ap_o_mode)0, 0>& ap_fixed_base<8, 4, true, (ap_q_mode)0, (ap_o_mode)0, 0>::operator=<32, 32, true, (ap_q_mode)5, (ap_o_mode)3, 0>(ap_fixed_base<32, 32, true, (ap_q_mode)5, (ap_o_mode)3, 0> const&)' (C:/Xilinx/Vitis_HLS/2022.2/common/technology/autopilot\ap_fixed_base.h:869:36)
INFO: [HLS 214-131] Inlining function 'ap_int_base<32, false>::RType<32, false>::arg1 operator>><32, false>(ap_int_base<32, false> const&, int)' into 'ap_fixed_base<8, 4, true, (ap_q_mode)0, (ap_o_mode)0, 0>& ap_fixed_base<8, 4, true, (ap_q_mode)0, (ap_o_mode)0, 0>::operator=<32, 32, true, (ap_q_mode)5, (ap_o_mode)3, 0>(ap_fixed_base<32, 32, true, (ap_q_mode)5, (ap_o_mode)3, 0> const&)' (C:/Xilinx/Vitis_HLS/2022.2/common/technology/autopilot\ap_fixed_base.h:869:49)
INFO: [HLS 214-131] Inlining function 'ap_int_base<32, false>::ap_int_base(int)' into 'ap_fixed_base<8, 4, true, (ap_q_mode)0, (ap_o_mode)0, 0>& ap_fixed_base<8, 4, true, (ap_q_mode)0, (ap_o_mode)0, 0>::operator=<32, 32, true, (ap_q_mode)5, (ap_o_mode)3, 0>(ap_fixed_base<32, 32, true, (ap_q_mode)5, (ap_o_mode)3, 0> const&)' (C:/Xilinx/Vitis_HLS/2022.2/common/technology/autopilot\ap_fixed_base.h:867:38)
INFO: [HLS 214-131] Inlining function 'ap_int_base<32, false>::ap_int_base(int)' into 'ap_fixed_base<8, 4, true, (ap_q_mode)0, (ap_o_mode)0, 0>& ap_fixed_base<8, 4, true, (ap_q_mode)0, (ap_o_mode)0, 0>::operator=<32, 32, true, (ap_q_mode)5, (ap_o_mode)3, 0>(ap_fixed_base<32, 32, true, (ap_q_mode)5, (ap_o_mode)3, 0> const&)' (C:/Xilinx/Vitis_HLS/2022.2/common/technology/autopilot\ap_fixed_base.h:864:36)
INFO: [HLS 214-131] Inlining function 'ap_fixed_base<8, 4, true, (ap_q_mode)0, (ap_o_mode)0, 0>& ap_fixed_base<8, 4, true, (ap_q_mode)0, (ap_o_mode)0, 0>::operator=<32, 32, true, (ap_q_mode)5, (ap_o_mode)3, 0>(ap_fixed_base<32, 32, true, (ap_q_mode)5, (ap_o_mode)3, 0> const&)' into 'ap_fixed_base<8, 4, true, (ap_q_mode)0, (ap_o_mode)0, 0>::ap_fixed_base(int)' (C:/Xilinx/Vitis_HLS/2022.2/common/technology/autopilot\ap_fixed_base.h:530:146)
INFO: [HLS 214-131] Inlining function 'ap_fixed_base<8, 4, true, (ap_q_mode)0, (ap_o_mode)0, 0>::ap_fixed_base(int)' into 'ap_fixed<8, 4, (ap_q_mode)0, (ap_o_mode)0, 0>::ap_fixed(int)'
INFO: [HLS 214-131] Inlining function 'ssdm_int<8, false>::ssdm_int(unsigned char)' into 'ap_int_base<8, false>::ap_int_base(signed char)' (C:/Xilinx/Vitis_HLS/2022.2/common/technology/autopilot\ap_int_base.h:210:75)
INFO: [HLS 214-131] Inlining function 'ap_int_base<8, false>::ap_int_base(signed char)' into 'af_range_ref<8, 4, true, (ap_q_mode)0, (ap_o_mode)0, 0>::operator=(signed char)' (C:/Xilinx/Vitis_HLS/2022.2/common/technology/autopilot\ap_fixed_ref.h:268:116)
INFO: [HLS 214-131] Inlining function 'ap_fixed_base<8, 4, true, (ap_q_mode)0, (ap_o_mode)0, 0>::range(int, int)' into 'raw_to_fixed(signed char)' (vgg_accelerator.cpp:7:9)
INFO: [HLS 214-131] Inlining function 'af_range_ref<8, 4, true, (ap_q_mode)0, (ap_o_mode)0, 0>::operator=(signed char)' into 'raw_to_fixed(signed char)' (vgg_accelerator.cpp:7:21)
INFO: [HLS 214-131] Inlining function 'ap_fixed_base<8, 4, true, (ap_q_mode)0, (ap_o_mode)0, 0>::operator!() const' into 'ap_fixed_base<32, 16, true, (ap_q_mode)0, (ap_o_mode)0, 0>& ap_fixed_base<32, 16, true, (ap_q_mode)0, (ap_o_mode)0, 0>::operator=<8, 4, true, (ap_q_mode)0, (ap_o_mode)0, 0>(ap_fixed_base<8, 4, true, (ap_q_mode)0, (ap_o_mode)0, 0> const&)' (C:/Xilinx/Vitis_HLS/2022.2/common/technology/autopilot\ap_fixed_base.h:808:9)
INFO: [HLS 214-131] Inlining function 'ssdm_int<32, true>::ssdm_int(int)' into 'ap_fixed_base<32, 16, true, (ap_q_mode)0, (ap_o_mode)0, 0>::ap_fixed_base<8, 4, true, (ap_q_mode)0, (ap_o_mode)0, 0>(ap_fixed_base<8, 4, true, (ap_q_mode)0, (ap_o_mode)0, 0> const&)' (C:/Xilinx/Vitis_HLS/2022.2/common/technology/autopilot\ap_fixed_base.h:401:80)
INFO: [HLS 214-131] Inlining function 'ap_fixed_base<32, 16, true, (ap_q_mode)0, (ap_o_mode)0, 0>& ap_fixed_base<32, 16, true, (ap_q_mode)0, (ap_o_mode)0, 0>::operator=<8, 4, true, (ap_q_mode)0, (ap_o_mode)0, 0>(ap_fixed_base<8, 4, true, (ap_q_mode)0, (ap_o_mode)0, 0> const&)' into 'ap_fixed_base<32, 16, true, (ap_q_mode)0, (ap_o_mode)0, 0>::ap_fixed_base<8, 4, true, (ap_q_mode)0, (ap_o_mode)0, 0>(ap_fixed_base<8, 4, true, (ap_q_mode)0, (ap_o_mode)0, 0> const&)' (C:/Xilinx/Vitis_HLS/2022.2/common/technology/autopilot\ap_fixed_base.h:403:5)
INFO: [HLS 214-131] Inlining function 'ap_fixed_base<32, 16, true, (ap_q_mode)0, (ap_o_mode)0, 0>::ap_fixed_base<8, 4, true, (ap_q_mode)0, (ap_o_mode)0, 0>(ap_fixed_base<8, 4, true, (ap_q_mode)0, (ap_o_mode)0, 0> const&)' into 'ap_fixed<32, 16, (ap_q_mode)0, (ap_o_mode)0, 0>::ap_fixed<8, 4, true, (ap_q_mode)0, (ap_o_mode)0, 0>(ap_fixed_base<8, 4, true, (ap_q_mode)0, (ap_o_mode)0, 0> const&)'
INFO: [HLS 214-131] Inlining function 'ap_fixed_base<32, 32, true, (ap_q_mode)5, (ap_o_mode)3, 0>::operator!() const' into 'ap_fixed_base<16, 8, true, (ap_q_mode)5, (ap_o_mode)3, 0>& ap_fixed_base<16, 8, true, (ap_q_mode)5, (ap_o_mode)3, 0>::operator=<32, 32, true, (ap_q_mode)5, (ap_o_mode)3, 0>(ap_fixed_base<32, 32, true, (ap_q_mode)5, (ap_o_mode)3, 0> const&)' (C:/Xilinx/Vitis_HLS/2022.2/common/technology/autopilot\ap_fixed_base.h:808:9)
INFO: [HLS 214-131] Inlining function 'ap_fixed_base<16, 8, true, (ap_q_mode)5, (ap_o_mode)3, 0>& ap_fixed_base<16, 8, true, (ap_q_mode)5, (ap_o_mode)3, 0>::operator=<32, 32, true, (ap_q_mode)5, (ap_o_mode)3, 0>(ap_fixed_base<32, 32, true, (ap_q_mode)5, (ap_o_mode)3, 0> const&)' into 'ap_fixed_base<16, 8, true, (ap_q_mode)5, (ap_o_mode)3, 0>::ap_fixed_base(int)' (C:/Xilinx/Vitis_HLS/2022.2/common/technology/autopilot\ap_fixed_base.h:530:146)
INFO: [HLS 214-131] Inlining function 'ap_fixed_base<16, 8, true, (ap_q_mode)5, (ap_o_mode)3, 0>::ap_fixed_base(int)' into 'ap_fixed_base<8, 4, true, (ap_q_mode)0, (ap_o_mode)0, 0>::RType<8, 4, true>::mult ap_fixed_base<8, 4, true, (ap_q_mode)0, (ap_o_mode)0, 0>::operator*<8, 4, true, (ap_q_mode)0, (ap_o_mode)0, 0>(ap_fixed_base<8, 4, true, (ap_q_mode)0, (ap_o_mode)0, 0> const&) const' (C:/Xilinx/Vitis_HLS/2022.2/common/technology/autopilot\ap_fixed_base.h:1270:55)
INFO: [HLS 214-131] Inlining function 'ap_fixed_base<16, 8, true, (ap_q_mode)5, (ap_o_mode)3, 0>::ap_fixed_base(int)' into 'ap_fixed_base<8, 4, true, (ap_q_mode)0, (ap_o_mode)0, 0>::RType<8, 4, true>::mult ap_fixed_base<8, 4, true, (ap_q_mode)0, (ap_o_mode)0, 0>::operator*<8, 4, true, (ap_q_mode)0, (ap_o_mode)0, 0>(ap_fixed_base<8, 4, true, (ap_q_mode)0, (ap_o_mode)0, 0> const&) const' (C:/Xilinx/Vitis_HLS/2022.2/common/technology/autopilot\ap_fixed_base.h:1270:61)
INFO: [HLS 214-131] Inlining function 'ap_fixed_base<32, 32, true, (ap_q_mode)5, (ap_o_mode)3, 0>::operator!() const' into 'ap_fixed_base<33, 17, true, (ap_q_mode)5, (ap_o_mode)3, 0>& ap_fixed_base<33, 17, true, (ap_q_mode)5, (ap_o_mode)3, 0>::operator=<32, 32, true, (ap_q_mode)5, (ap_o_mode)3, 0>(ap_fixed_base<32, 32, true, (ap_q_mode)5, (ap_o_mode)3, 0> const&)' (C:/Xilinx/Vitis_HLS/2022.2/common/technology/autopilot\ap_fixed_base.h:808:9)
INFO: [HLS 214-131] Inlining function 'ap_fixed_base<33, 17, true, (ap_q_mode)5, (ap_o_mode)3, 0>& ap_fixed_base<33, 17, true, (ap_q_mode)5, (ap_o_mode)3, 0>::operator=<32, 32, true, (ap_q_mode)5, (ap_o_mode)3, 0>(ap_fixed_base<32, 32, true, (ap_q_mode)5, (ap_o_mode)3, 0> const&)' into 'ap_fixed_base<33, 17, true, (ap_q_mode)5, (ap_o_mode)3, 0>::ap_fixed_base(int)' (C:/Xilinx/Vitis_HLS/2022.2/common/technology/autopilot\ap_fixed_base.h:530:146)
INFO: [HLS 214-131] Inlining function 'ap_fixed_base<32, 16, true, (ap_q_mode)0, (ap_o_mode)0, 0>::operator!() const' into 'ap_fixed_base<33, 17, true, (ap_q_mode)5, (ap_o_mode)3, 0>& ap_fixed_base<33, 17, true, (ap_q_mode)5, (ap_o_mode)3, 0>::operator=<32, 16, true, (ap_q_mode)0, (ap_o_mode)0, 0>(ap_fixed_base<32, 16, true, (ap_q_mode)0, (ap_o_mode)0, 0> const&)' (C:/Xilinx/Vitis_HLS/2022.2/common/technology/autopilot\ap_fixed_base.h:808:9)
INFO: [HLS 214-131] Inlining function '_ZN8ssdm_intILi33ELb1EEC2EDq33_i' into 'ap_fixed_base<33, 17, true, (ap_q_mode)5, (ap_o_mode)3, 0>::ap_fixed_base<32, 16, true, (ap_q_mode)0, (ap_o_mode)0, 0>(ap_fixed_base<32, 16, true, (ap_q_mode)0, (ap_o_mode)0, 0> const&)' (C:/Xilinx/Vitis_HLS/2022.2/common/technology/autopilot\ap_fixed_base.h:401:80)
INFO: [HLS 214-131] Inlining function 'ap_fixed_base<33, 17, true, (ap_q_mode)5, (ap_o_mode)3, 0>& ap_fixed_base<33, 17, true, (ap_q_mode)5, (ap_o_mode)3, 0>::operator=<32, 16, true, (ap_q_mode)0, (ap_o_mode)0, 0>(ap_fixed_base<32, 16, true, (ap_q_mode)0, (ap_o_mode)0, 0> const&)' into 'ap_fixed_base<33, 17, true, (ap_q_mode)5, (ap_o_mode)3, 0>::ap_fixed_base<32, 16, true, (ap_q_mode)0, (ap_o_mode)0, 0>(ap_fixed_base<32, 16, true, (ap_q_mode)0, (ap_o_mode)0, 0> const&)' (C:/Xilinx/Vitis_HLS/2022.2/common/technology/autopilot\ap_fixed_base.h:403:5)
INFO: [HLS 214-131] Inlining function 'ap_fixed_base<16, 8, true, (ap_q_mode)5, (ap_o_mode)3, 0>::operator!() const' into 'ap_fixed_base<33, 17, true, (ap_q_mode)5, (ap_o_mode)3, 0>& ap_fixed_base<33, 17, true, (ap_q_mode)5, (ap_o_mode)3, 0>::operator=<16, 8, true, (ap_q_mode)5, (ap_o_mode)3, 0>(ap_fixed_base<16, 8, true, (ap_q_mode)5, (ap_o_mode)3, 0> const&)' (C:/Xilinx/Vitis_HLS/2022.2/common/technology/autopilot\ap_fixed_base.h:808:9)
INFO: [HLS 214-131] Inlining function '_ZN8ssdm_intILi33ELb1EEC2EDq33_i' into 'ap_fixed_base<33, 17, true, (ap_q_mode)5, (ap_o_mode)3, 0>::ap_fixed_base<16, 8, true, (ap_q_mode)5, (ap_o_mode)3, 0>(ap_fixed_base<16, 8, true, (ap_q_mode)5, (ap_o_mode)3, 0> const&)' (C:/Xilinx/Vitis_HLS/2022.2/common/technology/autopilot\ap_fixed_base.h:401:80)
INFO: [HLS 214-131] Inlining function 'ap_fixed_base<33, 17, true, (ap_q_mode)5, (ap_o_mode)3, 0>& ap_fixed_base<33, 17, true, (ap_q_mode)5, (ap_o_mode)3, 0>::operator=<16, 8, true, (ap_q_mode)5, (ap_o_mode)3, 0>(ap_fixed_base<16, 8, true, (ap_q_mode)5, (ap_o_mode)3, 0> const&)' into 'ap_fixed_base<33, 17, true, (ap_q_mode)5, (ap_o_mode)3, 0>::ap_fixed_base<16, 8, true, (ap_q_mode)5, (ap_o_mode)3, 0>(ap_fixed_base<16, 8, true, (ap_q_mode)5, (ap_o_mode)3, 0> const&)' (C:/Xilinx/Vitis_HLS/2022.2/common/technology/autopilot\ap_fixed_base.h:403:5)
INFO: [HLS 214-131] Inlining function 'ap_fixed_base<33, 17, true, (ap_q_mode)5, (ap_o_mode)3, 0>::ap_fixed_base(int)' into 'ap_fixed_base<32, 16, true, (ap_q_mode)0, (ap_o_mode)0, 0>::RType<16, 8, true>::plus ap_fixed_base<32, 16, true, (ap_q_mode)0, (ap_o_mode)0, 0>::operator+<16, 8, true, (ap_q_mode)5, (ap_o_mode)3, 0>(ap_fixed_base<16, 8, true, (ap_q_mode)5, (ap_o_mode)3, 0> const&) const' (C:/Xilinx/Vitis_HLS/2022.2/common/technology/autopilot\ap_fixed_base.h:1347:325)
INFO: [HLS 214-131] Inlining function 'ap_fixed_base<33, 17, true, (ap_q_mode)5, (ap_o_mode)3, 0>::ap_fixed_base<16, 8, true, (ap_q_mode)5, (ap_o_mode)3, 0>(ap_fixed_base<16, 8, true, (ap_q_mode)5, (ap_o_mode)3, 0> const&)' into 'ap_fixed_base<32, 16, true, (ap_q_mode)0, (ap_o_mode)0, 0>::RType<16, 8, true>::plus ap_fixed_base<32, 16, true, (ap_q_mode)0, (ap_o_mode)0, 0>::operator+<16, 8, true, (ap_q_mode)5, (ap_o_mode)3, 0>(ap_fixed_base<16, 8, true, (ap_q_mode)5, (ap_o_mode)3, 0> const&) const' (C:/Xilinx/Vitis_HLS/2022.2/common/technology/autopilot\ap_fixed_base.h:1347:345)
INFO: [HLS 214-131] Inlining function 'ap_fixed_base<33, 17, true, (ap_q_mode)5, (ap_o_mode)3, 0>::ap_fixed_base<32, 16, true, (ap_q_mode)0, (ap_o_mode)0, 0>(ap_fixed_base<32, 16, true, (ap_q_mode)0, (ap_o_mode)0, 0> const&)' into 'ap_fixed_base<32, 16, true, (ap_q_mode)0, (ap_o_mode)0, 0>::RType<16, 8, true>::plus ap_fixed_base<32, 16, true, (ap_q_mode)0, (ap_o_mode)0, 0>::operator+<16, 8, true, (ap_q_mode)5, (ap_o_mode)3, 0>(ap_fixed_base<16, 8, true, (ap_q_mode)5, (ap_o_mode)3, 0> const&) const' (C:/Xilinx/Vitis_HLS/2022.2/common/technology/autopilot\ap_fixed_base.h:1347:333)
INFO: [HLS 214-131] Inlining function '_ZN8ssdm_intILi33ELb0EEC2EDq33_j' into 'ap_int_base<33, false>::ap_int_base(int)' (C:/Xilinx/Vitis_HLS/2022.2/common/technology/autopilot\ap_int_base.h:214:67)
INFO: [HLS 214-131] Inlining function 'ap_fixed_base<33, 17, true, (ap_q_mode)5, (ap_o_mode)3, 0>::operator!() const' into 'ap_fixed_base<32, 16, true, (ap_q_mode)0, (ap_o_mode)0, 0>& ap_fixed_base<32, 16, true, (ap_q_mode)0, (ap_o_mode)0, 0>::operator=<33, 17, true, (ap_q_mode)5, (ap_o_mode)3, 0>(ap_fixed_base<33, 17, true, (ap_q_mode)5, (ap_o_mode)3, 0> const&)' (C:/Xilinx/Vitis_HLS/2022.2/common/technology/autopilot\ap_fixed_base.h:808:9)
INFO: [HLS 214-131] Inlining function 'ap_fixed_base<32, 16, true, (ap_q_mode)0, (ap_o_mode)0, 0>::overflow_adjust(bool, bool, bool, bool)' into 'ap_fixed_base<32, 16, true, (ap_q_mode)0, (ap_o_mode)0, 0>& ap_fixed_base<32, 16, true, (ap_q_mode)0, (ap_o_mode)0, 0>::operator=<33, 17, true, (ap_q_mode)5, (ap_o_mode)3, 0>(ap_fixed_base<33, 17, true, (ap_q_mode)5, (ap_o_mode)3, 0> const&)' (C:/Xilinx/Vitis_HLS/2022.2/common/technology/autopilot\ap_fixed_base.h:903:7)
INFO: [HLS 214-131] Inlining function 'ap_int_base<33, false>::ap_int_base(int)' into 'ap_fixed_base<32, 16, true, (ap_q_mode)0, (ap_o_mode)0, 0>& ap_fixed_base<32, 16, true, (ap_q_mode)0, (ap_o_mode)0, 0>::operator=<33, 17, true, (ap_q_mode)5, (ap_o_mode)3, 0>(ap_fixed_base<33, 17, true, (ap_q_mode)5, (ap_o_mode)3, 0> const&)' (C:/Xilinx/Vitis_HLS/2022.2/common/technology/autopilot\ap_fixed_base.h:864:36)
INFO: [HLS 214-131] Inlining function 'ap_fixed_base<32, 16, true, (ap_q_mode)0, (ap_o_mode)0, 0>::RType<16, 8, true>::plus ap_fixed_base<32, 16, true, (ap_q_mode)0, (ap_o_mode)0, 0>::operator+<16, 8, true, (ap_q_mode)5, (ap_o_mode)3, 0>(ap_fixed_base<16, 8, true, (ap_q_mode)5, (ap_o_mode)3, 0> const&) const' into 'ap_fixed_base<32, 16, true, (ap_q_mode)0, (ap_o_mode)0, 0>& ap_fixed_base<32, 16, true, (ap_q_mode)0, (ap_o_mode)0, 0>::operator+=<16, 8, true, (ap_q_mode)5, (ap_o_mode)3, 0>(ap_fixed_base<16, 8, true, (ap_q_mode)5, (ap_o_mode)3, 0> const&)' (C:/Xilinx/Vitis_HLS/2022.2/common/technology/autopilot\ap_fixed_base.h:1367:248)
INFO: [HLS 214-131] Inlining function 'ap_fixed_base<32, 16, true, (ap_q_mode)0, (ap_o_mode)0, 0>& ap_fixed_base<32, 16, true, (ap_q_mode)0, (ap_o_mode)0, 0>::operator=<33, 17, true, (ap_q_mode)5, (ap_o_mode)3, 0>(ap_fixed_base<33, 17, true, (ap_q_mode)5, (ap_o_mode)3, 0> const&)' into 'ap_fixed_base<32, 16, true, (ap_q_mode)0, (ap_o_mode)0, 0>& ap_fixed_base<32, 16, true, (ap_q_mode)0, (ap_o_mode)0, 0>::operator+=<16, 8, true, (ap_q_mode)5, (ap_o_mode)3, 0>(ap_fixed_base<16, 8, true, (ap_q_mode)5, (ap_o_mode)3, 0> const&)' (C:/Xilinx/Vitis_HLS/2022.2/common/technology/autopilot\ap_fixed_base.h:1367:246)
INFO: [HLS 214-131] Inlining function 'ap_fixed_base<32, 32, true, (ap_q_mode)5, (ap_o_mode)3, 0>::operator!() const' into 'ap_fixed_base<48, 32, true, (ap_q_mode)5, (ap_o_mode)3, 0>& ap_fixed_base<48, 32, true, (ap_q_mode)5, (ap_o_mode)3, 0>::operator=<32, 32, true, (ap_q_mode)5, (ap_o_mode)3, 0>(ap_fixed_base<32, 32, true, (ap_q_mode)5, (ap_o_mode)3, 0> const&)' (C:/Xilinx/Vitis_HLS/2022.2/common/technology/autopilot\ap_fixed_base.h:808:9)
INFO: [HLS 214-131] Inlining function '_ZN8ssdm_intILi48ELb1EEC2EDq48_i' into 'ap_fixed_base<48, 32, true, (ap_q_mode)5, (ap_o_mode)3, 0>::ap_fixed_base<32, 32, true, (ap_q_mode)5, (ap_o_mode)3, 0>(ap_fixed_base<32, 32, true, (ap_q_mode)5, (ap_o_mode)3, 0> const&)' (C:/Xilinx/Vitis_HLS/2022.2/common/technology/autopilot\ap_fixed_base.h:401:80)
INFO: [HLS 214-131] Inlining function 'ap_fixed_base<48, 32, true, (ap_q_mode)5, (ap_o_mode)3, 0>& ap_fixed_base<48, 32, true, (ap_q_mode)5, (ap_o_mode)3, 0>::operator=<32, 32, true, (ap_q_mode)5, (ap_o_mode)3, 0>(ap_fixed_base<32, 32, true, (ap_q_mode)5, (ap_o_mode)3, 0> const&)' into 'ap_fixed_base<48, 32, true, (ap_q_mode)5, (ap_o_mode)3, 0>::ap_fixed_base<32, 32, true, (ap_q_mode)5, (ap_o_mode)3, 0>(ap_fixed_base<32, 32, true, (ap_q_mode)5, (ap_o_mode)3, 0> const&)' (C:/Xilinx/Vitis_HLS/2022.2/common/technology/autopilot\ap_fixed_base.h:403:5)
INFO: [HLS 214-131] Inlining function 'ap_fixed_base<48, 32, true, (ap_q_mode)5, (ap_o_mode)3, 0>::ap_fixed_base<32, 32, true, (ap_q_mode)5, (ap_o_mode)3, 0>(ap_fixed_base<32, 32, true, (ap_q_mode)5, (ap_o_mode)3, 0> const&)' into 'bool ap_fixed_base<32, 16, true, (ap_q_mode)0, (ap_o_mode)0, 0>::operator<<32, 32, true, (ap_q_mode)5, (ap_o_mode)3, 0>(ap_fixed_base<32, 32, true, (ap_q_mode)5, (ap_o_mode)3, 0> const&) const' (C:/Xilinx/Vitis_HLS/2022.2/common/technology/autopilot\ap_fixed_base.h:1650:367)
INFO: [HLS 214-131] Inlining function 'ap_fixed_base<32, 32, true, (ap_q_mode)5, (ap_o_mode)3, 0>::ap_fixed_base(int)' into 'bool operator<<32, 16, true, (ap_q_mode)0, (ap_o_mode)0, 0>(ap_fixed_base<32, 16, true, (ap_q_mode)0, (ap_o_mode)0, 0> const&, int)' (C:/Xilinx/Vitis_HLS/2022.2/common/technology/autopilot\ap_fixed_base.h:2376:10565)
INFO: [HLS 214-131] Inlining function 'bool ap_fixed_base<32, 16, true, (ap_q_mode)0, (ap_o_mode)0, 0>::operator<<32, 32, true, (ap_q_mode)5, (ap_o_mode)3, 0>(ap_fixed_base<32, 32, true, (ap_q_mode)5, (ap_o_mode)3, 0> const&) const' into 'bool operator<<32, 16, true, (ap_q_mode)0, (ap_o_mode)0, 0>(ap_fixed_base<32, 16, true, (ap_q_mode)0, (ap_o_mode)0, 0> const&, int)' (C:/Xilinx/Vitis_HLS/2022.2/common/technology/autopilot\ap_fixed_base.h:2376:10554)
INFO: [HLS 214-131] Inlining function 'ap_fixed_base<32, 32, true, (ap_q_mode)5, (ap_o_mode)3, 0>::operator!() const' into 'ap_fixed_base<32, 16, true, (ap_q_mode)0, (ap_o_mode)0, 0>& ap_fixed_base<32, 16, true, (ap_q_mode)0, (ap_o_mode)0, 0>::operator=<32, 32, true, (ap_q_mode)5, (ap_o_mode)3, 0>(ap_fixed_base<32, 32, true, (ap_q_mode)5, (ap_o_mode)3, 0> const&)' (C:/Xilinx/Vitis_HLS/2022.2/common/technology/autopilot\ap_fixed_base.h:808:9)
INFO: [HLS 214-131] Inlining function 'ap_fixed_base<32, 16, true, (ap_q_mode)0, (ap_o_mode)0, 0>::overflow_adjust(bool, bool, bool, bool)' into 'ap_fixed_base<32, 16, true, (ap_q_mode)0, (ap_o_mode)0, 0>& ap_fixed_base<32, 16, true, (ap_q_mode)0, (ap_o_mode)0, 0>::operator=<32, 32, true, (ap_q_mode)5, (ap_o_mode)3, 0>(ap_fixed_base<32, 32, true, (ap_q_mode)5, (ap_o_mode)3, 0> const&)' (C:/Xilinx/Vitis_HLS/2022.2/common/technology/autopilot\ap_fixed_base.h:903:7)
INFO: [HLS 214-131] Inlining function 'bool ap_int_base<32, false>::operator==<32, false>(ap_int_base<32, false> const&) const' into 'ap_fixed_base<32, 16, true, (ap_q_mode)0, (ap_o_mode)0, 0>& ap_fixed_base<32, 16, true, (ap_q_mode)0, (ap_o_mode)0, 0>::operator=<32, 32, true, (ap_q_mode)5, (ap_o_mode)3, 0>(ap_fixed_base<32, 32, true, (ap_q_mode)5, (ap_o_mode)3, 0> const&)' (C:/Xilinx/Vitis_HLS/2022.2/common/technology/autopilot\ap_fixed_base.h:877:36)
INFO: [HLS 214-131] Inlining function 'ap_int_base<32, false>::RType<32, false>::arg1 operator>><32, false>(ap_int_base<32, false> const&, int)' into 'ap_fixed_base<32, 16, true, (ap_q_mode)0, (ap_o_mode)0, 0>& ap_fixed_base<32, 16, true, (ap_q_mode)0, (ap_o_mode)0, 0>::operator=<32, 32, true, (ap_q_mode)5, (ap_o_mode)3, 0>(ap_fixed_base<32, 32, true, (ap_q_mode)5, (ap_o_mode)3, 0> const&)' (C:/Xilinx/Vitis_HLS/2022.2/common/technology/autopilot\ap_fixed_base.h:877:49)
INFO: [HLS 214-131] Inlining function 'ap_int_base<32, false>::ap_int_base(int)' into 'ap_fixed_base<32, 16, true, (ap_q_mode)0, (ap_o_mode)0, 0>& ap_fixed_base<32, 16, true, (ap_q_mode)0, (ap_o_mode)0, 0>::operator=<32, 32, true, (ap_q_mode)5, (ap_o_mode)3, 0>(ap_fixed_base<32, 32, true, (ap_q_mode)5, (ap_o_mode)3, 0> const&)' (C:/Xilinx/Vitis_HLS/2022.2/common/technology/autopilot\ap_fixed_base.h:875:38)
INFO: [HLS 214-131] Inlining function 'bool ap_int_base<32, false>::operator==<32, false>(ap_int_base<32, false> const&) const' into 'ap_fixed_base<32, 16, true, (ap_q_mode)0, (ap_o_mode)0, 0>& ap_fixed_base<32, 16, true, (ap_q_mode)0, (ap_o_mode)0, 0>::operator=<32, 32, true, (ap_q_mode)5, (ap_o_mode)3, 0>(ap_fixed_base<32, 32, true, (ap_q_mode)5, (ap_o_mode)3, 0> const&)' (C:/Xilinx/Vitis_HLS/2022.2/common/technology/autopilot\ap_fixed_base.h:869:36)
INFO: [HLS 214-131] Inlining function 'ap_int_base<32, false>::RType<32, false>::arg1 operator>><32, false>(ap_int_base<32, false> const&, int)' into 'ap_fixed_base<32, 16, true, (ap_q_mode)0, (ap_o_mode)0, 0>& ap_fixed_base<32, 16, true, (ap_q_mode)0, (ap_o_mode)0, 0>::operator=<32, 32, true, (ap_q_mode)5, (ap_o_mode)3, 0>(ap_fixed_base<32, 32, true, (ap_q_mode)5, (ap_o_mode)3, 0> const&)' (C:/Xilinx/Vitis_HLS/2022.2/common/technology/autopilot\ap_fixed_base.h:869:49)
INFO: [HLS 214-131] Inlining function 'ap_int_base<32, false>::ap_int_base(int)' into 'ap_fixed_base<32, 16, true, (ap_q_mode)0, (ap_o_mode)0, 0>& ap_fixed_base<32, 16, true, (ap_q_mode)0, (ap_o_mode)0, 0>::operator=<32, 32, true, (ap_q_mode)5, (ap_o_mode)3, 0>(ap_fixed_base<32, 32, true, (ap_q_mode)5, (ap_o_mode)3, 0> const&)' (C:/Xilinx/Vitis_HLS/2022.2/common/technology/autopilot\ap_fixed_base.h:867:38)
INFO: [HLS 214-131] Inlining function 'ap_int_base<32, false>::ap_int_base(int)' into 'ap_fixed_base<32, 16, true, (ap_q_mode)0, (ap_o_mode)0, 0>& ap_fixed_base<32, 16, true, (ap_q_mode)0, (ap_o_mode)0, 0>::operator=<32, 32, true, (ap_q_mode)5, (ap_o_mode)3, 0>(ap_fixed_base<32, 32, true, (ap_q_mode)5, (ap_o_mode)3, 0> const&)' (C:/Xilinx/Vitis_HLS/2022.2/common/technology/autopilot\ap_fixed_base.h:864:36)
INFO: [HLS 214-131] Inlining function 'ap_fixed_base<32, 16, true, (ap_q_mode)0, (ap_o_mode)0, 0>& ap_fixed_base<32, 16, true, (ap_q_mode)0, (ap_o_mode)0, 0>::operator=<32, 32, true, (ap_q_mode)5, (ap_o_mode)3, 0>(ap_fixed_base<32, 32, true, (ap_q_mode)5, (ap_o_mode)3, 0> const&)' into 'ap_fixed_base<32, 16, true, (ap_q_mode)0, (ap_o_mode)0, 0>::ap_fixed_base(int)' (C:/Xilinx/Vitis_HLS/2022.2/common/technology/autopilot\ap_fixed_base.h:530:146)
INFO: [HLS 214-131] Inlining function 'ap_fixed_base<32, 16, true, (ap_q_mode)0, (ap_o_mode)0, 0>::ap_fixed_base(int)' into 'ap_fixed<32, 16, (ap_q_mode)0, (ap_o_mode)0, 0>::ap_fixed(int)'
INFO: [HLS 214-131] Inlining function 'ap_fixed_base<32, 16, true, (ap_q_mode)0, (ap_o_mode)0, 0>::operator!() const' into 'ap_fixed_base<8, 4, true, (ap_q_mode)0, (ap_o_mode)0, 0>& ap_fixed_base<8, 4, true, (ap_q_mode)0, (ap_o_mode)0, 0>::operator=<32, 16, true, (ap_q_mode)0, (ap_o_mode)0, 0>(ap_fixed_base<32, 16, true, (ap_q_mode)0, (ap_o_mode)0, 0> const&)' (C:/Xilinx/Vitis_HLS/2022.2/common/technology/autopilot\ap_fixed_base.h:808:9)
INFO: [HLS 214-131] Inlining function 'ap_fixed_base<8, 4, true, (ap_q_mode)0, (ap_o_mode)0, 0>::overflow_adjust(bool, bool, bool, bool)' into 'ap_fixed_base<8, 4, true, (ap_q_mode)0, (ap_o_mode)0, 0>& ap_fixed_base<8, 4, true, (ap_q_mode)0, (ap_o_mode)0, 0>::operator=<32, 16, true, (ap_q_mode)0, (ap_o_mode)0, 0>(ap_fixed_base<32, 16, true, (ap_q_mode)0, (ap_o_mode)0, 0> const&)' (C:/Xilinx/Vitis_HLS/2022.2/common/technology/autopilot\ap_fixed_base.h:903:7)
INFO: [HLS 214-131] Inlining function 'bool ap_int_base<32, false>::operator==<32, false>(ap_int_base<32, false> const&) const' into 'ap_fixed_base<8, 4, true, (ap_q_mode)0, (ap_o_mode)0, 0>& ap_fixed_base<8, 4, true, (ap_q_mode)0, (ap_o_mode)0, 0>::operator=<32, 16, true, (ap_q_mode)0, (ap_o_mode)0, 0>(ap_fixed_base<32, 16, true, (ap_q_mode)0, (ap_o_mode)0, 0> const&)' (C:/Xilinx/Vitis_HLS/2022.2/common/technology/autopilot\ap_fixed_base.h:877:36)
INFO: [HLS 214-131] Inlining function 'ap_int_base<32, false>::RType<32, false>::arg1 operator>><32, false>(ap_int_base<32, false> const&, int)' into 'ap_fixed_base<8, 4, true, (ap_q_mode)0, (ap_o_mode)0, 0>& ap_fixed_base<8, 4, true, (ap_q_mode)0, (ap_o_mode)0, 0>::operator=<32, 16, true, (ap_q_mode)0, (ap_o_mode)0, 0>(ap_fixed_base<32, 16, true, (ap_q_mode)0, (ap_o_mode)0, 0> const&)' (C:/Xilinx/Vitis_HLS/2022.2/common/technology/autopilot\ap_fixed_base.h:877:49)
INFO: [HLS 214-131] Inlining function 'ap_int_base<32, false>::ap_int_base(int)' into 'ap_fixed_base<8, 4, true, (ap_q_mode)0, (ap_o_mode)0, 0>& ap_fixed_base<8, 4, true, (ap_q_mode)0, (ap_o_mode)0, 0>::operator=<32, 16, true, (ap_q_mode)0, (ap_o_mode)0, 0>(ap_fixed_base<32, 16, true, (ap_q_mode)0, (ap_o_mode)0, 0> const&)' (C:/Xilinx/Vitis_HLS/2022.2/common/technology/autopilot\ap_fixed_base.h:875:38)
INFO: [HLS 214-131] Inlining function 'bool ap_int_base<32, false>::operator==<32, false>(ap_int_base<32, false> const&) const' into 'ap_fixed_base<8, 4, true, (ap_q_mode)0, (ap_o_mode)0, 0>& ap_fixed_base<8, 4, true, (ap_q_mode)0, (ap_o_mode)0, 0>::operator=<32, 16, true, (ap_q_mode)0, (ap_o_mode)0, 0>(ap_fixed_base<32, 16, true, (ap_q_mode)0, (ap_o_mode)0, 0> const&)' (C:/Xilinx/Vitis_HLS/2022.2/common/technology/autopilot\ap_fixed_base.h:869:36)
INFO: [HLS 214-131] Inlining function 'ap_int_base<32, false>::RType<32, false>::arg1 operator>><32, false>(ap_int_base<32, false> const&, int)' into 'ap_fixed_base<8, 4, true, (ap_q_mode)0, (ap_o_mode)0, 0>& ap_fixed_base<8, 4, true, (ap_q_mode)0, (ap_o_mode)0, 0>::operator=<32, 16, true, (ap_q_mode)0, (ap_o_mode)0, 0>(ap_fixed_base<32, 16, true, (ap_q_mode)0, (ap_o_mode)0, 0> const&)' (C:/Xilinx/Vitis_HLS/2022.2/common/technology/autopilot\ap_fixed_base.h:869:49)
INFO: [HLS 214-131] Inlining function 'ap_int_base<32, false>::ap_int_base(int)' into 'ap_fixed_base<8, 4, true, (ap_q_mode)0, (ap_o_mode)0, 0>& ap_fixed_base<8, 4, true, (ap_q_mode)0, (ap_o_mode)0, 0>::operator=<32, 16, true, (ap_q_mode)0, (ap_o_mode)0, 0>(ap_fixed_base<32, 16, true, (ap_q_mode)0, (ap_o_mode)0, 0> const&)' (C:/Xilinx/Vitis_HLS/2022.2/common/technology/autopilot\ap_fixed_base.h:867:38)
INFO: [HLS 214-131] Inlining function 'ap_int_base<32, false>::ap_int_base(int)' into 'ap_fixed_base<8, 4, true, (ap_q_mode)0, (ap_o_mode)0, 0>& ap_fixed_base<8, 4, true, (ap_q_mode)0, (ap_o_mode)0, 0>::operator=<32, 16, true, (ap_q_mode)0, (ap_o_mode)0, 0>(ap_fixed_base<32, 16, true, (ap_q_mode)0, (ap_o_mode)0, 0> const&)' (C:/Xilinx/Vitis_HLS/2022.2/common/technology/autopilot\ap_fixed_base.h:864:36)
INFO: [HLS 214-131] Inlining function 'ap_fixed_base<8, 4, true, (ap_q_mode)0, (ap_o_mode)0, 0>::quantization_adjust(bool, bool, bool)' into 'ap_fixed_base<8, 4, true, (ap_q_mode)0, (ap_o_mode)0, 0>& ap_fixed_base<8, 4, true, (ap_q_mode)0, (ap_o_mode)0, 0>::operator=<32, 16, true, (ap_q_mode)0, (ap_o_mode)0, 0>(ap_fixed_base<32, 16, true, (ap_q_mode)0, (ap_o_mode)0, 0> const&)' (C:/Xilinx/Vitis_HLS/2022.2/common/technology/autopilot\ap_fixed_base.h:829:17)
INFO: [HLS 214-131] Inlining function 'ssdm_int<8, true>::ssdm_int(signed char)' into 'ap_fixed_base<8, 4, true, (ap_q_mode)0, (ap_o_mode)0, 0>::ap_fixed_base<32, 16, true, (ap_q_mode)0, (ap_o_mode)0, 0>(ap_fixed_base<32, 16, true, (ap_q_mode)0, (ap_o_mode)0, 0> const&)' (C:/Xilinx/Vitis_HLS/2022.2/common/technology/autopilot\ap_fixed_base.h:401:80)
INFO: [HLS 214-131] Inlining function 'ap_fixed_base<8, 4, true, (ap_q_mode)0, (ap_o_mode)0, 0>& ap_fixed_base<8, 4, true, (ap_q_mode)0, (ap_o_mode)0, 0>::operator=<32, 16, true, (ap_q_mode)0, (ap_o_mode)0, 0>(ap_fixed_base<32, 16, true, (ap_q_mode)0, (ap_o_mode)0, 0> const&)' into 'ap_fixed_base<8, 4, true, (ap_q_mode)0, (ap_o_mode)0, 0>::ap_fixed_base<32, 16, true, (ap_q_mode)0, (ap_o_mode)0, 0>(ap_fixed_base<32, 16, true, (ap_q_mode)0, (ap_o_mode)0, 0> const&)' (C:/Xilinx/Vitis_HLS/2022.2/common/technology/autopilot\ap_fixed_base.h:403:5)
INFO: [HLS 214-131] Inlining function 'ap_fixed_base<8, 4, true, (ap_q_mode)0, (ap_o_mode)0, 0>::ap_fixed_base<32, 16, true, (ap_q_mode)0, (ap_o_mode)0, 0>(ap_fixed_base<32, 16, true, (ap_q_mode)0, (ap_o_mode)0, 0> const&)' into 'ap_fixed<8, 4, (ap_q_mode)0, (ap_o_mode)0, 0>::ap_fixed<32, 16, true, (ap_q_mode)0, (ap_o_mode)0, 0>(ap_fixed_base<32, 16, true, (ap_q_mode)0, (ap_o_mode)0, 0> const&)'
INFO: [HLS 214-131] Inlining function 'bool operator<<32, 16, true, (ap_q_mode)0, (ap_o_mode)0, 0>(ap_fixed_base<32, 16, true, (ap_q_mode)0, (ap_o_mode)0, 0> const&, int)' into 'void layer_block<1, 16, 32>(hls::stream<ap_fixed<8, 4, (ap_q_mode)0, (ap_o_mode)0, 0>, 0>&, hls::stream<ap_fixed<8, 4, (ap_q_mode)0, (ap_o_mode)0, 0>, 0>&, signed char const (*) [1][3][3], signed char const*)' (vgg_accelerator.cpp:82:29)
INFO: [HLS 214-131] Inlining function 'ap_fixed_base<32, 16, true, (ap_q_mode)0, (ap_o_mode)0, 0>& ap_fixed_base<32, 16, true, (ap_q_mode)0, (ap_o_mode)0, 0>::operator+=<16, 8, true, (ap_q_mode)5, (ap_o_mode)3, 0>(ap_fixed_base<16, 8, true, (ap_q_mode)5, (ap_o_mode)3, 0> const&)' into 'void layer_block<1, 16, 32>(hls::stream<ap_fixed<8, 4, (ap_q_mode)0, (ap_o_mode)0, 0>, 0>&, hls::stream<ap_fixed<8, 4, (ap_q_mode)0, (ap_o_mode)0, 0>, 0>&, signed char const (*) [1][3][3], signed char const*)' (vgg_accelerator.cpp:78:37)
INFO: [HLS 214-131] Inlining function 'ap_fixed_base<8, 4, true, (ap_q_mode)0, (ap_o_mode)0, 0>::RType<8, 4, true>::mult ap_fixed_base<8, 4, true, (ap_q_mode)0, (ap_o_mode)0, 0>::operator*<8, 4, true, (ap_q_mode)0, (ap_o_mode)0, 0>(ap_fixed_base<8, 4, true, (ap_q_mode)0, (ap_o_mode)0, 0> const&) const' into 'void layer_block<1, 16, 32>(hls::stream<ap_fixed<8, 4, (ap_q_mode)0, (ap_o_mode)0, 0>, 0>&, hls::stream<ap_fixed<8, 4, (ap_q_mode)0, (ap_o_mode)0, 0>, 0>&, signed char const (*) [1][3][3], signed char const*)' (vgg_accelerator.cpp:78:43)
INFO: [HLS 214-131] Inlining function 'bool ap_fixed_base<8, 4, true, (ap_q_mode)0, (ap_o_mode)0, 0>::operator><8, 4, true, (ap_q_mode)0, (ap_o_mode)0, 0>(ap_fixed_base<8, 4, true, (ap_q_mode)0, (ap_o_mode)0, 0> const&) const' into 'max_val(ap_fixed<8, 4, (ap_q_mode)0, (ap_o_mode)0, 0>, ap_fixed<8, 4, (ap_q_mode)0, (ap_o_mode)0, 0>)' (vgg_accelerator.cpp:12:15)
INFO: [HLS 214-131] Inlining function 'bool operator<<32, 16, true, (ap_q_mode)0, (ap_o_mode)0, 0>(ap_fixed_base<32, 16, true, (ap_q_mode)0, (ap_o_mode)0, 0> const&, int)' into 'void layer_block<16, 32, 16>(hls::stream<ap_fixed<8, 4, (ap_q_mode)0, (ap_o_mode)0, 0>, 0>&, hls::stream<ap_fixed<8, 4, (ap_q_mode)0, (ap_o_mode)0, 0>, 0>&, signed char const (*) [16][3][3], signed char const*)' (vgg_accelerator.cpp:82:29)
INFO: [HLS 214-131] Inlining function 'ap_fixed_base<32, 16, true, (ap_q_mode)0, (ap_o_mode)0, 0>& ap_fixed_base<32, 16, true, (ap_q_mode)0, (ap_o_mode)0, 0>::operator+=<16, 8, true, (ap_q_mode)5, (ap_o_mode)3, 0>(ap_fixed_base<16, 8, true, (ap_q_mode)5, (ap_o_mode)3, 0> const&)' into 'void layer_block<16, 32, 16>(hls::stream<ap_fixed<8, 4, (ap_q_mode)0, (ap_o_mode)0, 0>, 0>&, hls::stream<ap_fixed<8, 4, (ap_q_mode)0, (ap_o_mode)0, 0>, 0>&, signed char const (*) [16][3][3], signed char const*)' (vgg_accelerator.cpp:78:37)
INFO: [HLS 214-131] Inlining function 'ap_fixed_base<8, 4, true, (ap_q_mode)0, (ap_o_mode)0, 0>::RType<8, 4, true>::mult ap_fixed_base<8, 4, true, (ap_q_mode)0, (ap_o_mode)0, 0>::operator*<8, 4, true, (ap_q_mode)0, (ap_o_mode)0, 0>(ap_fixed_base<8, 4, true, (ap_q_mode)0, (ap_o_mode)0, 0> const&) const' into 'void layer_block<16, 32, 16>(hls::stream<ap_fixed<8, 4, (ap_q_mode)0, (ap_o_mode)0, 0>, 0>&, hls::stream<ap_fixed<8, 4, (ap_q_mode)0, (ap_o_mode)0, 0>, 0>&, signed char const (*) [16][3][3], signed char const*)' (vgg_accelerator.cpp:78:43)
INFO: [HLS 214-131] Inlining function 'bool operator<<32, 16, true, (ap_q_mode)0, (ap_o_mode)0, 0>(ap_fixed_base<32, 16, true, (ap_q_mode)0, (ap_o_mode)0, 0> const&, int)' into 'void layer_block<32, 64, 8>(hls::stream<ap_fixed<8, 4, (ap_q_mode)0, (ap_o_mode)0, 0>, 0>&, hls::stream<ap_fixed<8, 4, (ap_q_mode)0, (ap_o_mode)0, 0>, 0>&, signed char const (*) [32][3][3], signed char const*)' (vgg_accelerator.cpp:82:29)
INFO: [HLS 214-131] Inlining function 'ap_fixed_base<32, 16, true, (ap_q_mode)0, (ap_o_mode)0, 0>& ap_fixed_base<32, 16, true, (ap_q_mode)0, (ap_o_mode)0, 0>::operator+=<16, 8, true, (ap_q_mode)5, (ap_o_mode)3, 0>(ap_fixed_base<16, 8, true, (ap_q_mode)5, (ap_o_mode)3, 0> const&)' into 'void layer_block<32, 64, 8>(hls::stream<ap_fixed<8, 4, (ap_q_mode)0, (ap_o_mode)0, 0>, 0>&, hls::stream<ap_fixed<8, 4, (ap_q_mode)0, (ap_o_mode)0, 0>, 0>&, signed char const (*) [32][3][3], signed char const*)' (vgg_accelerator.cpp:78:37)
INFO: [HLS 214-131] Inlining function 'ap_fixed_base<8, 4, true, (ap_q_mode)0, (ap_o_mode)0, 0>::RType<8, 4, true>::mult ap_fixed_base<8, 4, true, (ap_q_mode)0, (ap_o_mode)0, 0>::operator*<8, 4, true, (ap_q_mode)0, (ap_o_mode)0, 0>(ap_fixed_base<8, 4, true, (ap_q_mode)0, (ap_o_mode)0, 0> const&) const' into 'void layer_block<32, 64, 8>(hls::stream<ap_fixed<8, 4, (ap_q_mode)0, (ap_o_mode)0, 0>, 0>&, hls::stream<ap_fixed<8, 4, (ap_q_mode)0, (ap_o_mode)0, 0>, 0>&, signed char const (*) [32][3][3], signed char const*)' (vgg_accelerator.cpp:78:43)
INFO: [HLS 214-131] Inlining function 'ap_int_base<8, false>::to_uint64() const' into 'af_range_ref<8, 4, true, (ap_q_mode)0, (ap_o_mode)0, 0>::operator unsigned long long() const' (C:/Xilinx/Vitis_HLS/2022.2/common/technology/autopilot\ap_fixed_ref.h:521:16)
INFO: [HLS 214-131] Inlining function 'ap_int_base<32, false>::ap_int_base(int)' into 'ap_uint<32>::ap_uint(int)'
INFO: [HLS 214-131] Inlining function '_ZN8ssdm_intILi4ELb0EEC2EDq4_j' into 'ap_int_base<4, false>::ap_int_base(int)' (C:/Xilinx/Vitis_HLS/2022.2/common/technology/autopilot\ap_int_base.h:214:67)
INFO: [HLS 214-131] Inlining function 'ap_int_base<4, false>::ap_int_base(int)' into 'ap_uint<4>::ap_uint(int)'
INFO: [HLS 214-131] Inlining function '_ZN8ssdm_intILi1ELb0EEC2EDq1_j' into 'ap_int_base<1, false>::ap_int_base(int)' (C:/Xilinx/Vitis_HLS/2022.2/common/technology/autopilot\ap_int_base.h:214:67)
INFO: [HLS 214-131] Inlining function 'ap_int_base<1, false>::ap_int_base(int)' into 'ap_uint<1>::ap_uint(int)'
INFO: [HLS 214-131] Inlining function 'hls::axis<ap_uint<32>, 0ul, 0ul, 0ul>::get_user_ptr()' into 'hls::stream<hls::axis<ap_uint<32>, 0ul, 0ul, 0ul>, 0>::write(hls::axis<ap_uint<32>, 0ul, 0ul, 0ul> const&)' (C:/Xilinx/Vitis_HLS/2022.2/common/technology/autopilot\ap_axi_sdata.h:258:51)
INFO: [HLS 214-131] Inlining function 'hls::axis<ap_uint<32>, 0ul, 0ul, 0ul>::get_dest_ptr()' into 'hls::stream<hls::axis<ap_uint<32>, 0ul, 0ul, 0ul>, 0>::write(hls::axis<ap_uint<32>, 0ul, 0ul, 0ul> const&)' (C:/Xilinx/Vitis_HLS/2022.2/common/technology/autopilot\ap_axi_sdata.h:261:26)
INFO: [HLS 214-131] Inlining function 'hls::axis<ap_uint<32>, 0ul, 0ul, 0ul>::get_id_ptr()' into 'hls::stream<hls::axis<ap_uint<32>, 0ul, 0ul, 0ul>, 0>::write(hls::axis<ap_uint<32>, 0ul, 0ul, 0ul> const&)' (C:/Xilinx/Vitis_HLS/2022.2/common/technology/autopilot\ap_axi_sdata.h:260:68)
INFO: [HLS 214-131] Inlining function 'hls::axis<ap_uint<32>, 0ul, 0ul, 0ul>::get_user_ptr()' into 'hls::stream<hls::axis<ap_uint<32>, 0ul, 0ul, 0ul>, 0>::write(hls::axis<ap_uint<32>, 0ul, 0ul, 0ul> const&)' (C:/Xilinx/Vitis_HLS/2022.2/common/technology/autopilot\ap_axi_sdata.h:260:37)
INFO: [HLS 214-131] Inlining function 'hls::axis<ap_uint<32>, 0ul, 0ul, 0ul>::get_dest_ptr()' into 'hls::stream<hls::axis<ap_uint<32>, 0ul, 0ul, 0ul>, 0>::write(hls::axis<ap_uint<32>, 0ul, 0ul, 0ul> const&)' (C:/Xilinx/Vitis_HLS/2022.2/common/technology/autopilot\ap_axi_sdata.h:259:40)
INFO: [HLS 214-131] Inlining function 'hls::axis<ap_uint<32>, 0ul, 0ul, 0ul>::get_id_ptr()' into 'hls::stream<hls::axis<ap_uint<32>, 0ul, 0ul, 0ul>, 0>::write(hls::axis<ap_uint<32>, 0ul, 0ul, 0ul> const&)' (C:/Xilinx/Vitis_HLS/2022.2/common/technology/autopilot\ap_axi_sdata.h:259:24)
INFO: [HLS 214-131] Inlining function 'hls::stream<hls::axis<ap_uint<32>, 0ul, 0ul, 0ul>, 0>::write(hls::axis<ap_uint<32>, 0ul, 0ul, 0ul> const&)' into 'dense_layer(hls::stream<ap_fixed<8, 4, (ap_q_mode)0, (ap_o_mode)0, 0>, 0>&, hls::stream<hls::axis<ap_uint<32>, 0ul, 0ul, 0ul>, 0>&, signed char const (*) [1024], signed char const*)' (vgg_accelerator.cpp:162:20)
INFO: [HLS 214-131] Inlining function 'af_range_ref<8, 4, true, (ap_q_mode)0, (ap_o_mode)0, 0>::operator unsigned long long() const' into 'dense_layer(hls::stream<ap_fixed<8, 4, (ap_q_mode)0, (ap_o_mode)0, 0>, 0>&, hls::stream<hls::axis<ap_uint<32>, 0ul, 0ul, 0ul>, 0>&, signed char const (*) [1024], signed char const*)' (vgg_accelerator.cpp:158:35)
INFO: [HLS 214-131] Inlining function 'ap_fixed_base<8, 4, true, (ap_q_mode)0, (ap_o_mode)0, 0>::range(int, int)' into 'dense_layer(hls::stream<ap_fixed<8, 4, (ap_q_mode)0, (ap_o_mode)0, 0>, 0>&, hls::stream<hls::axis<ap_uint<32>, 0ul, 0ul, 0ul>, 0>&, signed char const (*) [1024], signed char const*)' (vgg_accelerator.cpp:158:45)
INFO: [HLS 214-131] Inlining function 'ap_fixed_base<32, 16, true, (ap_q_mode)0, (ap_o_mode)0, 0>& ap_fixed_base<32, 16, true, (ap_q_mode)0, (ap_o_mode)0, 0>::operator+=<16, 8, true, (ap_q_mode)5, (ap_o_mode)3, 0>(ap_fixed_base<16, 8, true, (ap_q_mode)5, (ap_o_mode)3, 0> const&)' into 'dense_layer(hls::stream<ap_fixed<8, 4, (ap_q_mode)0, (ap_o_mode)0, 0>, 0>&, hls::stream<hls::axis<ap_uint<32>, 0ul, 0ul, 0ul>, 0>&, signed char const (*) [1024], signed char const*)' (vgg_accelerator.cpp:153:17)
INFO: [HLS 214-131] Inlining function 'ap_fixed_base<8, 4, true, (ap_q_mode)0, (ap_o_mode)0, 0>::RType<8, 4, true>::mult ap_fixed_base<8, 4, true, (ap_q_mode)0, (ap_o_mode)0, 0>::operator*<8, 4, true, (ap_q_mode)0, (ap_o_mode)0, 0>(ap_fixed_base<8, 4, true, (ap_q_mode)0, (ap_o_mode)0, 0> const&) const' into 'dense_layer(hls::stream<ap_fixed<8, 4, (ap_q_mode)0, (ap_o_mode)0, 0>, 0>&, hls::stream<hls::axis<ap_uint<32>, 0ul, 0ul, 0ul>, 0>&, signed char const (*) [1024], signed char const*)' (vgg_accelerator.cpp:153:32)
INFO: [HLS 214-291] Loop 'VITIS_LOOP_107_3' is marked as complete unroll implied by the pipeline pragma (vgg_accelerator.cpp:107:20)
INFO: [HLS 214-291] Loop 'VITIS_LOOP_74_9' is marked as complete unroll implied by the pipeline pragma (vgg_accelerator.cpp:74:19)
INFO: [HLS 214-291] Loop 'VITIS_LOOP_75_10' is marked as complete unroll implied by the pipeline pragma (vgg_accelerator.cpp:75:47)
INFO: [HLS 214-186] Unrolling loop 'VITIS_LOOP_107_3' (vgg_accelerator.cpp:107:20) in function 'max_pool<64, 8>' completely with a factor of 64 (vgg_accelerator.cpp:94:0)
INFO: [HLS 214-186] Unrolling loop 'VITIS_LOOP_74_9' (vgg_accelerator.cpp:74:19) in function 'layer_block<32, 64, 8>' completely with a factor of 3 (vgg_accelerator.cpp:23:0)
INFO: [HLS 214-186] Unrolling loop 'VITIS_LOOP_75_10' (vgg_accelerator.cpp:75:47) in function 'layer_block<32, 64, 8>' completely with a factor of 3 (vgg_accelerator.cpp:23:0)
INFO: [HLS 214-186] Unrolling loop 'VITIS_LOOP_107_3' (vgg_accelerator.cpp:107:20) in function 'max_pool<32, 16>' completely with a factor of 32 (vgg_accelerator.cpp:94:0)
INFO: [HLS 214-186] Unrolling loop 'VITIS_LOOP_74_9' (vgg_accelerator.cpp:74:19) in function 'layer_block<16, 32, 16>' completely with a factor of 3 (vgg_accelerator.cpp:23:0)
INFO: [HLS 214-186] Unrolling loop 'VITIS_LOOP_75_10' (vgg_accelerator.cpp:75:47) in function 'layer_block<16, 32, 16>' completely with a factor of 3 (vgg_accelerator.cpp:23:0)
INFO: [HLS 214-186] Unrolling loop 'VITIS_LOOP_107_3' (vgg_accelerator.cpp:107:20) in function 'max_pool<16, 32>' completely with a factor of 16 (vgg_accelerator.cpp:94:0)
INFO: [HLS 214-186] Unrolling loop 'VITIS_LOOP_74_9' (vgg_accelerator.cpp:74:19) in function 'layer_block<1, 16, 32>' completely with a factor of 3 (vgg_accelerator.cpp:23:0)
INFO: [HLS 214-186] Unrolling loop 'VITIS_LOOP_75_10' (vgg_accelerator.cpp:75:47) in function 'layer_block<1, 16, 32>' completely with a factor of 3 (vgg_accelerator.cpp:23:0)
INFO: [HLS 214-178] Inlining function 'raw_to_fixed(signed char)' into 'void layer_block<1, 16, 32>(hls::stream<ap_fixed<8, 4, (ap_q_mode)0, (ap_o_mode)0, 0>, 0>&, hls::stream<ap_fixed<8, 4, (ap_q_mode)0, (ap_o_mode)0, 0>, 0>&, signed char const (*) [1][3][3], signed char const*)' (vgg_accelerator.cpp:23:0)
INFO: [HLS 214-178] Inlining function 'raw_to_fixed(signed char)' into 'void layer_block<16, 32, 16>(hls::stream<ap_fixed<8, 4, (ap_q_mode)0, (ap_o_mode)0, 0>, 0>&, hls::stream<ap_fixed<8, 4, (ap_q_mode)0, (ap_o_mode)0, 0>, 0>&, signed char const (*) [16][3][3], signed char const*)' (vgg_accelerator.cpp:23:0)
INFO: [HLS 214-178] Inlining function 'raw_to_fixed(signed char)' into 'void layer_block<32, 64, 8>(hls::stream<ap_fixed<8, 4, (ap_q_mode)0, (ap_o_mode)0, 0>, 0>&, hls::stream<ap_fixed<8, 4, (ap_q_mode)0, (ap_o_mode)0, 0>, 0>&, signed char const (*) [32][3][3], signed char const*)' (vgg_accelerator.cpp:23:0)
INFO: [HLS 214-178] Inlining function 'raw_to_fixed(signed char)' into 'dense_layer(hls::stream<ap_fixed<8, 4, (ap_q_mode)0, (ap_o_mode)0, 0>, 0>&, hls::stream<hls::axis<ap_uint<32>, 0ul, 0ul, 0ul>, 0>&, signed char const (*) [1024], signed char const*)' (vgg_accelerator.cpp:133:0)
WARNING: [HLS 214-167] The program may have out of bound array access (vgg_accelerator.cpp:76:55)
INFO: [HLS 214-248] Applying array_partition to '_ZZ8max_poolILi64ELi8EEvRN3hls6streamI8ap_fixedILi8ELi4EL9ap_q_mode0EL9ap_o_mode0ELi0EELi0EEES7_E9pool_buff': Complete partitioning on dimension 1. (vgg_accelerator.cpp:95:0)
INFO: [HLS 214-248] Applying array_partition to '_ZZ11layer_blockILi32ELi64ELi8EEvRN3hls6streamI8ap_fixedILi8ELi4EL9ap_q_mode0EL9ap_o_mode0ELi0EELi0EEES7_PAT__A3_A3_KaPS8_E9line_buff': Complete partitioning on dimension 2. (vgg_accelerator.cpp:24:0)
INFO: [HLS 214-248] Applying array_partition to '_ZZ8max_poolILi32ELi16EEvRN3hls6streamI8ap_fixedILi8ELi4EL9ap_q_mode0EL9ap_o_mode0ELi0EELi0EEES7_E9pool_buff': Complete partitioning on dimension 1. (vgg_accelerator.cpp:95:0)
INFO: [HLS 214-248] Applying array_partition to '_ZZ11layer_blockILi16ELi32ELi16EEvRN3hls6streamI8ap_fixedILi8ELi4EL9ap_q_mode0EL9ap_o_mode0ELi0EELi0EEES7_PAT__A3_A3_KaPS8_E9line_buff': Complete partitioning on dimension 2. (vgg_accelerator.cpp:24:0)
INFO: [HLS 214-248] Applying array_partition to '_ZZ8max_poolILi16ELi32EEvRN3hls6streamI8ap_fixedILi8ELi4EL9ap_q_mode0EL9ap_o_mode0ELi0EELi0EEES7_E9pool_buff': Complete partitioning on dimension 1. (vgg_accelerator.cpp:95:0)
INFO: [HLS 214-248] Applying array_partition to '_ZZ11layer_blockILi1ELi16ELi32EEvRN3hls6streamI8ap_fixedILi8ELi4EL9ap_q_mode0EL9ap_o_mode0ELi0EELi0EEES7_PAT__A3_A3_KaPS8_E9line_buff': Complete partitioning on dimension 2. (vgg_accelerator.cpp:24:0)
INFO: [HLS 214-248] Applying array_partition to 'window': Complete partitioning on dimension 1. Complete partitioning on dimension 2. Complete partitioning on dimension 3. (vgg_accelerator.cpp:28:7)
INFO-FLOW: DBG:PUTS: copy_raw_kernel_xml ap_link_39: kernel.xml not generated: D:/University/Junior/HLS/VGG_Accelerator/hls/vgg_accelerator/solution1/.autopilot/db/kernel.internal.xml
INFO: [HLS 200-111] Finished Compiling Optimization and Transform: CPU user time: 1 seconds. CPU system time: 0 seconds. Elapsed time: 17.824 seconds; current allocated memory: 126.281 MB.
INFO: [HLS 200-111] Finished Checking Pragmas: CPU user time: 0 seconds. CPU system time: 0 seconds. Elapsed time: 0.002 seconds; current allocated memory: 126.289 MB.
Execute       opt_and_import_c a -opt_level=2 -skip_syncheck=0 -ng=0 -keep_printf=0 
Execute         cleanup_all_models 
INFO: [HLS 200-10] Starting code transformations ...
INFO-FLOW: Running Standard Transforms...
Execute         transform -hls -share-std-xform -demangle-name -inline-byval-memcpy -always-inline -promote-dbg-pointer -interface-preproc -mem2reg -scalarrepl -mem2reg -keep-read-access -instcombine -dce -promote-dbg-pointer -bitop-raise -loop-simplify -indvarspre -indvars -loop-simplify -xunroll -constprop -instcombine -simplifycfg -indvars -simplifycfg -dce -globaldce -basicaa -simplifycfg -mem2reg -globalopt -global-constprop -deadargelim -instcombine -simplifycfg -scalarrepl -instcombine -reassociate -licm -simplifycfg -loop-simplify -indvars -instcombine -simplifycfg -mem2reg -loop-simplify -indvars -instcombine -gvn -gvn -instcombine -adce -break-crit-edges -simplifycfg -loop-delete -global-array-opt -dce -dse -adce -find-syn-modules -top vgg_accelerator -deadargelim -mem2reg -instcombine -dce -presyn-prepare -auto-rom-infer -interface-preproc -syn-check -check-rec-only -find-region -simplifycfg -func-extr -function-inline -globaldce -mem2reg -instcombine -dce -gvn -globaldce -adce -adse -constprop -instcombine -bit-constprop -instcombine -dce -simplifycfg -bitop-raise -simplifycfg -dce -loop-delete -reassociate -globalopt -global-privatize -mem2reg -dce -global-constprop -pointer-simplify -constprop -dce -auto-shift-reg-idiom -promote-dbg-pointer -norm-name D:/University/Junior/HLS/VGG_Accelerator/hls/vgg_accelerator/solution1/.autopilot/db/a.g.0.bc -o D:/University/Junior/HLS/VGG_Accelerator/hls/vgg_accelerator/solution1/.autopilot/db/a.g.1.bc -f -phase std-opt 
Command         transform done; 3.568 sec.
INFO: [HLS 200-111] Finished Standard Transforms: CPU user time: 3 seconds. CPU system time: 0 seconds. Elapsed time: 3.622 seconds; current allocated memory: 199.258 MB.
INFO: [HLS 200-10] Checking synthesizability ...
INFO-FLOW: Checking Synthesizability 1/2..
Execute         transform -hls -syn-check -check-rec-only -scalarrepl -norm-name -dce -mem2reg -instcombine -directive-preproc -mem2reg -dse -dce -auto-rom-infer -dce -pag -array-normalize -instcombine -dce -array-seg-normalize -instcombine -dce -data-pack -instcombine -dce -inst-simplify -array-flatten -instcombine -dce -array-burst -dce -deadargelim -promote-global-argument -simplifycfg -mem2reg -globaldce -dce -deadargelim -dce -instcombine -function-inline -globaldce -dce -doublePtrSimplify -doublePtrElim -dce -doublePtrSimplify -promote-dbg-pointer -dce -scalarrepl -dse -adse -instcombine -ptrLegalization -simplifycfg -dce -instcombine -pointer-simplify -ptrArgReplace -dce -instcombine -resolve-double-ptr -scalarrepl -norm-name -dce -mem2reg -instcombine -ptrLegalization -simplifycfg -deadargelim -instcombine -dce -inst-simplify -directive-preproc -mem2reg -dse -dce -globaldce D:/University/Junior/HLS/VGG_Accelerator/hls/vgg_accelerator/solution1/.autopilot/db/a.g.1.bc -o D:/University/Junior/HLS/VGG_Accelerator/hls/vgg_accelerator/solution1/.autopilot/db/a.g.2.prechk.bc -f 
Command         transform done; 2.148 sec.
INFO-FLOW: Checking Synthesizability 2/2..
Execute         transform -syn-check D:/University/Junior/HLS/VGG_Accelerator/hls/vgg_accelerator/solution1/.autopilot/db/a.g.2.prechk.bc -o D:/University/Junior/HLS/VGG_Accelerator/hls/vgg_accelerator/solution1/.autopilot/db/a.g.2.bc -f -phase syn-check 
INFO: [HLS 200-111] Finished Checking Synthesizability: CPU user time: 2 seconds. CPU system time: 0 seconds. Elapsed time: 2.275 seconds; current allocated memory: 244.617 MB.
INFO-FLOW: Compiler optimizing ...
INFO-FLOW: Share syncheck's 1.bc for syn flow: copy D:/University/Junior/HLS/VGG_Accelerator/hls/vgg_accelerator/solution1/.autopilot/db/a.g.1.bc to D:/University/Junior/HLS/VGG_Accelerator/hls/vgg_accelerator/solution1/.autopilot/db/a.o.1.bc
INFO-FLOW: Presyn 1...
Execute         transform -hls -tmp D:/University/Junior/HLS/VGG_Accelerator/hls/vgg_accelerator/solution1/.autopilot/db -interface-port-rename -directive-preproc -mem2reg -dse -dce -scalarrepl -norm-name -deadargelim -mem2reg -instcombine -dce -simplifycfg -auto-rom-infer -dce -resource-proc -clib-intrinsic-prepare -dce -func-buffer -dce -pag -array-normalize -func-legal -instcombine -gvn -constprop -dce -simplifycfg -mem2reg -globaldce -resolve-double-ptr -dce -deadargelim -dce -instcombine -ptrArgReplace -mem2reg -dce -array-seg-normalize -deadargelim -instcombine -dce -directive-preproc -mem2reg -dse -dce -pointer-simplify -dce -port-alignment -dce -interface-preproc -data-pack -instcombine -dce -basicaa -aggr-aa -aggrmodref-aa -aggr-aa -gvn -gvn -basicaa -aggr-aa -aggrmodref-aa -aggr-aa -dse -adse -adce -loop-simplify -indvars -instcombine -gvn -loop-simplify -mem2reg -dce -find-region -instcombine -auto-loop-pipeline -inst-simplify -interface-preproc -cfgopt -instcombine -indvars -auto-loop-unroll -loop-simplify -loop-bound -xunroll -constprop -instcombine -simplifycfg -indvars -simplifycfg -dce -globaldce -clean-region -attach-range -gvn -inst-simplify -constprop -simplifycfg -dce -pointer-simplify -dce -globalopt -constprop -dce -array-promote -scalar-auto-dep-elim -constprop -dce -ptrArgReplace -mem2reg -simplifycfg -dce -instcombine -dce -array-transform-check -array-reshape -instcombine -simplifycfg -dce -ptrArgReplace -deadargelim -mem2reg -instcombine -simplifycfg -dce -indvars -loop-simplify -loop-bound -xunroll -constprop -instcombine -simplifycfg -indvars -simplifycfg -dce -globaldce -basicaa -aggr-aa -aggrmodref-aa -aggr-aa -dse -duplicate-dataflow-processes -globaldce -instcombine -array-partition -prepare-dynamic-array-partition -instcombine -simplifycfg -dce -ptrArgReplace -global-constprop -deadargelim -mem2reg -func-legal -dce -global-constprop -deadargelim -mem2reg -simplifycfg -dce -merge-param -deadargelim -globalopt -constprop -dce -array-promote -scalar-auto-dep-elim -constprop -dce -ptrArgReplace -mem2reg -simplifycfg -dce -mem-intrinsic-preproc -dce -global-internalize -global-privatize -mem2reg -globaldce -promote-global-argument -ptrArgReplace -mem2reg -dce -globalopt -mergereturn -simplify-global-access -mem2reg -dce -pointer-simplify -dce -functionattrs -basicaa -aggr-aa -aggrmodref-aa -aggr-aa -gvn -gvn -basicaa -aggr-aa -aggrmodref-aa -aggr-aa -dse -adse -adce -dce -norm-name -basicaa -aggr-aa -aggrmodref-aa -aggr-aa -accesses-merge -function-inline -complex-op-raise -inst-simplify -globaldce -func-legal -dce -loop-bound -arraycheck -bitwidthmin2 -bitwidthmin2 -on-by-dataflow -loop-delete -instcombine -simplifycfg -globaldce -dce -gvn -deadargelim -dce -loop-simplify -clean-region -simplifycfg -propagate-stable-arguments -loop-stream -instcombine -simplifycfg -dce -globaldce -duplicate-dataflow-processes -stream-intrinsic-preproc -dce -check-ap-stream -loop-simplify -eliminate-keepreads -extract-dataflow-in-loop -loop-simplify -dce -gvn -deadargelim -dse -duplicate-dataflow-processes -check-dataflow-syntax -legalize-stream-variable -globaldce -legalize-global -extract-subproc -dce -dead-channel-elimination -canonicalize-gep -globaldce -dce -gvn -hls-dead-arg-elim -deadargelim -directive-preproc -canonicalize-dataflow -dce -globaldce -scalar-preprocessing -scalar-propagation2 -deadargelim -globaldce -mem2reg -check-dataflow-channels -function-stream -dce -globaldce -prop-fifo-spec -internal-stream-gen -canonicalize-gep -globaldce -dce -gvn -deadargelim -mergereturn -indvars -loop-simplify -instcombine -array-stream -array-seg-normalize -array-partition -func-legal -instcombine -simplifycfg -dce -bundle-memfifo-ops -deadargelim -directive-preproc -mem2reg -dse -dce -group-axi-access -licm -simplifycfg -dce -loop-delete -hls-display -norm-name D:/University/Junior/HLS/VGG_Accelerator/hls/vgg_accelerator/solution1/.autopilot/db/a.o.1.bc -o D:/University/Junior/HLS/VGG_Accelerator/hls/vgg_accelerator/solution1/.autopilot/db/a.o.1.tmp.bc -f 
INFO: [XFORM 203-510] Pipelining loop 'VITIS_LOOP_33_3' (vgg_accelerator.cpp:33) in function 'layer_block<32, 64, 8>' automatically.
INFO: [XFORM 203-510] Pipelining loop 'VITIS_LOOP_33_3' (vgg_accelerator.cpp:33) in function 'layer_block<16, 32, 16>' automatically.
INFO: [XFORM 203-510] Pipelining loop 'VITIS_LOOP_33_3' (vgg_accelerator.cpp:33) in function 'layer_block<1, 16, 32>' automatically.
INFO: [XFORM 203-510] Pipelining loop 'VITIS_LOOP_37_5' (vgg_accelerator.cpp:37) in function 'layer_block<1, 16, 32>' automatically.
INFO: [XFORM 203-502] Unrolling all sub-loops inside loop 'VITIS_LOOP_37_5' (vgg_accelerator.cpp:37) in function 'layer_block<1, 16, 32>' for pipelining.
INFO: [HLS 200-489] Unrolling loop 'VITIS_LOOP_64_7' (vgg_accelerator.cpp:64) in function 'layer_block<1, 16, 32>' completely with a factor of 16.
INFO: [XFORM 203-102] Partitioning array 'void layer_block<1, 16, 32>(stream<ap_fixed<8, 4, 0, 0, 0>, 0>&, stream<ap_fixed<8, 4, 0, 0, 0>, 0>&, signed char const (*) [1][3][3], signed char const*)line_buff.30' in dimension 1 automatically.
INFO: [XFORM 203-102] Partitioning array 'void layer_block<1, 16, 32>(stream<ap_fixed<8, 4, 0, 0, 0>, 0>&, stream<ap_fixed<8, 4, 0, 0, 0>, 0>&, signed char const (*) [1][3][3], signed char const*)line_buff' in dimension 1 automatically.
INFO: [XFORM 203-712] Applying dataflow to function 'vgg_accelerator' (vgg_accelerator.cpp:178:1), detected/extracted 8 process function(s): 
	 'input_adapter'
	 'layer_block<1, 16, 32>'
	 'max_pool<16, 32>'
	 'layer_block<16, 32, 16>'
	 'max_pool<32, 16>'
	 'layer_block<32, 64, 8>'
	 'max_pool<64, 8>'
	 'dense_layer'.
Command         transform done; 7.453 sec.
INFO-FLOW: Presyn 2...
Execute         transform -hls -keep-callgraph -scalarrepl -mem2reg -port-alignment -attach-range -dce -pipe-mux-gen -indvars -loop-bound -inst-simplify -instcombine -dce -merge-array-access -mem2reg -dce -clean-region -mergereturn -if-conv -instcombine -dce -constprop -basicaa -aggr-aa -aggrmodref-aa -aggr-aa -gvn -gvn -basicaa -aggr-aa -aggrmodref-aa -aggr-aa -dse -adse -adce -scalarrepl -mem2reg -global-constprop -deadargelim -deadargelim -instcombine -dce -simplifycfg -ptrArgReplace -mem2reg -function-inline -globaldce -mem2reg -instcombine -dce -expr-balance -instcombine -dce -bitwidthmin2 -bitwidthmin2 -interface-preproc -directive-preproc -inst-rectify -instcombine -dce -functionattrs -constprop -instcombine -bit-constprop -simplify-global-access -globalopt -globaldce -inst-simplify -instcombine -elimdeaddata -dce -loop-delete -simplifycfg -loop-simplify -barrier -norm-name D:/University/Junior/HLS/VGG_Accelerator/hls/vgg_accelerator/solution1/.autopilot/db/a.o.1.tmp.bc -o D:/University/Junior/HLS/VGG_Accelerator/hls/vgg_accelerator/solution1/.autopilot/db/a.o.2.bc -f -phase presyn 
INFO: [XFORM 203-401] Performing if-conversion on hyperblock from (vgg_accelerator.cpp:146:45) to (vgg_accelerator.cpp:140:23) in function 'dense_layer'... converting 3 basic blocks.
Command         transform done; 0.632 sec.
INFO: [HLS 200-111] Finished Loop, function and other optimizations: CPU user time: 8 seconds. CPU system time: 0 seconds. Elapsed time: 8.089 seconds; current allocated memory: 298.012 MB.
INFO-FLOW: Building ssdm...
Execute         transform -hls -auto-function-inline -globaldce -ptrArgReplace -mem2reg -dce -reset-lda -loop-simplify -indvars -aggr-aa -licm -loop-dep -loop-bound -licm -loop-simplify -loop-sink-hoist -flattenloopnest -array-flatten -gvn -instcombine -dce -array-map -dce -func-legal -gvn -adce -instcombine -cfgopt -simplifycfg -loop-simplify -array-burst -promote-global-argument -dce -array-seg-normalize -basicaa -aggrmodref-aa -globalsmodref-aa -aggr-aa -gvn -gvn -basicaa -aggrmodref-aa -globalsmodref-aa -aggr-aa -dse -adse -adce -licm -inst-simplify -dce -globaldce -instcombine -array-stream -eliminate-keepreads -instcombine -dce -deadargelim -doublePtrSimplify -doublePtrElim -dce -doublePtrSimplify -promote-dbg-pointer -dce -scalarrepl -mem2reg -norm-name -mem2reg -instcombine -dse -adse -adce -ptrLegalization -dce -auto-rom-infer -array-flatten -dce -instcombine -check-doubleptr -loop-rot -constprop -cfgopt -simplifycfg -loop-simplify -indvars -pointer-simplify -dce -loop-bound -loop-simplify -loop-preproc -constprop -global-constprop -gvn -mem2reg -instcombine -dce -loop-bound -loop-merge -dce -deadargelim -dce -canonicalize-dataflow -dce -deadargelim -globaldce -mem2reg -bram-byte-enable -load-elim -read-loop-dep -loop-simplify -loop-extract-inner -directive-preproc -bitwidthmin2 -bitwidthmin2 -read-loop-dep -interface-preproc -directive-preproc -interface-gen -bram-byte-enable-spec-prop -deadargelim -inst-simplify -dce -gvn -mem2reg -instcombine -dce -adse -loop-bound -instcombine -cfgopt -simplifycfg -loop-simplify -clean-region -io-protocol -find-region -mem2reg -bitop-raise -complex-op-raise -inst-simplify -inst-rectify -instcombine -adce -deadargelim -float-op-raise -loop-simplify -phi-opt -bitop-raise -cfgopt -simplifycfg -strip-dead-prototypes -interface-lower -bitop-lower -intrinsic-lower -auto-function-inline -basicaa -aggrmodref-aa -globalsmodref-aa -aggr-aa -inst-simplify -simplifycfg -loop-simplify -mergereturn -inst-simplify -inst-rectify -dce -load-elim -bitop-lower -float-op-raise -fma-raise -loop-rewind -pointer-simplify -dce -cfgopt -dce -loop-bound -loop-dep -read-loop-dep -dce -dyn-mem-reuse -dce -recurrence-min -dce -share-scalar-alloca -deadargelim -dce -check-stream -norm-name -legalize -validate-dataflow -inst-clarity -bitwidth -dump-loop-dep-to-ir -check-all-ssdm -cdfg-build D:/University/Junior/HLS/VGG_Accelerator/hls/vgg_accelerator/solution1/.autopilot/db/a.o.2.bc -o D:/University/Junior/HLS/VGG_Accelerator/hls/vgg_accelerator/solution1/.autopilot/db/a.o.3.bc -f -phase build-ssdm 
INFO: [XFORM 203-541] Flattening a loop nest 'VITIS_LOOP_101_1' (vgg_accelerator.cpp:101:29) in function 'max_pool<64, 8>'.
INFO: [XFORM 203-541] Flattening a loop nest 'VITIS_LOOP_101_1' (vgg_accelerator.cpp:101:29) in function 'max_pool<32, 16>'.
INFO: [XFORM 203-541] Flattening a loop nest 'VITIS_LOOP_101_1' (vgg_accelerator.cpp:101:29) in function 'max_pool<16, 32>'.
INFO: [XFORM 203-541] Flattening a loop nest 'VITIS_LOOP_32_2' (vgg_accelerator.cpp:32:34) in function 'layer_block<32, 64, 8>'.
INFO: [XFORM 203-541] Flattening a loop nest 'VITIS_LOOP_31_1' (vgg_accelerator.cpp:31:27) in function 'layer_block<32, 64, 8>'.
WARNING: [HLS 200-960] Cannot flatten loop 'VITIS_LOOP_64_7' (vgg_accelerator.cpp:64:43) in function 'layer_block<32, 64, 8>' the outer loop is not a perfect loop.
WARNING: [HLS 200-960] Cannot flatten loop 'VITIS_LOOP_37_5' (vgg_accelerator.cpp:37:35) in function 'layer_block<32, 64, 8>' more than one sub loop.
INFO: [XFORM 203-541] Flattening a loop nest 'VITIS_LOOP_36_4' (vgg_accelerator.cpp:36:31) in function 'layer_block<32, 64, 8>'.
INFO: [XFORM 203-541] Flattening a loop nest 'VITIS_LOOP_32_2' (vgg_accelerator.cpp:32:34) in function 'layer_block<16, 32, 16>'.
INFO: [XFORM 203-541] Flattening a loop nest 'VITIS_LOOP_31_1' (vgg_accelerator.cpp:31:27) in function 'layer_block<16, 32, 16>'.
WARNING: [HLS 200-960] Cannot flatten loop 'VITIS_LOOP_64_7' (vgg_accelerator.cpp:64:43) in function 'layer_block<16, 32, 16>' the outer loop is not a perfect loop.
WARNING: [HLS 200-960] Cannot flatten loop 'VITIS_LOOP_37_5' (vgg_accelerator.cpp:37:35) in function 'layer_block<16, 32, 16>' more than one sub loop.
INFO: [XFORM 203-541] Flattening a loop nest 'VITIS_LOOP_36_4' (vgg_accelerator.cpp:36:31) in function 'layer_block<16, 32, 16>'.
INFO: [XFORM 203-541] Flattening a loop nest 'VITIS_LOOP_32_2' (vgg_accelerator.cpp:32:34) in function 'layer_block<1, 16, 32>'.
INFO: [XFORM 203-541] Flattening a loop nest 'VITIS_LOOP_36_4' (vgg_accelerator.cpp:36:31) in function 'layer_block<1, 16, 32>'.
WARNING: [HLS 200-960] Cannot flatten loop 'VITIS_LOOP_140_2' (vgg_accelerator.cpp:140:32) in function 'dense_layer' the outer loop is not a perfect loop.
INFO: [HLS 200-472] Inferring partial write operation for 'void max_pool(stream&,stream<ap_fixed<8,4,0,0,0>,0>&)pool_buff.8' (vgg_accelerator.cpp:114:34)
INFO: [HLS 200-472] Inferring partial write operation for 'void max_pool(stream&,stream<ap_fixed<8,4,0,0,0>,0>&)pool_buff.18' (vgg_accelerator.cpp:114:34)
INFO: [HLS 200-472] Inferring partial write operation for 'void max_pool(stream&,stream<ap_fixed<8,4,0,0,0>,0>&)pool_buff.28' (vgg_accelerator.cpp:114:34)
INFO: [HLS 200-472] Inferring partial write operation for 'void layer_block(stream&,stream&,signed char const (*)[32][3][3],signed char con.1' (vgg_accelerator.cpp:34:36)
INFO: [HLS 200-472] Inferring partial write operation for 'void layer_block(stream&,stream&,signed char const (*)[32][3][3],signed char con.1' (vgg_accelerator.cpp:55:37)
INFO: [HLS 200-472] Inferring partial write operation for 'void layer_block(stream&,stream&,signed char const (*)[32][3][3],signed char con' (vgg_accelerator.cpp:56:37)
INFO: [HLS 200-472] Inferring partial write operation for 'void layer_block(stream&,stream&,signed char const (*)[16][3][3],signed char con.1' (vgg_accelerator.cpp:34:36)
INFO: [HLS 200-472] Inferring partial write operation for 'void layer_block(stream&,stream&,signed char const (*)[16][3][3],signed char con.1' (vgg_accelerator.cpp:55:37)
INFO: [HLS 200-472] Inferring partial write operation for 'void layer_block(stream&,stream&,signed char const (*)[16][3][3],signed char con' (vgg_accelerator.cpp:56:37)
INFO: [HLS 200-472] Inferring partial write operation for 'void layer_block(stream&,stream&,signed char const (*)[1][3][3],signed char cons.1' (vgg_accelerator.cpp:34:36)
INFO: [HLS 200-472] Inferring partial write operation for 'void layer_block(stream&,stream&,signed char const (*)[1][3][3],signed char cons.1' (vgg_accelerator.cpp:55:37)
INFO: [HLS 200-472] Inferring partial write operation for 'void layer_block(stream&,stream&,signed char const (*)[1][3][3],signed char cons' (vgg_accelerator.cpp:56:37)
INFO: [HLS 200-472] Inferring partial write operation for 'flat_img.V' (vgg_accelerator.cpp:137:14)
Command         transform done; 3.06 sec.
INFO: [HLS 200-111] Finished Architecture Synthesis: CPU user time: 2 seconds. CPU system time: 0 seconds. Elapsed time: 3.061 seconds; current allocated memory: 508.656 MB.
INFO-FLOW: Finish building internal data model.
Command       opt_and_import_c done; 17.055 sec.
Command     elaborate done; 39.939 sec.
Execute     ap_eval exec zip -j D:/University/Junior/HLS/VGG_Accelerator/hls/vgg_accelerator/solution1/.autopilot/db/dut.hcp $dbDir/a.o.3.bc $dbDir/${topname}.rtl_wrap.cfg.tcl $dbDir/apatb_${topname}.cpp $dbDir/apatb_${topname}_util.cpp $dbDir/apatb_${topname}_ir.ll $dbDir/mapper_${topname}.cpp $dbDir/top-io-fe.xml $dbDir/kernel.internal.xml $workdir/../hls.app 
Command     ap_eval done; 0.17 sec.
Execute     autosyn -from_csynth_design=1 
INFO: [HLS 200-10] Starting hardware synthesis ...
INFO-FLOW: Synthesizing C/C++ design ...
INFO: [HLS 200-10] Synthesizing 'vgg_accelerator' ...
Execute       ap_set_top_model vgg_accelerator 
WARNING: [SYN 201-103] Legalizing function name 'layer_block<1, 16, 32>_Pipeline_VITIS_LOOP_32_2_VITIS_LOOP_33_3' to 'layer_block_1_16_32_Pipeline_VITIS_LOOP_32_2_VITIS_LOOP_33_3'.
WARNING: [SYN 201-103] Legalizing function name 'layer_block<1, 16, 32>_Pipeline_VITIS_LOOP_36_4_VITIS_LOOP_37_5' to 'layer_block_1_16_32_Pipeline_VITIS_LOOP_36_4_VITIS_LOOP_37_5'.
WARNING: [SYN 201-103] Legalizing function name 'layer_block<1, 16, 32>' to 'layer_block_1_16_32_s'.
WARNING: [SYN 201-103] Legalizing function name 'max_pool<16, 32>' to 'max_pool_16_32_s'.
WARNING: [SYN 201-103] Legalizing function name 'layer_block<16, 32, 16>_Pipeline_VITIS_LOOP_31_1_VITIS_LOOP_32_2_VITIS_LOOP_33_3' to 'layer_block_16_32_16_Pipeline_VITIS_LOOP_31_1_VITIS_LOOP_32_2_VITIS_LOOP_33_3'.
WARNING: [SYN 201-103] Legalizing function name 'layer_block<16, 32, 16>_Pipeline_VITIS_LOOP_40_6' to 'layer_block_16_32_16_Pipeline_VITIS_LOOP_40_6'.
WARNING: [SYN 201-103] Legalizing function name 'layer_block<16, 32, 16>_Pipeline_VITIS_LOOP_71_8' to 'layer_block_16_32_16_Pipeline_VITIS_LOOP_71_8'.
WARNING: [SYN 201-103] Legalizing function name 'layer_block<16, 32, 16>' to 'layer_block_16_32_16_s'.
WARNING: [SYN 201-103] Legalizing function name 'max_pool<32, 16>' to 'max_pool_32_16_s'.
WARNING: [SYN 201-103] Legalizing function name 'layer_block<32, 64, 8>_Pipeline_VITIS_LOOP_31_1_VITIS_LOOP_32_2_VITIS_LOOP_33_3' to 'layer_block_32_64_8_Pipeline_VITIS_LOOP_31_1_VITIS_LOOP_32_2_VITIS_LOOP_33_3'.
WARNING: [SYN 201-103] Legalizing function name 'layer_block<32, 64, 8>_Pipeline_VITIS_LOOP_40_6' to 'layer_block_32_64_8_Pipeline_VITIS_LOOP_40_6'.
WARNING: [SYN 201-103] Legalizing function name 'layer_block<32, 64, 8>_Pipeline_VITIS_LOOP_71_8' to 'layer_block_32_64_8_Pipeline_VITIS_LOOP_71_8'.
WARNING: [SYN 201-103] Legalizing function name 'layer_block<32, 64, 8>' to 'layer_block_32_64_8_s'.
WARNING: [SYN 201-103] Legalizing function name 'max_pool<64, 8>' to 'max_pool_64_8_s'.
Command       ap_set_top_model done; 0.444 sec.
Execute       get_model_list vgg_accelerator -filter all-wo-channel -topdown 
Execute       preproc_iomode -model vgg_accelerator 
Execute       preproc_iomode -model dense_layer 
Execute       preproc_iomode -model dense_layer_Pipeline_VITIS_LOOP_146_3 
Execute       preproc_iomode -model dense_layer_Pipeline_VITIS_LOOP_135_1 
Execute       preproc_iomode -model max_pool<64, 8> 
Execute       preproc_iomode -model layer_block<32, 64, 8> 
Execute       preproc_iomode -model layer_block<32, 64, 8>_Pipeline_VITIS_LOOP_71_8 
Execute       preproc_iomode -model layer_block<32, 64, 8>_Pipeline_VITIS_LOOP_40_6 
Execute       preproc_iomode -model layer_block<32, 64, 8>_Pipeline_VITIS_LOOP_31_1_VITIS_LOOP_32_2_VITIS_LOOP_33_3 
Execute       preproc_iomode -model max_pool<32, 16> 
Execute       preproc_iomode -model max_val 
Execute       preproc_iomode -model layer_block<16, 32, 16> 
Execute       preproc_iomode -model layer_block<16, 32, 16>_Pipeline_VITIS_LOOP_71_8 
Execute       preproc_iomode -model layer_block<16, 32, 16>_Pipeline_VITIS_LOOP_40_6 
Execute       preproc_iomode -model layer_block<16, 32, 16>_Pipeline_VITIS_LOOP_31_1_VITIS_LOOP_32_2_VITIS_LOOP_33_3 
Execute       preproc_iomode -model max_pool<16, 32> 
Execute       preproc_iomode -model layer_block<1, 16, 32> 
Execute       preproc_iomode -model layer_block<1, 16, 32>_Pipeline_VITIS_LOOP_36_4_VITIS_LOOP_37_5 
Execute       preproc_iomode -model layer_block<1, 16, 32>_Pipeline_VITIS_LOOP_32_2_VITIS_LOOP_33_3 
Execute       preproc_iomode -model input_adapter 
Execute       get_model_list vgg_accelerator -filter all-wo-channel 
INFO-FLOW: Model list for configure: input_adapter {layer_block<1, 16, 32>_Pipeline_VITIS_LOOP_32_2_VITIS_LOOP_33_3} {layer_block<1, 16, 32>_Pipeline_VITIS_LOOP_36_4_VITIS_LOOP_37_5} {layer_block<1, 16, 32>} {max_pool<16, 32>} {layer_block<16, 32, 16>_Pipeline_VITIS_LOOP_31_1_VITIS_LOOP_32_2_VITIS_LOOP_33_3} {layer_block<16, 32, 16>_Pipeline_VITIS_LOOP_40_6} {layer_block<16, 32, 16>_Pipeline_VITIS_LOOP_71_8} {layer_block<16, 32, 16>} max_val {max_pool<32, 16>} {layer_block<32, 64, 8>_Pipeline_VITIS_LOOP_31_1_VITIS_LOOP_32_2_VITIS_LOOP_33_3} {layer_block<32, 64, 8>_Pipeline_VITIS_LOOP_40_6} {layer_block<32, 64, 8>_Pipeline_VITIS_LOOP_71_8} {layer_block<32, 64, 8>} {max_pool<64, 8>} dense_layer_Pipeline_VITIS_LOOP_135_1 dense_layer_Pipeline_VITIS_LOOP_146_3 dense_layer vgg_accelerator
INFO-FLOW: Configuring Module : input_adapter ...
Execute       set_default_model input_adapter 
Execute       apply_spec_resource_limit input_adapter 
INFO-FLOW: Configuring Module : layer_block<1, 16, 32>_Pipeline_VITIS_LOOP_32_2_VITIS_LOOP_33_3 ...
Execute       set_default_model layer_block<1, 16, 32>_Pipeline_VITIS_LOOP_32_2_VITIS_LOOP_33_3 
Execute       apply_spec_resource_limit layer_block<1, 16, 32>_Pipeline_VITIS_LOOP_32_2_VITIS_LOOP_33_3 
INFO-FLOW: Configuring Module : layer_block<1, 16, 32>_Pipeline_VITIS_LOOP_36_4_VITIS_LOOP_37_5 ...
Execute       set_default_model layer_block<1, 16, 32>_Pipeline_VITIS_LOOP_36_4_VITIS_LOOP_37_5 
Execute       apply_spec_resource_limit layer_block<1, 16, 32>_Pipeline_VITIS_LOOP_36_4_VITIS_LOOP_37_5 
INFO-FLOW: Configuring Module : layer_block<1, 16, 32> ...
Execute       set_default_model layer_block<1, 16, 32> 
Execute       apply_spec_resource_limit layer_block<1, 16, 32> 
INFO-FLOW: Configuring Module : max_pool<16, 32> ...
Execute       set_default_model max_pool<16, 32> 
Execute       apply_spec_resource_limit max_pool<16, 32> 
INFO-FLOW: Configuring Module : layer_block<16, 32, 16>_Pipeline_VITIS_LOOP_31_1_VITIS_LOOP_32_2_VITIS_LOOP_33_3 ...
Execute       set_default_model layer_block<16, 32, 16>_Pipeline_VITIS_LOOP_31_1_VITIS_LOOP_32_2_VITIS_LOOP_33_3 
Execute       apply_spec_resource_limit layer_block<16, 32, 16>_Pipeline_VITIS_LOOP_31_1_VITIS_LOOP_32_2_VITIS_LOOP_33_3 
INFO-FLOW: Configuring Module : layer_block<16, 32, 16>_Pipeline_VITIS_LOOP_40_6 ...
Execute       set_default_model layer_block<16, 32, 16>_Pipeline_VITIS_LOOP_40_6 
Execute       apply_spec_resource_limit layer_block<16, 32, 16>_Pipeline_VITIS_LOOP_40_6 
INFO-FLOW: Configuring Module : layer_block<16, 32, 16>_Pipeline_VITIS_LOOP_71_8 ...
Execute       set_default_model layer_block<16, 32, 16>_Pipeline_VITIS_LOOP_71_8 
Execute       apply_spec_resource_limit layer_block<16, 32, 16>_Pipeline_VITIS_LOOP_71_8 
INFO-FLOW: Configuring Module : layer_block<16, 32, 16> ...
Execute       set_default_model layer_block<16, 32, 16> 
Execute       apply_spec_resource_limit layer_block<16, 32, 16> 
INFO-FLOW: Configuring Module : max_val ...
Execute       set_default_model max_val 
Execute       apply_spec_resource_limit max_val 
INFO-FLOW: Configuring Module : max_pool<32, 16> ...
Execute       set_default_model max_pool<32, 16> 
Execute       apply_spec_resource_limit max_pool<32, 16> 
INFO-FLOW: Configuring Module : layer_block<32, 64, 8>_Pipeline_VITIS_LOOP_31_1_VITIS_LOOP_32_2_VITIS_LOOP_33_3 ...
Execute       set_default_model layer_block<32, 64, 8>_Pipeline_VITIS_LOOP_31_1_VITIS_LOOP_32_2_VITIS_LOOP_33_3 
Execute       apply_spec_resource_limit layer_block<32, 64, 8>_Pipeline_VITIS_LOOP_31_1_VITIS_LOOP_32_2_VITIS_LOOP_33_3 
INFO-FLOW: Configuring Module : layer_block<32, 64, 8>_Pipeline_VITIS_LOOP_40_6 ...
Execute       set_default_model layer_block<32, 64, 8>_Pipeline_VITIS_LOOP_40_6 
Execute       apply_spec_resource_limit layer_block<32, 64, 8>_Pipeline_VITIS_LOOP_40_6 
INFO-FLOW: Configuring Module : layer_block<32, 64, 8>_Pipeline_VITIS_LOOP_71_8 ...
Execute       set_default_model layer_block<32, 64, 8>_Pipeline_VITIS_LOOP_71_8 
Execute       apply_spec_resource_limit layer_block<32, 64, 8>_Pipeline_VITIS_LOOP_71_8 
INFO-FLOW: Configuring Module : layer_block<32, 64, 8> ...
Execute       set_default_model layer_block<32, 64, 8> 
Execute       apply_spec_resource_limit layer_block<32, 64, 8> 
INFO-FLOW: Configuring Module : max_pool<64, 8> ...
Execute       set_default_model max_pool<64, 8> 
Execute       apply_spec_resource_limit max_pool<64, 8> 
INFO-FLOW: Configuring Module : dense_layer_Pipeline_VITIS_LOOP_135_1 ...
Execute       set_default_model dense_layer_Pipeline_VITIS_LOOP_135_1 
Execute       apply_spec_resource_limit dense_layer_Pipeline_VITIS_LOOP_135_1 
INFO-FLOW: Configuring Module : dense_layer_Pipeline_VITIS_LOOP_146_3 ...
Execute       set_default_model dense_layer_Pipeline_VITIS_LOOP_146_3 
Execute       apply_spec_resource_limit dense_layer_Pipeline_VITIS_LOOP_146_3 
INFO-FLOW: Configuring Module : dense_layer ...
Execute       set_default_model dense_layer 
Execute       apply_spec_resource_limit dense_layer 
INFO-FLOW: Configuring Module : vgg_accelerator ...
Execute       set_default_model vgg_accelerator 
Execute       apply_spec_resource_limit vgg_accelerator 
INFO-FLOW: Model list for preprocess: input_adapter {layer_block<1, 16, 32>_Pipeline_VITIS_LOOP_32_2_VITIS_LOOP_33_3} {layer_block<1, 16, 32>_Pipeline_VITIS_LOOP_36_4_VITIS_LOOP_37_5} {layer_block<1, 16, 32>} {max_pool<16, 32>} {layer_block<16, 32, 16>_Pipeline_VITIS_LOOP_31_1_VITIS_LOOP_32_2_VITIS_LOOP_33_3} {layer_block<16, 32, 16>_Pipeline_VITIS_LOOP_40_6} {layer_block<16, 32, 16>_Pipeline_VITIS_LOOP_71_8} {layer_block<16, 32, 16>} max_val {max_pool<32, 16>} {layer_block<32, 64, 8>_Pipeline_VITIS_LOOP_31_1_VITIS_LOOP_32_2_VITIS_LOOP_33_3} {layer_block<32, 64, 8>_Pipeline_VITIS_LOOP_40_6} {layer_block<32, 64, 8>_Pipeline_VITIS_LOOP_71_8} {layer_block<32, 64, 8>} {max_pool<64, 8>} dense_layer_Pipeline_VITIS_LOOP_135_1 dense_layer_Pipeline_VITIS_LOOP_146_3 dense_layer vgg_accelerator
INFO-FLOW: Preprocessing Module: input_adapter ...
Execute       set_default_model input_adapter 
Execute       cdfg_preprocess -model input_adapter 
Execute       rtl_gen_preprocess input_adapter 
INFO-FLOW: Preprocessing Module: layer_block<1, 16, 32>_Pipeline_VITIS_LOOP_32_2_VITIS_LOOP_33_3 ...
Execute       set_default_model layer_block<1, 16, 32>_Pipeline_VITIS_LOOP_32_2_VITIS_LOOP_33_3 
Execute       cdfg_preprocess -model layer_block<1, 16, 32>_Pipeline_VITIS_LOOP_32_2_VITIS_LOOP_33_3 
Execute       rtl_gen_preprocess layer_block<1, 16, 32>_Pipeline_VITIS_LOOP_32_2_VITIS_LOOP_33_3 
INFO-FLOW: Preprocessing Module: layer_block<1, 16, 32>_Pipeline_VITIS_LOOP_36_4_VITIS_LOOP_37_5 ...
Execute       set_default_model layer_block<1, 16, 32>_Pipeline_VITIS_LOOP_36_4_VITIS_LOOP_37_5 
Execute       cdfg_preprocess -model layer_block<1, 16, 32>_Pipeline_VITIS_LOOP_36_4_VITIS_LOOP_37_5 
Execute       rtl_gen_preprocess layer_block<1, 16, 32>_Pipeline_VITIS_LOOP_36_4_VITIS_LOOP_37_5 
INFO-FLOW: Preprocessing Module: layer_block<1, 16, 32> ...
Execute       set_default_model layer_block<1, 16, 32> 
Execute       cdfg_preprocess -model layer_block<1, 16, 32> 
Execute       rtl_gen_preprocess layer_block<1, 16, 32> 
INFO-FLOW: Preprocessing Module: max_pool<16, 32> ...
Execute       set_default_model max_pool<16, 32> 
Execute       cdfg_preprocess -model max_pool<16, 32> 
Execute       rtl_gen_preprocess max_pool<16, 32> 
INFO-FLOW: Preprocessing Module: layer_block<16, 32, 16>_Pipeline_VITIS_LOOP_31_1_VITIS_LOOP_32_2_VITIS_LOOP_33_3 ...
Execute       set_default_model layer_block<16, 32, 16>_Pipeline_VITIS_LOOP_31_1_VITIS_LOOP_32_2_VITIS_LOOP_33_3 
Execute       cdfg_preprocess -model layer_block<16, 32, 16>_Pipeline_VITIS_LOOP_31_1_VITIS_LOOP_32_2_VITIS_LOOP_33_3 
Execute       rtl_gen_preprocess layer_block<16, 32, 16>_Pipeline_VITIS_LOOP_31_1_VITIS_LOOP_32_2_VITIS_LOOP_33_3 
INFO-FLOW: Preprocessing Module: layer_block<16, 32, 16>_Pipeline_VITIS_LOOP_40_6 ...
Execute       set_default_model layer_block<16, 32, 16>_Pipeline_VITIS_LOOP_40_6 
Execute       cdfg_preprocess -model layer_block<16, 32, 16>_Pipeline_VITIS_LOOP_40_6 
Command       cdfg_preprocess done; 0.155 sec.
Execute       rtl_gen_preprocess layer_block<16, 32, 16>_Pipeline_VITIS_LOOP_40_6 
INFO-FLOW: Preprocessing Module: layer_block<16, 32, 16>_Pipeline_VITIS_LOOP_71_8 ...
Execute       set_default_model layer_block<16, 32, 16>_Pipeline_VITIS_LOOP_71_8 
Execute       cdfg_preprocess -model layer_block<16, 32, 16>_Pipeline_VITIS_LOOP_71_8 
Execute       rtl_gen_preprocess layer_block<16, 32, 16>_Pipeline_VITIS_LOOP_71_8 
INFO-FLOW: Preprocessing Module: layer_block<16, 32, 16> ...
Execute       set_default_model layer_block<16, 32, 16> 
Execute       cdfg_preprocess -model layer_block<16, 32, 16> 
Execute       rtl_gen_preprocess layer_block<16, 32, 16> 
INFO-FLOW: Preprocessing Module: max_val ...
Execute       set_default_model max_val 
Execute       cdfg_preprocess -model max_val 
Execute       rtl_gen_preprocess max_val 
INFO-FLOW: Preprocessing Module: max_pool<32, 16> ...
Execute       set_default_model max_pool<32, 16> 
Execute       cdfg_preprocess -model max_pool<32, 16> 
Execute       rtl_gen_preprocess max_pool<32, 16> 
INFO-FLOW: Preprocessing Module: layer_block<32, 64, 8>_Pipeline_VITIS_LOOP_31_1_VITIS_LOOP_32_2_VITIS_LOOP_33_3 ...
Execute       set_default_model layer_block<32, 64, 8>_Pipeline_VITIS_LOOP_31_1_VITIS_LOOP_32_2_VITIS_LOOP_33_3 
Execute       cdfg_preprocess -model layer_block<32, 64, 8>_Pipeline_VITIS_LOOP_31_1_VITIS_LOOP_32_2_VITIS_LOOP_33_3 
Execute       rtl_gen_preprocess layer_block<32, 64, 8>_Pipeline_VITIS_LOOP_31_1_VITIS_LOOP_32_2_VITIS_LOOP_33_3 
INFO-FLOW: Preprocessing Module: layer_block<32, 64, 8>_Pipeline_VITIS_LOOP_40_6 ...
Execute       set_default_model layer_block<32, 64, 8>_Pipeline_VITIS_LOOP_40_6 
Execute       cdfg_preprocess -model layer_block<32, 64, 8>_Pipeline_VITIS_LOOP_40_6 
Command       cdfg_preprocess done; 0.69 sec.
Execute       rtl_gen_preprocess layer_block<32, 64, 8>_Pipeline_VITIS_LOOP_40_6 
INFO-FLOW: Preprocessing Module: layer_block<32, 64, 8>_Pipeline_VITIS_LOOP_71_8 ...
Execute       set_default_model layer_block<32, 64, 8>_Pipeline_VITIS_LOOP_71_8 
Execute       cdfg_preprocess -model layer_block<32, 64, 8>_Pipeline_VITIS_LOOP_71_8 
Execute       rtl_gen_preprocess layer_block<32, 64, 8>_Pipeline_VITIS_LOOP_71_8 
INFO-FLOW: Preprocessing Module: layer_block<32, 64, 8> ...
Execute       set_default_model layer_block<32, 64, 8> 
Execute       cdfg_preprocess -model layer_block<32, 64, 8> 
Command       cdfg_preprocess done; 0.223 sec.
Execute       rtl_gen_preprocess layer_block<32, 64, 8> 
INFO-FLOW: Preprocessing Module: max_pool<64, 8> ...
Execute       set_default_model max_pool<64, 8> 
Execute       cdfg_preprocess -model max_pool<64, 8> 
Command       cdfg_preprocess done; 0.24 sec.
Execute       rtl_gen_preprocess max_pool<64, 8> 
INFO-FLOW: Preprocessing Module: dense_layer_Pipeline_VITIS_LOOP_135_1 ...
Execute       set_default_model dense_layer_Pipeline_VITIS_LOOP_135_1 
Execute       cdfg_preprocess -model dense_layer_Pipeline_VITIS_LOOP_135_1 
Execute       rtl_gen_preprocess dense_layer_Pipeline_VITIS_LOOP_135_1 
INFO-FLOW: Preprocessing Module: dense_layer_Pipeline_VITIS_LOOP_146_3 ...
Execute       set_default_model dense_layer_Pipeline_VITIS_LOOP_146_3 
Execute       cdfg_preprocess -model dense_layer_Pipeline_VITIS_LOOP_146_3 
Execute       rtl_gen_preprocess dense_layer_Pipeline_VITIS_LOOP_146_3 
INFO-FLOW: Preprocessing Module: dense_layer ...
Execute       set_default_model dense_layer 
Execute       cdfg_preprocess -model dense_layer 
Execute       rtl_gen_preprocess dense_layer 
INFO-FLOW: Preprocessing Module: vgg_accelerator ...
Execute       set_default_model vgg_accelerator 
Execute       cdfg_preprocess -model vgg_accelerator 
Execute       rtl_gen_preprocess vgg_accelerator 
INFO-FLOW: Model list for synthesis: input_adapter {layer_block<1, 16, 32>_Pipeline_VITIS_LOOP_32_2_VITIS_LOOP_33_3} {layer_block<1, 16, 32>_Pipeline_VITIS_LOOP_36_4_VITIS_LOOP_37_5} {layer_block<1, 16, 32>} {max_pool<16, 32>} {layer_block<16, 32, 16>_Pipeline_VITIS_LOOP_31_1_VITIS_LOOP_32_2_VITIS_LOOP_33_3} {layer_block<16, 32, 16>_Pipeline_VITIS_LOOP_40_6} {layer_block<16, 32, 16>_Pipeline_VITIS_LOOP_71_8} {layer_block<16, 32, 16>} max_val {max_pool<32, 16>} {layer_block<32, 64, 8>_Pipeline_VITIS_LOOP_31_1_VITIS_LOOP_32_2_VITIS_LOOP_33_3} {layer_block<32, 64, 8>_Pipeline_VITIS_LOOP_40_6} {layer_block<32, 64, 8>_Pipeline_VITIS_LOOP_71_8} {layer_block<32, 64, 8>} {max_pool<64, 8>} dense_layer_Pipeline_VITIS_LOOP_135_1 dense_layer_Pipeline_VITIS_LOOP_146_3 dense_layer vgg_accelerator
INFO: [HLS 200-10] ----------------------------------------------------------------
INFO: [HLS 200-42] -- Implementing module 'input_adapter' 
INFO: [HLS 200-10] ----------------------------------------------------------------
Execute       set_default_model input_adapter 
Execute       schedule -model input_adapter 
INFO: [SCHED 204-11] Starting scheduling ...
INFO: [SCHED 204-61] Pipelining loop 'VITIS_LOOP_167_1'.
INFO: [HLS 200-1470] Pipelining result : Target II = 1, Final II = 1, Depth = 2, loop 'VITIS_LOOP_167_1'
INFO: [SCHED 204-11] Finished scheduling.
Command       schedule done; 0.131 sec.
INFO: [HLS 200-111] Finished Scheduling: CPU user time: 2 seconds. CPU system time: 0 seconds. Elapsed time: 2.36 seconds; current allocated memory: 516.500 MB.
Execute       syn_report -verbosereport -o D:/University/Junior/HLS/VGG_Accelerator/hls/vgg_accelerator/solution1/.autopilot/db/input_adapter.verbose.sched.rpt 
Execute         AP::get_flow_target_display_name
Execute       db_write -o D:/University/Junior/HLS/VGG_Accelerator/hls/vgg_accelerator/solution1/.autopilot/db/input_adapter.sched.adb -f 
INFO-FLOW: Finish scheduling input_adapter.
Execute       set_default_model input_adapter 
Execute       bind -model input_adapter 
INFO: [BIND 205-100] Starting micro-architecture generation ...
INFO: [BIND 205-101] Performing variable lifetime analysis.
INFO: [BIND 205-101] Exploring resource sharing.
INFO: [BIND 205-101] Binding ...
INFO: [BIND 205-100] Finished micro-architecture generation.
Command       bind done; 0.153 sec.
INFO: [HLS 200-111] Finished Binding: CPU user time: 0 seconds. CPU system time: 0 seconds. Elapsed time: 0.184 seconds; current allocated memory: 517.699 MB.
Execute       syn_report -verbosereport -o D:/University/Junior/HLS/VGG_Accelerator/hls/vgg_accelerator/solution1/.autopilot/db/input_adapter.verbose.bind.rpt 
Execute         AP::get_flow_target_display_name
Execute       db_write -o D:/University/Junior/HLS/VGG_Accelerator/hls/vgg_accelerator/solution1/.autopilot/db/input_adapter.bind.adb -f 
INFO-FLOW: Finish binding input_adapter.
INFO: [HLS 200-10] ----------------------------------------------------------------
INFO: [HLS 200-42] -- Implementing module 'layer_block_1_16_32_Pipeline_VITIS_LOOP_32_2_VITIS_LOOP_33_3' 
INFO: [HLS 200-10] ----------------------------------------------------------------
Execute       set_default_model layer_block<1, 16, 32>_Pipeline_VITIS_LOOP_32_2_VITIS_LOOP_33_3 
Execute       schedule -model layer_block<1, 16, 32>_Pipeline_VITIS_LOOP_32_2_VITIS_LOOP_33_3 
INFO: [SCHED 204-11] Starting scheduling ...
INFO: [SCHED 204-61] Pipelining loop 'VITIS_LOOP_32_2_VITIS_LOOP_33_3'.
INFO: [HLS 200-1470] Pipelining result : Target II = NA, Final II = 1, Depth = 1, loop 'VITIS_LOOP_32_2_VITIS_LOOP_33_3'
INFO: [SCHED 204-11] Finished scheduling.
Command       schedule done; 0.156 sec.
INFO: [HLS 200-111] Finished Scheduling: CPU user time: 0 seconds. CPU system time: 0 seconds. Elapsed time: 0.253 seconds; current allocated memory: 518.016 MB.
Execute       syn_report -verbosereport -o D:/University/Junior/HLS/VGG_Accelerator/hls/vgg_accelerator/solution1/.autopilot/db/layer_block_1_16_32_Pipeline_VITIS_LOOP_32_2_VITIS_LOOP_33_3.verbose.sched.rpt 
Execute         AP::get_flow_target_display_name
Execute       db_write -o D:/University/Junior/HLS/VGG_Accelerator/hls/vgg_accelerator/solution1/.autopilot/db/layer_block_1_16_32_Pipeline_VITIS_LOOP_32_2_VITIS_LOOP_33_3.sched.adb -f 
INFO-FLOW: Finish scheduling layer_block<1, 16, 32>_Pipeline_VITIS_LOOP_32_2_VITIS_LOOP_33_3.
Execute       set_default_model layer_block<1, 16, 32>_Pipeline_VITIS_LOOP_32_2_VITIS_LOOP_33_3 
Execute       bind -model layer_block<1, 16, 32>_Pipeline_VITIS_LOOP_32_2_VITIS_LOOP_33_3 
INFO: [BIND 205-100] Starting micro-architecture generation ...
INFO: [BIND 205-101] Performing variable lifetime analysis.
INFO: [BIND 205-101] Exploring resource sharing.
INFO: [BIND 205-101] Binding ...
INFO: [BIND 205-100] Finished micro-architecture generation.
Command       bind done; 0.161 sec.
INFO: [HLS 200-111] Finished Binding: CPU user time: 0 seconds. CPU system time: 0 seconds. Elapsed time: 0.184 seconds; current allocated memory: 518.113 MB.
Execute       syn_report -verbosereport -o D:/University/Junior/HLS/VGG_Accelerator/hls/vgg_accelerator/solution1/.autopilot/db/layer_block_1_16_32_Pipeline_VITIS_LOOP_32_2_VITIS_LOOP_33_3.verbose.bind.rpt 
Execute         AP::get_flow_target_display_name
Execute       db_write -o D:/University/Junior/HLS/VGG_Accelerator/hls/vgg_accelerator/solution1/.autopilot/db/layer_block_1_16_32_Pipeline_VITIS_LOOP_32_2_VITIS_LOOP_33_3.bind.adb -f 
INFO-FLOW: Finish binding layer_block<1, 16, 32>_Pipeline_VITIS_LOOP_32_2_VITIS_LOOP_33_3.
INFO: [HLS 200-10] ----------------------------------------------------------------
INFO: [HLS 200-42] -- Implementing module 'layer_block_1_16_32_Pipeline_VITIS_LOOP_36_4_VITIS_LOOP_37_5' 
INFO: [HLS 200-10] ----------------------------------------------------------------
Execute       set_default_model layer_block<1, 16, 32>_Pipeline_VITIS_LOOP_36_4_VITIS_LOOP_37_5 
Execute       schedule -model layer_block<1, 16, 32>_Pipeline_VITIS_LOOP_36_4_VITIS_LOOP_37_5 
INFO: [SCHED 204-11] Starting scheduling ...
INFO: [SCHED 204-61] Pipelining loop 'VITIS_LOOP_36_4_VITIS_LOOP_37_5'.
WARNING: [HLS 200-880] The II Violation in module 'layer_block_1_16_32_Pipeline_VITIS_LOOP_36_4_VITIS_LOOP_37_5' (loop 'VITIS_LOOP_36_4_VITIS_LOOP_37_5'): Unable to enforce a carried dependence constraint (II = 1, distance = 1, offset = 1) between fifo write operation ('s_conv1_write_ln83', vgg_accelerator.cpp:83) on port 's_conv1' (vgg_accelerator.cpp:83) and fifo write operation ('s_conv1_write_ln83', vgg_accelerator.cpp:83) on port 's_conv1' (vgg_accelerator.cpp:83).
WARNING: [HLS 200-880] The II Violation in module 'layer_block_1_16_32_Pipeline_VITIS_LOOP_36_4_VITIS_LOOP_37_5' (loop 'VITIS_LOOP_36_4_VITIS_LOOP_37_5'): Unable to enforce a carried dependence constraint (II = 2, distance = 1, offset = 1) between fifo write operation ('s_conv1_write_ln83', vgg_accelerator.cpp:83) on port 's_conv1' (vgg_accelerator.cpp:83) and fifo write operation ('s_conv1_write_ln83', vgg_accelerator.cpp:83) on port 's_conv1' (vgg_accelerator.cpp:83).
WARNING: [HLS 200-880] The II Violation in module 'layer_block_1_16_32_Pipeline_VITIS_LOOP_36_4_VITIS_LOOP_37_5' (loop 'VITIS_LOOP_36_4_VITIS_LOOP_37_5'): Unable to enforce a carried dependence constraint (II = 3, distance = 1, offset = 1) between fifo write operation ('s_conv1_write_ln83', vgg_accelerator.cpp:83) on port 's_conv1' (vgg_accelerator.cpp:83) and fifo write operation ('s_conv1_write_ln83', vgg_accelerator.cpp:83) on port 's_conv1' (vgg_accelerator.cpp:83).
WARNING: [HLS 200-880] The II Violation in module 'layer_block_1_16_32_Pipeline_VITIS_LOOP_36_4_VITIS_LOOP_37_5' (loop 'VITIS_LOOP_36_4_VITIS_LOOP_37_5'): Unable to enforce a carried dependence constraint (II = 4, distance = 1, offset = 1) between fifo write operation ('s_conv1_write_ln83', vgg_accelerator.cpp:83) on port 's_conv1' (vgg_accelerator.cpp:83) and fifo write operation ('s_conv1_write_ln83', vgg_accelerator.cpp:83) on port 's_conv1' (vgg_accelerator.cpp:83).
WARNING: [HLS 200-880] The II Violation in module 'layer_block_1_16_32_Pipeline_VITIS_LOOP_36_4_VITIS_LOOP_37_5' (loop 'VITIS_LOOP_36_4_VITIS_LOOP_37_5'): Unable to enforce a carried dependence constraint (II = 11, distance = 1, offset = 1) between fifo write operation ('s_conv1_write_ln83', vgg_accelerator.cpp:83) on port 's_conv1' (vgg_accelerator.cpp:83) and fifo write operation ('s_conv1_write_ln83', vgg_accelerator.cpp:83) on port 's_conv1' (vgg_accelerator.cpp:83).
WARNING: [HLS 200-880] The II Violation in module 'layer_block_1_16_32_Pipeline_VITIS_LOOP_36_4_VITIS_LOOP_37_5' (loop 'VITIS_LOOP_36_4_VITIS_LOOP_37_5'): Unable to enforce a carried dependence constraint (II = 15, distance = 1, offset = 1) between fifo write operation ('s_conv1_write_ln83', vgg_accelerator.cpp:83) on port 's_conv1' (vgg_accelerator.cpp:83) and fifo write operation ('s_conv1_write_ln83', vgg_accelerator.cpp:83) on port 's_conv1' (vgg_accelerator.cpp:83).
INFO: [HLS 200-1470] Pipelining result : Target II = NA, Final II = 16, Depth = 19, loop 'VITIS_LOOP_36_4_VITIS_LOOP_37_5'
INFO: [SCHED 204-11] Finished scheduling.
Command       schedule done; 1.609 sec.
INFO: [HLS 200-111] Finished Scheduling: CPU user time: 2 seconds. CPU system time: 0 seconds. Elapsed time: 1.718 seconds; current allocated memory: 535.879 MB.
Execute       syn_report -verbosereport -o D:/University/Junior/HLS/VGG_Accelerator/hls/vgg_accelerator/solution1/.autopilot/db/layer_block_1_16_32_Pipeline_VITIS_LOOP_36_4_VITIS_LOOP_37_5.verbose.sched.rpt 
Execute         AP::get_flow_target_display_name
Command       syn_report done; 0.528 sec.
Execute       db_write -o D:/University/Junior/HLS/VGG_Accelerator/hls/vgg_accelerator/solution1/.autopilot/db/layer_block_1_16_32_Pipeline_VITIS_LOOP_36_4_VITIS_LOOP_37_5.sched.adb -f 
Command       db_write done; 0.168 sec.
INFO-FLOW: Finish scheduling layer_block<1, 16, 32>_Pipeline_VITIS_LOOP_36_4_VITIS_LOOP_37_5.
Execute       set_default_model layer_block<1, 16, 32>_Pipeline_VITIS_LOOP_36_4_VITIS_LOOP_37_5 
Execute       bind -model layer_block<1, 16, 32>_Pipeline_VITIS_LOOP_36_4_VITIS_LOOP_37_5 
INFO: [BIND 205-100] Starting micro-architecture generation ...
INFO: [BIND 205-101] Performing variable lifetime analysis.
INFO: [BIND 205-101] Exploring resource sharing.
INFO: [BIND 205-101] Binding ...
INFO: [BIND 205-100] Finished micro-architecture generation.
Command       bind done; 0.822 sec.
INFO: [HLS 200-111] Finished Binding: CPU user time: 1 seconds. CPU system time: 0 seconds. Elapsed time: 1.518 seconds; current allocated memory: 536.074 MB.
Execute       syn_report -verbosereport -o D:/University/Junior/HLS/VGG_Accelerator/hls/vgg_accelerator/solution1/.autopilot/db/layer_block_1_16_32_Pipeline_VITIS_LOOP_36_4_VITIS_LOOP_37_5.verbose.bind.rpt 
Execute         AP::get_flow_target_display_name
Command       syn_report done; 1.702 sec.
Execute       db_write -o D:/University/Junior/HLS/VGG_Accelerator/hls/vgg_accelerator/solution1/.autopilot/db/layer_block_1_16_32_Pipeline_VITIS_LOOP_36_4_VITIS_LOOP_37_5.bind.adb -f 
Command       db_write done; 0.192 sec.
INFO-FLOW: Finish binding layer_block<1, 16, 32>_Pipeline_VITIS_LOOP_36_4_VITIS_LOOP_37_5.
INFO: [HLS 200-10] ----------------------------------------------------------------
INFO: [HLS 200-42] -- Implementing module 'layer_block_1_16_32_s' 
INFO: [HLS 200-10] ----------------------------------------------------------------
Execute       set_default_model layer_block<1, 16, 32> 
Execute       schedule -model layer_block<1, 16, 32> 
INFO: [SCHED 204-11] Starting scheduling ...
INFO: [SCHED 204-11] Finished scheduling.
INFO: [HLS 200-111] Finished Scheduling: CPU user time: 2 seconds. CPU system time: 0 seconds. Elapsed time: 2.052 seconds; current allocated memory: 536.102 MB.
Execute       syn_report -verbosereport -o D:/University/Junior/HLS/VGG_Accelerator/hls/vgg_accelerator/solution1/.autopilot/db/layer_block_1_16_32_s.verbose.sched.rpt 
Execute         AP::get_flow_target_display_name
Execute       db_write -o D:/University/Junior/HLS/VGG_Accelerator/hls/vgg_accelerator/solution1/.autopilot/db/layer_block_1_16_32_s.sched.adb -f 
INFO-FLOW: Finish scheduling layer_block<1, 16, 32>.
Execute       set_default_model layer_block<1, 16, 32> 
Execute       bind -model layer_block<1, 16, 32> 
INFO: [BIND 205-100] Starting micro-architecture generation ...
INFO: [BIND 205-101] Performing variable lifetime analysis.
INFO: [BIND 205-101] Exploring resource sharing.
INFO: [BIND 205-101] Binding ...
INFO: [BIND 205-100] Finished micro-architecture generation.
Command       bind done; 0.632 sec.
INFO: [HLS 200-111] Finished Binding: CPU user time: 0 seconds. CPU system time: 0 seconds. Elapsed time: 0.665 seconds; current allocated memory: 536.102 MB.
Execute       syn_report -verbosereport -o D:/University/Junior/HLS/VGG_Accelerator/hls/vgg_accelerator/solution1/.autopilot/db/layer_block_1_16_32_s.verbose.bind.rpt 
Execute         AP::get_flow_target_display_name
Command       syn_report done; 1.476 sec.
Execute       db_write -o D:/University/Junior/HLS/VGG_Accelerator/hls/vgg_accelerator/solution1/.autopilot/db/layer_block_1_16_32_s.bind.adb -f 
INFO-FLOW: Finish binding layer_block<1, 16, 32>.
INFO: [HLS 200-10] ----------------------------------------------------------------
INFO: [HLS 200-42] -- Implementing module 'max_pool_16_32_s' 
INFO: [HLS 200-10] ----------------------------------------------------------------
Execute       set_default_model max_pool<16, 32> 
Execute       schedule -model max_pool<16, 32> 
INFO: [SCHED 204-11] Starting scheduling ...
INFO: [SCHED 204-61] Pipelining loop 'VITIS_LOOP_101_1_VITIS_LOOP_102_2'.
WARNING: [HLS 200-880] The II Violation in module 'max_pool_16_32_s' (loop 'VITIS_LOOP_101_1_VITIS_LOOP_102_2'): Unable to enforce a carried dependence constraint (II = 2, distance = 1, offset = 1) between fifo read operation ('s_conv1_read_16', vgg_accelerator.cpp:108) on port 's_conv1' (vgg_accelerator.cpp:108) and fifo read operation ('val_in', vgg_accelerator.cpp:108) on port 's_conv1' (vgg_accelerator.cpp:108).
WARNING: [HLS 200-880] The II Violation in module 'max_pool_16_32_s' (loop 'VITIS_LOOP_101_1_VITIS_LOOP_102_2'): Unable to enforce a carried dependence constraint (II = 3, distance = 1, offset = 1) between fifo read operation ('s_conv1_read_17', vgg_accelerator.cpp:108) on port 's_conv1' (vgg_accelerator.cpp:108) and fifo read operation ('val_in', vgg_accelerator.cpp:108) on port 's_conv1' (vgg_accelerator.cpp:108).
WARNING: [HLS 200-880] The II Violation in module 'max_pool_16_32_s' (loop 'VITIS_LOOP_101_1_VITIS_LOOP_102_2'): Unable to enforce a carried dependence constraint (II = 4, distance = 1, offset = 1) between fifo read operation ('s_conv1_read_18', vgg_accelerator.cpp:108) on port 's_conv1' (vgg_accelerator.cpp:108) and fifo read operation ('val_in', vgg_accelerator.cpp:108) on port 's_conv1' (vgg_accelerator.cpp:108).
WARNING: [HLS 200-880] The II Violation in module 'max_pool_16_32_s' (loop 'VITIS_LOOP_101_1_VITIS_LOOP_102_2'): Unable to enforce a carried dependence constraint (II = 5, distance = 1, offset = 1) between fifo read operation ('s_conv1_read_19', vgg_accelerator.cpp:108) on port 's_conv1' (vgg_accelerator.cpp:108) and fifo read operation ('val_in', vgg_accelerator.cpp:108) on port 's_conv1' (vgg_accelerator.cpp:108).
WARNING: [HLS 200-880] The II Violation in module 'max_pool_16_32_s' (loop 'VITIS_LOOP_101_1_VITIS_LOOP_102_2'): Unable to enforce a carried dependence constraint (II = 12, distance = 1, offset = 1) between fifo read operation ('s_conv1_read_26', vgg_accelerator.cpp:108) on port 's_conv1' (vgg_accelerator.cpp:108) and fifo read operation ('val_in', vgg_accelerator.cpp:108) on port 's_conv1' (vgg_accelerator.cpp:108).
WARNING: [HLS 200-880] The II Violation in module 'max_pool_16_32_s' (loop 'VITIS_LOOP_101_1_VITIS_LOOP_102_2'): Unable to enforce a carried dependence constraint (II = 14, distance = 1, offset = 1) between fifo read operation ('s_conv1_read_28', vgg_accelerator.cpp:108) on port 's_conv1' (vgg_accelerator.cpp:108) and fifo read operation ('val_in', vgg_accelerator.cpp:108) on port 's_conv1' (vgg_accelerator.cpp:108).
WARNING: [HLS 200-880] The II Violation in module 'max_pool_16_32_s' (loop 'VITIS_LOOP_101_1_VITIS_LOOP_102_2'): Unable to enforce a carried dependence constraint (II = 15, distance = 1, offset = 1) between fifo read operation ('s_conv1_read_29', vgg_accelerator.cpp:108) on port 's_conv1' (vgg_accelerator.cpp:108) and fifo read operation ('val_in', vgg_accelerator.cpp:108) on port 's_conv1' (vgg_accelerator.cpp:108).
INFO: [HLS 200-1470] Pipelining result : Target II = 2, Final II = 16, Depth = 18, loop 'VITIS_LOOP_101_1_VITIS_LOOP_102_2'
INFO: [SCHED 204-11] Finished scheduling.
Command       schedule done; 0.904 sec.
INFO: [HLS 200-111] Finished Scheduling: CPU user time: 3 seconds. CPU system time: 0 seconds. Elapsed time: 2.459 seconds; current allocated memory: 538.930 MB.
Execute       syn_report -verbosereport -o D:/University/Junior/HLS/VGG_Accelerator/hls/vgg_accelerator/solution1/.autopilot/db/max_pool_16_32_s.verbose.sched.rpt 
Execute         AP::get_flow_target_display_name
Execute       db_write -o D:/University/Junior/HLS/VGG_Accelerator/hls/vgg_accelerator/solution1/.autopilot/db/max_pool_16_32_s.sched.adb -f 
INFO-FLOW: Finish scheduling max_pool<16, 32>.
Execute       set_default_model max_pool<16, 32> 
Execute       bind -model max_pool<16, 32> 
INFO: [BIND 205-100] Starting micro-architecture generation ...
INFO: [BIND 205-101] Performing variable lifetime analysis.
INFO: [BIND 205-101] Exploring resource sharing.
INFO: [BIND 205-101] Binding ...
INFO: [BIND 205-100] Finished micro-architecture generation.
Command       bind done; 0.236 sec.
INFO: [HLS 200-111] Finished Binding: CPU user time: 0 seconds. CPU system time: 0 seconds. Elapsed time: 0.341 seconds; current allocated memory: 539.020 MB.
Execute       syn_report -verbosereport -o D:/University/Junior/HLS/VGG_Accelerator/hls/vgg_accelerator/solution1/.autopilot/db/max_pool_16_32_s.verbose.bind.rpt 
Execute         AP::get_flow_target_display_name
Command       syn_report done; 0.232 sec.
Execute       db_write -o D:/University/Junior/HLS/VGG_Accelerator/hls/vgg_accelerator/solution1/.autopilot/db/max_pool_16_32_s.bind.adb -f 
Command       db_write done; 0.107 sec.
INFO-FLOW: Finish binding max_pool<16, 32>.
INFO: [HLS 200-10] ----------------------------------------------------------------
INFO: [HLS 200-42] -- Implementing module 'layer_block_16_32_16_Pipeline_VITIS_LOOP_31_1_VITIS_LOOP_32_2_VITIS_LOOP_33_3' 
INFO: [HLS 200-10] ----------------------------------------------------------------
Execute       set_default_model layer_block<16, 32, 16>_Pipeline_VITIS_LOOP_31_1_VITIS_LOOP_32_2_VITIS_LOOP_33_3 
Execute       schedule -model layer_block<16, 32, 16>_Pipeline_VITIS_LOOP_31_1_VITIS_LOOP_32_2_VITIS_LOOP_33_3 
INFO: [SCHED 204-11] Starting scheduling ...
INFO: [SCHED 204-61] Pipelining loop 'VITIS_LOOP_31_1_VITIS_LOOP_32_2_VITIS_LOOP_33_3'.
INFO: [HLS 200-1470] Pipelining result : Target II = NA, Final II = 1, Depth = 1, loop 'VITIS_LOOP_31_1_VITIS_LOOP_32_2_VITIS_LOOP_33_3'
INFO: [SCHED 204-11] Finished scheduling.
Command       schedule done; 0.188 sec.
INFO: [HLS 200-111] Finished Scheduling: CPU user time: 0 seconds. CPU system time: 0 seconds. Elapsed time: 0.618 seconds; current allocated memory: 539.195 MB.
Execute       syn_report -verbosereport -o D:/University/Junior/HLS/VGG_Accelerator/hls/vgg_accelerator/solution1/.autopilot/db/layer_block_16_32_16_Pipeline_VITIS_LOOP_31_1_VITIS_LOOP_32_2_VITIS_LOOP_33_3.verbose.sched.rpt 
Execute         AP::get_flow_target_display_name
Execute       db_write -o D:/University/Junior/HLS/VGG_Accelerator/hls/vgg_accelerator/solution1/.autopilot/db/layer_block_16_32_16_Pipeline_VITIS_LOOP_31_1_VITIS_LOOP_32_2_VITIS_LOOP_33_3.sched.adb -f 
INFO-FLOW: Finish scheduling layer_block<16, 32, 16>_Pipeline_VITIS_LOOP_31_1_VITIS_LOOP_32_2_VITIS_LOOP_33_3.
Execute       set_default_model layer_block<16, 32, 16>_Pipeline_VITIS_LOOP_31_1_VITIS_LOOP_32_2_VITIS_LOOP_33_3 
Execute       bind -model layer_block<16, 32, 16>_Pipeline_VITIS_LOOP_31_1_VITIS_LOOP_32_2_VITIS_LOOP_33_3 
INFO: [BIND 205-100] Starting micro-architecture generation ...
INFO: [BIND 205-101] Performing variable lifetime analysis.
INFO: [BIND 205-101] Exploring resource sharing.
INFO: [BIND 205-101] Binding ...
INFO: [BIND 205-100] Finished micro-architecture generation.
Command       bind done; 0.144 sec.
INFO: [HLS 200-111] Finished Binding: CPU user time: 0 seconds. CPU system time: 0 seconds. Elapsed time: 0.18 seconds; current allocated memory: 539.195 MB.
Execute       syn_report -verbosereport -o D:/University/Junior/HLS/VGG_Accelerator/hls/vgg_accelerator/solution1/.autopilot/db/layer_block_16_32_16_Pipeline_VITIS_LOOP_31_1_VITIS_LOOP_32_2_VITIS_LOOP_33_3.verbose.bind.rpt 
Execute         AP::get_flow_target_display_name
Execute       db_write -o D:/University/Junior/HLS/VGG_Accelerator/hls/vgg_accelerator/solution1/.autopilot/db/layer_block_16_32_16_Pipeline_VITIS_LOOP_31_1_VITIS_LOOP_32_2_VITIS_LOOP_33_3.bind.adb -f 
INFO-FLOW: Finish binding layer_block<16, 32, 16>_Pipeline_VITIS_LOOP_31_1_VITIS_LOOP_32_2_VITIS_LOOP_33_3.
INFO: [HLS 200-10] ----------------------------------------------------------------
INFO: [HLS 200-42] -- Implementing module 'layer_block_16_32_16_Pipeline_VITIS_LOOP_40_6' 
INFO: [HLS 200-10] ----------------------------------------------------------------
Execute       set_default_model layer_block<16, 32, 16>_Pipeline_VITIS_LOOP_40_6 
Execute       schedule -model layer_block<16, 32, 16>_Pipeline_VITIS_LOOP_40_6 
INFO: [SCHED 204-11] Starting scheduling ...
INFO: [SCHED 204-61] Pipelining loop 'VITIS_LOOP_40_6'.
INFO: [HLS 200-1470] Pipelining result : Target II = 1, Final II = 1, Depth = 2, loop 'VITIS_LOOP_40_6'
INFO: [SCHED 204-11] Finished scheduling.
Command       schedule done; 0.738 sec.
INFO: [HLS 200-111] Finished Scheduling: CPU user time: 1 seconds. CPU system time: 0 seconds. Elapsed time: 0.869 seconds; current allocated memory: 542.668 MB.
Execute       syn_report -verbosereport -o D:/University/Junior/HLS/VGG_Accelerator/hls/vgg_accelerator/solution1/.autopilot/db/layer_block_16_32_16_Pipeline_VITIS_LOOP_40_6.verbose.sched.rpt 
Execute         AP::get_flow_target_display_name
Execute       db_write -o D:/University/Junior/HLS/VGG_Accelerator/hls/vgg_accelerator/solution1/.autopilot/db/layer_block_16_32_16_Pipeline_VITIS_LOOP_40_6.sched.adb -f 
INFO-FLOW: Finish scheduling layer_block<16, 32, 16>_Pipeline_VITIS_LOOP_40_6.
Execute       set_default_model layer_block<16, 32, 16>_Pipeline_VITIS_LOOP_40_6 
Execute       bind -model layer_block<16, 32, 16>_Pipeline_VITIS_LOOP_40_6 
INFO: [BIND 205-100] Starting micro-architecture generation ...
INFO: [BIND 205-101] Performing variable lifetime analysis.
INFO: [BIND 205-101] Exploring resource sharing.
INFO: [BIND 205-101] Binding ...
INFO: [BIND 205-100] Finished micro-architecture generation.
Command       bind done; 0.177 sec.
INFO: [HLS 200-111] Finished Binding: CPU user time: 0 seconds. CPU system time: 0 seconds. Elapsed time: 0.294 seconds; current allocated memory: 543.059 MB.
Execute       syn_report -verbosereport -o D:/University/Junior/HLS/VGG_Accelerator/hls/vgg_accelerator/solution1/.autopilot/db/layer_block_16_32_16_Pipeline_VITIS_LOOP_40_6.verbose.bind.rpt 
Execute         AP::get_flow_target_display_name
Execute       db_write -o D:/University/Junior/HLS/VGG_Accelerator/hls/vgg_accelerator/solution1/.autopilot/db/layer_block_16_32_16_Pipeline_VITIS_LOOP_40_6.bind.adb -f 
Command       db_write done; 0.184 sec.
INFO-FLOW: Finish binding layer_block<16, 32, 16>_Pipeline_VITIS_LOOP_40_6.
INFO: [HLS 200-10] ----------------------------------------------------------------
INFO: [HLS 200-42] -- Implementing module 'layer_block_16_32_16_Pipeline_VITIS_LOOP_71_8' 
INFO: [HLS 200-10] ----------------------------------------------------------------
Execute       set_default_model layer_block<16, 32, 16>_Pipeline_VITIS_LOOP_71_8 
Execute       schedule -model layer_block<16, 32, 16>_Pipeline_VITIS_LOOP_71_8 
INFO: [SCHED 204-11] Starting scheduling ...
INFO: [SCHED 204-61] Pipelining loop 'VITIS_LOOP_71_8'.
INFO: [HLS 200-1470] Pipelining result : Target II = 2, Final II = 2, Depth = 5, loop 'VITIS_LOOP_71_8'
WARNING: [HLS 200-871] Estimated clock period (8.115ns) exceeds the target (target clock period: 10ns, clock uncertainty: 2.7ns, effective delay budget: 7.3ns).
WARNING: [HLS 200-1016] The critical path in module 'layer_block_16_32_16_Pipeline_VITIS_LOOP_71_8' consists of the following:	'load' operation ('lhs_load') on local variable 'lhs' [313]  (0 ns)
	'add' operation ('acc.V') [338]  (1.2 ns)
	'select' operation ('acc.V') [344]  (0.525 ns)
	'add' operation ('ret.V') [357]  (1.2 ns)
	'xor' operation ('xor_ln302_9') [363]  (0 ns)
	'select' operation ('acc.V') [365]  (0.525 ns)
	'add' operation ('acc.V') [380]  (1.2 ns)
	'select' operation ('acc.V') [386]  (0.525 ns)
	'add' operation ('ret.V') [399]  (1.2 ns)
	'xor' operation ('xor_ln895_13') [403]  (0 ns)
	'and' operation ('overflow') [404]  (0 ns)
	'select' operation ('select_ln346_11') [406]  (0 ns)
	'select' operation ('acc.V') [407]  (0.525 ns)
	'add' operation ('ret.V') [420]  (1.2 ns)

INFO: [SCHED 204-11] Finished scheduling.
Command       schedule done; 0.622 sec.
INFO: [HLS 200-111] Finished Scheduling: CPU user time: 1 seconds. CPU system time: 0 seconds. Elapsed time: 0.96 seconds; current allocated memory: 546.488 MB.
Execute       syn_report -verbosereport -o D:/University/Junior/HLS/VGG_Accelerator/hls/vgg_accelerator/solution1/.autopilot/db/layer_block_16_32_16_Pipeline_VITIS_LOOP_71_8.verbose.sched.rpt 
Execute         AP::get_flow_target_display_name
Execute       db_write -o D:/University/Junior/HLS/VGG_Accelerator/hls/vgg_accelerator/solution1/.autopilot/db/layer_block_16_32_16_Pipeline_VITIS_LOOP_71_8.sched.adb -f 
INFO-FLOW: Finish scheduling layer_block<16, 32, 16>_Pipeline_VITIS_LOOP_71_8.
Execute       set_default_model layer_block<16, 32, 16>_Pipeline_VITIS_LOOP_71_8 
Execute       bind -model layer_block<16, 32, 16>_Pipeline_VITIS_LOOP_71_8 
INFO: [BIND 205-100] Starting micro-architecture generation ...
INFO: [BIND 205-101] Performing variable lifetime analysis.
INFO: [BIND 205-101] Exploring resource sharing.
INFO: [BIND 205-101] Binding ...
INFO: [BIND 205-100] Finished micro-architecture generation.
Command       bind done; 0.247 sec.
INFO: [HLS 200-111] Finished Binding: CPU user time: 0 seconds. CPU system time: 0 seconds. Elapsed time: 0.373 seconds; current allocated memory: 546.582 MB.
Execute       syn_report -verbosereport -o D:/University/Junior/HLS/VGG_Accelerator/hls/vgg_accelerator/solution1/.autopilot/db/layer_block_16_32_16_Pipeline_VITIS_LOOP_71_8.verbose.bind.rpt 
Execute         AP::get_flow_target_display_name
Command       syn_report done; 0.346 sec.
Execute       db_write -o D:/University/Junior/HLS/VGG_Accelerator/hls/vgg_accelerator/solution1/.autopilot/db/layer_block_16_32_16_Pipeline_VITIS_LOOP_71_8.bind.adb -f 
INFO-FLOW: Finish binding layer_block<16, 32, 16>_Pipeline_VITIS_LOOP_71_8.
INFO: [HLS 200-10] ----------------------------------------------------------------
INFO: [HLS 200-42] -- Implementing module 'layer_block_16_32_16_s' 
INFO: [HLS 200-10] ----------------------------------------------------------------
Execute       set_default_model layer_block<16, 32, 16> 
Execute       schedule -model layer_block<16, 32, 16> 
INFO: [SCHED 204-11] Starting scheduling ...
INFO: [SCHED 204-11] Finished scheduling.
Command       schedule done; 0.27 sec.
INFO: [HLS 200-111] Finished Scheduling: CPU user time: 1 seconds. CPU system time: 0 seconds. Elapsed time: 0.755 seconds; current allocated memory: 550.781 MB.
Execute       syn_report -verbosereport -o D:/University/Junior/HLS/VGG_Accelerator/hls/vgg_accelerator/solution1/.autopilot/db/layer_block_16_32_16_s.verbose.sched.rpt 
Execute         AP::get_flow_target_display_name
Execute       db_write -o D:/University/Junior/HLS/VGG_Accelerator/hls/vgg_accelerator/solution1/.autopilot/db/layer_block_16_32_16_s.sched.adb -f 
INFO-FLOW: Finish scheduling layer_block<16, 32, 16>.
Execute       set_default_model layer_block<16, 32, 16> 
Execute       bind -model layer_block<16, 32, 16> 
INFO: [BIND 205-100] Starting micro-architecture generation ...
INFO: [BIND 205-101] Performing variable lifetime analysis.
INFO: [BIND 205-101] Exploring resource sharing.
INFO: [BIND 205-101] Binding ...
INFO: [BIND 205-100] Finished micro-architecture generation.
Command       bind done; 0.257 sec.
INFO: [HLS 200-111] Finished Binding: CPU user time: 0 seconds. CPU system time: 0 seconds. Elapsed time: 0.38 seconds; current allocated memory: 551.758 MB.
Execute       syn_report -verbosereport -o D:/University/Junior/HLS/VGG_Accelerator/hls/vgg_accelerator/solution1/.autopilot/db/layer_block_16_32_16_s.verbose.bind.rpt 
Execute         AP::get_flow_target_display_name
Command       syn_report done; 0.263 sec.
Execute       db_write -o D:/University/Junior/HLS/VGG_Accelerator/hls/vgg_accelerator/solution1/.autopilot/db/layer_block_16_32_16_s.bind.adb -f 
INFO-FLOW: Finish binding layer_block<16, 32, 16>.
INFO: [HLS 200-10] ----------------------------------------------------------------
INFO: [HLS 200-42] -- Implementing module 'max_val' 
INFO: [HLS 200-10] ----------------------------------------------------------------
Execute       set_default_model max_val 
Execute       schedule -model max_val 
INFO: [SCHED 204-11] Starting scheduling ...
INFO: [SCHED 204-61] Pipelining function 'max_val'.
INFO: [HLS 200-1470] Pipelining result : Target II = 0, Final II = 1, Depth = 1, function 'max_val'
INFO: [SCHED 204-11] Finished scheduling.
Command       schedule done; 0.183 sec.
INFO: [HLS 200-111] Finished Scheduling: CPU user time: 0 seconds. CPU system time: 0 seconds. Elapsed time: 0.616 seconds; current allocated memory: 551.852 MB.
Execute       syn_report -verbosereport -o D:/University/Junior/HLS/VGG_Accelerator/hls/vgg_accelerator/solution1/.autopilot/db/max_val.verbose.sched.rpt 
Execute         AP::get_flow_target_display_name
Execute       db_write -o D:/University/Junior/HLS/VGG_Accelerator/hls/vgg_accelerator/solution1/.autopilot/db/max_val.sched.adb -f 
INFO-FLOW: Finish scheduling max_val.
Execute       set_default_model max_val 
Execute       bind -model max_val 
INFO: [BIND 205-100] Starting micro-architecture generation ...
INFO: [BIND 205-101] Performing variable lifetime analysis.
INFO: [BIND 205-101] Exploring resource sharing.
INFO: [BIND 205-101] Binding ...
INFO: [BIND 205-100] Finished micro-architecture generation.
Command       bind done; 0.206 sec.
INFO: [HLS 200-111] Finished Binding: CPU user time: 1 seconds. CPU system time: 0 seconds. Elapsed time: 0.226 seconds; current allocated memory: 551.852 MB.
Execute       syn_report -verbosereport -o D:/University/Junior/HLS/VGG_Accelerator/hls/vgg_accelerator/solution1/.autopilot/db/max_val.verbose.bind.rpt 
Execute         AP::get_flow_target_display_name
Execute       db_write -o D:/University/Junior/HLS/VGG_Accelerator/hls/vgg_accelerator/solution1/.autopilot/db/max_val.bind.adb -f 
INFO-FLOW: Finish binding max_val.
INFO: [HLS 200-10] ----------------------------------------------------------------
INFO: [HLS 200-42] -- Implementing module 'max_pool_32_16_s' 
INFO: [HLS 200-10] ----------------------------------------------------------------
Execute       set_default_model max_pool<32, 16> 
Execute       schedule -model max_pool<32, 16> 
INFO: [SCHED 204-11] Starting scheduling ...
INFO: [SCHED 204-61] Pipelining loop 'VITIS_LOOP_101_1_VITIS_LOOP_102_2'.
WARNING: [HLS 200-880] The II Violation in module 'max_pool_32_16_s' (loop 'VITIS_LOOP_101_1_VITIS_LOOP_102_2'): Unable to enforce a carried dependence constraint (II = 2, distance = 1, offset = 1) between fifo read operation ('s_conv2_read_32', vgg_accelerator.cpp:108) on port 's_conv2' (vgg_accelerator.cpp:108) and fifo read operation ('val_in', vgg_accelerator.cpp:108) on port 's_conv2' (vgg_accelerator.cpp:108).
WARNING: [HLS 200-880] The II Violation in module 'max_pool_32_16_s' (loop 'VITIS_LOOP_101_1_VITIS_LOOP_102_2'): Unable to enforce a carried dependence constraint (II = 3, distance = 1, offset = 1) between fifo read operation ('s_conv2_read_33', vgg_accelerator.cpp:108) on port 's_conv2' (vgg_accelerator.cpp:108) and fifo read operation ('val_in', vgg_accelerator.cpp:108) on port 's_conv2' (vgg_accelerator.cpp:108).
WARNING: [HLS 200-880] The II Violation in module 'max_pool_32_16_s' (loop 'VITIS_LOOP_101_1_VITIS_LOOP_102_2'): Unable to enforce a carried dependence constraint (II = 4, distance = 1, offset = 1) between fifo read operation ('s_conv2_read_34', vgg_accelerator.cpp:108) on port 's_conv2' (vgg_accelerator.cpp:108) and fifo read operation ('val_in', vgg_accelerator.cpp:108) on port 's_conv2' (vgg_accelerator.cpp:108).
WARNING: [HLS 200-880] The II Violation in module 'max_pool_32_16_s' (loop 'VITIS_LOOP_101_1_VITIS_LOOP_102_2'): Unable to enforce a carried dependence constraint (II = 5, distance = 1, offset = 1) between fifo read operation ('s_conv2_read_35', vgg_accelerator.cpp:108) on port 's_conv2' (vgg_accelerator.cpp:108) and fifo read operation ('val_in', vgg_accelerator.cpp:108) on port 's_conv2' (vgg_accelerator.cpp:108).
WARNING: [HLS 200-880] The II Violation in module 'max_pool_32_16_s' (loop 'VITIS_LOOP_101_1_VITIS_LOOP_102_2'): Unable to enforce a carried dependence constraint (II = 20, distance = 1, offset = 1) between fifo read operation ('s_conv2_read_50', vgg_accelerator.cpp:108) on port 's_conv2' (vgg_accelerator.cpp:108) and fifo read operation ('val_in', vgg_accelerator.cpp:108) on port 's_conv2' (vgg_accelerator.cpp:108).
WARNING: [HLS 200-880] The II Violation in module 'max_pool_32_16_s' (loop 'VITIS_LOOP_101_1_VITIS_LOOP_102_2'): Unable to enforce a carried dependence constraint (II = 28, distance = 1, offset = 1) between fifo read operation ('s_conv2_read_58', vgg_accelerator.cpp:108) on port 's_conv2' (vgg_accelerator.cpp:108) and fifo read operation ('val_in', vgg_accelerator.cpp:108) on port 's_conv2' (vgg_accelerator.cpp:108).
WARNING: [HLS 200-880] The II Violation in module 'max_pool_32_16_s' (loop 'VITIS_LOOP_101_1_VITIS_LOOP_102_2'): Unable to enforce a carried dependence constraint (II = 30, distance = 1, offset = 1) between fifo read operation ('s_conv2_read_60', vgg_accelerator.cpp:108) on port 's_conv2' (vgg_accelerator.cpp:108) and fifo read operation ('val_in', vgg_accelerator.cpp:108) on port 's_conv2' (vgg_accelerator.cpp:108).
WARNING: [HLS 200-880] The II Violation in module 'max_pool_32_16_s' (loop 'VITIS_LOOP_101_1_VITIS_LOOP_102_2'): Unable to enforce a carried dependence constraint (II = 31, distance = 1, offset = 1) between fifo read operation ('s_conv2_read_61', vgg_accelerator.cpp:108) on port 's_conv2' (vgg_accelerator.cpp:108) and fifo read operation ('val_in', vgg_accelerator.cpp:108) on port 's_conv2' (vgg_accelerator.cpp:108).
INFO: [HLS 200-1470] Pipelining result : Target II = 2, Final II = 32, Depth = 33, loop 'VITIS_LOOP_101_1_VITIS_LOOP_102_2'
INFO: [SCHED 204-11] Finished scheduling.
Command       schedule done; 2.183 sec.
INFO: [HLS 200-111] Finished Scheduling: CPU user time: 2 seconds. CPU system time: 0 seconds. Elapsed time: 2.312 seconds; current allocated memory: 569.477 MB.
Execute       syn_report -verbosereport -o D:/University/Junior/HLS/VGG_Accelerator/hls/vgg_accelerator/solution1/.autopilot/db/max_pool_32_16_s.verbose.sched.rpt 
Execute         AP::get_flow_target_display_name
Execute       db_write -o D:/University/Junior/HLS/VGG_Accelerator/hls/vgg_accelerator/solution1/.autopilot/db/max_pool_32_16_s.sched.adb -f 
INFO-FLOW: Finish scheduling max_pool<32, 16>.
Execute       set_default_model max_pool<32, 16> 
Execute       bind -model max_pool<32, 16> 
INFO: [BIND 205-100] Starting micro-architecture generation ...
INFO: [BIND 205-101] Performing variable lifetime analysis.
INFO: [BIND 205-101] Exploring resource sharing.
INFO: [BIND 205-101] Binding ...
INFO: [BIND 205-100] Finished micro-architecture generation.
Command       bind done; 0.214 sec.
INFO: [HLS 200-111] Finished Binding: CPU user time: 0 seconds. CPU system time: 0 seconds. Elapsed time: 0.356 seconds; current allocated memory: 569.660 MB.
Execute       syn_report -verbosereport -o D:/University/Junior/HLS/VGG_Accelerator/hls/vgg_accelerator/solution1/.autopilot/db/max_pool_32_16_s.verbose.bind.rpt 
Execute         AP::get_flow_target_display_name
Command       syn_report done; 0.129 sec.
Execute       db_write -o D:/University/Junior/HLS/VGG_Accelerator/hls/vgg_accelerator/solution1/.autopilot/db/max_pool_32_16_s.bind.adb -f 
INFO-FLOW: Finish binding max_pool<32, 16>.
INFO: [HLS 200-10] ----------------------------------------------------------------
INFO: [HLS 200-42] -- Implementing module 'layer_block_32_64_8_Pipeline_VITIS_LOOP_31_1_VITIS_LOOP_32_2_VITIS_LOOP_33_3' 
INFO: [HLS 200-10] ----------------------------------------------------------------
Execute       set_default_model layer_block<32, 64, 8>_Pipeline_VITIS_LOOP_31_1_VITIS_LOOP_32_2_VITIS_LOOP_33_3 
Execute       schedule -model layer_block<32, 64, 8>_Pipeline_VITIS_LOOP_31_1_VITIS_LOOP_32_2_VITIS_LOOP_33_3 
INFO: [SCHED 204-11] Starting scheduling ...
INFO: [SCHED 204-61] Pipelining loop 'VITIS_LOOP_31_1_VITIS_LOOP_32_2_VITIS_LOOP_33_3'.
INFO: [HLS 200-1470] Pipelining result : Target II = NA, Final II = 1, Depth = 1, loop 'VITIS_LOOP_31_1_VITIS_LOOP_32_2_VITIS_LOOP_33_3'
INFO: [SCHED 204-11] Finished scheduling.
Command       schedule done; 0.162 sec.
INFO: [HLS 200-111] Finished Scheduling: CPU user time: 0 seconds. CPU system time: 0 seconds. Elapsed time: 0.456 seconds; current allocated memory: 569.660 MB.
Execute       syn_report -verbosereport -o D:/University/Junior/HLS/VGG_Accelerator/hls/vgg_accelerator/solution1/.autopilot/db/layer_block_32_64_8_Pipeline_VITIS_LOOP_31_1_VITIS_LOOP_32_2_VITIS_LOOP_33_3.verbose.sched.rpt 
Execute         AP::get_flow_target_display_name
Execute       db_write -o D:/University/Junior/HLS/VGG_Accelerator/hls/vgg_accelerator/solution1/.autopilot/db/layer_block_32_64_8_Pipeline_VITIS_LOOP_31_1_VITIS_LOOP_32_2_VITIS_LOOP_33_3.sched.adb -f 
INFO-FLOW: Finish scheduling layer_block<32, 64, 8>_Pipeline_VITIS_LOOP_31_1_VITIS_LOOP_32_2_VITIS_LOOP_33_3.
Execute       set_default_model layer_block<32, 64, 8>_Pipeline_VITIS_LOOP_31_1_VITIS_LOOP_32_2_VITIS_LOOP_33_3 
Execute       bind -model layer_block<32, 64, 8>_Pipeline_VITIS_LOOP_31_1_VITIS_LOOP_32_2_VITIS_LOOP_33_3 
INFO: [BIND 205-100] Starting micro-architecture generation ...
INFO: [BIND 205-101] Performing variable lifetime analysis.
INFO: [BIND 205-101] Exploring resource sharing.
INFO: [BIND 205-101] Binding ...
INFO: [BIND 205-100] Finished micro-architecture generation.
Command       bind done; 0.195 sec.
INFO: [HLS 200-111] Finished Binding: CPU user time: 0 seconds. CPU system time: 0 seconds. Elapsed time: 0.244 seconds; current allocated memory: 569.660 MB.
Execute       syn_report -verbosereport -o D:/University/Junior/HLS/VGG_Accelerator/hls/vgg_accelerator/solution1/.autopilot/db/layer_block_32_64_8_Pipeline_VITIS_LOOP_31_1_VITIS_LOOP_32_2_VITIS_LOOP_33_3.verbose.bind.rpt 
Execute         AP::get_flow_target_display_name
Execute       db_write -o D:/University/Junior/HLS/VGG_Accelerator/hls/vgg_accelerator/solution1/.autopilot/db/layer_block_32_64_8_Pipeline_VITIS_LOOP_31_1_VITIS_LOOP_32_2_VITIS_LOOP_33_3.bind.adb -f 
INFO-FLOW: Finish binding layer_block<32, 64, 8>_Pipeline_VITIS_LOOP_31_1_VITIS_LOOP_32_2_VITIS_LOOP_33_3.
INFO: [HLS 200-10] ----------------------------------------------------------------
INFO: [HLS 200-42] -- Implementing module 'layer_block_32_64_8_Pipeline_VITIS_LOOP_40_6' 
INFO: [HLS 200-10] ----------------------------------------------------------------
Execute       set_default_model layer_block<32, 64, 8>_Pipeline_VITIS_LOOP_40_6 
Execute       schedule -model layer_block<32, 64, 8>_Pipeline_VITIS_LOOP_40_6 
INFO: [SCHED 204-11] Starting scheduling ...
INFO: [SCHED 204-61] Pipelining loop 'VITIS_LOOP_40_6'.
INFO: [HLS 200-1470] Pipelining result : Target II = 1, Final II = 1, Depth = 2, loop 'VITIS_LOOP_40_6'
INFO: [SCHED 204-11] Finished scheduling.
Command       schedule done; 1.628 sec.
INFO: [HLS 200-111] Finished Scheduling: CPU user time: 2 seconds. CPU system time: 1 seconds. Elapsed time: 1.779 seconds; current allocated memory: 571.770 MB.
Execute       syn_report -verbosereport -o D:/University/Junior/HLS/VGG_Accelerator/hls/vgg_accelerator/solution1/.autopilot/db/layer_block_32_64_8_Pipeline_VITIS_LOOP_40_6.verbose.sched.rpt 
Execute         AP::get_flow_target_display_name
Execute       db_write -o D:/University/Junior/HLS/VGG_Accelerator/hls/vgg_accelerator/solution1/.autopilot/db/layer_block_32_64_8_Pipeline_VITIS_LOOP_40_6.sched.adb -f 
Command       db_write done; 0.218 sec.
INFO-FLOW: Finish scheduling layer_block<32, 64, 8>_Pipeline_VITIS_LOOP_40_6.
Execute       set_default_model layer_block<32, 64, 8>_Pipeline_VITIS_LOOP_40_6 
Execute       bind -model layer_block<32, 64, 8>_Pipeline_VITIS_LOOP_40_6 
INFO: [BIND 205-100] Starting micro-architecture generation ...
INFO: [BIND 205-101] Performing variable lifetime analysis.
INFO: [BIND 205-101] Exploring resource sharing.
INFO: [BIND 205-101] Binding ...
INFO: [BIND 205-100] Finished micro-architecture generation.
Command       bind done; 0.305 sec.
INFO: [HLS 200-111] Finished Binding: CPU user time: 0 seconds. CPU system time: 0 seconds. Elapsed time: 0.584 seconds; current allocated memory: 571.914 MB.
Execute       syn_report -verbosereport -o D:/University/Junior/HLS/VGG_Accelerator/hls/vgg_accelerator/solution1/.autopilot/db/layer_block_32_64_8_Pipeline_VITIS_LOOP_40_6.verbose.bind.rpt 
Execute         AP::get_flow_target_display_name
Command       syn_report done; 0.101 sec.
Execute       db_write -o D:/University/Junior/HLS/VGG_Accelerator/hls/vgg_accelerator/solution1/.autopilot/db/layer_block_32_64_8_Pipeline_VITIS_LOOP_40_6.bind.adb -f 
Command       db_write done; 0.284 sec.
INFO-FLOW: Finish binding layer_block<32, 64, 8>_Pipeline_VITIS_LOOP_40_6.
INFO: [HLS 200-10] ----------------------------------------------------------------
INFO: [HLS 200-42] -- Implementing module 'layer_block_32_64_8_Pipeline_VITIS_LOOP_71_8' 
INFO: [HLS 200-10] ----------------------------------------------------------------
Execute       set_default_model layer_block<32, 64, 8>_Pipeline_VITIS_LOOP_71_8 
Execute       schedule -model layer_block<32, 64, 8>_Pipeline_VITIS_LOOP_71_8 
INFO: [SCHED 204-11] Starting scheduling ...
INFO: [SCHED 204-61] Pipelining loop 'VITIS_LOOP_71_8'.
INFO: [HLS 200-1470] Pipelining result : Target II = 2, Final II = 2, Depth = 5, loop 'VITIS_LOOP_71_8'
WARNING: [HLS 200-871] Estimated clock period (8.115ns) exceeds the target (target clock period: 10ns, clock uncertainty: 2.7ns, effective delay budget: 7.3ns).
WARNING: [HLS 200-1016] The critical path in module 'layer_block_32_64_8_Pipeline_VITIS_LOOP_71_8' consists of the following:	'load' operation ('lhs_load') on local variable 'lhs' [601]  (0 ns)
	'add' operation ('acc.V') [626]  (1.2 ns)
	'select' operation ('acc.V') [632]  (0.525 ns)
	'add' operation ('acc.V') [647]  (1.2 ns)
	'select' operation ('acc.V') [653]  (0.525 ns)
	'add' operation ('ret.V') [666]  (1.2 ns)
	'xor' operation ('xor_ln302_2') [672]  (0 ns)
	'select' operation ('acc.V') [674]  (0.525 ns)
	'add' operation ('acc.V') [689]  (1.2 ns)
	'select' operation ('acc.V') [695]  (0.525 ns)
	'add' operation ('ret.V') [708]  (1.2 ns)

INFO: [SCHED 204-11] Finished scheduling.
Command       schedule done; 0.805 sec.
INFO: [HLS 200-111] Finished Scheduling: CPU user time: 1 seconds. CPU system time: 0 seconds. Elapsed time: 1.286 seconds; current allocated memory: 576.754 MB.
Execute       syn_report -verbosereport -o D:/University/Junior/HLS/VGG_Accelerator/hls/vgg_accelerator/solution1/.autopilot/db/layer_block_32_64_8_Pipeline_VITIS_LOOP_71_8.verbose.sched.rpt 
Execute         AP::get_flow_target_display_name
Execute       db_write -o D:/University/Junior/HLS/VGG_Accelerator/hls/vgg_accelerator/solution1/.autopilot/db/layer_block_32_64_8_Pipeline_VITIS_LOOP_71_8.sched.adb -f 
INFO-FLOW: Finish scheduling layer_block<32, 64, 8>_Pipeline_VITIS_LOOP_71_8.
Execute       set_default_model layer_block<32, 64, 8>_Pipeline_VITIS_LOOP_71_8 
Execute       bind -model layer_block<32, 64, 8>_Pipeline_VITIS_LOOP_71_8 
INFO: [BIND 205-100] Starting micro-architecture generation ...
INFO: [BIND 205-101] Performing variable lifetime analysis.
INFO: [BIND 205-101] Exploring resource sharing.
INFO: [BIND 205-101] Binding ...
INFO: [BIND 205-100] Finished micro-architecture generation.
Command       bind done; 0.197 sec.
INFO: [HLS 200-111] Finished Binding: CPU user time: 0 seconds. CPU system time: 0 seconds. Elapsed time: 0.301 seconds; current allocated memory: 576.820 MB.
Execute       syn_report -verbosereport -o D:/University/Junior/HLS/VGG_Accelerator/hls/vgg_accelerator/solution1/.autopilot/db/layer_block_32_64_8_Pipeline_VITIS_LOOP_71_8.verbose.bind.rpt 
Execute         AP::get_flow_target_display_name
Command       syn_report done; 0.311 sec.
Execute       db_write -o D:/University/Junior/HLS/VGG_Accelerator/hls/vgg_accelerator/solution1/.autopilot/db/layer_block_32_64_8_Pipeline_VITIS_LOOP_71_8.bind.adb -f 
INFO-FLOW: Finish binding layer_block<32, 64, 8>_Pipeline_VITIS_LOOP_71_8.
INFO: [HLS 200-10] ----------------------------------------------------------------
INFO: [HLS 200-42] -- Implementing module 'layer_block_32_64_8_s' 
INFO: [HLS 200-10] ----------------------------------------------------------------
Execute       set_default_model layer_block<32, 64, 8> 
Execute       schedule -model layer_block<32, 64, 8> 
INFO: [SCHED 204-11] Starting scheduling ...
INFO: [SCHED 204-11] Finished scheduling.
Command       schedule done; 0.631 sec.
INFO: [HLS 200-111] Finished Scheduling: CPU user time: 0 seconds. CPU system time: 0 seconds. Elapsed time: 1.099 seconds; current allocated memory: 585.926 MB.
Execute       syn_report -verbosereport -o D:/University/Junior/HLS/VGG_Accelerator/hls/vgg_accelerator/solution1/.autopilot/db/layer_block_32_64_8_s.verbose.sched.rpt 
Execute         AP::get_flow_target_display_name
Execute       db_write -o D:/University/Junior/HLS/VGG_Accelerator/hls/vgg_accelerator/solution1/.autopilot/db/layer_block_32_64_8_s.sched.adb -f 
Command       db_write done; 0.118 sec.
INFO-FLOW: Finish scheduling layer_block<32, 64, 8>.
Execute       set_default_model layer_block<32, 64, 8> 
Execute       bind -model layer_block<32, 64, 8> 
INFO: [BIND 205-100] Starting micro-architecture generation ...
INFO: [BIND 205-101] Performing variable lifetime analysis.
INFO: [BIND 205-101] Exploring resource sharing.
INFO: [BIND 205-101] Binding ...
INFO: [BIND 205-100] Finished micro-architecture generation.
Command       bind done; 0.362 sec.
INFO: [HLS 200-111] Finished Binding: CPU user time: 1 seconds. CPU system time: 0 seconds. Elapsed time: 0.539 seconds; current allocated memory: 586.305 MB.
Execute       syn_report -verbosereport -o D:/University/Junior/HLS/VGG_Accelerator/hls/vgg_accelerator/solution1/.autopilot/db/layer_block_32_64_8_s.verbose.bind.rpt 
Execute         AP::get_flow_target_display_name
Command       syn_report done; 0.298 sec.
Execute       db_write -o D:/University/Junior/HLS/VGG_Accelerator/hls/vgg_accelerator/solution1/.autopilot/db/layer_block_32_64_8_s.bind.adb -f 
Command       db_write done; 0.142 sec.
INFO-FLOW: Finish binding layer_block<32, 64, 8>.
INFO: [HLS 200-10] ----------------------------------------------------------------
INFO: [HLS 200-42] -- Implementing module 'max_pool_64_8_s' 
INFO: [HLS 200-10] ----------------------------------------------------------------
Execute       set_default_model max_pool<64, 8> 
Execute       schedule -model max_pool<64, 8> 
INFO: [SCHED 204-11] Starting scheduling ...
INFO: [SCHED 204-61] Pipelining loop 'VITIS_LOOP_101_1_VITIS_LOOP_102_2'.
WARNING: [HLS 200-880] The II Violation in module 'max_pool_64_8_s' (loop 'VITIS_LOOP_101_1_VITIS_LOOP_102_2'): Unable to enforce a carried dependence constraint (II = 2, distance = 1, offset = 1) between fifo read operation ('s_conv3_read_64', vgg_accelerator.cpp:108) on port 's_conv3' (vgg_accelerator.cpp:108) and fifo read operation ('val_in', vgg_accelerator.cpp:108) on port 's_conv3' (vgg_accelerator.cpp:108).
WARNING: [HLS 200-880] The II Violation in module 'max_pool_64_8_s' (loop 'VITIS_LOOP_101_1_VITIS_LOOP_102_2'): Unable to enforce a carried dependence constraint (II = 3, distance = 1, offset = 1) between fifo read operation ('s_conv3_read_65', vgg_accelerator.cpp:108) on port 's_conv3' (vgg_accelerator.cpp:108) and fifo read operation ('val_in', vgg_accelerator.cpp:108) on port 's_conv3' (vgg_accelerator.cpp:108).
WARNING: [HLS 200-880] The II Violation in module 'max_pool_64_8_s' (loop 'VITIS_LOOP_101_1_VITIS_LOOP_102_2'): Unable to enforce a carried dependence constraint (II = 4, distance = 1, offset = 1) between fifo read operation ('s_conv3_read_66', vgg_accelerator.cpp:108) on port 's_conv3' (vgg_accelerator.cpp:108) and fifo read operation ('val_in', vgg_accelerator.cpp:108) on port 's_conv3' (vgg_accelerator.cpp:108).
WARNING: [HLS 200-880] The II Violation in module 'max_pool_64_8_s' (loop 'VITIS_LOOP_101_1_VITIS_LOOP_102_2'): Unable to enforce a carried dependence constraint (II = 5, distance = 1, offset = 1) between fifo read operation ('s_conv3_read_67', vgg_accelerator.cpp:108) on port 's_conv3' (vgg_accelerator.cpp:108) and fifo read operation ('val_in', vgg_accelerator.cpp:108) on port 's_conv3' (vgg_accelerator.cpp:108).
WARNING: [HLS 200-880] The II Violation in module 'max_pool_64_8_s' (loop 'VITIS_LOOP_101_1_VITIS_LOOP_102_2'): Unable to enforce a carried dependence constraint (II = 36, distance = 1, offset = 1) between fifo read operation ('s_conv3_read_98', vgg_accelerator.cpp:108) on port 's_conv3' (vgg_accelerator.cpp:108) and fifo read operation ('val_in', vgg_accelerator.cpp:108) on port 's_conv3' (vgg_accelerator.cpp:108).
WARNING: [HLS 200-880] The II Violation in module 'max_pool_64_8_s' (loop 'VITIS_LOOP_101_1_VITIS_LOOP_102_2'): Unable to enforce a carried dependence constraint (II = 52, distance = 1, offset = 1) between fifo read operation ('s_conv3_read_114', vgg_accelerator.cpp:108) on port 's_conv3' (vgg_accelerator.cpp:108) and fifo read operation ('val_in', vgg_accelerator.cpp:108) on port 's_conv3' (vgg_accelerator.cpp:108).
WARNING: [HLS 200-880] The II Violation in module 'max_pool_64_8_s' (loop 'VITIS_LOOP_101_1_VITIS_LOOP_102_2'): Unable to enforce a carried dependence constraint (II = 60, distance = 1, offset = 1) between fifo read operation ('s_conv3_read_122', vgg_accelerator.cpp:108) on port 's_conv3' (vgg_accelerator.cpp:108) and fifo read operation ('val_in', vgg_accelerator.cpp:108) on port 's_conv3' (vgg_accelerator.cpp:108).
WARNING: [HLS 200-880] The II Violation in module 'max_pool_64_8_s' (loop 'VITIS_LOOP_101_1_VITIS_LOOP_102_2'): Unable to enforce a carried dependence constraint (II = 62, distance = 1, offset = 1) between fifo read operation ('s_conv3_read_124', vgg_accelerator.cpp:108) on port 's_conv3' (vgg_accelerator.cpp:108) and fifo read operation ('val_in', vgg_accelerator.cpp:108) on port 's_conv3' (vgg_accelerator.cpp:108).
WARNING: [HLS 200-880] The II Violation in module 'max_pool_64_8_s' (loop 'VITIS_LOOP_101_1_VITIS_LOOP_102_2'): Unable to enforce a carried dependence constraint (II = 63, distance = 1, offset = 1) between fifo read operation ('s_conv3_read_125', vgg_accelerator.cpp:108) on port 's_conv3' (vgg_accelerator.cpp:108) and fifo read operation ('val_in', vgg_accelerator.cpp:108) on port 's_conv3' (vgg_accelerator.cpp:108).
INFO: [HLS 200-1470] Pipelining result : Target II = 2, Final II = 64, Depth = 65, loop 'VITIS_LOOP_101_1_VITIS_LOOP_102_2'
INFO: [SCHED 204-11] Finished scheduling.
Command       schedule done; 6.347 sec.
INFO: [HLS 200-111] Finished Scheduling: CPU user time: 6 seconds. CPU system time: 0 seconds. Elapsed time: 6.886 seconds; current allocated memory: 634.738 MB.
Execute       syn_report -verbosereport -o D:/University/Junior/HLS/VGG_Accelerator/hls/vgg_accelerator/solution1/.autopilot/db/max_pool_64_8_s.verbose.sched.rpt 
Execute         AP::get_flow_target_display_name
Command       syn_report done; 0.168 sec.
Execute       db_write -o D:/University/Junior/HLS/VGG_Accelerator/hls/vgg_accelerator/solution1/.autopilot/db/max_pool_64_8_s.sched.adb -f 
Command       db_write done; 0.12 sec.
INFO-FLOW: Finish scheduling max_pool<64, 8>.
Execute       set_default_model max_pool<64, 8> 
Execute       bind -model max_pool<64, 8> 
INFO: [BIND 205-100] Starting micro-architecture generation ...
INFO: [BIND 205-101] Performing variable lifetime analysis.
INFO: [BIND 205-101] Exploring resource sharing.
INFO: [BIND 205-101] Binding ...
INFO: [BIND 205-100] Finished micro-architecture generation.
Command       bind done; 0.303 sec.
INFO: [HLS 200-111] Finished Binding: CPU user time: 1 seconds. CPU system time: 0 seconds. Elapsed time: 0.593 seconds; current allocated memory: 634.738 MB.
Execute       syn_report -verbosereport -o D:/University/Junior/HLS/VGG_Accelerator/hls/vgg_accelerator/solution1/.autopilot/db/max_pool_64_8_s.verbose.bind.rpt 
Execute         AP::get_flow_target_display_name
Command       syn_report done; 0.245 sec.
Execute       db_write -o D:/University/Junior/HLS/VGG_Accelerator/hls/vgg_accelerator/solution1/.autopilot/db/max_pool_64_8_s.bind.adb -f 
Command       db_write done; 0.204 sec.
INFO-FLOW: Finish binding max_pool<64, 8>.
INFO: [HLS 200-10] ----------------------------------------------------------------
INFO: [HLS 200-42] -- Implementing module 'dense_layer_Pipeline_VITIS_LOOP_135_1' 
INFO: [HLS 200-10] ----------------------------------------------------------------
Execute       set_default_model dense_layer_Pipeline_VITIS_LOOP_135_1 
Execute       schedule -model dense_layer_Pipeline_VITIS_LOOP_135_1 
INFO: [SCHED 204-11] Starting scheduling ...
INFO: [SCHED 204-61] Pipelining loop 'VITIS_LOOP_135_1'.
INFO: [HLS 200-1470] Pipelining result : Target II = 1, Final II = 1, Depth = 2, loop 'VITIS_LOOP_135_1'
INFO: [SCHED 204-11] Finished scheduling.
Command       schedule done; 0.191 sec.
INFO: [HLS 200-111] Finished Scheduling: CPU user time: 0 seconds. CPU system time: 0 seconds. Elapsed time: 0.746 seconds; current allocated memory: 634.738 MB.
Execute       syn_report -verbosereport -o D:/University/Junior/HLS/VGG_Accelerator/hls/vgg_accelerator/solution1/.autopilot/db/dense_layer_Pipeline_VITIS_LOOP_135_1.verbose.sched.rpt 
Execute         AP::get_flow_target_display_name
Execute       db_write -o D:/University/Junior/HLS/VGG_Accelerator/hls/vgg_accelerator/solution1/.autopilot/db/dense_layer_Pipeline_VITIS_LOOP_135_1.sched.adb -f 
INFO-FLOW: Finish scheduling dense_layer_Pipeline_VITIS_LOOP_135_1.
Execute       set_default_model dense_layer_Pipeline_VITIS_LOOP_135_1 
Execute       bind -model dense_layer_Pipeline_VITIS_LOOP_135_1 
INFO: [BIND 205-100] Starting micro-architecture generation ...
INFO: [BIND 205-101] Performing variable lifetime analysis.
INFO: [BIND 205-101] Exploring resource sharing.
INFO: [BIND 205-101] Binding ...
INFO: [BIND 205-100] Finished micro-architecture generation.
Command       bind done; 0.191 sec.
INFO: [HLS 200-111] Finished Binding: CPU user time: 0 seconds. CPU system time: 0 seconds. Elapsed time: 0.218 seconds; current allocated memory: 634.738 MB.
Execute       syn_report -verbosereport -o D:/University/Junior/HLS/VGG_Accelerator/hls/vgg_accelerator/solution1/.autopilot/db/dense_layer_Pipeline_VITIS_LOOP_135_1.verbose.bind.rpt 
Execute         AP::get_flow_target_display_name
Execute       db_write -o D:/University/Junior/HLS/VGG_Accelerator/hls/vgg_accelerator/solution1/.autopilot/db/dense_layer_Pipeline_VITIS_LOOP_135_1.bind.adb -f 
INFO-FLOW: Finish binding dense_layer_Pipeline_VITIS_LOOP_135_1.
INFO: [HLS 200-10] ----------------------------------------------------------------
INFO: [HLS 200-42] -- Implementing module 'dense_layer_Pipeline_VITIS_LOOP_146_3' 
INFO: [HLS 200-10] ----------------------------------------------------------------
Execute       set_default_model dense_layer_Pipeline_VITIS_LOOP_146_3 
Execute       schedule -model dense_layer_Pipeline_VITIS_LOOP_146_3 
INFO: [SCHED 204-11] Starting scheduling ...
INFO: [SCHED 204-61] Pipelining loop 'VITIS_LOOP_146_3'.
INFO: [HLS 200-1470] Pipelining result : Target II = 2, Final II = 2, Depth = 3, loop 'VITIS_LOOP_146_3'
INFO: [SCHED 204-11] Finished scheduling.
Command       schedule done; 0.185 sec.
INFO: [HLS 200-111] Finished Scheduling: CPU user time: 1 seconds. CPU system time: 0 seconds. Elapsed time: 0.334 seconds; current allocated memory: 634.738 MB.
Execute       syn_report -verbosereport -o D:/University/Junior/HLS/VGG_Accelerator/hls/vgg_accelerator/solution1/.autopilot/db/dense_layer_Pipeline_VITIS_LOOP_146_3.verbose.sched.rpt 
Execute         AP::get_flow_target_display_name
Execute       db_write -o D:/University/Junior/HLS/VGG_Accelerator/hls/vgg_accelerator/solution1/.autopilot/db/dense_layer_Pipeline_VITIS_LOOP_146_3.sched.adb -f 
INFO-FLOW: Finish scheduling dense_layer_Pipeline_VITIS_LOOP_146_3.
Execute       set_default_model dense_layer_Pipeline_VITIS_LOOP_146_3 
Execute       bind -model dense_layer_Pipeline_VITIS_LOOP_146_3 
INFO: [BIND 205-100] Starting micro-architecture generation ...
INFO: [BIND 205-101] Performing variable lifetime analysis.
INFO: [BIND 205-101] Exploring resource sharing.
INFO: [BIND 205-101] Binding ...
INFO: [BIND 205-100] Finished micro-architecture generation.
Command       bind done; 0.21 sec.
INFO: [HLS 200-111] Finished Binding: CPU user time: 0 seconds. CPU system time: 0 seconds. Elapsed time: 0.255 seconds; current allocated memory: 634.738 MB.
Execute       syn_report -verbosereport -o D:/University/Junior/HLS/VGG_Accelerator/hls/vgg_accelerator/solution1/.autopilot/db/dense_layer_Pipeline_VITIS_LOOP_146_3.verbose.bind.rpt 
Execute         AP::get_flow_target_display_name
Command       syn_report done; 0.103 sec.
Execute       db_write -o D:/University/Junior/HLS/VGG_Accelerator/hls/vgg_accelerator/solution1/.autopilot/db/dense_layer_Pipeline_VITIS_LOOP_146_3.bind.adb -f 
INFO-FLOW: Finish binding dense_layer_Pipeline_VITIS_LOOP_146_3.
INFO: [HLS 200-10] ----------------------------------------------------------------
INFO: [HLS 200-42] -- Implementing module 'dense_layer' 
INFO: [HLS 200-10] ----------------------------------------------------------------
Execute       set_default_model dense_layer 
Execute       schedule -model dense_layer 
INFO: [SCHED 204-11] Starting scheduling ...
INFO: [SCHED 204-11] Finished scheduling.
Command       schedule done; 0.106 sec.
INFO: [HLS 200-111] Finished Scheduling: CPU user time: 0 seconds. CPU system time: 0 seconds. Elapsed time: 0.307 seconds; current allocated memory: 634.738 MB.
Execute       syn_report -verbosereport -o D:/University/Junior/HLS/VGG_Accelerator/hls/vgg_accelerator/solution1/.autopilot/db/dense_layer.verbose.sched.rpt 
Execute         AP::get_flow_target_display_name
Execute       db_write -o D:/University/Junior/HLS/VGG_Accelerator/hls/vgg_accelerator/solution1/.autopilot/db/dense_layer.sched.adb -f 
INFO-FLOW: Finish scheduling dense_layer.
Execute       set_default_model dense_layer 
Execute       bind -model dense_layer 
INFO: [BIND 205-100] Starting micro-architecture generation ...
INFO: [BIND 205-101] Performing variable lifetime analysis.
INFO: [BIND 205-101] Exploring resource sharing.
INFO: [BIND 205-101] Binding ...
INFO: [BIND 205-100] Finished micro-architecture generation.
Command       bind done; 0.157 sec.
INFO: [HLS 200-111] Finished Binding: CPU user time: 0 seconds. CPU system time: 0 seconds. Elapsed time: 0.196 seconds; current allocated memory: 634.738 MB.
Execute       syn_report -verbosereport -o D:/University/Junior/HLS/VGG_Accelerator/hls/vgg_accelerator/solution1/.autopilot/db/dense_layer.verbose.bind.rpt 
Execute         AP::get_flow_target_display_name
Execute       db_write -o D:/University/Junior/HLS/VGG_Accelerator/hls/vgg_accelerator/solution1/.autopilot/db/dense_layer.bind.adb -f 
INFO-FLOW: Finish binding dense_layer.
INFO: [HLS 200-10] ----------------------------------------------------------------
INFO: [HLS 200-42] -- Implementing module 'vgg_accelerator' 
INFO: [HLS 200-10] ----------------------------------------------------------------
Execute       set_default_model vgg_accelerator 
Execute       schedule -model vgg_accelerator 
INFO: [SCHED 204-11] Starting scheduling ...
INFO: [SCHED 204-11] Finished scheduling.
Command       schedule done; 0.244 sec.
INFO: [HLS 200-111] Finished Scheduling: CPU user time: 0 seconds. CPU system time: 0 seconds. Elapsed time: 0.45 seconds; current allocated memory: 634.738 MB.
Execute       syn_report -verbosereport -o D:/University/Junior/HLS/VGG_Accelerator/hls/vgg_accelerator/solution1/.autopilot/db/vgg_accelerator.verbose.sched.rpt 
Execute         AP::get_flow_target_display_name
Execute       db_write -o D:/University/Junior/HLS/VGG_Accelerator/hls/vgg_accelerator/solution1/.autopilot/db/vgg_accelerator.sched.adb -f 
INFO-FLOW: Finish scheduling vgg_accelerator.
Execute       set_default_model vgg_accelerator 
Execute       bind -model vgg_accelerator 
INFO: [BIND 205-100] Starting micro-architecture generation ...
INFO: [BIND 205-101] Performing variable lifetime analysis.
INFO: [BIND 205-101] Exploring resource sharing.
INFO: [BIND 205-101] Binding ...
INFO: [BIND 205-100] Finished micro-architecture generation.
Command       bind done; 0.839 sec.
INFO: [HLS 200-111] Finished Binding: CPU user time: 1 seconds. CPU system time: 0 seconds. Elapsed time: 0.867 seconds; current allocated memory: 634.738 MB.
Execute       syn_report -verbosereport -o D:/University/Junior/HLS/VGG_Accelerator/hls/vgg_accelerator/solution1/.autopilot/db/vgg_accelerator.verbose.bind.rpt 
Execute         AP::get_flow_target_display_name
Command       syn_report done; 2.201 sec.
Execute       db_write -o D:/University/Junior/HLS/VGG_Accelerator/hls/vgg_accelerator/solution1/.autopilot/db/vgg_accelerator.bind.adb -f 
INFO-FLOW: Finish binding vgg_accelerator.
Execute       get_model_list vgg_accelerator -filter all-wo-channel 
INFO-FLOW: Preprocessing for RTLGen ...
Execute       rtl_gen_preprocess input_adapter 
Execute       rtl_gen_preprocess layer_block<1, 16, 32>_Pipeline_VITIS_LOOP_32_2_VITIS_LOOP_33_3 
Execute       rtl_gen_preprocess layer_block<1, 16, 32>_Pipeline_VITIS_LOOP_36_4_VITIS_LOOP_37_5 
Execute       rtl_gen_preprocess layer_block<1, 16, 32> 
Execute       rtl_gen_preprocess max_pool<16, 32> 
Execute       rtl_gen_preprocess layer_block<16, 32, 16>_Pipeline_VITIS_LOOP_31_1_VITIS_LOOP_32_2_VITIS_LOOP_33_3 
Execute       rtl_gen_preprocess layer_block<16, 32, 16>_Pipeline_VITIS_LOOP_40_6 
Execute       rtl_gen_preprocess layer_block<16, 32, 16>_Pipeline_VITIS_LOOP_71_8 
Execute       rtl_gen_preprocess layer_block<16, 32, 16> 
Execute       rtl_gen_preprocess max_val 
Execute       rtl_gen_preprocess max_pool<32, 16> 
Execute       rtl_gen_preprocess layer_block<32, 64, 8>_Pipeline_VITIS_LOOP_31_1_VITIS_LOOP_32_2_VITIS_LOOP_33_3 
Execute       rtl_gen_preprocess layer_block<32, 64, 8>_Pipeline_VITIS_LOOP_40_6 
Execute       rtl_gen_preprocess layer_block<32, 64, 8>_Pipeline_VITIS_LOOP_71_8 
Execute       rtl_gen_preprocess layer_block<32, 64, 8> 
Execute       rtl_gen_preprocess max_pool<64, 8> 
Execute       rtl_gen_preprocess dense_layer_Pipeline_VITIS_LOOP_135_1 
Execute       rtl_gen_preprocess dense_layer_Pipeline_VITIS_LOOP_146_3 
Execute       rtl_gen_preprocess dense_layer 
Execute       rtl_gen_preprocess vgg_accelerator 
INFO-FLOW: Model list for RTL generation: input_adapter {layer_block<1, 16, 32>_Pipeline_VITIS_LOOP_32_2_VITIS_LOOP_33_3} {layer_block<1, 16, 32>_Pipeline_VITIS_LOOP_36_4_VITIS_LOOP_37_5} {layer_block<1, 16, 32>} {max_pool<16, 32>} {layer_block<16, 32, 16>_Pipeline_VITIS_LOOP_31_1_VITIS_LOOP_32_2_VITIS_LOOP_33_3} {layer_block<16, 32, 16>_Pipeline_VITIS_LOOP_40_6} {layer_block<16, 32, 16>_Pipeline_VITIS_LOOP_71_8} {layer_block<16, 32, 16>} max_val {max_pool<32, 16>} {layer_block<32, 64, 8>_Pipeline_VITIS_LOOP_31_1_VITIS_LOOP_32_2_VITIS_LOOP_33_3} {layer_block<32, 64, 8>_Pipeline_VITIS_LOOP_40_6} {layer_block<32, 64, 8>_Pipeline_VITIS_LOOP_71_8} {layer_block<32, 64, 8>} {max_pool<64, 8>} dense_layer_Pipeline_VITIS_LOOP_135_1 dense_layer_Pipeline_VITIS_LOOP_146_3 dense_layer vgg_accelerator
INFO: [HLS 200-10] ----------------------------------------------------------------
INFO: [HLS 200-10] -- Generating RTL for module 'input_adapter' 
INFO: [HLS 200-10] ----------------------------------------------------------------
Execute       create_rtl_model input_adapter -top_prefix vgg_accelerator_ -sub_prefix vgg_accelerator_ -mg_file D:/University/Junior/HLS/VGG_Accelerator/hls/vgg_accelerator/solution1/.autopilot/db/input_adapter.compgen.tcl 
INFO: [HLS 200-1030] Apply Unified Pipeline Control on module 'input_adapter' pipeline 'VITIS_LOOP_167_1' pipeline type 'loop pipeline'
INFO: [RTGEN 206-100] Finished creating RTL model for 'input_adapter'.
INFO: [HLS 200-111] Finished Creating RTL model: CPU user time: 2 seconds. CPU system time: 0 seconds. Elapsed time: 2.401 seconds; current allocated memory: 634.738 MB.
Execute       source D:/University/Junior/HLS/VGG_Accelerator/hls/vgg_accelerator/solution1/.autopilot/db/vgg_accelerator.rtl_wrap.cfg.tcl 
Execute       gen_rtl input_adapter -style xilinx -f -lang vhdl -o D:/University/Junior/HLS/VGG_Accelerator/hls/vgg_accelerator/solution1/syn/vhdl/vgg_accelerator_input_adapter 
Execute       gen_rtl input_adapter -style xilinx -f -lang vlog -o D:/University/Junior/HLS/VGG_Accelerator/hls/vgg_accelerator/solution1/syn/verilog/vgg_accelerator_input_adapter 
Execute       syn_report -csynth -model input_adapter -o D:/University/Junior/HLS/VGG_Accelerator/hls/vgg_accelerator/solution1/syn/report/input_adapter_csynth.rpt 
Execute         AP::get_flow_target_display_name
Execute       syn_report -rtlxml -model input_adapter -o D:/University/Junior/HLS/VGG_Accelerator/hls/vgg_accelerator/solution1/syn/report/input_adapter_csynth.xml 
Execute       syn_report -verbosereport -model input_adapter -o D:/University/Junior/HLS/VGG_Accelerator/hls/vgg_accelerator/solution1/.autopilot/db/input_adapter.verbose.rpt 
Execute         AP::get_flow_target_display_name
Execute       db_write -model input_adapter -f -o D:/University/Junior/HLS/VGG_Accelerator/hls/vgg_accelerator/solution1/.autopilot/db/input_adapter.adb 
Execute       db_write -model input_adapter -bindview -o D:/University/Junior/HLS/VGG_Accelerator/hls/vgg_accelerator/solution1/.autopilot/db/design.bindinfo.xml 
Execute       gen_tb_info input_adapter -p D:/University/Junior/HLS/VGG_Accelerator/hls/vgg_accelerator/solution1/.autopilot/db -o D:/University/Junior/HLS/VGG_Accelerator/hls/vgg_accelerator/solution1/.autopilot/db/input_adapter 
INFO: [HLS 200-10] ----------------------------------------------------------------
INFO: [HLS 200-10] -- Generating RTL for module 'layer_block_1_16_32_Pipeline_VITIS_LOOP_32_2_VITIS_LOOP_33_3' 
INFO: [HLS 200-10] ----------------------------------------------------------------
Execute       create_rtl_model layer_block<1, 16, 32>_Pipeline_VITIS_LOOP_32_2_VITIS_LOOP_33_3 -top_prefix vgg_accelerator_ -sub_prefix vgg_accelerator_ -mg_file D:/University/Junior/HLS/VGG_Accelerator/hls/vgg_accelerator/solution1/.autopilot/db/layer_block_1_16_32_Pipeline_VITIS_LOOP_32_2_VITIS_LOOP_33_3.compgen.tcl 
INFO: [RTGEN 206-100] Finished creating RTL model for 'layer_block_1_16_32_Pipeline_VITIS_LOOP_32_2_VITIS_LOOP_33_3'.
INFO: [HLS 200-111] Finished Creating RTL model: CPU user time: 0 seconds. CPU system time: 0 seconds. Elapsed time: 0.257 seconds; current allocated memory: 634.738 MB.
Execute       source D:/University/Junior/HLS/VGG_Accelerator/hls/vgg_accelerator/solution1/.autopilot/db/vgg_accelerator.rtl_wrap.cfg.tcl 
Execute       gen_rtl layer_block<1, 16, 32>_Pipeline_VITIS_LOOP_32_2_VITIS_LOOP_33_3 -style xilinx -f -lang vhdl -o D:/University/Junior/HLS/VGG_Accelerator/hls/vgg_accelerator/solution1/syn/vhdl/vgg_accelerator_layer_block_1_16_32_Pipeline_VITIS_LOOP_32_2_VITIS_LOOP_33_3 
Execute       gen_rtl layer_block<1, 16, 32>_Pipeline_VITIS_LOOP_32_2_VITIS_LOOP_33_3 -style xilinx -f -lang vlog -o D:/University/Junior/HLS/VGG_Accelerator/hls/vgg_accelerator/solution1/syn/verilog/vgg_accelerator_layer_block_1_16_32_Pipeline_VITIS_LOOP_32_2_VITIS_LOOP_33_3 
Execute       syn_report -csynth -model layer_block<1, 16, 32>_Pipeline_VITIS_LOOP_32_2_VITIS_LOOP_33_3 -o D:/University/Junior/HLS/VGG_Accelerator/hls/vgg_accelerator/solution1/syn/report/layer_block_1_16_32_Pipeline_VITIS_LOOP_32_2_VITIS_LOOP_33_3_csynth.rpt 
Execute         AP::get_flow_target_display_name
Execute       syn_report -rtlxml -model layer_block<1, 16, 32>_Pipeline_VITIS_LOOP_32_2_VITIS_LOOP_33_3 -o D:/University/Junior/HLS/VGG_Accelerator/hls/vgg_accelerator/solution1/syn/report/layer_block_1_16_32_Pipeline_VITIS_LOOP_32_2_VITIS_LOOP_33_3_csynth.xml 
Execute       syn_report -verbosereport -model layer_block<1, 16, 32>_Pipeline_VITIS_LOOP_32_2_VITIS_LOOP_33_3 -o D:/University/Junior/HLS/VGG_Accelerator/hls/vgg_accelerator/solution1/.autopilot/db/layer_block_1_16_32_Pipeline_VITIS_LOOP_32_2_VITIS_LOOP_33_3.verbose.rpt 
Execute         AP::get_flow_target_display_name
Execute       db_write -model layer_block<1, 16, 32>_Pipeline_VITIS_LOOP_32_2_VITIS_LOOP_33_3 -f -o D:/University/Junior/HLS/VGG_Accelerator/hls/vgg_accelerator/solution1/.autopilot/db/layer_block_1_16_32_Pipeline_VITIS_LOOP_32_2_VITIS_LOOP_33_3.adb 
Execute       db_write -model layer_block<1, 16, 32>_Pipeline_VITIS_LOOP_32_2_VITIS_LOOP_33_3 -bindview -o D:/University/Junior/HLS/VGG_Accelerator/hls/vgg_accelerator/solution1/.autopilot/db/design.bindinfo.xml 
Execute       gen_tb_info layer_block<1, 16, 32>_Pipeline_VITIS_LOOP_32_2_VITIS_LOOP_33_3 -p D:/University/Junior/HLS/VGG_Accelerator/hls/vgg_accelerator/solution1/.autopilot/db -o D:/University/Junior/HLS/VGG_Accelerator/hls/vgg_accelerator/solution1/.autopilot/db/layer_block_1_16_32_Pipeline_VITIS_LOOP_32_2_VITIS_LOOP_33_3 
INFO: [HLS 200-10] ----------------------------------------------------------------
INFO: [HLS 200-10] -- Generating RTL for module 'layer_block_1_16_32_Pipeline_VITIS_LOOP_36_4_VITIS_LOOP_37_5' 
INFO: [HLS 200-10] ----------------------------------------------------------------
Execute       create_rtl_model layer_block<1, 16, 32>_Pipeline_VITIS_LOOP_36_4_VITIS_LOOP_37_5 -top_prefix vgg_accelerator_ -sub_prefix vgg_accelerator_ -mg_file D:/University/Junior/HLS/VGG_Accelerator/hls/vgg_accelerator/solution1/.autopilot/db/layer_block_1_16_32_Pipeline_VITIS_LOOP_36_4_VITIS_LOOP_37_5.compgen.tcl 
INFO: [HLS 200-1030] Apply Unified Pipeline Control on module 'layer_block_1_16_32_Pipeline_VITIS_LOOP_36_4_VITIS_LOOP_37_5' pipeline 'VITIS_LOOP_36_4_VITIS_LOOP_37_5' pipeline type 'loop pipeline'
INFO: [RTGEN 206-100] Finished creating RTL model for 'layer_block_1_16_32_Pipeline_VITIS_LOOP_36_4_VITIS_LOOP_37_5'.
Command       create_rtl_model done; 0.524 sec.
INFO: [HLS 200-111] Finished Creating RTL model: CPU user time: 1 seconds. CPU system time: 0 seconds. Elapsed time: 0.792 seconds; current allocated memory: 634.738 MB.
Execute       source D:/University/Junior/HLS/VGG_Accelerator/hls/vgg_accelerator/solution1/.autopilot/db/vgg_accelerator.rtl_wrap.cfg.tcl 
Execute       gen_rtl layer_block<1, 16, 32>_Pipeline_VITIS_LOOP_36_4_VITIS_LOOP_37_5 -style xilinx -f -lang vhdl -o D:/University/Junior/HLS/VGG_Accelerator/hls/vgg_accelerator/solution1/syn/vhdl/vgg_accelerator_layer_block_1_16_32_Pipeline_VITIS_LOOP_36_4_VITIS_LOOP_37_5 
Execute       gen_rtl layer_block<1, 16, 32>_Pipeline_VITIS_LOOP_36_4_VITIS_LOOP_37_5 -style xilinx -f -lang vlog -o D:/University/Junior/HLS/VGG_Accelerator/hls/vgg_accelerator/solution1/syn/verilog/vgg_accelerator_layer_block_1_16_32_Pipeline_VITIS_LOOP_36_4_VITIS_LOOP_37_5 
Execute       syn_report -csynth -model layer_block<1, 16, 32>_Pipeline_VITIS_LOOP_36_4_VITIS_LOOP_37_5 -o D:/University/Junior/HLS/VGG_Accelerator/hls/vgg_accelerator/solution1/syn/report/layer_block_1_16_32_Pipeline_VITIS_LOOP_36_4_VITIS_LOOP_37_5_csynth.rpt 
Execute         AP::get_flow_target_display_name
Command       syn_report done; 1.281 sec.
Execute       syn_report -rtlxml -model layer_block<1, 16, 32>_Pipeline_VITIS_LOOP_36_4_VITIS_LOOP_37_5 -o D:/University/Junior/HLS/VGG_Accelerator/hls/vgg_accelerator/solution1/syn/report/layer_block_1_16_32_Pipeline_VITIS_LOOP_36_4_VITIS_LOOP_37_5_csynth.xml 
Command       syn_report done; 0.496 sec.
Execute       syn_report -verbosereport -model layer_block<1, 16, 32>_Pipeline_VITIS_LOOP_36_4_VITIS_LOOP_37_5 -o D:/University/Junior/HLS/VGG_Accelerator/hls/vgg_accelerator/solution1/.autopilot/db/layer_block_1_16_32_Pipeline_VITIS_LOOP_36_4_VITIS_LOOP_37_5.verbose.rpt 
Execute         AP::get_flow_target_display_name
Command       syn_report done; 2.345 sec.
Execute       db_write -model layer_block<1, 16, 32>_Pipeline_VITIS_LOOP_36_4_VITIS_LOOP_37_5 -f -o D:/University/Junior/HLS/VGG_Accelerator/hls/vgg_accelerator/solution1/.autopilot/db/layer_block_1_16_32_Pipeline_VITIS_LOOP_36_4_VITIS_LOOP_37_5.adb 
Command       db_write done; 0.803 sec.
Execute       db_write -model layer_block<1, 16, 32>_Pipeline_VITIS_LOOP_36_4_VITIS_LOOP_37_5 -bindview -o D:/University/Junior/HLS/VGG_Accelerator/hls/vgg_accelerator/solution1/.autopilot/db/design.bindinfo.xml 
Execute       gen_tb_info layer_block<1, 16, 32>_Pipeline_VITIS_LOOP_36_4_VITIS_LOOP_37_5 -p D:/University/Junior/HLS/VGG_Accelerator/hls/vgg_accelerator/solution1/.autopilot/db -o D:/University/Junior/HLS/VGG_Accelerator/hls/vgg_accelerator/solution1/.autopilot/db/layer_block_1_16_32_Pipeline_VITIS_LOOP_36_4_VITIS_LOOP_37_5 
INFO: [HLS 200-10] ----------------------------------------------------------------
INFO: [HLS 200-10] -- Generating RTL for module 'layer_block_1_16_32_s' 
INFO: [HLS 200-10] ----------------------------------------------------------------
Execute       create_rtl_model layer_block<1, 16, 32> -top_prefix vgg_accelerator_ -sub_prefix vgg_accelerator_ -mg_file D:/University/Junior/HLS/VGG_Accelerator/hls/vgg_accelerator/solution1/.autopilot/db/layer_block_1_16_32_s.compgen.tcl 
INFO: [SYN 201-210] Renamed object name 'layer_block_1_16_32_s_void_layer_block_stream_stream_signed_char_const_1_3_3_signed_char_cons_1_RAM_AUTO_1R1W' to 'layer_block_1_16_32_s_void_layer_block_stream_stream_signed_char_const_1_3_3_bkb' due to the length limit 80
INFO: [SYN 201-210] Renamed object name 'layer_block_1_16_32_s_void_layer_block_stream_stream_signed_char_const_1_3_3_signed_char_cons_RAM_AUTO_1R1W' to 'layer_block_1_16_32_s_void_layer_block_stream_stream_signed_char_const_1_3_3_cud' due to the length limit 80
INFO: [RTGEN 206-100] Finished creating RTL model for 'layer_block_1_16_32_s'.
INFO: [RTMG 210-278] Implementing memory 'vgg_accelerator_layer_block_1_16_32_s_void_layer_block_stream_stream_signed_char_const_1_3_3_bkb' using auto RAMs.
Command       create_rtl_model done; 0.184 sec.
INFO: [HLS 200-111] Finished Creating RTL model: CPU user time: 5 seconds. CPU system time: 1 seconds. Elapsed time: 6.192 seconds; current allocated memory: 649.812 MB.
Execute       source D:/University/Junior/HLS/VGG_Accelerator/hls/vgg_accelerator/solution1/.autopilot/db/vgg_accelerator.rtl_wrap.cfg.tcl 
Execute       gen_rtl layer_block<1, 16, 32> -style xilinx -f -lang vhdl -o D:/University/Junior/HLS/VGG_Accelerator/hls/vgg_accelerator/solution1/syn/vhdl/vgg_accelerator_layer_block_1_16_32_s 
Execute       gen_rtl layer_block<1, 16, 32> -style xilinx -f -lang vlog -o D:/University/Junior/HLS/VGG_Accelerator/hls/vgg_accelerator/solution1/syn/verilog/vgg_accelerator_layer_block_1_16_32_s 
Execute       syn_report -csynth -model layer_block<1, 16, 32> -o D:/University/Junior/HLS/VGG_Accelerator/hls/vgg_accelerator/solution1/syn/report/layer_block_1_16_32_s_csynth.rpt 
Execute         AP::get_flow_target_display_name
Execute       syn_report -rtlxml -model layer_block<1, 16, 32> -o D:/University/Junior/HLS/VGG_Accelerator/hls/vgg_accelerator/solution1/syn/report/layer_block_1_16_32_s_csynth.xml 
Execute       syn_report -verbosereport -model layer_block<1, 16, 32> -o D:/University/Junior/HLS/VGG_Accelerator/hls/vgg_accelerator/solution1/.autopilot/db/layer_block_1_16_32_s.verbose.rpt 
Execute         AP::get_flow_target_display_name
Command       syn_report done; 1.467 sec.
Execute       db_write -model layer_block<1, 16, 32> -f -o D:/University/Junior/HLS/VGG_Accelerator/hls/vgg_accelerator/solution1/.autopilot/db/layer_block_1_16_32_s.adb 
Execute       db_write -model layer_block<1, 16, 32> -bindview -o D:/University/Junior/HLS/VGG_Accelerator/hls/vgg_accelerator/solution1/.autopilot/db/design.bindinfo.xml 
Execute       gen_tb_info layer_block<1, 16, 32> -p D:/University/Junior/HLS/VGG_Accelerator/hls/vgg_accelerator/solution1/.autopilot/db -o D:/University/Junior/HLS/VGG_Accelerator/hls/vgg_accelerator/solution1/.autopilot/db/layer_block_1_16_32_s 
INFO: [HLS 200-10] ----------------------------------------------------------------
INFO: [HLS 200-10] -- Generating RTL for module 'max_pool_16_32_s' 
INFO: [HLS 200-10] ----------------------------------------------------------------
Execute       create_rtl_model max_pool<16, 32> -top_prefix vgg_accelerator_ -sub_prefix vgg_accelerator_ -mg_file D:/University/Junior/HLS/VGG_Accelerator/hls/vgg_accelerator/solution1/.autopilot/db/max_pool_16_32_s.compgen.tcl 
INFO: [SYN 201-210] Renamed object name 'max_pool_16_32_s_void_max_pool_stream_stream_ap_fixed_8_4_0_0_0_0_pool_buff_28_RAM_AUTO_1R1W' to 'max_pool_16_32_s_void_max_pool_stream_stream_ap_fixed_8_4_0_0_0_0_pool_buff_2dEe' due to the length limit 80
INFO: [SYN 201-210] Renamed object name 'max_pool_16_32_s_void_max_pool_stream_stream_ap_fixed_8_4_0_0_0_0_pool_buff_27_RAM_AUTO_1R1W' to 'max_pool_16_32_s_void_max_pool_stream_stream_ap_fixed_8_4_0_0_0_0_pool_buff_2eOg' due to the length limit 80
INFO: [SYN 201-210] Renamed object name 'max_pool_16_32_s_void_max_pool_stream_stream_ap_fixed_8_4_0_0_0_0_pool_buff_26_RAM_AUTO_1R1W' to 'max_pool_16_32_s_void_max_pool_stream_stream_ap_fixed_8_4_0_0_0_0_pool_buff_2fYi' due to the length limit 80
INFO: [SYN 201-210] Renamed object name 'max_pool_16_32_s_void_max_pool_stream_stream_ap_fixed_8_4_0_0_0_0_pool_buff_25_RAM_AUTO_1R1W' to 'max_pool_16_32_s_void_max_pool_stream_stream_ap_fixed_8_4_0_0_0_0_pool_buff_2g8j' due to the length limit 80
INFO: [SYN 201-210] Renamed object name 'max_pool_16_32_s_void_max_pool_stream_stream_ap_fixed_8_4_0_0_0_0_pool_buff_24_RAM_AUTO_1R1W' to 'max_pool_16_32_s_void_max_pool_stream_stream_ap_fixed_8_4_0_0_0_0_pool_buff_2hbi' due to the length limit 80
INFO: [SYN 201-210] Renamed object name 'max_pool_16_32_s_void_max_pool_stream_stream_ap_fixed_8_4_0_0_0_0_pool_buff_23_RAM_AUTO_1R1W' to 'max_pool_16_32_s_void_max_pool_stream_stream_ap_fixed_8_4_0_0_0_0_pool_buff_2ibs' due to the length limit 80
INFO: [SYN 201-210] Renamed object name 'max_pool_16_32_s_void_max_pool_stream_stream_ap_fixed_8_4_0_0_0_0_pool_buff_22_RAM_AUTO_1R1W' to 'max_pool_16_32_s_void_max_pool_stream_stream_ap_fixed_8_4_0_0_0_0_pool_buff_2jbC' due to the length limit 80
INFO: [SYN 201-210] Renamed object name 'max_pool_16_32_s_void_max_pool_stream_stream_ap_fixed_8_4_0_0_0_0_pool_buff_21_RAM_AUTO_1R1W' to 'max_pool_16_32_s_void_max_pool_stream_stream_ap_fixed_8_4_0_0_0_0_pool_buff_2kbM' due to the length limit 80
INFO: [SYN 201-210] Renamed object name 'max_pool_16_32_s_void_max_pool_stream_stream_ap_fixed_8_4_0_0_0_0_pool_buff_20_RAM_AUTO_1R1W' to 'max_pool_16_32_s_void_max_pool_stream_stream_ap_fixed_8_4_0_0_0_0_pool_buff_2lbW' due to the length limit 80
INFO: [SYN 201-210] Renamed object name 'max_pool_16_32_s_p_ZZ8max_poolILi16ELi32EEvRN3hls6streamI8ap_fixedILi8ELi4EL9ap_q_mode0EL9ap_o_mod_5_RAM_AUTO_1R1W' to 'max_pool_16_32_s_p_ZZ8max_poolILi16ELi32EEvRN3hls6streamI8ap_fixedILi8ELi4EL9mb6' due to the length limit 80
INFO: [SYN 201-210] Renamed object name 'max_pool_16_32_s_p_ZZ8max_poolILi16ELi32EEvRN3hls6streamI8ap_fixedILi8ELi4EL9ap_q_mode0EL9ap_o_mod_4_RAM_AUTO_1R1W' to 'max_pool_16_32_s_p_ZZ8max_poolILi16ELi32EEvRN3hls6streamI8ap_fixedILi8ELi4EL9ncg' due to the length limit 80
INFO: [SYN 201-210] Renamed object name 'max_pool_16_32_s_p_ZZ8max_poolILi16ELi32EEvRN3hls6streamI8ap_fixedILi8ELi4EL9ap_q_mode0EL9ap_o_mod_3_RAM_AUTO_1R1W' to 'max_pool_16_32_s_p_ZZ8max_poolILi16ELi32EEvRN3hls6streamI8ap_fixedILi8ELi4EL9ocq' due to the length limit 80
INFO: [SYN 201-210] Renamed object name 'max_pool_16_32_s_p_ZZ8max_poolILi16ELi32EEvRN3hls6streamI8ap_fixedILi8ELi4EL9ap_q_mode0EL9ap_o_mod_2_RAM_AUTO_1R1W' to 'max_pool_16_32_s_p_ZZ8max_poolILi16ELi32EEvRN3hls6streamI8ap_fixedILi8ELi4EL9pcA' due to the length limit 80
INFO: [SYN 201-210] Renamed object name 'max_pool_16_32_s_p_ZZ8max_poolILi16ELi32EEvRN3hls6streamI8ap_fixedILi8ELi4EL9ap_q_mode0EL9ap_o_mod_1_RAM_AUTO_1R1W' to 'max_pool_16_32_s_p_ZZ8max_poolILi16ELi32EEvRN3hls6streamI8ap_fixedILi8ELi4EL9qcK' due to the length limit 80
INFO: [SYN 201-210] Renamed object name 'max_pool_16_32_s_p_ZZ8max_poolILi16ELi32EEvRN3hls6streamI8ap_fixedILi8ELi4EL9ap_q_mode0EL9ap_o_mod_RAM_AUTO_1R1W' to 'max_pool_16_32_s_p_ZZ8max_poolILi16ELi32EEvRN3hls6streamI8ap_fixedILi8ELi4EL9rcU' due to the length limit 80
INFO: [SYN 201-210] Renamed object name 'max_pool_16_32_s_void_max_pool_stream_stream_ap_fixed_8_4_0_0_0_0_pool_buff_29_RAM_AUTO_1R1W' to 'max_pool_16_32_s_void_max_pool_stream_stream_ap_fixed_8_4_0_0_0_0_pool_buff_2sc4' due to the length limit 80
INFO: [HLS 200-1030] Apply Unified Pipeline Control on module 'max_pool_16_32_s' pipeline 'VITIS_LOOP_101_1_VITIS_LOOP_102_2' pipeline type 'loop pipeline'
INFO: [RTGEN 206-100] Finished creating RTL model for 'max_pool_16_32_s'.
INFO: [RTMG 210-278] Implementing memory 'vgg_accelerator_max_pool_16_32_s_void_max_pool_stream_stream_ap_fixed_8_4_0_0_0_0_pool_buff_2dEe' using auto RAMs.
Command       create_rtl_model done; 0.836 sec.
INFO: [HLS 200-111] Finished Creating RTL model: CPU user time: 2 seconds. CPU system time: 0 seconds. Elapsed time: 2.443 seconds; current allocated memory: 649.812 MB.
Execute       source D:/University/Junior/HLS/VGG_Accelerator/hls/vgg_accelerator/solution1/.autopilot/db/vgg_accelerator.rtl_wrap.cfg.tcl 
Execute       gen_rtl max_pool<16, 32> -style xilinx -f -lang vhdl -o D:/University/Junior/HLS/VGG_Accelerator/hls/vgg_accelerator/solution1/syn/vhdl/vgg_accelerator_max_pool_16_32_s 
Execute       gen_rtl max_pool<16, 32> -style xilinx -f -lang vlog -o D:/University/Junior/HLS/VGG_Accelerator/hls/vgg_accelerator/solution1/syn/verilog/vgg_accelerator_max_pool_16_32_s 
Execute       syn_report -csynth -model max_pool<16, 32> -o D:/University/Junior/HLS/VGG_Accelerator/hls/vgg_accelerator/solution1/syn/report/max_pool_16_32_s_csynth.rpt 
Execute         AP::get_flow_target_display_name
Command       syn_report done; 0.215 sec.
Execute       syn_report -rtlxml -model max_pool<16, 32> -o D:/University/Junior/HLS/VGG_Accelerator/hls/vgg_accelerator/solution1/syn/report/max_pool_16_32_s_csynth.xml 
Command       syn_report done; 0.138 sec.
Execute       syn_report -verbosereport -model max_pool<16, 32> -o D:/University/Junior/HLS/VGG_Accelerator/hls/vgg_accelerator/solution1/.autopilot/db/max_pool_16_32_s.verbose.rpt 
Execute         AP::get_flow_target_display_name
Command       syn_report done; 0.376 sec.
Execute       db_write -model max_pool<16, 32> -f -o D:/University/Junior/HLS/VGG_Accelerator/hls/vgg_accelerator/solution1/.autopilot/db/max_pool_16_32_s.adb 
Command       db_write done; 0.163 sec.
Execute       db_write -model max_pool<16, 32> -bindview -o D:/University/Junior/HLS/VGG_Accelerator/hls/vgg_accelerator/solution1/.autopilot/db/design.bindinfo.xml 
Execute       gen_tb_info max_pool<16, 32> -p D:/University/Junior/HLS/VGG_Accelerator/hls/vgg_accelerator/solution1/.autopilot/db -o D:/University/Junior/HLS/VGG_Accelerator/hls/vgg_accelerator/solution1/.autopilot/db/max_pool_16_32_s 
INFO: [HLS 200-10] ----------------------------------------------------------------
INFO: [HLS 200-10] -- Generating RTL for module 'layer_block_16_32_16_Pipeline_VITIS_LOOP_31_1_VITIS_LOOP_32_2_VITIS_LOOP_33_3' 
INFO: [HLS 200-10] ----------------------------------------------------------------
Execute       create_rtl_model layer_block<16, 32, 16>_Pipeline_VITIS_LOOP_31_1_VITIS_LOOP_32_2_VITIS_LOOP_33_3 -top_prefix vgg_accelerator_ -sub_prefix vgg_accelerator_ -mg_file D:/University/Junior/HLS/VGG_Accelerator/hls/vgg_accelerator/solution1/.autopilot/db/layer_block_16_32_16_Pipeline_VITIS_LOOP_31_1_VITIS_LOOP_32_2_VITIS_LOOP_33_3.compgen.tcl 
INFO: [RTGEN 206-100] Finished creating RTL model for 'layer_block_16_32_16_Pipeline_VITIS_LOOP_31_1_VITIS_LOOP_32_2_VITIS_LOOP_33_3'.
INFO: [HLS 200-111] Finished Creating RTL model: CPU user time: 1 seconds. CPU system time: 0 seconds. Elapsed time: 1.386 seconds; current allocated memory: 656.535 MB.
Execute       source D:/University/Junior/HLS/VGG_Accelerator/hls/vgg_accelerator/solution1/.autopilot/db/vgg_accelerator.rtl_wrap.cfg.tcl 
Execute       gen_rtl layer_block<16, 32, 16>_Pipeline_VITIS_LOOP_31_1_VITIS_LOOP_32_2_VITIS_LOOP_33_3 -style xilinx -f -lang vhdl -o D:/University/Junior/HLS/VGG_Accelerator/hls/vgg_accelerator/solution1/syn/vhdl/vgg_accelerator_layer_block_16_32_16_Pipeline_VITIS_LOOP_31_1_VITIS_LOOP_32_2_VITIS_LOOP_33_3 
Execute       gen_rtl layer_block<16, 32, 16>_Pipeline_VITIS_LOOP_31_1_VITIS_LOOP_32_2_VITIS_LOOP_33_3 -style xilinx -f -lang vlog -o D:/University/Junior/HLS/VGG_Accelerator/hls/vgg_accelerator/solution1/syn/verilog/vgg_accelerator_layer_block_16_32_16_Pipeline_VITIS_LOOP_31_1_VITIS_LOOP_32_2_VITIS_LOOP_33_3 
Execute       syn_report -csynth -model layer_block<16, 32, 16>_Pipeline_VITIS_LOOP_31_1_VITIS_LOOP_32_2_VITIS_LOOP_33_3 -o D:/University/Junior/HLS/VGG_Accelerator/hls/vgg_accelerator/solution1/syn/report/layer_block_16_32_16_Pipeline_VITIS_LOOP_31_1_VITIS_LOOP_32_2_VITIS_LOOP_33_3_csynth.rpt 
Execute         AP::get_flow_target_display_name
Execute       syn_report -rtlxml -model layer_block<16, 32, 16>_Pipeline_VITIS_LOOP_31_1_VITIS_LOOP_32_2_VITIS_LOOP_33_3 -o D:/University/Junior/HLS/VGG_Accelerator/hls/vgg_accelerator/solution1/syn/report/layer_block_16_32_16_Pipeline_VITIS_LOOP_31_1_VITIS_LOOP_32_2_VITIS_LOOP_33_3_csynth.xml 
Execute       syn_report -verbosereport -model layer_block<16, 32, 16>_Pipeline_VITIS_LOOP_31_1_VITIS_LOOP_32_2_VITIS_LOOP_33_3 -o D:/University/Junior/HLS/VGG_Accelerator/hls/vgg_accelerator/solution1/.autopilot/db/layer_block_16_32_16_Pipeline_VITIS_LOOP_31_1_VITIS_LOOP_32_2_VITIS_LOOP_33_3.verbose.rpt 
Execute         AP::get_flow_target_display_name
Execute       db_write -model layer_block<16, 32, 16>_Pipeline_VITIS_LOOP_31_1_VITIS_LOOP_32_2_VITIS_LOOP_33_3 -f -o D:/University/Junior/HLS/VGG_Accelerator/hls/vgg_accelerator/solution1/.autopilot/db/layer_block_16_32_16_Pipeline_VITIS_LOOP_31_1_VITIS_LOOP_32_2_VITIS_LOOP_33_3.adb 
Execute       db_write -model layer_block<16, 32, 16>_Pipeline_VITIS_LOOP_31_1_VITIS_LOOP_32_2_VITIS_LOOP_33_3 -bindview -o D:/University/Junior/HLS/VGG_Accelerator/hls/vgg_accelerator/solution1/.autopilot/db/design.bindinfo.xml 
Execute       gen_tb_info layer_block<16, 32, 16>_Pipeline_VITIS_LOOP_31_1_VITIS_LOOP_32_2_VITIS_LOOP_33_3 -p D:/University/Junior/HLS/VGG_Accelerator/hls/vgg_accelerator/solution1/.autopilot/db -o D:/University/Junior/HLS/VGG_Accelerator/hls/vgg_accelerator/solution1/.autopilot/db/layer_block_16_32_16_Pipeline_VITIS_LOOP_31_1_VITIS_LOOP_32_2_VITIS_LOOP_33_3 
INFO: [HLS 200-10] ----------------------------------------------------------------
INFO: [HLS 200-10] -- Generating RTL for module 'layer_block_16_32_16_Pipeline_VITIS_LOOP_40_6' 
INFO: [HLS 200-10] ----------------------------------------------------------------
Execute       create_rtl_model layer_block<16, 32, 16>_Pipeline_VITIS_LOOP_40_6 -top_prefix vgg_accelerator_ -sub_prefix vgg_accelerator_ -mg_file D:/University/Junior/HLS/VGG_Accelerator/hls/vgg_accelerator/solution1/.autopilot/db/layer_block_16_32_16_Pipeline_VITIS_LOOP_40_6.compgen.tcl 
INFO: [HLS 200-1030] Apply Unified Pipeline Control on module 'layer_block_16_32_16_Pipeline_VITIS_LOOP_40_6' pipeline 'VITIS_LOOP_40_6' pipeline type 'loop pipeline'
INFO: [RTGEN 206-100] Generating core module 'mux_164_8_1_1': 1 instance(s).
INFO: [RTGEN 206-100] Finished creating RTL model for 'layer_block_16_32_16_Pipeline_VITIS_LOOP_40_6'.
Command       create_rtl_model done; 0.24 sec.
INFO: [HLS 200-111] Finished Creating RTL model: CPU user time: 1 seconds. CPU system time: 0 seconds. Elapsed time: 0.528 seconds; current allocated memory: 659.730 MB.
Execute       source D:/University/Junior/HLS/VGG_Accelerator/hls/vgg_accelerator/solution1/.autopilot/db/vgg_accelerator.rtl_wrap.cfg.tcl 
Execute       gen_rtl layer_block<16, 32, 16>_Pipeline_VITIS_LOOP_40_6 -style xilinx -f -lang vhdl -o D:/University/Junior/HLS/VGG_Accelerator/hls/vgg_accelerator/solution1/syn/vhdl/vgg_accelerator_layer_block_16_32_16_Pipeline_VITIS_LOOP_40_6 
Execute       gen_rtl layer_block<16, 32, 16>_Pipeline_VITIS_LOOP_40_6 -style xilinx -f -lang vlog -o D:/University/Junior/HLS/VGG_Accelerator/hls/vgg_accelerator/solution1/syn/verilog/vgg_accelerator_layer_block_16_32_16_Pipeline_VITIS_LOOP_40_6 
Execute       syn_report -csynth -model layer_block<16, 32, 16>_Pipeline_VITIS_LOOP_40_6 -o D:/University/Junior/HLS/VGG_Accelerator/hls/vgg_accelerator/solution1/syn/report/layer_block_16_32_16_Pipeline_VITIS_LOOP_40_6_csynth.rpt 
Execute         AP::get_flow_target_display_name
Execute       syn_report -rtlxml -model layer_block<16, 32, 16>_Pipeline_VITIS_LOOP_40_6 -o D:/University/Junior/HLS/VGG_Accelerator/hls/vgg_accelerator/solution1/syn/report/layer_block_16_32_16_Pipeline_VITIS_LOOP_40_6_csynth.xml 
Execute       syn_report -verbosereport -model layer_block<16, 32, 16>_Pipeline_VITIS_LOOP_40_6 -o D:/University/Junior/HLS/VGG_Accelerator/hls/vgg_accelerator/solution1/.autopilot/db/layer_block_16_32_16_Pipeline_VITIS_LOOP_40_6.verbose.rpt 
Execute         AP::get_flow_target_display_name
Execute       db_write -model layer_block<16, 32, 16>_Pipeline_VITIS_LOOP_40_6 -f -o D:/University/Junior/HLS/VGG_Accelerator/hls/vgg_accelerator/solution1/.autopilot/db/layer_block_16_32_16_Pipeline_VITIS_LOOP_40_6.adb 
Command       db_write done; 0.256 sec.
Execute       db_write -model layer_block<16, 32, 16>_Pipeline_VITIS_LOOP_40_6 -bindview -o D:/University/Junior/HLS/VGG_Accelerator/hls/vgg_accelerator/solution1/.autopilot/db/design.bindinfo.xml 
Execute       gen_tb_info layer_block<16, 32, 16>_Pipeline_VITIS_LOOP_40_6 -p D:/University/Junior/HLS/VGG_Accelerator/hls/vgg_accelerator/solution1/.autopilot/db -o D:/University/Junior/HLS/VGG_Accelerator/hls/vgg_accelerator/solution1/.autopilot/db/layer_block_16_32_16_Pipeline_VITIS_LOOP_40_6 
INFO: [HLS 200-10] ----------------------------------------------------------------
INFO: [HLS 200-10] -- Generating RTL for module 'layer_block_16_32_16_Pipeline_VITIS_LOOP_71_8' 
INFO: [HLS 200-10] ----------------------------------------------------------------
Execute       create_rtl_model layer_block<16, 32, 16>_Pipeline_VITIS_LOOP_71_8 -top_prefix vgg_accelerator_ -sub_prefix vgg_accelerator_ -mg_file D:/University/Junior/HLS/VGG_Accelerator/hls/vgg_accelerator/solution1/.autopilot/db/layer_block_16_32_16_Pipeline_VITIS_LOOP_71_8.compgen.tcl 
INFO: [HLS 200-1030] Apply Unified Pipeline Control on module 'layer_block_16_32_16_Pipeline_VITIS_LOOP_71_8' pipeline 'VITIS_LOOP_71_8' pipeline type 'loop pipeline'
INFO: [RTGEN 206-100] Generating core module 'mul_8s_5s_12_1_1': 9 instance(s).
INFO: [RTGEN 206-100] Generating core module 'mux_164_8_1_1': 9 instance(s).
INFO: [RTGEN 206-100] Finished creating RTL model for 'layer_block_16_32_16_Pipeline_VITIS_LOOP_71_8'.
INFO: [RTMG 210-279] Implementing memory 'vgg_accelerator_layer_block_16_32_16_Pipeline_VITIS_LOOP_71_8_conv2_weights_ROM_AUTO_1R' using auto ROMs.
Command       create_rtl_model done; 0.315 sec.
INFO: [HLS 200-111] Finished Creating RTL model: CPU user time: 0 seconds. CPU system time: 0 seconds. Elapsed time: 1.206 seconds; current allocated memory: 676.734 MB.
Execute       source D:/University/Junior/HLS/VGG_Accelerator/hls/vgg_accelerator/solution1/.autopilot/db/vgg_accelerator.rtl_wrap.cfg.tcl 
Execute       gen_rtl layer_block<16, 32, 16>_Pipeline_VITIS_LOOP_71_8 -style xilinx -f -lang vhdl -o D:/University/Junior/HLS/VGG_Accelerator/hls/vgg_accelerator/solution1/syn/vhdl/vgg_accelerator_layer_block_16_32_16_Pipeline_VITIS_LOOP_71_8 
Execute       gen_rtl layer_block<16, 32, 16>_Pipeline_VITIS_LOOP_71_8 -style xilinx -f -lang vlog -o D:/University/Junior/HLS/VGG_Accelerator/hls/vgg_accelerator/solution1/syn/verilog/vgg_accelerator_layer_block_16_32_16_Pipeline_VITIS_LOOP_71_8 
Execute       syn_report -csynth -model layer_block<16, 32, 16>_Pipeline_VITIS_LOOP_71_8 -o D:/University/Junior/HLS/VGG_Accelerator/hls/vgg_accelerator/solution1/syn/report/layer_block_16_32_16_Pipeline_VITIS_LOOP_71_8_csynth.rpt 
Execute         AP::get_flow_target_display_name
Command       syn_report done; 0.121 sec.
Execute       syn_report -rtlxml -model layer_block<16, 32, 16>_Pipeline_VITIS_LOOP_71_8 -o D:/University/Junior/HLS/VGG_Accelerator/hls/vgg_accelerator/solution1/syn/report/layer_block_16_32_16_Pipeline_VITIS_LOOP_71_8_csynth.xml 
Command       syn_report done; 0.105 sec.
Execute       syn_report -verbosereport -model layer_block<16, 32, 16>_Pipeline_VITIS_LOOP_71_8 -o D:/University/Junior/HLS/VGG_Accelerator/hls/vgg_accelerator/solution1/.autopilot/db/layer_block_16_32_16_Pipeline_VITIS_LOOP_71_8.verbose.rpt 
Execute         AP::get_flow_target_display_name
Command       syn_report done; 0.426 sec.
Execute       db_write -model layer_block<16, 32, 16>_Pipeline_VITIS_LOOP_71_8 -f -o D:/University/Junior/HLS/VGG_Accelerator/hls/vgg_accelerator/solution1/.autopilot/db/layer_block_16_32_16_Pipeline_VITIS_LOOP_71_8.adb 
Command       db_write done; 0.12 sec.
Execute       db_write -model layer_block<16, 32, 16>_Pipeline_VITIS_LOOP_71_8 -bindview -o D:/University/Junior/HLS/VGG_Accelerator/hls/vgg_accelerator/solution1/.autopilot/db/design.bindinfo.xml 
Execute       gen_tb_info layer_block<16, 32, 16>_Pipeline_VITIS_LOOP_71_8 -p D:/University/Junior/HLS/VGG_Accelerator/hls/vgg_accelerator/solution1/.autopilot/db -o D:/University/Junior/HLS/VGG_Accelerator/hls/vgg_accelerator/solution1/.autopilot/db/layer_block_16_32_16_Pipeline_VITIS_LOOP_71_8 
INFO: [HLS 200-10] ----------------------------------------------------------------
INFO: [HLS 200-10] -- Generating RTL for module 'layer_block_16_32_16_s' 
INFO: [HLS 200-10] ----------------------------------------------------------------
Execute       create_rtl_model layer_block<16, 32, 16> -top_prefix vgg_accelerator_ -sub_prefix vgg_accelerator_ -mg_file D:/University/Junior/HLS/VGG_Accelerator/hls/vgg_accelerator/solution1/.autopilot/db/layer_block_16_32_16_s.compgen.tcl 
INFO: [SYN 201-210] Renamed object name 'layer_block_16_32_16_s_void_layer_block_stream_stream_signed_char_const_16_3_3_signed_char_con_1_RAM_AUTO_1R1W' to 'layer_block_16_32_16_s_void_layer_block_stream_stream_signed_char_const_16_3_tde' due to the length limit 80
INFO: [SYN 201-210] Renamed object name 'layer_block_16_32_16_s_void_layer_block_stream_stream_signed_char_const_16_3_3_signed_char_con_RAM_AUTO_1R1W' to 'layer_block_16_32_16_s_void_layer_block_stream_stream_signed_char_const_16_3_udo' due to the length limit 80
INFO: [RTGEN 206-100] Finished creating RTL model for 'layer_block_16_32_16_s'.
INFO: [RTMG 210-278] Implementing memory 'vgg_accelerator_layer_block_16_32_16_s_void_layer_block_stream_stream_signed_char_const_16_3_tde' using auto RAMs.
INFO: [RTMG 210-279] Implementing memory 'vgg_accelerator_layer_block_16_32_16_s_conv2_bias_ROM_AUTO_1R' using auto ROMs.
Command       create_rtl_model done; 0.295 sec.
INFO: [HLS 200-111] Finished Creating RTL model: CPU user time: 1 seconds. CPU system time: 0 seconds. Elapsed time: 1.386 seconds; current allocated memory: 685.973 MB.
Execute       source D:/University/Junior/HLS/VGG_Accelerator/hls/vgg_accelerator/solution1/.autopilot/db/vgg_accelerator.rtl_wrap.cfg.tcl 
Execute       gen_rtl layer_block<16, 32, 16> -style xilinx -f -lang vhdl -o D:/University/Junior/HLS/VGG_Accelerator/hls/vgg_accelerator/solution1/syn/vhdl/vgg_accelerator_layer_block_16_32_16_s 
Execute       gen_rtl layer_block<16, 32, 16> -style xilinx -f -lang vlog -o D:/University/Junior/HLS/VGG_Accelerator/hls/vgg_accelerator/solution1/syn/verilog/vgg_accelerator_layer_block_16_32_16_s 
Execute       syn_report -csynth -model layer_block<16, 32, 16> -o D:/University/Junior/HLS/VGG_Accelerator/hls/vgg_accelerator/solution1/syn/report/layer_block_16_32_16_s_csynth.rpt 
Execute         AP::get_flow_target_display_name
Execute       syn_report -rtlxml -model layer_block<16, 32, 16> -o D:/University/Junior/HLS/VGG_Accelerator/hls/vgg_accelerator/solution1/syn/report/layer_block_16_32_16_s_csynth.xml 
Execute       syn_report -verbosereport -model layer_block<16, 32, 16> -o D:/University/Junior/HLS/VGG_Accelerator/hls/vgg_accelerator/solution1/.autopilot/db/layer_block_16_32_16_s.verbose.rpt 
Execute         AP::get_flow_target_display_name
Command       syn_report done; 0.31 sec.
Execute       db_write -model layer_block<16, 32, 16> -f -o D:/University/Junior/HLS/VGG_Accelerator/hls/vgg_accelerator/solution1/.autopilot/db/layer_block_16_32_16_s.adb 
Execute       db_write -model layer_block<16, 32, 16> -bindview -o D:/University/Junior/HLS/VGG_Accelerator/hls/vgg_accelerator/solution1/.autopilot/db/design.bindinfo.xml 
Execute       gen_tb_info layer_block<16, 32, 16> -p D:/University/Junior/HLS/VGG_Accelerator/hls/vgg_accelerator/solution1/.autopilot/db -o D:/University/Junior/HLS/VGG_Accelerator/hls/vgg_accelerator/solution1/.autopilot/db/layer_block_16_32_16_s 
INFO: [HLS 200-10] ----------------------------------------------------------------
INFO: [HLS 200-10] -- Generating RTL for module 'max_val' 
INFO: [HLS 200-10] ----------------------------------------------------------------
Execute       create_rtl_model max_val -top_prefix vgg_accelerator_ -sub_prefix vgg_accelerator_ -mg_file D:/University/Junior/HLS/VGG_Accelerator/hls/vgg_accelerator/solution1/.autopilot/db/max_val.compgen.tcl 
INFO: [RTGEN 206-100] Finished creating RTL model for 'max_val'.
INFO: [HLS 200-111] Finished Creating RTL model: CPU user time: 1 seconds. CPU system time: 0 seconds. Elapsed time: 0.827 seconds; current allocated memory: 698.254 MB.
Execute       source D:/University/Junior/HLS/VGG_Accelerator/hls/vgg_accelerator/solution1/.autopilot/db/vgg_accelerator.rtl_wrap.cfg.tcl 
Execute       gen_rtl max_val -style xilinx -f -lang vhdl -o D:/University/Junior/HLS/VGG_Accelerator/hls/vgg_accelerator/solution1/syn/vhdl/vgg_accelerator_max_val 
Execute       gen_rtl max_val -style xilinx -f -lang vlog -o D:/University/Junior/HLS/VGG_Accelerator/hls/vgg_accelerator/solution1/syn/verilog/vgg_accelerator_max_val 
Execute       syn_report -csynth -model max_val -o D:/University/Junior/HLS/VGG_Accelerator/hls/vgg_accelerator/solution1/syn/report/max_val_csynth.rpt 
Execute         AP::get_flow_target_display_name
Execute       syn_report -rtlxml -model max_val -o D:/University/Junior/HLS/VGG_Accelerator/hls/vgg_accelerator/solution1/syn/report/max_val_csynth.xml 
Execute       syn_report -verbosereport -model max_val -o D:/University/Junior/HLS/VGG_Accelerator/hls/vgg_accelerator/solution1/.autopilot/db/max_val.verbose.rpt 
Execute         AP::get_flow_target_display_name
Execute       db_write -model max_val -f -o D:/University/Junior/HLS/VGG_Accelerator/hls/vgg_accelerator/solution1/.autopilot/db/max_val.adb 
Execute       db_write -model max_val -bindview -o D:/University/Junior/HLS/VGG_Accelerator/hls/vgg_accelerator/solution1/.autopilot/db/design.bindinfo.xml 
Execute       gen_tb_info max_val -p D:/University/Junior/HLS/VGG_Accelerator/hls/vgg_accelerator/solution1/.autopilot/db -o D:/University/Junior/HLS/VGG_Accelerator/hls/vgg_accelerator/solution1/.autopilot/db/max_val 
INFO: [HLS 200-10] ----------------------------------------------------------------
INFO: [HLS 200-10] -- Generating RTL for module 'max_pool_32_16_s' 
INFO: [HLS 200-10] ----------------------------------------------------------------
Execute       create_rtl_model max_pool<32, 16> -top_prefix vgg_accelerator_ -sub_prefix vgg_accelerator_ -mg_file D:/University/Junior/HLS/VGG_Accelerator/hls/vgg_accelerator/solution1/.autopilot/db/max_pool_32_16_s.compgen.tcl 
INFO: [SYN 201-210] Renamed object name 'max_pool_32_16_s_void_max_pool_stream_stream_ap_fixed_8_4_0_0_0_0_pool_buff_18_RAM_AUTO_1R1W' to 'max_pool_32_16_s_void_max_pool_stream_stream_ap_fixed_8_4_0_0_0_0_pool_buff_1vdy' due to the length limit 80
INFO: [SYN 201-210] Renamed object name 'max_pool_32_16_s_void_max_pool_stream_stream_ap_fixed_8_4_0_0_0_0_pool_buff_17_RAM_AUTO_1R1W' to 'max_pool_32_16_s_void_max_pool_stream_stream_ap_fixed_8_4_0_0_0_0_pool_buff_1wdI' due to the length limit 80
INFO: [SYN 201-210] Renamed object name 'max_pool_32_16_s_void_max_pool_stream_stream_ap_fixed_8_4_0_0_0_0_pool_buff_16_RAM_AUTO_1R1W' to 'max_pool_32_16_s_void_max_pool_stream_stream_ap_fixed_8_4_0_0_0_0_pool_buff_1xdS' due to the length limit 80
INFO: [SYN 201-210] Renamed object name 'max_pool_32_16_s_void_max_pool_stream_stream_ap_fixed_8_4_0_0_0_0_pool_buff_15_RAM_AUTO_1R1W' to 'max_pool_32_16_s_void_max_pool_stream_stream_ap_fixed_8_4_0_0_0_0_pool_buff_1yd2' due to the length limit 80
INFO: [SYN 201-210] Renamed object name 'max_pool_32_16_s_void_max_pool_stream_stream_ap_fixed_8_4_0_0_0_0_pool_buff_14_RAM_AUTO_1R1W' to 'max_pool_32_16_s_void_max_pool_stream_stream_ap_fixed_8_4_0_0_0_0_pool_buff_1zec' due to the length limit 80
INFO: [SYN 201-210] Renamed object name 'max_pool_32_16_s_void_max_pool_stream_stream_ap_fixed_8_4_0_0_0_0_pool_buff_13_RAM_AUTO_1R1W' to 'max_pool_32_16_s_void_max_pool_stream_stream_ap_fixed_8_4_0_0_0_0_pool_buff_1Aem' due to the length limit 80
INFO: [SYN 201-210] Renamed object name 'max_pool_32_16_s_void_max_pool_stream_stream_ap_fixed_8_4_0_0_0_0_pool_buff_12_RAM_AUTO_1R1W' to 'max_pool_32_16_s_void_max_pool_stream_stream_ap_fixed_8_4_0_0_0_0_pool_buff_1Bew' due to the length limit 80
INFO: [SYN 201-210] Renamed object name 'max_pool_32_16_s_void_max_pool_stream_stream_ap_fixed_8_4_0_0_0_0_pool_buff_11_RAM_AUTO_1R1W' to 'max_pool_32_16_s_void_max_pool_stream_stream_ap_fixed_8_4_0_0_0_0_pool_buff_1CeG' due to the length limit 80
INFO: [SYN 201-210] Renamed object name 'max_pool_32_16_s_void_max_pool_stream_stream_ap_fixed_8_4_0_0_0_0_pool_buff_10_RAM_AUTO_1R1W' to 'max_pool_32_16_s_void_max_pool_stream_stream_ap_fixed_8_4_0_0_0_0_pool_buff_1DeQ' due to the length limit 80
INFO: [SYN 201-210] Renamed object name 'max_pool_32_16_s_p_ZZ8max_poolILi32ELi16EEvRN3hls6streamI8ap_fixedILi8ELi4EL9ap_q_mode0EL9ap_o_mod_21_RAM_AUTO_1R1W' to 'max_pool_32_16_s_p_ZZ8max_poolILi32ELi16EEvRN3hls6streamI8ap_fixedILi8ELi4EL9Ee0' due to the length limit 80
INFO: [SYN 201-210] Renamed object name 'max_pool_32_16_s_p_ZZ8max_poolILi32ELi16EEvRN3hls6streamI8ap_fixedILi8ELi4EL9ap_q_mode0EL9ap_o_mod_20_RAM_AUTO_1R1W' to 'max_pool_32_16_s_p_ZZ8max_poolILi32ELi16EEvRN3hls6streamI8ap_fixedILi8ELi4EL9Ffa' due to the length limit 80
INFO: [SYN 201-210] Renamed object name 'max_pool_32_16_s_p_ZZ8max_poolILi32ELi16EEvRN3hls6streamI8ap_fixedILi8ELi4EL9ap_q_mode0EL9ap_o_mod_19_RAM_AUTO_1R1W' to 'max_pool_32_16_s_p_ZZ8max_poolILi32ELi16EEvRN3hls6streamI8ap_fixedILi8ELi4EL9Gfk' due to the length limit 80
INFO: [SYN 201-210] Renamed object name 'max_pool_32_16_s_p_ZZ8max_poolILi32ELi16EEvRN3hls6streamI8ap_fixedILi8ELi4EL9ap_q_mode0EL9ap_o_mod_18_RAM_AUTO_1R1W' to 'max_pool_32_16_s_p_ZZ8max_poolILi32ELi16EEvRN3hls6streamI8ap_fixedILi8ELi4EL9Hfu' due to the length limit 80
INFO: [SYN 201-210] Renamed object name 'max_pool_32_16_s_p_ZZ8max_poolILi32ELi16EEvRN3hls6streamI8ap_fixedILi8ELi4EL9ap_q_mode0EL9ap_o_mod_17_RAM_AUTO_1R1W' to 'max_pool_32_16_s_p_ZZ8max_poolILi32ELi16EEvRN3hls6streamI8ap_fixedILi8ELi4EL9IfE' due to the length limit 80
INFO: [SYN 201-210] Renamed object name 'max_pool_32_16_s_p_ZZ8max_poolILi32ELi16EEvRN3hls6streamI8ap_fixedILi8ELi4EL9ap_q_mode0EL9ap_o_mod_16_RAM_AUTO_1R1W' to 'max_pool_32_16_s_p_ZZ8max_poolILi32ELi16EEvRN3hls6streamI8ap_fixedILi8ELi4EL9JfO' due to the length limit 80
INFO: [SYN 201-210] Renamed object name 'max_pool_32_16_s_p_ZZ8max_poolILi32ELi16EEvRN3hls6streamI8ap_fixedILi8ELi4EL9ap_q_mode0EL9ap_o_mod_15_RAM_AUTO_1R1W' to 'max_pool_32_16_s_p_ZZ8max_poolILi32ELi16EEvRN3hls6streamI8ap_fixedILi8ELi4EL9KfY' due to the length limit 80
INFO: [SYN 201-210] Renamed object name 'max_pool_32_16_s_p_ZZ8max_poolILi32ELi16EEvRN3hls6streamI8ap_fixedILi8ELi4EL9ap_q_mode0EL9ap_o_mod_14_RAM_AUTO_1R1W' to 'max_pool_32_16_s_p_ZZ8max_poolILi32ELi16EEvRN3hls6streamI8ap_fixedILi8ELi4EL9Lf8' due to the length limit 80
INFO: [SYN 201-210] Renamed object name 'max_pool_32_16_s_p_ZZ8max_poolILi32ELi16EEvRN3hls6streamI8ap_fixedILi8ELi4EL9ap_q_mode0EL9ap_o_mod_13_RAM_AUTO_1R1W' to 'max_pool_32_16_s_p_ZZ8max_poolILi32ELi16EEvRN3hls6streamI8ap_fixedILi8ELi4EL9Mgi' due to the length limit 80
INFO: [SYN 201-210] Renamed object name 'max_pool_32_16_s_p_ZZ8max_poolILi32ELi16EEvRN3hls6streamI8ap_fixedILi8ELi4EL9ap_q_mode0EL9ap_o_mod_12_RAM_AUTO_1R1W' to 'max_pool_32_16_s_p_ZZ8max_poolILi32ELi16EEvRN3hls6streamI8ap_fixedILi8ELi4EL9Ngs' due to the length limit 80
INFO: [SYN 201-210] Renamed object name 'max_pool_32_16_s_p_ZZ8max_poolILi32ELi16EEvRN3hls6streamI8ap_fixedILi8ELi4EL9ap_q_mode0EL9ap_o_mod_11_RAM_AUTO_1R1W' to 'max_pool_32_16_s_p_ZZ8max_poolILi32ELi16EEvRN3hls6streamI8ap_fixedILi8ELi4EL9OgC' due to the length limit 80
INFO: [SYN 201-210] Renamed object name 'max_pool_32_16_s_p_ZZ8max_poolILi32ELi16EEvRN3hls6streamI8ap_fixedILi8ELi4EL9ap_q_mode0EL9ap_o_mod_10_RAM_AUTO_1R1W' to 'max_pool_32_16_s_p_ZZ8max_poolILi32ELi16EEvRN3hls6streamI8ap_fixedILi8ELi4EL9PgM' due to the length limit 80
INFO: [SYN 201-210] Renamed object name 'max_pool_32_16_s_p_ZZ8max_poolILi32ELi16EEvRN3hls6streamI8ap_fixedILi8ELi4EL9ap_q_mode0EL9ap_o_mod_9_RAM_AUTO_1R1W' to 'max_pool_32_16_s_p_ZZ8max_poolILi32ELi16EEvRN3hls6streamI8ap_fixedILi8ELi4EL9QgW' due to the length limit 80
INFO: [SYN 201-210] Renamed object name 'max_pool_32_16_s_p_ZZ8max_poolILi32ELi16EEvRN3hls6streamI8ap_fixedILi8ELi4EL9ap_q_mode0EL9ap_o_mod_8_RAM_AUTO_1R1W' to 'max_pool_32_16_s_p_ZZ8max_poolILi32ELi16EEvRN3hls6streamI8ap_fixedILi8ELi4EL9Rg6' due to the length limit 80
INFO: [SYN 201-210] Renamed object name 'max_pool_32_16_s_p_ZZ8max_poolILi32ELi16EEvRN3hls6streamI8ap_fixedILi8ELi4EL9ap_q_mode0EL9ap_o_mod_7_RAM_AUTO_1R1W' to 'max_pool_32_16_s_p_ZZ8max_poolILi32ELi16EEvRN3hls6streamI8ap_fixedILi8ELi4EL9Shg' due to the length limit 80
INFO: [SYN 201-210] Renamed object name 'max_pool_32_16_s_p_ZZ8max_poolILi32ELi16EEvRN3hls6streamI8ap_fixedILi8ELi4EL9ap_q_mode0EL9ap_o_mod_6_RAM_AUTO_1R1W' to 'max_pool_32_16_s_p_ZZ8max_poolILi32ELi16EEvRN3hls6streamI8ap_fixedILi8ELi4EL9Thq' due to the length limit 80
INFO: [SYN 201-210] Renamed object name 'max_pool_32_16_s_p_ZZ8max_poolILi32ELi16EEvRN3hls6streamI8ap_fixedILi8ELi4EL9ap_q_mode0EL9ap_o_mod_5_RAM_AUTO_1R1W' to 'max_pool_32_16_s_p_ZZ8max_poolILi32ELi16EEvRN3hls6streamI8ap_fixedILi8ELi4EL9UhA' due to the length limit 80
INFO: [SYN 201-210] Renamed object name 'max_pool_32_16_s_p_ZZ8max_poolILi32ELi16EEvRN3hls6streamI8ap_fixedILi8ELi4EL9ap_q_mode0EL9ap_o_mod_4_RAM_AUTO_1R1W' to 'max_pool_32_16_s_p_ZZ8max_poolILi32ELi16EEvRN3hls6streamI8ap_fixedILi8ELi4EL9VhK' due to the length limit 80
INFO: [SYN 201-210] Renamed object name 'max_pool_32_16_s_p_ZZ8max_poolILi32ELi16EEvRN3hls6streamI8ap_fixedILi8ELi4EL9ap_q_mode0EL9ap_o_mod_3_RAM_AUTO_1R1W' to 'max_pool_32_16_s_p_ZZ8max_poolILi32ELi16EEvRN3hls6streamI8ap_fixedILi8ELi4EL9WhU' due to the length limit 80
INFO: [SYN 201-210] Renamed object name 'max_pool_32_16_s_p_ZZ8max_poolILi32ELi16EEvRN3hls6streamI8ap_fixedILi8ELi4EL9ap_q_mode0EL9ap_o_mod_2_RAM_AUTO_1R1W' to 'max_pool_32_16_s_p_ZZ8max_poolILi32ELi16EEvRN3hls6streamI8ap_fixedILi8ELi4EL9Xh4' due to the length limit 80
INFO: [SYN 201-210] Renamed object name 'max_pool_32_16_s_p_ZZ8max_poolILi32ELi16EEvRN3hls6streamI8ap_fixedILi8ELi4EL9ap_q_mode0EL9ap_o_mod_1_RAM_AUTO_1R1W' to 'max_pool_32_16_s_p_ZZ8max_poolILi32ELi16EEvRN3hls6streamI8ap_fixedILi8ELi4EL9Yie' due to the length limit 80
INFO: [SYN 201-210] Renamed object name 'max_pool_32_16_s_p_ZZ8max_poolILi32ELi16EEvRN3hls6streamI8ap_fixedILi8ELi4EL9ap_q_mode0EL9ap_o_mod_RAM_AUTO_1R1W' to 'max_pool_32_16_s_p_ZZ8max_poolILi32ELi16EEvRN3hls6streamI8ap_fixedILi8ELi4EL9Zio' due to the length limit 80
INFO: [SYN 201-210] Renamed object name 'max_pool_32_16_s_void_max_pool_stream_stream_ap_fixed_8_4_0_0_0_0_pool_buff_19_RAM_AUTO_1R1W' to 'max_pool_32_16_s_void_max_pool_stream_stream_ap_fixed_8_4_0_0_0_0_pool_buff_10iy' due to the length limit 80
INFO: [HLS 200-1030] Apply Unified Pipeline Control on module 'max_pool_32_16_s' pipeline 'VITIS_LOOP_101_1_VITIS_LOOP_102_2' pipeline type 'loop pipeline'
INFO: [RTGEN 206-100] Finished creating RTL model for 'max_pool_32_16_s'.
INFO: [RTMG 210-278] Implementing memory 'vgg_accelerator_max_pool_32_16_s_void_max_pool_stream_stream_ap_fixed_8_4_0_0_0_0_pool_buff_1vdy' using auto RAMs.
INFO: [RTMG 210-278] Implementing memory 'vgg_accelerator_max_pool_32_16_s_p_ZZ8max_poolILi32ELi16EEvRN3hls6streamI8ap_fixedILi8ELi4EL9Zio' using auto RAMs.
Command       create_rtl_model done; 1.525 sec.
INFO: [HLS 200-111] Finished Creating RTL model: CPU user time: 1 seconds. CPU system time: 0 seconds. Elapsed time: 1.714 seconds; current allocated memory: 700.465 MB.
Execute       source D:/University/Junior/HLS/VGG_Accelerator/hls/vgg_accelerator/solution1/.autopilot/db/vgg_accelerator.rtl_wrap.cfg.tcl 
Execute       gen_rtl max_pool<32, 16> -style xilinx -f -lang vhdl -o D:/University/Junior/HLS/VGG_Accelerator/hls/vgg_accelerator/solution1/syn/vhdl/vgg_accelerator_max_pool_32_16_s 
Execute       gen_rtl max_pool<32, 16> -style xilinx -f -lang vlog -o D:/University/Junior/HLS/VGG_Accelerator/hls/vgg_accelerator/solution1/syn/verilog/vgg_accelerator_max_pool_32_16_s 
Execute       syn_report -csynth -model max_pool<32, 16> -o D:/University/Junior/HLS/VGG_Accelerator/hls/vgg_accelerator/solution1/syn/report/max_pool_32_16_s_csynth.rpt 
Execute         AP::get_flow_target_display_name
Command       syn_report done; 0.21 sec.
Execute       syn_report -rtlxml -model max_pool<32, 16> -o D:/University/Junior/HLS/VGG_Accelerator/hls/vgg_accelerator/solution1/syn/report/max_pool_32_16_s_csynth.xml 
Command       syn_report done; 0.116 sec.
Execute       syn_report -verbosereport -model max_pool<32, 16> -o D:/University/Junior/HLS/VGG_Accelerator/hls/vgg_accelerator/solution1/.autopilot/db/max_pool_32_16_s.verbose.rpt 
Execute         AP::get_flow_target_display_name
Command       syn_report done; 0.196 sec.
Execute       db_write -model max_pool<32, 16> -f -o D:/University/Junior/HLS/VGG_Accelerator/hls/vgg_accelerator/solution1/.autopilot/db/max_pool_32_16_s.adb 
Command       db_write done; 0.208 sec.
Execute       db_write -model max_pool<32, 16> -bindview -o D:/University/Junior/HLS/VGG_Accelerator/hls/vgg_accelerator/solution1/.autopilot/db/design.bindinfo.xml 
Execute       gen_tb_info max_pool<32, 16> -p D:/University/Junior/HLS/VGG_Accelerator/hls/vgg_accelerator/solution1/.autopilot/db -o D:/University/Junior/HLS/VGG_Accelerator/hls/vgg_accelerator/solution1/.autopilot/db/max_pool_32_16_s 
INFO: [HLS 200-10] ----------------------------------------------------------------
INFO: [HLS 200-10] -- Generating RTL for module 'layer_block_32_64_8_Pipeline_VITIS_LOOP_31_1_VITIS_LOOP_32_2_VITIS_LOOP_33_3' 
INFO: [HLS 200-10] ----------------------------------------------------------------
Execute       create_rtl_model layer_block<32, 64, 8>_Pipeline_VITIS_LOOP_31_1_VITIS_LOOP_32_2_VITIS_LOOP_33_3 -top_prefix vgg_accelerator_ -sub_prefix vgg_accelerator_ -mg_file D:/University/Junior/HLS/VGG_Accelerator/hls/vgg_accelerator/solution1/.autopilot/db/layer_block_32_64_8_Pipeline_VITIS_LOOP_31_1_VITIS_LOOP_32_2_VITIS_LOOP_33_3.compgen.tcl 
INFO: [RTGEN 206-100] Finished creating RTL model for 'layer_block_32_64_8_Pipeline_VITIS_LOOP_31_1_VITIS_LOOP_32_2_VITIS_LOOP_33_3'.
INFO: [HLS 200-111] Finished Creating RTL model: CPU user time: 0 seconds. CPU system time: 0 seconds. Elapsed time: 1.279 seconds; current allocated memory: 714.609 MB.
Execute       source D:/University/Junior/HLS/VGG_Accelerator/hls/vgg_accelerator/solution1/.autopilot/db/vgg_accelerator.rtl_wrap.cfg.tcl 
Execute       gen_rtl layer_block<32, 64, 8>_Pipeline_VITIS_LOOP_31_1_VITIS_LOOP_32_2_VITIS_LOOP_33_3 -style xilinx -f -lang vhdl -o D:/University/Junior/HLS/VGG_Accelerator/hls/vgg_accelerator/solution1/syn/vhdl/vgg_accelerator_layer_block_32_64_8_Pipeline_VITIS_LOOP_31_1_VITIS_LOOP_32_2_VITIS_LOOP_33_3 
Execute       gen_rtl layer_block<32, 64, 8>_Pipeline_VITIS_LOOP_31_1_VITIS_LOOP_32_2_VITIS_LOOP_33_3 -style xilinx -f -lang vlog -o D:/University/Junior/HLS/VGG_Accelerator/hls/vgg_accelerator/solution1/syn/verilog/vgg_accelerator_layer_block_32_64_8_Pipeline_VITIS_LOOP_31_1_VITIS_LOOP_32_2_VITIS_LOOP_33_3 
Execute       syn_report -csynth -model layer_block<32, 64, 8>_Pipeline_VITIS_LOOP_31_1_VITIS_LOOP_32_2_VITIS_LOOP_33_3 -o D:/University/Junior/HLS/VGG_Accelerator/hls/vgg_accelerator/solution1/syn/report/layer_block_32_64_8_Pipeline_VITIS_LOOP_31_1_VITIS_LOOP_32_2_VITIS_LOOP_33_3_csynth.rpt 
Execute         AP::get_flow_target_display_name
Execute       syn_report -rtlxml -model layer_block<32, 64, 8>_Pipeline_VITIS_LOOP_31_1_VITIS_LOOP_32_2_VITIS_LOOP_33_3 -o D:/University/Junior/HLS/VGG_Accelerator/hls/vgg_accelerator/solution1/syn/report/layer_block_32_64_8_Pipeline_VITIS_LOOP_31_1_VITIS_LOOP_32_2_VITIS_LOOP_33_3_csynth.xml 
Execute       syn_report -verbosereport -model layer_block<32, 64, 8>_Pipeline_VITIS_LOOP_31_1_VITIS_LOOP_32_2_VITIS_LOOP_33_3 -o D:/University/Junior/HLS/VGG_Accelerator/hls/vgg_accelerator/solution1/.autopilot/db/layer_block_32_64_8_Pipeline_VITIS_LOOP_31_1_VITIS_LOOP_32_2_VITIS_LOOP_33_3.verbose.rpt 
Execute         AP::get_flow_target_display_name
Execute       db_write -model layer_block<32, 64, 8>_Pipeline_VITIS_LOOP_31_1_VITIS_LOOP_32_2_VITIS_LOOP_33_3 -f -o D:/University/Junior/HLS/VGG_Accelerator/hls/vgg_accelerator/solution1/.autopilot/db/layer_block_32_64_8_Pipeline_VITIS_LOOP_31_1_VITIS_LOOP_32_2_VITIS_LOOP_33_3.adb 
Execute       db_write -model layer_block<32, 64, 8>_Pipeline_VITIS_LOOP_31_1_VITIS_LOOP_32_2_VITIS_LOOP_33_3 -bindview -o D:/University/Junior/HLS/VGG_Accelerator/hls/vgg_accelerator/solution1/.autopilot/db/design.bindinfo.xml 
Execute       gen_tb_info layer_block<32, 64, 8>_Pipeline_VITIS_LOOP_31_1_VITIS_LOOP_32_2_VITIS_LOOP_33_3 -p D:/University/Junior/HLS/VGG_Accelerator/hls/vgg_accelerator/solution1/.autopilot/db -o D:/University/Junior/HLS/VGG_Accelerator/hls/vgg_accelerator/solution1/.autopilot/db/layer_block_32_64_8_Pipeline_VITIS_LOOP_31_1_VITIS_LOOP_32_2_VITIS_LOOP_33_3 
INFO: [HLS 200-10] ----------------------------------------------------------------
INFO: [HLS 200-10] -- Generating RTL for module 'layer_block_32_64_8_Pipeline_VITIS_LOOP_40_6' 
INFO: [HLS 200-10] ----------------------------------------------------------------
Execute       create_rtl_model layer_block<32, 64, 8>_Pipeline_VITIS_LOOP_40_6 -top_prefix vgg_accelerator_ -sub_prefix vgg_accelerator_ -mg_file D:/University/Junior/HLS/VGG_Accelerator/hls/vgg_accelerator/solution1/.autopilot/db/layer_block_32_64_8_Pipeline_VITIS_LOOP_40_6.compgen.tcl 
INFO: [HLS 200-1030] Apply Unified Pipeline Control on module 'layer_block_32_64_8_Pipeline_VITIS_LOOP_40_6' pipeline 'VITIS_LOOP_40_6' pipeline type 'loop pipeline'
INFO: [HLS 200-1553] Disabling free running pipeline (frp) architecture on pipeline 'VITIS_LOOP_40_6' in module 'layer_block_32_64_8_Pipeline_VITIS_LOOP_40_6', because the estimated Stream Port Number is 26, which is bigger than the frp_stream_port_number threshold of 20.
INFO: [RTGEN 206-100] Generating core module 'mux_325_8_1_1': 1 instance(s).
INFO: [RTGEN 206-100] Finished creating RTL model for 'layer_block_32_64_8_Pipeline_VITIS_LOOP_40_6'.
Command       create_rtl_model done; 0.664 sec.
INFO: [HLS 200-111] Finished Creating RTL model: CPU user time: 1 seconds. CPU system time: 0 seconds. Elapsed time: 0.928 seconds; current allocated memory: 720.430 MB.
Execute       source D:/University/Junior/HLS/VGG_Accelerator/hls/vgg_accelerator/solution1/.autopilot/db/vgg_accelerator.rtl_wrap.cfg.tcl 
Execute       gen_rtl layer_block<32, 64, 8>_Pipeline_VITIS_LOOP_40_6 -style xilinx -f -lang vhdl -o D:/University/Junior/HLS/VGG_Accelerator/hls/vgg_accelerator/solution1/syn/vhdl/vgg_accelerator_layer_block_32_64_8_Pipeline_VITIS_LOOP_40_6 
Execute       gen_rtl layer_block<32, 64, 8>_Pipeline_VITIS_LOOP_40_6 -style xilinx -f -lang vlog -o D:/University/Junior/HLS/VGG_Accelerator/hls/vgg_accelerator/solution1/syn/verilog/vgg_accelerator_layer_block_32_64_8_Pipeline_VITIS_LOOP_40_6 
Execute       syn_report -csynth -model layer_block<32, 64, 8>_Pipeline_VITIS_LOOP_40_6 -o D:/University/Junior/HLS/VGG_Accelerator/hls/vgg_accelerator/solution1/syn/report/layer_block_32_64_8_Pipeline_VITIS_LOOP_40_6_csynth.rpt 
Execute         AP::get_flow_target_display_name
Execute       syn_report -rtlxml -model layer_block<32, 64, 8>_Pipeline_VITIS_LOOP_40_6 -o D:/University/Junior/HLS/VGG_Accelerator/hls/vgg_accelerator/solution1/syn/report/layer_block_32_64_8_Pipeline_VITIS_LOOP_40_6_csynth.xml 
Execute       syn_report -verbosereport -model layer_block<32, 64, 8>_Pipeline_VITIS_LOOP_40_6 -o D:/University/Junior/HLS/VGG_Accelerator/hls/vgg_accelerator/solution1/.autopilot/db/layer_block_32_64_8_Pipeline_VITIS_LOOP_40_6.verbose.rpt 
Execute         AP::get_flow_target_display_name
Command       syn_report done; 0.111 sec.
Execute       db_write -model layer_block<32, 64, 8>_Pipeline_VITIS_LOOP_40_6 -f -o D:/University/Junior/HLS/VGG_Accelerator/hls/vgg_accelerator/solution1/.autopilot/db/layer_block_32_64_8_Pipeline_VITIS_LOOP_40_6.adb 
Command       db_write done; 0.297 sec.
Execute       db_write -model layer_block<32, 64, 8>_Pipeline_VITIS_LOOP_40_6 -bindview -o D:/University/Junior/HLS/VGG_Accelerator/hls/vgg_accelerator/solution1/.autopilot/db/design.bindinfo.xml 
Execute       gen_tb_info layer_block<32, 64, 8>_Pipeline_VITIS_LOOP_40_6 -p D:/University/Junior/HLS/VGG_Accelerator/hls/vgg_accelerator/solution1/.autopilot/db -o D:/University/Junior/HLS/VGG_Accelerator/hls/vgg_accelerator/solution1/.autopilot/db/layer_block_32_64_8_Pipeline_VITIS_LOOP_40_6 
INFO: [HLS 200-10] ----------------------------------------------------------------
INFO: [HLS 200-10] -- Generating RTL for module 'layer_block_32_64_8_Pipeline_VITIS_LOOP_71_8' 
INFO: [HLS 200-10] ----------------------------------------------------------------
Execute       create_rtl_model layer_block<32, 64, 8>_Pipeline_VITIS_LOOP_71_8 -top_prefix vgg_accelerator_ -sub_prefix vgg_accelerator_ -mg_file D:/University/Junior/HLS/VGG_Accelerator/hls/vgg_accelerator/solution1/.autopilot/db/layer_block_32_64_8_Pipeline_VITIS_LOOP_71_8.compgen.tcl 
INFO: [HLS 200-1030] Apply Unified Pipeline Control on module 'layer_block_32_64_8_Pipeline_VITIS_LOOP_71_8' pipeline 'VITIS_LOOP_71_8' pipeline type 'loop pipeline'
INFO: [RTGEN 206-100] Generating core module 'mul_8s_5s_12_1_1': 9 instance(s).
INFO: [RTGEN 206-100] Generating core module 'mux_325_8_1_1': 9 instance(s).
INFO: [RTGEN 206-100] Finished creating RTL model for 'layer_block_32_64_8_Pipeline_VITIS_LOOP_71_8'.
INFO: [RTMG 210-279] Implementing memory 'vgg_accelerator_layer_block_32_64_8_Pipeline_VITIS_LOOP_71_8_conv3_weights_ROM_AUTO_1R' using auto ROMs.
Command       create_rtl_model done; 0.403 sec.
INFO: [HLS 200-111] Finished Creating RTL model: CPU user time: 1 seconds. CPU system time: 1 seconds. Elapsed time: 1.712 seconds; current allocated memory: 754.566 MB.
Execute       source D:/University/Junior/HLS/VGG_Accelerator/hls/vgg_accelerator/solution1/.autopilot/db/vgg_accelerator.rtl_wrap.cfg.tcl 
Execute       gen_rtl layer_block<32, 64, 8>_Pipeline_VITIS_LOOP_71_8 -style xilinx -f -lang vhdl -o D:/University/Junior/HLS/VGG_Accelerator/hls/vgg_accelerator/solution1/syn/vhdl/vgg_accelerator_layer_block_32_64_8_Pipeline_VITIS_LOOP_71_8 
Execute       gen_rtl layer_block<32, 64, 8>_Pipeline_VITIS_LOOP_71_8 -style xilinx -f -lang vlog -o D:/University/Junior/HLS/VGG_Accelerator/hls/vgg_accelerator/solution1/syn/verilog/vgg_accelerator_layer_block_32_64_8_Pipeline_VITIS_LOOP_71_8 
Execute       syn_report -csynth -model layer_block<32, 64, 8>_Pipeline_VITIS_LOOP_71_8 -o D:/University/Junior/HLS/VGG_Accelerator/hls/vgg_accelerator/solution1/syn/report/layer_block_32_64_8_Pipeline_VITIS_LOOP_71_8_csynth.rpt 
Execute         AP::get_flow_target_display_name
Command       syn_report done; 0.145 sec.
Execute       syn_report -rtlxml -model layer_block<32, 64, 8>_Pipeline_VITIS_LOOP_71_8 -o D:/University/Junior/HLS/VGG_Accelerator/hls/vgg_accelerator/solution1/syn/report/layer_block_32_64_8_Pipeline_VITIS_LOOP_71_8_csynth.xml 
Execute       syn_report -verbosereport -model layer_block<32, 64, 8>_Pipeline_VITIS_LOOP_71_8 -o D:/University/Junior/HLS/VGG_Accelerator/hls/vgg_accelerator/solution1/.autopilot/db/layer_block_32_64_8_Pipeline_VITIS_LOOP_71_8.verbose.rpt 
Execute         AP::get_flow_target_display_name
Command       syn_report done; 0.295 sec.
Execute       db_write -model layer_block<32, 64, 8>_Pipeline_VITIS_LOOP_71_8 -f -o D:/University/Junior/HLS/VGG_Accelerator/hls/vgg_accelerator/solution1/.autopilot/db/layer_block_32_64_8_Pipeline_VITIS_LOOP_71_8.adb 
Command       db_write done; 0.113 sec.
Execute       db_write -model layer_block<32, 64, 8>_Pipeline_VITIS_LOOP_71_8 -bindview -o D:/University/Junior/HLS/VGG_Accelerator/hls/vgg_accelerator/solution1/.autopilot/db/design.bindinfo.xml 
Execute       gen_tb_info layer_block<32, 64, 8>_Pipeline_VITIS_LOOP_71_8 -p D:/University/Junior/HLS/VGG_Accelerator/hls/vgg_accelerator/solution1/.autopilot/db -o D:/University/Junior/HLS/VGG_Accelerator/hls/vgg_accelerator/solution1/.autopilot/db/layer_block_32_64_8_Pipeline_VITIS_LOOP_71_8 
INFO: [HLS 200-10] ----------------------------------------------------------------
INFO: [HLS 200-10] -- Generating RTL for module 'layer_block_32_64_8_s' 
INFO: [HLS 200-10] ----------------------------------------------------------------
Execute       create_rtl_model layer_block<32, 64, 8> -top_prefix vgg_accelerator_ -sub_prefix vgg_accelerator_ -mg_file D:/University/Junior/HLS/VGG_Accelerator/hls/vgg_accelerator/solution1/.autopilot/db/layer_block_32_64_8_s.compgen.tcl 
INFO: [SYN 201-210] Renamed object name 'layer_block_32_64_8_s_void_layer_block_stream_stream_signed_char_const_32_3_3_signed_char_con_1_RAM_AUTO_1R1W' to 'layer_block_32_64_8_s_void_layer_block_stream_stream_signed_char_const_32_3_31iI' due to the length limit 80
INFO: [SYN 201-210] Renamed object name 'layer_block_32_64_8_s_void_layer_block_stream_stream_signed_char_const_32_3_3_signed_char_con_RAM_AUTO_1R1W' to 'layer_block_32_64_8_s_void_layer_block_stream_stream_signed_char_const_32_3_32iS' due to the length limit 80
INFO: [RTGEN 206-100] Finished creating RTL model for 'layer_block_32_64_8_s'.
INFO: [RTMG 210-278] Implementing memory 'vgg_accelerator_layer_block_32_64_8_s_void_layer_block_stream_stream_signed_char_const_32_3_31iI' using auto RAMs.
INFO: [RTMG 210-279] Implementing memory 'vgg_accelerator_layer_block_32_64_8_s_conv3_bias_ROM_AUTO_1R' using auto ROMs.
Command       create_rtl_model done; 0.346 sec.
INFO: [HLS 200-111] Finished Creating RTL model: CPU user time: 1 seconds. CPU system time: 0 seconds. Elapsed time: 1.311 seconds; current allocated memory: 768.922 MB.
Execute       source D:/University/Junior/HLS/VGG_Accelerator/hls/vgg_accelerator/solution1/.autopilot/db/vgg_accelerator.rtl_wrap.cfg.tcl 
Execute       gen_rtl layer_block<32, 64, 8> -style xilinx -f -lang vhdl -o D:/University/Junior/HLS/VGG_Accelerator/hls/vgg_accelerator/solution1/syn/vhdl/vgg_accelerator_layer_block_32_64_8_s 
Execute       gen_rtl layer_block<32, 64, 8> -style xilinx -f -lang vlog -o D:/University/Junior/HLS/VGG_Accelerator/hls/vgg_accelerator/solution1/syn/verilog/vgg_accelerator_layer_block_32_64_8_s 
Execute       syn_report -csynth -model layer_block<32, 64, 8> -o D:/University/Junior/HLS/VGG_Accelerator/hls/vgg_accelerator/solution1/syn/report/layer_block_32_64_8_s_csynth.rpt 
Execute         AP::get_flow_target_display_name
Execute       syn_report -rtlxml -model layer_block<32, 64, 8> -o D:/University/Junior/HLS/VGG_Accelerator/hls/vgg_accelerator/solution1/syn/report/layer_block_32_64_8_s_csynth.xml 
Execute       syn_report -verbosereport -model layer_block<32, 64, 8> -o D:/University/Junior/HLS/VGG_Accelerator/hls/vgg_accelerator/solution1/.autopilot/db/layer_block_32_64_8_s.verbose.rpt 
Execute         AP::get_flow_target_display_name
Command       syn_report done; 0.274 sec.
Execute       db_write -model layer_block<32, 64, 8> -f -o D:/University/Junior/HLS/VGG_Accelerator/hls/vgg_accelerator/solution1/.autopilot/db/layer_block_32_64_8_s.adb 
Command       db_write done; 0.168 sec.
Execute       db_write -model layer_block<32, 64, 8> -bindview -o D:/University/Junior/HLS/VGG_Accelerator/hls/vgg_accelerator/solution1/.autopilot/db/design.bindinfo.xml 
Execute       gen_tb_info layer_block<32, 64, 8> -p D:/University/Junior/HLS/VGG_Accelerator/hls/vgg_accelerator/solution1/.autopilot/db -o D:/University/Junior/HLS/VGG_Accelerator/hls/vgg_accelerator/solution1/.autopilot/db/layer_block_32_64_8_s 
INFO: [HLS 200-10] ----------------------------------------------------------------
INFO: [HLS 200-10] -- Generating RTL for module 'max_pool_64_8_s' 
INFO: [HLS 200-10] ----------------------------------------------------------------
Execute       create_rtl_model max_pool<64, 8> -top_prefix vgg_accelerator_ -sub_prefix vgg_accelerator_ -mg_file D:/University/Junior/HLS/VGG_Accelerator/hls/vgg_accelerator/solution1/.autopilot/db/max_pool_64_8_s.compgen.tcl 
INFO: [SYN 201-210] Renamed object name 'max_pool_64_8_s_void_max_pool_stream_stream_ap_fixed_8_4_0_0_0_0_pool_buff_8_RAM_AUTO_1R1W' to 'max_pool_64_8_s_void_max_pool_stream_stream_ap_fixed_8_4_0_0_0_0_pool_buff_8_3i2' due to the length limit 80
INFO: [SYN 201-210] Renamed object name 'max_pool_64_8_s_void_max_pool_stream_stream_ap_fixed_8_4_0_0_0_0_pool_buff_7_RAM_AUTO_1R1W' to 'max_pool_64_8_s_void_max_pool_stream_stream_ap_fixed_8_4_0_0_0_0_pool_buff_7_4jc' due to the length limit 80
INFO: [SYN 201-210] Renamed object name 'max_pool_64_8_s_void_max_pool_stream_stream_ap_fixed_8_4_0_0_0_0_pool_buff_6_RAM_AUTO_1R1W' to 'max_pool_64_8_s_void_max_pool_stream_stream_ap_fixed_8_4_0_0_0_0_pool_buff_6_5jm' due to the length limit 80
INFO: [SYN 201-210] Renamed object name 'max_pool_64_8_s_void_max_pool_stream_stream_ap_fixed_8_4_0_0_0_0_pool_buff_5_RAM_AUTO_1R1W' to 'max_pool_64_8_s_void_max_pool_stream_stream_ap_fixed_8_4_0_0_0_0_pool_buff_5_6jw' due to the length limit 80
INFO: [SYN 201-210] Renamed object name 'max_pool_64_8_s_void_max_pool_stream_stream_ap_fixed_8_4_0_0_0_0_pool_buff_4_RAM_AUTO_1R1W' to 'max_pool_64_8_s_void_max_pool_stream_stream_ap_fixed_8_4_0_0_0_0_pool_buff_4_7jG' due to the length limit 80
INFO: [SYN 201-210] Renamed object name 'max_pool_64_8_s_void_max_pool_stream_stream_ap_fixed_8_4_0_0_0_0_pool_buff_3_RAM_AUTO_1R1W' to 'max_pool_64_8_s_void_max_pool_stream_stream_ap_fixed_8_4_0_0_0_0_pool_buff_3_8jQ' due to the length limit 80
INFO: [SYN 201-210] Renamed object name 'max_pool_64_8_s_void_max_pool_stream_stream_ap_fixed_8_4_0_0_0_0_pool_buff_2_RAM_AUTO_1R1W' to 'max_pool_64_8_s_void_max_pool_stream_stream_ap_fixed_8_4_0_0_0_0_pool_buff_2_9j0' due to the length limit 80
INFO: [SYN 201-210] Renamed object name 'max_pool_64_8_s_void_max_pool_stream_stream_ap_fixed_8_4_0_0_0_0_pool_buff_1_RAM_AUTO_1R1W' to 'max_pool_64_8_s_void_max_pool_stream_stream_ap_fixed_8_4_0_0_0_0_pool_buff_1_bak' due to the length limit 80
INFO: [SYN 201-210] Renamed object name 'max_pool_64_8_s_void_max_pool_stream_stream_ap_fixed_8_4_0_0_0_0_pool_buff_RAM_AUTO_1R1W' to 'max_pool_64_8_s_void_max_pool_stream_stream_ap_fixed_8_4_0_0_0_0_pool_buff_RAbbk' due to the length limit 80
INFO: [SYN 201-210] Renamed object name 'max_pool_64_8_s_p_ZZ8max_poolILi64ELi8EEvRN3hls6streamI8ap_fixedILi8ELi4EL9ap_q_mode0EL9ap_o_mode_53_RAM_AUTO_1R1W' to 'max_pool_64_8_s_p_ZZ8max_poolILi64ELi8EEvRN3hls6streamI8ap_fixedILi8ELi4EL9apbck' due to the length limit 80
INFO: [SYN 201-210] Renamed object name 'max_pool_64_8_s_p_ZZ8max_poolILi64ELi8EEvRN3hls6streamI8ap_fixedILi8ELi4EL9ap_q_mode0EL9ap_o_mode_52_RAM_AUTO_1R1W' to 'max_pool_64_8_s_p_ZZ8max_poolILi64ELi8EEvRN3hls6streamI8ap_fixedILi8ELi4EL9apbdk' due to the length limit 80
INFO: [SYN 201-210] Renamed object name 'max_pool_64_8_s_p_ZZ8max_poolILi64ELi8EEvRN3hls6streamI8ap_fixedILi8ELi4EL9ap_q_mode0EL9ap_o_mode_51_RAM_AUTO_1R1W' to 'max_pool_64_8_s_p_ZZ8max_poolILi64ELi8EEvRN3hls6streamI8ap_fixedILi8ELi4EL9apbek' due to the length limit 80
INFO: [SYN 201-210] Renamed object name 'max_pool_64_8_s_p_ZZ8max_poolILi64ELi8EEvRN3hls6streamI8ap_fixedILi8ELi4EL9ap_q_mode0EL9ap_o_mode_50_RAM_AUTO_1R1W' to 'max_pool_64_8_s_p_ZZ8max_poolILi64ELi8EEvRN3hls6streamI8ap_fixedILi8ELi4EL9apbfk' due to the length limit 80
INFO: [SYN 201-210] Renamed object name 'max_pool_64_8_s_p_ZZ8max_poolILi64ELi8EEvRN3hls6streamI8ap_fixedILi8ELi4EL9ap_q_mode0EL9ap_o_mode_49_RAM_AUTO_1R1W' to 'max_pool_64_8_s_p_ZZ8max_poolILi64ELi8EEvRN3hls6streamI8ap_fixedILi8ELi4EL9apbgk' due to the length limit 80
INFO: [SYN 201-210] Renamed object name 'max_pool_64_8_s_p_ZZ8max_poolILi64ELi8EEvRN3hls6streamI8ap_fixedILi8ELi4EL9ap_q_mode0EL9ap_o_mode_48_RAM_AUTO_1R1W' to 'max_pool_64_8_s_p_ZZ8max_poolILi64ELi8EEvRN3hls6streamI8ap_fixedILi8ELi4EL9apbhl' due to the length limit 80
INFO: [SYN 201-210] Renamed object name 'max_pool_64_8_s_p_ZZ8max_poolILi64ELi8EEvRN3hls6streamI8ap_fixedILi8ELi4EL9ap_q_mode0EL9ap_o_mode_47_RAM_AUTO_1R1W' to 'max_pool_64_8_s_p_ZZ8max_poolILi64ELi8EEvRN3hls6streamI8ap_fixedILi8ELi4EL9apbil' due to the length limit 80
INFO: [SYN 201-210] Renamed object name 'max_pool_64_8_s_p_ZZ8max_poolILi64ELi8EEvRN3hls6streamI8ap_fixedILi8ELi4EL9ap_q_mode0EL9ap_o_mode_46_RAM_AUTO_1R1W' to 'max_pool_64_8_s_p_ZZ8max_poolILi64ELi8EEvRN3hls6streamI8ap_fixedILi8ELi4EL9apbjl' due to the length limit 80
INFO: [SYN 201-210] Renamed object name 'max_pool_64_8_s_p_ZZ8max_poolILi64ELi8EEvRN3hls6streamI8ap_fixedILi8ELi4EL9ap_q_mode0EL9ap_o_mode_45_RAM_AUTO_1R1W' to 'max_pool_64_8_s_p_ZZ8max_poolILi64ELi8EEvRN3hls6streamI8ap_fixedILi8ELi4EL9apbkl' due to the length limit 80
INFO: [SYN 201-210] Renamed object name 'max_pool_64_8_s_p_ZZ8max_poolILi64ELi8EEvRN3hls6streamI8ap_fixedILi8ELi4EL9ap_q_mode0EL9ap_o_mode_44_RAM_AUTO_1R1W' to 'max_pool_64_8_s_p_ZZ8max_poolILi64ELi8EEvRN3hls6streamI8ap_fixedILi8ELi4EL9apbll' due to the length limit 80
INFO: [SYN 201-210] Renamed object name 'max_pool_64_8_s_p_ZZ8max_poolILi64ELi8EEvRN3hls6streamI8ap_fixedILi8ELi4EL9ap_q_mode0EL9ap_o_mode_43_RAM_AUTO_1R1W' to 'max_pool_64_8_s_p_ZZ8max_poolILi64ELi8EEvRN3hls6streamI8ap_fixedILi8ELi4EL9apbml' due to the length limit 80
INFO: [SYN 201-210] Renamed object name 'max_pool_64_8_s_p_ZZ8max_poolILi64ELi8EEvRN3hls6streamI8ap_fixedILi8ELi4EL9ap_q_mode0EL9ap_o_mode_42_RAM_AUTO_1R1W' to 'max_pool_64_8_s_p_ZZ8max_poolILi64ELi8EEvRN3hls6streamI8ap_fixedILi8ELi4EL9apbnm' due to the length limit 80
INFO: [SYN 201-210] Renamed object name 'max_pool_64_8_s_p_ZZ8max_poolILi64ELi8EEvRN3hls6streamI8ap_fixedILi8ELi4EL9ap_q_mode0EL9ap_o_mode_41_RAM_AUTO_1R1W' to 'max_pool_64_8_s_p_ZZ8max_poolILi64ELi8EEvRN3hls6streamI8ap_fixedILi8ELi4EL9apbom' due to the length limit 80
INFO: [SYN 201-210] Renamed object name 'max_pool_64_8_s_p_ZZ8max_poolILi64ELi8EEvRN3hls6streamI8ap_fixedILi8ELi4EL9ap_q_mode0EL9ap_o_mode_40_RAM_AUTO_1R1W' to 'max_pool_64_8_s_p_ZZ8max_poolILi64ELi8EEvRN3hls6streamI8ap_fixedILi8ELi4EL9apbpm' due to the length limit 80
INFO: [SYN 201-210] Renamed object name 'max_pool_64_8_s_p_ZZ8max_poolILi64ELi8EEvRN3hls6streamI8ap_fixedILi8ELi4EL9ap_q_mode0EL9ap_o_mode_39_RAM_AUTO_1R1W' to 'max_pool_64_8_s_p_ZZ8max_poolILi64ELi8EEvRN3hls6streamI8ap_fixedILi8ELi4EL9apbqm' due to the length limit 80
INFO: [SYN 201-210] Renamed object name 'max_pool_64_8_s_p_ZZ8max_poolILi64ELi8EEvRN3hls6streamI8ap_fixedILi8ELi4EL9ap_q_mode0EL9ap_o_mode_38_RAM_AUTO_1R1W' to 'max_pool_64_8_s_p_ZZ8max_poolILi64ELi8EEvRN3hls6streamI8ap_fixedILi8ELi4EL9apbrm' due to the length limit 80
INFO: [SYN 201-210] Renamed object name 'max_pool_64_8_s_p_ZZ8max_poolILi64ELi8EEvRN3hls6streamI8ap_fixedILi8ELi4EL9ap_q_mode0EL9ap_o_mode_37_RAM_AUTO_1R1W' to 'max_pool_64_8_s_p_ZZ8max_poolILi64ELi8EEvRN3hls6streamI8ap_fixedILi8ELi4EL9apbsm' due to the length limit 80
INFO: [SYN 201-210] Renamed object name 'max_pool_64_8_s_p_ZZ8max_poolILi64ELi8EEvRN3hls6streamI8ap_fixedILi8ELi4EL9ap_q_mode0EL9ap_o_mode_36_RAM_AUTO_1R1W' to 'max_pool_64_8_s_p_ZZ8max_poolILi64ELi8EEvRN3hls6streamI8ap_fixedILi8ELi4EL9apbtn' due to the length limit 80
INFO: [SYN 201-210] Renamed object name 'max_pool_64_8_s_p_ZZ8max_poolILi64ELi8EEvRN3hls6streamI8ap_fixedILi8ELi4EL9ap_q_mode0EL9ap_o_mode_35_RAM_AUTO_1R1W' to 'max_pool_64_8_s_p_ZZ8max_poolILi64ELi8EEvRN3hls6streamI8ap_fixedILi8ELi4EL9apbun' due to the length limit 80
INFO: [SYN 201-210] Renamed object name 'max_pool_64_8_s_p_ZZ8max_poolILi64ELi8EEvRN3hls6streamI8ap_fixedILi8ELi4EL9ap_q_mode0EL9ap_o_mode_34_RAM_AUTO_1R1W' to 'max_pool_64_8_s_p_ZZ8max_poolILi64ELi8EEvRN3hls6streamI8ap_fixedILi8ELi4EL9apbvn' due to the length limit 80
INFO: [SYN 201-210] Renamed object name 'max_pool_64_8_s_p_ZZ8max_poolILi64ELi8EEvRN3hls6streamI8ap_fixedILi8ELi4EL9ap_q_mode0EL9ap_o_mode_33_RAM_AUTO_1R1W' to 'max_pool_64_8_s_p_ZZ8max_poolILi64ELi8EEvRN3hls6streamI8ap_fixedILi8ELi4EL9apbwn' due to the length limit 80
INFO: [SYN 201-210] Renamed object name 'max_pool_64_8_s_p_ZZ8max_poolILi64ELi8EEvRN3hls6streamI8ap_fixedILi8ELi4EL9ap_q_mode0EL9ap_o_mode_32_RAM_AUTO_1R1W' to 'max_pool_64_8_s_p_ZZ8max_poolILi64ELi8EEvRN3hls6streamI8ap_fixedILi8ELi4EL9apbxn' due to the length limit 80
INFO: [SYN 201-210] Renamed object name 'max_pool_64_8_s_p_ZZ8max_poolILi64ELi8EEvRN3hls6streamI8ap_fixedILi8ELi4EL9ap_q_mode0EL9ap_o_mode_31_RAM_AUTO_1R1W' to 'max_pool_64_8_s_p_ZZ8max_poolILi64ELi8EEvRN3hls6streamI8ap_fixedILi8ELi4EL9apbyn' due to the length limit 80
INFO: [SYN 201-210] Renamed object name 'max_pool_64_8_s_p_ZZ8max_poolILi64ELi8EEvRN3hls6streamI8ap_fixedILi8ELi4EL9ap_q_mode0EL9ap_o_mode_30_RAM_AUTO_1R1W' to 'max_pool_64_8_s_p_ZZ8max_poolILi64ELi8EEvRN3hls6streamI8ap_fixedILi8ELi4EL9apbzo' due to the length limit 80
INFO: [SYN 201-210] Renamed object name 'max_pool_64_8_s_p_ZZ8max_poolILi64ELi8EEvRN3hls6streamI8ap_fixedILi8ELi4EL9ap_q_mode0EL9ap_o_mode_29_RAM_AUTO_1R1W' to 'max_pool_64_8_s_p_ZZ8max_poolILi64ELi8EEvRN3hls6streamI8ap_fixedILi8ELi4EL9apbAo' due to the length limit 80
INFO: [SYN 201-210] Renamed object name 'max_pool_64_8_s_p_ZZ8max_poolILi64ELi8EEvRN3hls6streamI8ap_fixedILi8ELi4EL9ap_q_mode0EL9ap_o_mode_28_RAM_AUTO_1R1W' to 'max_pool_64_8_s_p_ZZ8max_poolILi64ELi8EEvRN3hls6streamI8ap_fixedILi8ELi4EL9apbBo' due to the length limit 80
INFO: [SYN 201-210] Renamed object name 'max_pool_64_8_s_p_ZZ8max_poolILi64ELi8EEvRN3hls6streamI8ap_fixedILi8ELi4EL9ap_q_mode0EL9ap_o_mode_27_RAM_AUTO_1R1W' to 'max_pool_64_8_s_p_ZZ8max_poolILi64ELi8EEvRN3hls6streamI8ap_fixedILi8ELi4EL9apbCo' due to the length limit 80
INFO: [SYN 201-210] Renamed object name 'max_pool_64_8_s_p_ZZ8max_poolILi64ELi8EEvRN3hls6streamI8ap_fixedILi8ELi4EL9ap_q_mode0EL9ap_o_mode_26_RAM_AUTO_1R1W' to 'max_pool_64_8_s_p_ZZ8max_poolILi64ELi8EEvRN3hls6streamI8ap_fixedILi8ELi4EL9apbDo' due to the length limit 80
INFO: [SYN 201-210] Renamed object name 'max_pool_64_8_s_p_ZZ8max_poolILi64ELi8EEvRN3hls6streamI8ap_fixedILi8ELi4EL9ap_q_mode0EL9ap_o_mode_25_RAM_AUTO_1R1W' to 'max_pool_64_8_s_p_ZZ8max_poolILi64ELi8EEvRN3hls6streamI8ap_fixedILi8ELi4EL9apbEo' due to the length limit 80
INFO: [SYN 201-210] Renamed object name 'max_pool_64_8_s_p_ZZ8max_poolILi64ELi8EEvRN3hls6streamI8ap_fixedILi8ELi4EL9ap_q_mode0EL9ap_o_mode_24_RAM_AUTO_1R1W' to 'max_pool_64_8_s_p_ZZ8max_poolILi64ELi8EEvRN3hls6streamI8ap_fixedILi8ELi4EL9apbFp' due to the length limit 80
INFO: [SYN 201-210] Renamed object name 'max_pool_64_8_s_p_ZZ8max_poolILi64ELi8EEvRN3hls6streamI8ap_fixedILi8ELi4EL9ap_q_mode0EL9ap_o_mode_23_RAM_AUTO_1R1W' to 'max_pool_64_8_s_p_ZZ8max_poolILi64ELi8EEvRN3hls6streamI8ap_fixedILi8ELi4EL9apbGp' due to the length limit 80
INFO: [SYN 201-210] Renamed object name 'max_pool_64_8_s_p_ZZ8max_poolILi64ELi8EEvRN3hls6streamI8ap_fixedILi8ELi4EL9ap_q_mode0EL9ap_o_mode_22_RAM_AUTO_1R1W' to 'max_pool_64_8_s_p_ZZ8max_poolILi64ELi8EEvRN3hls6streamI8ap_fixedILi8ELi4EL9apbHp' due to the length limit 80
INFO: [SYN 201-210] Renamed object name 'max_pool_64_8_s_p_ZZ8max_poolILi64ELi8EEvRN3hls6streamI8ap_fixedILi8ELi4EL9ap_q_mode0EL9ap_o_mode_21_RAM_AUTO_1R1W' to 'max_pool_64_8_s_p_ZZ8max_poolILi64ELi8EEvRN3hls6streamI8ap_fixedILi8ELi4EL9apbIp' due to the length limit 80
INFO: [SYN 201-210] Renamed object name 'max_pool_64_8_s_p_ZZ8max_poolILi64ELi8EEvRN3hls6streamI8ap_fixedILi8ELi4EL9ap_q_mode0EL9ap_o_mode_20_RAM_AUTO_1R1W' to 'max_pool_64_8_s_p_ZZ8max_poolILi64ELi8EEvRN3hls6streamI8ap_fixedILi8ELi4EL9apbJp' due to the length limit 80
INFO: [SYN 201-210] Renamed object name 'max_pool_64_8_s_p_ZZ8max_poolILi64ELi8EEvRN3hls6streamI8ap_fixedILi8ELi4EL9ap_q_mode0EL9ap_o_mode_19_RAM_AUTO_1R1W' to 'max_pool_64_8_s_p_ZZ8max_poolILi64ELi8EEvRN3hls6streamI8ap_fixedILi8ELi4EL9apbKp' due to the length limit 80
INFO: [SYN 201-210] Renamed object name 'max_pool_64_8_s_p_ZZ8max_poolILi64ELi8EEvRN3hls6streamI8ap_fixedILi8ELi4EL9ap_q_mode0EL9ap_o_mode_18_RAM_AUTO_1R1W' to 'max_pool_64_8_s_p_ZZ8max_poolILi64ELi8EEvRN3hls6streamI8ap_fixedILi8ELi4EL9apbLp' due to the length limit 80
INFO: [SYN 201-210] Renamed object name 'max_pool_64_8_s_p_ZZ8max_poolILi64ELi8EEvRN3hls6streamI8ap_fixedILi8ELi4EL9ap_q_mode0EL9ap_o_mode_17_RAM_AUTO_1R1W' to 'max_pool_64_8_s_p_ZZ8max_poolILi64ELi8EEvRN3hls6streamI8ap_fixedILi8ELi4EL9apbMq' due to the length limit 80
INFO: [SYN 201-210] Renamed object name 'max_pool_64_8_s_p_ZZ8max_poolILi64ELi8EEvRN3hls6streamI8ap_fixedILi8ELi4EL9ap_q_mode0EL9ap_o_mode_16_RAM_AUTO_1R1W' to 'max_pool_64_8_s_p_ZZ8max_poolILi64ELi8EEvRN3hls6streamI8ap_fixedILi8ELi4EL9apbNq' due to the length limit 80
INFO: [SYN 201-210] Renamed object name 'max_pool_64_8_s_p_ZZ8max_poolILi64ELi8EEvRN3hls6streamI8ap_fixedILi8ELi4EL9ap_q_mode0EL9ap_o_mode_15_RAM_AUTO_1R1W' to 'max_pool_64_8_s_p_ZZ8max_poolILi64ELi8EEvRN3hls6streamI8ap_fixedILi8ELi4EL9apbOq' due to the length limit 80
INFO: [SYN 201-210] Renamed object name 'max_pool_64_8_s_p_ZZ8max_poolILi64ELi8EEvRN3hls6streamI8ap_fixedILi8ELi4EL9ap_q_mode0EL9ap_o_mode_14_RAM_AUTO_1R1W' to 'max_pool_64_8_s_p_ZZ8max_poolILi64ELi8EEvRN3hls6streamI8ap_fixedILi8ELi4EL9apbPq' due to the length limit 80
INFO: [SYN 201-210] Renamed object name 'max_pool_64_8_s_p_ZZ8max_poolILi64ELi8EEvRN3hls6streamI8ap_fixedILi8ELi4EL9ap_q_mode0EL9ap_o_mode_13_RAM_AUTO_1R1W' to 'max_pool_64_8_s_p_ZZ8max_poolILi64ELi8EEvRN3hls6streamI8ap_fixedILi8ELi4EL9apbQq' due to the length limit 80
INFO: [SYN 201-210] Renamed object name 'max_pool_64_8_s_p_ZZ8max_poolILi64ELi8EEvRN3hls6streamI8ap_fixedILi8ELi4EL9ap_q_mode0EL9ap_o_mode_12_RAM_AUTO_1R1W' to 'max_pool_64_8_s_p_ZZ8max_poolILi64ELi8EEvRN3hls6streamI8ap_fixedILi8ELi4EL9apbRq' due to the length limit 80
INFO: [SYN 201-210] Renamed object name 'max_pool_64_8_s_p_ZZ8max_poolILi64ELi8EEvRN3hls6streamI8ap_fixedILi8ELi4EL9ap_q_mode0EL9ap_o_mode_11_RAM_AUTO_1R1W' to 'max_pool_64_8_s_p_ZZ8max_poolILi64ELi8EEvRN3hls6streamI8ap_fixedILi8ELi4EL9apbSr' due to the length limit 80
INFO: [SYN 201-210] Renamed object name 'max_pool_64_8_s_p_ZZ8max_poolILi64ELi8EEvRN3hls6streamI8ap_fixedILi8ELi4EL9ap_q_mode0EL9ap_o_mode_10_RAM_AUTO_1R1W' to 'max_pool_64_8_s_p_ZZ8max_poolILi64ELi8EEvRN3hls6streamI8ap_fixedILi8ELi4EL9apbTr' due to the length limit 80
INFO: [SYN 201-210] Renamed object name 'max_pool_64_8_s_p_ZZ8max_poolILi64ELi8EEvRN3hls6streamI8ap_fixedILi8ELi4EL9ap_q_mode0EL9ap_o_mode_9_RAM_AUTO_1R1W' to 'max_pool_64_8_s_p_ZZ8max_poolILi64ELi8EEvRN3hls6streamI8ap_fixedILi8ELi4EL9apbUr' due to the length limit 80
INFO: [SYN 201-210] Renamed object name 'max_pool_64_8_s_p_ZZ8max_poolILi64ELi8EEvRN3hls6streamI8ap_fixedILi8ELi4EL9ap_q_mode0EL9ap_o_mode_8_RAM_AUTO_1R1W' to 'max_pool_64_8_s_p_ZZ8max_poolILi64ELi8EEvRN3hls6streamI8ap_fixedILi8ELi4EL9apbVr' due to the length limit 80
INFO: [SYN 201-210] Renamed object name 'max_pool_64_8_s_p_ZZ8max_poolILi64ELi8EEvRN3hls6streamI8ap_fixedILi8ELi4EL9ap_q_mode0EL9ap_o_mode_7_RAM_AUTO_1R1W' to 'max_pool_64_8_s_p_ZZ8max_poolILi64ELi8EEvRN3hls6streamI8ap_fixedILi8ELi4EL9apbWr' due to the length limit 80
INFO: [SYN 201-210] Renamed object name 'max_pool_64_8_s_p_ZZ8max_poolILi64ELi8EEvRN3hls6streamI8ap_fixedILi8ELi4EL9ap_q_mode0EL9ap_o_mode_6_RAM_AUTO_1R1W' to 'max_pool_64_8_s_p_ZZ8max_poolILi64ELi8EEvRN3hls6streamI8ap_fixedILi8ELi4EL9apbXr' due to the length limit 80
INFO: [SYN 201-210] Renamed object name 'max_pool_64_8_s_p_ZZ8max_poolILi64ELi8EEvRN3hls6streamI8ap_fixedILi8ELi4EL9ap_q_mode0EL9ap_o_mode_5_RAM_AUTO_1R1W' to 'max_pool_64_8_s_p_ZZ8max_poolILi64ELi8EEvRN3hls6streamI8ap_fixedILi8ELi4EL9apbYs' due to the length limit 80
INFO: [SYN 201-210] Renamed object name 'max_pool_64_8_s_p_ZZ8max_poolILi64ELi8EEvRN3hls6streamI8ap_fixedILi8ELi4EL9ap_q_mode0EL9ap_o_mode_4_RAM_AUTO_1R1W' to 'max_pool_64_8_s_p_ZZ8max_poolILi64ELi8EEvRN3hls6streamI8ap_fixedILi8ELi4EL9apbZs' due to the length limit 80
INFO: [SYN 201-210] Renamed object name 'max_pool_64_8_s_p_ZZ8max_poolILi64ELi8EEvRN3hls6streamI8ap_fixedILi8ELi4EL9ap_q_mode0EL9ap_o_mode_3_RAM_AUTO_1R1W' to 'max_pool_64_8_s_p_ZZ8max_poolILi64ELi8EEvRN3hls6streamI8ap_fixedILi8ELi4EL9apb0s' due to the length limit 80
INFO: [SYN 201-210] Renamed object name 'max_pool_64_8_s_p_ZZ8max_poolILi64ELi8EEvRN3hls6streamI8ap_fixedILi8ELi4EL9ap_q_mode0EL9ap_o_mode_2_RAM_AUTO_1R1W' to 'max_pool_64_8_s_p_ZZ8max_poolILi64ELi8EEvRN3hls6streamI8ap_fixedILi8ELi4EL9apb1s' due to the length limit 80
INFO: [SYN 201-210] Renamed object name 'max_pool_64_8_s_p_ZZ8max_poolILi64ELi8EEvRN3hls6streamI8ap_fixedILi8ELi4EL9ap_q_mode0EL9ap_o_mode_1_RAM_AUTO_1R1W' to 'max_pool_64_8_s_p_ZZ8max_poolILi64ELi8EEvRN3hls6streamI8ap_fixedILi8ELi4EL9apb2s' due to the length limit 80
INFO: [SYN 201-210] Renamed object name 'max_pool_64_8_s_p_ZZ8max_poolILi64ELi8EEvRN3hls6streamI8ap_fixedILi8ELi4EL9ap_q_mode0EL9ap_o_mode_RAM_AUTO_1R1W' to 'max_pool_64_8_s_p_ZZ8max_poolILi64ELi8EEvRN3hls6streamI8ap_fixedILi8ELi4EL9apb3s' due to the length limit 80
INFO: [SYN 201-210] Renamed object name 'max_pool_64_8_s_void_max_pool_stream_stream_ap_fixed_8_4_0_0_0_0_pool_buff_9_RAM_AUTO_1R1W' to 'max_pool_64_8_s_void_max_pool_stream_stream_ap_fixed_8_4_0_0_0_0_pool_buff_9_b4t' due to the length limit 80
INFO: [HLS 200-1030] Apply Unified Pipeline Control on module 'max_pool_64_8_s' pipeline 'VITIS_LOOP_101_1_VITIS_LOOP_102_2' pipeline type 'loop pipeline'
INFO: [RTGEN 206-100] Finished creating RTL model for 'max_pool_64_8_s'.
INFO: [RTMG 210-278] Implementing memory 'vgg_accelerator_max_pool_64_8_s_void_max_pool_stream_stream_ap_fixed_8_4_0_0_0_0_pool_buff_8_3i2' using auto RAMs.
INFO: [RTMG 210-278] Implementing memory 'vgg_accelerator_max_pool_64_8_s_p_ZZ8max_poolILi64ELi8EEvRN3hls6streamI8ap_fixedILi8ELi4EL9apb3s' using auto RAMs.
Command       create_rtl_model done; 3.188 sec.
INFO: [HLS 200-111] Finished Creating RTL model: CPU user time: 2 seconds. CPU system time: 0 seconds. Elapsed time: 4.222 seconds; current allocated memory: 796.035 MB.
Execute       source D:/University/Junior/HLS/VGG_Accelerator/hls/vgg_accelerator/solution1/.autopilot/db/vgg_accelerator.rtl_wrap.cfg.tcl 
Execute       gen_rtl max_pool<64, 8> -style xilinx -f -lang vhdl -o D:/University/Junior/HLS/VGG_Accelerator/hls/vgg_accelerator/solution1/syn/vhdl/vgg_accelerator_max_pool_64_8_s 
Execute       gen_rtl max_pool<64, 8> -style xilinx -f -lang vlog -o D:/University/Junior/HLS/VGG_Accelerator/hls/vgg_accelerator/solution1/syn/verilog/vgg_accelerator_max_pool_64_8_s 
Execute       syn_report -csynth -model max_pool<64, 8> -o D:/University/Junior/HLS/VGG_Accelerator/hls/vgg_accelerator/solution1/syn/report/max_pool_64_8_s_csynth.rpt 
Execute         AP::get_flow_target_display_name
Command       syn_report done; 0.4 sec.
Execute       syn_report -rtlxml -model max_pool<64, 8> -o D:/University/Junior/HLS/VGG_Accelerator/hls/vgg_accelerator/solution1/syn/report/max_pool_64_8_s_csynth.xml 
Command       syn_report done; 0.175 sec.
Execute       syn_report -verbosereport -model max_pool<64, 8> -o D:/University/Junior/HLS/VGG_Accelerator/hls/vgg_accelerator/solution1/.autopilot/db/max_pool_64_8_s.verbose.rpt 
Execute         AP::get_flow_target_display_name
Command       syn_report done; 0.345 sec.
Execute       db_write -model max_pool<64, 8> -f -o D:/University/Junior/HLS/VGG_Accelerator/hls/vgg_accelerator/solution1/.autopilot/db/max_pool_64_8_s.adb 
Command       db_write done; 0.368 sec.
Execute       db_write -model max_pool<64, 8> -bindview -o D:/University/Junior/HLS/VGG_Accelerator/hls/vgg_accelerator/solution1/.autopilot/db/design.bindinfo.xml 
Execute       gen_tb_info max_pool<64, 8> -p D:/University/Junior/HLS/VGG_Accelerator/hls/vgg_accelerator/solution1/.autopilot/db -o D:/University/Junior/HLS/VGG_Accelerator/hls/vgg_accelerator/solution1/.autopilot/db/max_pool_64_8_s 
INFO: [HLS 200-10] ----------------------------------------------------------------
INFO: [HLS 200-10] -- Generating RTL for module 'dense_layer_Pipeline_VITIS_LOOP_135_1' 
INFO: [HLS 200-10] ----------------------------------------------------------------
Execute       create_rtl_model dense_layer_Pipeline_VITIS_LOOP_135_1 -top_prefix vgg_accelerator_ -sub_prefix vgg_accelerator_ -mg_file D:/University/Junior/HLS/VGG_Accelerator/hls/vgg_accelerator/solution1/.autopilot/db/dense_layer_Pipeline_VITIS_LOOP_135_1.compgen.tcl 
INFO: [HLS 200-1030] Apply Unified Pipeline Control on module 'dense_layer_Pipeline_VITIS_LOOP_135_1' pipeline 'VITIS_LOOP_135_1' pipeline type 'loop pipeline'
INFO: [RTGEN 206-100] Finished creating RTL model for 'dense_layer_Pipeline_VITIS_LOOP_135_1'.
Command       create_rtl_model done; 0.105 sec.
INFO: [HLS 200-111] Finished Creating RTL model: CPU user time: 2 seconds. CPU system time: 0 seconds. Elapsed time: 2.196 seconds; current allocated memory: 821.777 MB.
Execute       source D:/University/Junior/HLS/VGG_Accelerator/hls/vgg_accelerator/solution1/.autopilot/db/vgg_accelerator.rtl_wrap.cfg.tcl 
Execute       gen_rtl dense_layer_Pipeline_VITIS_LOOP_135_1 -style xilinx -f -lang vhdl -o D:/University/Junior/HLS/VGG_Accelerator/hls/vgg_accelerator/solution1/syn/vhdl/vgg_accelerator_dense_layer_Pipeline_VITIS_LOOP_135_1 
Execute       gen_rtl dense_layer_Pipeline_VITIS_LOOP_135_1 -style xilinx -f -lang vlog -o D:/University/Junior/HLS/VGG_Accelerator/hls/vgg_accelerator/solution1/syn/verilog/vgg_accelerator_dense_layer_Pipeline_VITIS_LOOP_135_1 
Execute       syn_report -csynth -model dense_layer_Pipeline_VITIS_LOOP_135_1 -o D:/University/Junior/HLS/VGG_Accelerator/hls/vgg_accelerator/solution1/syn/report/dense_layer_Pipeline_VITIS_LOOP_135_1_csynth.rpt 
Execute         AP::get_flow_target_display_name
Execute       syn_report -rtlxml -model dense_layer_Pipeline_VITIS_LOOP_135_1 -o D:/University/Junior/HLS/VGG_Accelerator/hls/vgg_accelerator/solution1/syn/report/dense_layer_Pipeline_VITIS_LOOP_135_1_csynth.xml 
Execute       syn_report -verbosereport -model dense_layer_Pipeline_VITIS_LOOP_135_1 -o D:/University/Junior/HLS/VGG_Accelerator/hls/vgg_accelerator/solution1/.autopilot/db/dense_layer_Pipeline_VITIS_LOOP_135_1.verbose.rpt 
Execute         AP::get_flow_target_display_name
Execute       db_write -model dense_layer_Pipeline_VITIS_LOOP_135_1 -f -o D:/University/Junior/HLS/VGG_Accelerator/hls/vgg_accelerator/solution1/.autopilot/db/dense_layer_Pipeline_VITIS_LOOP_135_1.adb 
Execute       db_write -model dense_layer_Pipeline_VITIS_LOOP_135_1 -bindview -o D:/University/Junior/HLS/VGG_Accelerator/hls/vgg_accelerator/solution1/.autopilot/db/design.bindinfo.xml 
Execute       gen_tb_info dense_layer_Pipeline_VITIS_LOOP_135_1 -p D:/University/Junior/HLS/VGG_Accelerator/hls/vgg_accelerator/solution1/.autopilot/db -o D:/University/Junior/HLS/VGG_Accelerator/hls/vgg_accelerator/solution1/.autopilot/db/dense_layer_Pipeline_VITIS_LOOP_135_1 
INFO: [HLS 200-10] ----------------------------------------------------------------
INFO: [HLS 200-10] -- Generating RTL for module 'dense_layer_Pipeline_VITIS_LOOP_146_3' 
INFO: [HLS 200-10] ----------------------------------------------------------------
Execute       create_rtl_model dense_layer_Pipeline_VITIS_LOOP_146_3 -top_prefix vgg_accelerator_ -sub_prefix vgg_accelerator_ -mg_file D:/University/Junior/HLS/VGG_Accelerator/hls/vgg_accelerator/solution1/.autopilot/db/dense_layer_Pipeline_VITIS_LOOP_146_3.compgen.tcl 
INFO: [HLS 200-1030] Apply Unified Pipeline Control on module 'dense_layer_Pipeline_VITIS_LOOP_146_3' pipeline 'VITIS_LOOP_146_3' pipeline type 'loop pipeline'
INFO: [RTGEN 206-100] Generating core module 'mul_8s_5s_12_1_1': 1 instance(s).
INFO: [RTGEN 206-100] Finished creating RTL model for 'dense_layer_Pipeline_VITIS_LOOP_146_3'.
INFO: [RTMG 210-279] Implementing memory 'vgg_accelerator_dense_layer_Pipeline_VITIS_LOOP_146_3_dense_weights_ROM_AUTO_1R' using auto ROMs.
Command       create_rtl_model done; 0.205 sec.
INFO: [HLS 200-111] Finished Creating RTL model: CPU user time: 0 seconds. CPU system time: 1 seconds. Elapsed time: 0.458 seconds; current allocated memory: 821.820 MB.
Execute       source D:/University/Junior/HLS/VGG_Accelerator/hls/vgg_accelerator/solution1/.autopilot/db/vgg_accelerator.rtl_wrap.cfg.tcl 
Execute       gen_rtl dense_layer_Pipeline_VITIS_LOOP_146_3 -style xilinx -f -lang vhdl -o D:/University/Junior/HLS/VGG_Accelerator/hls/vgg_accelerator/solution1/syn/vhdl/vgg_accelerator_dense_layer_Pipeline_VITIS_LOOP_146_3 
Execute       gen_rtl dense_layer_Pipeline_VITIS_LOOP_146_3 -style xilinx -f -lang vlog -o D:/University/Junior/HLS/VGG_Accelerator/hls/vgg_accelerator/solution1/syn/verilog/vgg_accelerator_dense_layer_Pipeline_VITIS_LOOP_146_3 
Execute       syn_report -csynth -model dense_layer_Pipeline_VITIS_LOOP_146_3 -o D:/University/Junior/HLS/VGG_Accelerator/hls/vgg_accelerator/solution1/syn/report/dense_layer_Pipeline_VITIS_LOOP_146_3_csynth.rpt 
Execute         AP::get_flow_target_display_name
Execute       syn_report -rtlxml -model dense_layer_Pipeline_VITIS_LOOP_146_3 -o D:/University/Junior/HLS/VGG_Accelerator/hls/vgg_accelerator/solution1/syn/report/dense_layer_Pipeline_VITIS_LOOP_146_3_csynth.xml 
Execute       syn_report -verbosereport -model dense_layer_Pipeline_VITIS_LOOP_146_3 -o D:/University/Junior/HLS/VGG_Accelerator/hls/vgg_accelerator/solution1/.autopilot/db/dense_layer_Pipeline_VITIS_LOOP_146_3.verbose.rpt 
Execute         AP::get_flow_target_display_name
Command       syn_report done; 0.144 sec.
Execute       db_write -model dense_layer_Pipeline_VITIS_LOOP_146_3 -f -o D:/University/Junior/HLS/VGG_Accelerator/hls/vgg_accelerator/solution1/.autopilot/db/dense_layer_Pipeline_VITIS_LOOP_146_3.adb 
Execute       db_write -model dense_layer_Pipeline_VITIS_LOOP_146_3 -bindview -o D:/University/Junior/HLS/VGG_Accelerator/hls/vgg_accelerator/solution1/.autopilot/db/design.bindinfo.xml 
Execute       gen_tb_info dense_layer_Pipeline_VITIS_LOOP_146_3 -p D:/University/Junior/HLS/VGG_Accelerator/hls/vgg_accelerator/solution1/.autopilot/db -o D:/University/Junior/HLS/VGG_Accelerator/hls/vgg_accelerator/solution1/.autopilot/db/dense_layer_Pipeline_VITIS_LOOP_146_3 
INFO: [HLS 200-10] ----------------------------------------------------------------
INFO: [HLS 200-10] -- Generating RTL for module 'dense_layer' 
INFO: [HLS 200-10] ----------------------------------------------------------------
Execute       create_rtl_model dense_layer -top_prefix vgg_accelerator_ -sub_prefix vgg_accelerator_ -mg_file D:/University/Junior/HLS/VGG_Accelerator/hls/vgg_accelerator/solution1/.autopilot/db/dense_layer.compgen.tcl 
INFO: [RTGEN 206-100] Finished creating RTL model for 'dense_layer'.
INFO: [RTMG 210-279] Implementing memory 'vgg_accelerator_dense_layer_dense_bias_ROM_AUTO_1R' using auto ROMs.
INFO: [RTMG 210-278] Implementing memory 'vgg_accelerator_dense_layer_flat_img_V_RAM_AUTO_1R1W' using auto RAMs.
Command       create_rtl_model done; 0.167 sec.
INFO: [HLS 200-111] Finished Creating RTL model: CPU user time: 0 seconds. CPU system time: 0 seconds. Elapsed time: 0.593 seconds; current allocated memory: 823.020 MB.
Execute       source D:/University/Junior/HLS/VGG_Accelerator/hls/vgg_accelerator/solution1/.autopilot/db/vgg_accelerator.rtl_wrap.cfg.tcl 
Execute       gen_rtl dense_layer -style xilinx -f -lang vhdl -o D:/University/Junior/HLS/VGG_Accelerator/hls/vgg_accelerator/solution1/syn/vhdl/vgg_accelerator_dense_layer 
Execute       gen_rtl dense_layer -style xilinx -f -lang vlog -o D:/University/Junior/HLS/VGG_Accelerator/hls/vgg_accelerator/solution1/syn/verilog/vgg_accelerator_dense_layer 
Execute       syn_report -csynth -model dense_layer -o D:/University/Junior/HLS/VGG_Accelerator/hls/vgg_accelerator/solution1/syn/report/dense_layer_csynth.rpt 
Execute         AP::get_flow_target_display_name
Execute       syn_report -rtlxml -model dense_layer -o D:/University/Junior/HLS/VGG_Accelerator/hls/vgg_accelerator/solution1/syn/report/dense_layer_csynth.xml 
Execute       syn_report -verbosereport -model dense_layer -o D:/University/Junior/HLS/VGG_Accelerator/hls/vgg_accelerator/solution1/.autopilot/db/dense_layer.verbose.rpt 
Execute         AP::get_flow_target_display_name
Execute       db_write -model dense_layer -f -o D:/University/Junior/HLS/VGG_Accelerator/hls/vgg_accelerator/solution1/.autopilot/db/dense_layer.adb 
Execute       db_write -model dense_layer -bindview -o D:/University/Junior/HLS/VGG_Accelerator/hls/vgg_accelerator/solution1/.autopilot/db/design.bindinfo.xml 
Execute       gen_tb_info dense_layer -p D:/University/Junior/HLS/VGG_Accelerator/hls/vgg_accelerator/solution1/.autopilot/db -o D:/University/Junior/HLS/VGG_Accelerator/hls/vgg_accelerator/solution1/.autopilot/db/dense_layer 
INFO: [HLS 200-10] ----------------------------------------------------------------
INFO: [HLS 200-10] -- Generating RTL for module 'vgg_accelerator' 
INFO: [HLS 200-10] ----------------------------------------------------------------
Execute       create_rtl_model vgg_accelerator -top_prefix  -sub_prefix vgg_accelerator_ -mg_file D:/University/Junior/HLS/VGG_Accelerator/hls/vgg_accelerator/solution1/.autopilot/db/vgg_accelerator.compgen.tcl 
WARNING: [RTGEN 206-101] Design contains AXI ports. Reset is fixed to synchronous and active low.
INFO: [RTGEN 206-500] Setting interface mode on port 'vgg_accelerator/INPUT_STREAM_V_data_V' to 'axis' (register, both mode).
INFO: [RTGEN 206-500] Setting interface mode on port 'vgg_accelerator/INPUT_STREAM_V_keep_V' to 'axis' (register, both mode).
INFO: [RTGEN 206-500] Setting interface mode on port 'vgg_accelerator/INPUT_STREAM_V_strb_V' to 'axis' (register, both mode).
INFO: [RTGEN 206-500] Setting interface mode on port 'vgg_accelerator/INPUT_STREAM_V_last_V' to 'axis' (register, both mode).
INFO: [RTGEN 206-500] Setting interface mode on port 'vgg_accelerator/OUTPUT_STREAM_V_data_V' to 'axis' (register, both mode).
INFO: [RTGEN 206-500] Setting interface mode on port 'vgg_accelerator/OUTPUT_STREAM_V_keep_V' to 'axis' (register, both mode).
INFO: [RTGEN 206-500] Setting interface mode on port 'vgg_accelerator/OUTPUT_STREAM_V_strb_V' to 'axis' (register, both mode).
INFO: [RTGEN 206-500] Setting interface mode on port 'vgg_accelerator/OUTPUT_STREAM_V_last_V' to 'axis' (register, both mode).
INFO: [RTGEN 206-500] Setting interface mode on function 'vgg_accelerator' to 's_axilite & ap_ctrl_hs'.
INFO: [RTGEN 206-100] Bundling port 'return' to AXI-Lite port CTRL_BUS.
INFO: [RTGEN 206-100] Finished creating RTL model for 'vgg_accelerator'.
INFO: [RTMG 210-285] Implementing FIFO 's_input_U(vgg_accelerator_fifo_w8_d128_S)' using Shift Registers.
INFO: [RTMG 210-285] Implementing FIFO 's_conv1_U(vgg_accelerator_fifo_w8_d128_S)' using Shift Registers.
INFO: [RTMG 210-285] Implementing FIFO 's_pool1_U(vgg_accelerator_fifo_w8_d128_S)' using Shift Registers.
INFO: [RTMG 210-285] Implementing FIFO 's_conv2_U(vgg_accelerator_fifo_w8_d64_S)' using Shift Registers.
INFO: [RTMG 210-285] Implementing FIFO 's_pool2_U(vgg_accelerator_fifo_w8_d64_S)' using Shift Registers.
INFO: [RTMG 210-285] Implementing FIFO 's_conv3_U(vgg_accelerator_fifo_w8_d64_S)' using Shift Registers.
INFO: [RTMG 210-285] Implementing FIFO 's_pool3_U(vgg_accelerator_fifo_w8_d64_S)' using Shift Registers.
INFO: [RTMG 210-285] Implementing FIFO 'start_for_layer_block_1_16_32_U0_U(vgg_accelerator_start_for_layer_block_1_16_32_U0)' using Shift Registers.
INFO: [RTMG 210-285] Implementing FIFO 'start_for_max_pool_16_32_U0_U(vgg_accelerator_start_for_max_pool_16_32_U0)' using Shift Registers.
INFO: [RTMG 210-285] Implementing FIFO 'start_for_layer_block_16_32_16_U0_U(vgg_accelerator_start_for_layer_block_16_32_16_U0)' using Shift Registers.
INFO: [RTMG 210-285] Implementing FIFO 'start_for_max_pool_32_16_U0_U(vgg_accelerator_start_for_max_pool_32_16_U0)' using Shift Registers.
INFO: [RTMG 210-285] Implementing FIFO 'start_for_layer_block_32_64_8_U0_U(vgg_accelerator_start_for_layer_block_32_64_8_U0)' using Shift Registers.
INFO: [RTMG 210-285] Implementing FIFO 'start_for_max_pool_64_8_U0_U(vgg_accelerator_start_for_max_pool_64_8_U0)' using Shift Registers.
INFO: [RTMG 210-285] Implementing FIFO 'start_for_dense_layer_U0_U(vgg_accelerator_start_for_dense_layer_U0)' using Shift Registers.
Command       create_rtl_model done; 1.374 sec.
INFO: [HLS 200-111] Finished Creating RTL model: CPU user time: 1 seconds. CPU system time: 0 seconds. Elapsed time: 1.695 seconds; current allocated memory: 825.258 MB.
Execute       source D:/University/Junior/HLS/VGG_Accelerator/hls/vgg_accelerator/solution1/.autopilot/db/vgg_accelerator.rtl_wrap.cfg.tcl 
Execute       gen_rtl vgg_accelerator -istop -style xilinx -f -lang vhdl -o D:/University/Junior/HLS/VGG_Accelerator/hls/vgg_accelerator/solution1/syn/vhdl/vgg_accelerator 
Execute       gen_rtl vgg_accelerator -istop -style xilinx -f -lang vlog -o D:/University/Junior/HLS/VGG_Accelerator/hls/vgg_accelerator/solution1/syn/verilog/vgg_accelerator 
Execute       syn_report -csynth -model vgg_accelerator -o D:/University/Junior/HLS/VGG_Accelerator/hls/vgg_accelerator/solution1/syn/report/vgg_accelerator_csynth.rpt 
Execute         AP::get_flow_target_display_name
Execute       syn_report -rtlxml -model vgg_accelerator -o D:/University/Junior/HLS/VGG_Accelerator/hls/vgg_accelerator/solution1/syn/report/vgg_accelerator_csynth.xml 
Execute       syn_report -verbosereport -model vgg_accelerator -o D:/University/Junior/HLS/VGG_Accelerator/hls/vgg_accelerator/solution1/.autopilot/db/vgg_accelerator.verbose.rpt 
Execute         AP::get_flow_target_display_name
Command       syn_report done; 2.336 sec.
Execute       db_write -model vgg_accelerator -f -o D:/University/Junior/HLS/VGG_Accelerator/hls/vgg_accelerator/solution1/.autopilot/db/vgg_accelerator.adb 
Execute       db_write -model vgg_accelerator -bindview -o D:/University/Junior/HLS/VGG_Accelerator/hls/vgg_accelerator/solution1/.autopilot/db/design.bindinfo.xml 
Execute       gen_tb_info vgg_accelerator -p D:/University/Junior/HLS/VGG_Accelerator/hls/vgg_accelerator/solution1/.autopilot/db -o D:/University/Junior/HLS/VGG_Accelerator/hls/vgg_accelerator/solution1/.autopilot/db/vgg_accelerator 
Execute       export_constraint_db -f -tool general -o D:/University/Junior/HLS/VGG_Accelerator/hls/vgg_accelerator/solution1/.autopilot/db/vgg_accelerator.constraint.tcl 
Execute       syn_report -designview -model vgg_accelerator -o D:/University/Junior/HLS/VGG_Accelerator/hls/vgg_accelerator/solution1/.autopilot/db/vgg_accelerator.design.xml 
Command       syn_report done; 2.161 sec.
Execute       syn_report -csynthDesign -model vgg_accelerator -o D:/University/Junior/HLS/VGG_Accelerator/hls/vgg_accelerator/solution1/syn/report/csynth.rpt 
Execute         AP::get_flow_target_display_name
Execute       syn_report -wcfg -model vgg_accelerator -o D:/University/Junior/HLS/VGG_Accelerator/hls/vgg_accelerator/solution1/.autopilot/db/vgg_accelerator_dataflow_ana.wcfg 
Execute       syn_report -protoinst -model vgg_accelerator -o D:/University/Junior/HLS/VGG_Accelerator/hls/vgg_accelerator/solution1/.autopilot/db/vgg_accelerator.protoinst 
Execute       sc_get_clocks vgg_accelerator 
Execute       sc_get_portdomain vgg_accelerator 
INFO-FLOW: Model list for RTL component generation: input_adapter {layer_block<1, 16, 32>_Pipeline_VITIS_LOOP_32_2_VITIS_LOOP_33_3} {layer_block<1, 16, 32>_Pipeline_VITIS_LOOP_36_4_VITIS_LOOP_37_5} {layer_block<1, 16, 32>} {max_pool<16, 32>} {layer_block<16, 32, 16>_Pipeline_VITIS_LOOP_31_1_VITIS_LOOP_32_2_VITIS_LOOP_33_3} {layer_block<16, 32, 16>_Pipeline_VITIS_LOOP_40_6} {layer_block<16, 32, 16>_Pipeline_VITIS_LOOP_71_8} {layer_block<16, 32, 16>} max_val {max_pool<32, 16>} {layer_block<32, 64, 8>_Pipeline_VITIS_LOOP_31_1_VITIS_LOOP_32_2_VITIS_LOOP_33_3} {layer_block<32, 64, 8>_Pipeline_VITIS_LOOP_40_6} {layer_block<32, 64, 8>_Pipeline_VITIS_LOOP_71_8} {layer_block<32, 64, 8>} {max_pool<64, 8>} dense_layer_Pipeline_VITIS_LOOP_135_1 dense_layer_Pipeline_VITIS_LOOP_146_3 dense_layer vgg_accelerator
INFO-FLOW: Handling components in module [input_adapter] ... 
Execute       source D:/University/Junior/HLS/VGG_Accelerator/hls/vgg_accelerator/solution1/.autopilot/db/input_adapter.compgen.tcl 
INFO-FLOW: Found component vgg_accelerator_regslice_both.
INFO-FLOW: Append model vgg_accelerator_regslice_both
INFO-FLOW: Found component vgg_accelerator_regslice_both.
INFO-FLOW: Append model vgg_accelerator_regslice_both
INFO-FLOW: Found component vgg_accelerator_regslice_both.
INFO-FLOW: Append model vgg_accelerator_regslice_both
INFO-FLOW: Found component vgg_accelerator_regslice_both.
INFO-FLOW: Append model vgg_accelerator_regslice_both
INFO-FLOW: Found component vgg_accelerator_flow_control_loop_pipe.
INFO-FLOW: Append model vgg_accelerator_flow_control_loop_pipe
INFO-FLOW: Handling components in module [layer_block_1_16_32_Pipeline_VITIS_LOOP_32_2_VITIS_LOOP_33_3] ... 
Execute       source D:/University/Junior/HLS/VGG_Accelerator/hls/vgg_accelerator/solution1/.autopilot/db/layer_block_1_16_32_Pipeline_VITIS_LOOP_32_2_VITIS_LOOP_33_3.compgen.tcl 
INFO-FLOW: Found component vgg_accelerator_flow_control_loop_pipe_sequential_init.
INFO-FLOW: Append model vgg_accelerator_flow_control_loop_pipe_sequential_init
INFO-FLOW: Handling components in module [layer_block_1_16_32_Pipeline_VITIS_LOOP_36_4_VITIS_LOOP_37_5] ... 
Execute       source D:/University/Junior/HLS/VGG_Accelerator/hls/vgg_accelerator/solution1/.autopilot/db/layer_block_1_16_32_Pipeline_VITIS_LOOP_36_4_VITIS_LOOP_37_5.compgen.tcl 
INFO-FLOW: Found component vgg_accelerator_flow_control_loop_pipe_sequential_init.
INFO-FLOW: Append model vgg_accelerator_flow_control_loop_pipe_sequential_init
INFO-FLOW: Handling components in module [layer_block_1_16_32_s] ... 
Execute       source D:/University/Junior/HLS/VGG_Accelerator/hls/vgg_accelerator/solution1/.autopilot/db/layer_block_1_16_32_s.compgen.tcl 
INFO-FLOW: Found component vgg_accelerator_layer_block_1_16_32_s_void_layer_block_stream_stream_signed_char_const_1_3_3_bkb.
INFO-FLOW: Append model vgg_accelerator_layer_block_1_16_32_s_void_layer_block_stream_stream_signed_char_const_1_3_3_bkb
INFO-FLOW: Handling components in module [max_pool_16_32_s] ... 
Execute       source D:/University/Junior/HLS/VGG_Accelerator/hls/vgg_accelerator/solution1/.autopilot/db/max_pool_16_32_s.compgen.tcl 
INFO-FLOW: Found component vgg_accelerator_max_pool_16_32_s_void_max_pool_stream_stream_ap_fixed_8_4_0_0_0_0_pool_buff_2dEe.
INFO-FLOW: Append model vgg_accelerator_max_pool_16_32_s_void_max_pool_stream_stream_ap_fixed_8_4_0_0_0_0_pool_buff_2dEe
INFO-FLOW: Found component vgg_accelerator_flow_control_loop_pipe.
INFO-FLOW: Append model vgg_accelerator_flow_control_loop_pipe
INFO-FLOW: Handling components in module [layer_block_16_32_16_Pipeline_VITIS_LOOP_31_1_VITIS_LOOP_32_2_VITIS_LOOP_33_3] ... 
Execute       source D:/University/Junior/HLS/VGG_Accelerator/hls/vgg_accelerator/solution1/.autopilot/db/layer_block_16_32_16_Pipeline_VITIS_LOOP_31_1_VITIS_LOOP_32_2_VITIS_LOOP_33_3.compgen.tcl 
INFO-FLOW: Found component vgg_accelerator_flow_control_loop_pipe_sequential_init.
INFO-FLOW: Append model vgg_accelerator_flow_control_loop_pipe_sequential_init
INFO-FLOW: Handling components in module [layer_block_16_32_16_Pipeline_VITIS_LOOP_40_6] ... 
Execute       source D:/University/Junior/HLS/VGG_Accelerator/hls/vgg_accelerator/solution1/.autopilot/db/layer_block_16_32_16_Pipeline_VITIS_LOOP_40_6.compgen.tcl 
INFO-FLOW: Found component vgg_accelerator_mux_164_8_1_1.
INFO-FLOW: Append model vgg_accelerator_mux_164_8_1_1
INFO-FLOW: Found component vgg_accelerator_flow_control_loop_pipe_sequential_init.
INFO-FLOW: Append model vgg_accelerator_flow_control_loop_pipe_sequential_init
INFO-FLOW: Handling components in module [layer_block_16_32_16_Pipeline_VITIS_LOOP_71_8] ... 
Execute       source D:/University/Junior/HLS/VGG_Accelerator/hls/vgg_accelerator/solution1/.autopilot/db/layer_block_16_32_16_Pipeline_VITIS_LOOP_71_8.compgen.tcl 
INFO-FLOW: Found component vgg_accelerator_mul_8s_5s_12_1_1.
INFO-FLOW: Append model vgg_accelerator_mul_8s_5s_12_1_1
INFO-FLOW: Found component vgg_accelerator_layer_block_16_32_16_Pipeline_VITIS_LOOP_71_8_conv2_weights_ROM_AUTO_1R.
INFO-FLOW: Append model vgg_accelerator_layer_block_16_32_16_Pipeline_VITIS_LOOP_71_8_conv2_weights_ROM_AUTO_1R
INFO-FLOW: Found component vgg_accelerator_flow_control_loop_pipe_sequential_init.
INFO-FLOW: Append model vgg_accelerator_flow_control_loop_pipe_sequential_init
INFO-FLOW: Handling components in module [layer_block_16_32_16_s] ... 
Execute       source D:/University/Junior/HLS/VGG_Accelerator/hls/vgg_accelerator/solution1/.autopilot/db/layer_block_16_32_16_s.compgen.tcl 
INFO-FLOW: Found component vgg_accelerator_layer_block_16_32_16_s_void_layer_block_stream_stream_signed_char_const_16_3_tde.
INFO-FLOW: Append model vgg_accelerator_layer_block_16_32_16_s_void_layer_block_stream_stream_signed_char_const_16_3_tde
INFO-FLOW: Found component vgg_accelerator_layer_block_16_32_16_s_conv2_bias_ROM_AUTO_1R.
INFO-FLOW: Append model vgg_accelerator_layer_block_16_32_16_s_conv2_bias_ROM_AUTO_1R
INFO-FLOW: Handling components in module [max_val] ... 
Execute       source D:/University/Junior/HLS/VGG_Accelerator/hls/vgg_accelerator/solution1/.autopilot/db/max_val.compgen.tcl 
INFO-FLOW: Handling components in module [max_pool_32_16_s] ... 
Execute       source D:/University/Junior/HLS/VGG_Accelerator/hls/vgg_accelerator/solution1/.autopilot/db/max_pool_32_16_s.compgen.tcl 
INFO-FLOW: Found component vgg_accelerator_max_pool_32_16_s_void_max_pool_stream_stream_ap_fixed_8_4_0_0_0_0_pool_buff_1vdy.
INFO-FLOW: Append model vgg_accelerator_max_pool_32_16_s_void_max_pool_stream_stream_ap_fixed_8_4_0_0_0_0_pool_buff_1vdy
INFO-FLOW: Found component vgg_accelerator_max_pool_32_16_s_p_ZZ8max_poolILi32ELi16EEvRN3hls6streamI8ap_fixedILi8ELi4EL9Zio.
INFO-FLOW: Append model vgg_accelerator_max_pool_32_16_s_p_ZZ8max_poolILi32ELi16EEvRN3hls6streamI8ap_fixedILi8ELi4EL9Zio
INFO-FLOW: Found component vgg_accelerator_flow_control_loop_pipe.
INFO-FLOW: Append model vgg_accelerator_flow_control_loop_pipe
INFO-FLOW: Handling components in module [layer_block_32_64_8_Pipeline_VITIS_LOOP_31_1_VITIS_LOOP_32_2_VITIS_LOOP_33_3] ... 
Execute       source D:/University/Junior/HLS/VGG_Accelerator/hls/vgg_accelerator/solution1/.autopilot/db/layer_block_32_64_8_Pipeline_VITIS_LOOP_31_1_VITIS_LOOP_32_2_VITIS_LOOP_33_3.compgen.tcl 
INFO-FLOW: Found component vgg_accelerator_flow_control_loop_pipe_sequential_init.
INFO-FLOW: Append model vgg_accelerator_flow_control_loop_pipe_sequential_init
INFO-FLOW: Handling components in module [layer_block_32_64_8_Pipeline_VITIS_LOOP_40_6] ... 
Execute       source D:/University/Junior/HLS/VGG_Accelerator/hls/vgg_accelerator/solution1/.autopilot/db/layer_block_32_64_8_Pipeline_VITIS_LOOP_40_6.compgen.tcl 
INFO-FLOW: Found component vgg_accelerator_mux_325_8_1_1.
INFO-FLOW: Append model vgg_accelerator_mux_325_8_1_1
INFO-FLOW: Found component vgg_accelerator_flow_control_loop_pipe_sequential_init.
INFO-FLOW: Append model vgg_accelerator_flow_control_loop_pipe_sequential_init
INFO-FLOW: Handling components in module [layer_block_32_64_8_Pipeline_VITIS_LOOP_71_8] ... 
Execute       source D:/University/Junior/HLS/VGG_Accelerator/hls/vgg_accelerator/solution1/.autopilot/db/layer_block_32_64_8_Pipeline_VITIS_LOOP_71_8.compgen.tcl 
INFO-FLOW: Found component vgg_accelerator_layer_block_32_64_8_Pipeline_VITIS_LOOP_71_8_conv3_weights_ROM_AUTO_1R.
INFO-FLOW: Append model vgg_accelerator_layer_block_32_64_8_Pipeline_VITIS_LOOP_71_8_conv3_weights_ROM_AUTO_1R
INFO-FLOW: Found component vgg_accelerator_flow_control_loop_pipe_sequential_init.
INFO-FLOW: Append model vgg_accelerator_flow_control_loop_pipe_sequential_init
INFO-FLOW: Handling components in module [layer_block_32_64_8_s] ... 
Execute       source D:/University/Junior/HLS/VGG_Accelerator/hls/vgg_accelerator/solution1/.autopilot/db/layer_block_32_64_8_s.compgen.tcl 
INFO-FLOW: Found component vgg_accelerator_layer_block_32_64_8_s_void_layer_block_stream_stream_signed_char_const_32_3_31iI.
INFO-FLOW: Append model vgg_accelerator_layer_block_32_64_8_s_void_layer_block_stream_stream_signed_char_const_32_3_31iI
INFO-FLOW: Found component vgg_accelerator_layer_block_32_64_8_s_conv3_bias_ROM_AUTO_1R.
INFO-FLOW: Append model vgg_accelerator_layer_block_32_64_8_s_conv3_bias_ROM_AUTO_1R
INFO-FLOW: Handling components in module [max_pool_64_8_s] ... 
Execute       source D:/University/Junior/HLS/VGG_Accelerator/hls/vgg_accelerator/solution1/.autopilot/db/max_pool_64_8_s.compgen.tcl 
INFO-FLOW: Found component vgg_accelerator_max_pool_64_8_s_void_max_pool_stream_stream_ap_fixed_8_4_0_0_0_0_pool_buff_8_3i2.
INFO-FLOW: Append model vgg_accelerator_max_pool_64_8_s_void_max_pool_stream_stream_ap_fixed_8_4_0_0_0_0_pool_buff_8_3i2
INFO-FLOW: Found component vgg_accelerator_max_pool_64_8_s_p_ZZ8max_poolILi64ELi8EEvRN3hls6streamI8ap_fixedILi8ELi4EL9apb3s.
INFO-FLOW: Append model vgg_accelerator_max_pool_64_8_s_p_ZZ8max_poolILi64ELi8EEvRN3hls6streamI8ap_fixedILi8ELi4EL9apb3s
INFO-FLOW: Found component vgg_accelerator_flow_control_loop_pipe.
INFO-FLOW: Append model vgg_accelerator_flow_control_loop_pipe
INFO-FLOW: Handling components in module [dense_layer_Pipeline_VITIS_LOOP_135_1] ... 
Execute       source D:/University/Junior/HLS/VGG_Accelerator/hls/vgg_accelerator/solution1/.autopilot/db/dense_layer_Pipeline_VITIS_LOOP_135_1.compgen.tcl 
INFO-FLOW: Found component vgg_accelerator_flow_control_loop_pipe_sequential_init.
INFO-FLOW: Append model vgg_accelerator_flow_control_loop_pipe_sequential_init
INFO-FLOW: Handling components in module [dense_layer_Pipeline_VITIS_LOOP_146_3] ... 
Execute       source D:/University/Junior/HLS/VGG_Accelerator/hls/vgg_accelerator/solution1/.autopilot/db/dense_layer_Pipeline_VITIS_LOOP_146_3.compgen.tcl 
INFO-FLOW: Found component vgg_accelerator_dense_layer_Pipeline_VITIS_LOOP_146_3_dense_weights_ROM_AUTO_1R.
INFO-FLOW: Append model vgg_accelerator_dense_layer_Pipeline_VITIS_LOOP_146_3_dense_weights_ROM_AUTO_1R
INFO-FLOW: Found component vgg_accelerator_flow_control_loop_pipe_sequential_init.
INFO-FLOW: Append model vgg_accelerator_flow_control_loop_pipe_sequential_init
INFO-FLOW: Handling components in module [dense_layer] ... 
Execute       source D:/University/Junior/HLS/VGG_Accelerator/hls/vgg_accelerator/solution1/.autopilot/db/dense_layer.compgen.tcl 
INFO-FLOW: Found component vgg_accelerator_dense_layer_dense_bias_ROM_AUTO_1R.
INFO-FLOW: Append model vgg_accelerator_dense_layer_dense_bias_ROM_AUTO_1R
INFO-FLOW: Found component vgg_accelerator_dense_layer_flat_img_V_RAM_AUTO_1R1W.
INFO-FLOW: Append model vgg_accelerator_dense_layer_flat_img_V_RAM_AUTO_1R1W
INFO-FLOW: Found component vgg_accelerator_regslice_both.
INFO-FLOW: Append model vgg_accelerator_regslice_both
INFO-FLOW: Found component vgg_accelerator_regslice_both.
INFO-FLOW: Append model vgg_accelerator_regslice_both
INFO-FLOW: Found component vgg_accelerator_regslice_both.
INFO-FLOW: Append model vgg_accelerator_regslice_both
INFO-FLOW: Found component vgg_accelerator_regslice_both.
INFO-FLOW: Append model vgg_accelerator_regslice_both
INFO-FLOW: Handling components in module [vgg_accelerator] ... 
Execute       source D:/University/Junior/HLS/VGG_Accelerator/hls/vgg_accelerator/solution1/.autopilot/db/vgg_accelerator.compgen.tcl 
INFO-FLOW: Found component vgg_accelerator_fifo_w8_d128_S.
INFO-FLOW: Append model vgg_accelerator_fifo_w8_d128_S
INFO-FLOW: Found component vgg_accelerator_fifo_w8_d128_S.
INFO-FLOW: Append model vgg_accelerator_fifo_w8_d128_S
INFO-FLOW: Found component vgg_accelerator_fifo_w8_d128_S.
INFO-FLOW: Append model vgg_accelerator_fifo_w8_d128_S
INFO-FLOW: Found component vgg_accelerator_fifo_w8_d64_S.
INFO-FLOW: Append model vgg_accelerator_fifo_w8_d64_S
INFO-FLOW: Found component vgg_accelerator_fifo_w8_d64_S.
INFO-FLOW: Append model vgg_accelerator_fifo_w8_d64_S
INFO-FLOW: Found component vgg_accelerator_fifo_w8_d64_S.
INFO-FLOW: Append model vgg_accelerator_fifo_w8_d64_S
INFO-FLOW: Found component vgg_accelerator_fifo_w8_d64_S.
INFO-FLOW: Append model vgg_accelerator_fifo_w8_d64_S
INFO-FLOW: Found component vgg_accelerator_start_for_layer_block_1_16_32_U0.
INFO-FLOW: Append model vgg_accelerator_start_for_layer_block_1_16_32_U0
INFO-FLOW: Found component vgg_accelerator_start_for_max_pool_16_32_U0.
INFO-FLOW: Append model vgg_accelerator_start_for_max_pool_16_32_U0
INFO-FLOW: Found component vgg_accelerator_start_for_layer_block_16_32_16_U0.
INFO-FLOW: Append model vgg_accelerator_start_for_layer_block_16_32_16_U0
INFO-FLOW: Found component vgg_accelerator_start_for_max_pool_32_16_U0.
INFO-FLOW: Append model vgg_accelerator_start_for_max_pool_32_16_U0
INFO-FLOW: Found component vgg_accelerator_start_for_layer_block_32_64_8_U0.
INFO-FLOW: Append model vgg_accelerator_start_for_layer_block_32_64_8_U0
INFO-FLOW: Found component vgg_accelerator_start_for_max_pool_64_8_U0.
INFO-FLOW: Append model vgg_accelerator_start_for_max_pool_64_8_U0
INFO-FLOW: Found component vgg_accelerator_start_for_dense_layer_U0.
INFO-FLOW: Append model vgg_accelerator_start_for_dense_layer_U0
INFO-FLOW: Found component vgg_accelerator_CTRL_BUS_s_axi.
INFO-FLOW: Append model vgg_accelerator_CTRL_BUS_s_axi
INFO-FLOW: Append model input_adapter
INFO-FLOW: Append model layer_block_1_16_32_Pipeline_VITIS_LOOP_32_2_VITIS_LOOP_33_3
INFO-FLOW: Append model layer_block_1_16_32_Pipeline_VITIS_LOOP_36_4_VITIS_LOOP_37_5
INFO-FLOW: Append model layer_block_1_16_32_s
INFO-FLOW: Append model max_pool_16_32_s
INFO-FLOW: Append model layer_block_16_32_16_Pipeline_VITIS_LOOP_31_1_VITIS_LOOP_32_2_VITIS_LOOP_33_3
INFO-FLOW: Append model layer_block_16_32_16_Pipeline_VITIS_LOOP_40_6
INFO-FLOW: Append model layer_block_16_32_16_Pipeline_VITIS_LOOP_71_8
INFO-FLOW: Append model layer_block_16_32_16_s
INFO-FLOW: Append model max_val
INFO-FLOW: Append model max_pool_32_16_s
INFO-FLOW: Append model layer_block_32_64_8_Pipeline_VITIS_LOOP_31_1_VITIS_LOOP_32_2_VITIS_LOOP_33_3
INFO-FLOW: Append model layer_block_32_64_8_Pipeline_VITIS_LOOP_40_6
INFO-FLOW: Append model layer_block_32_64_8_Pipeline_VITIS_LOOP_71_8
INFO-FLOW: Append model layer_block_32_64_8_s
INFO-FLOW: Append model max_pool_64_8_s
INFO-FLOW: Append model dense_layer_Pipeline_VITIS_LOOP_135_1
INFO-FLOW: Append model dense_layer_Pipeline_VITIS_LOOP_146_3
INFO-FLOW: Append model dense_layer
INFO-FLOW: Append model vgg_accelerator
INFO-FLOW: Generating RTL model list ...
INFO-FLOW: All models in this session: vgg_accelerator_regslice_both vgg_accelerator_regslice_both vgg_accelerator_regslice_both vgg_accelerator_regslice_both vgg_accelerator_flow_control_loop_pipe vgg_accelerator_flow_control_loop_pipe_sequential_init vgg_accelerator_flow_control_loop_pipe_sequential_init vgg_accelerator_layer_block_1_16_32_s_void_layer_block_stream_stream_signed_char_const_1_3_3_bkb vgg_accelerator_max_pool_16_32_s_void_max_pool_stream_stream_ap_fixed_8_4_0_0_0_0_pool_buff_2dEe vgg_accelerator_flow_control_loop_pipe vgg_accelerator_flow_control_loop_pipe_sequential_init vgg_accelerator_mux_164_8_1_1 vgg_accelerator_flow_control_loop_pipe_sequential_init vgg_accelerator_mul_8s_5s_12_1_1 vgg_accelerator_layer_block_16_32_16_Pipeline_VITIS_LOOP_71_8_conv2_weights_ROM_AUTO_1R vgg_accelerator_flow_control_loop_pipe_sequential_init vgg_accelerator_layer_block_16_32_16_s_void_layer_block_stream_stream_signed_char_const_16_3_tde vgg_accelerator_layer_block_16_32_16_s_conv2_bias_ROM_AUTO_1R vgg_accelerator_max_pool_32_16_s_void_max_pool_stream_stream_ap_fixed_8_4_0_0_0_0_pool_buff_1vdy vgg_accelerator_max_pool_32_16_s_p_ZZ8max_poolILi32ELi16EEvRN3hls6streamI8ap_fixedILi8ELi4EL9Zio vgg_accelerator_flow_control_loop_pipe vgg_accelerator_flow_control_loop_pipe_sequential_init vgg_accelerator_mux_325_8_1_1 vgg_accelerator_flow_control_loop_pipe_sequential_init vgg_accelerator_layer_block_32_64_8_Pipeline_VITIS_LOOP_71_8_conv3_weights_ROM_AUTO_1R vgg_accelerator_flow_control_loop_pipe_sequential_init vgg_accelerator_layer_block_32_64_8_s_void_layer_block_stream_stream_signed_char_const_32_3_31iI vgg_accelerator_layer_block_32_64_8_s_conv3_bias_ROM_AUTO_1R vgg_accelerator_max_pool_64_8_s_void_max_pool_stream_stream_ap_fixed_8_4_0_0_0_0_pool_buff_8_3i2 vgg_accelerator_max_pool_64_8_s_p_ZZ8max_poolILi64ELi8EEvRN3hls6streamI8ap_fixedILi8ELi4EL9apb3s vgg_accelerator_flow_control_loop_pipe vgg_accelerator_flow_control_loop_pipe_sequential_init vgg_accelerator_dense_layer_Pipeline_VITIS_LOOP_146_3_dense_weights_ROM_AUTO_1R vgg_accelerator_flow_control_loop_pipe_sequential_init vgg_accelerator_dense_layer_dense_bias_ROM_AUTO_1R vgg_accelerator_dense_layer_flat_img_V_RAM_AUTO_1R1W vgg_accelerator_regslice_both vgg_accelerator_regslice_both vgg_accelerator_regslice_both vgg_accelerator_regslice_both vgg_accelerator_fifo_w8_d128_S vgg_accelerator_fifo_w8_d128_S vgg_accelerator_fifo_w8_d128_S vgg_accelerator_fifo_w8_d64_S vgg_accelerator_fifo_w8_d64_S vgg_accelerator_fifo_w8_d64_S vgg_accelerator_fifo_w8_d64_S vgg_accelerator_start_for_layer_block_1_16_32_U0 vgg_accelerator_start_for_max_pool_16_32_U0 vgg_accelerator_start_for_layer_block_16_32_16_U0 vgg_accelerator_start_for_max_pool_32_16_U0 vgg_accelerator_start_for_layer_block_32_64_8_U0 vgg_accelerator_start_for_max_pool_64_8_U0 vgg_accelerator_start_for_dense_layer_U0 vgg_accelerator_CTRL_BUS_s_axi input_adapter layer_block_1_16_32_Pipeline_VITIS_LOOP_32_2_VITIS_LOOP_33_3 layer_block_1_16_32_Pipeline_VITIS_LOOP_36_4_VITIS_LOOP_37_5 layer_block_1_16_32_s max_pool_16_32_s layer_block_16_32_16_Pipeline_VITIS_LOOP_31_1_VITIS_LOOP_32_2_VITIS_LOOP_33_3 layer_block_16_32_16_Pipeline_VITIS_LOOP_40_6 layer_block_16_32_16_Pipeline_VITIS_LOOP_71_8 layer_block_16_32_16_s max_val max_pool_32_16_s layer_block_32_64_8_Pipeline_VITIS_LOOP_31_1_VITIS_LOOP_32_2_VITIS_LOOP_33_3 layer_block_32_64_8_Pipeline_VITIS_LOOP_40_6 layer_block_32_64_8_Pipeline_VITIS_LOOP_71_8 layer_block_32_64_8_s max_pool_64_8_s dense_layer_Pipeline_VITIS_LOOP_135_1 dense_layer_Pipeline_VITIS_LOOP_146_3 dense_layer vgg_accelerator
INFO-FLOW: Generating D:/University/Junior/HLS/VGG_Accelerator/hls/vgg_accelerator/solution1/.autopilot/db/autopilot.rtl.models.txt file...
INFO-FLOW: To file: write model vgg_accelerator_regslice_both
INFO-FLOW: To file: write model vgg_accelerator_regslice_both
INFO-FLOW: To file: write model vgg_accelerator_regslice_both
INFO-FLOW: To file: write model vgg_accelerator_regslice_both
INFO-FLOW: To file: write model vgg_accelerator_flow_control_loop_pipe
INFO-FLOW: To file: write model vgg_accelerator_flow_control_loop_pipe_sequential_init
INFO-FLOW: To file: write model vgg_accelerator_flow_control_loop_pipe_sequential_init
INFO-FLOW: To file: write model vgg_accelerator_layer_block_1_16_32_s_void_layer_block_stream_stream_signed_char_const_1_3_3_bkb
INFO-FLOW: To file: write model vgg_accelerator_max_pool_16_32_s_void_max_pool_stream_stream_ap_fixed_8_4_0_0_0_0_pool_buff_2dEe
INFO-FLOW: To file: write model vgg_accelerator_flow_control_loop_pipe
INFO-FLOW: To file: write model vgg_accelerator_flow_control_loop_pipe_sequential_init
INFO-FLOW: To file: write model vgg_accelerator_mux_164_8_1_1
INFO-FLOW: To file: write model vgg_accelerator_flow_control_loop_pipe_sequential_init
INFO-FLOW: To file: write model vgg_accelerator_mul_8s_5s_12_1_1
INFO-FLOW: To file: write model vgg_accelerator_layer_block_16_32_16_Pipeline_VITIS_LOOP_71_8_conv2_weights_ROM_AUTO_1R
INFO-FLOW: To file: write model vgg_accelerator_flow_control_loop_pipe_sequential_init
INFO-FLOW: To file: write model vgg_accelerator_layer_block_16_32_16_s_void_layer_block_stream_stream_signed_char_const_16_3_tde
INFO-FLOW: To file: write model vgg_accelerator_layer_block_16_32_16_s_conv2_bias_ROM_AUTO_1R
INFO-FLOW: To file: write model vgg_accelerator_max_pool_32_16_s_void_max_pool_stream_stream_ap_fixed_8_4_0_0_0_0_pool_buff_1vdy
INFO-FLOW: To file: write model vgg_accelerator_max_pool_32_16_s_p_ZZ8max_poolILi32ELi16EEvRN3hls6streamI8ap_fixedILi8ELi4EL9Zio
INFO-FLOW: To file: write model vgg_accelerator_flow_control_loop_pipe
INFO-FLOW: To file: write model vgg_accelerator_flow_control_loop_pipe_sequential_init
INFO-FLOW: To file: write model vgg_accelerator_mux_325_8_1_1
INFO-FLOW: To file: write model vgg_accelerator_flow_control_loop_pipe_sequential_init
INFO-FLOW: To file: write model vgg_accelerator_layer_block_32_64_8_Pipeline_VITIS_LOOP_71_8_conv3_weights_ROM_AUTO_1R
INFO-FLOW: To file: write model vgg_accelerator_flow_control_loop_pipe_sequential_init
INFO-FLOW: To file: write model vgg_accelerator_layer_block_32_64_8_s_void_layer_block_stream_stream_signed_char_const_32_3_31iI
INFO-FLOW: To file: write model vgg_accelerator_layer_block_32_64_8_s_conv3_bias_ROM_AUTO_1R
INFO-FLOW: To file: write model vgg_accelerator_max_pool_64_8_s_void_max_pool_stream_stream_ap_fixed_8_4_0_0_0_0_pool_buff_8_3i2
INFO-FLOW: To file: write model vgg_accelerator_max_pool_64_8_s_p_ZZ8max_poolILi64ELi8EEvRN3hls6streamI8ap_fixedILi8ELi4EL9apb3s
INFO-FLOW: To file: write model vgg_accelerator_flow_control_loop_pipe
INFO-FLOW: To file: write model vgg_accelerator_flow_control_loop_pipe_sequential_init
INFO-FLOW: To file: write model vgg_accelerator_dense_layer_Pipeline_VITIS_LOOP_146_3_dense_weights_ROM_AUTO_1R
INFO-FLOW: To file: write model vgg_accelerator_flow_control_loop_pipe_sequential_init
INFO-FLOW: To file: write model vgg_accelerator_dense_layer_dense_bias_ROM_AUTO_1R
INFO-FLOW: To file: write model vgg_accelerator_dense_layer_flat_img_V_RAM_AUTO_1R1W
INFO-FLOW: To file: write model vgg_accelerator_regslice_both
INFO-FLOW: To file: write model vgg_accelerator_regslice_both
INFO-FLOW: To file: write model vgg_accelerator_regslice_both
INFO-FLOW: To file: write model vgg_accelerator_regslice_both
INFO-FLOW: To file: write model vgg_accelerator_fifo_w8_d128_S
INFO-FLOW: To file: write model vgg_accelerator_fifo_w8_d128_S
INFO-FLOW: To file: write model vgg_accelerator_fifo_w8_d128_S
INFO-FLOW: To file: write model vgg_accelerator_fifo_w8_d64_S
INFO-FLOW: To file: write model vgg_accelerator_fifo_w8_d64_S
INFO-FLOW: To file: write model vgg_accelerator_fifo_w8_d64_S
INFO-FLOW: To file: write model vgg_accelerator_fifo_w8_d64_S
INFO-FLOW: To file: write model vgg_accelerator_start_for_layer_block_1_16_32_U0
INFO-FLOW: To file: write model vgg_accelerator_start_for_max_pool_16_32_U0
INFO-FLOW: To file: write model vgg_accelerator_start_for_layer_block_16_32_16_U0
INFO-FLOW: To file: write model vgg_accelerator_start_for_max_pool_32_16_U0
INFO-FLOW: To file: write model vgg_accelerator_start_for_layer_block_32_64_8_U0
INFO-FLOW: To file: write model vgg_accelerator_start_for_max_pool_64_8_U0
INFO-FLOW: To file: write model vgg_accelerator_start_for_dense_layer_U0
INFO-FLOW: To file: write model vgg_accelerator_CTRL_BUS_s_axi
INFO-FLOW: To file: write model input_adapter
INFO-FLOW: To file: write model layer_block_1_16_32_Pipeline_VITIS_LOOP_32_2_VITIS_LOOP_33_3
INFO-FLOW: To file: write model layer_block_1_16_32_Pipeline_VITIS_LOOP_36_4_VITIS_LOOP_37_5
INFO-FLOW: To file: write model layer_block_1_16_32_s
INFO-FLOW: To file: write model max_pool_16_32_s
INFO-FLOW: To file: write model layer_block_16_32_16_Pipeline_VITIS_LOOP_31_1_VITIS_LOOP_32_2_VITIS_LOOP_33_3
INFO-FLOW: To file: write model layer_block_16_32_16_Pipeline_VITIS_LOOP_40_6
INFO-FLOW: To file: write model layer_block_16_32_16_Pipeline_VITIS_LOOP_71_8
INFO-FLOW: To file: write model layer_block_16_32_16_s
INFO-FLOW: To file: write model max_val
INFO-FLOW: To file: write model max_pool_32_16_s
INFO-FLOW: To file: write model layer_block_32_64_8_Pipeline_VITIS_LOOP_31_1_VITIS_LOOP_32_2_VITIS_LOOP_33_3
INFO-FLOW: To file: write model layer_block_32_64_8_Pipeline_VITIS_LOOP_40_6
INFO-FLOW: To file: write model layer_block_32_64_8_Pipeline_VITIS_LOOP_71_8
INFO-FLOW: To file: write model layer_block_32_64_8_s
INFO-FLOW: To file: write model max_pool_64_8_s
INFO-FLOW: To file: write model dense_layer_Pipeline_VITIS_LOOP_135_1
INFO-FLOW: To file: write model dense_layer_Pipeline_VITIS_LOOP_146_3
INFO-FLOW: To file: write model dense_layer
INFO-FLOW: To file: write model vgg_accelerator
INFO-FLOW: Generating D:/University/Junior/HLS/VGG_Accelerator/hls/vgg_accelerator/solution1/.autopilot/db/autopilot.rtl.models.tcl file...
INFO-FLOW: Finished generating RTL model list.


INFO-FLOW: RTL Generation done.
INFO-FLOW: CAS Generation done.
INFO-FLOW: CBC Generation done.
INFO-FLOW: DBG:PROC: ::AESL_AUTOMG::auto_generate_csynth_design
INFO-FLOW: DBG:PUTS: read_platform_lib D:/University/Junior/HLS/VGG_Accelerator/hls/vgg_accelerator/solution1/.autopilot/db/global.setting.tcl
Execute       source C:/Xilinx/Vitis_HLS/2022.2/common/technology/generic/autopilot/common.gen 
Execute         source C:/Xilinx/Vitis_HLS/2022.2/common/technology/generic/autopilot/APCoreGen.gen 
Execute       source C:/Xilinx/Vitis_HLS/2022.2/common/technology/generic/autopilot/op.gen 
Execute       source C:/Xilinx/Vitis_HLS/2022.2/common/technology/generic/autopilot/op_simcore.gen 
Execute       source C:/Xilinx/Vitis_HLS/2022.2/common/technology/generic/autopilot/interface.gen 
Execute       source D:/University/Junior/HLS/VGG_Accelerator/hls/vgg_accelerator/solution1/.autopilot/db/global.setting.tcl 
Execute       source C:/Xilinx/Vitis_HLS/2022.2/common/technology/xilinx/common/xilinx.gen 
Execute         source C:/Xilinx/Vitis_HLS/2022.2/common/technology/xilinx/interface/plb46.gen 
Execute         source C:/Xilinx/Vitis_HLS/2022.2/common/technology/xilinx/interface/axi4.gen 
Execute         source C:/Xilinx/Vitis_HLS/2022.2/common/technology/xilinx/interface/nativeAXI4.gen 
Execute           source C:/Xilinx/Vitis_HLS/2022.2/common/technology/xilinx/interface/saxilite.gen 
Execute         source C:/Xilinx/Vitis_HLS/2022.2/common/technology/xilinx/scripts/xilinxcoregen.gen 
Execute         source C:/Xilinx/Vitis_HLS/2022.2/common/technology/xilinx/interface/XilEDKCoreGen.gen 
Execute         source C:/Xilinx/Vitis_HLS/2022.2/common/technology/xilinx/ip/dds_compiler.gen 
Execute         source C:/Xilinx/Vitis_HLS/2022.2/common/technology/xilinx/ip/util.gen 
Execute         source C:/Xilinx/Vitis_HLS/2022.2/common/technology/xilinx/ip/xfft.gen 
Execute         source C:/Xilinx/Vitis_HLS/2022.2/common/technology/xilinx/ip/xfir.gen 
Execute         source C:/Xilinx/Vitis_HLS/2022.2/common/technology/xilinx/DSP48/dsp48.gen 
INFO-FLOW: DBG:PUTS:   using AESL_AUTOCG::g_clock_period=10.000 (was NA)
INFO-FLOW: DBG:PROC: ::AESL_AUTOMG::generate_ip_cores gen_sim_model='1' gen_fp_models='0' gen_for_export='0' dstSCDir='' dstVhdlDir='D:/University/Junior/HLS/VGG_Accelerator/hls/vgg_accelerator/solution1/.autopilot/db/vhdl' dstVlogDir='D:/University/Junior/HLS/VGG_Accelerator/hls/vgg_accelerator/solution1/.autopilot/db/vlog' tclDir='D:/University/Junior/HLS/VGG_Accelerator/hls/vgg_accelerator/solution1/.autopilot/db' modelList='vgg_accelerator_regslice_both
vgg_accelerator_regslice_both
vgg_accelerator_regslice_both
vgg_accelerator_regslice_both
vgg_accelerator_flow_control_loop_pipe
vgg_accelerator_flow_control_loop_pipe_sequential_init
vgg_accelerator_flow_control_loop_pipe_sequential_init
vgg_accelerator_layer_block_1_16_32_s_void_layer_block_stream_stream_signed_char_const_1_3_3_bkb
vgg_accelerator_max_pool_16_32_s_void_max_pool_stream_stream_ap_fixed_8_4_0_0_0_0_pool_buff_2dEe
vgg_accelerator_flow_control_loop_pipe
vgg_accelerator_flow_control_loop_pipe_sequential_init
vgg_accelerator_mux_164_8_1_1
vgg_accelerator_flow_control_loop_pipe_sequential_init
vgg_accelerator_mul_8s_5s_12_1_1
vgg_accelerator_layer_block_16_32_16_Pipeline_VITIS_LOOP_71_8_conv2_weights_ROM_AUTO_1R
vgg_accelerator_flow_control_loop_pipe_sequential_init
vgg_accelerator_layer_block_16_32_16_s_void_layer_block_stream_stream_signed_char_const_16_3_tde
vgg_accelerator_layer_block_16_32_16_s_conv2_bias_ROM_AUTO_1R
vgg_accelerator_max_pool_32_16_s_void_max_pool_stream_stream_ap_fixed_8_4_0_0_0_0_pool_buff_1vdy
vgg_accelerator_max_pool_32_16_s_p_ZZ8max_poolILi32ELi16EEvRN3hls6streamI8ap_fixedILi8ELi4EL9Zio
vgg_accelerator_flow_control_loop_pipe
vgg_accelerator_flow_control_loop_pipe_sequential_init
vgg_accelerator_mux_325_8_1_1
vgg_accelerator_flow_control_loop_pipe_sequential_init
vgg_accelerator_layer_block_32_64_8_Pipeline_VITIS_LOOP_71_8_conv3_weights_ROM_AUTO_1R
vgg_accelerator_flow_control_loop_pipe_sequential_init
vgg_accelerator_layer_block_32_64_8_s_void_layer_block_stream_stream_signed_char_const_32_3_31iI
vgg_accelerator_layer_block_32_64_8_s_conv3_bias_ROM_AUTO_1R
vgg_accelerator_max_pool_64_8_s_void_max_pool_stream_stream_ap_fixed_8_4_0_0_0_0_pool_buff_8_3i2
vgg_accelerator_max_pool_64_8_s_p_ZZ8max_poolILi64ELi8EEvRN3hls6streamI8ap_fixedILi8ELi4EL9apb3s
vgg_accelerator_flow_control_loop_pipe
vgg_accelerator_flow_control_loop_pipe_sequential_init
vgg_accelerator_dense_layer_Pipeline_VITIS_LOOP_146_3_dense_weights_ROM_AUTO_1R
vgg_accelerator_flow_control_loop_pipe_sequential_init
vgg_accelerator_dense_layer_dense_bias_ROM_AUTO_1R
vgg_accelerator_dense_layer_flat_img_V_RAM_AUTO_1R1W
vgg_accelerator_regslice_both
vgg_accelerator_regslice_both
vgg_accelerator_regslice_both
vgg_accelerator_regslice_both
vgg_accelerator_fifo_w8_d128_S
vgg_accelerator_fifo_w8_d128_S
vgg_accelerator_fifo_w8_d128_S
vgg_accelerator_fifo_w8_d64_S
vgg_accelerator_fifo_w8_d64_S
vgg_accelerator_fifo_w8_d64_S
vgg_accelerator_fifo_w8_d64_S
vgg_accelerator_start_for_layer_block_1_16_32_U0
vgg_accelerator_start_for_max_pool_16_32_U0
vgg_accelerator_start_for_layer_block_16_32_16_U0
vgg_accelerator_start_for_max_pool_32_16_U0
vgg_accelerator_start_for_layer_block_32_64_8_U0
vgg_accelerator_start_for_max_pool_64_8_U0
vgg_accelerator_start_for_dense_layer_U0
vgg_accelerator_CTRL_BUS_s_axi
input_adapter
layer_block_1_16_32_Pipeline_VITIS_LOOP_32_2_VITIS_LOOP_33_3
layer_block_1_16_32_Pipeline_VITIS_LOOP_36_4_VITIS_LOOP_37_5
layer_block_1_16_32_s
max_pool_16_32_s
layer_block_16_32_16_Pipeline_VITIS_LOOP_31_1_VITIS_LOOP_32_2_VITIS_LOOP_33_3
layer_block_16_32_16_Pipeline_VITIS_LOOP_40_6
layer_block_16_32_16_Pipeline_VITIS_LOOP_71_8
layer_block_16_32_16_s
max_val
max_pool_32_16_s
layer_block_32_64_8_Pipeline_VITIS_LOOP_31_1_VITIS_LOOP_32_2_VITIS_LOOP_33_3
layer_block_32_64_8_Pipeline_VITIS_LOOP_40_6
layer_block_32_64_8_Pipeline_VITIS_LOOP_71_8
layer_block_32_64_8_s
max_pool_64_8_s
dense_layer_Pipeline_VITIS_LOOP_135_1
dense_layer_Pipeline_VITIS_LOOP_146_3
dense_layer
vgg_accelerator
' expOnly='0'
Execute       source D:/University/Junior/HLS/VGG_Accelerator/hls/vgg_accelerator/solution1/.autopilot/db/global.setting.tcl 
Execute       ap_part_info -name xczu5eg-sfvc784-1-e -data names -quiet 
Execute       ap_part_info -name xczu5eg-sfvc784-1-e -data info -quiet 
Execute       source D:/University/Junior/HLS/VGG_Accelerator/hls/vgg_accelerator/solution1/.autopilot/db/global.setting.tcl 
Execute       source D:/University/Junior/HLS/VGG_Accelerator/hls/vgg_accelerator/solution1/.autopilot/db/global.setting.tcl 
Execute       source D:/University/Junior/HLS/VGG_Accelerator/hls/vgg_accelerator/solution1/.autopilot/db/input_adapter.compgen.tcl 
Command       ap_source done; 0.112 sec.
Execute       source D:/University/Junior/HLS/VGG_Accelerator/hls/vgg_accelerator/solution1/.autopilot/db/layer_block_1_16_32_Pipeline_VITIS_LOOP_32_2_VITIS_LOOP_33_3.compgen.tcl 
Execute       source D:/University/Junior/HLS/VGG_Accelerator/hls/vgg_accelerator/solution1/.autopilot/db/layer_block_1_16_32_Pipeline_VITIS_LOOP_36_4_VITIS_LOOP_37_5.compgen.tcl 
Execute       source D:/University/Junior/HLS/VGG_Accelerator/hls/vgg_accelerator/solution1/.autopilot/db/layer_block_1_16_32_s.compgen.tcl 
Execute       source D:/University/Junior/HLS/VGG_Accelerator/hls/vgg_accelerator/solution1/.autopilot/db/max_pool_16_32_s.compgen.tcl 
Execute       source D:/University/Junior/HLS/VGG_Accelerator/hls/vgg_accelerator/solution1/.autopilot/db/layer_block_16_32_16_Pipeline_VITIS_LOOP_31_1_VITIS_LOOP_32_2_VITIS_LOOP_33_3.compgen.tcl 
Execute       source D:/University/Junior/HLS/VGG_Accelerator/hls/vgg_accelerator/solution1/.autopilot/db/layer_block_16_32_16_Pipeline_VITIS_LOOP_40_6.compgen.tcl 
Execute         ap_part_info -name xczu5eg-sfvc784-1-e -data names -quiet 
Execute         ap_part_info -name xczu5eg-sfvc784-1-e -data info -quiet 
Execute       source D:/University/Junior/HLS/VGG_Accelerator/hls/vgg_accelerator/solution1/.autopilot/db/layer_block_16_32_16_Pipeline_VITIS_LOOP_71_8.compgen.tcl 
Execute       source D:/University/Junior/HLS/VGG_Accelerator/hls/vgg_accelerator/solution1/.autopilot/db/layer_block_16_32_16_s.compgen.tcl 
Execute       source D:/University/Junior/HLS/VGG_Accelerator/hls/vgg_accelerator/solution1/.autopilot/db/max_val.compgen.tcl 
Execute       source D:/University/Junior/HLS/VGG_Accelerator/hls/vgg_accelerator/solution1/.autopilot/db/max_pool_32_16_s.compgen.tcl 
Execute       source D:/University/Junior/HLS/VGG_Accelerator/hls/vgg_accelerator/solution1/.autopilot/db/layer_block_32_64_8_Pipeline_VITIS_LOOP_31_1_VITIS_LOOP_32_2_VITIS_LOOP_33_3.compgen.tcl 
Execute       source D:/University/Junior/HLS/VGG_Accelerator/hls/vgg_accelerator/solution1/.autopilot/db/layer_block_32_64_8_Pipeline_VITIS_LOOP_40_6.compgen.tcl 
Execute         ap_part_info -name xczu5eg-sfvc784-1-e -data names -quiet 
Execute         ap_part_info -name xczu5eg-sfvc784-1-e -data info -quiet 
Execute       source D:/University/Junior/HLS/VGG_Accelerator/hls/vgg_accelerator/solution1/.autopilot/db/layer_block_32_64_8_Pipeline_VITIS_LOOP_71_8.compgen.tcl 
Execute       source D:/University/Junior/HLS/VGG_Accelerator/hls/vgg_accelerator/solution1/.autopilot/db/layer_block_32_64_8_s.compgen.tcl 
Execute       source D:/University/Junior/HLS/VGG_Accelerator/hls/vgg_accelerator/solution1/.autopilot/db/max_pool_64_8_s.compgen.tcl 
Execute       source D:/University/Junior/HLS/VGG_Accelerator/hls/vgg_accelerator/solution1/.autopilot/db/dense_layer_Pipeline_VITIS_LOOP_135_1.compgen.tcl 
Execute       source D:/University/Junior/HLS/VGG_Accelerator/hls/vgg_accelerator/solution1/.autopilot/db/dense_layer_Pipeline_VITIS_LOOP_146_3.compgen.tcl 
Execute       source D:/University/Junior/HLS/VGG_Accelerator/hls/vgg_accelerator/solution1/.autopilot/db/dense_layer.compgen.tcl 
Execute       source D:/University/Junior/HLS/VGG_Accelerator/hls/vgg_accelerator/solution1/.autopilot/db/vgg_accelerator.compgen.tcl 
Execute         source ./CTRL_BUS.slave.tcl 
INFO: [HLS 200-111] Finished Generating all RTL models: CPU user time: 5 seconds. CPU system time: 0 seconds. Elapsed time: 6.003 seconds; current allocated memory: 829.332 MB.
INFO-FLOW: DBG:PROC: ::HLSREPORTS::create_csynth_xml bind_info_var='bind_info' RtlSubPrefix='vgg_accelerator_' outfile=''
INFO-FLOW: Running: create_csynth_xml read xml data
INFO-FLOW: Done: create_csynth_xml read xml data time: 0 seconds per iteration
INFO-FLOW: Running: create_csynth_xml bind info
INFO-FLOW: No bind nodes found for module_name max_val
INFO-FLOW: No bind nodes found for module_name vgg_accelerator
INFO-FLOW: Done: create_csynth_xml bind info time: 0.1 seconds per iteration
INFO-FLOW: Running: create_csynth_xml config info
INFO-FLOW: Done: create_csynth_xml config info time: 0.1 seconds per iteration
INFO-FLOW: Running: create_csynth_xml write xml
INFO-FLOW: Done: create_csynth_xml write xml time: 0 seconds per iteration
INFO-FLOW: DBG:PUTS:      create_csynth_xml wrote csynth_xml=D:/University/Junior/HLS/VGG_Accelerator/hls/vgg_accelerator/solution1/syn/report/csynth.xml
INFO-FLOW: DBG:PROC: ::AP::DESIGN_DATA::generate_json generate_bd_files='0' generate_xo_files='0' modelList='vgg_accelerator_regslice_both
vgg_accelerator_regslice_both
vgg_accelerator_regslice_both
vgg_accelerator_regslice_both
vgg_accelerator_flow_control_loop_pipe
vgg_accelerator_flow_control_loop_pipe_sequential_init
vgg_accelerator_flow_control_loop_pipe_sequential_init
vgg_accelerator_layer_block_1_16_32_s_void_layer_block_stream_stream_signed_char_const_1_3_3_bkb
vgg_accelerator_max_pool_16_32_s_void_max_pool_stream_stream_ap_fixed_8_4_0_0_0_0_pool_buff_2dEe
vgg_accelerator_flow_control_loop_pipe
vgg_accelerator_flow_control_loop_pipe_sequential_init
vgg_accelerator_mux_164_8_1_1
vgg_accelerator_flow_control_loop_pipe_sequential_init
vgg_accelerator_mul_8s_5s_12_1_1
vgg_accelerator_layer_block_16_32_16_Pipeline_VITIS_LOOP_71_8_conv2_weights_ROM_AUTO_1R
vgg_accelerator_flow_control_loop_pipe_sequential_init
vgg_accelerator_layer_block_16_32_16_s_void_layer_block_stream_stream_signed_char_const_16_3_tde
vgg_accelerator_layer_block_16_32_16_s_conv2_bias_ROM_AUTO_1R
vgg_accelerator_max_pool_32_16_s_void_max_pool_stream_stream_ap_fixed_8_4_0_0_0_0_pool_buff_1vdy
vgg_accelerator_max_pool_32_16_s_p_ZZ8max_poolILi32ELi16EEvRN3hls6streamI8ap_fixedILi8ELi4EL9Zio
vgg_accelerator_flow_control_loop_pipe
vgg_accelerator_flow_control_loop_pipe_sequential_init
vgg_accelerator_mux_325_8_1_1
vgg_accelerator_flow_control_loop_pipe_sequential_init
vgg_accelerator_layer_block_32_64_8_Pipeline_VITIS_LOOP_71_8_conv3_weights_ROM_AUTO_1R
vgg_accelerator_flow_control_loop_pipe_sequential_init
vgg_accelerator_layer_block_32_64_8_s_void_layer_block_stream_stream_signed_char_const_32_3_31iI
vgg_accelerator_layer_block_32_64_8_s_conv3_bias_ROM_AUTO_1R
vgg_accelerator_max_pool_64_8_s_void_max_pool_stream_stream_ap_fixed_8_4_0_0_0_0_pool_buff_8_3i2
vgg_accelerator_max_pool_64_8_s_p_ZZ8max_poolILi64ELi8EEvRN3hls6streamI8ap_fixedILi8ELi4EL9apb3s
vgg_accelerator_flow_control_loop_pipe
vgg_accelerator_flow_control_loop_pipe_sequential_init
vgg_accelerator_dense_layer_Pipeline_VITIS_LOOP_146_3_dense_weights_ROM_AUTO_1R
vgg_accelerator_flow_control_loop_pipe_sequential_init
vgg_accelerator_dense_layer_dense_bias_ROM_AUTO_1R
vgg_accelerator_dense_layer_flat_img_V_RAM_AUTO_1R1W
vgg_accelerator_regslice_both
vgg_accelerator_regslice_both
vgg_accelerator_regslice_both
vgg_accelerator_regslice_both
vgg_accelerator_fifo_w8_d128_S
vgg_accelerator_fifo_w8_d128_S
vgg_accelerator_fifo_w8_d128_S
vgg_accelerator_fifo_w8_d64_S
vgg_accelerator_fifo_w8_d64_S
vgg_accelerator_fifo_w8_d64_S
vgg_accelerator_fifo_w8_d64_S
vgg_accelerator_start_for_layer_block_1_16_32_U0
vgg_accelerator_start_for_max_pool_16_32_U0
vgg_accelerator_start_for_layer_block_16_32_16_U0
vgg_accelerator_start_for_max_pool_32_16_U0
vgg_accelerator_start_for_layer_block_32_64_8_U0
vgg_accelerator_start_for_max_pool_64_8_U0
vgg_accelerator_start_for_dense_layer_U0
vgg_accelerator_CTRL_BUS_s_axi
input_adapter
layer_block_1_16_32_Pipeline_VITIS_LOOP_32_2_VITIS_LOOP_33_3
layer_block_1_16_32_Pipeline_VITIS_LOOP_36_4_VITIS_LOOP_37_5
layer_block_1_16_32_s
max_pool_16_32_s
layer_block_16_32_16_Pipeline_VITIS_LOOP_31_1_VITIS_LOOP_32_2_VITIS_LOOP_33_3
layer_block_16_32_16_Pipeline_VITIS_LOOP_40_6
layer_block_16_32_16_Pipeline_VITIS_LOOP_71_8
layer_block_16_32_16_s
max_val
max_pool_32_16_s
layer_block_32_64_8_Pipeline_VITIS_LOOP_31_1_VITIS_LOOP_32_2_VITIS_LOOP_33_3
layer_block_32_64_8_Pipeline_VITIS_LOOP_40_6
layer_block_32_64_8_Pipeline_VITIS_LOOP_71_8
layer_block_32_64_8_s
max_pool_64_8_s
dense_layer_Pipeline_VITIS_LOOP_135_1
dense_layer_Pipeline_VITIS_LOOP_146_3
dense_layer
vgg_accelerator
' rtl_lang='both' bootstrap_tcl='false' outdir='' outfilename=''
Execute       source D:/University/Junior/HLS/VGG_Accelerator/hls/vgg_accelerator/solution1/.autopilot/db/global.setting.tcl 
Execute       source D:/University/Junior/HLS/VGG_Accelerator/hls/vgg_accelerator/solution1/.autopilot/db/global.setting.tcl 
Execute       source D:/University/Junior/HLS/VGG_Accelerator/hls/vgg_accelerator/solution1/.autopilot/db/top-io-be.tcl 
Execute       source D:/University/Junior/HLS/VGG_Accelerator/hls/vgg_accelerator/solution1/.autopilot/db/vgg_accelerator.tbgen.tcl 
Execute       source D:/University/Junior/HLS/VGG_Accelerator/hls/vgg_accelerator/solution1/.autopilot/db/vgg_accelerator.compgen.dataonly.tcl 
Execute       source D:/University/Junior/HLS/VGG_Accelerator/hls/vgg_accelerator/solution1/.autopilot/db/vgg_accelerator.compgen.dataonly.tcl 
Execute       source D:/University/Junior/HLS/VGG_Accelerator/hls/vgg_accelerator/solution1/.autopilot/db/vgg_accelerator.rtl_wrap.cfg.tcl 
Execute       source D:/University/Junior/HLS/VGG_Accelerator/hls/vgg_accelerator/solution1/.autopilot/db/vgg_accelerator.compgen.dataonly.tcl 
Execute       source D:/University/Junior/HLS/VGG_Accelerator/hls/vgg_accelerator/solution1/.autopilot/db/input_adapter.tbgen.tcl 
Execute       source D:/University/Junior/HLS/VGG_Accelerator/hls/vgg_accelerator/solution1/.autopilot/db/layer_block_1_16_32_Pipeline_VITIS_LOOP_32_2_VITIS_LOOP_33_3.tbgen.tcl 
Execute       source D:/University/Junior/HLS/VGG_Accelerator/hls/vgg_accelerator/solution1/.autopilot/db/layer_block_1_16_32_Pipeline_VITIS_LOOP_36_4_VITIS_LOOP_37_5.tbgen.tcl 
Execute       source D:/University/Junior/HLS/VGG_Accelerator/hls/vgg_accelerator/solution1/.autopilot/db/layer_block_1_16_32_s.tbgen.tcl 
Execute       source D:/University/Junior/HLS/VGG_Accelerator/hls/vgg_accelerator/solution1/.autopilot/db/max_pool_16_32_s.tbgen.tcl 
Execute       source D:/University/Junior/HLS/VGG_Accelerator/hls/vgg_accelerator/solution1/.autopilot/db/layer_block_16_32_16_Pipeline_VITIS_LOOP_31_1_VITIS_LOOP_32_2_VITIS_LOOP_33_3.tbgen.tcl 
Execute       source D:/University/Junior/HLS/VGG_Accelerator/hls/vgg_accelerator/solution1/.autopilot/db/layer_block_16_32_16_Pipeline_VITIS_LOOP_40_6.tbgen.tcl 
Execute       source D:/University/Junior/HLS/VGG_Accelerator/hls/vgg_accelerator/solution1/.autopilot/db/layer_block_16_32_16_Pipeline_VITIS_LOOP_71_8.tbgen.tcl 
Execute       source D:/University/Junior/HLS/VGG_Accelerator/hls/vgg_accelerator/solution1/.autopilot/db/layer_block_16_32_16_s.tbgen.tcl 
Execute       source D:/University/Junior/HLS/VGG_Accelerator/hls/vgg_accelerator/solution1/.autopilot/db/max_val.tbgen.tcl 
Execute       source D:/University/Junior/HLS/VGG_Accelerator/hls/vgg_accelerator/solution1/.autopilot/db/max_pool_32_16_s.tbgen.tcl 
Execute       source D:/University/Junior/HLS/VGG_Accelerator/hls/vgg_accelerator/solution1/.autopilot/db/layer_block_32_64_8_Pipeline_VITIS_LOOP_31_1_VITIS_LOOP_32_2_VITIS_LOOP_33_3.tbgen.tcl 
Execute       source D:/University/Junior/HLS/VGG_Accelerator/hls/vgg_accelerator/solution1/.autopilot/db/layer_block_32_64_8_Pipeline_VITIS_LOOP_40_6.tbgen.tcl 
Execute       source D:/University/Junior/HLS/VGG_Accelerator/hls/vgg_accelerator/solution1/.autopilot/db/layer_block_32_64_8_Pipeline_VITIS_LOOP_71_8.tbgen.tcl 
Execute       source D:/University/Junior/HLS/VGG_Accelerator/hls/vgg_accelerator/solution1/.autopilot/db/layer_block_32_64_8_s.tbgen.tcl 
Execute       source D:/University/Junior/HLS/VGG_Accelerator/hls/vgg_accelerator/solution1/.autopilot/db/max_pool_64_8_s.tbgen.tcl 
Execute       source D:/University/Junior/HLS/VGG_Accelerator/hls/vgg_accelerator/solution1/.autopilot/db/dense_layer_Pipeline_VITIS_LOOP_135_1.tbgen.tcl 
Execute       source D:/University/Junior/HLS/VGG_Accelerator/hls/vgg_accelerator/solution1/.autopilot/db/dense_layer_Pipeline_VITIS_LOOP_146_3.tbgen.tcl 
Execute       source D:/University/Junior/HLS/VGG_Accelerator/hls/vgg_accelerator/solution1/.autopilot/db/dense_layer.tbgen.tcl 
Execute       source D:/University/Junior/HLS/VGG_Accelerator/hls/vgg_accelerator/solution1/.autopilot/db/vgg_accelerator.tbgen.tcl 
Execute       source D:/University/Junior/HLS/VGG_Accelerator/hls/vgg_accelerator/solution1/.autopilot/db/global.setting.tcl 
Execute       ap_part_info -name xczu5eg-sfvc784-1-e -data names -quiet 
Execute       ap_part_info -name xczu5eg-sfvc784-1-e -data info -quiet 
Execute       source D:/University/Junior/HLS/VGG_Accelerator/hls/vgg_accelerator/solution1/.autopilot/db/vgg_accelerator.constraint.tcl 
Execute       sc_get_clocks vgg_accelerator 
Execute       source D:/University/Junior/HLS/VGG_Accelerator/hls/vgg_accelerator/solution1/.autopilot/db/global.setting.tcl 
INFO-FLOW: DBG:PROC: ::HLSREPORTS::add_csynth_report_sections bind_info_dict='adapter_nodes {{BINDTYPE adapter DISPLAY {bind_adapter axilite} ID {} IMPL {} LATENCY {} OPTYPE {} PRAGMA yes RTLNAME CTRL_BUS_s_axi_U SOURCE {} VARIABLE {} MODULE vgg_accelerator LOOP {} BUNDLEDNAME CTRL_BUS DSP 0 BRAM 0 URAM 0}} report_dict {TOPINST vgg_accelerator MODULE2INSTS {vgg_accelerator vgg_accelerator input_adapter input_adapter_U0 layer_block_1_16_32_s layer_block_1_16_32_U0 layer_block_1_16_32_Pipeline_VITIS_LOOP_32_2_VITIS_LOOP_33_3 grp_layer_block_1_16_32_Pipeline_VITIS_LOOP_32_2_VITIS_LOOP_33_3_fu_24 layer_block_1_16_32_Pipeline_VITIS_LOOP_36_4_VITIS_LOOP_37_5 grp_layer_block_1_16_32_Pipeline_VITIS_LOOP_36_4_VITIS_LOOP_37_5_fu_32 max_pool_16_32_s max_pool_16_32_U0 layer_block_16_32_16_s layer_block_16_32_16_U0 layer_block_16_32_16_Pipeline_VITIS_LOOP_31_1_VITIS_LOOP_32_2_VITIS_LOOP_33_3 grp_layer_block_16_32_16_Pipeline_VITIS_LOOP_31_1_VITIS_LOOP_32_2_VITIS_LOOP_33_3_fu_1264 layer_block_16_32_16_Pipeline_VITIS_LOOP_40_6 grp_layer_block_16_32_16_Pipeline_VITIS_LOOP_40_6_fu_1272 layer_block_16_32_16_Pipeline_VITIS_LOOP_71_8 grp_layer_block_16_32_16_Pipeline_VITIS_LOOP_71_8_fu_1571 max_pool_32_16_s max_pool_32_16_U0 max_val {grp_max_val_fu_1655 grp_max_val_fu_1662 grp_max_val_fu_1669 grp_max_val_fu_3255 grp_max_val_fu_3262 grp_max_val_fu_3269} layer_block_32_64_8_s layer_block_32_64_8_U0 layer_block_32_64_8_Pipeline_VITIS_LOOP_31_1_VITIS_LOOP_32_2_VITIS_LOOP_33_3 grp_layer_block_32_64_8_Pipeline_VITIS_LOOP_31_1_VITIS_LOOP_32_2_VITIS_LOOP_33_3_fu_2408 layer_block_32_64_8_Pipeline_VITIS_LOOP_40_6 grp_layer_block_32_64_8_Pipeline_VITIS_LOOP_40_6_fu_2416 layer_block_32_64_8_Pipeline_VITIS_LOOP_71_8 grp_layer_block_32_64_8_Pipeline_VITIS_LOOP_71_8_fu_3003 max_pool_64_8_s max_pool_64_8_U0 dense_layer dense_layer_U0 dense_layer_Pipeline_VITIS_LOOP_135_1 grp_dense_layer_Pipeline_VITIS_LOOP_135_1_fu_89 dense_layer_Pipeline_VITIS_LOOP_146_3 grp_dense_layer_Pipeline_VITIS_LOOP_146_3_fu_97} INST2MODULE {vgg_accelerator vgg_accelerator input_adapter_U0 input_adapter layer_block_1_16_32_U0 layer_block_1_16_32_s grp_layer_block_1_16_32_Pipeline_VITIS_LOOP_32_2_VITIS_LOOP_33_3_fu_24 layer_block_1_16_32_Pipeline_VITIS_LOOP_32_2_VITIS_LOOP_33_3 grp_layer_block_1_16_32_Pipeline_VITIS_LOOP_36_4_VITIS_LOOP_37_5_fu_32 layer_block_1_16_32_Pipeline_VITIS_LOOP_36_4_VITIS_LOOP_37_5 max_pool_16_32_U0 max_pool_16_32_s layer_block_16_32_16_U0 layer_block_16_32_16_s grp_layer_block_16_32_16_Pipeline_VITIS_LOOP_31_1_VITIS_LOOP_32_2_VITIS_LOOP_33_3_fu_1264 layer_block_16_32_16_Pipeline_VITIS_LOOP_31_1_VITIS_LOOP_32_2_VITIS_LOOP_33_3 grp_layer_block_16_32_16_Pipeline_VITIS_LOOP_40_6_fu_1272 layer_block_16_32_16_Pipeline_VITIS_LOOP_40_6 grp_layer_block_16_32_16_Pipeline_VITIS_LOOP_71_8_fu_1571 layer_block_16_32_16_Pipeline_VITIS_LOOP_71_8 max_pool_32_16_U0 max_pool_32_16_s grp_max_val_fu_1655 max_val grp_max_val_fu_1662 max_val grp_max_val_fu_1669 max_val layer_block_32_64_8_U0 layer_block_32_64_8_s grp_layer_block_32_64_8_Pipeline_VITIS_LOOP_31_1_VITIS_LOOP_32_2_VITIS_LOOP_33_3_fu_2408 layer_block_32_64_8_Pipeline_VITIS_LOOP_31_1_VITIS_LOOP_32_2_VITIS_LOOP_33_3 grp_layer_block_32_64_8_Pipeline_VITIS_LOOP_40_6_fu_2416 layer_block_32_64_8_Pipeline_VITIS_LOOP_40_6 grp_layer_block_32_64_8_Pipeline_VITIS_LOOP_71_8_fu_3003 layer_block_32_64_8_Pipeline_VITIS_LOOP_71_8 max_pool_64_8_U0 max_pool_64_8_s grp_max_val_fu_3255 max_val grp_max_val_fu_3262 max_val grp_max_val_fu_3269 max_val dense_layer_U0 dense_layer grp_dense_layer_Pipeline_VITIS_LOOP_135_1_fu_89 dense_layer_Pipeline_VITIS_LOOP_135_1 grp_dense_layer_Pipeline_VITIS_LOOP_146_3_fu_97 dense_layer_Pipeline_VITIS_LOOP_146_3} INSTDATA {vgg_accelerator {DEPTH 1 CHILDREN {input_adapter_U0 layer_block_1_16_32_U0 max_pool_16_32_U0 layer_block_16_32_16_U0 max_pool_32_16_U0 layer_block_32_64_8_U0 max_pool_64_8_U0 dense_layer_U0}} input_adapter_U0 {DEPTH 2 CHILDREN {}} layer_block_1_16_32_U0 {DEPTH 2 CHILDREN {grp_layer_block_1_16_32_Pipeline_VITIS_LOOP_32_2_VITIS_LOOP_33_3_fu_24 grp_layer_block_1_16_32_Pipeline_VITIS_LOOP_36_4_VITIS_LOOP_37_5_fu_32}} grp_layer_block_1_16_32_Pipeline_VITIS_LOOP_32_2_VITIS_LOOP_33_3_fu_24 {DEPTH 3 CHILDREN {}} grp_layer_block_1_16_32_Pipeline_VITIS_LOOP_36_4_VITIS_LOOP_37_5_fu_32 {DEPTH 3 CHILDREN {}} max_pool_16_32_U0 {DEPTH 2 CHILDREN {}} layer_block_16_32_16_U0 {DEPTH 2 CHILDREN {grp_layer_block_16_32_16_Pipeline_VITIS_LOOP_31_1_VITIS_LOOP_32_2_VITIS_LOOP_33_3_fu_1264 grp_layer_block_16_32_16_Pipeline_VITIS_LOOP_40_6_fu_1272 grp_layer_block_16_32_16_Pipeline_VITIS_LOOP_71_8_fu_1571}} grp_layer_block_16_32_16_Pipeline_VITIS_LOOP_31_1_VITIS_LOOP_32_2_VITIS_LOOP_33_3_fu_1264 {DEPTH 3 CHILDREN {}} grp_layer_block_16_32_16_Pipeline_VITIS_LOOP_40_6_fu_1272 {DEPTH 3 CHILDREN {}} grp_layer_block_16_32_16_Pipeline_VITIS_LOOP_71_8_fu_1571 {DEPTH 3 CHILDREN {}} max_pool_32_16_U0 {DEPTH 2 CHILDREN {grp_max_val_fu_1655 grp_max_val_fu_1662 grp_max_val_fu_1669}} grp_max_val_fu_1655 {DEPTH 3 CHILDREN {}} grp_max_val_fu_1662 {DEPTH 3 CHILDREN {}} grp_max_val_fu_1669 {DEPTH 3 CHILDREN {}} layer_block_32_64_8_U0 {DEPTH 2 CHILDREN {grp_layer_block_32_64_8_Pipeline_VITIS_LOOP_31_1_VITIS_LOOP_32_2_VITIS_LOOP_33_3_fu_2408 grp_layer_block_32_64_8_Pipeline_VITIS_LOOP_40_6_fu_2416 grp_layer_block_32_64_8_Pipeline_VITIS_LOOP_71_8_fu_3003}} grp_layer_block_32_64_8_Pipeline_VITIS_LOOP_31_1_VITIS_LOOP_32_2_VITIS_LOOP_33_3_fu_2408 {DEPTH 3 CHILDREN {}} grp_layer_block_32_64_8_Pipeline_VITIS_LOOP_40_6_fu_2416 {DEPTH 3 CHILDREN {}} grp_layer_block_32_64_8_Pipeline_VITIS_LOOP_71_8_fu_3003 {DEPTH 3 CHILDREN {}} max_pool_64_8_U0 {DEPTH 2 CHILDREN {grp_max_val_fu_3255 grp_max_val_fu_3262 grp_max_val_fu_3269}} grp_max_val_fu_3255 {DEPTH 3 CHILDREN {}} grp_max_val_fu_3262 {DEPTH 3 CHILDREN {}} grp_max_val_fu_3269 {DEPTH 3 CHILDREN {}} dense_layer_U0 {DEPTH 2 CHILDREN {grp_dense_layer_Pipeline_VITIS_LOOP_135_1_fu_89 grp_dense_layer_Pipeline_VITIS_LOOP_146_3_fu_97}} grp_dense_layer_Pipeline_VITIS_LOOP_135_1_fu_89 {DEPTH 3 CHILDREN {}} grp_dense_layer_Pipeline_VITIS_LOOP_146_3_fu_97 {DEPTH 3 CHILDREN {}}} MODULEDATA {input_adapter {BINDINFO {{BINDTYPE op ID {} IMPL fabric LATENCY 0 OPTYPE add PRAGMA {} RTLNAME i_2_fu_97_p2 SOURCE vgg_accelerator.cpp:167 VARIABLE i_2 LOOP VITIS_LOOP_167_1 BUNDLEDNAME {} DSP 0 BRAM 0 URAM 0 DISPNAME {bind_op add}} {BINDTYPE op ID {} IMPL fabric LATENCY 0 OPTYPE add PRAGMA {} RTLNAME rounded_fu_111_p2 SOURCE vgg_accelerator.cpp:172 VARIABLE rounded LOOP VITIS_LOOP_167_1 BUNDLEDNAME {} DSP 0 BRAM 0 URAM 0 DISPNAME {bind_op add}}} AREA {DSP 0 BRAM 0 URAM 0}} layer_block_1_16_32_Pipeline_VITIS_LOOP_32_2_VITIS_LOOP_33_3 {BINDINFO {{BINDTYPE op ID {} IMPL fabric LATENCY 0 OPTYPE add PRAGMA {} RTLNAME add_ln32_3_fu_108_p2 SOURCE vgg_accelerator.cpp:32 VARIABLE add_ln32_3 LOOP VITIS_LOOP_32_2_VITIS_LOOP_33_3 BUNDLEDNAME {} DSP 0 BRAM 0 URAM 0 DISPNAME {bind_op add}} {BINDTYPE op ID {} IMPL fabric LATENCY 0 OPTYPE add PRAGMA {} RTLNAME add_ln32_fu_120_p2 SOURCE vgg_accelerator.cpp:32 VARIABLE add_ln32 LOOP VITIS_LOOP_32_2_VITIS_LOOP_33_3 BUNDLEDNAME {} DSP 0 BRAM 0 URAM 0 DISPNAME {bind_op add}} {BINDTYPE op ID {} IMPL fabric LATENCY 0 OPTYPE add PRAGMA {} RTLNAME add_ln33_fu_158_p2 SOURCE vgg_accelerator.cpp:33 VARIABLE add_ln33 LOOP VITIS_LOOP_32_2_VITIS_LOOP_33_3 BUNDLEDNAME {} DSP 0 BRAM 0 URAM 0 DISPNAME {bind_op add}}} AREA {DSP 0 BRAM 0 URAM 0}} layer_block_1_16_32_Pipeline_VITIS_LOOP_36_4_VITIS_LOOP_37_5 {BINDINFO {{BINDTYPE op ID {} IMPL fabric LATENCY 0 OPTYPE add PRAGMA {} RTLNAME add_ln36_fu_244_p2 SOURCE vgg_accelerator.cpp:36 VARIABLE add_ln36 LOOP VITIS_LOOP_36_4_VITIS_LOOP_37_5 BUNDLEDNAME {} DSP 0 BRAM 0 URAM 0 DISPNAME {bind_op add}} {BINDTYPE op ID {} IMPL fabric LATENCY 0 OPTYPE add PRAGMA {} RTLNAME add_ln1347_fu_343_p2 SOURCE {C:/Xilinx/Vitis_HLS/2022.2/common/technology/autopilot\ap_fixed_base.h:1347} VARIABLE add_ln1347 LOOP VITIS_LOOP_36_4_VITIS_LOOP_37_5 BUNDLEDNAME {} DSP 0 BRAM 0 URAM 0 DISPNAME {bind_op add}} {BINDTYPE op ID {} IMPL fabric LATENCY 0 OPTYPE add PRAGMA {} RTLNAME add_ln1347_3_fu_839_p2 SOURCE {C:/Xilinx/Vitis_HLS/2022.2/common/technology/autopilot\ap_fixed_base.h:1347} VARIABLE add_ln1347_3 LOOP VITIS_LOOP_36_4_VITIS_LOOP_37_5 BUNDLEDNAME {} DSP 0 BRAM 0 URAM 0 DISPNAME {bind_op add}} {BINDTYPE op ID {} IMPL fabric LATENCY 0 OPTYPE add PRAGMA {} RTLNAME add_ln813_fu_853_p2 SOURCE {C:/Xilinx/Vitis_HLS/2022.2/common/technology/autopilot\ap_fixed_base.h:813} VARIABLE add_ln813 LOOP VITIS_LOOP_36_4_VITIS_LOOP_37_5 BUNDLEDNAME {} DSP 0 BRAM 0 URAM 0 DISPNAME {bind_op add}} {BINDTYPE op ID {} IMPL fabric LATENCY 0 OPTYPE add PRAGMA {} RTLNAME add_ln1273_fu_912_p2 SOURCE {C:/Xilinx/Vitis_HLS/2022.2/common/technology/autopilot\ap_fixed_base.h:1273} VARIABLE add_ln1273 LOOP VITIS_LOOP_36_4_VITIS_LOOP_37_5 BUNDLEDNAME {} DSP 0 BRAM 0 URAM 0 DISPNAME {bind_op add}} {BINDTYPE op ID {} IMPL fabric LATENCY 0 OPTYPE add PRAGMA {} RTLNAME add_ln1347_4_fu_938_p2 SOURCE {C:/Xilinx/Vitis_HLS/2022.2/common/technology/autopilot\ap_fixed_base.h:1347} VARIABLE add_ln1347_4 LOOP VITIS_LOOP_36_4_VITIS_LOOP_37_5 BUNDLEDNAME {} DSP 0 BRAM 0 URAM 0 DISPNAME {bind_op add}} {BINDTYPE op ID {} IMPL fabric LATENCY 0 OPTYPE add PRAGMA {} RTLNAME add_ln813_1_fu_952_p2 SOURCE {C:/Xilinx/Vitis_HLS/2022.2/common/technology/autopilot\ap_fixed_base.h:813} VARIABLE add_ln813_1 LOOP VITIS_LOOP_36_4_VITIS_LOOP_37_5 BUNDLEDNAME {} DSP 0 BRAM 0 URAM 0 DISPNAME {bind_op add}} {BINDTYPE op ID {} IMPL fabric LATENCY 0 OPTYPE sub PRAGMA {} RTLNAME sub_ln1273_fu_1012_p2 SOURCE {C:/Xilinx/Vitis_HLS/2022.2/common/technology/autopilot\ap_fixed_base.h:1273} VARIABLE sub_ln1273 LOOP VITIS_LOOP_36_4_VITIS_LOOP_37_5 BUNDLEDNAME {} DSP 0 BRAM 0 URAM 0 DISPNAME {bind_op sub}} {BINDTYPE op ID {} IMPL fabric LATENCY 0 OPTYPE sub PRAGMA {} RTLNAME sub_ln1273_1_fu_1034_p2 SOURCE {C:/Xilinx/Vitis_HLS/2022.2/common/technology/autopilot\ap_fixed_base.h:1273} VARIABLE sub_ln1273_1 LOOP VITIS_LOOP_36_4_VITIS_LOOP_37_5 BUNDLEDNAME {} DSP 0 BRAM 0 URAM 0 DISPNAME {bind_op sub}} {BINDTYPE op ID {} IMPL fabric LATENCY 0 OPTYPE add PRAGMA {} RTLNAME add_ln1347_5_fu_1060_p2 SOURCE {C:/Xilinx/Vitis_HLS/2022.2/common/technology/autopilot\ap_fixed_base.h:1347} VARIABLE add_ln1347_5 LOOP VITIS_LOOP_36_4_VITIS_LOOP_37_5 BUNDLEDNAME {} DSP 0 BRAM 0 URAM 0 DISPNAME {bind_op add}} {BINDTYPE op ID {} IMPL fabric LATENCY 0 OPTYPE add PRAGMA {} RTLNAME add_ln813_2_fu_1074_p2 SOURCE {C:/Xilinx/Vitis_HLS/2022.2/common/technology/autopilot\ap_fixed_base.h:813} VARIABLE add_ln813_2 LOOP VITIS_LOOP_36_4_VITIS_LOOP_37_5 BUNDLEDNAME {} DSP 0 BRAM 0 URAM 0 DISPNAME {bind_op add}} {BINDTYPE op ID {} IMPL fabric LATENCY 0 OPTYPE add PRAGMA {} RTLNAME add_ln1347_6_fu_1178_p2 SOURCE {C:/Xilinx/Vitis_HLS/2022.2/common/technology/autopilot\ap_fixed_base.h:1347} VARIABLE add_ln1347_6 LOOP VITIS_LOOP_36_4_VITIS_LOOP_37_5 BUNDLEDNAME {} DSP 0 BRAM 0 URAM 0 DISPNAME {bind_op add}} {BINDTYPE op ID {} IMPL fabric LATENCY 0 OPTYPE add PRAGMA {} RTLNAME add_ln813_3_fu_1192_p2 SOURCE {C:/Xilinx/Vitis_HLS/2022.2/common/technology/autopilot\ap_fixed_base.h:813} VARIABLE add_ln813_3 LOOP VITIS_LOOP_36_4_VITIS_LOOP_37_5 BUNDLEDNAME {} DSP 0 BRAM 0 URAM 0 DISPNAME {bind_op add}} {BINDTYPE op ID {} IMPL fabric LATENCY 0 OPTYPE sub PRAGMA {} RTLNAME sub_ln1273_4_fu_1217_p2 SOURCE {C:/Xilinx/Vitis_HLS/2022.2/common/technology/autopilot\ap_fixed_base.h:1273} VARIABLE sub_ln1273_4 LOOP VITIS_LOOP_36_4_VITIS_LOOP_37_5 BUNDLEDNAME {} DSP 0 BRAM 0 URAM 0 DISPNAME {bind_op sub}} {BINDTYPE op ID {} IMPL fabric LATENCY 0 OPTYPE add PRAGMA {} RTLNAME add_ln1347_7_fu_5331_p2 SOURCE {C:/Xilinx/Vitis_HLS/2022.2/common/technology/autopilot\ap_fixed_base.h:1347} VARIABLE add_ln1347_7 LOOP VITIS_LOOP_36_4_VITIS_LOOP_37_5 BUNDLEDNAME {} DSP 0 BRAM 0 URAM 0 DISPNAME {bind_op add}} {BINDTYPE op ID {} IMPL fabric LATENCY 0 OPTYPE add PRAGMA {} RTLNAME add_ln813_4_fu_5345_p2 SOURCE {C:/Xilinx/Vitis_HLS/2022.2/common/technology/autopilot\ap_fixed_base.h:813} VARIABLE add_ln813_4 LOOP VITIS_LOOP_36_4_VITIS_LOOP_37_5 BUNDLEDNAME {} DSP 0 BRAM 0 URAM 0 DISPNAME {bind_op add}} {BINDTYPE op ID {} IMPL fabric LATENCY 0 OPTYPE add PRAGMA {} RTLNAME add_ln377_fu_5449_p2 SOURCE {C:/Xilinx/Vitis_HLS/2022.2/common/technology/autopilot\ap_fixed_base.h:377} VARIABLE add_ln377 LOOP VITIS_LOOP_36_4_VITIS_LOOP_37_5 BUNDLEDNAME {} DSP 0 BRAM 0 URAM 0 DISPNAME {bind_op add}} {BINDTYPE op ID {} IMPL fabric LATENCY 0 OPTYPE add PRAGMA {} RTLNAME add_ln856_fu_5455_p2 SOURCE {C:/Xilinx/Vitis_HLS/2022.2/common/technology/autopilot\ap_fixed_base.h:856} VARIABLE add_ln856 LOOP VITIS_LOOP_36_4_VITIS_LOOP_37_5 BUNDLEDNAME {} DSP 0 BRAM 0 URAM 0 DISPNAME {bind_op add}} {BINDTYPE op ID {} IMPL fabric LATENCY 0 OPTYPE sub PRAGMA {} RTLNAME sub_ln1273_5_fu_373_p2 SOURCE {C:/Xilinx/Vitis_HLS/2022.2/common/technology/autopilot\ap_fixed_base.h:1273} VARIABLE sub_ln1273_5 LOOP VITIS_LOOP_36_4_VITIS_LOOP_37_5 BUNDLEDNAME {} DSP 0 BRAM 0 URAM 0 DISPNAME {bind_op sub}} {BINDTYPE op ID {} IMPL fabric LATENCY 0 OPTYPE sub PRAGMA {} RTLNAME sub_ln1273_6_fu_379_p2 SOURCE {C:/Xilinx/Vitis_HLS/2022.2/common/technology/autopilot\ap_fixed_base.h:1273} VARIABLE sub_ln1273_6 LOOP VITIS_LOOP_36_4_VITIS_LOOP_37_5 BUNDLEDNAME {} DSP 0 BRAM 0 URAM 0 DISPNAME {bind_op sub}} {BINDTYPE op ID {} IMPL fabric LATENCY 0 OPTYPE add PRAGMA {} RTLNAME add_ln1347_8_fu_1230_p2 SOURCE {C:/Xilinx/Vitis_HLS/2022.2/common/technology/autopilot\ap_fixed_base.h:1347} VARIABLE add_ln1347_8 LOOP VITIS_LOOP_36_4_VITIS_LOOP_37_5 BUNDLEDNAME {} DSP 0 BRAM 0 URAM 0 DISPNAME {bind_op add}} {BINDTYPE op ID {} IMPL fabric LATENCY 0 OPTYPE sub PRAGMA {} RTLNAME sub_ln1273_7_fu_1254_p2 SOURCE {C:/Xilinx/Vitis_HLS/2022.2/common/technology/autopilot\ap_fixed_base.h:1273} VARIABLE sub_ln1273_7 LOOP VITIS_LOOP_36_4_VITIS_LOOP_37_5 BUNDLEDNAME {} DSP 0 BRAM 0 URAM 0 DISPNAME {bind_op sub}} {BINDTYPE op ID {} IMPL fabric LATENCY 0 OPTYPE sub PRAGMA {} RTLNAME sub_ln1273_8_fu_409_p2 SOURCE {C:/Xilinx/Vitis_HLS/2022.2/common/technology/autopilot\ap_fixed_base.h:1273} VARIABLE sub_ln1273_8 LOOP VITIS_LOOP_36_4_VITIS_LOOP_37_5 BUNDLEDNAME {} DSP 0 BRAM 0 URAM 0 DISPNAME {bind_op sub}} {BINDTYPE op ID {} IMPL fabric LATENCY 0 OPTYPE sub PRAGMA {} RTLNAME sub_ln1273_9_fu_1278_p2 SOURCE {C:/Xilinx/Vitis_HLS/2022.2/common/technology/autopilot\ap_fixed_base.h:1273} VARIABLE sub_ln1273_9 LOOP VITIS_LOOP_36_4_VITIS_LOOP_37_5 BUNDLEDNAME {} DSP 0 BRAM 0 URAM 0 DISPNAME {bind_op sub}} {BINDTYPE op ID {} IMPL fabric LATENCY 0 OPTYPE add PRAGMA {} RTLNAME add_ln1347_11_fu_1309_p2 SOURCE {C:/Xilinx/Vitis_HLS/2022.2/common/technology/autopilot\ap_fixed_base.h:1347} VARIABLE add_ln1347_11 LOOP VITIS_LOOP_36_4_VITIS_LOOP_37_5 BUNDLEDNAME {} DSP 0 BRAM 0 URAM 0 DISPNAME {bind_op add}} {BINDTYPE op ID {} IMPL fabric LATENCY 0 OPTYPE add PRAGMA {} RTLNAME add_ln813_5_fu_1323_p2 SOURCE {C:/Xilinx/Vitis_HLS/2022.2/common/technology/autopilot\ap_fixed_base.h:813} VARIABLE add_ln813_5 LOOP VITIS_LOOP_36_4_VITIS_LOOP_37_5 BUNDLEDNAME {} DSP 0 BRAM 0 URAM 0 DISPNAME {bind_op add}} {BINDTYPE op ID {} IMPL fabric LATENCY 0 OPTYPE add PRAGMA {} RTLNAME add_ln1347_12_fu_1403_p2 SOURCE {C:/Xilinx/Vitis_HLS/2022.2/common/technology/autopilot\ap_fixed_base.h:1347} VARIABLE add_ln1347_12 LOOP VITIS_LOOP_36_4_VITIS_LOOP_37_5 BUNDLEDNAME {} DSP 0 BRAM 0 URAM 0 DISPNAME {bind_op add}} {BINDTYPE op ID {} IMPL fabric LATENCY 0 OPTYPE add PRAGMA {} RTLNAME add_ln813_6_fu_1417_p2 SOURCE {C:/Xilinx/Vitis_HLS/2022.2/common/technology/autopilot\ap_fixed_base.h:813} VARIABLE add_ln813_6 LOOP VITIS_LOOP_36_4_VITIS_LOOP_37_5 BUNDLEDNAME {} DSP 0 BRAM 0 URAM 0 DISPNAME {bind_op add}} {BINDTYPE op ID {} IMPL fabric LATENCY 0 OPTYPE add PRAGMA {} RTLNAME add_ln1347_13_fu_1495_p2 SOURCE {C:/Xilinx/Vitis_HLS/2022.2/common/technology/autopilot\ap_fixed_base.h:1347} VARIABLE add_ln1347_13 LOOP VITIS_LOOP_36_4_VITIS_LOOP_37_5 BUNDLEDNAME {} DSP 0 BRAM 0 URAM 0 DISPNAME {bind_op add}} {BINDTYPE op ID {} IMPL fabric LATENCY 0 OPTYPE add PRAGMA {} RTLNAME add_ln813_7_fu_1509_p2 SOURCE {C:/Xilinx/Vitis_HLS/2022.2/common/technology/autopilot\ap_fixed_base.h:813} VARIABLE add_ln813_7 LOOP VITIS_LOOP_36_4_VITIS_LOOP_37_5 BUNDLEDNAME {} DSP 0 BRAM 0 URAM 0 DISPNAME {bind_op add}} {BINDTYPE op ID {} IMPL fabric LATENCY 0 OPTYPE sub PRAGMA {} RTLNAME sub_ln1273_10_fu_1557_p2 SOURCE {C:/Xilinx/Vitis_HLS/2022.2/common/technology/autopilot\ap_fixed_base.h:1273} VARIABLE sub_ln1273_10 LOOP VITIS_LOOP_36_4_VITIS_LOOP_37_5 BUNDLEDNAME {} DSP 0 BRAM 0 URAM 0 DISPNAME {bind_op sub}} {BINDTYPE op ID {} IMPL fabric LATENCY 0 OPTYPE add PRAGMA {} RTLNAME add_ln1347_14_fu_5554_p2 SOURCE {C:/Xilinx/Vitis_HLS/2022.2/common/technology/autopilot\ap_fixed_base.h:1347} VARIABLE add_ln1347_14 LOOP VITIS_LOOP_36_4_VITIS_LOOP_37_5 BUNDLEDNAME {} DSP 0 BRAM 0 URAM 0 DISPNAME {bind_op add}} {BINDTYPE op ID {} IMPL fabric LATENCY 0 OPTYPE add PRAGMA {} RTLNAME add_ln813_8_fu_5568_p2 SOURCE {C:/Xilinx/Vitis_HLS/2022.2/common/technology/autopilot\ap_fixed_base.h:813} VARIABLE add_ln813_8 LOOP VITIS_LOOP_36_4_VITIS_LOOP_37_5 BUNDLEDNAME {} DSP 0 BRAM 0 URAM 0 DISPNAME {bind_op add}} {BINDTYPE op ID {} IMPL fabric LATENCY 0 OPTYPE sub PRAGMA {} RTLNAME sub_ln1273_11_fu_5615_p2 SOURCE {C:/Xilinx/Vitis_HLS/2022.2/common/technology/autopilot\ap_fixed_base.h:1273} VARIABLE sub_ln1273_11 LOOP VITIS_LOOP_36_4_VITIS_LOOP_37_5 BUNDLEDNAME {} DSP 0 BRAM 0 URAM 0 DISPNAME {bind_op sub}} {BINDTYPE op ID {} IMPL fabric LATENCY 0 OPTYPE add PRAGMA {} RTLNAME add_ln1347_15_fu_5639_p2 SOURCE {C:/Xilinx/Vitis_HLS/2022.2/common/technology/autopilot\ap_fixed_base.h:1347} VARIABLE add_ln1347_15 LOOP VITIS_LOOP_36_4_VITIS_LOOP_37_5 BUNDLEDNAME {} DSP 0 BRAM 0 URAM 0 DISPNAME {bind_op add}} {BINDTYPE op ID {} IMPL fabric LATENCY 0 OPTYPE add PRAGMA {} RTLNAME add_ln813_9_fu_5653_p2 SOURCE {C:/Xilinx/Vitis_HLS/2022.2/common/technology/autopilot\ap_fixed_base.h:813} VARIABLE add_ln813_9 LOOP VITIS_LOOP_36_4_VITIS_LOOP_37_5 BUNDLEDNAME {} DSP 0 BRAM 0 URAM 0 DISPNAME {bind_op add}} {BINDTYPE op ID {} IMPL fabric LATENCY 0 OPTYPE sub PRAGMA {} RTLNAME sub_ln1273_12_fu_5716_p2 SOURCE {C:/Xilinx/Vitis_HLS/2022.2/common/technology/autopilot\ap_fixed_base.h:1273} VARIABLE sub_ln1273_12 LOOP VITIS_LOOP_36_4_VITIS_LOOP_37_5 BUNDLEDNAME {} DSP 0 BRAM 0 URAM 0 DISPNAME {bind_op sub}} {BINDTYPE op ID {} IMPL fabric LATENCY 0 OPTYPE add PRAGMA {} RTLNAME add_ln1347_16_fu_5742_p2 SOURCE {C:/Xilinx/Vitis_HLS/2022.2/common/technology/autopilot\ap_fixed_base.h:1347} VARIABLE add_ln1347_16 LOOP VITIS_LOOP_36_4_VITIS_LOOP_37_5 BUNDLEDNAME {} DSP 0 BRAM 0 URAM 0 DISPNAME {bind_op add}} {BINDTYPE op ID {} IMPL fabric LATENCY 0 OPTYPE add PRAGMA {} RTLNAME add_ln813_10_fu_5756_p2 SOURCE {C:/Xilinx/Vitis_HLS/2022.2/common/technology/autopilot\ap_fixed_base.h:813} VARIABLE add_ln813_10 LOOP VITIS_LOOP_36_4_VITIS_LOOP_37_5 BUNDLEDNAME {} DSP 0 BRAM 0 URAM 0 DISPNAME {bind_op add}} {BINDTYPE op ID {} IMPL fabric LATENCY 0 OPTYPE add PRAGMA {} RTLNAME add_ln377_1_fu_5860_p2 SOURCE {C:/Xilinx/Vitis_HLS/2022.2/common/technology/autopilot\ap_fixed_base.h:377} VARIABLE add_ln377_1 LOOP VITIS_LOOP_36_4_VITIS_LOOP_37_5 BUNDLEDNAME {} DSP 0 BRAM 0 URAM 0 DISPNAME {bind_op add}} {BINDTYPE op ID {} IMPL fabric LATENCY 0 OPTYPE add PRAGMA {} RTLNAME add_ln856_1_fu_5866_p2 SOURCE {C:/Xilinx/Vitis_HLS/2022.2/common/technology/autopilot\ap_fixed_base.h:856} VARIABLE add_ln856_1 LOOP VITIS_LOOP_36_4_VITIS_LOOP_37_5 BUNDLEDNAME {} DSP 0 BRAM 0 URAM 0 DISPNAME {bind_op add}} {BINDTYPE op ID {} IMPL fabric LATENCY 0 OPTYPE add PRAGMA {} RTLNAME add_ln1347_17_fu_1570_p2 SOURCE {C:/Xilinx/Vitis_HLS/2022.2/common/technology/autopilot\ap_fixed_base.h:1347} VARIABLE add_ln1347_17 LOOP VITIS_LOOP_36_4_VITIS_LOOP_37_5 BUNDLEDNAME {} DSP 0 BRAM 0 URAM 0 DISPNAME {bind_op add}} {BINDTYPE op ID {} IMPL fabric LATENCY 0 OPTYPE add PRAGMA {} RTLNAME add_ln1347_18_fu_1580_p2 SOURCE {C:/Xilinx/Vitis_HLS/2022.2/common/technology/autopilot\ap_fixed_base.h:1347} VARIABLE add_ln1347_18 LOOP VITIS_LOOP_36_4_VITIS_LOOP_37_5 BUNDLEDNAME {} DSP 0 BRAM 0 URAM 0 DISPNAME {bind_op add}} {BINDTYPE op ID {} IMPL fabric LATENCY 0 OPTYPE add PRAGMA {} RTLNAME add_ln1347_19_fu_1612_p2 SOURCE {C:/Xilinx/Vitis_HLS/2022.2/common/technology/autopilot\ap_fixed_base.h:1347} VARIABLE add_ln1347_19 LOOP VITIS_LOOP_36_4_VITIS_LOOP_37_5 BUNDLEDNAME {} DSP 0 BRAM 0 URAM 0 DISPNAME {bind_op add}} {BINDTYPE op ID {} IMPL fabric LATENCY 0 OPTYPE sub PRAGMA {} RTLNAME sub_ln1273_13_fu_1634_p2 SOURCE {C:/Xilinx/Vitis_HLS/2022.2/common/technology/autopilot\ap_fixed_base.h:1273} VARIABLE sub_ln1273_13 LOOP VITIS_LOOP_36_4_VITIS_LOOP_37_5 BUNDLEDNAME {} DSP 0 BRAM 0 URAM 0 DISPNAME {bind_op sub}} {BINDTYPE op ID {} IMPL fabric LATENCY 0 OPTYPE add PRAGMA {} RTLNAME add_ln1347_20_fu_1660_p2 SOURCE {C:/Xilinx/Vitis_HLS/2022.2/common/technology/autopilot\ap_fixed_base.h:1347} VARIABLE add_ln1347_20 LOOP VITIS_LOOP_36_4_VITIS_LOOP_37_5 BUNDLEDNAME {} DSP 0 BRAM 0 URAM 0 DISPNAME {bind_op add}} {BINDTYPE op ID {} IMPL fabric LATENCY 0 OPTYPE add PRAGMA {} RTLNAME add_ln813_11_fu_1674_p2 SOURCE {C:/Xilinx/Vitis_HLS/2022.2/common/technology/autopilot\ap_fixed_base.h:813} VARIABLE add_ln813_11 LOOP VITIS_LOOP_36_4_VITIS_LOOP_37_5 BUNDLEDNAME {} DSP 0 BRAM 0 URAM 0 DISPNAME {bind_op add}} {BINDTYPE op ID {} IMPL fabric LATENCY 0 OPTYPE add PRAGMA {} RTLNAME add_ln1347_21_fu_1741_p2 SOURCE {C:/Xilinx/Vitis_HLS/2022.2/common/technology/autopilot\ap_fixed_base.h:1347} VARIABLE add_ln1347_21 LOOP VITIS_LOOP_36_4_VITIS_LOOP_37_5 BUNDLEDNAME {} DSP 0 BRAM 0 URAM 0 DISPNAME {bind_op add}} {BINDTYPE op ID {} IMPL fabric LATENCY 0 OPTYPE add PRAGMA {} RTLNAME add_ln813_12_fu_1755_p2 SOURCE {C:/Xilinx/Vitis_HLS/2022.2/common/technology/autopilot\ap_fixed_base.h:813} VARIABLE add_ln813_12 LOOP VITIS_LOOP_36_4_VITIS_LOOP_37_5 BUNDLEDNAME {} DSP 0 BRAM 0 URAM 0 DISPNAME {bind_op add}} {BINDTYPE op ID {} IMPL fabric LATENCY 0 OPTYPE add PRAGMA {} RTLNAME add_ln1347_22_fu_5945_p2 SOURCE {C:/Xilinx/Vitis_HLS/2022.2/common/technology/autopilot\ap_fixed_base.h:1347} VARIABLE add_ln1347_22 LOOP VITIS_LOOP_36_4_VITIS_LOOP_37_5 BUNDLEDNAME {} DSP 0 BRAM 0 URAM 0 DISPNAME {bind_op add}} {BINDTYPE op ID {} IMPL fabric LATENCY 0 OPTYPE add PRAGMA {} RTLNAME add_ln813_13_fu_5959_p2 SOURCE {C:/Xilinx/Vitis_HLS/2022.2/common/technology/autopilot\ap_fixed_base.h:813} VARIABLE add_ln813_13 LOOP VITIS_LOOP_36_4_VITIS_LOOP_37_5 BUNDLEDNAME {} DSP 0 BRAM 0 URAM 0 DISPNAME {bind_op add}} {BINDTYPE op ID {} IMPL fabric LATENCY 0 OPTYPE sub PRAGMA {} RTLNAME sub_ln1273_14_fu_6006_p2 SOURCE {C:/Xilinx/Vitis_HLS/2022.2/common/technology/autopilot\ap_fixed_base.h:1273} VARIABLE sub_ln1273_14 LOOP VITIS_LOOP_36_4_VITIS_LOOP_37_5 BUNDLEDNAME {} DSP 0 BRAM 0 URAM 0 DISPNAME {bind_op sub}} {BINDTYPE op ID {} IMPL fabric LATENCY 0 OPTYPE add PRAGMA {} RTLNAME add_ln1347_23_fu_6032_p2 SOURCE {C:/Xilinx/Vitis_HLS/2022.2/common/technology/autopilot\ap_fixed_base.h:1347} VARIABLE add_ln1347_23 LOOP VITIS_LOOP_36_4_VITIS_LOOP_37_5 BUNDLEDNAME {} DSP 0 BRAM 0 URAM 0 DISPNAME {bind_op add}} {BINDTYPE op ID {} IMPL fabric LATENCY 0 OPTYPE add PRAGMA {} RTLNAME add_ln813_14_fu_6046_p2 SOURCE {C:/Xilinx/Vitis_HLS/2022.2/common/technology/autopilot\ap_fixed_base.h:813} VARIABLE add_ln813_14 LOOP VITIS_LOOP_36_4_VITIS_LOOP_37_5 BUNDLEDNAME {} DSP 0 BRAM 0 URAM 0 DISPNAME {bind_op add}} {BINDTYPE op ID {} IMPL fabric LATENCY 0 OPTYPE sub PRAGMA {} RTLNAME sub_ln1273_15_fu_6094_p2 SOURCE {C:/Xilinx/Vitis_HLS/2022.2/common/technology/autopilot\ap_fixed_base.h:1273} VARIABLE sub_ln1273_15 LOOP VITIS_LOOP_36_4_VITIS_LOOP_37_5 BUNDLEDNAME {} DSP 0 BRAM 0 URAM 0 DISPNAME {bind_op sub}} {BINDTYPE op ID {} IMPL fabric LATENCY 0 OPTYPE add PRAGMA {} RTLNAME add_ln1347_24_fu_6120_p2 SOURCE {C:/Xilinx/Vitis_HLS/2022.2/common/technology/autopilot\ap_fixed_base.h:1347} VARIABLE add_ln1347_24 LOOP VITIS_LOOP_36_4_VITIS_LOOP_37_5 BUNDLEDNAME {} DSP 0 BRAM 0 URAM 0 DISPNAME {bind_op add}} {BINDTYPE op ID {} IMPL fabric LATENCY 0 OPTYPE add PRAGMA {} RTLNAME add_ln813_15_fu_6134_p2 SOURCE {C:/Xilinx/Vitis_HLS/2022.2/common/technology/autopilot\ap_fixed_base.h:813} VARIABLE add_ln813_15 LOOP VITIS_LOOP_36_4_VITIS_LOOP_37_5 BUNDLEDNAME {} DSP 0 BRAM 0 URAM 0 DISPNAME {bind_op add}} {BINDTYPE op ID {} IMPL fabric LATENCY 0 OPTYPE add PRAGMA {} RTLNAME add_ln377_2_fu_6238_p2 SOURCE {C:/Xilinx/Vitis_HLS/2022.2/common/technology/autopilot\ap_fixed_base.h:377} VARIABLE add_ln377_2 LOOP VITIS_LOOP_36_4_VITIS_LOOP_37_5 BUNDLEDNAME {} DSP 0 BRAM 0 URAM 0 DISPNAME {bind_op add}} {BINDTYPE op ID {} IMPL fabric LATENCY 0 OPTYPE add PRAGMA {} RTLNAME add_ln856_2_fu_6244_p2 SOURCE {C:/Xilinx/Vitis_HLS/2022.2/common/technology/autopilot\ap_fixed_base.h:856} VARIABLE add_ln856_2 LOOP VITIS_LOOP_36_4_VITIS_LOOP_37_5 BUNDLEDNAME {} DSP 0 BRAM 0 URAM 0 DISPNAME {bind_op add}} {BINDTYPE op ID {} IMPL fabric LATENCY 0 OPTYPE add PRAGMA {} RTLNAME add_ln1273_1_fu_415_p2 SOURCE {C:/Xilinx/Vitis_HLS/2022.2/common/technology/autopilot\ap_fixed_base.h:1273} VARIABLE add_ln1273_1 LOOP VITIS_LOOP_36_4_VITIS_LOOP_37_5 BUNDLEDNAME {} DSP 0 BRAM 0 URAM 0 DISPNAME {bind_op add}} {BINDTYPE op ID {} IMPL fabric LATENCY 0 OPTYPE add PRAGMA {} RTLNAME add_ln1347_25_fu_429_p2 SOURCE {C:/Xilinx/Vitis_HLS/2022.2/common/technology/autopilot\ap_fixed_base.h:1347} VARIABLE add_ln1347_25 LOOP VITIS_LOOP_36_4_VITIS_LOOP_37_5 BUNDLEDNAME {} DSP 0 BRAM 0 URAM 0 DISPNAME {bind_op add}} {BINDTYPE op ID {} IMPL fabric LATENCY 0 OPTYPE sub PRAGMA {} RTLNAME sub_ln1273_16_fu_439_p2 SOURCE {C:/Xilinx/Vitis_HLS/2022.2/common/technology/autopilot\ap_fixed_base.h:1273} VARIABLE sub_ln1273_16 LOOP VITIS_LOOP_36_4_VITIS_LOOP_37_5 BUNDLEDNAME {} DSP 0 BRAM 0 URAM 0 DISPNAME {bind_op sub}} {BINDTYPE op ID {} IMPL fabric LATENCY 0 OPTYPE add PRAGMA {} RTLNAME add_ln1347_26_fu_457_p2 SOURCE {C:/Xilinx/Vitis_HLS/2022.2/common/technology/autopilot\ap_fixed_base.h:1347} VARIABLE add_ln1347_26 LOOP VITIS_LOOP_36_4_VITIS_LOOP_37_5 BUNDLEDNAME {} DSP 0 BRAM 0 URAM 0 DISPNAME {bind_op add}} {BINDTYPE op ID {} IMPL fabric LATENCY 0 OPTYPE add PRAGMA {} RTLNAME add_ln1273_2_fu_1806_p2 SOURCE {C:/Xilinx/Vitis_HLS/2022.2/common/technology/autopilot\ap_fixed_base.h:1273} VARIABLE add_ln1273_2 LOOP VITIS_LOOP_36_4_VITIS_LOOP_37_5 BUNDLEDNAME {} DSP 0 BRAM 0 URAM 0 DISPNAME {bind_op add}} {BINDTYPE op ID {} IMPL fabric LATENCY 0 OPTYPE add PRAGMA {} RTLNAME add_ln1347_27_fu_1823_p2 SOURCE {C:/Xilinx/Vitis_HLS/2022.2/common/technology/autopilot\ap_fixed_base.h:1347} VARIABLE add_ln1347_27 LOOP VITIS_LOOP_36_4_VITIS_LOOP_37_5 BUNDLEDNAME {} DSP 0 BRAM 0 URAM 0 DISPNAME {bind_op add}} {BINDTYPE op ID {} IMPL fabric LATENCY 0 OPTYPE sub PRAGMA {} RTLNAME sub_ln1273_17_fu_1845_p2 SOURCE {C:/Xilinx/Vitis_HLS/2022.2/common/technology/autopilot\ap_fixed_base.h:1273} VARIABLE sub_ln1273_17 LOOP VITIS_LOOP_36_4_VITIS_LOOP_37_5 BUNDLEDNAME {} DSP 0 BRAM 0 URAM 0 DISPNAME {bind_op sub}} {BINDTYPE op ID {} IMPL fabric LATENCY 0 OPTYPE add PRAGMA {} RTLNAME add_ln1347_28_fu_1875_p2 SOURCE {C:/Xilinx/Vitis_HLS/2022.2/common/technology/autopilot\ap_fixed_base.h:1347} VARIABLE add_ln1347_28 LOOP VITIS_LOOP_36_4_VITIS_LOOP_37_5 BUNDLEDNAME {} DSP 0 BRAM 0 URAM 0 DISPNAME {bind_op add}} {BINDTYPE op ID {} IMPL fabric LATENCY 0 OPTYPE add PRAGMA {} RTLNAME add_ln813_16_fu_1889_p2 SOURCE {C:/Xilinx/Vitis_HLS/2022.2/common/technology/autopilot\ap_fixed_base.h:813} VARIABLE add_ln813_16 LOOP VITIS_LOOP_36_4_VITIS_LOOP_37_5 BUNDLEDNAME {} DSP 0 BRAM 0 URAM 0 DISPNAME {bind_op add}} {BINDTYPE op ID {} IMPL fabric LATENCY 0 OPTYPE add PRAGMA {} RTLNAME add_ln1347_29_fu_1969_p2 SOURCE {C:/Xilinx/Vitis_HLS/2022.2/common/technology/autopilot\ap_fixed_base.h:1347} VARIABLE add_ln1347_29 LOOP VITIS_LOOP_36_4_VITIS_LOOP_37_5 BUNDLEDNAME {} DSP 0 BRAM 0 URAM 0 DISPNAME {bind_op add}} {BINDTYPE op ID {} IMPL fabric LATENCY 0 OPTYPE add PRAGMA {} RTLNAME add_ln813_17_fu_1983_p2 SOURCE {C:/Xilinx/Vitis_HLS/2022.2/common/technology/autopilot\ap_fixed_base.h:813} VARIABLE add_ln813_17 LOOP VITIS_LOOP_36_4_VITIS_LOOP_37_5 BUNDLEDNAME {} DSP 0 BRAM 0 URAM 0 DISPNAME {bind_op add}} {BINDTYPE op ID {} IMPL fabric LATENCY 0 OPTYPE sub PRAGMA {} RTLNAME sub_ln1273_18_fu_2031_p2 SOURCE {C:/Xilinx/Vitis_HLS/2022.2/common/technology/autopilot\ap_fixed_base.h:1273} VARIABLE sub_ln1273_18 LOOP VITIS_LOOP_36_4_VITIS_LOOP_37_5 BUNDLEDNAME {} DSP 0 BRAM 0 URAM 0 DISPNAME {bind_op sub}} {BINDTYPE op ID {} IMPL fabric LATENCY 0 OPTYPE add PRAGMA {} RTLNAME add_ln1347_30_fu_2057_p2 SOURCE {C:/Xilinx/Vitis_HLS/2022.2/common/technology/autopilot\ap_fixed_base.h:1347} VARIABLE add_ln1347_30 LOOP VITIS_LOOP_36_4_VITIS_LOOP_37_5 BUNDLEDNAME {} DSP 0 BRAM 0 URAM 0 DISPNAME {bind_op add}} {BINDTYPE op ID {} IMPL fabric LATENCY 0 OPTYPE add PRAGMA {} RTLNAME add_ln813_18_fu_2071_p2 SOURCE {C:/Xilinx/Vitis_HLS/2022.2/common/technology/autopilot\ap_fixed_base.h:813} VARIABLE add_ln813_18 LOOP VITIS_LOOP_36_4_VITIS_LOOP_37_5 BUNDLEDNAME {} DSP 0 BRAM 0 URAM 0 DISPNAME {bind_op add}} {BINDTYPE op ID {} IMPL fabric LATENCY 0 OPTYPE add PRAGMA {} RTLNAME add_ln1347_31_fu_6338_p2 SOURCE {C:/Xilinx/Vitis_HLS/2022.2/common/technology/autopilot\ap_fixed_base.h:1347} VARIABLE add_ln1347_31 LOOP VITIS_LOOP_36_4_VITIS_LOOP_37_5 BUNDLEDNAME {} DSP 0 BRAM 0 URAM 0 DISPNAME {bind_op add}} {BINDTYPE op ID {} IMPL fabric LATENCY 0 OPTYPE add PRAGMA {} RTLNAME add_ln813_19_fu_6352_p2 SOURCE {C:/Xilinx/Vitis_HLS/2022.2/common/technology/autopilot\ap_fixed_base.h:813} VARIABLE add_ln813_19 LOOP VITIS_LOOP_36_4_VITIS_LOOP_37_5 BUNDLEDNAME {} DSP 0 BRAM 0 URAM 0 DISPNAME {bind_op add}} {BINDTYPE op ID {} IMPL fabric LATENCY 0 OPTYPE add PRAGMA {} RTLNAME add_ln1347_32_fu_6418_p2 SOURCE {C:/Xilinx/Vitis_HLS/2022.2/common/technology/autopilot\ap_fixed_base.h:1347} VARIABLE add_ln1347_32 LOOP VITIS_LOOP_36_4_VITIS_LOOP_37_5 BUNDLEDNAME {} DSP 0 BRAM 0 URAM 0 DISPNAME {bind_op add}} {BINDTYPE op ID {} IMPL fabric LATENCY 0 OPTYPE add PRAGMA {} RTLNAME add_ln813_20_fu_6432_p2 SOURCE {C:/Xilinx/Vitis_HLS/2022.2/common/technology/autopilot\ap_fixed_base.h:813} VARIABLE add_ln813_20 LOOP VITIS_LOOP_36_4_VITIS_LOOP_37_5 BUNDLEDNAME {} DSP 0 BRAM 0 URAM 0 DISPNAME {bind_op add}} {BINDTYPE op ID {} IMPL fabric LATENCY 0 OPTYPE add PRAGMA {} RTLNAME add_ln1347_33_fu_6499_p2 SOURCE {C:/Xilinx/Vitis_HLS/2022.2/common/technology/autopilot\ap_fixed_base.h:1347} VARIABLE add_ln1347_33 LOOP VITIS_LOOP_36_4_VITIS_LOOP_37_5 BUNDLEDNAME {} DSP 0 BRAM 0 URAM 0 DISPNAME {bind_op add}} {BINDTYPE op ID {} IMPL fabric LATENCY 0 OPTYPE add PRAGMA {} RTLNAME add_ln813_21_fu_6513_p2 SOURCE {C:/Xilinx/Vitis_HLS/2022.2/common/technology/autopilot\ap_fixed_base.h:813} VARIABLE add_ln813_21 LOOP VITIS_LOOP_36_4_VITIS_LOOP_37_5 BUNDLEDNAME {} DSP 0 BRAM 0 URAM 0 DISPNAME {bind_op add}} {BINDTYPE op ID {} IMPL fabric LATENCY 0 OPTYPE add PRAGMA {} RTLNAME add_ln377_3_fu_6617_p2 SOURCE {C:/Xilinx/Vitis_HLS/2022.2/common/technology/autopilot\ap_fixed_base.h:377} VARIABLE add_ln377_3 LOOP VITIS_LOOP_36_4_VITIS_LOOP_37_5 BUNDLEDNAME {} DSP 0 BRAM 0 URAM 0 DISPNAME {bind_op add}} {BINDTYPE op ID {} IMPL fabric LATENCY 0 OPTYPE add PRAGMA {} RTLNAME add_ln856_3_fu_6623_p2 SOURCE {C:/Xilinx/Vitis_HLS/2022.2/common/technology/autopilot\ap_fixed_base.h:856} VARIABLE add_ln856_3 LOOP VITIS_LOOP_36_4_VITIS_LOOP_37_5 BUNDLEDNAME {} DSP 0 BRAM 0 URAM 0 DISPNAME {bind_op add}} {BINDTYPE op ID {} IMPL fabric LATENCY 0 OPTYPE sub PRAGMA {} RTLNAME sub_ln1273_19_fu_463_p2 SOURCE {C:/Xilinx/Vitis_HLS/2022.2/common/technology/autopilot\ap_fixed_base.h:1273} VARIABLE sub_ln1273_19 LOOP VITIS_LOOP_36_4_VITIS_LOOP_37_5 BUNDLEDNAME {} DSP 0 BRAM 0 URAM 0 DISPNAME {bind_op sub}} {BINDTYPE op ID {} IMPL fabric LATENCY 0 OPTYPE add PRAGMA {} RTLNAME add_ln1347_34_fu_2134_p2 SOURCE {C:/Xilinx/Vitis_HLS/2022.2/common/technology/autopilot\ap_fixed_base.h:1347} VARIABLE add_ln1347_34 LOOP VITIS_LOOP_36_4_VITIS_LOOP_37_5 BUNDLEDNAME {} DSP 0 BRAM 0 URAM 0 DISPNAME {bind_op add}} {BINDTYPE op ID {} IMPL fabric LATENCY 0 OPTYPE sub PRAGMA {} RTLNAME sub_ln1273_20_fu_2155_p2 SOURCE {C:/Xilinx/Vitis_HLS/2022.2/common/technology/autopilot\ap_fixed_base.h:1273} VARIABLE sub_ln1273_20 LOOP VITIS_LOOP_36_4_VITIS_LOOP_37_5 BUNDLEDNAME {} DSP 0 BRAM 0 URAM 0 DISPNAME {bind_op sub}} {BINDTYPE op ID {} IMPL fabric LATENCY 0 OPTYPE add PRAGMA {} RTLNAME add_ln1347_37_fu_2213_p2 SOURCE {C:/Xilinx/Vitis_HLS/2022.2/common/technology/autopilot\ap_fixed_base.h:1347} VARIABLE add_ln1347_37 LOOP VITIS_LOOP_36_4_VITIS_LOOP_37_5 BUNDLEDNAME {} DSP 0 BRAM 0 URAM 0 DISPNAME {bind_op add}} {BINDTYPE op ID {} IMPL fabric LATENCY 0 OPTYPE add PRAGMA {} RTLNAME add_ln813_22_fu_2227_p2 SOURCE {C:/Xilinx/Vitis_HLS/2022.2/common/technology/autopilot\ap_fixed_base.h:813} VARIABLE add_ln813_22 LOOP VITIS_LOOP_36_4_VITIS_LOOP_37_5 BUNDLEDNAME {} DSP 0 BRAM 0 URAM 0 DISPNAME {bind_op add}} {BINDTYPE op ID {} IMPL fabric LATENCY 0 OPTYPE add PRAGMA {} RTLNAME add_ln1347_38_fu_2294_p2 SOURCE {C:/Xilinx/Vitis_HLS/2022.2/common/technology/autopilot\ap_fixed_base.h:1347} VARIABLE add_ln1347_38 LOOP VITIS_LOOP_36_4_VITIS_LOOP_37_5 BUNDLEDNAME {} DSP 0 BRAM 0 URAM 0 DISPNAME {bind_op add}} {BINDTYPE op ID {} IMPL fabric LATENCY 0 OPTYPE add PRAGMA {} RTLNAME add_ln813_23_fu_2308_p2 SOURCE {C:/Xilinx/Vitis_HLS/2022.2/common/technology/autopilot\ap_fixed_base.h:813} VARIABLE add_ln813_23 LOOP VITIS_LOOP_36_4_VITIS_LOOP_37_5 BUNDLEDNAME {} DSP 0 BRAM 0 URAM 0 DISPNAME {bind_op add}} {BINDTYPE op ID {} IMPL fabric LATENCY 0 OPTYPE add PRAGMA {} RTLNAME add_ln1347_39_fu_2376_p2 SOURCE {C:/Xilinx/Vitis_HLS/2022.2/common/technology/autopilot\ap_fixed_base.h:1347} VARIABLE add_ln1347_39 LOOP VITIS_LOOP_36_4_VITIS_LOOP_37_5 BUNDLEDNAME {} DSP 0 BRAM 0 URAM 0 DISPNAME {bind_op add}} {BINDTYPE op ID {} IMPL fabric LATENCY 0 OPTYPE add PRAGMA {} RTLNAME add_ln813_24_fu_2390_p2 SOURCE {C:/Xilinx/Vitis_HLS/2022.2/common/technology/autopilot\ap_fixed_base.h:813} VARIABLE add_ln813_24 LOOP VITIS_LOOP_36_4_VITIS_LOOP_37_5 BUNDLEDNAME {} DSP 0 BRAM 0 URAM 0 DISPNAME {bind_op add}} {BINDTYPE op ID {} IMPL fabric LATENCY 0 OPTYPE add PRAGMA {} RTLNAME add_ln1347_40_fu_6702_p2 SOURCE {C:/Xilinx/Vitis_HLS/2022.2/common/technology/autopilot\ap_fixed_base.h:1347} VARIABLE add_ln1347_40 LOOP VITIS_LOOP_36_4_VITIS_LOOP_37_5 BUNDLEDNAME {} DSP 0 BRAM 0 URAM 0 DISPNAME {bind_op add}} {BINDTYPE op ID {} IMPL fabric LATENCY 0 OPTYPE add PRAGMA {} RTLNAME add_ln813_25_fu_6716_p2 SOURCE {C:/Xilinx/Vitis_HLS/2022.2/common/technology/autopilot\ap_fixed_base.h:813} VARIABLE add_ln813_25 LOOP VITIS_LOOP_36_4_VITIS_LOOP_37_5 BUNDLEDNAME {} DSP 0 BRAM 0 URAM 0 DISPNAME {bind_op add}} {BINDTYPE op ID {} IMPL fabric LATENCY 0 OPTYPE add PRAGMA {} RTLNAME add_ln1347_41_fu_6767_p2 SOURCE {C:/Xilinx/Vitis_HLS/2022.2/common/technology/autopilot\ap_fixed_base.h:1347} VARIABLE add_ln1347_41 LOOP VITIS_LOOP_36_4_VITIS_LOOP_37_5 BUNDLEDNAME {} DSP 0 BRAM 0 URAM 0 DISPNAME {bind_op add}} {BINDTYPE op ID {} IMPL fabric LATENCY 0 OPTYPE add PRAGMA {} RTLNAME add_ln813_26_fu_6781_p2 SOURCE {C:/Xilinx/Vitis_HLS/2022.2/common/technology/autopilot\ap_fixed_base.h:813} VARIABLE add_ln813_26 LOOP VITIS_LOOP_36_4_VITIS_LOOP_37_5 BUNDLEDNAME {} DSP 0 BRAM 0 URAM 0 DISPNAME {bind_op add}} {BINDTYPE op ID {} IMPL fabric LATENCY 0 OPTYPE add PRAGMA {} RTLNAME add_ln377_4_fu_6885_p2 SOURCE {C:/Xilinx/Vitis_HLS/2022.2/common/technology/autopilot\ap_fixed_base.h:377} VARIABLE add_ln377_4 LOOP VITIS_LOOP_36_4_VITIS_LOOP_37_5 BUNDLEDNAME {} DSP 0 BRAM 0 URAM 0 DISPNAME {bind_op add}} {BINDTYPE op ID {} IMPL fabric LATENCY 0 OPTYPE add PRAGMA {} RTLNAME add_ln856_4_fu_6891_p2 SOURCE {C:/Xilinx/Vitis_HLS/2022.2/common/technology/autopilot\ap_fixed_base.h:856} VARIABLE add_ln856_4 LOOP VITIS_LOOP_36_4_VITIS_LOOP_37_5 BUNDLEDNAME {} DSP 0 BRAM 0 URAM 0 DISPNAME {bind_op add}} {BINDTYPE op ID {} IMPL fabric LATENCY 0 OPTYPE sub PRAGMA {} RTLNAME sub_ln1273_21_fu_481_p2 SOURCE {C:/Xilinx/Vitis_HLS/2022.2/common/technology/autopilot\ap_fixed_base.h:1273} VARIABLE sub_ln1273_21 LOOP VITIS_LOOP_36_4_VITIS_LOOP_37_5 BUNDLEDNAME {} DSP 0 BRAM 0 URAM 0 DISPNAME {bind_op sub}} {BINDTYPE op ID {} IMPL fabric LATENCY 0 OPTYPE add PRAGMA {} RTLNAME add_ln1347_42_fu_495_p2 SOURCE {C:/Xilinx/Vitis_HLS/2022.2/common/technology/autopilot\ap_fixed_base.h:1347} VARIABLE add_ln1347_42 LOOP VITIS_LOOP_36_4_VITIS_LOOP_37_5 BUNDLEDNAME {} DSP 0 BRAM 0 URAM 0 DISPNAME {bind_op add}} {BINDTYPE op ID {} IMPL fabric LATENCY 0 OPTYPE sub PRAGMA {} RTLNAME sub_ln1273_22_fu_505_p2 SOURCE {C:/Xilinx/Vitis_HLS/2022.2/common/technology/autopilot\ap_fixed_base.h:1273} VARIABLE sub_ln1273_22 LOOP VITIS_LOOP_36_4_VITIS_LOOP_37_5 BUNDLEDNAME {} DSP 0 BRAM 0 URAM 0 DISPNAME {bind_op sub}} {BINDTYPE op ID {} IMPL fabric LATENCY 0 OPTYPE add PRAGMA {} RTLNAME add_ln1347_43_fu_523_p2 SOURCE {C:/Xilinx/Vitis_HLS/2022.2/common/technology/autopilot\ap_fixed_base.h:1347} VARIABLE add_ln1347_43 LOOP VITIS_LOOP_36_4_VITIS_LOOP_37_5 BUNDLEDNAME {} DSP 0 BRAM 0 URAM 0 DISPNAME {bind_op add}} {BINDTYPE op ID {} IMPL fabric LATENCY 0 OPTYPE add PRAGMA {} RTLNAME add_ln1347_44_fu_2465_p2 SOURCE {C:/Xilinx/Vitis_HLS/2022.2/common/technology/autopilot\ap_fixed_base.h:1347} VARIABLE add_ln1347_44 LOOP VITIS_LOOP_36_4_VITIS_LOOP_37_5 BUNDLEDNAME {} DSP 0 BRAM 0 URAM 0 DISPNAME {bind_op add}} {BINDTYPE op ID {} IMPL fabric LATENCY 0 OPTYPE add PRAGMA {} RTLNAME add_ln1347_45_fu_2479_p2 SOURCE {C:/Xilinx/Vitis_HLS/2022.2/common/technology/autopilot\ap_fixed_base.h:1347} VARIABLE add_ln1347_45 LOOP VITIS_LOOP_36_4_VITIS_LOOP_37_5 BUNDLEDNAME {} DSP 0 BRAM 0 URAM 0 DISPNAME {bind_op add}} {BINDTYPE op ID {} IMPL fabric LATENCY 0 OPTYPE add PRAGMA {} RTLNAME add_ln813_27_fu_2493_p2 SOURCE {C:/Xilinx/Vitis_HLS/2022.2/common/technology/autopilot\ap_fixed_base.h:813} VARIABLE add_ln813_27 LOOP VITIS_LOOP_36_4_VITIS_LOOP_37_5 BUNDLEDNAME {} DSP 0 BRAM 0 URAM 0 DISPNAME {bind_op add}} {BINDTYPE op ID {} IMPL fabric LATENCY 0 OPTYPE sub PRAGMA {} RTLNAME sub_ln1273_25_fu_2541_p2 SOURCE {C:/Xilinx/Vitis_HLS/2022.2/common/technology/autopilot\ap_fixed_base.h:1273} VARIABLE sub_ln1273_25 LOOP VITIS_LOOP_36_4_VITIS_LOOP_37_5 BUNDLEDNAME {} DSP 0 BRAM 0 URAM 0 DISPNAME {bind_op sub}} {BINDTYPE op ID {} IMPL fabric LATENCY 0 OPTYPE add PRAGMA {} RTLNAME add_ln1347_46_fu_2567_p2 SOURCE {C:/Xilinx/Vitis_HLS/2022.2/common/technology/autopilot\ap_fixed_base.h:1347} VARIABLE add_ln1347_46 LOOP VITIS_LOOP_36_4_VITIS_LOOP_37_5 BUNDLEDNAME {} DSP 0 BRAM 0 URAM 0 DISPNAME {bind_op add}} {BINDTYPE op ID {} IMPL fabric LATENCY 0 OPTYPE add PRAGMA {} RTLNAME add_ln813_28_fu_2581_p2 SOURCE {C:/Xilinx/Vitis_HLS/2022.2/common/technology/autopilot\ap_fixed_base.h:813} VARIABLE add_ln813_28 LOOP VITIS_LOOP_36_4_VITIS_LOOP_37_5 BUNDLEDNAME {} DSP 0 BRAM 0 URAM 0 DISPNAME {bind_op add}} {BINDTYPE op ID {} IMPL fabric LATENCY 0 OPTYPE add PRAGMA {} RTLNAME add_ln1347_47_fu_2633_p2 SOURCE {C:/Xilinx/Vitis_HLS/2022.2/common/technology/autopilot\ap_fixed_base.h:1347} VARIABLE add_ln1347_47 LOOP VITIS_LOOP_36_4_VITIS_LOOP_37_5 BUNDLEDNAME {} DSP 0 BRAM 0 URAM 0 DISPNAME {bind_op add}} {BINDTYPE op ID {} IMPL fabric LATENCY 0 OPTYPE add PRAGMA {} RTLNAME add_ln813_29_fu_2647_p2 SOURCE {C:/Xilinx/Vitis_HLS/2022.2/common/technology/autopilot\ap_fixed_base.h:813} VARIABLE add_ln813_29 LOOP VITIS_LOOP_36_4_VITIS_LOOP_37_5 BUNDLEDNAME {} DSP 0 BRAM 0 URAM 0 DISPNAME {bind_op add}} {BINDTYPE op ID {} IMPL fabric LATENCY 0 OPTYPE sub PRAGMA {} RTLNAME sub_ln1273_26_fu_2695_p2 SOURCE {C:/Xilinx/Vitis_HLS/2022.2/common/technology/autopilot\ap_fixed_base.h:1273} VARIABLE sub_ln1273_26 LOOP VITIS_LOOP_36_4_VITIS_LOOP_37_5 BUNDLEDNAME {} DSP 0 BRAM 0 URAM 0 DISPNAME {bind_op sub}} {BINDTYPE op ID {} IMPL fabric LATENCY 0 OPTYPE add PRAGMA {} RTLNAME add_ln1347_48_fu_6985_p2 SOURCE {C:/Xilinx/Vitis_HLS/2022.2/common/technology/autopilot\ap_fixed_base.h:1347} VARIABLE add_ln1347_48 LOOP VITIS_LOOP_36_4_VITIS_LOOP_37_5 BUNDLEDNAME {} DSP 0 BRAM 0 URAM 0 DISPNAME {bind_op add}} {BINDTYPE op ID {} IMPL fabric LATENCY 0 OPTYPE add PRAGMA {} RTLNAME add_ln813_30_fu_6999_p2 SOURCE {C:/Xilinx/Vitis_HLS/2022.2/common/technology/autopilot\ap_fixed_base.h:813} VARIABLE add_ln813_30 LOOP VITIS_LOOP_36_4_VITIS_LOOP_37_5 BUNDLEDNAME {} DSP 0 BRAM 0 URAM 0 DISPNAME {bind_op add}} {BINDTYPE op ID {} IMPL fabric LATENCY 0 OPTYPE add PRAGMA {} RTLNAME add_ln1273_3_fu_7057_p2 SOURCE {C:/Xilinx/Vitis_HLS/2022.2/common/technology/autopilot\ap_fixed_base.h:1273} VARIABLE add_ln1273_3 LOOP VITIS_LOOP_36_4_VITIS_LOOP_37_5 BUNDLEDNAME {} DSP 0 BRAM 0 URAM 0 DISPNAME {bind_op add}} {BINDTYPE op ID {} IMPL fabric LATENCY 0 OPTYPE add PRAGMA {} RTLNAME add_ln1347_49_fu_7083_p2 SOURCE {C:/Xilinx/Vitis_HLS/2022.2/common/technology/autopilot\ap_fixed_base.h:1347} VARIABLE add_ln1347_49 LOOP VITIS_LOOP_36_4_VITIS_LOOP_37_5 BUNDLEDNAME {} DSP 0 BRAM 0 URAM 0 DISPNAME {bind_op add}} {BINDTYPE op ID {} IMPL fabric LATENCY 0 OPTYPE add PRAGMA {} RTLNAME add_ln813_31_fu_7097_p2 SOURCE {C:/Xilinx/Vitis_HLS/2022.2/common/technology/autopilot\ap_fixed_base.h:813} VARIABLE add_ln813_31 LOOP VITIS_LOOP_36_4_VITIS_LOOP_37_5 BUNDLEDNAME {} DSP 0 BRAM 0 URAM 0 DISPNAME {bind_op add}} {BINDTYPE op ID {} IMPL fabric LATENCY 0 OPTYPE sub PRAGMA {} RTLNAME sub_ln1273_27_fu_7145_p2 SOURCE {C:/Xilinx/Vitis_HLS/2022.2/common/technology/autopilot\ap_fixed_base.h:1273} VARIABLE sub_ln1273_27 LOOP VITIS_LOOP_36_4_VITIS_LOOP_37_5 BUNDLEDNAME {} DSP 0 BRAM 0 URAM 0 DISPNAME {bind_op sub}} {BINDTYPE op ID {} IMPL fabric LATENCY 0 OPTYPE add PRAGMA {} RTLNAME add_ln1347_50_fu_7170_p2 SOURCE {C:/Xilinx/Vitis_HLS/2022.2/common/technology/autopilot\ap_fixed_base.h:1347} VARIABLE add_ln1347_50 LOOP VITIS_LOOP_36_4_VITIS_LOOP_37_5 BUNDLEDNAME {} DSP 0 BRAM 0 URAM 0 DISPNAME {bind_op add}} {BINDTYPE op ID {} IMPL fabric LATENCY 0 OPTYPE add PRAGMA {} RTLNAME add_ln813_32_fu_7184_p2 SOURCE {C:/Xilinx/Vitis_HLS/2022.2/common/technology/autopilot\ap_fixed_base.h:813} VARIABLE add_ln813_32 LOOP VITIS_LOOP_36_4_VITIS_LOOP_37_5 BUNDLEDNAME {} DSP 0 BRAM 0 URAM 0 DISPNAME {bind_op add}} {BINDTYPE op ID {} IMPL fabric LATENCY 0 OPTYPE add PRAGMA {} RTLNAME add_ln377_5_fu_7288_p2 SOURCE {C:/Xilinx/Vitis_HLS/2022.2/common/technology/autopilot\ap_fixed_base.h:377} VARIABLE add_ln377_5 LOOP VITIS_LOOP_36_4_VITIS_LOOP_37_5 BUNDLEDNAME {} DSP 0 BRAM 0 URAM 0 DISPNAME {bind_op add}} {BINDTYPE op ID {} IMPL fabric LATENCY 0 OPTYPE add PRAGMA {} RTLNAME add_ln856_5_fu_7294_p2 SOURCE {C:/Xilinx/Vitis_HLS/2022.2/common/technology/autopilot\ap_fixed_base.h:856} VARIABLE add_ln856_5 LOOP VITIS_LOOP_36_4_VITIS_LOOP_37_5 BUNDLEDNAME {} DSP 0 BRAM 0 URAM 0 DISPNAME {bind_op add}} {BINDTYPE op ID {} IMPL fabric LATENCY 0 OPTYPE sub PRAGMA {} RTLNAME sub_ln1273_28_fu_529_p2 SOURCE {C:/Xilinx/Vitis_HLS/2022.2/common/technology/autopilot\ap_fixed_base.h:1273} VARIABLE sub_ln1273_28 LOOP VITIS_LOOP_36_4_VITIS_LOOP_37_5 BUNDLEDNAME {} DSP 0 BRAM 0 URAM 0 DISPNAME {bind_op sub}} {BINDTYPE op ID {} IMPL fabric LATENCY 0 OPTYPE add PRAGMA {} RTLNAME add_ln1347_51_fu_543_p2 SOURCE {C:/Xilinx/Vitis_HLS/2022.2/common/technology/autopilot\ap_fixed_base.h:1347} VARIABLE add_ln1347_51 LOOP VITIS_LOOP_36_4_VITIS_LOOP_37_5 BUNDLEDNAME {} DSP 0 BRAM 0 URAM 0 DISPNAME {bind_op add}} {BINDTYPE op ID {} IMPL fabric LATENCY 0 OPTYPE add PRAGMA {} RTLNAME add_ln1347_52_fu_2704_p2 SOURCE {C:/Xilinx/Vitis_HLS/2022.2/common/technology/autopilot\ap_fixed_base.h:1347} VARIABLE add_ln1347_52 LOOP VITIS_LOOP_36_4_VITIS_LOOP_37_5 BUNDLEDNAME {} DSP 0 BRAM 0 URAM 0 DISPNAME {bind_op add}} {BINDTYPE op ID {} IMPL fabric LATENCY 0 OPTYPE sub PRAGMA {} RTLNAME sub_ln1273_29_fu_2714_p2 SOURCE {C:/Xilinx/Vitis_HLS/2022.2/common/technology/autopilot\ap_fixed_base.h:1273} VARIABLE sub_ln1273_29 LOOP VITIS_LOOP_36_4_VITIS_LOOP_37_5 BUNDLEDNAME {} DSP 0 BRAM 0 URAM 0 DISPNAME {bind_op sub}} {BINDTYPE op ID {} IMPL fabric LATENCY 0 OPTYPE add PRAGMA {} RTLNAME add_ln1347_53_fu_2731_p2 SOURCE {C:/Xilinx/Vitis_HLS/2022.2/common/technology/autopilot\ap_fixed_base.h:1347} VARIABLE add_ln1347_53 LOOP VITIS_LOOP_36_4_VITIS_LOOP_37_5 BUNDLEDNAME {} DSP 0 BRAM 0 URAM 0 DISPNAME {bind_op add}} {BINDTYPE op ID {} IMPL fabric LATENCY 0 OPTYPE add PRAGMA {} RTLNAME add_ln1347_54_fu_2761_p2 SOURCE {C:/Xilinx/Vitis_HLS/2022.2/common/technology/autopilot\ap_fixed_base.h:1347} VARIABLE add_ln1347_54 LOOP VITIS_LOOP_36_4_VITIS_LOOP_37_5 BUNDLEDNAME {} DSP 0 BRAM 0 URAM 0 DISPNAME {bind_op add}} {BINDTYPE op ID {} IMPL fabric LATENCY 0 OPTYPE add PRAGMA {} RTLNAME add_ln813_33_fu_2775_p2 SOURCE {C:/Xilinx/Vitis_HLS/2022.2/common/technology/autopilot\ap_fixed_base.h:813} VARIABLE add_ln813_33 LOOP VITIS_LOOP_36_4_VITIS_LOOP_37_5 BUNDLEDNAME {} DSP 0 BRAM 0 URAM 0 DISPNAME {bind_op add}} {BINDTYPE op ID {} IMPL fabric LATENCY 0 OPTYPE add PRAGMA {} RTLNAME add_ln1347_55_fu_2827_p2 SOURCE {C:/Xilinx/Vitis_HLS/2022.2/common/technology/autopilot\ap_fixed_base.h:1347} VARIABLE add_ln1347_55 LOOP VITIS_LOOP_36_4_VITIS_LOOP_37_5 BUNDLEDNAME {} DSP 0 BRAM 0 URAM 0 DISPNAME {bind_op add}} {BINDTYPE op ID {} IMPL fabric LATENCY 0 OPTYPE add PRAGMA {} RTLNAME add_ln813_34_fu_2841_p2 SOURCE {C:/Xilinx/Vitis_HLS/2022.2/common/technology/autopilot\ap_fixed_base.h:813} VARIABLE add_ln813_34 LOOP VITIS_LOOP_36_4_VITIS_LOOP_37_5 BUNDLEDNAME {} DSP 0 BRAM 0 URAM 0 DISPNAME {bind_op add}} {BINDTYPE op ID {} IMPL fabric LATENCY 0 OPTYPE sub PRAGMA {} RTLNAME sub_ln1273_30_fu_2889_p2 SOURCE {C:/Xilinx/Vitis_HLS/2022.2/common/technology/autopilot\ap_fixed_base.h:1273} VARIABLE sub_ln1273_30 LOOP VITIS_LOOP_36_4_VITIS_LOOP_37_5 BUNDLEDNAME {} DSP 0 BRAM 0 URAM 0 DISPNAME {bind_op sub}} {BINDTYPE op ID {} IMPL fabric LATENCY 0 OPTYPE add PRAGMA {} RTLNAME add_ln1347_56_fu_2915_p2 SOURCE {C:/Xilinx/Vitis_HLS/2022.2/common/technology/autopilot\ap_fixed_base.h:1347} VARIABLE add_ln1347_56 LOOP VITIS_LOOP_36_4_VITIS_LOOP_37_5 BUNDLEDNAME {} DSP 0 BRAM 0 URAM 0 DISPNAME {bind_op add}} {BINDTYPE op ID {} IMPL fabric LATENCY 0 OPTYPE add PRAGMA {} RTLNAME add_ln813_35_fu_2929_p2 SOURCE {C:/Xilinx/Vitis_HLS/2022.2/common/technology/autopilot\ap_fixed_base.h:813} VARIABLE add_ln813_35 LOOP VITIS_LOOP_36_4_VITIS_LOOP_37_5 BUNDLEDNAME {} DSP 0 BRAM 0 URAM 0 DISPNAME {bind_op add}} {BINDTYPE op ID {} IMPL fabric LATENCY 0 OPTYPE sub PRAGMA {} RTLNAME sub_ln1273_31_fu_2989_p2 SOURCE {C:/Xilinx/Vitis_HLS/2022.2/common/technology/autopilot\ap_fixed_base.h:1273} VARIABLE sub_ln1273_31 LOOP VITIS_LOOP_36_4_VITIS_LOOP_37_5 BUNDLEDNAME {} DSP 0 BRAM 0 URAM 0 DISPNAME {bind_op sub}} {BINDTYPE op ID {} IMPL fabric LATENCY 0 OPTYPE add PRAGMA {} RTLNAME add_ln1347_57_fu_7388_p2 SOURCE {C:/Xilinx/Vitis_HLS/2022.2/common/technology/autopilot\ap_fixed_base.h:1347} VARIABLE add_ln1347_57 LOOP VITIS_LOOP_36_4_VITIS_LOOP_37_5 BUNDLEDNAME {} DSP 0 BRAM 0 URAM 0 DISPNAME {bind_op add}} {BINDTYPE op ID {} IMPL fabric LATENCY 0 OPTYPE add PRAGMA {} RTLNAME add_ln813_36_fu_7402_p2 SOURCE {C:/Xilinx/Vitis_HLS/2022.2/common/technology/autopilot\ap_fixed_base.h:813} VARIABLE add_ln813_36 LOOP VITIS_LOOP_36_4_VITIS_LOOP_37_5 BUNDLEDNAME {} DSP 0 BRAM 0 URAM 0 DISPNAME {bind_op add}} {BINDTYPE op ID {} IMPL fabric LATENCY 0 OPTYPE add PRAGMA {} RTLNAME add_ln1347_58_fu_7468_p2 SOURCE {C:/Xilinx/Vitis_HLS/2022.2/common/technology/autopilot\ap_fixed_base.h:1347} VARIABLE add_ln1347_58 LOOP VITIS_LOOP_36_4_VITIS_LOOP_37_5 BUNDLEDNAME {} DSP 0 BRAM 0 URAM 0 DISPNAME {bind_op add}} {BINDTYPE op ID {} IMPL fabric LATENCY 0 OPTYPE add PRAGMA {} RTLNAME add_ln813_37_fu_7482_p2 SOURCE {C:/Xilinx/Vitis_HLS/2022.2/common/technology/autopilot\ap_fixed_base.h:813} VARIABLE add_ln813_37 LOOP VITIS_LOOP_36_4_VITIS_LOOP_37_5 BUNDLEDNAME {} DSP 0 BRAM 0 URAM 0 DISPNAME {bind_op add}} {BINDTYPE op ID {} IMPL fabric LATENCY 0 OPTYPE add PRAGMA {} RTLNAME add_ln1347_59_fu_7534_p2 SOURCE {C:/Xilinx/Vitis_HLS/2022.2/common/technology/autopilot\ap_fixed_base.h:1347} VARIABLE add_ln1347_59 LOOP VITIS_LOOP_36_4_VITIS_LOOP_37_5 BUNDLEDNAME {} DSP 0 BRAM 0 URAM 0 DISPNAME {bind_op add}} {BINDTYPE op ID {} IMPL fabric LATENCY 0 OPTYPE add PRAGMA {} RTLNAME add_ln813_38_fu_7548_p2 SOURCE {C:/Xilinx/Vitis_HLS/2022.2/common/technology/autopilot\ap_fixed_base.h:813} VARIABLE add_ln813_38 LOOP VITIS_LOOP_36_4_VITIS_LOOP_37_5 BUNDLEDNAME {} DSP 0 BRAM 0 URAM 0 DISPNAME {bind_op add}} {BINDTYPE op ID {} IMPL fabric LATENCY 0 OPTYPE add PRAGMA {} RTLNAME add_ln377_6_fu_7652_p2 SOURCE {C:/Xilinx/Vitis_HLS/2022.2/common/technology/autopilot\ap_fixed_base.h:377} VARIABLE add_ln377_6 LOOP VITIS_LOOP_36_4_VITIS_LOOP_37_5 BUNDLEDNAME {} DSP 0 BRAM 0 URAM 0 DISPNAME {bind_op add}} {BINDTYPE op ID {} IMPL fabric LATENCY 0 OPTYPE add PRAGMA {} RTLNAME add_ln856_6_fu_7658_p2 SOURCE {C:/Xilinx/Vitis_HLS/2022.2/common/technology/autopilot\ap_fixed_base.h:856} VARIABLE add_ln856_6 LOOP VITIS_LOOP_36_4_VITIS_LOOP_37_5 BUNDLEDNAME {} DSP 0 BRAM 0 URAM 0 DISPNAME {bind_op add}} {BINDTYPE op ID {} IMPL fabric LATENCY 0 OPTYPE add PRAGMA {} RTLNAME add_ln1347_60_fu_561_p2 SOURCE {C:/Xilinx/Vitis_HLS/2022.2/common/technology/autopilot\ap_fixed_base.h:1347} VARIABLE add_ln1347_60 LOOP VITIS_LOOP_36_4_VITIS_LOOP_37_5 BUNDLEDNAME {} DSP 0 BRAM 0 URAM 0 DISPNAME {bind_op add}} {BINDTYPE op ID {} IMPL fabric LATENCY 0 OPTYPE add PRAGMA {} RTLNAME add_ln1273_4_fu_571_p2 SOURCE {C:/Xilinx/Vitis_HLS/2022.2/common/technology/autopilot\ap_fixed_base.h:1273} VARIABLE add_ln1273_4 LOOP VITIS_LOOP_36_4_VITIS_LOOP_37_5 BUNDLEDNAME {} DSP 0 BRAM 0 URAM 0 DISPNAME {bind_op add}} {BINDTYPE op ID {} IMPL fabric LATENCY 0 OPTYPE add PRAGMA {} RTLNAME add_ln1347_61_fu_589_p2 SOURCE {C:/Xilinx/Vitis_HLS/2022.2/common/technology/autopilot\ap_fixed_base.h:1347} VARIABLE add_ln1347_61 LOOP VITIS_LOOP_36_4_VITIS_LOOP_37_5 BUNDLEDNAME {} DSP 0 BRAM 0 URAM 0 DISPNAME {bind_op add}} {BINDTYPE op ID {} IMPL fabric LATENCY 0 OPTYPE sub PRAGMA {} RTLNAME sub_ln1273_32_fu_2998_p2 SOURCE {C:/Xilinx/Vitis_HLS/2022.2/common/technology/autopilot\ap_fixed_base.h:1273} VARIABLE sub_ln1273_32 LOOP VITIS_LOOP_36_4_VITIS_LOOP_37_5 BUNDLEDNAME {} DSP 0 BRAM 0 URAM 0 DISPNAME {bind_op sub}} {BINDTYPE op ID {} IMPL fabric LATENCY 0 OPTYPE add PRAGMA {} RTLNAME add_ln1347_62_fu_3016_p2 SOURCE {C:/Xilinx/Vitis_HLS/2022.2/common/technology/autopilot\ap_fixed_base.h:1347} VARIABLE add_ln1347_62 LOOP VITIS_LOOP_36_4_VITIS_LOOP_37_5 BUNDLEDNAME {} DSP 0 BRAM 0 URAM 0 DISPNAME {bind_op add}} {BINDTYPE op ID {} IMPL fabric LATENCY 0 OPTYPE sub PRAGMA {} RTLNAME sub_ln1273_33_fu_3026_p2 SOURCE {C:/Xilinx/Vitis_HLS/2022.2/common/technology/autopilot\ap_fixed_base.h:1273} VARIABLE sub_ln1273_33 LOOP VITIS_LOOP_36_4_VITIS_LOOP_37_5 BUNDLEDNAME {} DSP 0 BRAM 0 URAM 0 DISPNAME {bind_op sub}} {BINDTYPE op ID {} IMPL fabric LATENCY 0 OPTYPE add PRAGMA {} RTLNAME add_ln1347_63_fu_3052_p2 SOURCE {C:/Xilinx/Vitis_HLS/2022.2/common/technology/autopilot\ap_fixed_base.h:1347} VARIABLE add_ln1347_63 LOOP VITIS_LOOP_36_4_VITIS_LOOP_37_5 BUNDLEDNAME {} DSP 0 BRAM 0 URAM 0 DISPNAME {bind_op add}} {BINDTYPE op ID {} IMPL fabric LATENCY 0 OPTYPE add PRAGMA {} RTLNAME add_ln813_39_fu_3066_p2 SOURCE {C:/Xilinx/Vitis_HLS/2022.2/common/technology/autopilot\ap_fixed_base.h:813} VARIABLE add_ln813_39 LOOP VITIS_LOOP_36_4_VITIS_LOOP_37_5 BUNDLEDNAME {} DSP 0 BRAM 0 URAM 0 DISPNAME {bind_op add}} {BINDTYPE op ID {} IMPL fabric LATENCY 0 OPTYPE sub PRAGMA {} RTLNAME sub_ln1273_34_fu_3126_p2 SOURCE {C:/Xilinx/Vitis_HLS/2022.2/common/technology/autopilot\ap_fixed_base.h:1273} VARIABLE sub_ln1273_34 LOOP VITIS_LOOP_36_4_VITIS_LOOP_37_5 BUNDLEDNAME {} DSP 0 BRAM 0 URAM 0 DISPNAME {bind_op sub}} {BINDTYPE op ID {} IMPL fabric LATENCY 0 OPTYPE add PRAGMA {} RTLNAME add_ln1347_64_fu_3152_p2 SOURCE {C:/Xilinx/Vitis_HLS/2022.2/common/technology/autopilot\ap_fixed_base.h:1347} VARIABLE add_ln1347_64 LOOP VITIS_LOOP_36_4_VITIS_LOOP_37_5 BUNDLEDNAME {} DSP 0 BRAM 0 URAM 0 DISPNAME {bind_op add}} {BINDTYPE op ID {} IMPL fabric LATENCY 0 OPTYPE add PRAGMA {} RTLNAME add_ln813_40_fu_3166_p2 SOURCE {C:/Xilinx/Vitis_HLS/2022.2/common/technology/autopilot\ap_fixed_base.h:813} VARIABLE add_ln813_40 LOOP VITIS_LOOP_36_4_VITIS_LOOP_37_5 BUNDLEDNAME {} DSP 0 BRAM 0 URAM 0 DISPNAME {bind_op add}} {BINDTYPE op ID {} IMPL fabric LATENCY 0 OPTYPE sub PRAGMA {} RTLNAME sub_ln1273_35_fu_3214_p2 SOURCE {C:/Xilinx/Vitis_HLS/2022.2/common/technology/autopilot\ap_fixed_base.h:1273} VARIABLE sub_ln1273_35 LOOP VITIS_LOOP_36_4_VITIS_LOOP_37_5 BUNDLEDNAME {} DSP 0 BRAM 0 URAM 0 DISPNAME {bind_op sub}} {BINDTYPE op ID {} IMPL fabric LATENCY 0 OPTYPE add PRAGMA {} RTLNAME add_ln1347_65_fu_3240_p2 SOURCE {C:/Xilinx/Vitis_HLS/2022.2/common/technology/autopilot\ap_fixed_base.h:1347} VARIABLE add_ln1347_65 LOOP VITIS_LOOP_36_4_VITIS_LOOP_37_5 BUNDLEDNAME {} DSP 0 BRAM 0 URAM 0 DISPNAME {bind_op add}} {BINDTYPE op ID {} IMPL fabric LATENCY 0 OPTYPE add PRAGMA {} RTLNAME add_ln813_41_fu_3254_p2 SOURCE {C:/Xilinx/Vitis_HLS/2022.2/common/technology/autopilot\ap_fixed_base.h:813} VARIABLE add_ln813_41 LOOP VITIS_LOOP_36_4_VITIS_LOOP_37_5 BUNDLEDNAME {} DSP 0 BRAM 0 URAM 0 DISPNAME {bind_op add}} {BINDTYPE op ID {} IMPL fabric LATENCY 0 OPTYPE add PRAGMA {} RTLNAME add_ln1347_66_fu_7752_p2 SOURCE {C:/Xilinx/Vitis_HLS/2022.2/common/technology/autopilot\ap_fixed_base.h:1347} VARIABLE add_ln1347_66 LOOP VITIS_LOOP_36_4_VITIS_LOOP_37_5 BUNDLEDNAME {} DSP 0 BRAM 0 URAM 0 DISPNAME {bind_op add}} {BINDTYPE op ID {} IMPL fabric LATENCY 0 OPTYPE add PRAGMA {} RTLNAME add_ln813_42_fu_7766_p2 SOURCE {C:/Xilinx/Vitis_HLS/2022.2/common/technology/autopilot\ap_fixed_base.h:813} VARIABLE add_ln813_42 LOOP VITIS_LOOP_36_4_VITIS_LOOP_37_5 BUNDLEDNAME {} DSP 0 BRAM 0 URAM 0 DISPNAME {bind_op add}} {BINDTYPE op ID {} IMPL fabric LATENCY 0 OPTYPE sub PRAGMA {} RTLNAME sub_ln1273_36_fu_7813_p2 SOURCE {C:/Xilinx/Vitis_HLS/2022.2/common/technology/autopilot\ap_fixed_base.h:1273} VARIABLE sub_ln1273_36 LOOP VITIS_LOOP_36_4_VITIS_LOOP_37_5 BUNDLEDNAME {} DSP 0 BRAM 0 URAM 0 DISPNAME {bind_op sub}} {BINDTYPE op ID {} IMPL fabric LATENCY 0 OPTYPE add PRAGMA {} RTLNAME add_ln1347_67_fu_7838_p2 SOURCE {C:/Xilinx/Vitis_HLS/2022.2/common/technology/autopilot\ap_fixed_base.h:1347} VARIABLE add_ln1347_67 LOOP VITIS_LOOP_36_4_VITIS_LOOP_37_5 BUNDLEDNAME {} DSP 0 BRAM 0 URAM 0 DISPNAME {bind_op add}} {BINDTYPE op ID {} IMPL fabric LATENCY 0 OPTYPE add PRAGMA {} RTLNAME add_ln813_43_fu_7852_p2 SOURCE {C:/Xilinx/Vitis_HLS/2022.2/common/technology/autopilot\ap_fixed_base.h:813} VARIABLE add_ln813_43 LOOP VITIS_LOOP_36_4_VITIS_LOOP_37_5 BUNDLEDNAME {} DSP 0 BRAM 0 URAM 0 DISPNAME {bind_op add}} {BINDTYPE op ID {} IMPL fabric LATENCY 0 OPTYPE sub PRAGMA {} RTLNAME sub_ln1273_37_fu_7911_p2 SOURCE {C:/Xilinx/Vitis_HLS/2022.2/common/technology/autopilot\ap_fixed_base.h:1273} VARIABLE sub_ln1273_37 LOOP VITIS_LOOP_36_4_VITIS_LOOP_37_5 BUNDLEDNAME {} DSP 0 BRAM 0 URAM 0 DISPNAME {bind_op sub}} {BINDTYPE op ID {} IMPL fabric LATENCY 0 OPTYPE add PRAGMA {} RTLNAME add_ln1347_68_fu_7937_p2 SOURCE {C:/Xilinx/Vitis_HLS/2022.2/common/technology/autopilot\ap_fixed_base.h:1347} VARIABLE add_ln1347_68 LOOP VITIS_LOOP_36_4_VITIS_LOOP_37_5 BUNDLEDNAME {} DSP 0 BRAM 0 URAM 0 DISPNAME {bind_op add}} {BINDTYPE op ID {} IMPL fabric LATENCY 0 OPTYPE add PRAGMA {} RTLNAME add_ln813_44_fu_7951_p2 SOURCE {C:/Xilinx/Vitis_HLS/2022.2/common/technology/autopilot\ap_fixed_base.h:813} VARIABLE add_ln813_44 LOOP VITIS_LOOP_36_4_VITIS_LOOP_37_5 BUNDLEDNAME {} DSP 0 BRAM 0 URAM 0 DISPNAME {bind_op add}} {BINDTYPE op ID {} IMPL fabric LATENCY 0 OPTYPE add PRAGMA {} RTLNAME add_ln377_7_fu_8055_p2 SOURCE {C:/Xilinx/Vitis_HLS/2022.2/common/technology/autopilot\ap_fixed_base.h:377} VARIABLE add_ln377_7 LOOP VITIS_LOOP_36_4_VITIS_LOOP_37_5 BUNDLEDNAME {} DSP 0 BRAM 0 URAM 0 DISPNAME {bind_op add}} {BINDTYPE op ID {} IMPL fabric LATENCY 0 OPTYPE add PRAGMA {} RTLNAME add_ln856_7_fu_8061_p2 SOURCE {C:/Xilinx/Vitis_HLS/2022.2/common/technology/autopilot\ap_fixed_base.h:856} VARIABLE add_ln856_7 LOOP VITIS_LOOP_36_4_VITIS_LOOP_37_5 BUNDLEDNAME {} DSP 0 BRAM 0 URAM 0 DISPNAME {bind_op add}} {BINDTYPE op ID {} IMPL fabric LATENCY 0 OPTYPE add PRAGMA {} RTLNAME add_ln1347_69_fu_3302_p2 SOURCE {C:/Xilinx/Vitis_HLS/2022.2/common/technology/autopilot\ap_fixed_base.h:1347} VARIABLE add_ln1347_69 LOOP VITIS_LOOP_36_4_VITIS_LOOP_37_5 BUNDLEDNAME {} DSP 0 BRAM 0 URAM 0 DISPNAME {bind_op add}} {BINDTYPE op ID {} IMPL fabric LATENCY 0 OPTYPE add PRAGMA {} RTLNAME add_ln1347_72_fu_3332_p2 SOURCE {C:/Xilinx/Vitis_HLS/2022.2/common/technology/autopilot\ap_fixed_base.h:1347} VARIABLE add_ln1347_72 LOOP VITIS_LOOP_36_4_VITIS_LOOP_37_5 BUNDLEDNAME {} DSP 0 BRAM 0 URAM 0 DISPNAME {bind_op add}} {BINDTYPE op ID {} IMPL fabric LATENCY 0 OPTYPE add PRAGMA {} RTLNAME add_ln813_45_fu_3346_p2 SOURCE {C:/Xilinx/Vitis_HLS/2022.2/common/technology/autopilot\ap_fixed_base.h:813} VARIABLE add_ln813_45 LOOP VITIS_LOOP_36_4_VITIS_LOOP_37_5 BUNDLEDNAME {} DSP 0 BRAM 0 URAM 0 DISPNAME {bind_op add}} {BINDTYPE op ID {} IMPL fabric LATENCY 0 OPTYPE add PRAGMA {} RTLNAME add_ln1347_73_fu_3398_p2 SOURCE {C:/Xilinx/Vitis_HLS/2022.2/common/technology/autopilot\ap_fixed_base.h:1347} VARIABLE add_ln1347_73 LOOP VITIS_LOOP_36_4_VITIS_LOOP_37_5 BUNDLEDNAME {} DSP 0 BRAM 0 URAM 0 DISPNAME {bind_op add}} {BINDTYPE op ID {} IMPL fabric LATENCY 0 OPTYPE add PRAGMA {} RTLNAME add_ln813_46_fu_3412_p2 SOURCE {C:/Xilinx/Vitis_HLS/2022.2/common/technology/autopilot\ap_fixed_base.h:813} VARIABLE add_ln813_46 LOOP VITIS_LOOP_36_4_VITIS_LOOP_37_5 BUNDLEDNAME {} DSP 0 BRAM 0 URAM 0 DISPNAME {bind_op add}} {BINDTYPE op ID {} IMPL fabric LATENCY 0 OPTYPE sub PRAGMA {} RTLNAME sub_ln1273_38_fu_3471_p2 SOURCE {C:/Xilinx/Vitis_HLS/2022.2/common/technology/autopilot\ap_fixed_base.h:1273} VARIABLE sub_ln1273_38 LOOP VITIS_LOOP_36_4_VITIS_LOOP_37_5 BUNDLEDNAME {} DSP 0 BRAM 0 URAM 0 DISPNAME {bind_op sub}} {BINDTYPE op ID {} IMPL fabric LATENCY 0 OPTYPE sub PRAGMA {} RTLNAME sub_ln1273_39_fu_3477_p2 SOURCE {C:/Xilinx/Vitis_HLS/2022.2/common/technology/autopilot\ap_fixed_base.h:1273} VARIABLE sub_ln1273_39 LOOP VITIS_LOOP_36_4_VITIS_LOOP_37_5 BUNDLEDNAME {} DSP 0 BRAM 0 URAM 0 DISPNAME {bind_op sub}} {BINDTYPE op ID {} IMPL fabric LATENCY 0 OPTYPE add PRAGMA {} RTLNAME add_ln1347_74_fu_3503_p2 SOURCE {C:/Xilinx/Vitis_HLS/2022.2/common/technology/autopilot\ap_fixed_base.h:1347} VARIABLE add_ln1347_74 LOOP VITIS_LOOP_36_4_VITIS_LOOP_37_5 BUNDLEDNAME {} DSP 0 BRAM 0 URAM 0 DISPNAME {bind_op add}} {BINDTYPE op ID {} IMPL fabric LATENCY 0 OPTYPE add PRAGMA {} RTLNAME add_ln813_47_fu_3517_p2 SOURCE {C:/Xilinx/Vitis_HLS/2022.2/common/technology/autopilot\ap_fixed_base.h:813} VARIABLE add_ln813_47 LOOP VITIS_LOOP_36_4_VITIS_LOOP_37_5 BUNDLEDNAME {} DSP 0 BRAM 0 URAM 0 DISPNAME {bind_op add}} {BINDTYPE op ID {} IMPL fabric LATENCY 0 OPTYPE add PRAGMA {} RTLNAME add_ln1347_75_fu_8140_p2 SOURCE {C:/Xilinx/Vitis_HLS/2022.2/common/technology/autopilot\ap_fixed_base.h:1347} VARIABLE add_ln1347_75 LOOP VITIS_LOOP_36_4_VITIS_LOOP_37_5 BUNDLEDNAME {} DSP 0 BRAM 0 URAM 0 DISPNAME {bind_op add}} {BINDTYPE op ID {} IMPL fabric LATENCY 0 OPTYPE add PRAGMA {} RTLNAME add_ln813_48_fu_8154_p2 SOURCE {C:/Xilinx/Vitis_HLS/2022.2/common/technology/autopilot\ap_fixed_base.h:813} VARIABLE add_ln813_48 LOOP VITIS_LOOP_36_4_VITIS_LOOP_37_5 BUNDLEDNAME {} DSP 0 BRAM 0 URAM 0 DISPNAME {bind_op add}} {BINDTYPE op ID {} IMPL fabric LATENCY 0 OPTYPE sub PRAGMA {} RTLNAME sub_ln1273_40_fu_8201_p2 SOURCE {C:/Xilinx/Vitis_HLS/2022.2/common/technology/autopilot\ap_fixed_base.h:1273} VARIABLE sub_ln1273_40 LOOP VITIS_LOOP_36_4_VITIS_LOOP_37_5 BUNDLEDNAME {} DSP 0 BRAM 0 URAM 0 DISPNAME {bind_op sub}} {BINDTYPE op ID {} IMPL fabric LATENCY 0 OPTYPE add PRAGMA {} RTLNAME add_ln1347_76_fu_8226_p2 SOURCE {C:/Xilinx/Vitis_HLS/2022.2/common/technology/autopilot\ap_fixed_base.h:1347} VARIABLE add_ln1347_76 LOOP VITIS_LOOP_36_4_VITIS_LOOP_37_5 BUNDLEDNAME {} DSP 0 BRAM 0 URAM 0 DISPNAME {bind_op add}} {BINDTYPE op ID {} IMPL fabric LATENCY 0 OPTYPE add PRAGMA {} RTLNAME add_ln813_49_fu_8240_p2 SOURCE {C:/Xilinx/Vitis_HLS/2022.2/common/technology/autopilot\ap_fixed_base.h:813} VARIABLE add_ln813_49 LOOP VITIS_LOOP_36_4_VITIS_LOOP_37_5 BUNDLEDNAME {} DSP 0 BRAM 0 URAM 0 DISPNAME {bind_op add}} {BINDTYPE op ID {} IMPL fabric LATENCY 0 OPTYPE add PRAGMA {} RTLNAME add_ln377_8_fu_8344_p2 SOURCE {C:/Xilinx/Vitis_HLS/2022.2/common/technology/autopilot\ap_fixed_base.h:377} VARIABLE add_ln377_8 LOOP VITIS_LOOP_36_4_VITIS_LOOP_37_5 BUNDLEDNAME {} DSP 0 BRAM 0 URAM 0 DISPNAME {bind_op add}} {BINDTYPE op ID {} IMPL fabric LATENCY 0 OPTYPE add PRAGMA {} RTLNAME add_ln856_8_fu_8350_p2 SOURCE {C:/Xilinx/Vitis_HLS/2022.2/common/technology/autopilot\ap_fixed_base.h:856} VARIABLE add_ln856_8 LOOP VITIS_LOOP_36_4_VITIS_LOOP_37_5 BUNDLEDNAME {} DSP 0 BRAM 0 URAM 0 DISPNAME {bind_op add}} {BINDTYPE op ID {} IMPL fabric LATENCY 0 OPTYPE sub PRAGMA {} RTLNAME sub_ln1273_41_fu_595_p2 SOURCE {C:/Xilinx/Vitis_HLS/2022.2/common/technology/autopilot\ap_fixed_base.h:1273} VARIABLE sub_ln1273_41 LOOP VITIS_LOOP_36_4_VITIS_LOOP_37_5 BUNDLEDNAME {} DSP 0 BRAM 0 URAM 0 DISPNAME {bind_op sub}} {BINDTYPE op ID {} IMPL fabric LATENCY 0 OPTYPE add PRAGMA {} RTLNAME add_ln1347_77_fu_3572_p2 SOURCE {C:/Xilinx/Vitis_HLS/2022.2/common/technology/autopilot\ap_fixed_base.h:1347} VARIABLE add_ln1347_77 LOOP VITIS_LOOP_36_4_VITIS_LOOP_37_5 BUNDLEDNAME {} DSP 0 BRAM 0 URAM 0 DISPNAME {bind_op add}} {BINDTYPE op ID {} IMPL fabric LATENCY 0 OPTYPE add PRAGMA {} RTLNAME add_ln1347_80_fu_3602_p2 SOURCE {C:/Xilinx/Vitis_HLS/2022.2/common/technology/autopilot\ap_fixed_base.h:1347} VARIABLE add_ln1347_80 LOOP VITIS_LOOP_36_4_VITIS_LOOP_37_5 BUNDLEDNAME {} DSP 0 BRAM 0 URAM 0 DISPNAME {bind_op add}} {BINDTYPE op ID {} IMPL fabric LATENCY 0 OPTYPE add PRAGMA {} RTLNAME add_ln813_50_fu_3616_p2 SOURCE {C:/Xilinx/Vitis_HLS/2022.2/common/technology/autopilot\ap_fixed_base.h:813} VARIABLE add_ln813_50 LOOP VITIS_LOOP_36_4_VITIS_LOOP_37_5 BUNDLEDNAME {} DSP 0 BRAM 0 URAM 0 DISPNAME {bind_op add}} {BINDTYPE op ID {} IMPL fabric LATENCY 0 OPTYPE add PRAGMA {} RTLNAME add_ln1347_81_fu_3684_p2 SOURCE {C:/Xilinx/Vitis_HLS/2022.2/common/technology/autopilot\ap_fixed_base.h:1347} VARIABLE add_ln1347_81 LOOP VITIS_LOOP_36_4_VITIS_LOOP_37_5 BUNDLEDNAME {} DSP 0 BRAM 0 URAM 0 DISPNAME {bind_op add}} {BINDTYPE op ID {} IMPL fabric LATENCY 0 OPTYPE add PRAGMA {} RTLNAME add_ln813_51_fu_3698_p2 SOURCE {C:/Xilinx/Vitis_HLS/2022.2/common/technology/autopilot\ap_fixed_base.h:813} VARIABLE add_ln813_51 LOOP VITIS_LOOP_36_4_VITIS_LOOP_37_5 BUNDLEDNAME {} DSP 0 BRAM 0 URAM 0 DISPNAME {bind_op add}} {BINDTYPE op ID {} IMPL fabric LATENCY 0 OPTYPE add PRAGMA {} RTLNAME add_ln1347_82_fu_3750_p2 SOURCE {C:/Xilinx/Vitis_HLS/2022.2/common/technology/autopilot\ap_fixed_base.h:1347} VARIABLE add_ln1347_82 LOOP VITIS_LOOP_36_4_VITIS_LOOP_37_5 BUNDLEDNAME {} DSP 0 BRAM 0 URAM 0 DISPNAME {bind_op add}} {BINDTYPE op ID {} IMPL fabric LATENCY 0 OPTYPE add PRAGMA {} RTLNAME add_ln813_52_fu_3764_p2 SOURCE {C:/Xilinx/Vitis_HLS/2022.2/common/technology/autopilot\ap_fixed_base.h:813} VARIABLE add_ln813_52 LOOP VITIS_LOOP_36_4_VITIS_LOOP_37_5 BUNDLEDNAME {} DSP 0 BRAM 0 URAM 0 DISPNAME {bind_op add}} {BINDTYPE op ID {} IMPL fabric LATENCY 0 OPTYPE add PRAGMA {} RTLNAME add_ln1347_83_fu_8429_p2 SOURCE {C:/Xilinx/Vitis_HLS/2022.2/common/technology/autopilot\ap_fixed_base.h:1347} VARIABLE add_ln1347_83 LOOP VITIS_LOOP_36_4_VITIS_LOOP_37_5 BUNDLEDNAME {} DSP 0 BRAM 0 URAM 0 DISPNAME {bind_op add}} {BINDTYPE op ID {} IMPL fabric LATENCY 0 OPTYPE add PRAGMA {} RTLNAME add_ln813_53_fu_8443_p2 SOURCE {C:/Xilinx/Vitis_HLS/2022.2/common/technology/autopilot\ap_fixed_base.h:813} VARIABLE add_ln813_53 LOOP VITIS_LOOP_36_4_VITIS_LOOP_37_5 BUNDLEDNAME {} DSP 0 BRAM 0 URAM 0 DISPNAME {bind_op add}} {BINDTYPE op ID {} IMPL fabric LATENCY 0 OPTYPE add PRAGMA {} RTLNAME add_ln1347_84_fu_8509_p2 SOURCE {C:/Xilinx/Vitis_HLS/2022.2/common/technology/autopilot\ap_fixed_base.h:1347} VARIABLE add_ln1347_84 LOOP VITIS_LOOP_36_4_VITIS_LOOP_37_5 BUNDLEDNAME {} DSP 0 BRAM 0 URAM 0 DISPNAME {bind_op add}} {BINDTYPE op ID {} IMPL fabric LATENCY 0 OPTYPE add PRAGMA {} RTLNAME add_ln813_54_fu_8523_p2 SOURCE {C:/Xilinx/Vitis_HLS/2022.2/common/technology/autopilot\ap_fixed_base.h:813} VARIABLE add_ln813_54 LOOP VITIS_LOOP_36_4_VITIS_LOOP_37_5 BUNDLEDNAME {} DSP 0 BRAM 0 URAM 0 DISPNAME {bind_op add}} {BINDTYPE op ID {} IMPL fabric LATENCY 0 OPTYPE sub PRAGMA {} RTLNAME sub_ln1273_42_fu_8571_p2 SOURCE {C:/Xilinx/Vitis_HLS/2022.2/common/technology/autopilot\ap_fixed_base.h:1273} VARIABLE sub_ln1273_42 LOOP VITIS_LOOP_36_4_VITIS_LOOP_37_5 BUNDLEDNAME {} DSP 0 BRAM 0 URAM 0 DISPNAME {bind_op sub}} {BINDTYPE op ID {} IMPL fabric LATENCY 0 OPTYPE add PRAGMA {} RTLNAME add_ln1347_85_fu_8596_p2 SOURCE {C:/Xilinx/Vitis_HLS/2022.2/common/technology/autopilot\ap_fixed_base.h:1347} VARIABLE add_ln1347_85 LOOP VITIS_LOOP_36_4_VITIS_LOOP_37_5 BUNDLEDNAME {} DSP 0 BRAM 0 URAM 0 DISPNAME {bind_op add}} {BINDTYPE op ID {} IMPL fabric LATENCY 0 OPTYPE add PRAGMA {} RTLNAME add_ln813_55_fu_8610_p2 SOURCE {C:/Xilinx/Vitis_HLS/2022.2/common/technology/autopilot\ap_fixed_base.h:813} VARIABLE add_ln813_55 LOOP VITIS_LOOP_36_4_VITIS_LOOP_37_5 BUNDLEDNAME {} DSP 0 BRAM 0 URAM 0 DISPNAME {bind_op add}} {BINDTYPE op ID {} IMPL fabric LATENCY 0 OPTYPE add PRAGMA {} RTLNAME add_ln377_9_fu_8714_p2 SOURCE {C:/Xilinx/Vitis_HLS/2022.2/common/technology/autopilot\ap_fixed_base.h:377} VARIABLE add_ln377_9 LOOP VITIS_LOOP_36_4_VITIS_LOOP_37_5 BUNDLEDNAME {} DSP 0 BRAM 0 URAM 0 DISPNAME {bind_op add}} {BINDTYPE op ID {} IMPL fabric LATENCY 0 OPTYPE add PRAGMA {} RTLNAME add_ln856_9_fu_8720_p2 SOURCE {C:/Xilinx/Vitis_HLS/2022.2/common/technology/autopilot\ap_fixed_base.h:856} VARIABLE add_ln856_9 LOOP VITIS_LOOP_36_4_VITIS_LOOP_37_5 BUNDLEDNAME {} DSP 0 BRAM 0 URAM 0 DISPNAME {bind_op add}} {BINDTYPE op ID {} IMPL fabric LATENCY 0 OPTYPE add PRAGMA {} RTLNAME add_ln1347_86_fu_3812_p2 SOURCE {C:/Xilinx/Vitis_HLS/2022.2/common/technology/autopilot\ap_fixed_base.h:1347} VARIABLE add_ln1347_86 LOOP VITIS_LOOP_36_4_VITIS_LOOP_37_5 BUNDLEDNAME {} DSP 0 BRAM 0 URAM 0 DISPNAME {bind_op add}} {BINDTYPE op ID {} IMPL fabric LATENCY 0 OPTYPE add PRAGMA {} RTLNAME add_ln1347_87_fu_3833_p2 SOURCE {C:/Xilinx/Vitis_HLS/2022.2/common/technology/autopilot\ap_fixed_base.h:1347} VARIABLE add_ln1347_87 LOOP VITIS_LOOP_36_4_VITIS_LOOP_37_5 BUNDLEDNAME {} DSP 0 BRAM 0 URAM 0 DISPNAME {bind_op add}} {BINDTYPE op ID {} IMPL fabric LATENCY 0 OPTYPE sub PRAGMA {} RTLNAME sub_ln1273_43_fu_3843_p2 SOURCE {C:/Xilinx/Vitis_HLS/2022.2/common/technology/autopilot\ap_fixed_base.h:1273} VARIABLE sub_ln1273_43 LOOP VITIS_LOOP_36_4_VITIS_LOOP_37_5 BUNDLEDNAME {} DSP 0 BRAM 0 URAM 0 DISPNAME {bind_op sub}} {BINDTYPE op ID {} IMPL fabric LATENCY 0 OPTYPE add PRAGMA {} RTLNAME add_ln1347_88_fu_3861_p2 SOURCE {C:/Xilinx/Vitis_HLS/2022.2/common/technology/autopilot\ap_fixed_base.h:1347} VARIABLE add_ln1347_88 LOOP VITIS_LOOP_36_4_VITIS_LOOP_37_5 BUNDLEDNAME {} DSP 0 BRAM 0 URAM 0 DISPNAME {bind_op add}} {BINDTYPE op ID {} IMPL fabric LATENCY 0 OPTYPE add PRAGMA {} RTLNAME add_ln1347_89_fu_3875_p2 SOURCE {C:/Xilinx/Vitis_HLS/2022.2/common/technology/autopilot\ap_fixed_base.h:1347} VARIABLE add_ln1347_89 LOOP VITIS_LOOP_36_4_VITIS_LOOP_37_5 BUNDLEDNAME {} DSP 0 BRAM 0 URAM 0 DISPNAME {bind_op add}} {BINDTYPE op ID {} IMPL fabric LATENCY 0 OPTYPE add PRAGMA {} RTLNAME add_ln813_56_fu_3889_p2 SOURCE {C:/Xilinx/Vitis_HLS/2022.2/common/technology/autopilot\ap_fixed_base.h:813} VARIABLE add_ln813_56 LOOP VITIS_LOOP_36_4_VITIS_LOOP_37_5 BUNDLEDNAME {} DSP 0 BRAM 0 URAM 0 DISPNAME {bind_op add}} {BINDTYPE op ID {} IMPL fabric LATENCY 0 OPTYPE add PRAGMA {} RTLNAME add_ln1347_90_fu_3941_p2 SOURCE {C:/Xilinx/Vitis_HLS/2022.2/common/technology/autopilot\ap_fixed_base.h:1347} VARIABLE add_ln1347_90 LOOP VITIS_LOOP_36_4_VITIS_LOOP_37_5 BUNDLEDNAME {} DSP 0 BRAM 0 URAM 0 DISPNAME {bind_op add}} {BINDTYPE op ID {} IMPL fabric LATENCY 0 OPTYPE add PRAGMA {} RTLNAME add_ln813_57_fu_3955_p2 SOURCE {C:/Xilinx/Vitis_HLS/2022.2/common/technology/autopilot\ap_fixed_base.h:813} VARIABLE add_ln813_57 LOOP VITIS_LOOP_36_4_VITIS_LOOP_37_5 BUNDLEDNAME {} DSP 0 BRAM 0 URAM 0 DISPNAME {bind_op add}} {BINDTYPE op ID {} IMPL fabric LATENCY 0 OPTYPE sub PRAGMA {} RTLNAME sub_ln1273_44_fu_4003_p2 SOURCE {C:/Xilinx/Vitis_HLS/2022.2/common/technology/autopilot\ap_fixed_base.h:1273} VARIABLE sub_ln1273_44 LOOP VITIS_LOOP_36_4_VITIS_LOOP_37_5 BUNDLEDNAME {} DSP 0 BRAM 0 URAM 0 DISPNAME {bind_op sub}} {BINDTYPE op ID {} IMPL fabric LATENCY 0 OPTYPE add PRAGMA {} RTLNAME add_ln1347_91_fu_8814_p2 SOURCE {C:/Xilinx/Vitis_HLS/2022.2/common/technology/autopilot\ap_fixed_base.h:1347} VARIABLE add_ln1347_91 LOOP VITIS_LOOP_36_4_VITIS_LOOP_37_5 BUNDLEDNAME {} DSP 0 BRAM 0 URAM 0 DISPNAME {bind_op add}} {BINDTYPE op ID {} IMPL fabric LATENCY 0 OPTYPE add PRAGMA {} RTLNAME add_ln813_58_fu_8828_p2 SOURCE {C:/Xilinx/Vitis_HLS/2022.2/common/technology/autopilot\ap_fixed_base.h:813} VARIABLE add_ln813_58 LOOP VITIS_LOOP_36_4_VITIS_LOOP_37_5 BUNDLEDNAME {} DSP 0 BRAM 0 URAM 0 DISPNAME {bind_op add}} {BINDTYPE op ID {} IMPL fabric LATENCY 0 OPTYPE add PRAGMA {} RTLNAME add_ln1347_92_fu_8907_p2 SOURCE {C:/Xilinx/Vitis_HLS/2022.2/common/technology/autopilot\ap_fixed_base.h:1347} VARIABLE add_ln1347_92 LOOP VITIS_LOOP_36_4_VITIS_LOOP_37_5 BUNDLEDNAME {} DSP 0 BRAM 0 URAM 0 DISPNAME {bind_op add}} {BINDTYPE op ID {} IMPL fabric LATENCY 0 OPTYPE add PRAGMA {} RTLNAME add_ln813_59_fu_8921_p2 SOURCE {C:/Xilinx/Vitis_HLS/2022.2/common/technology/autopilot\ap_fixed_base.h:813} VARIABLE add_ln813_59 LOOP VITIS_LOOP_36_4_VITIS_LOOP_37_5 BUNDLEDNAME {} DSP 0 BRAM 0 URAM 0 DISPNAME {bind_op add}} {BINDTYPE op ID {} IMPL fabric LATENCY 0 OPTYPE add PRAGMA {} RTLNAME add_ln1273_5_fu_8969_p2 SOURCE {C:/Xilinx/Vitis_HLS/2022.2/common/technology/autopilot\ap_fixed_base.h:1273} VARIABLE add_ln1273_5 LOOP VITIS_LOOP_36_4_VITIS_LOOP_37_5 BUNDLEDNAME {} DSP 0 BRAM 0 URAM 0 DISPNAME {bind_op add}} {BINDTYPE op ID {} IMPL fabric LATENCY 0 OPTYPE add PRAGMA {} RTLNAME add_ln1347_93_fu_8994_p2 SOURCE {C:/Xilinx/Vitis_HLS/2022.2/common/technology/autopilot\ap_fixed_base.h:1347} VARIABLE add_ln1347_93 LOOP VITIS_LOOP_36_4_VITIS_LOOP_37_5 BUNDLEDNAME {} DSP 0 BRAM 0 URAM 0 DISPNAME {bind_op add}} {BINDTYPE op ID {} IMPL fabric LATENCY 0 OPTYPE add PRAGMA {} RTLNAME add_ln813_60_fu_9008_p2 SOURCE {C:/Xilinx/Vitis_HLS/2022.2/common/technology/autopilot\ap_fixed_base.h:813} VARIABLE add_ln813_60 LOOP VITIS_LOOP_36_4_VITIS_LOOP_37_5 BUNDLEDNAME {} DSP 0 BRAM 0 URAM 0 DISPNAME {bind_op add}} {BINDTYPE op ID {} IMPL fabric LATENCY 0 OPTYPE add PRAGMA {} RTLNAME add_ln377_10_fu_9112_p2 SOURCE {C:/Xilinx/Vitis_HLS/2022.2/common/technology/autopilot\ap_fixed_base.h:377} VARIABLE add_ln377_10 LOOP VITIS_LOOP_36_4_VITIS_LOOP_37_5 BUNDLEDNAME {} DSP 0 BRAM 0 URAM 0 DISPNAME {bind_op add}} {BINDTYPE op ID {} IMPL fabric LATENCY 0 OPTYPE add PRAGMA {} RTLNAME add_ln856_10_fu_9118_p2 SOURCE {C:/Xilinx/Vitis_HLS/2022.2/common/technology/autopilot\ap_fixed_base.h:856} VARIABLE add_ln856_10 LOOP VITIS_LOOP_36_4_VITIS_LOOP_37_5 BUNDLEDNAME {} DSP 0 BRAM 0 URAM 0 DISPNAME {bind_op add}} {BINDTYPE op ID {} IMPL fabric LATENCY 0 OPTYPE add PRAGMA {} RTLNAME add_ln1347_94_fu_601_p2 SOURCE {C:/Xilinx/Vitis_HLS/2022.2/common/technology/autopilot\ap_fixed_base.h:1347} VARIABLE add_ln1347_94 LOOP VITIS_LOOP_36_4_VITIS_LOOP_37_5 BUNDLEDNAME {} DSP 0 BRAM 0 URAM 0 DISPNAME {bind_op add}} {BINDTYPE op ID {} IMPL fabric LATENCY 0 OPTYPE add PRAGMA {} RTLNAME add_ln1347_95_fu_4023_p2 SOURCE {C:/Xilinx/Vitis_HLS/2022.2/common/technology/autopilot\ap_fixed_base.h:1347} VARIABLE add_ln1347_95 LOOP VITIS_LOOP_36_4_VITIS_LOOP_37_5 BUNDLEDNAME {} DSP 0 BRAM 0 URAM 0 DISPNAME {bind_op add}} {BINDTYPE op ID {} IMPL fabric LATENCY 0 OPTYPE add PRAGMA {} RTLNAME add_ln1347_96_fu_4033_p2 SOURCE {C:/Xilinx/Vitis_HLS/2022.2/common/technology/autopilot\ap_fixed_base.h:1347} VARIABLE add_ln1347_96 LOOP VITIS_LOOP_36_4_VITIS_LOOP_37_5 BUNDLEDNAME {} DSP 0 BRAM 0 URAM 0 DISPNAME {bind_op add}} {BINDTYPE op ID {} IMPL fabric LATENCY 0 OPTYPE sub PRAGMA {} RTLNAME sub_ln1273_47_fu_4043_p2 SOURCE {C:/Xilinx/Vitis_HLS/2022.2/common/technology/autopilot\ap_fixed_base.h:1273} VARIABLE sub_ln1273_47 LOOP VITIS_LOOP_36_4_VITIS_LOOP_37_5 BUNDLEDNAME {} DSP 0 BRAM 0 URAM 0 DISPNAME {bind_op sub}} {BINDTYPE op ID {} IMPL fabric LATENCY 0 OPTYPE add PRAGMA {} RTLNAME add_ln1347_97_fu_4069_p2 SOURCE {C:/Xilinx/Vitis_HLS/2022.2/common/technology/autopilot\ap_fixed_base.h:1347} VARIABLE add_ln1347_97 LOOP VITIS_LOOP_36_4_VITIS_LOOP_37_5 BUNDLEDNAME {} DSP 0 BRAM 0 URAM 0 DISPNAME {bind_op add}} {BINDTYPE op ID {} IMPL fabric LATENCY 0 OPTYPE add PRAGMA {} RTLNAME add_ln813_61_fu_4083_p2 SOURCE {C:/Xilinx/Vitis_HLS/2022.2/common/technology/autopilot\ap_fixed_base.h:813} VARIABLE add_ln813_61 LOOP VITIS_LOOP_36_4_VITIS_LOOP_37_5 BUNDLEDNAME {} DSP 0 BRAM 0 URAM 0 DISPNAME {bind_op add}} {BINDTYPE op ID {} IMPL fabric LATENCY 0 OPTYPE add PRAGMA {} RTLNAME add_ln1347_98_fu_4135_p2 SOURCE {C:/Xilinx/Vitis_HLS/2022.2/common/technology/autopilot\ap_fixed_base.h:1347} VARIABLE add_ln1347_98 LOOP VITIS_LOOP_36_4_VITIS_LOOP_37_5 BUNDLEDNAME {} DSP 0 BRAM 0 URAM 0 DISPNAME {bind_op add}} {BINDTYPE op ID {} IMPL fabric LATENCY 0 OPTYPE add PRAGMA {} RTLNAME add_ln813_62_fu_4149_p2 SOURCE {C:/Xilinx/Vitis_HLS/2022.2/common/technology/autopilot\ap_fixed_base.h:813} VARIABLE add_ln813_62 LOOP VITIS_LOOP_36_4_VITIS_LOOP_37_5 BUNDLEDNAME {} DSP 0 BRAM 0 URAM 0 DISPNAME {bind_op add}} {BINDTYPE op ID {} IMPL fabric LATENCY 0 OPTYPE sub PRAGMA {} RTLNAME sub_ln1273_48_fu_4197_p2 SOURCE {C:/Xilinx/Vitis_HLS/2022.2/common/technology/autopilot\ap_fixed_base.h:1273} VARIABLE sub_ln1273_48 LOOP VITIS_LOOP_36_4_VITIS_LOOP_37_5 BUNDLEDNAME {} DSP 0 BRAM 0 URAM 0 DISPNAME {bind_op sub}} {BINDTYPE op ID {} IMPL fabric LATENCY 0 OPTYPE add PRAGMA {} RTLNAME add_ln1347_99_fu_4223_p2 SOURCE {C:/Xilinx/Vitis_HLS/2022.2/common/technology/autopilot\ap_fixed_base.h:1347} VARIABLE add_ln1347_99 LOOP VITIS_LOOP_36_4_VITIS_LOOP_37_5 BUNDLEDNAME {} DSP 0 BRAM 0 URAM 0 DISPNAME {bind_op add}} {BINDTYPE op ID {} IMPL fabric LATENCY 0 OPTYPE add PRAGMA {} RTLNAME add_ln813_63_fu_4237_p2 SOURCE {C:/Xilinx/Vitis_HLS/2022.2/common/technology/autopilot\ap_fixed_base.h:813} VARIABLE add_ln813_63 LOOP VITIS_LOOP_36_4_VITIS_LOOP_37_5 BUNDLEDNAME {} DSP 0 BRAM 0 URAM 0 DISPNAME {bind_op add}} {BINDTYPE op ID {} IMPL fabric LATENCY 0 OPTYPE add PRAGMA {} RTLNAME add_ln1347_100_fu_9197_p2 SOURCE {C:/Xilinx/Vitis_HLS/2022.2/common/technology/autopilot\ap_fixed_base.h:1347} VARIABLE add_ln1347_100 LOOP VITIS_LOOP_36_4_VITIS_LOOP_37_5 BUNDLEDNAME {} DSP 0 BRAM 0 URAM 0 DISPNAME {bind_op add}} {BINDTYPE op ID {} IMPL fabric LATENCY 0 OPTYPE add PRAGMA {} RTLNAME add_ln813_64_fu_9211_p2 SOURCE {C:/Xilinx/Vitis_HLS/2022.2/common/technology/autopilot\ap_fixed_base.h:813} VARIABLE add_ln813_64 LOOP VITIS_LOOP_36_4_VITIS_LOOP_37_5 BUNDLEDNAME {} DSP 0 BRAM 0 URAM 0 DISPNAME {bind_op add}} {BINDTYPE op ID {} IMPL fabric LATENCY 0 OPTYPE add PRAGMA {} RTLNAME add_ln1347_101_fu_9262_p2 SOURCE {C:/Xilinx/Vitis_HLS/2022.2/common/technology/autopilot\ap_fixed_base.h:1347} VARIABLE add_ln1347_101 LOOP VITIS_LOOP_36_4_VITIS_LOOP_37_5 BUNDLEDNAME {} DSP 0 BRAM 0 URAM 0 DISPNAME {bind_op add}} {BINDTYPE op ID {} IMPL fabric LATENCY 0 OPTYPE add PRAGMA {} RTLNAME add_ln813_65_fu_9276_p2 SOURCE {C:/Xilinx/Vitis_HLS/2022.2/common/technology/autopilot\ap_fixed_base.h:813} VARIABLE add_ln813_65 LOOP VITIS_LOOP_36_4_VITIS_LOOP_37_5 BUNDLEDNAME {} DSP 0 BRAM 0 URAM 0 DISPNAME {bind_op add}} {BINDTYPE op ID {} IMPL fabric LATENCY 0 OPTYPE add PRAGMA {} RTLNAME add_ln377_11_fu_9380_p2 SOURCE {C:/Xilinx/Vitis_HLS/2022.2/common/technology/autopilot\ap_fixed_base.h:377} VARIABLE add_ln377_11 LOOP VITIS_LOOP_36_4_VITIS_LOOP_37_5 BUNDLEDNAME {} DSP 0 BRAM 0 URAM 0 DISPNAME {bind_op add}} {BINDTYPE op ID {} IMPL fabric LATENCY 0 OPTYPE add PRAGMA {} RTLNAME add_ln856_11_fu_9386_p2 SOURCE {C:/Xilinx/Vitis_HLS/2022.2/common/technology/autopilot\ap_fixed_base.h:856} VARIABLE add_ln856_11 LOOP VITIS_LOOP_36_4_VITIS_LOOP_37_5 BUNDLEDNAME {} DSP 0 BRAM 0 URAM 0 DISPNAME {bind_op add}} {BINDTYPE op ID {} IMPL fabric LATENCY 0 OPTYPE add PRAGMA {} RTLNAME add_ln1347_102_fu_607_p2 SOURCE {C:/Xilinx/Vitis_HLS/2022.2/common/technology/autopilot\ap_fixed_base.h:1347} VARIABLE add_ln1347_102 LOOP VITIS_LOOP_36_4_VITIS_LOOP_37_5 BUNDLEDNAME {} DSP 0 BRAM 0 URAM 0 DISPNAME {bind_op add}} {BINDTYPE op ID {} IMPL fabric LATENCY 0 OPTYPE add PRAGMA {} RTLNAME add_ln1347_103_fu_4299_p2 SOURCE {C:/Xilinx/Vitis_HLS/2022.2/common/technology/autopilot\ap_fixed_base.h:1347} VARIABLE add_ln1347_103 LOOP VITIS_LOOP_36_4_VITIS_LOOP_37_5 BUNDLEDNAME {} DSP 0 BRAM 0 URAM 0 DISPNAME {bind_op add}} {BINDTYPE op ID {} IMPL fabric LATENCY 0 OPTYPE add PRAGMA {} RTLNAME add_ln1347_104_fu_4309_p2 SOURCE {C:/Xilinx/Vitis_HLS/2022.2/common/technology/autopilot\ap_fixed_base.h:1347} VARIABLE add_ln1347_104 LOOP VITIS_LOOP_36_4_VITIS_LOOP_37_5 BUNDLEDNAME {} DSP 0 BRAM 0 URAM 0 DISPNAME {bind_op add}} {BINDTYPE op ID {} IMPL fabric LATENCY 0 OPTYPE add PRAGMA {} RTLNAME add_ln1273_6_fu_4319_p2 SOURCE {C:/Xilinx/Vitis_HLS/2022.2/common/technology/autopilot\ap_fixed_base.h:1273} VARIABLE add_ln1273_6 LOOP VITIS_LOOP_36_4_VITIS_LOOP_37_5 BUNDLEDNAME {} DSP 0 BRAM 0 URAM 0 DISPNAME {bind_op add}} {BINDTYPE op ID {} IMPL fabric LATENCY 0 OPTYPE add PRAGMA {} RTLNAME add_ln1347_105_fu_4345_p2 SOURCE {C:/Xilinx/Vitis_HLS/2022.2/common/technology/autopilot\ap_fixed_base.h:1347} VARIABLE add_ln1347_105 LOOP VITIS_LOOP_36_4_VITIS_LOOP_37_5 BUNDLEDNAME {} DSP 0 BRAM 0 URAM 0 DISPNAME {bind_op add}} {BINDTYPE op ID {} IMPL fabric LATENCY 0 OPTYPE add PRAGMA {} RTLNAME add_ln813_66_fu_4359_p2 SOURCE {C:/Xilinx/Vitis_HLS/2022.2/common/technology/autopilot\ap_fixed_base.h:813} VARIABLE add_ln813_66 LOOP VITIS_LOOP_36_4_VITIS_LOOP_37_5 BUNDLEDNAME {} DSP 0 BRAM 0 URAM 0 DISPNAME {bind_op add}} {BINDTYPE op ID {} IMPL fabric LATENCY 0 OPTYPE add PRAGMA {} RTLNAME add_ln1347_106_fu_4411_p2 SOURCE {C:/Xilinx/Vitis_HLS/2022.2/common/technology/autopilot\ap_fixed_base.h:1347} VARIABLE add_ln1347_106 LOOP VITIS_LOOP_36_4_VITIS_LOOP_37_5 BUNDLEDNAME {} DSP 0 BRAM 0 URAM 0 DISPNAME {bind_op add}} {BINDTYPE op ID {} IMPL fabric LATENCY 0 OPTYPE add PRAGMA {} RTLNAME add_ln813_67_fu_4425_p2 SOURCE {C:/Xilinx/Vitis_HLS/2022.2/common/technology/autopilot\ap_fixed_base.h:813} VARIABLE add_ln813_67 LOOP VITIS_LOOP_36_4_VITIS_LOOP_37_5 BUNDLEDNAME {} DSP 0 BRAM 0 URAM 0 DISPNAME {bind_op add}} {BINDTYPE op ID {} IMPL fabric LATENCY 0 OPTYPE add PRAGMA {} RTLNAME add_ln1347_107_fu_4477_p2 SOURCE {C:/Xilinx/Vitis_HLS/2022.2/common/technology/autopilot\ap_fixed_base.h:1347} VARIABLE add_ln1347_107 LOOP VITIS_LOOP_36_4_VITIS_LOOP_37_5 BUNDLEDNAME {} DSP 0 BRAM 0 URAM 0 DISPNAME {bind_op add}} {BINDTYPE op ID {} IMPL fabric LATENCY 0 OPTYPE add PRAGMA {} RTLNAME add_ln813_68_fu_4491_p2 SOURCE {C:/Xilinx/Vitis_HLS/2022.2/common/technology/autopilot\ap_fixed_base.h:813} VARIABLE add_ln813_68 LOOP VITIS_LOOP_36_4_VITIS_LOOP_37_5 BUNDLEDNAME {} DSP 0 BRAM 0 URAM 0 DISPNAME {bind_op add}} {BINDTYPE op ID {} IMPL fabric LATENCY 0 OPTYPE add PRAGMA {} RTLNAME add_ln1347_108_fu_9480_p2 SOURCE {C:/Xilinx/Vitis_HLS/2022.2/common/technology/autopilot\ap_fixed_base.h:1347} VARIABLE add_ln1347_108 LOOP VITIS_LOOP_36_4_VITIS_LOOP_37_5 BUNDLEDNAME {} DSP 0 BRAM 0 URAM 0 DISPNAME {bind_op add}} {BINDTYPE op ID {} IMPL fabric LATENCY 0 OPTYPE add PRAGMA {} RTLNAME add_ln813_69_fu_9494_p2 SOURCE {C:/Xilinx/Vitis_HLS/2022.2/common/technology/autopilot\ap_fixed_base.h:813} VARIABLE add_ln813_69 LOOP VITIS_LOOP_36_4_VITIS_LOOP_37_5 BUNDLEDNAME {} DSP 0 BRAM 0 URAM 0 DISPNAME {bind_op add}} {BINDTYPE op ID {} IMPL fabric LATENCY 0 OPTYPE sub PRAGMA {} RTLNAME sub_ln1273_49_fu_9541_p2 SOURCE {C:/Xilinx/Vitis_HLS/2022.2/common/technology/autopilot\ap_fixed_base.h:1273} VARIABLE sub_ln1273_49 LOOP VITIS_LOOP_36_4_VITIS_LOOP_37_5 BUNDLEDNAME {} DSP 0 BRAM 0 URAM 0 DISPNAME {bind_op sub}} {BINDTYPE op ID {} IMPL fabric LATENCY 0 OPTYPE add PRAGMA {} RTLNAME add_ln1347_109_fu_9567_p2 SOURCE {C:/Xilinx/Vitis_HLS/2022.2/common/technology/autopilot\ap_fixed_base.h:1347} VARIABLE add_ln1347_109 LOOP VITIS_LOOP_36_4_VITIS_LOOP_37_5 BUNDLEDNAME {} DSP 0 BRAM 0 URAM 0 DISPNAME {bind_op add}} {BINDTYPE op ID {} IMPL fabric LATENCY 0 OPTYPE add PRAGMA {} RTLNAME add_ln813_70_fu_9581_p2 SOURCE {C:/Xilinx/Vitis_HLS/2022.2/common/technology/autopilot\ap_fixed_base.h:813} VARIABLE add_ln813_70 LOOP VITIS_LOOP_36_4_VITIS_LOOP_37_5 BUNDLEDNAME {} DSP 0 BRAM 0 URAM 0 DISPNAME {bind_op add}} {BINDTYPE op ID {} IMPL fabric LATENCY 0 OPTYPE add PRAGMA {} RTLNAME add_ln1347_110_fu_9648_p2 SOURCE {C:/Xilinx/Vitis_HLS/2022.2/common/technology/autopilot\ap_fixed_base.h:1347} VARIABLE add_ln1347_110 LOOP VITIS_LOOP_36_4_VITIS_LOOP_37_5 BUNDLEDNAME {} DSP 0 BRAM 0 URAM 0 DISPNAME {bind_op add}} {BINDTYPE op ID {} IMPL fabric LATENCY 0 OPTYPE add PRAGMA {} RTLNAME add_ln813_71_fu_9662_p2 SOURCE {C:/Xilinx/Vitis_HLS/2022.2/common/technology/autopilot\ap_fixed_base.h:813} VARIABLE add_ln813_71 LOOP VITIS_LOOP_36_4_VITIS_LOOP_37_5 BUNDLEDNAME {} DSP 0 BRAM 0 URAM 0 DISPNAME {bind_op add}} {BINDTYPE op ID {} IMPL fabric LATENCY 0 OPTYPE add PRAGMA {} RTLNAME add_ln377_12_fu_9766_p2 SOURCE {C:/Xilinx/Vitis_HLS/2022.2/common/technology/autopilot\ap_fixed_base.h:377} VARIABLE add_ln377_12 LOOP VITIS_LOOP_36_4_VITIS_LOOP_37_5 BUNDLEDNAME {} DSP 0 BRAM 0 URAM 0 DISPNAME {bind_op add}} {BINDTYPE op ID {} IMPL fabric LATENCY 0 OPTYPE add PRAGMA {} RTLNAME add_ln856_12_fu_9772_p2 SOURCE {C:/Xilinx/Vitis_HLS/2022.2/common/technology/autopilot\ap_fixed_base.h:856} VARIABLE add_ln856_12 LOOP VITIS_LOOP_36_4_VITIS_LOOP_37_5 BUNDLEDNAME {} DSP 0 BRAM 0 URAM 0 DISPNAME {bind_op add}} {BINDTYPE op ID {} IMPL fabric LATENCY 0 OPTYPE add PRAGMA {} RTLNAME add_ln1347_111_fu_4550_p2 SOURCE {C:/Xilinx/Vitis_HLS/2022.2/common/technology/autopilot\ap_fixed_base.h:1347} VARIABLE add_ln1347_111 LOOP VITIS_LOOP_36_4_VITIS_LOOP_37_5 BUNDLEDNAME {} DSP 0 BRAM 0 URAM 0 DISPNAME {bind_op add}} {BINDTYPE op ID {} IMPL fabric LATENCY 0 OPTYPE sub PRAGMA {} RTLNAME sub_ln1273_50_fu_4560_p2 SOURCE {C:/Xilinx/Vitis_HLS/2022.2/common/technology/autopilot\ap_fixed_base.h:1273} VARIABLE sub_ln1273_50 LOOP VITIS_LOOP_36_4_VITIS_LOOP_37_5 BUNDLEDNAME {} DSP 0 BRAM 0 URAM 0 DISPNAME {bind_op sub}} {BINDTYPE op ID {} IMPL fabric LATENCY 0 OPTYPE add PRAGMA {} RTLNAME add_ln1347_114_fu_4598_p2 SOURCE {C:/Xilinx/Vitis_HLS/2022.2/common/technology/autopilot\ap_fixed_base.h:1347} VARIABLE add_ln1347_114 LOOP VITIS_LOOP_36_4_VITIS_LOOP_37_5 BUNDLEDNAME {} DSP 0 BRAM 0 URAM 0 DISPNAME {bind_op add}} {BINDTYPE op ID {} IMPL fabric LATENCY 0 OPTYPE add PRAGMA {} RTLNAME add_ln813_72_fu_4612_p2 SOURCE {C:/Xilinx/Vitis_HLS/2022.2/common/technology/autopilot\ap_fixed_base.h:813} VARIABLE add_ln813_72 LOOP VITIS_LOOP_36_4_VITIS_LOOP_37_5 BUNDLEDNAME {} DSP 0 BRAM 0 URAM 0 DISPNAME {bind_op add}} {BINDTYPE op ID {} IMPL fabric LATENCY 0 OPTYPE sub PRAGMA {} RTLNAME sub_ln1273_51_fu_4660_p2 SOURCE {C:/Xilinx/Vitis_HLS/2022.2/common/technology/autopilot\ap_fixed_base.h:1273} VARIABLE sub_ln1273_51 LOOP VITIS_LOOP_36_4_VITIS_LOOP_37_5 BUNDLEDNAME {} DSP 0 BRAM 0 URAM 0 DISPNAME {bind_op sub}} {BINDTYPE op ID {} IMPL fabric LATENCY 0 OPTYPE add PRAGMA {} RTLNAME add_ln1347_115_fu_4686_p2 SOURCE {C:/Xilinx/Vitis_HLS/2022.2/common/technology/autopilot\ap_fixed_base.h:1347} VARIABLE add_ln1347_115 LOOP VITIS_LOOP_36_4_VITIS_LOOP_37_5 BUNDLEDNAME {} DSP 0 BRAM 0 URAM 0 DISPNAME {bind_op add}} {BINDTYPE op ID {} IMPL fabric LATENCY 0 OPTYPE add PRAGMA {} RTLNAME add_ln813_73_fu_4700_p2 SOURCE {C:/Xilinx/Vitis_HLS/2022.2/common/technology/autopilot\ap_fixed_base.h:813} VARIABLE add_ln813_73 LOOP VITIS_LOOP_36_4_VITIS_LOOP_37_5 BUNDLEDNAME {} DSP 0 BRAM 0 URAM 0 DISPNAME {bind_op add}} {BINDTYPE op ID {} IMPL fabric LATENCY 0 OPTYPE add PRAGMA {} RTLNAME add_ln1273_7_fu_4748_p2 SOURCE {C:/Xilinx/Vitis_HLS/2022.2/common/technology/autopilot\ap_fixed_base.h:1273} VARIABLE add_ln1273_7 LOOP VITIS_LOOP_36_4_VITIS_LOOP_37_5 BUNDLEDNAME {} DSP 0 BRAM 0 URAM 0 DISPNAME {bind_op add}} {BINDTYPE op ID {} IMPL fabric LATENCY 0 OPTYPE add PRAGMA {} RTLNAME add_ln1347_116_fu_4774_p2 SOURCE {C:/Xilinx/Vitis_HLS/2022.2/common/technology/autopilot\ap_fixed_base.h:1347} VARIABLE add_ln1347_116 LOOP VITIS_LOOP_36_4_VITIS_LOOP_37_5 BUNDLEDNAME {} DSP 0 BRAM 0 URAM 0 DISPNAME {bind_op add}} {BINDTYPE op ID {} IMPL fabric LATENCY 0 OPTYPE add PRAGMA {} RTLNAME add_ln813_74_fu_4788_p2 SOURCE {C:/Xilinx/Vitis_HLS/2022.2/common/technology/autopilot\ap_fixed_base.h:813} VARIABLE add_ln813_74 LOOP VITIS_LOOP_36_4_VITIS_LOOP_37_5 BUNDLEDNAME {} DSP 0 BRAM 0 URAM 0 DISPNAME {bind_op add}} {BINDTYPE op ID {} IMPL fabric LATENCY 0 OPTYPE sub PRAGMA {} RTLNAME sub_ln1273_52_fu_9848_p2 SOURCE {C:/Xilinx/Vitis_HLS/2022.2/common/technology/autopilot\ap_fixed_base.h:1273} VARIABLE sub_ln1273_52 LOOP VITIS_LOOP_36_4_VITIS_LOOP_37_5 BUNDLEDNAME {} DSP 0 BRAM 0 URAM 0 DISPNAME {bind_op sub}} {BINDTYPE op ID {} IMPL fabric LATENCY 0 OPTYPE add PRAGMA {} RTLNAME add_ln1347_117_fu_9871_p2 SOURCE {C:/Xilinx/Vitis_HLS/2022.2/common/technology/autopilot\ap_fixed_base.h:1347} VARIABLE add_ln1347_117 LOOP VITIS_LOOP_36_4_VITIS_LOOP_37_5 BUNDLEDNAME {} DSP 0 BRAM 0 URAM 0 DISPNAME {bind_op add}} {BINDTYPE op ID {} IMPL fabric LATENCY 0 OPTYPE add PRAGMA {} RTLNAME add_ln813_75_fu_9885_p2 SOURCE {C:/Xilinx/Vitis_HLS/2022.2/common/technology/autopilot\ap_fixed_base.h:813} VARIABLE add_ln813_75 LOOP VITIS_LOOP_36_4_VITIS_LOOP_37_5 BUNDLEDNAME {} DSP 0 BRAM 0 URAM 0 DISPNAME {bind_op add}} {BINDTYPE op ID {} IMPL fabric LATENCY 0 OPTYPE sub PRAGMA {} RTLNAME sub_ln1273_53_fu_9932_p2 SOURCE {C:/Xilinx/Vitis_HLS/2022.2/common/technology/autopilot\ap_fixed_base.h:1273} VARIABLE sub_ln1273_53 LOOP VITIS_LOOP_36_4_VITIS_LOOP_37_5 BUNDLEDNAME {} DSP 0 BRAM 0 URAM 0 DISPNAME {bind_op sub}} {BINDTYPE op ID {} IMPL fabric LATENCY 0 OPTYPE add PRAGMA {} RTLNAME add_ln1347_118_fu_9958_p2 SOURCE {C:/Xilinx/Vitis_HLS/2022.2/common/technology/autopilot\ap_fixed_base.h:1347} VARIABLE add_ln1347_118 LOOP VITIS_LOOP_36_4_VITIS_LOOP_37_5 BUNDLEDNAME {} DSP 0 BRAM 0 URAM 0 DISPNAME {bind_op add}} {BINDTYPE op ID {} IMPL fabric LATENCY 0 OPTYPE add PRAGMA {} RTLNAME add_ln813_76_fu_9972_p2 SOURCE {C:/Xilinx/Vitis_HLS/2022.2/common/technology/autopilot\ap_fixed_base.h:813} VARIABLE add_ln813_76 LOOP VITIS_LOOP_36_4_VITIS_LOOP_37_5 BUNDLEDNAME {} DSP 0 BRAM 0 URAM 0 DISPNAME {bind_op add}} {BINDTYPE op ID {} IMPL fabric LATENCY 0 OPTYPE add PRAGMA {} RTLNAME add_ln377_13_fu_10076_p2 SOURCE {C:/Xilinx/Vitis_HLS/2022.2/common/technology/autopilot\ap_fixed_base.h:377} VARIABLE add_ln377_13 LOOP VITIS_LOOP_36_4_VITIS_LOOP_37_5 BUNDLEDNAME {} DSP 0 BRAM 0 URAM 0 DISPNAME {bind_op add}} {BINDTYPE op ID {} IMPL fabric LATENCY 0 OPTYPE add PRAGMA {} RTLNAME add_ln856_13_fu_10082_p2 SOURCE {C:/Xilinx/Vitis_HLS/2022.2/common/technology/autopilot\ap_fixed_base.h:856} VARIABLE add_ln856_13 LOOP VITIS_LOOP_36_4_VITIS_LOOP_37_5 BUNDLEDNAME {} DSP 0 BRAM 0 URAM 0 DISPNAME {bind_op add}} {BINDTYPE op ID {} IMPL fabric LATENCY 0 OPTYPE sub PRAGMA {} RTLNAME sub_ln1273_54_fu_613_p2 SOURCE {C:/Xilinx/Vitis_HLS/2022.2/common/technology/autopilot\ap_fixed_base.h:1273} VARIABLE sub_ln1273_54 LOOP VITIS_LOOP_36_4_VITIS_LOOP_37_5 BUNDLEDNAME {} DSP 0 BRAM 0 URAM 0 DISPNAME {bind_op sub}} {BINDTYPE op ID {} IMPL fabric LATENCY 0 OPTYPE add PRAGMA {} RTLNAME add_ln1347_119_fu_627_p2 SOURCE {C:/Xilinx/Vitis_HLS/2022.2/common/technology/autopilot\ap_fixed_base.h:1347} VARIABLE add_ln1347_119 LOOP VITIS_LOOP_36_4_VITIS_LOOP_37_5 BUNDLEDNAME {} DSP 0 BRAM 0 URAM 0 DISPNAME {bind_op add}} {BINDTYPE op ID {} IMPL fabric LATENCY 0 OPTYPE sub PRAGMA {} RTLNAME sub_ln1273_55_fu_637_p2 SOURCE {C:/Xilinx/Vitis_HLS/2022.2/common/technology/autopilot\ap_fixed_base.h:1273} VARIABLE sub_ln1273_55 LOOP VITIS_LOOP_36_4_VITIS_LOOP_37_5 BUNDLEDNAME {} DSP 0 BRAM 0 URAM 0 DISPNAME {bind_op sub}} {BINDTYPE op ID {} IMPL fabric LATENCY 0 OPTYPE add PRAGMA {} RTLNAME add_ln1347_120_fu_655_p2 SOURCE {C:/Xilinx/Vitis_HLS/2022.2/common/technology/autopilot\ap_fixed_base.h:1347} VARIABLE add_ln1347_120 LOOP VITIS_LOOP_36_4_VITIS_LOOP_37_5 BUNDLEDNAME {} DSP 0 BRAM 0 URAM 0 DISPNAME {bind_op add}} {BINDTYPE op ID {} IMPL fabric LATENCY 0 OPTYPE add PRAGMA {} RTLNAME add_ln1347_121_fu_4839_p2 SOURCE {C:/Xilinx/Vitis_HLS/2022.2/common/technology/autopilot\ap_fixed_base.h:1347} VARIABLE add_ln1347_121 LOOP VITIS_LOOP_36_4_VITIS_LOOP_37_5 BUNDLEDNAME {} DSP 0 BRAM 0 URAM 0 DISPNAME {bind_op add}} {BINDTYPE op ID {} IMPL fabric LATENCY 0 OPTYPE add PRAGMA {} RTLNAME add_ln1347_122_fu_4853_p2 SOURCE {C:/Xilinx/Vitis_HLS/2022.2/common/technology/autopilot\ap_fixed_base.h:1347} VARIABLE add_ln1347_122 LOOP VITIS_LOOP_36_4_VITIS_LOOP_37_5 BUNDLEDNAME {} DSP 0 BRAM 0 URAM 0 DISPNAME {bind_op add}} {BINDTYPE op ID {} IMPL fabric LATENCY 0 OPTYPE add PRAGMA {} RTLNAME add_ln813_77_fu_4867_p2 SOURCE {C:/Xilinx/Vitis_HLS/2022.2/common/technology/autopilot\ap_fixed_base.h:813} VARIABLE add_ln813_77 LOOP VITIS_LOOP_36_4_VITIS_LOOP_37_5 BUNDLEDNAME {} DSP 0 BRAM 0 URAM 0 DISPNAME {bind_op add}} {BINDTYPE op ID {} IMPL fabric LATENCY 0 OPTYPE add PRAGMA {} RTLNAME add_ln1347_123_fu_4919_p2 SOURCE {C:/Xilinx/Vitis_HLS/2022.2/common/technology/autopilot\ap_fixed_base.h:1347} VARIABLE add_ln1347_123 LOOP VITIS_LOOP_36_4_VITIS_LOOP_37_5 BUNDLEDNAME {} DSP 0 BRAM 0 URAM 0 DISPNAME {bind_op add}} {BINDTYPE op ID {} IMPL fabric LATENCY 0 OPTYPE add PRAGMA {} RTLNAME add_ln813_78_fu_4933_p2 SOURCE {C:/Xilinx/Vitis_HLS/2022.2/common/technology/autopilot\ap_fixed_base.h:813} VARIABLE add_ln813_78 LOOP VITIS_LOOP_36_4_VITIS_LOOP_37_5 BUNDLEDNAME {} DSP 0 BRAM 0 URAM 0 DISPNAME {bind_op add}} {BINDTYPE op ID {} IMPL fabric LATENCY 0 OPTYPE add PRAGMA {} RTLNAME add_ln1347_124_fu_4985_p2 SOURCE {C:/Xilinx/Vitis_HLS/2022.2/common/technology/autopilot\ap_fixed_base.h:1347} VARIABLE add_ln1347_124 LOOP VITIS_LOOP_36_4_VITIS_LOOP_37_5 BUNDLEDNAME {} DSP 0 BRAM 0 URAM 0 DISPNAME {bind_op add}} {BINDTYPE op ID {} IMPL fabric LATENCY 0 OPTYPE add PRAGMA {} RTLNAME add_ln813_79_fu_4999_p2 SOURCE {C:/Xilinx/Vitis_HLS/2022.2/common/technology/autopilot\ap_fixed_base.h:813} VARIABLE add_ln813_79 LOOP VITIS_LOOP_36_4_VITIS_LOOP_37_5 BUNDLEDNAME {} DSP 0 BRAM 0 URAM 0 DISPNAME {bind_op add}} {BINDTYPE op ID {} IMPL fabric LATENCY 0 OPTYPE add PRAGMA {} RTLNAME add_ln1347_125_fu_10161_p2 SOURCE {C:/Xilinx/Vitis_HLS/2022.2/common/technology/autopilot\ap_fixed_base.h:1347} VARIABLE add_ln1347_125 LOOP VITIS_LOOP_36_4_VITIS_LOOP_37_5 BUNDLEDNAME {} DSP 0 BRAM 0 URAM 0 DISPNAME {bind_op add}} {BINDTYPE op ID {} IMPL fabric LATENCY 0 OPTYPE add PRAGMA {} RTLNAME add_ln813_80_fu_10175_p2 SOURCE {C:/Xilinx/Vitis_HLS/2022.2/common/technology/autopilot\ap_fixed_base.h:813} VARIABLE add_ln813_80 LOOP VITIS_LOOP_36_4_VITIS_LOOP_37_5 BUNDLEDNAME {} DSP 0 BRAM 0 URAM 0 DISPNAME {bind_op add}} {BINDTYPE op ID {} IMPL fabric LATENCY 0 OPTYPE add PRAGMA {} RTLNAME add_ln1347_126_fu_10226_p2 SOURCE {C:/Xilinx/Vitis_HLS/2022.2/common/technology/autopilot\ap_fixed_base.h:1347} VARIABLE add_ln1347_126 LOOP VITIS_LOOP_36_4_VITIS_LOOP_37_5 BUNDLEDNAME {} DSP 0 BRAM 0 URAM 0 DISPNAME {bind_op add}} {BINDTYPE op ID {} IMPL fabric LATENCY 0 OPTYPE add PRAGMA {} RTLNAME add_ln813_81_fu_10240_p2 SOURCE {C:/Xilinx/Vitis_HLS/2022.2/common/technology/autopilot\ap_fixed_base.h:813} VARIABLE add_ln813_81 LOOP VITIS_LOOP_36_4_VITIS_LOOP_37_5 BUNDLEDNAME {} DSP 0 BRAM 0 URAM 0 DISPNAME {bind_op add}} {BINDTYPE op ID {} IMPL fabric LATENCY 0 OPTYPE add PRAGMA {} RTLNAME add_ln1347_127_fu_10292_p2 SOURCE {C:/Xilinx/Vitis_HLS/2022.2/common/technology/autopilot\ap_fixed_base.h:1347} VARIABLE add_ln1347_127 LOOP VITIS_LOOP_36_4_VITIS_LOOP_37_5 BUNDLEDNAME {} DSP 0 BRAM 0 URAM 0 DISPNAME {bind_op add}} {BINDTYPE op ID {} IMPL fabric LATENCY 0 OPTYPE add PRAGMA {} RTLNAME add_ln813_82_fu_10306_p2 SOURCE {C:/Xilinx/Vitis_HLS/2022.2/common/technology/autopilot\ap_fixed_base.h:813} VARIABLE add_ln813_82 LOOP VITIS_LOOP_36_4_VITIS_LOOP_37_5 BUNDLEDNAME {} DSP 0 BRAM 0 URAM 0 DISPNAME {bind_op add}} {BINDTYPE op ID {} IMPL fabric LATENCY 0 OPTYPE add PRAGMA {} RTLNAME add_ln377_14_fu_10410_p2 SOURCE {C:/Xilinx/Vitis_HLS/2022.2/common/technology/autopilot\ap_fixed_base.h:377} VARIABLE add_ln377_14 LOOP VITIS_LOOP_36_4_VITIS_LOOP_37_5 BUNDLEDNAME {} DSP 0 BRAM 0 URAM 0 DISPNAME {bind_op add}} {BINDTYPE op ID {} IMPL fabric LATENCY 0 OPTYPE add PRAGMA {} RTLNAME add_ln856_14_fu_10416_p2 SOURCE {C:/Xilinx/Vitis_HLS/2022.2/common/technology/autopilot\ap_fixed_base.h:856} VARIABLE add_ln856_14 LOOP VITIS_LOOP_36_4_VITIS_LOOP_37_5 BUNDLEDNAME {} DSP 0 BRAM 0 URAM 0 DISPNAME {bind_op add}} {BINDTYPE op ID {} IMPL fabric LATENCY 0 OPTYPE add PRAGMA {} RTLNAME add_ln1347_128_fu_661_p2 SOURCE {C:/Xilinx/Vitis_HLS/2022.2/common/technology/autopilot\ap_fixed_base.h:1347} VARIABLE add_ln1347_128 LOOP VITIS_LOOP_36_4_VITIS_LOOP_37_5 BUNDLEDNAME {} DSP 0 BRAM 0 URAM 0 DISPNAME {bind_op add}} {BINDTYPE op ID {} IMPL fabric LATENCY 0 OPTYPE sub PRAGMA {} RTLNAME sub_ln1273_56_fu_671_p2 SOURCE {C:/Xilinx/Vitis_HLS/2022.2/common/technology/autopilot\ap_fixed_base.h:1273} VARIABLE sub_ln1273_56 LOOP VITIS_LOOP_36_4_VITIS_LOOP_37_5 BUNDLEDNAME {} DSP 0 BRAM 0 URAM 0 DISPNAME {bind_op sub}} {BINDTYPE op ID {} IMPL fabric LATENCY 0 OPTYPE sub PRAGMA {} RTLNAME sub_ln1273_57_fu_695_p2 SOURCE {C:/Xilinx/Vitis_HLS/2022.2/common/technology/autopilot\ap_fixed_base.h:1273} VARIABLE sub_ln1273_57 LOOP VITIS_LOOP_36_4_VITIS_LOOP_37_5 BUNDLEDNAME {} DSP 0 BRAM 0 URAM 0 DISPNAME {bind_op sub}} {BINDTYPE op ID {} IMPL fabric LATENCY 0 OPTYPE add PRAGMA {} RTLNAME add_ln1347_131_fu_5053_p2 SOURCE {C:/Xilinx/Vitis_HLS/2022.2/common/technology/autopilot\ap_fixed_base.h:1347} VARIABLE add_ln1347_131 LOOP VITIS_LOOP_36_4_VITIS_LOOP_37_5 BUNDLEDNAME {} DSP 0 BRAM 0 URAM 0 DISPNAME {bind_op add}} {BINDTYPE op ID {} IMPL fabric LATENCY 0 OPTYPE add PRAGMA {} RTLNAME add_ln813_83_fu_5067_p2 SOURCE {C:/Xilinx/Vitis_HLS/2022.2/common/technology/autopilot\ap_fixed_base.h:813} VARIABLE add_ln813_83 LOOP VITIS_LOOP_36_4_VITIS_LOOP_37_5 BUNDLEDNAME {} DSP 0 BRAM 0 URAM 0 DISPNAME {bind_op add}} {BINDTYPE op ID {} IMPL fabric LATENCY 0 OPTYPE add PRAGMA {} RTLNAME add_ln1347_132_fu_5119_p2 SOURCE {C:/Xilinx/Vitis_HLS/2022.2/common/technology/autopilot\ap_fixed_base.h:1347} VARIABLE add_ln1347_132 LOOP VITIS_LOOP_36_4_VITIS_LOOP_37_5 BUNDLEDNAME {} DSP 0 BRAM 0 URAM 0 DISPNAME {bind_op add}} {BINDTYPE op ID {} IMPL fabric LATENCY 0 OPTYPE add PRAGMA {} RTLNAME add_ln813_84_fu_5133_p2 SOURCE {C:/Xilinx/Vitis_HLS/2022.2/common/technology/autopilot\ap_fixed_base.h:813} VARIABLE add_ln813_84 LOOP VITIS_LOOP_36_4_VITIS_LOOP_37_5 BUNDLEDNAME {} DSP 0 BRAM 0 URAM 0 DISPNAME {bind_op add}} {BINDTYPE op ID {} IMPL fabric LATENCY 0 OPTYPE add PRAGMA {} RTLNAME add_ln1347_133_fu_5185_p2 SOURCE {C:/Xilinx/Vitis_HLS/2022.2/common/technology/autopilot\ap_fixed_base.h:1347} VARIABLE add_ln1347_133 LOOP VITIS_LOOP_36_4_VITIS_LOOP_37_5 BUNDLEDNAME {} DSP 0 BRAM 0 URAM 0 DISPNAME {bind_op add}} {BINDTYPE op ID {} IMPL fabric LATENCY 0 OPTYPE add PRAGMA {} RTLNAME add_ln813_85_fu_5199_p2 SOURCE {C:/Xilinx/Vitis_HLS/2022.2/common/technology/autopilot\ap_fixed_base.h:813} VARIABLE add_ln813_85 LOOP VITIS_LOOP_36_4_VITIS_LOOP_37_5 BUNDLEDNAME {} DSP 0 BRAM 0 URAM 0 DISPNAME {bind_op add}} {BINDTYPE op ID {} IMPL fabric LATENCY 0 OPTYPE add PRAGMA {} RTLNAME add_ln1347_134_fu_10495_p2 SOURCE {C:/Xilinx/Vitis_HLS/2022.2/common/technology/autopilot\ap_fixed_base.h:1347} VARIABLE add_ln1347_134 LOOP VITIS_LOOP_36_4_VITIS_LOOP_37_5 BUNDLEDNAME {} DSP 0 BRAM 0 URAM 0 DISPNAME {bind_op add}} {BINDTYPE op ID {} IMPL fabric LATENCY 0 OPTYPE add PRAGMA {} RTLNAME add_ln813_86_fu_10509_p2 SOURCE {C:/Xilinx/Vitis_HLS/2022.2/common/technology/autopilot\ap_fixed_base.h:813} VARIABLE add_ln813_86 LOOP VITIS_LOOP_36_4_VITIS_LOOP_37_5 BUNDLEDNAME {} DSP 0 BRAM 0 URAM 0 DISPNAME {bind_op add}} {BINDTYPE op ID {} IMPL fabric LATENCY 0 OPTYPE add PRAGMA {} RTLNAME add_ln1347_135_fu_10560_p2 SOURCE {C:/Xilinx/Vitis_HLS/2022.2/common/technology/autopilot\ap_fixed_base.h:1347} VARIABLE add_ln1347_135 LOOP VITIS_LOOP_36_4_VITIS_LOOP_37_5 BUNDLEDNAME {} DSP 0 BRAM 0 URAM 0 DISPNAME {bind_op add}} {BINDTYPE op ID {} IMPL fabric LATENCY 0 OPTYPE add PRAGMA {} RTLNAME add_ln813_87_fu_10574_p2 SOURCE {C:/Xilinx/Vitis_HLS/2022.2/common/technology/autopilot\ap_fixed_base.h:813} VARIABLE add_ln813_87 LOOP VITIS_LOOP_36_4_VITIS_LOOP_37_5 BUNDLEDNAME {} DSP 0 BRAM 0 URAM 0 DISPNAME {bind_op add}} {BINDTYPE op ID {} IMPL fabric LATENCY 0 OPTYPE add PRAGMA {} RTLNAME add_ln1347_136_fu_10626_p2 SOURCE {C:/Xilinx/Vitis_HLS/2022.2/common/technology/autopilot\ap_fixed_base.h:1347} VARIABLE add_ln1347_136 LOOP VITIS_LOOP_36_4_VITIS_LOOP_37_5 BUNDLEDNAME {} DSP 0 BRAM 0 URAM 0 DISPNAME {bind_op add}} {BINDTYPE op ID {} IMPL fabric LATENCY 0 OPTYPE add PRAGMA {} RTLNAME add_ln813_88_fu_10640_p2 SOURCE {C:/Xilinx/Vitis_HLS/2022.2/common/technology/autopilot\ap_fixed_base.h:813} VARIABLE add_ln813_88 LOOP VITIS_LOOP_36_4_VITIS_LOOP_37_5 BUNDLEDNAME {} DSP 0 BRAM 0 URAM 0 DISPNAME {bind_op add}} {BINDTYPE op ID {} IMPL fabric LATENCY 0 OPTYPE add PRAGMA {} RTLNAME add_ln377_15_fu_10744_p2 SOURCE {C:/Xilinx/Vitis_HLS/2022.2/common/technology/autopilot\ap_fixed_base.h:377} VARIABLE add_ln377_15 LOOP VITIS_LOOP_36_4_VITIS_LOOP_37_5 BUNDLEDNAME {} DSP 0 BRAM 0 URAM 0 DISPNAME {bind_op add}} {BINDTYPE op ID {} IMPL fabric LATENCY 0 OPTYPE add PRAGMA {} RTLNAME add_ln856_15_fu_10750_p2 SOURCE {C:/Xilinx/Vitis_HLS/2022.2/common/technology/autopilot\ap_fixed_base.h:856} VARIABLE add_ln856_15 LOOP VITIS_LOOP_36_4_VITIS_LOOP_37_5 BUNDLEDNAME {} DSP 0 BRAM 0 URAM 0 DISPNAME {bind_op add}} {BINDTYPE op ID {} IMPL fabric LATENCY 0 OPTYPE add PRAGMA {} RTLNAME add_ln37_fu_273_p2 SOURCE vgg_accelerator.cpp:37 VARIABLE add_ln37 LOOP VITIS_LOOP_36_4_VITIS_LOOP_37_5 BUNDLEDNAME {} DSP 0 BRAM 0 URAM 0 DISPNAME {bind_op add}}} AREA {DSP 0 BRAM 0 URAM 0}} layer_block_1_16_32_s {BINDINFO {{BINDTYPE storage ID {} IMPL auto LATENCY 1 OPTYPE ram_1p PRAGMA {} RTLNAME void_layer_block_stream_stream_signed_char_const_1_3_3_signed_char_cons_1_U SOURCE {} VARIABLE void_layer_block_stream_stream_signed_char_const_1_3_3_signed_char_cons_1 LOOP {} BUNDLEDNAME {} DSP 0 BRAM 0 URAM 0 DISPNAME {bind_storage ram_1p}} {BINDTYPE storage ID {} IMPL auto LATENCY 1 OPTYPE ram_1p PRAGMA {} RTLNAME void_layer_block_stream_stream_signed_char_const_1_3_3_signed_char_cons_U SOURCE {} VARIABLE void_layer_block_stream_stream_signed_char_const_1_3_3_signed_char_cons LOOP {} BUNDLEDNAME {} DSP 0 BRAM 0 URAM 0 DISPNAME {bind_storage ram_1p}}} AREA {DSP 0 BRAM 0 URAM 0}} max_pool_16_32_s {BINDINFO {{BINDTYPE op ID {} IMPL fabric LATENCY 0 OPTYPE add PRAGMA {} RTLNAME add_ln101_fu_1045_p2 SOURCE vgg_accelerator.cpp:101 VARIABLE add_ln101 LOOP VITIS_LOOP_101_1_VITIS_LOOP_102_2 BUNDLEDNAME {} DSP 0 BRAM 0 URAM 0 DISPNAME {bind_op add}} {BINDTYPE op ID {} IMPL fabric LATENCY 0 OPTYPE add PRAGMA {} RTLNAME r_5_fu_1057_p2 SOURCE vgg_accelerator.cpp:101 VARIABLE r_5 LOOP VITIS_LOOP_101_1_VITIS_LOOP_102_2 BUNDLEDNAME {} DSP 0 BRAM 0 URAM 0 DISPNAME {bind_op add}} {BINDTYPE op ID {} IMPL fabric LATENCY 0 OPTYPE add PRAGMA {} RTLNAME add_ln102_fu_1134_p2 SOURCE vgg_accelerator.cpp:102 VARIABLE add_ln102 LOOP VITIS_LOOP_101_1_VITIS_LOOP_102_2 BUNDLEDNAME {} DSP 0 BRAM 0 URAM 0 DISPNAME {bind_op add}} {BINDTYPE storage ID {} IMPL auto LATENCY 1 OPTYPE ram_1p PRAGMA {} RTLNAME void_max_pool_stream_stream_ap_fixed_8_4_0_0_0_0_pool_buff_28_U SOURCE {} VARIABLE void_max_pool_stream_stream_ap_fixed_8_4_0_0_0_0_pool_buff_28 LOOP {} BUNDLEDNAME {} DSP 0 BRAM 0 URAM 0 DISPNAME {bind_storage ram_1p}} {BINDTYPE storage ID {} IMPL auto LATENCY 1 OPTYPE ram_1p PRAGMA {} RTLNAME void_max_pool_stream_stream_ap_fixed_8_4_0_0_0_0_pool_buff_27_U SOURCE {} VARIABLE void_max_pool_stream_stream_ap_fixed_8_4_0_0_0_0_pool_buff_27 LOOP {} BUNDLEDNAME {} DSP 0 BRAM 0 URAM 0 DISPNAME {bind_storage ram_1p}} {BINDTYPE storage ID {} IMPL auto LATENCY 1 OPTYPE ram_1p PRAGMA {} RTLNAME void_max_pool_stream_stream_ap_fixed_8_4_0_0_0_0_pool_buff_26_U SOURCE {} VARIABLE void_max_pool_stream_stream_ap_fixed_8_4_0_0_0_0_pool_buff_26 LOOP {} BUNDLEDNAME {} DSP 0 BRAM 0 URAM 0 DISPNAME {bind_storage ram_1p}} {BINDTYPE storage ID {} IMPL auto LATENCY 1 OPTYPE ram_1p PRAGMA {} RTLNAME void_max_pool_stream_stream_ap_fixed_8_4_0_0_0_0_pool_buff_25_U SOURCE {} VARIABLE void_max_pool_stream_stream_ap_fixed_8_4_0_0_0_0_pool_buff_25 LOOP {} BUNDLEDNAME {} DSP 0 BRAM 0 URAM 0 DISPNAME {bind_storage ram_1p}} {BINDTYPE storage ID {} IMPL auto LATENCY 1 OPTYPE ram_1p PRAGMA {} RTLNAME void_max_pool_stream_stream_ap_fixed_8_4_0_0_0_0_pool_buff_24_U SOURCE {} VARIABLE void_max_pool_stream_stream_ap_fixed_8_4_0_0_0_0_pool_buff_24 LOOP {} BUNDLEDNAME {} DSP 0 BRAM 0 URAM 0 DISPNAME {bind_storage ram_1p}} {BINDTYPE storage ID {} IMPL auto LATENCY 1 OPTYPE ram_1p PRAGMA {} RTLNAME void_max_pool_stream_stream_ap_fixed_8_4_0_0_0_0_pool_buff_23_U SOURCE {} VARIABLE void_max_pool_stream_stream_ap_fixed_8_4_0_0_0_0_pool_buff_23 LOOP {} BUNDLEDNAME {} DSP 0 BRAM 0 URAM 0 DISPNAME {bind_storage ram_1p}} {BINDTYPE storage ID {} IMPL auto LATENCY 1 OPTYPE ram_1p PRAGMA {} RTLNAME void_max_pool_stream_stream_ap_fixed_8_4_0_0_0_0_pool_buff_22_U SOURCE {} VARIABLE void_max_pool_stream_stream_ap_fixed_8_4_0_0_0_0_pool_buff_22 LOOP {} BUNDLEDNAME {} DSP 0 BRAM 0 URAM 0 DISPNAME {bind_storage ram_1p}} {BINDTYPE storage ID {} IMPL auto LATENCY 1 OPTYPE ram_1p PRAGMA {} RTLNAME void_max_pool_stream_stream_ap_fixed_8_4_0_0_0_0_pool_buff_21_U SOURCE {} VARIABLE void_max_pool_stream_stream_ap_fixed_8_4_0_0_0_0_pool_buff_21 LOOP {} BUNDLEDNAME {} DSP 0 BRAM 0 URAM 0 DISPNAME {bind_storage ram_1p}} {BINDTYPE storage ID {} IMPL auto LATENCY 1 OPTYPE ram_1p PRAGMA {} RTLNAME void_max_pool_stream_stream_ap_fixed_8_4_0_0_0_0_pool_buff_20_U SOURCE {} VARIABLE void_max_pool_stream_stream_ap_fixed_8_4_0_0_0_0_pool_buff_20 LOOP {} BUNDLEDNAME {} DSP 0 BRAM 0 URAM 0 DISPNAME {bind_storage ram_1p}} {BINDTYPE storage ID {} IMPL auto LATENCY 1 OPTYPE ram_1p PRAGMA {} RTLNAME p_ZZ8max_poolILi16ELi32EEvRN3hls6streamI8ap_fixedILi8ELi4EL9ap_q_mode0EL9ap_o_mod_5_U SOURCE {} VARIABLE p_ZZ8max_poolILi16ELi32EEvRN3hls6streamI8ap_fixedILi8ELi4EL9ap_q_mode0EL9ap_o_mod_5 LOOP {} BUNDLEDNAME {} DSP 0 BRAM 0 URAM 0 DISPNAME {bind_storage ram_1p}} {BINDTYPE storage ID {} IMPL auto LATENCY 1 OPTYPE ram_1p PRAGMA {} RTLNAME p_ZZ8max_poolILi16ELi32EEvRN3hls6streamI8ap_fixedILi8ELi4EL9ap_q_mode0EL9ap_o_mod_4_U SOURCE {} VARIABLE p_ZZ8max_poolILi16ELi32EEvRN3hls6streamI8ap_fixedILi8ELi4EL9ap_q_mode0EL9ap_o_mod_4 LOOP {} BUNDLEDNAME {} DSP 0 BRAM 0 URAM 0 DISPNAME {bind_storage ram_1p}} {BINDTYPE storage ID {} IMPL auto LATENCY 1 OPTYPE ram_1p PRAGMA {} RTLNAME p_ZZ8max_poolILi16ELi32EEvRN3hls6streamI8ap_fixedILi8ELi4EL9ap_q_mode0EL9ap_o_mod_3_U SOURCE {} VARIABLE p_ZZ8max_poolILi16ELi32EEvRN3hls6streamI8ap_fixedILi8ELi4EL9ap_q_mode0EL9ap_o_mod_3 LOOP {} BUNDLEDNAME {} DSP 0 BRAM 0 URAM 0 DISPNAME {bind_storage ram_1p}} {BINDTYPE storage ID {} IMPL auto LATENCY 1 OPTYPE ram_1p PRAGMA {} RTLNAME p_ZZ8max_poolILi16ELi32EEvRN3hls6streamI8ap_fixedILi8ELi4EL9ap_q_mode0EL9ap_o_mod_2_U SOURCE {} VARIABLE p_ZZ8max_poolILi16ELi32EEvRN3hls6streamI8ap_fixedILi8ELi4EL9ap_q_mode0EL9ap_o_mod_2 LOOP {} BUNDLEDNAME {} DSP 0 BRAM 0 URAM 0 DISPNAME {bind_storage ram_1p}} {BINDTYPE storage ID {} IMPL auto LATENCY 1 OPTYPE ram_1p PRAGMA {} RTLNAME p_ZZ8max_poolILi16ELi32EEvRN3hls6streamI8ap_fixedILi8ELi4EL9ap_q_mode0EL9ap_o_mod_1_U SOURCE {} VARIABLE p_ZZ8max_poolILi16ELi32EEvRN3hls6streamI8ap_fixedILi8ELi4EL9ap_q_mode0EL9ap_o_mod_1 LOOP {} BUNDLEDNAME {} DSP 0 BRAM 0 URAM 0 DISPNAME {bind_storage ram_1p}} {BINDTYPE storage ID {} IMPL auto LATENCY 1 OPTYPE ram_1p PRAGMA {} RTLNAME p_ZZ8max_poolILi16ELi32EEvRN3hls6streamI8ap_fixedILi8ELi4EL9ap_q_mode0EL9ap_o_mod_U SOURCE {} VARIABLE p_ZZ8max_poolILi16ELi32EEvRN3hls6streamI8ap_fixedILi8ELi4EL9ap_q_mode0EL9ap_o_mod LOOP {} BUNDLEDNAME {} DSP 0 BRAM 0 URAM 0 DISPNAME {bind_storage ram_1p}} {BINDTYPE storage ID {} IMPL auto LATENCY 1 OPTYPE ram_1p PRAGMA {} RTLNAME void_max_pool_stream_stream_ap_fixed_8_4_0_0_0_0_pool_buff_29_U SOURCE {} VARIABLE void_max_pool_stream_stream_ap_fixed_8_4_0_0_0_0_pool_buff_29 LOOP {} BUNDLEDNAME {} DSP 0 BRAM 0 URAM 0 DISPNAME {bind_storage ram_1p}}} AREA {DSP 0 BRAM 0 URAM 0}} layer_block_16_32_16_Pipeline_VITIS_LOOP_31_1_VITIS_LOOP_32_2_VITIS_LOOP_33_3 {BINDINFO {{BINDTYPE op ID {} IMPL fabric LATENCY 0 OPTYPE add PRAGMA {} RTLNAME add_ln31_2_fu_143_p2 SOURCE vgg_accelerator.cpp:31 VARIABLE add_ln31_2 LOOP VITIS_LOOP_31_1_VITIS_LOOP_32_2_VITIS_LOOP_33_3 BUNDLEDNAME {} DSP 0 BRAM 0 URAM 0 DISPNAME {bind_op add}} {BINDTYPE op ID {} IMPL fabric LATENCY 0 OPTYPE add PRAGMA {} RTLNAME add_ln31_fu_158_p2 SOURCE vgg_accelerator.cpp:31 VARIABLE add_ln31 LOOP VITIS_LOOP_31_1_VITIS_LOOP_32_2_VITIS_LOOP_33_3 BUNDLEDNAME {} DSP 0 BRAM 0 URAM 0 DISPNAME {bind_op add}} {BINDTYPE op ID {} IMPL fabric LATENCY 0 OPTYPE add PRAGMA {} RTLNAME add_ln32_fu_226_p2 SOURCE vgg_accelerator.cpp:32 VARIABLE add_ln32 LOOP VITIS_LOOP_31_1_VITIS_LOOP_32_2_VITIS_LOOP_33_3 BUNDLEDNAME {} DSP 0 BRAM 0 URAM 0 DISPNAME {bind_op add}} {BINDTYPE op ID {} IMPL fabric LATENCY 0 OPTYPE add PRAGMA {} RTLNAME add_ln34_fu_270_p2 SOURCE vgg_accelerator.cpp:34 VARIABLE add_ln34 LOOP VITIS_LOOP_31_1_VITIS_LOOP_32_2_VITIS_LOOP_33_3 BUNDLEDNAME {} DSP 0 BRAM 0 URAM 0 DISPNAME {bind_op add}} {BINDTYPE op ID {} IMPL fabric LATENCY 0 OPTYPE add PRAGMA {} RTLNAME add_ln33_fu_282_p2 SOURCE vgg_accelerator.cpp:33 VARIABLE add_ln33 LOOP VITIS_LOOP_31_1_VITIS_LOOP_32_2_VITIS_LOOP_33_3 BUNDLEDNAME {} DSP 0 BRAM 0 URAM 0 DISPNAME {bind_op add}} {BINDTYPE op ID {} IMPL fabric LATENCY 0 OPTYPE add PRAGMA {} RTLNAME add_ln32_2_fu_288_p2 SOURCE vgg_accelerator.cpp:32 VARIABLE add_ln32_2 LOOP VITIS_LOOP_31_1_VITIS_LOOP_32_2_VITIS_LOOP_33_3 BUNDLEDNAME {} DSP 0 BRAM 0 URAM 0 DISPNAME {bind_op add}}} AREA {DSP 0 BRAM 0 URAM 0}} layer_block_16_32_16_Pipeline_VITIS_LOOP_40_6 {BINDINFO {{BINDTYPE op ID {} IMPL fabric LATENCY 0 OPTYPE add PRAGMA {} RTLNAME add_ln40_fu_3898_p2 SOURCE vgg_accelerator.cpp:40 VARIABLE add_ln40 LOOP VITIS_LOOP_40_6 BUNDLEDNAME {} DSP 0 BRAM 0 URAM 0 DISPNAME {bind_op add}} {BINDTYPE op ID {} IMPL fabric LATENCY 0 OPTYPE add PRAGMA {} RTLNAME add_ln52_fu_3912_p2 SOURCE vgg_accelerator.cpp:52 VARIABLE add_ln52 LOOP VITIS_LOOP_40_6 BUNDLEDNAME {} DSP 0 BRAM 0 URAM 0 DISPNAME {bind_op add}}} AREA {DSP 0 BRAM 0 URAM 0}} layer_block_16_32_16_Pipeline_VITIS_LOOP_71_8 {BINDINFO {{BINDTYPE op ID {} IMPL fabric LATENCY 0 OPTYPE add PRAGMA {} RTLNAME add_ln71_fu_1431_p2 SOURCE vgg_accelerator.cpp:71 VARIABLE add_ln71 LOOP VITIS_LOOP_71_8 BUNDLEDNAME {} DSP 0 BRAM 0 URAM 0 DISPNAME {bind_op add}} {BINDTYPE op ID {} IMPL fabric LATENCY 0 OPTYPE add PRAGMA {} RTLNAME add_ln76_fu_1457_p2 SOURCE vgg_accelerator.cpp:76 VARIABLE add_ln76 LOOP VITIS_LOOP_71_8 BUNDLEDNAME {} DSP 0 BRAM 0 URAM 0 DISPNAME {bind_op add}} {BINDTYPE op ID {} IMPL fabric LATENCY 0 OPTYPE add PRAGMA {} RTLNAME add_ln76_11_fu_1467_p2 SOURCE vgg_accelerator.cpp:76 VARIABLE add_ln76_11 LOOP VITIS_LOOP_71_8 BUNDLEDNAME {} DSP 0 BRAM 0 URAM 0 DISPNAME {bind_op add}} {BINDTYPE op ID {} IMPL fabric LATENCY 0 OPTYPE add PRAGMA {} RTLNAME add_ln76_12_fu_1477_p2 SOURCE vgg_accelerator.cpp:76 VARIABLE add_ln76_12 LOOP VITIS_LOOP_71_8 BUNDLEDNAME {} DSP 0 BRAM 0 URAM 0 DISPNAME {bind_op add}} {BINDTYPE op ID {} IMPL auto LATENCY 0 OPTYPE mul PRAGMA {} RTLNAME mul_8s_5s_12_1_1_U327 SOURCE {C:/Xilinx/Vitis_HLS/2022.2/common/technology/autopilot\ap_fixed_base.h:1347} VARIABLE mul_ln1347 LOOP VITIS_LOOP_71_8 BUNDLEDNAME {} DSP 0 BRAM 0 URAM 0 DISPNAME {bind_op mul}} {BINDTYPE op ID {} IMPL fabric LATENCY 0 OPTYPE add PRAGMA {} RTLNAME ret_V_fu_2012_p2 SOURCE {C:/Xilinx/Vitis_HLS/2022.2/common/technology/autopilot\ap_fixed_base.h:1347} VARIABLE ret_V LOOP VITIS_LOOP_71_8 BUNDLEDNAME {} DSP 0 BRAM 0 URAM 0 DISPNAME {bind_op add}} {BINDTYPE op ID {} IMPL fabric LATENCY 0 OPTYPE add PRAGMA {} RTLNAME acc_V_21_fu_2026_p2 SOURCE {C:/Xilinx/Vitis_HLS/2022.2/common/technology/autopilot\ap_fixed_base.h:813} VARIABLE acc_V_21 LOOP VITIS_LOOP_71_8 BUNDLEDNAME {} DSP 0 BRAM 0 URAM 0 DISPNAME {bind_op add}} {BINDTYPE op ID {} IMPL fabric LATENCY 0 OPTYPE add PRAGMA {} RTLNAME add_ln76_13_fu_1526_p2 SOURCE vgg_accelerator.cpp:76 VARIABLE add_ln76_13 LOOP VITIS_LOOP_71_8 BUNDLEDNAME {} DSP 0 BRAM 0 URAM 0 DISPNAME {bind_op add}} {BINDTYPE op ID {} IMPL auto LATENCY 0 OPTYPE mul PRAGMA {} RTLNAME mul_8s_5s_12_1_1_U328 SOURCE {C:/Xilinx/Vitis_HLS/2022.2/common/technology/autopilot\ap_fixed_base.h:1347} VARIABLE mul_ln1347_9 LOOP VITIS_LOOP_71_8 BUNDLEDNAME {} DSP 0 BRAM 0 URAM 0 DISPNAME {bind_op mul}} {BINDTYPE op ID {} IMPL fabric LATENCY 0 OPTYPE add PRAGMA {} RTLNAME ret_V_9_fu_2093_p2 SOURCE {C:/Xilinx/Vitis_HLS/2022.2/common/technology/autopilot\ap_fixed_base.h:1347} VARIABLE ret_V_9 LOOP VITIS_LOOP_71_8 BUNDLEDNAME {} DSP 0 BRAM 0 URAM 0 DISPNAME {bind_op add}} {BINDTYPE op ID {} IMPL fabric LATENCY 0 OPTYPE add PRAGMA {} RTLNAME acc_V_23_fu_2107_p2 SOURCE {C:/Xilinx/Vitis_HLS/2022.2/common/technology/autopilot\ap_fixed_base.h:813} VARIABLE acc_V_23 LOOP VITIS_LOOP_71_8 BUNDLEDNAME {} DSP 0 BRAM 0 URAM 0 DISPNAME {bind_op add}} {BINDTYPE op ID {} IMPL fabric LATENCY 0 OPTYPE add PRAGMA {} RTLNAME add_ln76_14_fu_1575_p2 SOURCE vgg_accelerator.cpp:76 VARIABLE add_ln76_14 LOOP VITIS_LOOP_71_8 BUNDLEDNAME {} DSP 0 BRAM 0 URAM 0 DISPNAME {bind_op add}} {BINDTYPE op ID {} IMPL auto LATENCY 0 OPTYPE mul PRAGMA {} RTLNAME mul_8s_5s_12_1_1_U329 SOURCE {C:/Xilinx/Vitis_HLS/2022.2/common/technology/autopilot\ap_fixed_base.h:1347} VARIABLE mul_ln1347_10 LOOP VITIS_LOOP_71_8 BUNDLEDNAME {} DSP 0 BRAM 0 URAM 0 DISPNAME {bind_op mul}} {BINDTYPE op ID {} IMPL fabric LATENCY 0 OPTYPE add PRAGMA {} RTLNAME ret_V_10_fu_2174_p2 SOURCE {C:/Xilinx/Vitis_HLS/2022.2/common/technology/autopilot\ap_fixed_base.h:1347} VARIABLE ret_V_10 LOOP VITIS_LOOP_71_8 BUNDLEDNAME {} DSP 0 BRAM 0 URAM 0 DISPNAME {bind_op add}} {BINDTYPE op ID {} IMPL fabric LATENCY 0 OPTYPE add PRAGMA {} RTLNAME acc_V_25_fu_2188_p2 SOURCE {C:/Xilinx/Vitis_HLS/2022.2/common/technology/autopilot\ap_fixed_base.h:813} VARIABLE acc_V_25 LOOP VITIS_LOOP_71_8 BUNDLEDNAME {} DSP 0 BRAM 0 URAM 0 DISPNAME {bind_op add}} {BINDTYPE op ID {} IMPL fabric LATENCY 0 OPTYPE add PRAGMA {} RTLNAME add_ln76_15_fu_1624_p2 SOURCE vgg_accelerator.cpp:76 VARIABLE add_ln76_15 LOOP VITIS_LOOP_71_8 BUNDLEDNAME {} DSP 0 BRAM 0 URAM 0 DISPNAME {bind_op add}} {BINDTYPE op ID {} IMPL auto LATENCY 0 OPTYPE mul PRAGMA {} RTLNAME mul_8s_5s_12_1_1_U330 SOURCE {C:/Xilinx/Vitis_HLS/2022.2/common/technology/autopilot\ap_fixed_base.h:1347} VARIABLE mul_ln1347_11 LOOP VITIS_LOOP_71_8 BUNDLEDNAME {} DSP 0 BRAM 0 URAM 0 DISPNAME {bind_op mul}} {BINDTYPE op ID {} IMPL fabric LATENCY 0 OPTYPE add PRAGMA {} RTLNAME ret_V_11_fu_2255_p2 SOURCE {C:/Xilinx/Vitis_HLS/2022.2/common/technology/autopilot\ap_fixed_base.h:1347} VARIABLE ret_V_11 LOOP VITIS_LOOP_71_8 BUNDLEDNAME {} DSP 0 BRAM 0 URAM 0 DISPNAME {bind_op add}} {BINDTYPE op ID {} IMPL fabric LATENCY 0 OPTYPE add PRAGMA {} RTLNAME acc_V_27_fu_2269_p2 SOURCE {C:/Xilinx/Vitis_HLS/2022.2/common/technology/autopilot\ap_fixed_base.h:813} VARIABLE acc_V_27 LOOP VITIS_LOOP_71_8 BUNDLEDNAME {} DSP 0 BRAM 0 URAM 0 DISPNAME {bind_op add}} {BINDTYPE op ID {} IMPL fabric LATENCY 0 OPTYPE add PRAGMA {} RTLNAME add_ln76_16_fu_1673_p2 SOURCE vgg_accelerator.cpp:76 VARIABLE add_ln76_16 LOOP VITIS_LOOP_71_8 BUNDLEDNAME {} DSP 0 BRAM 0 URAM 0 DISPNAME {bind_op add}} {BINDTYPE op ID {} IMPL auto LATENCY 0 OPTYPE mul PRAGMA {} RTLNAME mul_8s_5s_12_1_1_U331 SOURCE {C:/Xilinx/Vitis_HLS/2022.2/common/technology/autopilot\ap_fixed_base.h:1347} VARIABLE mul_ln1347_12 LOOP VITIS_LOOP_71_8 BUNDLEDNAME {} DSP 0 BRAM 0 URAM 0 DISPNAME {bind_op mul}} {BINDTYPE op ID {} IMPL fabric LATENCY 0 OPTYPE add PRAGMA {} RTLNAME ret_V_12_fu_2336_p2 SOURCE {C:/Xilinx/Vitis_HLS/2022.2/common/technology/autopilot\ap_fixed_base.h:1347} VARIABLE ret_V_12 LOOP VITIS_LOOP_71_8 BUNDLEDNAME {} DSP 0 BRAM 0 URAM 0 DISPNAME {bind_op add}} {BINDTYPE op ID {} IMPL fabric LATENCY 0 OPTYPE add PRAGMA {} RTLNAME acc_V_29_fu_2350_p2 SOURCE {C:/Xilinx/Vitis_HLS/2022.2/common/technology/autopilot\ap_fixed_base.h:813} VARIABLE acc_V_29 LOOP VITIS_LOOP_71_8 BUNDLEDNAME {} DSP 0 BRAM 0 URAM 0 DISPNAME {bind_op add}} {BINDTYPE op ID {} IMPL fabric LATENCY 0 OPTYPE add PRAGMA {} RTLNAME add_ln76_17_fu_1950_p2 SOURCE vgg_accelerator.cpp:76 VARIABLE add_ln76_17 LOOP VITIS_LOOP_71_8 BUNDLEDNAME {} DSP 0 BRAM 0 URAM 0 DISPNAME {bind_op add}} {BINDTYPE op ID {} IMPL auto LATENCY 0 OPTYPE mul PRAGMA {} RTLNAME mul_8s_5s_12_1_1_U332 SOURCE {C:/Xilinx/Vitis_HLS/2022.2/common/technology/autopilot\ap_fixed_base.h:1347} VARIABLE mul_ln1347_13 LOOP VITIS_LOOP_71_8 BUNDLEDNAME {} DSP 0 BRAM 0 URAM 0 DISPNAME {bind_op mul}} {BINDTYPE op ID {} IMPL fabric LATENCY 0 OPTYPE add PRAGMA {} RTLNAME ret_V_13_fu_2464_p2 SOURCE {C:/Xilinx/Vitis_HLS/2022.2/common/technology/autopilot\ap_fixed_base.h:1347} VARIABLE ret_V_13 LOOP VITIS_LOOP_71_8 BUNDLEDNAME {} DSP 0 BRAM 0 URAM 0 DISPNAME {bind_op add}} {BINDTYPE op ID {} IMPL fabric LATENCY 0 OPTYPE add PRAGMA {} RTLNAME acc_V_31_fu_2478_p2 SOURCE {C:/Xilinx/Vitis_HLS/2022.2/common/technology/autopilot\ap_fixed_base.h:813} VARIABLE acc_V_31 LOOP VITIS_LOOP_71_8 BUNDLEDNAME {} DSP 0 BRAM 0 URAM 0 DISPNAME {bind_op add}} {BINDTYPE op ID {} IMPL fabric LATENCY 0 OPTYPE add PRAGMA {} RTLNAME add_ln76_18_fu_1960_p2 SOURCE vgg_accelerator.cpp:76 VARIABLE add_ln76_18 LOOP VITIS_LOOP_71_8 BUNDLEDNAME {} DSP 0 BRAM 0 URAM 0 DISPNAME {bind_op add}} {BINDTYPE op ID {} IMPL auto LATENCY 0 OPTYPE mul PRAGMA {} RTLNAME mul_8s_5s_12_1_1_U333 SOURCE {C:/Xilinx/Vitis_HLS/2022.2/common/technology/autopilot\ap_fixed_base.h:1347} VARIABLE mul_ln1347_14 LOOP VITIS_LOOP_71_8 BUNDLEDNAME {} DSP 0 BRAM 0 URAM 0 DISPNAME {bind_op mul}} {BINDTYPE op ID {} IMPL fabric LATENCY 0 OPTYPE add PRAGMA {} RTLNAME ret_V_14_fu_2545_p2 SOURCE {C:/Xilinx/Vitis_HLS/2022.2/common/technology/autopilot\ap_fixed_base.h:1347} VARIABLE ret_V_14 LOOP VITIS_LOOP_71_8 BUNDLEDNAME {} DSP 0 BRAM 0 URAM 0 DISPNAME {bind_op add}} {BINDTYPE op ID {} IMPL fabric LATENCY 0 OPTYPE add PRAGMA {} RTLNAME acc_V_33_fu_2559_p2 SOURCE {C:/Xilinx/Vitis_HLS/2022.2/common/technology/autopilot\ap_fixed_base.h:813} VARIABLE acc_V_33 LOOP VITIS_LOOP_71_8 BUNDLEDNAME {} DSP 0 BRAM 0 URAM 0 DISPNAME {bind_op add}} {BINDTYPE op ID {} IMPL fabric LATENCY 0 OPTYPE add PRAGMA {} RTLNAME add_ln76_19_fu_1970_p2 SOURCE vgg_accelerator.cpp:76 VARIABLE add_ln76_19 LOOP VITIS_LOOP_71_8 BUNDLEDNAME {} DSP 0 BRAM 0 URAM 0 DISPNAME {bind_op add}} {BINDTYPE op ID {} IMPL auto LATENCY 0 OPTYPE mul PRAGMA {} RTLNAME mul_8s_5s_12_1_1_U334 SOURCE {C:/Xilinx/Vitis_HLS/2022.2/common/technology/autopilot\ap_fixed_base.h:1347} VARIABLE mul_ln1347_15 LOOP VITIS_LOOP_71_8 BUNDLEDNAME {} DSP 0 BRAM 0 URAM 0 DISPNAME {bind_op mul}} {BINDTYPE op ID {} IMPL fabric LATENCY 0 OPTYPE add PRAGMA {} RTLNAME ret_V_15_fu_2626_p2 SOURCE {C:/Xilinx/Vitis_HLS/2022.2/common/technology/autopilot\ap_fixed_base.h:1347} VARIABLE ret_V_15 LOOP VITIS_LOOP_71_8 BUNDLEDNAME {} DSP 0 BRAM 0 URAM 0 DISPNAME {bind_op add}} {BINDTYPE op ID {} IMPL fabric LATENCY 0 OPTYPE add PRAGMA {} RTLNAME acc_V_35_fu_2640_p2 SOURCE {C:/Xilinx/Vitis_HLS/2022.2/common/technology/autopilot\ap_fixed_base.h:813} VARIABLE acc_V_35 LOOP VITIS_LOOP_71_8 BUNDLEDNAME {} DSP 0 BRAM 0 URAM 0 DISPNAME {bind_op add}} {BINDTYPE op ID {} IMPL fabric LATENCY 0 OPTYPE add PRAGMA {} RTLNAME add_ln76_20_fu_1980_p2 SOURCE vgg_accelerator.cpp:76 VARIABLE add_ln76_20 LOOP VITIS_LOOP_71_8 BUNDLEDNAME {} DSP 0 BRAM 0 URAM 0 DISPNAME {bind_op add}} {BINDTYPE op ID {} IMPL auto LATENCY 0 OPTYPE mul PRAGMA {} RTLNAME mul_8s_5s_12_1_1_U335 SOURCE {C:/Xilinx/Vitis_HLS/2022.2/common/technology/autopilot\ap_fixed_base.h:1347} VARIABLE mul_ln1347_16 LOOP VITIS_LOOP_71_8 BUNDLEDNAME {} DSP 0 BRAM 0 URAM 0 DISPNAME {bind_op mul}} {BINDTYPE op ID {} IMPL fabric LATENCY 0 OPTYPE add PRAGMA {} RTLNAME ret_V_16_fu_2707_p2 SOURCE {C:/Xilinx/Vitis_HLS/2022.2/common/technology/autopilot\ap_fixed_base.h:1347} VARIABLE ret_V_16 LOOP VITIS_LOOP_71_8 BUNDLEDNAME {} DSP 0 BRAM 0 URAM 0 DISPNAME {bind_op add}} {BINDTYPE op ID {} IMPL fabric LATENCY 0 OPTYPE add PRAGMA {} RTLNAME acc_V_37_fu_2721_p2 SOURCE {C:/Xilinx/Vitis_HLS/2022.2/common/technology/autopilot\ap_fixed_base.h:813} VARIABLE acc_V_37 LOOP VITIS_LOOP_71_8 BUNDLEDNAME {} DSP 0 BRAM 0 URAM 0 DISPNAME {bind_op add}} {BINDTYPE op ID {} IMPL fabric LATENCY 0 OPTYPE add PRAGMA {} RTLNAME p_Val2_40_fu_2828_p2 SOURCE {C:/Xilinx/Vitis_HLS/2022.2/common/technology/autopilot\ap_fixed_base.h:377} VARIABLE p_Val2_40 LOOP VITIS_LOOP_71_8 BUNDLEDNAME {} DSP 0 BRAM 0 URAM 0 DISPNAME {bind_op add}} {BINDTYPE op ID {} IMPL fabric LATENCY 0 OPTYPE add PRAGMA {} RTLNAME add_ln856_fu_2834_p2 SOURCE {C:/Xilinx/Vitis_HLS/2022.2/common/technology/autopilot\ap_fixed_base.h:856} VARIABLE add_ln856 LOOP VITIS_LOOP_71_8 BUNDLEDNAME {} DSP 0 BRAM 0 URAM 0 DISPNAME {bind_op add}} {BINDTYPE storage ID {} IMPL auto LATENCY 1 OPTYPE rom_np PRAGMA {} RTLNAME conv2_weights_U SOURCE {} VARIABLE conv2_weights LOOP {} BUNDLEDNAME {} DSP 0 BRAM 9 URAM 0 DISPNAME {bind_storage rom_np}}} AREA {DSP 0 BRAM 9 URAM 0}} layer_block_16_32_16_s {BINDINFO {{BINDTYPE op ID {} IMPL fabric LATENCY 0 OPTYPE add PRAGMA {} RTLNAME add_ln36_fu_1745_p2 SOURCE vgg_accelerator.cpp:36 VARIABLE add_ln36 LOOP VITIS_LOOP_36_4_VITIS_LOOP_37_5 BUNDLEDNAME {} DSP 0 BRAM 0 URAM 0 DISPNAME {bind_op add}} {BINDTYPE op ID {} IMPL fabric LATENCY 0 OPTYPE add PRAGMA {} RTLNAME add_ln64_fu_2783_p2 SOURCE vgg_accelerator.cpp:64 VARIABLE add_ln64 LOOP VITIS_LOOP_64_7 BUNDLEDNAME {} DSP 0 BRAM 0 URAM 0 DISPNAME {bind_op add}} {BINDTYPE op ID {} IMPL fabric LATENCY 0 OPTYPE add PRAGMA {} RTLNAME add_ln37_fu_2798_p2 SOURCE vgg_accelerator.cpp:37 VARIABLE add_ln37 LOOP VITIS_LOOP_36_4_VITIS_LOOP_37_5 BUNDLEDNAME {} DSP 0 BRAM 0 URAM 0 DISPNAME {bind_op add}} {BINDTYPE storage ID {} IMPL auto LATENCY 1 OPTYPE ram_s2p PRAGMA {} RTLNAME void_layer_block_stream_stream_signed_char_const_16_3_3_signed_char_con_1_U SOURCE {} VARIABLE void_layer_block_stream_stream_signed_char_const_16_3_3_signed_char_con_1 LOOP {} BUNDLEDNAME {} DSP 0 BRAM 1 URAM 0 DISPNAME {bind_storage ram_s2p}} {BINDTYPE storage ID {} IMPL auto LATENCY 1 OPTYPE ram_s2p PRAGMA {} RTLNAME void_layer_block_stream_stream_signed_char_const_16_3_3_signed_char_con_U SOURCE {} VARIABLE void_layer_block_stream_stream_signed_char_const_16_3_3_signed_char_con LOOP {} BUNDLEDNAME {} DSP 0 BRAM 1 URAM 0 DISPNAME {bind_storage ram_s2p}} {BINDTYPE storage ID {} IMPL auto LATENCY 1 OPTYPE rom_1p PRAGMA {} RTLNAME conv2_bias_U SOURCE {} VARIABLE conv2_bias LOOP {} BUNDLEDNAME {} DSP 0 BRAM 0 URAM 0 DISPNAME {bind_storage rom_1p}}} AREA {DSP 0 BRAM 11 URAM 0}} max_pool_32_16_s {BINDINFO {{BINDTYPE op ID {} IMPL fabric LATENCY 0 OPTYPE add PRAGMA {} RTLNAME add_ln101_fu_2099_p2 SOURCE vgg_accelerator.cpp:101 VARIABLE add_ln101 LOOP VITIS_LOOP_101_1_VITIS_LOOP_102_2 BUNDLEDNAME {} DSP 0 BRAM 0 URAM 0 DISPNAME {bind_op add}} {BINDTYPE op ID {} IMPL fabric LATENCY 0 OPTYPE add PRAGMA {} RTLNAME r_4_fu_2111_p2 SOURCE vgg_accelerator.cpp:101 VARIABLE r_4 LOOP VITIS_LOOP_101_1_VITIS_LOOP_102_2 BUNDLEDNAME {} DSP 0 BRAM 0 URAM 0 DISPNAME {bind_op add}} {BINDTYPE op ID {} IMPL fabric LATENCY 0 OPTYPE add PRAGMA {} RTLNAME add_ln102_fu_2220_p2 SOURCE vgg_accelerator.cpp:102 VARIABLE add_ln102 LOOP VITIS_LOOP_101_1_VITIS_LOOP_102_2 BUNDLEDNAME {} DSP 0 BRAM 0 URAM 0 DISPNAME {bind_op add}} {BINDTYPE storage ID {} IMPL auto LATENCY 1 OPTYPE ram_1p PRAGMA {} RTLNAME void_max_pool_stream_stream_ap_fixed_8_4_0_0_0_0_pool_buff_18_U SOURCE {} VARIABLE void_max_pool_stream_stream_ap_fixed_8_4_0_0_0_0_pool_buff_18 LOOP {} BUNDLEDNAME {} DSP 0 BRAM 0 URAM 0 DISPNAME {bind_storage ram_1p}} {BINDTYPE storage ID {} IMPL auto LATENCY 1 OPTYPE ram_1p PRAGMA {} RTLNAME void_max_pool_stream_stream_ap_fixed_8_4_0_0_0_0_pool_buff_17_U SOURCE {} VARIABLE void_max_pool_stream_stream_ap_fixed_8_4_0_0_0_0_pool_buff_17 LOOP {} BUNDLEDNAME {} DSP 0 BRAM 0 URAM 0 DISPNAME {bind_storage ram_1p}} {BINDTYPE storage ID {} IMPL auto LATENCY 1 OPTYPE ram_1p PRAGMA {} RTLNAME void_max_pool_stream_stream_ap_fixed_8_4_0_0_0_0_pool_buff_16_U SOURCE {} VARIABLE void_max_pool_stream_stream_ap_fixed_8_4_0_0_0_0_pool_buff_16 LOOP {} BUNDLEDNAME {} DSP 0 BRAM 0 URAM 0 DISPNAME {bind_storage ram_1p}} {BINDTYPE storage ID {} IMPL auto LATENCY 1 OPTYPE ram_1p PRAGMA {} RTLNAME void_max_pool_stream_stream_ap_fixed_8_4_0_0_0_0_pool_buff_15_U SOURCE {} VARIABLE void_max_pool_stream_stream_ap_fixed_8_4_0_0_0_0_pool_buff_15 LOOP {} BUNDLEDNAME {} DSP 0 BRAM 0 URAM 0 DISPNAME {bind_storage ram_1p}} {BINDTYPE storage ID {} IMPL auto LATENCY 1 OPTYPE ram_1p PRAGMA {} RTLNAME void_max_pool_stream_stream_ap_fixed_8_4_0_0_0_0_pool_buff_14_U SOURCE {} VARIABLE void_max_pool_stream_stream_ap_fixed_8_4_0_0_0_0_pool_buff_14 LOOP {} BUNDLEDNAME {} DSP 0 BRAM 0 URAM 0 DISPNAME {bind_storage ram_1p}} {BINDTYPE storage ID {} IMPL auto LATENCY 1 OPTYPE ram_1p PRAGMA {} RTLNAME void_max_pool_stream_stream_ap_fixed_8_4_0_0_0_0_pool_buff_13_U SOURCE {} VARIABLE void_max_pool_stream_stream_ap_fixed_8_4_0_0_0_0_pool_buff_13 LOOP {} BUNDLEDNAME {} DSP 0 BRAM 0 URAM 0 DISPNAME {bind_storage ram_1p}} {BINDTYPE storage ID {} IMPL auto LATENCY 1 OPTYPE ram_1p PRAGMA {} RTLNAME void_max_pool_stream_stream_ap_fixed_8_4_0_0_0_0_pool_buff_12_U SOURCE {} VARIABLE void_max_pool_stream_stream_ap_fixed_8_4_0_0_0_0_pool_buff_12 LOOP {} BUNDLEDNAME {} DSP 0 BRAM 0 URAM 0 DISPNAME {bind_storage ram_1p}} {BINDTYPE storage ID {} IMPL auto LATENCY 1 OPTYPE ram_1p PRAGMA {} RTLNAME void_max_pool_stream_stream_ap_fixed_8_4_0_0_0_0_pool_buff_11_U SOURCE {} VARIABLE void_max_pool_stream_stream_ap_fixed_8_4_0_0_0_0_pool_buff_11 LOOP {} BUNDLEDNAME {} DSP 0 BRAM 0 URAM 0 DISPNAME {bind_storage ram_1p}} {BINDTYPE storage ID {} IMPL auto LATENCY 1 OPTYPE ram_1p PRAGMA {} RTLNAME void_max_pool_stream_stream_ap_fixed_8_4_0_0_0_0_pool_buff_10_U SOURCE {} VARIABLE void_max_pool_stream_stream_ap_fixed_8_4_0_0_0_0_pool_buff_10 LOOP {} BUNDLEDNAME {} DSP 0 BRAM 0 URAM 0 DISPNAME {bind_storage ram_1p}} {BINDTYPE storage ID {} IMPL auto LATENCY 1 OPTYPE ram_1p PRAGMA {} RTLNAME p_ZZ8max_poolILi32ELi16EEvRN3hls6streamI8ap_fixedILi8ELi4EL9ap_q_mode0EL9ap_o_mod_21_U SOURCE {} VARIABLE p_ZZ8max_poolILi32ELi16EEvRN3hls6streamI8ap_fixedILi8ELi4EL9ap_q_mode0EL9ap_o_mod_21 LOOP {} BUNDLEDNAME {} DSP 0 BRAM 0 URAM 0 DISPNAME {bind_storage ram_1p}} {BINDTYPE storage ID {} IMPL auto LATENCY 1 OPTYPE ram_1p PRAGMA {} RTLNAME p_ZZ8max_poolILi32ELi16EEvRN3hls6streamI8ap_fixedILi8ELi4EL9ap_q_mode0EL9ap_o_mod_20_U SOURCE {} VARIABLE p_ZZ8max_poolILi32ELi16EEvRN3hls6streamI8ap_fixedILi8ELi4EL9ap_q_mode0EL9ap_o_mod_20 LOOP {} BUNDLEDNAME {} DSP 0 BRAM 0 URAM 0 DISPNAME {bind_storage ram_1p}} {BINDTYPE storage ID {} IMPL auto LATENCY 1 OPTYPE ram_1p PRAGMA {} RTLNAME p_ZZ8max_poolILi32ELi16EEvRN3hls6streamI8ap_fixedILi8ELi4EL9ap_q_mode0EL9ap_o_mod_19_U SOURCE {} VARIABLE p_ZZ8max_poolILi32ELi16EEvRN3hls6streamI8ap_fixedILi8ELi4EL9ap_q_mode0EL9ap_o_mod_19 LOOP {} BUNDLEDNAME {} DSP 0 BRAM 0 URAM 0 DISPNAME {bind_storage ram_1p}} {BINDTYPE storage ID {} IMPL auto LATENCY 1 OPTYPE ram_1p PRAGMA {} RTLNAME p_ZZ8max_poolILi32ELi16EEvRN3hls6streamI8ap_fixedILi8ELi4EL9ap_q_mode0EL9ap_o_mod_18_U SOURCE {} VARIABLE p_ZZ8max_poolILi32ELi16EEvRN3hls6streamI8ap_fixedILi8ELi4EL9ap_q_mode0EL9ap_o_mod_18 LOOP {} BUNDLEDNAME {} DSP 0 BRAM 0 URAM 0 DISPNAME {bind_storage ram_1p}} {BINDTYPE storage ID {} IMPL auto LATENCY 1 OPTYPE ram_1p PRAGMA {} RTLNAME p_ZZ8max_poolILi32ELi16EEvRN3hls6streamI8ap_fixedILi8ELi4EL9ap_q_mode0EL9ap_o_mod_17_U SOURCE {} VARIABLE p_ZZ8max_poolILi32ELi16EEvRN3hls6streamI8ap_fixedILi8ELi4EL9ap_q_mode0EL9ap_o_mod_17 LOOP {} BUNDLEDNAME {} DSP 0 BRAM 0 URAM 0 DISPNAME {bind_storage ram_1p}} {BINDTYPE storage ID {} IMPL auto LATENCY 1 OPTYPE ram_1p PRAGMA {} RTLNAME p_ZZ8max_poolILi32ELi16EEvRN3hls6streamI8ap_fixedILi8ELi4EL9ap_q_mode0EL9ap_o_mod_16_U SOURCE {} VARIABLE p_ZZ8max_poolILi32ELi16EEvRN3hls6streamI8ap_fixedILi8ELi4EL9ap_q_mode0EL9ap_o_mod_16 LOOP {} BUNDLEDNAME {} DSP 0 BRAM 0 URAM 0 DISPNAME {bind_storage ram_1p}} {BINDTYPE storage ID {} IMPL auto LATENCY 1 OPTYPE ram_1p PRAGMA {} RTLNAME p_ZZ8max_poolILi32ELi16EEvRN3hls6streamI8ap_fixedILi8ELi4EL9ap_q_mode0EL9ap_o_mod_15_U SOURCE {} VARIABLE p_ZZ8max_poolILi32ELi16EEvRN3hls6streamI8ap_fixedILi8ELi4EL9ap_q_mode0EL9ap_o_mod_15 LOOP {} BUNDLEDNAME {} DSP 0 BRAM 0 URAM 0 DISPNAME {bind_storage ram_1p}} {BINDTYPE storage ID {} IMPL auto LATENCY 1 OPTYPE ram_1p PRAGMA {} RTLNAME p_ZZ8max_poolILi32ELi16EEvRN3hls6streamI8ap_fixedILi8ELi4EL9ap_q_mode0EL9ap_o_mod_14_U SOURCE {} VARIABLE p_ZZ8max_poolILi32ELi16EEvRN3hls6streamI8ap_fixedILi8ELi4EL9ap_q_mode0EL9ap_o_mod_14 LOOP {} BUNDLEDNAME {} DSP 0 BRAM 0 URAM 0 DISPNAME {bind_storage ram_1p}} {BINDTYPE storage ID {} IMPL auto LATENCY 1 OPTYPE ram_1p PRAGMA {} RTLNAME p_ZZ8max_poolILi32ELi16EEvRN3hls6streamI8ap_fixedILi8ELi4EL9ap_q_mode0EL9ap_o_mod_13_U SOURCE {} VARIABLE p_ZZ8max_poolILi32ELi16EEvRN3hls6streamI8ap_fixedILi8ELi4EL9ap_q_mode0EL9ap_o_mod_13 LOOP {} BUNDLEDNAME {} DSP 0 BRAM 0 URAM 0 DISPNAME {bind_storage ram_1p}} {BINDTYPE storage ID {} IMPL auto LATENCY 1 OPTYPE ram_1p PRAGMA {} RTLNAME p_ZZ8max_poolILi32ELi16EEvRN3hls6streamI8ap_fixedILi8ELi4EL9ap_q_mode0EL9ap_o_mod_12_U SOURCE {} VARIABLE p_ZZ8max_poolILi32ELi16EEvRN3hls6streamI8ap_fixedILi8ELi4EL9ap_q_mode0EL9ap_o_mod_12 LOOP {} BUNDLEDNAME {} DSP 0 BRAM 0 URAM 0 DISPNAME {bind_storage ram_1p}} {BINDTYPE storage ID {} IMPL auto LATENCY 1 OPTYPE ram_1p PRAGMA {} RTLNAME p_ZZ8max_poolILi32ELi16EEvRN3hls6streamI8ap_fixedILi8ELi4EL9ap_q_mode0EL9ap_o_mod_11_U SOURCE {} VARIABLE p_ZZ8max_poolILi32ELi16EEvRN3hls6streamI8ap_fixedILi8ELi4EL9ap_q_mode0EL9ap_o_mod_11 LOOP {} BUNDLEDNAME {} DSP 0 BRAM 0 URAM 0 DISPNAME {bind_storage ram_1p}} {BINDTYPE storage ID {} IMPL auto LATENCY 1 OPTYPE ram_1p PRAGMA {} RTLNAME p_ZZ8max_poolILi32ELi16EEvRN3hls6streamI8ap_fixedILi8ELi4EL9ap_q_mode0EL9ap_o_mod_10_U SOURCE {} VARIABLE p_ZZ8max_poolILi32ELi16EEvRN3hls6streamI8ap_fixedILi8ELi4EL9ap_q_mode0EL9ap_o_mod_10 LOOP {} BUNDLEDNAME {} DSP 0 BRAM 0 URAM 0 DISPNAME {bind_storage ram_1p}} {BINDTYPE storage ID {} IMPL auto LATENCY 1 OPTYPE ram_1p PRAGMA {} RTLNAME p_ZZ8max_poolILi32ELi16EEvRN3hls6streamI8ap_fixedILi8ELi4EL9ap_q_mode0EL9ap_o_mod_9_U SOURCE {} VARIABLE p_ZZ8max_poolILi32ELi16EEvRN3hls6streamI8ap_fixedILi8ELi4EL9ap_q_mode0EL9ap_o_mod_9 LOOP {} BUNDLEDNAME {} DSP 0 BRAM 0 URAM 0 DISPNAME {bind_storage ram_1p}} {BINDTYPE storage ID {} IMPL auto LATENCY 1 OPTYPE ram_1p PRAGMA {} RTLNAME p_ZZ8max_poolILi32ELi16EEvRN3hls6streamI8ap_fixedILi8ELi4EL9ap_q_mode0EL9ap_o_mod_8_U SOURCE {} VARIABLE p_ZZ8max_poolILi32ELi16EEvRN3hls6streamI8ap_fixedILi8ELi4EL9ap_q_mode0EL9ap_o_mod_8 LOOP {} BUNDLEDNAME {} DSP 0 BRAM 0 URAM 0 DISPNAME {bind_storage ram_1p}} {BINDTYPE storage ID {} IMPL auto LATENCY 1 OPTYPE ram_1p PRAGMA {} RTLNAME p_ZZ8max_poolILi32ELi16EEvRN3hls6streamI8ap_fixedILi8ELi4EL9ap_q_mode0EL9ap_o_mod_7_U SOURCE {} VARIABLE p_ZZ8max_poolILi32ELi16EEvRN3hls6streamI8ap_fixedILi8ELi4EL9ap_q_mode0EL9ap_o_mod_7 LOOP {} BUNDLEDNAME {} DSP 0 BRAM 0 URAM 0 DISPNAME {bind_storage ram_1p}} {BINDTYPE storage ID {} IMPL auto LATENCY 1 OPTYPE ram_1p PRAGMA {} RTLNAME p_ZZ8max_poolILi32ELi16EEvRN3hls6streamI8ap_fixedILi8ELi4EL9ap_q_mode0EL9ap_o_mod_6_U SOURCE {} VARIABLE p_ZZ8max_poolILi32ELi16EEvRN3hls6streamI8ap_fixedILi8ELi4EL9ap_q_mode0EL9ap_o_mod_6 LOOP {} BUNDLEDNAME {} DSP 0 BRAM 0 URAM 0 DISPNAME {bind_storage ram_1p}} {BINDTYPE storage ID {} IMPL auto LATENCY 1 OPTYPE ram_1p PRAGMA {} RTLNAME p_ZZ8max_poolILi32ELi16EEvRN3hls6streamI8ap_fixedILi8ELi4EL9ap_q_mode0EL9ap_o_mod_5_U SOURCE {} VARIABLE p_ZZ8max_poolILi32ELi16EEvRN3hls6streamI8ap_fixedILi8ELi4EL9ap_q_mode0EL9ap_o_mod_5 LOOP {} BUNDLEDNAME {} DSP 0 BRAM 0 URAM 0 DISPNAME {bind_storage ram_1p}} {BINDTYPE storage ID {} IMPL auto LATENCY 1 OPTYPE ram_1p PRAGMA {} RTLNAME p_ZZ8max_poolILi32ELi16EEvRN3hls6streamI8ap_fixedILi8ELi4EL9ap_q_mode0EL9ap_o_mod_4_U SOURCE {} VARIABLE p_ZZ8max_poolILi32ELi16EEvRN3hls6streamI8ap_fixedILi8ELi4EL9ap_q_mode0EL9ap_o_mod_4 LOOP {} BUNDLEDNAME {} DSP 0 BRAM 0 URAM 0 DISPNAME {bind_storage ram_1p}} {BINDTYPE storage ID {} IMPL auto LATENCY 1 OPTYPE ram_1p PRAGMA {} RTLNAME p_ZZ8max_poolILi32ELi16EEvRN3hls6streamI8ap_fixedILi8ELi4EL9ap_q_mode0EL9ap_o_mod_3_U SOURCE {} VARIABLE p_ZZ8max_poolILi32ELi16EEvRN3hls6streamI8ap_fixedILi8ELi4EL9ap_q_mode0EL9ap_o_mod_3 LOOP {} BUNDLEDNAME {} DSP 0 BRAM 0 URAM 0 DISPNAME {bind_storage ram_1p}} {BINDTYPE storage ID {} IMPL auto LATENCY 1 OPTYPE ram_1p PRAGMA {} RTLNAME p_ZZ8max_poolILi32ELi16EEvRN3hls6streamI8ap_fixedILi8ELi4EL9ap_q_mode0EL9ap_o_mod_2_U SOURCE {} VARIABLE p_ZZ8max_poolILi32ELi16EEvRN3hls6streamI8ap_fixedILi8ELi4EL9ap_q_mode0EL9ap_o_mod_2 LOOP {} BUNDLEDNAME {} DSP 0 BRAM 0 URAM 0 DISPNAME {bind_storage ram_1p}} {BINDTYPE storage ID {} IMPL auto LATENCY 1 OPTYPE ram_1p PRAGMA {} RTLNAME p_ZZ8max_poolILi32ELi16EEvRN3hls6streamI8ap_fixedILi8ELi4EL9ap_q_mode0EL9ap_o_mod_1_U SOURCE {} VARIABLE p_ZZ8max_poolILi32ELi16EEvRN3hls6streamI8ap_fixedILi8ELi4EL9ap_q_mode0EL9ap_o_mod_1 LOOP {} BUNDLEDNAME {} DSP 0 BRAM 0 URAM 0 DISPNAME {bind_storage ram_1p}} {BINDTYPE storage ID {} IMPL auto LATENCY 1 OPTYPE ram_s2p PRAGMA {} RTLNAME p_ZZ8max_poolILi32ELi16EEvRN3hls6streamI8ap_fixedILi8ELi4EL9ap_q_mode0EL9ap_o_mod_U SOURCE {} VARIABLE p_ZZ8max_poolILi32ELi16EEvRN3hls6streamI8ap_fixedILi8ELi4EL9ap_q_mode0EL9ap_o_mod LOOP {} BUNDLEDNAME {} DSP 0 BRAM 0 URAM 0 DISPNAME {bind_storage ram_s2p}} {BINDTYPE storage ID {} IMPL auto LATENCY 1 OPTYPE ram_1p PRAGMA {} RTLNAME void_max_pool_stream_stream_ap_fixed_8_4_0_0_0_0_pool_buff_19_U SOURCE {} VARIABLE void_max_pool_stream_stream_ap_fixed_8_4_0_0_0_0_pool_buff_19 LOOP {} BUNDLEDNAME {} DSP 0 BRAM 0 URAM 0 DISPNAME {bind_storage ram_1p}}} AREA {DSP 0 BRAM 0 URAM 0}} layer_block_32_64_8_Pipeline_VITIS_LOOP_31_1_VITIS_LOOP_32_2_VITIS_LOOP_33_3 {BINDINFO {{BINDTYPE op ID {} IMPL fabric LATENCY 0 OPTYPE add PRAGMA {} RTLNAME add_ln31_1_fu_143_p2 SOURCE vgg_accelerator.cpp:31 VARIABLE add_ln31_1 LOOP VITIS_LOOP_31_1_VITIS_LOOP_32_2_VITIS_LOOP_33_3 BUNDLEDNAME {} DSP 0 BRAM 0 URAM 0 DISPNAME {bind_op add}} {BINDTYPE op ID {} IMPL fabric LATENCY 0 OPTYPE add PRAGMA {} RTLNAME add_ln31_fu_158_p2 SOURCE vgg_accelerator.cpp:31 VARIABLE add_ln31 LOOP VITIS_LOOP_31_1_VITIS_LOOP_32_2_VITIS_LOOP_33_3 BUNDLEDNAME {} DSP 0 BRAM 0 URAM 0 DISPNAME {bind_op add}} {BINDTYPE op ID {} IMPL fabric LATENCY 0 OPTYPE add PRAGMA {} RTLNAME add_ln32_fu_226_p2 SOURCE vgg_accelerator.cpp:32 VARIABLE add_ln32 LOOP VITIS_LOOP_31_1_VITIS_LOOP_32_2_VITIS_LOOP_33_3 BUNDLEDNAME {} DSP 0 BRAM 0 URAM 0 DISPNAME {bind_op add}} {BINDTYPE op ID {} IMPL fabric LATENCY 0 OPTYPE add PRAGMA {} RTLNAME add_ln34_fu_270_p2 SOURCE vgg_accelerator.cpp:34 VARIABLE add_ln34 LOOP VITIS_LOOP_31_1_VITIS_LOOP_32_2_VITIS_LOOP_33_3 BUNDLEDNAME {} DSP 0 BRAM 0 URAM 0 DISPNAME {bind_op add}} {BINDTYPE op ID {} IMPL fabric LATENCY 0 OPTYPE add PRAGMA {} RTLNAME add_ln33_fu_282_p2 SOURCE vgg_accelerator.cpp:33 VARIABLE add_ln33 LOOP VITIS_LOOP_31_1_VITIS_LOOP_32_2_VITIS_LOOP_33_3 BUNDLEDNAME {} DSP 0 BRAM 0 URAM 0 DISPNAME {bind_op add}} {BINDTYPE op ID {} IMPL fabric LATENCY 0 OPTYPE add PRAGMA {} RTLNAME add_ln32_1_fu_288_p2 SOURCE vgg_accelerator.cpp:32 VARIABLE add_ln32_1 LOOP VITIS_LOOP_31_1_VITIS_LOOP_32_2_VITIS_LOOP_33_3 BUNDLEDNAME {} DSP 0 BRAM 0 URAM 0 DISPNAME {bind_op add}}} AREA {DSP 0 BRAM 0 URAM 0}} layer_block_32_64_8_Pipeline_VITIS_LOOP_40_6 {BINDINFO {{BINDTYPE op ID {} IMPL fabric LATENCY 0 OPTYPE add PRAGMA {} RTLNAME add_ln40_fu_7676_p2 SOURCE vgg_accelerator.cpp:40 VARIABLE add_ln40 LOOP VITIS_LOOP_40_6 BUNDLEDNAME {} DSP 0 BRAM 0 URAM 0 DISPNAME {bind_op add}} {BINDTYPE op ID {} IMPL fabric LATENCY 0 OPTYPE add PRAGMA {} RTLNAME add_ln52_fu_7690_p2 SOURCE vgg_accelerator.cpp:52 VARIABLE add_ln52 LOOP VITIS_LOOP_40_6 BUNDLEDNAME {} DSP 0 BRAM 0 URAM 0 DISPNAME {bind_op add}}} AREA {DSP 0 BRAM 0 URAM 0}} layer_block_32_64_8_Pipeline_VITIS_LOOP_71_8 {BINDINFO {{BINDTYPE op ID {} IMPL fabric LATENCY 0 OPTYPE add PRAGMA {} RTLNAME add_ln71_fu_2583_p2 SOURCE vgg_accelerator.cpp:71 VARIABLE add_ln71 LOOP VITIS_LOOP_71_8 BUNDLEDNAME {} DSP 0 BRAM 0 URAM 0 DISPNAME {bind_op add}} {BINDTYPE op ID {} IMPL fabric LATENCY 0 OPTYPE add PRAGMA {} RTLNAME add_ln76_fu_2609_p2 SOURCE vgg_accelerator.cpp:76 VARIABLE add_ln76 LOOP VITIS_LOOP_71_8 BUNDLEDNAME {} DSP 0 BRAM 0 URAM 0 DISPNAME {bind_op add}} {BINDTYPE op ID {} IMPL fabric LATENCY 0 OPTYPE add PRAGMA {} RTLNAME add_ln76_1_fu_2619_p2 SOURCE vgg_accelerator.cpp:76 VARIABLE add_ln76_1 LOOP VITIS_LOOP_71_8 BUNDLEDNAME {} DSP 0 BRAM 0 URAM 0 DISPNAME {bind_op add}} {BINDTYPE op ID {} IMPL fabric LATENCY 0 OPTYPE add PRAGMA {} RTLNAME add_ln76_2_fu_2629_p2 SOURCE vgg_accelerator.cpp:76 VARIABLE add_ln76_2 LOOP VITIS_LOOP_71_8 BUNDLEDNAME {} DSP 0 BRAM 0 URAM 0 DISPNAME {bind_op add}} {BINDTYPE op ID {} IMPL auto LATENCY 0 OPTYPE mul PRAGMA {} RTLNAME mul_8s_5s_12_1_1_U1089 SOURCE {C:/Xilinx/Vitis_HLS/2022.2/common/technology/autopilot\ap_fixed_base.h:1347} VARIABLE mul_ln1347 LOOP VITIS_LOOP_71_8 BUNDLEDNAME {} DSP 0 BRAM 0 URAM 0 DISPNAME {bind_op mul}} {BINDTYPE op ID {} IMPL fabric LATENCY 0 OPTYPE add PRAGMA {} RTLNAME ret_V_fu_3452_p2 SOURCE {C:/Xilinx/Vitis_HLS/2022.2/common/technology/autopilot\ap_fixed_base.h:1347} VARIABLE ret_V LOOP VITIS_LOOP_71_8 BUNDLEDNAME {} DSP 0 BRAM 0 URAM 0 DISPNAME {bind_op add}} {BINDTYPE op ID {} IMPL fabric LATENCY 0 OPTYPE add PRAGMA {} RTLNAME acc_V_2_fu_3466_p2 SOURCE {C:/Xilinx/Vitis_HLS/2022.2/common/technology/autopilot\ap_fixed_base.h:813} VARIABLE acc_V_2 LOOP VITIS_LOOP_71_8 BUNDLEDNAME {} DSP 0 BRAM 0 URAM 0 DISPNAME {bind_op add}} {BINDTYPE op ID {} IMPL fabric LATENCY 0 OPTYPE add PRAGMA {} RTLNAME add_ln76_3_fu_2710_p2 SOURCE vgg_accelerator.cpp:76 VARIABLE add_ln76_3 LOOP VITIS_LOOP_71_8 BUNDLEDNAME {} DSP 0 BRAM 0 URAM 0 DISPNAME {bind_op add}} {BINDTYPE op ID {} IMPL auto LATENCY 0 OPTYPE mul PRAGMA {} RTLNAME mul_8s_5s_12_1_1_U1090 SOURCE {C:/Xilinx/Vitis_HLS/2022.2/common/technology/autopilot\ap_fixed_base.h:1347} VARIABLE mul_ln1347_1 LOOP VITIS_LOOP_71_8 BUNDLEDNAME {} DSP 0 BRAM 0 URAM 0 DISPNAME {bind_op mul}} {BINDTYPE op ID {} IMPL fabric LATENCY 0 OPTYPE add PRAGMA {} RTLNAME ret_V_1_fu_3533_p2 SOURCE {C:/Xilinx/Vitis_HLS/2022.2/common/technology/autopilot\ap_fixed_base.h:1347} VARIABLE ret_V_1 LOOP VITIS_LOOP_71_8 BUNDLEDNAME {} DSP 0 BRAM 0 URAM 0 DISPNAME {bind_op add}} {BINDTYPE op ID {} IMPL fabric LATENCY 0 OPTYPE add PRAGMA {} RTLNAME acc_V_4_fu_3547_p2 SOURCE {C:/Xilinx/Vitis_HLS/2022.2/common/technology/autopilot\ap_fixed_base.h:813} VARIABLE acc_V_4 LOOP VITIS_LOOP_71_8 BUNDLEDNAME {} DSP 0 BRAM 0 URAM 0 DISPNAME {bind_op add}} {BINDTYPE op ID {} IMPL fabric LATENCY 0 OPTYPE add PRAGMA {} RTLNAME add_ln76_4_fu_2791_p2 SOURCE vgg_accelerator.cpp:76 VARIABLE add_ln76_4 LOOP VITIS_LOOP_71_8 BUNDLEDNAME {} DSP 0 BRAM 0 URAM 0 DISPNAME {bind_op add}} {BINDTYPE op ID {} IMPL auto LATENCY 0 OPTYPE mul PRAGMA {} RTLNAME mul_8s_5s_12_1_1_U1091 SOURCE {C:/Xilinx/Vitis_HLS/2022.2/common/technology/autopilot\ap_fixed_base.h:1347} VARIABLE mul_ln1347_2 LOOP VITIS_LOOP_71_8 BUNDLEDNAME {} DSP 0 BRAM 0 URAM 0 DISPNAME {bind_op mul}} {BINDTYPE op ID {} IMPL fabric LATENCY 0 OPTYPE add PRAGMA {} RTLNAME ret_V_2_fu_3614_p2 SOURCE {C:/Xilinx/Vitis_HLS/2022.2/common/technology/autopilot\ap_fixed_base.h:1347} VARIABLE ret_V_2 LOOP VITIS_LOOP_71_8 BUNDLEDNAME {} DSP 0 BRAM 0 URAM 0 DISPNAME {bind_op add}} {BINDTYPE op ID {} IMPL fabric LATENCY 0 OPTYPE add PRAGMA {} RTLNAME acc_V_6_fu_3628_p2 SOURCE {C:/Xilinx/Vitis_HLS/2022.2/common/technology/autopilot\ap_fixed_base.h:813} VARIABLE acc_V_6 LOOP VITIS_LOOP_71_8 BUNDLEDNAME {} DSP 0 BRAM 0 URAM 0 DISPNAME {bind_op add}} {BINDTYPE op ID {} IMPL fabric LATENCY 0 OPTYPE add PRAGMA {} RTLNAME add_ln76_5_fu_2872_p2 SOURCE vgg_accelerator.cpp:76 VARIABLE add_ln76_5 LOOP VITIS_LOOP_71_8 BUNDLEDNAME {} DSP 0 BRAM 0 URAM 0 DISPNAME {bind_op add}} {BINDTYPE op ID {} IMPL auto LATENCY 0 OPTYPE mul PRAGMA {} RTLNAME mul_8s_5s_12_1_1_U1092 SOURCE {C:/Xilinx/Vitis_HLS/2022.2/common/technology/autopilot\ap_fixed_base.h:1347} VARIABLE mul_ln1347_3 LOOP VITIS_LOOP_71_8 BUNDLEDNAME {} DSP 0 BRAM 0 URAM 0 DISPNAME {bind_op mul}} {BINDTYPE op ID {} IMPL fabric LATENCY 0 OPTYPE add PRAGMA {} RTLNAME ret_V_3_fu_3695_p2 SOURCE {C:/Xilinx/Vitis_HLS/2022.2/common/technology/autopilot\ap_fixed_base.h:1347} VARIABLE ret_V_3 LOOP VITIS_LOOP_71_8 BUNDLEDNAME {} DSP 0 BRAM 0 URAM 0 DISPNAME {bind_op add}} {BINDTYPE op ID {} IMPL fabric LATENCY 0 OPTYPE add PRAGMA {} RTLNAME acc_V_8_fu_3709_p2 SOURCE {C:/Xilinx/Vitis_HLS/2022.2/common/technology/autopilot\ap_fixed_base.h:813} VARIABLE acc_V_8 LOOP VITIS_LOOP_71_8 BUNDLEDNAME {} DSP 0 BRAM 0 URAM 0 DISPNAME {bind_op add}} {BINDTYPE op ID {} IMPL fabric LATENCY 0 OPTYPE add PRAGMA {} RTLNAME add_ln76_6_fu_2953_p2 SOURCE vgg_accelerator.cpp:76 VARIABLE add_ln76_6 LOOP VITIS_LOOP_71_8 BUNDLEDNAME {} DSP 0 BRAM 0 URAM 0 DISPNAME {bind_op add}} {BINDTYPE op ID {} IMPL auto LATENCY 0 OPTYPE mul PRAGMA {} RTLNAME mul_8s_5s_12_1_1_U1093 SOURCE {C:/Xilinx/Vitis_HLS/2022.2/common/technology/autopilot\ap_fixed_base.h:1347} VARIABLE mul_ln1347_4 LOOP VITIS_LOOP_71_8 BUNDLEDNAME {} DSP 0 BRAM 0 URAM 0 DISPNAME {bind_op mul}} {BINDTYPE op ID {} IMPL fabric LATENCY 0 OPTYPE add PRAGMA {} RTLNAME ret_V_4_fu_3776_p2 SOURCE {C:/Xilinx/Vitis_HLS/2022.2/common/technology/autopilot\ap_fixed_base.h:1347} VARIABLE ret_V_4 LOOP VITIS_LOOP_71_8 BUNDLEDNAME {} DSP 0 BRAM 0 URAM 0 DISPNAME {bind_op add}} {BINDTYPE op ID {} IMPL fabric LATENCY 0 OPTYPE add PRAGMA {} RTLNAME acc_V_10_fu_3790_p2 SOURCE {C:/Xilinx/Vitis_HLS/2022.2/common/technology/autopilot\ap_fixed_base.h:813} VARIABLE acc_V_10 LOOP VITIS_LOOP_71_8 BUNDLEDNAME {} DSP 0 BRAM 0 URAM 0 DISPNAME {bind_op add}} {BINDTYPE op ID {} IMPL fabric LATENCY 0 OPTYPE add PRAGMA {} RTLNAME add_ln76_7_fu_3390_p2 SOURCE vgg_accelerator.cpp:76 VARIABLE add_ln76_7 LOOP VITIS_LOOP_71_8 BUNDLEDNAME {} DSP 0 BRAM 0 URAM 0 DISPNAME {bind_op add}} {BINDTYPE op ID {} IMPL auto LATENCY 0 OPTYPE mul PRAGMA {} RTLNAME mul_8s_5s_12_1_1_U1094 SOURCE {C:/Xilinx/Vitis_HLS/2022.2/common/technology/autopilot\ap_fixed_base.h:1347} VARIABLE mul_ln1347_5 LOOP VITIS_LOOP_71_8 BUNDLEDNAME {} DSP 0 BRAM 0 URAM 0 DISPNAME {bind_op mul}} {BINDTYPE op ID {} IMPL fabric LATENCY 0 OPTYPE add PRAGMA {} RTLNAME ret_V_5_fu_3904_p2 SOURCE {C:/Xilinx/Vitis_HLS/2022.2/common/technology/autopilot\ap_fixed_base.h:1347} VARIABLE ret_V_5 LOOP VITIS_LOOP_71_8 BUNDLEDNAME {} DSP 0 BRAM 0 URAM 0 DISPNAME {bind_op add}} {BINDTYPE op ID {} IMPL fabric LATENCY 0 OPTYPE add PRAGMA {} RTLNAME acc_V_12_fu_3918_p2 SOURCE {C:/Xilinx/Vitis_HLS/2022.2/common/technology/autopilot\ap_fixed_base.h:813} VARIABLE acc_V_12 LOOP VITIS_LOOP_71_8 BUNDLEDNAME {} DSP 0 BRAM 0 URAM 0 DISPNAME {bind_op add}} {BINDTYPE op ID {} IMPL fabric LATENCY 0 OPTYPE add PRAGMA {} RTLNAME add_ln76_8_fu_3400_p2 SOURCE vgg_accelerator.cpp:76 VARIABLE add_ln76_8 LOOP VITIS_LOOP_71_8 BUNDLEDNAME {} DSP 0 BRAM 0 URAM 0 DISPNAME {bind_op add}} {BINDTYPE op ID {} IMPL auto LATENCY 0 OPTYPE mul PRAGMA {} RTLNAME mul_8s_5s_12_1_1_U1095 SOURCE {C:/Xilinx/Vitis_HLS/2022.2/common/technology/autopilot\ap_fixed_base.h:1347} VARIABLE mul_ln1347_6 LOOP VITIS_LOOP_71_8 BUNDLEDNAME {} DSP 0 BRAM 0 URAM 0 DISPNAME {bind_op mul}} {BINDTYPE op ID {} IMPL fabric LATENCY 0 OPTYPE add PRAGMA {} RTLNAME ret_V_6_fu_3985_p2 SOURCE {C:/Xilinx/Vitis_HLS/2022.2/common/technology/autopilot\ap_fixed_base.h:1347} VARIABLE ret_V_6 LOOP VITIS_LOOP_71_8 BUNDLEDNAME {} DSP 0 BRAM 0 URAM 0 DISPNAME {bind_op add}} {BINDTYPE op ID {} IMPL fabric LATENCY 0 OPTYPE add PRAGMA {} RTLNAME acc_V_14_fu_3999_p2 SOURCE {C:/Xilinx/Vitis_HLS/2022.2/common/technology/autopilot\ap_fixed_base.h:813} VARIABLE acc_V_14 LOOP VITIS_LOOP_71_8 BUNDLEDNAME {} DSP 0 BRAM 0 URAM 0 DISPNAME {bind_op add}} {BINDTYPE op ID {} IMPL fabric LATENCY 0 OPTYPE add PRAGMA {} RTLNAME add_ln76_9_fu_3410_p2 SOURCE vgg_accelerator.cpp:76 VARIABLE add_ln76_9 LOOP VITIS_LOOP_71_8 BUNDLEDNAME {} DSP 0 BRAM 0 URAM 0 DISPNAME {bind_op add}} {BINDTYPE op ID {} IMPL auto LATENCY 0 OPTYPE mul PRAGMA {} RTLNAME mul_8s_5s_12_1_1_U1096 SOURCE {C:/Xilinx/Vitis_HLS/2022.2/common/technology/autopilot\ap_fixed_base.h:1347} VARIABLE mul_ln1347_7 LOOP VITIS_LOOP_71_8 BUNDLEDNAME {} DSP 0 BRAM 0 URAM 0 DISPNAME {bind_op mul}} {BINDTYPE op ID {} IMPL fabric LATENCY 0 OPTYPE add PRAGMA {} RTLNAME ret_V_7_fu_4066_p2 SOURCE {C:/Xilinx/Vitis_HLS/2022.2/common/technology/autopilot\ap_fixed_base.h:1347} VARIABLE ret_V_7 LOOP VITIS_LOOP_71_8 BUNDLEDNAME {} DSP 0 BRAM 0 URAM 0 DISPNAME {bind_op add}} {BINDTYPE op ID {} IMPL fabric LATENCY 0 OPTYPE add PRAGMA {} RTLNAME acc_V_16_fu_4080_p2 SOURCE {C:/Xilinx/Vitis_HLS/2022.2/common/technology/autopilot\ap_fixed_base.h:813} VARIABLE acc_V_16 LOOP VITIS_LOOP_71_8 BUNDLEDNAME {} DSP 0 BRAM 0 URAM 0 DISPNAME {bind_op add}} {BINDTYPE op ID {} IMPL fabric LATENCY 0 OPTYPE add PRAGMA {} RTLNAME add_ln76_10_fu_3420_p2 SOURCE vgg_accelerator.cpp:76 VARIABLE add_ln76_10 LOOP VITIS_LOOP_71_8 BUNDLEDNAME {} DSP 0 BRAM 0 URAM 0 DISPNAME {bind_op add}} {BINDTYPE op ID {} IMPL auto LATENCY 0 OPTYPE mul PRAGMA {} RTLNAME mul_8s_5s_12_1_1_U1097 SOURCE {C:/Xilinx/Vitis_HLS/2022.2/common/technology/autopilot\ap_fixed_base.h:1347} VARIABLE mul_ln1347_8 LOOP VITIS_LOOP_71_8 BUNDLEDNAME {} DSP 0 BRAM 0 URAM 0 DISPNAME {bind_op mul}} {BINDTYPE op ID {} IMPL fabric LATENCY 0 OPTYPE add PRAGMA {} RTLNAME ret_V_8_fu_4147_p2 SOURCE {C:/Xilinx/Vitis_HLS/2022.2/common/technology/autopilot\ap_fixed_base.h:1347} VARIABLE ret_V_8 LOOP VITIS_LOOP_71_8 BUNDLEDNAME {} DSP 0 BRAM 0 URAM 0 DISPNAME {bind_op add}} {BINDTYPE op ID {} IMPL fabric LATENCY 0 OPTYPE add PRAGMA {} RTLNAME acc_V_18_fu_4161_p2 SOURCE {C:/Xilinx/Vitis_HLS/2022.2/common/technology/autopilot\ap_fixed_base.h:813} VARIABLE acc_V_18 LOOP VITIS_LOOP_71_8 BUNDLEDNAME {} DSP 0 BRAM 0 URAM 0 DISPNAME {bind_op add}} {BINDTYPE op ID {} IMPL fabric LATENCY 0 OPTYPE add PRAGMA {} RTLNAME p_Val2_20_fu_4268_p2 SOURCE {C:/Xilinx/Vitis_HLS/2022.2/common/technology/autopilot\ap_fixed_base.h:377} VARIABLE p_Val2_20 LOOP VITIS_LOOP_71_8 BUNDLEDNAME {} DSP 0 BRAM 0 URAM 0 DISPNAME {bind_op add}} {BINDTYPE op ID {} IMPL fabric LATENCY 0 OPTYPE add PRAGMA {} RTLNAME add_ln856_fu_4274_p2 SOURCE {C:/Xilinx/Vitis_HLS/2022.2/common/technology/autopilot\ap_fixed_base.h:856} VARIABLE add_ln856 LOOP VITIS_LOOP_71_8 BUNDLEDNAME {} DSP 0 BRAM 0 URAM 0 DISPNAME {bind_op add}} {BINDTYPE storage ID {} IMPL auto LATENCY 1 OPTYPE rom_np PRAGMA {} RTLNAME conv3_weights_U SOURCE {} VARIABLE conv3_weights LOOP {} BUNDLEDNAME {} DSP 0 BRAM 24 URAM 0 DISPNAME {bind_storage rom_np}}} AREA {DSP 0 BRAM 24 URAM 0}} layer_block_32_64_8_s {BINDINFO {{BINDTYPE op ID {} IMPL fabric LATENCY 0 OPTYPE add PRAGMA {} RTLNAME add_ln36_fu_3321_p2 SOURCE vgg_accelerator.cpp:36 VARIABLE add_ln36 LOOP VITIS_LOOP_36_4_VITIS_LOOP_37_5 BUNDLEDNAME {} DSP 0 BRAM 0 URAM 0 DISPNAME {bind_op add}} {BINDTYPE op ID {} IMPL fabric LATENCY 0 OPTYPE add PRAGMA {} RTLNAME add_ln64_fu_5367_p2 SOURCE vgg_accelerator.cpp:64 VARIABLE add_ln64 LOOP VITIS_LOOP_64_7 BUNDLEDNAME {} DSP 0 BRAM 0 URAM 0 DISPNAME {bind_op add}} {BINDTYPE op ID {} IMPL fabric LATENCY 0 OPTYPE add PRAGMA {} RTLNAME add_ln37_fu_5382_p2 SOURCE vgg_accelerator.cpp:37 VARIABLE add_ln37 LOOP VITIS_LOOP_36_4_VITIS_LOOP_37_5 BUNDLEDNAME {} DSP 0 BRAM 0 URAM 0 DISPNAME {bind_op add}} {BINDTYPE storage ID {} IMPL auto LATENCY 1 OPTYPE ram_s2p PRAGMA {} RTLNAME void_layer_block_stream_stream_signed_char_const_32_3_3_signed_char_con_1_U SOURCE {} VARIABLE void_layer_block_stream_stream_signed_char_const_32_3_3_signed_char_con_1 LOOP {} BUNDLEDNAME {} DSP 0 BRAM 1 URAM 0 DISPNAME {bind_storage ram_s2p}} {BINDTYPE storage ID {} IMPL auto LATENCY 1 OPTYPE ram_s2p PRAGMA {} RTLNAME void_layer_block_stream_stream_signed_char_const_32_3_3_signed_char_con_U SOURCE {} VARIABLE void_layer_block_stream_stream_signed_char_const_32_3_3_signed_char_con LOOP {} BUNDLEDNAME {} DSP 0 BRAM 1 URAM 0 DISPNAME {bind_storage ram_s2p}} {BINDTYPE storage ID {} IMPL auto LATENCY 1 OPTYPE rom_1p PRAGMA {} RTLNAME conv3_bias_U SOURCE {} VARIABLE conv3_bias LOOP {} BUNDLEDNAME {} DSP 0 BRAM 0 URAM 0 DISPNAME {bind_storage rom_1p}}} AREA {DSP 0 BRAM 26 URAM 0}} max_pool_64_8_s {BINDINFO {{BINDTYPE op ID {} IMPL fabric LATENCY 0 OPTYPE add PRAGMA {} RTLNAME add_ln101_fu_4115_p2 SOURCE vgg_accelerator.cpp:101 VARIABLE add_ln101 LOOP VITIS_LOOP_101_1_VITIS_LOOP_102_2 BUNDLEDNAME {} DSP 0 BRAM 0 URAM 0 DISPNAME {bind_op add}} {BINDTYPE op ID {} IMPL fabric LATENCY 0 OPTYPE add PRAGMA {} RTLNAME r_2_fu_4127_p2 SOURCE vgg_accelerator.cpp:101 VARIABLE r_2 LOOP VITIS_LOOP_101_1_VITIS_LOOP_102_2 BUNDLEDNAME {} DSP 0 BRAM 0 URAM 0 DISPNAME {bind_op add}} {BINDTYPE op ID {} IMPL fabric LATENCY 0 OPTYPE add PRAGMA {} RTLNAME add_ln102_fu_4300_p2 SOURCE vgg_accelerator.cpp:102 VARIABLE add_ln102 LOOP VITIS_LOOP_101_1_VITIS_LOOP_102_2 BUNDLEDNAME {} DSP 0 BRAM 0 URAM 0 DISPNAME {bind_op add}} {BINDTYPE storage ID {} IMPL auto LATENCY 1 OPTYPE ram_1p PRAGMA {} RTLNAME void_max_pool_stream_stream_ap_fixed_8_4_0_0_0_0_pool_buff_8_U SOURCE {} VARIABLE void_max_pool_stream_stream_ap_fixed_8_4_0_0_0_0_pool_buff_8 LOOP {} BUNDLEDNAME {} DSP 0 BRAM 0 URAM 0 DISPNAME {bind_storage ram_1p}} {BINDTYPE storage ID {} IMPL auto LATENCY 1 OPTYPE ram_1p PRAGMA {} RTLNAME void_max_pool_stream_stream_ap_fixed_8_4_0_0_0_0_pool_buff_7_U SOURCE {} VARIABLE void_max_pool_stream_stream_ap_fixed_8_4_0_0_0_0_pool_buff_7 LOOP {} BUNDLEDNAME {} DSP 0 BRAM 0 URAM 0 DISPNAME {bind_storage ram_1p}} {BINDTYPE storage ID {} IMPL auto LATENCY 1 OPTYPE ram_1p PRAGMA {} RTLNAME void_max_pool_stream_stream_ap_fixed_8_4_0_0_0_0_pool_buff_6_U SOURCE {} VARIABLE void_max_pool_stream_stream_ap_fixed_8_4_0_0_0_0_pool_buff_6 LOOP {} BUNDLEDNAME {} DSP 0 BRAM 0 URAM 0 DISPNAME {bind_storage ram_1p}} {BINDTYPE storage ID {} IMPL auto LATENCY 1 OPTYPE ram_1p PRAGMA {} RTLNAME void_max_pool_stream_stream_ap_fixed_8_4_0_0_0_0_pool_buff_5_U SOURCE {} VARIABLE void_max_pool_stream_stream_ap_fixed_8_4_0_0_0_0_pool_buff_5 LOOP {} BUNDLEDNAME {} DSP 0 BRAM 0 URAM 0 DISPNAME {bind_storage ram_1p}} {BINDTYPE storage ID {} IMPL auto LATENCY 1 OPTYPE ram_1p PRAGMA {} RTLNAME void_max_pool_stream_stream_ap_fixed_8_4_0_0_0_0_pool_buff_4_U SOURCE {} VARIABLE void_max_pool_stream_stream_ap_fixed_8_4_0_0_0_0_pool_buff_4 LOOP {} BUNDLEDNAME {} DSP 0 BRAM 0 URAM 0 DISPNAME {bind_storage ram_1p}} {BINDTYPE storage ID {} IMPL auto LATENCY 1 OPTYPE ram_1p PRAGMA {} RTLNAME void_max_pool_stream_stream_ap_fixed_8_4_0_0_0_0_pool_buff_3_U SOURCE {} VARIABLE void_max_pool_stream_stream_ap_fixed_8_4_0_0_0_0_pool_buff_3 LOOP {} BUNDLEDNAME {} DSP 0 BRAM 0 URAM 0 DISPNAME {bind_storage ram_1p}} {BINDTYPE storage ID {} IMPL auto LATENCY 1 OPTYPE ram_1p PRAGMA {} RTLNAME void_max_pool_stream_stream_ap_fixed_8_4_0_0_0_0_pool_buff_2_U SOURCE {} VARIABLE void_max_pool_stream_stream_ap_fixed_8_4_0_0_0_0_pool_buff_2 LOOP {} BUNDLEDNAME {} DSP 0 BRAM 0 URAM 0 DISPNAME {bind_storage ram_1p}} {BINDTYPE storage ID {} IMPL auto LATENCY 1 OPTYPE ram_1p PRAGMA {} RTLNAME void_max_pool_stream_stream_ap_fixed_8_4_0_0_0_0_pool_buff_1_U SOURCE {} VARIABLE void_max_pool_stream_stream_ap_fixed_8_4_0_0_0_0_pool_buff_1 LOOP {} BUNDLEDNAME {} DSP 0 BRAM 0 URAM 0 DISPNAME {bind_storage ram_1p}} {BINDTYPE storage ID {} IMPL auto LATENCY 1 OPTYPE ram_1p PRAGMA {} RTLNAME void_max_pool_stream_stream_ap_fixed_8_4_0_0_0_0_pool_buff_U SOURCE {} VARIABLE void_max_pool_stream_stream_ap_fixed_8_4_0_0_0_0_pool_buff LOOP {} BUNDLEDNAME {} DSP 0 BRAM 0 URAM 0 DISPNAME {bind_storage ram_1p}} {BINDTYPE storage ID {} IMPL auto LATENCY 1 OPTYPE ram_1p PRAGMA {} RTLNAME p_ZZ8max_poolILi64ELi8EEvRN3hls6streamI8ap_fixedILi8ELi4EL9ap_q_mode0EL9ap_o_mode_53_U SOURCE {} VARIABLE p_ZZ8max_poolILi64ELi8EEvRN3hls6streamI8ap_fixedILi8ELi4EL9ap_q_mode0EL9ap_o_mode_53 LOOP {} BUNDLEDNAME {} DSP 0 BRAM 0 URAM 0 DISPNAME {bind_storage ram_1p}} {BINDTYPE storage ID {} IMPL auto LATENCY 1 OPTYPE ram_1p PRAGMA {} RTLNAME p_ZZ8max_poolILi64ELi8EEvRN3hls6streamI8ap_fixedILi8ELi4EL9ap_q_mode0EL9ap_o_mode_52_U SOURCE {} VARIABLE p_ZZ8max_poolILi64ELi8EEvRN3hls6streamI8ap_fixedILi8ELi4EL9ap_q_mode0EL9ap_o_mode_52 LOOP {} BUNDLEDNAME {} DSP 0 BRAM 0 URAM 0 DISPNAME {bind_storage ram_1p}} {BINDTYPE storage ID {} IMPL auto LATENCY 1 OPTYPE ram_1p PRAGMA {} RTLNAME p_ZZ8max_poolILi64ELi8EEvRN3hls6streamI8ap_fixedILi8ELi4EL9ap_q_mode0EL9ap_o_mode_51_U SOURCE {} VARIABLE p_ZZ8max_poolILi64ELi8EEvRN3hls6streamI8ap_fixedILi8ELi4EL9ap_q_mode0EL9ap_o_mode_51 LOOP {} BUNDLEDNAME {} DSP 0 BRAM 0 URAM 0 DISPNAME {bind_storage ram_1p}} {BINDTYPE storage ID {} IMPL auto LATENCY 1 OPTYPE ram_1p PRAGMA {} RTLNAME p_ZZ8max_poolILi64ELi8EEvRN3hls6streamI8ap_fixedILi8ELi4EL9ap_q_mode0EL9ap_o_mode_50_U SOURCE {} VARIABLE p_ZZ8max_poolILi64ELi8EEvRN3hls6streamI8ap_fixedILi8ELi4EL9ap_q_mode0EL9ap_o_mode_50 LOOP {} BUNDLEDNAME {} DSP 0 BRAM 0 URAM 0 DISPNAME {bind_storage ram_1p}} {BINDTYPE storage ID {} IMPL auto LATENCY 1 OPTYPE ram_1p PRAGMA {} RTLNAME p_ZZ8max_poolILi64ELi8EEvRN3hls6streamI8ap_fixedILi8ELi4EL9ap_q_mode0EL9ap_o_mode_49_U SOURCE {} VARIABLE p_ZZ8max_poolILi64ELi8EEvRN3hls6streamI8ap_fixedILi8ELi4EL9ap_q_mode0EL9ap_o_mode_49 LOOP {} BUNDLEDNAME {} DSP 0 BRAM 0 URAM 0 DISPNAME {bind_storage ram_1p}} {BINDTYPE storage ID {} IMPL auto LATENCY 1 OPTYPE ram_1p PRAGMA {} RTLNAME p_ZZ8max_poolILi64ELi8EEvRN3hls6streamI8ap_fixedILi8ELi4EL9ap_q_mode0EL9ap_o_mode_48_U SOURCE {} VARIABLE p_ZZ8max_poolILi64ELi8EEvRN3hls6streamI8ap_fixedILi8ELi4EL9ap_q_mode0EL9ap_o_mode_48 LOOP {} BUNDLEDNAME {} DSP 0 BRAM 0 URAM 0 DISPNAME {bind_storage ram_1p}} {BINDTYPE storage ID {} IMPL auto LATENCY 1 OPTYPE ram_1p PRAGMA {} RTLNAME p_ZZ8max_poolILi64ELi8EEvRN3hls6streamI8ap_fixedILi8ELi4EL9ap_q_mode0EL9ap_o_mode_47_U SOURCE {} VARIABLE p_ZZ8max_poolILi64ELi8EEvRN3hls6streamI8ap_fixedILi8ELi4EL9ap_q_mode0EL9ap_o_mode_47 LOOP {} BUNDLEDNAME {} DSP 0 BRAM 0 URAM 0 DISPNAME {bind_storage ram_1p}} {BINDTYPE storage ID {} IMPL auto LATENCY 1 OPTYPE ram_1p PRAGMA {} RTLNAME p_ZZ8max_poolILi64ELi8EEvRN3hls6streamI8ap_fixedILi8ELi4EL9ap_q_mode0EL9ap_o_mode_46_U SOURCE {} VARIABLE p_ZZ8max_poolILi64ELi8EEvRN3hls6streamI8ap_fixedILi8ELi4EL9ap_q_mode0EL9ap_o_mode_46 LOOP {} BUNDLEDNAME {} DSP 0 BRAM 0 URAM 0 DISPNAME {bind_storage ram_1p}} {BINDTYPE storage ID {} IMPL auto LATENCY 1 OPTYPE ram_1p PRAGMA {} RTLNAME p_ZZ8max_poolILi64ELi8EEvRN3hls6streamI8ap_fixedILi8ELi4EL9ap_q_mode0EL9ap_o_mode_45_U SOURCE {} VARIABLE p_ZZ8max_poolILi64ELi8EEvRN3hls6streamI8ap_fixedILi8ELi4EL9ap_q_mode0EL9ap_o_mode_45 LOOP {} BUNDLEDNAME {} DSP 0 BRAM 0 URAM 0 DISPNAME {bind_storage ram_1p}} {BINDTYPE storage ID {} IMPL auto LATENCY 1 OPTYPE ram_1p PRAGMA {} RTLNAME p_ZZ8max_poolILi64ELi8EEvRN3hls6streamI8ap_fixedILi8ELi4EL9ap_q_mode0EL9ap_o_mode_44_U SOURCE {} VARIABLE p_ZZ8max_poolILi64ELi8EEvRN3hls6streamI8ap_fixedILi8ELi4EL9ap_q_mode0EL9ap_o_mode_44 LOOP {} BUNDLEDNAME {} DSP 0 BRAM 0 URAM 0 DISPNAME {bind_storage ram_1p}} {BINDTYPE storage ID {} IMPL auto LATENCY 1 OPTYPE ram_1p PRAGMA {} RTLNAME p_ZZ8max_poolILi64ELi8EEvRN3hls6streamI8ap_fixedILi8ELi4EL9ap_q_mode0EL9ap_o_mode_43_U SOURCE {} VARIABLE p_ZZ8max_poolILi64ELi8EEvRN3hls6streamI8ap_fixedILi8ELi4EL9ap_q_mode0EL9ap_o_mode_43 LOOP {} BUNDLEDNAME {} DSP 0 BRAM 0 URAM 0 DISPNAME {bind_storage ram_1p}} {BINDTYPE storage ID {} IMPL auto LATENCY 1 OPTYPE ram_1p PRAGMA {} RTLNAME p_ZZ8max_poolILi64ELi8EEvRN3hls6streamI8ap_fixedILi8ELi4EL9ap_q_mode0EL9ap_o_mode_42_U SOURCE {} VARIABLE p_ZZ8max_poolILi64ELi8EEvRN3hls6streamI8ap_fixedILi8ELi4EL9ap_q_mode0EL9ap_o_mode_42 LOOP {} BUNDLEDNAME {} DSP 0 BRAM 0 URAM 0 DISPNAME {bind_storage ram_1p}} {BINDTYPE storage ID {} IMPL auto LATENCY 1 OPTYPE ram_1p PRAGMA {} RTLNAME p_ZZ8max_poolILi64ELi8EEvRN3hls6streamI8ap_fixedILi8ELi4EL9ap_q_mode0EL9ap_o_mode_41_U SOURCE {} VARIABLE p_ZZ8max_poolILi64ELi8EEvRN3hls6streamI8ap_fixedILi8ELi4EL9ap_q_mode0EL9ap_o_mode_41 LOOP {} BUNDLEDNAME {} DSP 0 BRAM 0 URAM 0 DISPNAME {bind_storage ram_1p}} {BINDTYPE storage ID {} IMPL auto LATENCY 1 OPTYPE ram_1p PRAGMA {} RTLNAME p_ZZ8max_poolILi64ELi8EEvRN3hls6streamI8ap_fixedILi8ELi4EL9ap_q_mode0EL9ap_o_mode_40_U SOURCE {} VARIABLE p_ZZ8max_poolILi64ELi8EEvRN3hls6streamI8ap_fixedILi8ELi4EL9ap_q_mode0EL9ap_o_mode_40 LOOP {} BUNDLEDNAME {} DSP 0 BRAM 0 URAM 0 DISPNAME {bind_storage ram_1p}} {BINDTYPE storage ID {} IMPL auto LATENCY 1 OPTYPE ram_1p PRAGMA {} RTLNAME p_ZZ8max_poolILi64ELi8EEvRN3hls6streamI8ap_fixedILi8ELi4EL9ap_q_mode0EL9ap_o_mode_39_U SOURCE {} VARIABLE p_ZZ8max_poolILi64ELi8EEvRN3hls6streamI8ap_fixedILi8ELi4EL9ap_q_mode0EL9ap_o_mode_39 LOOP {} BUNDLEDNAME {} DSP 0 BRAM 0 URAM 0 DISPNAME {bind_storage ram_1p}} {BINDTYPE storage ID {} IMPL auto LATENCY 1 OPTYPE ram_1p PRAGMA {} RTLNAME p_ZZ8max_poolILi64ELi8EEvRN3hls6streamI8ap_fixedILi8ELi4EL9ap_q_mode0EL9ap_o_mode_38_U SOURCE {} VARIABLE p_ZZ8max_poolILi64ELi8EEvRN3hls6streamI8ap_fixedILi8ELi4EL9ap_q_mode0EL9ap_o_mode_38 LOOP {} BUNDLEDNAME {} DSP 0 BRAM 0 URAM 0 DISPNAME {bind_storage ram_1p}} {BINDTYPE storage ID {} IMPL auto LATENCY 1 OPTYPE ram_1p PRAGMA {} RTLNAME p_ZZ8max_poolILi64ELi8EEvRN3hls6streamI8ap_fixedILi8ELi4EL9ap_q_mode0EL9ap_o_mode_37_U SOURCE {} VARIABLE p_ZZ8max_poolILi64ELi8EEvRN3hls6streamI8ap_fixedILi8ELi4EL9ap_q_mode0EL9ap_o_mode_37 LOOP {} BUNDLEDNAME {} DSP 0 BRAM 0 URAM 0 DISPNAME {bind_storage ram_1p}} {BINDTYPE storage ID {} IMPL auto LATENCY 1 OPTYPE ram_1p PRAGMA {} RTLNAME p_ZZ8max_poolILi64ELi8EEvRN3hls6streamI8ap_fixedILi8ELi4EL9ap_q_mode0EL9ap_o_mode_36_U SOURCE {} VARIABLE p_ZZ8max_poolILi64ELi8EEvRN3hls6streamI8ap_fixedILi8ELi4EL9ap_q_mode0EL9ap_o_mode_36 LOOP {} BUNDLEDNAME {} DSP 0 BRAM 0 URAM 0 DISPNAME {bind_storage ram_1p}} {BINDTYPE storage ID {} IMPL auto LATENCY 1 OPTYPE ram_1p PRAGMA {} RTLNAME p_ZZ8max_poolILi64ELi8EEvRN3hls6streamI8ap_fixedILi8ELi4EL9ap_q_mode0EL9ap_o_mode_35_U SOURCE {} VARIABLE p_ZZ8max_poolILi64ELi8EEvRN3hls6streamI8ap_fixedILi8ELi4EL9ap_q_mode0EL9ap_o_mode_35 LOOP {} BUNDLEDNAME {} DSP 0 BRAM 0 URAM 0 DISPNAME {bind_storage ram_1p}} {BINDTYPE storage ID {} IMPL auto LATENCY 1 OPTYPE ram_1p PRAGMA {} RTLNAME p_ZZ8max_poolILi64ELi8EEvRN3hls6streamI8ap_fixedILi8ELi4EL9ap_q_mode0EL9ap_o_mode_34_U SOURCE {} VARIABLE p_ZZ8max_poolILi64ELi8EEvRN3hls6streamI8ap_fixedILi8ELi4EL9ap_q_mode0EL9ap_o_mode_34 LOOP {} BUNDLEDNAME {} DSP 0 BRAM 0 URAM 0 DISPNAME {bind_storage ram_1p}} {BINDTYPE storage ID {} IMPL auto LATENCY 1 OPTYPE ram_1p PRAGMA {} RTLNAME p_ZZ8max_poolILi64ELi8EEvRN3hls6streamI8ap_fixedILi8ELi4EL9ap_q_mode0EL9ap_o_mode_33_U SOURCE {} VARIABLE p_ZZ8max_poolILi64ELi8EEvRN3hls6streamI8ap_fixedILi8ELi4EL9ap_q_mode0EL9ap_o_mode_33 LOOP {} BUNDLEDNAME {} DSP 0 BRAM 0 URAM 0 DISPNAME {bind_storage ram_1p}} {BINDTYPE storage ID {} IMPL auto LATENCY 1 OPTYPE ram_1p PRAGMA {} RTLNAME p_ZZ8max_poolILi64ELi8EEvRN3hls6streamI8ap_fixedILi8ELi4EL9ap_q_mode0EL9ap_o_mode_32_U SOURCE {} VARIABLE p_ZZ8max_poolILi64ELi8EEvRN3hls6streamI8ap_fixedILi8ELi4EL9ap_q_mode0EL9ap_o_mode_32 LOOP {} BUNDLEDNAME {} DSP 0 BRAM 0 URAM 0 DISPNAME {bind_storage ram_1p}} {BINDTYPE storage ID {} IMPL auto LATENCY 1 OPTYPE ram_1p PRAGMA {} RTLNAME p_ZZ8max_poolILi64ELi8EEvRN3hls6streamI8ap_fixedILi8ELi4EL9ap_q_mode0EL9ap_o_mode_31_U SOURCE {} VARIABLE p_ZZ8max_poolILi64ELi8EEvRN3hls6streamI8ap_fixedILi8ELi4EL9ap_q_mode0EL9ap_o_mode_31 LOOP {} BUNDLEDNAME {} DSP 0 BRAM 0 URAM 0 DISPNAME {bind_storage ram_1p}} {BINDTYPE storage ID {} IMPL auto LATENCY 1 OPTYPE ram_1p PRAGMA {} RTLNAME p_ZZ8max_poolILi64ELi8EEvRN3hls6streamI8ap_fixedILi8ELi4EL9ap_q_mode0EL9ap_o_mode_30_U SOURCE {} VARIABLE p_ZZ8max_poolILi64ELi8EEvRN3hls6streamI8ap_fixedILi8ELi4EL9ap_q_mode0EL9ap_o_mode_30 LOOP {} BUNDLEDNAME {} DSP 0 BRAM 0 URAM 0 DISPNAME {bind_storage ram_1p}} {BINDTYPE storage ID {} IMPL auto LATENCY 1 OPTYPE ram_1p PRAGMA {} RTLNAME p_ZZ8max_poolILi64ELi8EEvRN3hls6streamI8ap_fixedILi8ELi4EL9ap_q_mode0EL9ap_o_mode_29_U SOURCE {} VARIABLE p_ZZ8max_poolILi64ELi8EEvRN3hls6streamI8ap_fixedILi8ELi4EL9ap_q_mode0EL9ap_o_mode_29 LOOP {} BUNDLEDNAME {} DSP 0 BRAM 0 URAM 0 DISPNAME {bind_storage ram_1p}} {BINDTYPE storage ID {} IMPL auto LATENCY 1 OPTYPE ram_1p PRAGMA {} RTLNAME p_ZZ8max_poolILi64ELi8EEvRN3hls6streamI8ap_fixedILi8ELi4EL9ap_q_mode0EL9ap_o_mode_28_U SOURCE {} VARIABLE p_ZZ8max_poolILi64ELi8EEvRN3hls6streamI8ap_fixedILi8ELi4EL9ap_q_mode0EL9ap_o_mode_28 LOOP {} BUNDLEDNAME {} DSP 0 BRAM 0 URAM 0 DISPNAME {bind_storage ram_1p}} {BINDTYPE storage ID {} IMPL auto LATENCY 1 OPTYPE ram_1p PRAGMA {} RTLNAME p_ZZ8max_poolILi64ELi8EEvRN3hls6streamI8ap_fixedILi8ELi4EL9ap_q_mode0EL9ap_o_mode_27_U SOURCE {} VARIABLE p_ZZ8max_poolILi64ELi8EEvRN3hls6streamI8ap_fixedILi8ELi4EL9ap_q_mode0EL9ap_o_mode_27 LOOP {} BUNDLEDNAME {} DSP 0 BRAM 0 URAM 0 DISPNAME {bind_storage ram_1p}} {BINDTYPE storage ID {} IMPL auto LATENCY 1 OPTYPE ram_1p PRAGMA {} RTLNAME p_ZZ8max_poolILi64ELi8EEvRN3hls6streamI8ap_fixedILi8ELi4EL9ap_q_mode0EL9ap_o_mode_26_U SOURCE {} VARIABLE p_ZZ8max_poolILi64ELi8EEvRN3hls6streamI8ap_fixedILi8ELi4EL9ap_q_mode0EL9ap_o_mode_26 LOOP {} BUNDLEDNAME {} DSP 0 BRAM 0 URAM 0 DISPNAME {bind_storage ram_1p}} {BINDTYPE storage ID {} IMPL auto LATENCY 1 OPTYPE ram_1p PRAGMA {} RTLNAME p_ZZ8max_poolILi64ELi8EEvRN3hls6streamI8ap_fixedILi8ELi4EL9ap_q_mode0EL9ap_o_mode_25_U SOURCE {} VARIABLE p_ZZ8max_poolILi64ELi8EEvRN3hls6streamI8ap_fixedILi8ELi4EL9ap_q_mode0EL9ap_o_mode_25 LOOP {} BUNDLEDNAME {} DSP 0 BRAM 0 URAM 0 DISPNAME {bind_storage ram_1p}} {BINDTYPE storage ID {} IMPL auto LATENCY 1 OPTYPE ram_1p PRAGMA {} RTLNAME p_ZZ8max_poolILi64ELi8EEvRN3hls6streamI8ap_fixedILi8ELi4EL9ap_q_mode0EL9ap_o_mode_24_U SOURCE {} VARIABLE p_ZZ8max_poolILi64ELi8EEvRN3hls6streamI8ap_fixedILi8ELi4EL9ap_q_mode0EL9ap_o_mode_24 LOOP {} BUNDLEDNAME {} DSP 0 BRAM 0 URAM 0 DISPNAME {bind_storage ram_1p}} {BINDTYPE storage ID {} IMPL auto LATENCY 1 OPTYPE ram_1p PRAGMA {} RTLNAME p_ZZ8max_poolILi64ELi8EEvRN3hls6streamI8ap_fixedILi8ELi4EL9ap_q_mode0EL9ap_o_mode_23_U SOURCE {} VARIABLE p_ZZ8max_poolILi64ELi8EEvRN3hls6streamI8ap_fixedILi8ELi4EL9ap_q_mode0EL9ap_o_mode_23 LOOP {} BUNDLEDNAME {} DSP 0 BRAM 0 URAM 0 DISPNAME {bind_storage ram_1p}} {BINDTYPE storage ID {} IMPL auto LATENCY 1 OPTYPE ram_1p PRAGMA {} RTLNAME p_ZZ8max_poolILi64ELi8EEvRN3hls6streamI8ap_fixedILi8ELi4EL9ap_q_mode0EL9ap_o_mode_22_U SOURCE {} VARIABLE p_ZZ8max_poolILi64ELi8EEvRN3hls6streamI8ap_fixedILi8ELi4EL9ap_q_mode0EL9ap_o_mode_22 LOOP {} BUNDLEDNAME {} DSP 0 BRAM 0 URAM 0 DISPNAME {bind_storage ram_1p}} {BINDTYPE storage ID {} IMPL auto LATENCY 1 OPTYPE ram_1p PRAGMA {} RTLNAME p_ZZ8max_poolILi64ELi8EEvRN3hls6streamI8ap_fixedILi8ELi4EL9ap_q_mode0EL9ap_o_mode_21_U SOURCE {} VARIABLE p_ZZ8max_poolILi64ELi8EEvRN3hls6streamI8ap_fixedILi8ELi4EL9ap_q_mode0EL9ap_o_mode_21 LOOP {} BUNDLEDNAME {} DSP 0 BRAM 0 URAM 0 DISPNAME {bind_storage ram_1p}} {BINDTYPE storage ID {} IMPL auto LATENCY 1 OPTYPE ram_1p PRAGMA {} RTLNAME p_ZZ8max_poolILi64ELi8EEvRN3hls6streamI8ap_fixedILi8ELi4EL9ap_q_mode0EL9ap_o_mode_20_U SOURCE {} VARIABLE p_ZZ8max_poolILi64ELi8EEvRN3hls6streamI8ap_fixedILi8ELi4EL9ap_q_mode0EL9ap_o_mode_20 LOOP {} BUNDLEDNAME {} DSP 0 BRAM 0 URAM 0 DISPNAME {bind_storage ram_1p}} {BINDTYPE storage ID {} IMPL auto LATENCY 1 OPTYPE ram_1p PRAGMA {} RTLNAME p_ZZ8max_poolILi64ELi8EEvRN3hls6streamI8ap_fixedILi8ELi4EL9ap_q_mode0EL9ap_o_mode_19_U SOURCE {} VARIABLE p_ZZ8max_poolILi64ELi8EEvRN3hls6streamI8ap_fixedILi8ELi4EL9ap_q_mode0EL9ap_o_mode_19 LOOP {} BUNDLEDNAME {} DSP 0 BRAM 0 URAM 0 DISPNAME {bind_storage ram_1p}} {BINDTYPE storage ID {} IMPL auto LATENCY 1 OPTYPE ram_1p PRAGMA {} RTLNAME p_ZZ8max_poolILi64ELi8EEvRN3hls6streamI8ap_fixedILi8ELi4EL9ap_q_mode0EL9ap_o_mode_18_U SOURCE {} VARIABLE p_ZZ8max_poolILi64ELi8EEvRN3hls6streamI8ap_fixedILi8ELi4EL9ap_q_mode0EL9ap_o_mode_18 LOOP {} BUNDLEDNAME {} DSP 0 BRAM 0 URAM 0 DISPNAME {bind_storage ram_1p}} {BINDTYPE storage ID {} IMPL auto LATENCY 1 OPTYPE ram_1p PRAGMA {} RTLNAME p_ZZ8max_poolILi64ELi8EEvRN3hls6streamI8ap_fixedILi8ELi4EL9ap_q_mode0EL9ap_o_mode_17_U SOURCE {} VARIABLE p_ZZ8max_poolILi64ELi8EEvRN3hls6streamI8ap_fixedILi8ELi4EL9ap_q_mode0EL9ap_o_mode_17 LOOP {} BUNDLEDNAME {} DSP 0 BRAM 0 URAM 0 DISPNAME {bind_storage ram_1p}} {BINDTYPE storage ID {} IMPL auto LATENCY 1 OPTYPE ram_1p PRAGMA {} RTLNAME p_ZZ8max_poolILi64ELi8EEvRN3hls6streamI8ap_fixedILi8ELi4EL9ap_q_mode0EL9ap_o_mode_16_U SOURCE {} VARIABLE p_ZZ8max_poolILi64ELi8EEvRN3hls6streamI8ap_fixedILi8ELi4EL9ap_q_mode0EL9ap_o_mode_16 LOOP {} BUNDLEDNAME {} DSP 0 BRAM 0 URAM 0 DISPNAME {bind_storage ram_1p}} {BINDTYPE storage ID {} IMPL auto LATENCY 1 OPTYPE ram_1p PRAGMA {} RTLNAME p_ZZ8max_poolILi64ELi8EEvRN3hls6streamI8ap_fixedILi8ELi4EL9ap_q_mode0EL9ap_o_mode_15_U SOURCE {} VARIABLE p_ZZ8max_poolILi64ELi8EEvRN3hls6streamI8ap_fixedILi8ELi4EL9ap_q_mode0EL9ap_o_mode_15 LOOP {} BUNDLEDNAME {} DSP 0 BRAM 0 URAM 0 DISPNAME {bind_storage ram_1p}} {BINDTYPE storage ID {} IMPL auto LATENCY 1 OPTYPE ram_1p PRAGMA {} RTLNAME p_ZZ8max_poolILi64ELi8EEvRN3hls6streamI8ap_fixedILi8ELi4EL9ap_q_mode0EL9ap_o_mode_14_U SOURCE {} VARIABLE p_ZZ8max_poolILi64ELi8EEvRN3hls6streamI8ap_fixedILi8ELi4EL9ap_q_mode0EL9ap_o_mode_14 LOOP {} BUNDLEDNAME {} DSP 0 BRAM 0 URAM 0 DISPNAME {bind_storage ram_1p}} {BINDTYPE storage ID {} IMPL auto LATENCY 1 OPTYPE ram_1p PRAGMA {} RTLNAME p_ZZ8max_poolILi64ELi8EEvRN3hls6streamI8ap_fixedILi8ELi4EL9ap_q_mode0EL9ap_o_mode_13_U SOURCE {} VARIABLE p_ZZ8max_poolILi64ELi8EEvRN3hls6streamI8ap_fixedILi8ELi4EL9ap_q_mode0EL9ap_o_mode_13 LOOP {} BUNDLEDNAME {} DSP 0 BRAM 0 URAM 0 DISPNAME {bind_storage ram_1p}} {BINDTYPE storage ID {} IMPL auto LATENCY 1 OPTYPE ram_1p PRAGMA {} RTLNAME p_ZZ8max_poolILi64ELi8EEvRN3hls6streamI8ap_fixedILi8ELi4EL9ap_q_mode0EL9ap_o_mode_12_U SOURCE {} VARIABLE p_ZZ8max_poolILi64ELi8EEvRN3hls6streamI8ap_fixedILi8ELi4EL9ap_q_mode0EL9ap_o_mode_12 LOOP {} BUNDLEDNAME {} DSP 0 BRAM 0 URAM 0 DISPNAME {bind_storage ram_1p}} {BINDTYPE storage ID {} IMPL auto LATENCY 1 OPTYPE ram_1p PRAGMA {} RTLNAME p_ZZ8max_poolILi64ELi8EEvRN3hls6streamI8ap_fixedILi8ELi4EL9ap_q_mode0EL9ap_o_mode_11_U SOURCE {} VARIABLE p_ZZ8max_poolILi64ELi8EEvRN3hls6streamI8ap_fixedILi8ELi4EL9ap_q_mode0EL9ap_o_mode_11 LOOP {} BUNDLEDNAME {} DSP 0 BRAM 0 URAM 0 DISPNAME {bind_storage ram_1p}} {BINDTYPE storage ID {} IMPL auto LATENCY 1 OPTYPE ram_1p PRAGMA {} RTLNAME p_ZZ8max_poolILi64ELi8EEvRN3hls6streamI8ap_fixedILi8ELi4EL9ap_q_mode0EL9ap_o_mode_10_U SOURCE {} VARIABLE p_ZZ8max_poolILi64ELi8EEvRN3hls6streamI8ap_fixedILi8ELi4EL9ap_q_mode0EL9ap_o_mode_10 LOOP {} BUNDLEDNAME {} DSP 0 BRAM 0 URAM 0 DISPNAME {bind_storage ram_1p}} {BINDTYPE storage ID {} IMPL auto LATENCY 1 OPTYPE ram_1p PRAGMA {} RTLNAME p_ZZ8max_poolILi64ELi8EEvRN3hls6streamI8ap_fixedILi8ELi4EL9ap_q_mode0EL9ap_o_mode_9_U SOURCE {} VARIABLE p_ZZ8max_poolILi64ELi8EEvRN3hls6streamI8ap_fixedILi8ELi4EL9ap_q_mode0EL9ap_o_mode_9 LOOP {} BUNDLEDNAME {} DSP 0 BRAM 0 URAM 0 DISPNAME {bind_storage ram_1p}} {BINDTYPE storage ID {} IMPL auto LATENCY 1 OPTYPE ram_1p PRAGMA {} RTLNAME p_ZZ8max_poolILi64ELi8EEvRN3hls6streamI8ap_fixedILi8ELi4EL9ap_q_mode0EL9ap_o_mode_8_U SOURCE {} VARIABLE p_ZZ8max_poolILi64ELi8EEvRN3hls6streamI8ap_fixedILi8ELi4EL9ap_q_mode0EL9ap_o_mode_8 LOOP {} BUNDLEDNAME {} DSP 0 BRAM 0 URAM 0 DISPNAME {bind_storage ram_1p}} {BINDTYPE storage ID {} IMPL auto LATENCY 1 OPTYPE ram_1p PRAGMA {} RTLNAME p_ZZ8max_poolILi64ELi8EEvRN3hls6streamI8ap_fixedILi8ELi4EL9ap_q_mode0EL9ap_o_mode_7_U SOURCE {} VARIABLE p_ZZ8max_poolILi64ELi8EEvRN3hls6streamI8ap_fixedILi8ELi4EL9ap_q_mode0EL9ap_o_mode_7 LOOP {} BUNDLEDNAME {} DSP 0 BRAM 0 URAM 0 DISPNAME {bind_storage ram_1p}} {BINDTYPE storage ID {} IMPL auto LATENCY 1 OPTYPE ram_1p PRAGMA {} RTLNAME p_ZZ8max_poolILi64ELi8EEvRN3hls6streamI8ap_fixedILi8ELi4EL9ap_q_mode0EL9ap_o_mode_6_U SOURCE {} VARIABLE p_ZZ8max_poolILi64ELi8EEvRN3hls6streamI8ap_fixedILi8ELi4EL9ap_q_mode0EL9ap_o_mode_6 LOOP {} BUNDLEDNAME {} DSP 0 BRAM 0 URAM 0 DISPNAME {bind_storage ram_1p}} {BINDTYPE storage ID {} IMPL auto LATENCY 1 OPTYPE ram_1p PRAGMA {} RTLNAME p_ZZ8max_poolILi64ELi8EEvRN3hls6streamI8ap_fixedILi8ELi4EL9ap_q_mode0EL9ap_o_mode_5_U SOURCE {} VARIABLE p_ZZ8max_poolILi64ELi8EEvRN3hls6streamI8ap_fixedILi8ELi4EL9ap_q_mode0EL9ap_o_mode_5 LOOP {} BUNDLEDNAME {} DSP 0 BRAM 0 URAM 0 DISPNAME {bind_storage ram_1p}} {BINDTYPE storage ID {} IMPL auto LATENCY 1 OPTYPE ram_1p PRAGMA {} RTLNAME p_ZZ8max_poolILi64ELi8EEvRN3hls6streamI8ap_fixedILi8ELi4EL9ap_q_mode0EL9ap_o_mode_4_U SOURCE {} VARIABLE p_ZZ8max_poolILi64ELi8EEvRN3hls6streamI8ap_fixedILi8ELi4EL9ap_q_mode0EL9ap_o_mode_4 LOOP {} BUNDLEDNAME {} DSP 0 BRAM 0 URAM 0 DISPNAME {bind_storage ram_1p}} {BINDTYPE storage ID {} IMPL auto LATENCY 1 OPTYPE ram_1p PRAGMA {} RTLNAME p_ZZ8max_poolILi64ELi8EEvRN3hls6streamI8ap_fixedILi8ELi4EL9ap_q_mode0EL9ap_o_mode_3_U SOURCE {} VARIABLE p_ZZ8max_poolILi64ELi8EEvRN3hls6streamI8ap_fixedILi8ELi4EL9ap_q_mode0EL9ap_o_mode_3 LOOP {} BUNDLEDNAME {} DSP 0 BRAM 0 URAM 0 DISPNAME {bind_storage ram_1p}} {BINDTYPE storage ID {} IMPL auto LATENCY 1 OPTYPE ram_1p PRAGMA {} RTLNAME p_ZZ8max_poolILi64ELi8EEvRN3hls6streamI8ap_fixedILi8ELi4EL9ap_q_mode0EL9ap_o_mode_2_U SOURCE {} VARIABLE p_ZZ8max_poolILi64ELi8EEvRN3hls6streamI8ap_fixedILi8ELi4EL9ap_q_mode0EL9ap_o_mode_2 LOOP {} BUNDLEDNAME {} DSP 0 BRAM 0 URAM 0 DISPNAME {bind_storage ram_1p}} {BINDTYPE storage ID {} IMPL auto LATENCY 1 OPTYPE ram_1p PRAGMA {} RTLNAME p_ZZ8max_poolILi64ELi8EEvRN3hls6streamI8ap_fixedILi8ELi4EL9ap_q_mode0EL9ap_o_mode_1_U SOURCE {} VARIABLE p_ZZ8max_poolILi64ELi8EEvRN3hls6streamI8ap_fixedILi8ELi4EL9ap_q_mode0EL9ap_o_mode_1 LOOP {} BUNDLEDNAME {} DSP 0 BRAM 0 URAM 0 DISPNAME {bind_storage ram_1p}} {BINDTYPE storage ID {} IMPL auto LATENCY 1 OPTYPE ram_s2p PRAGMA {} RTLNAME p_ZZ8max_poolILi64ELi8EEvRN3hls6streamI8ap_fixedILi8ELi4EL9ap_q_mode0EL9ap_o_mode_U SOURCE {} VARIABLE p_ZZ8max_poolILi64ELi8EEvRN3hls6streamI8ap_fixedILi8ELi4EL9ap_q_mode0EL9ap_o_mode LOOP {} BUNDLEDNAME {} DSP 0 BRAM 0 URAM 0 DISPNAME {bind_storage ram_s2p}} {BINDTYPE storage ID {} IMPL auto LATENCY 1 OPTYPE ram_1p PRAGMA {} RTLNAME void_max_pool_stream_stream_ap_fixed_8_4_0_0_0_0_pool_buff_9_U SOURCE {} VARIABLE void_max_pool_stream_stream_ap_fixed_8_4_0_0_0_0_pool_buff_9 LOOP {} BUNDLEDNAME {} DSP 0 BRAM 0 URAM 0 DISPNAME {bind_storage ram_1p}}} AREA {DSP 0 BRAM 0 URAM 0}} dense_layer_Pipeline_VITIS_LOOP_135_1 {BINDINFO {{BINDTYPE op ID {} IMPL fabric LATENCY 0 OPTYPE add PRAGMA {} RTLNAME add_ln135_fu_74_p2 SOURCE vgg_accelerator.cpp:135 VARIABLE add_ln135 LOOP VITIS_LOOP_135_1 BUNDLEDNAME {} DSP 0 BRAM 0 URAM 0 DISPNAME {bind_op add}}} AREA {DSP 0 BRAM 0 URAM 0}} dense_layer_Pipeline_VITIS_LOOP_146_3 {BINDINFO {{BINDTYPE op ID {} IMPL fabric LATENCY 0 OPTYPE add PRAGMA {} RTLNAME add_ln146_fu_217_p2 SOURCE vgg_accelerator.cpp:146 VARIABLE add_ln146 LOOP VITIS_LOOP_146_3 BUNDLEDNAME {} DSP 0 BRAM 0 URAM 0 DISPNAME {bind_op add}} {BINDTYPE op ID {} IMPL fabric LATENCY 0 OPTYPE add PRAGMA {} RTLNAME add_ln152_fu_245_p2 SOURCE vgg_accelerator.cpp:152 VARIABLE add_ln152 LOOP VITIS_LOOP_146_3 BUNDLEDNAME {} DSP 0 BRAM 0 URAM 0 DISPNAME {bind_op add}} {BINDTYPE op ID {} IMPL auto LATENCY 0 OPTYPE mul PRAGMA {} RTLNAME mul_8s_5s_12_1_1_U1401 SOURCE {C:/Xilinx/Vitis_HLS/2022.2/common/technology/autopilot\ap_fixed_base.h:1347} VARIABLE mul_ln1347 LOOP VITIS_LOOP_146_3 BUNDLEDNAME {} DSP 0 BRAM 0 URAM 0 DISPNAME {bind_op mul}} {BINDTYPE op ID {} IMPL fabric LATENCY 0 OPTYPE add PRAGMA {} RTLNAME ret_V_fu_308_p2 SOURCE {C:/Xilinx/Vitis_HLS/2022.2/common/technology/autopilot\ap_fixed_base.h:1347} VARIABLE ret_V LOOP VITIS_LOOP_146_3 BUNDLEDNAME {} DSP 0 BRAM 0 URAM 0 DISPNAME {bind_op add}} {BINDTYPE op ID {} IMPL fabric LATENCY 0 OPTYPE add PRAGMA {} RTLNAME acc_V_40_fu_322_p2 SOURCE {C:/Xilinx/Vitis_HLS/2022.2/common/technology/autopilot\ap_fixed_base.h:813} VARIABLE acc_V_40 LOOP VITIS_LOOP_146_3 BUNDLEDNAME {} DSP 0 BRAM 0 URAM 0 DISPNAME {bind_op add}} {BINDTYPE op ID {} IMPL fabric LATENCY 0 OPTYPE add PRAGMA {} RTLNAME final_res_V_1_fu_408_p2 SOURCE {C:/Xilinx/Vitis_HLS/2022.2/common/technology/autopilot\ap_fixed_base.h:377} VARIABLE final_res_V_1 LOOP VITIS_LOOP_146_3 BUNDLEDNAME {} DSP 0 BRAM 0 URAM 0 DISPNAME {bind_op add}} {BINDTYPE storage ID {} IMPL auto LATENCY 1 OPTYPE rom_1p PRAGMA {} RTLNAME dense_weights_U SOURCE {} VARIABLE dense_weights LOOP {} BUNDLEDNAME {} DSP 0 BRAM 1 URAM 0 DISPNAME {bind_storage rom_1p}}} AREA {DSP 0 BRAM 1 URAM 0}} dense_layer {BINDINFO {{BINDTYPE storage ID {} IMPL auto LATENCY 1 OPTYPE ram_1p PRAGMA {} RTLNAME flat_img_V_U SOURCE vgg_accelerator.cpp:134 VARIABLE flat_img_V LOOP {} BUNDLEDNAME {} DSP 0 BRAM 1 URAM 0 DISPNAME {bind_storage ram_1p}} {BINDTYPE op ID {} IMPL fabric LATENCY 0 OPTYPE add PRAGMA {} RTLNAME add_ln140_fu_129_p2 SOURCE vgg_accelerator.cpp:140 VARIABLE add_ln140 LOOP VITIS_LOOP_140_2 BUNDLEDNAME {} DSP 0 BRAM 0 URAM 0 DISPNAME {bind_op add}} {BINDTYPE storage ID {} IMPL auto LATENCY 1 OPTYPE rom_1p PRAGMA {} RTLNAME dense_bias_U SOURCE {} VARIABLE dense_bias LOOP {} BUNDLEDNAME {} DSP 0 BRAM 0 URAM 0 DISPNAME {bind_storage rom_1p}}} AREA {DSP 0 BRAM 2 URAM 0}} max_val {AREA {DSP 0 BRAM 0 URAM 0}} vgg_accelerator {AREA {DSP 0 BRAM 39 URAM 0}}}}'
INFO-FLOW: DBG:PUTS:      update_csynth_reports json2rpt_hw_sw_interfaces
INFO-FLOW: Running: gen_csynth_sec_pragma
INFO-FLOW: Done: gen_csynth_sec_pragma time: 0 seconds per iteration
INFO-FLOW: DBG:PUTS:      update_csynth_reports wrote xml
INFO-FLOW: DBG:PUTS:      update_csynth_reports appended to csynth rpt file
INFO: [HLS 200-111] Finished Updating report files: CPU user time: 1 seconds. CPU system time: 0 seconds. Elapsed time: 3.594 seconds; current allocated memory: 844.891 MB.
INFO: [VHDL 208-304] Generating VHDL RTL for vgg_accelerator.
INFO: [VLOG 209-307] Generating Verilog RTL for vgg_accelerator.
Execute       syn_report -model vgg_accelerator -printsummary 
INFO: [HLS 200-790] **** Loop Constraint Status: All loop constraints were NOT satisfied.
INFO: [HLS 200-789] **** Estimated Fmax: 123.23 MHz
Command     autosyn done; 82.109 sec.
Command   csynth_design done; 122.231 sec.
INFO: [HLS 200-111] Finished Command csynth_design CPU user time: 75 seconds. CPU system time: 4 seconds. Elapsed time: 122.231 seconds; current allocated memory: 726.066 MB.
Command ap_source done; 133.541 sec.
Execute cleanup_all 
INFO-FLOW: Workspace D:/University/Junior/HLS/VGG_Accelerator/hls/vgg_accelerator/solution1 opened at Thu Dec 11 20:08:46 +0800 2025
Execute     ap_set_clock -name default -period 10 -default=false 
INFO: [SYN 201-201] Setting up clock 'default' with a period of 10ns.
Execute     set_part xczu5eg-sfvc784-1-e 
Execute       create_platform xczu5eg-sfvc784-1-e -board  
DBG:HLSDevice: Trying to load device library: C:/Xilinx/Vitis_HLS/2022.2\lib\win64.o\xv_hlsvwrap.dll
DBG:HLSDevice: first parts/arch.xml in RDI_DATADIR: C:/Xilinx/Vivado/2022.2/data/parts/arch.xml
DBG:HLSDevice: init success
INFO: [HLS 200-1611] Setting target device to 'xczu5eg-sfvc784-1-e'
Command       create_platform done; 0.756 sec.
Execute       source C:/Xilinx/Vitis_HLS/2022.2/common/technology/xilinx/common/xilinx.gen 
Execute         source C:/Xilinx/Vitis_HLS/2022.2/common/technology/xilinx/interface/plb46.gen 
Execute         source C:/Xilinx/Vitis_HLS/2022.2/common/technology/xilinx/interface/axi4.gen 
Execute         source C:/Xilinx/Vitis_HLS/2022.2/common/technology/xilinx/interface/nativeAXI4.gen 
Execute           source C:/Xilinx/Vitis_HLS/2022.2/common/technology/xilinx/interface/saxilite.gen 
Execute         source C:/Xilinx/Vitis_HLS/2022.2/common/technology/xilinx/scripts/xilinxcoregen.gen 
Execute         source C:/Xilinx/Vitis_HLS/2022.2/common/technology/xilinx/interface/XilEDKCoreGen.gen 
Execute         source C:/Xilinx/Vitis_HLS/2022.2/common/technology/xilinx/ip/dds_compiler.gen 
Execute         source C:/Xilinx/Vitis_HLS/2022.2/common/technology/xilinx/ip/util.gen 
Execute         source C:/Xilinx/Vitis_HLS/2022.2/common/technology/xilinx/ip/xfft.gen 
Execute         source C:/Xilinx/Vitis_HLS/2022.2/common/technology/xilinx/ip/xfir.gen 
Execute         source C:/Xilinx/Vitis_HLS/2022.2/common/technology/xilinx/DSP48/dsp48.gen 
Execute       ap_part_info -name xczu5eg-sfvc784-1-e -data info 
Execute       config_compile -quiet -complex-mul-dsp=0 
Command     set_part done; 0.889 sec.
Execute     send_msg_by_id INFO @200-1505@%s%s  vivado 
INFO: [HLS 200-1505] Using flow_target 'vivado'
Execute     send_msg_by_id INFO @200-1464@%s config_export -format=ip_catalog 
INFO: [HLS 200-1464] Running solution command: config_export -format=ip_catalog
Execute     config_export -format=ip_catalog 
Execute     send_msg_by_id INFO @200-1464@%s config_export -rtl=verilog 
INFO: [HLS 200-1464] Running solution command: config_export -rtl=verilog
Execute     config_export -rtl=verilog 
Command   open_solution done; 1.021 sec.
Execute   set_part xczu5eg-sfvc784-1-e 
INFO: [HLS 200-1510] Running: set_part xczu5eg-sfvc784-1-e 
Execute     create_platform xczu5eg-sfvc784-1-e -board  
Execute     source C:/Xilinx/Vitis_HLS/2022.2/common/technology/xilinx/common/xilinx.gen 
Execute       source C:/Xilinx/Vitis_HLS/2022.2/common/technology/xilinx/interface/plb46.gen 
Execute       source C:/Xilinx/Vitis_HLS/2022.2/common/technology/xilinx/interface/axi4.gen 
Execute       source C:/Xilinx/Vitis_HLS/2022.2/common/technology/xilinx/interface/nativeAXI4.gen 
Execute         source C:/Xilinx/Vitis_HLS/2022.2/common/technology/xilinx/interface/saxilite.gen 
Execute       source C:/Xilinx/Vitis_HLS/2022.2/common/technology/xilinx/scripts/xilinxcoregen.gen 
Execute       source C:/Xilinx/Vitis_HLS/2022.2/common/technology/xilinx/interface/XilEDKCoreGen.gen 
Execute       source C:/Xilinx/Vitis_HLS/2022.2/common/technology/xilinx/ip/dds_compiler.gen 
Execute       source C:/Xilinx/Vitis_HLS/2022.2/common/technology/xilinx/ip/util.gen 
Execute       source C:/Xilinx/Vitis_HLS/2022.2/common/technology/xilinx/ip/xfft.gen 
Execute       source C:/Xilinx/Vitis_HLS/2022.2/common/technology/xilinx/ip/xfir.gen 
Execute       source C:/Xilinx/Vitis_HLS/2022.2/common/technology/xilinx/DSP48/dsp48.gen 
Command     ap_source done; 0.118 sec.
Execute     ap_part_info -name xczu5eg-sfvc784-1-e -data info 
Execute     config_compile -quiet -complex-mul-dsp=0 
Command   set_part done; 0.185 sec.
Execute   create_clock -period 10 -name default 
INFO: [HLS 200-1510] Running: create_clock -period 10 -name default 
Execute     ap_set_clock -name default -period 10 -default=false 
INFO: [SYN 201-201] Setting up clock 'default' with a period of 10ns.
Execute   config_export -format ip_catalog -rtl verilog 
INFO: [HLS 200-1510] Running: config_export -format ip_catalog -rtl verilog 
Execute   export_design -rtl verilog -format ip_catalog 
INFO: [HLS 200-1510] Running: export_design -rtl verilog -format ip_catalog 
Execute     config_export -format=ip_catalog -rtl=verilog 
INFO-FLOW: DBG:PUTS: export_design_wrap: -format ip_catalog -rtl verilog
Execute     source D:/University/Junior/HLS/VGG_Accelerator/hls/vgg_accelerator/solution1/.autopilot/db/global.setting.tcl 
INFO-FLOW: DBG:PUTS:   auto_impl: pack: -export -rtl verilog
INFO-FLOW: DBG:PROC: ::AESL_AUTOIMPL::auto_impl args='-export -rtl verilog'
Execute     source D:/University/Junior/HLS/VGG_Accelerator/hls/vgg_accelerator/solution1/.autopilot/db/global.setting.tcl 
INFO: [IMPL 213-8] Exporting RTL as a Vivado IP.
Execute     source D:/University/Junior/HLS/VGG_Accelerator/hls/vgg_accelerator/solution1/.autopilot/db/global.setting.tcl 
INFO-FLOW: DBG:PUTS: automg_wrap -export -pcore_version 1.00.a -rtl vlog -tool Vivado -impltomg_flag
INFO-FLOW: DBG:PROC: ::AESL_AUTOMG::auto_generate args='-export -pcore_version 1.00.a -rtl vlog -tool Vivado -impltomg_flag'
INFO-FLOW: DBG:PUTS:     auto_generate -export -pcore_version 1.00.a -rtl vlog -tool Vivado -impltomg_flag
Execute     source D:/University/Junior/HLS/VGG_Accelerator/hls/vgg_accelerator/solution1/.autopilot/db/global.setting.tcl 
INFO-FLOW: DBG:PUTS: read_platform_lib D:/University/Junior/HLS/VGG_Accelerator/hls/vgg_accelerator/solution1/.autopilot/db/global.setting.tcl
Execute     source C:/Xilinx/Vitis_HLS/2022.2/common/technology/generic/autopilot/common.gen 
Execute       source C:/Xilinx/Vitis_HLS/2022.2/common/technology/generic/autopilot/APCoreGen.gen 
Execute     source C:/Xilinx/Vitis_HLS/2022.2/common/technology/generic/autopilot/op.gen 
Execute     source C:/Xilinx/Vitis_HLS/2022.2/common/technology/generic/autopilot/op_simcore.gen 
Execute     source C:/Xilinx/Vitis_HLS/2022.2/common/technology/generic/autopilot/interface.gen 
Execute     source D:/University/Junior/HLS/VGG_Accelerator/hls/vgg_accelerator/solution1/.autopilot/db/global.setting.tcl 
Execute     source C:/Xilinx/Vitis_HLS/2022.2/common/technology/xilinx/common/xilinx.gen 
Execute       source C:/Xilinx/Vitis_HLS/2022.2/common/technology/xilinx/interface/plb46.gen 
Execute       source C:/Xilinx/Vitis_HLS/2022.2/common/technology/xilinx/interface/axi4.gen 
Execute       source C:/Xilinx/Vitis_HLS/2022.2/common/technology/xilinx/interface/nativeAXI4.gen 
Execute         source C:/Xilinx/Vitis_HLS/2022.2/common/technology/xilinx/interface/saxilite.gen 
Execute       source C:/Xilinx/Vitis_HLS/2022.2/common/technology/xilinx/scripts/xilinxcoregen.gen 
Execute       source C:/Xilinx/Vitis_HLS/2022.2/common/technology/xilinx/interface/XilEDKCoreGen.gen 
Execute       source C:/Xilinx/Vitis_HLS/2022.2/common/technology/xilinx/ip/dds_compiler.gen 
Execute       source C:/Xilinx/Vitis_HLS/2022.2/common/technology/xilinx/ip/util.gen 
Execute       source C:/Xilinx/Vitis_HLS/2022.2/common/technology/xilinx/ip/xfft.gen 
Execute       source C:/Xilinx/Vitis_HLS/2022.2/common/technology/xilinx/ip/xfir.gen 
Execute       source C:/Xilinx/Vitis_HLS/2022.2/common/technology/xilinx/DSP48/dsp48.gen 
INFO-FLOW: DBG:PUTS:   using AESL_AUTOCG::g_clock_period=10.000 (was NA)
INFO-FLOW: DBG:PUTS:       initCTypeInfo top_module=vgg_accelerator xml_exists=0
Execute     source D:/University/Junior/HLS/VGG_Accelerator/hls/vgg_accelerator/solution1/.autopilot/db/vgg_accelerator.rtl_wrap.cfg.tcl 
Execute     source D:/University/Junior/HLS/VGG_Accelerator/hls/vgg_accelerator/solution1/.autopilot/db/vgg_accelerator.rtl_wrap.cfg.tcl 
Execute     source D:/University/Junior/HLS/VGG_Accelerator/hls/vgg_accelerator/solution1/.autopilot/db/vgg_accelerator.rtl_wrap.cfg.tcl 
Execute     source D:/University/Junior/HLS/VGG_Accelerator/hls/vgg_accelerator/solution1/.autopilot/db/vgg_accelerator.tbgen.tcl 
Execute     source D:/University/Junior/HLS/VGG_Accelerator/hls/vgg_accelerator/solution1/.autopilot/db/vgg_accelerator.tbgen.tcl 
Execute     source D:/University/Junior/HLS/VGG_Accelerator/hls/vgg_accelerator/solution1/.autopilot/db/global.setting.tcl 
Execute     source D:/University/Junior/HLS/VGG_Accelerator/hls/vgg_accelerator/solution1/.autopilot/db/vgg_accelerator.tbgen.tcl 
INFO-FLOW: DBG:PUTS:       cosim_export_main adding deadlock detection to vgg_accelerator
INFO-FLOW: DBG:PUTS: Skipping loadAnalyze_DB, #g_database=8
INFO-FLOW: DBG:PUTS:       generate_json generate_bd_files=0 generate_xo_files=false #modelList=75 #gSsdmPorts=0
INFO-FLOW: DBG:PROC: ::AP::DESIGN_DATA::generate_json generate_bd_files='0' generate_xo_files='false' modelList='vgg_accelerator_regslice_both
vgg_accelerator_regslice_both
vgg_accelerator_regslice_both
vgg_accelerator_regslice_both
vgg_accelerator_flow_control_loop_pipe
vgg_accelerator_flow_control_loop_pipe_sequential_init
vgg_accelerator_flow_control_loop_pipe_sequential_init
vgg_accelerator_layer_block_1_16_32_s_void_layer_block_stream_stream_signed_char_const_1_3_3_bkb
vgg_accelerator_max_pool_16_32_s_void_max_pool_stream_stream_ap_fixed_8_4_0_0_0_0_pool_buff_2dEe
vgg_accelerator_flow_control_loop_pipe
vgg_accelerator_flow_control_loop_pipe_sequential_init
vgg_accelerator_mux_164_8_1_1
vgg_accelerator_flow_control_loop_pipe_sequential_init
vgg_accelerator_mul_8s_5s_12_1_1
vgg_accelerator_layer_block_16_32_16_Pipeline_VITIS_LOOP_71_8_conv2_weights_ROM_AUTO_1R
vgg_accelerator_flow_control_loop_pipe_sequential_init
vgg_accelerator_layer_block_16_32_16_s_void_layer_block_stream_stream_signed_char_const_16_3_tde
vgg_accelerator_layer_block_16_32_16_s_conv2_bias_ROM_AUTO_1R
vgg_accelerator_max_pool_32_16_s_void_max_pool_stream_stream_ap_fixed_8_4_0_0_0_0_pool_buff_1vdy
vgg_accelerator_max_pool_32_16_s_p_ZZ8max_poolILi32ELi16EEvRN3hls6streamI8ap_fixedILi8ELi4EL9Zio
vgg_accelerator_flow_control_loop_pipe
vgg_accelerator_flow_control_loop_pipe_sequential_init
vgg_accelerator_mux_325_8_1_1
vgg_accelerator_flow_control_loop_pipe_sequential_init
vgg_accelerator_layer_block_32_64_8_Pipeline_VITIS_LOOP_71_8_conv3_weights_ROM_AUTO_1R
vgg_accelerator_flow_control_loop_pipe_sequential_init
vgg_accelerator_layer_block_32_64_8_s_void_layer_block_stream_stream_signed_char_const_32_3_31iI
vgg_accelerator_layer_block_32_64_8_s_conv3_bias_ROM_AUTO_1R
vgg_accelerator_max_pool_64_8_s_void_max_pool_stream_stream_ap_fixed_8_4_0_0_0_0_pool_buff_8_3i2
vgg_accelerator_max_pool_64_8_s_p_ZZ8max_poolILi64ELi8EEvRN3hls6streamI8ap_fixedILi8ELi4EL9apb3s
vgg_accelerator_flow_control_loop_pipe
vgg_accelerator_flow_control_loop_pipe_sequential_init
vgg_accelerator_dense_layer_Pipeline_VITIS_LOOP_146_3_dense_weights_ROM_AUTO_1R
vgg_accelerator_flow_control_loop_pipe_sequential_init
vgg_accelerator_dense_layer_dense_bias_ROM_AUTO_1R
vgg_accelerator_dense_layer_flat_img_V_RAM_AUTO_1R1W
vgg_accelerator_regslice_both
vgg_accelerator_regslice_both
vgg_accelerator_regslice_both
vgg_accelerator_regslice_both
vgg_accelerator_fifo_w8_d128_S
vgg_accelerator_fifo_w8_d128_S
vgg_accelerator_fifo_w8_d128_S
vgg_accelerator_fifo_w8_d64_S
vgg_accelerator_fifo_w8_d64_S
vgg_accelerator_fifo_w8_d64_S
vgg_accelerator_fifo_w8_d64_S
vgg_accelerator_start_for_layer_block_1_16_32_U0
vgg_accelerator_start_for_max_pool_16_32_U0
vgg_accelerator_start_for_layer_block_16_32_16_U0
vgg_accelerator_start_for_max_pool_32_16_U0
vgg_accelerator_start_for_layer_block_32_64_8_U0
vgg_accelerator_start_for_max_pool_64_8_U0
vgg_accelerator_start_for_dense_layer_U0
vgg_accelerator_CTRL_BUS_s_axi
input_adapter
layer_block_1_16_32_Pipeline_VITIS_LOOP_32_2_VITIS_LOOP_33_3
layer_block_1_16_32_Pipeline_VITIS_LOOP_36_4_VITIS_LOOP_37_5
layer_block_1_16_32_s
max_pool_16_32_s
layer_block_16_32_16_Pipeline_VITIS_LOOP_31_1_VITIS_LOOP_32_2_VITIS_LOOP_33_3
layer_block_16_32_16_Pipeline_VITIS_LOOP_40_6
layer_block_16_32_16_Pipeline_VITIS_LOOP_71_8
layer_block_16_32_16_s
max_val
max_pool_32_16_s
layer_block_32_64_8_Pipeline_VITIS_LOOP_31_1_VITIS_LOOP_32_2_VITIS_LOOP_33_3
layer_block_32_64_8_Pipeline_VITIS_LOOP_40_6
layer_block_32_64_8_Pipeline_VITIS_LOOP_71_8
layer_block_32_64_8_s
max_pool_64_8_s
dense_layer_Pipeline_VITIS_LOOP_135_1
dense_layer_Pipeline_VITIS_LOOP_146_3
dense_layer
vgg_accelerator
' rtl_lang='vlog' bootstrap_tcl='false' outdir='' outfilename=''
Execute     source C:/Xilinx/Vitis_HLS/2022.2/tps/tcl/tcllib1.11.1/yaml/huddle.tcl 
Execute     source C:/Xilinx/Vitis_HLS/2022.2/tps/tcl/tcllib1.11.1/yaml/json2huddle.tcl 
Execute     source D:/University/Junior/HLS/VGG_Accelerator/hls/vgg_accelerator/solution1/.autopilot/db/global.setting.tcl 
Execute     source D:/University/Junior/HLS/VGG_Accelerator/hls/vgg_accelerator/solution1/.autopilot/db/global.setting.tcl 
Execute     source D:/University/Junior/HLS/VGG_Accelerator/hls/vgg_accelerator/solution1/.autopilot/db/top-io-be.tcl 
Execute     source D:/University/Junior/HLS/VGG_Accelerator/hls/vgg_accelerator/solution1/.autopilot/db/vgg_accelerator.tbgen.tcl 
Execute     source D:/University/Junior/HLS/VGG_Accelerator/hls/vgg_accelerator/solution1/.autopilot/db/vgg_accelerator.compgen.dataonly.tcl 
Execute     source D:/University/Junior/HLS/VGG_Accelerator/hls/vgg_accelerator/solution1/.autopilot/db/vgg_accelerator.compgen.dataonly.tcl 
Execute     source D:/University/Junior/HLS/VGG_Accelerator/hls/vgg_accelerator/solution1/.autopilot/db/vgg_accelerator.rtl_wrap.cfg.tcl 
Execute     source D:/University/Junior/HLS/VGG_Accelerator/hls/vgg_accelerator/solution1/.autopilot/db/vgg_accelerator.compgen.dataonly.tcl 
Execute     source D:/University/Junior/HLS/VGG_Accelerator/hls/vgg_accelerator/solution1/.autopilot/db/input_adapter.tbgen.tcl 
Execute     source D:/University/Junior/HLS/VGG_Accelerator/hls/vgg_accelerator/solution1/.autopilot/db/layer_block_1_16_32_Pipeline_VITIS_LOOP_32_2_VITIS_LOOP_33_3.tbgen.tcl 
Execute     source D:/University/Junior/HLS/VGG_Accelerator/hls/vgg_accelerator/solution1/.autopilot/db/layer_block_1_16_32_Pipeline_VITIS_LOOP_36_4_VITIS_LOOP_37_5.tbgen.tcl 
Execute     source D:/University/Junior/HLS/VGG_Accelerator/hls/vgg_accelerator/solution1/.autopilot/db/layer_block_1_16_32_s.tbgen.tcl 
Execute     source D:/University/Junior/HLS/VGG_Accelerator/hls/vgg_accelerator/solution1/.autopilot/db/max_pool_16_32_s.tbgen.tcl 
Execute     source D:/University/Junior/HLS/VGG_Accelerator/hls/vgg_accelerator/solution1/.autopilot/db/layer_block_16_32_16_Pipeline_VITIS_LOOP_31_1_VITIS_LOOP_32_2_VITIS_LOOP_33_3.tbgen.tcl 
Execute     source D:/University/Junior/HLS/VGG_Accelerator/hls/vgg_accelerator/solution1/.autopilot/db/layer_block_16_32_16_Pipeline_VITIS_LOOP_40_6.tbgen.tcl 
Execute     source D:/University/Junior/HLS/VGG_Accelerator/hls/vgg_accelerator/solution1/.autopilot/db/layer_block_16_32_16_Pipeline_VITIS_LOOP_71_8.tbgen.tcl 
Execute     source D:/University/Junior/HLS/VGG_Accelerator/hls/vgg_accelerator/solution1/.autopilot/db/layer_block_16_32_16_s.tbgen.tcl 
Execute     source D:/University/Junior/HLS/VGG_Accelerator/hls/vgg_accelerator/solution1/.autopilot/db/max_val.tbgen.tcl 
Execute     source D:/University/Junior/HLS/VGG_Accelerator/hls/vgg_accelerator/solution1/.autopilot/db/max_pool_32_16_s.tbgen.tcl 
Execute     source D:/University/Junior/HLS/VGG_Accelerator/hls/vgg_accelerator/solution1/.autopilot/db/layer_block_32_64_8_Pipeline_VITIS_LOOP_31_1_VITIS_LOOP_32_2_VITIS_LOOP_33_3.tbgen.tcl 
Execute     source D:/University/Junior/HLS/VGG_Accelerator/hls/vgg_accelerator/solution1/.autopilot/db/layer_block_32_64_8_Pipeline_VITIS_LOOP_40_6.tbgen.tcl 
Execute     source D:/University/Junior/HLS/VGG_Accelerator/hls/vgg_accelerator/solution1/.autopilot/db/layer_block_32_64_8_Pipeline_VITIS_LOOP_71_8.tbgen.tcl 
Execute     source D:/University/Junior/HLS/VGG_Accelerator/hls/vgg_accelerator/solution1/.autopilot/db/layer_block_32_64_8_s.tbgen.tcl 
Execute     source D:/University/Junior/HLS/VGG_Accelerator/hls/vgg_accelerator/solution1/.autopilot/db/max_pool_64_8_s.tbgen.tcl 
Execute     source D:/University/Junior/HLS/VGG_Accelerator/hls/vgg_accelerator/solution1/.autopilot/db/dense_layer_Pipeline_VITIS_LOOP_135_1.tbgen.tcl 
Execute     source D:/University/Junior/HLS/VGG_Accelerator/hls/vgg_accelerator/solution1/.autopilot/db/dense_layer_Pipeline_VITIS_LOOP_146_3.tbgen.tcl 
Execute     source D:/University/Junior/HLS/VGG_Accelerator/hls/vgg_accelerator/solution1/.autopilot/db/dense_layer.tbgen.tcl 
Execute     source D:/University/Junior/HLS/VGG_Accelerator/hls/vgg_accelerator/solution1/.autopilot/db/vgg_accelerator.tbgen.tcl 
Execute     source D:/University/Junior/HLS/VGG_Accelerator/hls/vgg_accelerator/solution1/.autopilot/db/global.setting.tcl 
Execute     ap_part_info -name xczu5eg-sfvc784-1-e -data names -quiet 
Execute     ap_part_info -name xczu5eg-sfvc784-1-e -data info -quiet 
Execute     source D:/University/Junior/HLS/VGG_Accelerator/hls/vgg_accelerator/solution1/.autopilot/db/vgg_accelerator.constraint.tcl 
Execute     sc_get_clocks vgg_accelerator 
Execute     source D:/University/Junior/HLS/VGG_Accelerator/hls/vgg_accelerator/solution1/.autopilot/db/global.setting.tcl 
Execute     source D:/University/Junior/HLS/VGG_Accelerator/hls/vgg_accelerator/solution1/.autopilot/db/global.setting.tcl 
Execute     source D:/University/Junior/HLS/VGG_Accelerator/hls/vgg_accelerator/solution1/.autopilot/db/vgg_accelerator.tbgen.tcl 
INFO-FLOW: DBG:PUTS:       cosim_export_main adding deadlock detection to vgg_accelerator
INFO-FLOW: DBG:PUTS:       copy ip_driver_dir 1_0 D:/University/Junior/HLS/VGG_Accelerator/hls/vgg_accelerator/solution1/.autopilot/db/driver
INFO-FLOW: DBG:PUTS:       generate_ip_script #gSsdmPorts=0 g_lang=vlog is_sdaccel=false is_sdsoc=true xo_file=
Execute     ap_part_info -name xczu5eg-sfvc784-1-e -data names -quiet 
Execute     ap_part_info -name xczu5eg-sfvc784-1-e -data info -quiet 
Execute     ap_part_info -name xczu5eg-sfvc784-1-e -data names -quiet 
Execute     ap_part_info -name xczu5eg-sfvc784-1-e -data info -quiet 
Execute     source D:/University/Junior/HLS/VGG_Accelerator/hls/vgg_accelerator/solution1/.autopilot/db/vgg_accelerator.tbgen.tcl 
Execute     source D:/University/Junior/HLS/VGG_Accelerator/hls/vgg_accelerator/solution1/.autopilot/db/vgg_accelerator.compgen.dataonly.tcl 
Execute     source D:/University/Junior/HLS/VGG_Accelerator/hls/vgg_accelerator/solution1/.autopilot/db/vgg_accelerator.compgen.dataonly.tcl 
Execute     source D:/University/Junior/HLS/VGG_Accelerator/hls/vgg_accelerator/solution1/.autopilot/db/vgg_accelerator.tbgen.tcl 
Execute     source D:/University/Junior/HLS/VGG_Accelerator/hls/vgg_accelerator/solution1/.autopilot/db/vgg_accelerator.tbgen.tcl 
Execute     source D:/University/Junior/HLS/VGG_Accelerator/hls/vgg_accelerator/solution1/.autopilot/db/vgg_accelerator.tbgen.tcl 
Execute     source D:/University/Junior/HLS/VGG_Accelerator/hls/vgg_accelerator/solution1/.autopilot/db/vgg_accelerator.tbgen.tcl 
Execute     source D:/University/Junior/HLS/VGG_Accelerator/hls/vgg_accelerator/solution1/.autopilot/db/global.setting.tcl 
INFO-FLOW: DBG:PUTS:       generate_top_info
INFO-FLOW: DBG:PUTS:       prepArgInfo -> loadAnalyze_DB top_module=vgg_accelerator
Execute     source D:/University/Junior/HLS/VGG_Accelerator/hls/vgg_accelerator/solution1/.autopilot/db/vgg_accelerator.rtl_wrap.cfg.tcl 
Execute     source D:/University/Junior/HLS/VGG_Accelerator/hls/vgg_accelerator/solution1/.autopilot/db/vgg_accelerator.rtl_wrap.cfg.tcl 
Execute     source D:/University/Junior/HLS/VGG_Accelerator/hls/vgg_accelerator/solution1/.autopilot/db/vgg_accelerator.rtl_wrap.cfg.tcl 
Execute     source D:/University/Junior/HLS/VGG_Accelerator/hls/vgg_accelerator/solution1/.autopilot/db/vgg_accelerator.tbgen.tcl 
Execute     source D:/University/Junior/HLS/VGG_Accelerator/hls/vgg_accelerator/solution1/.autopilot/db/vgg_accelerator.tbgen.tcl 
Execute     ap_part_info -name xczu5eg-sfvc784-1-e -data names -quiet 
Execute     ap_part_info -name xczu5eg-sfvc784-1-e -data info -quiet 
Execute     source D:/University/Junior/HLS/VGG_Accelerator/hls/vgg_accelerator/solution1/.autopilot/db/global.setting.tcl 
Execute     ap_part_info -name xczu5eg-sfvc784-1-e -data names -quiet 
Execute     ap_part_info -name xczu5eg-sfvc784-1-e -data info -quiet 
Execute     ap_part_info -name xczu5eg-sfvc784-1-e -data names -quiet 
Execute     ap_part_info -name xczu5eg-sfvc784-1-e -data info -quiet 
Execute     source D:/University/Junior/HLS/VGG_Accelerator/hls/vgg_accelerator/solution1/.autopilot/db/vgg_accelerator.tbgen.tcl 
Execute     source D:/University/Junior/HLS/VGG_Accelerator/hls/vgg_accelerator/solution1/.autopilot/db/global.setting.tcl 
Execute     source D:/University/Junior/HLS/VGG_Accelerator/hls/vgg_accelerator/solution1/.autopilot/db/vgg_accelerator.constraint.tcl 
INFO-FLOW: DBG:PUTS:       generate_ipi_example_script
Execute     ap_part_info -name xczu5eg-sfvc784-1-e -data names -quiet 
Execute     ap_part_info -name xczu5eg-sfvc784-1-e -data info -quiet 
Execute     ap_part_info -name xczu5eg-sfvc784-1-e -data names -quiet 
Execute     ap_part_info -name xczu5eg-sfvc784-1-e -data info -quiet 
INFO-FLOW: DBG:PUTS:       generate_syn_sh
Execute     ap_part_info -name xczu5eg-sfvc784-1-e -data names -quiet 
Execute     ap_part_info -name xczu5eg-sfvc784-1-e -data info -quiet 
Execute     source D:/University/Junior/HLS/VGG_Accelerator/hls/vgg_accelerator/solution1/.autopilot/db/global.setting.tcl 
INFO-FLOW: DBG:PUTS:       generate_imp_constraints
Execute     ap_part_info -name xczu5eg-sfvc784-1-e -data names -quiet 
Execute     ap_part_info -name xczu5eg-sfvc784-1-e -data info -quiet 
Execute     source D:/University/Junior/HLS/VGG_Accelerator/hls/vgg_accelerator/solution1/.autopilot/db/vgg_accelerator.constraint.tcl 
Execute     source D:/University/Junior/HLS/VGG_Accelerator/hls/vgg_accelerator/solution1/.autopilot/db/vgg_accelerator.tbgen.tcl 
INFO-FLOW: DBG:PUTS:       delete-temp-dirs (skipped for debug)
Execute     ap_part_info -name xczu5eg-sfvc784-1-e -data names -quiet 
Execute     ap_part_info -name xczu5eg-sfvc784-1-e -data info -quiet 
INFO-FLOW: DBG:PUTS: read_platform_lib D:/University/Junior/HLS/VGG_Accelerator/hls/vgg_accelerator/solution1/.autopilot/db/global.setting.tcl
Execute     source C:/Xilinx/Vitis_HLS/2022.2/common/technology/generic/autopilot/common.gen 
Execute       source C:/Xilinx/Vitis_HLS/2022.2/common/technology/generic/autopilot/APCoreGen.gen 
Execute     source C:/Xilinx/Vitis_HLS/2022.2/common/technology/generic/autopilot/op.gen 
Execute     source C:/Xilinx/Vitis_HLS/2022.2/common/technology/generic/autopilot/op_simcore.gen 
Execute     source C:/Xilinx/Vitis_HLS/2022.2/common/technology/generic/autopilot/interface.gen 
Execute     source D:/University/Junior/HLS/VGG_Accelerator/hls/vgg_accelerator/solution1/.autopilot/db/global.setting.tcl 
Execute     source C:/Xilinx/Vitis_HLS/2022.2/common/technology/xilinx/common/xilinx.gen 
Execute       source C:/Xilinx/Vitis_HLS/2022.2/common/technology/xilinx/interface/plb46.gen 
Execute       source C:/Xilinx/Vitis_HLS/2022.2/common/technology/xilinx/interface/axi4.gen 
Execute       source C:/Xilinx/Vitis_HLS/2022.2/common/technology/xilinx/interface/nativeAXI4.gen 
Execute         source C:/Xilinx/Vitis_HLS/2022.2/common/technology/xilinx/interface/saxilite.gen 
Execute       source C:/Xilinx/Vitis_HLS/2022.2/common/technology/xilinx/scripts/xilinxcoregen.gen 
Execute       source C:/Xilinx/Vitis_HLS/2022.2/common/technology/xilinx/interface/XilEDKCoreGen.gen 
Execute       source C:/Xilinx/Vitis_HLS/2022.2/common/technology/xilinx/ip/dds_compiler.gen 
Execute       source C:/Xilinx/Vitis_HLS/2022.2/common/technology/xilinx/ip/util.gen 
Execute       source C:/Xilinx/Vitis_HLS/2022.2/common/technology/xilinx/ip/xfft.gen 
Execute       source C:/Xilinx/Vitis_HLS/2022.2/common/technology/xilinx/ip/xfir.gen 
Execute       source C:/Xilinx/Vitis_HLS/2022.2/common/technology/xilinx/DSP48/dsp48.gen 
INFO-FLOW: DBG:PUTS:     IP package: exec D:/University/Junior/HLS/VGG_Accelerator/hls/vgg_accelerator/solution1/impl/ip/pack.bat
INFO-FLOW: DBG:PUTS:     IP package: success D:/University/Junior/HLS/VGG_Accelerator/hls/vgg_accelerator/solution1/impl/ip/pack.bat
Execute     send_msg_by_id INFO @200-802@%s vgg_accelerator/solution1/impl/export.zip 
INFO: [HLS 200-802] Generated output file vgg_accelerator/solution1/impl/export.zip
Command   export_design done; 18.003 sec.
INFO: [HLS 200-111] Finished Command export_design CPU user time: 3 seconds. CPU system time: 0 seconds. Elapsed time: 18.003 seconds; current allocated memory: 14.504 MB.
Command ap_source done; 29.327 sec.
Execute cleanup_all 
