

================================================================
== Vitis HLS Report for 'layer_block_1_16_32_Pipeline_VITIS_LOOP_36_4_VITIS_LOOP_37_5'
================================================================
* Date:           Thu Dec 11 20:06:48 2025

* Version:        2022.2 (Build 3670227 on Oct 13 2022)
* Project:        vgg_accelerator
* Solution:       solution1 (Vivado IP Flow Target)
* Product family: zynquplus
* Target device:  xczu5eg-sfvc784-1-e


================================================================
== Performance Estimates
================================================================
+ Timing: 
    * Summary: 
    +--------+----------+----------+------------+
    |  Clock |  Target  | Estimated| Uncertainty|
    +--------+----------+----------+------------+
    |ap_clk  |  10.00 ns|  7.169 ns|     2.70 ns|
    +--------+----------+----------+------------+

+ Latency: 
    * Summary: 
    +---------+---------+----------+----------+-------+-------+---------+
    |  Latency (cycles) |  Latency (absolute) |    Interval   | Pipeline|
    |   min   |   max   |    min   |    max   |  min  |  max  |   Type  |
    +---------+---------+----------+----------+-------+-------+---------+
    |    16388|    16388|  0.164 ms|  0.164 ms|  16388|  16388|       no|
    +---------+---------+----------+----------+-------+-------+---------+

    + Detail: 
        * Instance: 
        N/A

        * Loop: 
        +-----------------------------------+---------+---------+----------+-----------+-----------+------+----------+
        |                                   |  Latency (cycles) | Iteration|  Initiation Interval  | Trip |          |
        |             Loop Name             |   min   |   max   |  Latency |  achieved |   target  | Count| Pipelined|
        +-----------------------------------+---------+---------+----------+-----------+-----------+------+----------+
        |- VITIS_LOOP_36_4_VITIS_LOOP_37_5  |    16386|    16386|        19|         16|          1|  1024|       yes|
        +-----------------------------------+---------+---------+----------+-----------+-----------+------+----------+

============================================================
+ Verbose Summary: Synthesis Manager
============================================================
InlineROM: 1
ExposeGlobal: 0
============================================================
+ Verbose Summary: CDFG Model
============================================================
IsTopModel: 0
ResetActiveHigh: 1
IsCombinational: 0
IsDatapathOnly: 0
HasWiredReturn: 1
HasMFsm: 2
HasVarLatency: 1
IsPipeline: 0
IsRtlPipelined: 0
IsInstanceOverlapped: 0
IsDontTouch: 0
HasImplIP: 0
IsGatedGlobalClock: 0

+ Individual pipeline summary: 
  * Pipeline-0: initiation interval (II) = 16, depth = 19


============================================================
+ Verbose Summary: Schedule
============================================================
* Number of FSM states : 19
* Pipeline : 1
  Pipeline-0 : II = 16, D = 19, States = { 1 2 3 4 5 6 7 8 9 10 11 12 13 14 15 16 17 18 19 }
* Dataflow Pipeline: 0

* FSM state transitions: 
1 --> 2 
2 --> 3 
3 --> 4 
4 --> 5 
5 --> 6 
6 --> 7 
7 --> 8 
8 --> 9 
9 --> 10 
10 --> 11 
11 --> 12 
12 --> 13 
13 --> 14 
14 --> 15 
15 --> 16 
16 --> 17 
17 --> 18 
18 --> 19 
19 --> 

* FSM state operations: 

State 1 <SV = 0> <Delay = 2.68>
ST_1 : Operation 22 [1/1] (0.00ns)   --->   "%r_V = alloca i32 1"   --->   Operation 22 'alloca' 'r_V' <Predicate = true> <Delay = 0.00>
ST_1 : Operation 23 [1/1] (0.00ns)   --->   "%r_V_17 = alloca i32 1"   --->   Operation 23 'alloca' 'r_V_17' <Predicate = true> <Delay = 0.00>
ST_1 : Operation 24 [1/1] (0.00ns)   --->   "%r_V_18 = alloca i32 1"   --->   Operation 24 'alloca' 'r_V_18' <Predicate = true> <Delay = 0.00>
ST_1 : Operation 25 [1/1] (0.00ns)   --->   "%c = alloca i32 1"   --->   Operation 25 'alloca' 'c' <Predicate = true> <Delay = 0.00>
ST_1 : Operation 26 [1/1] (0.00ns)   --->   "%indvar_flatten6 = alloca i32 1"   --->   Operation 26 'alloca' 'indvar_flatten6' <Predicate = true> <Delay = 0.00>
ST_1 : Operation 27 [1/1] (0.00ns)   --->   "%r_V_19 = alloca i32 1"   --->   Operation 27 'alloca' 'r_V_19' <Predicate = true> <Delay = 0.00>
ST_1 : Operation 28 [1/1] (0.00ns)   --->   "%r_V_20 = alloca i32 1"   --->   Operation 28 'alloca' 'r_V_20' <Predicate = true> <Delay = 0.00>
ST_1 : Operation 29 [1/1] (0.00ns)   --->   "%r_V_21 = alloca i32 1"   --->   Operation 29 'alloca' 'r_V_21' <Predicate = true> <Delay = 0.00>
ST_1 : Operation 30 [1/1] (0.00ns)   --->   "%specinterface_ln0 = specinterface void @_ssdm_op_SpecInterface, i8 %s_conv1, void @empty_11, i32 0, i32 0, void @empty_4, i32 0, i32 0, void @empty_4, void @empty_4, void @empty_4, i32 0, i32 0, i32 0, i32 0, void @empty_4, void @empty_4, i32 4294967295, i32 0"   --->   Operation 30 'specinterface' 'specinterface_ln0' <Predicate = true> <Delay = 0.00>
ST_1 : Operation 31 [1/1] (0.00ns)   --->   "%specinterface_ln0 = specinterface void @_ssdm_op_SpecInterface, i8 %s_input, void @empty_11, i32 0, i32 0, void @empty_4, i32 0, i32 0, void @empty_4, void @empty_4, void @empty_4, i32 0, i32 0, i32 0, i32 0, void @empty_4, void @empty_4, i32 4294967295, i32 0"   --->   Operation 31 'specinterface' 'specinterface_ln0' <Predicate = true> <Delay = 0.00>
ST_1 : Operation 32 [1/1] (0.48ns)   --->   "%store_ln0 = store i11 0, i11 %indvar_flatten6"   --->   Operation 32 'store' 'store_ln0' <Predicate = true> <Delay = 0.48>
ST_1 : Operation 33 [1/1] (0.48ns)   --->   "%store_ln0 = store i6 0, i6 %c"   --->   Operation 33 'store' 'store_ln0' <Predicate = true> <Delay = 0.48>
ST_1 : Operation 34 [1/1] (0.00ns)   --->   "%br_ln0 = br void %VITIS_LOOP_40_6.i"   --->   Operation 34 'br' 'br_ln0' <Predicate = true> <Delay = 0.00>
ST_1 : Operation 35 [1/1] (0.00ns)   --->   "%indvar_flatten6_load = load i11 %indvar_flatten6" [vgg_accelerator.cpp:36]   --->   Operation 35 'load' 'indvar_flatten6_load' <Predicate = true> <Delay = 0.00>
ST_1 : Operation 36 [1/1] (0.85ns)   --->   "%icmp_ln36 = icmp_eq  i11 %indvar_flatten6_load, i11 1024" [vgg_accelerator.cpp:36]   --->   Operation 36 'icmp' 'icmp_ln36' <Predicate = true> <Delay = 0.85> <CoreInst = "Cmp">   --->   Core 9 'Cmp' <Latency = 0> <II = 1> <Delay = 0.85> <FuncUnit> <Opcode : 'icmp'> <InPorts = 2> <OutPorts = 1>
ST_1 : Operation 37 [1/1] (0.94ns)   --->   "%add_ln36 = add i11 %indvar_flatten6_load, i11 1" [vgg_accelerator.cpp:36]   --->   Operation 37 'add' 'add_ln36' <Predicate = true> <Delay = 0.94> <CoreInst = "Adder">   --->   Core 1 'Adder' <Latency = 0> <II = 1> <Delay = 0.94> <FuncUnit> <Opcode : 'add' 'sub'> <InPorts = 2> <OutPorts = 1>
ST_1 : Operation 38 [1/1] (0.00ns)   --->   "%br_ln36 = br i1 %icmp_ln36, void %for.inc205.i, void %layer_block<1, 16, 32>.exit.exitStub" [vgg_accelerator.cpp:36]   --->   Operation 38 'br' 'br_ln36' <Predicate = true> <Delay = 0.00>
ST_1 : Operation 39 [1/1] (0.00ns)   --->   "%c_load = load i6 %c" [vgg_accelerator.cpp:37]   --->   Operation 39 'load' 'c_load' <Predicate = (!icmp_ln36)> <Delay = 0.00>
ST_1 : Operation 40 [1/1] (0.87ns)   --->   "%icmp_ln37 = icmp_eq  i6 %c_load, i6 32" [vgg_accelerator.cpp:37]   --->   Operation 40 'icmp' 'icmp_ln37' <Predicate = (!icmp_ln36)> <Delay = 0.87> <CoreInst = "Cmp">   --->   Core 9 'Cmp' <Latency = 0> <II = 1> <Delay = 0.87> <FuncUnit> <Opcode : 'icmp'> <InPorts = 2> <OutPorts = 1>
ST_1 : Operation 41 [1/1] (0.44ns)   --->   "%select_ln36 = select i1 %icmp_ln37, i6 0, i6 %c_load" [vgg_accelerator.cpp:36]   --->   Operation 41 'select' 'select_ln36' <Predicate = (!icmp_ln36)> <Delay = 0.44> <CoreInst = "Sel">   --->   Core 73 'Sel' <Latency = 0> <II = 1> <Delay = 0.44> <FuncUnit> <Opcode : 'select'> <InPorts = 3> <OutPorts = 1>
ST_1 : Operation 42 [1/1] (0.00ns)   --->   "%c_cast_i = zext i6 %select_ln36" [vgg_accelerator.cpp:36]   --->   Operation 42 'zext' 'c_cast_i' <Predicate = (!icmp_ln36)> <Delay = 0.00>
ST_1 : Operation 43 [1/1] (0.00ns)   --->   "%void_layer_block_stream_stream_signed_char_const_1_3_3_signed_char_cons_2 = getelementptr i8 %void_layer_block_stream_stream_signed_char_const_1_3_3_signed_char_cons_1, i64 0, i64 %c_cast_i" [vgg_accelerator.cpp:52]   --->   Operation 43 'getelementptr' 'void_layer_block_stream_stream_signed_char_const_1_3_3_signed_char_cons_2' <Predicate = (!icmp_ln36)> <Delay = 0.00>
ST_1 : Operation 44 [2/2] (0.79ns)   --->   "%px_V_17 = load i5 %void_layer_block_stream_stream_signed_char_const_1_3_3_signed_char_cons_2" [vgg_accelerator.cpp:58]   --->   Operation 44 'load' 'px_V_17' <Predicate = (!icmp_ln36)> <Delay = 0.79> <CoreInst = "RAM">   --->   Core 83 'RAM' <Latency = 1> <II = 1> <Delay = 0.79> <Storage> <Opcode : 'load' 'store'> <Ports = 2> <Width = 8> <Depth = 32> <RAM>
ST_1 : Operation 45 [1/1] (0.00ns)   --->   "%void_layer_block_stream_stream_signed_char_const_1_3_3_signed_char_cons_3 = getelementptr i8 %void_layer_block_stream_stream_signed_char_const_1_3_3_signed_char_cons, i64 0, i64 %c_cast_i" [vgg_accelerator.cpp:53]   --->   Operation 45 'getelementptr' 'void_layer_block_stream_stream_signed_char_const_1_3_3_signed_char_cons_3' <Predicate = (!icmp_ln36)> <Delay = 0.00>
ST_1 : Operation 46 [2/2] (0.79ns)   --->   "%px_V_19 = load i5 %void_layer_block_stream_stream_signed_char_const_1_3_3_signed_char_cons_3" [vgg_accelerator.cpp:59]   --->   Operation 46 'load' 'px_V_19' <Predicate = (!icmp_ln36)> <Delay = 0.79> <CoreInst = "RAM">   --->   Core 83 'RAM' <Latency = 1> <II = 1> <Delay = 0.79> <Storage> <Opcode : 'load' 'store'> <Ports = 2> <Width = 8> <Depth = 32> <RAM>
ST_1 : Operation 47 [1/1] (0.88ns)   --->   "%add_ln37 = add i6 %select_ln36, i6 1" [vgg_accelerator.cpp:37]   --->   Operation 47 'add' 'add_ln37' <Predicate = (!icmp_ln36)> <Delay = 0.88> <CoreInst = "Adder">   --->   Core 1 'Adder' <Latency = 0> <II = 1> <Delay = 0.88> <FuncUnit> <Opcode : 'add' 'sub'> <InPorts = 2> <OutPorts = 1>
ST_1 : Operation 48 [1/1] (0.48ns)   --->   "%store_ln37 = store i11 %add_ln36, i11 %indvar_flatten6" [vgg_accelerator.cpp:37]   --->   Operation 48 'store' 'store_ln37' <Predicate = (!icmp_ln36)> <Delay = 0.48>
ST_1 : Operation 49 [1/1] (0.48ns)   --->   "%store_ln37 = store i6 %add_ln37, i6 %c" [vgg_accelerator.cpp:37]   --->   Operation 49 'store' 'store_ln37' <Predicate = (!icmp_ln36)> <Delay = 0.48>

State 2 <SV = 1> <Delay = 3.66>
ST_2 : Operation 50 [1/1] (0.00ns)   --->   "%px_V = load i8 %r_V_19"   --->   Operation 50 'load' 'px_V' <Predicate = true> <Delay = 0.00>
ST_2 : Operation 51 [1/1] (0.00ns)   --->   "%r_V_load = load i8 %r_V"   --->   Operation 51 'load' 'r_V_load' <Predicate = (!icmp_ln36)> <Delay = 0.00>
ST_2 : Operation 52 [1/1] (2.87ns)   --->   "%val_in = read i8 @_ssdm_op_Read.ap_fifo.volatile.i8P0A, i8 %s_input" [vgg_accelerator.cpp:43]   --->   Operation 52 'read' 'val_in' <Predicate = (!icmp_ln36)> <Delay = 2.87> <CoreInst = "FIFO_SRL">   --->   Core 81 'FIFO_SRL' <Latency = 0> <II = 1> <Delay = 2.87> <Storage> <Opcode : 'read' 'write' 'nbread' 'nbwrite'> <Ports = 0> <Width = 8> <Depth = 128> <FIFO>
ST_2 : Operation 53 [1/2] (0.79ns)   --->   "%px_V_17 = load i5 %void_layer_block_stream_stream_signed_char_const_1_3_3_signed_char_cons_2" [vgg_accelerator.cpp:58]   --->   Operation 53 'load' 'px_V_17' <Predicate = (!icmp_ln36)> <Delay = 0.79> <CoreInst = "RAM">   --->   Core 83 'RAM' <Latency = 1> <II = 1> <Delay = 0.79> <Storage> <Opcode : 'load' 'store'> <Ports = 2> <Width = 8> <Depth = 32> <RAM>
ST_2 : Operation 54 [1/2] (0.79ns)   --->   "%px_V_19 = load i5 %void_layer_block_stream_stream_signed_char_const_1_3_3_signed_char_cons_3" [vgg_accelerator.cpp:59]   --->   Operation 54 'load' 'px_V_19' <Predicate = (!icmp_ln36)> <Delay = 0.79> <CoreInst = "RAM">   --->   Core 83 'RAM' <Latency = 1> <II = 1> <Delay = 0.79> <Storage> <Opcode : 'load' 'store'> <Ports = 2> <Width = 8> <Depth = 32> <RAM>
ST_2 : Operation 55 [1/1] (0.79ns)   --->   "%store_ln55 = store i8 %px_V_19, i5 %void_layer_block_stream_stream_signed_char_const_1_3_3_signed_char_cons_2" [vgg_accelerator.cpp:55]   --->   Operation 55 'store' 'store_ln55' <Predicate = (!icmp_ln36)> <Delay = 0.79> <CoreInst = "RAM">   --->   Core 83 'RAM' <Latency = 1> <II = 1> <Delay = 0.79> <Storage> <Opcode : 'load' 'store'> <Ports = 2> <Width = 8> <Depth = 32> <RAM>
ST_2 : Operation 56 [1/1] (0.79ns)   --->   "%store_ln56 = store i8 %val_in, i5 %void_layer_block_stream_stream_signed_char_const_1_3_3_signed_char_cons_3" [vgg_accelerator.cpp:56]   --->   Operation 56 'store' 'store_ln56' <Predicate = (!icmp_ln36)> <Delay = 0.79> <CoreInst = "RAM">   --->   Core 83 'RAM' <Latency = 1> <II = 1> <Delay = 0.79> <Storage> <Opcode : 'load' 'store'> <Ports = 2> <Width = 8> <Depth = 32> <RAM>
ST_2 : Operation 57 [1/1] (0.00ns)   --->   "%px_V_cast159_i = sext i8 %r_V_load"   --->   Operation 57 'sext' 'px_V_cast159_i' <Predicate = (!icmp_ln36)> <Delay = 0.00>
ST_2 : Operation 58 [1/1] (0.00ns)   --->   "%px_V_cast133_i = sext i8 %r_V_load"   --->   Operation 58 'sext' 'px_V_cast133_i' <Predicate = (!icmp_ln36)> <Delay = 0.00>
ST_2 : Operation 59 [1/1] (0.00ns)   --->   "%px_V_17_cast135_i = sext i8 %px_V"   --->   Operation 59 'sext' 'px_V_17_cast135_i' <Predicate = (!icmp_ln36)> <Delay = 0.00>
ST_2 : Operation 60 [1/1] (0.00ns)   --->   "%px_V_17_cast134_i = sext i8 %px_V"   --->   Operation 60 'sext' 'px_V_17_cast134_i' <Predicate = (!icmp_ln36)> <Delay = 0.00>
ST_2 : Operation 61 [1/1] (0.00ns)   --->   "%px_V_18_cast153_i = sext i8 %px_V_17" [vgg_accelerator.cpp:58]   --->   Operation 61 'sext' 'px_V_18_cast153_i' <Predicate = (!icmp_ln36)> <Delay = 0.00>
ST_2 : Operation 62 [1/1] (0.00ns)   --->   "%shl_ln = bitconcatenate i9 @_ssdm_op_BitConcatenate.i9.i8.i1, i8 %r_V_load, i1 0"   --->   Operation 62 'bitconcatenate' 'shl_ln' <Predicate = (!icmp_ln36)> <Delay = 0.00>
ST_2 : Operation 63 [1/1] (0.00ns)   --->   "%sext_ln837 = sext i9 %shl_ln"   --->   Operation 63 'sext' 'sext_ln837' <Predicate = (!icmp_ln36)> <Delay = 0.00>
ST_2 : Operation 64 [1/1] (0.00ns)   --->   "%sext_ln837_1 = sext i9 %shl_ln"   --->   Operation 64 'sext' 'sext_ln837_1' <Predicate = (!icmp_ln36)> <Delay = 0.00>
ST_2 : Operation 65 [1/1] (0.00ns)   --->   "%shl_ln1 = bitconcatenate i17 @_ssdm_op_BitConcatenate.i17.i8.i9, i8 %r_V_load, i9 0"   --->   Operation 65 'bitconcatenate' 'shl_ln1' <Predicate = (!icmp_ln36)> <Delay = 0.00>
ST_2 : Operation 66 [1/1] (0.00ns)   --->   "%sext_ln1347 = sext i17 %shl_ln1"   --->   Operation 66 'sext' 'sext_ln1347' <Predicate = (!icmp_ln36)> <Delay = 0.00>
ST_2 : Operation 67 [1/1] (1.02ns)   --->   "%add_ln1347 = add i18 %sext_ln1347, i18 20480"   --->   Operation 67 'add' 'add_ln1347' <Predicate = (!icmp_ln36)> <Delay = 1.02> <CoreInst = "Adder">   --->   Core 1 'Adder' <Latency = 0> <II = 1> <Delay = 1.02> <FuncUnit> <Opcode : 'add' 'sub'> <InPorts = 2> <OutPorts = 1>
ST_2 : Operation 68 [1/1] (0.00ns)   --->   "%shl_ln1273_1 = bitconcatenate i10 @_ssdm_op_BitConcatenate.i10.i8.i2, i8 %px_V, i2 0"   --->   Operation 68 'bitconcatenate' 'shl_ln1273_1' <Predicate = (!icmp_ln36)> <Delay = 0.00>
ST_2 : Operation 69 [1/1] (0.00ns)   --->   "%sext_ln813 = sext i10 %shl_ln1273_1"   --->   Operation 69 'sext' 'sext_ln813' <Predicate = (!icmp_ln36)> <Delay = 0.00>
ST_2 : Operation 70 [1/1] (0.00ns)   --->   "%shl_ln1273_8 = bitconcatenate i10 @_ssdm_op_BitConcatenate.i10.i8.i2, i8 %r_V_load, i2 0"   --->   Operation 70 'bitconcatenate' 'shl_ln1273_8' <Predicate = (!icmp_ln36)> <Delay = 0.00>
ST_2 : Operation 71 [1/1] (0.00ns)   --->   "%sext_ln1273_8 = sext i10 %shl_ln1273_8"   --->   Operation 71 'sext' 'sext_ln1273_8' <Predicate = (!icmp_ln36)> <Delay = 0.00>
ST_2 : Operation 72 [1/1] (0.93ns)   --->   "%sub_ln1273_5 = sub i11 0, i11 %sext_ln1273_8"   --->   Operation 72 'sub' 'sub_ln1273_5' <Predicate = (!icmp_ln36)> <Delay = 0.93> <CoreInst = "Adder">   --->   Core 1 'Adder' <Latency = 0> <II = 1> <Delay = 0.93> <FuncUnit> <Opcode : 'add' 'sub'> <InPorts = 2> <OutPorts = 1>
ST_2 : Operation 73 [1/1] (0.94ns)   --->   "%sub_ln1273_6 = sub i11 %sub_ln1273_5, i11 %px_V_cast133_i"   --->   Operation 73 'sub' 'sub_ln1273_6' <Predicate = (!icmp_ln36)> <Delay = 0.94> <CoreInst = "Adder">   --->   Core 1 'Adder' <Latency = 0> <II = 1> <Delay = 0.94> <FuncUnit> <Opcode : 'add' 'sub'> <InPorts = 2> <OutPorts = 1>
ST_2 : Operation 74 [1/1] (0.00ns)   --->   "%shl_ln1273_s = bitconcatenate i9 @_ssdm_op_BitConcatenate.i9.i8.i1, i8 %px_V, i1 0"   --->   Operation 74 'bitconcatenate' 'shl_ln1273_s' <Predicate = (!icmp_ln36)> <Delay = 0.00>
ST_2 : Operation 75 [1/1] (0.00ns)   --->   "%sext_ln1273_11 = sext i9 %shl_ln1273_s"   --->   Operation 75 'sext' 'sext_ln1273_11' <Predicate = (!icmp_ln36)> <Delay = 0.00>
ST_2 : Operation 76 [1/1] (0.00ns)   --->   "%shl_ln1273_10 = bitconcatenate i10 @_ssdm_op_BitConcatenate.i10.i8.i2, i8 %px_V_17, i2 0"   --->   Operation 76 'bitconcatenate' 'shl_ln1273_10' <Predicate = (!icmp_ln36)> <Delay = 0.00>
ST_2 : Operation 77 [1/1] (0.00ns)   --->   "%sext_ln1273_13 = sext i10 %shl_ln1273_10"   --->   Operation 77 'sext' 'sext_ln1273_13' <Predicate = (!icmp_ln36)> <Delay = 0.00>
ST_2 : Operation 78 [1/1] (0.93ns)   --->   "%sub_ln1273_8 = sub i11 0, i11 %sext_ln1273_13"   --->   Operation 78 'sub' 'sub_ln1273_8' <Predicate = (!icmp_ln36)> <Delay = 0.93> <CoreInst = "Adder">   --->   Core 1 'Adder' <Latency = 0> <II = 1> <Delay = 0.93> <FuncUnit> <Opcode : 'add' 'sub'> <InPorts = 2> <OutPorts = 1>
ST_2 : Operation 79 [1/1] (0.93ns)   --->   "%add_ln1273_1 = add i11 %sext_ln1273_8, i11 %px_V_cast133_i"   --->   Operation 79 'add' 'add_ln1273_1' <Predicate = (!icmp_ln36)> <Delay = 0.93> <CoreInst = "Adder">   --->   Core 1 'Adder' <Latency = 0> <II = 1> <Delay = 0.93> <FuncUnit> <Opcode : 'add' 'sub'> <InPorts = 2> <OutPorts = 1>
ST_2 : Operation 80 [1/1] (0.00ns)   --->   "%shl_ln1347_21 = bitconcatenate i19 @_ssdm_op_BitConcatenate.i19.i11.i8, i11 %add_ln1273_1, i8 0"   --->   Operation 80 'bitconcatenate' 'shl_ln1347_21' <Predicate = (!icmp_ln36)> <Delay = 0.00>
ST_2 : Operation 81 [1/1] (1.05ns)   --->   "%add_ln1347_25 = add i19 %shl_ln1347_21, i19 520192"   --->   Operation 81 'add' 'add_ln1347_25' <Predicate = (!icmp_ln36)> <Delay = 1.05> <CoreInst = "Adder">   --->   Core 1 'Adder' <Latency = 0> <II = 1> <Delay = 1.05> <FuncUnit> <Opcode : 'add' 'sub'> <InPorts = 2> <OutPorts = 1>
ST_2 : Operation 82 [1/1] (0.00ns)   --->   "%sext_ln1273_17 = sext i19 %add_ln1347_25"   --->   Operation 82 'sext' 'sext_ln1273_17' <Predicate = (!icmp_ln36)> <Delay = 0.00>
ST_2 : Operation 83 [1/1] (0.93ns)   --->   "%sub_ln1273_16 = sub i11 %sext_ln813, i11 %px_V_17_cast134_i"   --->   Operation 83 'sub' 'sub_ln1273_16' <Predicate = (!icmp_ln36)> <Delay = 0.93> <CoreInst = "Adder">   --->   Core 1 'Adder' <Latency = 0> <II = 1> <Delay = 0.93> <FuncUnit> <Opcode : 'add' 'sub'> <InPorts = 2> <OutPorts = 1>
ST_2 : Operation 84 [1/1] (0.00ns)   --->   "%shl_ln1347_22 = bitconcatenate i19 @_ssdm_op_BitConcatenate.i19.i11.i8, i11 %sub_ln1273_16, i8 0"   --->   Operation 84 'bitconcatenate' 'shl_ln1347_22' <Predicate = (!icmp_ln36)> <Delay = 0.00>
ST_2 : Operation 85 [1/1] (0.00ns)   --->   "%sext_ln1347_90 = sext i19 %shl_ln1347_22"   --->   Operation 85 'sext' 'sext_ln1347_90' <Predicate = (!icmp_ln36)> <Delay = 0.00>
ST_2 : Operation 86 [1/1] (1.05ns)   --->   "%add_ln1347_26 = add i20 %sext_ln1273_17, i20 %sext_ln1347_90"   --->   Operation 86 'add' 'add_ln1347_26' <Predicate = (!icmp_ln36)> <Delay = 1.05> <CoreInst = "Adder">   --->   Core 1 'Adder' <Latency = 0> <II = 1> <Delay = 1.05> <FuncUnit> <Opcode : 'add' 'sub'> <InPorts = 2> <OutPorts = 1>
ST_2 : Operation 87 [1/1] (0.93ns)   --->   "%sub_ln1273_19 = sub i11 %px_V_17_cast134_i, i11 %sext_ln813"   --->   Operation 87 'sub' 'sub_ln1273_19' <Predicate = (!icmp_ln36)> <Delay = 0.93> <CoreInst = "Adder">   --->   Core 1 'Adder' <Latency = 0> <II = 1> <Delay = 0.93> <FuncUnit> <Opcode : 'add' 'sub'> <InPorts = 2> <OutPorts = 1>
ST_2 : Operation 88 [1/1] (0.00ns)   --->   "%shl_ln1273_19 = bitconcatenate i11 @_ssdm_op_BitConcatenate.i11.i8.i3, i8 %r_V_load, i3 0"   --->   Operation 88 'bitconcatenate' 'shl_ln1273_19' <Predicate = (!icmp_ln36)> <Delay = 0.00>
ST_2 : Operation 89 [1/1] (0.00ns)   --->   "%sext_ln1273_21 = sext i11 %shl_ln1273_19"   --->   Operation 89 'sext' 'sext_ln1273_21' <Predicate = (!icmp_ln36)> <Delay = 0.00>
ST_2 : Operation 90 [1/1] (0.94ns)   --->   "%sub_ln1273_21 = sub i12 %px_V_cast159_i, i12 %sext_ln1273_21"   --->   Operation 90 'sub' 'sub_ln1273_21' <Predicate = (!icmp_ln36)> <Delay = 0.94> <CoreInst = "Adder">   --->   Core 1 'Adder' <Latency = 0> <II = 1> <Delay = 0.94> <FuncUnit> <Opcode : 'add' 'sub'> <InPorts = 2> <OutPorts = 1>
ST_2 : Operation 91 [1/1] (0.00ns)   --->   "%shl_ln1347_35 = bitconcatenate i20 @_ssdm_op_BitConcatenate.i20.i12.i8, i12 %sub_ln1273_21, i8 0"   --->   Operation 91 'bitconcatenate' 'shl_ln1347_35' <Predicate = (!icmp_ln36)> <Delay = 0.00>
ST_2 : Operation 92 [1/1] (1.06ns)   --->   "%add_ln1347_42 = add i20 %shl_ln1347_35, i20 8192"   --->   Operation 92 'add' 'add_ln1347_42' <Predicate = (!icmp_ln36)> <Delay = 1.06> <CoreInst = "Adder">   --->   Core 1 'Adder' <Latency = 0> <II = 1> <Delay = 1.06> <FuncUnit> <Opcode : 'add' 'sub'> <InPorts = 2> <OutPorts = 1>
ST_2 : Operation 93 [1/1] (0.00ns)   --->   "%sext_ln1273_22 = sext i20 %add_ln1347_42"   --->   Operation 93 'sext' 'sext_ln1273_22' <Predicate = (!icmp_ln36)> <Delay = 0.00>
ST_2 : Operation 94 [1/1] (0.90ns)   --->   "%sub_ln1273_22 = sub i9 0, i9 %px_V_17_cast135_i"   --->   Operation 94 'sub' 'sub_ln1273_22' <Predicate = (!icmp_ln36)> <Delay = 0.90> <CoreInst = "Adder">   --->   Core 1 'Adder' <Latency = 0> <II = 1> <Delay = 0.90> <FuncUnit> <Opcode : 'add' 'sub'> <InPorts = 2> <OutPorts = 1>
ST_2 : Operation 95 [1/1] (0.00ns)   --->   "%shl_ln1347_36 = bitconcatenate i17 @_ssdm_op_BitConcatenate.i17.i9.i8, i9 %sub_ln1273_22, i8 0"   --->   Operation 95 'bitconcatenate' 'shl_ln1347_36' <Predicate = (!icmp_ln36)> <Delay = 0.00>
ST_2 : Operation 96 [1/1] (0.00ns)   --->   "%sext_ln1347_112 = sext i17 %shl_ln1347_36"   --->   Operation 96 'sext' 'sext_ln1347_112' <Predicate = (!icmp_ln36)> <Delay = 0.00>
ST_2 : Operation 97 [1/1] (1.06ns)   --->   "%add_ln1347_43 = add i21 %sext_ln1273_22, i21 %sext_ln1347_112"   --->   Operation 97 'add' 'add_ln1347_43' <Predicate = (!icmp_ln36)> <Delay = 1.06> <CoreInst = "Adder">   --->   Core 1 'Adder' <Latency = 0> <II = 1> <Delay = 1.06> <FuncUnit> <Opcode : 'add' 'sub'> <InPorts = 2> <OutPorts = 1>
ST_2 : Operation 98 [1/1] (0.93ns)   --->   "%sub_ln1273_28 = sub i11 %sext_ln1273_8, i11 %px_V_cast133_i"   --->   Operation 98 'sub' 'sub_ln1273_28' <Predicate = (!icmp_ln36)> <Delay = 0.93> <CoreInst = "Adder">   --->   Core 1 'Adder' <Latency = 0> <II = 1> <Delay = 0.93> <FuncUnit> <Opcode : 'add' 'sub'> <InPorts = 2> <OutPorts = 1>
ST_2 : Operation 99 [1/1] (0.00ns)   --->   "%shl_ln1347_42 = bitconcatenate i19 @_ssdm_op_BitConcatenate.i19.i11.i8, i11 %sub_ln1273_28, i8 0"   --->   Operation 99 'bitconcatenate' 'shl_ln1347_42' <Predicate = (!icmp_ln36)> <Delay = 0.00>
ST_2 : Operation 100 [1/1] (1.05ns)   --->   "%add_ln1347_51 = add i19 %shl_ln1347_42, i19 516096"   --->   Operation 100 'add' 'add_ln1347_51' <Predicate = (!icmp_ln36)> <Delay = 1.05> <CoreInst = "Adder">   --->   Core 1 'Adder' <Latency = 0> <II = 1> <Delay = 1.05> <FuncUnit> <Opcode : 'add' 'sub'> <InPorts = 2> <OutPorts = 1>
ST_2 : Operation 101 [1/1] (0.00ns)   --->   "%shl_ln1347_48 = bitconcatenate i19 @_ssdm_op_BitConcatenate.i19.i8.i11, i8 %r_V_load, i11 0"   --->   Operation 101 'bitconcatenate' 'shl_ln1347_48' <Predicate = (!icmp_ln36)> <Delay = 0.00>
ST_2 : Operation 102 [1/1] (0.00ns)   --->   "%sext_ln1347_121 = sext i19 %shl_ln1347_48"   --->   Operation 102 'sext' 'sext_ln1347_121' <Predicate = (!icmp_ln36)> <Delay = 0.00>
ST_2 : Operation 103 [1/1] (1.05ns)   --->   "%add_ln1347_60 = add i20 %sext_ln1347_121, i20 24576"   --->   Operation 103 'add' 'add_ln1347_60' <Predicate = (!icmp_ln36)> <Delay = 1.05> <CoreInst = "Adder">   --->   Core 1 'Adder' <Latency = 0> <II = 1> <Delay = 1.05> <FuncUnit> <Opcode : 'add' 'sub'> <InPorts = 2> <OutPorts = 1>
ST_2 : Operation 104 [1/1] (0.00ns)   --->   "%sext_ln1273_25 = sext i20 %add_ln1347_60"   --->   Operation 104 'sext' 'sext_ln1273_25' <Predicate = (!icmp_ln36)> <Delay = 0.00>
ST_2 : Operation 105 [1/1] (0.93ns)   --->   "%add_ln1273_4 = add i11 %sext_ln813, i11 %px_V_17_cast134_i"   --->   Operation 105 'add' 'add_ln1273_4' <Predicate = (!icmp_ln36)> <Delay = 0.93> <CoreInst = "Adder">   --->   Core 1 'Adder' <Latency = 0> <II = 1> <Delay = 0.93> <FuncUnit> <Opcode : 'add' 'sub'> <InPorts = 2> <OutPorts = 1>
ST_2 : Operation 106 [1/1] (0.00ns)   --->   "%shl_ln1347_49 = bitconcatenate i19 @_ssdm_op_BitConcatenate.i19.i11.i8, i11 %add_ln1273_4, i8 0"   --->   Operation 106 'bitconcatenate' 'shl_ln1347_49' <Predicate = (!icmp_ln36)> <Delay = 0.00>
ST_2 : Operation 107 [1/1] (0.00ns)   --->   "%sext_ln1347_124 = sext i19 %shl_ln1347_49"   --->   Operation 107 'sext' 'sext_ln1347_124' <Predicate = (!icmp_ln36)> <Delay = 0.00>
ST_2 : Operation 108 [1/1] (1.06ns)   --->   "%add_ln1347_61 = add i21 %sext_ln1273_25, i21 %sext_ln1347_124"   --->   Operation 108 'add' 'add_ln1347_61' <Predicate = (!icmp_ln36)> <Delay = 1.06> <CoreInst = "Adder">   --->   Core 1 'Adder' <Latency = 0> <II = 1> <Delay = 1.06> <FuncUnit> <Opcode : 'add' 'sub'> <InPorts = 2> <OutPorts = 1>
ST_2 : Operation 109 [1/1] (0.94ns)   --->   "%sub_ln1273_41 = sub i12 %sext_ln1273_21, i12 %sext_ln837_1"   --->   Operation 109 'sub' 'sub_ln1273_41' <Predicate = (!icmp_ln36)> <Delay = 0.94> <CoreInst = "Adder">   --->   Core 1 'Adder' <Latency = 0> <II = 1> <Delay = 0.94> <FuncUnit> <Opcode : 'add' 'sub'> <InPorts = 2> <OutPorts = 1>
ST_2 : Operation 110 [1/1] (1.05ns)   --->   "%add_ln1347_94 = add i19 %shl_ln1347_21, i19 507904"   --->   Operation 110 'add' 'add_ln1347_94' <Predicate = (!icmp_ln36)> <Delay = 1.05> <CoreInst = "Adder">   --->   Core 1 'Adder' <Latency = 0> <II = 1> <Delay = 1.05> <FuncUnit> <Opcode : 'add' 'sub'> <InPorts = 2> <OutPorts = 1>
ST_2 : Operation 111 [1/1] (1.05ns)   --->   "%add_ln1347_102 = add i19 %shl_ln1347_42, i19 507904"   --->   Operation 111 'add' 'add_ln1347_102' <Predicate = (!icmp_ln36)> <Delay = 1.05> <CoreInst = "Adder">   --->   Core 1 'Adder' <Latency = 0> <II = 1> <Delay = 1.05> <FuncUnit> <Opcode : 'add' 'sub'> <InPorts = 2> <OutPorts = 1>
ST_2 : Operation 112 [1/1] (0.92ns)   --->   "%sub_ln1273_54 = sub i10 0, i10 %sext_ln837"   --->   Operation 112 'sub' 'sub_ln1273_54' <Predicate = (!icmp_ln36)> <Delay = 0.92> <CoreInst = "Adder">   --->   Core 1 'Adder' <Latency = 0> <II = 1> <Delay = 0.92> <FuncUnit> <Opcode : 'add' 'sub'> <InPorts = 2> <OutPorts = 1>
ST_2 : Operation 113 [1/1] (0.00ns)   --->   "%shl_ln1347_82 = bitconcatenate i18 @_ssdm_op_BitConcatenate.i18.i10.i8, i10 %sub_ln1273_54, i8 0"   --->   Operation 113 'bitconcatenate' 'shl_ln1347_82' <Predicate = (!icmp_ln36)> <Delay = 0.00>
ST_2 : Operation 114 [1/1] (1.03ns)   --->   "%add_ln1347_119 = add i18 %shl_ln1347_82, i18 249856"   --->   Operation 114 'add' 'add_ln1347_119' <Predicate = (!icmp_ln36)> <Delay = 1.03> <CoreInst = "Adder">   --->   Core 1 'Adder' <Latency = 0> <II = 1> <Delay = 1.03> <FuncUnit> <Opcode : 'add' 'sub'> <InPorts = 2> <OutPorts = 1>
ST_2 : Operation 115 [1/1] (0.00ns)   --->   "%sext_ln1273_30 = sext i18 %add_ln1347_119"   --->   Operation 115 'sext' 'sext_ln1273_30' <Predicate = (!icmp_ln36)> <Delay = 0.00>
ST_2 : Operation 116 [1/1] (0.92ns)   --->   "%sub_ln1273_55 = sub i10 0, i10 %sext_ln1273_11"   --->   Operation 116 'sub' 'sub_ln1273_55' <Predicate = (!icmp_ln36)> <Delay = 0.92> <CoreInst = "Adder">   --->   Core 1 'Adder' <Latency = 0> <II = 1> <Delay = 0.92> <FuncUnit> <Opcode : 'add' 'sub'> <InPorts = 2> <OutPorts = 1>
ST_2 : Operation 117 [1/1] (0.00ns)   --->   "%shl_ln1347_83 = bitconcatenate i18 @_ssdm_op_BitConcatenate.i18.i10.i8, i10 %sub_ln1273_55, i8 0"   --->   Operation 117 'bitconcatenate' 'shl_ln1347_83' <Predicate = (!icmp_ln36)> <Delay = 0.00>
ST_2 : Operation 118 [1/1] (0.00ns)   --->   "%sext_ln1347_180 = sext i18 %shl_ln1347_83"   --->   Operation 118 'sext' 'sext_ln1347_180' <Predicate = (!icmp_ln36)> <Delay = 0.00>
ST_2 : Operation 119 [1/1] (1.03ns)   --->   "%add_ln1347_120 = add i19 %sext_ln1273_30, i19 %sext_ln1347_180"   --->   Operation 119 'add' 'add_ln1347_120' <Predicate = (!icmp_ln36)> <Delay = 1.03> <CoreInst = "Adder">   --->   Core 1 'Adder' <Latency = 0> <II = 1> <Delay = 1.03> <FuncUnit> <Opcode : 'add' 'sub'> <InPorts = 2> <OutPorts = 1>
ST_2 : Operation 120 [1/1] (1.02ns)   --->   "%add_ln1347_128 = add i18 %sext_ln1347, i18 249856"   --->   Operation 120 'add' 'add_ln1347_128' <Predicate = (!icmp_ln36)> <Delay = 1.02> <CoreInst = "Adder">   --->   Core 1 'Adder' <Latency = 0> <II = 1> <Delay = 1.02> <FuncUnit> <Opcode : 'add' 'sub'> <InPorts = 2> <OutPorts = 1>
ST_2 : Operation 121 [1/1] (0.00ns)   --->   "%sext_ln1273_31 = sext i18 %add_ln1347_128"   --->   Operation 121 'sext' 'sext_ln1273_31' <Predicate = (!icmp_ln36)> <Delay = 0.00>
ST_2 : Operation 122 [1/1] (0.93ns)   --->   "%sub_ln1273_56 = sub i11 0, i11 %sext_ln813"   --->   Operation 122 'sub' 'sub_ln1273_56' <Predicate = (!icmp_ln36)> <Delay = 0.93> <CoreInst = "Adder">   --->   Core 1 'Adder' <Latency = 0> <II = 1> <Delay = 0.93> <FuncUnit> <Opcode : 'add' 'sub'> <InPorts = 2> <OutPorts = 1>
ST_2 : Operation 123 [1/1] (0.00ns)   --->   "%shl_ln1347_84 = bitconcatenate i19 @_ssdm_op_BitConcatenate.i19.i11.i8, i11 %sub_ln1273_56, i8 0"   --->   Operation 123 'bitconcatenate' 'shl_ln1347_84' <Predicate = (!icmp_ln36)> <Delay = 0.00>
ST_2 : Operation 124 [1/1] (0.00ns)   --->   "%sext_ln1347_181 = sext i19 %shl_ln1347_84"   --->   Operation 124 'sext' 'sext_ln1347_181' <Predicate = (!icmp_ln36)> <Delay = 0.00>
ST_2 : Operation 125 [1/1] (0.00ns) (grouped into TernaryAdder)   --->   "%add_ln1347_129 = add i20 %sext_ln1347_181, i20 %sext_ln1273_31"   --->   Operation 125 'add' 'add_ln1347_129' <Predicate = (!icmp_ln36)> <Delay = 0.00> <CoreInst = "TAddSub">   --->   Core 10 'TAddSub' <Latency = 0> <II = 1> <Delay = 0.42> <IPBlock> <Opcode : 'add' 'sub'> <InPorts = 3> <OutPorts = 1> <Sync> <CReg>
ST_2 : Operation 126 [1/1] (0.90ns)   --->   "%sub_ln1273_57 = sub i9 0, i9 %px_V_18_cast153_i"   --->   Operation 126 'sub' 'sub_ln1273_57' <Predicate = (!icmp_ln36)> <Delay = 0.90> <CoreInst = "Adder">   --->   Core 1 'Adder' <Latency = 0> <II = 1> <Delay = 0.90> <FuncUnit> <Opcode : 'add' 'sub'> <InPorts = 2> <OutPorts = 1>
ST_2 : Operation 127 [1/1] (0.00ns)   --->   "%shl_ln1347_85 = bitconcatenate i17 @_ssdm_op_BitConcatenate.i17.i9.i8, i9 %sub_ln1273_57, i8 0"   --->   Operation 127 'bitconcatenate' 'shl_ln1347_85' <Predicate = (!icmp_ln36)> <Delay = 0.00>
ST_2 : Operation 128 [1/1] (0.00ns)   --->   "%sext_ln1347_182 = sext i17 %shl_ln1347_85"   --->   Operation 128 'sext' 'sext_ln1347_182' <Predicate = (!icmp_ln36)> <Delay = 0.00>
ST_2 : Operation 129 [1/1] (0.84ns) (root node of TernaryAdder)   --->   "%add_ln1347_130 = add i20 %add_ln1347_129, i20 %sext_ln1347_182"   --->   Operation 129 'add' 'add_ln1347_130' <Predicate = (!icmp_ln36)> <Delay = 0.84> <CoreInst = "TAddSub">   --->   Core 10 'TAddSub' <Latency = 0> <II = 1> <Delay = 0.42> <IPBlock> <Opcode : 'add' 'sub'> <InPorts = 3> <OutPorts = 1> <Sync> <CReg>
ST_2 : Operation 130 [1/1] (0.00ns)   --->   "%store_ln37 = store i8 %px_V_17, i8 %r_V_19" [vgg_accelerator.cpp:37]   --->   Operation 130 'store' 'store_ln37' <Predicate = (!icmp_ln36)> <Delay = 0.00>
ST_2 : Operation 131 [1/1] (0.00ns)   --->   "%store_ln37 = store i8 %px_V, i8 %r_V" [vgg_accelerator.cpp:37]   --->   Operation 131 'store' 'store_ln37' <Predicate = (!icmp_ln36)> <Delay = 0.00>

State 3 <SV = 2> <Delay = 7.16>
ST_3 : Operation 132 [1/1] (0.00ns)   --->   "%px_V_18 = load i8 %r_V_20"   --->   Operation 132 'load' 'px_V_18' <Predicate = true> <Delay = 0.00>
ST_3 : Operation 133 [1/1] (0.00ns)   --->   "%px_V_20 = load i8 %r_V_21"   --->   Operation 133 'load' 'px_V_20' <Predicate = true> <Delay = 0.00>
ST_3 : Operation 134 [1/1] (0.00ns)   --->   "%specpipeline_ln0 = specpipeline void @_ssdm_op_SpecPipeline, i32 4294967295, i32 0, i32 1, i32 0, void @p_str"   --->   Operation 134 'specpipeline' 'specpipeline_ln0' <Predicate = true> <Delay = 0.00>
ST_3 : Operation 135 [1/1] (0.00ns)   --->   "%r_V_17_load = load i8 %r_V_17"   --->   Operation 135 'load' 'r_V_17_load' <Predicate = (!icmp_ln36)> <Delay = 0.00>
ST_3 : Operation 136 [1/1] (0.00ns)   --->   "%r_V_18_load = load i8 %r_V_18"   --->   Operation 136 'load' 'r_V_18_load' <Predicate = (!icmp_ln36)> <Delay = 0.00>
ST_3 : Operation 137 [1/1] (0.00ns)   --->   "%px_V_18_cast137_i = sext i8 %px_V_17" [vgg_accelerator.cpp:58]   --->   Operation 137 'sext' 'px_V_18_cast137_i' <Predicate = (!icmp_ln36)> <Delay = 0.00>
ST_3 : Operation 138 [1/1] (0.00ns)   --->   "%px_V_19_cast147_i = sext i8 %r_V_17_load"   --->   Operation 138 'sext' 'px_V_19_cast147_i' <Predicate = (!icmp_ln36)> <Delay = 0.00>
ST_3 : Operation 139 [1/1] (0.00ns)   --->   "%px_V_19_cast142_i = sext i8 %r_V_17_load"   --->   Operation 139 'sext' 'px_V_19_cast142_i' <Predicate = (!icmp_ln36)> <Delay = 0.00>
ST_3 : Operation 140 [1/1] (0.00ns)   --->   "%px_V_20_cast148_i = sext i8 %px_V_18"   --->   Operation 140 'sext' 'px_V_20_cast148_i' <Predicate = (!icmp_ln36)> <Delay = 0.00>
ST_3 : Operation 141 [1/1] (0.00ns)   --->   "%px_V_21_cast174_i = sext i8 %px_V_19" [vgg_accelerator.cpp:59]   --->   Operation 141 'sext' 'px_V_21_cast174_i' <Predicate = (!icmp_ln36)> <Delay = 0.00>
ST_3 : Operation 142 [1/1] (0.00ns)   --->   "%px_V_21_cast128_i = sext i8 %px_V_19" [vgg_accelerator.cpp:59]   --->   Operation 142 'sext' 'px_V_21_cast128_i' <Predicate = (!icmp_ln36)> <Delay = 0.00>
ST_3 : Operation 143 [1/1] (0.00ns)   --->   "%px_V_22_cast_i = sext i8 %r_V_18_load"   --->   Operation 143 'sext' 'px_V_22_cast_i' <Predicate = (!icmp_ln36)> <Delay = 0.00>
ST_3 : Operation 144 [1/1] (0.00ns)   --->   "%sext_ln77_2 = sext i18 %add_ln1347" [vgg_accelerator.cpp:77]   --->   Operation 144 'sext' 'sext_ln77_2' <Predicate = (!icmp_ln36)> <Delay = 0.00>
ST_3 : Operation 145 [1/1] (0.00ns)   --->   "%shl_ln1347_1 = bitconcatenate i18 @_ssdm_op_BitConcatenate.i18.i8.i10, i8 %px_V, i10 0"   --->   Operation 145 'bitconcatenate' 'shl_ln1347_1' <Predicate = (!icmp_ln36)> <Delay = 0.00>
ST_3 : Operation 146 [1/1] (0.00ns)   --->   "%sext_ln1347_63 = sext i18 %shl_ln1347_1"   --->   Operation 146 'sext' 'sext_ln1347_63' <Predicate = (!icmp_ln36)> <Delay = 0.00>
ST_3 : Operation 147 [1/1] (0.00ns)   --->   "%sext_ln1347_64 = sext i18 %shl_ln1347_1"   --->   Operation 147 'sext' 'sext_ln1347_64' <Predicate = (!icmp_ln36)> <Delay = 0.00>
ST_3 : Operation 148 [1/1] (0.00ns) (grouped into TernaryAdder)   --->   "%add_ln1347_1 = add i19 %sext_ln77_2, i19 %sext_ln1347_64"   --->   Operation 148 'add' 'add_ln1347_1' <Predicate = (!icmp_ln36)> <Delay = 0.00> <CoreInst = "TAddSub">   --->   Core 10 'TAddSub' <Latency = 0> <II = 1> <Delay = 0.42> <IPBlock> <Opcode : 'add' 'sub'> <InPorts = 3> <OutPorts = 1> <Sync> <CReg>
ST_3 : Operation 149 [1/1] (0.00ns)   --->   "%shl_ln1347_2 = bitconcatenate i16 @_ssdm_op_BitConcatenate.i16.i8.i8, i8 %px_V_17, i8 0"   --->   Operation 149 'bitconcatenate' 'shl_ln1347_2' <Predicate = (!icmp_ln36)> <Delay = 0.00>
ST_3 : Operation 150 [1/1] (0.00ns)   --->   "%sext_ln1347_73 = sext i16 %shl_ln1347_2"   --->   Operation 150 'sext' 'sext_ln1347_73' <Predicate = (!icmp_ln36)> <Delay = 0.00>
ST_3 : Operation 151 [1/1] (0.00ns)   --->   "%sext_ln1347_74 = sext i16 %shl_ln1347_2"   --->   Operation 151 'sext' 'sext_ln1347_74' <Predicate = (!icmp_ln36)> <Delay = 0.00>
ST_3 : Operation 152 [1/1] (0.00ns)   --->   "%sext_ln1347_75 = sext i16 %shl_ln1347_2"   --->   Operation 152 'sext' 'sext_ln1347_75' <Predicate = (!icmp_ln36)> <Delay = 0.00>
ST_3 : Operation 153 [1/1] (0.84ns) (root node of TernaryAdder)   --->   "%add_ln1347_2 = add i19 %add_ln1347_1, i19 %sext_ln1347_75"   --->   Operation 153 'add' 'add_ln1347_2' <Predicate = (!icmp_ln36)> <Delay = 0.84> <CoreInst = "TAddSub">   --->   Core 10 'TAddSub' <Latency = 0> <II = 1> <Delay = 0.42> <IPBlock> <Opcode : 'add' 'sub'> <InPorts = 3> <OutPorts = 1> <Sync> <CReg>
ST_3 : Operation 154 [1/1] (0.00ns)   --->   "%sext_ln856 = sext i19 %add_ln1347_2"   --->   Operation 154 'sext' 'sext_ln856' <Predicate = (!icmp_ln36)> <Delay = 0.00>
ST_3 : Operation 155 [1/1] (0.00ns)   --->   "%sext_ln813_17 = sext i19 %add_ln1347_2"   --->   Operation 155 'sext' 'sext_ln813_17' <Predicate = (!icmp_ln36)> <Delay = 0.00>
ST_3 : Operation 156 [1/1] (0.00ns)   --->   "%shl_ln1347_3 = bitconcatenate i16 @_ssdm_op_BitConcatenate.i16.i8.i8, i8 %r_V_17_load, i8 0"   --->   Operation 156 'bitconcatenate' 'shl_ln1347_3' <Predicate = (!icmp_ln36)> <Delay = 0.00>
ST_3 : Operation 157 [1/1] (0.00ns)   --->   "%sext_ln1347_39 = sext i16 %shl_ln1347_3"   --->   Operation 157 'sext' 'sext_ln1347_39' <Predicate = (!icmp_ln36)> <Delay = 0.00>
ST_3 : Operation 158 [1/1] (0.00ns)   --->   "%sext_ln1347_40 = sext i16 %shl_ln1347_3"   --->   Operation 158 'sext' 'sext_ln1347_40' <Predicate = (!icmp_ln36)> <Delay = 0.00>
ST_3 : Operation 159 [1/1] (1.05ns)   --->   "%add_ln1347_3 = add i33 %sext_ln813_17, i33 %sext_ln1347_39"   --->   Operation 159 'add' 'add_ln1347_3' <Predicate = (!icmp_ln36)> <Delay = 1.05> <CoreInst = "Adder">   --->   Core 1 'Adder' <Latency = 0> <II = 1> <Delay = 1.05> <FuncUnit> <Opcode : 'add' 'sub'> <InPorts = 2> <OutPorts = 1>
ST_3 : Operation 160 [1/1] (0.00ns)   --->   "%tmp_15 = bitselect i1 @_ssdm_op_BitSelect.i1.i33.i32, i33 %add_ln1347_3, i32 32"   --->   Operation 160 'bitselect' 'tmp_15' <Predicate = (!icmp_ln36)> <Delay = 0.00>
ST_3 : Operation 161 [1/1] (1.05ns)   --->   "%add_ln813 = add i32 %sext_ln856, i32 %sext_ln1347_40"   --->   Operation 161 'add' 'add_ln813' <Predicate = (!icmp_ln36)> <Delay = 1.05> <CoreInst = "Adder">   --->   Core 1 'Adder' <Latency = 0> <II = 1> <Delay = 1.05> <FuncUnit> <Opcode : 'add' 'sub'> <InPorts = 2> <OutPorts = 1>
ST_3 : Operation 162 [1/1] (0.00ns)   --->   "%tmp_16 = bitselect i1 @_ssdm_op_BitSelect.i1.i32.i32, i32 %add_ln813, i32 31"   --->   Operation 162 'bitselect' 'tmp_16' <Predicate = (!icmp_ln36)> <Delay = 0.00>
ST_3 : Operation 163 [1/1] (0.00ns) (grouped into LUT with out node select_ln302)   --->   "%xor_ln895 = xor i1 %tmp_15, i1 1"   --->   Operation 163 'xor' 'xor_ln895' <Predicate = (!icmp_ln36)> <Delay = 0.00> <CoreInst = "LogicGate">   --->   Core 74 'LogicGate' <Latency = 0> <II = 1> <Delay = 0.33> <FuncUnit> <Opcode : 'and' 'or' 'xor'> <InPorts = 2> <OutPorts = 1>
ST_3 : Operation 164 [1/1] (0.00ns) (grouped into LUT with out node select_ln302)   --->   "%and_ln895 = and i1 %tmp_16, i1 %xor_ln895"   --->   Operation 164 'and' 'and_ln895' <Predicate = (!icmp_ln36)> <Delay = 0.00> <CoreInst = "LogicGate">   --->   Core 74 'LogicGate' <Latency = 0> <II = 1> <Delay = 0.33> <FuncUnit> <Opcode : 'and' 'or' 'xor'> <InPorts = 2> <OutPorts = 1>
ST_3 : Operation 165 [1/1] (0.00ns) (grouped into LUT with out node select_ln302)   --->   "%xor_ln302 = xor i1 %tmp_15, i1 %tmp_16"   --->   Operation 165 'xor' 'xor_ln302' <Predicate = (!icmp_ln36)> <Delay = 0.00> <CoreInst = "LogicGate">   --->   Core 74 'LogicGate' <Latency = 0> <II = 1> <Delay = 0.33> <FuncUnit> <Opcode : 'and' 'or' 'xor'> <InPorts = 2> <OutPorts = 1>
ST_3 : Operation 166 [1/1] (0.00ns) (grouped into LUT with out node select_ln302)   --->   "%select_ln346 = select i1 %and_ln895, i32 2147483647, i32 2147483648"   --->   Operation 166 'select' 'select_ln346' <Predicate = (!icmp_ln36)> <Delay = 0.00> <CoreInst = "Sel">   --->   Core 73 'Sel' <Latency = 0> <II = 1> <Delay = 0.52> <FuncUnit> <Opcode : 'select'> <InPorts = 3> <OutPorts = 1>
ST_3 : Operation 167 [1/1] (0.52ns) (out node of the LUT)   --->   "%select_ln302 = select i1 %xor_ln302, i32 %select_ln346, i32 %add_ln813"   --->   Operation 167 'select' 'select_ln302' <Predicate = (!icmp_ln36)> <Delay = 0.52> <CoreInst = "Sel">   --->   Core 73 'Sel' <Latency = 0> <II = 1> <Delay = 0.52> <FuncUnit> <Opcode : 'select'> <InPorts = 3> <OutPorts = 1>
ST_3 : Operation 168 [1/1] (0.00ns)   --->   "%shl_ln1273_2 = bitconcatenate i10 @_ssdm_op_BitConcatenate.i10.i8.i2, i8 %px_V_19, i2 0"   --->   Operation 168 'bitconcatenate' 'shl_ln1273_2' <Predicate = (!icmp_ln36)> <Delay = 0.00>
ST_3 : Operation 169 [1/1] (0.00ns)   --->   "%sext_ln1273 = sext i10 %shl_ln1273_2"   --->   Operation 169 'sext' 'sext_ln1273' <Predicate = (!icmp_ln36)> <Delay = 0.00>
ST_3 : Operation 170 [1/1] (0.93ns)   --->   "%add_ln1273 = add i11 %sext_ln1273, i11 %px_V_21_cast128_i"   --->   Operation 170 'add' 'add_ln1273' <Predicate = (!icmp_ln36)> <Delay = 0.93> <CoreInst = "Adder">   --->   Core 1 'Adder' <Latency = 0> <II = 1> <Delay = 0.93> <FuncUnit> <Opcode : 'add' 'sub'> <InPorts = 2> <OutPorts = 1>
ST_3 : Operation 171 [1/1] (0.00ns)   --->   "%sext_ln813_18 = sext i32 %select_ln302"   --->   Operation 171 'sext' 'sext_ln813_18' <Predicate = (!icmp_ln36)> <Delay = 0.00>
ST_3 : Operation 172 [1/1] (0.00ns)   --->   "%shl_ln1347_4 = bitconcatenate i19 @_ssdm_op_BitConcatenate.i19.i11.i8, i11 %add_ln1273, i8 0"   --->   Operation 172 'bitconcatenate' 'shl_ln1347_4' <Predicate = (!icmp_ln36)> <Delay = 0.00>
ST_3 : Operation 173 [1/1] (0.00ns)   --->   "%sext_ln1347_41 = sext i19 %shl_ln1347_4"   --->   Operation 173 'sext' 'sext_ln1347_41' <Predicate = (!icmp_ln36)> <Delay = 0.00>
ST_3 : Operation 174 [1/1] (0.00ns)   --->   "%sext_ln1347_42 = sext i19 %shl_ln1347_4"   --->   Operation 174 'sext' 'sext_ln1347_42' <Predicate = (!icmp_ln36)> <Delay = 0.00>
ST_3 : Operation 175 [1/1] (1.20ns)   --->   "%add_ln1347_4 = add i33 %sext_ln813_18, i33 %sext_ln1347_41"   --->   Operation 175 'add' 'add_ln1347_4' <Predicate = (!icmp_ln36)> <Delay = 1.20> <CoreInst = "Adder">   --->   Core 1 'Adder' <Latency = 0> <II = 1> <Delay = 1.20> <FuncUnit> <Opcode : 'add' 'sub'> <InPorts = 2> <OutPorts = 1>
ST_3 : Operation 176 [1/1] (0.00ns)   --->   "%tmp_17 = bitselect i1 @_ssdm_op_BitSelect.i1.i33.i32, i33 %add_ln1347_4, i32 32"   --->   Operation 176 'bitselect' 'tmp_17' <Predicate = (!icmp_ln36)> <Delay = 0.00>
ST_3 : Operation 177 [1/1] (1.20ns)   --->   "%add_ln813_1 = add i32 %select_ln302, i32 %sext_ln1347_42"   --->   Operation 177 'add' 'add_ln813_1' <Predicate = (!icmp_ln36)> <Delay = 1.20> <CoreInst = "Adder">   --->   Core 1 'Adder' <Latency = 0> <II = 1> <Delay = 1.20> <FuncUnit> <Opcode : 'add' 'sub'> <InPorts = 2> <OutPorts = 1>
ST_3 : Operation 178 [1/1] (0.00ns)   --->   "%tmp_18 = bitselect i1 @_ssdm_op_BitSelect.i1.i32.i32, i32 %add_ln813_1, i32 31"   --->   Operation 178 'bitselect' 'tmp_18' <Predicate = (!icmp_ln36)> <Delay = 0.00>
ST_3 : Operation 179 [1/1] (0.00ns) (grouped into LUT with out node select_ln302_19)   --->   "%xor_ln895_19 = xor i1 %tmp_17, i1 1"   --->   Operation 179 'xor' 'xor_ln895_19' <Predicate = (!icmp_ln36)> <Delay = 0.00> <CoreInst = "LogicGate">   --->   Core 74 'LogicGate' <Latency = 0> <II = 1> <Delay = 0.33> <FuncUnit> <Opcode : 'and' 'or' 'xor'> <InPorts = 2> <OutPorts = 1>
ST_3 : Operation 180 [1/1] (0.00ns) (grouped into LUT with out node select_ln302_19)   --->   "%and_ln895_1 = and i1 %tmp_18, i1 %xor_ln895_19"   --->   Operation 180 'and' 'and_ln895_1' <Predicate = (!icmp_ln36)> <Delay = 0.00> <CoreInst = "LogicGate">   --->   Core 74 'LogicGate' <Latency = 0> <II = 1> <Delay = 0.33> <FuncUnit> <Opcode : 'and' 'or' 'xor'> <InPorts = 2> <OutPorts = 1>
ST_3 : Operation 181 [1/1] (0.00ns) (grouped into LUT with out node select_ln302_19)   --->   "%xor_ln302_17 = xor i1 %tmp_17, i1 %tmp_18"   --->   Operation 181 'xor' 'xor_ln302_17' <Predicate = (!icmp_ln36)> <Delay = 0.00> <CoreInst = "LogicGate">   --->   Core 74 'LogicGate' <Latency = 0> <II = 1> <Delay = 0.33> <FuncUnit> <Opcode : 'and' 'or' 'xor'> <InPorts = 2> <OutPorts = 1>
ST_3 : Operation 182 [1/1] (0.00ns) (grouped into LUT with out node select_ln302_19)   --->   "%select_ln346_17 = select i1 %and_ln895_1, i32 2147483647, i32 2147483648"   --->   Operation 182 'select' 'select_ln346_17' <Predicate = (!icmp_ln36)> <Delay = 0.00> <CoreInst = "Sel">   --->   Core 73 'Sel' <Latency = 0> <II = 1> <Delay = 0.52> <FuncUnit> <Opcode : 'select'> <InPorts = 3> <OutPorts = 1>
ST_3 : Operation 183 [1/1] (0.52ns) (out node of the LUT)   --->   "%select_ln302_19 = select i1 %xor_ln302_17, i32 %select_ln346_17, i32 %add_ln813_1"   --->   Operation 183 'select' 'select_ln302_19' <Predicate = (!icmp_ln36)> <Delay = 0.52> <CoreInst = "Sel">   --->   Core 73 'Sel' <Latency = 0> <II = 1> <Delay = 0.52> <FuncUnit> <Opcode : 'select'> <InPorts = 3> <OutPorts = 1>
ST_3 : Operation 184 [1/1] (0.00ns)   --->   "%shl_ln1273_3 = bitconcatenate i11 @_ssdm_op_BitConcatenate.i11.i8.i3, i8 %r_V_18_load, i3 0"   --->   Operation 184 'bitconcatenate' 'shl_ln1273_3' <Predicate = (!icmp_ln36)> <Delay = 0.00>
ST_3 : Operation 185 [1/1] (0.00ns)   --->   "%sext_ln1273_1 = sext i11 %shl_ln1273_3"   --->   Operation 185 'sext' 'sext_ln1273_1' <Predicate = (!icmp_ln36)> <Delay = 0.00>
ST_3 : Operation 186 [1/1] (0.94ns)   --->   "%sub_ln1273 = sub i12 0, i12 %sext_ln1273_1"   --->   Operation 186 'sub' 'sub_ln1273' <Predicate = (!icmp_ln36)> <Delay = 0.94> <CoreInst = "Adder">   --->   Core 1 'Adder' <Latency = 0> <II = 1> <Delay = 0.94> <FuncUnit> <Opcode : 'add' 'sub'> <InPorts = 2> <OutPorts = 1>
ST_3 : Operation 187 [1/1] (0.00ns)   --->   "%shl_ln1273_4 = bitconcatenate i9 @_ssdm_op_BitConcatenate.i9.i8.i1, i8 %r_V_18_load, i1 0"   --->   Operation 187 'bitconcatenate' 'shl_ln1273_4' <Predicate = (!icmp_ln36)> <Delay = 0.00>
ST_3 : Operation 188 [1/1] (0.00ns)   --->   "%sext_ln1273_2 = sext i9 %shl_ln1273_4"   --->   Operation 188 'sext' 'sext_ln1273_2' <Predicate = (!icmp_ln36)> <Delay = 0.00>
ST_3 : Operation 189 [1/1] (0.00ns)   --->   "%sext_ln1273_3 = sext i9 %shl_ln1273_4"   --->   Operation 189 'sext' 'sext_ln1273_3' <Predicate = (!icmp_ln36)> <Delay = 0.00>
ST_3 : Operation 190 [1/1] (0.96ns)   --->   "%sub_ln1273_1 = sub i12 %sub_ln1273, i12 %sext_ln1273_3"   --->   Operation 190 'sub' 'sub_ln1273_1' <Predicate = (!icmp_ln36)> <Delay = 0.96> <CoreInst = "Adder">   --->   Core 1 'Adder' <Latency = 0> <II = 1> <Delay = 0.96> <FuncUnit> <Opcode : 'add' 'sub'> <InPorts = 2> <OutPorts = 1>
ST_3 : Operation 191 [1/1] (0.00ns)   --->   "%sext_ln813_19 = sext i32 %select_ln302_19"   --->   Operation 191 'sext' 'sext_ln813_19' <Predicate = (!icmp_ln36)> <Delay = 0.00>
ST_3 : Operation 192 [1/1] (0.00ns)   --->   "%shl_ln1347_5 = bitconcatenate i20 @_ssdm_op_BitConcatenate.i20.i12.i8, i12 %sub_ln1273_1, i8 0"   --->   Operation 192 'bitconcatenate' 'shl_ln1347_5' <Predicate = (!icmp_ln36)> <Delay = 0.00>
ST_3 : Operation 193 [1/1] (0.00ns)   --->   "%sext_ln1347_43 = sext i20 %shl_ln1347_5"   --->   Operation 193 'sext' 'sext_ln1347_43' <Predicate = (!icmp_ln36)> <Delay = 0.00>
ST_3 : Operation 194 [1/1] (0.00ns)   --->   "%sext_ln1347_44 = sext i20 %shl_ln1347_5"   --->   Operation 194 'sext' 'sext_ln1347_44' <Predicate = (!icmp_ln36)> <Delay = 0.00>
ST_3 : Operation 195 [1/1] (1.20ns)   --->   "%add_ln1347_5 = add i33 %sext_ln813_19, i33 %sext_ln1347_43"   --->   Operation 195 'add' 'add_ln1347_5' <Predicate = (!icmp_ln36)> <Delay = 1.20> <CoreInst = "Adder">   --->   Core 1 'Adder' <Latency = 0> <II = 1> <Delay = 1.20> <FuncUnit> <Opcode : 'add' 'sub'> <InPorts = 2> <OutPorts = 1>
ST_3 : Operation 196 [1/1] (0.00ns)   --->   "%tmp_19 = bitselect i1 @_ssdm_op_BitSelect.i1.i33.i32, i33 %add_ln1347_5, i32 32"   --->   Operation 196 'bitselect' 'tmp_19' <Predicate = (!icmp_ln36)> <Delay = 0.00>
ST_3 : Operation 197 [1/1] (1.20ns)   --->   "%add_ln813_2 = add i32 %select_ln302_19, i32 %sext_ln1347_44"   --->   Operation 197 'add' 'add_ln813_2' <Predicate = (!icmp_ln36)> <Delay = 1.20> <CoreInst = "Adder">   --->   Core 1 'Adder' <Latency = 0> <II = 1> <Delay = 1.20> <FuncUnit> <Opcode : 'add' 'sub'> <InPorts = 2> <OutPorts = 1>
ST_3 : Operation 198 [1/1] (0.00ns)   --->   "%tmp_20 = bitselect i1 @_ssdm_op_BitSelect.i1.i32.i32, i32 %add_ln813_2, i32 31"   --->   Operation 198 'bitselect' 'tmp_20' <Predicate = (!icmp_ln36)> <Delay = 0.00>
ST_3 : Operation 199 [1/1] (0.00ns) (grouped into LUT with out node select_ln302_20)   --->   "%xor_ln895_20 = xor i1 %tmp_19, i1 1"   --->   Operation 199 'xor' 'xor_ln895_20' <Predicate = (!icmp_ln36)> <Delay = 0.00> <CoreInst = "LogicGate">   --->   Core 74 'LogicGate' <Latency = 0> <II = 1> <Delay = 0.33> <FuncUnit> <Opcode : 'and' 'or' 'xor'> <InPorts = 2> <OutPorts = 1>
ST_3 : Operation 200 [1/1] (0.00ns) (grouped into LUT with out node select_ln302_20)   --->   "%and_ln895_2 = and i1 %tmp_20, i1 %xor_ln895_20"   --->   Operation 200 'and' 'and_ln895_2' <Predicate = (!icmp_ln36)> <Delay = 0.00> <CoreInst = "LogicGate">   --->   Core 74 'LogicGate' <Latency = 0> <II = 1> <Delay = 0.33> <FuncUnit> <Opcode : 'and' 'or' 'xor'> <InPorts = 2> <OutPorts = 1>
ST_3 : Operation 201 [1/1] (0.00ns) (grouped into LUT with out node select_ln302_20)   --->   "%xor_ln302_18 = xor i1 %tmp_19, i1 %tmp_20"   --->   Operation 201 'xor' 'xor_ln302_18' <Predicate = (!icmp_ln36)> <Delay = 0.00> <CoreInst = "LogicGate">   --->   Core 74 'LogicGate' <Latency = 0> <II = 1> <Delay = 0.33> <FuncUnit> <Opcode : 'and' 'or' 'xor'> <InPorts = 2> <OutPorts = 1>
ST_3 : Operation 202 [1/1] (0.00ns) (grouped into LUT with out node select_ln302_20)   --->   "%select_ln346_18 = select i1 %and_ln895_2, i32 2147483647, i32 2147483648"   --->   Operation 202 'select' 'select_ln346_18' <Predicate = (!icmp_ln36)> <Delay = 0.00> <CoreInst = "Sel">   --->   Core 73 'Sel' <Latency = 0> <II = 1> <Delay = 0.52> <FuncUnit> <Opcode : 'select'> <InPorts = 3> <OutPorts = 1>
ST_3 : Operation 203 [1/1] (0.52ns) (out node of the LUT)   --->   "%select_ln302_20 = select i1 %xor_ln302_18, i32 %select_ln346_18, i32 %add_ln813_2"   --->   Operation 203 'select' 'select_ln302_20' <Predicate = (!icmp_ln36)> <Delay = 0.52> <CoreInst = "Sel">   --->   Core 73 'Sel' <Latency = 0> <II = 1> <Delay = 0.52> <FuncUnit> <Opcode : 'select'> <InPorts = 3> <OutPorts = 1>
ST_3 : Operation 204 [1/1] (0.00ns)   --->   "%shl_ln1273_5 = bitconcatenate i11 @_ssdm_op_BitConcatenate.i11.i8.i3, i8 %px_V_20, i3 0"   --->   Operation 204 'bitconcatenate' 'shl_ln1273_5' <Predicate = (!icmp_ln36)> <Delay = 0.00>
ST_3 : Operation 205 [1/1] (0.00ns)   --->   "%sext_ln1273_4 = sext i11 %shl_ln1273_5"   --->   Operation 205 'sext' 'sext_ln1273_4' <Predicate = (!icmp_ln36)> <Delay = 0.00>
ST_3 : Operation 206 [1/1] (0.00ns) (grouped into TernaryAdder)   --->   "%sub_ln1273_2 = sub i12 0, i12 %sext_ln1273_4"   --->   Operation 206 'sub' 'sub_ln1273_2' <Predicate = (!icmp_ln36)> <Delay = 0.00> <CoreInst = "TAddSub">   --->   Core 10 'TAddSub' <Latency = 0> <II = 1> <Delay = 0.42> <IPBlock> <Opcode : 'add' 'sub'> <InPorts = 3> <OutPorts = 1> <Sync> <CReg>
ST_3 : Operation 207 [1/1] (0.00ns)   --->   "%shl_ln1273_6 = bitconcatenate i9 @_ssdm_op_BitConcatenate.i9.i8.i1, i8 %px_V_20, i1 0"   --->   Operation 207 'bitconcatenate' 'shl_ln1273_6' <Predicate = (!icmp_ln36)> <Delay = 0.00>
ST_3 : Operation 208 [1/1] (0.00ns)   --->   "%sext_ln1273_6 = sext i9 %shl_ln1273_6"   --->   Operation 208 'sext' 'sext_ln1273_6' <Predicate = (!icmp_ln36)> <Delay = 0.00>
ST_3 : Operation 209 [1/1] (1.02ns) (root node of TernaryAdder)   --->   "%sub_ln1273_3 = sub i12 %sub_ln1273_2, i12 %sext_ln1273_6"   --->   Operation 209 'sub' 'sub_ln1273_3' <Predicate = (!icmp_ln36)> <Delay = 1.02> <CoreInst = "TAddSub">   --->   Core 10 'TAddSub' <Latency = 0> <II = 1> <Delay = 0.42> <IPBlock> <Opcode : 'add' 'sub'> <InPorts = 3> <OutPorts = 1> <Sync> <CReg>
ST_3 : Operation 210 [1/1] (0.00ns)   --->   "%sext_ln813_20 = sext i32 %select_ln302_20"   --->   Operation 210 'sext' 'sext_ln813_20' <Predicate = (!icmp_ln36)> <Delay = 0.00>
ST_3 : Operation 211 [1/1] (0.00ns)   --->   "%shl_ln1347_6 = bitconcatenate i20 @_ssdm_op_BitConcatenate.i20.i12.i8, i12 %sub_ln1273_3, i8 0"   --->   Operation 211 'bitconcatenate' 'shl_ln1347_6' <Predicate = (!icmp_ln36)> <Delay = 0.00>
ST_3 : Operation 212 [1/1] (0.00ns)   --->   "%sext_ln1347_45 = sext i20 %shl_ln1347_6"   --->   Operation 212 'sext' 'sext_ln1347_45' <Predicate = (!icmp_ln36)> <Delay = 0.00>
ST_3 : Operation 213 [1/1] (0.00ns)   --->   "%sext_ln1347_46 = sext i20 %shl_ln1347_6"   --->   Operation 213 'sext' 'sext_ln1347_46' <Predicate = (!icmp_ln36)> <Delay = 0.00>
ST_3 : Operation 214 [1/1] (1.20ns)   --->   "%add_ln1347_6 = add i33 %sext_ln813_20, i33 %sext_ln1347_45"   --->   Operation 214 'add' 'add_ln1347_6' <Predicate = (!icmp_ln36)> <Delay = 1.20> <CoreInst = "Adder">   --->   Core 1 'Adder' <Latency = 0> <II = 1> <Delay = 1.20> <FuncUnit> <Opcode : 'add' 'sub'> <InPorts = 2> <OutPorts = 1>
ST_3 : Operation 215 [1/1] (0.00ns)   --->   "%tmp_21 = bitselect i1 @_ssdm_op_BitSelect.i1.i33.i32, i33 %add_ln1347_6, i32 32"   --->   Operation 215 'bitselect' 'tmp_21' <Predicate = (!icmp_ln36)> <Delay = 0.00>
ST_3 : Operation 216 [1/1] (1.20ns)   --->   "%add_ln813_3 = add i32 %select_ln302_20, i32 %sext_ln1347_46"   --->   Operation 216 'add' 'add_ln813_3' <Predicate = (!icmp_ln36)> <Delay = 1.20> <CoreInst = "Adder">   --->   Core 1 'Adder' <Latency = 0> <II = 1> <Delay = 1.20> <FuncUnit> <Opcode : 'add' 'sub'> <InPorts = 2> <OutPorts = 1>
ST_3 : Operation 217 [1/1] (0.00ns)   --->   "%tmp_22 = bitselect i1 @_ssdm_op_BitSelect.i1.i32.i32, i32 %add_ln813_3, i32 31"   --->   Operation 217 'bitselect' 'tmp_22' <Predicate = (!icmp_ln36)> <Delay = 0.00>
ST_3 : Operation 218 [1/1] (0.00ns)   --->   "%shl_ln1273_7 = bitconcatenate i10 @_ssdm_op_BitConcatenate.i10.i8.i2, i8 %val_in, i2 0"   --->   Operation 218 'bitconcatenate' 'shl_ln1273_7' <Predicate = (!icmp_ln36)> <Delay = 0.00>
ST_3 : Operation 219 [1/1] (0.00ns)   --->   "%sext_ln1273_7 = sext i10 %shl_ln1273_7"   --->   Operation 219 'sext' 'sext_ln1273_7' <Predicate = (!icmp_ln36)> <Delay = 0.00>
ST_3 : Operation 220 [1/1] (0.93ns)   --->   "%sub_ln1273_4 = sub i11 0, i11 %sext_ln1273_7"   --->   Operation 220 'sub' 'sub_ln1273_4' <Predicate = (!icmp_ln36)> <Delay = 0.93> <CoreInst = "Adder">   --->   Core 1 'Adder' <Latency = 0> <II = 1> <Delay = 0.93> <FuncUnit> <Opcode : 'add' 'sub'> <InPorts = 2> <OutPorts = 1>
ST_3 : Operation 221 [1/1] (0.00ns)   --->   "%shl_ln1347_8 = bitconcatenate i19 @_ssdm_op_BitConcatenate.i19.i11.i8, i11 %sub_ln1273_6, i8 0"   --->   Operation 221 'bitconcatenate' 'shl_ln1347_8' <Predicate = (!icmp_ln36)> <Delay = 0.00>
ST_3 : Operation 222 [1/1] (1.05ns)   --->   "%add_ln1347_8 = add i19 %shl_ln1347_8, i19 8192"   --->   Operation 222 'add' 'add_ln1347_8' <Predicate = (!icmp_ln36)> <Delay = 1.05> <CoreInst = "Adder">   --->   Core 1 'Adder' <Latency = 0> <II = 1> <Delay = 1.05> <FuncUnit> <Opcode : 'add' 'sub'> <InPorts = 2> <OutPorts = 1>
ST_3 : Operation 223 [1/1] (0.00ns)   --->   "%sext_ln1273_9 = sext i19 %add_ln1347_8"   --->   Operation 223 'sext' 'sext_ln1273_9' <Predicate = (!icmp_ln36)> <Delay = 0.00>
ST_3 : Operation 224 [1/1] (0.00ns)   --->   "%shl_ln1273_9 = bitconcatenate i11 @_ssdm_op_BitConcatenate.i11.i8.i3, i8 %px_V, i3 0"   --->   Operation 224 'bitconcatenate' 'shl_ln1273_9' <Predicate = (!icmp_ln36)> <Delay = 0.00>
ST_3 : Operation 225 [1/1] (0.00ns)   --->   "%sext_ln1273_10 = sext i11 %shl_ln1273_9"   --->   Operation 225 'sext' 'sext_ln1273_10' <Predicate = (!icmp_ln36)> <Delay = 0.00>
ST_3 : Operation 226 [1/1] (0.00ns)   --->   "%sext_ln1273_12 = sext i9 %shl_ln1273_s"   --->   Operation 226 'sext' 'sext_ln1273_12' <Predicate = (!icmp_ln36)> <Delay = 0.00>
ST_3 : Operation 227 [1/1] (0.94ns)   --->   "%sub_ln1273_7 = sub i12 %sext_ln1273_12, i12 %sext_ln1273_10"   --->   Operation 227 'sub' 'sub_ln1273_7' <Predicate = (!icmp_ln36)> <Delay = 0.94> <CoreInst = "Adder">   --->   Core 1 'Adder' <Latency = 0> <II = 1> <Delay = 0.94> <FuncUnit> <Opcode : 'add' 'sub'> <InPorts = 2> <OutPorts = 1>
ST_3 : Operation 228 [1/1] (0.00ns)   --->   "%shl_ln1347_9 = bitconcatenate i20 @_ssdm_op_BitConcatenate.i20.i12.i8, i12 %sub_ln1273_7, i8 0"   --->   Operation 228 'bitconcatenate' 'shl_ln1347_9' <Predicate = (!icmp_ln36)> <Delay = 0.00>
ST_3 : Operation 229 [1/1] (0.00ns)   --->   "%sext_ln1347_76 = sext i20 %shl_ln1347_9"   --->   Operation 229 'sext' 'sext_ln1347_76' <Predicate = (!icmp_ln36)> <Delay = 0.00>
ST_3 : Operation 230 [1/1] (0.00ns) (grouped into TernaryAdder)   --->   "%add_ln1347_9 = add i21 %sext_ln1347_76, i21 %sext_ln1273_9"   --->   Operation 230 'add' 'add_ln1347_9' <Predicate = (!icmp_ln36)> <Delay = 0.00> <CoreInst = "TAddSub">   --->   Core 10 'TAddSub' <Latency = 0> <II = 1> <Delay = 0.42> <IPBlock> <Opcode : 'add' 'sub'> <InPorts = 3> <OutPorts = 1> <Sync> <CReg>
ST_3 : Operation 231 [1/1] (0.94ns)   --->   "%sub_ln1273_9 = sub i11 %sub_ln1273_8, i11 %px_V_18_cast137_i"   --->   Operation 231 'sub' 'sub_ln1273_9' <Predicate = (!icmp_ln36)> <Delay = 0.94> <CoreInst = "Adder">   --->   Core 1 'Adder' <Latency = 0> <II = 1> <Delay = 0.94> <FuncUnit> <Opcode : 'add' 'sub'> <InPorts = 2> <OutPorts = 1>
ST_3 : Operation 232 [1/1] (0.00ns)   --->   "%shl_ln1347_s = bitconcatenate i19 @_ssdm_op_BitConcatenate.i19.i11.i8, i11 %sub_ln1273_9, i8 0"   --->   Operation 232 'bitconcatenate' 'shl_ln1347_s' <Predicate = (!icmp_ln36)> <Delay = 0.00>
ST_3 : Operation 233 [1/1] (0.00ns)   --->   "%sext_ln1347_89 = sext i19 %shl_ln1347_s"   --->   Operation 233 'sext' 'sext_ln1347_89' <Predicate = (!icmp_ln36)> <Delay = 0.00>
ST_3 : Operation 234 [1/1] (0.84ns) (root node of TernaryAdder)   --->   "%add_ln1347_10 = add i21 %add_ln1347_9, i21 %sext_ln1347_89"   --->   Operation 234 'add' 'add_ln1347_10' <Predicate = (!icmp_ln36)> <Delay = 0.84> <CoreInst = "TAddSub">   --->   Core 10 'TAddSub' <Latency = 0> <II = 1> <Delay = 0.42> <IPBlock> <Opcode : 'add' 'sub'> <InPorts = 3> <OutPorts = 1> <Sync> <CReg>
ST_3 : Operation 235 [1/1] (0.00ns)   --->   "%sext_ln856_1 = sext i21 %add_ln1347_10"   --->   Operation 235 'sext' 'sext_ln856_1' <Predicate = (!icmp_ln36)> <Delay = 0.00>
ST_3 : Operation 236 [1/1] (0.00ns)   --->   "%sext_ln813_22 = sext i21 %add_ln1347_10"   --->   Operation 236 'sext' 'sext_ln813_22' <Predicate = (!icmp_ln36)> <Delay = 0.00>
ST_3 : Operation 237 [1/1] (1.07ns)   --->   "%add_ln1347_11 = add i33 %sext_ln813_22, i33 %sext_ln1347_39"   --->   Operation 237 'add' 'add_ln1347_11' <Predicate = (!icmp_ln36)> <Delay = 1.07> <CoreInst = "Adder">   --->   Core 1 'Adder' <Latency = 0> <II = 1> <Delay = 1.07> <FuncUnit> <Opcode : 'add' 'sub'> <InPorts = 2> <OutPorts = 1>
ST_3 : Operation 238 [1/1] (0.00ns)   --->   "%tmp_29 = bitselect i1 @_ssdm_op_BitSelect.i1.i33.i32, i33 %add_ln1347_11, i32 32"   --->   Operation 238 'bitselect' 'tmp_29' <Predicate = (!icmp_ln36)> <Delay = 0.00>
ST_3 : Operation 239 [1/1] (1.07ns)   --->   "%add_ln813_5 = add i32 %sext_ln856_1, i32 %sext_ln1347_40"   --->   Operation 239 'add' 'add_ln813_5' <Predicate = (!icmp_ln36)> <Delay = 1.07> <CoreInst = "Adder">   --->   Core 1 'Adder' <Latency = 0> <II = 1> <Delay = 1.07> <FuncUnit> <Opcode : 'add' 'sub'> <InPorts = 2> <OutPorts = 1>
ST_3 : Operation 240 [1/1] (0.00ns)   --->   "%tmp_30 = bitselect i1 @_ssdm_op_BitSelect.i1.i32.i32, i32 %add_ln813_5, i32 31"   --->   Operation 240 'bitselect' 'tmp_30' <Predicate = (!icmp_ln36)> <Delay = 0.00>
ST_3 : Operation 241 [1/1] (0.00ns) (grouped into LUT with out node select_ln302_24)   --->   "%xor_ln895_24 = xor i1 %tmp_29, i1 1"   --->   Operation 241 'xor' 'xor_ln895_24' <Predicate = (!icmp_ln36)> <Delay = 0.00> <CoreInst = "LogicGate">   --->   Core 74 'LogicGate' <Latency = 0> <II = 1> <Delay = 0.33> <FuncUnit> <Opcode : 'and' 'or' 'xor'> <InPorts = 2> <OutPorts = 1>
ST_3 : Operation 242 [1/1] (0.00ns) (grouped into LUT with out node select_ln302_24)   --->   "%and_ln895_5 = and i1 %tmp_30, i1 %xor_ln895_24"   --->   Operation 242 'and' 'and_ln895_5' <Predicate = (!icmp_ln36)> <Delay = 0.00> <CoreInst = "LogicGate">   --->   Core 74 'LogicGate' <Latency = 0> <II = 1> <Delay = 0.33> <FuncUnit> <Opcode : 'and' 'or' 'xor'> <InPorts = 2> <OutPorts = 1>
ST_3 : Operation 243 [1/1] (0.00ns) (grouped into LUT with out node select_ln302_24)   --->   "%xor_ln302_21 = xor i1 %tmp_29, i1 %tmp_30"   --->   Operation 243 'xor' 'xor_ln302_21' <Predicate = (!icmp_ln36)> <Delay = 0.00> <CoreInst = "LogicGate">   --->   Core 74 'LogicGate' <Latency = 0> <II = 1> <Delay = 0.33> <FuncUnit> <Opcode : 'and' 'or' 'xor'> <InPorts = 2> <OutPorts = 1>
ST_3 : Operation 244 [1/1] (0.00ns) (grouped into LUT with out node select_ln302_24)   --->   "%select_ln346_21 = select i1 %and_ln895_5, i32 2147483647, i32 2147483648"   --->   Operation 244 'select' 'select_ln346_21' <Predicate = (!icmp_ln36)> <Delay = 0.00> <CoreInst = "Sel">   --->   Core 73 'Sel' <Latency = 0> <II = 1> <Delay = 0.52> <FuncUnit> <Opcode : 'select'> <InPorts = 3> <OutPorts = 1>
ST_3 : Operation 245 [1/1] (0.52ns) (out node of the LUT)   --->   "%select_ln302_24 = select i1 %xor_ln302_21, i32 %select_ln346_21, i32 %add_ln813_5"   --->   Operation 245 'select' 'select_ln302_24' <Predicate = (!icmp_ln36)> <Delay = 0.52> <CoreInst = "Sel">   --->   Core 73 'Sel' <Latency = 0> <II = 1> <Delay = 0.52> <FuncUnit> <Opcode : 'select'> <InPorts = 3> <OutPorts = 1>
ST_3 : Operation 246 [1/1] (0.00ns)   --->   "%shl_ln1273_11 = bitconcatenate i11 @_ssdm_op_BitConcatenate.i11.i8.i3, i8 %px_V_18, i3 0"   --->   Operation 246 'bitconcatenate' 'shl_ln1273_11' <Predicate = (!icmp_ln36)> <Delay = 0.00>
ST_3 : Operation 247 [1/1] (0.00ns)   --->   "%sext_ln813_23 = sext i11 %shl_ln1273_11"   --->   Operation 247 'sext' 'sext_ln813_23' <Predicate = (!icmp_ln36)> <Delay = 0.00>
ST_3 : Operation 248 [1/1] (0.00ns)   --->   "%sext_ln813_24 = sext i32 %select_ln302_24"   --->   Operation 248 'sext' 'sext_ln813_24' <Predicate = (!icmp_ln36)> <Delay = 0.00>
ST_3 : Operation 249 [1/1] (0.00ns)   --->   "%shl_ln1347_10 = bitconcatenate i19 @_ssdm_op_BitConcatenate.i19.i8.i11, i8 %px_V_18, i11 0"   --->   Operation 249 'bitconcatenate' 'shl_ln1347_10' <Predicate = (!icmp_ln36)> <Delay = 0.00>
ST_3 : Operation 250 [1/1] (0.00ns)   --->   "%sext_ln1347_53 = sext i19 %shl_ln1347_10"   --->   Operation 250 'sext' 'sext_ln1347_53' <Predicate = (!icmp_ln36)> <Delay = 0.00>
ST_3 : Operation 251 [1/1] (0.00ns)   --->   "%sext_ln1347_54 = sext i19 %shl_ln1347_10"   --->   Operation 251 'sext' 'sext_ln1347_54' <Predicate = (!icmp_ln36)> <Delay = 0.00>
ST_3 : Operation 252 [1/1] (1.20ns)   --->   "%add_ln1347_12 = add i33 %sext_ln813_24, i33 %sext_ln1347_53"   --->   Operation 252 'add' 'add_ln1347_12' <Predicate = (!icmp_ln36)> <Delay = 1.20> <CoreInst = "Adder">   --->   Core 1 'Adder' <Latency = 0> <II = 1> <Delay = 1.20> <FuncUnit> <Opcode : 'add' 'sub'> <InPorts = 2> <OutPorts = 1>
ST_3 : Operation 253 [1/1] (0.00ns)   --->   "%tmp_31 = bitselect i1 @_ssdm_op_BitSelect.i1.i33.i32, i33 %add_ln1347_12, i32 32"   --->   Operation 253 'bitselect' 'tmp_31' <Predicate = (!icmp_ln36)> <Delay = 0.00>
ST_3 : Operation 254 [1/1] (1.20ns)   --->   "%add_ln813_6 = add i32 %select_ln302_24, i32 %sext_ln1347_54"   --->   Operation 254 'add' 'add_ln813_6' <Predicate = (!icmp_ln36)> <Delay = 1.20> <CoreInst = "Adder">   --->   Core 1 'Adder' <Latency = 0> <II = 1> <Delay = 1.20> <FuncUnit> <Opcode : 'add' 'sub'> <InPorts = 2> <OutPorts = 1>
ST_3 : Operation 255 [1/1] (0.00ns)   --->   "%tmp_32 = bitselect i1 @_ssdm_op_BitSelect.i1.i32.i32, i32 %add_ln813_6, i32 31"   --->   Operation 255 'bitselect' 'tmp_32' <Predicate = (!icmp_ln36)> <Delay = 0.00>
ST_3 : Operation 256 [1/1] (0.00ns) (grouped into LUT with out node select_ln302_25)   --->   "%xor_ln895_25 = xor i1 %tmp_31, i1 1"   --->   Operation 256 'xor' 'xor_ln895_25' <Predicate = (!icmp_ln36)> <Delay = 0.00> <CoreInst = "LogicGate">   --->   Core 74 'LogicGate' <Latency = 0> <II = 1> <Delay = 0.33> <FuncUnit> <Opcode : 'and' 'or' 'xor'> <InPorts = 2> <OutPorts = 1>
ST_3 : Operation 257 [1/1] (0.00ns) (grouped into LUT with out node select_ln302_25)   --->   "%and_ln895_6 = and i1 %tmp_32, i1 %xor_ln895_25"   --->   Operation 257 'and' 'and_ln895_6' <Predicate = (!icmp_ln36)> <Delay = 0.00> <CoreInst = "LogicGate">   --->   Core 74 'LogicGate' <Latency = 0> <II = 1> <Delay = 0.33> <FuncUnit> <Opcode : 'and' 'or' 'xor'> <InPorts = 2> <OutPorts = 1>
ST_3 : Operation 258 [1/1] (0.00ns) (grouped into LUT with out node select_ln302_25)   --->   "%xor_ln302_22 = xor i1 %tmp_31, i1 %tmp_32"   --->   Operation 258 'xor' 'xor_ln302_22' <Predicate = (!icmp_ln36)> <Delay = 0.00> <CoreInst = "LogicGate">   --->   Core 74 'LogicGate' <Latency = 0> <II = 1> <Delay = 0.33> <FuncUnit> <Opcode : 'and' 'or' 'xor'> <InPorts = 2> <OutPorts = 1>
ST_3 : Operation 259 [1/1] (0.00ns) (grouped into LUT with out node select_ln302_25)   --->   "%select_ln346_22 = select i1 %and_ln895_6, i32 2147483647, i32 2147483648"   --->   Operation 259 'select' 'select_ln346_22' <Predicate = (!icmp_ln36)> <Delay = 0.00> <CoreInst = "Sel">   --->   Core 73 'Sel' <Latency = 0> <II = 1> <Delay = 0.52> <FuncUnit> <Opcode : 'select'> <InPorts = 3> <OutPorts = 1>
ST_3 : Operation 260 [1/1] (0.52ns) (out node of the LUT)   --->   "%select_ln302_25 = select i1 %xor_ln302_22, i32 %select_ln346_22, i32 %add_ln813_6"   --->   Operation 260 'select' 'select_ln302_25' <Predicate = (!icmp_ln36)> <Delay = 0.52> <CoreInst = "Sel">   --->   Core 73 'Sel' <Latency = 0> <II = 1> <Delay = 0.52> <FuncUnit> <Opcode : 'select'> <InPorts = 3> <OutPorts = 1>
ST_3 : Operation 261 [1/1] (0.00ns)   --->   "%shl_ln1273_12 = bitconcatenate i9 @_ssdm_op_BitConcatenate.i9.i8.i1, i8 %px_V_19, i1 0"   --->   Operation 261 'bitconcatenate' 'shl_ln1273_12' <Predicate = (!icmp_ln36)> <Delay = 0.00>
ST_3 : Operation 262 [1/1] (0.00ns)   --->   "%sext_ln813_25 = sext i9 %shl_ln1273_12"   --->   Operation 262 'sext' 'sext_ln813_25' <Predicate = (!icmp_ln36)> <Delay = 0.00>
ST_3 : Operation 263 [1/1] (0.00ns)   --->   "%sext_ln813_26 = sext i32 %select_ln302_25"   --->   Operation 263 'sext' 'sext_ln813_26' <Predicate = (!icmp_ln36)> <Delay = 0.00>
ST_3 : Operation 264 [1/1] (0.00ns)   --->   "%shl_ln1347_11 = bitconcatenate i17 @_ssdm_op_BitConcatenate.i17.i8.i9, i8 %px_V_19, i9 0"   --->   Operation 264 'bitconcatenate' 'shl_ln1347_11' <Predicate = (!icmp_ln36)> <Delay = 0.00>
ST_3 : Operation 265 [1/1] (0.00ns)   --->   "%sext_ln1347_55 = sext i17 %shl_ln1347_11"   --->   Operation 265 'sext' 'sext_ln1347_55' <Predicate = (!icmp_ln36)> <Delay = 0.00>
ST_3 : Operation 266 [1/1] (0.00ns)   --->   "%sext_ln1347_56 = sext i17 %shl_ln1347_11"   --->   Operation 266 'sext' 'sext_ln1347_56' <Predicate = (!icmp_ln36)> <Delay = 0.00>
ST_3 : Operation 267 [1/1] (1.20ns)   --->   "%add_ln1347_13 = add i33 %sext_ln813_26, i33 %sext_ln1347_55"   --->   Operation 267 'add' 'add_ln1347_13' <Predicate = (!icmp_ln36)> <Delay = 1.20> <CoreInst = "Adder">   --->   Core 1 'Adder' <Latency = 0> <II = 1> <Delay = 1.20> <FuncUnit> <Opcode : 'add' 'sub'> <InPorts = 2> <OutPorts = 1>
ST_3 : Operation 268 [1/1] (0.00ns)   --->   "%tmp_33 = bitselect i1 @_ssdm_op_BitSelect.i1.i33.i32, i33 %add_ln1347_13, i32 32"   --->   Operation 268 'bitselect' 'tmp_33' <Predicate = (!icmp_ln36)> <Delay = 0.00>
ST_3 : Operation 269 [1/1] (1.20ns)   --->   "%add_ln813_7 = add i32 %select_ln302_25, i32 %sext_ln1347_56"   --->   Operation 269 'add' 'add_ln813_7' <Predicate = (!icmp_ln36)> <Delay = 1.20> <CoreInst = "Adder">   --->   Core 1 'Adder' <Latency = 0> <II = 1> <Delay = 1.20> <FuncUnit> <Opcode : 'add' 'sub'> <InPorts = 2> <OutPorts = 1>
ST_3 : Operation 270 [1/1] (0.00ns)   --->   "%tmp_34 = bitselect i1 @_ssdm_op_BitSelect.i1.i32.i32, i32 %add_ln813_7, i32 31"   --->   Operation 270 'bitselect' 'tmp_34' <Predicate = (!icmp_ln36)> <Delay = 0.00>
ST_3 : Operation 271 [1/1] (0.00ns) (grouped into LUT with out node select_ln302_26)   --->   "%xor_ln895_26 = xor i1 %tmp_33, i1 1"   --->   Operation 271 'xor' 'xor_ln895_26' <Predicate = (!icmp_ln36)> <Delay = 0.00> <CoreInst = "LogicGate">   --->   Core 74 'LogicGate' <Latency = 0> <II = 1> <Delay = 0.33> <FuncUnit> <Opcode : 'and' 'or' 'xor'> <InPorts = 2> <OutPorts = 1>
ST_3 : Operation 272 [1/1] (0.00ns) (grouped into LUT with out node select_ln302_26)   --->   "%and_ln895_7 = and i1 %tmp_34, i1 %xor_ln895_26"   --->   Operation 272 'and' 'and_ln895_7' <Predicate = (!icmp_ln36)> <Delay = 0.00> <CoreInst = "LogicGate">   --->   Core 74 'LogicGate' <Latency = 0> <II = 1> <Delay = 0.33> <FuncUnit> <Opcode : 'and' 'or' 'xor'> <InPorts = 2> <OutPorts = 1>
ST_3 : Operation 273 [1/1] (0.00ns) (grouped into LUT with out node select_ln302_26)   --->   "%xor_ln302_23 = xor i1 %tmp_33, i1 %tmp_34"   --->   Operation 273 'xor' 'xor_ln302_23' <Predicate = (!icmp_ln36)> <Delay = 0.00> <CoreInst = "LogicGate">   --->   Core 74 'LogicGate' <Latency = 0> <II = 1> <Delay = 0.33> <FuncUnit> <Opcode : 'and' 'or' 'xor'> <InPorts = 2> <OutPorts = 1>
ST_3 : Operation 274 [1/1] (0.00ns) (grouped into LUT with out node select_ln302_26)   --->   "%select_ln346_23 = select i1 %and_ln895_7, i32 2147483647, i32 2147483648"   --->   Operation 274 'select' 'select_ln346_23' <Predicate = (!icmp_ln36)> <Delay = 0.00> <CoreInst = "Sel">   --->   Core 73 'Sel' <Latency = 0> <II = 1> <Delay = 0.52> <FuncUnit> <Opcode : 'select'> <InPorts = 3> <OutPorts = 1>
ST_3 : Operation 275 [1/1] (0.52ns) (out node of the LUT)   --->   "%select_ln302_26 = select i1 %xor_ln302_23, i32 %select_ln346_23, i32 %add_ln813_7"   --->   Operation 275 'select' 'select_ln302_26' <Predicate = (!icmp_ln36)> <Delay = 0.52> <CoreInst = "Sel">   --->   Core 73 'Sel' <Latency = 0> <II = 1> <Delay = 0.52> <FuncUnit> <Opcode : 'select'> <InPorts = 3> <OutPorts = 1>
ST_3 : Operation 276 [1/1] (0.92ns)   --->   "%sub_ln1273_10 = sub i10 0, i10 %sext_ln1273_2"   --->   Operation 276 'sub' 'sub_ln1273_10' <Predicate = (!icmp_ln36)> <Delay = 0.92> <CoreInst = "Adder">   --->   Core 1 'Adder' <Latency = 0> <II = 1> <Delay = 0.92> <FuncUnit> <Opcode : 'add' 'sub'> <InPorts = 2> <OutPorts = 1>
ST_3 : Operation 277 [1/1] (0.00ns)   --->   "%shl_ln1347_15 = bitconcatenate i19 @_ssdm_op_BitConcatenate.i19.i11.i8, i11 %sub_ln1273_5, i8 0"   --->   Operation 277 'bitconcatenate' 'shl_ln1347_15' <Predicate = (!icmp_ln36)> <Delay = 0.00>
ST_3 : Operation 278 [1/1] (1.05ns)   --->   "%add_ln1347_17 = add i19 %shl_ln1347_15, i19 520192"   --->   Operation 278 'add' 'add_ln1347_17' <Predicate = (!icmp_ln36)> <Delay = 1.05> <CoreInst = "Adder">   --->   Core 1 'Adder' <Latency = 0> <II = 1> <Delay = 1.05> <FuncUnit> <Opcode : 'add' 'sub'> <InPorts = 2> <OutPorts = 1>
ST_3 : Operation 279 [1/1] (0.00ns)   --->   "%sext_ln813_30 = sext i19 %add_ln1347_17"   --->   Operation 279 'sext' 'sext_ln813_30' <Predicate = (!icmp_ln36)> <Delay = 0.00>
ST_3 : Operation 280 [1/1] (1.05ns)   --->   "%add_ln1347_18 = add i20 %sext_ln813_30, i20 %sext_ln1347_63"   --->   Operation 280 'add' 'add_ln1347_18' <Predicate = (!icmp_ln36)> <Delay = 1.05> <CoreInst = "Adder">   --->   Core 1 'Adder' <Latency = 0> <II = 1> <Delay = 1.05> <FuncUnit> <Opcode : 'add' 'sub'> <InPorts = 2> <OutPorts = 1>
ST_3 : Operation 281 [1/1] (0.00ns)   --->   "%sext_ln1273_32 = sext i20 %add_ln1347_18"   --->   Operation 281 'sext' 'sext_ln1273_32' <Predicate = (!icmp_ln36)> <Delay = 0.00>
ST_3 : Operation 282 [1/1] (0.00ns)   --->   "%shl_ln1273_14 = bitconcatenate i11 @_ssdm_op_BitConcatenate.i11.i8.i3, i8 %px_V_17, i3 0"   --->   Operation 282 'bitconcatenate' 'shl_ln1273_14' <Predicate = (!icmp_ln36)> <Delay = 0.00>
ST_3 : Operation 283 [1/1] (0.00ns)   --->   "%sext_ln813_31 = sext i11 %shl_ln1273_14"   --->   Operation 283 'sext' 'sext_ln813_31' <Predicate = (!icmp_ln36)> <Delay = 0.00>
ST_3 : Operation 284 [1/1] (0.00ns)   --->   "%shl_ln1347_16 = bitconcatenate i19 @_ssdm_op_BitConcatenate.i19.i8.i11, i8 %px_V_17, i11 0"   --->   Operation 284 'bitconcatenate' 'shl_ln1347_16' <Predicate = (!icmp_ln36)> <Delay = 0.00>
ST_3 : Operation 285 [1/1] (0.00ns)   --->   "%sext_ln1347_91 = sext i19 %shl_ln1347_16"   --->   Operation 285 'sext' 'sext_ln1347_91' <Predicate = (!icmp_ln36)> <Delay = 0.00>
ST_3 : Operation 286 [1/1] (1.06ns)   --->   "%add_ln1347_19 = add i21 %sext_ln1273_32, i21 %sext_ln1347_91"   --->   Operation 286 'add' 'add_ln1347_19' <Predicate = (!icmp_ln36)> <Delay = 1.06> <CoreInst = "Adder">   --->   Core 1 'Adder' <Latency = 0> <II = 1> <Delay = 1.06> <FuncUnit> <Opcode : 'add' 'sub'> <InPorts = 2> <OutPorts = 1>
ST_3 : Operation 287 [1/1] (0.00ns)   --->   "%sext_ln856_2 = sext i21 %add_ln1347_19"   --->   Operation 287 'sext' 'sext_ln856_2' <Predicate = (!icmp_ln36)> <Delay = 0.00>
ST_3 : Operation 288 [1/1] (0.00ns)   --->   "%shl_ln1273_15 = bitconcatenate i9 @_ssdm_op_BitConcatenate.i9.i8.i1, i8 %r_V_17_load, i1 0"   --->   Operation 288 'bitconcatenate' 'shl_ln1273_15' <Predicate = (!icmp_ln36)> <Delay = 0.00>
ST_3 : Operation 289 [1/1] (0.00ns)   --->   "%sext_ln1273_16 = sext i9 %shl_ln1273_15"   --->   Operation 289 'sext' 'sext_ln1273_16' <Predicate = (!icmp_ln36)> <Delay = 0.00>
ST_3 : Operation 290 [1/1] (0.92ns)   --->   "%sub_ln1273_13 = sub i10 0, i10 %sext_ln1273_16"   --->   Operation 290 'sub' 'sub_ln1273_13' <Predicate = (!icmp_ln36)> <Delay = 0.92> <CoreInst = "Adder">   --->   Core 1 'Adder' <Latency = 0> <II = 1> <Delay = 0.92> <FuncUnit> <Opcode : 'add' 'sub'> <InPorts = 2> <OutPorts = 1>
ST_3 : Operation 291 [1/1] (0.00ns)   --->   "%sext_ln813_32 = sext i21 %add_ln1347_19"   --->   Operation 291 'sext' 'sext_ln813_32' <Predicate = (!icmp_ln36)> <Delay = 0.00>
ST_3 : Operation 292 [1/1] (0.00ns)   --->   "%shl_ln1347_17 = bitconcatenate i18 @_ssdm_op_BitConcatenate.i18.i10.i8, i10 %sub_ln1273_13, i8 0"   --->   Operation 292 'bitconcatenate' 'shl_ln1347_17' <Predicate = (!icmp_ln36)> <Delay = 0.00>
ST_3 : Operation 293 [1/1] (0.00ns)   --->   "%sext_ln1347_65 = sext i18 %shl_ln1347_17"   --->   Operation 293 'sext' 'sext_ln1347_65' <Predicate = (!icmp_ln36)> <Delay = 0.00>
ST_3 : Operation 294 [1/1] (0.00ns)   --->   "%sext_ln1347_66 = sext i18 %shl_ln1347_17"   --->   Operation 294 'sext' 'sext_ln1347_66' <Predicate = (!icmp_ln36)> <Delay = 0.00>
ST_3 : Operation 295 [1/1] (1.07ns)   --->   "%add_ln1347_20 = add i33 %sext_ln813_32, i33 %sext_ln1347_65"   --->   Operation 295 'add' 'add_ln1347_20' <Predicate = (!icmp_ln36)> <Delay = 1.07> <CoreInst = "Adder">   --->   Core 1 'Adder' <Latency = 0> <II = 1> <Delay = 1.07> <FuncUnit> <Opcode : 'add' 'sub'> <InPorts = 2> <OutPorts = 1>
ST_3 : Operation 296 [1/1] (0.00ns)   --->   "%tmp_45 = bitselect i1 @_ssdm_op_BitSelect.i1.i33.i32, i33 %add_ln1347_20, i32 32"   --->   Operation 296 'bitselect' 'tmp_45' <Predicate = (!icmp_ln36)> <Delay = 0.00>
ST_3 : Operation 297 [1/1] (1.07ns)   --->   "%add_ln813_11 = add i32 %sext_ln856_2, i32 %sext_ln1347_66"   --->   Operation 297 'add' 'add_ln813_11' <Predicate = (!icmp_ln36)> <Delay = 1.07> <CoreInst = "Adder">   --->   Core 1 'Adder' <Latency = 0> <II = 1> <Delay = 1.07> <FuncUnit> <Opcode : 'add' 'sub'> <InPorts = 2> <OutPorts = 1>
ST_3 : Operation 298 [1/1] (0.00ns)   --->   "%tmp_46 = bitselect i1 @_ssdm_op_BitSelect.i1.i32.i32, i32 %add_ln813_11, i32 31"   --->   Operation 298 'bitselect' 'tmp_46' <Predicate = (!icmp_ln36)> <Delay = 0.00>
ST_3 : Operation 299 [1/1] (0.00ns) (grouped into LUT with out node select_ln302_31)   --->   "%xor_ln895_31 = xor i1 %tmp_45, i1 1"   --->   Operation 299 'xor' 'xor_ln895_31' <Predicate = (!icmp_ln36)> <Delay = 0.00> <CoreInst = "LogicGate">   --->   Core 74 'LogicGate' <Latency = 0> <II = 1> <Delay = 0.33> <FuncUnit> <Opcode : 'and' 'or' 'xor'> <InPorts = 2> <OutPorts = 1>
ST_3 : Operation 300 [1/1] (0.00ns) (grouped into LUT with out node select_ln302_31)   --->   "%and_ln895_11 = and i1 %tmp_46, i1 %xor_ln895_31"   --->   Operation 300 'and' 'and_ln895_11' <Predicate = (!icmp_ln36)> <Delay = 0.00> <CoreInst = "LogicGate">   --->   Core 74 'LogicGate' <Latency = 0> <II = 1> <Delay = 0.33> <FuncUnit> <Opcode : 'and' 'or' 'xor'> <InPorts = 2> <OutPorts = 1>
ST_3 : Operation 301 [1/1] (0.00ns) (grouped into LUT with out node select_ln302_31)   --->   "%xor_ln302_27 = xor i1 %tmp_45, i1 %tmp_46"   --->   Operation 301 'xor' 'xor_ln302_27' <Predicate = (!icmp_ln36)> <Delay = 0.00> <CoreInst = "LogicGate">   --->   Core 74 'LogicGate' <Latency = 0> <II = 1> <Delay = 0.33> <FuncUnit> <Opcode : 'and' 'or' 'xor'> <InPorts = 2> <OutPorts = 1>
ST_3 : Operation 302 [1/1] (0.00ns) (grouped into LUT with out node select_ln302_31)   --->   "%select_ln346_27 = select i1 %and_ln895_11, i32 2147483647, i32 2147483648"   --->   Operation 302 'select' 'select_ln346_27' <Predicate = (!icmp_ln36)> <Delay = 0.00> <CoreInst = "Sel">   --->   Core 73 'Sel' <Latency = 0> <II = 1> <Delay = 0.52> <FuncUnit> <Opcode : 'select'> <InPorts = 3> <OutPorts = 1>
ST_3 : Operation 303 [1/1] (0.52ns) (out node of the LUT)   --->   "%select_ln302_31 = select i1 %xor_ln302_27, i32 %select_ln346_27, i32 %add_ln813_11"   --->   Operation 303 'select' 'select_ln302_31' <Predicate = (!icmp_ln36)> <Delay = 0.52> <CoreInst = "Sel">   --->   Core 73 'Sel' <Latency = 0> <II = 1> <Delay = 0.52> <FuncUnit> <Opcode : 'select'> <InPorts = 3> <OutPorts = 1>
ST_3 : Operation 304 [1/1] (0.00ns)   --->   "%sext_ln813_33 = sext i32 %select_ln302_31"   --->   Operation 304 'sext' 'sext_ln813_33' <Predicate = (!icmp_ln36)> <Delay = 0.00>
ST_3 : Operation 305 [1/1] (0.00ns)   --->   "%shl_ln1347_18 = bitconcatenate i16 @_ssdm_op_BitConcatenate.i16.i8.i8, i8 %px_V_19, i8 0"   --->   Operation 305 'bitconcatenate' 'shl_ln1347_18' <Predicate = (!icmp_ln36)> <Delay = 0.00>
ST_3 : Operation 306 [1/1] (0.00ns)   --->   "%sext_ln1347_67 = sext i16 %shl_ln1347_18"   --->   Operation 306 'sext' 'sext_ln1347_67' <Predicate = (!icmp_ln36)> <Delay = 0.00>
ST_3 : Operation 307 [1/1] (0.00ns)   --->   "%sext_ln1347_68 = sext i16 %shl_ln1347_18"   --->   Operation 307 'sext' 'sext_ln1347_68' <Predicate = (!icmp_ln36)> <Delay = 0.00>
ST_3 : Operation 308 [1/1] (1.20ns)   --->   "%add_ln1347_21 = add i33 %sext_ln813_33, i33 %sext_ln1347_67"   --->   Operation 308 'add' 'add_ln1347_21' <Predicate = (!icmp_ln36)> <Delay = 1.20> <CoreInst = "Adder">   --->   Core 1 'Adder' <Latency = 0> <II = 1> <Delay = 1.20> <FuncUnit> <Opcode : 'add' 'sub'> <InPorts = 2> <OutPorts = 1>
ST_3 : Operation 309 [1/1] (0.00ns)   --->   "%tmp_47 = bitselect i1 @_ssdm_op_BitSelect.i1.i33.i32, i33 %add_ln1347_21, i32 32"   --->   Operation 309 'bitselect' 'tmp_47' <Predicate = (!icmp_ln36)> <Delay = 0.00>
ST_3 : Operation 310 [1/1] (1.20ns)   --->   "%add_ln813_12 = add i32 %select_ln302_31, i32 %sext_ln1347_68"   --->   Operation 310 'add' 'add_ln813_12' <Predicate = (!icmp_ln36)> <Delay = 1.20> <CoreInst = "Adder">   --->   Core 1 'Adder' <Latency = 0> <II = 1> <Delay = 1.20> <FuncUnit> <Opcode : 'add' 'sub'> <InPorts = 2> <OutPorts = 1>
ST_3 : Operation 311 [1/1] (0.00ns)   --->   "%tmp_48 = bitselect i1 @_ssdm_op_BitSelect.i1.i32.i32, i32 %add_ln813_12, i32 31"   --->   Operation 311 'bitselect' 'tmp_48' <Predicate = (!icmp_ln36)> <Delay = 0.00>
ST_3 : Operation 312 [1/1] (0.00ns) (grouped into LUT with out node select_ln302_32)   --->   "%xor_ln895_32 = xor i1 %tmp_47, i1 1"   --->   Operation 312 'xor' 'xor_ln895_32' <Predicate = (!icmp_ln36)> <Delay = 0.00> <CoreInst = "LogicGate">   --->   Core 74 'LogicGate' <Latency = 0> <II = 1> <Delay = 0.33> <FuncUnit> <Opcode : 'and' 'or' 'xor'> <InPorts = 2> <OutPorts = 1>
ST_3 : Operation 313 [1/1] (0.00ns) (grouped into LUT with out node select_ln302_32)   --->   "%and_ln895_12 = and i1 %tmp_48, i1 %xor_ln895_32"   --->   Operation 313 'and' 'and_ln895_12' <Predicate = (!icmp_ln36)> <Delay = 0.00> <CoreInst = "LogicGate">   --->   Core 74 'LogicGate' <Latency = 0> <II = 1> <Delay = 0.33> <FuncUnit> <Opcode : 'and' 'or' 'xor'> <InPorts = 2> <OutPorts = 1>
ST_3 : Operation 314 [1/1] (0.00ns) (grouped into LUT with out node select_ln302_32)   --->   "%xor_ln302_28 = xor i1 %tmp_47, i1 %tmp_48"   --->   Operation 314 'xor' 'xor_ln302_28' <Predicate = (!icmp_ln36)> <Delay = 0.00> <CoreInst = "LogicGate">   --->   Core 74 'LogicGate' <Latency = 0> <II = 1> <Delay = 0.33> <FuncUnit> <Opcode : 'and' 'or' 'xor'> <InPorts = 2> <OutPorts = 1>
ST_3 : Operation 315 [1/1] (0.00ns) (grouped into LUT with out node select_ln302_32)   --->   "%select_ln346_28 = select i1 %and_ln895_12, i32 2147483647, i32 2147483648"   --->   Operation 315 'select' 'select_ln346_28' <Predicate = (!icmp_ln36)> <Delay = 0.00> <CoreInst = "Sel">   --->   Core 73 'Sel' <Latency = 0> <II = 1> <Delay = 0.52> <FuncUnit> <Opcode : 'select'> <InPorts = 3> <OutPorts = 1>
ST_3 : Operation 316 [1/1] (0.52ns) (out node of the LUT)   --->   "%select_ln302_32 = select i1 %xor_ln302_28, i32 %select_ln346_28, i32 %add_ln813_12"   --->   Operation 316 'select' 'select_ln302_32' <Predicate = (!icmp_ln36)> <Delay = 0.52> <CoreInst = "Sel">   --->   Core 73 'Sel' <Latency = 0> <II = 1> <Delay = 0.52> <FuncUnit> <Opcode : 'select'> <InPorts = 3> <OutPorts = 1>
ST_3 : Operation 317 [1/1] (0.00ns)   --->   "%sext_ln1273_33 = sext i20 %add_ln1347_26"   --->   Operation 317 'sext' 'sext_ln1273_33' <Predicate = (!icmp_ln36)> <Delay = 0.00>
ST_3 : Operation 318 [1/1] (0.93ns)   --->   "%add_ln1273_2 = add i11 %sext_ln1273_13, i11 %px_V_18_cast137_i"   --->   Operation 318 'add' 'add_ln1273_2' <Predicate = (!icmp_ln36)> <Delay = 0.93> <CoreInst = "Adder">   --->   Core 1 'Adder' <Latency = 0> <II = 1> <Delay = 0.93> <FuncUnit> <Opcode : 'add' 'sub'> <InPorts = 2> <OutPorts = 1>
ST_3 : Operation 319 [1/1] (0.00ns)   --->   "%shl_ln1347_23 = bitconcatenate i19 @_ssdm_op_BitConcatenate.i19.i11.i8, i11 %add_ln1273_2, i8 0"   --->   Operation 319 'bitconcatenate' 'shl_ln1347_23' <Predicate = (!icmp_ln36)> <Delay = 0.00>
ST_3 : Operation 320 [1/1] (0.00ns)   --->   "%sext_ln1347_92 = sext i19 %shl_ln1347_23"   --->   Operation 320 'sext' 'sext_ln1347_92' <Predicate = (!icmp_ln36)> <Delay = 0.00>
ST_3 : Operation 321 [1/1] (1.06ns)   --->   "%add_ln1347_27 = add i21 %sext_ln1273_33, i21 %sext_ln1347_92"   --->   Operation 321 'add' 'add_ln1347_27' <Predicate = (!icmp_ln36)> <Delay = 1.06> <CoreInst = "Adder">   --->   Core 1 'Adder' <Latency = 0> <II = 1> <Delay = 1.06> <FuncUnit> <Opcode : 'add' 'sub'> <InPorts = 2> <OutPorts = 1>
ST_3 : Operation 322 [1/1] (0.00ns)   --->   "%sext_ln856_3 = sext i21 %add_ln1347_27"   --->   Operation 322 'sext' 'sext_ln856_3' <Predicate = (!icmp_ln36)> <Delay = 0.00>
ST_3 : Operation 323 [1/1] (0.00ns)   --->   "%shl_ln1273_16 = bitconcatenate i10 @_ssdm_op_BitConcatenate.i10.i8.i2, i8 %r_V_17_load, i2 0"   --->   Operation 323 'bitconcatenate' 'shl_ln1273_16' <Predicate = (!icmp_ln36)> <Delay = 0.00>
ST_3 : Operation 324 [1/1] (0.00ns)   --->   "%sext_ln1273_18 = sext i10 %shl_ln1273_16"   --->   Operation 324 'sext' 'sext_ln1273_18' <Predicate = (!icmp_ln36)> <Delay = 0.00>
ST_3 : Operation 325 [1/1] (0.93ns)   --->   "%sub_ln1273_17 = sub i11 %sext_ln1273_18, i11 %px_V_19_cast147_i"   --->   Operation 325 'sub' 'sub_ln1273_17' <Predicate = (!icmp_ln36)> <Delay = 0.93> <CoreInst = "Adder">   --->   Core 1 'Adder' <Latency = 0> <II = 1> <Delay = 0.93> <FuncUnit> <Opcode : 'add' 'sub'> <InPorts = 2> <OutPorts = 1>
ST_3 : Operation 326 [1/1] (0.00ns)   --->   "%sext_ln813_37 = sext i21 %add_ln1347_27"   --->   Operation 326 'sext' 'sext_ln813_37' <Predicate = (!icmp_ln36)> <Delay = 0.00>
ST_3 : Operation 327 [1/1] (0.00ns)   --->   "%shl_ln1347_24 = bitconcatenate i19 @_ssdm_op_BitConcatenate.i19.i11.i8, i11 %sub_ln1273_17, i8 0"   --->   Operation 327 'bitconcatenate' 'shl_ln1347_24' <Predicate = (!icmp_ln36)> <Delay = 0.00>
ST_3 : Operation 328 [1/1] (0.00ns)   --->   "%sext_ln1347_77 = sext i19 %shl_ln1347_24"   --->   Operation 328 'sext' 'sext_ln1347_77' <Predicate = (!icmp_ln36)> <Delay = 0.00>
ST_3 : Operation 329 [1/1] (0.00ns)   --->   "%sext_ln1347_101 = sext i19 %shl_ln1347_24"   --->   Operation 329 'sext' 'sext_ln1347_101' <Predicate = (!icmp_ln36)> <Delay = 0.00>
ST_3 : Operation 330 [1/1] (0.00ns)   --->   "%sext_ln1347_78 = sext i19 %shl_ln1347_24"   --->   Operation 330 'sext' 'sext_ln1347_78' <Predicate = (!icmp_ln36)> <Delay = 0.00>
ST_3 : Operation 331 [1/1] (1.07ns)   --->   "%add_ln1347_28 = add i33 %sext_ln813_37, i33 %sext_ln1347_77"   --->   Operation 331 'add' 'add_ln1347_28' <Predicate = (!icmp_ln36)> <Delay = 1.07> <CoreInst = "Adder">   --->   Core 1 'Adder' <Latency = 0> <II = 1> <Delay = 1.07> <FuncUnit> <Opcode : 'add' 'sub'> <InPorts = 2> <OutPorts = 1>
ST_3 : Operation 332 [1/1] (0.00ns)   --->   "%tmp_59 = bitselect i1 @_ssdm_op_BitSelect.i1.i33.i32, i33 %add_ln1347_28, i32 32"   --->   Operation 332 'bitselect' 'tmp_59' <Predicate = (!icmp_ln36)> <Delay = 0.00>
ST_3 : Operation 333 [1/1] (1.07ns)   --->   "%add_ln813_16 = add i32 %sext_ln856_3, i32 %sext_ln1347_78"   --->   Operation 333 'add' 'add_ln813_16' <Predicate = (!icmp_ln36)> <Delay = 1.07> <CoreInst = "Adder">   --->   Core 1 'Adder' <Latency = 0> <II = 1> <Delay = 1.07> <FuncUnit> <Opcode : 'add' 'sub'> <InPorts = 2> <OutPorts = 1>
ST_3 : Operation 334 [1/1] (0.00ns)   --->   "%tmp_60 = bitselect i1 @_ssdm_op_BitSelect.i1.i32.i32, i32 %add_ln813_16, i32 31"   --->   Operation 334 'bitselect' 'tmp_60' <Predicate = (!icmp_ln36)> <Delay = 0.00>
ST_3 : Operation 335 [1/1] (0.00ns) (grouped into LUT with out node select_ln302_37)   --->   "%xor_ln895_37 = xor i1 %tmp_59, i1 1"   --->   Operation 335 'xor' 'xor_ln895_37' <Predicate = (!icmp_ln36)> <Delay = 0.00> <CoreInst = "LogicGate">   --->   Core 74 'LogicGate' <Latency = 0> <II = 1> <Delay = 0.33> <FuncUnit> <Opcode : 'and' 'or' 'xor'> <InPorts = 2> <OutPorts = 1>
ST_3 : Operation 336 [1/1] (0.00ns) (grouped into LUT with out node select_ln302_37)   --->   "%and_ln895_16 = and i1 %tmp_60, i1 %xor_ln895_37"   --->   Operation 336 'and' 'and_ln895_16' <Predicate = (!icmp_ln36)> <Delay = 0.00> <CoreInst = "LogicGate">   --->   Core 74 'LogicGate' <Latency = 0> <II = 1> <Delay = 0.33> <FuncUnit> <Opcode : 'and' 'or' 'xor'> <InPorts = 2> <OutPorts = 1>
ST_3 : Operation 337 [1/1] (0.00ns) (grouped into LUT with out node select_ln302_37)   --->   "%xor_ln302_32 = xor i1 %tmp_59, i1 %tmp_60"   --->   Operation 337 'xor' 'xor_ln302_32' <Predicate = (!icmp_ln36)> <Delay = 0.00> <CoreInst = "LogicGate">   --->   Core 74 'LogicGate' <Latency = 0> <II = 1> <Delay = 0.33> <FuncUnit> <Opcode : 'and' 'or' 'xor'> <InPorts = 2> <OutPorts = 1>
ST_3 : Operation 338 [1/1] (0.00ns) (grouped into LUT with out node select_ln302_37)   --->   "%select_ln346_32 = select i1 %and_ln895_16, i32 2147483647, i32 2147483648"   --->   Operation 338 'select' 'select_ln346_32' <Predicate = (!icmp_ln36)> <Delay = 0.00> <CoreInst = "Sel">   --->   Core 73 'Sel' <Latency = 0> <II = 1> <Delay = 0.52> <FuncUnit> <Opcode : 'select'> <InPorts = 3> <OutPorts = 1>
ST_3 : Operation 339 [1/1] (0.52ns) (out node of the LUT)   --->   "%select_ln302_37 = select i1 %xor_ln302_32, i32 %select_ln346_32, i32 %add_ln813_16"   --->   Operation 339 'select' 'select_ln302_37' <Predicate = (!icmp_ln36)> <Delay = 0.52> <CoreInst = "Sel">   --->   Core 73 'Sel' <Latency = 0> <II = 1> <Delay = 0.52> <FuncUnit> <Opcode : 'select'> <InPorts = 3> <OutPorts = 1>
ST_3 : Operation 340 [1/1] (0.00ns)   --->   "%shl_ln1273_17 = bitconcatenate i9 @_ssdm_op_BitConcatenate.i9.i8.i1, i8 %px_V_18, i1 0"   --->   Operation 340 'bitconcatenate' 'shl_ln1273_17' <Predicate = (!icmp_ln36)> <Delay = 0.00>
ST_3 : Operation 341 [1/1] (0.00ns)   --->   "%sext_ln813_38 = sext i9 %shl_ln1273_17"   --->   Operation 341 'sext' 'sext_ln813_38' <Predicate = (!icmp_ln36)> <Delay = 0.00>
ST_3 : Operation 342 [1/1] (0.00ns)   --->   "%sext_ln813_39 = sext i32 %select_ln302_37"   --->   Operation 342 'sext' 'sext_ln813_39' <Predicate = (!icmp_ln36)> <Delay = 0.00>
ST_3 : Operation 343 [1/1] (0.00ns)   --->   "%shl_ln1347_25 = bitconcatenate i17 @_ssdm_op_BitConcatenate.i17.i8.i9, i8 %px_V_18, i9 0"   --->   Operation 343 'bitconcatenate' 'shl_ln1347_25' <Predicate = (!icmp_ln36)> <Delay = 0.00>
ST_3 : Operation 344 [1/1] (0.00ns)   --->   "%sext_ln1347_79 = sext i17 %shl_ln1347_25"   --->   Operation 344 'sext' 'sext_ln1347_79' <Predicate = (!icmp_ln36)> <Delay = 0.00>
ST_3 : Operation 345 [1/1] (0.00ns)   --->   "%sext_ln1347_80 = sext i17 %shl_ln1347_25"   --->   Operation 345 'sext' 'sext_ln1347_80' <Predicate = (!icmp_ln36)> <Delay = 0.00>
ST_3 : Operation 346 [1/1] (1.20ns)   --->   "%add_ln1347_29 = add i33 %sext_ln813_39, i33 %sext_ln1347_79"   --->   Operation 346 'add' 'add_ln1347_29' <Predicate = (!icmp_ln36)> <Delay = 1.20> <CoreInst = "Adder">   --->   Core 1 'Adder' <Latency = 0> <II = 1> <Delay = 1.20> <FuncUnit> <Opcode : 'add' 'sub'> <InPorts = 2> <OutPorts = 1>
ST_3 : Operation 347 [1/1] (0.00ns)   --->   "%tmp_61 = bitselect i1 @_ssdm_op_BitSelect.i1.i33.i32, i33 %add_ln1347_29, i32 32"   --->   Operation 347 'bitselect' 'tmp_61' <Predicate = (!icmp_ln36)> <Delay = 0.00>
ST_3 : Operation 348 [1/1] (1.20ns)   --->   "%add_ln813_17 = add i32 %select_ln302_37, i32 %sext_ln1347_80"   --->   Operation 348 'add' 'add_ln813_17' <Predicate = (!icmp_ln36)> <Delay = 1.20> <CoreInst = "Adder">   --->   Core 1 'Adder' <Latency = 0> <II = 1> <Delay = 1.20> <FuncUnit> <Opcode : 'add' 'sub'> <InPorts = 2> <OutPorts = 1>
ST_3 : Operation 349 [1/1] (0.00ns)   --->   "%tmp_62 = bitselect i1 @_ssdm_op_BitSelect.i1.i32.i32, i32 %add_ln813_17, i32 31"   --->   Operation 349 'bitselect' 'tmp_62' <Predicate = (!icmp_ln36)> <Delay = 0.00>
ST_3 : Operation 350 [1/1] (0.00ns) (grouped into LUT with out node select_ln302_38)   --->   "%xor_ln895_38 = xor i1 %tmp_61, i1 1"   --->   Operation 350 'xor' 'xor_ln895_38' <Predicate = (!icmp_ln36)> <Delay = 0.00> <CoreInst = "LogicGate">   --->   Core 74 'LogicGate' <Latency = 0> <II = 1> <Delay = 0.33> <FuncUnit> <Opcode : 'and' 'or' 'xor'> <InPorts = 2> <OutPorts = 1>
ST_3 : Operation 351 [1/1] (0.00ns) (grouped into LUT with out node select_ln302_38)   --->   "%and_ln895_17 = and i1 %tmp_62, i1 %xor_ln895_38"   --->   Operation 351 'and' 'and_ln895_17' <Predicate = (!icmp_ln36)> <Delay = 0.00> <CoreInst = "LogicGate">   --->   Core 74 'LogicGate' <Latency = 0> <II = 1> <Delay = 0.33> <FuncUnit> <Opcode : 'and' 'or' 'xor'> <InPorts = 2> <OutPorts = 1>
ST_3 : Operation 352 [1/1] (0.00ns) (grouped into LUT with out node select_ln302_38)   --->   "%xor_ln302_33 = xor i1 %tmp_61, i1 %tmp_62"   --->   Operation 352 'xor' 'xor_ln302_33' <Predicate = (!icmp_ln36)> <Delay = 0.00> <CoreInst = "LogicGate">   --->   Core 74 'LogicGate' <Latency = 0> <II = 1> <Delay = 0.33> <FuncUnit> <Opcode : 'and' 'or' 'xor'> <InPorts = 2> <OutPorts = 1>
ST_3 : Operation 353 [1/1] (0.00ns) (grouped into LUT with out node select_ln302_38)   --->   "%select_ln346_33 = select i1 %and_ln895_17, i32 2147483647, i32 2147483648"   --->   Operation 353 'select' 'select_ln346_33' <Predicate = (!icmp_ln36)> <Delay = 0.00> <CoreInst = "Sel">   --->   Core 73 'Sel' <Latency = 0> <II = 1> <Delay = 0.52> <FuncUnit> <Opcode : 'select'> <InPorts = 3> <OutPorts = 1>
ST_3 : Operation 354 [1/1] (0.52ns) (out node of the LUT)   --->   "%select_ln302_38 = select i1 %xor_ln302_33, i32 %select_ln346_33, i32 %add_ln813_17"   --->   Operation 354 'select' 'select_ln302_38' <Predicate = (!icmp_ln36)> <Delay = 0.52> <CoreInst = "Sel">   --->   Core 73 'Sel' <Latency = 0> <II = 1> <Delay = 0.52> <FuncUnit> <Opcode : 'select'> <InPorts = 3> <OutPorts = 1>
ST_3 : Operation 355 [1/1] (0.93ns)   --->   "%sub_ln1273_18 = sub i11 %sext_ln1273, i11 %px_V_21_cast128_i"   --->   Operation 355 'sub' 'sub_ln1273_18' <Predicate = (!icmp_ln36)> <Delay = 0.93> <CoreInst = "Adder">   --->   Core 1 'Adder' <Latency = 0> <II = 1> <Delay = 0.93> <FuncUnit> <Opcode : 'add' 'sub'> <InPorts = 2> <OutPorts = 1>
ST_3 : Operation 356 [1/1] (0.00ns)   --->   "%sext_ln813_40 = sext i32 %select_ln302_38"   --->   Operation 356 'sext' 'sext_ln813_40' <Predicate = (!icmp_ln36)> <Delay = 0.00>
ST_3 : Operation 357 [1/1] (0.00ns)   --->   "%shl_ln1347_26 = bitconcatenate i19 @_ssdm_op_BitConcatenate.i19.i11.i8, i11 %sub_ln1273_18, i8 0"   --->   Operation 357 'bitconcatenate' 'shl_ln1347_26' <Predicate = (!icmp_ln36)> <Delay = 0.00>
ST_3 : Operation 358 [1/1] (0.00ns)   --->   "%sext_ln1347_81 = sext i19 %shl_ln1347_26"   --->   Operation 358 'sext' 'sext_ln1347_81' <Predicate = (!icmp_ln36)> <Delay = 0.00>
ST_3 : Operation 359 [1/1] (0.00ns)   --->   "%sext_ln1347_82 = sext i19 %shl_ln1347_26"   --->   Operation 359 'sext' 'sext_ln1347_82' <Predicate = (!icmp_ln36)> <Delay = 0.00>
ST_3 : Operation 360 [1/1] (1.20ns)   --->   "%add_ln1347_30 = add i33 %sext_ln813_40, i33 %sext_ln1347_81"   --->   Operation 360 'add' 'add_ln1347_30' <Predicate = (!icmp_ln36)> <Delay = 1.20> <CoreInst = "Adder">   --->   Core 1 'Adder' <Latency = 0> <II = 1> <Delay = 1.20> <FuncUnit> <Opcode : 'add' 'sub'> <InPorts = 2> <OutPorts = 1>
ST_3 : Operation 361 [1/1] (0.00ns)   --->   "%tmp_63 = bitselect i1 @_ssdm_op_BitSelect.i1.i33.i32, i33 %add_ln1347_30, i32 32"   --->   Operation 361 'bitselect' 'tmp_63' <Predicate = (!icmp_ln36)> <Delay = 0.00>
ST_3 : Operation 362 [1/1] (1.20ns)   --->   "%add_ln813_18 = add i32 %select_ln302_38, i32 %sext_ln1347_82"   --->   Operation 362 'add' 'add_ln813_18' <Predicate = (!icmp_ln36)> <Delay = 1.20> <CoreInst = "Adder">   --->   Core 1 'Adder' <Latency = 0> <II = 1> <Delay = 1.20> <FuncUnit> <Opcode : 'add' 'sub'> <InPorts = 2> <OutPorts = 1>
ST_3 : Operation 363 [1/1] (0.00ns)   --->   "%tmp_64 = bitselect i1 @_ssdm_op_BitSelect.i1.i32.i32, i32 %add_ln813_18, i32 31"   --->   Operation 363 'bitselect' 'tmp_64' <Predicate = (!icmp_ln36)> <Delay = 0.00>
ST_3 : Operation 364 [1/1] (0.00ns) (grouped into LUT with out node select_ln302_39)   --->   "%xor_ln895_39 = xor i1 %tmp_63, i1 1"   --->   Operation 364 'xor' 'xor_ln895_39' <Predicate = (!icmp_ln36)> <Delay = 0.00> <CoreInst = "LogicGate">   --->   Core 74 'LogicGate' <Latency = 0> <II = 1> <Delay = 0.33> <FuncUnit> <Opcode : 'and' 'or' 'xor'> <InPorts = 2> <OutPorts = 1>
ST_3 : Operation 365 [1/1] (0.00ns) (grouped into LUT with out node select_ln302_39)   --->   "%and_ln895_18 = and i1 %tmp_64, i1 %xor_ln895_39"   --->   Operation 365 'and' 'and_ln895_18' <Predicate = (!icmp_ln36)> <Delay = 0.00> <CoreInst = "LogicGate">   --->   Core 74 'LogicGate' <Latency = 0> <II = 1> <Delay = 0.33> <FuncUnit> <Opcode : 'and' 'or' 'xor'> <InPorts = 2> <OutPorts = 1>
ST_3 : Operation 366 [1/1] (0.00ns) (grouped into LUT with out node select_ln302_39)   --->   "%xor_ln302_34 = xor i1 %tmp_63, i1 %tmp_64"   --->   Operation 366 'xor' 'xor_ln302_34' <Predicate = (!icmp_ln36)> <Delay = 0.00> <CoreInst = "LogicGate">   --->   Core 74 'LogicGate' <Latency = 0> <II = 1> <Delay = 0.33> <FuncUnit> <Opcode : 'and' 'or' 'xor'> <InPorts = 2> <OutPorts = 1>
ST_3 : Operation 367 [1/1] (0.00ns) (grouped into LUT with out node select_ln302_39)   --->   "%select_ln346_34 = select i1 %and_ln895_18, i32 2147483647, i32 2147483648"   --->   Operation 367 'select' 'select_ln346_34' <Predicate = (!icmp_ln36)> <Delay = 0.00> <CoreInst = "Sel">   --->   Core 73 'Sel' <Latency = 0> <II = 1> <Delay = 0.52> <FuncUnit> <Opcode : 'select'> <InPorts = 3> <OutPorts = 1>
ST_3 : Operation 368 [1/1] (0.52ns) (out node of the LUT)   --->   "%select_ln302_39 = select i1 %xor_ln302_34, i32 %select_ln346_34, i32 %add_ln813_18"   --->   Operation 368 'select' 'select_ln302_39' <Predicate = (!icmp_ln36)> <Delay = 0.52> <CoreInst = "Sel">   --->   Core 73 'Sel' <Latency = 0> <II = 1> <Delay = 0.52> <FuncUnit> <Opcode : 'select'> <InPorts = 3> <OutPorts = 1>
ST_3 : Operation 369 [1/1] (0.00ns)   --->   "%shl_ln1347_30 = bitconcatenate i19 @_ssdm_op_BitConcatenate.i19.i11.i8, i11 %sub_ln1273_19, i8 0"   --->   Operation 369 'bitconcatenate' 'shl_ln1347_30' <Predicate = (!icmp_ln36)> <Delay = 0.00>
ST_3 : Operation 370 [1/1] (0.00ns)   --->   "%sext_ln1347_99 = sext i19 %shl_ln1347_30"   --->   Operation 370 'sext' 'sext_ln1347_99' <Predicate = (!icmp_ln36)> <Delay = 0.00>
ST_3 : Operation 371 [1/1] (0.00ns)   --->   "%sext_ln1347_100 = sext i19 %shl_ln1347_30"   --->   Operation 371 'sext' 'sext_ln1347_100' <Predicate = (!icmp_ln36)> <Delay = 0.00>
ST_3 : Operation 372 [1/1] (1.05ns)   --->   "%add_ln1347_34 = add i19 %shl_ln1347_30, i19 507904"   --->   Operation 372 'add' 'add_ln1347_34' <Predicate = (!icmp_ln36)> <Delay = 1.05> <CoreInst = "Adder">   --->   Core 1 'Adder' <Latency = 0> <II = 1> <Delay = 1.05> <FuncUnit> <Opcode : 'add' 'sub'> <InPorts = 2> <OutPorts = 1>
ST_3 : Operation 373 [1/1] (0.00ns)   --->   "%sext_ln1273_19 = sext i19 %add_ln1347_34"   --->   Operation 373 'sext' 'sext_ln1273_19' <Predicate = (!icmp_ln36)> <Delay = 0.00>
ST_3 : Operation 374 [1/1] (0.00ns)   --->   "%shl_ln1273_18 = bitconcatenate i9 @_ssdm_op_BitConcatenate.i9.i8.i1, i8 %px_V_17, i1 0"   --->   Operation 374 'bitconcatenate' 'shl_ln1273_18' <Predicate = (!icmp_ln36)> <Delay = 0.00>
ST_3 : Operation 375 [1/1] (0.00ns)   --->   "%sext_ln1273_20 = sext i9 %shl_ln1273_18"   --->   Operation 375 'sext' 'sext_ln1273_20' <Predicate = (!icmp_ln36)> <Delay = 0.00>
ST_3 : Operation 376 [1/1] (0.94ns)   --->   "%sub_ln1273_20 = sub i12 %sext_ln1273_20, i12 %sext_ln813_31"   --->   Operation 376 'sub' 'sub_ln1273_20' <Predicate = (!icmp_ln36)> <Delay = 0.94> <CoreInst = "Adder">   --->   Core 1 'Adder' <Latency = 0> <II = 1> <Delay = 0.94> <FuncUnit> <Opcode : 'add' 'sub'> <InPorts = 2> <OutPorts = 1>
ST_3 : Operation 377 [1/1] (0.00ns)   --->   "%shl_ln1347_31 = bitconcatenate i20 @_ssdm_op_BitConcatenate.i20.i12.i8, i12 %sub_ln1273_20, i8 0"   --->   Operation 377 'bitconcatenate' 'shl_ln1347_31' <Predicate = (!icmp_ln36)> <Delay = 0.00>
ST_3 : Operation 378 [1/1] (0.00ns)   --->   "%sext_ln1347_102 = sext i20 %shl_ln1347_31"   --->   Operation 378 'sext' 'sext_ln1347_102' <Predicate = (!icmp_ln36)> <Delay = 0.00>
ST_3 : Operation 379 [1/1] (0.00ns) (grouped into TernaryAdder)   --->   "%add_ln1347_35 = add i21 %sext_ln1347_102, i21 %sext_ln1273_19"   --->   Operation 379 'add' 'add_ln1347_35' <Predicate = (!icmp_ln36)> <Delay = 0.00> <CoreInst = "TAddSub">   --->   Core 10 'TAddSub' <Latency = 0> <II = 1> <Delay = 0.42> <IPBlock> <Opcode : 'add' 'sub'> <InPorts = 3> <OutPorts = 1> <Sync> <CReg>
ST_3 : Operation 380 [1/1] (0.00ns)   --->   "%shl_ln1347_32 = bitconcatenate i18 @_ssdm_op_BitConcatenate.i18.i8.i10, i8 %r_V_17_load, i10 0"   --->   Operation 380 'bitconcatenate' 'shl_ln1347_32' <Predicate = (!icmp_ln36)> <Delay = 0.00>
ST_3 : Operation 381 [1/1] (0.00ns)   --->   "%sext_ln1347_93 = sext i18 %shl_ln1347_32"   --->   Operation 381 'sext' 'sext_ln1347_93' <Predicate = (!icmp_ln36)> <Delay = 0.00>
ST_3 : Operation 382 [1/1] (0.00ns)   --->   "%sext_ln1347_111 = sext i18 %shl_ln1347_32"   --->   Operation 382 'sext' 'sext_ln1347_111' <Predicate = (!icmp_ln36)> <Delay = 0.00>
ST_3 : Operation 383 [1/1] (0.00ns)   --->   "%sext_ln1347_94 = sext i18 %shl_ln1347_32"   --->   Operation 383 'sext' 'sext_ln1347_94' <Predicate = (!icmp_ln36)> <Delay = 0.00>
ST_3 : Operation 384 [1/1] (0.84ns) (root node of TernaryAdder)   --->   "%add_ln1347_36 = add i21 %add_ln1347_35, i21 %sext_ln1347_111"   --->   Operation 384 'add' 'add_ln1347_36' <Predicate = (!icmp_ln36)> <Delay = 0.84> <CoreInst = "TAddSub">   --->   Core 10 'TAddSub' <Latency = 0> <II = 1> <Delay = 0.42> <IPBlock> <Opcode : 'add' 'sub'> <InPorts = 3> <OutPorts = 1> <Sync> <CReg>
ST_3 : Operation 385 [1/1] (0.00ns)   --->   "%sext_ln856_4 = sext i21 %add_ln1347_36"   --->   Operation 385 'sext' 'sext_ln856_4' <Predicate = (!icmp_ln36)> <Delay = 0.00>
ST_3 : Operation 386 [1/1] (0.00ns)   --->   "%sext_ln813_44 = sext i21 %add_ln1347_36"   --->   Operation 386 'sext' 'sext_ln813_44' <Predicate = (!icmp_ln36)> <Delay = 0.00>
ST_3 : Operation 387 [1/1] (1.07ns)   --->   "%add_ln1347_37 = add i33 %sext_ln813_44, i33 %sext_ln1347_53"   --->   Operation 387 'add' 'add_ln1347_37' <Predicate = (!icmp_ln36)> <Delay = 1.07> <CoreInst = "Adder">   --->   Core 1 'Adder' <Latency = 0> <II = 1> <Delay = 1.07> <FuncUnit> <Opcode : 'add' 'sub'> <InPorts = 2> <OutPorts = 1>
ST_3 : Operation 388 [1/1] (0.00ns)   --->   "%tmp_75 = bitselect i1 @_ssdm_op_BitSelect.i1.i33.i32, i33 %add_ln1347_37, i32 32"   --->   Operation 388 'bitselect' 'tmp_75' <Predicate = (!icmp_ln36)> <Delay = 0.00>
ST_3 : Operation 389 [1/1] (1.07ns)   --->   "%add_ln813_22 = add i32 %sext_ln856_4, i32 %sext_ln1347_54"   --->   Operation 389 'add' 'add_ln813_22' <Predicate = (!icmp_ln36)> <Delay = 1.07> <CoreInst = "Adder">   --->   Core 1 'Adder' <Latency = 0> <II = 1> <Delay = 1.07> <FuncUnit> <Opcode : 'add' 'sub'> <InPorts = 2> <OutPorts = 1>
ST_3 : Operation 390 [1/1] (0.00ns)   --->   "%tmp_76 = bitselect i1 @_ssdm_op_BitSelect.i1.i32.i32, i32 %add_ln813_22, i32 31"   --->   Operation 390 'bitselect' 'tmp_76' <Predicate = (!icmp_ln36)> <Delay = 0.00>
ST_3 : Operation 391 [1/1] (0.00ns) (grouped into LUT with out node select_ln302_44)   --->   "%xor_ln895_44 = xor i1 %tmp_75, i1 1"   --->   Operation 391 'xor' 'xor_ln895_44' <Predicate = (!icmp_ln36)> <Delay = 0.00> <CoreInst = "LogicGate">   --->   Core 74 'LogicGate' <Latency = 0> <II = 1> <Delay = 0.33> <FuncUnit> <Opcode : 'and' 'or' 'xor'> <InPorts = 2> <OutPorts = 1>
ST_3 : Operation 392 [1/1] (0.00ns) (grouped into LUT with out node select_ln302_44)   --->   "%and_ln895_22 = and i1 %tmp_76, i1 %xor_ln895_44"   --->   Operation 392 'and' 'and_ln895_22' <Predicate = (!icmp_ln36)> <Delay = 0.00> <CoreInst = "LogicGate">   --->   Core 74 'LogicGate' <Latency = 0> <II = 1> <Delay = 0.33> <FuncUnit> <Opcode : 'and' 'or' 'xor'> <InPorts = 2> <OutPorts = 1>
ST_3 : Operation 393 [1/1] (0.00ns) (grouped into LUT with out node select_ln302_44)   --->   "%xor_ln302_38 = xor i1 %tmp_75, i1 %tmp_76"   --->   Operation 393 'xor' 'xor_ln302_38' <Predicate = (!icmp_ln36)> <Delay = 0.00> <CoreInst = "LogicGate">   --->   Core 74 'LogicGate' <Latency = 0> <II = 1> <Delay = 0.33> <FuncUnit> <Opcode : 'and' 'or' 'xor'> <InPorts = 2> <OutPorts = 1>
ST_3 : Operation 394 [1/1] (0.00ns) (grouped into LUT with out node select_ln302_44)   --->   "%select_ln346_38 = select i1 %and_ln895_22, i32 2147483647, i32 2147483648"   --->   Operation 394 'select' 'select_ln346_38' <Predicate = (!icmp_ln36)> <Delay = 0.00> <CoreInst = "Sel">   --->   Core 73 'Sel' <Latency = 0> <II = 1> <Delay = 0.52> <FuncUnit> <Opcode : 'select'> <InPorts = 3> <OutPorts = 1>
ST_3 : Operation 395 [1/1] (0.52ns) (out node of the LUT)   --->   "%select_ln302_44 = select i1 %xor_ln302_38, i32 %select_ln346_38, i32 %add_ln813_22"   --->   Operation 395 'select' 'select_ln302_44' <Predicate = (!icmp_ln36)> <Delay = 0.52> <CoreInst = "Sel">   --->   Core 73 'Sel' <Latency = 0> <II = 1> <Delay = 0.52> <FuncUnit> <Opcode : 'select'> <InPorts = 3> <OutPorts = 1>
ST_3 : Operation 396 [1/1] (0.00ns)   --->   "%sext_ln813_45 = sext i32 %select_ln302_44"   --->   Operation 396 'sext' 'sext_ln813_45' <Predicate = (!icmp_ln36)> <Delay = 0.00>
ST_3 : Operation 397 [1/1] (0.00ns)   --->   "%shl_ln1347_33 = bitconcatenate i18 @_ssdm_op_BitConcatenate.i18.i8.i10, i8 %px_V_19, i10 0"   --->   Operation 397 'bitconcatenate' 'shl_ln1347_33' <Predicate = (!icmp_ln36)> <Delay = 0.00>
ST_3 : Operation 398 [1/1] (0.00ns)   --->   "%sext_ln1347_95 = sext i18 %shl_ln1347_33"   --->   Operation 398 'sext' 'sext_ln1347_95' <Predicate = (!icmp_ln36)> <Delay = 0.00>
ST_3 : Operation 399 [1/1] (0.00ns)   --->   "%sext_ln1347_96 = sext i18 %shl_ln1347_33"   --->   Operation 399 'sext' 'sext_ln1347_96' <Predicate = (!icmp_ln36)> <Delay = 0.00>
ST_3 : Operation 400 [1/1] (1.20ns)   --->   "%add_ln1347_38 = add i33 %sext_ln813_45, i33 %sext_ln1347_95"   --->   Operation 400 'add' 'add_ln1347_38' <Predicate = (!icmp_ln36)> <Delay = 1.20> <CoreInst = "Adder">   --->   Core 1 'Adder' <Latency = 0> <II = 1> <Delay = 1.20> <FuncUnit> <Opcode : 'add' 'sub'> <InPorts = 2> <OutPorts = 1>
ST_3 : Operation 401 [1/1] (0.00ns)   --->   "%tmp_77 = bitselect i1 @_ssdm_op_BitSelect.i1.i33.i32, i33 %add_ln1347_38, i32 32"   --->   Operation 401 'bitselect' 'tmp_77' <Predicate = (!icmp_ln36)> <Delay = 0.00>
ST_3 : Operation 402 [1/1] (1.20ns)   --->   "%add_ln813_23 = add i32 %select_ln302_44, i32 %sext_ln1347_96"   --->   Operation 402 'add' 'add_ln813_23' <Predicate = (!icmp_ln36)> <Delay = 1.20> <CoreInst = "Adder">   --->   Core 1 'Adder' <Latency = 0> <II = 1> <Delay = 1.20> <FuncUnit> <Opcode : 'add' 'sub'> <InPorts = 2> <OutPorts = 1>
ST_3 : Operation 403 [1/1] (0.00ns)   --->   "%tmp_78 = bitselect i1 @_ssdm_op_BitSelect.i1.i32.i32, i32 %add_ln813_23, i32 31"   --->   Operation 403 'bitselect' 'tmp_78' <Predicate = (!icmp_ln36)> <Delay = 0.00>
ST_3 : Operation 404 [1/1] (0.00ns) (grouped into LUT with out node select_ln302_45)   --->   "%xor_ln895_45 = xor i1 %tmp_77, i1 1"   --->   Operation 404 'xor' 'xor_ln895_45' <Predicate = (!icmp_ln36)> <Delay = 0.00> <CoreInst = "LogicGate">   --->   Core 74 'LogicGate' <Latency = 0> <II = 1> <Delay = 0.33> <FuncUnit> <Opcode : 'and' 'or' 'xor'> <InPorts = 2> <OutPorts = 1>
ST_3 : Operation 405 [1/1] (0.00ns) (grouped into LUT with out node select_ln302_45)   --->   "%and_ln895_23 = and i1 %tmp_78, i1 %xor_ln895_45"   --->   Operation 405 'and' 'and_ln895_23' <Predicate = (!icmp_ln36)> <Delay = 0.00> <CoreInst = "LogicGate">   --->   Core 74 'LogicGate' <Latency = 0> <II = 1> <Delay = 0.33> <FuncUnit> <Opcode : 'and' 'or' 'xor'> <InPorts = 2> <OutPorts = 1>
ST_3 : Operation 406 [1/1] (0.00ns) (grouped into LUT with out node select_ln302_45)   --->   "%xor_ln302_39 = xor i1 %tmp_77, i1 %tmp_78"   --->   Operation 406 'xor' 'xor_ln302_39' <Predicate = (!icmp_ln36)> <Delay = 0.00> <CoreInst = "LogicGate">   --->   Core 74 'LogicGate' <Latency = 0> <II = 1> <Delay = 0.33> <FuncUnit> <Opcode : 'and' 'or' 'xor'> <InPorts = 2> <OutPorts = 1>
ST_3 : Operation 407 [1/1] (0.00ns) (grouped into LUT with out node select_ln302_45)   --->   "%select_ln346_39 = select i1 %and_ln895_23, i32 2147483647, i32 2147483648"   --->   Operation 407 'select' 'select_ln346_39' <Predicate = (!icmp_ln36)> <Delay = 0.00> <CoreInst = "Sel">   --->   Core 73 'Sel' <Latency = 0> <II = 1> <Delay = 0.52> <FuncUnit> <Opcode : 'select'> <InPorts = 3> <OutPorts = 1>
ST_3 : Operation 408 [1/1] (0.52ns) (out node of the LUT)   --->   "%select_ln302_45 = select i1 %xor_ln302_39, i32 %select_ln346_39, i32 %add_ln813_23"   --->   Operation 408 'select' 'select_ln302_45' <Predicate = (!icmp_ln36)> <Delay = 0.52> <CoreInst = "Sel">   --->   Core 73 'Sel' <Latency = 0> <II = 1> <Delay = 0.52> <FuncUnit> <Opcode : 'select'> <InPorts = 3> <OutPorts = 1>
ST_3 : Operation 409 [1/1] (0.00ns)   --->   "%sext_ln813_46 = sext i32 %select_ln302_45"   --->   Operation 409 'sext' 'sext_ln813_46' <Predicate = (!icmp_ln36)> <Delay = 0.00>
ST_3 : Operation 410 [1/1] (0.00ns)   --->   "%shl_ln1347_34 = bitconcatenate i19 @_ssdm_op_BitConcatenate.i19.i8.i11, i8 %r_V_18_load, i11 0"   --->   Operation 410 'bitconcatenate' 'shl_ln1347_34' <Predicate = (!icmp_ln36)> <Delay = 0.00>
ST_3 : Operation 411 [1/1] (0.00ns)   --->   "%sext_ln1347_97 = sext i19 %shl_ln1347_34"   --->   Operation 411 'sext' 'sext_ln1347_97' <Predicate = (!icmp_ln36)> <Delay = 0.00>
ST_3 : Operation 412 [1/1] (0.00ns)   --->   "%sext_ln1347_98 = sext i19 %shl_ln1347_34"   --->   Operation 412 'sext' 'sext_ln1347_98' <Predicate = (!icmp_ln36)> <Delay = 0.00>
ST_3 : Operation 413 [1/1] (1.20ns)   --->   "%add_ln1347_39 = add i33 %sext_ln813_46, i33 %sext_ln1347_97"   --->   Operation 413 'add' 'add_ln1347_39' <Predicate = (!icmp_ln36)> <Delay = 1.20> <CoreInst = "Adder">   --->   Core 1 'Adder' <Latency = 0> <II = 1> <Delay = 1.20> <FuncUnit> <Opcode : 'add' 'sub'> <InPorts = 2> <OutPorts = 1>
ST_3 : Operation 414 [1/1] (0.00ns)   --->   "%tmp_79 = bitselect i1 @_ssdm_op_BitSelect.i1.i33.i32, i33 %add_ln1347_39, i32 32"   --->   Operation 414 'bitselect' 'tmp_79' <Predicate = (!icmp_ln36)> <Delay = 0.00>
ST_3 : Operation 415 [1/1] (1.20ns)   --->   "%add_ln813_24 = add i32 %select_ln302_45, i32 %sext_ln1347_98"   --->   Operation 415 'add' 'add_ln813_24' <Predicate = (!icmp_ln36)> <Delay = 1.20> <CoreInst = "Adder">   --->   Core 1 'Adder' <Latency = 0> <II = 1> <Delay = 1.20> <FuncUnit> <Opcode : 'add' 'sub'> <InPorts = 2> <OutPorts = 1>
ST_3 : Operation 416 [1/1] (0.00ns)   --->   "%tmp_80 = bitselect i1 @_ssdm_op_BitSelect.i1.i32.i32, i32 %add_ln813_24, i32 31"   --->   Operation 416 'bitselect' 'tmp_80' <Predicate = (!icmp_ln36)> <Delay = 0.00>
ST_3 : Operation 417 [1/1] (0.00ns) (grouped into LUT with out node select_ln302_46)   --->   "%xor_ln895_46 = xor i1 %tmp_79, i1 1"   --->   Operation 417 'xor' 'xor_ln895_46' <Predicate = (!icmp_ln36)> <Delay = 0.00> <CoreInst = "LogicGate">   --->   Core 74 'LogicGate' <Latency = 0> <II = 1> <Delay = 0.33> <FuncUnit> <Opcode : 'and' 'or' 'xor'> <InPorts = 2> <OutPorts = 1>
ST_3 : Operation 418 [1/1] (0.00ns) (grouped into LUT with out node select_ln302_46)   --->   "%and_ln895_24 = and i1 %tmp_80, i1 %xor_ln895_46"   --->   Operation 418 'and' 'and_ln895_24' <Predicate = (!icmp_ln36)> <Delay = 0.00> <CoreInst = "LogicGate">   --->   Core 74 'LogicGate' <Latency = 0> <II = 1> <Delay = 0.33> <FuncUnit> <Opcode : 'and' 'or' 'xor'> <InPorts = 2> <OutPorts = 1>
ST_3 : Operation 419 [1/1] (0.00ns) (grouped into LUT with out node select_ln302_46)   --->   "%xor_ln302_40 = xor i1 %tmp_79, i1 %tmp_80"   --->   Operation 419 'xor' 'xor_ln302_40' <Predicate = (!icmp_ln36)> <Delay = 0.00> <CoreInst = "LogicGate">   --->   Core 74 'LogicGate' <Latency = 0> <II = 1> <Delay = 0.33> <FuncUnit> <Opcode : 'and' 'or' 'xor'> <InPorts = 2> <OutPorts = 1>
ST_3 : Operation 420 [1/1] (0.00ns) (grouped into LUT with out node select_ln302_46)   --->   "%select_ln346_40 = select i1 %and_ln895_24, i32 2147483647, i32 2147483648"   --->   Operation 420 'select' 'select_ln346_40' <Predicate = (!icmp_ln36)> <Delay = 0.00> <CoreInst = "Sel">   --->   Core 73 'Sel' <Latency = 0> <II = 1> <Delay = 0.52> <FuncUnit> <Opcode : 'select'> <InPorts = 3> <OutPorts = 1>
ST_3 : Operation 421 [1/1] (0.52ns) (out node of the LUT)   --->   "%select_ln302_46 = select i1 %xor_ln302_40, i32 %select_ln346_40, i32 %add_ln813_24"   --->   Operation 421 'select' 'select_ln302_46' <Predicate = (!icmp_ln36)> <Delay = 0.52> <CoreInst = "Sel">   --->   Core 73 'Sel' <Latency = 0> <II = 1> <Delay = 0.52> <FuncUnit> <Opcode : 'select'> <InPorts = 3> <OutPorts = 1>
ST_3 : Operation 422 [1/1] (0.00ns)   --->   "%sext_ln1273_34 = sext i21 %add_ln1347_43"   --->   Operation 422 'sext' 'sext_ln1273_34' <Predicate = (!icmp_ln36)> <Delay = 0.00>
ST_3 : Operation 423 [1/1] (0.00ns) (grouped into TernaryAdder)   --->   "%sub_ln1273_23 = sub i12 0, i12 %sext_ln813_31"   --->   Operation 423 'sub' 'sub_ln1273_23' <Predicate = (!icmp_ln36)> <Delay = 0.00> <CoreInst = "TAddSub">   --->   Core 10 'TAddSub' <Latency = 0> <II = 1> <Delay = 0.42> <IPBlock> <Opcode : 'add' 'sub'> <InPorts = 3> <OutPorts = 1> <Sync> <CReg>
ST_3 : Operation 424 [1/1] (1.02ns) (root node of TernaryAdder)   --->   "%sub_ln1273_24 = sub i12 %sub_ln1273_23, i12 %sext_ln1273_20"   --->   Operation 424 'sub' 'sub_ln1273_24' <Predicate = (!icmp_ln36)> <Delay = 1.02> <CoreInst = "TAddSub">   --->   Core 10 'TAddSub' <Latency = 0> <II = 1> <Delay = 0.42> <IPBlock> <Opcode : 'add' 'sub'> <InPorts = 3> <OutPorts = 1> <Sync> <CReg>
ST_3 : Operation 425 [1/1] (0.00ns)   --->   "%shl_ln1347_37 = bitconcatenate i20 @_ssdm_op_BitConcatenate.i20.i12.i8, i12 %sub_ln1273_24, i8 0"   --->   Operation 425 'bitconcatenate' 'shl_ln1347_37' <Predicate = (!icmp_ln36)> <Delay = 0.00>
ST_3 : Operation 426 [1/1] (0.00ns)   --->   "%sext_ln1347_122 = sext i20 %shl_ln1347_37"   --->   Operation 426 'sext' 'sext_ln1347_122' <Predicate = (!icmp_ln36)> <Delay = 0.00>
ST_3 : Operation 427 [1/1] (1.07ns)   --->   "%add_ln1347_44 = add i22 %sext_ln1273_34, i22 %sext_ln1347_122"   --->   Operation 427 'add' 'add_ln1347_44' <Predicate = (!icmp_ln36)> <Delay = 1.07> <CoreInst = "Adder">   --->   Core 1 'Adder' <Latency = 0> <II = 1> <Delay = 1.07> <FuncUnit> <Opcode : 'add' 'sub'> <InPorts = 2> <OutPorts = 1>
ST_3 : Operation 428 [1/1] (0.00ns)   --->   "%sext_ln856_5 = sext i22 %add_ln1347_44"   --->   Operation 428 'sext' 'sext_ln856_5' <Predicate = (!icmp_ln36)> <Delay = 0.00>
ST_3 : Operation 429 [1/1] (0.00ns)   --->   "%sext_ln813_49 = sext i22 %add_ln1347_44"   --->   Operation 429 'sext' 'sext_ln813_49' <Predicate = (!icmp_ln36)> <Delay = 0.00>
ST_3 : Operation 430 [1/1] (1.08ns)   --->   "%add_ln1347_45 = add i33 %sext_ln813_49, i33 %sext_ln1347_93"   --->   Operation 430 'add' 'add_ln1347_45' <Predicate = (!icmp_ln36)> <Delay = 1.08> <CoreInst = "Adder">   --->   Core 1 'Adder' <Latency = 0> <II = 1> <Delay = 1.08> <FuncUnit> <Opcode : 'add' 'sub'> <InPorts = 2> <OutPorts = 1>
ST_3 : Operation 431 [1/1] (0.00ns)   --->   "%tmp_89 = bitselect i1 @_ssdm_op_BitSelect.i1.i33.i32, i33 %add_ln1347_45, i32 32"   --->   Operation 431 'bitselect' 'tmp_89' <Predicate = (!icmp_ln36)> <Delay = 0.00>
ST_3 : Operation 432 [1/1] (1.08ns)   --->   "%add_ln813_27 = add i32 %sext_ln856_5, i32 %sext_ln1347_94"   --->   Operation 432 'add' 'add_ln813_27' <Predicate = (!icmp_ln36)> <Delay = 1.08> <CoreInst = "Adder">   --->   Core 1 'Adder' <Latency = 0> <II = 1> <Delay = 1.08> <FuncUnit> <Opcode : 'add' 'sub'> <InPorts = 2> <OutPorts = 1>
ST_3 : Operation 433 [1/1] (0.00ns)   --->   "%tmp_90 = bitselect i1 @_ssdm_op_BitSelect.i1.i32.i32, i32 %add_ln813_27, i32 31"   --->   Operation 433 'bitselect' 'tmp_90' <Predicate = (!icmp_ln36)> <Delay = 0.00>
ST_3 : Operation 434 [1/1] (0.00ns) (grouped into LUT with out node select_ln302_50)   --->   "%xor_ln895_50 = xor i1 %tmp_89, i1 1"   --->   Operation 434 'xor' 'xor_ln895_50' <Predicate = (!icmp_ln36)> <Delay = 0.00> <CoreInst = "LogicGate">   --->   Core 74 'LogicGate' <Latency = 0> <II = 1> <Delay = 0.33> <FuncUnit> <Opcode : 'and' 'or' 'xor'> <InPorts = 2> <OutPorts = 1>
ST_3 : Operation 435 [1/1] (0.00ns) (grouped into LUT with out node select_ln302_50)   --->   "%and_ln895_27 = and i1 %tmp_90, i1 %xor_ln895_50"   --->   Operation 435 'and' 'and_ln895_27' <Predicate = (!icmp_ln36)> <Delay = 0.00> <CoreInst = "LogicGate">   --->   Core 74 'LogicGate' <Latency = 0> <II = 1> <Delay = 0.33> <FuncUnit> <Opcode : 'and' 'or' 'xor'> <InPorts = 2> <OutPorts = 1>
ST_3 : Operation 436 [1/1] (0.00ns) (grouped into LUT with out node select_ln302_50)   --->   "%xor_ln302_43 = xor i1 %tmp_89, i1 %tmp_90"   --->   Operation 436 'xor' 'xor_ln302_43' <Predicate = (!icmp_ln36)> <Delay = 0.00> <CoreInst = "LogicGate">   --->   Core 74 'LogicGate' <Latency = 0> <II = 1> <Delay = 0.33> <FuncUnit> <Opcode : 'and' 'or' 'xor'> <InPorts = 2> <OutPorts = 1>
ST_3 : Operation 437 [1/1] (0.00ns) (grouped into LUT with out node select_ln302_50)   --->   "%select_ln346_43 = select i1 %and_ln895_27, i32 2147483647, i32 2147483648"   --->   Operation 437 'select' 'select_ln346_43' <Predicate = (!icmp_ln36)> <Delay = 0.00> <CoreInst = "Sel">   --->   Core 73 'Sel' <Latency = 0> <II = 1> <Delay = 0.52> <FuncUnit> <Opcode : 'select'> <InPorts = 3> <OutPorts = 1>
ST_3 : Operation 438 [1/1] (0.52ns) (out node of the LUT)   --->   "%select_ln302_50 = select i1 %xor_ln302_43, i32 %select_ln346_43, i32 %add_ln813_27"   --->   Operation 438 'select' 'select_ln302_50' <Predicate = (!icmp_ln36)> <Delay = 0.52> <CoreInst = "Sel">   --->   Core 73 'Sel' <Latency = 0> <II = 1> <Delay = 0.52> <FuncUnit> <Opcode : 'select'> <InPorts = 3> <OutPorts = 1>
ST_3 : Operation 439 [1/1] (0.94ns)   --->   "%sub_ln1273_25 = sub i12 %sext_ln813_38, i12 %sext_ln813_23"   --->   Operation 439 'sub' 'sub_ln1273_25' <Predicate = (!icmp_ln36)> <Delay = 0.94> <CoreInst = "Adder">   --->   Core 1 'Adder' <Latency = 0> <II = 1> <Delay = 0.94> <FuncUnit> <Opcode : 'add' 'sub'> <InPorts = 2> <OutPorts = 1>
ST_3 : Operation 440 [1/1] (0.00ns)   --->   "%sext_ln813_50 = sext i32 %select_ln302_50"   --->   Operation 440 'sext' 'sext_ln813_50' <Predicate = (!icmp_ln36)> <Delay = 0.00>
ST_3 : Operation 441 [1/1] (0.00ns)   --->   "%shl_ln1347_38 = bitconcatenate i20 @_ssdm_op_BitConcatenate.i20.i12.i8, i12 %sub_ln1273_25, i8 0"   --->   Operation 441 'bitconcatenate' 'shl_ln1347_38' <Predicate = (!icmp_ln36)> <Delay = 0.00>
ST_3 : Operation 442 [1/1] (0.00ns)   --->   "%sext_ln1347_103 = sext i20 %shl_ln1347_38"   --->   Operation 442 'sext' 'sext_ln1347_103' <Predicate = (!icmp_ln36)> <Delay = 0.00>
ST_3 : Operation 443 [1/1] (0.00ns)   --->   "%sext_ln1347_104 = sext i20 %shl_ln1347_38"   --->   Operation 443 'sext' 'sext_ln1347_104' <Predicate = (!icmp_ln36)> <Delay = 0.00>
ST_3 : Operation 444 [1/1] (1.20ns)   --->   "%add_ln1347_46 = add i33 %sext_ln813_50, i33 %sext_ln1347_103"   --->   Operation 444 'add' 'add_ln1347_46' <Predicate = (!icmp_ln36)> <Delay = 1.20> <CoreInst = "Adder">   --->   Core 1 'Adder' <Latency = 0> <II = 1> <Delay = 1.20> <FuncUnit> <Opcode : 'add' 'sub'> <InPorts = 2> <OutPorts = 1>
ST_3 : Operation 445 [1/1] (0.00ns)   --->   "%tmp_91 = bitselect i1 @_ssdm_op_BitSelect.i1.i33.i32, i33 %add_ln1347_46, i32 32"   --->   Operation 445 'bitselect' 'tmp_91' <Predicate = (!icmp_ln36)> <Delay = 0.00>
ST_3 : Operation 446 [1/1] (1.20ns)   --->   "%add_ln813_28 = add i32 %select_ln302_50, i32 %sext_ln1347_104"   --->   Operation 446 'add' 'add_ln813_28' <Predicate = (!icmp_ln36)> <Delay = 1.20> <CoreInst = "Adder">   --->   Core 1 'Adder' <Latency = 0> <II = 1> <Delay = 1.20> <FuncUnit> <Opcode : 'add' 'sub'> <InPorts = 2> <OutPorts = 1>
ST_3 : Operation 447 [1/1] (0.00ns)   --->   "%tmp_92 = bitselect i1 @_ssdm_op_BitSelect.i1.i32.i32, i32 %add_ln813_28, i32 31"   --->   Operation 447 'bitselect' 'tmp_92' <Predicate = (!icmp_ln36)> <Delay = 0.00>
ST_3 : Operation 448 [1/1] (0.00ns) (grouped into LUT with out node select_ln302_51)   --->   "%xor_ln895_51 = xor i1 %tmp_91, i1 1"   --->   Operation 448 'xor' 'xor_ln895_51' <Predicate = (!icmp_ln36)> <Delay = 0.00> <CoreInst = "LogicGate">   --->   Core 74 'LogicGate' <Latency = 0> <II = 1> <Delay = 0.33> <FuncUnit> <Opcode : 'and' 'or' 'xor'> <InPorts = 2> <OutPorts = 1>
ST_3 : Operation 449 [1/1] (0.00ns) (grouped into LUT with out node select_ln302_51)   --->   "%and_ln895_28 = and i1 %tmp_92, i1 %xor_ln895_51"   --->   Operation 449 'and' 'and_ln895_28' <Predicate = (!icmp_ln36)> <Delay = 0.00> <CoreInst = "LogicGate">   --->   Core 74 'LogicGate' <Latency = 0> <II = 1> <Delay = 0.33> <FuncUnit> <Opcode : 'and' 'or' 'xor'> <InPorts = 2> <OutPorts = 1>
ST_3 : Operation 450 [1/1] (0.00ns) (grouped into LUT with out node select_ln302_51)   --->   "%xor_ln302_44 = xor i1 %tmp_91, i1 %tmp_92"   --->   Operation 450 'xor' 'xor_ln302_44' <Predicate = (!icmp_ln36)> <Delay = 0.00> <CoreInst = "LogicGate">   --->   Core 74 'LogicGate' <Latency = 0> <II = 1> <Delay = 0.33> <FuncUnit> <Opcode : 'and' 'or' 'xor'> <InPorts = 2> <OutPorts = 1>
ST_3 : Operation 451 [1/1] (0.00ns) (grouped into LUT with out node select_ln302_51)   --->   "%select_ln346_44 = select i1 %and_ln895_28, i32 2147483647, i32 2147483648"   --->   Operation 451 'select' 'select_ln346_44' <Predicate = (!icmp_ln36)> <Delay = 0.00> <CoreInst = "Sel">   --->   Core 73 'Sel' <Latency = 0> <II = 1> <Delay = 0.52> <FuncUnit> <Opcode : 'select'> <InPorts = 3> <OutPorts = 1>
ST_3 : Operation 452 [1/1] (0.52ns) (out node of the LUT)   --->   "%select_ln302_51 = select i1 %xor_ln302_44, i32 %select_ln346_44, i32 %add_ln813_28"   --->   Operation 452 'select' 'select_ln302_51' <Predicate = (!icmp_ln36)> <Delay = 0.52> <CoreInst = "Sel">   --->   Core 73 'Sel' <Latency = 0> <II = 1> <Delay = 0.52> <FuncUnit> <Opcode : 'select'> <InPorts = 3> <OutPorts = 1>
ST_3 : Operation 453 [1/1] (0.00ns)   --->   "%sext_ln813_51 = sext i32 %select_ln302_51"   --->   Operation 453 'sext' 'sext_ln813_51' <Predicate = (!icmp_ln36)> <Delay = 0.00>
ST_3 : Operation 454 [1/1] (1.20ns)   --->   "%add_ln1347_47 = add i33 %sext_ln813_51, i33 %sext_ln1347_55"   --->   Operation 454 'add' 'add_ln1347_47' <Predicate = (!icmp_ln36)> <Delay = 1.20> <CoreInst = "Adder">   --->   Core 1 'Adder' <Latency = 0> <II = 1> <Delay = 1.20> <FuncUnit> <Opcode : 'add' 'sub'> <InPorts = 2> <OutPorts = 1>
ST_3 : Operation 455 [1/1] (0.00ns)   --->   "%tmp_93 = bitselect i1 @_ssdm_op_BitSelect.i1.i33.i32, i33 %add_ln1347_47, i32 32"   --->   Operation 455 'bitselect' 'tmp_93' <Predicate = (!icmp_ln36)> <Delay = 0.00>
ST_3 : Operation 456 [1/1] (1.20ns)   --->   "%add_ln813_29 = add i32 %select_ln302_51, i32 %sext_ln1347_56"   --->   Operation 456 'add' 'add_ln813_29' <Predicate = (!icmp_ln36)> <Delay = 1.20> <CoreInst = "Adder">   --->   Core 1 'Adder' <Latency = 0> <II = 1> <Delay = 1.20> <FuncUnit> <Opcode : 'add' 'sub'> <InPorts = 2> <OutPorts = 1>
ST_3 : Operation 457 [1/1] (0.00ns)   --->   "%tmp_94 = bitselect i1 @_ssdm_op_BitSelect.i1.i32.i32, i32 %add_ln813_29, i32 31"   --->   Operation 457 'bitselect' 'tmp_94' <Predicate = (!icmp_ln36)> <Delay = 0.00>
ST_3 : Operation 458 [1/1] (0.00ns) (grouped into LUT with out node select_ln302_52)   --->   "%xor_ln895_52 = xor i1 %tmp_93, i1 1"   --->   Operation 458 'xor' 'xor_ln895_52' <Predicate = (!icmp_ln36)> <Delay = 0.00> <CoreInst = "LogicGate">   --->   Core 74 'LogicGate' <Latency = 0> <II = 1> <Delay = 0.33> <FuncUnit> <Opcode : 'and' 'or' 'xor'> <InPorts = 2> <OutPorts = 1>
ST_3 : Operation 459 [1/1] (0.00ns) (grouped into LUT with out node select_ln302_52)   --->   "%and_ln895_29 = and i1 %tmp_94, i1 %xor_ln895_52"   --->   Operation 459 'and' 'and_ln895_29' <Predicate = (!icmp_ln36)> <Delay = 0.00> <CoreInst = "LogicGate">   --->   Core 74 'LogicGate' <Latency = 0> <II = 1> <Delay = 0.33> <FuncUnit> <Opcode : 'and' 'or' 'xor'> <InPorts = 2> <OutPorts = 1>
ST_3 : Operation 460 [1/1] (0.00ns) (grouped into LUT with out node select_ln302_52)   --->   "%xor_ln302_45 = xor i1 %tmp_93, i1 %tmp_94"   --->   Operation 460 'xor' 'xor_ln302_45' <Predicate = (!icmp_ln36)> <Delay = 0.00> <CoreInst = "LogicGate">   --->   Core 74 'LogicGate' <Latency = 0> <II = 1> <Delay = 0.33> <FuncUnit> <Opcode : 'and' 'or' 'xor'> <InPorts = 2> <OutPorts = 1>
ST_3 : Operation 461 [1/1] (0.00ns) (grouped into LUT with out node select_ln302_52)   --->   "%select_ln346_45 = select i1 %and_ln895_29, i32 2147483647, i32 2147483648"   --->   Operation 461 'select' 'select_ln346_45' <Predicate = (!icmp_ln36)> <Delay = 0.00> <CoreInst = "Sel">   --->   Core 73 'Sel' <Latency = 0> <II = 1> <Delay = 0.52> <FuncUnit> <Opcode : 'select'> <InPorts = 3> <OutPorts = 1>
ST_3 : Operation 462 [1/1] (0.52ns) (out node of the LUT)   --->   "%select_ln302_52 = select i1 %xor_ln302_45, i32 %select_ln346_45, i32 %add_ln813_29"   --->   Operation 462 'select' 'select_ln302_52' <Predicate = (!icmp_ln36)> <Delay = 0.52> <CoreInst = "Sel">   --->   Core 73 'Sel' <Latency = 0> <II = 1> <Delay = 0.52> <FuncUnit> <Opcode : 'select'> <InPorts = 3> <OutPorts = 1>
ST_3 : Operation 463 [1/1] (0.94ns)   --->   "%sub_ln1273_26 = sub i12 %sext_ln1273_1, i12 %sext_ln1273_3"   --->   Operation 463 'sub' 'sub_ln1273_26' <Predicate = (!icmp_ln36)> <Delay = 0.94> <CoreInst = "Adder">   --->   Core 1 'Adder' <Latency = 0> <II = 1> <Delay = 0.94> <FuncUnit> <Opcode : 'add' 'sub'> <InPorts = 2> <OutPorts = 1>
ST_3 : Operation 464 [1/1] (0.00ns)   --->   "%sext_ln813_55 = sext i19 %add_ln1347_51"   --->   Operation 464 'sext' 'sext_ln813_55' <Predicate = (!icmp_ln36)> <Delay = 0.00>
ST_3 : Operation 465 [1/1] (1.05ns)   --->   "%add_ln1347_52 = add i20 %sext_ln813_55, i20 %sext_ln1347_100"   --->   Operation 465 'add' 'add_ln1347_52' <Predicate = (!icmp_ln36)> <Delay = 1.05> <CoreInst = "Adder">   --->   Core 1 'Adder' <Latency = 0> <II = 1> <Delay = 1.05> <FuncUnit> <Opcode : 'add' 'sub'> <InPorts = 2> <OutPorts = 1>
ST_3 : Operation 466 [1/1] (0.00ns)   --->   "%sext_ln1273_35 = sext i20 %add_ln1347_52"   --->   Operation 466 'sext' 'sext_ln1273_35' <Predicate = (!icmp_ln36)> <Delay = 0.00>
ST_3 : Operation 467 [1/1] (0.93ns)   --->   "%sub_ln1273_29 = sub i11 %px_V_18_cast137_i, i11 %sext_ln1273_13"   --->   Operation 467 'sub' 'sub_ln1273_29' <Predicate = (!icmp_ln36)> <Delay = 0.93> <CoreInst = "Adder">   --->   Core 1 'Adder' <Latency = 0> <II = 1> <Delay = 0.93> <FuncUnit> <Opcode : 'add' 'sub'> <InPorts = 2> <OutPorts = 1>
ST_3 : Operation 468 [1/1] (0.00ns)   --->   "%shl_ln1347_43 = bitconcatenate i19 @_ssdm_op_BitConcatenate.i19.i11.i8, i11 %sub_ln1273_29, i8 0"   --->   Operation 468 'bitconcatenate' 'shl_ln1347_43' <Predicate = (!icmp_ln36)> <Delay = 0.00>
ST_3 : Operation 469 [1/1] (0.00ns)   --->   "%sext_ln1347_123 = sext i19 %shl_ln1347_43"   --->   Operation 469 'sext' 'sext_ln1347_123' <Predicate = (!icmp_ln36)> <Delay = 0.00>
ST_3 : Operation 470 [1/1] (1.06ns)   --->   "%add_ln1347_53 = add i21 %sext_ln1273_35, i21 %sext_ln1347_123"   --->   Operation 470 'add' 'add_ln1347_53' <Predicate = (!icmp_ln36)> <Delay = 1.06> <CoreInst = "Adder">   --->   Core 1 'Adder' <Latency = 0> <II = 1> <Delay = 1.06> <FuncUnit> <Opcode : 'add' 'sub'> <InPorts = 2> <OutPorts = 1>
ST_3 : Operation 471 [1/1] (0.00ns)   --->   "%sext_ln856_6 = sext i21 %add_ln1347_53"   --->   Operation 471 'sext' 'sext_ln856_6' <Predicate = (!icmp_ln36)> <Delay = 0.00>
ST_3 : Operation 472 [1/1] (0.00ns)   --->   "%sext_ln813_56 = sext i21 %add_ln1347_53"   --->   Operation 472 'sext' 'sext_ln813_56' <Predicate = (!icmp_ln36)> <Delay = 0.00>
ST_3 : Operation 473 [1/1] (0.00ns)   --->   "%shl_ln1347_44 = bitconcatenate i17 @_ssdm_op_BitConcatenate.i17.i8.i9, i8 %r_V_17_load, i9 0"   --->   Operation 473 'bitconcatenate' 'shl_ln1347_44' <Predicate = (!icmp_ln36)> <Delay = 0.00>
ST_3 : Operation 474 [1/1] (0.00ns)   --->   "%sext_ln1347_113 = sext i17 %shl_ln1347_44"   --->   Operation 474 'sext' 'sext_ln1347_113' <Predicate = (!icmp_ln36)> <Delay = 0.00>
ST_3 : Operation 475 [1/1] (0.00ns)   --->   "%sext_ln1347_114 = sext i17 %shl_ln1347_44"   --->   Operation 475 'sext' 'sext_ln1347_114' <Predicate = (!icmp_ln36)> <Delay = 0.00>
ST_3 : Operation 476 [1/1] (1.07ns)   --->   "%add_ln1347_54 = add i33 %sext_ln813_56, i33 %sext_ln1347_113"   --->   Operation 476 'add' 'add_ln1347_54' <Predicate = (!icmp_ln36)> <Delay = 1.07> <CoreInst = "Adder">   --->   Core 1 'Adder' <Latency = 0> <II = 1> <Delay = 1.07> <FuncUnit> <Opcode : 'add' 'sub'> <InPorts = 2> <OutPorts = 1>
ST_3 : Operation 477 [1/1] (0.00ns)   --->   "%tmp_105 = bitselect i1 @_ssdm_op_BitSelect.i1.i33.i32, i33 %add_ln1347_54, i32 32"   --->   Operation 477 'bitselect' 'tmp_105' <Predicate = (!icmp_ln36)> <Delay = 0.00>
ST_3 : Operation 478 [1/1] (1.07ns)   --->   "%add_ln813_33 = add i32 %sext_ln856_6, i32 %sext_ln1347_114"   --->   Operation 478 'add' 'add_ln813_33' <Predicate = (!icmp_ln36)> <Delay = 1.07> <CoreInst = "Adder">   --->   Core 1 'Adder' <Latency = 0> <II = 1> <Delay = 1.07> <FuncUnit> <Opcode : 'add' 'sub'> <InPorts = 2> <OutPorts = 1>
ST_3 : Operation 479 [1/1] (0.00ns)   --->   "%tmp_106 = bitselect i1 @_ssdm_op_BitSelect.i1.i32.i32, i32 %add_ln813_33, i32 31"   --->   Operation 479 'bitselect' 'tmp_106' <Predicate = (!icmp_ln36)> <Delay = 0.00>
ST_3 : Operation 480 [1/1] (0.00ns) (grouped into LUT with out node select_ln302_57)   --->   "%xor_ln895_57 = xor i1 %tmp_105, i1 1"   --->   Operation 480 'xor' 'xor_ln895_57' <Predicate = (!icmp_ln36)> <Delay = 0.00> <CoreInst = "LogicGate">   --->   Core 74 'LogicGate' <Latency = 0> <II = 1> <Delay = 0.33> <FuncUnit> <Opcode : 'and' 'or' 'xor'> <InPorts = 2> <OutPorts = 1>
ST_3 : Operation 481 [1/1] (0.00ns) (grouped into LUT with out node select_ln302_57)   --->   "%and_ln895_33 = and i1 %tmp_106, i1 %xor_ln895_57"   --->   Operation 481 'and' 'and_ln895_33' <Predicate = (!icmp_ln36)> <Delay = 0.00> <CoreInst = "LogicGate">   --->   Core 74 'LogicGate' <Latency = 0> <II = 1> <Delay = 0.33> <FuncUnit> <Opcode : 'and' 'or' 'xor'> <InPorts = 2> <OutPorts = 1>
ST_3 : Operation 482 [1/1] (0.00ns) (grouped into LUT with out node select_ln302_57)   --->   "%xor_ln302_49 = xor i1 %tmp_105, i1 %tmp_106"   --->   Operation 482 'xor' 'xor_ln302_49' <Predicate = (!icmp_ln36)> <Delay = 0.00> <CoreInst = "LogicGate">   --->   Core 74 'LogicGate' <Latency = 0> <II = 1> <Delay = 0.33> <FuncUnit> <Opcode : 'and' 'or' 'xor'> <InPorts = 2> <OutPorts = 1>
ST_3 : Operation 483 [1/1] (0.00ns) (grouped into LUT with out node select_ln302_57)   --->   "%select_ln346_49 = select i1 %and_ln895_33, i32 2147483647, i32 2147483648"   --->   Operation 483 'select' 'select_ln346_49' <Predicate = (!icmp_ln36)> <Delay = 0.00> <CoreInst = "Sel">   --->   Core 73 'Sel' <Latency = 0> <II = 1> <Delay = 0.52> <FuncUnit> <Opcode : 'select'> <InPorts = 3> <OutPorts = 1>
ST_3 : Operation 484 [1/1] (0.52ns) (out node of the LUT)   --->   "%select_ln302_57 = select i1 %xor_ln302_49, i32 %select_ln346_49, i32 %add_ln813_33"   --->   Operation 484 'select' 'select_ln302_57' <Predicate = (!icmp_ln36)> <Delay = 0.52> <CoreInst = "Sel">   --->   Core 73 'Sel' <Latency = 0> <II = 1> <Delay = 0.52> <FuncUnit> <Opcode : 'select'> <InPorts = 3> <OutPorts = 1>
ST_3 : Operation 485 [1/1] (0.00ns)   --->   "%sext_ln813_57 = sext i32 %select_ln302_57"   --->   Operation 485 'sext' 'sext_ln813_57' <Predicate = (!icmp_ln36)> <Delay = 0.00>
ST_3 : Operation 486 [1/1] (1.20ns)   --->   "%add_ln1347_55 = add i33 %sext_ln813_57, i33 %sext_ln1347_79"   --->   Operation 486 'add' 'add_ln1347_55' <Predicate = (!icmp_ln36)> <Delay = 1.20> <CoreInst = "Adder">   --->   Core 1 'Adder' <Latency = 0> <II = 1> <Delay = 1.20> <FuncUnit> <Opcode : 'add' 'sub'> <InPorts = 2> <OutPorts = 1>
ST_3 : Operation 487 [1/1] (0.00ns)   --->   "%tmp_107 = bitselect i1 @_ssdm_op_BitSelect.i1.i33.i32, i33 %add_ln1347_55, i32 32"   --->   Operation 487 'bitselect' 'tmp_107' <Predicate = (!icmp_ln36)> <Delay = 0.00>
ST_3 : Operation 488 [1/1] (1.20ns)   --->   "%add_ln813_34 = add i32 %select_ln302_57, i32 %sext_ln1347_80"   --->   Operation 488 'add' 'add_ln813_34' <Predicate = (!icmp_ln36)> <Delay = 1.20> <CoreInst = "Adder">   --->   Core 1 'Adder' <Latency = 0> <II = 1> <Delay = 1.20> <FuncUnit> <Opcode : 'add' 'sub'> <InPorts = 2> <OutPorts = 1>
ST_3 : Operation 489 [1/1] (0.00ns)   --->   "%tmp_108 = bitselect i1 @_ssdm_op_BitSelect.i1.i32.i32, i32 %add_ln813_34, i32 31"   --->   Operation 489 'bitselect' 'tmp_108' <Predicate = (!icmp_ln36)> <Delay = 0.00>
ST_3 : Operation 490 [1/1] (0.00ns) (grouped into LUT with out node select_ln302_58)   --->   "%xor_ln895_58 = xor i1 %tmp_107, i1 1"   --->   Operation 490 'xor' 'xor_ln895_58' <Predicate = (!icmp_ln36)> <Delay = 0.00> <CoreInst = "LogicGate">   --->   Core 74 'LogicGate' <Latency = 0> <II = 1> <Delay = 0.33> <FuncUnit> <Opcode : 'and' 'or' 'xor'> <InPorts = 2> <OutPorts = 1>
ST_3 : Operation 491 [1/1] (0.00ns) (grouped into LUT with out node select_ln302_58)   --->   "%and_ln895_34 = and i1 %tmp_108, i1 %xor_ln895_58"   --->   Operation 491 'and' 'and_ln895_34' <Predicate = (!icmp_ln36)> <Delay = 0.00> <CoreInst = "LogicGate">   --->   Core 74 'LogicGate' <Latency = 0> <II = 1> <Delay = 0.33> <FuncUnit> <Opcode : 'and' 'or' 'xor'> <InPorts = 2> <OutPorts = 1>
ST_3 : Operation 492 [1/1] (0.00ns) (grouped into LUT with out node select_ln302_58)   --->   "%xor_ln302_50 = xor i1 %tmp_107, i1 %tmp_108"   --->   Operation 492 'xor' 'xor_ln302_50' <Predicate = (!icmp_ln36)> <Delay = 0.00> <CoreInst = "LogicGate">   --->   Core 74 'LogicGate' <Latency = 0> <II = 1> <Delay = 0.33> <FuncUnit> <Opcode : 'and' 'or' 'xor'> <InPorts = 2> <OutPorts = 1>
ST_3 : Operation 493 [1/1] (0.00ns) (grouped into LUT with out node select_ln302_58)   --->   "%select_ln346_50 = select i1 %and_ln895_34, i32 2147483647, i32 2147483648"   --->   Operation 493 'select' 'select_ln346_50' <Predicate = (!icmp_ln36)> <Delay = 0.00> <CoreInst = "Sel">   --->   Core 73 'Sel' <Latency = 0> <II = 1> <Delay = 0.52> <FuncUnit> <Opcode : 'select'> <InPorts = 3> <OutPorts = 1>
ST_3 : Operation 494 [1/1] (0.52ns) (out node of the LUT)   --->   "%select_ln302_58 = select i1 %xor_ln302_50, i32 %select_ln346_50, i32 %add_ln813_34"   --->   Operation 494 'select' 'select_ln302_58' <Predicate = (!icmp_ln36)> <Delay = 0.52> <CoreInst = "Sel">   --->   Core 73 'Sel' <Latency = 0> <II = 1> <Delay = 0.52> <FuncUnit> <Opcode : 'select'> <InPorts = 3> <OutPorts = 1>
ST_3 : Operation 495 [1/1] (0.93ns)   --->   "%sub_ln1273_30 = sub i11 %px_V_21_cast128_i, i11 %sext_ln1273"   --->   Operation 495 'sub' 'sub_ln1273_30' <Predicate = (!icmp_ln36)> <Delay = 0.93> <CoreInst = "Adder">   --->   Core 1 'Adder' <Latency = 0> <II = 1> <Delay = 0.93> <FuncUnit> <Opcode : 'add' 'sub'> <InPorts = 2> <OutPorts = 1>
ST_3 : Operation 496 [1/1] (0.00ns)   --->   "%sext_ln813_58 = sext i32 %select_ln302_58"   --->   Operation 496 'sext' 'sext_ln813_58' <Predicate = (!icmp_ln36)> <Delay = 0.00>
ST_3 : Operation 497 [1/1] (0.00ns)   --->   "%shl_ln1347_45 = bitconcatenate i19 @_ssdm_op_BitConcatenate.i19.i11.i8, i11 %sub_ln1273_30, i8 0"   --->   Operation 497 'bitconcatenate' 'shl_ln1347_45' <Predicate = (!icmp_ln36)> <Delay = 0.00>
ST_3 : Operation 498 [1/1] (0.00ns)   --->   "%sext_ln1347_115 = sext i19 %shl_ln1347_45"   --->   Operation 498 'sext' 'sext_ln1347_115' <Predicate = (!icmp_ln36)> <Delay = 0.00>
ST_3 : Operation 499 [1/1] (0.00ns)   --->   "%sext_ln1347_116 = sext i19 %shl_ln1347_45"   --->   Operation 499 'sext' 'sext_ln1347_116' <Predicate = (!icmp_ln36)> <Delay = 0.00>
ST_3 : Operation 500 [1/1] (1.20ns)   --->   "%add_ln1347_56 = add i33 %sext_ln813_58, i33 %sext_ln1347_115"   --->   Operation 500 'add' 'add_ln1347_56' <Predicate = (!icmp_ln36)> <Delay = 1.20> <CoreInst = "Adder">   --->   Core 1 'Adder' <Latency = 0> <II = 1> <Delay = 1.20> <FuncUnit> <Opcode : 'add' 'sub'> <InPorts = 2> <OutPorts = 1>
ST_3 : Operation 501 [1/1] (0.00ns)   --->   "%tmp_109 = bitselect i1 @_ssdm_op_BitSelect.i1.i33.i32, i33 %add_ln1347_56, i32 32"   --->   Operation 501 'bitselect' 'tmp_109' <Predicate = (!icmp_ln36)> <Delay = 0.00>
ST_3 : Operation 502 [1/1] (1.20ns)   --->   "%add_ln813_35 = add i32 %select_ln302_58, i32 %sext_ln1347_116"   --->   Operation 502 'add' 'add_ln813_35' <Predicate = (!icmp_ln36)> <Delay = 1.20> <CoreInst = "Adder">   --->   Core 1 'Adder' <Latency = 0> <II = 1> <Delay = 1.20> <FuncUnit> <Opcode : 'add' 'sub'> <InPorts = 2> <OutPorts = 1>
ST_3 : Operation 503 [1/1] (0.00ns)   --->   "%tmp_110 = bitselect i1 @_ssdm_op_BitSelect.i1.i32.i32, i32 %add_ln813_35, i32 31"   --->   Operation 503 'bitselect' 'tmp_110' <Predicate = (!icmp_ln36)> <Delay = 0.00>
ST_3 : Operation 504 [1/1] (0.00ns) (grouped into LUT with out node select_ln302_59)   --->   "%xor_ln895_59 = xor i1 %tmp_109, i1 1"   --->   Operation 504 'xor' 'xor_ln895_59' <Predicate = (!icmp_ln36)> <Delay = 0.00> <CoreInst = "LogicGate">   --->   Core 74 'LogicGate' <Latency = 0> <II = 1> <Delay = 0.33> <FuncUnit> <Opcode : 'and' 'or' 'xor'> <InPorts = 2> <OutPorts = 1>
ST_3 : Operation 505 [1/1] (0.00ns) (grouped into LUT with out node select_ln302_59)   --->   "%and_ln895_35 = and i1 %tmp_110, i1 %xor_ln895_59"   --->   Operation 505 'and' 'and_ln895_35' <Predicate = (!icmp_ln36)> <Delay = 0.00> <CoreInst = "LogicGate">   --->   Core 74 'LogicGate' <Latency = 0> <II = 1> <Delay = 0.33> <FuncUnit> <Opcode : 'and' 'or' 'xor'> <InPorts = 2> <OutPorts = 1>
ST_3 : Operation 506 [1/1] (0.00ns) (grouped into LUT with out node select_ln302_59)   --->   "%xor_ln302_51 = xor i1 %tmp_109, i1 %tmp_110"   --->   Operation 506 'xor' 'xor_ln302_51' <Predicate = (!icmp_ln36)> <Delay = 0.00> <CoreInst = "LogicGate">   --->   Core 74 'LogicGate' <Latency = 0> <II = 1> <Delay = 0.33> <FuncUnit> <Opcode : 'and' 'or' 'xor'> <InPorts = 2> <OutPorts = 1>
ST_3 : Operation 507 [1/1] (0.00ns) (grouped into LUT with out node select_ln302_59)   --->   "%select_ln346_51 = select i1 %and_ln895_35, i32 2147483647, i32 2147483648"   --->   Operation 507 'select' 'select_ln346_51' <Predicate = (!icmp_ln36)> <Delay = 0.00> <CoreInst = "Sel">   --->   Core 73 'Sel' <Latency = 0> <II = 1> <Delay = 0.52> <FuncUnit> <Opcode : 'select'> <InPorts = 3> <OutPorts = 1>
ST_3 : Operation 508 [1/1] (0.52ns) (out node of the LUT)   --->   "%select_ln302_59 = select i1 %xor_ln302_51, i32 %select_ln346_51, i32 %add_ln813_35"   --->   Operation 508 'select' 'select_ln302_59' <Predicate = (!icmp_ln36)> <Delay = 0.52> <CoreInst = "Sel">   --->   Core 73 'Sel' <Latency = 0> <II = 1> <Delay = 0.52> <FuncUnit> <Opcode : 'select'> <InPorts = 3> <OutPorts = 1>
ST_3 : Operation 509 [1/1] (0.00ns)   --->   "%shl_ln1273_21 = bitconcatenate i10 @_ssdm_op_BitConcatenate.i10.i8.i2, i8 %r_V_18_load, i2 0"   --->   Operation 509 'bitconcatenate' 'shl_ln1273_21' <Predicate = (!icmp_ln36)> <Delay = 0.00>
ST_3 : Operation 510 [1/1] (0.00ns)   --->   "%sext_ln1273_24 = sext i10 %shl_ln1273_21"   --->   Operation 510 'sext' 'sext_ln1273_24' <Predicate = (!icmp_ln36)> <Delay = 0.00>
ST_3 : Operation 511 [1/1] (0.93ns)   --->   "%sub_ln1273_31 = sub i11 %px_V_22_cast_i, i11 %sext_ln1273_24"   --->   Operation 511 'sub' 'sub_ln1273_31' <Predicate = (!icmp_ln36)> <Delay = 0.93> <CoreInst = "Adder">   --->   Core 1 'Adder' <Latency = 0> <II = 1> <Delay = 0.93> <FuncUnit> <Opcode : 'add' 'sub'> <InPorts = 2> <OutPorts = 1>
ST_3 : Operation 512 [1/1] (0.00ns)   --->   "%sext_ln1273_36 = sext i21 %add_ln1347_61"   --->   Operation 512 'sext' 'sext_ln1273_36' <Predicate = (!icmp_ln36)> <Delay = 0.00>
ST_3 : Operation 513 [1/1] (0.94ns)   --->   "%sub_ln1273_32 = sub i12 %sext_ln813_31, i12 %sext_ln1273_20"   --->   Operation 513 'sub' 'sub_ln1273_32' <Predicate = (!icmp_ln36)> <Delay = 0.94> <CoreInst = "Adder">   --->   Core 1 'Adder' <Latency = 0> <II = 1> <Delay = 0.94> <FuncUnit> <Opcode : 'add' 'sub'> <InPorts = 2> <OutPorts = 1>
ST_3 : Operation 514 [1/1] (0.00ns)   --->   "%shl_ln1347_50 = bitconcatenate i20 @_ssdm_op_BitConcatenate.i20.i12.i8, i12 %sub_ln1273_32, i8 0"   --->   Operation 514 'bitconcatenate' 'shl_ln1347_50' <Predicate = (!icmp_ln36)> <Delay = 0.00>
ST_3 : Operation 515 [1/1] (0.00ns)   --->   "%sext_ln1347_125 = sext i20 %shl_ln1347_50"   --->   Operation 515 'sext' 'sext_ln1347_125' <Predicate = (!icmp_ln36)> <Delay = 0.00>
ST_3 : Operation 516 [1/1] (1.07ns)   --->   "%add_ln1347_62 = add i22 %sext_ln1273_36, i22 %sext_ln1347_125"   --->   Operation 516 'add' 'add_ln1347_62' <Predicate = (!icmp_ln36)> <Delay = 1.07> <CoreInst = "Adder">   --->   Core 1 'Adder' <Latency = 0> <II = 1> <Delay = 1.07> <FuncUnit> <Opcode : 'add' 'sub'> <InPorts = 2> <OutPorts = 1>
ST_3 : Operation 517 [1/1] (0.00ns)   --->   "%sext_ln856_7 = sext i22 %add_ln1347_62"   --->   Operation 517 'sext' 'sext_ln856_7' <Predicate = (!icmp_ln36)> <Delay = 0.00>
ST_3 : Operation 518 [1/1] (0.93ns)   --->   "%sub_ln1273_33 = sub i11 0, i11 %sext_ln1273_18"   --->   Operation 518 'sub' 'sub_ln1273_33' <Predicate = (!icmp_ln36)> <Delay = 0.93> <CoreInst = "Adder">   --->   Core 1 'Adder' <Latency = 0> <II = 1> <Delay = 0.93> <FuncUnit> <Opcode : 'add' 'sub'> <InPorts = 2> <OutPorts = 1>
ST_3 : Operation 519 [1/1] (0.00ns)   --->   "%sext_ln813_62 = sext i22 %add_ln1347_62"   --->   Operation 519 'sext' 'sext_ln813_62' <Predicate = (!icmp_ln36)> <Delay = 0.00>
ST_3 : Operation 520 [1/1] (0.00ns)   --->   "%shl_ln1347_51 = bitconcatenate i19 @_ssdm_op_BitConcatenate.i19.i11.i8, i11 %sub_ln1273_33, i8 0"   --->   Operation 520 'bitconcatenate' 'shl_ln1347_51' <Predicate = (!icmp_ln36)> <Delay = 0.00>
ST_3 : Operation 521 [1/1] (0.00ns)   --->   "%sext_ln1347_126 = sext i19 %shl_ln1347_51"   --->   Operation 521 'sext' 'sext_ln1347_126' <Predicate = (!icmp_ln36)> <Delay = 0.00>
ST_3 : Operation 522 [1/1] (0.00ns)   --->   "%sext_ln1347_127 = sext i19 %shl_ln1347_51"   --->   Operation 522 'sext' 'sext_ln1347_127' <Predicate = (!icmp_ln36)> <Delay = 0.00>
ST_3 : Operation 523 [1/1] (1.08ns)   --->   "%add_ln1347_63 = add i33 %sext_ln813_62, i33 %sext_ln1347_126"   --->   Operation 523 'add' 'add_ln1347_63' <Predicate = (!icmp_ln36)> <Delay = 1.08> <CoreInst = "Adder">   --->   Core 1 'Adder' <Latency = 0> <II = 1> <Delay = 1.08> <FuncUnit> <Opcode : 'add' 'sub'> <InPorts = 2> <OutPorts = 1>
ST_3 : Operation 524 [1/1] (0.00ns)   --->   "%tmp_121 = bitselect i1 @_ssdm_op_BitSelect.i1.i33.i32, i33 %add_ln1347_63, i32 32"   --->   Operation 524 'bitselect' 'tmp_121' <Predicate = (!icmp_ln36)> <Delay = 0.00>
ST_3 : Operation 525 [1/1] (1.08ns)   --->   "%add_ln813_39 = add i32 %sext_ln856_7, i32 %sext_ln1347_127"   --->   Operation 525 'add' 'add_ln813_39' <Predicate = (!icmp_ln36)> <Delay = 1.08> <CoreInst = "Adder">   --->   Core 1 'Adder' <Latency = 0> <II = 1> <Delay = 1.08> <FuncUnit> <Opcode : 'add' 'sub'> <InPorts = 2> <OutPorts = 1>
ST_3 : Operation 526 [1/1] (0.00ns)   --->   "%tmp_122 = bitselect i1 @_ssdm_op_BitSelect.i1.i32.i32, i32 %add_ln813_39, i32 31"   --->   Operation 526 'bitselect' 'tmp_122' <Predicate = (!icmp_ln36)> <Delay = 0.00>
ST_3 : Operation 527 [1/1] (0.00ns) (grouped into LUT with out node select_ln302_64)   --->   "%xor_ln895_64 = xor i1 %tmp_121, i1 1"   --->   Operation 527 'xor' 'xor_ln895_64' <Predicate = (!icmp_ln36)> <Delay = 0.00> <CoreInst = "LogicGate">   --->   Core 74 'LogicGate' <Latency = 0> <II = 1> <Delay = 0.33> <FuncUnit> <Opcode : 'and' 'or' 'xor'> <InPorts = 2> <OutPorts = 1>
ST_3 : Operation 528 [1/1] (0.00ns) (grouped into LUT with out node select_ln302_64)   --->   "%and_ln895_39 = and i1 %tmp_122, i1 %xor_ln895_64"   --->   Operation 528 'and' 'and_ln895_39' <Predicate = (!icmp_ln36)> <Delay = 0.00> <CoreInst = "LogicGate">   --->   Core 74 'LogicGate' <Latency = 0> <II = 1> <Delay = 0.33> <FuncUnit> <Opcode : 'and' 'or' 'xor'> <InPorts = 2> <OutPorts = 1>
ST_3 : Operation 529 [1/1] (0.00ns) (grouped into LUT with out node select_ln302_64)   --->   "%xor_ln302_55 = xor i1 %tmp_121, i1 %tmp_122"   --->   Operation 529 'xor' 'xor_ln302_55' <Predicate = (!icmp_ln36)> <Delay = 0.00> <CoreInst = "LogicGate">   --->   Core 74 'LogicGate' <Latency = 0> <II = 1> <Delay = 0.33> <FuncUnit> <Opcode : 'and' 'or' 'xor'> <InPorts = 2> <OutPorts = 1>
ST_3 : Operation 530 [1/1] (0.00ns) (grouped into LUT with out node select_ln302_64)   --->   "%select_ln346_55 = select i1 %and_ln895_39, i32 2147483647, i32 2147483648"   --->   Operation 530 'select' 'select_ln346_55' <Predicate = (!icmp_ln36)> <Delay = 0.00> <CoreInst = "Sel">   --->   Core 73 'Sel' <Latency = 0> <II = 1> <Delay = 0.52> <FuncUnit> <Opcode : 'select'> <InPorts = 3> <OutPorts = 1>
ST_3 : Operation 531 [1/1] (0.52ns) (out node of the LUT)   --->   "%select_ln302_64 = select i1 %xor_ln302_55, i32 %select_ln346_55, i32 %add_ln813_39"   --->   Operation 531 'select' 'select_ln302_64' <Predicate = (!icmp_ln36)> <Delay = 0.52> <CoreInst = "Sel">   --->   Core 73 'Sel' <Latency = 0> <II = 1> <Delay = 0.52> <FuncUnit> <Opcode : 'select'> <InPorts = 3> <OutPorts = 1>
ST_3 : Operation 532 [1/1] (0.00ns)   --->   "%shl_ln1273_22 = bitconcatenate i10 @_ssdm_op_BitConcatenate.i10.i8.i2, i8 %px_V_18, i2 0"   --->   Operation 532 'bitconcatenate' 'shl_ln1273_22' <Predicate = (!icmp_ln36)> <Delay = 0.00>
ST_3 : Operation 533 [1/1] (0.00ns)   --->   "%sext_ln1273_26 = sext i10 %shl_ln1273_22"   --->   Operation 533 'sext' 'sext_ln1273_26' <Predicate = (!icmp_ln36)> <Delay = 0.00>
ST_3 : Operation 534 [1/1] (0.93ns)   --->   "%sub_ln1273_34 = sub i11 0, i11 %sext_ln1273_26"   --->   Operation 534 'sub' 'sub_ln1273_34' <Predicate = (!icmp_ln36)> <Delay = 0.93> <CoreInst = "Adder">   --->   Core 1 'Adder' <Latency = 0> <II = 1> <Delay = 0.93> <FuncUnit> <Opcode : 'add' 'sub'> <InPorts = 2> <OutPorts = 1>
ST_3 : Operation 535 [1/1] (0.00ns)   --->   "%sext_ln813_63 = sext i32 %select_ln302_64"   --->   Operation 535 'sext' 'sext_ln813_63' <Predicate = (!icmp_ln36)> <Delay = 0.00>
ST_3 : Operation 536 [1/1] (0.00ns)   --->   "%shl_ln1347_52 = bitconcatenate i19 @_ssdm_op_BitConcatenate.i19.i11.i8, i11 %sub_ln1273_34, i8 0"   --->   Operation 536 'bitconcatenate' 'shl_ln1347_52' <Predicate = (!icmp_ln36)> <Delay = 0.00>
ST_3 : Operation 537 [1/1] (0.00ns)   --->   "%sext_ln1347_128 = sext i19 %shl_ln1347_52"   --->   Operation 537 'sext' 'sext_ln1347_128' <Predicate = (!icmp_ln36)> <Delay = 0.00>
ST_3 : Operation 538 [1/1] (0.00ns)   --->   "%sext_ln1347_129 = sext i19 %shl_ln1347_52"   --->   Operation 538 'sext' 'sext_ln1347_129' <Predicate = (!icmp_ln36)> <Delay = 0.00>
ST_3 : Operation 539 [1/1] (1.20ns)   --->   "%add_ln1347_64 = add i33 %sext_ln813_63, i33 %sext_ln1347_128"   --->   Operation 539 'add' 'add_ln1347_64' <Predicate = (!icmp_ln36)> <Delay = 1.20> <CoreInst = "Adder">   --->   Core 1 'Adder' <Latency = 0> <II = 1> <Delay = 1.20> <FuncUnit> <Opcode : 'add' 'sub'> <InPorts = 2> <OutPorts = 1>
ST_3 : Operation 540 [1/1] (0.00ns)   --->   "%tmp_123 = bitselect i1 @_ssdm_op_BitSelect.i1.i33.i32, i33 %add_ln1347_64, i32 32"   --->   Operation 540 'bitselect' 'tmp_123' <Predicate = (!icmp_ln36)> <Delay = 0.00>
ST_3 : Operation 541 [1/1] (1.20ns)   --->   "%add_ln813_40 = add i32 %select_ln302_64, i32 %sext_ln1347_129"   --->   Operation 541 'add' 'add_ln813_40' <Predicate = (!icmp_ln36)> <Delay = 1.20> <CoreInst = "Adder">   --->   Core 1 'Adder' <Latency = 0> <II = 1> <Delay = 1.20> <FuncUnit> <Opcode : 'add' 'sub'> <InPorts = 2> <OutPorts = 1>
ST_3 : Operation 542 [1/1] (0.00ns)   --->   "%tmp_124 = bitselect i1 @_ssdm_op_BitSelect.i1.i32.i32, i32 %add_ln813_40, i32 31"   --->   Operation 542 'bitselect' 'tmp_124' <Predicate = (!icmp_ln36)> <Delay = 0.00>
ST_3 : Operation 543 [1/1] (0.00ns) (grouped into LUT with out node select_ln302_65)   --->   "%xor_ln895_65 = xor i1 %tmp_123, i1 1"   --->   Operation 543 'xor' 'xor_ln895_65' <Predicate = (!icmp_ln36)> <Delay = 0.00> <CoreInst = "LogicGate">   --->   Core 74 'LogicGate' <Latency = 0> <II = 1> <Delay = 0.33> <FuncUnit> <Opcode : 'and' 'or' 'xor'> <InPorts = 2> <OutPorts = 1>
ST_3 : Operation 544 [1/1] (0.00ns) (grouped into LUT with out node select_ln302_65)   --->   "%and_ln895_40 = and i1 %tmp_124, i1 %xor_ln895_65"   --->   Operation 544 'and' 'and_ln895_40' <Predicate = (!icmp_ln36)> <Delay = 0.00> <CoreInst = "LogicGate">   --->   Core 74 'LogicGate' <Latency = 0> <II = 1> <Delay = 0.33> <FuncUnit> <Opcode : 'and' 'or' 'xor'> <InPorts = 2> <OutPorts = 1>
ST_3 : Operation 545 [1/1] (0.00ns) (grouped into LUT with out node select_ln302_65)   --->   "%xor_ln302_56 = xor i1 %tmp_123, i1 %tmp_124"   --->   Operation 545 'xor' 'xor_ln302_56' <Predicate = (!icmp_ln36)> <Delay = 0.00> <CoreInst = "LogicGate">   --->   Core 74 'LogicGate' <Latency = 0> <II = 1> <Delay = 0.33> <FuncUnit> <Opcode : 'and' 'or' 'xor'> <InPorts = 2> <OutPorts = 1>
ST_3 : Operation 546 [1/1] (0.00ns) (grouped into LUT with out node select_ln302_65)   --->   "%select_ln346_56 = select i1 %and_ln895_40, i32 2147483647, i32 2147483648"   --->   Operation 546 'select' 'select_ln346_56' <Predicate = (!icmp_ln36)> <Delay = 0.00> <CoreInst = "Sel">   --->   Core 73 'Sel' <Latency = 0> <II = 1> <Delay = 0.52> <FuncUnit> <Opcode : 'select'> <InPorts = 3> <OutPorts = 1>
ST_3 : Operation 547 [1/1] (0.52ns) (out node of the LUT)   --->   "%select_ln302_65 = select i1 %xor_ln302_56, i32 %select_ln346_56, i32 %add_ln813_40"   --->   Operation 547 'select' 'select_ln302_65' <Predicate = (!icmp_ln36)> <Delay = 0.52> <CoreInst = "Sel">   --->   Core 73 'Sel' <Latency = 0> <II = 1> <Delay = 0.52> <FuncUnit> <Opcode : 'select'> <InPorts = 3> <OutPorts = 1>
ST_3 : Operation 548 [1/1] (0.93ns)   --->   "%sub_ln1273_35 = sub i11 0, i11 %sext_ln1273"   --->   Operation 548 'sub' 'sub_ln1273_35' <Predicate = (!icmp_ln36)> <Delay = 0.93> <CoreInst = "Adder">   --->   Core 1 'Adder' <Latency = 0> <II = 1> <Delay = 0.93> <FuncUnit> <Opcode : 'add' 'sub'> <InPorts = 2> <OutPorts = 1>
ST_3 : Operation 549 [1/1] (0.00ns)   --->   "%sext_ln813_64 = sext i32 %select_ln302_65"   --->   Operation 549 'sext' 'sext_ln813_64' <Predicate = (!icmp_ln36)> <Delay = 0.00>
ST_3 : Operation 550 [1/1] (0.00ns)   --->   "%shl_ln1347_53 = bitconcatenate i19 @_ssdm_op_BitConcatenate.i19.i11.i8, i11 %sub_ln1273_35, i8 0"   --->   Operation 550 'bitconcatenate' 'shl_ln1347_53' <Predicate = (!icmp_ln36)> <Delay = 0.00>
ST_3 : Operation 551 [1/1] (0.00ns)   --->   "%sext_ln1347_130 = sext i19 %shl_ln1347_53"   --->   Operation 551 'sext' 'sext_ln1347_130' <Predicate = (!icmp_ln36)> <Delay = 0.00>
ST_3 : Operation 552 [1/1] (0.00ns)   --->   "%sext_ln1347_131 = sext i19 %shl_ln1347_53"   --->   Operation 552 'sext' 'sext_ln1347_131' <Predicate = (!icmp_ln36)> <Delay = 0.00>
ST_3 : Operation 553 [1/1] (1.20ns)   --->   "%add_ln1347_65 = add i33 %sext_ln813_64, i33 %sext_ln1347_130"   --->   Operation 553 'add' 'add_ln1347_65' <Predicate = (!icmp_ln36)> <Delay = 1.20> <CoreInst = "Adder">   --->   Core 1 'Adder' <Latency = 0> <II = 1> <Delay = 1.20> <FuncUnit> <Opcode : 'add' 'sub'> <InPorts = 2> <OutPorts = 1>
ST_3 : Operation 554 [1/1] (0.00ns)   --->   "%tmp_125 = bitselect i1 @_ssdm_op_BitSelect.i1.i33.i32, i33 %add_ln1347_65, i32 32"   --->   Operation 554 'bitselect' 'tmp_125' <Predicate = (!icmp_ln36)> <Delay = 0.00>
ST_3 : Operation 555 [1/1] (1.20ns)   --->   "%add_ln813_41 = add i32 %select_ln302_65, i32 %sext_ln1347_131"   --->   Operation 555 'add' 'add_ln813_41' <Predicate = (!icmp_ln36)> <Delay = 1.20> <CoreInst = "Adder">   --->   Core 1 'Adder' <Latency = 0> <II = 1> <Delay = 1.20> <FuncUnit> <Opcode : 'add' 'sub'> <InPorts = 2> <OutPorts = 1>
ST_3 : Operation 556 [1/1] (0.00ns)   --->   "%tmp_126 = bitselect i1 @_ssdm_op_BitSelect.i1.i32.i32, i32 %add_ln813_41, i32 31"   --->   Operation 556 'bitselect' 'tmp_126' <Predicate = (!icmp_ln36)> <Delay = 0.00>
ST_3 : Operation 557 [1/1] (0.00ns) (grouped into LUT with out node select_ln302_66)   --->   "%xor_ln895_66 = xor i1 %tmp_125, i1 1"   --->   Operation 557 'xor' 'xor_ln895_66' <Predicate = (!icmp_ln36)> <Delay = 0.00> <CoreInst = "LogicGate">   --->   Core 74 'LogicGate' <Latency = 0> <II = 1> <Delay = 0.33> <FuncUnit> <Opcode : 'and' 'or' 'xor'> <InPorts = 2> <OutPorts = 1>
ST_3 : Operation 558 [1/1] (0.00ns) (grouped into LUT with out node select_ln302_66)   --->   "%and_ln895_41 = and i1 %tmp_126, i1 %xor_ln895_66"   --->   Operation 558 'and' 'and_ln895_41' <Predicate = (!icmp_ln36)> <Delay = 0.00> <CoreInst = "LogicGate">   --->   Core 74 'LogicGate' <Latency = 0> <II = 1> <Delay = 0.33> <FuncUnit> <Opcode : 'and' 'or' 'xor'> <InPorts = 2> <OutPorts = 1>
ST_3 : Operation 559 [1/1] (0.00ns) (grouped into LUT with out node select_ln302_66)   --->   "%xor_ln302_57 = xor i1 %tmp_125, i1 %tmp_126"   --->   Operation 559 'xor' 'xor_ln302_57' <Predicate = (!icmp_ln36)> <Delay = 0.00> <CoreInst = "LogicGate">   --->   Core 74 'LogicGate' <Latency = 0> <II = 1> <Delay = 0.33> <FuncUnit> <Opcode : 'and' 'or' 'xor'> <InPorts = 2> <OutPorts = 1>
ST_3 : Operation 560 [1/1] (0.00ns) (grouped into LUT with out node select_ln302_66)   --->   "%select_ln346_57 = select i1 %and_ln895_41, i32 2147483647, i32 2147483648"   --->   Operation 560 'select' 'select_ln346_57' <Predicate = (!icmp_ln36)> <Delay = 0.00> <CoreInst = "Sel">   --->   Core 73 'Sel' <Latency = 0> <II = 1> <Delay = 0.52> <FuncUnit> <Opcode : 'select'> <InPorts = 3> <OutPorts = 1>
ST_3 : Operation 561 [1/1] (0.52ns) (out node of the LUT)   --->   "%select_ln302_66 = select i1 %xor_ln302_57, i32 %select_ln346_57, i32 %add_ln813_41"   --->   Operation 561 'select' 'select_ln302_66' <Predicate = (!icmp_ln36)> <Delay = 0.52> <CoreInst = "Sel">   --->   Core 73 'Sel' <Latency = 0> <II = 1> <Delay = 0.52> <FuncUnit> <Opcode : 'select'> <InPorts = 3> <OutPorts = 1>
ST_3 : Operation 562 [1/1] (1.05ns)   --->   "%add_ln1347_69 = add i19 %shl_ln1347_8, i19 4096"   --->   Operation 562 'add' 'add_ln1347_69' <Predicate = (!icmp_ln36)> <Delay = 1.05> <CoreInst = "Adder">   --->   Core 1 'Adder' <Latency = 0> <II = 1> <Delay = 1.05> <FuncUnit> <Opcode : 'add' 'sub'> <InPorts = 2> <OutPorts = 1>
ST_3 : Operation 563 [1/1] (0.00ns)   --->   "%sext_ln813_68 = sext i19 %add_ln1347_69"   --->   Operation 563 'sext' 'sext_ln813_68' <Predicate = (!icmp_ln36)> <Delay = 0.00>
ST_3 : Operation 564 [1/1] (0.00ns) (grouped into TernaryAdder)   --->   "%add_ln1347_70 = add i20 %sext_ln813_68, i20 %sext_ln1347_63"   --->   Operation 564 'add' 'add_ln1347_70' <Predicate = (!icmp_ln36)> <Delay = 0.00> <CoreInst = "TAddSub">   --->   Core 10 'TAddSub' <Latency = 0> <II = 1> <Delay = 0.42> <IPBlock> <Opcode : 'add' 'sub'> <InPorts = 3> <OutPorts = 1> <Sync> <CReg>
ST_3 : Operation 565 [1/1] (0.84ns) (root node of TernaryAdder)   --->   "%add_ln1347_71 = add i20 %add_ln1347_70, i20 %sext_ln1347_74"   --->   Operation 565 'add' 'add_ln1347_71' <Predicate = (!icmp_ln36)> <Delay = 0.84> <CoreInst = "TAddSub">   --->   Core 10 'TAddSub' <Latency = 0> <II = 1> <Delay = 0.42> <IPBlock> <Opcode : 'add' 'sub'> <InPorts = 3> <OutPorts = 1> <Sync> <CReg>
ST_3 : Operation 566 [1/1] (0.00ns)   --->   "%sext_ln856_8 = sext i20 %add_ln1347_71"   --->   Operation 566 'sext' 'sext_ln856_8' <Predicate = (!icmp_ln36)> <Delay = 0.00>
ST_3 : Operation 567 [1/1] (0.00ns)   --->   "%sext_ln813_69 = sext i20 %add_ln1347_71"   --->   Operation 567 'sext' 'sext_ln813_69' <Predicate = (!icmp_ln36)> <Delay = 0.00>
ST_3 : Operation 568 [1/1] (1.06ns)   --->   "%add_ln1347_72 = add i33 %sext_ln813_69, i33 %sext_ln1347_77"   --->   Operation 568 'add' 'add_ln1347_72' <Predicate = (!icmp_ln36)> <Delay = 1.06> <CoreInst = "Adder">   --->   Core 1 'Adder' <Latency = 0> <II = 1> <Delay = 1.06> <FuncUnit> <Opcode : 'add' 'sub'> <InPorts = 2> <OutPorts = 1>
ST_3 : Operation 569 [1/1] (0.00ns)   --->   "%tmp_137 = bitselect i1 @_ssdm_op_BitSelect.i1.i33.i32, i33 %add_ln1347_72, i32 32"   --->   Operation 569 'bitselect' 'tmp_137' <Predicate = (!icmp_ln36)> <Delay = 0.00>
ST_3 : Operation 570 [1/1] (1.06ns)   --->   "%add_ln813_45 = add i32 %sext_ln856_8, i32 %sext_ln1347_78"   --->   Operation 570 'add' 'add_ln813_45' <Predicate = (!icmp_ln36)> <Delay = 1.06> <CoreInst = "Adder">   --->   Core 1 'Adder' <Latency = 0> <II = 1> <Delay = 1.06> <FuncUnit> <Opcode : 'add' 'sub'> <InPorts = 2> <OutPorts = 1>
ST_3 : Operation 571 [1/1] (0.00ns)   --->   "%tmp_138 = bitselect i1 @_ssdm_op_BitSelect.i1.i32.i32, i32 %add_ln813_45, i32 31"   --->   Operation 571 'bitselect' 'tmp_138' <Predicate = (!icmp_ln36)> <Delay = 0.00>
ST_3 : Operation 572 [1/1] (0.00ns) (grouped into LUT with out node select_ln302_71)   --->   "%xor_ln895_71 = xor i1 %tmp_137, i1 1"   --->   Operation 572 'xor' 'xor_ln895_71' <Predicate = (!icmp_ln36)> <Delay = 0.00> <CoreInst = "LogicGate">   --->   Core 74 'LogicGate' <Latency = 0> <II = 1> <Delay = 0.33> <FuncUnit> <Opcode : 'and' 'or' 'xor'> <InPorts = 2> <OutPorts = 1>
ST_3 : Operation 573 [1/1] (0.00ns) (grouped into LUT with out node select_ln302_71)   --->   "%and_ln895_45 = and i1 %tmp_138, i1 %xor_ln895_71"   --->   Operation 573 'and' 'and_ln895_45' <Predicate = (!icmp_ln36)> <Delay = 0.00> <CoreInst = "LogicGate">   --->   Core 74 'LogicGate' <Latency = 0> <II = 1> <Delay = 0.33> <FuncUnit> <Opcode : 'and' 'or' 'xor'> <InPorts = 2> <OutPorts = 1>
ST_3 : Operation 574 [1/1] (0.00ns) (grouped into LUT with out node select_ln302_71)   --->   "%xor_ln302_61 = xor i1 %tmp_137, i1 %tmp_138"   --->   Operation 574 'xor' 'xor_ln302_61' <Predicate = (!icmp_ln36)> <Delay = 0.00> <CoreInst = "LogicGate">   --->   Core 74 'LogicGate' <Latency = 0> <II = 1> <Delay = 0.33> <FuncUnit> <Opcode : 'and' 'or' 'xor'> <InPorts = 2> <OutPorts = 1>
ST_3 : Operation 575 [1/1] (0.00ns) (grouped into LUT with out node select_ln302_71)   --->   "%select_ln346_61 = select i1 %and_ln895_45, i32 2147483647, i32 2147483648"   --->   Operation 575 'select' 'select_ln346_61' <Predicate = (!icmp_ln36)> <Delay = 0.00> <CoreInst = "Sel">   --->   Core 73 'Sel' <Latency = 0> <II = 1> <Delay = 0.52> <FuncUnit> <Opcode : 'select'> <InPorts = 3> <OutPorts = 1>
ST_3 : Operation 576 [1/1] (0.52ns) (out node of the LUT)   --->   "%select_ln302_71 = select i1 %xor_ln302_61, i32 %select_ln346_61, i32 %add_ln813_45"   --->   Operation 576 'select' 'select_ln302_71' <Predicate = (!icmp_ln36)> <Delay = 0.52> <CoreInst = "Sel">   --->   Core 73 'Sel' <Latency = 0> <II = 1> <Delay = 0.52> <FuncUnit> <Opcode : 'select'> <InPorts = 3> <OutPorts = 1>
ST_3 : Operation 577 [1/1] (0.00ns)   --->   "%sext_ln813_70 = sext i32 %select_ln302_71"   --->   Operation 577 'sext' 'sext_ln813_70' <Predicate = (!icmp_ln36)> <Delay = 0.00>
ST_3 : Operation 578 [1/1] (1.20ns)   --->   "%add_ln1347_73 = add i33 %sext_ln813_70, i33 %sext_ln1347_128"   --->   Operation 578 'add' 'add_ln1347_73' <Predicate = (!icmp_ln36)> <Delay = 1.20> <CoreInst = "Adder">   --->   Core 1 'Adder' <Latency = 0> <II = 1> <Delay = 1.20> <FuncUnit> <Opcode : 'add' 'sub'> <InPorts = 2> <OutPorts = 1>
ST_3 : Operation 579 [1/1] (0.00ns)   --->   "%tmp_139 = bitselect i1 @_ssdm_op_BitSelect.i1.i33.i32, i33 %add_ln1347_73, i32 32"   --->   Operation 579 'bitselect' 'tmp_139' <Predicate = (!icmp_ln36)> <Delay = 0.00>
ST_3 : Operation 580 [1/1] (1.20ns)   --->   "%add_ln813_46 = add i32 %select_ln302_71, i32 %sext_ln1347_129"   --->   Operation 580 'add' 'add_ln813_46' <Predicate = (!icmp_ln36)> <Delay = 1.20> <CoreInst = "Adder">   --->   Core 1 'Adder' <Latency = 0> <II = 1> <Delay = 1.20> <FuncUnit> <Opcode : 'add' 'sub'> <InPorts = 2> <OutPorts = 1>
ST_3 : Operation 581 [1/1] (0.00ns)   --->   "%tmp_140 = bitselect i1 @_ssdm_op_BitSelect.i1.i32.i32, i32 %add_ln813_46, i32 31"   --->   Operation 581 'bitselect' 'tmp_140' <Predicate = (!icmp_ln36)> <Delay = 0.00>
ST_3 : Operation 582 [1/1] (0.00ns) (grouped into LUT with out node select_ln302_72)   --->   "%xor_ln895_72 = xor i1 %tmp_139, i1 1"   --->   Operation 582 'xor' 'xor_ln895_72' <Predicate = (!icmp_ln36)> <Delay = 0.00> <CoreInst = "LogicGate">   --->   Core 74 'LogicGate' <Latency = 0> <II = 1> <Delay = 0.33> <FuncUnit> <Opcode : 'and' 'or' 'xor'> <InPorts = 2> <OutPorts = 1>
ST_3 : Operation 583 [1/1] (0.00ns) (grouped into LUT with out node select_ln302_72)   --->   "%and_ln895_46 = and i1 %tmp_140, i1 %xor_ln895_72"   --->   Operation 583 'and' 'and_ln895_46' <Predicate = (!icmp_ln36)> <Delay = 0.00> <CoreInst = "LogicGate">   --->   Core 74 'LogicGate' <Latency = 0> <II = 1> <Delay = 0.33> <FuncUnit> <Opcode : 'and' 'or' 'xor'> <InPorts = 2> <OutPorts = 1>
ST_3 : Operation 584 [1/1] (0.00ns) (grouped into LUT with out node select_ln302_72)   --->   "%xor_ln302_62 = xor i1 %tmp_139, i1 %tmp_140"   --->   Operation 584 'xor' 'xor_ln302_62' <Predicate = (!icmp_ln36)> <Delay = 0.00> <CoreInst = "LogicGate">   --->   Core 74 'LogicGate' <Latency = 0> <II = 1> <Delay = 0.33> <FuncUnit> <Opcode : 'and' 'or' 'xor'> <InPorts = 2> <OutPorts = 1>
ST_3 : Operation 585 [1/1] (0.00ns) (grouped into LUT with out node select_ln302_72)   --->   "%select_ln346_62 = select i1 %and_ln895_46, i32 2147483647, i32 2147483648"   --->   Operation 585 'select' 'select_ln346_62' <Predicate = (!icmp_ln36)> <Delay = 0.00> <CoreInst = "Sel">   --->   Core 73 'Sel' <Latency = 0> <II = 1> <Delay = 0.52> <FuncUnit> <Opcode : 'select'> <InPorts = 3> <OutPorts = 1>
ST_3 : Operation 586 [1/1] (0.52ns) (out node of the LUT)   --->   "%select_ln302_72 = select i1 %xor_ln302_62, i32 %select_ln346_62, i32 %add_ln813_46"   --->   Operation 586 'select' 'select_ln302_72' <Predicate = (!icmp_ln36)> <Delay = 0.52> <CoreInst = "Sel">   --->   Core 73 'Sel' <Latency = 0> <II = 1> <Delay = 0.52> <FuncUnit> <Opcode : 'select'> <InPorts = 3> <OutPorts = 1>
ST_3 : Operation 587 [1/1] (0.00ns)   --->   "%shl_ln1273_24 = bitconcatenate i11 @_ssdm_op_BitConcatenate.i11.i8.i3, i8 %px_V_19, i3 0"   --->   Operation 587 'bitconcatenate' 'shl_ln1273_24' <Predicate = (!icmp_ln36)> <Delay = 0.00>
ST_3 : Operation 588 [1/1] (0.00ns)   --->   "%sext_ln1273_28 = sext i11 %shl_ln1273_24"   --->   Operation 588 'sext' 'sext_ln1273_28' <Predicate = (!icmp_ln36)> <Delay = 0.00>
ST_3 : Operation 589 [1/1] (0.94ns)   --->   "%sub_ln1273_38 = sub i12 0, i12 %sext_ln1273_28"   --->   Operation 589 'sub' 'sub_ln1273_38' <Predicate = (!icmp_ln36)> <Delay = 0.94> <CoreInst = "Adder">   --->   Core 1 'Adder' <Latency = 0> <II = 1> <Delay = 0.94> <FuncUnit> <Opcode : 'add' 'sub'> <InPorts = 2> <OutPorts = 1>
ST_3 : Operation 590 [1/1] (0.96ns)   --->   "%sub_ln1273_39 = sub i12 %sub_ln1273_38, i12 %px_V_21_cast174_i"   --->   Operation 590 'sub' 'sub_ln1273_39' <Predicate = (!icmp_ln36)> <Delay = 0.96> <CoreInst = "Adder">   --->   Core 1 'Adder' <Latency = 0> <II = 1> <Delay = 0.96> <FuncUnit> <Opcode : 'add' 'sub'> <InPorts = 2> <OutPorts = 1>
ST_3 : Operation 591 [1/1] (0.00ns)   --->   "%sext_ln813_71 = sext i32 %select_ln302_72"   --->   Operation 591 'sext' 'sext_ln813_71' <Predicate = (!icmp_ln36)> <Delay = 0.00>
ST_3 : Operation 592 [1/1] (0.00ns)   --->   "%shl_ln1347_57 = bitconcatenate i20 @_ssdm_op_BitConcatenate.i20.i12.i8, i12 %sub_ln1273_39, i8 0"   --->   Operation 592 'bitconcatenate' 'shl_ln1347_57' <Predicate = (!icmp_ln36)> <Delay = 0.00>
ST_3 : Operation 593 [1/1] (0.00ns)   --->   "%sext_ln1347_138 = sext i20 %shl_ln1347_57"   --->   Operation 593 'sext' 'sext_ln1347_138' <Predicate = (!icmp_ln36)> <Delay = 0.00>
ST_3 : Operation 594 [1/1] (0.00ns)   --->   "%sext_ln1347_139 = sext i20 %shl_ln1347_57"   --->   Operation 594 'sext' 'sext_ln1347_139' <Predicate = (!icmp_ln36)> <Delay = 0.00>
ST_3 : Operation 595 [1/1] (1.20ns)   --->   "%add_ln1347_74 = add i33 %sext_ln813_71, i33 %sext_ln1347_138"   --->   Operation 595 'add' 'add_ln1347_74' <Predicate = (!icmp_ln36)> <Delay = 1.20> <CoreInst = "Adder">   --->   Core 1 'Adder' <Latency = 0> <II = 1> <Delay = 1.20> <FuncUnit> <Opcode : 'add' 'sub'> <InPorts = 2> <OutPorts = 1>
ST_3 : Operation 596 [1/1] (0.00ns)   --->   "%tmp_141 = bitselect i1 @_ssdm_op_BitSelect.i1.i33.i32, i33 %add_ln1347_74, i32 32"   --->   Operation 596 'bitselect' 'tmp_141' <Predicate = (!icmp_ln36)> <Delay = 0.00>
ST_3 : Operation 597 [1/1] (1.20ns)   --->   "%add_ln813_47 = add i32 %select_ln302_72, i32 %sext_ln1347_139"   --->   Operation 597 'add' 'add_ln813_47' <Predicate = (!icmp_ln36)> <Delay = 1.20> <CoreInst = "Adder">   --->   Core 1 'Adder' <Latency = 0> <II = 1> <Delay = 1.20> <FuncUnit> <Opcode : 'add' 'sub'> <InPorts = 2> <OutPorts = 1>
ST_3 : Operation 598 [1/1] (0.00ns)   --->   "%tmp_142 = bitselect i1 @_ssdm_op_BitSelect.i1.i32.i32, i32 %add_ln813_47, i32 31"   --->   Operation 598 'bitselect' 'tmp_142' <Predicate = (!icmp_ln36)> <Delay = 0.00>
ST_3 : Operation 599 [1/1] (0.00ns) (grouped into LUT with out node select_ln302_73)   --->   "%xor_ln895_73 = xor i1 %tmp_141, i1 1"   --->   Operation 599 'xor' 'xor_ln895_73' <Predicate = (!icmp_ln36)> <Delay = 0.00> <CoreInst = "LogicGate">   --->   Core 74 'LogicGate' <Latency = 0> <II = 1> <Delay = 0.33> <FuncUnit> <Opcode : 'and' 'or' 'xor'> <InPorts = 2> <OutPorts = 1>
ST_3 : Operation 600 [1/1] (0.00ns) (grouped into LUT with out node select_ln302_73)   --->   "%and_ln895_47 = and i1 %tmp_142, i1 %xor_ln895_73"   --->   Operation 600 'and' 'and_ln895_47' <Predicate = (!icmp_ln36)> <Delay = 0.00> <CoreInst = "LogicGate">   --->   Core 74 'LogicGate' <Latency = 0> <II = 1> <Delay = 0.33> <FuncUnit> <Opcode : 'and' 'or' 'xor'> <InPorts = 2> <OutPorts = 1>
ST_3 : Operation 601 [1/1] (0.00ns) (grouped into LUT with out node select_ln302_73)   --->   "%xor_ln302_63 = xor i1 %tmp_141, i1 %tmp_142"   --->   Operation 601 'xor' 'xor_ln302_63' <Predicate = (!icmp_ln36)> <Delay = 0.00> <CoreInst = "LogicGate">   --->   Core 74 'LogicGate' <Latency = 0> <II = 1> <Delay = 0.33> <FuncUnit> <Opcode : 'and' 'or' 'xor'> <InPorts = 2> <OutPorts = 1>
ST_3 : Operation 602 [1/1] (0.00ns) (grouped into LUT with out node select_ln302_73)   --->   "%select_ln346_63 = select i1 %and_ln895_47, i32 2147483647, i32 2147483648"   --->   Operation 602 'select' 'select_ln346_63' <Predicate = (!icmp_ln36)> <Delay = 0.00> <CoreInst = "Sel">   --->   Core 73 'Sel' <Latency = 0> <II = 1> <Delay = 0.52> <FuncUnit> <Opcode : 'select'> <InPorts = 3> <OutPorts = 1>
ST_3 : Operation 603 [1/1] (0.52ns) (out node of the LUT)   --->   "%select_ln302_73 = select i1 %xor_ln302_63, i32 %select_ln346_63, i32 %add_ln813_47"   --->   Operation 603 'select' 'select_ln302_73' <Predicate = (!icmp_ln36)> <Delay = 0.52> <CoreInst = "Sel">   --->   Core 73 'Sel' <Latency = 0> <II = 1> <Delay = 0.52> <FuncUnit> <Opcode : 'select'> <InPorts = 3> <OutPorts = 1>
ST_3 : Operation 604 [1/1] (0.00ns)   --->   "%shl_ln1347_59 = bitconcatenate i20 @_ssdm_op_BitConcatenate.i20.i12.i8, i12 %sub_ln1273_41, i8 0"   --->   Operation 604 'bitconcatenate' 'shl_ln1347_59' <Predicate = (!icmp_ln36)> <Delay = 0.00>
ST_3 : Operation 605 [1/1] (1.06ns)   --->   "%add_ln1347_77 = add i20 %shl_ln1347_59, i20 16384"   --->   Operation 605 'add' 'add_ln1347_77' <Predicate = (!icmp_ln36)> <Delay = 1.06> <CoreInst = "Adder">   --->   Core 1 'Adder' <Latency = 0> <II = 1> <Delay = 1.06> <FuncUnit> <Opcode : 'add' 'sub'> <InPorts = 2> <OutPorts = 1>
ST_3 : Operation 606 [1/1] (0.00ns)   --->   "%sext_ln813_74 = sext i20 %add_ln1347_77"   --->   Operation 606 'sext' 'sext_ln813_74' <Predicate = (!icmp_ln36)> <Delay = 0.00>
ST_3 : Operation 607 [1/1] (0.00ns) (grouped into TernaryAdder)   --->   "%add_ln1347_78 = add i21 %sext_ln813_74, i21 %sext_ln1347_99"   --->   Operation 607 'add' 'add_ln1347_78' <Predicate = (!icmp_ln36)> <Delay = 0.00> <CoreInst = "TAddSub">   --->   Core 10 'TAddSub' <Latency = 0> <II = 1> <Delay = 0.42> <IPBlock> <Opcode : 'add' 'sub'> <InPorts = 3> <OutPorts = 1> <Sync> <CReg>
ST_3 : Operation 608 [1/1] (0.84ns) (root node of TernaryAdder)   --->   "%add_ln1347_79 = add i21 %add_ln1347_78, i21 %sext_ln1347_123"   --->   Operation 608 'add' 'add_ln1347_79' <Predicate = (!icmp_ln36)> <Delay = 0.84> <CoreInst = "TAddSub">   --->   Core 10 'TAddSub' <Latency = 0> <II = 1> <Delay = 0.42> <IPBlock> <Opcode : 'add' 'sub'> <InPorts = 3> <OutPorts = 1> <Sync> <CReg>
ST_3 : Operation 609 [1/1] (0.00ns)   --->   "%sext_ln856_9 = sext i21 %add_ln1347_79"   --->   Operation 609 'sext' 'sext_ln856_9' <Predicate = (!icmp_ln36)> <Delay = 0.00>
ST_3 : Operation 610 [1/1] (0.00ns)   --->   "%sext_ln813_75 = sext i21 %add_ln1347_79"   --->   Operation 610 'sext' 'sext_ln813_75' <Predicate = (!icmp_ln36)> <Delay = 0.00>
ST_3 : Operation 611 [1/1] (1.07ns)   --->   "%add_ln1347_80 = add i33 %sext_ln813_75, i33 %sext_ln1347_126"   --->   Operation 611 'add' 'add_ln1347_80' <Predicate = (!icmp_ln36)> <Delay = 1.07> <CoreInst = "Adder">   --->   Core 1 'Adder' <Latency = 0> <II = 1> <Delay = 1.07> <FuncUnit> <Opcode : 'add' 'sub'> <InPorts = 2> <OutPorts = 1>
ST_3 : Operation 612 [1/1] (0.00ns)   --->   "%tmp_151 = bitselect i1 @_ssdm_op_BitSelect.i1.i33.i32, i33 %add_ln1347_80, i32 32"   --->   Operation 612 'bitselect' 'tmp_151' <Predicate = (!icmp_ln36)> <Delay = 0.00>
ST_3 : Operation 613 [1/1] (1.07ns)   --->   "%add_ln813_50 = add i32 %sext_ln856_9, i32 %sext_ln1347_127"   --->   Operation 613 'add' 'add_ln813_50' <Predicate = (!icmp_ln36)> <Delay = 1.07> <CoreInst = "Adder">   --->   Core 1 'Adder' <Latency = 0> <II = 1> <Delay = 1.07> <FuncUnit> <Opcode : 'add' 'sub'> <InPorts = 2> <OutPorts = 1>
ST_3 : Operation 614 [1/1] (0.00ns)   --->   "%tmp_152 = bitselect i1 @_ssdm_op_BitSelect.i1.i32.i32, i32 %add_ln813_50, i32 31"   --->   Operation 614 'bitselect' 'tmp_152' <Predicate = (!icmp_ln36)> <Delay = 0.00>
ST_3 : Operation 615 [1/1] (0.00ns) (grouped into LUT with out node select_ln302_77)   --->   "%xor_ln895_77 = xor i1 %tmp_151, i1 1"   --->   Operation 615 'xor' 'xor_ln895_77' <Predicate = (!icmp_ln36)> <Delay = 0.00> <CoreInst = "LogicGate">   --->   Core 74 'LogicGate' <Latency = 0> <II = 1> <Delay = 0.33> <FuncUnit> <Opcode : 'and' 'or' 'xor'> <InPorts = 2> <OutPorts = 1>
ST_3 : Operation 616 [1/1] (0.00ns) (grouped into LUT with out node select_ln302_77)   --->   "%and_ln895_50 = and i1 %tmp_152, i1 %xor_ln895_77"   --->   Operation 616 'and' 'and_ln895_50' <Predicate = (!icmp_ln36)> <Delay = 0.00> <CoreInst = "LogicGate">   --->   Core 74 'LogicGate' <Latency = 0> <II = 1> <Delay = 0.33> <FuncUnit> <Opcode : 'and' 'or' 'xor'> <InPorts = 2> <OutPorts = 1>
ST_3 : Operation 617 [1/1] (0.00ns) (grouped into LUT with out node select_ln302_77)   --->   "%xor_ln302_66 = xor i1 %tmp_151, i1 %tmp_152"   --->   Operation 617 'xor' 'xor_ln302_66' <Predicate = (!icmp_ln36)> <Delay = 0.00> <CoreInst = "LogicGate">   --->   Core 74 'LogicGate' <Latency = 0> <II = 1> <Delay = 0.33> <FuncUnit> <Opcode : 'and' 'or' 'xor'> <InPorts = 2> <OutPorts = 1>
ST_3 : Operation 618 [1/1] (0.00ns) (grouped into LUT with out node select_ln302_77)   --->   "%select_ln346_66 = select i1 %and_ln895_50, i32 2147483647, i32 2147483648"   --->   Operation 618 'select' 'select_ln346_66' <Predicate = (!icmp_ln36)> <Delay = 0.00> <CoreInst = "Sel">   --->   Core 73 'Sel' <Latency = 0> <II = 1> <Delay = 0.52> <FuncUnit> <Opcode : 'select'> <InPorts = 3> <OutPorts = 1>
ST_3 : Operation 619 [1/1] (0.52ns) (out node of the LUT)   --->   "%select_ln302_77 = select i1 %xor_ln302_66, i32 %select_ln346_66, i32 %add_ln813_50"   --->   Operation 619 'select' 'select_ln302_77' <Predicate = (!icmp_ln36)> <Delay = 0.52> <CoreInst = "Sel">   --->   Core 73 'Sel' <Latency = 0> <II = 1> <Delay = 0.52> <FuncUnit> <Opcode : 'select'> <InPorts = 3> <OutPorts = 1>
ST_3 : Operation 620 [1/1] (0.00ns)   --->   "%sext_ln813_76 = sext i32 %select_ln302_77"   --->   Operation 620 'sext' 'sext_ln813_76' <Predicate = (!icmp_ln36)> <Delay = 0.00>
ST_3 : Operation 621 [1/1] (0.00ns)   --->   "%shl_ln1347_60 = bitconcatenate i18 @_ssdm_op_BitConcatenate.i18.i8.i10, i8 %px_V_18, i10 0"   --->   Operation 621 'bitconcatenate' 'shl_ln1347_60' <Predicate = (!icmp_ln36)> <Delay = 0.00>
ST_3 : Operation 622 [1/1] (0.00ns)   --->   "%sext_ln1347_142 = sext i18 %shl_ln1347_60"   --->   Operation 622 'sext' 'sext_ln1347_142' <Predicate = (!icmp_ln36)> <Delay = 0.00>
ST_3 : Operation 623 [1/1] (0.00ns)   --->   "%sext_ln1347_143 = sext i18 %shl_ln1347_60"   --->   Operation 623 'sext' 'sext_ln1347_143' <Predicate = (!icmp_ln36)> <Delay = 0.00>
ST_3 : Operation 624 [1/1] (1.20ns)   --->   "%add_ln1347_81 = add i33 %sext_ln813_76, i33 %sext_ln1347_142"   --->   Operation 624 'add' 'add_ln1347_81' <Predicate = (!icmp_ln36)> <Delay = 1.20> <CoreInst = "Adder">   --->   Core 1 'Adder' <Latency = 0> <II = 1> <Delay = 1.20> <FuncUnit> <Opcode : 'add' 'sub'> <InPorts = 2> <OutPorts = 1>
ST_3 : Operation 625 [1/1] (0.00ns)   --->   "%tmp_153 = bitselect i1 @_ssdm_op_BitSelect.i1.i33.i32, i33 %add_ln1347_81, i32 32"   --->   Operation 625 'bitselect' 'tmp_153' <Predicate = (!icmp_ln36)> <Delay = 0.00>
ST_3 : Operation 626 [1/1] (1.20ns)   --->   "%add_ln813_51 = add i32 %select_ln302_77, i32 %sext_ln1347_143"   --->   Operation 626 'add' 'add_ln813_51' <Predicate = (!icmp_ln36)> <Delay = 1.20> <CoreInst = "Adder">   --->   Core 1 'Adder' <Latency = 0> <II = 1> <Delay = 1.20> <FuncUnit> <Opcode : 'add' 'sub'> <InPorts = 2> <OutPorts = 1>
ST_3 : Operation 627 [1/1] (0.00ns)   --->   "%tmp_154 = bitselect i1 @_ssdm_op_BitSelect.i1.i32.i32, i32 %add_ln813_51, i32 31"   --->   Operation 627 'bitselect' 'tmp_154' <Predicate = (!icmp_ln36)> <Delay = 0.00>
ST_3 : Operation 628 [1/1] (0.00ns) (grouped into LUT with out node select_ln302_78)   --->   "%xor_ln895_78 = xor i1 %tmp_153, i1 1"   --->   Operation 628 'xor' 'xor_ln895_78' <Predicate = (!icmp_ln36)> <Delay = 0.00> <CoreInst = "LogicGate">   --->   Core 74 'LogicGate' <Latency = 0> <II = 1> <Delay = 0.33> <FuncUnit> <Opcode : 'and' 'or' 'xor'> <InPorts = 2> <OutPorts = 1>
ST_3 : Operation 629 [1/1] (0.00ns) (grouped into LUT with out node select_ln302_78)   --->   "%and_ln895_51 = and i1 %tmp_154, i1 %xor_ln895_78"   --->   Operation 629 'and' 'and_ln895_51' <Predicate = (!icmp_ln36)> <Delay = 0.00> <CoreInst = "LogicGate">   --->   Core 74 'LogicGate' <Latency = 0> <II = 1> <Delay = 0.33> <FuncUnit> <Opcode : 'and' 'or' 'xor'> <InPorts = 2> <OutPorts = 1>
ST_3 : Operation 630 [1/1] (0.00ns) (grouped into LUT with out node select_ln302_78)   --->   "%xor_ln302_67 = xor i1 %tmp_153, i1 %tmp_154"   --->   Operation 630 'xor' 'xor_ln302_67' <Predicate = (!icmp_ln36)> <Delay = 0.00> <CoreInst = "LogicGate">   --->   Core 74 'LogicGate' <Latency = 0> <II = 1> <Delay = 0.33> <FuncUnit> <Opcode : 'and' 'or' 'xor'> <InPorts = 2> <OutPorts = 1>
ST_3 : Operation 631 [1/1] (0.00ns) (grouped into LUT with out node select_ln302_78)   --->   "%select_ln346_67 = select i1 %and_ln895_51, i32 2147483647, i32 2147483648"   --->   Operation 631 'select' 'select_ln346_67' <Predicate = (!icmp_ln36)> <Delay = 0.00> <CoreInst = "Sel">   --->   Core 73 'Sel' <Latency = 0> <II = 1> <Delay = 0.52> <FuncUnit> <Opcode : 'select'> <InPorts = 3> <OutPorts = 1>
ST_3 : Operation 632 [1/1] (0.52ns) (out node of the LUT)   --->   "%select_ln302_78 = select i1 %xor_ln302_67, i32 %select_ln346_67, i32 %add_ln813_51"   --->   Operation 632 'select' 'select_ln302_78' <Predicate = (!icmp_ln36)> <Delay = 0.52> <CoreInst = "Sel">   --->   Core 73 'Sel' <Latency = 0> <II = 1> <Delay = 0.52> <FuncUnit> <Opcode : 'select'> <InPorts = 3> <OutPorts = 1>
ST_3 : Operation 633 [1/1] (0.00ns)   --->   "%sext_ln813_77 = sext i32 %select_ln302_78"   --->   Operation 633 'sext' 'sext_ln813_77' <Predicate = (!icmp_ln36)> <Delay = 0.00>
ST_3 : Operation 634 [1/1] (1.20ns)   --->   "%add_ln1347_82 = add i33 %sext_ln813_77, i33 %sext_ln1347_138"   --->   Operation 634 'add' 'add_ln1347_82' <Predicate = (!icmp_ln36)> <Delay = 1.20> <CoreInst = "Adder">   --->   Core 1 'Adder' <Latency = 0> <II = 1> <Delay = 1.20> <FuncUnit> <Opcode : 'add' 'sub'> <InPorts = 2> <OutPorts = 1>
ST_3 : Operation 635 [1/1] (0.00ns)   --->   "%tmp_155 = bitselect i1 @_ssdm_op_BitSelect.i1.i33.i32, i33 %add_ln1347_82, i32 32"   --->   Operation 635 'bitselect' 'tmp_155' <Predicate = (!icmp_ln36)> <Delay = 0.00>
ST_3 : Operation 636 [1/1] (1.20ns)   --->   "%add_ln813_52 = add i32 %select_ln302_78, i32 %sext_ln1347_139"   --->   Operation 636 'add' 'add_ln813_52' <Predicate = (!icmp_ln36)> <Delay = 1.20> <CoreInst = "Adder">   --->   Core 1 'Adder' <Latency = 0> <II = 1> <Delay = 1.20> <FuncUnit> <Opcode : 'add' 'sub'> <InPorts = 2> <OutPorts = 1>
ST_3 : Operation 637 [1/1] (0.00ns)   --->   "%tmp_156 = bitselect i1 @_ssdm_op_BitSelect.i1.i32.i32, i32 %add_ln813_52, i32 31"   --->   Operation 637 'bitselect' 'tmp_156' <Predicate = (!icmp_ln36)> <Delay = 0.00>
ST_3 : Operation 638 [1/1] (0.00ns) (grouped into LUT with out node select_ln302_79)   --->   "%xor_ln895_79 = xor i1 %tmp_155, i1 1"   --->   Operation 638 'xor' 'xor_ln895_79' <Predicate = (!icmp_ln36)> <Delay = 0.00> <CoreInst = "LogicGate">   --->   Core 74 'LogicGate' <Latency = 0> <II = 1> <Delay = 0.33> <FuncUnit> <Opcode : 'and' 'or' 'xor'> <InPorts = 2> <OutPorts = 1>
ST_3 : Operation 639 [1/1] (0.00ns) (grouped into LUT with out node select_ln302_79)   --->   "%and_ln895_52 = and i1 %tmp_156, i1 %xor_ln895_79"   --->   Operation 639 'and' 'and_ln895_52' <Predicate = (!icmp_ln36)> <Delay = 0.00> <CoreInst = "LogicGate">   --->   Core 74 'LogicGate' <Latency = 0> <II = 1> <Delay = 0.33> <FuncUnit> <Opcode : 'and' 'or' 'xor'> <InPorts = 2> <OutPorts = 1>
ST_3 : Operation 640 [1/1] (0.00ns) (grouped into LUT with out node select_ln302_79)   --->   "%xor_ln302_68 = xor i1 %tmp_155, i1 %tmp_156"   --->   Operation 640 'xor' 'xor_ln302_68' <Predicate = (!icmp_ln36)> <Delay = 0.00> <CoreInst = "LogicGate">   --->   Core 74 'LogicGate' <Latency = 0> <II = 1> <Delay = 0.33> <FuncUnit> <Opcode : 'and' 'or' 'xor'> <InPorts = 2> <OutPorts = 1>
ST_3 : Operation 641 [1/1] (0.00ns) (grouped into LUT with out node select_ln302_79)   --->   "%select_ln346_68 = select i1 %and_ln895_52, i32 2147483647, i32 2147483648"   --->   Operation 641 'select' 'select_ln346_68' <Predicate = (!icmp_ln36)> <Delay = 0.00> <CoreInst = "Sel">   --->   Core 73 'Sel' <Latency = 0> <II = 1> <Delay = 0.52> <FuncUnit> <Opcode : 'select'> <InPorts = 3> <OutPorts = 1>
ST_3 : Operation 642 [1/1] (0.52ns) (out node of the LUT)   --->   "%select_ln302_79 = select i1 %xor_ln302_68, i32 %select_ln346_68, i32 %add_ln813_52"   --->   Operation 642 'select' 'select_ln302_79' <Predicate = (!icmp_ln36)> <Delay = 0.52> <CoreInst = "Sel">   --->   Core 73 'Sel' <Latency = 0> <II = 1> <Delay = 0.52> <FuncUnit> <Opcode : 'select'> <InPorts = 3> <OutPorts = 1>
ST_3 : Operation 643 [1/1] (1.05ns)   --->   "%add_ln1347_86 = add i19 %shl_ln1347_30, i19 28672"   --->   Operation 643 'add' 'add_ln1347_86' <Predicate = (!icmp_ln36)> <Delay = 1.05> <CoreInst = "Adder">   --->   Core 1 'Adder' <Latency = 0> <II = 1> <Delay = 1.05> <FuncUnit> <Opcode : 'add' 'sub'> <InPorts = 2> <OutPorts = 1>
ST_3 : Operation 644 [1/1] (0.00ns)   --->   "%sext_ln813_81 = sext i19 %add_ln1347_86"   --->   Operation 644 'sext' 'sext_ln813_81' <Predicate = (!icmp_ln36)> <Delay = 0.00>
ST_3 : Operation 645 [1/1] (0.00ns)   --->   "%shl_ln1347_63 = bitconcatenate i19 @_ssdm_op_BitConcatenate.i19.i11.i8, i11 %sub_ln1273_8, i8 0"   --->   Operation 645 'bitconcatenate' 'shl_ln1347_63' <Predicate = (!icmp_ln36)> <Delay = 0.00>
ST_3 : Operation 646 [1/1] (0.00ns)   --->   "%sext_ln1347_148 = sext i19 %shl_ln1347_63"   --->   Operation 646 'sext' 'sext_ln1347_148' <Predicate = (!icmp_ln36)> <Delay = 0.00>
ST_3 : Operation 647 [1/1] (1.05ns)   --->   "%add_ln1347_87 = add i20 %sext_ln813_81, i20 %sext_ln1347_148"   --->   Operation 647 'add' 'add_ln1347_87' <Predicate = (!icmp_ln36)> <Delay = 1.05> <CoreInst = "Adder">   --->   Core 1 'Adder' <Latency = 0> <II = 1> <Delay = 1.05> <FuncUnit> <Opcode : 'add' 'sub'> <InPorts = 2> <OutPorts = 1>
ST_3 : Operation 648 [1/1] (0.00ns)   --->   "%sext_ln1273_37 = sext i20 %add_ln1347_87"   --->   Operation 648 'sext' 'sext_ln1273_37' <Predicate = (!icmp_ln36)> <Delay = 0.00>
ST_3 : Operation 649 [1/1] (0.90ns)   --->   "%sub_ln1273_43 = sub i9 0, i9 %px_V_19_cast142_i"   --->   Operation 649 'sub' 'sub_ln1273_43' <Predicate = (!icmp_ln36)> <Delay = 0.90> <CoreInst = "Adder">   --->   Core 1 'Adder' <Latency = 0> <II = 1> <Delay = 0.90> <FuncUnit> <Opcode : 'add' 'sub'> <InPorts = 2> <OutPorts = 1>
ST_3 : Operation 650 [1/1] (0.00ns)   --->   "%shl_ln1347_64 = bitconcatenate i17 @_ssdm_op_BitConcatenate.i17.i9.i8, i9 %sub_ln1273_43, i8 0"   --->   Operation 650 'bitconcatenate' 'shl_ln1347_64' <Predicate = (!icmp_ln36)> <Delay = 0.00>
ST_3 : Operation 651 [1/1] (0.00ns)   --->   "%sext_ln1347_149 = sext i17 %shl_ln1347_64"   --->   Operation 651 'sext' 'sext_ln1347_149' <Predicate = (!icmp_ln36)> <Delay = 0.00>
ST_3 : Operation 652 [1/1] (1.06ns)   --->   "%add_ln1347_88 = add i21 %sext_ln1273_37, i21 %sext_ln1347_149"   --->   Operation 652 'add' 'add_ln1347_88' <Predicate = (!icmp_ln36)> <Delay = 1.06> <CoreInst = "Adder">   --->   Core 1 'Adder' <Latency = 0> <II = 1> <Delay = 1.06> <FuncUnit> <Opcode : 'add' 'sub'> <InPorts = 2> <OutPorts = 1>
ST_3 : Operation 653 [1/1] (0.00ns)   --->   "%sext_ln856_10 = sext i21 %add_ln1347_88"   --->   Operation 653 'sext' 'sext_ln856_10' <Predicate = (!icmp_ln36)> <Delay = 0.00>
ST_3 : Operation 654 [1/1] (0.00ns)   --->   "%sext_ln813_82 = sext i21 %add_ln1347_88"   --->   Operation 654 'sext' 'sext_ln813_82' <Predicate = (!icmp_ln36)> <Delay = 0.00>
ST_3 : Operation 655 [1/1] (1.07ns)   --->   "%add_ln1347_89 = add i33 %sext_ln813_82, i33 %sext_ln1347_128"   --->   Operation 655 'add' 'add_ln1347_89' <Predicate = (!icmp_ln36)> <Delay = 1.07> <CoreInst = "Adder">   --->   Core 1 'Adder' <Latency = 0> <II = 1> <Delay = 1.07> <FuncUnit> <Opcode : 'add' 'sub'> <InPorts = 2> <OutPorts = 1>
ST_3 : Operation 656 [1/1] (0.00ns)   --->   "%tmp_167 = bitselect i1 @_ssdm_op_BitSelect.i1.i33.i32, i33 %add_ln1347_89, i32 32"   --->   Operation 656 'bitselect' 'tmp_167' <Predicate = (!icmp_ln36)> <Delay = 0.00>
ST_3 : Operation 657 [1/1] (1.07ns)   --->   "%add_ln813_56 = add i32 %sext_ln856_10, i32 %sext_ln1347_129"   --->   Operation 657 'add' 'add_ln813_56' <Predicate = (!icmp_ln36)> <Delay = 1.07> <CoreInst = "Adder">   --->   Core 1 'Adder' <Latency = 0> <II = 1> <Delay = 1.07> <FuncUnit> <Opcode : 'add' 'sub'> <InPorts = 2> <OutPorts = 1>
ST_3 : Operation 658 [1/1] (0.00ns)   --->   "%tmp_168 = bitselect i1 @_ssdm_op_BitSelect.i1.i32.i32, i32 %add_ln813_56, i32 31"   --->   Operation 658 'bitselect' 'tmp_168' <Predicate = (!icmp_ln36)> <Delay = 0.00>
ST_3 : Operation 659 [1/1] (0.00ns) (grouped into LUT with out node select_ln302_84)   --->   "%xor_ln895_84 = xor i1 %tmp_167, i1 1"   --->   Operation 659 'xor' 'xor_ln895_84' <Predicate = (!icmp_ln36)> <Delay = 0.00> <CoreInst = "LogicGate">   --->   Core 74 'LogicGate' <Latency = 0> <II = 1> <Delay = 0.33> <FuncUnit> <Opcode : 'and' 'or' 'xor'> <InPorts = 2> <OutPorts = 1>
ST_3 : Operation 660 [1/1] (0.00ns) (grouped into LUT with out node select_ln302_84)   --->   "%and_ln895_56 = and i1 %tmp_168, i1 %xor_ln895_84"   --->   Operation 660 'and' 'and_ln895_56' <Predicate = (!icmp_ln36)> <Delay = 0.00> <CoreInst = "LogicGate">   --->   Core 74 'LogicGate' <Latency = 0> <II = 1> <Delay = 0.33> <FuncUnit> <Opcode : 'and' 'or' 'xor'> <InPorts = 2> <OutPorts = 1>
ST_3 : Operation 661 [1/1] (0.00ns) (grouped into LUT with out node select_ln302_84)   --->   "%xor_ln302_72 = xor i1 %tmp_167, i1 %tmp_168"   --->   Operation 661 'xor' 'xor_ln302_72' <Predicate = (!icmp_ln36)> <Delay = 0.00> <CoreInst = "LogicGate">   --->   Core 74 'LogicGate' <Latency = 0> <II = 1> <Delay = 0.33> <FuncUnit> <Opcode : 'and' 'or' 'xor'> <InPorts = 2> <OutPorts = 1>
ST_3 : Operation 662 [1/1] (0.00ns) (grouped into LUT with out node select_ln302_84)   --->   "%select_ln346_72 = select i1 %and_ln895_56, i32 2147483647, i32 2147483648"   --->   Operation 662 'select' 'select_ln346_72' <Predicate = (!icmp_ln36)> <Delay = 0.00> <CoreInst = "Sel">   --->   Core 73 'Sel' <Latency = 0> <II = 1> <Delay = 0.52> <FuncUnit> <Opcode : 'select'> <InPorts = 3> <OutPorts = 1>
ST_3 : Operation 663 [1/1] (0.52ns) (out node of the LUT)   --->   "%select_ln302_84 = select i1 %xor_ln302_72, i32 %select_ln346_72, i32 %add_ln813_56"   --->   Operation 663 'select' 'select_ln302_84' <Predicate = (!icmp_ln36)> <Delay = 0.52> <CoreInst = "Sel">   --->   Core 73 'Sel' <Latency = 0> <II = 1> <Delay = 0.52> <FuncUnit> <Opcode : 'select'> <InPorts = 3> <OutPorts = 1>
ST_3 : Operation 664 [1/1] (0.00ns)   --->   "%sext_ln813_83 = sext i32 %select_ln302_84"   --->   Operation 664 'sext' 'sext_ln813_83' <Predicate = (!icmp_ln36)> <Delay = 0.00>
ST_3 : Operation 665 [1/1] (1.20ns)   --->   "%add_ln1347_90 = add i33 %sext_ln813_83, i33 %sext_ln1347_115"   --->   Operation 665 'add' 'add_ln1347_90' <Predicate = (!icmp_ln36)> <Delay = 1.20> <CoreInst = "Adder">   --->   Core 1 'Adder' <Latency = 0> <II = 1> <Delay = 1.20> <FuncUnit> <Opcode : 'add' 'sub'> <InPorts = 2> <OutPorts = 1>
ST_3 : Operation 666 [1/1] (0.00ns)   --->   "%tmp_169 = bitselect i1 @_ssdm_op_BitSelect.i1.i33.i32, i33 %add_ln1347_90, i32 32"   --->   Operation 666 'bitselect' 'tmp_169' <Predicate = (!icmp_ln36)> <Delay = 0.00>
ST_3 : Operation 667 [1/1] (1.20ns)   --->   "%add_ln813_57 = add i32 %select_ln302_84, i32 %sext_ln1347_116"   --->   Operation 667 'add' 'add_ln813_57' <Predicate = (!icmp_ln36)> <Delay = 1.20> <CoreInst = "Adder">   --->   Core 1 'Adder' <Latency = 0> <II = 1> <Delay = 1.20> <FuncUnit> <Opcode : 'add' 'sub'> <InPorts = 2> <OutPorts = 1>
ST_3 : Operation 668 [1/1] (0.00ns)   --->   "%tmp_170 = bitselect i1 @_ssdm_op_BitSelect.i1.i32.i32, i32 %add_ln813_57, i32 31"   --->   Operation 668 'bitselect' 'tmp_170' <Predicate = (!icmp_ln36)> <Delay = 0.00>
ST_3 : Operation 669 [1/1] (0.00ns) (grouped into LUT with out node select_ln302_85)   --->   "%xor_ln895_85 = xor i1 %tmp_169, i1 1"   --->   Operation 669 'xor' 'xor_ln895_85' <Predicate = (!icmp_ln36)> <Delay = 0.00> <CoreInst = "LogicGate">   --->   Core 74 'LogicGate' <Latency = 0> <II = 1> <Delay = 0.33> <FuncUnit> <Opcode : 'and' 'or' 'xor'> <InPorts = 2> <OutPorts = 1>
ST_3 : Operation 670 [1/1] (0.00ns) (grouped into LUT with out node select_ln302_85)   --->   "%and_ln895_57 = and i1 %tmp_170, i1 %xor_ln895_85"   --->   Operation 670 'and' 'and_ln895_57' <Predicate = (!icmp_ln36)> <Delay = 0.00> <CoreInst = "LogicGate">   --->   Core 74 'LogicGate' <Latency = 0> <II = 1> <Delay = 0.33> <FuncUnit> <Opcode : 'and' 'or' 'xor'> <InPorts = 2> <OutPorts = 1>
ST_3 : Operation 671 [1/1] (0.00ns) (grouped into LUT with out node select_ln302_85)   --->   "%xor_ln302_73 = xor i1 %tmp_169, i1 %tmp_170"   --->   Operation 671 'xor' 'xor_ln302_73' <Predicate = (!icmp_ln36)> <Delay = 0.00> <CoreInst = "LogicGate">   --->   Core 74 'LogicGate' <Latency = 0> <II = 1> <Delay = 0.33> <FuncUnit> <Opcode : 'and' 'or' 'xor'> <InPorts = 2> <OutPorts = 1>
ST_3 : Operation 672 [1/1] (0.00ns) (grouped into LUT with out node select_ln302_85)   --->   "%select_ln346_73 = select i1 %and_ln895_57, i32 2147483647, i32 2147483648"   --->   Operation 672 'select' 'select_ln346_73' <Predicate = (!icmp_ln36)> <Delay = 0.00> <CoreInst = "Sel">   --->   Core 73 'Sel' <Latency = 0> <II = 1> <Delay = 0.52> <FuncUnit> <Opcode : 'select'> <InPorts = 3> <OutPorts = 1>
ST_3 : Operation 673 [1/1] (0.52ns) (out node of the LUT)   --->   "%select_ln302_85 = select i1 %xor_ln302_73, i32 %select_ln346_73, i32 %add_ln813_57"   --->   Operation 673 'select' 'select_ln302_85' <Predicate = (!icmp_ln36)> <Delay = 0.52> <CoreInst = "Sel">   --->   Core 73 'Sel' <Latency = 0> <II = 1> <Delay = 0.52> <FuncUnit> <Opcode : 'select'> <InPorts = 3> <OutPorts = 1>
ST_3 : Operation 674 [1/1] (0.93ns)   --->   "%sub_ln1273_44 = sub i11 0, i11 %sext_ln1273_24"   --->   Operation 674 'sub' 'sub_ln1273_44' <Predicate = (!icmp_ln36)> <Delay = 0.93> <CoreInst = "Adder">   --->   Core 1 'Adder' <Latency = 0> <II = 1> <Delay = 0.93> <FuncUnit> <Opcode : 'add' 'sub'> <InPorts = 2> <OutPorts = 1>
ST_3 : Operation 675 [1/1] (0.00ns)   --->   "%sext_ln813_87 = sext i19 %add_ln1347_94"   --->   Operation 675 'sext' 'sext_ln813_87' <Predicate = (!icmp_ln36)> <Delay = 0.00>
ST_3 : Operation 676 [1/1] (0.00ns)   --->   "%shl_ln1347_68 = bitconcatenate i17 @_ssdm_op_BitConcatenate.i17.i8.i9, i8 %px_V_17, i9 0"   --->   Operation 676 'bitconcatenate' 'shl_ln1347_68' <Predicate = (!icmp_ln36)> <Delay = 0.00>
ST_3 : Operation 677 [1/1] (0.00ns)   --->   "%sext_ln1347_156 = sext i17 %shl_ln1347_68"   --->   Operation 677 'sext' 'sext_ln1347_156' <Predicate = (!icmp_ln36)> <Delay = 0.00>
ST_3 : Operation 678 [1/1] (1.05ns)   --->   "%add_ln1347_95 = add i20 %sext_ln813_87, i20 %sext_ln1347_156"   --->   Operation 678 'add' 'add_ln1347_95' <Predicate = (!icmp_ln36)> <Delay = 1.05> <CoreInst = "Adder">   --->   Core 1 'Adder' <Latency = 0> <II = 1> <Delay = 1.05> <FuncUnit> <Opcode : 'add' 'sub'> <InPorts = 2> <OutPorts = 1>
ST_3 : Operation 679 [1/1] (0.00ns)   --->   "%sext_ln813_88 = sext i20 %add_ln1347_95"   --->   Operation 679 'sext' 'sext_ln813_88' <Predicate = (!icmp_ln36)> <Delay = 0.00>
ST_3 : Operation 680 [1/1] (1.06ns)   --->   "%add_ln1347_96 = add i21 %sext_ln813_88, i21 %sext_ln1347_101"   --->   Operation 680 'add' 'add_ln1347_96' <Predicate = (!icmp_ln36)> <Delay = 1.06> <CoreInst = "Adder">   --->   Core 1 'Adder' <Latency = 0> <II = 1> <Delay = 1.06> <FuncUnit> <Opcode : 'add' 'sub'> <InPorts = 2> <OutPorts = 1>
ST_3 : Operation 681 [1/1] (0.00ns)   --->   "%sext_ln856_11 = sext i21 %add_ln1347_96"   --->   Operation 681 'sext' 'sext_ln856_11' <Predicate = (!icmp_ln36)> <Delay = 0.00>
ST_3 : Operation 682 [1/1] (0.90ns)   --->   "%sub_ln1273_47 = sub i9 0, i9 %px_V_20_cast148_i"   --->   Operation 682 'sub' 'sub_ln1273_47' <Predicate = (!icmp_ln36)> <Delay = 0.90> <CoreInst = "Adder">   --->   Core 1 'Adder' <Latency = 0> <II = 1> <Delay = 0.90> <FuncUnit> <Opcode : 'add' 'sub'> <InPorts = 2> <OutPorts = 1>
ST_3 : Operation 683 [1/1] (0.00ns)   --->   "%sext_ln813_89 = sext i21 %add_ln1347_96"   --->   Operation 683 'sext' 'sext_ln813_89' <Predicate = (!icmp_ln36)> <Delay = 0.00>
ST_3 : Operation 684 [1/1] (0.00ns)   --->   "%shl_ln1347_69 = bitconcatenate i17 @_ssdm_op_BitConcatenate.i17.i9.i8, i9 %sub_ln1273_47, i8 0"   --->   Operation 684 'bitconcatenate' 'shl_ln1347_69' <Predicate = (!icmp_ln36)> <Delay = 0.00>
ST_3 : Operation 685 [1/1] (0.00ns)   --->   "%sext_ln1347_157 = sext i17 %shl_ln1347_69"   --->   Operation 685 'sext' 'sext_ln1347_157' <Predicate = (!icmp_ln36)> <Delay = 0.00>
ST_3 : Operation 686 [1/1] (0.00ns)   --->   "%sext_ln1347_158 = sext i17 %shl_ln1347_69"   --->   Operation 686 'sext' 'sext_ln1347_158' <Predicate = (!icmp_ln36)> <Delay = 0.00>
ST_3 : Operation 687 [1/1] (1.07ns)   --->   "%add_ln1347_97 = add i33 %sext_ln813_89, i33 %sext_ln1347_157"   --->   Operation 687 'add' 'add_ln1347_97' <Predicate = (!icmp_ln36)> <Delay = 1.07> <CoreInst = "Adder">   --->   Core 1 'Adder' <Latency = 0> <II = 1> <Delay = 1.07> <FuncUnit> <Opcode : 'add' 'sub'> <InPorts = 2> <OutPorts = 1>
ST_3 : Operation 688 [1/1] (0.00ns)   --->   "%tmp_181 = bitselect i1 @_ssdm_op_BitSelect.i1.i33.i32, i33 %add_ln1347_97, i32 32"   --->   Operation 688 'bitselect' 'tmp_181' <Predicate = (!icmp_ln36)> <Delay = 0.00>
ST_3 : Operation 689 [1/1] (1.07ns)   --->   "%add_ln813_61 = add i32 %sext_ln856_11, i32 %sext_ln1347_158"   --->   Operation 689 'add' 'add_ln813_61' <Predicate = (!icmp_ln36)> <Delay = 1.07> <CoreInst = "Adder">   --->   Core 1 'Adder' <Latency = 0> <II = 1> <Delay = 1.07> <FuncUnit> <Opcode : 'add' 'sub'> <InPorts = 2> <OutPorts = 1>
ST_3 : Operation 690 [1/1] (0.00ns)   --->   "%tmp_182 = bitselect i1 @_ssdm_op_BitSelect.i1.i32.i32, i32 %add_ln813_61, i32 31"   --->   Operation 690 'bitselect' 'tmp_182' <Predicate = (!icmp_ln36)> <Delay = 0.00>
ST_3 : Operation 691 [1/1] (0.00ns) (grouped into LUT with out node select_ln302_90)   --->   "%xor_ln895_90 = xor i1 %tmp_181, i1 1"   --->   Operation 691 'xor' 'xor_ln895_90' <Predicate = (!icmp_ln36)> <Delay = 0.00> <CoreInst = "LogicGate">   --->   Core 74 'LogicGate' <Latency = 0> <II = 1> <Delay = 0.33> <FuncUnit> <Opcode : 'and' 'or' 'xor'> <InPorts = 2> <OutPorts = 1>
ST_3 : Operation 692 [1/1] (0.00ns) (grouped into LUT with out node select_ln302_90)   --->   "%and_ln895_61 = and i1 %tmp_182, i1 %xor_ln895_90"   --->   Operation 692 'and' 'and_ln895_61' <Predicate = (!icmp_ln36)> <Delay = 0.00> <CoreInst = "LogicGate">   --->   Core 74 'LogicGate' <Latency = 0> <II = 1> <Delay = 0.33> <FuncUnit> <Opcode : 'and' 'or' 'xor'> <InPorts = 2> <OutPorts = 1>
ST_3 : Operation 693 [1/1] (0.00ns) (grouped into LUT with out node select_ln302_90)   --->   "%xor_ln302_77 = xor i1 %tmp_181, i1 %tmp_182"   --->   Operation 693 'xor' 'xor_ln302_77' <Predicate = (!icmp_ln36)> <Delay = 0.00> <CoreInst = "LogicGate">   --->   Core 74 'LogicGate' <Latency = 0> <II = 1> <Delay = 0.33> <FuncUnit> <Opcode : 'and' 'or' 'xor'> <InPorts = 2> <OutPorts = 1>
ST_3 : Operation 694 [1/1] (0.00ns) (grouped into LUT with out node select_ln302_90)   --->   "%select_ln346_77 = select i1 %and_ln895_61, i32 2147483647, i32 2147483648"   --->   Operation 694 'select' 'select_ln346_77' <Predicate = (!icmp_ln36)> <Delay = 0.00> <CoreInst = "Sel">   --->   Core 73 'Sel' <Latency = 0> <II = 1> <Delay = 0.52> <FuncUnit> <Opcode : 'select'> <InPorts = 3> <OutPorts = 1>
ST_3 : Operation 695 [1/1] (0.52ns) (out node of the LUT)   --->   "%select_ln302_90 = select i1 %xor_ln302_77, i32 %select_ln346_77, i32 %add_ln813_61"   --->   Operation 695 'select' 'select_ln302_90' <Predicate = (!icmp_ln36)> <Delay = 0.52> <CoreInst = "Sel">   --->   Core 73 'Sel' <Latency = 0> <II = 1> <Delay = 0.52> <FuncUnit> <Opcode : 'select'> <InPorts = 3> <OutPorts = 1>
ST_3 : Operation 696 [1/1] (0.00ns)   --->   "%sext_ln813_90 = sext i32 %select_ln302_90"   --->   Operation 696 'sext' 'sext_ln813_90' <Predicate = (!icmp_ln36)> <Delay = 0.00>
ST_3 : Operation 697 [1/1] (1.20ns)   --->   "%add_ln1347_98 = add i33 %sext_ln813_90, i33 %sext_ln1347_55"   --->   Operation 697 'add' 'add_ln1347_98' <Predicate = (!icmp_ln36)> <Delay = 1.20> <CoreInst = "Adder">   --->   Core 1 'Adder' <Latency = 0> <II = 1> <Delay = 1.20> <FuncUnit> <Opcode : 'add' 'sub'> <InPorts = 2> <OutPorts = 1>
ST_3 : Operation 698 [1/1] (0.00ns)   --->   "%tmp_183 = bitselect i1 @_ssdm_op_BitSelect.i1.i33.i32, i33 %add_ln1347_98, i32 32"   --->   Operation 698 'bitselect' 'tmp_183' <Predicate = (!icmp_ln36)> <Delay = 0.00>
ST_3 : Operation 699 [1/1] (1.20ns)   --->   "%add_ln813_62 = add i32 %select_ln302_90, i32 %sext_ln1347_56"   --->   Operation 699 'add' 'add_ln813_62' <Predicate = (!icmp_ln36)> <Delay = 1.20> <CoreInst = "Adder">   --->   Core 1 'Adder' <Latency = 0> <II = 1> <Delay = 1.20> <FuncUnit> <Opcode : 'add' 'sub'> <InPorts = 2> <OutPorts = 1>
ST_3 : Operation 700 [1/1] (0.00ns)   --->   "%tmp_184 = bitselect i1 @_ssdm_op_BitSelect.i1.i32.i32, i32 %add_ln813_62, i32 31"   --->   Operation 700 'bitselect' 'tmp_184' <Predicate = (!icmp_ln36)> <Delay = 0.00>
ST_3 : Operation 701 [1/1] (0.00ns) (grouped into LUT with out node select_ln302_91)   --->   "%xor_ln895_91 = xor i1 %tmp_183, i1 1"   --->   Operation 701 'xor' 'xor_ln895_91' <Predicate = (!icmp_ln36)> <Delay = 0.00> <CoreInst = "LogicGate">   --->   Core 74 'LogicGate' <Latency = 0> <II = 1> <Delay = 0.33> <FuncUnit> <Opcode : 'and' 'or' 'xor'> <InPorts = 2> <OutPorts = 1>
ST_3 : Operation 702 [1/1] (0.00ns) (grouped into LUT with out node select_ln302_91)   --->   "%and_ln895_62 = and i1 %tmp_184, i1 %xor_ln895_91"   --->   Operation 702 'and' 'and_ln895_62' <Predicate = (!icmp_ln36)> <Delay = 0.00> <CoreInst = "LogicGate">   --->   Core 74 'LogicGate' <Latency = 0> <II = 1> <Delay = 0.33> <FuncUnit> <Opcode : 'and' 'or' 'xor'> <InPorts = 2> <OutPorts = 1>
ST_3 : Operation 703 [1/1] (0.00ns) (grouped into LUT with out node select_ln302_91)   --->   "%xor_ln302_78 = xor i1 %tmp_183, i1 %tmp_184"   --->   Operation 703 'xor' 'xor_ln302_78' <Predicate = (!icmp_ln36)> <Delay = 0.00> <CoreInst = "LogicGate">   --->   Core 74 'LogicGate' <Latency = 0> <II = 1> <Delay = 0.33> <FuncUnit> <Opcode : 'and' 'or' 'xor'> <InPorts = 2> <OutPorts = 1>
ST_3 : Operation 704 [1/1] (0.00ns) (grouped into LUT with out node select_ln302_91)   --->   "%select_ln346_78 = select i1 %and_ln895_62, i32 2147483647, i32 2147483648"   --->   Operation 704 'select' 'select_ln346_78' <Predicate = (!icmp_ln36)> <Delay = 0.00> <CoreInst = "Sel">   --->   Core 73 'Sel' <Latency = 0> <II = 1> <Delay = 0.52> <FuncUnit> <Opcode : 'select'> <InPorts = 3> <OutPorts = 1>
ST_3 : Operation 705 [1/1] (0.52ns) (out node of the LUT)   --->   "%select_ln302_91 = select i1 %xor_ln302_78, i32 %select_ln346_78, i32 %add_ln813_62"   --->   Operation 705 'select' 'select_ln302_91' <Predicate = (!icmp_ln36)> <Delay = 0.52> <CoreInst = "Sel">   --->   Core 73 'Sel' <Latency = 0> <II = 1> <Delay = 0.52> <FuncUnit> <Opcode : 'select'> <InPorts = 3> <OutPorts = 1>
ST_3 : Operation 706 [1/1] (0.93ns)   --->   "%sub_ln1273_48 = sub i11 %sext_ln1273_24, i11 %px_V_22_cast_i"   --->   Operation 706 'sub' 'sub_ln1273_48' <Predicate = (!icmp_ln36)> <Delay = 0.93> <CoreInst = "Adder">   --->   Core 1 'Adder' <Latency = 0> <II = 1> <Delay = 0.93> <FuncUnit> <Opcode : 'add' 'sub'> <InPorts = 2> <OutPorts = 1>
ST_3 : Operation 707 [1/1] (0.00ns)   --->   "%sext_ln813_91 = sext i32 %select_ln302_91"   --->   Operation 707 'sext' 'sext_ln813_91' <Predicate = (!icmp_ln36)> <Delay = 0.00>
ST_3 : Operation 708 [1/1] (0.00ns)   --->   "%shl_ln1347_70 = bitconcatenate i19 @_ssdm_op_BitConcatenate.i19.i11.i8, i11 %sub_ln1273_48, i8 0"   --->   Operation 708 'bitconcatenate' 'shl_ln1347_70' <Predicate = (!icmp_ln36)> <Delay = 0.00>
ST_3 : Operation 709 [1/1] (0.00ns)   --->   "%sext_ln1347_159 = sext i19 %shl_ln1347_70"   --->   Operation 709 'sext' 'sext_ln1347_159' <Predicate = (!icmp_ln36)> <Delay = 0.00>
ST_3 : Operation 710 [1/1] (0.00ns)   --->   "%sext_ln1347_160 = sext i19 %shl_ln1347_70"   --->   Operation 710 'sext' 'sext_ln1347_160' <Predicate = (!icmp_ln36)> <Delay = 0.00>
ST_3 : Operation 711 [1/1] (1.20ns)   --->   "%add_ln1347_99 = add i33 %sext_ln813_91, i33 %sext_ln1347_159"   --->   Operation 711 'add' 'add_ln1347_99' <Predicate = (!icmp_ln36)> <Delay = 1.20> <CoreInst = "Adder">   --->   Core 1 'Adder' <Latency = 0> <II = 1> <Delay = 1.20> <FuncUnit> <Opcode : 'add' 'sub'> <InPorts = 2> <OutPorts = 1>
ST_3 : Operation 712 [1/1] (0.00ns)   --->   "%tmp_185 = bitselect i1 @_ssdm_op_BitSelect.i1.i33.i32, i33 %add_ln1347_99, i32 32"   --->   Operation 712 'bitselect' 'tmp_185' <Predicate = (!icmp_ln36)> <Delay = 0.00>
ST_3 : Operation 713 [1/1] (1.20ns)   --->   "%add_ln813_63 = add i32 %select_ln302_91, i32 %sext_ln1347_160"   --->   Operation 713 'add' 'add_ln813_63' <Predicate = (!icmp_ln36)> <Delay = 1.20> <CoreInst = "Adder">   --->   Core 1 'Adder' <Latency = 0> <II = 1> <Delay = 1.20> <FuncUnit> <Opcode : 'add' 'sub'> <InPorts = 2> <OutPorts = 1>
ST_3 : Operation 714 [1/1] (0.00ns)   --->   "%tmp_186 = bitselect i1 @_ssdm_op_BitSelect.i1.i32.i32, i32 %add_ln813_63, i32 31"   --->   Operation 714 'bitselect' 'tmp_186' <Predicate = (!icmp_ln36)> <Delay = 0.00>
ST_3 : Operation 715 [1/1] (0.00ns) (grouped into LUT with out node select_ln302_92)   --->   "%xor_ln895_92 = xor i1 %tmp_185, i1 1"   --->   Operation 715 'xor' 'xor_ln895_92' <Predicate = (!icmp_ln36)> <Delay = 0.00> <CoreInst = "LogicGate">   --->   Core 74 'LogicGate' <Latency = 0> <II = 1> <Delay = 0.33> <FuncUnit> <Opcode : 'and' 'or' 'xor'> <InPorts = 2> <OutPorts = 1>
ST_3 : Operation 716 [1/1] (0.00ns) (grouped into LUT with out node select_ln302_92)   --->   "%and_ln895_63 = and i1 %tmp_186, i1 %xor_ln895_92"   --->   Operation 716 'and' 'and_ln895_63' <Predicate = (!icmp_ln36)> <Delay = 0.00> <CoreInst = "LogicGate">   --->   Core 74 'LogicGate' <Latency = 0> <II = 1> <Delay = 0.33> <FuncUnit> <Opcode : 'and' 'or' 'xor'> <InPorts = 2> <OutPorts = 1>
ST_3 : Operation 717 [1/1] (0.00ns) (grouped into LUT with out node select_ln302_92)   --->   "%xor_ln302_79 = xor i1 %tmp_185, i1 %tmp_186"   --->   Operation 717 'xor' 'xor_ln302_79' <Predicate = (!icmp_ln36)> <Delay = 0.00> <CoreInst = "LogicGate">   --->   Core 74 'LogicGate' <Latency = 0> <II = 1> <Delay = 0.33> <FuncUnit> <Opcode : 'and' 'or' 'xor'> <InPorts = 2> <OutPorts = 1>
ST_3 : Operation 718 [1/1] (0.00ns) (grouped into LUT with out node select_ln302_92)   --->   "%select_ln346_79 = select i1 %and_ln895_63, i32 2147483647, i32 2147483648"   --->   Operation 718 'select' 'select_ln346_79' <Predicate = (!icmp_ln36)> <Delay = 0.00> <CoreInst = "Sel">   --->   Core 73 'Sel' <Latency = 0> <II = 1> <Delay = 0.52> <FuncUnit> <Opcode : 'select'> <InPorts = 3> <OutPorts = 1>
ST_3 : Operation 719 [1/1] (0.52ns) (out node of the LUT)   --->   "%select_ln302_92 = select i1 %xor_ln302_79, i32 %select_ln346_79, i32 %add_ln813_63"   --->   Operation 719 'select' 'select_ln302_92' <Predicate = (!icmp_ln36)> <Delay = 0.52> <CoreInst = "Sel">   --->   Core 73 'Sel' <Latency = 0> <II = 1> <Delay = 0.52> <FuncUnit> <Opcode : 'select'> <InPorts = 3> <OutPorts = 1>
ST_3 : Operation 720 [1/1] (0.00ns)   --->   "%sext_ln813_94 = sext i19 %add_ln1347_102"   --->   Operation 720 'sext' 'sext_ln813_94' <Predicate = (!icmp_ln36)> <Delay = 0.00>
ST_3 : Operation 721 [1/1] (0.00ns)   --->   "%shl_ln1347_71 = bitconcatenate i19 @_ssdm_op_BitConcatenate.i19.i8.i11, i8 %px_V, i11 0"   --->   Operation 721 'bitconcatenate' 'shl_ln1347_71' <Predicate = (!icmp_ln36)> <Delay = 0.00>
ST_3 : Operation 722 [1/1] (0.00ns)   --->   "%sext_ln1347_161 = sext i19 %shl_ln1347_71"   --->   Operation 722 'sext' 'sext_ln1347_161' <Predicate = (!icmp_ln36)> <Delay = 0.00>
ST_3 : Operation 723 [1/1] (1.05ns)   --->   "%add_ln1347_103 = add i20 %sext_ln813_94, i20 %sext_ln1347_161"   --->   Operation 723 'add' 'add_ln1347_103' <Predicate = (!icmp_ln36)> <Delay = 1.05> <CoreInst = "Adder">   --->   Core 1 'Adder' <Latency = 0> <II = 1> <Delay = 1.05> <FuncUnit> <Opcode : 'add' 'sub'> <InPorts = 2> <OutPorts = 1>
ST_3 : Operation 724 [1/1] (0.00ns)   --->   "%sext_ln813_95 = sext i20 %add_ln1347_103"   --->   Operation 724 'sext' 'sext_ln813_95' <Predicate = (!icmp_ln36)> <Delay = 0.00>
ST_3 : Operation 725 [1/1] (1.06ns)   --->   "%add_ln1347_104 = add i21 %sext_ln813_95, i21 %sext_ln1347_73"   --->   Operation 725 'add' 'add_ln1347_104' <Predicate = (!icmp_ln36)> <Delay = 1.06> <CoreInst = "Adder">   --->   Core 1 'Adder' <Latency = 0> <II = 1> <Delay = 1.06> <FuncUnit> <Opcode : 'add' 'sub'> <InPorts = 2> <OutPorts = 1>
ST_3 : Operation 726 [1/1] (0.00ns)   --->   "%sext_ln856_12 = sext i21 %add_ln1347_104"   --->   Operation 726 'sext' 'sext_ln856_12' <Predicate = (!icmp_ln36)> <Delay = 0.00>
ST_3 : Operation 727 [1/1] (0.93ns)   --->   "%add_ln1273_6 = add i11 %sext_ln1273_18, i11 %px_V_19_cast147_i"   --->   Operation 727 'add' 'add_ln1273_6' <Predicate = (!icmp_ln36)> <Delay = 0.93> <CoreInst = "Adder">   --->   Core 1 'Adder' <Latency = 0> <II = 1> <Delay = 0.93> <FuncUnit> <Opcode : 'add' 'sub'> <InPorts = 2> <OutPorts = 1>
ST_3 : Operation 728 [1/1] (0.00ns)   --->   "%sext_ln813_96 = sext i21 %add_ln1347_104"   --->   Operation 728 'sext' 'sext_ln813_96' <Predicate = (!icmp_ln36)> <Delay = 0.00>
ST_3 : Operation 729 [1/1] (0.00ns)   --->   "%shl_ln1347_72 = bitconcatenate i19 @_ssdm_op_BitConcatenate.i19.i11.i8, i11 %add_ln1273_6, i8 0"   --->   Operation 729 'bitconcatenate' 'shl_ln1347_72' <Predicate = (!icmp_ln36)> <Delay = 0.00>
ST_3 : Operation 730 [1/1] (0.00ns)   --->   "%sext_ln1347_162 = sext i19 %shl_ln1347_72"   --->   Operation 730 'sext' 'sext_ln1347_162' <Predicate = (!icmp_ln36)> <Delay = 0.00>
ST_3 : Operation 731 [1/1] (0.00ns)   --->   "%sext_ln1347_163 = sext i19 %shl_ln1347_72"   --->   Operation 731 'sext' 'sext_ln1347_163' <Predicate = (!icmp_ln36)> <Delay = 0.00>
ST_3 : Operation 732 [1/1] (1.07ns)   --->   "%add_ln1347_105 = add i33 %sext_ln813_96, i33 %sext_ln1347_162"   --->   Operation 732 'add' 'add_ln1347_105' <Predicate = (!icmp_ln36)> <Delay = 1.07> <CoreInst = "Adder">   --->   Core 1 'Adder' <Latency = 0> <II = 1> <Delay = 1.07> <FuncUnit> <Opcode : 'add' 'sub'> <InPorts = 2> <OutPorts = 1>
ST_3 : Operation 733 [1/1] (0.00ns)   --->   "%tmp_195 = bitselect i1 @_ssdm_op_BitSelect.i1.i33.i32, i33 %add_ln1347_105, i32 32"   --->   Operation 733 'bitselect' 'tmp_195' <Predicate = (!icmp_ln36)> <Delay = 0.00>
ST_3 : Operation 734 [1/1] (1.07ns)   --->   "%add_ln813_66 = add i32 %sext_ln856_12, i32 %sext_ln1347_163"   --->   Operation 734 'add' 'add_ln813_66' <Predicate = (!icmp_ln36)> <Delay = 1.07> <CoreInst = "Adder">   --->   Core 1 'Adder' <Latency = 0> <II = 1> <Delay = 1.07> <FuncUnit> <Opcode : 'add' 'sub'> <InPorts = 2> <OutPorts = 1>
ST_3 : Operation 735 [1/1] (0.00ns)   --->   "%tmp_196 = bitselect i1 @_ssdm_op_BitSelect.i1.i32.i32, i32 %add_ln813_66, i32 31"   --->   Operation 735 'bitselect' 'tmp_196' <Predicate = (!icmp_ln36)> <Delay = 0.00>
ST_3 : Operation 736 [1/1] (0.00ns) (grouped into LUT with out node select_ln302_96)   --->   "%xor_ln895_96 = xor i1 %tmp_195, i1 1"   --->   Operation 736 'xor' 'xor_ln895_96' <Predicate = (!icmp_ln36)> <Delay = 0.00> <CoreInst = "LogicGate">   --->   Core 74 'LogicGate' <Latency = 0> <II = 1> <Delay = 0.33> <FuncUnit> <Opcode : 'and' 'or' 'xor'> <InPorts = 2> <OutPorts = 1>
ST_3 : Operation 737 [1/1] (0.00ns) (grouped into LUT with out node select_ln302_96)   --->   "%and_ln895_66 = and i1 %tmp_196, i1 %xor_ln895_96"   --->   Operation 737 'and' 'and_ln895_66' <Predicate = (!icmp_ln36)> <Delay = 0.00> <CoreInst = "LogicGate">   --->   Core 74 'LogicGate' <Latency = 0> <II = 1> <Delay = 0.33> <FuncUnit> <Opcode : 'and' 'or' 'xor'> <InPorts = 2> <OutPorts = 1>
ST_3 : Operation 738 [1/1] (0.00ns) (grouped into LUT with out node select_ln302_96)   --->   "%xor_ln302_82 = xor i1 %tmp_195, i1 %tmp_196"   --->   Operation 738 'xor' 'xor_ln302_82' <Predicate = (!icmp_ln36)> <Delay = 0.00> <CoreInst = "LogicGate">   --->   Core 74 'LogicGate' <Latency = 0> <II = 1> <Delay = 0.33> <FuncUnit> <Opcode : 'and' 'or' 'xor'> <InPorts = 2> <OutPorts = 1>
ST_3 : Operation 739 [1/1] (0.00ns) (grouped into LUT with out node select_ln302_96)   --->   "%select_ln346_82 = select i1 %and_ln895_66, i32 2147483647, i32 2147483648"   --->   Operation 739 'select' 'select_ln346_82' <Predicate = (!icmp_ln36)> <Delay = 0.00> <CoreInst = "Sel">   --->   Core 73 'Sel' <Latency = 0> <II = 1> <Delay = 0.52> <FuncUnit> <Opcode : 'select'> <InPorts = 3> <OutPorts = 1>
ST_3 : Operation 740 [1/1] (0.52ns) (out node of the LUT)   --->   "%select_ln302_96 = select i1 %xor_ln302_82, i32 %select_ln346_82, i32 %add_ln813_66"   --->   Operation 740 'select' 'select_ln302_96' <Predicate = (!icmp_ln36)> <Delay = 0.52> <CoreInst = "Sel">   --->   Core 73 'Sel' <Latency = 0> <II = 1> <Delay = 0.52> <FuncUnit> <Opcode : 'select'> <InPorts = 3> <OutPorts = 1>
ST_3 : Operation 741 [1/1] (0.00ns)   --->   "%sext_ln813_97 = sext i32 %select_ln302_96"   --->   Operation 741 'sext' 'sext_ln813_97' <Predicate = (!icmp_ln36)> <Delay = 0.00>
ST_3 : Operation 742 [1/1] (1.20ns)   --->   "%add_ln1347_106 = add i33 %sext_ln813_97, i33 %sext_ln1347_142"   --->   Operation 742 'add' 'add_ln1347_106' <Predicate = (!icmp_ln36)> <Delay = 1.20> <CoreInst = "Adder">   --->   Core 1 'Adder' <Latency = 0> <II = 1> <Delay = 1.20> <FuncUnit> <Opcode : 'add' 'sub'> <InPorts = 2> <OutPorts = 1>
ST_3 : Operation 743 [1/1] (0.00ns)   --->   "%tmp_197 = bitselect i1 @_ssdm_op_BitSelect.i1.i33.i32, i33 %add_ln1347_106, i32 32"   --->   Operation 743 'bitselect' 'tmp_197' <Predicate = (!icmp_ln36)> <Delay = 0.00>
ST_3 : Operation 744 [1/1] (1.20ns)   --->   "%add_ln813_67 = add i32 %select_ln302_96, i32 %sext_ln1347_143"   --->   Operation 744 'add' 'add_ln813_67' <Predicate = (!icmp_ln36)> <Delay = 1.20> <CoreInst = "Adder">   --->   Core 1 'Adder' <Latency = 0> <II = 1> <Delay = 1.20> <FuncUnit> <Opcode : 'add' 'sub'> <InPorts = 2> <OutPorts = 1>
ST_3 : Operation 745 [1/1] (0.00ns)   --->   "%tmp_198 = bitselect i1 @_ssdm_op_BitSelect.i1.i32.i32, i32 %add_ln813_67, i32 31"   --->   Operation 745 'bitselect' 'tmp_198' <Predicate = (!icmp_ln36)> <Delay = 0.00>
ST_3 : Operation 746 [1/1] (0.00ns) (grouped into LUT with out node select_ln302_97)   --->   "%xor_ln895_97 = xor i1 %tmp_197, i1 1"   --->   Operation 746 'xor' 'xor_ln895_97' <Predicate = (!icmp_ln36)> <Delay = 0.00> <CoreInst = "LogicGate">   --->   Core 74 'LogicGate' <Latency = 0> <II = 1> <Delay = 0.33> <FuncUnit> <Opcode : 'and' 'or' 'xor'> <InPorts = 2> <OutPorts = 1>
ST_3 : Operation 747 [1/1] (0.00ns) (grouped into LUT with out node select_ln302_97)   --->   "%and_ln895_67 = and i1 %tmp_198, i1 %xor_ln895_97"   --->   Operation 747 'and' 'and_ln895_67' <Predicate = (!icmp_ln36)> <Delay = 0.00> <CoreInst = "LogicGate">   --->   Core 74 'LogicGate' <Latency = 0> <II = 1> <Delay = 0.33> <FuncUnit> <Opcode : 'and' 'or' 'xor'> <InPorts = 2> <OutPorts = 1>
ST_3 : Operation 748 [1/1] (0.00ns) (grouped into LUT with out node select_ln302_97)   --->   "%xor_ln302_83 = xor i1 %tmp_197, i1 %tmp_198"   --->   Operation 748 'xor' 'xor_ln302_83' <Predicate = (!icmp_ln36)> <Delay = 0.00> <CoreInst = "LogicGate">   --->   Core 74 'LogicGate' <Latency = 0> <II = 1> <Delay = 0.33> <FuncUnit> <Opcode : 'and' 'or' 'xor'> <InPorts = 2> <OutPorts = 1>
ST_3 : Operation 749 [1/1] (0.00ns) (grouped into LUT with out node select_ln302_97)   --->   "%select_ln346_83 = select i1 %and_ln895_67, i32 2147483647, i32 2147483648"   --->   Operation 749 'select' 'select_ln346_83' <Predicate = (!icmp_ln36)> <Delay = 0.00> <CoreInst = "Sel">   --->   Core 73 'Sel' <Latency = 0> <II = 1> <Delay = 0.52> <FuncUnit> <Opcode : 'select'> <InPorts = 3> <OutPorts = 1>
ST_3 : Operation 750 [1/1] (0.52ns) (out node of the LUT)   --->   "%select_ln302_97 = select i1 %xor_ln302_83, i32 %select_ln346_83, i32 %add_ln813_67"   --->   Operation 750 'select' 'select_ln302_97' <Predicate = (!icmp_ln36)> <Delay = 0.52> <CoreInst = "Sel">   --->   Core 73 'Sel' <Latency = 0> <II = 1> <Delay = 0.52> <FuncUnit> <Opcode : 'select'> <InPorts = 3> <OutPorts = 1>
ST_3 : Operation 751 [1/1] (0.00ns)   --->   "%sext_ln813_98 = sext i32 %select_ln302_97"   --->   Operation 751 'sext' 'sext_ln813_98' <Predicate = (!icmp_ln36)> <Delay = 0.00>
ST_3 : Operation 752 [1/1] (1.20ns)   --->   "%add_ln1347_107 = add i33 %sext_ln813_98, i33 %sext_ln1347_130"   --->   Operation 752 'add' 'add_ln1347_107' <Predicate = (!icmp_ln36)> <Delay = 1.20> <CoreInst = "Adder">   --->   Core 1 'Adder' <Latency = 0> <II = 1> <Delay = 1.20> <FuncUnit> <Opcode : 'add' 'sub'> <InPorts = 2> <OutPorts = 1>
ST_3 : Operation 753 [1/1] (0.00ns)   --->   "%tmp_199 = bitselect i1 @_ssdm_op_BitSelect.i1.i33.i32, i33 %add_ln1347_107, i32 32"   --->   Operation 753 'bitselect' 'tmp_199' <Predicate = (!icmp_ln36)> <Delay = 0.00>
ST_3 : Operation 754 [1/1] (1.20ns)   --->   "%add_ln813_68 = add i32 %select_ln302_97, i32 %sext_ln1347_131"   --->   Operation 754 'add' 'add_ln813_68' <Predicate = (!icmp_ln36)> <Delay = 1.20> <CoreInst = "Adder">   --->   Core 1 'Adder' <Latency = 0> <II = 1> <Delay = 1.20> <FuncUnit> <Opcode : 'add' 'sub'> <InPorts = 2> <OutPorts = 1>
ST_3 : Operation 755 [1/1] (0.00ns)   --->   "%tmp_200 = bitselect i1 @_ssdm_op_BitSelect.i1.i32.i32, i32 %add_ln813_68, i32 31"   --->   Operation 755 'bitselect' 'tmp_200' <Predicate = (!icmp_ln36)> <Delay = 0.00>
ST_3 : Operation 756 [1/1] (0.00ns) (grouped into LUT with out node select_ln302_98)   --->   "%xor_ln895_98 = xor i1 %tmp_199, i1 1"   --->   Operation 756 'xor' 'xor_ln895_98' <Predicate = (!icmp_ln36)> <Delay = 0.00> <CoreInst = "LogicGate">   --->   Core 74 'LogicGate' <Latency = 0> <II = 1> <Delay = 0.33> <FuncUnit> <Opcode : 'and' 'or' 'xor'> <InPorts = 2> <OutPorts = 1>
ST_3 : Operation 757 [1/1] (0.00ns) (grouped into LUT with out node select_ln302_98)   --->   "%and_ln895_68 = and i1 %tmp_200, i1 %xor_ln895_98"   --->   Operation 757 'and' 'and_ln895_68' <Predicate = (!icmp_ln36)> <Delay = 0.00> <CoreInst = "LogicGate">   --->   Core 74 'LogicGate' <Latency = 0> <II = 1> <Delay = 0.33> <FuncUnit> <Opcode : 'and' 'or' 'xor'> <InPorts = 2> <OutPorts = 1>
ST_3 : Operation 758 [1/1] (0.00ns) (grouped into LUT with out node select_ln302_98)   --->   "%xor_ln302_84 = xor i1 %tmp_199, i1 %tmp_200"   --->   Operation 758 'xor' 'xor_ln302_84' <Predicate = (!icmp_ln36)> <Delay = 0.00> <CoreInst = "LogicGate">   --->   Core 74 'LogicGate' <Latency = 0> <II = 1> <Delay = 0.33> <FuncUnit> <Opcode : 'and' 'or' 'xor'> <InPorts = 2> <OutPorts = 1>
ST_3 : Operation 759 [1/1] (0.00ns) (grouped into LUT with out node select_ln302_98)   --->   "%select_ln346_84 = select i1 %and_ln895_68, i32 2147483647, i32 2147483648"   --->   Operation 759 'select' 'select_ln346_84' <Predicate = (!icmp_ln36)> <Delay = 0.00> <CoreInst = "Sel">   --->   Core 73 'Sel' <Latency = 0> <II = 1> <Delay = 0.52> <FuncUnit> <Opcode : 'select'> <InPorts = 3> <OutPorts = 1>
ST_3 : Operation 760 [1/1] (0.52ns) (out node of the LUT)   --->   "%select_ln302_98 = select i1 %xor_ln302_84, i32 %select_ln346_84, i32 %add_ln813_68"   --->   Operation 760 'select' 'select_ln302_98' <Predicate = (!icmp_ln36)> <Delay = 0.52> <CoreInst = "Sel">   --->   Core 73 'Sel' <Latency = 0> <II = 1> <Delay = 0.52> <FuncUnit> <Opcode : 'select'> <InPorts = 3> <OutPorts = 1>
ST_3 : Operation 761 [1/1] (0.00ns)   --->   "%shl_ln1347_76 = bitconcatenate i18 @_ssdm_op_BitConcatenate.i18.i8.i10, i8 %r_V_load, i10 0"   --->   Operation 761 'bitconcatenate' 'shl_ln1347_76' <Predicate = (!icmp_ln36)> <Delay = 0.00>
ST_3 : Operation 762 [1/1] (0.00ns)   --->   "%sext_ln1347_170 = sext i18 %shl_ln1347_76"   --->   Operation 762 'sext' 'sext_ln1347_170' <Predicate = (!icmp_ln36)> <Delay = 0.00>
ST_3 : Operation 763 [1/1] (1.03ns)   --->   "%add_ln1347_111 = add i19 %sext_ln1347_170, i19 4096"   --->   Operation 763 'add' 'add_ln1347_111' <Predicate = (!icmp_ln36)> <Delay = 1.03> <CoreInst = "Adder">   --->   Core 1 'Adder' <Latency = 0> <II = 1> <Delay = 1.03> <FuncUnit> <Opcode : 'add' 'sub'> <InPorts = 2> <OutPorts = 1>
ST_3 : Operation 764 [1/1] (0.00ns)   --->   "%sext_ln1273_29 = sext i19 %add_ln1347_111"   --->   Operation 764 'sext' 'sext_ln1273_29' <Predicate = (!icmp_ln36)> <Delay = 0.00>
ST_3 : Operation 765 [1/1] (0.94ns)   --->   "%sub_ln1273_50 = sub i12 %sext_ln1273_10, i12 %sext_ln1273_12"   --->   Operation 765 'sub' 'sub_ln1273_50' <Predicate = (!icmp_ln36)> <Delay = 0.94> <CoreInst = "Adder">   --->   Core 1 'Adder' <Latency = 0> <II = 1> <Delay = 0.94> <FuncUnit> <Opcode : 'add' 'sub'> <InPorts = 2> <OutPorts = 1>
ST_3 : Operation 766 [1/1] (0.00ns)   --->   "%shl_ln1347_77 = bitconcatenate i20 @_ssdm_op_BitConcatenate.i20.i12.i8, i12 %sub_ln1273_50, i8 0"   --->   Operation 766 'bitconcatenate' 'shl_ln1347_77' <Predicate = (!icmp_ln36)> <Delay = 0.00>
ST_3 : Operation 767 [1/1] (0.00ns)   --->   "%sext_ln1347_171 = sext i20 %shl_ln1347_77"   --->   Operation 767 'sext' 'sext_ln1347_171' <Predicate = (!icmp_ln36)> <Delay = 0.00>
ST_3 : Operation 768 [1/1] (0.00ns) (grouped into TernaryAdder)   --->   "%add_ln1347_112 = add i21 %sext_ln1347_171, i21 %sext_ln1273_29"   --->   Operation 768 'add' 'add_ln1347_112' <Predicate = (!icmp_ln36)> <Delay = 0.00> <CoreInst = "TAddSub">   --->   Core 10 'TAddSub' <Latency = 0> <II = 1> <Delay = 0.42> <IPBlock> <Opcode : 'add' 'sub'> <InPorts = 3> <OutPorts = 1> <Sync> <CReg>
ST_3 : Operation 769 [1/1] (0.84ns) (root node of TernaryAdder)   --->   "%add_ln1347_113 = add i21 %add_ln1347_112, i21 %sext_ln1347_123"   --->   Operation 769 'add' 'add_ln1347_113' <Predicate = (!icmp_ln36)> <Delay = 0.84> <CoreInst = "TAddSub">   --->   Core 10 'TAddSub' <Latency = 0> <II = 1> <Delay = 0.42> <IPBlock> <Opcode : 'add' 'sub'> <InPorts = 3> <OutPorts = 1> <Sync> <CReg>
ST_3 : Operation 770 [1/1] (0.00ns)   --->   "%sext_ln856_13 = sext i21 %add_ln1347_113"   --->   Operation 770 'sext' 'sext_ln856_13' <Predicate = (!icmp_ln36)> <Delay = 0.00>
ST_3 : Operation 771 [1/1] (0.00ns)   --->   "%sext_ln813_102 = sext i21 %add_ln1347_113"   --->   Operation 771 'sext' 'sext_ln813_102' <Predicate = (!icmp_ln36)> <Delay = 0.00>
ST_3 : Operation 772 [1/1] (1.07ns)   --->   "%add_ln1347_114 = add i33 %sext_ln813_102, i33 %sext_ln1347_126"   --->   Operation 772 'add' 'add_ln1347_114' <Predicate = (!icmp_ln36)> <Delay = 1.07> <CoreInst = "Adder">   --->   Core 1 'Adder' <Latency = 0> <II = 1> <Delay = 1.07> <FuncUnit> <Opcode : 'add' 'sub'> <InPorts = 2> <OutPorts = 1>
ST_3 : Operation 773 [1/1] (0.00ns)   --->   "%tmp_211 = bitselect i1 @_ssdm_op_BitSelect.i1.i33.i32, i33 %add_ln1347_114, i32 32"   --->   Operation 773 'bitselect' 'tmp_211' <Predicate = (!icmp_ln36)> <Delay = 0.00>
ST_3 : Operation 774 [1/1] (1.07ns)   --->   "%add_ln813_72 = add i32 %sext_ln856_13, i32 %sext_ln1347_127"   --->   Operation 774 'add' 'add_ln813_72' <Predicate = (!icmp_ln36)> <Delay = 1.07> <CoreInst = "Adder">   --->   Core 1 'Adder' <Latency = 0> <II = 1> <Delay = 1.07> <FuncUnit> <Opcode : 'add' 'sub'> <InPorts = 2> <OutPorts = 1>
ST_3 : Operation 775 [1/1] (0.00ns)   --->   "%tmp_212 = bitselect i1 @_ssdm_op_BitSelect.i1.i32.i32, i32 %add_ln813_72, i32 31"   --->   Operation 775 'bitselect' 'tmp_212' <Predicate = (!icmp_ln36)> <Delay = 0.00>
ST_3 : Operation 776 [1/1] (0.00ns) (grouped into LUT with out node select_ln302_103)   --->   "%xor_ln895_103 = xor i1 %tmp_211, i1 1"   --->   Operation 776 'xor' 'xor_ln895_103' <Predicate = (!icmp_ln36)> <Delay = 0.00> <CoreInst = "LogicGate">   --->   Core 74 'LogicGate' <Latency = 0> <II = 1> <Delay = 0.33> <FuncUnit> <Opcode : 'and' 'or' 'xor'> <InPorts = 2> <OutPorts = 1>
ST_3 : Operation 777 [1/1] (0.00ns) (grouped into LUT with out node select_ln302_103)   --->   "%and_ln895_72 = and i1 %tmp_212, i1 %xor_ln895_103"   --->   Operation 777 'and' 'and_ln895_72' <Predicate = (!icmp_ln36)> <Delay = 0.00> <CoreInst = "LogicGate">   --->   Core 74 'LogicGate' <Latency = 0> <II = 1> <Delay = 0.33> <FuncUnit> <Opcode : 'and' 'or' 'xor'> <InPorts = 2> <OutPorts = 1>
ST_3 : Operation 778 [1/1] (0.00ns) (grouped into LUT with out node select_ln302_103)   --->   "%xor_ln302_88 = xor i1 %tmp_211, i1 %tmp_212"   --->   Operation 778 'xor' 'xor_ln302_88' <Predicate = (!icmp_ln36)> <Delay = 0.00> <CoreInst = "LogicGate">   --->   Core 74 'LogicGate' <Latency = 0> <II = 1> <Delay = 0.33> <FuncUnit> <Opcode : 'and' 'or' 'xor'> <InPorts = 2> <OutPorts = 1>
ST_3 : Operation 779 [1/1] (0.00ns) (grouped into LUT with out node select_ln302_103)   --->   "%select_ln346_88 = select i1 %and_ln895_72, i32 2147483647, i32 2147483648"   --->   Operation 779 'select' 'select_ln346_88' <Predicate = (!icmp_ln36)> <Delay = 0.00> <CoreInst = "Sel">   --->   Core 73 'Sel' <Latency = 0> <II = 1> <Delay = 0.52> <FuncUnit> <Opcode : 'select'> <InPorts = 3> <OutPorts = 1>
ST_3 : Operation 780 [1/1] (0.52ns) (out node of the LUT)   --->   "%select_ln302_103 = select i1 %xor_ln302_88, i32 %select_ln346_88, i32 %add_ln813_72"   --->   Operation 780 'select' 'select_ln302_103' <Predicate = (!icmp_ln36)> <Delay = 0.52> <CoreInst = "Sel">   --->   Core 73 'Sel' <Latency = 0> <II = 1> <Delay = 0.52> <FuncUnit> <Opcode : 'select'> <InPorts = 3> <OutPorts = 1>
ST_3 : Operation 781 [1/1] (0.96ns)   --->   "%sub_ln1273_51 = sub i12 %sub_ln1273_38, i12 %sext_ln813_25"   --->   Operation 781 'sub' 'sub_ln1273_51' <Predicate = (!icmp_ln36)> <Delay = 0.96> <CoreInst = "Adder">   --->   Core 1 'Adder' <Latency = 0> <II = 1> <Delay = 0.96> <FuncUnit> <Opcode : 'add' 'sub'> <InPorts = 2> <OutPorts = 1>
ST_3 : Operation 782 [1/1] (0.00ns)   --->   "%sext_ln813_103 = sext i32 %select_ln302_103"   --->   Operation 782 'sext' 'sext_ln813_103' <Predicate = (!icmp_ln36)> <Delay = 0.00>
ST_3 : Operation 783 [1/1] (0.00ns)   --->   "%shl_ln1347_78 = bitconcatenate i20 @_ssdm_op_BitConcatenate.i20.i12.i8, i12 %sub_ln1273_51, i8 0"   --->   Operation 783 'bitconcatenate' 'shl_ln1347_78' <Predicate = (!icmp_ln36)> <Delay = 0.00>
ST_3 : Operation 784 [1/1] (0.00ns)   --->   "%sext_ln1347_172 = sext i20 %shl_ln1347_78"   --->   Operation 784 'sext' 'sext_ln1347_172' <Predicate = (!icmp_ln36)> <Delay = 0.00>
ST_3 : Operation 785 [1/1] (0.00ns)   --->   "%sext_ln1347_173 = sext i20 %shl_ln1347_78"   --->   Operation 785 'sext' 'sext_ln1347_173' <Predicate = (!icmp_ln36)> <Delay = 0.00>
ST_3 : Operation 786 [1/1] (1.20ns)   --->   "%add_ln1347_115 = add i33 %sext_ln813_103, i33 %sext_ln1347_172"   --->   Operation 786 'add' 'add_ln1347_115' <Predicate = (!icmp_ln36)> <Delay = 1.20> <CoreInst = "Adder">   --->   Core 1 'Adder' <Latency = 0> <II = 1> <Delay = 1.20> <FuncUnit> <Opcode : 'add' 'sub'> <InPorts = 2> <OutPorts = 1>
ST_3 : Operation 787 [1/1] (0.00ns)   --->   "%tmp_213 = bitselect i1 @_ssdm_op_BitSelect.i1.i33.i32, i33 %add_ln1347_115, i32 32"   --->   Operation 787 'bitselect' 'tmp_213' <Predicate = (!icmp_ln36)> <Delay = 0.00>
ST_3 : Operation 788 [1/1] (1.20ns)   --->   "%add_ln813_73 = add i32 %select_ln302_103, i32 %sext_ln1347_173"   --->   Operation 788 'add' 'add_ln813_73' <Predicate = (!icmp_ln36)> <Delay = 1.20> <CoreInst = "Adder">   --->   Core 1 'Adder' <Latency = 0> <II = 1> <Delay = 1.20> <FuncUnit> <Opcode : 'add' 'sub'> <InPorts = 2> <OutPorts = 1>
ST_3 : Operation 789 [1/1] (0.00ns)   --->   "%tmp_214 = bitselect i1 @_ssdm_op_BitSelect.i1.i32.i32, i32 %add_ln813_73, i32 31"   --->   Operation 789 'bitselect' 'tmp_214' <Predicate = (!icmp_ln36)> <Delay = 0.00>
ST_3 : Operation 790 [1/1] (0.00ns) (grouped into LUT with out node select_ln302_104)   --->   "%xor_ln895_104 = xor i1 %tmp_213, i1 1"   --->   Operation 790 'xor' 'xor_ln895_104' <Predicate = (!icmp_ln36)> <Delay = 0.00> <CoreInst = "LogicGate">   --->   Core 74 'LogicGate' <Latency = 0> <II = 1> <Delay = 0.33> <FuncUnit> <Opcode : 'and' 'or' 'xor'> <InPorts = 2> <OutPorts = 1>
ST_3 : Operation 791 [1/1] (0.00ns) (grouped into LUT with out node select_ln302_104)   --->   "%and_ln895_73 = and i1 %tmp_214, i1 %xor_ln895_104"   --->   Operation 791 'and' 'and_ln895_73' <Predicate = (!icmp_ln36)> <Delay = 0.00> <CoreInst = "LogicGate">   --->   Core 74 'LogicGate' <Latency = 0> <II = 1> <Delay = 0.33> <FuncUnit> <Opcode : 'and' 'or' 'xor'> <InPorts = 2> <OutPorts = 1>
ST_3 : Operation 792 [1/1] (0.00ns) (grouped into LUT with out node select_ln302_104)   --->   "%xor_ln302_89 = xor i1 %tmp_213, i1 %tmp_214"   --->   Operation 792 'xor' 'xor_ln302_89' <Predicate = (!icmp_ln36)> <Delay = 0.00> <CoreInst = "LogicGate">   --->   Core 74 'LogicGate' <Latency = 0> <II = 1> <Delay = 0.33> <FuncUnit> <Opcode : 'and' 'or' 'xor'> <InPorts = 2> <OutPorts = 1>
ST_3 : Operation 793 [1/1] (0.00ns) (grouped into LUT with out node select_ln302_104)   --->   "%select_ln346_89 = select i1 %and_ln895_73, i32 2147483647, i32 2147483648"   --->   Operation 793 'select' 'select_ln346_89' <Predicate = (!icmp_ln36)> <Delay = 0.00> <CoreInst = "Sel">   --->   Core 73 'Sel' <Latency = 0> <II = 1> <Delay = 0.52> <FuncUnit> <Opcode : 'select'> <InPorts = 3> <OutPorts = 1>
ST_3 : Operation 794 [1/1] (0.52ns) (out node of the LUT)   --->   "%select_ln302_104 = select i1 %xor_ln302_89, i32 %select_ln346_89, i32 %add_ln813_73"   --->   Operation 794 'select' 'select_ln302_104' <Predicate = (!icmp_ln36)> <Delay = 0.52> <CoreInst = "Sel">   --->   Core 73 'Sel' <Latency = 0> <II = 1> <Delay = 0.52> <FuncUnit> <Opcode : 'select'> <InPorts = 3> <OutPorts = 1>
ST_3 : Operation 795 [1/1] (0.93ns)   --->   "%add_ln1273_7 = add i11 %sext_ln1273_24, i11 %px_V_22_cast_i"   --->   Operation 795 'add' 'add_ln1273_7' <Predicate = (!icmp_ln36)> <Delay = 0.93> <CoreInst = "Adder">   --->   Core 1 'Adder' <Latency = 0> <II = 1> <Delay = 0.93> <FuncUnit> <Opcode : 'add' 'sub'> <InPorts = 2> <OutPorts = 1>
ST_3 : Operation 796 [1/1] (0.00ns)   --->   "%sext_ln813_104 = sext i32 %select_ln302_104"   --->   Operation 796 'sext' 'sext_ln813_104' <Predicate = (!icmp_ln36)> <Delay = 0.00>
ST_3 : Operation 797 [1/1] (0.00ns)   --->   "%shl_ln1347_79 = bitconcatenate i19 @_ssdm_op_BitConcatenate.i19.i11.i8, i11 %add_ln1273_7, i8 0"   --->   Operation 797 'bitconcatenate' 'shl_ln1347_79' <Predicate = (!icmp_ln36)> <Delay = 0.00>
ST_3 : Operation 798 [1/1] (0.00ns)   --->   "%sext_ln1347_174 = sext i19 %shl_ln1347_79"   --->   Operation 798 'sext' 'sext_ln1347_174' <Predicate = (!icmp_ln36)> <Delay = 0.00>
ST_3 : Operation 799 [1/1] (0.00ns)   --->   "%sext_ln1347_175 = sext i19 %shl_ln1347_79"   --->   Operation 799 'sext' 'sext_ln1347_175' <Predicate = (!icmp_ln36)> <Delay = 0.00>
ST_3 : Operation 800 [1/1] (1.20ns)   --->   "%add_ln1347_116 = add i33 %sext_ln813_104, i33 %sext_ln1347_174"   --->   Operation 800 'add' 'add_ln1347_116' <Predicate = (!icmp_ln36)> <Delay = 1.20> <CoreInst = "Adder">   --->   Core 1 'Adder' <Latency = 0> <II = 1> <Delay = 1.20> <FuncUnit> <Opcode : 'add' 'sub'> <InPorts = 2> <OutPorts = 1>
ST_3 : Operation 801 [1/1] (0.00ns)   --->   "%tmp_215 = bitselect i1 @_ssdm_op_BitSelect.i1.i33.i32, i33 %add_ln1347_116, i32 32"   --->   Operation 801 'bitselect' 'tmp_215' <Predicate = (!icmp_ln36)> <Delay = 0.00>
ST_3 : Operation 802 [1/1] (1.20ns)   --->   "%add_ln813_74 = add i32 %select_ln302_104, i32 %sext_ln1347_175"   --->   Operation 802 'add' 'add_ln813_74' <Predicate = (!icmp_ln36)> <Delay = 1.20> <CoreInst = "Adder">   --->   Core 1 'Adder' <Latency = 0> <II = 1> <Delay = 1.20> <FuncUnit> <Opcode : 'add' 'sub'> <InPorts = 2> <OutPorts = 1>
ST_3 : Operation 803 [1/1] (0.00ns)   --->   "%tmp_216 = bitselect i1 @_ssdm_op_BitSelect.i1.i32.i32, i32 %add_ln813_74, i32 31"   --->   Operation 803 'bitselect' 'tmp_216' <Predicate = (!icmp_ln36)> <Delay = 0.00>
ST_3 : Operation 804 [1/1] (0.00ns) (grouped into LUT with out node select_ln302_105)   --->   "%xor_ln895_105 = xor i1 %tmp_215, i1 1"   --->   Operation 804 'xor' 'xor_ln895_105' <Predicate = (!icmp_ln36)> <Delay = 0.00> <CoreInst = "LogicGate">   --->   Core 74 'LogicGate' <Latency = 0> <II = 1> <Delay = 0.33> <FuncUnit> <Opcode : 'and' 'or' 'xor'> <InPorts = 2> <OutPorts = 1>
ST_3 : Operation 805 [1/1] (0.00ns) (grouped into LUT with out node select_ln302_105)   --->   "%and_ln895_74 = and i1 %tmp_216, i1 %xor_ln895_105"   --->   Operation 805 'and' 'and_ln895_74' <Predicate = (!icmp_ln36)> <Delay = 0.00> <CoreInst = "LogicGate">   --->   Core 74 'LogicGate' <Latency = 0> <II = 1> <Delay = 0.33> <FuncUnit> <Opcode : 'and' 'or' 'xor'> <InPorts = 2> <OutPorts = 1>
ST_3 : Operation 806 [1/1] (0.00ns) (grouped into LUT with out node select_ln302_105)   --->   "%xor_ln302_90 = xor i1 %tmp_215, i1 %tmp_216"   --->   Operation 806 'xor' 'xor_ln302_90' <Predicate = (!icmp_ln36)> <Delay = 0.00> <CoreInst = "LogicGate">   --->   Core 74 'LogicGate' <Latency = 0> <II = 1> <Delay = 0.33> <FuncUnit> <Opcode : 'and' 'or' 'xor'> <InPorts = 2> <OutPorts = 1>
ST_3 : Operation 807 [1/1] (0.00ns) (grouped into LUT with out node select_ln302_105)   --->   "%select_ln346_90 = select i1 %and_ln895_74, i32 2147483647, i32 2147483648"   --->   Operation 807 'select' 'select_ln346_90' <Predicate = (!icmp_ln36)> <Delay = 0.00> <CoreInst = "Sel">   --->   Core 73 'Sel' <Latency = 0> <II = 1> <Delay = 0.52> <FuncUnit> <Opcode : 'select'> <InPorts = 3> <OutPorts = 1>
ST_3 : Operation 808 [1/1] (0.52ns) (out node of the LUT)   --->   "%select_ln302_105 = select i1 %xor_ln302_90, i32 %select_ln346_90, i32 %add_ln813_74"   --->   Operation 808 'select' 'select_ln302_105' <Predicate = (!icmp_ln36)> <Delay = 0.52> <CoreInst = "Sel">   --->   Core 73 'Sel' <Latency = 0> <II = 1> <Delay = 0.52> <FuncUnit> <Opcode : 'select'> <InPorts = 3> <OutPorts = 1>
ST_3 : Operation 809 [1/1] (0.00ns)   --->   "%sext_ln813_107 = sext i19 %add_ln1347_120"   --->   Operation 809 'sext' 'sext_ln813_107' <Predicate = (!icmp_ln36)> <Delay = 0.00>
ST_3 : Operation 810 [1/1] (1.06ns)   --->   "%add_ln1347_121 = add i21 %sext_ln813_107, i21 %sext_ln1347_102"   --->   Operation 810 'add' 'add_ln1347_121' <Predicate = (!icmp_ln36)> <Delay = 1.06> <CoreInst = "Adder">   --->   Core 1 'Adder' <Latency = 0> <II = 1> <Delay = 1.06> <FuncUnit> <Opcode : 'add' 'sub'> <InPorts = 2> <OutPorts = 1>
ST_3 : Operation 811 [1/1] (0.00ns)   --->   "%sext_ln856_14 = sext i21 %add_ln1347_121"   --->   Operation 811 'sext' 'sext_ln856_14' <Predicate = (!icmp_ln36)> <Delay = 0.00>
ST_3 : Operation 812 [1/1] (0.00ns)   --->   "%sext_ln813_108 = sext i21 %add_ln1347_121"   --->   Operation 812 'sext' 'sext_ln813_108' <Predicate = (!icmp_ln36)> <Delay = 0.00>
ST_3 : Operation 813 [1/1] (1.07ns)   --->   "%add_ln1347_122 = add i33 %sext_ln813_108, i33 %sext_ln1347_93"   --->   Operation 813 'add' 'add_ln1347_122' <Predicate = (!icmp_ln36)> <Delay = 1.07> <CoreInst = "Adder">   --->   Core 1 'Adder' <Latency = 0> <II = 1> <Delay = 1.07> <FuncUnit> <Opcode : 'add' 'sub'> <InPorts = 2> <OutPorts = 1>
ST_3 : Operation 814 [1/1] (0.00ns)   --->   "%tmp_225 = bitselect i1 @_ssdm_op_BitSelect.i1.i33.i32, i33 %add_ln1347_122, i32 32"   --->   Operation 814 'bitselect' 'tmp_225' <Predicate = (!icmp_ln36)> <Delay = 0.00>
ST_3 : Operation 815 [1/1] (1.07ns)   --->   "%add_ln813_77 = add i32 %sext_ln856_14, i32 %sext_ln1347_94"   --->   Operation 815 'add' 'add_ln813_77' <Predicate = (!icmp_ln36)> <Delay = 1.07> <CoreInst = "Adder">   --->   Core 1 'Adder' <Latency = 0> <II = 1> <Delay = 1.07> <FuncUnit> <Opcode : 'add' 'sub'> <InPorts = 2> <OutPorts = 1>
ST_3 : Operation 816 [1/1] (0.00ns)   --->   "%tmp_226 = bitselect i1 @_ssdm_op_BitSelect.i1.i32.i32, i32 %add_ln813_77, i32 31"   --->   Operation 816 'bitselect' 'tmp_226' <Predicate = (!icmp_ln36)> <Delay = 0.00>
ST_3 : Operation 817 [1/1] (0.00ns) (grouped into LUT with out node select_ln302_109)   --->   "%xor_ln895_109 = xor i1 %tmp_225, i1 1"   --->   Operation 817 'xor' 'xor_ln895_109' <Predicate = (!icmp_ln36)> <Delay = 0.00> <CoreInst = "LogicGate">   --->   Core 74 'LogicGate' <Latency = 0> <II = 1> <Delay = 0.33> <FuncUnit> <Opcode : 'and' 'or' 'xor'> <InPorts = 2> <OutPorts = 1>
ST_3 : Operation 818 [1/1] (0.00ns) (grouped into LUT with out node select_ln302_109)   --->   "%and_ln895_77 = and i1 %tmp_226, i1 %xor_ln895_109"   --->   Operation 818 'and' 'and_ln895_77' <Predicate = (!icmp_ln36)> <Delay = 0.00> <CoreInst = "LogicGate">   --->   Core 74 'LogicGate' <Latency = 0> <II = 1> <Delay = 0.33> <FuncUnit> <Opcode : 'and' 'or' 'xor'> <InPorts = 2> <OutPorts = 1>
ST_3 : Operation 819 [1/1] (0.00ns) (grouped into LUT with out node select_ln302_109)   --->   "%xor_ln302_93 = xor i1 %tmp_225, i1 %tmp_226"   --->   Operation 819 'xor' 'xor_ln302_93' <Predicate = (!icmp_ln36)> <Delay = 0.00> <CoreInst = "LogicGate">   --->   Core 74 'LogicGate' <Latency = 0> <II = 1> <Delay = 0.33> <FuncUnit> <Opcode : 'and' 'or' 'xor'> <InPorts = 2> <OutPorts = 1>
ST_3 : Operation 820 [1/1] (0.00ns) (grouped into LUT with out node select_ln302_109)   --->   "%select_ln346_93 = select i1 %and_ln895_77, i32 2147483647, i32 2147483648"   --->   Operation 820 'select' 'select_ln346_93' <Predicate = (!icmp_ln36)> <Delay = 0.00> <CoreInst = "Sel">   --->   Core 73 'Sel' <Latency = 0> <II = 1> <Delay = 0.52> <FuncUnit> <Opcode : 'select'> <InPorts = 3> <OutPorts = 1>
ST_3 : Operation 821 [1/1] (0.52ns) (out node of the LUT)   --->   "%select_ln302_109 = select i1 %xor_ln302_93, i32 %select_ln346_93, i32 %add_ln813_77"   --->   Operation 821 'select' 'select_ln302_109' <Predicate = (!icmp_ln36)> <Delay = 0.52> <CoreInst = "Sel">   --->   Core 73 'Sel' <Latency = 0> <II = 1> <Delay = 0.52> <FuncUnit> <Opcode : 'select'> <InPorts = 3> <OutPorts = 1>
ST_3 : Operation 822 [1/1] (0.00ns)   --->   "%sext_ln813_109 = sext i32 %select_ln302_109"   --->   Operation 822 'sext' 'sext_ln813_109' <Predicate = (!icmp_ln36)> <Delay = 0.00>
ST_3 : Operation 823 [1/1] (1.20ns)   --->   "%add_ln1347_123 = add i33 %sext_ln813_109, i33 %sext_ln1347_142"   --->   Operation 823 'add' 'add_ln1347_123' <Predicate = (!icmp_ln36)> <Delay = 1.20> <CoreInst = "Adder">   --->   Core 1 'Adder' <Latency = 0> <II = 1> <Delay = 1.20> <FuncUnit> <Opcode : 'add' 'sub'> <InPorts = 2> <OutPorts = 1>
ST_3 : Operation 824 [1/1] (0.00ns)   --->   "%tmp_227 = bitselect i1 @_ssdm_op_BitSelect.i1.i33.i32, i33 %add_ln1347_123, i32 32"   --->   Operation 824 'bitselect' 'tmp_227' <Predicate = (!icmp_ln36)> <Delay = 0.00>
ST_3 : Operation 825 [1/1] (1.20ns)   --->   "%add_ln813_78 = add i32 %select_ln302_109, i32 %sext_ln1347_143"   --->   Operation 825 'add' 'add_ln813_78' <Predicate = (!icmp_ln36)> <Delay = 1.20> <CoreInst = "Adder">   --->   Core 1 'Adder' <Latency = 0> <II = 1> <Delay = 1.20> <FuncUnit> <Opcode : 'add' 'sub'> <InPorts = 2> <OutPorts = 1>
ST_3 : Operation 826 [1/1] (0.00ns)   --->   "%tmp_228 = bitselect i1 @_ssdm_op_BitSelect.i1.i32.i32, i32 %add_ln813_78, i32 31"   --->   Operation 826 'bitselect' 'tmp_228' <Predicate = (!icmp_ln36)> <Delay = 0.00>
ST_3 : Operation 827 [1/1] (0.00ns) (grouped into LUT with out node select_ln302_110)   --->   "%xor_ln895_110 = xor i1 %tmp_227, i1 1"   --->   Operation 827 'xor' 'xor_ln895_110' <Predicate = (!icmp_ln36)> <Delay = 0.00> <CoreInst = "LogicGate">   --->   Core 74 'LogicGate' <Latency = 0> <II = 1> <Delay = 0.33> <FuncUnit> <Opcode : 'and' 'or' 'xor'> <InPorts = 2> <OutPorts = 1>
ST_3 : Operation 828 [1/1] (0.00ns) (grouped into LUT with out node select_ln302_110)   --->   "%and_ln895_78 = and i1 %tmp_228, i1 %xor_ln895_110"   --->   Operation 828 'and' 'and_ln895_78' <Predicate = (!icmp_ln36)> <Delay = 0.00> <CoreInst = "LogicGate">   --->   Core 74 'LogicGate' <Latency = 0> <II = 1> <Delay = 0.33> <FuncUnit> <Opcode : 'and' 'or' 'xor'> <InPorts = 2> <OutPorts = 1>
ST_3 : Operation 829 [1/1] (0.00ns) (grouped into LUT with out node select_ln302_110)   --->   "%xor_ln302_94 = xor i1 %tmp_227, i1 %tmp_228"   --->   Operation 829 'xor' 'xor_ln302_94' <Predicate = (!icmp_ln36)> <Delay = 0.00> <CoreInst = "LogicGate">   --->   Core 74 'LogicGate' <Latency = 0> <II = 1> <Delay = 0.33> <FuncUnit> <Opcode : 'and' 'or' 'xor'> <InPorts = 2> <OutPorts = 1>
ST_3 : Operation 830 [1/1] (0.00ns) (grouped into LUT with out node select_ln302_110)   --->   "%select_ln346_94 = select i1 %and_ln895_78, i32 2147483647, i32 2147483648"   --->   Operation 830 'select' 'select_ln346_94' <Predicate = (!icmp_ln36)> <Delay = 0.00> <CoreInst = "Sel">   --->   Core 73 'Sel' <Latency = 0> <II = 1> <Delay = 0.52> <FuncUnit> <Opcode : 'select'> <InPorts = 3> <OutPorts = 1>
ST_3 : Operation 831 [1/1] (0.52ns) (out node of the LUT)   --->   "%select_ln302_110 = select i1 %xor_ln302_94, i32 %select_ln346_94, i32 %add_ln813_78"   --->   Operation 831 'select' 'select_ln302_110' <Predicate = (!icmp_ln36)> <Delay = 0.52> <CoreInst = "Sel">   --->   Core 73 'Sel' <Latency = 0> <II = 1> <Delay = 0.52> <FuncUnit> <Opcode : 'select'> <InPorts = 3> <OutPorts = 1>
ST_3 : Operation 832 [1/1] (0.00ns)   --->   "%sext_ln813_110 = sext i32 %select_ln302_110"   --->   Operation 832 'sext' 'sext_ln813_110' <Predicate = (!icmp_ln36)> <Delay = 0.00>
ST_3 : Operation 833 [1/1] (1.20ns)   --->   "%add_ln1347_124 = add i33 %sext_ln813_110, i33 %sext_ln1347_41"   --->   Operation 833 'add' 'add_ln1347_124' <Predicate = (!icmp_ln36)> <Delay = 1.20> <CoreInst = "Adder">   --->   Core 1 'Adder' <Latency = 0> <II = 1> <Delay = 1.20> <FuncUnit> <Opcode : 'add' 'sub'> <InPorts = 2> <OutPorts = 1>
ST_3 : Operation 834 [1/1] (0.00ns)   --->   "%tmp_229 = bitselect i1 @_ssdm_op_BitSelect.i1.i33.i32, i33 %add_ln1347_124, i32 32"   --->   Operation 834 'bitselect' 'tmp_229' <Predicate = (!icmp_ln36)> <Delay = 0.00>
ST_3 : Operation 835 [1/1] (1.20ns)   --->   "%add_ln813_79 = add i32 %select_ln302_110, i32 %sext_ln1347_42"   --->   Operation 835 'add' 'add_ln813_79' <Predicate = (!icmp_ln36)> <Delay = 1.20> <CoreInst = "Adder">   --->   Core 1 'Adder' <Latency = 0> <II = 1> <Delay = 1.20> <FuncUnit> <Opcode : 'add' 'sub'> <InPorts = 2> <OutPorts = 1>
ST_3 : Operation 836 [1/1] (0.00ns)   --->   "%tmp_230 = bitselect i1 @_ssdm_op_BitSelect.i1.i32.i32, i32 %add_ln813_79, i32 31"   --->   Operation 836 'bitselect' 'tmp_230' <Predicate = (!icmp_ln36)> <Delay = 0.00>
ST_3 : Operation 837 [1/1] (0.00ns) (grouped into LUT with out node select_ln302_111)   --->   "%xor_ln895_111 = xor i1 %tmp_229, i1 1"   --->   Operation 837 'xor' 'xor_ln895_111' <Predicate = (!icmp_ln36)> <Delay = 0.00> <CoreInst = "LogicGate">   --->   Core 74 'LogicGate' <Latency = 0> <II = 1> <Delay = 0.33> <FuncUnit> <Opcode : 'and' 'or' 'xor'> <InPorts = 2> <OutPorts = 1>
ST_3 : Operation 838 [1/1] (0.00ns) (grouped into LUT with out node select_ln302_111)   --->   "%and_ln895_79 = and i1 %tmp_230, i1 %xor_ln895_111"   --->   Operation 838 'and' 'and_ln895_79' <Predicate = (!icmp_ln36)> <Delay = 0.00> <CoreInst = "LogicGate">   --->   Core 74 'LogicGate' <Latency = 0> <II = 1> <Delay = 0.33> <FuncUnit> <Opcode : 'and' 'or' 'xor'> <InPorts = 2> <OutPorts = 1>
ST_3 : Operation 839 [1/1] (0.00ns) (grouped into LUT with out node select_ln302_111)   --->   "%xor_ln302_95 = xor i1 %tmp_229, i1 %tmp_230"   --->   Operation 839 'xor' 'xor_ln302_95' <Predicate = (!icmp_ln36)> <Delay = 0.00> <CoreInst = "LogicGate">   --->   Core 74 'LogicGate' <Latency = 0> <II = 1> <Delay = 0.33> <FuncUnit> <Opcode : 'and' 'or' 'xor'> <InPorts = 2> <OutPorts = 1>
ST_3 : Operation 840 [1/1] (0.00ns) (grouped into LUT with out node select_ln302_111)   --->   "%select_ln346_95 = select i1 %and_ln895_79, i32 2147483647, i32 2147483648"   --->   Operation 840 'select' 'select_ln346_95' <Predicate = (!icmp_ln36)> <Delay = 0.00> <CoreInst = "Sel">   --->   Core 73 'Sel' <Latency = 0> <II = 1> <Delay = 0.52> <FuncUnit> <Opcode : 'select'> <InPorts = 3> <OutPorts = 1>
ST_3 : Operation 841 [1/1] (0.52ns) (out node of the LUT)   --->   "%select_ln302_111 = select i1 %xor_ln302_95, i32 %select_ln346_95, i32 %add_ln813_79"   --->   Operation 841 'select' 'select_ln302_111' <Predicate = (!icmp_ln36)> <Delay = 0.52> <CoreInst = "Sel">   --->   Core 73 'Sel' <Latency = 0> <II = 1> <Delay = 0.52> <FuncUnit> <Opcode : 'select'> <InPorts = 3> <OutPorts = 1>
ST_3 : Operation 842 [1/1] (0.00ns)   --->   "%sext_ln856_15 = sext i20 %add_ln1347_130"   --->   Operation 842 'sext' 'sext_ln856_15' <Predicate = (!icmp_ln36)> <Delay = 0.00>
ST_3 : Operation 843 [1/1] (0.00ns)   --->   "%sext_ln813_114 = sext i20 %add_ln1347_130"   --->   Operation 843 'sext' 'sext_ln813_114' <Predicate = (!icmp_ln36)> <Delay = 0.00>
ST_3 : Operation 844 [1/1] (1.06ns)   --->   "%add_ln1347_131 = add i33 %sext_ln813_114, i33 %sext_ln1347_77"   --->   Operation 844 'add' 'add_ln1347_131' <Predicate = (!icmp_ln36)> <Delay = 1.06> <CoreInst = "Adder">   --->   Core 1 'Adder' <Latency = 0> <II = 1> <Delay = 1.06> <FuncUnit> <Opcode : 'add' 'sub'> <InPorts = 2> <OutPorts = 1>
ST_3 : Operation 845 [1/1] (0.00ns)   --->   "%tmp_241 = bitselect i1 @_ssdm_op_BitSelect.i1.i33.i32, i33 %add_ln1347_131, i32 32"   --->   Operation 845 'bitselect' 'tmp_241' <Predicate = (!icmp_ln36)> <Delay = 0.00>
ST_3 : Operation 846 [1/1] (1.06ns)   --->   "%add_ln813_83 = add i32 %sext_ln856_15, i32 %sext_ln1347_78"   --->   Operation 846 'add' 'add_ln813_83' <Predicate = (!icmp_ln36)> <Delay = 1.06> <CoreInst = "Adder">   --->   Core 1 'Adder' <Latency = 0> <II = 1> <Delay = 1.06> <FuncUnit> <Opcode : 'add' 'sub'> <InPorts = 2> <OutPorts = 1>
ST_3 : Operation 847 [1/1] (0.00ns)   --->   "%tmp_242 = bitselect i1 @_ssdm_op_BitSelect.i1.i32.i32, i32 %add_ln813_83, i32 31"   --->   Operation 847 'bitselect' 'tmp_242' <Predicate = (!icmp_ln36)> <Delay = 0.00>
ST_3 : Operation 848 [1/1] (0.00ns) (grouped into LUT with out node select_ln302_116)   --->   "%xor_ln895_116 = xor i1 %tmp_241, i1 1"   --->   Operation 848 'xor' 'xor_ln895_116' <Predicate = (!icmp_ln36)> <Delay = 0.00> <CoreInst = "LogicGate">   --->   Core 74 'LogicGate' <Latency = 0> <II = 1> <Delay = 0.33> <FuncUnit> <Opcode : 'and' 'or' 'xor'> <InPorts = 2> <OutPorts = 1>
ST_3 : Operation 849 [1/1] (0.00ns) (grouped into LUT with out node select_ln302_116)   --->   "%and_ln895_83 = and i1 %tmp_242, i1 %xor_ln895_116"   --->   Operation 849 'and' 'and_ln895_83' <Predicate = (!icmp_ln36)> <Delay = 0.00> <CoreInst = "LogicGate">   --->   Core 74 'LogicGate' <Latency = 0> <II = 1> <Delay = 0.33> <FuncUnit> <Opcode : 'and' 'or' 'xor'> <InPorts = 2> <OutPorts = 1>
ST_3 : Operation 850 [1/1] (0.00ns) (grouped into LUT with out node select_ln302_116)   --->   "%xor_ln302_99 = xor i1 %tmp_241, i1 %tmp_242"   --->   Operation 850 'xor' 'xor_ln302_99' <Predicate = (!icmp_ln36)> <Delay = 0.00> <CoreInst = "LogicGate">   --->   Core 74 'LogicGate' <Latency = 0> <II = 1> <Delay = 0.33> <FuncUnit> <Opcode : 'and' 'or' 'xor'> <InPorts = 2> <OutPorts = 1>
ST_3 : Operation 851 [1/1] (0.00ns) (grouped into LUT with out node select_ln302_116)   --->   "%select_ln346_99 = select i1 %and_ln895_83, i32 2147483647, i32 2147483648"   --->   Operation 851 'select' 'select_ln346_99' <Predicate = (!icmp_ln36)> <Delay = 0.00> <CoreInst = "Sel">   --->   Core 73 'Sel' <Latency = 0> <II = 1> <Delay = 0.52> <FuncUnit> <Opcode : 'select'> <InPorts = 3> <OutPorts = 1>
ST_3 : Operation 852 [1/1] (0.52ns) (out node of the LUT)   --->   "%select_ln302_116 = select i1 %xor_ln302_99, i32 %select_ln346_99, i32 %add_ln813_83"   --->   Operation 852 'select' 'select_ln302_116' <Predicate = (!icmp_ln36)> <Delay = 0.52> <CoreInst = "Sel">   --->   Core 73 'Sel' <Latency = 0> <II = 1> <Delay = 0.52> <FuncUnit> <Opcode : 'select'> <InPorts = 3> <OutPorts = 1>
ST_3 : Operation 853 [1/1] (0.00ns)   --->   "%sext_ln813_115 = sext i32 %select_ln302_116"   --->   Operation 853 'sext' 'sext_ln813_115' <Predicate = (!icmp_ln36)> <Delay = 0.00>
ST_3 : Operation 854 [1/1] (1.20ns)   --->   "%add_ln1347_132 = add i33 %sext_ln813_115, i33 %sext_ln1347_79"   --->   Operation 854 'add' 'add_ln1347_132' <Predicate = (!icmp_ln36)> <Delay = 1.20> <CoreInst = "Adder">   --->   Core 1 'Adder' <Latency = 0> <II = 1> <Delay = 1.20> <FuncUnit> <Opcode : 'add' 'sub'> <InPorts = 2> <OutPorts = 1>
ST_3 : Operation 855 [1/1] (0.00ns)   --->   "%tmp_243 = bitselect i1 @_ssdm_op_BitSelect.i1.i33.i32, i33 %add_ln1347_132, i32 32"   --->   Operation 855 'bitselect' 'tmp_243' <Predicate = (!icmp_ln36)> <Delay = 0.00>
ST_3 : Operation 856 [1/1] (1.20ns)   --->   "%add_ln813_84 = add i32 %select_ln302_116, i32 %sext_ln1347_80"   --->   Operation 856 'add' 'add_ln813_84' <Predicate = (!icmp_ln36)> <Delay = 1.20> <CoreInst = "Adder">   --->   Core 1 'Adder' <Latency = 0> <II = 1> <Delay = 1.20> <FuncUnit> <Opcode : 'add' 'sub'> <InPorts = 2> <OutPorts = 1>
ST_3 : Operation 857 [1/1] (0.00ns)   --->   "%tmp_244 = bitselect i1 @_ssdm_op_BitSelect.i1.i32.i32, i32 %add_ln813_84, i32 31"   --->   Operation 857 'bitselect' 'tmp_244' <Predicate = (!icmp_ln36)> <Delay = 0.00>
ST_3 : Operation 858 [1/1] (0.00ns) (grouped into LUT with out node select_ln302_117)   --->   "%xor_ln895_117 = xor i1 %tmp_243, i1 1"   --->   Operation 858 'xor' 'xor_ln895_117' <Predicate = (!icmp_ln36)> <Delay = 0.00> <CoreInst = "LogicGate">   --->   Core 74 'LogicGate' <Latency = 0> <II = 1> <Delay = 0.33> <FuncUnit> <Opcode : 'and' 'or' 'xor'> <InPorts = 2> <OutPorts = 1>
ST_3 : Operation 859 [1/1] (0.00ns) (grouped into LUT with out node select_ln302_117)   --->   "%and_ln895_84 = and i1 %tmp_244, i1 %xor_ln895_117"   --->   Operation 859 'and' 'and_ln895_84' <Predicate = (!icmp_ln36)> <Delay = 0.00> <CoreInst = "LogicGate">   --->   Core 74 'LogicGate' <Latency = 0> <II = 1> <Delay = 0.33> <FuncUnit> <Opcode : 'and' 'or' 'xor'> <InPorts = 2> <OutPorts = 1>
ST_3 : Operation 860 [1/1] (0.00ns) (grouped into LUT with out node select_ln302_117)   --->   "%xor_ln302_100 = xor i1 %tmp_243, i1 %tmp_244"   --->   Operation 860 'xor' 'xor_ln302_100' <Predicate = (!icmp_ln36)> <Delay = 0.00> <CoreInst = "LogicGate">   --->   Core 74 'LogicGate' <Latency = 0> <II = 1> <Delay = 0.33> <FuncUnit> <Opcode : 'and' 'or' 'xor'> <InPorts = 2> <OutPorts = 1>
ST_3 : Operation 861 [1/1] (0.00ns) (grouped into LUT with out node select_ln302_117)   --->   "%select_ln346_100 = select i1 %and_ln895_84, i32 2147483647, i32 2147483648"   --->   Operation 861 'select' 'select_ln346_100' <Predicate = (!icmp_ln36)> <Delay = 0.00> <CoreInst = "Sel">   --->   Core 73 'Sel' <Latency = 0> <II = 1> <Delay = 0.52> <FuncUnit> <Opcode : 'select'> <InPorts = 3> <OutPorts = 1>
ST_3 : Operation 862 [1/1] (0.52ns) (out node of the LUT)   --->   "%select_ln302_117 = select i1 %xor_ln302_100, i32 %select_ln346_100, i32 %add_ln813_84"   --->   Operation 862 'select' 'select_ln302_117' <Predicate = (!icmp_ln36)> <Delay = 0.52> <CoreInst = "Sel">   --->   Core 73 'Sel' <Latency = 0> <II = 1> <Delay = 0.52> <FuncUnit> <Opcode : 'select'> <InPorts = 3> <OutPorts = 1>
ST_3 : Operation 863 [1/1] (0.00ns)   --->   "%sext_ln813_116 = sext i32 %select_ln302_117"   --->   Operation 863 'sext' 'sext_ln813_116' <Predicate = (!icmp_ln36)> <Delay = 0.00>
ST_3 : Operation 864 [1/1] (1.20ns)   --->   "%add_ln1347_133 = add i33 %sext_ln813_116, i33 %sext_ln1347_81"   --->   Operation 864 'add' 'add_ln1347_133' <Predicate = (!icmp_ln36)> <Delay = 1.20> <CoreInst = "Adder">   --->   Core 1 'Adder' <Latency = 0> <II = 1> <Delay = 1.20> <FuncUnit> <Opcode : 'add' 'sub'> <InPorts = 2> <OutPorts = 1>
ST_3 : Operation 865 [1/1] (0.00ns)   --->   "%tmp_245 = bitselect i1 @_ssdm_op_BitSelect.i1.i33.i32, i33 %add_ln1347_133, i32 32"   --->   Operation 865 'bitselect' 'tmp_245' <Predicate = (!icmp_ln36)> <Delay = 0.00>
ST_3 : Operation 866 [1/1] (1.20ns)   --->   "%add_ln813_85 = add i32 %select_ln302_117, i32 %sext_ln1347_82"   --->   Operation 866 'add' 'add_ln813_85' <Predicate = (!icmp_ln36)> <Delay = 1.20> <CoreInst = "Adder">   --->   Core 1 'Adder' <Latency = 0> <II = 1> <Delay = 1.20> <FuncUnit> <Opcode : 'add' 'sub'> <InPorts = 2> <OutPorts = 1>
ST_3 : Operation 867 [1/1] (0.00ns)   --->   "%tmp_246 = bitselect i1 @_ssdm_op_BitSelect.i1.i32.i32, i32 %add_ln813_85, i32 31"   --->   Operation 867 'bitselect' 'tmp_246' <Predicate = (!icmp_ln36)> <Delay = 0.00>
ST_3 : Operation 868 [1/1] (0.00ns) (grouped into LUT with out node select_ln302_118)   --->   "%xor_ln895_118 = xor i1 %tmp_245, i1 1"   --->   Operation 868 'xor' 'xor_ln895_118' <Predicate = (!icmp_ln36)> <Delay = 0.00> <CoreInst = "LogicGate">   --->   Core 74 'LogicGate' <Latency = 0> <II = 1> <Delay = 0.33> <FuncUnit> <Opcode : 'and' 'or' 'xor'> <InPorts = 2> <OutPorts = 1>
ST_3 : Operation 869 [1/1] (0.00ns) (grouped into LUT with out node select_ln302_118)   --->   "%and_ln895_85 = and i1 %tmp_246, i1 %xor_ln895_118"   --->   Operation 869 'and' 'and_ln895_85' <Predicate = (!icmp_ln36)> <Delay = 0.00> <CoreInst = "LogicGate">   --->   Core 74 'LogicGate' <Latency = 0> <II = 1> <Delay = 0.33> <FuncUnit> <Opcode : 'and' 'or' 'xor'> <InPorts = 2> <OutPorts = 1>
ST_3 : Operation 870 [1/1] (0.00ns) (grouped into LUT with out node select_ln302_118)   --->   "%xor_ln302_101 = xor i1 %tmp_245, i1 %tmp_246"   --->   Operation 870 'xor' 'xor_ln302_101' <Predicate = (!icmp_ln36)> <Delay = 0.00> <CoreInst = "LogicGate">   --->   Core 74 'LogicGate' <Latency = 0> <II = 1> <Delay = 0.33> <FuncUnit> <Opcode : 'and' 'or' 'xor'> <InPorts = 2> <OutPorts = 1>
ST_3 : Operation 871 [1/1] (0.00ns) (grouped into LUT with out node select_ln302_118)   --->   "%select_ln346_101 = select i1 %and_ln895_85, i32 2147483647, i32 2147483648"   --->   Operation 871 'select' 'select_ln346_101' <Predicate = (!icmp_ln36)> <Delay = 0.00> <CoreInst = "Sel">   --->   Core 73 'Sel' <Latency = 0> <II = 1> <Delay = 0.52> <FuncUnit> <Opcode : 'select'> <InPorts = 3> <OutPorts = 1>
ST_3 : Operation 872 [1/1] (0.52ns) (out node of the LUT)   --->   "%select_ln302_118 = select i1 %xor_ln302_101, i32 %select_ln346_101, i32 %add_ln813_85"   --->   Operation 872 'select' 'select_ln302_118' <Predicate = (!icmp_ln36)> <Delay = 0.52> <CoreInst = "Sel">   --->   Core 73 'Sel' <Latency = 0> <II = 1> <Delay = 0.52> <FuncUnit> <Opcode : 'select'> <InPorts = 3> <OutPorts = 1>
ST_3 : Operation 873 [1/1] (0.00ns)   --->   "%store_ln37 = store i8 %val_in, i8 %r_V_21" [vgg_accelerator.cpp:37]   --->   Operation 873 'store' 'store_ln37' <Predicate = (!icmp_ln36)> <Delay = 0.00>
ST_3 : Operation 874 [1/1] (0.00ns)   --->   "%store_ln37 = store i8 %px_V_19, i8 %r_V_20" [vgg_accelerator.cpp:37]   --->   Operation 874 'store' 'store_ln37' <Predicate = (!icmp_ln36)> <Delay = 0.00>
ST_3 : Operation 875 [1/1] (0.00ns)   --->   "%store_ln37 = store i8 %px_V_20, i8 %r_V_18" [vgg_accelerator.cpp:37]   --->   Operation 875 'store' 'store_ln37' <Predicate = (!icmp_ln36)> <Delay = 0.00>
ST_3 : Operation 876 [1/1] (0.00ns)   --->   "%store_ln37 = store i8 %px_V_18, i8 %r_V_17" [vgg_accelerator.cpp:37]   --->   Operation 876 'store' 'store_ln37' <Predicate = (!icmp_ln36)> <Delay = 0.00>
ST_3 : Operation 1772 [1/1] (0.00ns)   --->   "%ret_ln0 = ret"   --->   Operation 1772 'ret' 'ret_ln0' <Predicate = (icmp_ln36)> <Delay = 0.00>

State 4 <SV = 3> <Delay = 7.00>
ST_4 : Operation 877 [1/1] (0.00ns)   --->   "%px_V_23_cast171_i = sext i8 %px_V_20"   --->   Operation 877 'sext' 'px_V_23_cast171_i' <Predicate = (!icmp_ln36)> <Delay = 0.00>
ST_4 : Operation 878 [1/1] (0.00ns)   --->   "%px_V_23_cast130_i = sext i8 %px_V_20"   --->   Operation 878 'sext' 'px_V_23_cast130_i' <Predicate = (!icmp_ln36)> <Delay = 0.00>
ST_4 : Operation 879 [1/1] (0.00ns)   --->   "%px_V_23_cast_i = sext i8 %px_V_20"   --->   Operation 879 'sext' 'px_V_23_cast_i' <Predicate = (!icmp_ln36)> <Delay = 0.00>
ST_4 : Operation 880 [1/1] (0.00ns)   --->   "%sext_ln77 = sext i8 %val_in" [vgg_accelerator.cpp:77]   --->   Operation 880 'sext' 'sext_ln77' <Predicate = (!icmp_ln36)> <Delay = 0.00>
ST_4 : Operation 881 [1/1] (0.00ns)   --->   "%sext_ln77_1 = sext i8 %val_in" [vgg_accelerator.cpp:77]   --->   Operation 881 'sext' 'sext_ln77_1' <Predicate = (!icmp_ln36)> <Delay = 0.00>
ST_4 : Operation 882 [1/1] (0.00ns)   --->   "%sext_ln1273_5 = sext i9 %shl_ln1273_6"   --->   Operation 882 'sext' 'sext_ln1273_5' <Predicate = (!icmp_ln36)> <Delay = 0.00>
ST_4 : Operation 883 [1/1] (0.00ns) (grouped into LUT with out node select_ln302_21)   --->   "%xor_ln895_21 = xor i1 %tmp_21, i1 1"   --->   Operation 883 'xor' 'xor_ln895_21' <Predicate = (!icmp_ln36)> <Delay = 0.00> <CoreInst = "LogicGate">   --->   Core 74 'LogicGate' <Latency = 0> <II = 1> <Delay = 0.33> <FuncUnit> <Opcode : 'and' 'or' 'xor'> <InPorts = 2> <OutPorts = 1>
ST_4 : Operation 884 [1/1] (0.00ns) (grouped into LUT with out node select_ln302_21)   --->   "%and_ln895_3 = and i1 %tmp_22, i1 %xor_ln895_21"   --->   Operation 884 'and' 'and_ln895_3' <Predicate = (!icmp_ln36)> <Delay = 0.00> <CoreInst = "LogicGate">   --->   Core 74 'LogicGate' <Latency = 0> <II = 1> <Delay = 0.33> <FuncUnit> <Opcode : 'and' 'or' 'xor'> <InPorts = 2> <OutPorts = 1>
ST_4 : Operation 885 [1/1] (0.00ns) (grouped into LUT with out node select_ln302_21)   --->   "%xor_ln302_19 = xor i1 %tmp_21, i1 %tmp_22"   --->   Operation 885 'xor' 'xor_ln302_19' <Predicate = (!icmp_ln36)> <Delay = 0.00> <CoreInst = "LogicGate">   --->   Core 74 'LogicGate' <Latency = 0> <II = 1> <Delay = 0.33> <FuncUnit> <Opcode : 'and' 'or' 'xor'> <InPorts = 2> <OutPorts = 1>
ST_4 : Operation 886 [1/1] (0.00ns) (grouped into LUT with out node select_ln302_21)   --->   "%select_ln346_19 = select i1 %and_ln895_3, i32 2147483647, i32 2147483648"   --->   Operation 886 'select' 'select_ln346_19' <Predicate = (!icmp_ln36)> <Delay = 0.00> <CoreInst = "Sel">   --->   Core 73 'Sel' <Latency = 0> <II = 1> <Delay = 0.52> <FuncUnit> <Opcode : 'select'> <InPorts = 3> <OutPorts = 1>
ST_4 : Operation 887 [1/1] (0.52ns) (out node of the LUT)   --->   "%select_ln302_21 = select i1 %xor_ln302_19, i32 %select_ln346_19, i32 %add_ln813_3"   --->   Operation 887 'select' 'select_ln302_21' <Predicate = (!icmp_ln36)> <Delay = 0.52> <CoreInst = "Sel">   --->   Core 73 'Sel' <Latency = 0> <II = 1> <Delay = 0.52> <FuncUnit> <Opcode : 'select'> <InPorts = 3> <OutPorts = 1>
ST_4 : Operation 888 [1/1] (0.00ns)   --->   "%sext_ln813_21 = sext i32 %select_ln302_21"   --->   Operation 888 'sext' 'sext_ln813_21' <Predicate = (!icmp_ln36)> <Delay = 0.00>
ST_4 : Operation 889 [1/1] (0.00ns)   --->   "%shl_ln1347_7 = bitconcatenate i19 @_ssdm_op_BitConcatenate.i19.i11.i8, i11 %sub_ln1273_4, i8 0"   --->   Operation 889 'bitconcatenate' 'shl_ln1347_7' <Predicate = (!icmp_ln36)> <Delay = 0.00>
ST_4 : Operation 890 [1/1] (0.00ns)   --->   "%sext_ln1347_47 = sext i19 %shl_ln1347_7"   --->   Operation 890 'sext' 'sext_ln1347_47' <Predicate = (!icmp_ln36)> <Delay = 0.00>
ST_4 : Operation 891 [1/1] (0.00ns)   --->   "%sext_ln1347_48 = sext i19 %shl_ln1347_7"   --->   Operation 891 'sext' 'sext_ln1347_48' <Predicate = (!icmp_ln36)> <Delay = 0.00>
ST_4 : Operation 892 [1/1] (1.20ns)   --->   "%add_ln1347_7 = add i33 %sext_ln813_21, i33 %sext_ln1347_47"   --->   Operation 892 'add' 'add_ln1347_7' <Predicate = (!icmp_ln36)> <Delay = 1.20> <CoreInst = "Adder">   --->   Core 1 'Adder' <Latency = 0> <II = 1> <Delay = 1.20> <FuncUnit> <Opcode : 'add' 'sub'> <InPorts = 2> <OutPorts = 1>
ST_4 : Operation 893 [1/1] (0.00ns)   --->   "%tmp_23 = bitselect i1 @_ssdm_op_BitSelect.i1.i33.i32, i33 %add_ln1347_7, i32 32"   --->   Operation 893 'bitselect' 'tmp_23' <Predicate = (!icmp_ln36)> <Delay = 0.00>
ST_4 : Operation 894 [1/1] (1.20ns)   --->   "%add_ln813_4 = add i32 %select_ln302_21, i32 %sext_ln1347_48"   --->   Operation 894 'add' 'add_ln813_4' <Predicate = (!icmp_ln36)> <Delay = 1.20> <CoreInst = "Adder">   --->   Core 1 'Adder' <Latency = 0> <II = 1> <Delay = 1.20> <FuncUnit> <Opcode : 'add' 'sub'> <InPorts = 2> <OutPorts = 1>
ST_4 : Operation 895 [1/1] (0.00ns)   --->   "%tmp_24 = bitselect i1 @_ssdm_op_BitSelect.i1.i32.i32, i32 %add_ln813_4, i32 31"   --->   Operation 895 'bitselect' 'tmp_24' <Predicate = (!icmp_ln36)> <Delay = 0.00>
ST_4 : Operation 896 [1/1] (0.00ns) (grouped into LUT with out node select_ln302_22)   --->   "%xor_ln895_22 = xor i1 %tmp_23, i1 1"   --->   Operation 896 'xor' 'xor_ln895_22' <Predicate = (!icmp_ln36)> <Delay = 0.00> <CoreInst = "LogicGate">   --->   Core 74 'LogicGate' <Latency = 0> <II = 1> <Delay = 0.33> <FuncUnit> <Opcode : 'and' 'or' 'xor'> <InPorts = 2> <OutPorts = 1>
ST_4 : Operation 897 [1/1] (0.00ns) (grouped into LUT with out node select_ln302_22)   --->   "%and_ln895_4 = and i1 %tmp_24, i1 %xor_ln895_22"   --->   Operation 897 'and' 'and_ln895_4' <Predicate = (!icmp_ln36)> <Delay = 0.00> <CoreInst = "LogicGate">   --->   Core 74 'LogicGate' <Latency = 0> <II = 1> <Delay = 0.33> <FuncUnit> <Opcode : 'and' 'or' 'xor'> <InPorts = 2> <OutPorts = 1>
ST_4 : Operation 898 [1/1] (0.00ns) (grouped into LUT with out node select_ln302_22)   --->   "%xor_ln302_20 = xor i1 %tmp_23, i1 %tmp_24"   --->   Operation 898 'xor' 'xor_ln302_20' <Predicate = (!icmp_ln36)> <Delay = 0.00> <CoreInst = "LogicGate">   --->   Core 74 'LogicGate' <Latency = 0> <II = 1> <Delay = 0.33> <FuncUnit> <Opcode : 'and' 'or' 'xor'> <InPorts = 2> <OutPorts = 1>
ST_4 : Operation 899 [1/1] (0.00ns) (grouped into LUT with out node select_ln302_22)   --->   "%select_ln346_20 = select i1 %and_ln895_4, i32 2147483647, i32 2147483648"   --->   Operation 899 'select' 'select_ln346_20' <Predicate = (!icmp_ln36)> <Delay = 0.00> <CoreInst = "Sel">   --->   Core 73 'Sel' <Latency = 0> <II = 1> <Delay = 0.52> <FuncUnit> <Opcode : 'select'> <InPorts = 3> <OutPorts = 1>
ST_4 : Operation 900 [1/1] (0.52ns) (out node of the LUT)   --->   "%select_ln302_22 = select i1 %xor_ln302_20, i32 %select_ln346_20, i32 %add_ln813_4"   --->   Operation 900 'select' 'select_ln302_22' <Predicate = (!icmp_ln36)> <Delay = 0.52> <CoreInst = "Sel">   --->   Core 73 'Sel' <Latency = 0> <II = 1> <Delay = 0.52> <FuncUnit> <Opcode : 'select'> <InPorts = 3> <OutPorts = 1>
ST_4 : Operation 901 [1/1] (0.00ns)   --->   "%trunc_ln1650 = trunc i32 %select_ln302_22"   --->   Operation 901 'trunc' 'trunc_ln1650' <Predicate = (!icmp_ln36)> <Delay = 0.00>
ST_4 : Operation 902 [1/1] (0.00ns)   --->   "%tmp_25 = bitselect i1 @_ssdm_op_BitSelect.i1.i32.i32, i32 %select_ln302_22, i32 31"   --->   Operation 902 'bitselect' 'tmp_25' <Predicate = (!icmp_ln36)> <Delay = 0.00>
ST_4 : Operation 903 [1/1] (0.49ns)   --->   "%select_ln82 = select i1 %tmp_25, i31 0, i31 %trunc_ln1650" [vgg_accelerator.cpp:82]   --->   Operation 903 'select' 'select_ln82' <Predicate = (!icmp_ln36)> <Delay = 0.49> <CoreInst = "Sel">   --->   Core 73 'Sel' <Latency = 0> <II = 1> <Delay = 0.49> <FuncUnit> <Opcode : 'select'> <InPorts = 3> <OutPorts = 1>
ST_4 : Operation 904 [1/1] (0.00ns)   --->   "%trunc_ln7 = partselect i8 @_ssdm_op_PartSelect.i8.i31.i32.i32, i31 %select_ln82, i32 12, i32 19"   --->   Operation 904 'partselect' 'trunc_ln7' <Predicate = (!icmp_ln36)> <Delay = 0.00>
ST_4 : Operation 905 [1/1] (0.00ns)   --->   "%tmp_26 = bitselect i1 @_ssdm_op_BitSelect.i1.i31.i32, i31 %select_ln82, i32 11"   --->   Operation 905 'bitselect' 'tmp_26' <Predicate = (!icmp_ln36)> <Delay = 0.00>
ST_4 : Operation 906 [1/1] (0.00ns)   --->   "%zext_ln377 = zext i1 %tmp_26"   --->   Operation 906 'zext' 'zext_ln377' <Predicate = (!icmp_ln36)> <Delay = 0.00>
ST_4 : Operation 907 [1/1] (0.00ns)   --->   "%trunc_ln377_5 = partselect i7 @_ssdm_op_PartSelect.i7.i31.i32.i32, i31 %select_ln82, i32 12, i32 18"   --->   Operation 907 'partselect' 'trunc_ln377_5' <Predicate = (!icmp_ln36)> <Delay = 0.00>
ST_4 : Operation 908 [1/1] (0.00ns)   --->   "%zext_ln377_3 = zext i1 %tmp_26"   --->   Operation 908 'zext' 'zext_ln377_3' <Predicate = (!icmp_ln36)> <Delay = 0.00>
ST_4 : Operation 909 [1/1] (0.90ns)   --->   "%add_ln377 = add i8 %trunc_ln7, i8 %zext_ln377"   --->   Operation 909 'add' 'add_ln377' <Predicate = (!icmp_ln36)> <Delay = 0.90> <CoreInst = "Adder">   --->   Core 1 'Adder' <Latency = 0> <II = 1> <Delay = 0.90> <FuncUnit> <Opcode : 'add' 'sub'> <InPorts = 2> <OutPorts = 1>
ST_4 : Operation 910 [1/1] (0.89ns)   --->   "%add_ln856 = add i7 %trunc_ln377_5, i7 %zext_ln377_3"   --->   Operation 910 'add' 'add_ln856' <Predicate = (!icmp_ln36)> <Delay = 0.89> <CoreInst = "Adder">   --->   Core 1 'Adder' <Latency = 0> <II = 1> <Delay = 0.89> <FuncUnit> <Opcode : 'add' 'sub'> <InPorts = 2> <OutPorts = 1>
ST_4 : Operation 911 [1/1] (0.00ns)   --->   "%tmp_27 = bitselect i1 @_ssdm_op_BitSelect.i1.i8.i32, i8 %add_ln377, i32 7"   --->   Operation 911 'bitselect' 'tmp_27' <Predicate = (!icmp_ln36)> <Delay = 0.00>
ST_4 : Operation 912 [1/1] (0.00ns)   --->   "%tmp = partselect i11 @_ssdm_op_PartSelect.i11.i31.i32.i32, i31 %select_ln82, i32 20, i32 30"   --->   Operation 912 'partselect' 'tmp' <Predicate = (!icmp_ln36)> <Delay = 0.00>
ST_4 : Operation 913 [1/1] (0.85ns)   --->   "%icmp_ln878 = icmp_eq  i11 %tmp, i11 0"   --->   Operation 913 'icmp' 'icmp_ln878' <Predicate = (!icmp_ln36)> <Delay = 0.85> <CoreInst = "Cmp">   --->   Core 9 'Cmp' <Latency = 0> <II = 1> <Delay = 0.85> <FuncUnit> <Opcode : 'icmp'> <InPorts = 2> <OutPorts = 1>
ST_4 : Operation 914 [1/1] (0.00ns) (grouped into LUT with out node select_ln302_23)   --->   "%tmp_28 = bitselect i1 @_ssdm_op_BitSelect.i1.i31.i32, i31 %select_ln82, i32 19"   --->   Operation 914 'bitselect' 'tmp_28' <Predicate = (!icmp_ln36)> <Delay = 0.00>
ST_4 : Operation 915 [1/1] (0.00ns) (grouped into LUT with out node select_ln302_23)   --->   "%xor_ln888 = xor i1 %tmp_28, i1 1"   --->   Operation 915 'xor' 'xor_ln888' <Predicate = (!icmp_ln36)> <Delay = 0.00> <CoreInst = "LogicGate">   --->   Core 74 'LogicGate' <Latency = 0> <II = 1> <Delay = 0.33> <FuncUnit> <Opcode : 'and' 'or' 'xor'> <InPorts = 2> <OutPorts = 1>
ST_4 : Operation 916 [1/1] (0.00ns) (grouped into LUT with out node select_ln302_23)   --->   "%or_ln888 = or i1 %tmp_27, i1 %xor_ln888"   --->   Operation 916 'or' 'or_ln888' <Predicate = (!icmp_ln36)> <Delay = 0.00> <CoreInst = "LogicGate">   --->   Core 74 'LogicGate' <Latency = 0> <II = 1> <Delay = 0.33> <FuncUnit> <Opcode : 'and' 'or' 'xor'> <InPorts = 2> <OutPorts = 1>
ST_4 : Operation 917 [1/1] (0.00ns) (grouped into LUT with out node select_ln302_23)   --->   "%and_ln888 = and i1 %icmp_ln878, i1 %or_ln888"   --->   Operation 917 'and' 'and_ln888' <Predicate = (!icmp_ln36)> <Delay = 0.00> <CoreInst = "LogicGate">   --->   Core 74 'LogicGate' <Latency = 0> <II = 1> <Delay = 0.33> <FuncUnit> <Opcode : 'and' 'or' 'xor'> <InPorts = 2> <OutPorts = 1>
ST_4 : Operation 918 [1/1] (0.00ns) (grouped into LUT with out node select_ln302_23)   --->   "%xor_ln895_23 = xor i1 %and_ln888, i1 1"   --->   Operation 918 'xor' 'xor_ln895_23' <Predicate = (!icmp_ln36)> <Delay = 0.00> <CoreInst = "LogicGate">   --->   Core 74 'LogicGate' <Latency = 0> <II = 1> <Delay = 0.33> <FuncUnit> <Opcode : 'and' 'or' 'xor'> <InPorts = 2> <OutPorts = 1>
ST_4 : Operation 919 [1/1] (0.00ns) (grouped into LUT with out node select_ln302_23)   --->   "%or_ln895 = or i1 %tmp_27, i1 %xor_ln895_23"   --->   Operation 919 'or' 'or_ln895' <Predicate = (!icmp_ln36)> <Delay = 0.00> <CoreInst = "LogicGate">   --->   Core 74 'LogicGate' <Latency = 0> <II = 1> <Delay = 0.33> <FuncUnit> <Opcode : 'and' 'or' 'xor'> <InPorts = 2> <OutPorts = 1>
ST_4 : Operation 920 [1/1] (0.42ns) (out node of the LUT)   --->   "%select_ln302_23 = select i1 %or_ln895, i7 127, i7 %add_ln856"   --->   Operation 920 'select' 'select_ln302_23' <Predicate = (!icmp_ln36)> <Delay = 0.42> <CoreInst = "Sel">   --->   Core 73 'Sel' <Latency = 0> <II = 1> <Delay = 0.42> <FuncUnit> <Opcode : 'select'> <InPorts = 3> <OutPorts = 1>
ST_4 : Operation 921 [1/1] (0.00ns)   --->   "%zext_ln83 = zext i7 %select_ln302_23" [vgg_accelerator.cpp:83]   --->   Operation 921 'zext' 'zext_ln83' <Predicate = (!icmp_ln36)> <Delay = 0.00>
ST_4 : Operation 922 [1/1] (2.87ns)   --->   "%write_ln83 = write void @_ssdm_op_Write.ap_fifo.volatile.i8P0A, i8 %s_conv1, i8 %zext_ln83" [vgg_accelerator.cpp:83]   --->   Operation 922 'write' 'write_ln83' <Predicate = (!icmp_ln36)> <Delay = 2.87> <CoreInst = "FIFO_SRL">   --->   Core 81 'FIFO_SRL' <Latency = 0> <II = 1> <Delay = 2.87> <Storage> <Opcode : 'read' 'write' 'nbread' 'nbwrite'> <Ports = 0> <Width = 8> <Depth = 128> <FIFO>
ST_4 : Operation 923 [1/1] (0.00ns)   --->   "%sext_ln813_27 = sext i32 %select_ln302_26"   --->   Operation 923 'sext' 'sext_ln813_27' <Predicate = (!icmp_ln36)> <Delay = 0.00>
ST_4 : Operation 924 [1/1] (0.00ns)   --->   "%shl_ln1347_12 = bitconcatenate i18 @_ssdm_op_BitConcatenate.i18.i10.i8, i10 %sub_ln1273_10, i8 0"   --->   Operation 924 'bitconcatenate' 'shl_ln1347_12' <Predicate = (!icmp_ln36)> <Delay = 0.00>
ST_4 : Operation 925 [1/1] (0.00ns)   --->   "%sext_ln1347_57 = sext i18 %shl_ln1347_12"   --->   Operation 925 'sext' 'sext_ln1347_57' <Predicate = (!icmp_ln36)> <Delay = 0.00>
ST_4 : Operation 926 [1/1] (0.00ns)   --->   "%sext_ln1347_58 = sext i18 %shl_ln1347_12"   --->   Operation 926 'sext' 'sext_ln1347_58' <Predicate = (!icmp_ln36)> <Delay = 0.00>
ST_4 : Operation 927 [1/1] (1.20ns)   --->   "%add_ln1347_14 = add i33 %sext_ln813_27, i33 %sext_ln1347_57"   --->   Operation 927 'add' 'add_ln1347_14' <Predicate = (!icmp_ln36)> <Delay = 1.20> <CoreInst = "Adder">   --->   Core 1 'Adder' <Latency = 0> <II = 1> <Delay = 1.20> <FuncUnit> <Opcode : 'add' 'sub'> <InPorts = 2> <OutPorts = 1>
ST_4 : Operation 928 [1/1] (0.00ns)   --->   "%tmp_35 = bitselect i1 @_ssdm_op_BitSelect.i1.i33.i32, i33 %add_ln1347_14, i32 32"   --->   Operation 928 'bitselect' 'tmp_35' <Predicate = (!icmp_ln36)> <Delay = 0.00>
ST_4 : Operation 929 [1/1] (1.20ns)   --->   "%add_ln813_8 = add i32 %select_ln302_26, i32 %sext_ln1347_58"   --->   Operation 929 'add' 'add_ln813_8' <Predicate = (!icmp_ln36)> <Delay = 1.20> <CoreInst = "Adder">   --->   Core 1 'Adder' <Latency = 0> <II = 1> <Delay = 1.20> <FuncUnit> <Opcode : 'add' 'sub'> <InPorts = 2> <OutPorts = 1>
ST_4 : Operation 930 [1/1] (0.00ns)   --->   "%tmp_36 = bitselect i1 @_ssdm_op_BitSelect.i1.i32.i32, i32 %add_ln813_8, i32 31"   --->   Operation 930 'bitselect' 'tmp_36' <Predicate = (!icmp_ln36)> <Delay = 0.00>
ST_4 : Operation 931 [1/1] (0.00ns) (grouped into LUT with out node select_ln302_27)   --->   "%xor_ln895_27 = xor i1 %tmp_35, i1 1"   --->   Operation 931 'xor' 'xor_ln895_27' <Predicate = (!icmp_ln36)> <Delay = 0.00> <CoreInst = "LogicGate">   --->   Core 74 'LogicGate' <Latency = 0> <II = 1> <Delay = 0.33> <FuncUnit> <Opcode : 'and' 'or' 'xor'> <InPorts = 2> <OutPorts = 1>
ST_4 : Operation 932 [1/1] (0.00ns) (grouped into LUT with out node select_ln302_27)   --->   "%and_ln895_8 = and i1 %tmp_36, i1 %xor_ln895_27"   --->   Operation 932 'and' 'and_ln895_8' <Predicate = (!icmp_ln36)> <Delay = 0.00> <CoreInst = "LogicGate">   --->   Core 74 'LogicGate' <Latency = 0> <II = 1> <Delay = 0.33> <FuncUnit> <Opcode : 'and' 'or' 'xor'> <InPorts = 2> <OutPorts = 1>
ST_4 : Operation 933 [1/1] (0.00ns) (grouped into LUT with out node select_ln302_27)   --->   "%xor_ln302_24 = xor i1 %tmp_35, i1 %tmp_36"   --->   Operation 933 'xor' 'xor_ln302_24' <Predicate = (!icmp_ln36)> <Delay = 0.00> <CoreInst = "LogicGate">   --->   Core 74 'LogicGate' <Latency = 0> <II = 1> <Delay = 0.33> <FuncUnit> <Opcode : 'and' 'or' 'xor'> <InPorts = 2> <OutPorts = 1>
ST_4 : Operation 934 [1/1] (0.00ns) (grouped into LUT with out node select_ln302_27)   --->   "%select_ln346_24 = select i1 %and_ln895_8, i32 2147483647, i32 2147483648"   --->   Operation 934 'select' 'select_ln346_24' <Predicate = (!icmp_ln36)> <Delay = 0.00> <CoreInst = "Sel">   --->   Core 73 'Sel' <Latency = 0> <II = 1> <Delay = 0.52> <FuncUnit> <Opcode : 'select'> <InPorts = 3> <OutPorts = 1>
ST_4 : Operation 935 [1/1] (0.52ns) (out node of the LUT)   --->   "%select_ln302_27 = select i1 %xor_ln302_24, i32 %select_ln346_24, i32 %add_ln813_8"   --->   Operation 935 'select' 'select_ln302_27' <Predicate = (!icmp_ln36)> <Delay = 0.52> <CoreInst = "Sel">   --->   Core 73 'Sel' <Latency = 0> <II = 1> <Delay = 0.52> <FuncUnit> <Opcode : 'select'> <InPorts = 3> <OutPorts = 1>
ST_4 : Operation 936 [1/1] (0.94ns)   --->   "%sub_ln1273_11 = sub i12 %sext_ln1273_4, i12 %sext_ln1273_6"   --->   Operation 936 'sub' 'sub_ln1273_11' <Predicate = (!icmp_ln36)> <Delay = 0.94> <CoreInst = "Adder">   --->   Core 1 'Adder' <Latency = 0> <II = 1> <Delay = 0.94> <FuncUnit> <Opcode : 'add' 'sub'> <InPorts = 2> <OutPorts = 1>
ST_4 : Operation 937 [1/1] (0.00ns)   --->   "%sext_ln813_28 = sext i32 %select_ln302_27"   --->   Operation 937 'sext' 'sext_ln813_28' <Predicate = (!icmp_ln36)> <Delay = 0.00>
ST_4 : Operation 938 [1/1] (0.00ns)   --->   "%shl_ln1347_13 = bitconcatenate i20 @_ssdm_op_BitConcatenate.i20.i12.i8, i12 %sub_ln1273_11, i8 0"   --->   Operation 938 'bitconcatenate' 'shl_ln1347_13' <Predicate = (!icmp_ln36)> <Delay = 0.00>
ST_4 : Operation 939 [1/1] (0.00ns)   --->   "%sext_ln1347_59 = sext i20 %shl_ln1347_13"   --->   Operation 939 'sext' 'sext_ln1347_59' <Predicate = (!icmp_ln36)> <Delay = 0.00>
ST_4 : Operation 940 [1/1] (0.00ns)   --->   "%sext_ln1347_60 = sext i20 %shl_ln1347_13"   --->   Operation 940 'sext' 'sext_ln1347_60' <Predicate = (!icmp_ln36)> <Delay = 0.00>
ST_4 : Operation 941 [1/1] (1.20ns)   --->   "%add_ln1347_15 = add i33 %sext_ln813_28, i33 %sext_ln1347_59"   --->   Operation 941 'add' 'add_ln1347_15' <Predicate = (!icmp_ln36)> <Delay = 1.20> <CoreInst = "Adder">   --->   Core 1 'Adder' <Latency = 0> <II = 1> <Delay = 1.20> <FuncUnit> <Opcode : 'add' 'sub'> <InPorts = 2> <OutPorts = 1>
ST_4 : Operation 942 [1/1] (0.00ns)   --->   "%tmp_37 = bitselect i1 @_ssdm_op_BitSelect.i1.i33.i32, i33 %add_ln1347_15, i32 32"   --->   Operation 942 'bitselect' 'tmp_37' <Predicate = (!icmp_ln36)> <Delay = 0.00>
ST_4 : Operation 943 [1/1] (1.20ns)   --->   "%add_ln813_9 = add i32 %select_ln302_27, i32 %sext_ln1347_60"   --->   Operation 943 'add' 'add_ln813_9' <Predicate = (!icmp_ln36)> <Delay = 1.20> <CoreInst = "Adder">   --->   Core 1 'Adder' <Latency = 0> <II = 1> <Delay = 1.20> <FuncUnit> <Opcode : 'add' 'sub'> <InPorts = 2> <OutPorts = 1>
ST_4 : Operation 944 [1/1] (0.00ns)   --->   "%tmp_38 = bitselect i1 @_ssdm_op_BitSelect.i1.i32.i32, i32 %add_ln813_9, i32 31"   --->   Operation 944 'bitselect' 'tmp_38' <Predicate = (!icmp_ln36)> <Delay = 0.00>
ST_4 : Operation 945 [1/1] (0.00ns) (grouped into LUT with out node select_ln302_28)   --->   "%xor_ln895_28 = xor i1 %tmp_37, i1 1"   --->   Operation 945 'xor' 'xor_ln895_28' <Predicate = (!icmp_ln36)> <Delay = 0.00> <CoreInst = "LogicGate">   --->   Core 74 'LogicGate' <Latency = 0> <II = 1> <Delay = 0.33> <FuncUnit> <Opcode : 'and' 'or' 'xor'> <InPorts = 2> <OutPorts = 1>
ST_4 : Operation 946 [1/1] (0.00ns) (grouped into LUT with out node select_ln302_28)   --->   "%and_ln895_9 = and i1 %tmp_38, i1 %xor_ln895_28"   --->   Operation 946 'and' 'and_ln895_9' <Predicate = (!icmp_ln36)> <Delay = 0.00> <CoreInst = "LogicGate">   --->   Core 74 'LogicGate' <Latency = 0> <II = 1> <Delay = 0.33> <FuncUnit> <Opcode : 'and' 'or' 'xor'> <InPorts = 2> <OutPorts = 1>
ST_4 : Operation 947 [1/1] (0.00ns) (grouped into LUT with out node select_ln302_28)   --->   "%xor_ln302_25 = xor i1 %tmp_37, i1 %tmp_38"   --->   Operation 947 'xor' 'xor_ln302_25' <Predicate = (!icmp_ln36)> <Delay = 0.00> <CoreInst = "LogicGate">   --->   Core 74 'LogicGate' <Latency = 0> <II = 1> <Delay = 0.33> <FuncUnit> <Opcode : 'and' 'or' 'xor'> <InPorts = 2> <OutPorts = 1>
ST_4 : Operation 948 [1/1] (0.00ns) (grouped into LUT with out node select_ln302_28)   --->   "%select_ln346_25 = select i1 %and_ln895_9, i32 2147483647, i32 2147483648"   --->   Operation 948 'select' 'select_ln346_25' <Predicate = (!icmp_ln36)> <Delay = 0.00> <CoreInst = "Sel">   --->   Core 73 'Sel' <Latency = 0> <II = 1> <Delay = 0.52> <FuncUnit> <Opcode : 'select'> <InPorts = 3> <OutPorts = 1>
ST_4 : Operation 949 [1/1] (0.52ns) (out node of the LUT)   --->   "%select_ln302_28 = select i1 %xor_ln302_25, i32 %select_ln346_25, i32 %add_ln813_9"   --->   Operation 949 'select' 'select_ln302_28' <Predicate = (!icmp_ln36)> <Delay = 0.52> <CoreInst = "Sel">   --->   Core 73 'Sel' <Latency = 0> <II = 1> <Delay = 0.52> <FuncUnit> <Opcode : 'select'> <InPorts = 3> <OutPorts = 1>
ST_4 : Operation 950 [1/1] (0.00ns)   --->   "%shl_ln1273_13 = bitconcatenate i9 @_ssdm_op_BitConcatenate.i9.i8.i1, i8 %val_in, i1 0"   --->   Operation 950 'bitconcatenate' 'shl_ln1273_13' <Predicate = (!icmp_ln36)> <Delay = 0.00>
ST_4 : Operation 951 [1/1] (0.00ns)   --->   "%sext_ln1273_14 = sext i9 %shl_ln1273_13"   --->   Operation 951 'sext' 'sext_ln1273_14' <Predicate = (!icmp_ln36)> <Delay = 0.00>
ST_4 : Operation 952 [1/1] (0.00ns)   --->   "%sext_ln1273_15 = sext i9 %shl_ln1273_13"   --->   Operation 952 'sext' 'sext_ln1273_15' <Predicate = (!icmp_ln36)> <Delay = 0.00>
ST_4 : Operation 953 [1/1] (0.92ns)   --->   "%sub_ln1273_12 = sub i10 0, i10 %sext_ln1273_15"   --->   Operation 953 'sub' 'sub_ln1273_12' <Predicate = (!icmp_ln36)> <Delay = 0.92> <CoreInst = "Adder">   --->   Core 1 'Adder' <Latency = 0> <II = 1> <Delay = 0.92> <FuncUnit> <Opcode : 'add' 'sub'> <InPorts = 2> <OutPorts = 1>
ST_4 : Operation 954 [1/1] (0.00ns)   --->   "%sext_ln813_29 = sext i32 %select_ln302_28"   --->   Operation 954 'sext' 'sext_ln813_29' <Predicate = (!icmp_ln36)> <Delay = 0.00>
ST_4 : Operation 955 [1/1] (0.00ns)   --->   "%shl_ln1347_14 = bitconcatenate i18 @_ssdm_op_BitConcatenate.i18.i10.i8, i10 %sub_ln1273_12, i8 0"   --->   Operation 955 'bitconcatenate' 'shl_ln1347_14' <Predicate = (!icmp_ln36)> <Delay = 0.00>
ST_4 : Operation 956 [1/1] (0.00ns)   --->   "%sext_ln1347_61 = sext i18 %shl_ln1347_14"   --->   Operation 956 'sext' 'sext_ln1347_61' <Predicate = (!icmp_ln36)> <Delay = 0.00>
ST_4 : Operation 957 [1/1] (0.00ns)   --->   "%sext_ln1347_62 = sext i18 %shl_ln1347_14"   --->   Operation 957 'sext' 'sext_ln1347_62' <Predicate = (!icmp_ln36)> <Delay = 0.00>
ST_4 : Operation 958 [1/1] (1.20ns)   --->   "%add_ln1347_16 = add i33 %sext_ln813_29, i33 %sext_ln1347_61"   --->   Operation 958 'add' 'add_ln1347_16' <Predicate = (!icmp_ln36)> <Delay = 1.20> <CoreInst = "Adder">   --->   Core 1 'Adder' <Latency = 0> <II = 1> <Delay = 1.20> <FuncUnit> <Opcode : 'add' 'sub'> <InPorts = 2> <OutPorts = 1>
ST_4 : Operation 959 [1/1] (0.00ns)   --->   "%tmp_39 = bitselect i1 @_ssdm_op_BitSelect.i1.i33.i32, i33 %add_ln1347_16, i32 32"   --->   Operation 959 'bitselect' 'tmp_39' <Predicate = (!icmp_ln36)> <Delay = 0.00>
ST_4 : Operation 960 [1/1] (1.20ns)   --->   "%add_ln813_10 = add i32 %select_ln302_28, i32 %sext_ln1347_62"   --->   Operation 960 'add' 'add_ln813_10' <Predicate = (!icmp_ln36)> <Delay = 1.20> <CoreInst = "Adder">   --->   Core 1 'Adder' <Latency = 0> <II = 1> <Delay = 1.20> <FuncUnit> <Opcode : 'add' 'sub'> <InPorts = 2> <OutPorts = 1>
ST_4 : Operation 961 [1/1] (0.00ns)   --->   "%tmp_40 = bitselect i1 @_ssdm_op_BitSelect.i1.i32.i32, i32 %add_ln813_10, i32 31"   --->   Operation 961 'bitselect' 'tmp_40' <Predicate = (!icmp_ln36)> <Delay = 0.00>
ST_4 : Operation 962 [1/1] (0.00ns) (grouped into LUT with out node select_ln302_29)   --->   "%xor_ln895_29 = xor i1 %tmp_39, i1 1"   --->   Operation 962 'xor' 'xor_ln895_29' <Predicate = (!icmp_ln36)> <Delay = 0.00> <CoreInst = "LogicGate">   --->   Core 74 'LogicGate' <Latency = 0> <II = 1> <Delay = 0.33> <FuncUnit> <Opcode : 'and' 'or' 'xor'> <InPorts = 2> <OutPorts = 1>
ST_4 : Operation 963 [1/1] (0.00ns) (grouped into LUT with out node select_ln302_29)   --->   "%and_ln895_10 = and i1 %tmp_40, i1 %xor_ln895_29"   --->   Operation 963 'and' 'and_ln895_10' <Predicate = (!icmp_ln36)> <Delay = 0.00> <CoreInst = "LogicGate">   --->   Core 74 'LogicGate' <Latency = 0> <II = 1> <Delay = 0.33> <FuncUnit> <Opcode : 'and' 'or' 'xor'> <InPorts = 2> <OutPorts = 1>
ST_4 : Operation 964 [1/1] (0.00ns) (grouped into LUT with out node select_ln302_29)   --->   "%xor_ln302_26 = xor i1 %tmp_39, i1 %tmp_40"   --->   Operation 964 'xor' 'xor_ln302_26' <Predicate = (!icmp_ln36)> <Delay = 0.00> <CoreInst = "LogicGate">   --->   Core 74 'LogicGate' <Latency = 0> <II = 1> <Delay = 0.33> <FuncUnit> <Opcode : 'and' 'or' 'xor'> <InPorts = 2> <OutPorts = 1>
ST_4 : Operation 965 [1/1] (0.00ns) (grouped into LUT with out node select_ln302_29)   --->   "%select_ln346_26 = select i1 %and_ln895_10, i32 2147483647, i32 2147483648"   --->   Operation 965 'select' 'select_ln346_26' <Predicate = (!icmp_ln36)> <Delay = 0.00> <CoreInst = "Sel">   --->   Core 73 'Sel' <Latency = 0> <II = 1> <Delay = 0.52> <FuncUnit> <Opcode : 'select'> <InPorts = 3> <OutPorts = 1>
ST_4 : Operation 966 [1/1] (0.52ns) (out node of the LUT)   --->   "%select_ln302_29 = select i1 %xor_ln302_26, i32 %select_ln346_26, i32 %add_ln813_10"   --->   Operation 966 'select' 'select_ln302_29' <Predicate = (!icmp_ln36)> <Delay = 0.52> <CoreInst = "Sel">   --->   Core 73 'Sel' <Latency = 0> <II = 1> <Delay = 0.52> <FuncUnit> <Opcode : 'select'> <InPorts = 3> <OutPorts = 1>
ST_4 : Operation 967 [1/1] (0.00ns)   --->   "%trunc_ln1650_1 = trunc i32 %select_ln302_29"   --->   Operation 967 'trunc' 'trunc_ln1650_1' <Predicate = (!icmp_ln36)> <Delay = 0.00>
ST_4 : Operation 968 [1/1] (0.00ns)   --->   "%tmp_41 = bitselect i1 @_ssdm_op_BitSelect.i1.i32.i32, i32 %select_ln302_29, i32 31"   --->   Operation 968 'bitselect' 'tmp_41' <Predicate = (!icmp_ln36)> <Delay = 0.00>
ST_4 : Operation 969 [1/1] (0.49ns)   --->   "%select_ln82_1 = select i1 %tmp_41, i31 0, i31 %trunc_ln1650_1" [vgg_accelerator.cpp:82]   --->   Operation 969 'select' 'select_ln82_1' <Predicate = (!icmp_ln36)> <Delay = 0.49> <CoreInst = "Sel">   --->   Core 73 'Sel' <Latency = 0> <II = 1> <Delay = 0.49> <FuncUnit> <Opcode : 'select'> <InPorts = 3> <OutPorts = 1>
ST_4 : Operation 970 [1/1] (0.00ns)   --->   "%trunc_ln818_1 = partselect i8 @_ssdm_op_PartSelect.i8.i31.i32.i32, i31 %select_ln82_1, i32 12, i32 19"   --->   Operation 970 'partselect' 'trunc_ln818_1' <Predicate = (!icmp_ln36)> <Delay = 0.00>
ST_4 : Operation 971 [1/1] (0.00ns)   --->   "%tmp_42 = bitselect i1 @_ssdm_op_BitSelect.i1.i31.i32, i31 %select_ln82_1, i32 11"   --->   Operation 971 'bitselect' 'tmp_42' <Predicate = (!icmp_ln36)> <Delay = 0.00>
ST_4 : Operation 972 [1/1] (0.00ns)   --->   "%zext_ln377_4 = zext i1 %tmp_42"   --->   Operation 972 'zext' 'zext_ln377_4' <Predicate = (!icmp_ln36)> <Delay = 0.00>
ST_4 : Operation 973 [1/1] (0.00ns)   --->   "%trunc_ln377_8 = partselect i7 @_ssdm_op_PartSelect.i7.i31.i32.i32, i31 %select_ln82_1, i32 12, i32 18"   --->   Operation 973 'partselect' 'trunc_ln377_8' <Predicate = (!icmp_ln36)> <Delay = 0.00>
ST_4 : Operation 974 [1/1] (0.00ns)   --->   "%zext_ln377_5 = zext i1 %tmp_42"   --->   Operation 974 'zext' 'zext_ln377_5' <Predicate = (!icmp_ln36)> <Delay = 0.00>
ST_4 : Operation 975 [1/1] (0.90ns)   --->   "%add_ln377_1 = add i8 %trunc_ln818_1, i8 %zext_ln377_4"   --->   Operation 975 'add' 'add_ln377_1' <Predicate = (!icmp_ln36)> <Delay = 0.90> <CoreInst = "Adder">   --->   Core 1 'Adder' <Latency = 0> <II = 1> <Delay = 0.90> <FuncUnit> <Opcode : 'add' 'sub'> <InPorts = 2> <OutPorts = 1>
ST_4 : Operation 976 [1/1] (0.89ns)   --->   "%add_ln856_1 = add i7 %trunc_ln377_8, i7 %zext_ln377_5"   --->   Operation 976 'add' 'add_ln856_1' <Predicate = (!icmp_ln36)> <Delay = 0.89> <CoreInst = "Adder">   --->   Core 1 'Adder' <Latency = 0> <II = 1> <Delay = 0.89> <FuncUnit> <Opcode : 'add' 'sub'> <InPorts = 2> <OutPorts = 1>
ST_4 : Operation 977 [1/1] (0.00ns)   --->   "%tmp_43 = bitselect i1 @_ssdm_op_BitSelect.i1.i8.i32, i8 %add_ln377_1, i32 7"   --->   Operation 977 'bitselect' 'tmp_43' <Predicate = (!icmp_ln36)> <Delay = 0.00>
ST_4 : Operation 978 [1/1] (0.00ns)   --->   "%tmp_3 = partselect i11 @_ssdm_op_PartSelect.i11.i31.i32.i32, i31 %select_ln82_1, i32 20, i32 30"   --->   Operation 978 'partselect' 'tmp_3' <Predicate = (!icmp_ln36)> <Delay = 0.00>
ST_4 : Operation 979 [1/1] (0.85ns)   --->   "%icmp_ln878_1 = icmp_eq  i11 %tmp_3, i11 0"   --->   Operation 979 'icmp' 'icmp_ln878_1' <Predicate = (!icmp_ln36)> <Delay = 0.85> <CoreInst = "Cmp">   --->   Core 9 'Cmp' <Latency = 0> <II = 1> <Delay = 0.85> <FuncUnit> <Opcode : 'icmp'> <InPorts = 2> <OutPorts = 1>
ST_4 : Operation 980 [1/1] (0.00ns) (grouped into LUT with out node select_ln302_30)   --->   "%tmp_44 = bitselect i1 @_ssdm_op_BitSelect.i1.i31.i32, i31 %select_ln82_1, i32 19"   --->   Operation 980 'bitselect' 'tmp_44' <Predicate = (!icmp_ln36)> <Delay = 0.00>
ST_4 : Operation 981 [1/1] (0.00ns) (grouped into LUT with out node select_ln302_30)   --->   "%xor_ln888_1 = xor i1 %tmp_44, i1 1"   --->   Operation 981 'xor' 'xor_ln888_1' <Predicate = (!icmp_ln36)> <Delay = 0.00> <CoreInst = "LogicGate">   --->   Core 74 'LogicGate' <Latency = 0> <II = 1> <Delay = 0.33> <FuncUnit> <Opcode : 'and' 'or' 'xor'> <InPorts = 2> <OutPorts = 1>
ST_4 : Operation 982 [1/1] (0.00ns) (grouped into LUT with out node select_ln302_30)   --->   "%or_ln888_1 = or i1 %tmp_43, i1 %xor_ln888_1"   --->   Operation 982 'or' 'or_ln888_1' <Predicate = (!icmp_ln36)> <Delay = 0.00> <CoreInst = "LogicGate">   --->   Core 74 'LogicGate' <Latency = 0> <II = 1> <Delay = 0.33> <FuncUnit> <Opcode : 'and' 'or' 'xor'> <InPorts = 2> <OutPorts = 1>
ST_4 : Operation 983 [1/1] (0.00ns) (grouped into LUT with out node select_ln302_30)   --->   "%and_ln888_1 = and i1 %icmp_ln878_1, i1 %or_ln888_1"   --->   Operation 983 'and' 'and_ln888_1' <Predicate = (!icmp_ln36)> <Delay = 0.00> <CoreInst = "LogicGate">   --->   Core 74 'LogicGate' <Latency = 0> <II = 1> <Delay = 0.33> <FuncUnit> <Opcode : 'and' 'or' 'xor'> <InPorts = 2> <OutPorts = 1>
ST_4 : Operation 984 [1/1] (0.00ns) (grouped into LUT with out node select_ln302_30)   --->   "%xor_ln895_30 = xor i1 %and_ln888_1, i1 1"   --->   Operation 984 'xor' 'xor_ln895_30' <Predicate = (!icmp_ln36)> <Delay = 0.00> <CoreInst = "LogicGate">   --->   Core 74 'LogicGate' <Latency = 0> <II = 1> <Delay = 0.33> <FuncUnit> <Opcode : 'and' 'or' 'xor'> <InPorts = 2> <OutPorts = 1>
ST_4 : Operation 985 [1/1] (0.00ns) (grouped into LUT with out node select_ln302_30)   --->   "%or_ln895_1 = or i1 %tmp_43, i1 %xor_ln895_30"   --->   Operation 985 'or' 'or_ln895_1' <Predicate = (!icmp_ln36)> <Delay = 0.00> <CoreInst = "LogicGate">   --->   Core 74 'LogicGate' <Latency = 0> <II = 1> <Delay = 0.33> <FuncUnit> <Opcode : 'and' 'or' 'xor'> <InPorts = 2> <OutPorts = 1>
ST_4 : Operation 986 [1/1] (0.42ns) (out node of the LUT)   --->   "%select_ln302_30 = select i1 %or_ln895_1, i7 127, i7 %add_ln856_1"   --->   Operation 986 'select' 'select_ln302_30' <Predicate = (!icmp_ln36)> <Delay = 0.42> <CoreInst = "Sel">   --->   Core 73 'Sel' <Latency = 0> <II = 1> <Delay = 0.42> <FuncUnit> <Opcode : 'select'> <InPorts = 3> <OutPorts = 1>
ST_4 : Operation 987 [1/1] (0.00ns)   --->   "%sext_ln813_34 = sext i32 %select_ln302_32"   --->   Operation 987 'sext' 'sext_ln813_34' <Predicate = (!icmp_ln36)> <Delay = 0.00>
ST_4 : Operation 988 [1/1] (1.20ns)   --->   "%add_ln1347_22 = add i33 %sext_ln813_34, i33 %sext_ln1347_57"   --->   Operation 988 'add' 'add_ln1347_22' <Predicate = (!icmp_ln36)> <Delay = 1.20> <CoreInst = "Adder">   --->   Core 1 'Adder' <Latency = 0> <II = 1> <Delay = 1.20> <FuncUnit> <Opcode : 'add' 'sub'> <InPorts = 2> <OutPorts = 1>
ST_4 : Operation 989 [1/1] (0.00ns)   --->   "%tmp_49 = bitselect i1 @_ssdm_op_BitSelect.i1.i33.i32, i33 %add_ln1347_22, i32 32"   --->   Operation 989 'bitselect' 'tmp_49' <Predicate = (!icmp_ln36)> <Delay = 0.00>
ST_4 : Operation 990 [1/1] (1.20ns)   --->   "%add_ln813_13 = add i32 %select_ln302_32, i32 %sext_ln1347_58"   --->   Operation 990 'add' 'add_ln813_13' <Predicate = (!icmp_ln36)> <Delay = 1.20> <CoreInst = "Adder">   --->   Core 1 'Adder' <Latency = 0> <II = 1> <Delay = 1.20> <FuncUnit> <Opcode : 'add' 'sub'> <InPorts = 2> <OutPorts = 1>
ST_4 : Operation 991 [1/1] (0.00ns)   --->   "%tmp_50 = bitselect i1 @_ssdm_op_BitSelect.i1.i32.i32, i32 %add_ln813_13, i32 31"   --->   Operation 991 'bitselect' 'tmp_50' <Predicate = (!icmp_ln36)> <Delay = 0.00>
ST_4 : Operation 992 [1/1] (0.00ns) (grouped into LUT with out node select_ln302_33)   --->   "%xor_ln895_33 = xor i1 %tmp_49, i1 1"   --->   Operation 992 'xor' 'xor_ln895_33' <Predicate = (!icmp_ln36)> <Delay = 0.00> <CoreInst = "LogicGate">   --->   Core 74 'LogicGate' <Latency = 0> <II = 1> <Delay = 0.33> <FuncUnit> <Opcode : 'and' 'or' 'xor'> <InPorts = 2> <OutPorts = 1>
ST_4 : Operation 993 [1/1] (0.00ns) (grouped into LUT with out node select_ln302_33)   --->   "%and_ln895_13 = and i1 %tmp_50, i1 %xor_ln895_33"   --->   Operation 993 'and' 'and_ln895_13' <Predicate = (!icmp_ln36)> <Delay = 0.00> <CoreInst = "LogicGate">   --->   Core 74 'LogicGate' <Latency = 0> <II = 1> <Delay = 0.33> <FuncUnit> <Opcode : 'and' 'or' 'xor'> <InPorts = 2> <OutPorts = 1>
ST_4 : Operation 994 [1/1] (0.00ns) (grouped into LUT with out node select_ln302_33)   --->   "%xor_ln302_29 = xor i1 %tmp_49, i1 %tmp_50"   --->   Operation 994 'xor' 'xor_ln302_29' <Predicate = (!icmp_ln36)> <Delay = 0.00> <CoreInst = "LogicGate">   --->   Core 74 'LogicGate' <Latency = 0> <II = 1> <Delay = 0.33> <FuncUnit> <Opcode : 'and' 'or' 'xor'> <InPorts = 2> <OutPorts = 1>
ST_4 : Operation 995 [1/1] (0.00ns) (grouped into LUT with out node select_ln302_33)   --->   "%select_ln346_29 = select i1 %and_ln895_13, i32 2147483647, i32 2147483648"   --->   Operation 995 'select' 'select_ln346_29' <Predicate = (!icmp_ln36)> <Delay = 0.00> <CoreInst = "Sel">   --->   Core 73 'Sel' <Latency = 0> <II = 1> <Delay = 0.52> <FuncUnit> <Opcode : 'select'> <InPorts = 3> <OutPorts = 1>
ST_4 : Operation 996 [1/1] (0.52ns) (out node of the LUT)   --->   "%select_ln302_33 = select i1 %xor_ln302_29, i32 %select_ln346_29, i32 %add_ln813_13"   --->   Operation 996 'select' 'select_ln302_33' <Predicate = (!icmp_ln36)> <Delay = 0.52> <CoreInst = "Sel">   --->   Core 73 'Sel' <Latency = 0> <II = 1> <Delay = 0.52> <FuncUnit> <Opcode : 'select'> <InPorts = 3> <OutPorts = 1>
ST_4 : Operation 997 [1/1] (0.90ns)   --->   "%sub_ln1273_14 = sub i9 0, i9 %px_V_23_cast130_i"   --->   Operation 997 'sub' 'sub_ln1273_14' <Predicate = (!icmp_ln36)> <Delay = 0.90> <CoreInst = "Adder">   --->   Core 1 'Adder' <Latency = 0> <II = 1> <Delay = 0.90> <FuncUnit> <Opcode : 'add' 'sub'> <InPorts = 2> <OutPorts = 1>
ST_4 : Operation 998 [1/1] (0.00ns)   --->   "%sext_ln813_35 = sext i32 %select_ln302_33"   --->   Operation 998 'sext' 'sext_ln813_35' <Predicate = (!icmp_ln36)> <Delay = 0.00>
ST_4 : Operation 999 [1/1] (0.00ns)   --->   "%shl_ln1347_19 = bitconcatenate i17 @_ssdm_op_BitConcatenate.i17.i9.i8, i9 %sub_ln1273_14, i8 0"   --->   Operation 999 'bitconcatenate' 'shl_ln1347_19' <Predicate = (!icmp_ln36)> <Delay = 0.00>
ST_4 : Operation 1000 [1/1] (0.00ns)   --->   "%sext_ln1347_69 = sext i17 %shl_ln1347_19"   --->   Operation 1000 'sext' 'sext_ln1347_69' <Predicate = (!icmp_ln36)> <Delay = 0.00>
ST_4 : Operation 1001 [1/1] (0.00ns)   --->   "%sext_ln1347_70 = sext i17 %shl_ln1347_19"   --->   Operation 1001 'sext' 'sext_ln1347_70' <Predicate = (!icmp_ln36)> <Delay = 0.00>
ST_4 : Operation 1002 [1/1] (1.20ns)   --->   "%add_ln1347_23 = add i33 %sext_ln813_35, i33 %sext_ln1347_69"   --->   Operation 1002 'add' 'add_ln1347_23' <Predicate = (!icmp_ln36)> <Delay = 1.20> <CoreInst = "Adder">   --->   Core 1 'Adder' <Latency = 0> <II = 1> <Delay = 1.20> <FuncUnit> <Opcode : 'add' 'sub'> <InPorts = 2> <OutPorts = 1>
ST_4 : Operation 1003 [1/1] (0.00ns)   --->   "%tmp_51 = bitselect i1 @_ssdm_op_BitSelect.i1.i33.i32, i33 %add_ln1347_23, i32 32"   --->   Operation 1003 'bitselect' 'tmp_51' <Predicate = (!icmp_ln36)> <Delay = 0.00>
ST_4 : Operation 1004 [1/1] (1.20ns)   --->   "%add_ln813_14 = add i32 %select_ln302_33, i32 %sext_ln1347_70"   --->   Operation 1004 'add' 'add_ln813_14' <Predicate = (!icmp_ln36)> <Delay = 1.20> <CoreInst = "Adder">   --->   Core 1 'Adder' <Latency = 0> <II = 1> <Delay = 1.20> <FuncUnit> <Opcode : 'add' 'sub'> <InPorts = 2> <OutPorts = 1>
ST_4 : Operation 1005 [1/1] (0.00ns)   --->   "%tmp_52 = bitselect i1 @_ssdm_op_BitSelect.i1.i32.i32, i32 %add_ln813_14, i32 31"   --->   Operation 1005 'bitselect' 'tmp_52' <Predicate = (!icmp_ln36)> <Delay = 0.00>
ST_4 : Operation 1006 [1/1] (0.00ns) (grouped into LUT with out node select_ln302_34)   --->   "%xor_ln895_34 = xor i1 %tmp_51, i1 1"   --->   Operation 1006 'xor' 'xor_ln895_34' <Predicate = (!icmp_ln36)> <Delay = 0.00> <CoreInst = "LogicGate">   --->   Core 74 'LogicGate' <Latency = 0> <II = 1> <Delay = 0.33> <FuncUnit> <Opcode : 'and' 'or' 'xor'> <InPorts = 2> <OutPorts = 1>
ST_4 : Operation 1007 [1/1] (0.00ns) (grouped into LUT with out node select_ln302_34)   --->   "%and_ln895_14 = and i1 %tmp_52, i1 %xor_ln895_34"   --->   Operation 1007 'and' 'and_ln895_14' <Predicate = (!icmp_ln36)> <Delay = 0.00> <CoreInst = "LogicGate">   --->   Core 74 'LogicGate' <Latency = 0> <II = 1> <Delay = 0.33> <FuncUnit> <Opcode : 'and' 'or' 'xor'> <InPorts = 2> <OutPorts = 1>
ST_4 : Operation 1008 [1/1] (0.00ns) (grouped into LUT with out node select_ln302_34)   --->   "%xor_ln302_30 = xor i1 %tmp_51, i1 %tmp_52"   --->   Operation 1008 'xor' 'xor_ln302_30' <Predicate = (!icmp_ln36)> <Delay = 0.00> <CoreInst = "LogicGate">   --->   Core 74 'LogicGate' <Latency = 0> <II = 1> <Delay = 0.33> <FuncUnit> <Opcode : 'and' 'or' 'xor'> <InPorts = 2> <OutPorts = 1>
ST_4 : Operation 1009 [1/1] (0.00ns) (grouped into LUT with out node select_ln302_34)   --->   "%select_ln346_30 = select i1 %and_ln895_14, i32 2147483647, i32 2147483648"   --->   Operation 1009 'select' 'select_ln346_30' <Predicate = (!icmp_ln36)> <Delay = 0.00> <CoreInst = "Sel">   --->   Core 73 'Sel' <Latency = 0> <II = 1> <Delay = 0.52> <FuncUnit> <Opcode : 'select'> <InPorts = 3> <OutPorts = 1>
ST_4 : Operation 1010 [1/1] (0.52ns) (out node of the LUT)   --->   "%select_ln302_34 = select i1 %xor_ln302_30, i32 %select_ln346_30, i32 %add_ln813_14"   --->   Operation 1010 'select' 'select_ln302_34' <Predicate = (!icmp_ln36)> <Delay = 0.52> <CoreInst = "Sel">   --->   Core 73 'Sel' <Latency = 0> <II = 1> <Delay = 0.52> <FuncUnit> <Opcode : 'select'> <InPorts = 3> <OutPorts = 1>
ST_4 : Operation 1011 [1/1] (0.90ns)   --->   "%sub_ln1273_15 = sub i9 0, i9 %sext_ln77_1"   --->   Operation 1011 'sub' 'sub_ln1273_15' <Predicate = (!icmp_ln36)> <Delay = 0.90> <CoreInst = "Adder">   --->   Core 1 'Adder' <Latency = 0> <II = 1> <Delay = 0.90> <FuncUnit> <Opcode : 'add' 'sub'> <InPorts = 2> <OutPorts = 1>
ST_4 : Operation 1012 [1/1] (0.00ns)   --->   "%sext_ln813_36 = sext i32 %select_ln302_34"   --->   Operation 1012 'sext' 'sext_ln813_36' <Predicate = (!icmp_ln36)> <Delay = 0.00>
ST_4 : Operation 1013 [1/1] (0.00ns)   --->   "%shl_ln1347_20 = bitconcatenate i17 @_ssdm_op_BitConcatenate.i17.i9.i8, i9 %sub_ln1273_15, i8 0"   --->   Operation 1013 'bitconcatenate' 'shl_ln1347_20' <Predicate = (!icmp_ln36)> <Delay = 0.00>
ST_4 : Operation 1014 [1/1] (0.00ns)   --->   "%sext_ln1347_71 = sext i17 %shl_ln1347_20"   --->   Operation 1014 'sext' 'sext_ln1347_71' <Predicate = (!icmp_ln36)> <Delay = 0.00>
ST_4 : Operation 1015 [1/1] (0.00ns)   --->   "%sext_ln1347_72 = sext i17 %shl_ln1347_20"   --->   Operation 1015 'sext' 'sext_ln1347_72' <Predicate = (!icmp_ln36)> <Delay = 0.00>
ST_4 : Operation 1016 [1/1] (1.20ns)   --->   "%add_ln1347_24 = add i33 %sext_ln813_36, i33 %sext_ln1347_71"   --->   Operation 1016 'add' 'add_ln1347_24' <Predicate = (!icmp_ln36)> <Delay = 1.20> <CoreInst = "Adder">   --->   Core 1 'Adder' <Latency = 0> <II = 1> <Delay = 1.20> <FuncUnit> <Opcode : 'add' 'sub'> <InPorts = 2> <OutPorts = 1>
ST_4 : Operation 1017 [1/1] (0.00ns)   --->   "%tmp_53 = bitselect i1 @_ssdm_op_BitSelect.i1.i33.i32, i33 %add_ln1347_24, i32 32"   --->   Operation 1017 'bitselect' 'tmp_53' <Predicate = (!icmp_ln36)> <Delay = 0.00>
ST_4 : Operation 1018 [1/1] (1.20ns)   --->   "%add_ln813_15 = add i32 %select_ln302_34, i32 %sext_ln1347_72"   --->   Operation 1018 'add' 'add_ln813_15' <Predicate = (!icmp_ln36)> <Delay = 1.20> <CoreInst = "Adder">   --->   Core 1 'Adder' <Latency = 0> <II = 1> <Delay = 1.20> <FuncUnit> <Opcode : 'add' 'sub'> <InPorts = 2> <OutPorts = 1>
ST_4 : Operation 1019 [1/1] (0.00ns)   --->   "%tmp_54 = bitselect i1 @_ssdm_op_BitSelect.i1.i32.i32, i32 %add_ln813_15, i32 31"   --->   Operation 1019 'bitselect' 'tmp_54' <Predicate = (!icmp_ln36)> <Delay = 0.00>
ST_4 : Operation 1020 [1/1] (0.00ns) (grouped into LUT with out node select_ln302_35)   --->   "%xor_ln895_35 = xor i1 %tmp_53, i1 1"   --->   Operation 1020 'xor' 'xor_ln895_35' <Predicate = (!icmp_ln36)> <Delay = 0.00> <CoreInst = "LogicGate">   --->   Core 74 'LogicGate' <Latency = 0> <II = 1> <Delay = 0.33> <FuncUnit> <Opcode : 'and' 'or' 'xor'> <InPorts = 2> <OutPorts = 1>
ST_4 : Operation 1021 [1/1] (0.00ns) (grouped into LUT with out node select_ln302_35)   --->   "%and_ln895_15 = and i1 %tmp_54, i1 %xor_ln895_35"   --->   Operation 1021 'and' 'and_ln895_15' <Predicate = (!icmp_ln36)> <Delay = 0.00> <CoreInst = "LogicGate">   --->   Core 74 'LogicGate' <Latency = 0> <II = 1> <Delay = 0.33> <FuncUnit> <Opcode : 'and' 'or' 'xor'> <InPorts = 2> <OutPorts = 1>
ST_4 : Operation 1022 [1/1] (0.00ns) (grouped into LUT with out node select_ln302_35)   --->   "%xor_ln302_31 = xor i1 %tmp_53, i1 %tmp_54"   --->   Operation 1022 'xor' 'xor_ln302_31' <Predicate = (!icmp_ln36)> <Delay = 0.00> <CoreInst = "LogicGate">   --->   Core 74 'LogicGate' <Latency = 0> <II = 1> <Delay = 0.33> <FuncUnit> <Opcode : 'and' 'or' 'xor'> <InPorts = 2> <OutPorts = 1>
ST_4 : Operation 1023 [1/1] (0.00ns) (grouped into LUT with out node select_ln302_35)   --->   "%select_ln346_31 = select i1 %and_ln895_15, i32 2147483647, i32 2147483648"   --->   Operation 1023 'select' 'select_ln346_31' <Predicate = (!icmp_ln36)> <Delay = 0.00> <CoreInst = "Sel">   --->   Core 73 'Sel' <Latency = 0> <II = 1> <Delay = 0.52> <FuncUnit> <Opcode : 'select'> <InPorts = 3> <OutPorts = 1>
ST_4 : Operation 1024 [1/1] (0.52ns) (out node of the LUT)   --->   "%select_ln302_35 = select i1 %xor_ln302_31, i32 %select_ln346_31, i32 %add_ln813_15"   --->   Operation 1024 'select' 'select_ln302_35' <Predicate = (!icmp_ln36)> <Delay = 0.52> <CoreInst = "Sel">   --->   Core 73 'Sel' <Latency = 0> <II = 1> <Delay = 0.52> <FuncUnit> <Opcode : 'select'> <InPorts = 3> <OutPorts = 1>
ST_4 : Operation 1025 [1/1] (0.00ns)   --->   "%trunc_ln1650_2 = trunc i32 %select_ln302_35"   --->   Operation 1025 'trunc' 'trunc_ln1650_2' <Predicate = (!icmp_ln36)> <Delay = 0.00>
ST_4 : Operation 1026 [1/1] (0.00ns)   --->   "%tmp_55 = bitselect i1 @_ssdm_op_BitSelect.i1.i32.i32, i32 %select_ln302_35, i32 31"   --->   Operation 1026 'bitselect' 'tmp_55' <Predicate = (!icmp_ln36)> <Delay = 0.00>
ST_4 : Operation 1027 [1/1] (0.49ns)   --->   "%select_ln82_2 = select i1 %tmp_55, i31 0, i31 %trunc_ln1650_2" [vgg_accelerator.cpp:82]   --->   Operation 1027 'select' 'select_ln82_2' <Predicate = (!icmp_ln36)> <Delay = 0.49> <CoreInst = "Sel">   --->   Core 73 'Sel' <Latency = 0> <II = 1> <Delay = 0.49> <FuncUnit> <Opcode : 'select'> <InPorts = 3> <OutPorts = 1>
ST_4 : Operation 1028 [1/1] (0.00ns)   --->   "%trunc_ln818_2 = partselect i8 @_ssdm_op_PartSelect.i8.i31.i32.i32, i31 %select_ln82_2, i32 12, i32 19"   --->   Operation 1028 'partselect' 'trunc_ln818_2' <Predicate = (!icmp_ln36)> <Delay = 0.00>
ST_4 : Operation 1029 [1/1] (0.00ns)   --->   "%tmp_56 = bitselect i1 @_ssdm_op_BitSelect.i1.i31.i32, i31 %select_ln82_2, i32 11"   --->   Operation 1029 'bitselect' 'tmp_56' <Predicate = (!icmp_ln36)> <Delay = 0.00>
ST_4 : Operation 1030 [1/1] (0.00ns)   --->   "%zext_ln377_6 = zext i1 %tmp_56"   --->   Operation 1030 'zext' 'zext_ln377_6' <Predicate = (!icmp_ln36)> <Delay = 0.00>
ST_4 : Operation 1031 [1/1] (0.00ns)   --->   "%trunc_ln377_1 = partselect i7 @_ssdm_op_PartSelect.i7.i31.i32.i32, i31 %select_ln82_2, i32 12, i32 18"   --->   Operation 1031 'partselect' 'trunc_ln377_1' <Predicate = (!icmp_ln36)> <Delay = 0.00>
ST_4 : Operation 1032 [1/1] (0.00ns)   --->   "%zext_ln377_7 = zext i1 %tmp_56"   --->   Operation 1032 'zext' 'zext_ln377_7' <Predicate = (!icmp_ln36)> <Delay = 0.00>
ST_4 : Operation 1033 [1/1] (0.90ns)   --->   "%add_ln377_2 = add i8 %trunc_ln818_2, i8 %zext_ln377_6"   --->   Operation 1033 'add' 'add_ln377_2' <Predicate = (!icmp_ln36)> <Delay = 0.90> <CoreInst = "Adder">   --->   Core 1 'Adder' <Latency = 0> <II = 1> <Delay = 0.90> <FuncUnit> <Opcode : 'add' 'sub'> <InPorts = 2> <OutPorts = 1>
ST_4 : Operation 1034 [1/1] (0.89ns)   --->   "%add_ln856_2 = add i7 %trunc_ln377_1, i7 %zext_ln377_7"   --->   Operation 1034 'add' 'add_ln856_2' <Predicate = (!icmp_ln36)> <Delay = 0.89> <CoreInst = "Adder">   --->   Core 1 'Adder' <Latency = 0> <II = 1> <Delay = 0.89> <FuncUnit> <Opcode : 'add' 'sub'> <InPorts = 2> <OutPorts = 1>
ST_4 : Operation 1035 [1/1] (0.00ns)   --->   "%tmp_57 = bitselect i1 @_ssdm_op_BitSelect.i1.i8.i32, i8 %add_ln377_2, i32 7"   --->   Operation 1035 'bitselect' 'tmp_57' <Predicate = (!icmp_ln36)> <Delay = 0.00>
ST_4 : Operation 1036 [1/1] (0.00ns)   --->   "%tmp_4 = partselect i11 @_ssdm_op_PartSelect.i11.i31.i32.i32, i31 %select_ln82_2, i32 20, i32 30"   --->   Operation 1036 'partselect' 'tmp_4' <Predicate = (!icmp_ln36)> <Delay = 0.00>
ST_4 : Operation 1037 [1/1] (0.85ns)   --->   "%icmp_ln878_2 = icmp_eq  i11 %tmp_4, i11 0"   --->   Operation 1037 'icmp' 'icmp_ln878_2' <Predicate = (!icmp_ln36)> <Delay = 0.85> <CoreInst = "Cmp">   --->   Core 9 'Cmp' <Latency = 0> <II = 1> <Delay = 0.85> <FuncUnit> <Opcode : 'icmp'> <InPorts = 2> <OutPorts = 1>
ST_4 : Operation 1038 [1/1] (0.00ns) (grouped into LUT with out node select_ln302_36)   --->   "%tmp_58 = bitselect i1 @_ssdm_op_BitSelect.i1.i31.i32, i31 %select_ln82_2, i32 19"   --->   Operation 1038 'bitselect' 'tmp_58' <Predicate = (!icmp_ln36)> <Delay = 0.00>
ST_4 : Operation 1039 [1/1] (0.00ns) (grouped into LUT with out node select_ln302_36)   --->   "%xor_ln888_2 = xor i1 %tmp_58, i1 1"   --->   Operation 1039 'xor' 'xor_ln888_2' <Predicate = (!icmp_ln36)> <Delay = 0.00> <CoreInst = "LogicGate">   --->   Core 74 'LogicGate' <Latency = 0> <II = 1> <Delay = 0.33> <FuncUnit> <Opcode : 'and' 'or' 'xor'> <InPorts = 2> <OutPorts = 1>
ST_4 : Operation 1040 [1/1] (0.00ns) (grouped into LUT with out node select_ln302_36)   --->   "%or_ln888_2 = or i1 %tmp_57, i1 %xor_ln888_2"   --->   Operation 1040 'or' 'or_ln888_2' <Predicate = (!icmp_ln36)> <Delay = 0.00> <CoreInst = "LogicGate">   --->   Core 74 'LogicGate' <Latency = 0> <II = 1> <Delay = 0.33> <FuncUnit> <Opcode : 'and' 'or' 'xor'> <InPorts = 2> <OutPorts = 1>
ST_4 : Operation 1041 [1/1] (0.00ns) (grouped into LUT with out node select_ln302_36)   --->   "%and_ln888_2 = and i1 %icmp_ln878_2, i1 %or_ln888_2"   --->   Operation 1041 'and' 'and_ln888_2' <Predicate = (!icmp_ln36)> <Delay = 0.00> <CoreInst = "LogicGate">   --->   Core 74 'LogicGate' <Latency = 0> <II = 1> <Delay = 0.33> <FuncUnit> <Opcode : 'and' 'or' 'xor'> <InPorts = 2> <OutPorts = 1>
ST_4 : Operation 1042 [1/1] (0.00ns) (grouped into LUT with out node select_ln302_36)   --->   "%xor_ln895_36 = xor i1 %and_ln888_2, i1 1"   --->   Operation 1042 'xor' 'xor_ln895_36' <Predicate = (!icmp_ln36)> <Delay = 0.00> <CoreInst = "LogicGate">   --->   Core 74 'LogicGate' <Latency = 0> <II = 1> <Delay = 0.33> <FuncUnit> <Opcode : 'and' 'or' 'xor'> <InPorts = 2> <OutPorts = 1>
ST_4 : Operation 1043 [1/1] (0.00ns) (grouped into LUT with out node select_ln302_36)   --->   "%or_ln895_2 = or i1 %tmp_57, i1 %xor_ln895_36"   --->   Operation 1043 'or' 'or_ln895_2' <Predicate = (!icmp_ln36)> <Delay = 0.00> <CoreInst = "LogicGate">   --->   Core 74 'LogicGate' <Latency = 0> <II = 1> <Delay = 0.33> <FuncUnit> <Opcode : 'and' 'or' 'xor'> <InPorts = 2> <OutPorts = 1>
ST_4 : Operation 1044 [1/1] (0.42ns) (out node of the LUT)   --->   "%select_ln302_36 = select i1 %or_ln895_2, i7 127, i7 %add_ln856_2"   --->   Operation 1044 'select' 'select_ln302_36' <Predicate = (!icmp_ln36)> <Delay = 0.42> <CoreInst = "Sel">   --->   Core 73 'Sel' <Latency = 0> <II = 1> <Delay = 0.42> <FuncUnit> <Opcode : 'select'> <InPorts = 3> <OutPorts = 1>
ST_4 : Operation 1045 [1/1] (0.00ns)   --->   "%sext_ln813_41 = sext i32 %select_ln302_39"   --->   Operation 1045 'sext' 'sext_ln813_41' <Predicate = (!icmp_ln36)> <Delay = 0.00>
ST_4 : Operation 1046 [1/1] (0.00ns)   --->   "%shl_ln1347_27 = bitconcatenate i17 @_ssdm_op_BitConcatenate.i17.i8.i9, i8 %r_V_18_load, i9 0"   --->   Operation 1046 'bitconcatenate' 'shl_ln1347_27' <Predicate = (!icmp_ln36)> <Delay = 0.00>
ST_4 : Operation 1047 [1/1] (0.00ns)   --->   "%sext_ln1347_83 = sext i17 %shl_ln1347_27"   --->   Operation 1047 'sext' 'sext_ln1347_83' <Predicate = (!icmp_ln36)> <Delay = 0.00>
ST_4 : Operation 1048 [1/1] (0.00ns)   --->   "%sext_ln1347_84 = sext i17 %shl_ln1347_27"   --->   Operation 1048 'sext' 'sext_ln1347_84' <Predicate = (!icmp_ln36)> <Delay = 0.00>
ST_4 : Operation 1049 [1/1] (1.20ns)   --->   "%add_ln1347_31 = add i33 %sext_ln813_41, i33 %sext_ln1347_83"   --->   Operation 1049 'add' 'add_ln1347_31' <Predicate = (!icmp_ln36)> <Delay = 1.20> <CoreInst = "Adder">   --->   Core 1 'Adder' <Latency = 0> <II = 1> <Delay = 1.20> <FuncUnit> <Opcode : 'add' 'sub'> <InPorts = 2> <OutPorts = 1>
ST_4 : Operation 1050 [1/1] (0.00ns)   --->   "%tmp_65 = bitselect i1 @_ssdm_op_BitSelect.i1.i33.i32, i33 %add_ln1347_31, i32 32"   --->   Operation 1050 'bitselect' 'tmp_65' <Predicate = (!icmp_ln36)> <Delay = 0.00>
ST_4 : Operation 1051 [1/1] (1.20ns)   --->   "%add_ln813_19 = add i32 %select_ln302_39, i32 %sext_ln1347_84"   --->   Operation 1051 'add' 'add_ln813_19' <Predicate = (!icmp_ln36)> <Delay = 1.20> <CoreInst = "Adder">   --->   Core 1 'Adder' <Latency = 0> <II = 1> <Delay = 1.20> <FuncUnit> <Opcode : 'add' 'sub'> <InPorts = 2> <OutPorts = 1>
ST_4 : Operation 1052 [1/1] (0.00ns)   --->   "%tmp_66 = bitselect i1 @_ssdm_op_BitSelect.i1.i32.i32, i32 %add_ln813_19, i32 31"   --->   Operation 1052 'bitselect' 'tmp_66' <Predicate = (!icmp_ln36)> <Delay = 0.00>
ST_4 : Operation 1053 [1/1] (0.00ns) (grouped into LUT with out node select_ln302_40)   --->   "%xor_ln895_40 = xor i1 %tmp_65, i1 1"   --->   Operation 1053 'xor' 'xor_ln895_40' <Predicate = (!icmp_ln36)> <Delay = 0.00> <CoreInst = "LogicGate">   --->   Core 74 'LogicGate' <Latency = 0> <II = 1> <Delay = 0.33> <FuncUnit> <Opcode : 'and' 'or' 'xor'> <InPorts = 2> <OutPorts = 1>
ST_4 : Operation 1054 [1/1] (0.00ns) (grouped into LUT with out node select_ln302_40)   --->   "%and_ln895_19 = and i1 %tmp_66, i1 %xor_ln895_40"   --->   Operation 1054 'and' 'and_ln895_19' <Predicate = (!icmp_ln36)> <Delay = 0.00> <CoreInst = "LogicGate">   --->   Core 74 'LogicGate' <Latency = 0> <II = 1> <Delay = 0.33> <FuncUnit> <Opcode : 'and' 'or' 'xor'> <InPorts = 2> <OutPorts = 1>
ST_4 : Operation 1055 [1/1] (0.00ns) (grouped into LUT with out node select_ln302_40)   --->   "%xor_ln302_35 = xor i1 %tmp_65, i1 %tmp_66"   --->   Operation 1055 'xor' 'xor_ln302_35' <Predicate = (!icmp_ln36)> <Delay = 0.00> <CoreInst = "LogicGate">   --->   Core 74 'LogicGate' <Latency = 0> <II = 1> <Delay = 0.33> <FuncUnit> <Opcode : 'and' 'or' 'xor'> <InPorts = 2> <OutPorts = 1>
ST_4 : Operation 1056 [1/1] (0.00ns) (grouped into LUT with out node select_ln302_40)   --->   "%select_ln346_35 = select i1 %and_ln895_19, i32 2147483647, i32 2147483648"   --->   Operation 1056 'select' 'select_ln346_35' <Predicate = (!icmp_ln36)> <Delay = 0.00> <CoreInst = "Sel">   --->   Core 73 'Sel' <Latency = 0> <II = 1> <Delay = 0.52> <FuncUnit> <Opcode : 'select'> <InPorts = 3> <OutPorts = 1>
ST_4 : Operation 1057 [1/1] (0.52ns) (out node of the LUT)   --->   "%select_ln302_40 = select i1 %xor_ln302_35, i32 %select_ln346_35, i32 %add_ln813_19"   --->   Operation 1057 'select' 'select_ln302_40' <Predicate = (!icmp_ln36)> <Delay = 0.52> <CoreInst = "Sel">   --->   Core 73 'Sel' <Latency = 0> <II = 1> <Delay = 0.52> <FuncUnit> <Opcode : 'select'> <InPorts = 3> <OutPorts = 1>
ST_4 : Operation 1058 [1/1] (0.00ns)   --->   "%sext_ln813_42 = sext i32 %select_ln302_40"   --->   Operation 1058 'sext' 'sext_ln813_42' <Predicate = (!icmp_ln36)> <Delay = 0.00>
ST_4 : Operation 1059 [1/1] (0.00ns)   --->   "%shl_ln1347_28 = bitconcatenate i17 @_ssdm_op_BitConcatenate.i17.i8.i9, i8 %px_V_20, i9 0"   --->   Operation 1059 'bitconcatenate' 'shl_ln1347_28' <Predicate = (!icmp_ln36)> <Delay = 0.00>
ST_4 : Operation 1060 [1/1] (0.00ns)   --->   "%sext_ln1347_85 = sext i17 %shl_ln1347_28"   --->   Operation 1060 'sext' 'sext_ln1347_85' <Predicate = (!icmp_ln36)> <Delay = 0.00>
ST_4 : Operation 1061 [1/1] (0.00ns)   --->   "%sext_ln1347_86 = sext i17 %shl_ln1347_28"   --->   Operation 1061 'sext' 'sext_ln1347_86' <Predicate = (!icmp_ln36)> <Delay = 0.00>
ST_4 : Operation 1062 [1/1] (1.20ns)   --->   "%add_ln1347_32 = add i33 %sext_ln813_42, i33 %sext_ln1347_85"   --->   Operation 1062 'add' 'add_ln1347_32' <Predicate = (!icmp_ln36)> <Delay = 1.20> <CoreInst = "Adder">   --->   Core 1 'Adder' <Latency = 0> <II = 1> <Delay = 1.20> <FuncUnit> <Opcode : 'add' 'sub'> <InPorts = 2> <OutPorts = 1>
ST_4 : Operation 1063 [1/1] (0.00ns)   --->   "%tmp_67 = bitselect i1 @_ssdm_op_BitSelect.i1.i33.i32, i33 %add_ln1347_32, i32 32"   --->   Operation 1063 'bitselect' 'tmp_67' <Predicate = (!icmp_ln36)> <Delay = 0.00>
ST_4 : Operation 1064 [1/1] (1.20ns)   --->   "%add_ln813_20 = add i32 %select_ln302_40, i32 %sext_ln1347_86"   --->   Operation 1064 'add' 'add_ln813_20' <Predicate = (!icmp_ln36)> <Delay = 1.20> <CoreInst = "Adder">   --->   Core 1 'Adder' <Latency = 0> <II = 1> <Delay = 1.20> <FuncUnit> <Opcode : 'add' 'sub'> <InPorts = 2> <OutPorts = 1>
ST_4 : Operation 1065 [1/1] (0.00ns)   --->   "%tmp_68 = bitselect i1 @_ssdm_op_BitSelect.i1.i32.i32, i32 %add_ln813_20, i32 31"   --->   Operation 1065 'bitselect' 'tmp_68' <Predicate = (!icmp_ln36)> <Delay = 0.00>
ST_4 : Operation 1066 [1/1] (0.00ns) (grouped into LUT with out node select_ln302_41)   --->   "%xor_ln895_41 = xor i1 %tmp_67, i1 1"   --->   Operation 1066 'xor' 'xor_ln895_41' <Predicate = (!icmp_ln36)> <Delay = 0.00> <CoreInst = "LogicGate">   --->   Core 74 'LogicGate' <Latency = 0> <II = 1> <Delay = 0.33> <FuncUnit> <Opcode : 'and' 'or' 'xor'> <InPorts = 2> <OutPorts = 1>
ST_4 : Operation 1067 [1/1] (0.00ns) (grouped into LUT with out node select_ln302_41)   --->   "%and_ln895_20 = and i1 %tmp_68, i1 %xor_ln895_41"   --->   Operation 1067 'and' 'and_ln895_20' <Predicate = (!icmp_ln36)> <Delay = 0.00> <CoreInst = "LogicGate">   --->   Core 74 'LogicGate' <Latency = 0> <II = 1> <Delay = 0.33> <FuncUnit> <Opcode : 'and' 'or' 'xor'> <InPorts = 2> <OutPorts = 1>
ST_4 : Operation 1068 [1/1] (0.00ns) (grouped into LUT with out node select_ln302_41)   --->   "%xor_ln302_36 = xor i1 %tmp_67, i1 %tmp_68"   --->   Operation 1068 'xor' 'xor_ln302_36' <Predicate = (!icmp_ln36)> <Delay = 0.00> <CoreInst = "LogicGate">   --->   Core 74 'LogicGate' <Latency = 0> <II = 1> <Delay = 0.33> <FuncUnit> <Opcode : 'and' 'or' 'xor'> <InPorts = 2> <OutPorts = 1>
ST_4 : Operation 1069 [1/1] (0.00ns) (grouped into LUT with out node select_ln302_41)   --->   "%select_ln346_36 = select i1 %and_ln895_20, i32 2147483647, i32 2147483648"   --->   Operation 1069 'select' 'select_ln346_36' <Predicate = (!icmp_ln36)> <Delay = 0.00> <CoreInst = "Sel">   --->   Core 73 'Sel' <Latency = 0> <II = 1> <Delay = 0.52> <FuncUnit> <Opcode : 'select'> <InPorts = 3> <OutPorts = 1>
ST_4 : Operation 1070 [1/1] (0.52ns) (out node of the LUT)   --->   "%select_ln302_41 = select i1 %xor_ln302_36, i32 %select_ln346_36, i32 %add_ln813_20"   --->   Operation 1070 'select' 'select_ln302_41' <Predicate = (!icmp_ln36)> <Delay = 0.52> <CoreInst = "Sel">   --->   Core 73 'Sel' <Latency = 0> <II = 1> <Delay = 0.52> <FuncUnit> <Opcode : 'select'> <InPorts = 3> <OutPorts = 1>
ST_4 : Operation 1071 [1/1] (0.00ns)   --->   "%sext_ln813_43 = sext i32 %select_ln302_41"   --->   Operation 1071 'sext' 'sext_ln813_43' <Predicate = (!icmp_ln36)> <Delay = 0.00>
ST_4 : Operation 1072 [1/1] (0.00ns)   --->   "%shl_ln1347_29 = bitconcatenate i16 @_ssdm_op_BitConcatenate.i16.i8.i8, i8 %val_in, i8 0"   --->   Operation 1072 'bitconcatenate' 'shl_ln1347_29' <Predicate = (!icmp_ln36)> <Delay = 0.00>
ST_4 : Operation 1073 [1/1] (0.00ns)   --->   "%sext_ln1347_87 = sext i16 %shl_ln1347_29"   --->   Operation 1073 'sext' 'sext_ln1347_87' <Predicate = (!icmp_ln36)> <Delay = 0.00>
ST_4 : Operation 1074 [1/1] (0.00ns)   --->   "%sext_ln1347_88 = sext i16 %shl_ln1347_29"   --->   Operation 1074 'sext' 'sext_ln1347_88' <Predicate = (!icmp_ln36)> <Delay = 0.00>
ST_4 : Operation 1075 [1/1] (1.20ns)   --->   "%add_ln1347_33 = add i33 %sext_ln813_43, i33 %sext_ln1347_87"   --->   Operation 1075 'add' 'add_ln1347_33' <Predicate = (!icmp_ln36)> <Delay = 1.20> <CoreInst = "Adder">   --->   Core 1 'Adder' <Latency = 0> <II = 1> <Delay = 1.20> <FuncUnit> <Opcode : 'add' 'sub'> <InPorts = 2> <OutPorts = 1>
ST_4 : Operation 1076 [1/1] (0.00ns)   --->   "%tmp_69 = bitselect i1 @_ssdm_op_BitSelect.i1.i33.i32, i33 %add_ln1347_33, i32 32"   --->   Operation 1076 'bitselect' 'tmp_69' <Predicate = (!icmp_ln36)> <Delay = 0.00>
ST_4 : Operation 1077 [1/1] (1.20ns)   --->   "%add_ln813_21 = add i32 %select_ln302_41, i32 %sext_ln1347_88"   --->   Operation 1077 'add' 'add_ln813_21' <Predicate = (!icmp_ln36)> <Delay = 1.20> <CoreInst = "Adder">   --->   Core 1 'Adder' <Latency = 0> <II = 1> <Delay = 1.20> <FuncUnit> <Opcode : 'add' 'sub'> <InPorts = 2> <OutPorts = 1>
ST_4 : Operation 1078 [1/1] (0.00ns)   --->   "%tmp_70 = bitselect i1 @_ssdm_op_BitSelect.i1.i32.i32, i32 %add_ln813_21, i32 31"   --->   Operation 1078 'bitselect' 'tmp_70' <Predicate = (!icmp_ln36)> <Delay = 0.00>
ST_4 : Operation 1079 [1/1] (0.00ns) (grouped into LUT with out node select_ln302_42)   --->   "%xor_ln895_42 = xor i1 %tmp_69, i1 1"   --->   Operation 1079 'xor' 'xor_ln895_42' <Predicate = (!icmp_ln36)> <Delay = 0.00> <CoreInst = "LogicGate">   --->   Core 74 'LogicGate' <Latency = 0> <II = 1> <Delay = 0.33> <FuncUnit> <Opcode : 'and' 'or' 'xor'> <InPorts = 2> <OutPorts = 1>
ST_4 : Operation 1080 [1/1] (0.00ns) (grouped into LUT with out node select_ln302_42)   --->   "%and_ln895_21 = and i1 %tmp_70, i1 %xor_ln895_42"   --->   Operation 1080 'and' 'and_ln895_21' <Predicate = (!icmp_ln36)> <Delay = 0.00> <CoreInst = "LogicGate">   --->   Core 74 'LogicGate' <Latency = 0> <II = 1> <Delay = 0.33> <FuncUnit> <Opcode : 'and' 'or' 'xor'> <InPorts = 2> <OutPorts = 1>
ST_4 : Operation 1081 [1/1] (0.00ns) (grouped into LUT with out node select_ln302_42)   --->   "%xor_ln302_37 = xor i1 %tmp_69, i1 %tmp_70"   --->   Operation 1081 'xor' 'xor_ln302_37' <Predicate = (!icmp_ln36)> <Delay = 0.00> <CoreInst = "LogicGate">   --->   Core 74 'LogicGate' <Latency = 0> <II = 1> <Delay = 0.33> <FuncUnit> <Opcode : 'and' 'or' 'xor'> <InPorts = 2> <OutPorts = 1>
ST_4 : Operation 1082 [1/1] (0.00ns) (grouped into LUT with out node select_ln302_42)   --->   "%select_ln346_37 = select i1 %and_ln895_21, i32 2147483647, i32 2147483648"   --->   Operation 1082 'select' 'select_ln346_37' <Predicate = (!icmp_ln36)> <Delay = 0.00> <CoreInst = "Sel">   --->   Core 73 'Sel' <Latency = 0> <II = 1> <Delay = 0.52> <FuncUnit> <Opcode : 'select'> <InPorts = 3> <OutPorts = 1>
ST_4 : Operation 1083 [1/1] (0.52ns) (out node of the LUT)   --->   "%select_ln302_42 = select i1 %xor_ln302_37, i32 %select_ln346_37, i32 %add_ln813_21"   --->   Operation 1083 'select' 'select_ln302_42' <Predicate = (!icmp_ln36)> <Delay = 0.52> <CoreInst = "Sel">   --->   Core 73 'Sel' <Latency = 0> <II = 1> <Delay = 0.52> <FuncUnit> <Opcode : 'select'> <InPorts = 3> <OutPorts = 1>
ST_4 : Operation 1084 [1/1] (0.00ns)   --->   "%trunc_ln1650_3 = trunc i32 %select_ln302_42"   --->   Operation 1084 'trunc' 'trunc_ln1650_3' <Predicate = (!icmp_ln36)> <Delay = 0.00>
ST_4 : Operation 1085 [1/1] (0.00ns)   --->   "%tmp_71 = bitselect i1 @_ssdm_op_BitSelect.i1.i32.i32, i32 %select_ln302_42, i32 31"   --->   Operation 1085 'bitselect' 'tmp_71' <Predicate = (!icmp_ln36)> <Delay = 0.00>
ST_4 : Operation 1086 [1/1] (0.49ns)   --->   "%select_ln82_3 = select i1 %tmp_71, i31 0, i31 %trunc_ln1650_3" [vgg_accelerator.cpp:82]   --->   Operation 1086 'select' 'select_ln82_3' <Predicate = (!icmp_ln36)> <Delay = 0.49> <CoreInst = "Sel">   --->   Core 73 'Sel' <Latency = 0> <II = 1> <Delay = 0.49> <FuncUnit> <Opcode : 'select'> <InPorts = 3> <OutPorts = 1>
ST_4 : Operation 1087 [1/1] (0.00ns)   --->   "%trunc_ln818_3 = partselect i8 @_ssdm_op_PartSelect.i8.i31.i32.i32, i31 %select_ln82_3, i32 12, i32 19"   --->   Operation 1087 'partselect' 'trunc_ln818_3' <Predicate = (!icmp_ln36)> <Delay = 0.00>
ST_4 : Operation 1088 [1/1] (0.00ns)   --->   "%tmp_72 = bitselect i1 @_ssdm_op_BitSelect.i1.i31.i32, i31 %select_ln82_3, i32 11"   --->   Operation 1088 'bitselect' 'tmp_72' <Predicate = (!icmp_ln36)> <Delay = 0.00>
ST_4 : Operation 1089 [1/1] (0.00ns)   --->   "%zext_ln377_8 = zext i1 %tmp_72"   --->   Operation 1089 'zext' 'zext_ln377_8' <Predicate = (!icmp_ln36)> <Delay = 0.00>
ST_4 : Operation 1090 [1/1] (0.00ns)   --->   "%trunc_ln377_3 = partselect i7 @_ssdm_op_PartSelect.i7.i31.i32.i32, i31 %select_ln82_3, i32 12, i32 18"   --->   Operation 1090 'partselect' 'trunc_ln377_3' <Predicate = (!icmp_ln36)> <Delay = 0.00>
ST_4 : Operation 1091 [1/1] (0.00ns)   --->   "%zext_ln377_9 = zext i1 %tmp_72"   --->   Operation 1091 'zext' 'zext_ln377_9' <Predicate = (!icmp_ln36)> <Delay = 0.00>
ST_4 : Operation 1092 [1/1] (0.90ns)   --->   "%add_ln377_3 = add i8 %trunc_ln818_3, i8 %zext_ln377_8"   --->   Operation 1092 'add' 'add_ln377_3' <Predicate = (!icmp_ln36)> <Delay = 0.90> <CoreInst = "Adder">   --->   Core 1 'Adder' <Latency = 0> <II = 1> <Delay = 0.90> <FuncUnit> <Opcode : 'add' 'sub'> <InPorts = 2> <OutPorts = 1>
ST_4 : Operation 1093 [1/1] (0.89ns)   --->   "%add_ln856_3 = add i7 %trunc_ln377_3, i7 %zext_ln377_9"   --->   Operation 1093 'add' 'add_ln856_3' <Predicate = (!icmp_ln36)> <Delay = 0.89> <CoreInst = "Adder">   --->   Core 1 'Adder' <Latency = 0> <II = 1> <Delay = 0.89> <FuncUnit> <Opcode : 'add' 'sub'> <InPorts = 2> <OutPorts = 1>
ST_4 : Operation 1094 [1/1] (0.00ns)   --->   "%tmp_73 = bitselect i1 @_ssdm_op_BitSelect.i1.i8.i32, i8 %add_ln377_3, i32 7"   --->   Operation 1094 'bitselect' 'tmp_73' <Predicate = (!icmp_ln36)> <Delay = 0.00>
ST_4 : Operation 1095 [1/1] (0.00ns)   --->   "%tmp_5 = partselect i11 @_ssdm_op_PartSelect.i11.i31.i32.i32, i31 %select_ln82_3, i32 20, i32 30"   --->   Operation 1095 'partselect' 'tmp_5' <Predicate = (!icmp_ln36)> <Delay = 0.00>
ST_4 : Operation 1096 [1/1] (0.85ns)   --->   "%icmp_ln878_3 = icmp_eq  i11 %tmp_5, i11 0"   --->   Operation 1096 'icmp' 'icmp_ln878_3' <Predicate = (!icmp_ln36)> <Delay = 0.85> <CoreInst = "Cmp">   --->   Core 9 'Cmp' <Latency = 0> <II = 1> <Delay = 0.85> <FuncUnit> <Opcode : 'icmp'> <InPorts = 2> <OutPorts = 1>
ST_4 : Operation 1097 [1/1] (0.00ns) (grouped into LUT with out node select_ln302_43)   --->   "%tmp_74 = bitselect i1 @_ssdm_op_BitSelect.i1.i31.i32, i31 %select_ln82_3, i32 19"   --->   Operation 1097 'bitselect' 'tmp_74' <Predicate = (!icmp_ln36)> <Delay = 0.00>
ST_4 : Operation 1098 [1/1] (0.00ns) (grouped into LUT with out node select_ln302_43)   --->   "%xor_ln888_3 = xor i1 %tmp_74, i1 1"   --->   Operation 1098 'xor' 'xor_ln888_3' <Predicate = (!icmp_ln36)> <Delay = 0.00> <CoreInst = "LogicGate">   --->   Core 74 'LogicGate' <Latency = 0> <II = 1> <Delay = 0.33> <FuncUnit> <Opcode : 'and' 'or' 'xor'> <InPorts = 2> <OutPorts = 1>
ST_4 : Operation 1099 [1/1] (0.00ns) (grouped into LUT with out node select_ln302_43)   --->   "%or_ln888_3 = or i1 %tmp_73, i1 %xor_ln888_3"   --->   Operation 1099 'or' 'or_ln888_3' <Predicate = (!icmp_ln36)> <Delay = 0.00> <CoreInst = "LogicGate">   --->   Core 74 'LogicGate' <Latency = 0> <II = 1> <Delay = 0.33> <FuncUnit> <Opcode : 'and' 'or' 'xor'> <InPorts = 2> <OutPorts = 1>
ST_4 : Operation 1100 [1/1] (0.00ns) (grouped into LUT with out node select_ln302_43)   --->   "%and_ln888_3 = and i1 %icmp_ln878_3, i1 %or_ln888_3"   --->   Operation 1100 'and' 'and_ln888_3' <Predicate = (!icmp_ln36)> <Delay = 0.00> <CoreInst = "LogicGate">   --->   Core 74 'LogicGate' <Latency = 0> <II = 1> <Delay = 0.33> <FuncUnit> <Opcode : 'and' 'or' 'xor'> <InPorts = 2> <OutPorts = 1>
ST_4 : Operation 1101 [1/1] (0.00ns) (grouped into LUT with out node select_ln302_43)   --->   "%xor_ln895_43 = xor i1 %and_ln888_3, i1 1"   --->   Operation 1101 'xor' 'xor_ln895_43' <Predicate = (!icmp_ln36)> <Delay = 0.00> <CoreInst = "LogicGate">   --->   Core 74 'LogicGate' <Latency = 0> <II = 1> <Delay = 0.33> <FuncUnit> <Opcode : 'and' 'or' 'xor'> <InPorts = 2> <OutPorts = 1>
ST_4 : Operation 1102 [1/1] (0.00ns) (grouped into LUT with out node select_ln302_43)   --->   "%or_ln895_3 = or i1 %tmp_73, i1 %xor_ln895_43"   --->   Operation 1102 'or' 'or_ln895_3' <Predicate = (!icmp_ln36)> <Delay = 0.00> <CoreInst = "LogicGate">   --->   Core 74 'LogicGate' <Latency = 0> <II = 1> <Delay = 0.33> <FuncUnit> <Opcode : 'and' 'or' 'xor'> <InPorts = 2> <OutPorts = 1>
ST_4 : Operation 1103 [1/1] (0.42ns) (out node of the LUT)   --->   "%select_ln302_43 = select i1 %or_ln895_3, i7 127, i7 %add_ln856_3"   --->   Operation 1103 'select' 'select_ln302_43' <Predicate = (!icmp_ln36)> <Delay = 0.42> <CoreInst = "Sel">   --->   Core 73 'Sel' <Latency = 0> <II = 1> <Delay = 0.42> <FuncUnit> <Opcode : 'select'> <InPorts = 3> <OutPorts = 1>
ST_4 : Operation 1104 [1/1] (0.00ns)   --->   "%sext_ln813_47 = sext i32 %select_ln302_46"   --->   Operation 1104 'sext' 'sext_ln813_47' <Predicate = (!icmp_ln36)> <Delay = 0.00>
ST_4 : Operation 1105 [1/1] (1.20ns)   --->   "%add_ln1347_40 = add i33 %sext_ln813_47, i33 %sext_ln1347_59"   --->   Operation 1105 'add' 'add_ln1347_40' <Predicate = (!icmp_ln36)> <Delay = 1.20> <CoreInst = "Adder">   --->   Core 1 'Adder' <Latency = 0> <II = 1> <Delay = 1.20> <FuncUnit> <Opcode : 'add' 'sub'> <InPorts = 2> <OutPorts = 1>
ST_4 : Operation 1106 [1/1] (0.00ns)   --->   "%tmp_81 = bitselect i1 @_ssdm_op_BitSelect.i1.i33.i32, i33 %add_ln1347_40, i32 32"   --->   Operation 1106 'bitselect' 'tmp_81' <Predicate = (!icmp_ln36)> <Delay = 0.00>
ST_4 : Operation 1107 [1/1] (1.20ns)   --->   "%add_ln813_25 = add i32 %select_ln302_46, i32 %sext_ln1347_60"   --->   Operation 1107 'add' 'add_ln813_25' <Predicate = (!icmp_ln36)> <Delay = 1.20> <CoreInst = "Adder">   --->   Core 1 'Adder' <Latency = 0> <II = 1> <Delay = 1.20> <FuncUnit> <Opcode : 'add' 'sub'> <InPorts = 2> <OutPorts = 1>
ST_4 : Operation 1108 [1/1] (0.00ns)   --->   "%tmp_82 = bitselect i1 @_ssdm_op_BitSelect.i1.i32.i32, i32 %add_ln813_25, i32 31"   --->   Operation 1108 'bitselect' 'tmp_82' <Predicate = (!icmp_ln36)> <Delay = 0.00>
ST_4 : Operation 1109 [1/1] (0.00ns) (grouped into LUT with out node select_ln302_47)   --->   "%xor_ln895_47 = xor i1 %tmp_81, i1 1"   --->   Operation 1109 'xor' 'xor_ln895_47' <Predicate = (!icmp_ln36)> <Delay = 0.00> <CoreInst = "LogicGate">   --->   Core 74 'LogicGate' <Latency = 0> <II = 1> <Delay = 0.33> <FuncUnit> <Opcode : 'and' 'or' 'xor'> <InPorts = 2> <OutPorts = 1>
ST_4 : Operation 1110 [1/1] (0.00ns) (grouped into LUT with out node select_ln302_47)   --->   "%and_ln895_25 = and i1 %tmp_82, i1 %xor_ln895_47"   --->   Operation 1110 'and' 'and_ln895_25' <Predicate = (!icmp_ln36)> <Delay = 0.00> <CoreInst = "LogicGate">   --->   Core 74 'LogicGate' <Latency = 0> <II = 1> <Delay = 0.33> <FuncUnit> <Opcode : 'and' 'or' 'xor'> <InPorts = 2> <OutPorts = 1>
ST_4 : Operation 1111 [1/1] (0.00ns) (grouped into LUT with out node select_ln302_47)   --->   "%xor_ln302_41 = xor i1 %tmp_81, i1 %tmp_82"   --->   Operation 1111 'xor' 'xor_ln302_41' <Predicate = (!icmp_ln36)> <Delay = 0.00> <CoreInst = "LogicGate">   --->   Core 74 'LogicGate' <Latency = 0> <II = 1> <Delay = 0.33> <FuncUnit> <Opcode : 'and' 'or' 'xor'> <InPorts = 2> <OutPorts = 1>
ST_4 : Operation 1112 [1/1] (0.00ns) (grouped into LUT with out node select_ln302_47)   --->   "%select_ln346_41 = select i1 %and_ln895_25, i32 2147483647, i32 2147483648"   --->   Operation 1112 'select' 'select_ln346_41' <Predicate = (!icmp_ln36)> <Delay = 0.00> <CoreInst = "Sel">   --->   Core 73 'Sel' <Latency = 0> <II = 1> <Delay = 0.52> <FuncUnit> <Opcode : 'select'> <InPorts = 3> <OutPorts = 1>
ST_4 : Operation 1113 [1/1] (0.52ns) (out node of the LUT)   --->   "%select_ln302_47 = select i1 %xor_ln302_41, i32 %select_ln346_41, i32 %add_ln813_25"   --->   Operation 1113 'select' 'select_ln302_47' <Predicate = (!icmp_ln36)> <Delay = 0.52> <CoreInst = "Sel">   --->   Core 73 'Sel' <Latency = 0> <II = 1> <Delay = 0.52> <FuncUnit> <Opcode : 'select'> <InPorts = 3> <OutPorts = 1>
ST_4 : Operation 1114 [1/1] (0.00ns)   --->   "%sext_ln813_48 = sext i32 %select_ln302_47"   --->   Operation 1114 'sext' 'sext_ln813_48' <Predicate = (!icmp_ln36)> <Delay = 0.00>
ST_4 : Operation 1115 [1/1] (1.20ns)   --->   "%add_ln1347_41 = add i33 %sext_ln813_48, i33 %sext_ln1347_71"   --->   Operation 1115 'add' 'add_ln1347_41' <Predicate = (!icmp_ln36)> <Delay = 1.20> <CoreInst = "Adder">   --->   Core 1 'Adder' <Latency = 0> <II = 1> <Delay = 1.20> <FuncUnit> <Opcode : 'add' 'sub'> <InPorts = 2> <OutPorts = 1>
ST_4 : Operation 1116 [1/1] (0.00ns)   --->   "%tmp_83 = bitselect i1 @_ssdm_op_BitSelect.i1.i33.i32, i33 %add_ln1347_41, i32 32"   --->   Operation 1116 'bitselect' 'tmp_83' <Predicate = (!icmp_ln36)> <Delay = 0.00>
ST_4 : Operation 1117 [1/1] (1.20ns)   --->   "%add_ln813_26 = add i32 %select_ln302_47, i32 %sext_ln1347_72"   --->   Operation 1117 'add' 'add_ln813_26' <Predicate = (!icmp_ln36)> <Delay = 1.20> <CoreInst = "Adder">   --->   Core 1 'Adder' <Latency = 0> <II = 1> <Delay = 1.20> <FuncUnit> <Opcode : 'add' 'sub'> <InPorts = 2> <OutPorts = 1>
ST_4 : Operation 1118 [1/1] (0.00ns)   --->   "%tmp_84 = bitselect i1 @_ssdm_op_BitSelect.i1.i32.i32, i32 %add_ln813_26, i32 31"   --->   Operation 1118 'bitselect' 'tmp_84' <Predicate = (!icmp_ln36)> <Delay = 0.00>
ST_4 : Operation 1119 [1/1] (0.00ns) (grouped into LUT with out node select_ln302_48)   --->   "%xor_ln895_48 = xor i1 %tmp_83, i1 1"   --->   Operation 1119 'xor' 'xor_ln895_48' <Predicate = (!icmp_ln36)> <Delay = 0.00> <CoreInst = "LogicGate">   --->   Core 74 'LogicGate' <Latency = 0> <II = 1> <Delay = 0.33> <FuncUnit> <Opcode : 'and' 'or' 'xor'> <InPorts = 2> <OutPorts = 1>
ST_4 : Operation 1120 [1/1] (0.00ns) (grouped into LUT with out node select_ln302_48)   --->   "%and_ln895_26 = and i1 %tmp_84, i1 %xor_ln895_48"   --->   Operation 1120 'and' 'and_ln895_26' <Predicate = (!icmp_ln36)> <Delay = 0.00> <CoreInst = "LogicGate">   --->   Core 74 'LogicGate' <Latency = 0> <II = 1> <Delay = 0.33> <FuncUnit> <Opcode : 'and' 'or' 'xor'> <InPorts = 2> <OutPorts = 1>
ST_4 : Operation 1121 [1/1] (0.00ns) (grouped into LUT with out node select_ln302_48)   --->   "%xor_ln302_42 = xor i1 %tmp_83, i1 %tmp_84"   --->   Operation 1121 'xor' 'xor_ln302_42' <Predicate = (!icmp_ln36)> <Delay = 0.00> <CoreInst = "LogicGate">   --->   Core 74 'LogicGate' <Latency = 0> <II = 1> <Delay = 0.33> <FuncUnit> <Opcode : 'and' 'or' 'xor'> <InPorts = 2> <OutPorts = 1>
ST_4 : Operation 1122 [1/1] (0.00ns) (grouped into LUT with out node select_ln302_48)   --->   "%select_ln346_42 = select i1 %and_ln895_26, i32 2147483647, i32 2147483648"   --->   Operation 1122 'select' 'select_ln346_42' <Predicate = (!icmp_ln36)> <Delay = 0.00> <CoreInst = "Sel">   --->   Core 73 'Sel' <Latency = 0> <II = 1> <Delay = 0.52> <FuncUnit> <Opcode : 'select'> <InPorts = 3> <OutPorts = 1>
ST_4 : Operation 1123 [1/1] (0.52ns) (out node of the LUT)   --->   "%select_ln302_48 = select i1 %xor_ln302_42, i32 %select_ln346_42, i32 %add_ln813_26"   --->   Operation 1123 'select' 'select_ln302_48' <Predicate = (!icmp_ln36)> <Delay = 0.52> <CoreInst = "Sel">   --->   Core 73 'Sel' <Latency = 0> <II = 1> <Delay = 0.52> <FuncUnit> <Opcode : 'select'> <InPorts = 3> <OutPorts = 1>
ST_4 : Operation 1124 [1/1] (0.00ns)   --->   "%trunc_ln1650_4 = trunc i32 %select_ln302_48"   --->   Operation 1124 'trunc' 'trunc_ln1650_4' <Predicate = (!icmp_ln36)> <Delay = 0.00>
ST_4 : Operation 1125 [1/1] (0.00ns)   --->   "%tmp_85 = bitselect i1 @_ssdm_op_BitSelect.i1.i32.i32, i32 %select_ln302_48, i32 31"   --->   Operation 1125 'bitselect' 'tmp_85' <Predicate = (!icmp_ln36)> <Delay = 0.00>
ST_4 : Operation 1126 [1/1] (0.49ns)   --->   "%select_ln82_4 = select i1 %tmp_85, i31 0, i31 %trunc_ln1650_4" [vgg_accelerator.cpp:82]   --->   Operation 1126 'select' 'select_ln82_4' <Predicate = (!icmp_ln36)> <Delay = 0.49> <CoreInst = "Sel">   --->   Core 73 'Sel' <Latency = 0> <II = 1> <Delay = 0.49> <FuncUnit> <Opcode : 'select'> <InPorts = 3> <OutPorts = 1>
ST_4 : Operation 1127 [1/1] (0.00ns)   --->   "%trunc_ln818_4 = partselect i8 @_ssdm_op_PartSelect.i8.i31.i32.i32, i31 %select_ln82_4, i32 12, i32 19"   --->   Operation 1127 'partselect' 'trunc_ln818_4' <Predicate = (!icmp_ln36)> <Delay = 0.00>
ST_4 : Operation 1128 [1/1] (0.00ns)   --->   "%tmp_86 = bitselect i1 @_ssdm_op_BitSelect.i1.i31.i32, i31 %select_ln82_4, i32 11"   --->   Operation 1128 'bitselect' 'tmp_86' <Predicate = (!icmp_ln36)> <Delay = 0.00>
ST_4 : Operation 1129 [1/1] (0.00ns)   --->   "%zext_ln377_10 = zext i1 %tmp_86"   --->   Operation 1129 'zext' 'zext_ln377_10' <Predicate = (!icmp_ln36)> <Delay = 0.00>
ST_4 : Operation 1130 [1/1] (0.00ns)   --->   "%trunc_ln377_6 = partselect i7 @_ssdm_op_PartSelect.i7.i31.i32.i32, i31 %select_ln82_4, i32 12, i32 18"   --->   Operation 1130 'partselect' 'trunc_ln377_6' <Predicate = (!icmp_ln36)> <Delay = 0.00>
ST_4 : Operation 1131 [1/1] (0.00ns)   --->   "%zext_ln377_11 = zext i1 %tmp_86"   --->   Operation 1131 'zext' 'zext_ln377_11' <Predicate = (!icmp_ln36)> <Delay = 0.00>
ST_4 : Operation 1132 [1/1] (0.90ns)   --->   "%add_ln377_4 = add i8 %trunc_ln818_4, i8 %zext_ln377_10"   --->   Operation 1132 'add' 'add_ln377_4' <Predicate = (!icmp_ln36)> <Delay = 0.90> <CoreInst = "Adder">   --->   Core 1 'Adder' <Latency = 0> <II = 1> <Delay = 0.90> <FuncUnit> <Opcode : 'add' 'sub'> <InPorts = 2> <OutPorts = 1>
ST_4 : Operation 1133 [1/1] (0.89ns)   --->   "%add_ln856_4 = add i7 %trunc_ln377_6, i7 %zext_ln377_11"   --->   Operation 1133 'add' 'add_ln856_4' <Predicate = (!icmp_ln36)> <Delay = 0.89> <CoreInst = "Adder">   --->   Core 1 'Adder' <Latency = 0> <II = 1> <Delay = 0.89> <FuncUnit> <Opcode : 'add' 'sub'> <InPorts = 2> <OutPorts = 1>
ST_4 : Operation 1134 [1/1] (0.00ns)   --->   "%tmp_87 = bitselect i1 @_ssdm_op_BitSelect.i1.i8.i32, i8 %add_ln377_4, i32 7"   --->   Operation 1134 'bitselect' 'tmp_87' <Predicate = (!icmp_ln36)> <Delay = 0.00>
ST_4 : Operation 1135 [1/1] (0.00ns)   --->   "%tmp_6 = partselect i11 @_ssdm_op_PartSelect.i11.i31.i32.i32, i31 %select_ln82_4, i32 20, i32 30"   --->   Operation 1135 'partselect' 'tmp_6' <Predicate = (!icmp_ln36)> <Delay = 0.00>
ST_4 : Operation 1136 [1/1] (0.85ns)   --->   "%icmp_ln878_4 = icmp_eq  i11 %tmp_6, i11 0"   --->   Operation 1136 'icmp' 'icmp_ln878_4' <Predicate = (!icmp_ln36)> <Delay = 0.85> <CoreInst = "Cmp">   --->   Core 9 'Cmp' <Latency = 0> <II = 1> <Delay = 0.85> <FuncUnit> <Opcode : 'icmp'> <InPorts = 2> <OutPorts = 1>
ST_4 : Operation 1137 [1/1] (0.00ns) (grouped into LUT with out node select_ln302_49)   --->   "%tmp_88 = bitselect i1 @_ssdm_op_BitSelect.i1.i31.i32, i31 %select_ln82_4, i32 19"   --->   Operation 1137 'bitselect' 'tmp_88' <Predicate = (!icmp_ln36)> <Delay = 0.00>
ST_4 : Operation 1138 [1/1] (0.00ns) (grouped into LUT with out node select_ln302_49)   --->   "%xor_ln888_4 = xor i1 %tmp_88, i1 1"   --->   Operation 1138 'xor' 'xor_ln888_4' <Predicate = (!icmp_ln36)> <Delay = 0.00> <CoreInst = "LogicGate">   --->   Core 74 'LogicGate' <Latency = 0> <II = 1> <Delay = 0.33> <FuncUnit> <Opcode : 'and' 'or' 'xor'> <InPorts = 2> <OutPorts = 1>
ST_4 : Operation 1139 [1/1] (0.00ns) (grouped into LUT with out node select_ln302_49)   --->   "%or_ln888_4 = or i1 %tmp_87, i1 %xor_ln888_4"   --->   Operation 1139 'or' 'or_ln888_4' <Predicate = (!icmp_ln36)> <Delay = 0.00> <CoreInst = "LogicGate">   --->   Core 74 'LogicGate' <Latency = 0> <II = 1> <Delay = 0.33> <FuncUnit> <Opcode : 'and' 'or' 'xor'> <InPorts = 2> <OutPorts = 1>
ST_4 : Operation 1140 [1/1] (0.00ns) (grouped into LUT with out node select_ln302_49)   --->   "%and_ln888_4 = and i1 %icmp_ln878_4, i1 %or_ln888_4"   --->   Operation 1140 'and' 'and_ln888_4' <Predicate = (!icmp_ln36)> <Delay = 0.00> <CoreInst = "LogicGate">   --->   Core 74 'LogicGate' <Latency = 0> <II = 1> <Delay = 0.33> <FuncUnit> <Opcode : 'and' 'or' 'xor'> <InPorts = 2> <OutPorts = 1>
ST_4 : Operation 1141 [1/1] (0.00ns) (grouped into LUT with out node select_ln302_49)   --->   "%xor_ln895_49 = xor i1 %and_ln888_4, i1 1"   --->   Operation 1141 'xor' 'xor_ln895_49' <Predicate = (!icmp_ln36)> <Delay = 0.00> <CoreInst = "LogicGate">   --->   Core 74 'LogicGate' <Latency = 0> <II = 1> <Delay = 0.33> <FuncUnit> <Opcode : 'and' 'or' 'xor'> <InPorts = 2> <OutPorts = 1>
ST_4 : Operation 1142 [1/1] (0.00ns) (grouped into LUT with out node select_ln302_49)   --->   "%or_ln895_4 = or i1 %tmp_87, i1 %xor_ln895_49"   --->   Operation 1142 'or' 'or_ln895_4' <Predicate = (!icmp_ln36)> <Delay = 0.00> <CoreInst = "LogicGate">   --->   Core 74 'LogicGate' <Latency = 0> <II = 1> <Delay = 0.33> <FuncUnit> <Opcode : 'and' 'or' 'xor'> <InPorts = 2> <OutPorts = 1>
ST_4 : Operation 1143 [1/1] (0.42ns) (out node of the LUT)   --->   "%select_ln302_49 = select i1 %or_ln895_4, i7 127, i7 %add_ln856_4"   --->   Operation 1143 'select' 'select_ln302_49' <Predicate = (!icmp_ln36)> <Delay = 0.42> <CoreInst = "Sel">   --->   Core 73 'Sel' <Latency = 0> <II = 1> <Delay = 0.42> <FuncUnit> <Opcode : 'select'> <InPorts = 3> <OutPorts = 1>
ST_4 : Operation 1144 [1/1] (0.00ns)   --->   "%sext_ln813_52 = sext i32 %select_ln302_52"   --->   Operation 1144 'sext' 'sext_ln813_52' <Predicate = (!icmp_ln36)> <Delay = 0.00>
ST_4 : Operation 1145 [1/1] (0.00ns)   --->   "%shl_ln1347_39 = bitconcatenate i20 @_ssdm_op_BitConcatenate.i20.i12.i8, i12 %sub_ln1273_26, i8 0"   --->   Operation 1145 'bitconcatenate' 'shl_ln1347_39' <Predicate = (!icmp_ln36)> <Delay = 0.00>
ST_4 : Operation 1146 [1/1] (0.00ns)   --->   "%sext_ln1347_105 = sext i20 %shl_ln1347_39"   --->   Operation 1146 'sext' 'sext_ln1347_105' <Predicate = (!icmp_ln36)> <Delay = 0.00>
ST_4 : Operation 1147 [1/1] (0.00ns)   --->   "%sext_ln1347_106 = sext i20 %shl_ln1347_39"   --->   Operation 1147 'sext' 'sext_ln1347_106' <Predicate = (!icmp_ln36)> <Delay = 0.00>
ST_4 : Operation 1148 [1/1] (1.20ns)   --->   "%add_ln1347_48 = add i33 %sext_ln813_52, i33 %sext_ln1347_105"   --->   Operation 1148 'add' 'add_ln1347_48' <Predicate = (!icmp_ln36)> <Delay = 1.20> <CoreInst = "Adder">   --->   Core 1 'Adder' <Latency = 0> <II = 1> <Delay = 1.20> <FuncUnit> <Opcode : 'add' 'sub'> <InPorts = 2> <OutPorts = 1>
ST_4 : Operation 1149 [1/1] (0.00ns)   --->   "%tmp_95 = bitselect i1 @_ssdm_op_BitSelect.i1.i33.i32, i33 %add_ln1347_48, i32 32"   --->   Operation 1149 'bitselect' 'tmp_95' <Predicate = (!icmp_ln36)> <Delay = 0.00>
ST_4 : Operation 1150 [1/1] (1.20ns)   --->   "%add_ln813_30 = add i32 %select_ln302_52, i32 %sext_ln1347_106"   --->   Operation 1150 'add' 'add_ln813_30' <Predicate = (!icmp_ln36)> <Delay = 1.20> <CoreInst = "Adder">   --->   Core 1 'Adder' <Latency = 0> <II = 1> <Delay = 1.20> <FuncUnit> <Opcode : 'add' 'sub'> <InPorts = 2> <OutPorts = 1>
ST_4 : Operation 1151 [1/1] (0.00ns)   --->   "%tmp_96 = bitselect i1 @_ssdm_op_BitSelect.i1.i32.i32, i32 %add_ln813_30, i32 31"   --->   Operation 1151 'bitselect' 'tmp_96' <Predicate = (!icmp_ln36)> <Delay = 0.00>
ST_4 : Operation 1152 [1/1] (0.00ns) (grouped into LUT with out node select_ln302_53)   --->   "%xor_ln895_53 = xor i1 %tmp_95, i1 1"   --->   Operation 1152 'xor' 'xor_ln895_53' <Predicate = (!icmp_ln36)> <Delay = 0.00> <CoreInst = "LogicGate">   --->   Core 74 'LogicGate' <Latency = 0> <II = 1> <Delay = 0.33> <FuncUnit> <Opcode : 'and' 'or' 'xor'> <InPorts = 2> <OutPorts = 1>
ST_4 : Operation 1153 [1/1] (0.00ns) (grouped into LUT with out node select_ln302_53)   --->   "%and_ln895_30 = and i1 %tmp_96, i1 %xor_ln895_53"   --->   Operation 1153 'and' 'and_ln895_30' <Predicate = (!icmp_ln36)> <Delay = 0.00> <CoreInst = "LogicGate">   --->   Core 74 'LogicGate' <Latency = 0> <II = 1> <Delay = 0.33> <FuncUnit> <Opcode : 'and' 'or' 'xor'> <InPorts = 2> <OutPorts = 1>
ST_4 : Operation 1154 [1/1] (0.00ns) (grouped into LUT with out node select_ln302_53)   --->   "%xor_ln302_46 = xor i1 %tmp_95, i1 %tmp_96"   --->   Operation 1154 'xor' 'xor_ln302_46' <Predicate = (!icmp_ln36)> <Delay = 0.00> <CoreInst = "LogicGate">   --->   Core 74 'LogicGate' <Latency = 0> <II = 1> <Delay = 0.33> <FuncUnit> <Opcode : 'and' 'or' 'xor'> <InPorts = 2> <OutPorts = 1>
ST_4 : Operation 1155 [1/1] (0.00ns) (grouped into LUT with out node select_ln302_53)   --->   "%select_ln346_46 = select i1 %and_ln895_30, i32 2147483647, i32 2147483648"   --->   Operation 1155 'select' 'select_ln346_46' <Predicate = (!icmp_ln36)> <Delay = 0.00> <CoreInst = "Sel">   --->   Core 73 'Sel' <Latency = 0> <II = 1> <Delay = 0.52> <FuncUnit> <Opcode : 'select'> <InPorts = 3> <OutPorts = 1>
ST_4 : Operation 1156 [1/1] (0.52ns) (out node of the LUT)   --->   "%select_ln302_53 = select i1 %xor_ln302_46, i32 %select_ln346_46, i32 %add_ln813_30"   --->   Operation 1156 'select' 'select_ln302_53' <Predicate = (!icmp_ln36)> <Delay = 0.52> <CoreInst = "Sel">   --->   Core 73 'Sel' <Latency = 0> <II = 1> <Delay = 0.52> <FuncUnit> <Opcode : 'select'> <InPorts = 3> <OutPorts = 1>
ST_4 : Operation 1157 [1/1] (0.00ns)   --->   "%shl_ln1273_20 = bitconcatenate i10 @_ssdm_op_BitConcatenate.i10.i8.i2, i8 %px_V_20, i2 0"   --->   Operation 1157 'bitconcatenate' 'shl_ln1273_20' <Predicate = (!icmp_ln36)> <Delay = 0.00>
ST_4 : Operation 1158 [1/1] (0.00ns)   --->   "%sext_ln1273_23 = sext i10 %shl_ln1273_20"   --->   Operation 1158 'sext' 'sext_ln1273_23' <Predicate = (!icmp_ln36)> <Delay = 0.00>
ST_4 : Operation 1159 [1/1] (0.93ns)   --->   "%add_ln1273_3 = add i11 %sext_ln1273_23, i11 %px_V_23_cast_i"   --->   Operation 1159 'add' 'add_ln1273_3' <Predicate = (!icmp_ln36)> <Delay = 0.93> <CoreInst = "Adder">   --->   Core 1 'Adder' <Latency = 0> <II = 1> <Delay = 0.93> <FuncUnit> <Opcode : 'add' 'sub'> <InPorts = 2> <OutPorts = 1>
ST_4 : Operation 1160 [1/1] (0.00ns)   --->   "%sext_ln813_53 = sext i32 %select_ln302_53"   --->   Operation 1160 'sext' 'sext_ln813_53' <Predicate = (!icmp_ln36)> <Delay = 0.00>
ST_4 : Operation 1161 [1/1] (0.00ns)   --->   "%shl_ln1347_40 = bitconcatenate i19 @_ssdm_op_BitConcatenate.i19.i11.i8, i11 %add_ln1273_3, i8 0"   --->   Operation 1161 'bitconcatenate' 'shl_ln1347_40' <Predicate = (!icmp_ln36)> <Delay = 0.00>
ST_4 : Operation 1162 [1/1] (0.00ns)   --->   "%sext_ln1347_107 = sext i19 %shl_ln1347_40"   --->   Operation 1162 'sext' 'sext_ln1347_107' <Predicate = (!icmp_ln36)> <Delay = 0.00>
ST_4 : Operation 1163 [1/1] (0.00ns)   --->   "%sext_ln1347_108 = sext i19 %shl_ln1347_40"   --->   Operation 1163 'sext' 'sext_ln1347_108' <Predicate = (!icmp_ln36)> <Delay = 0.00>
ST_4 : Operation 1164 [1/1] (1.20ns)   --->   "%add_ln1347_49 = add i33 %sext_ln813_53, i33 %sext_ln1347_107"   --->   Operation 1164 'add' 'add_ln1347_49' <Predicate = (!icmp_ln36)> <Delay = 1.20> <CoreInst = "Adder">   --->   Core 1 'Adder' <Latency = 0> <II = 1> <Delay = 1.20> <FuncUnit> <Opcode : 'add' 'sub'> <InPorts = 2> <OutPorts = 1>
ST_4 : Operation 1165 [1/1] (0.00ns)   --->   "%tmp_97 = bitselect i1 @_ssdm_op_BitSelect.i1.i33.i32, i33 %add_ln1347_49, i32 32"   --->   Operation 1165 'bitselect' 'tmp_97' <Predicate = (!icmp_ln36)> <Delay = 0.00>
ST_4 : Operation 1166 [1/1] (1.20ns)   --->   "%add_ln813_31 = add i32 %select_ln302_53, i32 %sext_ln1347_108"   --->   Operation 1166 'add' 'add_ln813_31' <Predicate = (!icmp_ln36)> <Delay = 1.20> <CoreInst = "Adder">   --->   Core 1 'Adder' <Latency = 0> <II = 1> <Delay = 1.20> <FuncUnit> <Opcode : 'add' 'sub'> <InPorts = 2> <OutPorts = 1>
ST_4 : Operation 1167 [1/1] (0.00ns)   --->   "%tmp_98 = bitselect i1 @_ssdm_op_BitSelect.i1.i32.i32, i32 %add_ln813_31, i32 31"   --->   Operation 1167 'bitselect' 'tmp_98' <Predicate = (!icmp_ln36)> <Delay = 0.00>
ST_4 : Operation 1168 [1/1] (0.00ns) (grouped into LUT with out node select_ln302_54)   --->   "%xor_ln895_54 = xor i1 %tmp_97, i1 1"   --->   Operation 1168 'xor' 'xor_ln895_54' <Predicate = (!icmp_ln36)> <Delay = 0.00> <CoreInst = "LogicGate">   --->   Core 74 'LogicGate' <Latency = 0> <II = 1> <Delay = 0.33> <FuncUnit> <Opcode : 'and' 'or' 'xor'> <InPorts = 2> <OutPorts = 1>
ST_4 : Operation 1169 [1/1] (0.00ns) (grouped into LUT with out node select_ln302_54)   --->   "%and_ln895_31 = and i1 %tmp_98, i1 %xor_ln895_54"   --->   Operation 1169 'and' 'and_ln895_31' <Predicate = (!icmp_ln36)> <Delay = 0.00> <CoreInst = "LogicGate">   --->   Core 74 'LogicGate' <Latency = 0> <II = 1> <Delay = 0.33> <FuncUnit> <Opcode : 'and' 'or' 'xor'> <InPorts = 2> <OutPorts = 1>
ST_4 : Operation 1170 [1/1] (0.00ns) (grouped into LUT with out node select_ln302_54)   --->   "%xor_ln302_47 = xor i1 %tmp_97, i1 %tmp_98"   --->   Operation 1170 'xor' 'xor_ln302_47' <Predicate = (!icmp_ln36)> <Delay = 0.00> <CoreInst = "LogicGate">   --->   Core 74 'LogicGate' <Latency = 0> <II = 1> <Delay = 0.33> <FuncUnit> <Opcode : 'and' 'or' 'xor'> <InPorts = 2> <OutPorts = 1>
ST_4 : Operation 1171 [1/1] (0.00ns) (grouped into LUT with out node select_ln302_54)   --->   "%select_ln346_47 = select i1 %and_ln895_31, i32 2147483647, i32 2147483648"   --->   Operation 1171 'select' 'select_ln346_47' <Predicate = (!icmp_ln36)> <Delay = 0.00> <CoreInst = "Sel">   --->   Core 73 'Sel' <Latency = 0> <II = 1> <Delay = 0.52> <FuncUnit> <Opcode : 'select'> <InPorts = 3> <OutPorts = 1>
ST_4 : Operation 1172 [1/1] (0.52ns) (out node of the LUT)   --->   "%select_ln302_54 = select i1 %xor_ln302_47, i32 %select_ln346_47, i32 %add_ln813_31"   --->   Operation 1172 'select' 'select_ln302_54' <Predicate = (!icmp_ln36)> <Delay = 0.52> <CoreInst = "Sel">   --->   Core 73 'Sel' <Latency = 0> <II = 1> <Delay = 0.52> <FuncUnit> <Opcode : 'select'> <InPorts = 3> <OutPorts = 1>
ST_4 : Operation 1173 [1/1] (0.93ns)   --->   "%sub_ln1273_27 = sub i11 %sext_ln1273_7, i11 %sext_ln77"   --->   Operation 1173 'sub' 'sub_ln1273_27' <Predicate = (!icmp_ln36)> <Delay = 0.93> <CoreInst = "Adder">   --->   Core 1 'Adder' <Latency = 0> <II = 1> <Delay = 0.93> <FuncUnit> <Opcode : 'add' 'sub'> <InPorts = 2> <OutPorts = 1>
ST_4 : Operation 1174 [1/1] (0.00ns)   --->   "%sext_ln813_54 = sext i32 %select_ln302_54"   --->   Operation 1174 'sext' 'sext_ln813_54' <Predicate = (!icmp_ln36)> <Delay = 0.00>
ST_4 : Operation 1175 [1/1] (0.00ns)   --->   "%shl_ln1347_41 = bitconcatenate i19 @_ssdm_op_BitConcatenate.i19.i11.i8, i11 %sub_ln1273_27, i8 0"   --->   Operation 1175 'bitconcatenate' 'shl_ln1347_41' <Predicate = (!icmp_ln36)> <Delay = 0.00>
ST_4 : Operation 1176 [1/1] (0.00ns)   --->   "%sext_ln1347_109 = sext i19 %shl_ln1347_41"   --->   Operation 1176 'sext' 'sext_ln1347_109' <Predicate = (!icmp_ln36)> <Delay = 0.00>
ST_4 : Operation 1177 [1/1] (0.00ns)   --->   "%sext_ln1347_110 = sext i19 %shl_ln1347_41"   --->   Operation 1177 'sext' 'sext_ln1347_110' <Predicate = (!icmp_ln36)> <Delay = 0.00>
ST_4 : Operation 1178 [1/1] (1.20ns)   --->   "%add_ln1347_50 = add i33 %sext_ln813_54, i33 %sext_ln1347_109"   --->   Operation 1178 'add' 'add_ln1347_50' <Predicate = (!icmp_ln36)> <Delay = 1.20> <CoreInst = "Adder">   --->   Core 1 'Adder' <Latency = 0> <II = 1> <Delay = 1.20> <FuncUnit> <Opcode : 'add' 'sub'> <InPorts = 2> <OutPorts = 1>
ST_4 : Operation 1179 [1/1] (0.00ns)   --->   "%tmp_99 = bitselect i1 @_ssdm_op_BitSelect.i1.i33.i32, i33 %add_ln1347_50, i32 32"   --->   Operation 1179 'bitselect' 'tmp_99' <Predicate = (!icmp_ln36)> <Delay = 0.00>
ST_4 : Operation 1180 [1/1] (1.20ns)   --->   "%add_ln813_32 = add i32 %select_ln302_54, i32 %sext_ln1347_110"   --->   Operation 1180 'add' 'add_ln813_32' <Predicate = (!icmp_ln36)> <Delay = 1.20> <CoreInst = "Adder">   --->   Core 1 'Adder' <Latency = 0> <II = 1> <Delay = 1.20> <FuncUnit> <Opcode : 'add' 'sub'> <InPorts = 2> <OutPorts = 1>
ST_4 : Operation 1181 [1/1] (0.00ns)   --->   "%tmp_100 = bitselect i1 @_ssdm_op_BitSelect.i1.i32.i32, i32 %add_ln813_32, i32 31"   --->   Operation 1181 'bitselect' 'tmp_100' <Predicate = (!icmp_ln36)> <Delay = 0.00>
ST_4 : Operation 1182 [1/1] (0.00ns) (grouped into LUT with out node select_ln302_55)   --->   "%xor_ln895_55 = xor i1 %tmp_99, i1 1"   --->   Operation 1182 'xor' 'xor_ln895_55' <Predicate = (!icmp_ln36)> <Delay = 0.00> <CoreInst = "LogicGate">   --->   Core 74 'LogicGate' <Latency = 0> <II = 1> <Delay = 0.33> <FuncUnit> <Opcode : 'and' 'or' 'xor'> <InPorts = 2> <OutPorts = 1>
ST_4 : Operation 1183 [1/1] (0.00ns) (grouped into LUT with out node select_ln302_55)   --->   "%and_ln895_32 = and i1 %tmp_100, i1 %xor_ln895_55"   --->   Operation 1183 'and' 'and_ln895_32' <Predicate = (!icmp_ln36)> <Delay = 0.00> <CoreInst = "LogicGate">   --->   Core 74 'LogicGate' <Latency = 0> <II = 1> <Delay = 0.33> <FuncUnit> <Opcode : 'and' 'or' 'xor'> <InPorts = 2> <OutPorts = 1>
ST_4 : Operation 1184 [1/1] (0.00ns) (grouped into LUT with out node select_ln302_55)   --->   "%xor_ln302_48 = xor i1 %tmp_99, i1 %tmp_100"   --->   Operation 1184 'xor' 'xor_ln302_48' <Predicate = (!icmp_ln36)> <Delay = 0.00> <CoreInst = "LogicGate">   --->   Core 74 'LogicGate' <Latency = 0> <II = 1> <Delay = 0.33> <FuncUnit> <Opcode : 'and' 'or' 'xor'> <InPorts = 2> <OutPorts = 1>
ST_4 : Operation 1185 [1/1] (0.00ns) (grouped into LUT with out node select_ln302_55)   --->   "%select_ln346_48 = select i1 %and_ln895_32, i32 2147483647, i32 2147483648"   --->   Operation 1185 'select' 'select_ln346_48' <Predicate = (!icmp_ln36)> <Delay = 0.00> <CoreInst = "Sel">   --->   Core 73 'Sel' <Latency = 0> <II = 1> <Delay = 0.52> <FuncUnit> <Opcode : 'select'> <InPorts = 3> <OutPorts = 1>
ST_4 : Operation 1186 [1/1] (0.52ns) (out node of the LUT)   --->   "%select_ln302_55 = select i1 %xor_ln302_48, i32 %select_ln346_48, i32 %add_ln813_32"   --->   Operation 1186 'select' 'select_ln302_55' <Predicate = (!icmp_ln36)> <Delay = 0.52> <CoreInst = "Sel">   --->   Core 73 'Sel' <Latency = 0> <II = 1> <Delay = 0.52> <FuncUnit> <Opcode : 'select'> <InPorts = 3> <OutPorts = 1>
ST_4 : Operation 1187 [1/1] (0.00ns)   --->   "%trunc_ln1650_5 = trunc i32 %select_ln302_55"   --->   Operation 1187 'trunc' 'trunc_ln1650_5' <Predicate = (!icmp_ln36)> <Delay = 0.00>
ST_4 : Operation 1188 [1/1] (0.00ns)   --->   "%tmp_101 = bitselect i1 @_ssdm_op_BitSelect.i1.i32.i32, i32 %select_ln302_55, i32 31"   --->   Operation 1188 'bitselect' 'tmp_101' <Predicate = (!icmp_ln36)> <Delay = 0.00>
ST_4 : Operation 1189 [1/1] (0.49ns)   --->   "%select_ln82_5 = select i1 %tmp_101, i31 0, i31 %trunc_ln1650_5" [vgg_accelerator.cpp:82]   --->   Operation 1189 'select' 'select_ln82_5' <Predicate = (!icmp_ln36)> <Delay = 0.49> <CoreInst = "Sel">   --->   Core 73 'Sel' <Latency = 0> <II = 1> <Delay = 0.49> <FuncUnit> <Opcode : 'select'> <InPorts = 3> <OutPorts = 1>
ST_4 : Operation 1190 [1/1] (0.00ns)   --->   "%trunc_ln818_5 = partselect i8 @_ssdm_op_PartSelect.i8.i31.i32.i32, i31 %select_ln82_5, i32 12, i32 19"   --->   Operation 1190 'partselect' 'trunc_ln818_5' <Predicate = (!icmp_ln36)> <Delay = 0.00>
ST_4 : Operation 1191 [1/1] (0.00ns)   --->   "%tmp_102 = bitselect i1 @_ssdm_op_BitSelect.i1.i31.i32, i31 %select_ln82_5, i32 11"   --->   Operation 1191 'bitselect' 'tmp_102' <Predicate = (!icmp_ln36)> <Delay = 0.00>
ST_4 : Operation 1192 [1/1] (0.00ns)   --->   "%zext_ln377_12 = zext i1 %tmp_102"   --->   Operation 1192 'zext' 'zext_ln377_12' <Predicate = (!icmp_ln36)> <Delay = 0.00>
ST_4 : Operation 1193 [1/1] (0.00ns)   --->   "%trunc_ln377_s = partselect i7 @_ssdm_op_PartSelect.i7.i31.i32.i32, i31 %select_ln82_5, i32 12, i32 18"   --->   Operation 1193 'partselect' 'trunc_ln377_s' <Predicate = (!icmp_ln36)> <Delay = 0.00>
ST_4 : Operation 1194 [1/1] (0.00ns)   --->   "%zext_ln377_13 = zext i1 %tmp_102"   --->   Operation 1194 'zext' 'zext_ln377_13' <Predicate = (!icmp_ln36)> <Delay = 0.00>
ST_4 : Operation 1195 [1/1] (0.90ns)   --->   "%add_ln377_5 = add i8 %trunc_ln818_5, i8 %zext_ln377_12"   --->   Operation 1195 'add' 'add_ln377_5' <Predicate = (!icmp_ln36)> <Delay = 0.90> <CoreInst = "Adder">   --->   Core 1 'Adder' <Latency = 0> <II = 1> <Delay = 0.90> <FuncUnit> <Opcode : 'add' 'sub'> <InPorts = 2> <OutPorts = 1>
ST_4 : Operation 1196 [1/1] (0.89ns)   --->   "%add_ln856_5 = add i7 %trunc_ln377_s, i7 %zext_ln377_13"   --->   Operation 1196 'add' 'add_ln856_5' <Predicate = (!icmp_ln36)> <Delay = 0.89> <CoreInst = "Adder">   --->   Core 1 'Adder' <Latency = 0> <II = 1> <Delay = 0.89> <FuncUnit> <Opcode : 'add' 'sub'> <InPorts = 2> <OutPorts = 1>
ST_4 : Operation 1197 [1/1] (0.00ns)   --->   "%tmp_103 = bitselect i1 @_ssdm_op_BitSelect.i1.i8.i32, i8 %add_ln377_5, i32 7"   --->   Operation 1197 'bitselect' 'tmp_103' <Predicate = (!icmp_ln36)> <Delay = 0.00>
ST_4 : Operation 1198 [1/1] (0.00ns)   --->   "%tmp_7 = partselect i11 @_ssdm_op_PartSelect.i11.i31.i32.i32, i31 %select_ln82_5, i32 20, i32 30"   --->   Operation 1198 'partselect' 'tmp_7' <Predicate = (!icmp_ln36)> <Delay = 0.00>
ST_4 : Operation 1199 [1/1] (0.85ns)   --->   "%icmp_ln878_5 = icmp_eq  i11 %tmp_7, i11 0"   --->   Operation 1199 'icmp' 'icmp_ln878_5' <Predicate = (!icmp_ln36)> <Delay = 0.85> <CoreInst = "Cmp">   --->   Core 9 'Cmp' <Latency = 0> <II = 1> <Delay = 0.85> <FuncUnit> <Opcode : 'icmp'> <InPorts = 2> <OutPorts = 1>
ST_4 : Operation 1200 [1/1] (0.00ns) (grouped into LUT with out node select_ln302_56)   --->   "%tmp_104 = bitselect i1 @_ssdm_op_BitSelect.i1.i31.i32, i31 %select_ln82_5, i32 19"   --->   Operation 1200 'bitselect' 'tmp_104' <Predicate = (!icmp_ln36)> <Delay = 0.00>
ST_4 : Operation 1201 [1/1] (0.00ns) (grouped into LUT with out node select_ln302_56)   --->   "%xor_ln888_5 = xor i1 %tmp_104, i1 1"   --->   Operation 1201 'xor' 'xor_ln888_5' <Predicate = (!icmp_ln36)> <Delay = 0.00> <CoreInst = "LogicGate">   --->   Core 74 'LogicGate' <Latency = 0> <II = 1> <Delay = 0.33> <FuncUnit> <Opcode : 'and' 'or' 'xor'> <InPorts = 2> <OutPorts = 1>
ST_4 : Operation 1202 [1/1] (0.00ns) (grouped into LUT with out node select_ln302_56)   --->   "%or_ln888_5 = or i1 %tmp_103, i1 %xor_ln888_5"   --->   Operation 1202 'or' 'or_ln888_5' <Predicate = (!icmp_ln36)> <Delay = 0.00> <CoreInst = "LogicGate">   --->   Core 74 'LogicGate' <Latency = 0> <II = 1> <Delay = 0.33> <FuncUnit> <Opcode : 'and' 'or' 'xor'> <InPorts = 2> <OutPorts = 1>
ST_4 : Operation 1203 [1/1] (0.00ns) (grouped into LUT with out node select_ln302_56)   --->   "%and_ln888_5 = and i1 %icmp_ln878_5, i1 %or_ln888_5"   --->   Operation 1203 'and' 'and_ln888_5' <Predicate = (!icmp_ln36)> <Delay = 0.00> <CoreInst = "LogicGate">   --->   Core 74 'LogicGate' <Latency = 0> <II = 1> <Delay = 0.33> <FuncUnit> <Opcode : 'and' 'or' 'xor'> <InPorts = 2> <OutPorts = 1>
ST_4 : Operation 1204 [1/1] (0.00ns) (grouped into LUT with out node select_ln302_56)   --->   "%xor_ln895_56 = xor i1 %and_ln888_5, i1 1"   --->   Operation 1204 'xor' 'xor_ln895_56' <Predicate = (!icmp_ln36)> <Delay = 0.00> <CoreInst = "LogicGate">   --->   Core 74 'LogicGate' <Latency = 0> <II = 1> <Delay = 0.33> <FuncUnit> <Opcode : 'and' 'or' 'xor'> <InPorts = 2> <OutPorts = 1>
ST_4 : Operation 1205 [1/1] (0.00ns) (grouped into LUT with out node select_ln302_56)   --->   "%or_ln895_5 = or i1 %tmp_103, i1 %xor_ln895_56"   --->   Operation 1205 'or' 'or_ln895_5' <Predicate = (!icmp_ln36)> <Delay = 0.00> <CoreInst = "LogicGate">   --->   Core 74 'LogicGate' <Latency = 0> <II = 1> <Delay = 0.33> <FuncUnit> <Opcode : 'and' 'or' 'xor'> <InPorts = 2> <OutPorts = 1>
ST_4 : Operation 1206 [1/1] (0.42ns) (out node of the LUT)   --->   "%select_ln302_56 = select i1 %or_ln895_5, i7 127, i7 %add_ln856_5"   --->   Operation 1206 'select' 'select_ln302_56' <Predicate = (!icmp_ln36)> <Delay = 0.42> <CoreInst = "Sel">   --->   Core 73 'Sel' <Latency = 0> <II = 1> <Delay = 0.42> <FuncUnit> <Opcode : 'select'> <InPorts = 3> <OutPorts = 1>
ST_4 : Operation 1207 [1/1] (0.00ns)   --->   "%sext_ln813_59 = sext i32 %select_ln302_59"   --->   Operation 1207 'sext' 'sext_ln813_59' <Predicate = (!icmp_ln36)> <Delay = 0.00>
ST_4 : Operation 1208 [1/1] (0.00ns)   --->   "%shl_ln1347_46 = bitconcatenate i19 @_ssdm_op_BitConcatenate.i19.i11.i8, i11 %sub_ln1273_31, i8 0"   --->   Operation 1208 'bitconcatenate' 'shl_ln1347_46' <Predicate = (!icmp_ln36)> <Delay = 0.00>
ST_4 : Operation 1209 [1/1] (0.00ns)   --->   "%sext_ln1347_117 = sext i19 %shl_ln1347_46"   --->   Operation 1209 'sext' 'sext_ln1347_117' <Predicate = (!icmp_ln36)> <Delay = 0.00>
ST_4 : Operation 1210 [1/1] (0.00ns)   --->   "%sext_ln1347_118 = sext i19 %shl_ln1347_46"   --->   Operation 1210 'sext' 'sext_ln1347_118' <Predicate = (!icmp_ln36)> <Delay = 0.00>
ST_4 : Operation 1211 [1/1] (1.20ns)   --->   "%add_ln1347_57 = add i33 %sext_ln813_59, i33 %sext_ln1347_117"   --->   Operation 1211 'add' 'add_ln1347_57' <Predicate = (!icmp_ln36)> <Delay = 1.20> <CoreInst = "Adder">   --->   Core 1 'Adder' <Latency = 0> <II = 1> <Delay = 1.20> <FuncUnit> <Opcode : 'add' 'sub'> <InPorts = 2> <OutPorts = 1>
ST_4 : Operation 1212 [1/1] (0.00ns)   --->   "%tmp_111 = bitselect i1 @_ssdm_op_BitSelect.i1.i33.i32, i33 %add_ln1347_57, i32 32"   --->   Operation 1212 'bitselect' 'tmp_111' <Predicate = (!icmp_ln36)> <Delay = 0.00>
ST_4 : Operation 1213 [1/1] (1.20ns)   --->   "%add_ln813_36 = add i32 %select_ln302_59, i32 %sext_ln1347_118"   --->   Operation 1213 'add' 'add_ln813_36' <Predicate = (!icmp_ln36)> <Delay = 1.20> <CoreInst = "Adder">   --->   Core 1 'Adder' <Latency = 0> <II = 1> <Delay = 1.20> <FuncUnit> <Opcode : 'add' 'sub'> <InPorts = 2> <OutPorts = 1>
ST_4 : Operation 1214 [1/1] (0.00ns)   --->   "%tmp_112 = bitselect i1 @_ssdm_op_BitSelect.i1.i32.i32, i32 %add_ln813_36, i32 31"   --->   Operation 1214 'bitselect' 'tmp_112' <Predicate = (!icmp_ln36)> <Delay = 0.00>
ST_4 : Operation 1215 [1/1] (0.00ns) (grouped into LUT with out node select_ln302_60)   --->   "%xor_ln895_60 = xor i1 %tmp_111, i1 1"   --->   Operation 1215 'xor' 'xor_ln895_60' <Predicate = (!icmp_ln36)> <Delay = 0.00> <CoreInst = "LogicGate">   --->   Core 74 'LogicGate' <Latency = 0> <II = 1> <Delay = 0.33> <FuncUnit> <Opcode : 'and' 'or' 'xor'> <InPorts = 2> <OutPorts = 1>
ST_4 : Operation 1216 [1/1] (0.00ns) (grouped into LUT with out node select_ln302_60)   --->   "%and_ln895_36 = and i1 %tmp_112, i1 %xor_ln895_60"   --->   Operation 1216 'and' 'and_ln895_36' <Predicate = (!icmp_ln36)> <Delay = 0.00> <CoreInst = "LogicGate">   --->   Core 74 'LogicGate' <Latency = 0> <II = 1> <Delay = 0.33> <FuncUnit> <Opcode : 'and' 'or' 'xor'> <InPorts = 2> <OutPorts = 1>
ST_4 : Operation 1217 [1/1] (0.00ns) (grouped into LUT with out node select_ln302_60)   --->   "%xor_ln302_52 = xor i1 %tmp_111, i1 %tmp_112"   --->   Operation 1217 'xor' 'xor_ln302_52' <Predicate = (!icmp_ln36)> <Delay = 0.00> <CoreInst = "LogicGate">   --->   Core 74 'LogicGate' <Latency = 0> <II = 1> <Delay = 0.33> <FuncUnit> <Opcode : 'and' 'or' 'xor'> <InPorts = 2> <OutPorts = 1>
ST_4 : Operation 1218 [1/1] (0.00ns) (grouped into LUT with out node select_ln302_60)   --->   "%select_ln346_52 = select i1 %and_ln895_36, i32 2147483647, i32 2147483648"   --->   Operation 1218 'select' 'select_ln346_52' <Predicate = (!icmp_ln36)> <Delay = 0.00> <CoreInst = "Sel">   --->   Core 73 'Sel' <Latency = 0> <II = 1> <Delay = 0.52> <FuncUnit> <Opcode : 'select'> <InPorts = 3> <OutPorts = 1>
ST_4 : Operation 1219 [1/1] (0.52ns) (out node of the LUT)   --->   "%select_ln302_60 = select i1 %xor_ln302_52, i32 %select_ln346_52, i32 %add_ln813_36"   --->   Operation 1219 'select' 'select_ln302_60' <Predicate = (!icmp_ln36)> <Delay = 0.52> <CoreInst = "Sel">   --->   Core 73 'Sel' <Latency = 0> <II = 1> <Delay = 0.52> <FuncUnit> <Opcode : 'select'> <InPorts = 3> <OutPorts = 1>
ST_4 : Operation 1220 [1/1] (0.00ns)   --->   "%sext_ln813_60 = sext i32 %select_ln302_60"   --->   Operation 1220 'sext' 'sext_ln813_60' <Predicate = (!icmp_ln36)> <Delay = 0.00>
ST_4 : Operation 1221 [1/1] (0.00ns)   --->   "%shl_ln1347_47 = bitconcatenate i18 @_ssdm_op_BitConcatenate.i18.i8.i10, i8 %px_V_20, i10 0"   --->   Operation 1221 'bitconcatenate' 'shl_ln1347_47' <Predicate = (!icmp_ln36)> <Delay = 0.00>
ST_4 : Operation 1222 [1/1] (0.00ns)   --->   "%sext_ln1347_119 = sext i18 %shl_ln1347_47"   --->   Operation 1222 'sext' 'sext_ln1347_119' <Predicate = (!icmp_ln36)> <Delay = 0.00>
ST_4 : Operation 1223 [1/1] (0.00ns)   --->   "%sext_ln1347_120 = sext i18 %shl_ln1347_47"   --->   Operation 1223 'sext' 'sext_ln1347_120' <Predicate = (!icmp_ln36)> <Delay = 0.00>
ST_4 : Operation 1224 [1/1] (1.20ns)   --->   "%add_ln1347_58 = add i33 %sext_ln813_60, i33 %sext_ln1347_119"   --->   Operation 1224 'add' 'add_ln1347_58' <Predicate = (!icmp_ln36)> <Delay = 1.20> <CoreInst = "Adder">   --->   Core 1 'Adder' <Latency = 0> <II = 1> <Delay = 1.20> <FuncUnit> <Opcode : 'add' 'sub'> <InPorts = 2> <OutPorts = 1>
ST_4 : Operation 1225 [1/1] (0.00ns)   --->   "%tmp_113 = bitselect i1 @_ssdm_op_BitSelect.i1.i33.i32, i33 %add_ln1347_58, i32 32"   --->   Operation 1225 'bitselect' 'tmp_113' <Predicate = (!icmp_ln36)> <Delay = 0.00>
ST_4 : Operation 1226 [1/1] (1.20ns)   --->   "%add_ln813_37 = add i32 %select_ln302_60, i32 %sext_ln1347_120"   --->   Operation 1226 'add' 'add_ln813_37' <Predicate = (!icmp_ln36)> <Delay = 1.20> <CoreInst = "Adder">   --->   Core 1 'Adder' <Latency = 0> <II = 1> <Delay = 1.20> <FuncUnit> <Opcode : 'add' 'sub'> <InPorts = 2> <OutPorts = 1>
ST_4 : Operation 1227 [1/1] (0.00ns)   --->   "%tmp_114 = bitselect i1 @_ssdm_op_BitSelect.i1.i32.i32, i32 %add_ln813_37, i32 31"   --->   Operation 1227 'bitselect' 'tmp_114' <Predicate = (!icmp_ln36)> <Delay = 0.00>
ST_4 : Operation 1228 [1/1] (0.00ns) (grouped into LUT with out node select_ln302_61)   --->   "%xor_ln895_61 = xor i1 %tmp_113, i1 1"   --->   Operation 1228 'xor' 'xor_ln895_61' <Predicate = (!icmp_ln36)> <Delay = 0.00> <CoreInst = "LogicGate">   --->   Core 74 'LogicGate' <Latency = 0> <II = 1> <Delay = 0.33> <FuncUnit> <Opcode : 'and' 'or' 'xor'> <InPorts = 2> <OutPorts = 1>
ST_4 : Operation 1229 [1/1] (0.00ns) (grouped into LUT with out node select_ln302_61)   --->   "%and_ln895_37 = and i1 %tmp_114, i1 %xor_ln895_61"   --->   Operation 1229 'and' 'and_ln895_37' <Predicate = (!icmp_ln36)> <Delay = 0.00> <CoreInst = "LogicGate">   --->   Core 74 'LogicGate' <Latency = 0> <II = 1> <Delay = 0.33> <FuncUnit> <Opcode : 'and' 'or' 'xor'> <InPorts = 2> <OutPorts = 1>
ST_4 : Operation 1230 [1/1] (0.00ns) (grouped into LUT with out node select_ln302_61)   --->   "%xor_ln302_53 = xor i1 %tmp_113, i1 %tmp_114"   --->   Operation 1230 'xor' 'xor_ln302_53' <Predicate = (!icmp_ln36)> <Delay = 0.00> <CoreInst = "LogicGate">   --->   Core 74 'LogicGate' <Latency = 0> <II = 1> <Delay = 0.33> <FuncUnit> <Opcode : 'and' 'or' 'xor'> <InPorts = 2> <OutPorts = 1>
ST_4 : Operation 1231 [1/1] (0.00ns) (grouped into LUT with out node select_ln302_61)   --->   "%select_ln346_53 = select i1 %and_ln895_37, i32 2147483647, i32 2147483648"   --->   Operation 1231 'select' 'select_ln346_53' <Predicate = (!icmp_ln36)> <Delay = 0.00> <CoreInst = "Sel">   --->   Core 73 'Sel' <Latency = 0> <II = 1> <Delay = 0.52> <FuncUnit> <Opcode : 'select'> <InPorts = 3> <OutPorts = 1>
ST_4 : Operation 1232 [1/1] (0.52ns) (out node of the LUT)   --->   "%select_ln302_61 = select i1 %xor_ln302_53, i32 %select_ln346_53, i32 %add_ln813_37"   --->   Operation 1232 'select' 'select_ln302_61' <Predicate = (!icmp_ln36)> <Delay = 0.52> <CoreInst = "Sel">   --->   Core 73 'Sel' <Latency = 0> <II = 1> <Delay = 0.52> <FuncUnit> <Opcode : 'select'> <InPorts = 3> <OutPorts = 1>
ST_4 : Operation 1233 [1/1] (0.00ns)   --->   "%sext_ln813_61 = sext i32 %select_ln302_61"   --->   Operation 1233 'sext' 'sext_ln813_61' <Predicate = (!icmp_ln36)> <Delay = 0.00>
ST_4 : Operation 1234 [1/1] (1.20ns)   --->   "%add_ln1347_59 = add i33 %sext_ln813_61, i33 %sext_ln1347_71"   --->   Operation 1234 'add' 'add_ln1347_59' <Predicate = (!icmp_ln36)> <Delay = 1.20> <CoreInst = "Adder">   --->   Core 1 'Adder' <Latency = 0> <II = 1> <Delay = 1.20> <FuncUnit> <Opcode : 'add' 'sub'> <InPorts = 2> <OutPorts = 1>
ST_4 : Operation 1235 [1/1] (0.00ns)   --->   "%tmp_115 = bitselect i1 @_ssdm_op_BitSelect.i1.i33.i32, i33 %add_ln1347_59, i32 32"   --->   Operation 1235 'bitselect' 'tmp_115' <Predicate = (!icmp_ln36)> <Delay = 0.00>
ST_4 : Operation 1236 [1/1] (1.20ns)   --->   "%add_ln813_38 = add i32 %select_ln302_61, i32 %sext_ln1347_72"   --->   Operation 1236 'add' 'add_ln813_38' <Predicate = (!icmp_ln36)> <Delay = 1.20> <CoreInst = "Adder">   --->   Core 1 'Adder' <Latency = 0> <II = 1> <Delay = 1.20> <FuncUnit> <Opcode : 'add' 'sub'> <InPorts = 2> <OutPorts = 1>
ST_4 : Operation 1237 [1/1] (0.00ns)   --->   "%tmp_116 = bitselect i1 @_ssdm_op_BitSelect.i1.i32.i32, i32 %add_ln813_38, i32 31"   --->   Operation 1237 'bitselect' 'tmp_116' <Predicate = (!icmp_ln36)> <Delay = 0.00>
ST_4 : Operation 1238 [1/1] (0.00ns) (grouped into LUT with out node select_ln302_62)   --->   "%xor_ln895_62 = xor i1 %tmp_115, i1 1"   --->   Operation 1238 'xor' 'xor_ln895_62' <Predicate = (!icmp_ln36)> <Delay = 0.00> <CoreInst = "LogicGate">   --->   Core 74 'LogicGate' <Latency = 0> <II = 1> <Delay = 0.33> <FuncUnit> <Opcode : 'and' 'or' 'xor'> <InPorts = 2> <OutPorts = 1>
ST_4 : Operation 1239 [1/1] (0.00ns) (grouped into LUT with out node select_ln302_62)   --->   "%and_ln895_38 = and i1 %tmp_116, i1 %xor_ln895_62"   --->   Operation 1239 'and' 'and_ln895_38' <Predicate = (!icmp_ln36)> <Delay = 0.00> <CoreInst = "LogicGate">   --->   Core 74 'LogicGate' <Latency = 0> <II = 1> <Delay = 0.33> <FuncUnit> <Opcode : 'and' 'or' 'xor'> <InPorts = 2> <OutPorts = 1>
ST_4 : Operation 1240 [1/1] (0.00ns) (grouped into LUT with out node select_ln302_62)   --->   "%xor_ln302_54 = xor i1 %tmp_115, i1 %tmp_116"   --->   Operation 1240 'xor' 'xor_ln302_54' <Predicate = (!icmp_ln36)> <Delay = 0.00> <CoreInst = "LogicGate">   --->   Core 74 'LogicGate' <Latency = 0> <II = 1> <Delay = 0.33> <FuncUnit> <Opcode : 'and' 'or' 'xor'> <InPorts = 2> <OutPorts = 1>
ST_4 : Operation 1241 [1/1] (0.00ns) (grouped into LUT with out node select_ln302_62)   --->   "%select_ln346_54 = select i1 %and_ln895_38, i32 2147483647, i32 2147483648"   --->   Operation 1241 'select' 'select_ln346_54' <Predicate = (!icmp_ln36)> <Delay = 0.00> <CoreInst = "Sel">   --->   Core 73 'Sel' <Latency = 0> <II = 1> <Delay = 0.52> <FuncUnit> <Opcode : 'select'> <InPorts = 3> <OutPorts = 1>
ST_4 : Operation 1242 [1/1] (0.52ns) (out node of the LUT)   --->   "%select_ln302_62 = select i1 %xor_ln302_54, i32 %select_ln346_54, i32 %add_ln813_38"   --->   Operation 1242 'select' 'select_ln302_62' <Predicate = (!icmp_ln36)> <Delay = 0.52> <CoreInst = "Sel">   --->   Core 73 'Sel' <Latency = 0> <II = 1> <Delay = 0.52> <FuncUnit> <Opcode : 'select'> <InPorts = 3> <OutPorts = 1>
ST_4 : Operation 1243 [1/1] (0.00ns)   --->   "%trunc_ln1650_6 = trunc i32 %select_ln302_62"   --->   Operation 1243 'trunc' 'trunc_ln1650_6' <Predicate = (!icmp_ln36)> <Delay = 0.00>
ST_4 : Operation 1244 [1/1] (0.00ns)   --->   "%tmp_117 = bitselect i1 @_ssdm_op_BitSelect.i1.i32.i32, i32 %select_ln302_62, i32 31"   --->   Operation 1244 'bitselect' 'tmp_117' <Predicate = (!icmp_ln36)> <Delay = 0.00>
ST_4 : Operation 1245 [1/1] (0.49ns)   --->   "%select_ln82_6 = select i1 %tmp_117, i31 0, i31 %trunc_ln1650_6" [vgg_accelerator.cpp:82]   --->   Operation 1245 'select' 'select_ln82_6' <Predicate = (!icmp_ln36)> <Delay = 0.49> <CoreInst = "Sel">   --->   Core 73 'Sel' <Latency = 0> <II = 1> <Delay = 0.49> <FuncUnit> <Opcode : 'select'> <InPorts = 3> <OutPorts = 1>
ST_4 : Operation 1246 [1/1] (0.00ns)   --->   "%trunc_ln818_6 = partselect i8 @_ssdm_op_PartSelect.i8.i31.i32.i32, i31 %select_ln82_6, i32 12, i32 19"   --->   Operation 1246 'partselect' 'trunc_ln818_6' <Predicate = (!icmp_ln36)> <Delay = 0.00>
ST_4 : Operation 1247 [1/1] (0.00ns)   --->   "%tmp_118 = bitselect i1 @_ssdm_op_BitSelect.i1.i31.i32, i31 %select_ln82_6, i32 11"   --->   Operation 1247 'bitselect' 'tmp_118' <Predicate = (!icmp_ln36)> <Delay = 0.00>
ST_4 : Operation 1248 [1/1] (0.00ns)   --->   "%zext_ln377_14 = zext i1 %tmp_118"   --->   Operation 1248 'zext' 'zext_ln377_14' <Predicate = (!icmp_ln36)> <Delay = 0.00>
ST_4 : Operation 1249 [1/1] (0.00ns)   --->   "%trunc_ln377_2 = partselect i7 @_ssdm_op_PartSelect.i7.i31.i32.i32, i31 %select_ln82_6, i32 12, i32 18"   --->   Operation 1249 'partselect' 'trunc_ln377_2' <Predicate = (!icmp_ln36)> <Delay = 0.00>
ST_4 : Operation 1250 [1/1] (0.00ns)   --->   "%zext_ln377_15 = zext i1 %tmp_118"   --->   Operation 1250 'zext' 'zext_ln377_15' <Predicate = (!icmp_ln36)> <Delay = 0.00>
ST_4 : Operation 1251 [1/1] (0.90ns)   --->   "%add_ln377_6 = add i8 %trunc_ln818_6, i8 %zext_ln377_14"   --->   Operation 1251 'add' 'add_ln377_6' <Predicate = (!icmp_ln36)> <Delay = 0.90> <CoreInst = "Adder">   --->   Core 1 'Adder' <Latency = 0> <II = 1> <Delay = 0.90> <FuncUnit> <Opcode : 'add' 'sub'> <InPorts = 2> <OutPorts = 1>
ST_4 : Operation 1252 [1/1] (0.89ns)   --->   "%add_ln856_6 = add i7 %trunc_ln377_2, i7 %zext_ln377_15"   --->   Operation 1252 'add' 'add_ln856_6' <Predicate = (!icmp_ln36)> <Delay = 0.89> <CoreInst = "Adder">   --->   Core 1 'Adder' <Latency = 0> <II = 1> <Delay = 0.89> <FuncUnit> <Opcode : 'add' 'sub'> <InPorts = 2> <OutPorts = 1>
ST_4 : Operation 1253 [1/1] (0.00ns)   --->   "%tmp_119 = bitselect i1 @_ssdm_op_BitSelect.i1.i8.i32, i8 %add_ln377_6, i32 7"   --->   Operation 1253 'bitselect' 'tmp_119' <Predicate = (!icmp_ln36)> <Delay = 0.00>
ST_4 : Operation 1254 [1/1] (0.00ns)   --->   "%tmp_8 = partselect i11 @_ssdm_op_PartSelect.i11.i31.i32.i32, i31 %select_ln82_6, i32 20, i32 30"   --->   Operation 1254 'partselect' 'tmp_8' <Predicate = (!icmp_ln36)> <Delay = 0.00>
ST_4 : Operation 1255 [1/1] (0.85ns)   --->   "%icmp_ln878_6 = icmp_eq  i11 %tmp_8, i11 0"   --->   Operation 1255 'icmp' 'icmp_ln878_6' <Predicate = (!icmp_ln36)> <Delay = 0.85> <CoreInst = "Cmp">   --->   Core 9 'Cmp' <Latency = 0> <II = 1> <Delay = 0.85> <FuncUnit> <Opcode : 'icmp'> <InPorts = 2> <OutPorts = 1>
ST_4 : Operation 1256 [1/1] (0.00ns) (grouped into LUT with out node select_ln302_63)   --->   "%tmp_120 = bitselect i1 @_ssdm_op_BitSelect.i1.i31.i32, i31 %select_ln82_6, i32 19"   --->   Operation 1256 'bitselect' 'tmp_120' <Predicate = (!icmp_ln36)> <Delay = 0.00>
ST_4 : Operation 1257 [1/1] (0.00ns) (grouped into LUT with out node select_ln302_63)   --->   "%xor_ln888_6 = xor i1 %tmp_120, i1 1"   --->   Operation 1257 'xor' 'xor_ln888_6' <Predicate = (!icmp_ln36)> <Delay = 0.00> <CoreInst = "LogicGate">   --->   Core 74 'LogicGate' <Latency = 0> <II = 1> <Delay = 0.33> <FuncUnit> <Opcode : 'and' 'or' 'xor'> <InPorts = 2> <OutPorts = 1>
ST_4 : Operation 1258 [1/1] (0.00ns) (grouped into LUT with out node select_ln302_63)   --->   "%or_ln888_6 = or i1 %tmp_119, i1 %xor_ln888_6"   --->   Operation 1258 'or' 'or_ln888_6' <Predicate = (!icmp_ln36)> <Delay = 0.00> <CoreInst = "LogicGate">   --->   Core 74 'LogicGate' <Latency = 0> <II = 1> <Delay = 0.33> <FuncUnit> <Opcode : 'and' 'or' 'xor'> <InPorts = 2> <OutPorts = 1>
ST_4 : Operation 1259 [1/1] (0.00ns) (grouped into LUT with out node select_ln302_63)   --->   "%and_ln888_6 = and i1 %icmp_ln878_6, i1 %or_ln888_6"   --->   Operation 1259 'and' 'and_ln888_6' <Predicate = (!icmp_ln36)> <Delay = 0.00> <CoreInst = "LogicGate">   --->   Core 74 'LogicGate' <Latency = 0> <II = 1> <Delay = 0.33> <FuncUnit> <Opcode : 'and' 'or' 'xor'> <InPorts = 2> <OutPorts = 1>
ST_4 : Operation 1260 [1/1] (0.00ns) (grouped into LUT with out node select_ln302_63)   --->   "%xor_ln895_63 = xor i1 %and_ln888_6, i1 1"   --->   Operation 1260 'xor' 'xor_ln895_63' <Predicate = (!icmp_ln36)> <Delay = 0.00> <CoreInst = "LogicGate">   --->   Core 74 'LogicGate' <Latency = 0> <II = 1> <Delay = 0.33> <FuncUnit> <Opcode : 'and' 'or' 'xor'> <InPorts = 2> <OutPorts = 1>
ST_4 : Operation 1261 [1/1] (0.00ns) (grouped into LUT with out node select_ln302_63)   --->   "%or_ln895_6 = or i1 %tmp_119, i1 %xor_ln895_63"   --->   Operation 1261 'or' 'or_ln895_6' <Predicate = (!icmp_ln36)> <Delay = 0.00> <CoreInst = "LogicGate">   --->   Core 74 'LogicGate' <Latency = 0> <II = 1> <Delay = 0.33> <FuncUnit> <Opcode : 'and' 'or' 'xor'> <InPorts = 2> <OutPorts = 1>
ST_4 : Operation 1262 [1/1] (0.42ns) (out node of the LUT)   --->   "%select_ln302_63 = select i1 %or_ln895_6, i7 127, i7 %add_ln856_6"   --->   Operation 1262 'select' 'select_ln302_63' <Predicate = (!icmp_ln36)> <Delay = 0.42> <CoreInst = "Sel">   --->   Core 73 'Sel' <Latency = 0> <II = 1> <Delay = 0.42> <FuncUnit> <Opcode : 'select'> <InPorts = 3> <OutPorts = 1>
ST_4 : Operation 1263 [1/1] (0.00ns)   --->   "%sext_ln813_65 = sext i32 %select_ln302_66"   --->   Operation 1263 'sext' 'sext_ln813_65' <Predicate = (!icmp_ln36)> <Delay = 0.00>
ST_4 : Operation 1264 [1/1] (0.00ns)   --->   "%shl_ln1347_54 = bitconcatenate i20 @_ssdm_op_BitConcatenate.i20.i12.i8, i12 %sub_ln1273, i8 0"   --->   Operation 1264 'bitconcatenate' 'shl_ln1347_54' <Predicate = (!icmp_ln36)> <Delay = 0.00>
ST_4 : Operation 1265 [1/1] (0.00ns)   --->   "%sext_ln1347_132 = sext i20 %shl_ln1347_54"   --->   Operation 1265 'sext' 'sext_ln1347_132' <Predicate = (!icmp_ln36)> <Delay = 0.00>
ST_4 : Operation 1266 [1/1] (0.00ns)   --->   "%sext_ln1347_133 = sext i20 %shl_ln1347_54"   --->   Operation 1266 'sext' 'sext_ln1347_133' <Predicate = (!icmp_ln36)> <Delay = 0.00>
ST_4 : Operation 1267 [1/1] (1.20ns)   --->   "%add_ln1347_66 = add i33 %sext_ln813_65, i33 %sext_ln1347_132"   --->   Operation 1267 'add' 'add_ln1347_66' <Predicate = (!icmp_ln36)> <Delay = 1.20> <CoreInst = "Adder">   --->   Core 1 'Adder' <Latency = 0> <II = 1> <Delay = 1.20> <FuncUnit> <Opcode : 'add' 'sub'> <InPorts = 2> <OutPorts = 1>
ST_4 : Operation 1268 [1/1] (0.00ns)   --->   "%tmp_127 = bitselect i1 @_ssdm_op_BitSelect.i1.i33.i32, i33 %add_ln1347_66, i32 32"   --->   Operation 1268 'bitselect' 'tmp_127' <Predicate = (!icmp_ln36)> <Delay = 0.00>
ST_4 : Operation 1269 [1/1] (1.20ns)   --->   "%add_ln813_42 = add i32 %select_ln302_66, i32 %sext_ln1347_133"   --->   Operation 1269 'add' 'add_ln813_42' <Predicate = (!icmp_ln36)> <Delay = 1.20> <CoreInst = "Adder">   --->   Core 1 'Adder' <Latency = 0> <II = 1> <Delay = 1.20> <FuncUnit> <Opcode : 'add' 'sub'> <InPorts = 2> <OutPorts = 1>
ST_4 : Operation 1270 [1/1] (0.00ns)   --->   "%tmp_128 = bitselect i1 @_ssdm_op_BitSelect.i1.i32.i32, i32 %add_ln813_42, i32 31"   --->   Operation 1270 'bitselect' 'tmp_128' <Predicate = (!icmp_ln36)> <Delay = 0.00>
ST_4 : Operation 1271 [1/1] (0.00ns) (grouped into LUT with out node select_ln302_67)   --->   "%xor_ln895_67 = xor i1 %tmp_127, i1 1"   --->   Operation 1271 'xor' 'xor_ln895_67' <Predicate = (!icmp_ln36)> <Delay = 0.00> <CoreInst = "LogicGate">   --->   Core 74 'LogicGate' <Latency = 0> <II = 1> <Delay = 0.33> <FuncUnit> <Opcode : 'and' 'or' 'xor'> <InPorts = 2> <OutPorts = 1>
ST_4 : Operation 1272 [1/1] (0.00ns) (grouped into LUT with out node select_ln302_67)   --->   "%and_ln895_42 = and i1 %tmp_128, i1 %xor_ln895_67"   --->   Operation 1272 'and' 'and_ln895_42' <Predicate = (!icmp_ln36)> <Delay = 0.00> <CoreInst = "LogicGate">   --->   Core 74 'LogicGate' <Latency = 0> <II = 1> <Delay = 0.33> <FuncUnit> <Opcode : 'and' 'or' 'xor'> <InPorts = 2> <OutPorts = 1>
ST_4 : Operation 1273 [1/1] (0.00ns) (grouped into LUT with out node select_ln302_67)   --->   "%xor_ln302_58 = xor i1 %tmp_127, i1 %tmp_128"   --->   Operation 1273 'xor' 'xor_ln302_58' <Predicate = (!icmp_ln36)> <Delay = 0.00> <CoreInst = "LogicGate">   --->   Core 74 'LogicGate' <Latency = 0> <II = 1> <Delay = 0.33> <FuncUnit> <Opcode : 'and' 'or' 'xor'> <InPorts = 2> <OutPorts = 1>
ST_4 : Operation 1274 [1/1] (0.00ns) (grouped into LUT with out node select_ln302_67)   --->   "%select_ln346_58 = select i1 %and_ln895_42, i32 2147483647, i32 2147483648"   --->   Operation 1274 'select' 'select_ln346_58' <Predicate = (!icmp_ln36)> <Delay = 0.00> <CoreInst = "Sel">   --->   Core 73 'Sel' <Latency = 0> <II = 1> <Delay = 0.52> <FuncUnit> <Opcode : 'select'> <InPorts = 3> <OutPorts = 1>
ST_4 : Operation 1275 [1/1] (0.52ns) (out node of the LUT)   --->   "%select_ln302_67 = select i1 %xor_ln302_58, i32 %select_ln346_58, i32 %add_ln813_42"   --->   Operation 1275 'select' 'select_ln302_67' <Predicate = (!icmp_ln36)> <Delay = 0.52> <CoreInst = "Sel">   --->   Core 73 'Sel' <Latency = 0> <II = 1> <Delay = 0.52> <FuncUnit> <Opcode : 'select'> <InPorts = 3> <OutPorts = 1>
ST_4 : Operation 1276 [1/1] (0.94ns)   --->   "%sub_ln1273_36 = sub i12 %px_V_23_cast171_i, i12 %sext_ln1273_4"   --->   Operation 1276 'sub' 'sub_ln1273_36' <Predicate = (!icmp_ln36)> <Delay = 0.94> <CoreInst = "Adder">   --->   Core 1 'Adder' <Latency = 0> <II = 1> <Delay = 0.94> <FuncUnit> <Opcode : 'add' 'sub'> <InPorts = 2> <OutPorts = 1>
ST_4 : Operation 1277 [1/1] (0.00ns)   --->   "%sext_ln813_66 = sext i32 %select_ln302_67"   --->   Operation 1277 'sext' 'sext_ln813_66' <Predicate = (!icmp_ln36)> <Delay = 0.00>
ST_4 : Operation 1278 [1/1] (0.00ns)   --->   "%shl_ln1347_55 = bitconcatenate i20 @_ssdm_op_BitConcatenate.i20.i12.i8, i12 %sub_ln1273_36, i8 0"   --->   Operation 1278 'bitconcatenate' 'shl_ln1347_55' <Predicate = (!icmp_ln36)> <Delay = 0.00>
ST_4 : Operation 1279 [1/1] (0.00ns)   --->   "%sext_ln1347_134 = sext i20 %shl_ln1347_55"   --->   Operation 1279 'sext' 'sext_ln1347_134' <Predicate = (!icmp_ln36)> <Delay = 0.00>
ST_4 : Operation 1280 [1/1] (0.00ns)   --->   "%sext_ln1347_135 = sext i20 %shl_ln1347_55"   --->   Operation 1280 'sext' 'sext_ln1347_135' <Predicate = (!icmp_ln36)> <Delay = 0.00>
ST_4 : Operation 1281 [1/1] (1.20ns)   --->   "%add_ln1347_67 = add i33 %sext_ln813_66, i33 %sext_ln1347_134"   --->   Operation 1281 'add' 'add_ln1347_67' <Predicate = (!icmp_ln36)> <Delay = 1.20> <CoreInst = "Adder">   --->   Core 1 'Adder' <Latency = 0> <II = 1> <Delay = 1.20> <FuncUnit> <Opcode : 'add' 'sub'> <InPorts = 2> <OutPorts = 1>
ST_4 : Operation 1282 [1/1] (0.00ns)   --->   "%tmp_129 = bitselect i1 @_ssdm_op_BitSelect.i1.i33.i32, i33 %add_ln1347_67, i32 32"   --->   Operation 1282 'bitselect' 'tmp_129' <Predicate = (!icmp_ln36)> <Delay = 0.00>
ST_4 : Operation 1283 [1/1] (1.20ns)   --->   "%add_ln813_43 = add i32 %select_ln302_67, i32 %sext_ln1347_135"   --->   Operation 1283 'add' 'add_ln813_43' <Predicate = (!icmp_ln36)> <Delay = 1.20> <CoreInst = "Adder">   --->   Core 1 'Adder' <Latency = 0> <II = 1> <Delay = 1.20> <FuncUnit> <Opcode : 'add' 'sub'> <InPorts = 2> <OutPorts = 1>
ST_4 : Operation 1284 [1/1] (0.00ns)   --->   "%tmp_130 = bitselect i1 @_ssdm_op_BitSelect.i1.i32.i32, i32 %add_ln813_43, i32 31"   --->   Operation 1284 'bitselect' 'tmp_130' <Predicate = (!icmp_ln36)> <Delay = 0.00>
ST_4 : Operation 1285 [1/1] (0.00ns) (grouped into LUT with out node select_ln302_68)   --->   "%xor_ln895_68 = xor i1 %tmp_129, i1 1"   --->   Operation 1285 'xor' 'xor_ln895_68' <Predicate = (!icmp_ln36)> <Delay = 0.00> <CoreInst = "LogicGate">   --->   Core 74 'LogicGate' <Latency = 0> <II = 1> <Delay = 0.33> <FuncUnit> <Opcode : 'and' 'or' 'xor'> <InPorts = 2> <OutPorts = 1>
ST_4 : Operation 1286 [1/1] (0.00ns) (grouped into LUT with out node select_ln302_68)   --->   "%and_ln895_43 = and i1 %tmp_130, i1 %xor_ln895_68"   --->   Operation 1286 'and' 'and_ln895_43' <Predicate = (!icmp_ln36)> <Delay = 0.00> <CoreInst = "LogicGate">   --->   Core 74 'LogicGate' <Latency = 0> <II = 1> <Delay = 0.33> <FuncUnit> <Opcode : 'and' 'or' 'xor'> <InPorts = 2> <OutPorts = 1>
ST_4 : Operation 1287 [1/1] (0.00ns) (grouped into LUT with out node select_ln302_68)   --->   "%xor_ln302_59 = xor i1 %tmp_129, i1 %tmp_130"   --->   Operation 1287 'xor' 'xor_ln302_59' <Predicate = (!icmp_ln36)> <Delay = 0.00> <CoreInst = "LogicGate">   --->   Core 74 'LogicGate' <Latency = 0> <II = 1> <Delay = 0.33> <FuncUnit> <Opcode : 'and' 'or' 'xor'> <InPorts = 2> <OutPorts = 1>
ST_4 : Operation 1288 [1/1] (0.00ns) (grouped into LUT with out node select_ln302_68)   --->   "%select_ln346_59 = select i1 %and_ln895_43, i32 2147483647, i32 2147483648"   --->   Operation 1288 'select' 'select_ln346_59' <Predicate = (!icmp_ln36)> <Delay = 0.00> <CoreInst = "Sel">   --->   Core 73 'Sel' <Latency = 0> <II = 1> <Delay = 0.52> <FuncUnit> <Opcode : 'select'> <InPorts = 3> <OutPorts = 1>
ST_4 : Operation 1289 [1/1] (0.52ns) (out node of the LUT)   --->   "%select_ln302_68 = select i1 %xor_ln302_59, i32 %select_ln346_59, i32 %add_ln813_43"   --->   Operation 1289 'select' 'select_ln302_68' <Predicate = (!icmp_ln36)> <Delay = 0.52> <CoreInst = "Sel">   --->   Core 73 'Sel' <Latency = 0> <II = 1> <Delay = 0.52> <FuncUnit> <Opcode : 'select'> <InPorts = 3> <OutPorts = 1>
ST_4 : Operation 1290 [1/1] (0.00ns)   --->   "%shl_ln1273_23 = bitconcatenate i11 @_ssdm_op_BitConcatenate.i11.i8.i3, i8 %val_in, i3 0"   --->   Operation 1290 'bitconcatenate' 'shl_ln1273_23' <Predicate = (!icmp_ln36)> <Delay = 0.00>
ST_4 : Operation 1291 [1/1] (0.00ns)   --->   "%sext_ln1273_27 = sext i11 %shl_ln1273_23"   --->   Operation 1291 'sext' 'sext_ln1273_27' <Predicate = (!icmp_ln36)> <Delay = 0.00>
ST_4 : Operation 1292 [1/1] (0.94ns)   --->   "%sub_ln1273_37 = sub i12 %sext_ln1273_14, i12 %sext_ln1273_27"   --->   Operation 1292 'sub' 'sub_ln1273_37' <Predicate = (!icmp_ln36)> <Delay = 0.94> <CoreInst = "Adder">   --->   Core 1 'Adder' <Latency = 0> <II = 1> <Delay = 0.94> <FuncUnit> <Opcode : 'add' 'sub'> <InPorts = 2> <OutPorts = 1>
ST_4 : Operation 1293 [1/1] (0.00ns)   --->   "%sext_ln813_67 = sext i32 %select_ln302_68"   --->   Operation 1293 'sext' 'sext_ln813_67' <Predicate = (!icmp_ln36)> <Delay = 0.00>
ST_4 : Operation 1294 [1/1] (0.00ns)   --->   "%shl_ln1347_56 = bitconcatenate i20 @_ssdm_op_BitConcatenate.i20.i12.i8, i12 %sub_ln1273_37, i8 0"   --->   Operation 1294 'bitconcatenate' 'shl_ln1347_56' <Predicate = (!icmp_ln36)> <Delay = 0.00>
ST_4 : Operation 1295 [1/1] (0.00ns)   --->   "%sext_ln1347_136 = sext i20 %shl_ln1347_56"   --->   Operation 1295 'sext' 'sext_ln1347_136' <Predicate = (!icmp_ln36)> <Delay = 0.00>
ST_4 : Operation 1296 [1/1] (0.00ns)   --->   "%sext_ln1347_137 = sext i20 %shl_ln1347_56"   --->   Operation 1296 'sext' 'sext_ln1347_137' <Predicate = (!icmp_ln36)> <Delay = 0.00>
ST_4 : Operation 1297 [1/1] (1.20ns)   --->   "%add_ln1347_68 = add i33 %sext_ln813_67, i33 %sext_ln1347_136"   --->   Operation 1297 'add' 'add_ln1347_68' <Predicate = (!icmp_ln36)> <Delay = 1.20> <CoreInst = "Adder">   --->   Core 1 'Adder' <Latency = 0> <II = 1> <Delay = 1.20> <FuncUnit> <Opcode : 'add' 'sub'> <InPorts = 2> <OutPorts = 1>
ST_4 : Operation 1298 [1/1] (0.00ns)   --->   "%tmp_131 = bitselect i1 @_ssdm_op_BitSelect.i1.i33.i32, i33 %add_ln1347_68, i32 32"   --->   Operation 1298 'bitselect' 'tmp_131' <Predicate = (!icmp_ln36)> <Delay = 0.00>
ST_4 : Operation 1299 [1/1] (1.20ns)   --->   "%add_ln813_44 = add i32 %select_ln302_68, i32 %sext_ln1347_137"   --->   Operation 1299 'add' 'add_ln813_44' <Predicate = (!icmp_ln36)> <Delay = 1.20> <CoreInst = "Adder">   --->   Core 1 'Adder' <Latency = 0> <II = 1> <Delay = 1.20> <FuncUnit> <Opcode : 'add' 'sub'> <InPorts = 2> <OutPorts = 1>
ST_4 : Operation 1300 [1/1] (0.00ns)   --->   "%tmp_132 = bitselect i1 @_ssdm_op_BitSelect.i1.i32.i32, i32 %add_ln813_44, i32 31"   --->   Operation 1300 'bitselect' 'tmp_132' <Predicate = (!icmp_ln36)> <Delay = 0.00>
ST_4 : Operation 1301 [1/1] (0.00ns) (grouped into LUT with out node select_ln302_69)   --->   "%xor_ln895_69 = xor i1 %tmp_131, i1 1"   --->   Operation 1301 'xor' 'xor_ln895_69' <Predicate = (!icmp_ln36)> <Delay = 0.00> <CoreInst = "LogicGate">   --->   Core 74 'LogicGate' <Latency = 0> <II = 1> <Delay = 0.33> <FuncUnit> <Opcode : 'and' 'or' 'xor'> <InPorts = 2> <OutPorts = 1>
ST_4 : Operation 1302 [1/1] (0.00ns) (grouped into LUT with out node select_ln302_69)   --->   "%and_ln895_44 = and i1 %tmp_132, i1 %xor_ln895_69"   --->   Operation 1302 'and' 'and_ln895_44' <Predicate = (!icmp_ln36)> <Delay = 0.00> <CoreInst = "LogicGate">   --->   Core 74 'LogicGate' <Latency = 0> <II = 1> <Delay = 0.33> <FuncUnit> <Opcode : 'and' 'or' 'xor'> <InPorts = 2> <OutPorts = 1>
ST_4 : Operation 1303 [1/1] (0.00ns) (grouped into LUT with out node select_ln302_69)   --->   "%xor_ln302_60 = xor i1 %tmp_131, i1 %tmp_132"   --->   Operation 1303 'xor' 'xor_ln302_60' <Predicate = (!icmp_ln36)> <Delay = 0.00> <CoreInst = "LogicGate">   --->   Core 74 'LogicGate' <Latency = 0> <II = 1> <Delay = 0.33> <FuncUnit> <Opcode : 'and' 'or' 'xor'> <InPorts = 2> <OutPorts = 1>
ST_4 : Operation 1304 [1/1] (0.00ns) (grouped into LUT with out node select_ln302_69)   --->   "%select_ln346_60 = select i1 %and_ln895_44, i32 2147483647, i32 2147483648"   --->   Operation 1304 'select' 'select_ln346_60' <Predicate = (!icmp_ln36)> <Delay = 0.00> <CoreInst = "Sel">   --->   Core 73 'Sel' <Latency = 0> <II = 1> <Delay = 0.52> <FuncUnit> <Opcode : 'select'> <InPorts = 3> <OutPorts = 1>
ST_4 : Operation 1305 [1/1] (0.52ns) (out node of the LUT)   --->   "%select_ln302_69 = select i1 %xor_ln302_60, i32 %select_ln346_60, i32 %add_ln813_44"   --->   Operation 1305 'select' 'select_ln302_69' <Predicate = (!icmp_ln36)> <Delay = 0.52> <CoreInst = "Sel">   --->   Core 73 'Sel' <Latency = 0> <II = 1> <Delay = 0.52> <FuncUnit> <Opcode : 'select'> <InPorts = 3> <OutPorts = 1>
ST_4 : Operation 1306 [1/1] (0.00ns)   --->   "%trunc_ln1650_7 = trunc i32 %select_ln302_69"   --->   Operation 1306 'trunc' 'trunc_ln1650_7' <Predicate = (!icmp_ln36)> <Delay = 0.00>
ST_4 : Operation 1307 [1/1] (0.00ns)   --->   "%tmp_133 = bitselect i1 @_ssdm_op_BitSelect.i1.i32.i32, i32 %select_ln302_69, i32 31"   --->   Operation 1307 'bitselect' 'tmp_133' <Predicate = (!icmp_ln36)> <Delay = 0.00>
ST_4 : Operation 1308 [1/1] (0.49ns)   --->   "%select_ln82_7 = select i1 %tmp_133, i31 0, i31 %trunc_ln1650_7" [vgg_accelerator.cpp:82]   --->   Operation 1308 'select' 'select_ln82_7' <Predicate = (!icmp_ln36)> <Delay = 0.49> <CoreInst = "Sel">   --->   Core 73 'Sel' <Latency = 0> <II = 1> <Delay = 0.49> <FuncUnit> <Opcode : 'select'> <InPorts = 3> <OutPorts = 1>
ST_4 : Operation 1309 [1/1] (0.00ns)   --->   "%trunc_ln818_7 = partselect i8 @_ssdm_op_PartSelect.i8.i31.i32.i32, i31 %select_ln82_7, i32 12, i32 19"   --->   Operation 1309 'partselect' 'trunc_ln818_7' <Predicate = (!icmp_ln36)> <Delay = 0.00>
ST_4 : Operation 1310 [1/1] (0.00ns)   --->   "%tmp_134 = bitselect i1 @_ssdm_op_BitSelect.i1.i31.i32, i31 %select_ln82_7, i32 11"   --->   Operation 1310 'bitselect' 'tmp_134' <Predicate = (!icmp_ln36)> <Delay = 0.00>
ST_4 : Operation 1311 [1/1] (0.00ns)   --->   "%zext_ln377_16 = zext i1 %tmp_134"   --->   Operation 1311 'zext' 'zext_ln377_16' <Predicate = (!icmp_ln36)> <Delay = 0.00>
ST_4 : Operation 1312 [1/1] (0.00ns)   --->   "%trunc_ln377_4 = partselect i7 @_ssdm_op_PartSelect.i7.i31.i32.i32, i31 %select_ln82_7, i32 12, i32 18"   --->   Operation 1312 'partselect' 'trunc_ln377_4' <Predicate = (!icmp_ln36)> <Delay = 0.00>
ST_4 : Operation 1313 [1/1] (0.00ns)   --->   "%zext_ln377_17 = zext i1 %tmp_134"   --->   Operation 1313 'zext' 'zext_ln377_17' <Predicate = (!icmp_ln36)> <Delay = 0.00>
ST_4 : Operation 1314 [1/1] (0.90ns)   --->   "%add_ln377_7 = add i8 %trunc_ln818_7, i8 %zext_ln377_16"   --->   Operation 1314 'add' 'add_ln377_7' <Predicate = (!icmp_ln36)> <Delay = 0.90> <CoreInst = "Adder">   --->   Core 1 'Adder' <Latency = 0> <II = 1> <Delay = 0.90> <FuncUnit> <Opcode : 'add' 'sub'> <InPorts = 2> <OutPorts = 1>
ST_4 : Operation 1315 [1/1] (0.89ns)   --->   "%add_ln856_7 = add i7 %trunc_ln377_4, i7 %zext_ln377_17"   --->   Operation 1315 'add' 'add_ln856_7' <Predicate = (!icmp_ln36)> <Delay = 0.89> <CoreInst = "Adder">   --->   Core 1 'Adder' <Latency = 0> <II = 1> <Delay = 0.89> <FuncUnit> <Opcode : 'add' 'sub'> <InPorts = 2> <OutPorts = 1>
ST_4 : Operation 1316 [1/1] (0.00ns)   --->   "%tmp_135 = bitselect i1 @_ssdm_op_BitSelect.i1.i8.i32, i8 %add_ln377_7, i32 7"   --->   Operation 1316 'bitselect' 'tmp_135' <Predicate = (!icmp_ln36)> <Delay = 0.00>
ST_4 : Operation 1317 [1/1] (0.00ns)   --->   "%tmp_9 = partselect i11 @_ssdm_op_PartSelect.i11.i31.i32.i32, i31 %select_ln82_7, i32 20, i32 30"   --->   Operation 1317 'partselect' 'tmp_9' <Predicate = (!icmp_ln36)> <Delay = 0.00>
ST_4 : Operation 1318 [1/1] (0.85ns)   --->   "%icmp_ln878_7 = icmp_eq  i11 %tmp_9, i11 0"   --->   Operation 1318 'icmp' 'icmp_ln878_7' <Predicate = (!icmp_ln36)> <Delay = 0.85> <CoreInst = "Cmp">   --->   Core 9 'Cmp' <Latency = 0> <II = 1> <Delay = 0.85> <FuncUnit> <Opcode : 'icmp'> <InPorts = 2> <OutPorts = 1>
ST_4 : Operation 1319 [1/1] (0.00ns) (grouped into LUT with out node select_ln302_70)   --->   "%tmp_136 = bitselect i1 @_ssdm_op_BitSelect.i1.i31.i32, i31 %select_ln82_7, i32 19"   --->   Operation 1319 'bitselect' 'tmp_136' <Predicate = (!icmp_ln36)> <Delay = 0.00>
ST_4 : Operation 1320 [1/1] (0.00ns) (grouped into LUT with out node select_ln302_70)   --->   "%xor_ln888_7 = xor i1 %tmp_136, i1 1"   --->   Operation 1320 'xor' 'xor_ln888_7' <Predicate = (!icmp_ln36)> <Delay = 0.00> <CoreInst = "LogicGate">   --->   Core 74 'LogicGate' <Latency = 0> <II = 1> <Delay = 0.33> <FuncUnit> <Opcode : 'and' 'or' 'xor'> <InPorts = 2> <OutPorts = 1>
ST_4 : Operation 1321 [1/1] (0.00ns) (grouped into LUT with out node select_ln302_70)   --->   "%or_ln888_7 = or i1 %tmp_135, i1 %xor_ln888_7"   --->   Operation 1321 'or' 'or_ln888_7' <Predicate = (!icmp_ln36)> <Delay = 0.00> <CoreInst = "LogicGate">   --->   Core 74 'LogicGate' <Latency = 0> <II = 1> <Delay = 0.33> <FuncUnit> <Opcode : 'and' 'or' 'xor'> <InPorts = 2> <OutPorts = 1>
ST_4 : Operation 1322 [1/1] (0.00ns) (grouped into LUT with out node select_ln302_70)   --->   "%and_ln888_7 = and i1 %icmp_ln878_7, i1 %or_ln888_7"   --->   Operation 1322 'and' 'and_ln888_7' <Predicate = (!icmp_ln36)> <Delay = 0.00> <CoreInst = "LogicGate">   --->   Core 74 'LogicGate' <Latency = 0> <II = 1> <Delay = 0.33> <FuncUnit> <Opcode : 'and' 'or' 'xor'> <InPorts = 2> <OutPorts = 1>
ST_4 : Operation 1323 [1/1] (0.00ns) (grouped into LUT with out node select_ln302_70)   --->   "%xor_ln895_70 = xor i1 %and_ln888_7, i1 1"   --->   Operation 1323 'xor' 'xor_ln895_70' <Predicate = (!icmp_ln36)> <Delay = 0.00> <CoreInst = "LogicGate">   --->   Core 74 'LogicGate' <Latency = 0> <II = 1> <Delay = 0.33> <FuncUnit> <Opcode : 'and' 'or' 'xor'> <InPorts = 2> <OutPorts = 1>
ST_4 : Operation 1324 [1/1] (0.00ns) (grouped into LUT with out node select_ln302_70)   --->   "%or_ln895_7 = or i1 %tmp_135, i1 %xor_ln895_70"   --->   Operation 1324 'or' 'or_ln895_7' <Predicate = (!icmp_ln36)> <Delay = 0.00> <CoreInst = "LogicGate">   --->   Core 74 'LogicGate' <Latency = 0> <II = 1> <Delay = 0.33> <FuncUnit> <Opcode : 'and' 'or' 'xor'> <InPorts = 2> <OutPorts = 1>
ST_4 : Operation 1325 [1/1] (0.42ns) (out node of the LUT)   --->   "%select_ln302_70 = select i1 %or_ln895_7, i7 127, i7 %add_ln856_7"   --->   Operation 1325 'select' 'select_ln302_70' <Predicate = (!icmp_ln36)> <Delay = 0.42> <CoreInst = "Sel">   --->   Core 73 'Sel' <Latency = 0> <II = 1> <Delay = 0.42> <FuncUnit> <Opcode : 'select'> <InPorts = 3> <OutPorts = 1>
ST_4 : Operation 1326 [1/1] (0.00ns)   --->   "%sext_ln813_72 = sext i32 %select_ln302_73"   --->   Operation 1326 'sext' 'sext_ln813_72' <Predicate = (!icmp_ln36)> <Delay = 0.00>
ST_4 : Operation 1327 [1/1] (1.20ns)   --->   "%add_ln1347_75 = add i33 %sext_ln813_72, i33 %sext_ln1347_83"   --->   Operation 1327 'add' 'add_ln1347_75' <Predicate = (!icmp_ln36)> <Delay = 1.20> <CoreInst = "Adder">   --->   Core 1 'Adder' <Latency = 0> <II = 1> <Delay = 1.20> <FuncUnit> <Opcode : 'add' 'sub'> <InPorts = 2> <OutPorts = 1>
ST_4 : Operation 1328 [1/1] (0.00ns)   --->   "%tmp_143 = bitselect i1 @_ssdm_op_BitSelect.i1.i33.i32, i33 %add_ln1347_75, i32 32"   --->   Operation 1328 'bitselect' 'tmp_143' <Predicate = (!icmp_ln36)> <Delay = 0.00>
ST_4 : Operation 1329 [1/1] (1.20ns)   --->   "%add_ln813_48 = add i32 %select_ln302_73, i32 %sext_ln1347_84"   --->   Operation 1329 'add' 'add_ln813_48' <Predicate = (!icmp_ln36)> <Delay = 1.20> <CoreInst = "Adder">   --->   Core 1 'Adder' <Latency = 0> <II = 1> <Delay = 1.20> <FuncUnit> <Opcode : 'add' 'sub'> <InPorts = 2> <OutPorts = 1>
ST_4 : Operation 1330 [1/1] (0.00ns)   --->   "%tmp_144 = bitselect i1 @_ssdm_op_BitSelect.i1.i32.i32, i32 %add_ln813_48, i32 31"   --->   Operation 1330 'bitselect' 'tmp_144' <Predicate = (!icmp_ln36)> <Delay = 0.00>
ST_4 : Operation 1331 [1/1] (0.00ns) (grouped into LUT with out node select_ln302_74)   --->   "%xor_ln895_74 = xor i1 %tmp_143, i1 1"   --->   Operation 1331 'xor' 'xor_ln895_74' <Predicate = (!icmp_ln36)> <Delay = 0.00> <CoreInst = "LogicGate">   --->   Core 74 'LogicGate' <Latency = 0> <II = 1> <Delay = 0.33> <FuncUnit> <Opcode : 'and' 'or' 'xor'> <InPorts = 2> <OutPorts = 1>
ST_4 : Operation 1332 [1/1] (0.00ns) (grouped into LUT with out node select_ln302_74)   --->   "%and_ln895_48 = and i1 %tmp_144, i1 %xor_ln895_74"   --->   Operation 1332 'and' 'and_ln895_48' <Predicate = (!icmp_ln36)> <Delay = 0.00> <CoreInst = "LogicGate">   --->   Core 74 'LogicGate' <Latency = 0> <II = 1> <Delay = 0.33> <FuncUnit> <Opcode : 'and' 'or' 'xor'> <InPorts = 2> <OutPorts = 1>
ST_4 : Operation 1333 [1/1] (0.00ns) (grouped into LUT with out node select_ln302_74)   --->   "%xor_ln302_64 = xor i1 %tmp_143, i1 %tmp_144"   --->   Operation 1333 'xor' 'xor_ln302_64' <Predicate = (!icmp_ln36)> <Delay = 0.00> <CoreInst = "LogicGate">   --->   Core 74 'LogicGate' <Latency = 0> <II = 1> <Delay = 0.33> <FuncUnit> <Opcode : 'and' 'or' 'xor'> <InPorts = 2> <OutPorts = 1>
ST_4 : Operation 1334 [1/1] (0.00ns) (grouped into LUT with out node select_ln302_74)   --->   "%select_ln346_64 = select i1 %and_ln895_48, i32 2147483647, i32 2147483648"   --->   Operation 1334 'select' 'select_ln346_64' <Predicate = (!icmp_ln36)> <Delay = 0.00> <CoreInst = "Sel">   --->   Core 73 'Sel' <Latency = 0> <II = 1> <Delay = 0.52> <FuncUnit> <Opcode : 'select'> <InPorts = 3> <OutPorts = 1>
ST_4 : Operation 1335 [1/1] (0.52ns) (out node of the LUT)   --->   "%select_ln302_74 = select i1 %xor_ln302_64, i32 %select_ln346_64, i32 %add_ln813_48"   --->   Operation 1335 'select' 'select_ln302_74' <Predicate = (!icmp_ln36)> <Delay = 0.52> <CoreInst = "Sel">   --->   Core 73 'Sel' <Latency = 0> <II = 1> <Delay = 0.52> <FuncUnit> <Opcode : 'select'> <InPorts = 3> <OutPorts = 1>
ST_4 : Operation 1336 [1/1] (0.94ns)   --->   "%sub_ln1273_40 = sub i12 %sext_ln1273_4, i12 %px_V_23_cast171_i"   --->   Operation 1336 'sub' 'sub_ln1273_40' <Predicate = (!icmp_ln36)> <Delay = 0.94> <CoreInst = "Adder">   --->   Core 1 'Adder' <Latency = 0> <II = 1> <Delay = 0.94> <FuncUnit> <Opcode : 'add' 'sub'> <InPorts = 2> <OutPorts = 1>
ST_4 : Operation 1337 [1/1] (0.00ns)   --->   "%sext_ln813_73 = sext i32 %select_ln302_74"   --->   Operation 1337 'sext' 'sext_ln813_73' <Predicate = (!icmp_ln36)> <Delay = 0.00>
ST_4 : Operation 1338 [1/1] (0.00ns)   --->   "%shl_ln1347_58 = bitconcatenate i20 @_ssdm_op_BitConcatenate.i20.i12.i8, i12 %sub_ln1273_40, i8 0"   --->   Operation 1338 'bitconcatenate' 'shl_ln1347_58' <Predicate = (!icmp_ln36)> <Delay = 0.00>
ST_4 : Operation 1339 [1/1] (0.00ns)   --->   "%sext_ln1347_140 = sext i20 %shl_ln1347_58"   --->   Operation 1339 'sext' 'sext_ln1347_140' <Predicate = (!icmp_ln36)> <Delay = 0.00>
ST_4 : Operation 1340 [1/1] (0.00ns)   --->   "%sext_ln1347_141 = sext i20 %shl_ln1347_58"   --->   Operation 1340 'sext' 'sext_ln1347_141' <Predicate = (!icmp_ln36)> <Delay = 0.00>
ST_4 : Operation 1341 [1/1] (1.20ns)   --->   "%add_ln1347_76 = add i33 %sext_ln813_73, i33 %sext_ln1347_140"   --->   Operation 1341 'add' 'add_ln1347_76' <Predicate = (!icmp_ln36)> <Delay = 1.20> <CoreInst = "Adder">   --->   Core 1 'Adder' <Latency = 0> <II = 1> <Delay = 1.20> <FuncUnit> <Opcode : 'add' 'sub'> <InPorts = 2> <OutPorts = 1>
ST_4 : Operation 1342 [1/1] (0.00ns)   --->   "%tmp_145 = bitselect i1 @_ssdm_op_BitSelect.i1.i33.i32, i33 %add_ln1347_76, i32 32"   --->   Operation 1342 'bitselect' 'tmp_145' <Predicate = (!icmp_ln36)> <Delay = 0.00>
ST_4 : Operation 1343 [1/1] (1.20ns)   --->   "%add_ln813_49 = add i32 %select_ln302_74, i32 %sext_ln1347_141"   --->   Operation 1343 'add' 'add_ln813_49' <Predicate = (!icmp_ln36)> <Delay = 1.20> <CoreInst = "Adder">   --->   Core 1 'Adder' <Latency = 0> <II = 1> <Delay = 1.20> <FuncUnit> <Opcode : 'add' 'sub'> <InPorts = 2> <OutPorts = 1>
ST_4 : Operation 1344 [1/1] (0.00ns)   --->   "%tmp_146 = bitselect i1 @_ssdm_op_BitSelect.i1.i32.i32, i32 %add_ln813_49, i32 31"   --->   Operation 1344 'bitselect' 'tmp_146' <Predicate = (!icmp_ln36)> <Delay = 0.00>
ST_4 : Operation 1345 [1/1] (0.00ns) (grouped into LUT with out node select_ln302_75)   --->   "%xor_ln895_75 = xor i1 %tmp_145, i1 1"   --->   Operation 1345 'xor' 'xor_ln895_75' <Predicate = (!icmp_ln36)> <Delay = 0.00> <CoreInst = "LogicGate">   --->   Core 74 'LogicGate' <Latency = 0> <II = 1> <Delay = 0.33> <FuncUnit> <Opcode : 'and' 'or' 'xor'> <InPorts = 2> <OutPorts = 1>
ST_4 : Operation 1346 [1/1] (0.00ns) (grouped into LUT with out node select_ln302_75)   --->   "%and_ln895_49 = and i1 %tmp_146, i1 %xor_ln895_75"   --->   Operation 1346 'and' 'and_ln895_49' <Predicate = (!icmp_ln36)> <Delay = 0.00> <CoreInst = "LogicGate">   --->   Core 74 'LogicGate' <Latency = 0> <II = 1> <Delay = 0.33> <FuncUnit> <Opcode : 'and' 'or' 'xor'> <InPorts = 2> <OutPorts = 1>
ST_4 : Operation 1347 [1/1] (0.00ns) (grouped into LUT with out node select_ln302_75)   --->   "%xor_ln302_65 = xor i1 %tmp_145, i1 %tmp_146"   --->   Operation 1347 'xor' 'xor_ln302_65' <Predicate = (!icmp_ln36)> <Delay = 0.00> <CoreInst = "LogicGate">   --->   Core 74 'LogicGate' <Latency = 0> <II = 1> <Delay = 0.33> <FuncUnit> <Opcode : 'and' 'or' 'xor'> <InPorts = 2> <OutPorts = 1>
ST_4 : Operation 1348 [1/1] (0.00ns) (grouped into LUT with out node select_ln302_75)   --->   "%select_ln346_65 = select i1 %and_ln895_49, i32 2147483647, i32 2147483648"   --->   Operation 1348 'select' 'select_ln346_65' <Predicate = (!icmp_ln36)> <Delay = 0.00> <CoreInst = "Sel">   --->   Core 73 'Sel' <Latency = 0> <II = 1> <Delay = 0.52> <FuncUnit> <Opcode : 'select'> <InPorts = 3> <OutPorts = 1>
ST_4 : Operation 1349 [1/1] (0.52ns) (out node of the LUT)   --->   "%select_ln302_75 = select i1 %xor_ln302_65, i32 %select_ln346_65, i32 %add_ln813_49"   --->   Operation 1349 'select' 'select_ln302_75' <Predicate = (!icmp_ln36)> <Delay = 0.52> <CoreInst = "Sel">   --->   Core 73 'Sel' <Latency = 0> <II = 1> <Delay = 0.52> <FuncUnit> <Opcode : 'select'> <InPorts = 3> <OutPorts = 1>
ST_4 : Operation 1350 [1/1] (0.00ns)   --->   "%trunc_ln1650_8 = trunc i32 %select_ln302_75"   --->   Operation 1350 'trunc' 'trunc_ln1650_8' <Predicate = (!icmp_ln36)> <Delay = 0.00>
ST_4 : Operation 1351 [1/1] (0.00ns)   --->   "%tmp_147 = bitselect i1 @_ssdm_op_BitSelect.i1.i32.i32, i32 %select_ln302_75, i32 31"   --->   Operation 1351 'bitselect' 'tmp_147' <Predicate = (!icmp_ln36)> <Delay = 0.00>
ST_4 : Operation 1352 [1/1] (0.49ns)   --->   "%select_ln82_8 = select i1 %tmp_147, i31 0, i31 %trunc_ln1650_8" [vgg_accelerator.cpp:82]   --->   Operation 1352 'select' 'select_ln82_8' <Predicate = (!icmp_ln36)> <Delay = 0.49> <CoreInst = "Sel">   --->   Core 73 'Sel' <Latency = 0> <II = 1> <Delay = 0.49> <FuncUnit> <Opcode : 'select'> <InPorts = 3> <OutPorts = 1>
ST_4 : Operation 1353 [1/1] (0.00ns)   --->   "%trunc_ln818_8 = partselect i8 @_ssdm_op_PartSelect.i8.i31.i32.i32, i31 %select_ln82_8, i32 12, i32 19"   --->   Operation 1353 'partselect' 'trunc_ln818_8' <Predicate = (!icmp_ln36)> <Delay = 0.00>
ST_4 : Operation 1354 [1/1] (0.00ns)   --->   "%tmp_148 = bitselect i1 @_ssdm_op_BitSelect.i1.i31.i32, i31 %select_ln82_8, i32 11"   --->   Operation 1354 'bitselect' 'tmp_148' <Predicate = (!icmp_ln36)> <Delay = 0.00>
ST_4 : Operation 1355 [1/1] (0.00ns)   --->   "%zext_ln377_18 = zext i1 %tmp_148"   --->   Operation 1355 'zext' 'zext_ln377_18' <Predicate = (!icmp_ln36)> <Delay = 0.00>
ST_4 : Operation 1356 [1/1] (0.00ns)   --->   "%trunc_ln377_7 = partselect i7 @_ssdm_op_PartSelect.i7.i31.i32.i32, i31 %select_ln82_8, i32 12, i32 18"   --->   Operation 1356 'partselect' 'trunc_ln377_7' <Predicate = (!icmp_ln36)> <Delay = 0.00>
ST_4 : Operation 1357 [1/1] (0.00ns)   --->   "%zext_ln377_19 = zext i1 %tmp_148"   --->   Operation 1357 'zext' 'zext_ln377_19' <Predicate = (!icmp_ln36)> <Delay = 0.00>
ST_4 : Operation 1358 [1/1] (0.90ns)   --->   "%add_ln377_8 = add i8 %trunc_ln818_8, i8 %zext_ln377_18"   --->   Operation 1358 'add' 'add_ln377_8' <Predicate = (!icmp_ln36)> <Delay = 0.90> <CoreInst = "Adder">   --->   Core 1 'Adder' <Latency = 0> <II = 1> <Delay = 0.90> <FuncUnit> <Opcode : 'add' 'sub'> <InPorts = 2> <OutPorts = 1>
ST_4 : Operation 1359 [1/1] (0.89ns)   --->   "%add_ln856_8 = add i7 %trunc_ln377_7, i7 %zext_ln377_19"   --->   Operation 1359 'add' 'add_ln856_8' <Predicate = (!icmp_ln36)> <Delay = 0.89> <CoreInst = "Adder">   --->   Core 1 'Adder' <Latency = 0> <II = 1> <Delay = 0.89> <FuncUnit> <Opcode : 'add' 'sub'> <InPorts = 2> <OutPorts = 1>
ST_4 : Operation 1360 [1/1] (0.00ns)   --->   "%tmp_149 = bitselect i1 @_ssdm_op_BitSelect.i1.i8.i32, i8 %add_ln377_8, i32 7"   --->   Operation 1360 'bitselect' 'tmp_149' <Predicate = (!icmp_ln36)> <Delay = 0.00>
ST_4 : Operation 1361 [1/1] (0.00ns)   --->   "%tmp_s = partselect i11 @_ssdm_op_PartSelect.i11.i31.i32.i32, i31 %select_ln82_8, i32 20, i32 30"   --->   Operation 1361 'partselect' 'tmp_s' <Predicate = (!icmp_ln36)> <Delay = 0.00>
ST_4 : Operation 1362 [1/1] (0.85ns)   --->   "%icmp_ln878_8 = icmp_eq  i11 %tmp_s, i11 0"   --->   Operation 1362 'icmp' 'icmp_ln878_8' <Predicate = (!icmp_ln36)> <Delay = 0.85> <CoreInst = "Cmp">   --->   Core 9 'Cmp' <Latency = 0> <II = 1> <Delay = 0.85> <FuncUnit> <Opcode : 'icmp'> <InPorts = 2> <OutPorts = 1>
ST_4 : Operation 1363 [1/1] (0.00ns) (grouped into LUT with out node select_ln302_76)   --->   "%tmp_150 = bitselect i1 @_ssdm_op_BitSelect.i1.i31.i32, i31 %select_ln82_8, i32 19"   --->   Operation 1363 'bitselect' 'tmp_150' <Predicate = (!icmp_ln36)> <Delay = 0.00>
ST_4 : Operation 1364 [1/1] (0.00ns) (grouped into LUT with out node select_ln302_76)   --->   "%xor_ln888_8 = xor i1 %tmp_150, i1 1"   --->   Operation 1364 'xor' 'xor_ln888_8' <Predicate = (!icmp_ln36)> <Delay = 0.00> <CoreInst = "LogicGate">   --->   Core 74 'LogicGate' <Latency = 0> <II = 1> <Delay = 0.33> <FuncUnit> <Opcode : 'and' 'or' 'xor'> <InPorts = 2> <OutPorts = 1>
ST_4 : Operation 1365 [1/1] (0.00ns) (grouped into LUT with out node select_ln302_76)   --->   "%or_ln888_8 = or i1 %tmp_149, i1 %xor_ln888_8"   --->   Operation 1365 'or' 'or_ln888_8' <Predicate = (!icmp_ln36)> <Delay = 0.00> <CoreInst = "LogicGate">   --->   Core 74 'LogicGate' <Latency = 0> <II = 1> <Delay = 0.33> <FuncUnit> <Opcode : 'and' 'or' 'xor'> <InPorts = 2> <OutPorts = 1>
ST_4 : Operation 1366 [1/1] (0.00ns) (grouped into LUT with out node select_ln302_76)   --->   "%and_ln888_8 = and i1 %icmp_ln878_8, i1 %or_ln888_8"   --->   Operation 1366 'and' 'and_ln888_8' <Predicate = (!icmp_ln36)> <Delay = 0.00> <CoreInst = "LogicGate">   --->   Core 74 'LogicGate' <Latency = 0> <II = 1> <Delay = 0.33> <FuncUnit> <Opcode : 'and' 'or' 'xor'> <InPorts = 2> <OutPorts = 1>
ST_4 : Operation 1367 [1/1] (0.00ns) (grouped into LUT with out node select_ln302_76)   --->   "%xor_ln895_76 = xor i1 %and_ln888_8, i1 1"   --->   Operation 1367 'xor' 'xor_ln895_76' <Predicate = (!icmp_ln36)> <Delay = 0.00> <CoreInst = "LogicGate">   --->   Core 74 'LogicGate' <Latency = 0> <II = 1> <Delay = 0.33> <FuncUnit> <Opcode : 'and' 'or' 'xor'> <InPorts = 2> <OutPorts = 1>
ST_4 : Operation 1368 [1/1] (0.00ns) (grouped into LUT with out node select_ln302_76)   --->   "%or_ln895_8 = or i1 %tmp_149, i1 %xor_ln895_76"   --->   Operation 1368 'or' 'or_ln895_8' <Predicate = (!icmp_ln36)> <Delay = 0.00> <CoreInst = "LogicGate">   --->   Core 74 'LogicGate' <Latency = 0> <II = 1> <Delay = 0.33> <FuncUnit> <Opcode : 'and' 'or' 'xor'> <InPorts = 2> <OutPorts = 1>
ST_4 : Operation 1369 [1/1] (0.42ns) (out node of the LUT)   --->   "%select_ln302_76 = select i1 %or_ln895_8, i7 127, i7 %add_ln856_8"   --->   Operation 1369 'select' 'select_ln302_76' <Predicate = (!icmp_ln36)> <Delay = 0.42> <CoreInst = "Sel">   --->   Core 73 'Sel' <Latency = 0> <II = 1> <Delay = 0.42> <FuncUnit> <Opcode : 'select'> <InPorts = 3> <OutPorts = 1>
ST_4 : Operation 1370 [1/1] (0.00ns)   --->   "%sext_ln813_78 = sext i32 %select_ln302_79"   --->   Operation 1370 'sext' 'sext_ln813_78' <Predicate = (!icmp_ln36)> <Delay = 0.00>
ST_4 : Operation 1371 [1/1] (1.20ns)   --->   "%add_ln1347_83 = add i33 %sext_ln813_78, i33 %sext_ln1347_83"   --->   Operation 1371 'add' 'add_ln1347_83' <Predicate = (!icmp_ln36)> <Delay = 1.20> <CoreInst = "Adder">   --->   Core 1 'Adder' <Latency = 0> <II = 1> <Delay = 1.20> <FuncUnit> <Opcode : 'add' 'sub'> <InPorts = 2> <OutPorts = 1>
ST_4 : Operation 1372 [1/1] (0.00ns)   --->   "%tmp_157 = bitselect i1 @_ssdm_op_BitSelect.i1.i33.i32, i33 %add_ln1347_83, i32 32"   --->   Operation 1372 'bitselect' 'tmp_157' <Predicate = (!icmp_ln36)> <Delay = 0.00>
ST_4 : Operation 1373 [1/1] (1.20ns)   --->   "%add_ln813_53 = add i32 %select_ln302_79, i32 %sext_ln1347_84"   --->   Operation 1373 'add' 'add_ln813_53' <Predicate = (!icmp_ln36)> <Delay = 1.20> <CoreInst = "Adder">   --->   Core 1 'Adder' <Latency = 0> <II = 1> <Delay = 1.20> <FuncUnit> <Opcode : 'add' 'sub'> <InPorts = 2> <OutPorts = 1>
ST_4 : Operation 1374 [1/1] (0.00ns)   --->   "%tmp_158 = bitselect i1 @_ssdm_op_BitSelect.i1.i32.i32, i32 %add_ln813_53, i32 31"   --->   Operation 1374 'bitselect' 'tmp_158' <Predicate = (!icmp_ln36)> <Delay = 0.00>
ST_4 : Operation 1375 [1/1] (0.00ns) (grouped into LUT with out node select_ln302_80)   --->   "%xor_ln895_80 = xor i1 %tmp_157, i1 1"   --->   Operation 1375 'xor' 'xor_ln895_80' <Predicate = (!icmp_ln36)> <Delay = 0.00> <CoreInst = "LogicGate">   --->   Core 74 'LogicGate' <Latency = 0> <II = 1> <Delay = 0.33> <FuncUnit> <Opcode : 'and' 'or' 'xor'> <InPorts = 2> <OutPorts = 1>
ST_4 : Operation 1376 [1/1] (0.00ns) (grouped into LUT with out node select_ln302_80)   --->   "%and_ln895_53 = and i1 %tmp_158, i1 %xor_ln895_80"   --->   Operation 1376 'and' 'and_ln895_53' <Predicate = (!icmp_ln36)> <Delay = 0.00> <CoreInst = "LogicGate">   --->   Core 74 'LogicGate' <Latency = 0> <II = 1> <Delay = 0.33> <FuncUnit> <Opcode : 'and' 'or' 'xor'> <InPorts = 2> <OutPorts = 1>
ST_4 : Operation 1377 [1/1] (0.00ns) (grouped into LUT with out node select_ln302_80)   --->   "%xor_ln302_69 = xor i1 %tmp_157, i1 %tmp_158"   --->   Operation 1377 'xor' 'xor_ln302_69' <Predicate = (!icmp_ln36)> <Delay = 0.00> <CoreInst = "LogicGate">   --->   Core 74 'LogicGate' <Latency = 0> <II = 1> <Delay = 0.33> <FuncUnit> <Opcode : 'and' 'or' 'xor'> <InPorts = 2> <OutPorts = 1>
ST_4 : Operation 1378 [1/1] (0.00ns) (grouped into LUT with out node select_ln302_80)   --->   "%select_ln346_69 = select i1 %and_ln895_53, i32 2147483647, i32 2147483648"   --->   Operation 1378 'select' 'select_ln346_69' <Predicate = (!icmp_ln36)> <Delay = 0.00> <CoreInst = "Sel">   --->   Core 73 'Sel' <Latency = 0> <II = 1> <Delay = 0.52> <FuncUnit> <Opcode : 'select'> <InPorts = 3> <OutPorts = 1>
ST_4 : Operation 1379 [1/1] (0.52ns) (out node of the LUT)   --->   "%select_ln302_80 = select i1 %xor_ln302_69, i32 %select_ln346_69, i32 %add_ln813_53"   --->   Operation 1379 'select' 'select_ln302_80' <Predicate = (!icmp_ln36)> <Delay = 0.52> <CoreInst = "Sel">   --->   Core 73 'Sel' <Latency = 0> <II = 1> <Delay = 0.52> <FuncUnit> <Opcode : 'select'> <InPorts = 3> <OutPorts = 1>
ST_4 : Operation 1380 [1/1] (0.00ns)   --->   "%sext_ln813_79 = sext i32 %select_ln302_80"   --->   Operation 1380 'sext' 'sext_ln813_79' <Predicate = (!icmp_ln36)> <Delay = 0.00>
ST_4 : Operation 1381 [1/1] (0.00ns)   --->   "%shl_ln1347_61 = bitconcatenate i16 @_ssdm_op_BitConcatenate.i16.i8.i8, i8 %px_V_20, i8 0"   --->   Operation 1381 'bitconcatenate' 'shl_ln1347_61' <Predicate = (!icmp_ln36)> <Delay = 0.00>
ST_4 : Operation 1382 [1/1] (0.00ns)   --->   "%sext_ln1347_144 = sext i16 %shl_ln1347_61"   --->   Operation 1382 'sext' 'sext_ln1347_144' <Predicate = (!icmp_ln36)> <Delay = 0.00>
ST_4 : Operation 1383 [1/1] (0.00ns)   --->   "%sext_ln1347_145 = sext i16 %shl_ln1347_61"   --->   Operation 1383 'sext' 'sext_ln1347_145' <Predicate = (!icmp_ln36)> <Delay = 0.00>
ST_4 : Operation 1384 [1/1] (1.20ns)   --->   "%add_ln1347_84 = add i33 %sext_ln813_79, i33 %sext_ln1347_144"   --->   Operation 1384 'add' 'add_ln1347_84' <Predicate = (!icmp_ln36)> <Delay = 1.20> <CoreInst = "Adder">   --->   Core 1 'Adder' <Latency = 0> <II = 1> <Delay = 1.20> <FuncUnit> <Opcode : 'add' 'sub'> <InPorts = 2> <OutPorts = 1>
ST_4 : Operation 1385 [1/1] (0.00ns)   --->   "%tmp_159 = bitselect i1 @_ssdm_op_BitSelect.i1.i33.i32, i33 %add_ln1347_84, i32 32"   --->   Operation 1385 'bitselect' 'tmp_159' <Predicate = (!icmp_ln36)> <Delay = 0.00>
ST_4 : Operation 1386 [1/1] (1.20ns)   --->   "%add_ln813_54 = add i32 %select_ln302_80, i32 %sext_ln1347_145"   --->   Operation 1386 'add' 'add_ln813_54' <Predicate = (!icmp_ln36)> <Delay = 1.20> <CoreInst = "Adder">   --->   Core 1 'Adder' <Latency = 0> <II = 1> <Delay = 1.20> <FuncUnit> <Opcode : 'add' 'sub'> <InPorts = 2> <OutPorts = 1>
ST_4 : Operation 1387 [1/1] (0.00ns)   --->   "%tmp_160 = bitselect i1 @_ssdm_op_BitSelect.i1.i32.i32, i32 %add_ln813_54, i32 31"   --->   Operation 1387 'bitselect' 'tmp_160' <Predicate = (!icmp_ln36)> <Delay = 0.00>
ST_4 : Operation 1388 [1/1] (0.00ns) (grouped into LUT with out node select_ln302_81)   --->   "%xor_ln895_81 = xor i1 %tmp_159, i1 1"   --->   Operation 1388 'xor' 'xor_ln895_81' <Predicate = (!icmp_ln36)> <Delay = 0.00> <CoreInst = "LogicGate">   --->   Core 74 'LogicGate' <Latency = 0> <II = 1> <Delay = 0.33> <FuncUnit> <Opcode : 'and' 'or' 'xor'> <InPorts = 2> <OutPorts = 1>
ST_4 : Operation 1389 [1/1] (0.00ns) (grouped into LUT with out node select_ln302_81)   --->   "%and_ln895_54 = and i1 %tmp_160, i1 %xor_ln895_81"   --->   Operation 1389 'and' 'and_ln895_54' <Predicate = (!icmp_ln36)> <Delay = 0.00> <CoreInst = "LogicGate">   --->   Core 74 'LogicGate' <Latency = 0> <II = 1> <Delay = 0.33> <FuncUnit> <Opcode : 'and' 'or' 'xor'> <InPorts = 2> <OutPorts = 1>
ST_4 : Operation 1390 [1/1] (0.00ns) (grouped into LUT with out node select_ln302_81)   --->   "%xor_ln302_70 = xor i1 %tmp_159, i1 %tmp_160"   --->   Operation 1390 'xor' 'xor_ln302_70' <Predicate = (!icmp_ln36)> <Delay = 0.00> <CoreInst = "LogicGate">   --->   Core 74 'LogicGate' <Latency = 0> <II = 1> <Delay = 0.33> <FuncUnit> <Opcode : 'and' 'or' 'xor'> <InPorts = 2> <OutPorts = 1>
ST_4 : Operation 1391 [1/1] (0.00ns) (grouped into LUT with out node select_ln302_81)   --->   "%select_ln346_70 = select i1 %and_ln895_54, i32 2147483647, i32 2147483648"   --->   Operation 1391 'select' 'select_ln346_70' <Predicate = (!icmp_ln36)> <Delay = 0.00> <CoreInst = "Sel">   --->   Core 73 'Sel' <Latency = 0> <II = 1> <Delay = 0.52> <FuncUnit> <Opcode : 'select'> <InPorts = 3> <OutPorts = 1>
ST_4 : Operation 1392 [1/1] (0.52ns) (out node of the LUT)   --->   "%select_ln302_81 = select i1 %xor_ln302_70, i32 %select_ln346_70, i32 %add_ln813_54"   --->   Operation 1392 'select' 'select_ln302_81' <Predicate = (!icmp_ln36)> <Delay = 0.52> <CoreInst = "Sel">   --->   Core 73 'Sel' <Latency = 0> <II = 1> <Delay = 0.52> <FuncUnit> <Opcode : 'select'> <InPorts = 3> <OutPorts = 1>
ST_4 : Operation 1393 [1/1] (0.93ns)   --->   "%sub_ln1273_42 = sub i11 %sext_ln77, i11 %sext_ln1273_7"   --->   Operation 1393 'sub' 'sub_ln1273_42' <Predicate = (!icmp_ln36)> <Delay = 0.93> <CoreInst = "Adder">   --->   Core 1 'Adder' <Latency = 0> <II = 1> <Delay = 0.93> <FuncUnit> <Opcode : 'add' 'sub'> <InPorts = 2> <OutPorts = 1>
ST_4 : Operation 1394 [1/1] (0.00ns)   --->   "%sext_ln813_80 = sext i32 %select_ln302_81"   --->   Operation 1394 'sext' 'sext_ln813_80' <Predicate = (!icmp_ln36)> <Delay = 0.00>
ST_4 : Operation 1395 [1/1] (0.00ns)   --->   "%shl_ln1347_62 = bitconcatenate i19 @_ssdm_op_BitConcatenate.i19.i11.i8, i11 %sub_ln1273_42, i8 0"   --->   Operation 1395 'bitconcatenate' 'shl_ln1347_62' <Predicate = (!icmp_ln36)> <Delay = 0.00>
ST_4 : Operation 1396 [1/1] (0.00ns)   --->   "%sext_ln1347_146 = sext i19 %shl_ln1347_62"   --->   Operation 1396 'sext' 'sext_ln1347_146' <Predicate = (!icmp_ln36)> <Delay = 0.00>
ST_4 : Operation 1397 [1/1] (0.00ns)   --->   "%sext_ln1347_147 = sext i19 %shl_ln1347_62"   --->   Operation 1397 'sext' 'sext_ln1347_147' <Predicate = (!icmp_ln36)> <Delay = 0.00>
ST_4 : Operation 1398 [1/1] (1.20ns)   --->   "%add_ln1347_85 = add i33 %sext_ln813_80, i33 %sext_ln1347_146"   --->   Operation 1398 'add' 'add_ln1347_85' <Predicate = (!icmp_ln36)> <Delay = 1.20> <CoreInst = "Adder">   --->   Core 1 'Adder' <Latency = 0> <II = 1> <Delay = 1.20> <FuncUnit> <Opcode : 'add' 'sub'> <InPorts = 2> <OutPorts = 1>
ST_4 : Operation 1399 [1/1] (0.00ns)   --->   "%tmp_161 = bitselect i1 @_ssdm_op_BitSelect.i1.i33.i32, i33 %add_ln1347_85, i32 32"   --->   Operation 1399 'bitselect' 'tmp_161' <Predicate = (!icmp_ln36)> <Delay = 0.00>
ST_4 : Operation 1400 [1/1] (1.20ns)   --->   "%add_ln813_55 = add i32 %select_ln302_81, i32 %sext_ln1347_147"   --->   Operation 1400 'add' 'add_ln813_55' <Predicate = (!icmp_ln36)> <Delay = 1.20> <CoreInst = "Adder">   --->   Core 1 'Adder' <Latency = 0> <II = 1> <Delay = 1.20> <FuncUnit> <Opcode : 'add' 'sub'> <InPorts = 2> <OutPorts = 1>
ST_4 : Operation 1401 [1/1] (0.00ns)   --->   "%tmp_162 = bitselect i1 @_ssdm_op_BitSelect.i1.i32.i32, i32 %add_ln813_55, i32 31"   --->   Operation 1401 'bitselect' 'tmp_162' <Predicate = (!icmp_ln36)> <Delay = 0.00>
ST_4 : Operation 1402 [1/1] (0.00ns) (grouped into LUT with out node select_ln302_82)   --->   "%xor_ln895_82 = xor i1 %tmp_161, i1 1"   --->   Operation 1402 'xor' 'xor_ln895_82' <Predicate = (!icmp_ln36)> <Delay = 0.00> <CoreInst = "LogicGate">   --->   Core 74 'LogicGate' <Latency = 0> <II = 1> <Delay = 0.33> <FuncUnit> <Opcode : 'and' 'or' 'xor'> <InPorts = 2> <OutPorts = 1>
ST_4 : Operation 1403 [1/1] (0.00ns) (grouped into LUT with out node select_ln302_82)   --->   "%and_ln895_55 = and i1 %tmp_162, i1 %xor_ln895_82"   --->   Operation 1403 'and' 'and_ln895_55' <Predicate = (!icmp_ln36)> <Delay = 0.00> <CoreInst = "LogicGate">   --->   Core 74 'LogicGate' <Latency = 0> <II = 1> <Delay = 0.33> <FuncUnit> <Opcode : 'and' 'or' 'xor'> <InPorts = 2> <OutPorts = 1>
ST_4 : Operation 1404 [1/1] (0.00ns) (grouped into LUT with out node select_ln302_82)   --->   "%xor_ln302_71 = xor i1 %tmp_161, i1 %tmp_162"   --->   Operation 1404 'xor' 'xor_ln302_71' <Predicate = (!icmp_ln36)> <Delay = 0.00> <CoreInst = "LogicGate">   --->   Core 74 'LogicGate' <Latency = 0> <II = 1> <Delay = 0.33> <FuncUnit> <Opcode : 'and' 'or' 'xor'> <InPorts = 2> <OutPorts = 1>
ST_4 : Operation 1405 [1/1] (0.00ns) (grouped into LUT with out node select_ln302_82)   --->   "%select_ln346_71 = select i1 %and_ln895_55, i32 2147483647, i32 2147483648"   --->   Operation 1405 'select' 'select_ln346_71' <Predicate = (!icmp_ln36)> <Delay = 0.00> <CoreInst = "Sel">   --->   Core 73 'Sel' <Latency = 0> <II = 1> <Delay = 0.52> <FuncUnit> <Opcode : 'select'> <InPorts = 3> <OutPorts = 1>
ST_4 : Operation 1406 [1/1] (0.52ns) (out node of the LUT)   --->   "%select_ln302_82 = select i1 %xor_ln302_71, i32 %select_ln346_71, i32 %add_ln813_55"   --->   Operation 1406 'select' 'select_ln302_82' <Predicate = (!icmp_ln36)> <Delay = 0.52> <CoreInst = "Sel">   --->   Core 73 'Sel' <Latency = 0> <II = 1> <Delay = 0.52> <FuncUnit> <Opcode : 'select'> <InPorts = 3> <OutPorts = 1>
ST_4 : Operation 1407 [1/1] (0.00ns)   --->   "%trunc_ln1650_9 = trunc i32 %select_ln302_82"   --->   Operation 1407 'trunc' 'trunc_ln1650_9' <Predicate = (!icmp_ln36)> <Delay = 0.00>
ST_4 : Operation 1408 [1/1] (0.00ns)   --->   "%tmp_163 = bitselect i1 @_ssdm_op_BitSelect.i1.i32.i32, i32 %select_ln302_82, i32 31"   --->   Operation 1408 'bitselect' 'tmp_163' <Predicate = (!icmp_ln36)> <Delay = 0.00>
ST_4 : Operation 1409 [1/1] (0.49ns)   --->   "%select_ln82_9 = select i1 %tmp_163, i31 0, i31 %trunc_ln1650_9" [vgg_accelerator.cpp:82]   --->   Operation 1409 'select' 'select_ln82_9' <Predicate = (!icmp_ln36)> <Delay = 0.49> <CoreInst = "Sel">   --->   Core 73 'Sel' <Latency = 0> <II = 1> <Delay = 0.49> <FuncUnit> <Opcode : 'select'> <InPorts = 3> <OutPorts = 1>
ST_4 : Operation 1410 [1/1] (0.00ns)   --->   "%trunc_ln818_9 = partselect i8 @_ssdm_op_PartSelect.i8.i31.i32.i32, i31 %select_ln82_9, i32 12, i32 19"   --->   Operation 1410 'partselect' 'trunc_ln818_9' <Predicate = (!icmp_ln36)> <Delay = 0.00>
ST_4 : Operation 1411 [1/1] (0.00ns)   --->   "%tmp_164 = bitselect i1 @_ssdm_op_BitSelect.i1.i31.i32, i31 %select_ln82_9, i32 11"   --->   Operation 1411 'bitselect' 'tmp_164' <Predicate = (!icmp_ln36)> <Delay = 0.00>
ST_4 : Operation 1412 [1/1] (0.00ns)   --->   "%zext_ln377_20 = zext i1 %tmp_164"   --->   Operation 1412 'zext' 'zext_ln377_20' <Predicate = (!icmp_ln36)> <Delay = 0.00>
ST_4 : Operation 1413 [1/1] (0.00ns)   --->   "%trunc_ln377_9 = partselect i7 @_ssdm_op_PartSelect.i7.i31.i32.i32, i31 %select_ln82_9, i32 12, i32 18"   --->   Operation 1413 'partselect' 'trunc_ln377_9' <Predicate = (!icmp_ln36)> <Delay = 0.00>
ST_4 : Operation 1414 [1/1] (0.00ns)   --->   "%zext_ln377_21 = zext i1 %tmp_164"   --->   Operation 1414 'zext' 'zext_ln377_21' <Predicate = (!icmp_ln36)> <Delay = 0.00>
ST_4 : Operation 1415 [1/1] (0.90ns)   --->   "%add_ln377_9 = add i8 %trunc_ln818_9, i8 %zext_ln377_20"   --->   Operation 1415 'add' 'add_ln377_9' <Predicate = (!icmp_ln36)> <Delay = 0.90> <CoreInst = "Adder">   --->   Core 1 'Adder' <Latency = 0> <II = 1> <Delay = 0.90> <FuncUnit> <Opcode : 'add' 'sub'> <InPorts = 2> <OutPorts = 1>
ST_4 : Operation 1416 [1/1] (0.89ns)   --->   "%add_ln856_9 = add i7 %trunc_ln377_9, i7 %zext_ln377_21"   --->   Operation 1416 'add' 'add_ln856_9' <Predicate = (!icmp_ln36)> <Delay = 0.89> <CoreInst = "Adder">   --->   Core 1 'Adder' <Latency = 0> <II = 1> <Delay = 0.89> <FuncUnit> <Opcode : 'add' 'sub'> <InPorts = 2> <OutPorts = 1>
ST_4 : Operation 1417 [1/1] (0.00ns)   --->   "%tmp_165 = bitselect i1 @_ssdm_op_BitSelect.i1.i8.i32, i8 %add_ln377_9, i32 7"   --->   Operation 1417 'bitselect' 'tmp_165' <Predicate = (!icmp_ln36)> <Delay = 0.00>
ST_4 : Operation 1418 [1/1] (0.00ns)   --->   "%tmp_1 = partselect i11 @_ssdm_op_PartSelect.i11.i31.i32.i32, i31 %select_ln82_9, i32 20, i32 30"   --->   Operation 1418 'partselect' 'tmp_1' <Predicate = (!icmp_ln36)> <Delay = 0.00>
ST_4 : Operation 1419 [1/1] (0.85ns)   --->   "%icmp_ln878_9 = icmp_eq  i11 %tmp_1, i11 0"   --->   Operation 1419 'icmp' 'icmp_ln878_9' <Predicate = (!icmp_ln36)> <Delay = 0.85> <CoreInst = "Cmp">   --->   Core 9 'Cmp' <Latency = 0> <II = 1> <Delay = 0.85> <FuncUnit> <Opcode : 'icmp'> <InPorts = 2> <OutPorts = 1>
ST_4 : Operation 1420 [1/1] (0.00ns) (grouped into LUT with out node select_ln302_83)   --->   "%tmp_166 = bitselect i1 @_ssdm_op_BitSelect.i1.i31.i32, i31 %select_ln82_9, i32 19"   --->   Operation 1420 'bitselect' 'tmp_166' <Predicate = (!icmp_ln36)> <Delay = 0.00>
ST_4 : Operation 1421 [1/1] (0.00ns) (grouped into LUT with out node select_ln302_83)   --->   "%xor_ln888_9 = xor i1 %tmp_166, i1 1"   --->   Operation 1421 'xor' 'xor_ln888_9' <Predicate = (!icmp_ln36)> <Delay = 0.00> <CoreInst = "LogicGate">   --->   Core 74 'LogicGate' <Latency = 0> <II = 1> <Delay = 0.33> <FuncUnit> <Opcode : 'and' 'or' 'xor'> <InPorts = 2> <OutPorts = 1>
ST_4 : Operation 1422 [1/1] (0.00ns) (grouped into LUT with out node select_ln302_83)   --->   "%or_ln888_9 = or i1 %tmp_165, i1 %xor_ln888_9"   --->   Operation 1422 'or' 'or_ln888_9' <Predicate = (!icmp_ln36)> <Delay = 0.00> <CoreInst = "LogicGate">   --->   Core 74 'LogicGate' <Latency = 0> <II = 1> <Delay = 0.33> <FuncUnit> <Opcode : 'and' 'or' 'xor'> <InPorts = 2> <OutPorts = 1>
ST_4 : Operation 1423 [1/1] (0.00ns) (grouped into LUT with out node select_ln302_83)   --->   "%and_ln888_9 = and i1 %icmp_ln878_9, i1 %or_ln888_9"   --->   Operation 1423 'and' 'and_ln888_9' <Predicate = (!icmp_ln36)> <Delay = 0.00> <CoreInst = "LogicGate">   --->   Core 74 'LogicGate' <Latency = 0> <II = 1> <Delay = 0.33> <FuncUnit> <Opcode : 'and' 'or' 'xor'> <InPorts = 2> <OutPorts = 1>
ST_4 : Operation 1424 [1/1] (0.00ns) (grouped into LUT with out node select_ln302_83)   --->   "%xor_ln895_83 = xor i1 %and_ln888_9, i1 1"   --->   Operation 1424 'xor' 'xor_ln895_83' <Predicate = (!icmp_ln36)> <Delay = 0.00> <CoreInst = "LogicGate">   --->   Core 74 'LogicGate' <Latency = 0> <II = 1> <Delay = 0.33> <FuncUnit> <Opcode : 'and' 'or' 'xor'> <InPorts = 2> <OutPorts = 1>
ST_4 : Operation 1425 [1/1] (0.00ns) (grouped into LUT with out node select_ln302_83)   --->   "%or_ln895_9 = or i1 %tmp_165, i1 %xor_ln895_83"   --->   Operation 1425 'or' 'or_ln895_9' <Predicate = (!icmp_ln36)> <Delay = 0.00> <CoreInst = "LogicGate">   --->   Core 74 'LogicGate' <Latency = 0> <II = 1> <Delay = 0.33> <FuncUnit> <Opcode : 'and' 'or' 'xor'> <InPorts = 2> <OutPorts = 1>
ST_4 : Operation 1426 [1/1] (0.42ns) (out node of the LUT)   --->   "%select_ln302_83 = select i1 %or_ln895_9, i7 127, i7 %add_ln856_9"   --->   Operation 1426 'select' 'select_ln302_83' <Predicate = (!icmp_ln36)> <Delay = 0.42> <CoreInst = "Sel">   --->   Core 73 'Sel' <Latency = 0> <II = 1> <Delay = 0.42> <FuncUnit> <Opcode : 'select'> <InPorts = 3> <OutPorts = 1>
ST_4 : Operation 1427 [1/1] (0.00ns)   --->   "%sext_ln813_84 = sext i32 %select_ln302_85"   --->   Operation 1427 'sext' 'sext_ln813_84' <Predicate = (!icmp_ln36)> <Delay = 0.00>
ST_4 : Operation 1428 [1/1] (0.00ns)   --->   "%shl_ln1347_65 = bitconcatenate i19 @_ssdm_op_BitConcatenate.i19.i11.i8, i11 %sub_ln1273_44, i8 0"   --->   Operation 1428 'bitconcatenate' 'shl_ln1347_65' <Predicate = (!icmp_ln36)> <Delay = 0.00>
ST_4 : Operation 1429 [1/1] (0.00ns)   --->   "%sext_ln1347_150 = sext i19 %shl_ln1347_65"   --->   Operation 1429 'sext' 'sext_ln1347_150' <Predicate = (!icmp_ln36)> <Delay = 0.00>
ST_4 : Operation 1430 [1/1] (0.00ns)   --->   "%sext_ln1347_151 = sext i19 %shl_ln1347_65"   --->   Operation 1430 'sext' 'sext_ln1347_151' <Predicate = (!icmp_ln36)> <Delay = 0.00>
ST_4 : Operation 1431 [1/1] (1.20ns)   --->   "%add_ln1347_91 = add i33 %sext_ln813_84, i33 %sext_ln1347_150"   --->   Operation 1431 'add' 'add_ln1347_91' <Predicate = (!icmp_ln36)> <Delay = 1.20> <CoreInst = "Adder">   --->   Core 1 'Adder' <Latency = 0> <II = 1> <Delay = 1.20> <FuncUnit> <Opcode : 'add' 'sub'> <InPorts = 2> <OutPorts = 1>
ST_4 : Operation 1432 [1/1] (0.00ns)   --->   "%tmp_171 = bitselect i1 @_ssdm_op_BitSelect.i1.i33.i32, i33 %add_ln1347_91, i32 32"   --->   Operation 1432 'bitselect' 'tmp_171' <Predicate = (!icmp_ln36)> <Delay = 0.00>
ST_4 : Operation 1433 [1/1] (1.20ns)   --->   "%add_ln813_58 = add i32 %select_ln302_85, i32 %sext_ln1347_151"   --->   Operation 1433 'add' 'add_ln813_58' <Predicate = (!icmp_ln36)> <Delay = 1.20> <CoreInst = "Adder">   --->   Core 1 'Adder' <Latency = 0> <II = 1> <Delay = 1.20> <FuncUnit> <Opcode : 'add' 'sub'> <InPorts = 2> <OutPorts = 1>
ST_4 : Operation 1434 [1/1] (0.00ns)   --->   "%tmp_172 = bitselect i1 @_ssdm_op_BitSelect.i1.i32.i32, i32 %add_ln813_58, i32 31"   --->   Operation 1434 'bitselect' 'tmp_172' <Predicate = (!icmp_ln36)> <Delay = 0.00>
ST_4 : Operation 1435 [1/1] (0.00ns) (grouped into LUT with out node select_ln302_86)   --->   "%xor_ln895_86 = xor i1 %tmp_171, i1 1"   --->   Operation 1435 'xor' 'xor_ln895_86' <Predicate = (!icmp_ln36)> <Delay = 0.00> <CoreInst = "LogicGate">   --->   Core 74 'LogicGate' <Latency = 0> <II = 1> <Delay = 0.33> <FuncUnit> <Opcode : 'and' 'or' 'xor'> <InPorts = 2> <OutPorts = 1>
ST_4 : Operation 1436 [1/1] (0.00ns) (grouped into LUT with out node select_ln302_86)   --->   "%and_ln895_58 = and i1 %tmp_172, i1 %xor_ln895_86"   --->   Operation 1436 'and' 'and_ln895_58' <Predicate = (!icmp_ln36)> <Delay = 0.00> <CoreInst = "LogicGate">   --->   Core 74 'LogicGate' <Latency = 0> <II = 1> <Delay = 0.33> <FuncUnit> <Opcode : 'and' 'or' 'xor'> <InPorts = 2> <OutPorts = 1>
ST_4 : Operation 1437 [1/1] (0.00ns) (grouped into LUT with out node select_ln302_86)   --->   "%xor_ln302_74 = xor i1 %tmp_171, i1 %tmp_172"   --->   Operation 1437 'xor' 'xor_ln302_74' <Predicate = (!icmp_ln36)> <Delay = 0.00> <CoreInst = "LogicGate">   --->   Core 74 'LogicGate' <Latency = 0> <II = 1> <Delay = 0.33> <FuncUnit> <Opcode : 'and' 'or' 'xor'> <InPorts = 2> <OutPorts = 1>
ST_4 : Operation 1438 [1/1] (0.00ns) (grouped into LUT with out node select_ln302_86)   --->   "%select_ln346_74 = select i1 %and_ln895_58, i32 2147483647, i32 2147483648"   --->   Operation 1438 'select' 'select_ln346_74' <Predicate = (!icmp_ln36)> <Delay = 0.00> <CoreInst = "Sel">   --->   Core 73 'Sel' <Latency = 0> <II = 1> <Delay = 0.52> <FuncUnit> <Opcode : 'select'> <InPorts = 3> <OutPorts = 1>
ST_4 : Operation 1439 [1/1] (0.52ns) (out node of the LUT)   --->   "%select_ln302_86 = select i1 %xor_ln302_74, i32 %select_ln346_74, i32 %add_ln813_58"   --->   Operation 1439 'select' 'select_ln302_86' <Predicate = (!icmp_ln36)> <Delay = 0.52> <CoreInst = "Sel">   --->   Core 73 'Sel' <Latency = 0> <II = 1> <Delay = 0.52> <FuncUnit> <Opcode : 'select'> <InPorts = 3> <OutPorts = 1>
ST_4 : Operation 1440 [1/1] (0.00ns) (grouped into TernaryAdder)   --->   "%sub_ln1273_45 = sub i11 0, i11 %sext_ln1273_23"   --->   Operation 1440 'sub' 'sub_ln1273_45' <Predicate = (!icmp_ln36)> <Delay = 0.00> <CoreInst = "TAddSub">   --->   Core 10 'TAddSub' <Latency = 0> <II = 1> <Delay = 0.42> <IPBlock> <Opcode : 'add' 'sub'> <InPorts = 3> <OutPorts = 1> <Sync> <CReg>
ST_4 : Operation 1441 [1/1] (1.07ns) (root node of TernaryAdder)   --->   "%sub_ln1273_46 = sub i11 %sub_ln1273_45, i11 %px_V_23_cast_i"   --->   Operation 1441 'sub' 'sub_ln1273_46' <Predicate = (!icmp_ln36)> <Delay = 1.07> <CoreInst = "TAddSub">   --->   Core 10 'TAddSub' <Latency = 0> <II = 1> <Delay = 0.42> <IPBlock> <Opcode : 'add' 'sub'> <InPorts = 3> <OutPorts = 1> <Sync> <CReg>
ST_4 : Operation 1442 [1/1] (0.00ns)   --->   "%sext_ln813_85 = sext i32 %select_ln302_86"   --->   Operation 1442 'sext' 'sext_ln813_85' <Predicate = (!icmp_ln36)> <Delay = 0.00>
ST_4 : Operation 1443 [1/1] (0.00ns)   --->   "%shl_ln1347_66 = bitconcatenate i19 @_ssdm_op_BitConcatenate.i19.i11.i8, i11 %sub_ln1273_46, i8 0"   --->   Operation 1443 'bitconcatenate' 'shl_ln1347_66' <Predicate = (!icmp_ln36)> <Delay = 0.00>
ST_4 : Operation 1444 [1/1] (0.00ns)   --->   "%sext_ln1347_152 = sext i19 %shl_ln1347_66"   --->   Operation 1444 'sext' 'sext_ln1347_152' <Predicate = (!icmp_ln36)> <Delay = 0.00>
ST_4 : Operation 1445 [1/1] (0.00ns)   --->   "%sext_ln1347_153 = sext i19 %shl_ln1347_66"   --->   Operation 1445 'sext' 'sext_ln1347_153' <Predicate = (!icmp_ln36)> <Delay = 0.00>
ST_4 : Operation 1446 [1/1] (1.20ns)   --->   "%add_ln1347_92 = add i33 %sext_ln813_85, i33 %sext_ln1347_152"   --->   Operation 1446 'add' 'add_ln1347_92' <Predicate = (!icmp_ln36)> <Delay = 1.20> <CoreInst = "Adder">   --->   Core 1 'Adder' <Latency = 0> <II = 1> <Delay = 1.20> <FuncUnit> <Opcode : 'add' 'sub'> <InPorts = 2> <OutPorts = 1>
ST_4 : Operation 1447 [1/1] (0.00ns)   --->   "%tmp_173 = bitselect i1 @_ssdm_op_BitSelect.i1.i33.i32, i33 %add_ln1347_92, i32 32"   --->   Operation 1447 'bitselect' 'tmp_173' <Predicate = (!icmp_ln36)> <Delay = 0.00>
ST_4 : Operation 1448 [1/1] (1.20ns)   --->   "%add_ln813_59 = add i32 %select_ln302_86, i32 %sext_ln1347_153"   --->   Operation 1448 'add' 'add_ln813_59' <Predicate = (!icmp_ln36)> <Delay = 1.20> <CoreInst = "Adder">   --->   Core 1 'Adder' <Latency = 0> <II = 1> <Delay = 1.20> <FuncUnit> <Opcode : 'add' 'sub'> <InPorts = 2> <OutPorts = 1>
ST_4 : Operation 1449 [1/1] (0.00ns)   --->   "%tmp_174 = bitselect i1 @_ssdm_op_BitSelect.i1.i32.i32, i32 %add_ln813_59, i32 31"   --->   Operation 1449 'bitselect' 'tmp_174' <Predicate = (!icmp_ln36)> <Delay = 0.00>
ST_4 : Operation 1450 [1/1] (0.00ns) (grouped into LUT with out node select_ln302_87)   --->   "%xor_ln895_87 = xor i1 %tmp_173, i1 1"   --->   Operation 1450 'xor' 'xor_ln895_87' <Predicate = (!icmp_ln36)> <Delay = 0.00> <CoreInst = "LogicGate">   --->   Core 74 'LogicGate' <Latency = 0> <II = 1> <Delay = 0.33> <FuncUnit> <Opcode : 'and' 'or' 'xor'> <InPorts = 2> <OutPorts = 1>
ST_4 : Operation 1451 [1/1] (0.00ns) (grouped into LUT with out node select_ln302_87)   --->   "%and_ln895_59 = and i1 %tmp_174, i1 %xor_ln895_87"   --->   Operation 1451 'and' 'and_ln895_59' <Predicate = (!icmp_ln36)> <Delay = 0.00> <CoreInst = "LogicGate">   --->   Core 74 'LogicGate' <Latency = 0> <II = 1> <Delay = 0.33> <FuncUnit> <Opcode : 'and' 'or' 'xor'> <InPorts = 2> <OutPorts = 1>
ST_4 : Operation 1452 [1/1] (0.00ns) (grouped into LUT with out node select_ln302_87)   --->   "%xor_ln302_75 = xor i1 %tmp_173, i1 %tmp_174"   --->   Operation 1452 'xor' 'xor_ln302_75' <Predicate = (!icmp_ln36)> <Delay = 0.00> <CoreInst = "LogicGate">   --->   Core 74 'LogicGate' <Latency = 0> <II = 1> <Delay = 0.33> <FuncUnit> <Opcode : 'and' 'or' 'xor'> <InPorts = 2> <OutPorts = 1>
ST_4 : Operation 1453 [1/1] (0.00ns) (grouped into LUT with out node select_ln302_87)   --->   "%select_ln346_75 = select i1 %and_ln895_59, i32 2147483647, i32 2147483648"   --->   Operation 1453 'select' 'select_ln346_75' <Predicate = (!icmp_ln36)> <Delay = 0.00> <CoreInst = "Sel">   --->   Core 73 'Sel' <Latency = 0> <II = 1> <Delay = 0.52> <FuncUnit> <Opcode : 'select'> <InPorts = 3> <OutPorts = 1>
ST_4 : Operation 1454 [1/1] (0.52ns) (out node of the LUT)   --->   "%select_ln302_87 = select i1 %xor_ln302_75, i32 %select_ln346_75, i32 %add_ln813_59"   --->   Operation 1454 'select' 'select_ln302_87' <Predicate = (!icmp_ln36)> <Delay = 0.52> <CoreInst = "Sel">   --->   Core 73 'Sel' <Latency = 0> <II = 1> <Delay = 0.52> <FuncUnit> <Opcode : 'select'> <InPorts = 3> <OutPorts = 1>
ST_4 : Operation 1455 [1/1] (0.93ns)   --->   "%add_ln1273_5 = add i11 %sext_ln1273_7, i11 %sext_ln77"   --->   Operation 1455 'add' 'add_ln1273_5' <Predicate = (!icmp_ln36)> <Delay = 0.93> <CoreInst = "Adder">   --->   Core 1 'Adder' <Latency = 0> <II = 1> <Delay = 0.93> <FuncUnit> <Opcode : 'add' 'sub'> <InPorts = 2> <OutPorts = 1>
ST_4 : Operation 1456 [1/1] (0.00ns)   --->   "%sext_ln813_86 = sext i32 %select_ln302_87"   --->   Operation 1456 'sext' 'sext_ln813_86' <Predicate = (!icmp_ln36)> <Delay = 0.00>
ST_4 : Operation 1457 [1/1] (0.00ns)   --->   "%shl_ln1347_67 = bitconcatenate i19 @_ssdm_op_BitConcatenate.i19.i11.i8, i11 %add_ln1273_5, i8 0"   --->   Operation 1457 'bitconcatenate' 'shl_ln1347_67' <Predicate = (!icmp_ln36)> <Delay = 0.00>
ST_4 : Operation 1458 [1/1] (0.00ns)   --->   "%sext_ln1347_154 = sext i19 %shl_ln1347_67"   --->   Operation 1458 'sext' 'sext_ln1347_154' <Predicate = (!icmp_ln36)> <Delay = 0.00>
ST_4 : Operation 1459 [1/1] (0.00ns)   --->   "%sext_ln1347_155 = sext i19 %shl_ln1347_67"   --->   Operation 1459 'sext' 'sext_ln1347_155' <Predicate = (!icmp_ln36)> <Delay = 0.00>
ST_4 : Operation 1460 [1/1] (1.20ns)   --->   "%add_ln1347_93 = add i33 %sext_ln813_86, i33 %sext_ln1347_154"   --->   Operation 1460 'add' 'add_ln1347_93' <Predicate = (!icmp_ln36)> <Delay = 1.20> <CoreInst = "Adder">   --->   Core 1 'Adder' <Latency = 0> <II = 1> <Delay = 1.20> <FuncUnit> <Opcode : 'add' 'sub'> <InPorts = 2> <OutPorts = 1>
ST_4 : Operation 1461 [1/1] (0.00ns)   --->   "%tmp_175 = bitselect i1 @_ssdm_op_BitSelect.i1.i33.i32, i33 %add_ln1347_93, i32 32"   --->   Operation 1461 'bitselect' 'tmp_175' <Predicate = (!icmp_ln36)> <Delay = 0.00>
ST_4 : Operation 1462 [1/1] (1.20ns)   --->   "%add_ln813_60 = add i32 %select_ln302_87, i32 %sext_ln1347_155"   --->   Operation 1462 'add' 'add_ln813_60' <Predicate = (!icmp_ln36)> <Delay = 1.20> <CoreInst = "Adder">   --->   Core 1 'Adder' <Latency = 0> <II = 1> <Delay = 1.20> <FuncUnit> <Opcode : 'add' 'sub'> <InPorts = 2> <OutPorts = 1>
ST_4 : Operation 1463 [1/1] (0.00ns)   --->   "%tmp_176 = bitselect i1 @_ssdm_op_BitSelect.i1.i32.i32, i32 %add_ln813_60, i32 31"   --->   Operation 1463 'bitselect' 'tmp_176' <Predicate = (!icmp_ln36)> <Delay = 0.00>
ST_4 : Operation 1464 [1/1] (0.00ns) (grouped into LUT with out node select_ln302_88)   --->   "%xor_ln895_88 = xor i1 %tmp_175, i1 1"   --->   Operation 1464 'xor' 'xor_ln895_88' <Predicate = (!icmp_ln36)> <Delay = 0.00> <CoreInst = "LogicGate">   --->   Core 74 'LogicGate' <Latency = 0> <II = 1> <Delay = 0.33> <FuncUnit> <Opcode : 'and' 'or' 'xor'> <InPorts = 2> <OutPorts = 1>
ST_4 : Operation 1465 [1/1] (0.00ns) (grouped into LUT with out node select_ln302_88)   --->   "%and_ln895_60 = and i1 %tmp_176, i1 %xor_ln895_88"   --->   Operation 1465 'and' 'and_ln895_60' <Predicate = (!icmp_ln36)> <Delay = 0.00> <CoreInst = "LogicGate">   --->   Core 74 'LogicGate' <Latency = 0> <II = 1> <Delay = 0.33> <FuncUnit> <Opcode : 'and' 'or' 'xor'> <InPorts = 2> <OutPorts = 1>
ST_4 : Operation 1466 [1/1] (0.00ns) (grouped into LUT with out node select_ln302_88)   --->   "%xor_ln302_76 = xor i1 %tmp_175, i1 %tmp_176"   --->   Operation 1466 'xor' 'xor_ln302_76' <Predicate = (!icmp_ln36)> <Delay = 0.00> <CoreInst = "LogicGate">   --->   Core 74 'LogicGate' <Latency = 0> <II = 1> <Delay = 0.33> <FuncUnit> <Opcode : 'and' 'or' 'xor'> <InPorts = 2> <OutPorts = 1>
ST_4 : Operation 1467 [1/1] (0.00ns) (grouped into LUT with out node select_ln302_88)   --->   "%select_ln346_76 = select i1 %and_ln895_60, i32 2147483647, i32 2147483648"   --->   Operation 1467 'select' 'select_ln346_76' <Predicate = (!icmp_ln36)> <Delay = 0.00> <CoreInst = "Sel">   --->   Core 73 'Sel' <Latency = 0> <II = 1> <Delay = 0.52> <FuncUnit> <Opcode : 'select'> <InPorts = 3> <OutPorts = 1>
ST_4 : Operation 1468 [1/1] (0.52ns) (out node of the LUT)   --->   "%select_ln302_88 = select i1 %xor_ln302_76, i32 %select_ln346_76, i32 %add_ln813_60"   --->   Operation 1468 'select' 'select_ln302_88' <Predicate = (!icmp_ln36)> <Delay = 0.52> <CoreInst = "Sel">   --->   Core 73 'Sel' <Latency = 0> <II = 1> <Delay = 0.52> <FuncUnit> <Opcode : 'select'> <InPorts = 3> <OutPorts = 1>
ST_4 : Operation 1469 [1/1] (0.00ns)   --->   "%trunc_ln1650_10 = trunc i32 %select_ln302_88"   --->   Operation 1469 'trunc' 'trunc_ln1650_10' <Predicate = (!icmp_ln36)> <Delay = 0.00>
ST_4 : Operation 1470 [1/1] (0.00ns)   --->   "%tmp_177 = bitselect i1 @_ssdm_op_BitSelect.i1.i32.i32, i32 %select_ln302_88, i32 31"   --->   Operation 1470 'bitselect' 'tmp_177' <Predicate = (!icmp_ln36)> <Delay = 0.00>
ST_4 : Operation 1471 [1/1] (0.49ns)   --->   "%select_ln82_10 = select i1 %tmp_177, i31 0, i31 %trunc_ln1650_10" [vgg_accelerator.cpp:82]   --->   Operation 1471 'select' 'select_ln82_10' <Predicate = (!icmp_ln36)> <Delay = 0.49> <CoreInst = "Sel">   --->   Core 73 'Sel' <Latency = 0> <II = 1> <Delay = 0.49> <FuncUnit> <Opcode : 'select'> <InPorts = 3> <OutPorts = 1>
ST_4 : Operation 1472 [1/1] (0.00ns)   --->   "%trunc_ln818_s = partselect i8 @_ssdm_op_PartSelect.i8.i31.i32.i32, i31 %select_ln82_10, i32 12, i32 19"   --->   Operation 1472 'partselect' 'trunc_ln818_s' <Predicate = (!icmp_ln36)> <Delay = 0.00>
ST_4 : Operation 1473 [1/1] (0.00ns)   --->   "%tmp_178 = bitselect i1 @_ssdm_op_BitSelect.i1.i31.i32, i31 %select_ln82_10, i32 11"   --->   Operation 1473 'bitselect' 'tmp_178' <Predicate = (!icmp_ln36)> <Delay = 0.00>
ST_4 : Operation 1474 [1/1] (0.00ns)   --->   "%zext_ln377_22 = zext i1 %tmp_178"   --->   Operation 1474 'zext' 'zext_ln377_22' <Predicate = (!icmp_ln36)> <Delay = 0.00>
ST_4 : Operation 1475 [1/1] (0.00ns)   --->   "%trunc_ln377_10 = partselect i7 @_ssdm_op_PartSelect.i7.i31.i32.i32, i31 %select_ln82_10, i32 12, i32 18"   --->   Operation 1475 'partselect' 'trunc_ln377_10' <Predicate = (!icmp_ln36)> <Delay = 0.00>
ST_4 : Operation 1476 [1/1] (0.00ns)   --->   "%zext_ln377_23 = zext i1 %tmp_178"   --->   Operation 1476 'zext' 'zext_ln377_23' <Predicate = (!icmp_ln36)> <Delay = 0.00>
ST_4 : Operation 1477 [1/1] (0.90ns)   --->   "%add_ln377_10 = add i8 %trunc_ln818_s, i8 %zext_ln377_22"   --->   Operation 1477 'add' 'add_ln377_10' <Predicate = (!icmp_ln36)> <Delay = 0.90> <CoreInst = "Adder">   --->   Core 1 'Adder' <Latency = 0> <II = 1> <Delay = 0.90> <FuncUnit> <Opcode : 'add' 'sub'> <InPorts = 2> <OutPorts = 1>
ST_4 : Operation 1478 [1/1] (0.89ns)   --->   "%add_ln856_10 = add i7 %trunc_ln377_10, i7 %zext_ln377_23"   --->   Operation 1478 'add' 'add_ln856_10' <Predicate = (!icmp_ln36)> <Delay = 0.89> <CoreInst = "Adder">   --->   Core 1 'Adder' <Latency = 0> <II = 1> <Delay = 0.89> <FuncUnit> <Opcode : 'add' 'sub'> <InPorts = 2> <OutPorts = 1>
ST_4 : Operation 1479 [1/1] (0.00ns)   --->   "%tmp_179 = bitselect i1 @_ssdm_op_BitSelect.i1.i8.i32, i8 %add_ln377_10, i32 7"   --->   Operation 1479 'bitselect' 'tmp_179' <Predicate = (!icmp_ln36)> <Delay = 0.00>
ST_4 : Operation 1480 [1/1] (0.00ns)   --->   "%tmp_2 = partselect i11 @_ssdm_op_PartSelect.i11.i31.i32.i32, i31 %select_ln82_10, i32 20, i32 30"   --->   Operation 1480 'partselect' 'tmp_2' <Predicate = (!icmp_ln36)> <Delay = 0.00>
ST_4 : Operation 1481 [1/1] (0.85ns)   --->   "%icmp_ln878_10 = icmp_eq  i11 %tmp_2, i11 0"   --->   Operation 1481 'icmp' 'icmp_ln878_10' <Predicate = (!icmp_ln36)> <Delay = 0.85> <CoreInst = "Cmp">   --->   Core 9 'Cmp' <Latency = 0> <II = 1> <Delay = 0.85> <FuncUnit> <Opcode : 'icmp'> <InPorts = 2> <OutPorts = 1>
ST_4 : Operation 1482 [1/1] (0.00ns) (grouped into LUT with out node select_ln302_89)   --->   "%tmp_180 = bitselect i1 @_ssdm_op_BitSelect.i1.i31.i32, i31 %select_ln82_10, i32 19"   --->   Operation 1482 'bitselect' 'tmp_180' <Predicate = (!icmp_ln36)> <Delay = 0.00>
ST_4 : Operation 1483 [1/1] (0.00ns) (grouped into LUT with out node select_ln302_89)   --->   "%xor_ln888_10 = xor i1 %tmp_180, i1 1"   --->   Operation 1483 'xor' 'xor_ln888_10' <Predicate = (!icmp_ln36)> <Delay = 0.00> <CoreInst = "LogicGate">   --->   Core 74 'LogicGate' <Latency = 0> <II = 1> <Delay = 0.33> <FuncUnit> <Opcode : 'and' 'or' 'xor'> <InPorts = 2> <OutPorts = 1>
ST_4 : Operation 1484 [1/1] (0.00ns) (grouped into LUT with out node select_ln302_89)   --->   "%or_ln888_10 = or i1 %tmp_179, i1 %xor_ln888_10"   --->   Operation 1484 'or' 'or_ln888_10' <Predicate = (!icmp_ln36)> <Delay = 0.00> <CoreInst = "LogicGate">   --->   Core 74 'LogicGate' <Latency = 0> <II = 1> <Delay = 0.33> <FuncUnit> <Opcode : 'and' 'or' 'xor'> <InPorts = 2> <OutPorts = 1>
ST_4 : Operation 1485 [1/1] (0.00ns) (grouped into LUT with out node select_ln302_89)   --->   "%and_ln888_10 = and i1 %icmp_ln878_10, i1 %or_ln888_10"   --->   Operation 1485 'and' 'and_ln888_10' <Predicate = (!icmp_ln36)> <Delay = 0.00> <CoreInst = "LogicGate">   --->   Core 74 'LogicGate' <Latency = 0> <II = 1> <Delay = 0.33> <FuncUnit> <Opcode : 'and' 'or' 'xor'> <InPorts = 2> <OutPorts = 1>
ST_4 : Operation 1486 [1/1] (0.00ns) (grouped into LUT with out node select_ln302_89)   --->   "%xor_ln895_89 = xor i1 %and_ln888_10, i1 1"   --->   Operation 1486 'xor' 'xor_ln895_89' <Predicate = (!icmp_ln36)> <Delay = 0.00> <CoreInst = "LogicGate">   --->   Core 74 'LogicGate' <Latency = 0> <II = 1> <Delay = 0.33> <FuncUnit> <Opcode : 'and' 'or' 'xor'> <InPorts = 2> <OutPorts = 1>
ST_4 : Operation 1487 [1/1] (0.00ns) (grouped into LUT with out node select_ln302_89)   --->   "%or_ln895_10 = or i1 %tmp_179, i1 %xor_ln895_89"   --->   Operation 1487 'or' 'or_ln895_10' <Predicate = (!icmp_ln36)> <Delay = 0.00> <CoreInst = "LogicGate">   --->   Core 74 'LogicGate' <Latency = 0> <II = 1> <Delay = 0.33> <FuncUnit> <Opcode : 'and' 'or' 'xor'> <InPorts = 2> <OutPorts = 1>
ST_4 : Operation 1488 [1/1] (0.42ns) (out node of the LUT)   --->   "%select_ln302_89 = select i1 %or_ln895_10, i7 127, i7 %add_ln856_10"   --->   Operation 1488 'select' 'select_ln302_89' <Predicate = (!icmp_ln36)> <Delay = 0.42> <CoreInst = "Sel">   --->   Core 73 'Sel' <Latency = 0> <II = 1> <Delay = 0.42> <FuncUnit> <Opcode : 'select'> <InPorts = 3> <OutPorts = 1>
ST_4 : Operation 1489 [1/1] (0.00ns)   --->   "%sext_ln813_92 = sext i32 %select_ln302_92"   --->   Operation 1489 'sext' 'sext_ln813_92' <Predicate = (!icmp_ln36)> <Delay = 0.00>
ST_4 : Operation 1490 [1/1] (1.20ns)   --->   "%add_ln1347_100 = add i33 %sext_ln813_92, i33 %sext_ln1347_144"   --->   Operation 1490 'add' 'add_ln1347_100' <Predicate = (!icmp_ln36)> <Delay = 1.20> <CoreInst = "Adder">   --->   Core 1 'Adder' <Latency = 0> <II = 1> <Delay = 1.20> <FuncUnit> <Opcode : 'add' 'sub'> <InPorts = 2> <OutPorts = 1>
ST_4 : Operation 1491 [1/1] (0.00ns)   --->   "%tmp_187 = bitselect i1 @_ssdm_op_BitSelect.i1.i33.i32, i33 %add_ln1347_100, i32 32"   --->   Operation 1491 'bitselect' 'tmp_187' <Predicate = (!icmp_ln36)> <Delay = 0.00>
ST_4 : Operation 1492 [1/1] (1.20ns)   --->   "%add_ln813_64 = add i32 %select_ln302_92, i32 %sext_ln1347_145"   --->   Operation 1492 'add' 'add_ln813_64' <Predicate = (!icmp_ln36)> <Delay = 1.20> <CoreInst = "Adder">   --->   Core 1 'Adder' <Latency = 0> <II = 1> <Delay = 1.20> <FuncUnit> <Opcode : 'add' 'sub'> <InPorts = 2> <OutPorts = 1>
ST_4 : Operation 1493 [1/1] (0.00ns)   --->   "%tmp_188 = bitselect i1 @_ssdm_op_BitSelect.i1.i32.i32, i32 %add_ln813_64, i32 31"   --->   Operation 1493 'bitselect' 'tmp_188' <Predicate = (!icmp_ln36)> <Delay = 0.00>
ST_4 : Operation 1494 [1/1] (0.00ns) (grouped into LUT with out node select_ln302_93)   --->   "%xor_ln895_93 = xor i1 %tmp_187, i1 1"   --->   Operation 1494 'xor' 'xor_ln895_93' <Predicate = (!icmp_ln36)> <Delay = 0.00> <CoreInst = "LogicGate">   --->   Core 74 'LogicGate' <Latency = 0> <II = 1> <Delay = 0.33> <FuncUnit> <Opcode : 'and' 'or' 'xor'> <InPorts = 2> <OutPorts = 1>
ST_4 : Operation 1495 [1/1] (0.00ns) (grouped into LUT with out node select_ln302_93)   --->   "%and_ln895_64 = and i1 %tmp_188, i1 %xor_ln895_93"   --->   Operation 1495 'and' 'and_ln895_64' <Predicate = (!icmp_ln36)> <Delay = 0.00> <CoreInst = "LogicGate">   --->   Core 74 'LogicGate' <Latency = 0> <II = 1> <Delay = 0.33> <FuncUnit> <Opcode : 'and' 'or' 'xor'> <InPorts = 2> <OutPorts = 1>
ST_4 : Operation 1496 [1/1] (0.00ns) (grouped into LUT with out node select_ln302_93)   --->   "%xor_ln302_80 = xor i1 %tmp_187, i1 %tmp_188"   --->   Operation 1496 'xor' 'xor_ln302_80' <Predicate = (!icmp_ln36)> <Delay = 0.00> <CoreInst = "LogicGate">   --->   Core 74 'LogicGate' <Latency = 0> <II = 1> <Delay = 0.33> <FuncUnit> <Opcode : 'and' 'or' 'xor'> <InPorts = 2> <OutPorts = 1>
ST_4 : Operation 1497 [1/1] (0.00ns) (grouped into LUT with out node select_ln302_93)   --->   "%select_ln346_80 = select i1 %and_ln895_64, i32 2147483647, i32 2147483648"   --->   Operation 1497 'select' 'select_ln346_80' <Predicate = (!icmp_ln36)> <Delay = 0.00> <CoreInst = "Sel">   --->   Core 73 'Sel' <Latency = 0> <II = 1> <Delay = 0.52> <FuncUnit> <Opcode : 'select'> <InPorts = 3> <OutPorts = 1>
ST_4 : Operation 1498 [1/1] (0.52ns) (out node of the LUT)   --->   "%select_ln302_93 = select i1 %xor_ln302_80, i32 %select_ln346_80, i32 %add_ln813_64"   --->   Operation 1498 'select' 'select_ln302_93' <Predicate = (!icmp_ln36)> <Delay = 0.52> <CoreInst = "Sel">   --->   Core 73 'Sel' <Latency = 0> <II = 1> <Delay = 0.52> <FuncUnit> <Opcode : 'select'> <InPorts = 3> <OutPorts = 1>
ST_4 : Operation 1499 [1/1] (0.00ns)   --->   "%sext_ln813_93 = sext i32 %select_ln302_93"   --->   Operation 1499 'sext' 'sext_ln813_93' <Predicate = (!icmp_ln36)> <Delay = 0.00>
ST_4 : Operation 1500 [1/1] (1.20ns)   --->   "%add_ln1347_101 = add i33 %sext_ln813_93, i33 %sext_ln1347_109"   --->   Operation 1500 'add' 'add_ln1347_101' <Predicate = (!icmp_ln36)> <Delay = 1.20> <CoreInst = "Adder">   --->   Core 1 'Adder' <Latency = 0> <II = 1> <Delay = 1.20> <FuncUnit> <Opcode : 'add' 'sub'> <InPorts = 2> <OutPorts = 1>
ST_4 : Operation 1501 [1/1] (0.00ns)   --->   "%tmp_189 = bitselect i1 @_ssdm_op_BitSelect.i1.i33.i32, i33 %add_ln1347_101, i32 32"   --->   Operation 1501 'bitselect' 'tmp_189' <Predicate = (!icmp_ln36)> <Delay = 0.00>
ST_4 : Operation 1502 [1/1] (1.20ns)   --->   "%add_ln813_65 = add i32 %select_ln302_93, i32 %sext_ln1347_110"   --->   Operation 1502 'add' 'add_ln813_65' <Predicate = (!icmp_ln36)> <Delay = 1.20> <CoreInst = "Adder">   --->   Core 1 'Adder' <Latency = 0> <II = 1> <Delay = 1.20> <FuncUnit> <Opcode : 'add' 'sub'> <InPorts = 2> <OutPorts = 1>
ST_4 : Operation 1503 [1/1] (0.00ns)   --->   "%tmp_190 = bitselect i1 @_ssdm_op_BitSelect.i1.i32.i32, i32 %add_ln813_65, i32 31"   --->   Operation 1503 'bitselect' 'tmp_190' <Predicate = (!icmp_ln36)> <Delay = 0.00>
ST_4 : Operation 1504 [1/1] (0.00ns) (grouped into LUT with out node select_ln302_94)   --->   "%xor_ln895_94 = xor i1 %tmp_189, i1 1"   --->   Operation 1504 'xor' 'xor_ln895_94' <Predicate = (!icmp_ln36)> <Delay = 0.00> <CoreInst = "LogicGate">   --->   Core 74 'LogicGate' <Latency = 0> <II = 1> <Delay = 0.33> <FuncUnit> <Opcode : 'and' 'or' 'xor'> <InPorts = 2> <OutPorts = 1>
ST_4 : Operation 1505 [1/1] (0.00ns) (grouped into LUT with out node select_ln302_94)   --->   "%and_ln895_65 = and i1 %tmp_190, i1 %xor_ln895_94"   --->   Operation 1505 'and' 'and_ln895_65' <Predicate = (!icmp_ln36)> <Delay = 0.00> <CoreInst = "LogicGate">   --->   Core 74 'LogicGate' <Latency = 0> <II = 1> <Delay = 0.33> <FuncUnit> <Opcode : 'and' 'or' 'xor'> <InPorts = 2> <OutPorts = 1>
ST_4 : Operation 1506 [1/1] (0.00ns) (grouped into LUT with out node select_ln302_94)   --->   "%xor_ln302_81 = xor i1 %tmp_189, i1 %tmp_190"   --->   Operation 1506 'xor' 'xor_ln302_81' <Predicate = (!icmp_ln36)> <Delay = 0.00> <CoreInst = "LogicGate">   --->   Core 74 'LogicGate' <Latency = 0> <II = 1> <Delay = 0.33> <FuncUnit> <Opcode : 'and' 'or' 'xor'> <InPorts = 2> <OutPorts = 1>
ST_4 : Operation 1507 [1/1] (0.00ns) (grouped into LUT with out node select_ln302_94)   --->   "%select_ln346_81 = select i1 %and_ln895_65, i32 2147483647, i32 2147483648"   --->   Operation 1507 'select' 'select_ln346_81' <Predicate = (!icmp_ln36)> <Delay = 0.00> <CoreInst = "Sel">   --->   Core 73 'Sel' <Latency = 0> <II = 1> <Delay = 0.52> <FuncUnit> <Opcode : 'select'> <InPorts = 3> <OutPorts = 1>
ST_4 : Operation 1508 [1/1] (0.52ns) (out node of the LUT)   --->   "%select_ln302_94 = select i1 %xor_ln302_81, i32 %select_ln346_81, i32 %add_ln813_65"   --->   Operation 1508 'select' 'select_ln302_94' <Predicate = (!icmp_ln36)> <Delay = 0.52> <CoreInst = "Sel">   --->   Core 73 'Sel' <Latency = 0> <II = 1> <Delay = 0.52> <FuncUnit> <Opcode : 'select'> <InPorts = 3> <OutPorts = 1>
ST_4 : Operation 1509 [1/1] (0.00ns)   --->   "%trunc_ln1650_11 = trunc i32 %select_ln302_94"   --->   Operation 1509 'trunc' 'trunc_ln1650_11' <Predicate = (!icmp_ln36)> <Delay = 0.00>
ST_4 : Operation 1510 [1/1] (0.00ns)   --->   "%tmp_191 = bitselect i1 @_ssdm_op_BitSelect.i1.i32.i32, i32 %select_ln302_94, i32 31"   --->   Operation 1510 'bitselect' 'tmp_191' <Predicate = (!icmp_ln36)> <Delay = 0.00>
ST_4 : Operation 1511 [1/1] (0.49ns)   --->   "%select_ln82_11 = select i1 %tmp_191, i31 0, i31 %trunc_ln1650_11" [vgg_accelerator.cpp:82]   --->   Operation 1511 'select' 'select_ln82_11' <Predicate = (!icmp_ln36)> <Delay = 0.49> <CoreInst = "Sel">   --->   Core 73 'Sel' <Latency = 0> <II = 1> <Delay = 0.49> <FuncUnit> <Opcode : 'select'> <InPorts = 3> <OutPorts = 1>
ST_4 : Operation 1512 [1/1] (0.00ns)   --->   "%trunc_ln818_10 = partselect i8 @_ssdm_op_PartSelect.i8.i31.i32.i32, i31 %select_ln82_11, i32 12, i32 19"   --->   Operation 1512 'partselect' 'trunc_ln818_10' <Predicate = (!icmp_ln36)> <Delay = 0.00>
ST_4 : Operation 1513 [1/1] (0.00ns)   --->   "%tmp_192 = bitselect i1 @_ssdm_op_BitSelect.i1.i31.i32, i31 %select_ln82_11, i32 11"   --->   Operation 1513 'bitselect' 'tmp_192' <Predicate = (!icmp_ln36)> <Delay = 0.00>
ST_4 : Operation 1514 [1/1] (0.00ns)   --->   "%zext_ln377_24 = zext i1 %tmp_192"   --->   Operation 1514 'zext' 'zext_ln377_24' <Predicate = (!icmp_ln36)> <Delay = 0.00>
ST_4 : Operation 1515 [1/1] (0.00ns)   --->   "%trunc_ln377_11 = partselect i7 @_ssdm_op_PartSelect.i7.i31.i32.i32, i31 %select_ln82_11, i32 12, i32 18"   --->   Operation 1515 'partselect' 'trunc_ln377_11' <Predicate = (!icmp_ln36)> <Delay = 0.00>
ST_4 : Operation 1516 [1/1] (0.00ns)   --->   "%zext_ln377_25 = zext i1 %tmp_192"   --->   Operation 1516 'zext' 'zext_ln377_25' <Predicate = (!icmp_ln36)> <Delay = 0.00>
ST_4 : Operation 1517 [1/1] (0.90ns)   --->   "%add_ln377_11 = add i8 %trunc_ln818_10, i8 %zext_ln377_24"   --->   Operation 1517 'add' 'add_ln377_11' <Predicate = (!icmp_ln36)> <Delay = 0.90> <CoreInst = "Adder">   --->   Core 1 'Adder' <Latency = 0> <II = 1> <Delay = 0.90> <FuncUnit> <Opcode : 'add' 'sub'> <InPorts = 2> <OutPorts = 1>
ST_4 : Operation 1518 [1/1] (0.89ns)   --->   "%add_ln856_11 = add i7 %trunc_ln377_11, i7 %zext_ln377_25"   --->   Operation 1518 'add' 'add_ln856_11' <Predicate = (!icmp_ln36)> <Delay = 0.89> <CoreInst = "Adder">   --->   Core 1 'Adder' <Latency = 0> <II = 1> <Delay = 0.89> <FuncUnit> <Opcode : 'add' 'sub'> <InPorts = 2> <OutPorts = 1>
ST_4 : Operation 1519 [1/1] (0.00ns)   --->   "%tmp_193 = bitselect i1 @_ssdm_op_BitSelect.i1.i8.i32, i8 %add_ln377_11, i32 7"   --->   Operation 1519 'bitselect' 'tmp_193' <Predicate = (!icmp_ln36)> <Delay = 0.00>
ST_4 : Operation 1520 [1/1] (0.00ns)   --->   "%tmp_10 = partselect i11 @_ssdm_op_PartSelect.i11.i31.i32.i32, i31 %select_ln82_11, i32 20, i32 30"   --->   Operation 1520 'partselect' 'tmp_10' <Predicate = (!icmp_ln36)> <Delay = 0.00>
ST_4 : Operation 1521 [1/1] (0.85ns)   --->   "%icmp_ln878_11 = icmp_eq  i11 %tmp_10, i11 0"   --->   Operation 1521 'icmp' 'icmp_ln878_11' <Predicate = (!icmp_ln36)> <Delay = 0.85> <CoreInst = "Cmp">   --->   Core 9 'Cmp' <Latency = 0> <II = 1> <Delay = 0.85> <FuncUnit> <Opcode : 'icmp'> <InPorts = 2> <OutPorts = 1>
ST_4 : Operation 1522 [1/1] (0.00ns) (grouped into LUT with out node select_ln302_95)   --->   "%tmp_194 = bitselect i1 @_ssdm_op_BitSelect.i1.i31.i32, i31 %select_ln82_11, i32 19"   --->   Operation 1522 'bitselect' 'tmp_194' <Predicate = (!icmp_ln36)> <Delay = 0.00>
ST_4 : Operation 1523 [1/1] (0.00ns) (grouped into LUT with out node select_ln302_95)   --->   "%xor_ln888_11 = xor i1 %tmp_194, i1 1"   --->   Operation 1523 'xor' 'xor_ln888_11' <Predicate = (!icmp_ln36)> <Delay = 0.00> <CoreInst = "LogicGate">   --->   Core 74 'LogicGate' <Latency = 0> <II = 1> <Delay = 0.33> <FuncUnit> <Opcode : 'and' 'or' 'xor'> <InPorts = 2> <OutPorts = 1>
ST_4 : Operation 1524 [1/1] (0.00ns) (grouped into LUT with out node select_ln302_95)   --->   "%or_ln888_11 = or i1 %tmp_193, i1 %xor_ln888_11"   --->   Operation 1524 'or' 'or_ln888_11' <Predicate = (!icmp_ln36)> <Delay = 0.00> <CoreInst = "LogicGate">   --->   Core 74 'LogicGate' <Latency = 0> <II = 1> <Delay = 0.33> <FuncUnit> <Opcode : 'and' 'or' 'xor'> <InPorts = 2> <OutPorts = 1>
ST_4 : Operation 1525 [1/1] (0.00ns) (grouped into LUT with out node select_ln302_95)   --->   "%and_ln888_11 = and i1 %icmp_ln878_11, i1 %or_ln888_11"   --->   Operation 1525 'and' 'and_ln888_11' <Predicate = (!icmp_ln36)> <Delay = 0.00> <CoreInst = "LogicGate">   --->   Core 74 'LogicGate' <Latency = 0> <II = 1> <Delay = 0.33> <FuncUnit> <Opcode : 'and' 'or' 'xor'> <InPorts = 2> <OutPorts = 1>
ST_4 : Operation 1526 [1/1] (0.00ns) (grouped into LUT with out node select_ln302_95)   --->   "%xor_ln895_95 = xor i1 %and_ln888_11, i1 1"   --->   Operation 1526 'xor' 'xor_ln895_95' <Predicate = (!icmp_ln36)> <Delay = 0.00> <CoreInst = "LogicGate">   --->   Core 74 'LogicGate' <Latency = 0> <II = 1> <Delay = 0.33> <FuncUnit> <Opcode : 'and' 'or' 'xor'> <InPorts = 2> <OutPorts = 1>
ST_4 : Operation 1527 [1/1] (0.00ns) (grouped into LUT with out node select_ln302_95)   --->   "%or_ln895_11 = or i1 %tmp_193, i1 %xor_ln895_95"   --->   Operation 1527 'or' 'or_ln895_11' <Predicate = (!icmp_ln36)> <Delay = 0.00> <CoreInst = "LogicGate">   --->   Core 74 'LogicGate' <Latency = 0> <II = 1> <Delay = 0.33> <FuncUnit> <Opcode : 'and' 'or' 'xor'> <InPorts = 2> <OutPorts = 1>
ST_4 : Operation 1528 [1/1] (0.42ns) (out node of the LUT)   --->   "%select_ln302_95 = select i1 %or_ln895_11, i7 127, i7 %add_ln856_11"   --->   Operation 1528 'select' 'select_ln302_95' <Predicate = (!icmp_ln36)> <Delay = 0.42> <CoreInst = "Sel">   --->   Core 73 'Sel' <Latency = 0> <II = 1> <Delay = 0.42> <FuncUnit> <Opcode : 'select'> <InPorts = 3> <OutPorts = 1>
ST_4 : Operation 1529 [1/1] (0.00ns)   --->   "%sext_ln813_99 = sext i32 %select_ln302_98"   --->   Operation 1529 'sext' 'sext_ln813_99' <Predicate = (!icmp_ln36)> <Delay = 0.00>
ST_4 : Operation 1530 [1/1] (0.00ns)   --->   "%shl_ln1347_73 = bitconcatenate i18 @_ssdm_op_BitConcatenate.i18.i8.i10, i8 %r_V_18_load, i10 0"   --->   Operation 1530 'bitconcatenate' 'shl_ln1347_73' <Predicate = (!icmp_ln36)> <Delay = 0.00>
ST_4 : Operation 1531 [1/1] (0.00ns)   --->   "%sext_ln1347_164 = sext i18 %shl_ln1347_73"   --->   Operation 1531 'sext' 'sext_ln1347_164' <Predicate = (!icmp_ln36)> <Delay = 0.00>
ST_4 : Operation 1532 [1/1] (0.00ns)   --->   "%sext_ln1347_165 = sext i18 %shl_ln1347_73"   --->   Operation 1532 'sext' 'sext_ln1347_165' <Predicate = (!icmp_ln36)> <Delay = 0.00>
ST_4 : Operation 1533 [1/1] (1.20ns)   --->   "%add_ln1347_108 = add i33 %sext_ln813_99, i33 %sext_ln1347_164"   --->   Operation 1533 'add' 'add_ln1347_108' <Predicate = (!icmp_ln36)> <Delay = 1.20> <CoreInst = "Adder">   --->   Core 1 'Adder' <Latency = 0> <II = 1> <Delay = 1.20> <FuncUnit> <Opcode : 'add' 'sub'> <InPorts = 2> <OutPorts = 1>
ST_4 : Operation 1534 [1/1] (0.00ns)   --->   "%tmp_201 = bitselect i1 @_ssdm_op_BitSelect.i1.i33.i32, i33 %add_ln1347_108, i32 32"   --->   Operation 1534 'bitselect' 'tmp_201' <Predicate = (!icmp_ln36)> <Delay = 0.00>
ST_4 : Operation 1535 [1/1] (1.20ns)   --->   "%add_ln813_69 = add i32 %select_ln302_98, i32 %sext_ln1347_165"   --->   Operation 1535 'add' 'add_ln813_69' <Predicate = (!icmp_ln36)> <Delay = 1.20> <CoreInst = "Adder">   --->   Core 1 'Adder' <Latency = 0> <II = 1> <Delay = 1.20> <FuncUnit> <Opcode : 'add' 'sub'> <InPorts = 2> <OutPorts = 1>
ST_4 : Operation 1536 [1/1] (0.00ns)   --->   "%tmp_202 = bitselect i1 @_ssdm_op_BitSelect.i1.i32.i32, i32 %add_ln813_69, i32 31"   --->   Operation 1536 'bitselect' 'tmp_202' <Predicate = (!icmp_ln36)> <Delay = 0.00>
ST_4 : Operation 1537 [1/1] (0.00ns) (grouped into LUT with out node select_ln302_99)   --->   "%xor_ln895_99 = xor i1 %tmp_201, i1 1"   --->   Operation 1537 'xor' 'xor_ln895_99' <Predicate = (!icmp_ln36)> <Delay = 0.00> <CoreInst = "LogicGate">   --->   Core 74 'LogicGate' <Latency = 0> <II = 1> <Delay = 0.33> <FuncUnit> <Opcode : 'and' 'or' 'xor'> <InPorts = 2> <OutPorts = 1>
ST_4 : Operation 1538 [1/1] (0.00ns) (grouped into LUT with out node select_ln302_99)   --->   "%and_ln895_69 = and i1 %tmp_202, i1 %xor_ln895_99"   --->   Operation 1538 'and' 'and_ln895_69' <Predicate = (!icmp_ln36)> <Delay = 0.00> <CoreInst = "LogicGate">   --->   Core 74 'LogicGate' <Latency = 0> <II = 1> <Delay = 0.33> <FuncUnit> <Opcode : 'and' 'or' 'xor'> <InPorts = 2> <OutPorts = 1>
ST_4 : Operation 1539 [1/1] (0.00ns) (grouped into LUT with out node select_ln302_99)   --->   "%xor_ln302_85 = xor i1 %tmp_201, i1 %tmp_202"   --->   Operation 1539 'xor' 'xor_ln302_85' <Predicate = (!icmp_ln36)> <Delay = 0.00> <CoreInst = "LogicGate">   --->   Core 74 'LogicGate' <Latency = 0> <II = 1> <Delay = 0.33> <FuncUnit> <Opcode : 'and' 'or' 'xor'> <InPorts = 2> <OutPorts = 1>
ST_4 : Operation 1540 [1/1] (0.00ns) (grouped into LUT with out node select_ln302_99)   --->   "%select_ln346_85 = select i1 %and_ln895_69, i32 2147483647, i32 2147483648"   --->   Operation 1540 'select' 'select_ln346_85' <Predicate = (!icmp_ln36)> <Delay = 0.00> <CoreInst = "Sel">   --->   Core 73 'Sel' <Latency = 0> <II = 1> <Delay = 0.52> <FuncUnit> <Opcode : 'select'> <InPorts = 3> <OutPorts = 1>
ST_4 : Operation 1541 [1/1] (0.52ns) (out node of the LUT)   --->   "%select_ln302_99 = select i1 %xor_ln302_85, i32 %select_ln346_85, i32 %add_ln813_69"   --->   Operation 1541 'select' 'select_ln302_99' <Predicate = (!icmp_ln36)> <Delay = 0.52> <CoreInst = "Sel">   --->   Core 73 'Sel' <Latency = 0> <II = 1> <Delay = 0.52> <FuncUnit> <Opcode : 'select'> <InPorts = 3> <OutPorts = 1>
ST_4 : Operation 1542 [1/1] (0.92ns)   --->   "%sub_ln1273_49 = sub i10 0, i10 %sext_ln1273_5"   --->   Operation 1542 'sub' 'sub_ln1273_49' <Predicate = (!icmp_ln36)> <Delay = 0.92> <CoreInst = "Adder">   --->   Core 1 'Adder' <Latency = 0> <II = 1> <Delay = 0.92> <FuncUnit> <Opcode : 'add' 'sub'> <InPorts = 2> <OutPorts = 1>
ST_4 : Operation 1543 [1/1] (0.00ns)   --->   "%sext_ln813_100 = sext i32 %select_ln302_99"   --->   Operation 1543 'sext' 'sext_ln813_100' <Predicate = (!icmp_ln36)> <Delay = 0.00>
ST_4 : Operation 1544 [1/1] (0.00ns)   --->   "%shl_ln1347_74 = bitconcatenate i18 @_ssdm_op_BitConcatenate.i18.i10.i8, i10 %sub_ln1273_49, i8 0"   --->   Operation 1544 'bitconcatenate' 'shl_ln1347_74' <Predicate = (!icmp_ln36)> <Delay = 0.00>
ST_4 : Operation 1545 [1/1] (0.00ns)   --->   "%sext_ln1347_166 = sext i18 %shl_ln1347_74"   --->   Operation 1545 'sext' 'sext_ln1347_166' <Predicate = (!icmp_ln36)> <Delay = 0.00>
ST_4 : Operation 1546 [1/1] (0.00ns)   --->   "%sext_ln1347_167 = sext i18 %shl_ln1347_74"   --->   Operation 1546 'sext' 'sext_ln1347_167' <Predicate = (!icmp_ln36)> <Delay = 0.00>
ST_4 : Operation 1547 [1/1] (1.20ns)   --->   "%add_ln1347_109 = add i33 %sext_ln813_100, i33 %sext_ln1347_166"   --->   Operation 1547 'add' 'add_ln1347_109' <Predicate = (!icmp_ln36)> <Delay = 1.20> <CoreInst = "Adder">   --->   Core 1 'Adder' <Latency = 0> <II = 1> <Delay = 1.20> <FuncUnit> <Opcode : 'add' 'sub'> <InPorts = 2> <OutPorts = 1>
ST_4 : Operation 1548 [1/1] (0.00ns)   --->   "%tmp_203 = bitselect i1 @_ssdm_op_BitSelect.i1.i33.i32, i33 %add_ln1347_109, i32 32"   --->   Operation 1548 'bitselect' 'tmp_203' <Predicate = (!icmp_ln36)> <Delay = 0.00>
ST_4 : Operation 1549 [1/1] (1.20ns)   --->   "%add_ln813_70 = add i32 %select_ln302_99, i32 %sext_ln1347_167"   --->   Operation 1549 'add' 'add_ln813_70' <Predicate = (!icmp_ln36)> <Delay = 1.20> <CoreInst = "Adder">   --->   Core 1 'Adder' <Latency = 0> <II = 1> <Delay = 1.20> <FuncUnit> <Opcode : 'add' 'sub'> <InPorts = 2> <OutPorts = 1>
ST_4 : Operation 1550 [1/1] (0.00ns)   --->   "%tmp_204 = bitselect i1 @_ssdm_op_BitSelect.i1.i32.i32, i32 %add_ln813_70, i32 31"   --->   Operation 1550 'bitselect' 'tmp_204' <Predicate = (!icmp_ln36)> <Delay = 0.00>
ST_4 : Operation 1551 [1/1] (0.00ns) (grouped into LUT with out node select_ln302_100)   --->   "%xor_ln895_100 = xor i1 %tmp_203, i1 1"   --->   Operation 1551 'xor' 'xor_ln895_100' <Predicate = (!icmp_ln36)> <Delay = 0.00> <CoreInst = "LogicGate">   --->   Core 74 'LogicGate' <Latency = 0> <II = 1> <Delay = 0.33> <FuncUnit> <Opcode : 'and' 'or' 'xor'> <InPorts = 2> <OutPorts = 1>
ST_4 : Operation 1552 [1/1] (0.00ns) (grouped into LUT with out node select_ln302_100)   --->   "%and_ln895_70 = and i1 %tmp_204, i1 %xor_ln895_100"   --->   Operation 1552 'and' 'and_ln895_70' <Predicate = (!icmp_ln36)> <Delay = 0.00> <CoreInst = "LogicGate">   --->   Core 74 'LogicGate' <Latency = 0> <II = 1> <Delay = 0.33> <FuncUnit> <Opcode : 'and' 'or' 'xor'> <InPorts = 2> <OutPorts = 1>
ST_4 : Operation 1553 [1/1] (0.00ns) (grouped into LUT with out node select_ln302_100)   --->   "%xor_ln302_86 = xor i1 %tmp_203, i1 %tmp_204"   --->   Operation 1553 'xor' 'xor_ln302_86' <Predicate = (!icmp_ln36)> <Delay = 0.00> <CoreInst = "LogicGate">   --->   Core 74 'LogicGate' <Latency = 0> <II = 1> <Delay = 0.33> <FuncUnit> <Opcode : 'and' 'or' 'xor'> <InPorts = 2> <OutPorts = 1>
ST_4 : Operation 1554 [1/1] (0.00ns) (grouped into LUT with out node select_ln302_100)   --->   "%select_ln346_86 = select i1 %and_ln895_70, i32 2147483647, i32 2147483648"   --->   Operation 1554 'select' 'select_ln346_86' <Predicate = (!icmp_ln36)> <Delay = 0.00> <CoreInst = "Sel">   --->   Core 73 'Sel' <Latency = 0> <II = 1> <Delay = 0.52> <FuncUnit> <Opcode : 'select'> <InPorts = 3> <OutPorts = 1>
ST_4 : Operation 1555 [1/1] (0.52ns) (out node of the LUT)   --->   "%select_ln302_100 = select i1 %xor_ln302_86, i32 %select_ln346_86, i32 %add_ln813_70"   --->   Operation 1555 'select' 'select_ln302_100' <Predicate = (!icmp_ln36)> <Delay = 0.52> <CoreInst = "Sel">   --->   Core 73 'Sel' <Latency = 0> <II = 1> <Delay = 0.52> <FuncUnit> <Opcode : 'select'> <InPorts = 3> <OutPorts = 1>
ST_4 : Operation 1556 [1/1] (0.00ns)   --->   "%sext_ln813_101 = sext i32 %select_ln302_100"   --->   Operation 1556 'sext' 'sext_ln813_101' <Predicate = (!icmp_ln36)> <Delay = 0.00>
ST_4 : Operation 1557 [1/1] (0.00ns)   --->   "%shl_ln1347_75 = bitconcatenate i17 @_ssdm_op_BitConcatenate.i17.i8.i9, i8 %val_in, i9 0"   --->   Operation 1557 'bitconcatenate' 'shl_ln1347_75' <Predicate = (!icmp_ln36)> <Delay = 0.00>
ST_4 : Operation 1558 [1/1] (0.00ns)   --->   "%sext_ln1347_168 = sext i17 %shl_ln1347_75"   --->   Operation 1558 'sext' 'sext_ln1347_168' <Predicate = (!icmp_ln36)> <Delay = 0.00>
ST_4 : Operation 1559 [1/1] (0.00ns)   --->   "%sext_ln1347_169 = sext i17 %shl_ln1347_75"   --->   Operation 1559 'sext' 'sext_ln1347_169' <Predicate = (!icmp_ln36)> <Delay = 0.00>
ST_4 : Operation 1560 [1/1] (1.20ns)   --->   "%add_ln1347_110 = add i33 %sext_ln813_101, i33 %sext_ln1347_168"   --->   Operation 1560 'add' 'add_ln1347_110' <Predicate = (!icmp_ln36)> <Delay = 1.20> <CoreInst = "Adder">   --->   Core 1 'Adder' <Latency = 0> <II = 1> <Delay = 1.20> <FuncUnit> <Opcode : 'add' 'sub'> <InPorts = 2> <OutPorts = 1>
ST_4 : Operation 1561 [1/1] (0.00ns)   --->   "%tmp_205 = bitselect i1 @_ssdm_op_BitSelect.i1.i33.i32, i33 %add_ln1347_110, i32 32"   --->   Operation 1561 'bitselect' 'tmp_205' <Predicate = (!icmp_ln36)> <Delay = 0.00>
ST_4 : Operation 1562 [1/1] (1.20ns)   --->   "%add_ln813_71 = add i32 %select_ln302_100, i32 %sext_ln1347_169"   --->   Operation 1562 'add' 'add_ln813_71' <Predicate = (!icmp_ln36)> <Delay = 1.20> <CoreInst = "Adder">   --->   Core 1 'Adder' <Latency = 0> <II = 1> <Delay = 1.20> <FuncUnit> <Opcode : 'add' 'sub'> <InPorts = 2> <OutPorts = 1>
ST_4 : Operation 1563 [1/1] (0.00ns)   --->   "%tmp_206 = bitselect i1 @_ssdm_op_BitSelect.i1.i32.i32, i32 %add_ln813_71, i32 31"   --->   Operation 1563 'bitselect' 'tmp_206' <Predicate = (!icmp_ln36)> <Delay = 0.00>
ST_4 : Operation 1564 [1/1] (0.00ns) (grouped into LUT with out node select_ln302_101)   --->   "%xor_ln895_101 = xor i1 %tmp_205, i1 1"   --->   Operation 1564 'xor' 'xor_ln895_101' <Predicate = (!icmp_ln36)> <Delay = 0.00> <CoreInst = "LogicGate">   --->   Core 74 'LogicGate' <Latency = 0> <II = 1> <Delay = 0.33> <FuncUnit> <Opcode : 'and' 'or' 'xor'> <InPorts = 2> <OutPorts = 1>
ST_4 : Operation 1565 [1/1] (0.00ns) (grouped into LUT with out node select_ln302_101)   --->   "%and_ln895_71 = and i1 %tmp_206, i1 %xor_ln895_101"   --->   Operation 1565 'and' 'and_ln895_71' <Predicate = (!icmp_ln36)> <Delay = 0.00> <CoreInst = "LogicGate">   --->   Core 74 'LogicGate' <Latency = 0> <II = 1> <Delay = 0.33> <FuncUnit> <Opcode : 'and' 'or' 'xor'> <InPorts = 2> <OutPorts = 1>
ST_4 : Operation 1566 [1/1] (0.00ns) (grouped into LUT with out node select_ln302_101)   --->   "%xor_ln302_87 = xor i1 %tmp_205, i1 %tmp_206"   --->   Operation 1566 'xor' 'xor_ln302_87' <Predicate = (!icmp_ln36)> <Delay = 0.00> <CoreInst = "LogicGate">   --->   Core 74 'LogicGate' <Latency = 0> <II = 1> <Delay = 0.33> <FuncUnit> <Opcode : 'and' 'or' 'xor'> <InPorts = 2> <OutPorts = 1>
ST_4 : Operation 1567 [1/1] (0.00ns) (grouped into LUT with out node select_ln302_101)   --->   "%select_ln346_87 = select i1 %and_ln895_71, i32 2147483647, i32 2147483648"   --->   Operation 1567 'select' 'select_ln346_87' <Predicate = (!icmp_ln36)> <Delay = 0.00> <CoreInst = "Sel">   --->   Core 73 'Sel' <Latency = 0> <II = 1> <Delay = 0.52> <FuncUnit> <Opcode : 'select'> <InPorts = 3> <OutPorts = 1>
ST_4 : Operation 1568 [1/1] (0.52ns) (out node of the LUT)   --->   "%select_ln302_101 = select i1 %xor_ln302_87, i32 %select_ln346_87, i32 %add_ln813_71"   --->   Operation 1568 'select' 'select_ln302_101' <Predicate = (!icmp_ln36)> <Delay = 0.52> <CoreInst = "Sel">   --->   Core 73 'Sel' <Latency = 0> <II = 1> <Delay = 0.52> <FuncUnit> <Opcode : 'select'> <InPorts = 3> <OutPorts = 1>
ST_4 : Operation 1569 [1/1] (0.00ns)   --->   "%trunc_ln1650_12 = trunc i32 %select_ln302_101"   --->   Operation 1569 'trunc' 'trunc_ln1650_12' <Predicate = (!icmp_ln36)> <Delay = 0.00>
ST_4 : Operation 1570 [1/1] (0.00ns)   --->   "%tmp_207 = bitselect i1 @_ssdm_op_BitSelect.i1.i32.i32, i32 %select_ln302_101, i32 31"   --->   Operation 1570 'bitselect' 'tmp_207' <Predicate = (!icmp_ln36)> <Delay = 0.00>
ST_4 : Operation 1571 [1/1] (0.49ns)   --->   "%select_ln82_12 = select i1 %tmp_207, i31 0, i31 %trunc_ln1650_12" [vgg_accelerator.cpp:82]   --->   Operation 1571 'select' 'select_ln82_12' <Predicate = (!icmp_ln36)> <Delay = 0.49> <CoreInst = "Sel">   --->   Core 73 'Sel' <Latency = 0> <II = 1> <Delay = 0.49> <FuncUnit> <Opcode : 'select'> <InPorts = 3> <OutPorts = 1>
ST_4 : Operation 1572 [1/1] (0.00ns)   --->   "%trunc_ln818_11 = partselect i8 @_ssdm_op_PartSelect.i8.i31.i32.i32, i31 %select_ln82_12, i32 12, i32 19"   --->   Operation 1572 'partselect' 'trunc_ln818_11' <Predicate = (!icmp_ln36)> <Delay = 0.00>
ST_4 : Operation 1573 [1/1] (0.00ns)   --->   "%tmp_208 = bitselect i1 @_ssdm_op_BitSelect.i1.i31.i32, i31 %select_ln82_12, i32 11"   --->   Operation 1573 'bitselect' 'tmp_208' <Predicate = (!icmp_ln36)> <Delay = 0.00>
ST_4 : Operation 1574 [1/1] (0.00ns)   --->   "%zext_ln377_26 = zext i1 %tmp_208"   --->   Operation 1574 'zext' 'zext_ln377_26' <Predicate = (!icmp_ln36)> <Delay = 0.00>
ST_4 : Operation 1575 [1/1] (0.00ns)   --->   "%trunc_ln377_12 = partselect i7 @_ssdm_op_PartSelect.i7.i31.i32.i32, i31 %select_ln82_12, i32 12, i32 18"   --->   Operation 1575 'partselect' 'trunc_ln377_12' <Predicate = (!icmp_ln36)> <Delay = 0.00>
ST_4 : Operation 1576 [1/1] (0.00ns)   --->   "%zext_ln377_27 = zext i1 %tmp_208"   --->   Operation 1576 'zext' 'zext_ln377_27' <Predicate = (!icmp_ln36)> <Delay = 0.00>
ST_4 : Operation 1577 [1/1] (0.90ns)   --->   "%add_ln377_12 = add i8 %trunc_ln818_11, i8 %zext_ln377_26"   --->   Operation 1577 'add' 'add_ln377_12' <Predicate = (!icmp_ln36)> <Delay = 0.90> <CoreInst = "Adder">   --->   Core 1 'Adder' <Latency = 0> <II = 1> <Delay = 0.90> <FuncUnit> <Opcode : 'add' 'sub'> <InPorts = 2> <OutPorts = 1>
ST_4 : Operation 1578 [1/1] (0.89ns)   --->   "%add_ln856_12 = add i7 %trunc_ln377_12, i7 %zext_ln377_27"   --->   Operation 1578 'add' 'add_ln856_12' <Predicate = (!icmp_ln36)> <Delay = 0.89> <CoreInst = "Adder">   --->   Core 1 'Adder' <Latency = 0> <II = 1> <Delay = 0.89> <FuncUnit> <Opcode : 'add' 'sub'> <InPorts = 2> <OutPorts = 1>
ST_4 : Operation 1579 [1/1] (0.00ns)   --->   "%tmp_209 = bitselect i1 @_ssdm_op_BitSelect.i1.i8.i32, i8 %add_ln377_12, i32 7"   --->   Operation 1579 'bitselect' 'tmp_209' <Predicate = (!icmp_ln36)> <Delay = 0.00>
ST_4 : Operation 1580 [1/1] (0.00ns)   --->   "%tmp_11 = partselect i11 @_ssdm_op_PartSelect.i11.i31.i32.i32, i31 %select_ln82_12, i32 20, i32 30"   --->   Operation 1580 'partselect' 'tmp_11' <Predicate = (!icmp_ln36)> <Delay = 0.00>
ST_4 : Operation 1581 [1/1] (0.85ns)   --->   "%icmp_ln878_12 = icmp_eq  i11 %tmp_11, i11 0"   --->   Operation 1581 'icmp' 'icmp_ln878_12' <Predicate = (!icmp_ln36)> <Delay = 0.85> <CoreInst = "Cmp">   --->   Core 9 'Cmp' <Latency = 0> <II = 1> <Delay = 0.85> <FuncUnit> <Opcode : 'icmp'> <InPorts = 2> <OutPorts = 1>
ST_4 : Operation 1582 [1/1] (0.00ns) (grouped into LUT with out node select_ln302_102)   --->   "%tmp_210 = bitselect i1 @_ssdm_op_BitSelect.i1.i31.i32, i31 %select_ln82_12, i32 19"   --->   Operation 1582 'bitselect' 'tmp_210' <Predicate = (!icmp_ln36)> <Delay = 0.00>
ST_4 : Operation 1583 [1/1] (0.00ns) (grouped into LUT with out node select_ln302_102)   --->   "%xor_ln888_12 = xor i1 %tmp_210, i1 1"   --->   Operation 1583 'xor' 'xor_ln888_12' <Predicate = (!icmp_ln36)> <Delay = 0.00> <CoreInst = "LogicGate">   --->   Core 74 'LogicGate' <Latency = 0> <II = 1> <Delay = 0.33> <FuncUnit> <Opcode : 'and' 'or' 'xor'> <InPorts = 2> <OutPorts = 1>
ST_4 : Operation 1584 [1/1] (0.00ns) (grouped into LUT with out node select_ln302_102)   --->   "%or_ln888_12 = or i1 %tmp_209, i1 %xor_ln888_12"   --->   Operation 1584 'or' 'or_ln888_12' <Predicate = (!icmp_ln36)> <Delay = 0.00> <CoreInst = "LogicGate">   --->   Core 74 'LogicGate' <Latency = 0> <II = 1> <Delay = 0.33> <FuncUnit> <Opcode : 'and' 'or' 'xor'> <InPorts = 2> <OutPorts = 1>
ST_4 : Operation 1585 [1/1] (0.00ns) (grouped into LUT with out node select_ln302_102)   --->   "%and_ln888_12 = and i1 %icmp_ln878_12, i1 %or_ln888_12"   --->   Operation 1585 'and' 'and_ln888_12' <Predicate = (!icmp_ln36)> <Delay = 0.00> <CoreInst = "LogicGate">   --->   Core 74 'LogicGate' <Latency = 0> <II = 1> <Delay = 0.33> <FuncUnit> <Opcode : 'and' 'or' 'xor'> <InPorts = 2> <OutPorts = 1>
ST_4 : Operation 1586 [1/1] (0.00ns) (grouped into LUT with out node select_ln302_102)   --->   "%xor_ln895_102 = xor i1 %and_ln888_12, i1 1"   --->   Operation 1586 'xor' 'xor_ln895_102' <Predicate = (!icmp_ln36)> <Delay = 0.00> <CoreInst = "LogicGate">   --->   Core 74 'LogicGate' <Latency = 0> <II = 1> <Delay = 0.33> <FuncUnit> <Opcode : 'and' 'or' 'xor'> <InPorts = 2> <OutPorts = 1>
ST_4 : Operation 1587 [1/1] (0.00ns) (grouped into LUT with out node select_ln302_102)   --->   "%or_ln895_12 = or i1 %tmp_209, i1 %xor_ln895_102"   --->   Operation 1587 'or' 'or_ln895_12' <Predicate = (!icmp_ln36)> <Delay = 0.00> <CoreInst = "LogicGate">   --->   Core 74 'LogicGate' <Latency = 0> <II = 1> <Delay = 0.33> <FuncUnit> <Opcode : 'and' 'or' 'xor'> <InPorts = 2> <OutPorts = 1>
ST_4 : Operation 1588 [1/1] (0.42ns) (out node of the LUT)   --->   "%select_ln302_102 = select i1 %or_ln895_12, i7 127, i7 %add_ln856_12"   --->   Operation 1588 'select' 'select_ln302_102' <Predicate = (!icmp_ln36)> <Delay = 0.42> <CoreInst = "Sel">   --->   Core 73 'Sel' <Latency = 0> <II = 1> <Delay = 0.42> <FuncUnit> <Opcode : 'select'> <InPorts = 3> <OutPorts = 1>
ST_4 : Operation 1589 [1/1] (0.94ns)   --->   "%sub_ln1273_52 = sub i12 %sext_ln1273_6, i12 %sext_ln1273_4"   --->   Operation 1589 'sub' 'sub_ln1273_52' <Predicate = (!icmp_ln36)> <Delay = 0.94> <CoreInst = "Adder">   --->   Core 1 'Adder' <Latency = 0> <II = 1> <Delay = 0.94> <FuncUnit> <Opcode : 'add' 'sub'> <InPorts = 2> <OutPorts = 1>
ST_4 : Operation 1590 [1/1] (0.00ns)   --->   "%sext_ln813_105 = sext i32 %select_ln302_105"   --->   Operation 1590 'sext' 'sext_ln813_105' <Predicate = (!icmp_ln36)> <Delay = 0.00>
ST_4 : Operation 1591 [1/1] (0.00ns)   --->   "%shl_ln1347_80 = bitconcatenate i20 @_ssdm_op_BitConcatenate.i20.i12.i8, i12 %sub_ln1273_52, i8 0"   --->   Operation 1591 'bitconcatenate' 'shl_ln1347_80' <Predicate = (!icmp_ln36)> <Delay = 0.00>
ST_4 : Operation 1592 [1/1] (0.00ns)   --->   "%sext_ln1347_176 = sext i20 %shl_ln1347_80"   --->   Operation 1592 'sext' 'sext_ln1347_176' <Predicate = (!icmp_ln36)> <Delay = 0.00>
ST_4 : Operation 1593 [1/1] (0.00ns)   --->   "%sext_ln1347_177 = sext i20 %shl_ln1347_80"   --->   Operation 1593 'sext' 'sext_ln1347_177' <Predicate = (!icmp_ln36)> <Delay = 0.00>
ST_4 : Operation 1594 [1/1] (1.20ns)   --->   "%add_ln1347_117 = add i33 %sext_ln813_105, i33 %sext_ln1347_176"   --->   Operation 1594 'add' 'add_ln1347_117' <Predicate = (!icmp_ln36)> <Delay = 1.20> <CoreInst = "Adder">   --->   Core 1 'Adder' <Latency = 0> <II = 1> <Delay = 1.20> <FuncUnit> <Opcode : 'add' 'sub'> <InPorts = 2> <OutPorts = 1>
ST_4 : Operation 1595 [1/1] (0.00ns)   --->   "%tmp_217 = bitselect i1 @_ssdm_op_BitSelect.i1.i33.i32, i33 %add_ln1347_117, i32 32"   --->   Operation 1595 'bitselect' 'tmp_217' <Predicate = (!icmp_ln36)> <Delay = 0.00>
ST_4 : Operation 1596 [1/1] (1.20ns)   --->   "%add_ln813_75 = add i32 %select_ln302_105, i32 %sext_ln1347_177"   --->   Operation 1596 'add' 'add_ln813_75' <Predicate = (!icmp_ln36)> <Delay = 1.20> <CoreInst = "Adder">   --->   Core 1 'Adder' <Latency = 0> <II = 1> <Delay = 1.20> <FuncUnit> <Opcode : 'add' 'sub'> <InPorts = 2> <OutPorts = 1>
ST_4 : Operation 1597 [1/1] (0.00ns)   --->   "%tmp_218 = bitselect i1 @_ssdm_op_BitSelect.i1.i32.i32, i32 %add_ln813_75, i32 31"   --->   Operation 1597 'bitselect' 'tmp_218' <Predicate = (!icmp_ln36)> <Delay = 0.00>
ST_4 : Operation 1598 [1/1] (0.00ns) (grouped into LUT with out node select_ln302_106)   --->   "%xor_ln895_106 = xor i1 %tmp_217, i1 1"   --->   Operation 1598 'xor' 'xor_ln895_106' <Predicate = (!icmp_ln36)> <Delay = 0.00> <CoreInst = "LogicGate">   --->   Core 74 'LogicGate' <Latency = 0> <II = 1> <Delay = 0.33> <FuncUnit> <Opcode : 'and' 'or' 'xor'> <InPorts = 2> <OutPorts = 1>
ST_4 : Operation 1599 [1/1] (0.00ns) (grouped into LUT with out node select_ln302_106)   --->   "%and_ln895_75 = and i1 %tmp_218, i1 %xor_ln895_106"   --->   Operation 1599 'and' 'and_ln895_75' <Predicate = (!icmp_ln36)> <Delay = 0.00> <CoreInst = "LogicGate">   --->   Core 74 'LogicGate' <Latency = 0> <II = 1> <Delay = 0.33> <FuncUnit> <Opcode : 'and' 'or' 'xor'> <InPorts = 2> <OutPorts = 1>
ST_4 : Operation 1600 [1/1] (0.00ns) (grouped into LUT with out node select_ln302_106)   --->   "%xor_ln302_91 = xor i1 %tmp_217, i1 %tmp_218"   --->   Operation 1600 'xor' 'xor_ln302_91' <Predicate = (!icmp_ln36)> <Delay = 0.00> <CoreInst = "LogicGate">   --->   Core 74 'LogicGate' <Latency = 0> <II = 1> <Delay = 0.33> <FuncUnit> <Opcode : 'and' 'or' 'xor'> <InPorts = 2> <OutPorts = 1>
ST_4 : Operation 1601 [1/1] (0.00ns) (grouped into LUT with out node select_ln302_106)   --->   "%select_ln346_91 = select i1 %and_ln895_75, i32 2147483647, i32 2147483648"   --->   Operation 1601 'select' 'select_ln346_91' <Predicate = (!icmp_ln36)> <Delay = 0.00> <CoreInst = "Sel">   --->   Core 73 'Sel' <Latency = 0> <II = 1> <Delay = 0.52> <FuncUnit> <Opcode : 'select'> <InPorts = 3> <OutPorts = 1>
ST_4 : Operation 1602 [1/1] (0.52ns) (out node of the LUT)   --->   "%select_ln302_106 = select i1 %xor_ln302_91, i32 %select_ln346_91, i32 %add_ln813_75"   --->   Operation 1602 'select' 'select_ln302_106' <Predicate = (!icmp_ln36)> <Delay = 0.52> <CoreInst = "Sel">   --->   Core 73 'Sel' <Latency = 0> <II = 1> <Delay = 0.52> <FuncUnit> <Opcode : 'select'> <InPorts = 3> <OutPorts = 1>
ST_4 : Operation 1603 [1/1] (0.94ns)   --->   "%sub_ln1273_53 = sub i12 %sext_ln1273_27, i12 %sext_ln1273_14"   --->   Operation 1603 'sub' 'sub_ln1273_53' <Predicate = (!icmp_ln36)> <Delay = 0.94> <CoreInst = "Adder">   --->   Core 1 'Adder' <Latency = 0> <II = 1> <Delay = 0.94> <FuncUnit> <Opcode : 'add' 'sub'> <InPorts = 2> <OutPorts = 1>
ST_4 : Operation 1604 [1/1] (0.00ns)   --->   "%sext_ln813_106 = sext i32 %select_ln302_106"   --->   Operation 1604 'sext' 'sext_ln813_106' <Predicate = (!icmp_ln36)> <Delay = 0.00>
ST_4 : Operation 1605 [1/1] (0.00ns)   --->   "%shl_ln1347_81 = bitconcatenate i20 @_ssdm_op_BitConcatenate.i20.i12.i8, i12 %sub_ln1273_53, i8 0"   --->   Operation 1605 'bitconcatenate' 'shl_ln1347_81' <Predicate = (!icmp_ln36)> <Delay = 0.00>
ST_4 : Operation 1606 [1/1] (0.00ns)   --->   "%sext_ln1347_178 = sext i20 %shl_ln1347_81"   --->   Operation 1606 'sext' 'sext_ln1347_178' <Predicate = (!icmp_ln36)> <Delay = 0.00>
ST_4 : Operation 1607 [1/1] (0.00ns)   --->   "%sext_ln1347_179 = sext i20 %shl_ln1347_81"   --->   Operation 1607 'sext' 'sext_ln1347_179' <Predicate = (!icmp_ln36)> <Delay = 0.00>
ST_4 : Operation 1608 [1/1] (1.20ns)   --->   "%add_ln1347_118 = add i33 %sext_ln813_106, i33 %sext_ln1347_178"   --->   Operation 1608 'add' 'add_ln1347_118' <Predicate = (!icmp_ln36)> <Delay = 1.20> <CoreInst = "Adder">   --->   Core 1 'Adder' <Latency = 0> <II = 1> <Delay = 1.20> <FuncUnit> <Opcode : 'add' 'sub'> <InPorts = 2> <OutPorts = 1>
ST_4 : Operation 1609 [1/1] (0.00ns)   --->   "%tmp_219 = bitselect i1 @_ssdm_op_BitSelect.i1.i33.i32, i33 %add_ln1347_118, i32 32"   --->   Operation 1609 'bitselect' 'tmp_219' <Predicate = (!icmp_ln36)> <Delay = 0.00>
ST_4 : Operation 1610 [1/1] (1.20ns)   --->   "%add_ln813_76 = add i32 %select_ln302_106, i32 %sext_ln1347_179"   --->   Operation 1610 'add' 'add_ln813_76' <Predicate = (!icmp_ln36)> <Delay = 1.20> <CoreInst = "Adder">   --->   Core 1 'Adder' <Latency = 0> <II = 1> <Delay = 1.20> <FuncUnit> <Opcode : 'add' 'sub'> <InPorts = 2> <OutPorts = 1>
ST_4 : Operation 1611 [1/1] (0.00ns)   --->   "%tmp_220 = bitselect i1 @_ssdm_op_BitSelect.i1.i32.i32, i32 %add_ln813_76, i32 31"   --->   Operation 1611 'bitselect' 'tmp_220' <Predicate = (!icmp_ln36)> <Delay = 0.00>
ST_4 : Operation 1612 [1/1] (0.00ns) (grouped into LUT with out node select_ln302_107)   --->   "%xor_ln895_107 = xor i1 %tmp_219, i1 1"   --->   Operation 1612 'xor' 'xor_ln895_107' <Predicate = (!icmp_ln36)> <Delay = 0.00> <CoreInst = "LogicGate">   --->   Core 74 'LogicGate' <Latency = 0> <II = 1> <Delay = 0.33> <FuncUnit> <Opcode : 'and' 'or' 'xor'> <InPorts = 2> <OutPorts = 1>
ST_4 : Operation 1613 [1/1] (0.00ns) (grouped into LUT with out node select_ln302_107)   --->   "%and_ln895_76 = and i1 %tmp_220, i1 %xor_ln895_107"   --->   Operation 1613 'and' 'and_ln895_76' <Predicate = (!icmp_ln36)> <Delay = 0.00> <CoreInst = "LogicGate">   --->   Core 74 'LogicGate' <Latency = 0> <II = 1> <Delay = 0.33> <FuncUnit> <Opcode : 'and' 'or' 'xor'> <InPorts = 2> <OutPorts = 1>
ST_4 : Operation 1614 [1/1] (0.00ns) (grouped into LUT with out node select_ln302_107)   --->   "%xor_ln302_92 = xor i1 %tmp_219, i1 %tmp_220"   --->   Operation 1614 'xor' 'xor_ln302_92' <Predicate = (!icmp_ln36)> <Delay = 0.00> <CoreInst = "LogicGate">   --->   Core 74 'LogicGate' <Latency = 0> <II = 1> <Delay = 0.33> <FuncUnit> <Opcode : 'and' 'or' 'xor'> <InPorts = 2> <OutPorts = 1>
ST_4 : Operation 1615 [1/1] (0.00ns) (grouped into LUT with out node select_ln302_107)   --->   "%select_ln346_92 = select i1 %and_ln895_76, i32 2147483647, i32 2147483648"   --->   Operation 1615 'select' 'select_ln346_92' <Predicate = (!icmp_ln36)> <Delay = 0.00> <CoreInst = "Sel">   --->   Core 73 'Sel' <Latency = 0> <II = 1> <Delay = 0.52> <FuncUnit> <Opcode : 'select'> <InPorts = 3> <OutPorts = 1>
ST_4 : Operation 1616 [1/1] (0.52ns) (out node of the LUT)   --->   "%select_ln302_107 = select i1 %xor_ln302_92, i32 %select_ln346_92, i32 %add_ln813_76"   --->   Operation 1616 'select' 'select_ln302_107' <Predicate = (!icmp_ln36)> <Delay = 0.52> <CoreInst = "Sel">   --->   Core 73 'Sel' <Latency = 0> <II = 1> <Delay = 0.52> <FuncUnit> <Opcode : 'select'> <InPorts = 3> <OutPorts = 1>
ST_4 : Operation 1617 [1/1] (0.00ns)   --->   "%trunc_ln1650_13 = trunc i32 %select_ln302_107"   --->   Operation 1617 'trunc' 'trunc_ln1650_13' <Predicate = (!icmp_ln36)> <Delay = 0.00>
ST_4 : Operation 1618 [1/1] (0.00ns)   --->   "%tmp_221 = bitselect i1 @_ssdm_op_BitSelect.i1.i32.i32, i32 %select_ln302_107, i32 31"   --->   Operation 1618 'bitselect' 'tmp_221' <Predicate = (!icmp_ln36)> <Delay = 0.00>
ST_4 : Operation 1619 [1/1] (0.49ns)   --->   "%select_ln82_13 = select i1 %tmp_221, i31 0, i31 %trunc_ln1650_13" [vgg_accelerator.cpp:82]   --->   Operation 1619 'select' 'select_ln82_13' <Predicate = (!icmp_ln36)> <Delay = 0.49> <CoreInst = "Sel">   --->   Core 73 'Sel' <Latency = 0> <II = 1> <Delay = 0.49> <FuncUnit> <Opcode : 'select'> <InPorts = 3> <OutPorts = 1>
ST_4 : Operation 1620 [1/1] (0.00ns)   --->   "%trunc_ln818_12 = partselect i8 @_ssdm_op_PartSelect.i8.i31.i32.i32, i31 %select_ln82_13, i32 12, i32 19"   --->   Operation 1620 'partselect' 'trunc_ln818_12' <Predicate = (!icmp_ln36)> <Delay = 0.00>
ST_4 : Operation 1621 [1/1] (0.00ns)   --->   "%tmp_222 = bitselect i1 @_ssdm_op_BitSelect.i1.i31.i32, i31 %select_ln82_13, i32 11"   --->   Operation 1621 'bitselect' 'tmp_222' <Predicate = (!icmp_ln36)> <Delay = 0.00>
ST_4 : Operation 1622 [1/1] (0.00ns)   --->   "%zext_ln377_28 = zext i1 %tmp_222"   --->   Operation 1622 'zext' 'zext_ln377_28' <Predicate = (!icmp_ln36)> <Delay = 0.00>
ST_4 : Operation 1623 [1/1] (0.00ns)   --->   "%trunc_ln377_13 = partselect i7 @_ssdm_op_PartSelect.i7.i31.i32.i32, i31 %select_ln82_13, i32 12, i32 18"   --->   Operation 1623 'partselect' 'trunc_ln377_13' <Predicate = (!icmp_ln36)> <Delay = 0.00>
ST_4 : Operation 1624 [1/1] (0.00ns)   --->   "%zext_ln377_29 = zext i1 %tmp_222"   --->   Operation 1624 'zext' 'zext_ln377_29' <Predicate = (!icmp_ln36)> <Delay = 0.00>
ST_4 : Operation 1625 [1/1] (0.90ns)   --->   "%add_ln377_13 = add i8 %trunc_ln818_12, i8 %zext_ln377_28"   --->   Operation 1625 'add' 'add_ln377_13' <Predicate = (!icmp_ln36)> <Delay = 0.90> <CoreInst = "Adder">   --->   Core 1 'Adder' <Latency = 0> <II = 1> <Delay = 0.90> <FuncUnit> <Opcode : 'add' 'sub'> <InPorts = 2> <OutPorts = 1>
ST_4 : Operation 1626 [1/1] (0.89ns)   --->   "%add_ln856_13 = add i7 %trunc_ln377_13, i7 %zext_ln377_29"   --->   Operation 1626 'add' 'add_ln856_13' <Predicate = (!icmp_ln36)> <Delay = 0.89> <CoreInst = "Adder">   --->   Core 1 'Adder' <Latency = 0> <II = 1> <Delay = 0.89> <FuncUnit> <Opcode : 'add' 'sub'> <InPorts = 2> <OutPorts = 1>
ST_4 : Operation 1627 [1/1] (0.00ns)   --->   "%tmp_223 = bitselect i1 @_ssdm_op_BitSelect.i1.i8.i32, i8 %add_ln377_13, i32 7"   --->   Operation 1627 'bitselect' 'tmp_223' <Predicate = (!icmp_ln36)> <Delay = 0.00>
ST_4 : Operation 1628 [1/1] (0.00ns)   --->   "%tmp_12 = partselect i11 @_ssdm_op_PartSelect.i11.i31.i32.i32, i31 %select_ln82_13, i32 20, i32 30"   --->   Operation 1628 'partselect' 'tmp_12' <Predicate = (!icmp_ln36)> <Delay = 0.00>
ST_4 : Operation 1629 [1/1] (0.85ns)   --->   "%icmp_ln878_13 = icmp_eq  i11 %tmp_12, i11 0"   --->   Operation 1629 'icmp' 'icmp_ln878_13' <Predicate = (!icmp_ln36)> <Delay = 0.85> <CoreInst = "Cmp">   --->   Core 9 'Cmp' <Latency = 0> <II = 1> <Delay = 0.85> <FuncUnit> <Opcode : 'icmp'> <InPorts = 2> <OutPorts = 1>
ST_4 : Operation 1630 [1/1] (0.00ns) (grouped into LUT with out node select_ln302_108)   --->   "%tmp_224 = bitselect i1 @_ssdm_op_BitSelect.i1.i31.i32, i31 %select_ln82_13, i32 19"   --->   Operation 1630 'bitselect' 'tmp_224' <Predicate = (!icmp_ln36)> <Delay = 0.00>
ST_4 : Operation 1631 [1/1] (0.00ns) (grouped into LUT with out node select_ln302_108)   --->   "%xor_ln888_13 = xor i1 %tmp_224, i1 1"   --->   Operation 1631 'xor' 'xor_ln888_13' <Predicate = (!icmp_ln36)> <Delay = 0.00> <CoreInst = "LogicGate">   --->   Core 74 'LogicGate' <Latency = 0> <II = 1> <Delay = 0.33> <FuncUnit> <Opcode : 'and' 'or' 'xor'> <InPorts = 2> <OutPorts = 1>
ST_4 : Operation 1632 [1/1] (0.00ns) (grouped into LUT with out node select_ln302_108)   --->   "%or_ln888_13 = or i1 %tmp_223, i1 %xor_ln888_13"   --->   Operation 1632 'or' 'or_ln888_13' <Predicate = (!icmp_ln36)> <Delay = 0.00> <CoreInst = "LogicGate">   --->   Core 74 'LogicGate' <Latency = 0> <II = 1> <Delay = 0.33> <FuncUnit> <Opcode : 'and' 'or' 'xor'> <InPorts = 2> <OutPorts = 1>
ST_4 : Operation 1633 [1/1] (0.00ns) (grouped into LUT with out node select_ln302_108)   --->   "%and_ln888_13 = and i1 %icmp_ln878_13, i1 %or_ln888_13"   --->   Operation 1633 'and' 'and_ln888_13' <Predicate = (!icmp_ln36)> <Delay = 0.00> <CoreInst = "LogicGate">   --->   Core 74 'LogicGate' <Latency = 0> <II = 1> <Delay = 0.33> <FuncUnit> <Opcode : 'and' 'or' 'xor'> <InPorts = 2> <OutPorts = 1>
ST_4 : Operation 1634 [1/1] (0.00ns) (grouped into LUT with out node select_ln302_108)   --->   "%xor_ln895_108 = xor i1 %and_ln888_13, i1 1"   --->   Operation 1634 'xor' 'xor_ln895_108' <Predicate = (!icmp_ln36)> <Delay = 0.00> <CoreInst = "LogicGate">   --->   Core 74 'LogicGate' <Latency = 0> <II = 1> <Delay = 0.33> <FuncUnit> <Opcode : 'and' 'or' 'xor'> <InPorts = 2> <OutPorts = 1>
ST_4 : Operation 1635 [1/1] (0.00ns) (grouped into LUT with out node select_ln302_108)   --->   "%or_ln895_13 = or i1 %tmp_223, i1 %xor_ln895_108"   --->   Operation 1635 'or' 'or_ln895_13' <Predicate = (!icmp_ln36)> <Delay = 0.00> <CoreInst = "LogicGate">   --->   Core 74 'LogicGate' <Latency = 0> <II = 1> <Delay = 0.33> <FuncUnit> <Opcode : 'and' 'or' 'xor'> <InPorts = 2> <OutPorts = 1>
ST_4 : Operation 1636 [1/1] (0.42ns) (out node of the LUT)   --->   "%select_ln302_108 = select i1 %or_ln895_13, i7 127, i7 %add_ln856_13"   --->   Operation 1636 'select' 'select_ln302_108' <Predicate = (!icmp_ln36)> <Delay = 0.42> <CoreInst = "Sel">   --->   Core 73 'Sel' <Latency = 0> <II = 1> <Delay = 0.42> <FuncUnit> <Opcode : 'select'> <InPorts = 3> <OutPorts = 1>
ST_4 : Operation 1637 [1/1] (0.00ns)   --->   "%sext_ln813_111 = sext i32 %select_ln302_111"   --->   Operation 1637 'sext' 'sext_ln813_111' <Predicate = (!icmp_ln36)> <Delay = 0.00>
ST_4 : Operation 1638 [1/1] (1.20ns)   --->   "%add_ln1347_125 = add i33 %sext_ln813_111, i33 %sext_ln1347_105"   --->   Operation 1638 'add' 'add_ln1347_125' <Predicate = (!icmp_ln36)> <Delay = 1.20> <CoreInst = "Adder">   --->   Core 1 'Adder' <Latency = 0> <II = 1> <Delay = 1.20> <FuncUnit> <Opcode : 'add' 'sub'> <InPorts = 2> <OutPorts = 1>
ST_4 : Operation 1639 [1/1] (0.00ns)   --->   "%tmp_231 = bitselect i1 @_ssdm_op_BitSelect.i1.i33.i32, i33 %add_ln1347_125, i32 32"   --->   Operation 1639 'bitselect' 'tmp_231' <Predicate = (!icmp_ln36)> <Delay = 0.00>
ST_4 : Operation 1640 [1/1] (1.20ns)   --->   "%add_ln813_80 = add i32 %select_ln302_111, i32 %sext_ln1347_106"   --->   Operation 1640 'add' 'add_ln813_80' <Predicate = (!icmp_ln36)> <Delay = 1.20> <CoreInst = "Adder">   --->   Core 1 'Adder' <Latency = 0> <II = 1> <Delay = 1.20> <FuncUnit> <Opcode : 'add' 'sub'> <InPorts = 2> <OutPorts = 1>
ST_4 : Operation 1641 [1/1] (0.00ns)   --->   "%tmp_232 = bitselect i1 @_ssdm_op_BitSelect.i1.i32.i32, i32 %add_ln813_80, i32 31"   --->   Operation 1641 'bitselect' 'tmp_232' <Predicate = (!icmp_ln36)> <Delay = 0.00>
ST_4 : Operation 1642 [1/1] (0.00ns) (grouped into LUT with out node select_ln302_112)   --->   "%xor_ln895_112 = xor i1 %tmp_231, i1 1"   --->   Operation 1642 'xor' 'xor_ln895_112' <Predicate = (!icmp_ln36)> <Delay = 0.00> <CoreInst = "LogicGate">   --->   Core 74 'LogicGate' <Latency = 0> <II = 1> <Delay = 0.33> <FuncUnit> <Opcode : 'and' 'or' 'xor'> <InPorts = 2> <OutPorts = 1>
ST_4 : Operation 1643 [1/1] (0.00ns) (grouped into LUT with out node select_ln302_112)   --->   "%and_ln895_80 = and i1 %tmp_232, i1 %xor_ln895_112"   --->   Operation 1643 'and' 'and_ln895_80' <Predicate = (!icmp_ln36)> <Delay = 0.00> <CoreInst = "LogicGate">   --->   Core 74 'LogicGate' <Latency = 0> <II = 1> <Delay = 0.33> <FuncUnit> <Opcode : 'and' 'or' 'xor'> <InPorts = 2> <OutPorts = 1>
ST_4 : Operation 1644 [1/1] (0.00ns) (grouped into LUT with out node select_ln302_112)   --->   "%xor_ln302_96 = xor i1 %tmp_231, i1 %tmp_232"   --->   Operation 1644 'xor' 'xor_ln302_96' <Predicate = (!icmp_ln36)> <Delay = 0.00> <CoreInst = "LogicGate">   --->   Core 74 'LogicGate' <Latency = 0> <II = 1> <Delay = 0.33> <FuncUnit> <Opcode : 'and' 'or' 'xor'> <InPorts = 2> <OutPorts = 1>
ST_4 : Operation 1645 [1/1] (0.00ns) (grouped into LUT with out node select_ln302_112)   --->   "%select_ln346_96 = select i1 %and_ln895_80, i32 2147483647, i32 2147483648"   --->   Operation 1645 'select' 'select_ln346_96' <Predicate = (!icmp_ln36)> <Delay = 0.00> <CoreInst = "Sel">   --->   Core 73 'Sel' <Latency = 0> <II = 1> <Delay = 0.52> <FuncUnit> <Opcode : 'select'> <InPorts = 3> <OutPorts = 1>
ST_4 : Operation 1646 [1/1] (0.52ns) (out node of the LUT)   --->   "%select_ln302_112 = select i1 %xor_ln302_96, i32 %select_ln346_96, i32 %add_ln813_80"   --->   Operation 1646 'select' 'select_ln302_112' <Predicate = (!icmp_ln36)> <Delay = 0.52> <CoreInst = "Sel">   --->   Core 73 'Sel' <Latency = 0> <II = 1> <Delay = 0.52> <FuncUnit> <Opcode : 'select'> <InPorts = 3> <OutPorts = 1>
ST_4 : Operation 1647 [1/1] (0.00ns)   --->   "%sext_ln813_112 = sext i32 %select_ln302_112"   --->   Operation 1647 'sext' 'sext_ln813_112' <Predicate = (!icmp_ln36)> <Delay = 0.00>
ST_4 : Operation 1648 [1/1] (1.20ns)   --->   "%add_ln1347_126 = add i33 %sext_ln813_112, i33 %sext_ln1347_144"   --->   Operation 1648 'add' 'add_ln1347_126' <Predicate = (!icmp_ln36)> <Delay = 1.20> <CoreInst = "Adder">   --->   Core 1 'Adder' <Latency = 0> <II = 1> <Delay = 1.20> <FuncUnit> <Opcode : 'add' 'sub'> <InPorts = 2> <OutPorts = 1>
ST_4 : Operation 1649 [1/1] (0.00ns)   --->   "%tmp_233 = bitselect i1 @_ssdm_op_BitSelect.i1.i33.i32, i33 %add_ln1347_126, i32 32"   --->   Operation 1649 'bitselect' 'tmp_233' <Predicate = (!icmp_ln36)> <Delay = 0.00>
ST_4 : Operation 1650 [1/1] (1.20ns)   --->   "%add_ln813_81 = add i32 %select_ln302_112, i32 %sext_ln1347_145"   --->   Operation 1650 'add' 'add_ln813_81' <Predicate = (!icmp_ln36)> <Delay = 1.20> <CoreInst = "Adder">   --->   Core 1 'Adder' <Latency = 0> <II = 1> <Delay = 1.20> <FuncUnit> <Opcode : 'add' 'sub'> <InPorts = 2> <OutPorts = 1>
ST_4 : Operation 1651 [1/1] (0.00ns)   --->   "%tmp_234 = bitselect i1 @_ssdm_op_BitSelect.i1.i32.i32, i32 %add_ln813_81, i32 31"   --->   Operation 1651 'bitselect' 'tmp_234' <Predicate = (!icmp_ln36)> <Delay = 0.00>
ST_4 : Operation 1652 [1/1] (0.00ns) (grouped into LUT with out node select_ln302_113)   --->   "%xor_ln895_113 = xor i1 %tmp_233, i1 1"   --->   Operation 1652 'xor' 'xor_ln895_113' <Predicate = (!icmp_ln36)> <Delay = 0.00> <CoreInst = "LogicGate">   --->   Core 74 'LogicGate' <Latency = 0> <II = 1> <Delay = 0.33> <FuncUnit> <Opcode : 'and' 'or' 'xor'> <InPorts = 2> <OutPorts = 1>
ST_4 : Operation 1653 [1/1] (0.00ns) (grouped into LUT with out node select_ln302_113)   --->   "%and_ln895_81 = and i1 %tmp_234, i1 %xor_ln895_113"   --->   Operation 1653 'and' 'and_ln895_81' <Predicate = (!icmp_ln36)> <Delay = 0.00> <CoreInst = "LogicGate">   --->   Core 74 'LogicGate' <Latency = 0> <II = 1> <Delay = 0.33> <FuncUnit> <Opcode : 'and' 'or' 'xor'> <InPorts = 2> <OutPorts = 1>
ST_4 : Operation 1654 [1/1] (0.00ns) (grouped into LUT with out node select_ln302_113)   --->   "%xor_ln302_97 = xor i1 %tmp_233, i1 %tmp_234"   --->   Operation 1654 'xor' 'xor_ln302_97' <Predicate = (!icmp_ln36)> <Delay = 0.00> <CoreInst = "LogicGate">   --->   Core 74 'LogicGate' <Latency = 0> <II = 1> <Delay = 0.33> <FuncUnit> <Opcode : 'and' 'or' 'xor'> <InPorts = 2> <OutPorts = 1>
ST_4 : Operation 1655 [1/1] (0.00ns) (grouped into LUT with out node select_ln302_113)   --->   "%select_ln346_97 = select i1 %and_ln895_81, i32 2147483647, i32 2147483648"   --->   Operation 1655 'select' 'select_ln346_97' <Predicate = (!icmp_ln36)> <Delay = 0.00> <CoreInst = "Sel">   --->   Core 73 'Sel' <Latency = 0> <II = 1> <Delay = 0.52> <FuncUnit> <Opcode : 'select'> <InPorts = 3> <OutPorts = 1>
ST_4 : Operation 1656 [1/1] (0.52ns) (out node of the LUT)   --->   "%select_ln302_113 = select i1 %xor_ln302_97, i32 %select_ln346_97, i32 %add_ln813_81"   --->   Operation 1656 'select' 'select_ln302_113' <Predicate = (!icmp_ln36)> <Delay = 0.52> <CoreInst = "Sel">   --->   Core 73 'Sel' <Latency = 0> <II = 1> <Delay = 0.52> <FuncUnit> <Opcode : 'select'> <InPorts = 3> <OutPorts = 1>
ST_4 : Operation 1657 [1/1] (0.00ns)   --->   "%sext_ln813_113 = sext i32 %select_ln302_113"   --->   Operation 1657 'sext' 'sext_ln813_113' <Predicate = (!icmp_ln36)> <Delay = 0.00>
ST_4 : Operation 1658 [1/1] (1.20ns)   --->   "%add_ln1347_127 = add i33 %sext_ln813_113, i33 %sext_ln1347_178"   --->   Operation 1658 'add' 'add_ln1347_127' <Predicate = (!icmp_ln36)> <Delay = 1.20> <CoreInst = "Adder">   --->   Core 1 'Adder' <Latency = 0> <II = 1> <Delay = 1.20> <FuncUnit> <Opcode : 'add' 'sub'> <InPorts = 2> <OutPorts = 1>
ST_4 : Operation 1659 [1/1] (0.00ns)   --->   "%tmp_235 = bitselect i1 @_ssdm_op_BitSelect.i1.i33.i32, i33 %add_ln1347_127, i32 32"   --->   Operation 1659 'bitselect' 'tmp_235' <Predicate = (!icmp_ln36)> <Delay = 0.00>
ST_4 : Operation 1660 [1/1] (1.20ns)   --->   "%add_ln813_82 = add i32 %select_ln302_113, i32 %sext_ln1347_179"   --->   Operation 1660 'add' 'add_ln813_82' <Predicate = (!icmp_ln36)> <Delay = 1.20> <CoreInst = "Adder">   --->   Core 1 'Adder' <Latency = 0> <II = 1> <Delay = 1.20> <FuncUnit> <Opcode : 'add' 'sub'> <InPorts = 2> <OutPorts = 1>
ST_4 : Operation 1661 [1/1] (0.00ns)   --->   "%tmp_236 = bitselect i1 @_ssdm_op_BitSelect.i1.i32.i32, i32 %add_ln813_82, i32 31"   --->   Operation 1661 'bitselect' 'tmp_236' <Predicate = (!icmp_ln36)> <Delay = 0.00>
ST_4 : Operation 1662 [1/1] (0.00ns) (grouped into LUT with out node select_ln302_114)   --->   "%xor_ln895_114 = xor i1 %tmp_235, i1 1"   --->   Operation 1662 'xor' 'xor_ln895_114' <Predicate = (!icmp_ln36)> <Delay = 0.00> <CoreInst = "LogicGate">   --->   Core 74 'LogicGate' <Latency = 0> <II = 1> <Delay = 0.33> <FuncUnit> <Opcode : 'and' 'or' 'xor'> <InPorts = 2> <OutPorts = 1>
ST_4 : Operation 1663 [1/1] (0.00ns) (grouped into LUT with out node select_ln302_114)   --->   "%and_ln895_82 = and i1 %tmp_236, i1 %xor_ln895_114"   --->   Operation 1663 'and' 'and_ln895_82' <Predicate = (!icmp_ln36)> <Delay = 0.00> <CoreInst = "LogicGate">   --->   Core 74 'LogicGate' <Latency = 0> <II = 1> <Delay = 0.33> <FuncUnit> <Opcode : 'and' 'or' 'xor'> <InPorts = 2> <OutPorts = 1>
ST_4 : Operation 1664 [1/1] (0.00ns) (grouped into LUT with out node select_ln302_114)   --->   "%xor_ln302_98 = xor i1 %tmp_235, i1 %tmp_236"   --->   Operation 1664 'xor' 'xor_ln302_98' <Predicate = (!icmp_ln36)> <Delay = 0.00> <CoreInst = "LogicGate">   --->   Core 74 'LogicGate' <Latency = 0> <II = 1> <Delay = 0.33> <FuncUnit> <Opcode : 'and' 'or' 'xor'> <InPorts = 2> <OutPorts = 1>
ST_4 : Operation 1665 [1/1] (0.00ns) (grouped into LUT with out node select_ln302_114)   --->   "%select_ln346_98 = select i1 %and_ln895_82, i32 2147483647, i32 2147483648"   --->   Operation 1665 'select' 'select_ln346_98' <Predicate = (!icmp_ln36)> <Delay = 0.00> <CoreInst = "Sel">   --->   Core 73 'Sel' <Latency = 0> <II = 1> <Delay = 0.52> <FuncUnit> <Opcode : 'select'> <InPorts = 3> <OutPorts = 1>
ST_4 : Operation 1666 [1/1] (0.52ns) (out node of the LUT)   --->   "%select_ln302_114 = select i1 %xor_ln302_98, i32 %select_ln346_98, i32 %add_ln813_82"   --->   Operation 1666 'select' 'select_ln302_114' <Predicate = (!icmp_ln36)> <Delay = 0.52> <CoreInst = "Sel">   --->   Core 73 'Sel' <Latency = 0> <II = 1> <Delay = 0.52> <FuncUnit> <Opcode : 'select'> <InPorts = 3> <OutPorts = 1>
ST_4 : Operation 1667 [1/1] (0.00ns)   --->   "%trunc_ln1650_14 = trunc i32 %select_ln302_114"   --->   Operation 1667 'trunc' 'trunc_ln1650_14' <Predicate = (!icmp_ln36)> <Delay = 0.00>
ST_4 : Operation 1668 [1/1] (0.00ns)   --->   "%tmp_237 = bitselect i1 @_ssdm_op_BitSelect.i1.i32.i32, i32 %select_ln302_114, i32 31"   --->   Operation 1668 'bitselect' 'tmp_237' <Predicate = (!icmp_ln36)> <Delay = 0.00>
ST_4 : Operation 1669 [1/1] (0.49ns)   --->   "%select_ln82_14 = select i1 %tmp_237, i31 0, i31 %trunc_ln1650_14" [vgg_accelerator.cpp:82]   --->   Operation 1669 'select' 'select_ln82_14' <Predicate = (!icmp_ln36)> <Delay = 0.49> <CoreInst = "Sel">   --->   Core 73 'Sel' <Latency = 0> <II = 1> <Delay = 0.49> <FuncUnit> <Opcode : 'select'> <InPorts = 3> <OutPorts = 1>
ST_4 : Operation 1670 [1/1] (0.00ns)   --->   "%trunc_ln818_13 = partselect i8 @_ssdm_op_PartSelect.i8.i31.i32.i32, i31 %select_ln82_14, i32 12, i32 19"   --->   Operation 1670 'partselect' 'trunc_ln818_13' <Predicate = (!icmp_ln36)> <Delay = 0.00>
ST_4 : Operation 1671 [1/1] (0.00ns)   --->   "%tmp_238 = bitselect i1 @_ssdm_op_BitSelect.i1.i31.i32, i31 %select_ln82_14, i32 11"   --->   Operation 1671 'bitselect' 'tmp_238' <Predicate = (!icmp_ln36)> <Delay = 0.00>
ST_4 : Operation 1672 [1/1] (0.00ns)   --->   "%zext_ln377_30 = zext i1 %tmp_238"   --->   Operation 1672 'zext' 'zext_ln377_30' <Predicate = (!icmp_ln36)> <Delay = 0.00>
ST_4 : Operation 1673 [1/1] (0.00ns)   --->   "%trunc_ln377_14 = partselect i7 @_ssdm_op_PartSelect.i7.i31.i32.i32, i31 %select_ln82_14, i32 12, i32 18"   --->   Operation 1673 'partselect' 'trunc_ln377_14' <Predicate = (!icmp_ln36)> <Delay = 0.00>
ST_4 : Operation 1674 [1/1] (0.00ns)   --->   "%zext_ln377_31 = zext i1 %tmp_238"   --->   Operation 1674 'zext' 'zext_ln377_31' <Predicate = (!icmp_ln36)> <Delay = 0.00>
ST_4 : Operation 1675 [1/1] (0.90ns)   --->   "%add_ln377_14 = add i8 %trunc_ln818_13, i8 %zext_ln377_30"   --->   Operation 1675 'add' 'add_ln377_14' <Predicate = (!icmp_ln36)> <Delay = 0.90> <CoreInst = "Adder">   --->   Core 1 'Adder' <Latency = 0> <II = 1> <Delay = 0.90> <FuncUnit> <Opcode : 'add' 'sub'> <InPorts = 2> <OutPorts = 1>
ST_4 : Operation 1676 [1/1] (0.89ns)   --->   "%add_ln856_14 = add i7 %trunc_ln377_14, i7 %zext_ln377_31"   --->   Operation 1676 'add' 'add_ln856_14' <Predicate = (!icmp_ln36)> <Delay = 0.89> <CoreInst = "Adder">   --->   Core 1 'Adder' <Latency = 0> <II = 1> <Delay = 0.89> <FuncUnit> <Opcode : 'add' 'sub'> <InPorts = 2> <OutPorts = 1>
ST_4 : Operation 1677 [1/1] (0.00ns)   --->   "%tmp_239 = bitselect i1 @_ssdm_op_BitSelect.i1.i8.i32, i8 %add_ln377_14, i32 7"   --->   Operation 1677 'bitselect' 'tmp_239' <Predicate = (!icmp_ln36)> <Delay = 0.00>
ST_4 : Operation 1678 [1/1] (0.00ns)   --->   "%tmp_13 = partselect i11 @_ssdm_op_PartSelect.i11.i31.i32.i32, i31 %select_ln82_14, i32 20, i32 30"   --->   Operation 1678 'partselect' 'tmp_13' <Predicate = (!icmp_ln36)> <Delay = 0.00>
ST_4 : Operation 1679 [1/1] (0.85ns)   --->   "%icmp_ln878_14 = icmp_eq  i11 %tmp_13, i11 0"   --->   Operation 1679 'icmp' 'icmp_ln878_14' <Predicate = (!icmp_ln36)> <Delay = 0.85> <CoreInst = "Cmp">   --->   Core 9 'Cmp' <Latency = 0> <II = 1> <Delay = 0.85> <FuncUnit> <Opcode : 'icmp'> <InPorts = 2> <OutPorts = 1>
ST_4 : Operation 1680 [1/1] (0.00ns) (grouped into LUT with out node select_ln302_115)   --->   "%tmp_240 = bitselect i1 @_ssdm_op_BitSelect.i1.i31.i32, i31 %select_ln82_14, i32 19"   --->   Operation 1680 'bitselect' 'tmp_240' <Predicate = (!icmp_ln36)> <Delay = 0.00>
ST_4 : Operation 1681 [1/1] (0.00ns) (grouped into LUT with out node select_ln302_115)   --->   "%xor_ln888_14 = xor i1 %tmp_240, i1 1"   --->   Operation 1681 'xor' 'xor_ln888_14' <Predicate = (!icmp_ln36)> <Delay = 0.00> <CoreInst = "LogicGate">   --->   Core 74 'LogicGate' <Latency = 0> <II = 1> <Delay = 0.33> <FuncUnit> <Opcode : 'and' 'or' 'xor'> <InPorts = 2> <OutPorts = 1>
ST_4 : Operation 1682 [1/1] (0.00ns) (grouped into LUT with out node select_ln302_115)   --->   "%or_ln888_14 = or i1 %tmp_239, i1 %xor_ln888_14"   --->   Operation 1682 'or' 'or_ln888_14' <Predicate = (!icmp_ln36)> <Delay = 0.00> <CoreInst = "LogicGate">   --->   Core 74 'LogicGate' <Latency = 0> <II = 1> <Delay = 0.33> <FuncUnit> <Opcode : 'and' 'or' 'xor'> <InPorts = 2> <OutPorts = 1>
ST_4 : Operation 1683 [1/1] (0.00ns) (grouped into LUT with out node select_ln302_115)   --->   "%and_ln888_14 = and i1 %icmp_ln878_14, i1 %or_ln888_14"   --->   Operation 1683 'and' 'and_ln888_14' <Predicate = (!icmp_ln36)> <Delay = 0.00> <CoreInst = "LogicGate">   --->   Core 74 'LogicGate' <Latency = 0> <II = 1> <Delay = 0.33> <FuncUnit> <Opcode : 'and' 'or' 'xor'> <InPorts = 2> <OutPorts = 1>
ST_4 : Operation 1684 [1/1] (0.00ns) (grouped into LUT with out node select_ln302_115)   --->   "%xor_ln895_115 = xor i1 %and_ln888_14, i1 1"   --->   Operation 1684 'xor' 'xor_ln895_115' <Predicate = (!icmp_ln36)> <Delay = 0.00> <CoreInst = "LogicGate">   --->   Core 74 'LogicGate' <Latency = 0> <II = 1> <Delay = 0.33> <FuncUnit> <Opcode : 'and' 'or' 'xor'> <InPorts = 2> <OutPorts = 1>
ST_4 : Operation 1685 [1/1] (0.00ns) (grouped into LUT with out node select_ln302_115)   --->   "%or_ln895_14 = or i1 %tmp_239, i1 %xor_ln895_115"   --->   Operation 1685 'or' 'or_ln895_14' <Predicate = (!icmp_ln36)> <Delay = 0.00> <CoreInst = "LogicGate">   --->   Core 74 'LogicGate' <Latency = 0> <II = 1> <Delay = 0.33> <FuncUnit> <Opcode : 'and' 'or' 'xor'> <InPorts = 2> <OutPorts = 1>
ST_4 : Operation 1686 [1/1] (0.42ns) (out node of the LUT)   --->   "%select_ln302_115 = select i1 %or_ln895_14, i7 127, i7 %add_ln856_14"   --->   Operation 1686 'select' 'select_ln302_115' <Predicate = (!icmp_ln36)> <Delay = 0.42> <CoreInst = "Sel">   --->   Core 73 'Sel' <Latency = 0> <II = 1> <Delay = 0.42> <FuncUnit> <Opcode : 'select'> <InPorts = 3> <OutPorts = 1>
ST_4 : Operation 1687 [1/1] (0.00ns)   --->   "%sext_ln813_117 = sext i32 %select_ln302_118"   --->   Operation 1687 'sext' 'sext_ln813_117' <Predicate = (!icmp_ln36)> <Delay = 0.00>
ST_4 : Operation 1688 [1/1] (1.20ns)   --->   "%add_ln1347_134 = add i33 %sext_ln813_117, i33 %sext_ln1347_83"   --->   Operation 1688 'add' 'add_ln1347_134' <Predicate = (!icmp_ln36)> <Delay = 1.20> <CoreInst = "Adder">   --->   Core 1 'Adder' <Latency = 0> <II = 1> <Delay = 1.20> <FuncUnit> <Opcode : 'add' 'sub'> <InPorts = 2> <OutPorts = 1>
ST_4 : Operation 1689 [1/1] (0.00ns)   --->   "%tmp_247 = bitselect i1 @_ssdm_op_BitSelect.i1.i33.i32, i33 %add_ln1347_134, i32 32"   --->   Operation 1689 'bitselect' 'tmp_247' <Predicate = (!icmp_ln36)> <Delay = 0.00>
ST_4 : Operation 1690 [1/1] (1.20ns)   --->   "%add_ln813_86 = add i32 %select_ln302_118, i32 %sext_ln1347_84"   --->   Operation 1690 'add' 'add_ln813_86' <Predicate = (!icmp_ln36)> <Delay = 1.20> <CoreInst = "Adder">   --->   Core 1 'Adder' <Latency = 0> <II = 1> <Delay = 1.20> <FuncUnit> <Opcode : 'add' 'sub'> <InPorts = 2> <OutPorts = 1>
ST_4 : Operation 1691 [1/1] (0.00ns)   --->   "%tmp_248 = bitselect i1 @_ssdm_op_BitSelect.i1.i32.i32, i32 %add_ln813_86, i32 31"   --->   Operation 1691 'bitselect' 'tmp_248' <Predicate = (!icmp_ln36)> <Delay = 0.00>
ST_4 : Operation 1692 [1/1] (0.00ns) (grouped into LUT with out node select_ln302_119)   --->   "%xor_ln895_119 = xor i1 %tmp_247, i1 1"   --->   Operation 1692 'xor' 'xor_ln895_119' <Predicate = (!icmp_ln36)> <Delay = 0.00> <CoreInst = "LogicGate">   --->   Core 74 'LogicGate' <Latency = 0> <II = 1> <Delay = 0.33> <FuncUnit> <Opcode : 'and' 'or' 'xor'> <InPorts = 2> <OutPorts = 1>
ST_4 : Operation 1693 [1/1] (0.00ns) (grouped into LUT with out node select_ln302_119)   --->   "%and_ln895_86 = and i1 %tmp_248, i1 %xor_ln895_119"   --->   Operation 1693 'and' 'and_ln895_86' <Predicate = (!icmp_ln36)> <Delay = 0.00> <CoreInst = "LogicGate">   --->   Core 74 'LogicGate' <Latency = 0> <II = 1> <Delay = 0.33> <FuncUnit> <Opcode : 'and' 'or' 'xor'> <InPorts = 2> <OutPorts = 1>
ST_4 : Operation 1694 [1/1] (0.00ns) (grouped into LUT with out node select_ln302_119)   --->   "%xor_ln302_102 = xor i1 %tmp_247, i1 %tmp_248"   --->   Operation 1694 'xor' 'xor_ln302_102' <Predicate = (!icmp_ln36)> <Delay = 0.00> <CoreInst = "LogicGate">   --->   Core 74 'LogicGate' <Latency = 0> <II = 1> <Delay = 0.33> <FuncUnit> <Opcode : 'and' 'or' 'xor'> <InPorts = 2> <OutPorts = 1>
ST_4 : Operation 1695 [1/1] (0.00ns) (grouped into LUT with out node select_ln302_119)   --->   "%select_ln346_102 = select i1 %and_ln895_86, i32 2147483647, i32 2147483648"   --->   Operation 1695 'select' 'select_ln346_102' <Predicate = (!icmp_ln36)> <Delay = 0.00> <CoreInst = "Sel">   --->   Core 73 'Sel' <Latency = 0> <II = 1> <Delay = 0.52> <FuncUnit> <Opcode : 'select'> <InPorts = 3> <OutPorts = 1>
ST_4 : Operation 1696 [1/1] (0.52ns) (out node of the LUT)   --->   "%select_ln302_119 = select i1 %xor_ln302_102, i32 %select_ln346_102, i32 %add_ln813_86"   --->   Operation 1696 'select' 'select_ln302_119' <Predicate = (!icmp_ln36)> <Delay = 0.52> <CoreInst = "Sel">   --->   Core 73 'Sel' <Latency = 0> <II = 1> <Delay = 0.52> <FuncUnit> <Opcode : 'select'> <InPorts = 3> <OutPorts = 1>
ST_4 : Operation 1697 [1/1] (0.00ns)   --->   "%sext_ln813_118 = sext i32 %select_ln302_119"   --->   Operation 1697 'sext' 'sext_ln813_118' <Predicate = (!icmp_ln36)> <Delay = 0.00>
ST_4 : Operation 1698 [1/1] (1.20ns)   --->   "%add_ln1347_135 = add i33 %sext_ln813_118, i33 %sext_ln1347_85"   --->   Operation 1698 'add' 'add_ln1347_135' <Predicate = (!icmp_ln36)> <Delay = 1.20> <CoreInst = "Adder">   --->   Core 1 'Adder' <Latency = 0> <II = 1> <Delay = 1.20> <FuncUnit> <Opcode : 'add' 'sub'> <InPorts = 2> <OutPorts = 1>
ST_4 : Operation 1699 [1/1] (0.00ns)   --->   "%tmp_249 = bitselect i1 @_ssdm_op_BitSelect.i1.i33.i32, i33 %add_ln1347_135, i32 32"   --->   Operation 1699 'bitselect' 'tmp_249' <Predicate = (!icmp_ln36)> <Delay = 0.00>
ST_4 : Operation 1700 [1/1] (1.20ns)   --->   "%add_ln813_87 = add i32 %select_ln302_119, i32 %sext_ln1347_86"   --->   Operation 1700 'add' 'add_ln813_87' <Predicate = (!icmp_ln36)> <Delay = 1.20> <CoreInst = "Adder">   --->   Core 1 'Adder' <Latency = 0> <II = 1> <Delay = 1.20> <FuncUnit> <Opcode : 'add' 'sub'> <InPorts = 2> <OutPorts = 1>
ST_4 : Operation 1701 [1/1] (0.00ns)   --->   "%tmp_250 = bitselect i1 @_ssdm_op_BitSelect.i1.i32.i32, i32 %add_ln813_87, i32 31"   --->   Operation 1701 'bitselect' 'tmp_250' <Predicate = (!icmp_ln36)> <Delay = 0.00>
ST_4 : Operation 1702 [1/1] (0.00ns) (grouped into LUT with out node select_ln302_120)   --->   "%xor_ln895_120 = xor i1 %tmp_249, i1 1"   --->   Operation 1702 'xor' 'xor_ln895_120' <Predicate = (!icmp_ln36)> <Delay = 0.00> <CoreInst = "LogicGate">   --->   Core 74 'LogicGate' <Latency = 0> <II = 1> <Delay = 0.33> <FuncUnit> <Opcode : 'and' 'or' 'xor'> <InPorts = 2> <OutPorts = 1>
ST_4 : Operation 1703 [1/1] (0.00ns) (grouped into LUT with out node select_ln302_120)   --->   "%and_ln895_87 = and i1 %tmp_250, i1 %xor_ln895_120"   --->   Operation 1703 'and' 'and_ln895_87' <Predicate = (!icmp_ln36)> <Delay = 0.00> <CoreInst = "LogicGate">   --->   Core 74 'LogicGate' <Latency = 0> <II = 1> <Delay = 0.33> <FuncUnit> <Opcode : 'and' 'or' 'xor'> <InPorts = 2> <OutPorts = 1>
ST_4 : Operation 1704 [1/1] (0.00ns) (grouped into LUT with out node select_ln302_120)   --->   "%xor_ln302_103 = xor i1 %tmp_249, i1 %tmp_250"   --->   Operation 1704 'xor' 'xor_ln302_103' <Predicate = (!icmp_ln36)> <Delay = 0.00> <CoreInst = "LogicGate">   --->   Core 74 'LogicGate' <Latency = 0> <II = 1> <Delay = 0.33> <FuncUnit> <Opcode : 'and' 'or' 'xor'> <InPorts = 2> <OutPorts = 1>
ST_4 : Operation 1705 [1/1] (0.00ns) (grouped into LUT with out node select_ln302_120)   --->   "%select_ln346_103 = select i1 %and_ln895_87, i32 2147483647, i32 2147483648"   --->   Operation 1705 'select' 'select_ln346_103' <Predicate = (!icmp_ln36)> <Delay = 0.00> <CoreInst = "Sel">   --->   Core 73 'Sel' <Latency = 0> <II = 1> <Delay = 0.52> <FuncUnit> <Opcode : 'select'> <InPorts = 3> <OutPorts = 1>
ST_4 : Operation 1706 [1/1] (0.52ns) (out node of the LUT)   --->   "%select_ln302_120 = select i1 %xor_ln302_103, i32 %select_ln346_103, i32 %add_ln813_87"   --->   Operation 1706 'select' 'select_ln302_120' <Predicate = (!icmp_ln36)> <Delay = 0.52> <CoreInst = "Sel">   --->   Core 73 'Sel' <Latency = 0> <II = 1> <Delay = 0.52> <FuncUnit> <Opcode : 'select'> <InPorts = 3> <OutPorts = 1>
ST_4 : Operation 1707 [1/1] (0.00ns)   --->   "%sext_ln813_119 = sext i32 %select_ln302_120"   --->   Operation 1707 'sext' 'sext_ln813_119' <Predicate = (!icmp_ln36)> <Delay = 0.00>
ST_4 : Operation 1708 [1/1] (1.20ns)   --->   "%add_ln1347_136 = add i33 %sext_ln813_119, i33 %sext_ln1347_154"   --->   Operation 1708 'add' 'add_ln1347_136' <Predicate = (!icmp_ln36)> <Delay = 1.20> <CoreInst = "Adder">   --->   Core 1 'Adder' <Latency = 0> <II = 1> <Delay = 1.20> <FuncUnit> <Opcode : 'add' 'sub'> <InPorts = 2> <OutPorts = 1>
ST_4 : Operation 1709 [1/1] (0.00ns)   --->   "%tmp_251 = bitselect i1 @_ssdm_op_BitSelect.i1.i33.i32, i33 %add_ln1347_136, i32 32"   --->   Operation 1709 'bitselect' 'tmp_251' <Predicate = (!icmp_ln36)> <Delay = 0.00>
ST_4 : Operation 1710 [1/1] (1.20ns)   --->   "%add_ln813_88 = add i32 %select_ln302_120, i32 %sext_ln1347_155"   --->   Operation 1710 'add' 'add_ln813_88' <Predicate = (!icmp_ln36)> <Delay = 1.20> <CoreInst = "Adder">   --->   Core 1 'Adder' <Latency = 0> <II = 1> <Delay = 1.20> <FuncUnit> <Opcode : 'add' 'sub'> <InPorts = 2> <OutPorts = 1>
ST_4 : Operation 1711 [1/1] (0.00ns)   --->   "%tmp_252 = bitselect i1 @_ssdm_op_BitSelect.i1.i32.i32, i32 %add_ln813_88, i32 31"   --->   Operation 1711 'bitselect' 'tmp_252' <Predicate = (!icmp_ln36)> <Delay = 0.00>
ST_4 : Operation 1712 [1/1] (0.00ns) (grouped into LUT with out node select_ln302_121)   --->   "%xor_ln895_121 = xor i1 %tmp_251, i1 1"   --->   Operation 1712 'xor' 'xor_ln895_121' <Predicate = (!icmp_ln36)> <Delay = 0.00> <CoreInst = "LogicGate">   --->   Core 74 'LogicGate' <Latency = 0> <II = 1> <Delay = 0.33> <FuncUnit> <Opcode : 'and' 'or' 'xor'> <InPorts = 2> <OutPorts = 1>
ST_4 : Operation 1713 [1/1] (0.00ns) (grouped into LUT with out node select_ln302_121)   --->   "%and_ln895_88 = and i1 %tmp_252, i1 %xor_ln895_121"   --->   Operation 1713 'and' 'and_ln895_88' <Predicate = (!icmp_ln36)> <Delay = 0.00> <CoreInst = "LogicGate">   --->   Core 74 'LogicGate' <Latency = 0> <II = 1> <Delay = 0.33> <FuncUnit> <Opcode : 'and' 'or' 'xor'> <InPorts = 2> <OutPorts = 1>
ST_4 : Operation 1714 [1/1] (0.00ns) (grouped into LUT with out node select_ln302_121)   --->   "%xor_ln302_104 = xor i1 %tmp_251, i1 %tmp_252"   --->   Operation 1714 'xor' 'xor_ln302_104' <Predicate = (!icmp_ln36)> <Delay = 0.00> <CoreInst = "LogicGate">   --->   Core 74 'LogicGate' <Latency = 0> <II = 1> <Delay = 0.33> <FuncUnit> <Opcode : 'and' 'or' 'xor'> <InPorts = 2> <OutPorts = 1>
ST_4 : Operation 1715 [1/1] (0.00ns) (grouped into LUT with out node select_ln302_121)   --->   "%select_ln346_104 = select i1 %and_ln895_88, i32 2147483647, i32 2147483648"   --->   Operation 1715 'select' 'select_ln346_104' <Predicate = (!icmp_ln36)> <Delay = 0.00> <CoreInst = "Sel">   --->   Core 73 'Sel' <Latency = 0> <II = 1> <Delay = 0.52> <FuncUnit> <Opcode : 'select'> <InPorts = 3> <OutPorts = 1>
ST_4 : Operation 1716 [1/1] (0.52ns) (out node of the LUT)   --->   "%select_ln302_121 = select i1 %xor_ln302_104, i32 %select_ln346_104, i32 %add_ln813_88"   --->   Operation 1716 'select' 'select_ln302_121' <Predicate = (!icmp_ln36)> <Delay = 0.52> <CoreInst = "Sel">   --->   Core 73 'Sel' <Latency = 0> <II = 1> <Delay = 0.52> <FuncUnit> <Opcode : 'select'> <InPorts = 3> <OutPorts = 1>
ST_4 : Operation 1717 [1/1] (0.00ns)   --->   "%trunc_ln1650_15 = trunc i32 %select_ln302_121"   --->   Operation 1717 'trunc' 'trunc_ln1650_15' <Predicate = (!icmp_ln36)> <Delay = 0.00>
ST_4 : Operation 1718 [1/1] (0.00ns)   --->   "%tmp_253 = bitselect i1 @_ssdm_op_BitSelect.i1.i32.i32, i32 %select_ln302_121, i32 31"   --->   Operation 1718 'bitselect' 'tmp_253' <Predicate = (!icmp_ln36)> <Delay = 0.00>
ST_4 : Operation 1719 [1/1] (0.49ns)   --->   "%select_ln82_15 = select i1 %tmp_253, i31 0, i31 %trunc_ln1650_15" [vgg_accelerator.cpp:82]   --->   Operation 1719 'select' 'select_ln82_15' <Predicate = (!icmp_ln36)> <Delay = 0.49> <CoreInst = "Sel">   --->   Core 73 'Sel' <Latency = 0> <II = 1> <Delay = 0.49> <FuncUnit> <Opcode : 'select'> <InPorts = 3> <OutPorts = 1>
ST_4 : Operation 1720 [1/1] (0.00ns)   --->   "%trunc_ln818_14 = partselect i8 @_ssdm_op_PartSelect.i8.i31.i32.i32, i31 %select_ln82_15, i32 12, i32 19"   --->   Operation 1720 'partselect' 'trunc_ln818_14' <Predicate = (!icmp_ln36)> <Delay = 0.00>
ST_4 : Operation 1721 [1/1] (0.00ns)   --->   "%tmp_254 = bitselect i1 @_ssdm_op_BitSelect.i1.i31.i32, i31 %select_ln82_15, i32 11"   --->   Operation 1721 'bitselect' 'tmp_254' <Predicate = (!icmp_ln36)> <Delay = 0.00>
ST_4 : Operation 1722 [1/1] (0.00ns)   --->   "%zext_ln377_32 = zext i1 %tmp_254"   --->   Operation 1722 'zext' 'zext_ln377_32' <Predicate = (!icmp_ln36)> <Delay = 0.00>
ST_4 : Operation 1723 [1/1] (0.00ns)   --->   "%trunc_ln377_15 = partselect i7 @_ssdm_op_PartSelect.i7.i31.i32.i32, i31 %select_ln82_15, i32 12, i32 18"   --->   Operation 1723 'partselect' 'trunc_ln377_15' <Predicate = (!icmp_ln36)> <Delay = 0.00>
ST_4 : Operation 1724 [1/1] (0.00ns)   --->   "%zext_ln377_33 = zext i1 %tmp_254"   --->   Operation 1724 'zext' 'zext_ln377_33' <Predicate = (!icmp_ln36)> <Delay = 0.00>
ST_4 : Operation 1725 [1/1] (0.90ns)   --->   "%add_ln377_15 = add i8 %trunc_ln818_14, i8 %zext_ln377_32"   --->   Operation 1725 'add' 'add_ln377_15' <Predicate = (!icmp_ln36)> <Delay = 0.90> <CoreInst = "Adder">   --->   Core 1 'Adder' <Latency = 0> <II = 1> <Delay = 0.90> <FuncUnit> <Opcode : 'add' 'sub'> <InPorts = 2> <OutPorts = 1>
ST_4 : Operation 1726 [1/1] (0.89ns)   --->   "%add_ln856_15 = add i7 %trunc_ln377_15, i7 %zext_ln377_33"   --->   Operation 1726 'add' 'add_ln856_15' <Predicate = (!icmp_ln36)> <Delay = 0.89> <CoreInst = "Adder">   --->   Core 1 'Adder' <Latency = 0> <II = 1> <Delay = 0.89> <FuncUnit> <Opcode : 'add' 'sub'> <InPorts = 2> <OutPorts = 1>
ST_4 : Operation 1727 [1/1] (0.00ns)   --->   "%tmp_255 = bitselect i1 @_ssdm_op_BitSelect.i1.i8.i32, i8 %add_ln377_15, i32 7"   --->   Operation 1727 'bitselect' 'tmp_255' <Predicate = (!icmp_ln36)> <Delay = 0.00>
ST_4 : Operation 1728 [1/1] (0.00ns)   --->   "%tmp_14 = partselect i11 @_ssdm_op_PartSelect.i11.i31.i32.i32, i31 %select_ln82_15, i32 20, i32 30"   --->   Operation 1728 'partselect' 'tmp_14' <Predicate = (!icmp_ln36)> <Delay = 0.00>
ST_4 : Operation 1729 [1/1] (0.85ns)   --->   "%icmp_ln878_15 = icmp_eq  i11 %tmp_14, i11 0"   --->   Operation 1729 'icmp' 'icmp_ln878_15' <Predicate = (!icmp_ln36)> <Delay = 0.85> <CoreInst = "Cmp">   --->   Core 9 'Cmp' <Latency = 0> <II = 1> <Delay = 0.85> <FuncUnit> <Opcode : 'icmp'> <InPorts = 2> <OutPorts = 1>
ST_4 : Operation 1730 [1/1] (0.00ns) (grouped into LUT with out node select_ln302_122)   --->   "%tmp_256 = bitselect i1 @_ssdm_op_BitSelect.i1.i31.i32, i31 %select_ln82_15, i32 19"   --->   Operation 1730 'bitselect' 'tmp_256' <Predicate = (!icmp_ln36)> <Delay = 0.00>
ST_4 : Operation 1731 [1/1] (0.00ns) (grouped into LUT with out node select_ln302_122)   --->   "%xor_ln888_15 = xor i1 %tmp_256, i1 1"   --->   Operation 1731 'xor' 'xor_ln888_15' <Predicate = (!icmp_ln36)> <Delay = 0.00> <CoreInst = "LogicGate">   --->   Core 74 'LogicGate' <Latency = 0> <II = 1> <Delay = 0.33> <FuncUnit> <Opcode : 'and' 'or' 'xor'> <InPorts = 2> <OutPorts = 1>
ST_4 : Operation 1732 [1/1] (0.00ns) (grouped into LUT with out node select_ln302_122)   --->   "%or_ln888_15 = or i1 %tmp_255, i1 %xor_ln888_15"   --->   Operation 1732 'or' 'or_ln888_15' <Predicate = (!icmp_ln36)> <Delay = 0.00> <CoreInst = "LogicGate">   --->   Core 74 'LogicGate' <Latency = 0> <II = 1> <Delay = 0.33> <FuncUnit> <Opcode : 'and' 'or' 'xor'> <InPorts = 2> <OutPorts = 1>
ST_4 : Operation 1733 [1/1] (0.00ns) (grouped into LUT with out node select_ln302_122)   --->   "%and_ln888_15 = and i1 %icmp_ln878_15, i1 %or_ln888_15"   --->   Operation 1733 'and' 'and_ln888_15' <Predicate = (!icmp_ln36)> <Delay = 0.00> <CoreInst = "LogicGate">   --->   Core 74 'LogicGate' <Latency = 0> <II = 1> <Delay = 0.33> <FuncUnit> <Opcode : 'and' 'or' 'xor'> <InPorts = 2> <OutPorts = 1>
ST_4 : Operation 1734 [1/1] (0.00ns) (grouped into LUT with out node select_ln302_122)   --->   "%xor_ln895_122 = xor i1 %and_ln888_15, i1 1"   --->   Operation 1734 'xor' 'xor_ln895_122' <Predicate = (!icmp_ln36)> <Delay = 0.00> <CoreInst = "LogicGate">   --->   Core 74 'LogicGate' <Latency = 0> <II = 1> <Delay = 0.33> <FuncUnit> <Opcode : 'and' 'or' 'xor'> <InPorts = 2> <OutPorts = 1>
ST_4 : Operation 1735 [1/1] (0.00ns) (grouped into LUT with out node select_ln302_122)   --->   "%or_ln895_15 = or i1 %tmp_255, i1 %xor_ln895_122"   --->   Operation 1735 'or' 'or_ln895_15' <Predicate = (!icmp_ln36)> <Delay = 0.00> <CoreInst = "LogicGate">   --->   Core 74 'LogicGate' <Latency = 0> <II = 1> <Delay = 0.33> <FuncUnit> <Opcode : 'and' 'or' 'xor'> <InPorts = 2> <OutPorts = 1>
ST_4 : Operation 1736 [1/1] (0.42ns) (out node of the LUT)   --->   "%select_ln302_122 = select i1 %or_ln895_15, i7 127, i7 %add_ln856_15"   --->   Operation 1736 'select' 'select_ln302_122' <Predicate = (!icmp_ln36)> <Delay = 0.42> <CoreInst = "Sel">   --->   Core 73 'Sel' <Latency = 0> <II = 1> <Delay = 0.42> <FuncUnit> <Opcode : 'select'> <InPorts = 3> <OutPorts = 1>

State 5 <SV = 4> <Delay = 2.87>
ST_5 : Operation 1737 [1/1] (0.00ns)   --->   "%zext_ln83_1 = zext i7 %select_ln302_30" [vgg_accelerator.cpp:83]   --->   Operation 1737 'zext' 'zext_ln83_1' <Predicate = (!icmp_ln36)> <Delay = 0.00>
ST_5 : Operation 1738 [1/1] (2.87ns)   --->   "%write_ln83 = write void @_ssdm_op_Write.ap_fifo.volatile.i8P0A, i8 %s_conv1, i8 %zext_ln83_1" [vgg_accelerator.cpp:83]   --->   Operation 1738 'write' 'write_ln83' <Predicate = (!icmp_ln36)> <Delay = 2.87> <CoreInst = "FIFO_SRL">   --->   Core 81 'FIFO_SRL' <Latency = 0> <II = 1> <Delay = 2.87> <Storage> <Opcode : 'read' 'write' 'nbread' 'nbwrite'> <Ports = 0> <Width = 8> <Depth = 128> <FIFO>

State 6 <SV = 5> <Delay = 2.87>
ST_6 : Operation 1739 [1/1] (0.00ns)   --->   "%zext_ln83_2 = zext i7 %select_ln302_36" [vgg_accelerator.cpp:83]   --->   Operation 1739 'zext' 'zext_ln83_2' <Predicate = (!icmp_ln36)> <Delay = 0.00>
ST_6 : Operation 1740 [1/1] (2.87ns)   --->   "%write_ln83 = write void @_ssdm_op_Write.ap_fifo.volatile.i8P0A, i8 %s_conv1, i8 %zext_ln83_2" [vgg_accelerator.cpp:83]   --->   Operation 1740 'write' 'write_ln83' <Predicate = (!icmp_ln36)> <Delay = 2.87> <CoreInst = "FIFO_SRL">   --->   Core 81 'FIFO_SRL' <Latency = 0> <II = 1> <Delay = 2.87> <Storage> <Opcode : 'read' 'write' 'nbread' 'nbwrite'> <Ports = 0> <Width = 8> <Depth = 128> <FIFO>

State 7 <SV = 6> <Delay = 2.87>
ST_7 : Operation 1741 [1/1] (0.00ns)   --->   "%zext_ln83_3 = zext i7 %select_ln302_43" [vgg_accelerator.cpp:83]   --->   Operation 1741 'zext' 'zext_ln83_3' <Predicate = (!icmp_ln36)> <Delay = 0.00>
ST_7 : Operation 1742 [1/1] (2.87ns)   --->   "%write_ln83 = write void @_ssdm_op_Write.ap_fifo.volatile.i8P0A, i8 %s_conv1, i8 %zext_ln83_3" [vgg_accelerator.cpp:83]   --->   Operation 1742 'write' 'write_ln83' <Predicate = (!icmp_ln36)> <Delay = 2.87> <CoreInst = "FIFO_SRL">   --->   Core 81 'FIFO_SRL' <Latency = 0> <II = 1> <Delay = 2.87> <Storage> <Opcode : 'read' 'write' 'nbread' 'nbwrite'> <Ports = 0> <Width = 8> <Depth = 128> <FIFO>

State 8 <SV = 7> <Delay = 2.87>
ST_8 : Operation 1743 [1/1] (0.00ns)   --->   "%zext_ln83_4 = zext i7 %select_ln302_49" [vgg_accelerator.cpp:83]   --->   Operation 1743 'zext' 'zext_ln83_4' <Predicate = (!icmp_ln36)> <Delay = 0.00>
ST_8 : Operation 1744 [1/1] (2.87ns)   --->   "%write_ln83 = write void @_ssdm_op_Write.ap_fifo.volatile.i8P0A, i8 %s_conv1, i8 %zext_ln83_4" [vgg_accelerator.cpp:83]   --->   Operation 1744 'write' 'write_ln83' <Predicate = (!icmp_ln36)> <Delay = 2.87> <CoreInst = "FIFO_SRL">   --->   Core 81 'FIFO_SRL' <Latency = 0> <II = 1> <Delay = 2.87> <Storage> <Opcode : 'read' 'write' 'nbread' 'nbwrite'> <Ports = 0> <Width = 8> <Depth = 128> <FIFO>

State 9 <SV = 8> <Delay = 2.87>
ST_9 : Operation 1745 [1/1] (0.00ns)   --->   "%zext_ln83_5 = zext i7 %select_ln302_56" [vgg_accelerator.cpp:83]   --->   Operation 1745 'zext' 'zext_ln83_5' <Predicate = (!icmp_ln36)> <Delay = 0.00>
ST_9 : Operation 1746 [1/1] (2.87ns)   --->   "%write_ln83 = write void @_ssdm_op_Write.ap_fifo.volatile.i8P0A, i8 %s_conv1, i8 %zext_ln83_5" [vgg_accelerator.cpp:83]   --->   Operation 1746 'write' 'write_ln83' <Predicate = (!icmp_ln36)> <Delay = 2.87> <CoreInst = "FIFO_SRL">   --->   Core 81 'FIFO_SRL' <Latency = 0> <II = 1> <Delay = 2.87> <Storage> <Opcode : 'read' 'write' 'nbread' 'nbwrite'> <Ports = 0> <Width = 8> <Depth = 128> <FIFO>

State 10 <SV = 9> <Delay = 2.87>
ST_10 : Operation 1747 [1/1] (0.00ns)   --->   "%zext_ln83_6 = zext i7 %select_ln302_63" [vgg_accelerator.cpp:83]   --->   Operation 1747 'zext' 'zext_ln83_6' <Predicate = (!icmp_ln36)> <Delay = 0.00>
ST_10 : Operation 1748 [1/1] (2.87ns)   --->   "%write_ln83 = write void @_ssdm_op_Write.ap_fifo.volatile.i8P0A, i8 %s_conv1, i8 %zext_ln83_6" [vgg_accelerator.cpp:83]   --->   Operation 1748 'write' 'write_ln83' <Predicate = (!icmp_ln36)> <Delay = 2.87> <CoreInst = "FIFO_SRL">   --->   Core 81 'FIFO_SRL' <Latency = 0> <II = 1> <Delay = 2.87> <Storage> <Opcode : 'read' 'write' 'nbread' 'nbwrite'> <Ports = 0> <Width = 8> <Depth = 128> <FIFO>

State 11 <SV = 10> <Delay = 2.87>
ST_11 : Operation 1749 [1/1] (0.00ns)   --->   "%zext_ln83_7 = zext i7 %select_ln302_70" [vgg_accelerator.cpp:83]   --->   Operation 1749 'zext' 'zext_ln83_7' <Predicate = (!icmp_ln36)> <Delay = 0.00>
ST_11 : Operation 1750 [1/1] (2.87ns)   --->   "%write_ln83 = write void @_ssdm_op_Write.ap_fifo.volatile.i8P0A, i8 %s_conv1, i8 %zext_ln83_7" [vgg_accelerator.cpp:83]   --->   Operation 1750 'write' 'write_ln83' <Predicate = (!icmp_ln36)> <Delay = 2.87> <CoreInst = "FIFO_SRL">   --->   Core 81 'FIFO_SRL' <Latency = 0> <II = 1> <Delay = 2.87> <Storage> <Opcode : 'read' 'write' 'nbread' 'nbwrite'> <Ports = 0> <Width = 8> <Depth = 128> <FIFO>

State 12 <SV = 11> <Delay = 2.87>
ST_12 : Operation 1751 [1/1] (0.00ns)   --->   "%zext_ln83_8 = zext i7 %select_ln302_76" [vgg_accelerator.cpp:83]   --->   Operation 1751 'zext' 'zext_ln83_8' <Predicate = (!icmp_ln36)> <Delay = 0.00>
ST_12 : Operation 1752 [1/1] (2.87ns)   --->   "%write_ln83 = write void @_ssdm_op_Write.ap_fifo.volatile.i8P0A, i8 %s_conv1, i8 %zext_ln83_8" [vgg_accelerator.cpp:83]   --->   Operation 1752 'write' 'write_ln83' <Predicate = (!icmp_ln36)> <Delay = 2.87> <CoreInst = "FIFO_SRL">   --->   Core 81 'FIFO_SRL' <Latency = 0> <II = 1> <Delay = 2.87> <Storage> <Opcode : 'read' 'write' 'nbread' 'nbwrite'> <Ports = 0> <Width = 8> <Depth = 128> <FIFO>

State 13 <SV = 12> <Delay = 2.87>
ST_13 : Operation 1753 [1/1] (0.00ns)   --->   "%zext_ln83_9 = zext i7 %select_ln302_83" [vgg_accelerator.cpp:83]   --->   Operation 1753 'zext' 'zext_ln83_9' <Predicate = (!icmp_ln36)> <Delay = 0.00>
ST_13 : Operation 1754 [1/1] (2.87ns)   --->   "%write_ln83 = write void @_ssdm_op_Write.ap_fifo.volatile.i8P0A, i8 %s_conv1, i8 %zext_ln83_9" [vgg_accelerator.cpp:83]   --->   Operation 1754 'write' 'write_ln83' <Predicate = (!icmp_ln36)> <Delay = 2.87> <CoreInst = "FIFO_SRL">   --->   Core 81 'FIFO_SRL' <Latency = 0> <II = 1> <Delay = 2.87> <Storage> <Opcode : 'read' 'write' 'nbread' 'nbwrite'> <Ports = 0> <Width = 8> <Depth = 128> <FIFO>

State 14 <SV = 13> <Delay = 2.87>
ST_14 : Operation 1755 [1/1] (0.00ns)   --->   "%zext_ln83_10 = zext i7 %select_ln302_89" [vgg_accelerator.cpp:83]   --->   Operation 1755 'zext' 'zext_ln83_10' <Predicate = (!icmp_ln36)> <Delay = 0.00>
ST_14 : Operation 1756 [1/1] (2.87ns)   --->   "%write_ln83 = write void @_ssdm_op_Write.ap_fifo.volatile.i8P0A, i8 %s_conv1, i8 %zext_ln83_10" [vgg_accelerator.cpp:83]   --->   Operation 1756 'write' 'write_ln83' <Predicate = (!icmp_ln36)> <Delay = 2.87> <CoreInst = "FIFO_SRL">   --->   Core 81 'FIFO_SRL' <Latency = 0> <II = 1> <Delay = 2.87> <Storage> <Opcode : 'read' 'write' 'nbread' 'nbwrite'> <Ports = 0> <Width = 8> <Depth = 128> <FIFO>

State 15 <SV = 14> <Delay = 2.87>
ST_15 : Operation 1757 [1/1] (0.00ns)   --->   "%zext_ln83_11 = zext i7 %select_ln302_95" [vgg_accelerator.cpp:83]   --->   Operation 1757 'zext' 'zext_ln83_11' <Predicate = (!icmp_ln36)> <Delay = 0.00>
ST_15 : Operation 1758 [1/1] (2.87ns)   --->   "%write_ln83 = write void @_ssdm_op_Write.ap_fifo.volatile.i8P0A, i8 %s_conv1, i8 %zext_ln83_11" [vgg_accelerator.cpp:83]   --->   Operation 1758 'write' 'write_ln83' <Predicate = (!icmp_ln36)> <Delay = 2.87> <CoreInst = "FIFO_SRL">   --->   Core 81 'FIFO_SRL' <Latency = 0> <II = 1> <Delay = 2.87> <Storage> <Opcode : 'read' 'write' 'nbread' 'nbwrite'> <Ports = 0> <Width = 8> <Depth = 128> <FIFO>

State 16 <SV = 15> <Delay = 2.87>
ST_16 : Operation 1759 [1/1] (0.00ns)   --->   "%zext_ln83_12 = zext i7 %select_ln302_102" [vgg_accelerator.cpp:83]   --->   Operation 1759 'zext' 'zext_ln83_12' <Predicate = (!icmp_ln36)> <Delay = 0.00>
ST_16 : Operation 1760 [1/1] (2.87ns)   --->   "%write_ln83 = write void @_ssdm_op_Write.ap_fifo.volatile.i8P0A, i8 %s_conv1, i8 %zext_ln83_12" [vgg_accelerator.cpp:83]   --->   Operation 1760 'write' 'write_ln83' <Predicate = (!icmp_ln36)> <Delay = 2.87> <CoreInst = "FIFO_SRL">   --->   Core 81 'FIFO_SRL' <Latency = 0> <II = 1> <Delay = 2.87> <Storage> <Opcode : 'read' 'write' 'nbread' 'nbwrite'> <Ports = 0> <Width = 8> <Depth = 128> <FIFO>

State 17 <SV = 16> <Delay = 2.87>
ST_17 : Operation 1761 [1/1] (0.00ns)   --->   "%zext_ln83_13 = zext i7 %select_ln302_108" [vgg_accelerator.cpp:83]   --->   Operation 1761 'zext' 'zext_ln83_13' <Predicate = true> <Delay = 0.00>
ST_17 : Operation 1762 [1/1] (2.87ns)   --->   "%write_ln83 = write void @_ssdm_op_Write.ap_fifo.volatile.i8P0A, i8 %s_conv1, i8 %zext_ln83_13" [vgg_accelerator.cpp:83]   --->   Operation 1762 'write' 'write_ln83' <Predicate = true> <Delay = 2.87> <CoreInst = "FIFO_SRL">   --->   Core 81 'FIFO_SRL' <Latency = 0> <II = 1> <Delay = 2.87> <Storage> <Opcode : 'read' 'write' 'nbread' 'nbwrite'> <Ports = 0> <Width = 8> <Depth = 128> <FIFO>

State 18 <SV = 17> <Delay = 2.87>
ST_18 : Operation 1763 [1/1] (0.00ns)   --->   "%zext_ln83_14 = zext i7 %select_ln302_115" [vgg_accelerator.cpp:83]   --->   Operation 1763 'zext' 'zext_ln83_14' <Predicate = true> <Delay = 0.00>
ST_18 : Operation 1764 [1/1] (2.87ns)   --->   "%write_ln83 = write void @_ssdm_op_Write.ap_fifo.volatile.i8P0A, i8 %s_conv1, i8 %zext_ln83_14" [vgg_accelerator.cpp:83]   --->   Operation 1764 'write' 'write_ln83' <Predicate = true> <Delay = 2.87> <CoreInst = "FIFO_SRL">   --->   Core 81 'FIFO_SRL' <Latency = 0> <II = 1> <Delay = 2.87> <Storage> <Opcode : 'read' 'write' 'nbread' 'nbwrite'> <Ports = 0> <Width = 8> <Depth = 128> <FIFO>

State 19 <SV = 18> <Delay = 2.87>
ST_19 : Operation 1765 [1/1] (0.00ns)   --->   "%specloopname_ln0 = specloopname void @_ssdm_op_SpecLoopName, void @VITIS_LOOP_36_4_VITIS_LOOP_37_5_str"   --->   Operation 1765 'specloopname' 'specloopname_ln0' <Predicate = true> <Delay = 0.00>
ST_19 : Operation 1766 [1/1] (0.00ns)   --->   "%empty = speclooptripcount i32 @_ssdm_op_SpecLoopTripCount, i64 1024, i64 1024, i64 1024"   --->   Operation 1766 'speclooptripcount' 'empty' <Predicate = true> <Delay = 0.00>
ST_19 : Operation 1767 [1/1] (0.00ns)   --->   "%specpipeline_ln0 = specpipeline void @_ssdm_op_SpecPipeline, i32 4294967295, i32 0, i32 1, i32 0, void @p_str"   --->   Operation 1767 'specpipeline' 'specpipeline_ln0' <Predicate = true> <Delay = 0.00>
ST_19 : Operation 1768 [1/1] (0.00ns)   --->   "%specloopname_ln37 = specloopname void @_ssdm_op_SpecLoopName, void @empty_1" [vgg_accelerator.cpp:37]   --->   Operation 1768 'specloopname' 'specloopname_ln37' <Predicate = true> <Delay = 0.00>
ST_19 : Operation 1769 [1/1] (0.00ns)   --->   "%zext_ln83_15 = zext i7 %select_ln302_122" [vgg_accelerator.cpp:83]   --->   Operation 1769 'zext' 'zext_ln83_15' <Predicate = true> <Delay = 0.00>
ST_19 : Operation 1770 [1/1] (2.87ns)   --->   "%write_ln83 = write void @_ssdm_op_Write.ap_fifo.volatile.i8P0A, i8 %s_conv1, i8 %zext_ln83_15" [vgg_accelerator.cpp:83]   --->   Operation 1770 'write' 'write_ln83' <Predicate = true> <Delay = 2.87> <CoreInst = "FIFO_SRL">   --->   Core 81 'FIFO_SRL' <Latency = 0> <II = 1> <Delay = 2.87> <Storage> <Opcode : 'read' 'write' 'nbread' 'nbwrite'> <Ports = 0> <Width = 8> <Depth = 128> <FIFO>
ST_19 : Operation 1771 [1/1] (0.00ns)   --->   "%br_ln37 = br void %VITIS_LOOP_40_6.i" [vgg_accelerator.cpp:37]   --->   Operation 1771 'br' 'br_ln37' <Predicate = true> <Delay = 0.00>


============================================================
+ Verbose Summary: Timing violations
============================================================
Target clock period: 10ns, clock uncertainty: 2.7ns.

 <State 1>: 2.69ns
The critical path consists of the following:
	'alloca' operation ('c') [8]  (0 ns)
	'load' operation ('c_load', vgg_accelerator.cpp:37) on local variable 'c' [31]  (0 ns)
	'icmp' operation ('icmp_ln37', vgg_accelerator.cpp:37) [34]  (0.87 ns)
	'select' operation ('select_ln36', vgg_accelerator.cpp:36) [35]  (0.44 ns)
	'add' operation ('add_ln37', vgg_accelerator.cpp:37) [1745]  (0.887 ns)
	'store' operation ('store_ln37', vgg_accelerator.cpp:37) of variable 'add_ln37', vgg_accelerator.cpp:37 on local variable 'c' [1750]  (0.489 ns)

 <State 2>: 3.66ns
The critical path consists of the following:
	fifo read operation ('val_in', vgg_accelerator.cpp:43) on port 's_input' (vgg_accelerator.cpp:43) [39]  (2.87 ns)
	'store' operation ('store_ln56', vgg_accelerator.cpp:56) of variable 'val_in', vgg_accelerator.cpp:43 on array 'void_layer_block_stream_stream_signed_char_const_1_3_3_signed_char_cons' [45]  (0.79 ns)

 <State 3>: 7.17ns
The critical path consists of the following:
	'add' operation ('add_ln1347_52') [758]  (1.05 ns)
	'add' operation ('add_ln1347_53') [763]  (1.06 ns)
	'add' operation ('add_ln1347_54') [769]  (1.07 ns)
	'xor' operation ('xor_ln302_49') [775]  (0 ns)
	'select' operation ('select_ln302_57') [777]  (0.525 ns)
	'add' operation ('add_ln813_34') [781]  (1.2 ns)
	'select' operation ('select_ln302_58') [787]  (0.525 ns)
	'add' operation ('add_ln813_35') [795]  (1.2 ns)
	'select' operation ('select_ln302_59') [801]  (0.525 ns)

 <State 4>: 7.01ns
The critical path consists of the following:
	'add' operation ('add_ln1347_14') [258]  (1.2 ns)
	'xor' operation ('xor_ln302_24') [264]  (0 ns)
	'select' operation ('select_ln302_27') [266]  (0.525 ns)
	'add' operation ('add_ln1347_15') [272]  (1.2 ns)
	'xor' operation ('xor_ln302_25') [278]  (0 ns)
	'select' operation ('select_ln302_28') [280]  (0.525 ns)
	'add' operation ('add_ln813_10') [291]  (1.2 ns)
	'select' operation ('select_ln302_29') [297]  (0.525 ns)
	'select' operation ('select_ln82_1', vgg_accelerator.cpp:82) [300]  (0.495 ns)
	'add' operation ('add_ln377_1') [306]  (0.907 ns)
	'or' operation ('or_ln895_1') [316]  (0 ns)
	'select' operation ('select_ln302_30') [317]  (0.42 ns)

 <State 5>: 2.87ns
The critical path consists of the following:
	fifo write operation ('write_ln83', vgg_accelerator.cpp:83) on port 's_conv1' (vgg_accelerator.cpp:83) [319]  (2.87 ns)

 <State 6>: 2.87ns
The critical path consists of the following:
	fifo write operation ('write_ln83', vgg_accelerator.cpp:83) on port 's_conv1' (vgg_accelerator.cpp:83) [419]  (2.87 ns)

 <State 7>: 2.87ns
The critical path consists of the following:
	fifo write operation ('write_ln83', vgg_accelerator.cpp:83) on port 's_conv1' (vgg_accelerator.cpp:83) [540]  (2.87 ns)

 <State 8>: 2.87ns
The critical path consists of the following:
	fifo write operation ('write_ln83', vgg_accelerator.cpp:83) on port 's_conv1' (vgg_accelerator.cpp:83) [636]  (2.87 ns)

 <State 9>: 2.87ns
The critical path consists of the following:
	fifo write operation ('write_ln83', vgg_accelerator.cpp:83) on port 's_conv1' (vgg_accelerator.cpp:83) [753]  (2.87 ns)

 <State 10>: 2.87ns
The critical path consists of the following:
	fifo write operation ('write_ln83', vgg_accelerator.cpp:83) on port 's_conv1' (vgg_accelerator.cpp:83) [862]  (2.87 ns)

 <State 11>: 2.87ns
The critical path consists of the following:
	fifo write operation ('write_ln83', vgg_accelerator.cpp:83) on port 's_conv1' (vgg_accelerator.cpp:83) [985]  (2.87 ns)

 <State 12>: 2.87ns
The critical path consists of the following:
	fifo write operation ('write_ln83', vgg_accelerator.cpp:83) on port 's_conv1' (vgg_accelerator.cpp:83) [1073]  (2.87 ns)

 <State 13>: 2.87ns
The critical path consists of the following:
	fifo write operation ('write_ln83', vgg_accelerator.cpp:83) on port 's_conv1' (vgg_accelerator.cpp:83) [1172]  (2.87 ns)

 <State 14>: 2.87ns
The critical path consists of the following:
	fifo write operation ('write_ln83', vgg_accelerator.cpp:83) on port 's_conv1' (vgg_accelerator.cpp:83) [1268]  (2.87 ns)

 <State 15>: 2.87ns
The critical path consists of the following:
	fifo write operation ('write_ln83', vgg_accelerator.cpp:83) on port 's_conv1' (vgg_accelerator.cpp:83) [1356]  (2.87 ns)

 <State 16>: 2.87ns
The critical path consists of the following:
	fifo write operation ('write_ln83', vgg_accelerator.cpp:83) on port 's_conv1' (vgg_accelerator.cpp:83) [1460]  (2.87 ns)

 <State 17>: 2.87ns
The critical path consists of the following:
	fifo write operation ('write_ln83', vgg_accelerator.cpp:83) on port 's_conv1' (vgg_accelerator.cpp:83) [1558]  (2.87 ns)

 <State 18>: 2.87ns
The critical path consists of the following:
	fifo write operation ('write_ln83', vgg_accelerator.cpp:83) on port 's_conv1' (vgg_accelerator.cpp:83) [1651]  (2.87 ns)

 <State 19>: 2.87ns
The critical path consists of the following:
	fifo write operation ('write_ln83', vgg_accelerator.cpp:83) on port 's_conv1' (vgg_accelerator.cpp:83) [1744]  (2.87 ns)


============================================================
+ Verbose Summary: Binding
============================================================
N/A
* FSMD analyzer results:
  - Output states:
 - Input state : 
  - Chain level:
	State 1
	State 2
	State 3
	State 4
	State 5
	State 6
	State 7
	State 8
	State 9
	State 10
	State 11
	State 12
	State 13
	State 14
	State 15
	State 16
	State 17
	State 18
	State 19


============================================================
+ Verbose Summary: Datapath Resource usage 
============================================================
N/A
