

================================================================
== Vitis HLS Report for 'layer_block_16_32_16_s'
================================================================
* Date:           Thu Dec 11 20:06:59 2025

* Version:        2022.2 (Build 3670227 on Oct 13 2022)
* Project:        vgg_accelerator
* Solution:       solution1 (Vivado IP Flow Target)
* Product family: zynquplus
* Target device:  xczu5eg-sfvc784-1-e


================================================================
== Performance Estimates
================================================================
+ Timing: 
    * Summary: 
    +--------+----------+----------+------------+
    |  Clock |  Target  | Estimated| Uncertainty|
    +--------+----------+----------+------------+
    |ap_clk  |  10.00 ns|  8.115 ns|     2.70 ns|
    +--------+----------+----------+------------+

+ Latency: 
    * Summary: 
    +---------+---------+----------+----------+--------+--------+---------+
    |  Latency (cycles) |  Latency (absolute) |     Interval    | Pipeline|
    |   min   |   max   |    min   |    max   |   min  |   max  |   Type  |
    +---------+---------+----------+----------+--------+--------+---------+
    |   325636|   325636|  3.256 ms|  3.256 ms|  325636|  325636|       no|
    +---------+---------+----------+----------+--------+--------+---------+

    + Detail: 
        * Instance: 
        N/A

        * Loop: 
        +-----------------------------------+---------+---------+----------+-----------+-----------+------+----------+
        |                                   |  Latency (cycles) | Iteration|  Initiation Interval  | Trip |          |
        |             Loop Name             |   min   |   max   |  Latency |  achieved |   target  | Count| Pipelined|
        +-----------------------------------+---------+---------+----------+-----------+-----------+------+----------+
        |- VITIS_LOOP_36_4_VITIS_LOOP_37_5  |   325120|   325120|      1270|          -|          -|   256|        no|
        | + VITIS_LOOP_64_7                 |     1248|     1248|        39|          -|          -|    32|        no|
        +-----------------------------------+---------+---------+----------+-----------+-----------+------+----------+

============================================================
+ Verbose Summary: Synthesis Manager
============================================================
InlineROM: 1
ExposeGlobal: 0
============================================================
+ Verbose Summary: CDFG Model
============================================================
IsTopModel: 0
ResetActiveHigh: 1
IsCombinational: 2
IsDatapathOnly: 0
HasWiredReturn: 1
HasMFsm: 0
HasVarLatency: 1
IsPipeline: 0
IsRtlPipelined: 0
IsInstanceOverlapped: 0
IsDontTouch: 0
HasImplIP: 0
IsGatedGlobalClock: 0


============================================================
+ Verbose Summary: Schedule
============================================================
* Number of FSM states : 8
* Pipeline : 0
* Dataflow Pipeline: 0

* FSM state transitions: 
1 --> 2 
2 --> 3 
3 --> 4 
4 --> 5 
5 --> 6 
6 --> 7 3 
7 --> 8 
8 --> 6 

* FSM state operations: 

State 1 <SV = 0> <Delay = 0.48>
ST_1 : Operation 9 [1/1] (0.00ns)   --->   "%c = alloca i32 1"   --->   Operation 9 'alloca' 'c' <Predicate = true> <Delay = 0.00>
ST_1 : Operation 10 [1/1] (0.00ns)   --->   "%window_V_1_i = alloca i32 1"   --->   Operation 10 'alloca' 'window_V_1_i' <Predicate = true> <Delay = 0.00>
ST_1 : Operation 11 [1/1] (0.00ns)   --->   "%window_V_514_1_i = alloca i32 1"   --->   Operation 11 'alloca' 'window_V_514_1_i' <Predicate = true> <Delay = 0.00>
ST_1 : Operation 12 [1/1] (0.00ns)   --->   "%window_V_515_1_i = alloca i32 1"   --->   Operation 12 'alloca' 'window_V_515_1_i' <Predicate = true> <Delay = 0.00>
ST_1 : Operation 13 [1/1] (0.00ns)   --->   "%window_V_516_1_i = alloca i32 1"   --->   Operation 13 'alloca' 'window_V_516_1_i' <Predicate = true> <Delay = 0.00>
ST_1 : Operation 14 [1/1] (0.00ns)   --->   "%window_V_517_1_i = alloca i32 1"   --->   Operation 14 'alloca' 'window_V_517_1_i' <Predicate = true> <Delay = 0.00>
ST_1 : Operation 15 [1/1] (0.00ns)   --->   "%window_V_518_1_i = alloca i32 1"   --->   Operation 15 'alloca' 'window_V_518_1_i' <Predicate = true> <Delay = 0.00>
ST_1 : Operation 16 [1/1] (0.00ns)   --->   "%window_V_519_1_i = alloca i32 1"   --->   Operation 16 'alloca' 'window_V_519_1_i' <Predicate = true> <Delay = 0.00>
ST_1 : Operation 17 [1/1] (0.00ns)   --->   "%window_V_520_1_i = alloca i32 1"   --->   Operation 17 'alloca' 'window_V_520_1_i' <Predicate = true> <Delay = 0.00>
ST_1 : Operation 18 [1/1] (0.00ns)   --->   "%window_V_521_1_i = alloca i32 1"   --->   Operation 18 'alloca' 'window_V_521_1_i' <Predicate = true> <Delay = 0.00>
ST_1 : Operation 19 [1/1] (0.00ns)   --->   "%window_V_522_1_i = alloca i32 1"   --->   Operation 19 'alloca' 'window_V_522_1_i' <Predicate = true> <Delay = 0.00>
ST_1 : Operation 20 [1/1] (0.00ns)   --->   "%window_V_523_1_i = alloca i32 1"   --->   Operation 20 'alloca' 'window_V_523_1_i' <Predicate = true> <Delay = 0.00>
ST_1 : Operation 21 [1/1] (0.00ns)   --->   "%window_V_524_1_i = alloca i32 1"   --->   Operation 21 'alloca' 'window_V_524_1_i' <Predicate = true> <Delay = 0.00>
ST_1 : Operation 22 [1/1] (0.00ns)   --->   "%window_V_525_1_i = alloca i32 1"   --->   Operation 22 'alloca' 'window_V_525_1_i' <Predicate = true> <Delay = 0.00>
ST_1 : Operation 23 [1/1] (0.00ns)   --->   "%window_V_526_1_i = alloca i32 1"   --->   Operation 23 'alloca' 'window_V_526_1_i' <Predicate = true> <Delay = 0.00>
ST_1 : Operation 24 [1/1] (0.00ns)   --->   "%window_V_527_1_i = alloca i32 1"   --->   Operation 24 'alloca' 'window_V_527_1_i' <Predicate = true> <Delay = 0.00>
ST_1 : Operation 25 [1/1] (0.00ns)   --->   "%window_V_528_1_i = alloca i32 1"   --->   Operation 25 'alloca' 'window_V_528_1_i' <Predicate = true> <Delay = 0.00>
ST_1 : Operation 26 [1/1] (0.00ns)   --->   "%window_V_529_1_i = alloca i32 1"   --->   Operation 26 'alloca' 'window_V_529_1_i' <Predicate = true> <Delay = 0.00>
ST_1 : Operation 27 [1/1] (0.00ns)   --->   "%window_V_530_1_i = alloca i32 1"   --->   Operation 27 'alloca' 'window_V_530_1_i' <Predicate = true> <Delay = 0.00>
ST_1 : Operation 28 [1/1] (0.00ns)   --->   "%window_V_531_1_i = alloca i32 1"   --->   Operation 28 'alloca' 'window_V_531_1_i' <Predicate = true> <Delay = 0.00>
ST_1 : Operation 29 [1/1] (0.00ns)   --->   "%window_V_532_1_i = alloca i32 1"   --->   Operation 29 'alloca' 'window_V_532_1_i' <Predicate = true> <Delay = 0.00>
ST_1 : Operation 30 [1/1] (0.00ns)   --->   "%window_V_533_1_i = alloca i32 1"   --->   Operation 30 'alloca' 'window_V_533_1_i' <Predicate = true> <Delay = 0.00>
ST_1 : Operation 31 [1/1] (0.00ns)   --->   "%window_V_534_1_i = alloca i32 1"   --->   Operation 31 'alloca' 'window_V_534_1_i' <Predicate = true> <Delay = 0.00>
ST_1 : Operation 32 [1/1] (0.00ns)   --->   "%window_V_535_1_i = alloca i32 1"   --->   Operation 32 'alloca' 'window_V_535_1_i' <Predicate = true> <Delay = 0.00>
ST_1 : Operation 33 [1/1] (0.00ns)   --->   "%window_V_536_1_i = alloca i32 1"   --->   Operation 33 'alloca' 'window_V_536_1_i' <Predicate = true> <Delay = 0.00>
ST_1 : Operation 34 [1/1] (0.00ns)   --->   "%window_V_537_1_i = alloca i32 1"   --->   Operation 34 'alloca' 'window_V_537_1_i' <Predicate = true> <Delay = 0.00>
ST_1 : Operation 35 [1/1] (0.00ns)   --->   "%window_V_538_1_i = alloca i32 1"   --->   Operation 35 'alloca' 'window_V_538_1_i' <Predicate = true> <Delay = 0.00>
ST_1 : Operation 36 [1/1] (0.00ns)   --->   "%window_V_539_1_i = alloca i32 1"   --->   Operation 36 'alloca' 'window_V_539_1_i' <Predicate = true> <Delay = 0.00>
ST_1 : Operation 37 [1/1] (0.00ns)   --->   "%window_V_540_1_i = alloca i32 1"   --->   Operation 37 'alloca' 'window_V_540_1_i' <Predicate = true> <Delay = 0.00>
ST_1 : Operation 38 [1/1] (0.00ns)   --->   "%window_V_541_1_i = alloca i32 1"   --->   Operation 38 'alloca' 'window_V_541_1_i' <Predicate = true> <Delay = 0.00>
ST_1 : Operation 39 [1/1] (0.00ns)   --->   "%window_V_542_1_i = alloca i32 1"   --->   Operation 39 'alloca' 'window_V_542_1_i' <Predicate = true> <Delay = 0.00>
ST_1 : Operation 40 [1/1] (0.00ns)   --->   "%window_V_543_1_i = alloca i32 1"   --->   Operation 40 'alloca' 'window_V_543_1_i' <Predicate = true> <Delay = 0.00>
ST_1 : Operation 41 [1/1] (0.00ns)   --->   "%window_V_544_1_i = alloca i32 1"   --->   Operation 41 'alloca' 'window_V_544_1_i' <Predicate = true> <Delay = 0.00>
ST_1 : Operation 42 [1/1] (0.00ns)   --->   "%window_V_545_1_i = alloca i32 1"   --->   Operation 42 'alloca' 'window_V_545_1_i' <Predicate = true> <Delay = 0.00>
ST_1 : Operation 43 [1/1] (0.00ns)   --->   "%window_V_546_1_i = alloca i32 1"   --->   Operation 43 'alloca' 'window_V_546_1_i' <Predicate = true> <Delay = 0.00>
ST_1 : Operation 44 [1/1] (0.00ns)   --->   "%window_V_547_1_i = alloca i32 1"   --->   Operation 44 'alloca' 'window_V_547_1_i' <Predicate = true> <Delay = 0.00>
ST_1 : Operation 45 [1/1] (0.00ns)   --->   "%window_V_548_1_i = alloca i32 1"   --->   Operation 45 'alloca' 'window_V_548_1_i' <Predicate = true> <Delay = 0.00>
ST_1 : Operation 46 [1/1] (0.00ns)   --->   "%window_V_549_1_i = alloca i32 1"   --->   Operation 46 'alloca' 'window_V_549_1_i' <Predicate = true> <Delay = 0.00>
ST_1 : Operation 47 [1/1] (0.00ns)   --->   "%window_V_550_1_i = alloca i32 1"   --->   Operation 47 'alloca' 'window_V_550_1_i' <Predicate = true> <Delay = 0.00>
ST_1 : Operation 48 [1/1] (0.00ns)   --->   "%window_V_551_1_i = alloca i32 1"   --->   Operation 48 'alloca' 'window_V_551_1_i' <Predicate = true> <Delay = 0.00>
ST_1 : Operation 49 [1/1] (0.00ns)   --->   "%window_V_552_1_i = alloca i32 1"   --->   Operation 49 'alloca' 'window_V_552_1_i' <Predicate = true> <Delay = 0.00>
ST_1 : Operation 50 [1/1] (0.00ns)   --->   "%window_V_553_1_i = alloca i32 1"   --->   Operation 50 'alloca' 'window_V_553_1_i' <Predicate = true> <Delay = 0.00>
ST_1 : Operation 51 [1/1] (0.00ns)   --->   "%window_V_554_1_i = alloca i32 1"   --->   Operation 51 'alloca' 'window_V_554_1_i' <Predicate = true> <Delay = 0.00>
ST_1 : Operation 52 [1/1] (0.00ns)   --->   "%window_V_555_1_i = alloca i32 1"   --->   Operation 52 'alloca' 'window_V_555_1_i' <Predicate = true> <Delay = 0.00>
ST_1 : Operation 53 [1/1] (0.00ns)   --->   "%window_V_556_1_i = alloca i32 1"   --->   Operation 53 'alloca' 'window_V_556_1_i' <Predicate = true> <Delay = 0.00>
ST_1 : Operation 54 [1/1] (0.00ns)   --->   "%window_V_557_1_i = alloca i32 1"   --->   Operation 54 'alloca' 'window_V_557_1_i' <Predicate = true> <Delay = 0.00>
ST_1 : Operation 55 [1/1] (0.00ns)   --->   "%window_V_558_1_i = alloca i32 1"   --->   Operation 55 'alloca' 'window_V_558_1_i' <Predicate = true> <Delay = 0.00>
ST_1 : Operation 56 [1/1] (0.00ns)   --->   "%window_V_559_1_i = alloca i32 1"   --->   Operation 56 'alloca' 'window_V_559_1_i' <Predicate = true> <Delay = 0.00>
ST_1 : Operation 57 [1/1] (0.00ns)   --->   "%window_V_560_1_i = alloca i32 1"   --->   Operation 57 'alloca' 'window_V_560_1_i' <Predicate = true> <Delay = 0.00>
ST_1 : Operation 58 [1/1] (0.00ns)   --->   "%window_V_561_1_i = alloca i32 1"   --->   Operation 58 'alloca' 'window_V_561_1_i' <Predicate = true> <Delay = 0.00>
ST_1 : Operation 59 [1/1] (0.00ns)   --->   "%window_V_562_1_i = alloca i32 1"   --->   Operation 59 'alloca' 'window_V_562_1_i' <Predicate = true> <Delay = 0.00>
ST_1 : Operation 60 [1/1] (0.00ns)   --->   "%window_V_563_1_i = alloca i32 1"   --->   Operation 60 'alloca' 'window_V_563_1_i' <Predicate = true> <Delay = 0.00>
ST_1 : Operation 61 [1/1] (0.00ns)   --->   "%window_V_564_1_i = alloca i32 1"   --->   Operation 61 'alloca' 'window_V_564_1_i' <Predicate = true> <Delay = 0.00>
ST_1 : Operation 62 [1/1] (0.00ns)   --->   "%window_V_565_1_i = alloca i32 1"   --->   Operation 62 'alloca' 'window_V_565_1_i' <Predicate = true> <Delay = 0.00>
ST_1 : Operation 63 [1/1] (0.00ns)   --->   "%window_V_566_1_i = alloca i32 1"   --->   Operation 63 'alloca' 'window_V_566_1_i' <Predicate = true> <Delay = 0.00>
ST_1 : Operation 64 [1/1] (0.00ns)   --->   "%window_V_567_1_i = alloca i32 1"   --->   Operation 64 'alloca' 'window_V_567_1_i' <Predicate = true> <Delay = 0.00>
ST_1 : Operation 65 [1/1] (0.00ns)   --->   "%window_V_568_1_i = alloca i32 1"   --->   Operation 65 'alloca' 'window_V_568_1_i' <Predicate = true> <Delay = 0.00>
ST_1 : Operation 66 [1/1] (0.00ns)   --->   "%window_V_569_1_i = alloca i32 1"   --->   Operation 66 'alloca' 'window_V_569_1_i' <Predicate = true> <Delay = 0.00>
ST_1 : Operation 67 [1/1] (0.00ns)   --->   "%window_V_570_1_i = alloca i32 1"   --->   Operation 67 'alloca' 'window_V_570_1_i' <Predicate = true> <Delay = 0.00>
ST_1 : Operation 68 [1/1] (0.00ns)   --->   "%window_V_571_1_i = alloca i32 1"   --->   Operation 68 'alloca' 'window_V_571_1_i' <Predicate = true> <Delay = 0.00>
ST_1 : Operation 69 [1/1] (0.00ns)   --->   "%window_V_572_1_i = alloca i32 1"   --->   Operation 69 'alloca' 'window_V_572_1_i' <Predicate = true> <Delay = 0.00>
ST_1 : Operation 70 [1/1] (0.00ns)   --->   "%window_V_573_1_i = alloca i32 1"   --->   Operation 70 'alloca' 'window_V_573_1_i' <Predicate = true> <Delay = 0.00>
ST_1 : Operation 71 [1/1] (0.00ns)   --->   "%window_V_574_1_i = alloca i32 1"   --->   Operation 71 'alloca' 'window_V_574_1_i' <Predicate = true> <Delay = 0.00>
ST_1 : Operation 72 [1/1] (0.00ns)   --->   "%window_V_575_1_i = alloca i32 1"   --->   Operation 72 'alloca' 'window_V_575_1_i' <Predicate = true> <Delay = 0.00>
ST_1 : Operation 73 [1/1] (0.00ns)   --->   "%window_V_576_1_i = alloca i32 1"   --->   Operation 73 'alloca' 'window_V_576_1_i' <Predicate = true> <Delay = 0.00>
ST_1 : Operation 74 [1/1] (0.00ns)   --->   "%window_V_577_1_i = alloca i32 1"   --->   Operation 74 'alloca' 'window_V_577_1_i' <Predicate = true> <Delay = 0.00>
ST_1 : Operation 75 [1/1] (0.00ns)   --->   "%window_V_578_1_i = alloca i32 1"   --->   Operation 75 'alloca' 'window_V_578_1_i' <Predicate = true> <Delay = 0.00>
ST_1 : Operation 76 [1/1] (0.00ns)   --->   "%window_V_579_1_i = alloca i32 1"   --->   Operation 76 'alloca' 'window_V_579_1_i' <Predicate = true> <Delay = 0.00>
ST_1 : Operation 77 [1/1] (0.00ns)   --->   "%window_V_580_1_i = alloca i32 1"   --->   Operation 77 'alloca' 'window_V_580_1_i' <Predicate = true> <Delay = 0.00>
ST_1 : Operation 78 [1/1] (0.00ns)   --->   "%window_V_581_1_i = alloca i32 1"   --->   Operation 78 'alloca' 'window_V_581_1_i' <Predicate = true> <Delay = 0.00>
ST_1 : Operation 79 [1/1] (0.00ns)   --->   "%window_V_582_1_i = alloca i32 1"   --->   Operation 79 'alloca' 'window_V_582_1_i' <Predicate = true> <Delay = 0.00>
ST_1 : Operation 80 [1/1] (0.00ns)   --->   "%window_V_583_1_i = alloca i32 1"   --->   Operation 80 'alloca' 'window_V_583_1_i' <Predicate = true> <Delay = 0.00>
ST_1 : Operation 81 [1/1] (0.00ns)   --->   "%window_V_584_1_i = alloca i32 1"   --->   Operation 81 'alloca' 'window_V_584_1_i' <Predicate = true> <Delay = 0.00>
ST_1 : Operation 82 [1/1] (0.00ns)   --->   "%window_V_585_1_i = alloca i32 1"   --->   Operation 82 'alloca' 'window_V_585_1_i' <Predicate = true> <Delay = 0.00>
ST_1 : Operation 83 [1/1] (0.00ns)   --->   "%window_V_586_1_i = alloca i32 1"   --->   Operation 83 'alloca' 'window_V_586_1_i' <Predicate = true> <Delay = 0.00>
ST_1 : Operation 84 [1/1] (0.00ns)   --->   "%window_V_587_1_i = alloca i32 1"   --->   Operation 84 'alloca' 'window_V_587_1_i' <Predicate = true> <Delay = 0.00>
ST_1 : Operation 85 [1/1] (0.00ns)   --->   "%window_V_588_1_i = alloca i32 1"   --->   Operation 85 'alloca' 'window_V_588_1_i' <Predicate = true> <Delay = 0.00>
ST_1 : Operation 86 [1/1] (0.00ns)   --->   "%window_V_589_1_i = alloca i32 1"   --->   Operation 86 'alloca' 'window_V_589_1_i' <Predicate = true> <Delay = 0.00>
ST_1 : Operation 87 [1/1] (0.00ns)   --->   "%window_V_590_1_i = alloca i32 1"   --->   Operation 87 'alloca' 'window_V_590_1_i' <Predicate = true> <Delay = 0.00>
ST_1 : Operation 88 [1/1] (0.00ns)   --->   "%window_V_591_1_i = alloca i32 1"   --->   Operation 88 'alloca' 'window_V_591_1_i' <Predicate = true> <Delay = 0.00>
ST_1 : Operation 89 [1/1] (0.00ns)   --->   "%window_V_592_1_i = alloca i32 1"   --->   Operation 89 'alloca' 'window_V_592_1_i' <Predicate = true> <Delay = 0.00>
ST_1 : Operation 90 [1/1] (0.00ns)   --->   "%window_V_593_1_i = alloca i32 1"   --->   Operation 90 'alloca' 'window_V_593_1_i' <Predicate = true> <Delay = 0.00>
ST_1 : Operation 91 [1/1] (0.00ns)   --->   "%window_V_594_1_i = alloca i32 1"   --->   Operation 91 'alloca' 'window_V_594_1_i' <Predicate = true> <Delay = 0.00>
ST_1 : Operation 92 [1/1] (0.00ns)   --->   "%window_V_595_1_i = alloca i32 1"   --->   Operation 92 'alloca' 'window_V_595_1_i' <Predicate = true> <Delay = 0.00>
ST_1 : Operation 93 [1/1] (0.00ns)   --->   "%window_V_596_1_i = alloca i32 1"   --->   Operation 93 'alloca' 'window_V_596_1_i' <Predicate = true> <Delay = 0.00>
ST_1 : Operation 94 [1/1] (0.00ns)   --->   "%window_V_597_1_i = alloca i32 1"   --->   Operation 94 'alloca' 'window_V_597_1_i' <Predicate = true> <Delay = 0.00>
ST_1 : Operation 95 [1/1] (0.00ns)   --->   "%window_V_598_1_i = alloca i32 1"   --->   Operation 95 'alloca' 'window_V_598_1_i' <Predicate = true> <Delay = 0.00>
ST_1 : Operation 96 [1/1] (0.00ns)   --->   "%window_V_599_1_i = alloca i32 1"   --->   Operation 96 'alloca' 'window_V_599_1_i' <Predicate = true> <Delay = 0.00>
ST_1 : Operation 97 [1/1] (0.00ns)   --->   "%window_V_600_1_i = alloca i32 1"   --->   Operation 97 'alloca' 'window_V_600_1_i' <Predicate = true> <Delay = 0.00>
ST_1 : Operation 98 [1/1] (0.00ns)   --->   "%window_V_601_1_i = alloca i32 1"   --->   Operation 98 'alloca' 'window_V_601_1_i' <Predicate = true> <Delay = 0.00>
ST_1 : Operation 99 [1/1] (0.00ns)   --->   "%window_V_602_1_i = alloca i32 1"   --->   Operation 99 'alloca' 'window_V_602_1_i' <Predicate = true> <Delay = 0.00>
ST_1 : Operation 100 [1/1] (0.00ns)   --->   "%window_V_603_1_i = alloca i32 1"   --->   Operation 100 'alloca' 'window_V_603_1_i' <Predicate = true> <Delay = 0.00>
ST_1 : Operation 101 [1/1] (0.00ns)   --->   "%window_V_604_1_i = alloca i32 1"   --->   Operation 101 'alloca' 'window_V_604_1_i' <Predicate = true> <Delay = 0.00>
ST_1 : Operation 102 [1/1] (0.00ns)   --->   "%window_V_605_1_i = alloca i32 1"   --->   Operation 102 'alloca' 'window_V_605_1_i' <Predicate = true> <Delay = 0.00>
ST_1 : Operation 103 [1/1] (0.00ns)   --->   "%window_V_606_1_i = alloca i32 1"   --->   Operation 103 'alloca' 'window_V_606_1_i' <Predicate = true> <Delay = 0.00>
ST_1 : Operation 104 [1/1] (0.00ns)   --->   "%window_V_607_1_i = alloca i32 1"   --->   Operation 104 'alloca' 'window_V_607_1_i' <Predicate = true> <Delay = 0.00>
ST_1 : Operation 105 [1/1] (0.00ns)   --->   "%window_V_608_1_i = alloca i32 1"   --->   Operation 105 'alloca' 'window_V_608_1_i' <Predicate = true> <Delay = 0.00>
ST_1 : Operation 106 [1/1] (0.00ns)   --->   "%window_V_609_1_i = alloca i32 1"   --->   Operation 106 'alloca' 'window_V_609_1_i' <Predicate = true> <Delay = 0.00>
ST_1 : Operation 107 [1/1] (0.00ns)   --->   "%window_V_610_1_i = alloca i32 1"   --->   Operation 107 'alloca' 'window_V_610_1_i' <Predicate = true> <Delay = 0.00>
ST_1 : Operation 108 [1/1] (0.00ns)   --->   "%window_V_611_1_i = alloca i32 1"   --->   Operation 108 'alloca' 'window_V_611_1_i' <Predicate = true> <Delay = 0.00>
ST_1 : Operation 109 [1/1] (0.00ns)   --->   "%window_V_612_1_i = alloca i32 1"   --->   Operation 109 'alloca' 'window_V_612_1_i' <Predicate = true> <Delay = 0.00>
ST_1 : Operation 110 [1/1] (0.00ns)   --->   "%window_V_613_1_i = alloca i32 1"   --->   Operation 110 'alloca' 'window_V_613_1_i' <Predicate = true> <Delay = 0.00>
ST_1 : Operation 111 [1/1] (0.00ns)   --->   "%window_V_614_1_i = alloca i32 1"   --->   Operation 111 'alloca' 'window_V_614_1_i' <Predicate = true> <Delay = 0.00>
ST_1 : Operation 112 [1/1] (0.00ns)   --->   "%window_V_615_1_i = alloca i32 1"   --->   Operation 112 'alloca' 'window_V_615_1_i' <Predicate = true> <Delay = 0.00>
ST_1 : Operation 113 [1/1] (0.00ns)   --->   "%window_V_616_1_i = alloca i32 1"   --->   Operation 113 'alloca' 'window_V_616_1_i' <Predicate = true> <Delay = 0.00>
ST_1 : Operation 114 [1/1] (0.00ns)   --->   "%window_V_617_1_i = alloca i32 1"   --->   Operation 114 'alloca' 'window_V_617_1_i' <Predicate = true> <Delay = 0.00>
ST_1 : Operation 115 [1/1] (0.00ns)   --->   "%window_V_618_1_i = alloca i32 1"   --->   Operation 115 'alloca' 'window_V_618_1_i' <Predicate = true> <Delay = 0.00>
ST_1 : Operation 116 [1/1] (0.00ns)   --->   "%window_V_619_1_i = alloca i32 1"   --->   Operation 116 'alloca' 'window_V_619_1_i' <Predicate = true> <Delay = 0.00>
ST_1 : Operation 117 [1/1] (0.00ns)   --->   "%window_V_620_1_i = alloca i32 1"   --->   Operation 117 'alloca' 'window_V_620_1_i' <Predicate = true> <Delay = 0.00>
ST_1 : Operation 118 [1/1] (0.00ns)   --->   "%window_V_621_1_i = alloca i32 1"   --->   Operation 118 'alloca' 'window_V_621_1_i' <Predicate = true> <Delay = 0.00>
ST_1 : Operation 119 [1/1] (0.00ns)   --->   "%window_V_622_1_i = alloca i32 1"   --->   Operation 119 'alloca' 'window_V_622_1_i' <Predicate = true> <Delay = 0.00>
ST_1 : Operation 120 [1/1] (0.00ns)   --->   "%window_V_623_1_i = alloca i32 1"   --->   Operation 120 'alloca' 'window_V_623_1_i' <Predicate = true> <Delay = 0.00>
ST_1 : Operation 121 [1/1] (0.00ns)   --->   "%window_V_624_1_i = alloca i32 1"   --->   Operation 121 'alloca' 'window_V_624_1_i' <Predicate = true> <Delay = 0.00>
ST_1 : Operation 122 [1/1] (0.00ns)   --->   "%window_V_625_1_i = alloca i32 1"   --->   Operation 122 'alloca' 'window_V_625_1_i' <Predicate = true> <Delay = 0.00>
ST_1 : Operation 123 [1/1] (0.00ns)   --->   "%window_V_626_1_i = alloca i32 1"   --->   Operation 123 'alloca' 'window_V_626_1_i' <Predicate = true> <Delay = 0.00>
ST_1 : Operation 124 [1/1] (0.00ns)   --->   "%window_V_627_1_i = alloca i32 1"   --->   Operation 124 'alloca' 'window_V_627_1_i' <Predicate = true> <Delay = 0.00>
ST_1 : Operation 125 [1/1] (0.00ns)   --->   "%window_V_628_1_i = alloca i32 1"   --->   Operation 125 'alloca' 'window_V_628_1_i' <Predicate = true> <Delay = 0.00>
ST_1 : Operation 126 [1/1] (0.00ns)   --->   "%window_V_629_1_i = alloca i32 1"   --->   Operation 126 'alloca' 'window_V_629_1_i' <Predicate = true> <Delay = 0.00>
ST_1 : Operation 127 [1/1] (0.00ns)   --->   "%window_V_630_1_i = alloca i32 1"   --->   Operation 127 'alloca' 'window_V_630_1_i' <Predicate = true> <Delay = 0.00>
ST_1 : Operation 128 [1/1] (0.00ns)   --->   "%window_V_631_1_i = alloca i32 1"   --->   Operation 128 'alloca' 'window_V_631_1_i' <Predicate = true> <Delay = 0.00>
ST_1 : Operation 129 [1/1] (0.00ns)   --->   "%window_V_632_1_i = alloca i32 1"   --->   Operation 129 'alloca' 'window_V_632_1_i' <Predicate = true> <Delay = 0.00>
ST_1 : Operation 130 [1/1] (0.00ns)   --->   "%window_V_633_1_i = alloca i32 1"   --->   Operation 130 'alloca' 'window_V_633_1_i' <Predicate = true> <Delay = 0.00>
ST_1 : Operation 131 [1/1] (0.00ns)   --->   "%window_V_634_1_i = alloca i32 1"   --->   Operation 131 'alloca' 'window_V_634_1_i' <Predicate = true> <Delay = 0.00>
ST_1 : Operation 132 [1/1] (0.00ns)   --->   "%window_V_635_1_i = alloca i32 1"   --->   Operation 132 'alloca' 'window_V_635_1_i' <Predicate = true> <Delay = 0.00>
ST_1 : Operation 133 [1/1] (0.00ns)   --->   "%window_V_636_1_i = alloca i32 1"   --->   Operation 133 'alloca' 'window_V_636_1_i' <Predicate = true> <Delay = 0.00>
ST_1 : Operation 134 [1/1] (0.00ns)   --->   "%window_V_637_1_i = alloca i32 1"   --->   Operation 134 'alloca' 'window_V_637_1_i' <Predicate = true> <Delay = 0.00>
ST_1 : Operation 135 [1/1] (0.00ns)   --->   "%window_V_638_1_i = alloca i32 1"   --->   Operation 135 'alloca' 'window_V_638_1_i' <Predicate = true> <Delay = 0.00>
ST_1 : Operation 136 [1/1] (0.00ns)   --->   "%window_V_639_1_i = alloca i32 1"   --->   Operation 136 'alloca' 'window_V_639_1_i' <Predicate = true> <Delay = 0.00>
ST_1 : Operation 137 [1/1] (0.00ns)   --->   "%window_V_640_1_i = alloca i32 1"   --->   Operation 137 'alloca' 'window_V_640_1_i' <Predicate = true> <Delay = 0.00>
ST_1 : Operation 138 [1/1] (0.00ns)   --->   "%window_V_641_1_i = alloca i32 1"   --->   Operation 138 'alloca' 'window_V_641_1_i' <Predicate = true> <Delay = 0.00>
ST_1 : Operation 139 [1/1] (0.00ns)   --->   "%window_V_642_1_i = alloca i32 1"   --->   Operation 139 'alloca' 'window_V_642_1_i' <Predicate = true> <Delay = 0.00>
ST_1 : Operation 140 [1/1] (0.00ns)   --->   "%window_V_643_1_i = alloca i32 1"   --->   Operation 140 'alloca' 'window_V_643_1_i' <Predicate = true> <Delay = 0.00>
ST_1 : Operation 141 [1/1] (0.00ns)   --->   "%window_V_644_1_i = alloca i32 1"   --->   Operation 141 'alloca' 'window_V_644_1_i' <Predicate = true> <Delay = 0.00>
ST_1 : Operation 142 [1/1] (0.00ns)   --->   "%window_V_645_1_i = alloca i32 1"   --->   Operation 142 'alloca' 'window_V_645_1_i' <Predicate = true> <Delay = 0.00>
ST_1 : Operation 143 [1/1] (0.00ns)   --->   "%window_V_646_1_i = alloca i32 1"   --->   Operation 143 'alloca' 'window_V_646_1_i' <Predicate = true> <Delay = 0.00>
ST_1 : Operation 144 [1/1] (0.00ns)   --->   "%window_V_647_1_i = alloca i32 1"   --->   Operation 144 'alloca' 'window_V_647_1_i' <Predicate = true> <Delay = 0.00>
ST_1 : Operation 145 [1/1] (0.00ns)   --->   "%window_V_648_1_i = alloca i32 1"   --->   Operation 145 'alloca' 'window_V_648_1_i' <Predicate = true> <Delay = 0.00>
ST_1 : Operation 146 [1/1] (0.00ns)   --->   "%window_V_649_1_i = alloca i32 1"   --->   Operation 146 'alloca' 'window_V_649_1_i' <Predicate = true> <Delay = 0.00>
ST_1 : Operation 147 [1/1] (0.00ns)   --->   "%window_V_650_1_i = alloca i32 1"   --->   Operation 147 'alloca' 'window_V_650_1_i' <Predicate = true> <Delay = 0.00>
ST_1 : Operation 148 [1/1] (0.00ns)   --->   "%window_V_651_1_i = alloca i32 1"   --->   Operation 148 'alloca' 'window_V_651_1_i' <Predicate = true> <Delay = 0.00>
ST_1 : Operation 149 [1/1] (0.00ns)   --->   "%window_V_652_1_i = alloca i32 1"   --->   Operation 149 'alloca' 'window_V_652_1_i' <Predicate = true> <Delay = 0.00>
ST_1 : Operation 150 [1/1] (0.00ns)   --->   "%window_V_653_1_i = alloca i32 1"   --->   Operation 150 'alloca' 'window_V_653_1_i' <Predicate = true> <Delay = 0.00>
ST_1 : Operation 151 [1/1] (0.00ns)   --->   "%window_V_654_1_i = alloca i32 1"   --->   Operation 151 'alloca' 'window_V_654_1_i' <Predicate = true> <Delay = 0.00>
ST_1 : Operation 152 [1/1] (0.00ns)   --->   "%window_V_655_1_i = alloca i32 1"   --->   Operation 152 'alloca' 'window_V_655_1_i' <Predicate = true> <Delay = 0.00>
ST_1 : Operation 153 [1/1] (0.00ns)   --->   "%window_V_656_1_i = alloca i32 1"   --->   Operation 153 'alloca' 'window_V_656_1_i' <Predicate = true> <Delay = 0.00>
ST_1 : Operation 154 [1/1] (0.00ns)   --->   "%indvar_flatten20 = alloca i32 1"   --->   Operation 154 'alloca' 'indvar_flatten20' <Predicate = true> <Delay = 0.00>
ST_1 : Operation 155 [1/1] (0.00ns)   --->   "%window_V_2_i_loc = alloca i64 1"   --->   Operation 155 'alloca' 'window_V_2_i_loc' <Predicate = true> <Delay = 0.00>
ST_1 : Operation 156 [1/1] (0.00ns)   --->   "%window_V_514_2_i_loc = alloca i64 1"   --->   Operation 156 'alloca' 'window_V_514_2_i_loc' <Predicate = true> <Delay = 0.00>
ST_1 : Operation 157 [1/1] (0.00ns)   --->   "%window_V_234_loc = alloca i64 1"   --->   Operation 157 'alloca' 'window_V_234_loc' <Predicate = true> <Delay = 0.00>
ST_1 : Operation 158 [1/1] (0.00ns)   --->   "%window_V_516_2_i_loc = alloca i64 1"   --->   Operation 158 'alloca' 'window_V_516_2_i_loc' <Predicate = true> <Delay = 0.00>
ST_1 : Operation 159 [1/1] (0.00ns)   --->   "%window_V_235_loc = alloca i64 1"   --->   Operation 159 'alloca' 'window_V_235_loc' <Predicate = true> <Delay = 0.00>
ST_1 : Operation 160 [1/1] (0.00ns)   --->   "%window_V_236_loc = alloca i64 1"   --->   Operation 160 'alloca' 'window_V_236_loc' <Predicate = true> <Delay = 0.00>
ST_1 : Operation 161 [1/1] (0.00ns)   --->   "%window_V_519_2_i_loc = alloca i64 1"   --->   Operation 161 'alloca' 'window_V_519_2_i_loc' <Predicate = true> <Delay = 0.00>
ST_1 : Operation 162 [1/1] (0.00ns)   --->   "%window_V_237_loc = alloca i64 1"   --->   Operation 162 'alloca' 'window_V_237_loc' <Predicate = true> <Delay = 0.00>
ST_1 : Operation 163 [1/1] (0.00ns)   --->   "%window_V_238_loc = alloca i64 1"   --->   Operation 163 'alloca' 'window_V_238_loc' <Predicate = true> <Delay = 0.00>
ST_1 : Operation 164 [1/1] (0.00ns)   --->   "%window_V_522_2_i_loc = alloca i64 1"   --->   Operation 164 'alloca' 'window_V_522_2_i_loc' <Predicate = true> <Delay = 0.00>
ST_1 : Operation 165 [1/1] (0.00ns)   --->   "%window_V_523_2_i_loc = alloca i64 1"   --->   Operation 165 'alloca' 'window_V_523_2_i_loc' <Predicate = true> <Delay = 0.00>
ST_1 : Operation 166 [1/1] (0.00ns)   --->   "%window_V_241_loc = alloca i64 1"   --->   Operation 166 'alloca' 'window_V_241_loc' <Predicate = true> <Delay = 0.00>
ST_1 : Operation 167 [1/1] (0.00ns)   --->   "%window_V_525_2_i_loc = alloca i64 1"   --->   Operation 167 'alloca' 'window_V_525_2_i_loc' <Predicate = true> <Delay = 0.00>
ST_1 : Operation 168 [1/1] (0.00ns)   --->   "%window_V_242_loc = alloca i64 1"   --->   Operation 168 'alloca' 'window_V_242_loc' <Predicate = true> <Delay = 0.00>
ST_1 : Operation 169 [1/1] (0.00ns)   --->   "%window_V_243_loc = alloca i64 1"   --->   Operation 169 'alloca' 'window_V_243_loc' <Predicate = true> <Delay = 0.00>
ST_1 : Operation 170 [1/1] (0.00ns)   --->   "%window_V_528_2_i_loc = alloca i64 1"   --->   Operation 170 'alloca' 'window_V_528_2_i_loc' <Predicate = true> <Delay = 0.00>
ST_1 : Operation 171 [1/1] (0.00ns)   --->   "%window_V_244_loc = alloca i64 1"   --->   Operation 171 'alloca' 'window_V_244_loc' <Predicate = true> <Delay = 0.00>
ST_1 : Operation 172 [1/1] (0.00ns)   --->   "%window_V_245_loc = alloca i64 1"   --->   Operation 172 'alloca' 'window_V_245_loc' <Predicate = true> <Delay = 0.00>
ST_1 : Operation 173 [1/1] (0.00ns)   --->   "%window_V_531_2_i_loc = alloca i64 1"   --->   Operation 173 'alloca' 'window_V_531_2_i_loc' <Predicate = true> <Delay = 0.00>
ST_1 : Operation 174 [1/1] (0.00ns)   --->   "%window_V_532_2_i_loc = alloca i64 1"   --->   Operation 174 'alloca' 'window_V_532_2_i_loc' <Predicate = true> <Delay = 0.00>
ST_1 : Operation 175 [1/1] (0.00ns)   --->   "%window_V_248_loc = alloca i64 1"   --->   Operation 175 'alloca' 'window_V_248_loc' <Predicate = true> <Delay = 0.00>
ST_1 : Operation 176 [1/1] (0.00ns)   --->   "%window_V_534_2_i_loc = alloca i64 1"   --->   Operation 176 'alloca' 'window_V_534_2_i_loc' <Predicate = true> <Delay = 0.00>
ST_1 : Operation 177 [1/1] (0.00ns)   --->   "%window_V_249_loc = alloca i64 1"   --->   Operation 177 'alloca' 'window_V_249_loc' <Predicate = true> <Delay = 0.00>
ST_1 : Operation 178 [1/1] (0.00ns)   --->   "%window_V_250_loc = alloca i64 1"   --->   Operation 178 'alloca' 'window_V_250_loc' <Predicate = true> <Delay = 0.00>
ST_1 : Operation 179 [1/1] (0.00ns)   --->   "%window_V_537_2_i_loc = alloca i64 1"   --->   Operation 179 'alloca' 'window_V_537_2_i_loc' <Predicate = true> <Delay = 0.00>
ST_1 : Operation 180 [1/1] (0.00ns)   --->   "%window_V_251_loc = alloca i64 1"   --->   Operation 180 'alloca' 'window_V_251_loc' <Predicate = true> <Delay = 0.00>
ST_1 : Operation 181 [1/1] (0.00ns)   --->   "%window_V_252_loc = alloca i64 1"   --->   Operation 181 'alloca' 'window_V_252_loc' <Predicate = true> <Delay = 0.00>
ST_1 : Operation 182 [1/1] (0.00ns)   --->   "%window_V_540_2_i_loc = alloca i64 1"   --->   Operation 182 'alloca' 'window_V_540_2_i_loc' <Predicate = true> <Delay = 0.00>
ST_1 : Operation 183 [1/1] (0.00ns)   --->   "%window_V_541_2_i_loc = alloca i64 1"   --->   Operation 183 'alloca' 'window_V_541_2_i_loc' <Predicate = true> <Delay = 0.00>
ST_1 : Operation 184 [1/1] (0.00ns)   --->   "%window_V_255_loc = alloca i64 1"   --->   Operation 184 'alloca' 'window_V_255_loc' <Predicate = true> <Delay = 0.00>
ST_1 : Operation 185 [1/1] (0.00ns)   --->   "%window_V_543_2_i_loc = alloca i64 1"   --->   Operation 185 'alloca' 'window_V_543_2_i_loc' <Predicate = true> <Delay = 0.00>
ST_1 : Operation 186 [1/1] (0.00ns)   --->   "%window_V_256_loc = alloca i64 1"   --->   Operation 186 'alloca' 'window_V_256_loc' <Predicate = true> <Delay = 0.00>
ST_1 : Operation 187 [1/1] (0.00ns)   --->   "%window_V_257_loc = alloca i64 1"   --->   Operation 187 'alloca' 'window_V_257_loc' <Predicate = true> <Delay = 0.00>
ST_1 : Operation 188 [1/1] (0.00ns)   --->   "%window_V_546_2_i_loc = alloca i64 1"   --->   Operation 188 'alloca' 'window_V_546_2_i_loc' <Predicate = true> <Delay = 0.00>
ST_1 : Operation 189 [1/1] (0.00ns)   --->   "%window_V_258_loc = alloca i64 1"   --->   Operation 189 'alloca' 'window_V_258_loc' <Predicate = true> <Delay = 0.00>
ST_1 : Operation 190 [1/1] (0.00ns)   --->   "%window_V_259_loc = alloca i64 1"   --->   Operation 190 'alloca' 'window_V_259_loc' <Predicate = true> <Delay = 0.00>
ST_1 : Operation 191 [1/1] (0.00ns)   --->   "%window_V_549_2_i_loc = alloca i64 1"   --->   Operation 191 'alloca' 'window_V_549_2_i_loc' <Predicate = true> <Delay = 0.00>
ST_1 : Operation 192 [1/1] (0.00ns)   --->   "%window_V_550_2_i_loc = alloca i64 1"   --->   Operation 192 'alloca' 'window_V_550_2_i_loc' <Predicate = true> <Delay = 0.00>
ST_1 : Operation 193 [1/1] (0.00ns)   --->   "%window_V_262_loc = alloca i64 1"   --->   Operation 193 'alloca' 'window_V_262_loc' <Predicate = true> <Delay = 0.00>
ST_1 : Operation 194 [1/1] (0.00ns)   --->   "%window_V_552_2_i_loc = alloca i64 1"   --->   Operation 194 'alloca' 'window_V_552_2_i_loc' <Predicate = true> <Delay = 0.00>
ST_1 : Operation 195 [1/1] (0.00ns)   --->   "%window_V_263_loc = alloca i64 1"   --->   Operation 195 'alloca' 'window_V_263_loc' <Predicate = true> <Delay = 0.00>
ST_1 : Operation 196 [1/1] (0.00ns)   --->   "%window_V_264_loc = alloca i64 1"   --->   Operation 196 'alloca' 'window_V_264_loc' <Predicate = true> <Delay = 0.00>
ST_1 : Operation 197 [1/1] (0.00ns)   --->   "%window_V_555_2_i_loc = alloca i64 1"   --->   Operation 197 'alloca' 'window_V_555_2_i_loc' <Predicate = true> <Delay = 0.00>
ST_1 : Operation 198 [1/1] (0.00ns)   --->   "%window_V_265_loc = alloca i64 1"   --->   Operation 198 'alloca' 'window_V_265_loc' <Predicate = true> <Delay = 0.00>
ST_1 : Operation 199 [1/1] (0.00ns)   --->   "%window_V_266_loc = alloca i64 1"   --->   Operation 199 'alloca' 'window_V_266_loc' <Predicate = true> <Delay = 0.00>
ST_1 : Operation 200 [1/1] (0.00ns)   --->   "%window_V_558_2_i_loc = alloca i64 1"   --->   Operation 200 'alloca' 'window_V_558_2_i_loc' <Predicate = true> <Delay = 0.00>
ST_1 : Operation 201 [1/1] (0.00ns)   --->   "%window_V_559_2_i_loc = alloca i64 1"   --->   Operation 201 'alloca' 'window_V_559_2_i_loc' <Predicate = true> <Delay = 0.00>
ST_1 : Operation 202 [1/1] (0.00ns)   --->   "%window_V_269_loc = alloca i64 1"   --->   Operation 202 'alloca' 'window_V_269_loc' <Predicate = true> <Delay = 0.00>
ST_1 : Operation 203 [1/1] (0.00ns)   --->   "%window_V_561_2_i_loc = alloca i64 1"   --->   Operation 203 'alloca' 'window_V_561_2_i_loc' <Predicate = true> <Delay = 0.00>
ST_1 : Operation 204 [1/1] (0.00ns)   --->   "%window_V_270_loc = alloca i64 1"   --->   Operation 204 'alloca' 'window_V_270_loc' <Predicate = true> <Delay = 0.00>
ST_1 : Operation 205 [1/1] (0.00ns)   --->   "%window_V_271_loc = alloca i64 1"   --->   Operation 205 'alloca' 'window_V_271_loc' <Predicate = true> <Delay = 0.00>
ST_1 : Operation 206 [1/1] (0.00ns)   --->   "%window_V_564_2_i_loc = alloca i64 1"   --->   Operation 206 'alloca' 'window_V_564_2_i_loc' <Predicate = true> <Delay = 0.00>
ST_1 : Operation 207 [1/1] (0.00ns)   --->   "%window_V_272_loc = alloca i64 1"   --->   Operation 207 'alloca' 'window_V_272_loc' <Predicate = true> <Delay = 0.00>
ST_1 : Operation 208 [1/1] (0.00ns)   --->   "%window_V_273_loc = alloca i64 1"   --->   Operation 208 'alloca' 'window_V_273_loc' <Predicate = true> <Delay = 0.00>
ST_1 : Operation 209 [1/1] (0.00ns)   --->   "%window_V_567_2_i_loc = alloca i64 1"   --->   Operation 209 'alloca' 'window_V_567_2_i_loc' <Predicate = true> <Delay = 0.00>
ST_1 : Operation 210 [1/1] (0.00ns)   --->   "%window_V_568_2_i_loc = alloca i64 1"   --->   Operation 210 'alloca' 'window_V_568_2_i_loc' <Predicate = true> <Delay = 0.00>
ST_1 : Operation 211 [1/1] (0.00ns)   --->   "%window_V_276_loc = alloca i64 1"   --->   Operation 211 'alloca' 'window_V_276_loc' <Predicate = true> <Delay = 0.00>
ST_1 : Operation 212 [1/1] (0.00ns)   --->   "%window_V_570_2_i_loc = alloca i64 1"   --->   Operation 212 'alloca' 'window_V_570_2_i_loc' <Predicate = true> <Delay = 0.00>
ST_1 : Operation 213 [1/1] (0.00ns)   --->   "%window_V_277_loc = alloca i64 1"   --->   Operation 213 'alloca' 'window_V_277_loc' <Predicate = true> <Delay = 0.00>
ST_1 : Operation 214 [1/1] (0.00ns)   --->   "%window_V_278_loc = alloca i64 1"   --->   Operation 214 'alloca' 'window_V_278_loc' <Predicate = true> <Delay = 0.00>
ST_1 : Operation 215 [1/1] (0.00ns)   --->   "%window_V_573_2_i_loc = alloca i64 1"   --->   Operation 215 'alloca' 'window_V_573_2_i_loc' <Predicate = true> <Delay = 0.00>
ST_1 : Operation 216 [1/1] (0.00ns)   --->   "%window_V_279_loc = alloca i64 1"   --->   Operation 216 'alloca' 'window_V_279_loc' <Predicate = true> <Delay = 0.00>
ST_1 : Operation 217 [1/1] (0.00ns)   --->   "%window_V_280_loc = alloca i64 1"   --->   Operation 217 'alloca' 'window_V_280_loc' <Predicate = true> <Delay = 0.00>
ST_1 : Operation 218 [1/1] (0.00ns)   --->   "%window_V_576_2_i_loc = alloca i64 1"   --->   Operation 218 'alloca' 'window_V_576_2_i_loc' <Predicate = true> <Delay = 0.00>
ST_1 : Operation 219 [1/1] (0.00ns)   --->   "%window_V_577_2_i_loc = alloca i64 1"   --->   Operation 219 'alloca' 'window_V_577_2_i_loc' <Predicate = true> <Delay = 0.00>
ST_1 : Operation 220 [1/1] (0.00ns)   --->   "%window_V_283_loc = alloca i64 1"   --->   Operation 220 'alloca' 'window_V_283_loc' <Predicate = true> <Delay = 0.00>
ST_1 : Operation 221 [1/1] (0.00ns)   --->   "%window_V_579_2_i_loc = alloca i64 1"   --->   Operation 221 'alloca' 'window_V_579_2_i_loc' <Predicate = true> <Delay = 0.00>
ST_1 : Operation 222 [1/1] (0.00ns)   --->   "%window_V_284_loc = alloca i64 1"   --->   Operation 222 'alloca' 'window_V_284_loc' <Predicate = true> <Delay = 0.00>
ST_1 : Operation 223 [1/1] (0.00ns)   --->   "%window_V_285_loc = alloca i64 1"   --->   Operation 223 'alloca' 'window_V_285_loc' <Predicate = true> <Delay = 0.00>
ST_1 : Operation 224 [1/1] (0.00ns)   --->   "%window_V_582_2_i_loc = alloca i64 1"   --->   Operation 224 'alloca' 'window_V_582_2_i_loc' <Predicate = true> <Delay = 0.00>
ST_1 : Operation 225 [1/1] (0.00ns)   --->   "%window_V_286_loc = alloca i64 1"   --->   Operation 225 'alloca' 'window_V_286_loc' <Predicate = true> <Delay = 0.00>
ST_1 : Operation 226 [1/1] (0.00ns)   --->   "%window_V_287_loc = alloca i64 1"   --->   Operation 226 'alloca' 'window_V_287_loc' <Predicate = true> <Delay = 0.00>
ST_1 : Operation 227 [1/1] (0.00ns)   --->   "%window_V_585_2_i_loc = alloca i64 1"   --->   Operation 227 'alloca' 'window_V_585_2_i_loc' <Predicate = true> <Delay = 0.00>
ST_1 : Operation 228 [1/1] (0.00ns)   --->   "%window_V_586_2_i_loc = alloca i64 1"   --->   Operation 228 'alloca' 'window_V_586_2_i_loc' <Predicate = true> <Delay = 0.00>
ST_1 : Operation 229 [1/1] (0.00ns)   --->   "%window_V_290_loc = alloca i64 1"   --->   Operation 229 'alloca' 'window_V_290_loc' <Predicate = true> <Delay = 0.00>
ST_1 : Operation 230 [1/1] (0.00ns)   --->   "%window_V_588_2_i_loc = alloca i64 1"   --->   Operation 230 'alloca' 'window_V_588_2_i_loc' <Predicate = true> <Delay = 0.00>
ST_1 : Operation 231 [1/1] (0.00ns)   --->   "%window_V_291_loc = alloca i64 1"   --->   Operation 231 'alloca' 'window_V_291_loc' <Predicate = true> <Delay = 0.00>
ST_1 : Operation 232 [1/1] (0.00ns)   --->   "%window_V_292_loc = alloca i64 1"   --->   Operation 232 'alloca' 'window_V_292_loc' <Predicate = true> <Delay = 0.00>
ST_1 : Operation 233 [1/1] (0.00ns)   --->   "%window_V_591_2_i_loc = alloca i64 1"   --->   Operation 233 'alloca' 'window_V_591_2_i_loc' <Predicate = true> <Delay = 0.00>
ST_1 : Operation 234 [1/1] (0.00ns)   --->   "%window_V_293_loc = alloca i64 1"   --->   Operation 234 'alloca' 'window_V_293_loc' <Predicate = true> <Delay = 0.00>
ST_1 : Operation 235 [1/1] (0.00ns)   --->   "%window_V_294_loc = alloca i64 1"   --->   Operation 235 'alloca' 'window_V_294_loc' <Predicate = true> <Delay = 0.00>
ST_1 : Operation 236 [1/1] (0.00ns)   --->   "%window_V_594_2_i_loc = alloca i64 1"   --->   Operation 236 'alloca' 'window_V_594_2_i_loc' <Predicate = true> <Delay = 0.00>
ST_1 : Operation 237 [1/1] (0.00ns)   --->   "%window_V_595_2_i_loc = alloca i64 1"   --->   Operation 237 'alloca' 'window_V_595_2_i_loc' <Predicate = true> <Delay = 0.00>
ST_1 : Operation 238 [1/1] (0.00ns)   --->   "%window_V_297_loc = alloca i64 1"   --->   Operation 238 'alloca' 'window_V_297_loc' <Predicate = true> <Delay = 0.00>
ST_1 : Operation 239 [1/1] (0.00ns)   --->   "%window_V_597_2_i_loc = alloca i64 1"   --->   Operation 239 'alloca' 'window_V_597_2_i_loc' <Predicate = true> <Delay = 0.00>
ST_1 : Operation 240 [1/1] (0.00ns)   --->   "%window_V_298_loc = alloca i64 1"   --->   Operation 240 'alloca' 'window_V_298_loc' <Predicate = true> <Delay = 0.00>
ST_1 : Operation 241 [1/1] (0.00ns)   --->   "%window_V_299_loc = alloca i64 1"   --->   Operation 241 'alloca' 'window_V_299_loc' <Predicate = true> <Delay = 0.00>
ST_1 : Operation 242 [1/1] (0.00ns)   --->   "%window_V_600_2_i_loc = alloca i64 1"   --->   Operation 242 'alloca' 'window_V_600_2_i_loc' <Predicate = true> <Delay = 0.00>
ST_1 : Operation 243 [1/1] (0.00ns)   --->   "%window_V_300_loc = alloca i64 1"   --->   Operation 243 'alloca' 'window_V_300_loc' <Predicate = true> <Delay = 0.00>
ST_1 : Operation 244 [1/1] (0.00ns)   --->   "%window_V_301_loc = alloca i64 1"   --->   Operation 244 'alloca' 'window_V_301_loc' <Predicate = true> <Delay = 0.00>
ST_1 : Operation 245 [1/1] (0.00ns)   --->   "%window_V_603_2_i_loc = alloca i64 1"   --->   Operation 245 'alloca' 'window_V_603_2_i_loc' <Predicate = true> <Delay = 0.00>
ST_1 : Operation 246 [1/1] (0.00ns)   --->   "%window_V_604_2_i_loc = alloca i64 1"   --->   Operation 246 'alloca' 'window_V_604_2_i_loc' <Predicate = true> <Delay = 0.00>
ST_1 : Operation 247 [1/1] (0.00ns)   --->   "%window_V_304_loc = alloca i64 1"   --->   Operation 247 'alloca' 'window_V_304_loc' <Predicate = true> <Delay = 0.00>
ST_1 : Operation 248 [1/1] (0.00ns)   --->   "%window_V_606_2_i_loc = alloca i64 1"   --->   Operation 248 'alloca' 'window_V_606_2_i_loc' <Predicate = true> <Delay = 0.00>
ST_1 : Operation 249 [1/1] (0.00ns)   --->   "%window_V_305_loc = alloca i64 1"   --->   Operation 249 'alloca' 'window_V_305_loc' <Predicate = true> <Delay = 0.00>
ST_1 : Operation 250 [1/1] (0.00ns)   --->   "%window_V_306_loc = alloca i64 1"   --->   Operation 250 'alloca' 'window_V_306_loc' <Predicate = true> <Delay = 0.00>
ST_1 : Operation 251 [1/1] (0.00ns)   --->   "%window_V_609_2_i_loc = alloca i64 1"   --->   Operation 251 'alloca' 'window_V_609_2_i_loc' <Predicate = true> <Delay = 0.00>
ST_1 : Operation 252 [1/1] (0.00ns)   --->   "%window_V_307_loc = alloca i64 1"   --->   Operation 252 'alloca' 'window_V_307_loc' <Predicate = true> <Delay = 0.00>
ST_1 : Operation 253 [1/1] (0.00ns)   --->   "%window_V_308_loc = alloca i64 1"   --->   Operation 253 'alloca' 'window_V_308_loc' <Predicate = true> <Delay = 0.00>
ST_1 : Operation 254 [1/1] (0.00ns)   --->   "%window_V_612_2_i_loc = alloca i64 1"   --->   Operation 254 'alloca' 'window_V_612_2_i_loc' <Predicate = true> <Delay = 0.00>
ST_1 : Operation 255 [1/1] (0.00ns)   --->   "%window_V_613_2_i_loc = alloca i64 1"   --->   Operation 255 'alloca' 'window_V_613_2_i_loc' <Predicate = true> <Delay = 0.00>
ST_1 : Operation 256 [1/1] (0.00ns)   --->   "%window_V_311_loc = alloca i64 1"   --->   Operation 256 'alloca' 'window_V_311_loc' <Predicate = true> <Delay = 0.00>
ST_1 : Operation 257 [1/1] (0.00ns)   --->   "%window_V_615_2_i_loc = alloca i64 1"   --->   Operation 257 'alloca' 'window_V_615_2_i_loc' <Predicate = true> <Delay = 0.00>
ST_1 : Operation 258 [1/1] (0.00ns)   --->   "%window_V_312_loc = alloca i64 1"   --->   Operation 258 'alloca' 'window_V_312_loc' <Predicate = true> <Delay = 0.00>
ST_1 : Operation 259 [1/1] (0.00ns)   --->   "%window_V_313_loc = alloca i64 1"   --->   Operation 259 'alloca' 'window_V_313_loc' <Predicate = true> <Delay = 0.00>
ST_1 : Operation 260 [1/1] (0.00ns)   --->   "%window_V_618_2_i_loc = alloca i64 1"   --->   Operation 260 'alloca' 'window_V_618_2_i_loc' <Predicate = true> <Delay = 0.00>
ST_1 : Operation 261 [1/1] (0.00ns)   --->   "%window_V_314_loc = alloca i64 1"   --->   Operation 261 'alloca' 'window_V_314_loc' <Predicate = true> <Delay = 0.00>
ST_1 : Operation 262 [1/1] (0.00ns)   --->   "%window_V_315_loc = alloca i64 1"   --->   Operation 262 'alloca' 'window_V_315_loc' <Predicate = true> <Delay = 0.00>
ST_1 : Operation 263 [1/1] (0.00ns)   --->   "%window_V_621_2_i_loc = alloca i64 1"   --->   Operation 263 'alloca' 'window_V_621_2_i_loc' <Predicate = true> <Delay = 0.00>
ST_1 : Operation 264 [1/1] (0.00ns)   --->   "%window_V_622_2_i_loc = alloca i64 1"   --->   Operation 264 'alloca' 'window_V_622_2_i_loc' <Predicate = true> <Delay = 0.00>
ST_1 : Operation 265 [1/1] (0.00ns)   --->   "%window_V_318_loc = alloca i64 1"   --->   Operation 265 'alloca' 'window_V_318_loc' <Predicate = true> <Delay = 0.00>
ST_1 : Operation 266 [1/1] (0.00ns)   --->   "%window_V_624_2_i_loc = alloca i64 1"   --->   Operation 266 'alloca' 'window_V_624_2_i_loc' <Predicate = true> <Delay = 0.00>
ST_1 : Operation 267 [1/1] (0.00ns)   --->   "%window_V_319_loc = alloca i64 1"   --->   Operation 267 'alloca' 'window_V_319_loc' <Predicate = true> <Delay = 0.00>
ST_1 : Operation 268 [1/1] (0.00ns)   --->   "%window_V_320_loc = alloca i64 1"   --->   Operation 268 'alloca' 'window_V_320_loc' <Predicate = true> <Delay = 0.00>
ST_1 : Operation 269 [1/1] (0.00ns)   --->   "%window_V_627_2_i_loc = alloca i64 1"   --->   Operation 269 'alloca' 'window_V_627_2_i_loc' <Predicate = true> <Delay = 0.00>
ST_1 : Operation 270 [1/1] (0.00ns)   --->   "%window_V_321_loc = alloca i64 1"   --->   Operation 270 'alloca' 'window_V_321_loc' <Predicate = true> <Delay = 0.00>
ST_1 : Operation 271 [1/1] (0.00ns)   --->   "%window_V_322_loc = alloca i64 1"   --->   Operation 271 'alloca' 'window_V_322_loc' <Predicate = true> <Delay = 0.00>
ST_1 : Operation 272 [1/1] (0.00ns)   --->   "%window_V_630_2_i_loc = alloca i64 1"   --->   Operation 272 'alloca' 'window_V_630_2_i_loc' <Predicate = true> <Delay = 0.00>
ST_1 : Operation 273 [1/1] (0.00ns)   --->   "%window_V_631_2_i_loc = alloca i64 1"   --->   Operation 273 'alloca' 'window_V_631_2_i_loc' <Predicate = true> <Delay = 0.00>
ST_1 : Operation 274 [1/1] (0.00ns)   --->   "%window_V_325_loc = alloca i64 1"   --->   Operation 274 'alloca' 'window_V_325_loc' <Predicate = true> <Delay = 0.00>
ST_1 : Operation 275 [1/1] (0.00ns)   --->   "%window_V_633_2_i_loc = alloca i64 1"   --->   Operation 275 'alloca' 'window_V_633_2_i_loc' <Predicate = true> <Delay = 0.00>
ST_1 : Operation 276 [1/1] (0.00ns)   --->   "%window_V_326_loc = alloca i64 1"   --->   Operation 276 'alloca' 'window_V_326_loc' <Predicate = true> <Delay = 0.00>
ST_1 : Operation 277 [1/1] (0.00ns)   --->   "%window_V_327_loc = alloca i64 1"   --->   Operation 277 'alloca' 'window_V_327_loc' <Predicate = true> <Delay = 0.00>
ST_1 : Operation 278 [1/1] (0.00ns)   --->   "%window_V_636_2_i_loc = alloca i64 1"   --->   Operation 278 'alloca' 'window_V_636_2_i_loc' <Predicate = true> <Delay = 0.00>
ST_1 : Operation 279 [1/1] (0.00ns)   --->   "%window_V_328_loc = alloca i64 1"   --->   Operation 279 'alloca' 'window_V_328_loc' <Predicate = true> <Delay = 0.00>
ST_1 : Operation 280 [1/1] (0.00ns)   --->   "%window_V_329_loc = alloca i64 1"   --->   Operation 280 'alloca' 'window_V_329_loc' <Predicate = true> <Delay = 0.00>
ST_1 : Operation 281 [1/1] (0.00ns)   --->   "%window_V_639_2_i_loc = alloca i64 1"   --->   Operation 281 'alloca' 'window_V_639_2_i_loc' <Predicate = true> <Delay = 0.00>
ST_1 : Operation 282 [1/1] (0.00ns)   --->   "%window_V_640_2_i_loc = alloca i64 1"   --->   Operation 282 'alloca' 'window_V_640_2_i_loc' <Predicate = true> <Delay = 0.00>
ST_1 : Operation 283 [1/1] (0.00ns)   --->   "%window_V_332_loc = alloca i64 1"   --->   Operation 283 'alloca' 'window_V_332_loc' <Predicate = true> <Delay = 0.00>
ST_1 : Operation 284 [1/1] (0.00ns)   --->   "%window_V_642_2_i_loc = alloca i64 1"   --->   Operation 284 'alloca' 'window_V_642_2_i_loc' <Predicate = true> <Delay = 0.00>
ST_1 : Operation 285 [1/1] (0.00ns)   --->   "%window_V_333_loc = alloca i64 1"   --->   Operation 285 'alloca' 'window_V_333_loc' <Predicate = true> <Delay = 0.00>
ST_1 : Operation 286 [1/1] (0.00ns)   --->   "%window_V_334_loc = alloca i64 1"   --->   Operation 286 'alloca' 'window_V_334_loc' <Predicate = true> <Delay = 0.00>
ST_1 : Operation 287 [1/1] (0.00ns)   --->   "%window_V_645_2_i_loc = alloca i64 1"   --->   Operation 287 'alloca' 'window_V_645_2_i_loc' <Predicate = true> <Delay = 0.00>
ST_1 : Operation 288 [1/1] (0.00ns)   --->   "%window_V_335_loc = alloca i64 1"   --->   Operation 288 'alloca' 'window_V_335_loc' <Predicate = true> <Delay = 0.00>
ST_1 : Operation 289 [1/1] (0.00ns)   --->   "%window_V_336_loc = alloca i64 1"   --->   Operation 289 'alloca' 'window_V_336_loc' <Predicate = true> <Delay = 0.00>
ST_1 : Operation 290 [1/1] (0.00ns)   --->   "%window_V_648_2_i_loc = alloca i64 1"   --->   Operation 290 'alloca' 'window_V_648_2_i_loc' <Predicate = true> <Delay = 0.00>
ST_1 : Operation 291 [1/1] (0.00ns)   --->   "%window_V_649_2_i_loc = alloca i64 1"   --->   Operation 291 'alloca' 'window_V_649_2_i_loc' <Predicate = true> <Delay = 0.00>
ST_1 : Operation 292 [1/1] (0.00ns)   --->   "%window_V_226_loc = alloca i64 1"   --->   Operation 292 'alloca' 'window_V_226_loc' <Predicate = true> <Delay = 0.00>
ST_1 : Operation 293 [1/1] (0.00ns)   --->   "%window_V_651_2_i_loc = alloca i64 1"   --->   Operation 293 'alloca' 'window_V_651_2_i_loc' <Predicate = true> <Delay = 0.00>
ST_1 : Operation 294 [1/1] (0.00ns)   --->   "%window_V_227_loc = alloca i64 1"   --->   Operation 294 'alloca' 'window_V_227_loc' <Predicate = true> <Delay = 0.00>
ST_1 : Operation 295 [1/1] (0.00ns)   --->   "%window_V_228_loc = alloca i64 1"   --->   Operation 295 'alloca' 'window_V_228_loc' <Predicate = true> <Delay = 0.00>
ST_1 : Operation 296 [1/1] (0.00ns)   --->   "%window_V_654_2_i_loc = alloca i64 1"   --->   Operation 296 'alloca' 'window_V_654_2_i_loc' <Predicate = true> <Delay = 0.00>
ST_1 : Operation 297 [1/1] (0.00ns)   --->   "%window_V_229_loc = alloca i64 1"   --->   Operation 297 'alloca' 'window_V_229_loc' <Predicate = true> <Delay = 0.00>
ST_1 : Operation 298 [1/1] (0.00ns)   --->   "%window_V_230_loc = alloca i64 1"   --->   Operation 298 'alloca' 'window_V_230_loc' <Predicate = true> <Delay = 0.00>
ST_1 : Operation 299 [2/2] (0.00ns)   --->   "%call_ln0 = call void @layer_block<16, 32, 16>_Pipeline_VITIS_LOOP_31_1_VITIS_LOOP_32_2_VITIS_LOOP_33_3, i8 %void_layer_block_stream_stream_signed_char_const_16_3_3_signed_char_con_1, i8 %void_layer_block_stream_stream_signed_char_const_16_3_3_signed_char_con"   --->   Operation 299 'call' 'call_ln0' <Predicate = true> <Delay = 0.00> <CoreType = "Generic">   --->   Core 0 '' <Latency = 0> <II = 1> <Delay = 1.00> <Generic> <Opcode : >
ST_1 : Operation 300 [1/1] (0.48ns)   --->   "%store_ln37 = store i9 0, i9 %indvar_flatten20" [vgg_accelerator.cpp:37]   --->   Operation 300 'store' 'store_ln37' <Predicate = true> <Delay = 0.48>
ST_1 : Operation 301 [1/1] (0.48ns)   --->   "%store_ln37 = store i5 0, i5 %c" [vgg_accelerator.cpp:37]   --->   Operation 301 'store' 'store_ln37' <Predicate = true> <Delay = 0.48>

State 2 <SV = 1> <Delay = 0.00>
ST_2 : Operation 302 [1/1] (0.00ns)   --->   "%specinterface_ln0 = specinterface void @_ssdm_op_SpecInterface, i8 %s_conv2, void @empty_11, i32 0, i32 0, void @empty_4, i32 0, i32 0, void @empty_4, void @empty_4, void @empty_4, i32 0, i32 0, i32 0, i32 0, void @empty_4, void @empty_4, i32 4294967295, i32 0"   --->   Operation 302 'specinterface' 'specinterface_ln0' <Predicate = true> <Delay = 0.00>
ST_2 : Operation 303 [1/1] (0.00ns)   --->   "%specinterface_ln0 = specinterface void @_ssdm_op_SpecInterface, i8 %s_conv2, void @empty_11, i32 0, i32 0, void @empty_4, i32 0, i32 0, void @empty_4, void @empty_4, void @empty_4, i32 0, i32 0, i32 0, i32 0, void @empty_4, void @empty_4, i32 4294967295, i32 0"   --->   Operation 303 'specinterface' 'specinterface_ln0' <Predicate = true> <Delay = 0.00>
ST_2 : Operation 304 [1/1] (0.00ns)   --->   "%specinterface_ln0 = specinterface void @_ssdm_op_SpecInterface, i8 %s_conv2, void @empty_11, i32 0, i32 0, void @empty_4, i32 0, i32 0, void @empty_4, void @empty_4, void @empty_4, i32 0, i32 0, i32 0, i32 0, void @empty_4, void @empty_4, i32 4294967295, i32 0"   --->   Operation 304 'specinterface' 'specinterface_ln0' <Predicate = true> <Delay = 0.00>
ST_2 : Operation 305 [1/1] (0.00ns)   --->   "%specinterface_ln0 = specinterface void @_ssdm_op_SpecInterface, i8 %s_pool1, void @empty_11, i32 0, i32 0, void @empty_4, i32 0, i32 0, void @empty_4, void @empty_4, void @empty_4, i32 0, i32 0, i32 0, i32 0, void @empty_4, void @empty_4, i32 4294967295, i32 0"   --->   Operation 305 'specinterface' 'specinterface_ln0' <Predicate = true> <Delay = 0.00>
ST_2 : Operation 306 [1/1] (0.00ns)   --->   "%specinterface_ln0 = specinterface void @_ssdm_op_SpecInterface, i8 %s_pool1, void @empty_11, i32 0, i32 0, void @empty_4, i32 0, i32 0, void @empty_4, void @empty_4, void @empty_4, i32 0, i32 0, i32 0, i32 0, void @empty_4, void @empty_4, i32 4294967295, i32 0"   --->   Operation 306 'specinterface' 'specinterface_ln0' <Predicate = true> <Delay = 0.00>
ST_2 : Operation 307 [1/1] (0.00ns)   --->   "%specinterface_ln0 = specinterface void @_ssdm_op_SpecInterface, i8 %s_pool1, void @empty_11, i32 0, i32 0, void @empty_4, i32 0, i32 0, void @empty_4, void @empty_4, void @empty_4, i32 0, i32 0, i32 0, i32 0, void @empty_4, void @empty_4, i32 4294967295, i32 0"   --->   Operation 307 'specinterface' 'specinterface_ln0' <Predicate = true> <Delay = 0.00>
ST_2 : Operation 308 [1/1] (0.00ns)   --->   "%specinterface_ln0 = specinterface void @_ssdm_op_SpecInterface, i8 %s_conv2, void @empty_11, i32 0, i32 0, void @empty_4, i32 0, i32 0, void @empty_4, void @empty_4, void @empty_4, i32 0, i32 0, i32 0, i32 0, void @empty_4, void @empty_4, i32 4294967295, i32 0"   --->   Operation 308 'specinterface' 'specinterface_ln0' <Predicate = true> <Delay = 0.00>
ST_2 : Operation 309 [1/1] (0.00ns)   --->   "%specinterface_ln0 = specinterface void @_ssdm_op_SpecInterface, i8 %s_pool1, void @empty_11, i32 0, i32 0, void @empty_4, i32 0, i32 0, void @empty_4, void @empty_4, void @empty_4, i32 0, i32 0, i32 0, i32 0, void @empty_4, void @empty_4, i32 4294967295, i32 0"   --->   Operation 309 'specinterface' 'specinterface_ln0' <Predicate = true> <Delay = 0.00>
ST_2 : Operation 310 [1/2] (0.00ns)   --->   "%call_ln0 = call void @layer_block<16, 32, 16>_Pipeline_VITIS_LOOP_31_1_VITIS_LOOP_32_2_VITIS_LOOP_33_3, i8 %void_layer_block_stream_stream_signed_char_const_16_3_3_signed_char_con_1, i8 %void_layer_block_stream_stream_signed_char_const_16_3_3_signed_char_con"   --->   Operation 310 'call' 'call_ln0' <Predicate = true> <Delay = 0.00> <CoreType = "Generic">   --->   Core 0 '' <Latency = 0> <II = 1> <Delay = 1.00> <Generic> <Opcode : >
ST_2 : Operation 311 [1/1] (0.00ns)   --->   "%br_ln37 = br void %VITIS_LOOP_40_6.i" [vgg_accelerator.cpp:37]   --->   Operation 311 'br' 'br_ln37' <Predicate = true> <Delay = 0.00>

State 3 <SV = 2> <Delay = 3.61>
ST_3 : Operation 312 [1/1] (0.00ns)   --->   "%indvar_flatten20_load = load i9 %indvar_flatten20" [vgg_accelerator.cpp:36]   --->   Operation 312 'load' 'indvar_flatten20_load' <Predicate = true> <Delay = 0.00>
ST_3 : Operation 313 [1/1] (0.85ns)   --->   "%icmp_ln36 = icmp_eq  i9 %indvar_flatten20_load, i9 256" [vgg_accelerator.cpp:36]   --->   Operation 313 'icmp' 'icmp_ln36' <Predicate = true> <Delay = 0.85> <CoreInst = "Cmp">   --->   Core 9 'Cmp' <Latency = 0> <II = 1> <Delay = 0.85> <FuncUnit> <Opcode : 'icmp'> <InPorts = 2> <OutPorts = 1>
ST_3 : Operation 314 [1/1] (0.92ns)   --->   "%add_ln36 = add i9 %indvar_flatten20_load, i9 1" [vgg_accelerator.cpp:36]   --->   Operation 314 'add' 'add_ln36' <Predicate = true> <Delay = 0.92> <CoreInst = "Adder">   --->   Core 1 'Adder' <Latency = 0> <II = 1> <Delay = 0.92> <FuncUnit> <Opcode : 'add' 'sub'> <InPorts = 2> <OutPorts = 1>
ST_3 : Operation 315 [1/1] (0.00ns)   --->   "%br_ln36 = br i1 %icmp_ln36, void %for.inc205.i, void %layer_block<16, 32, 16>.exit" [vgg_accelerator.cpp:36]   --->   Operation 315 'br' 'br_ln36' <Predicate = true> <Delay = 0.00>
ST_3 : Operation 316 [1/1] (0.00ns)   --->   "%c_load = load i5 %c" [vgg_accelerator.cpp:37]   --->   Operation 316 'load' 'c_load' <Predicate = (!icmp_ln36)> <Delay = 0.00>
ST_3 : Operation 317 [1/1] (0.00ns)   --->   "%window_V_1_i_load = load i8 %window_V_1_i"   --->   Operation 317 'load' 'window_V_1_i_load' <Predicate = (!icmp_ln36)> <Delay = 0.00>
ST_3 : Operation 318 [1/1] (0.00ns)   --->   "%window_V_514_1_i_load = load i8 %window_V_514_1_i"   --->   Operation 318 'load' 'window_V_514_1_i_load' <Predicate = (!icmp_ln36)> <Delay = 0.00>
ST_3 : Operation 319 [1/1] (0.00ns)   --->   "%window_V_515_1_i_load = load i8 %window_V_515_1_i"   --->   Operation 319 'load' 'window_V_515_1_i_load' <Predicate = (!icmp_ln36)> <Delay = 0.00>
ST_3 : Operation 320 [1/1] (0.00ns)   --->   "%window_V_516_1_i_load = load i8 %window_V_516_1_i"   --->   Operation 320 'load' 'window_V_516_1_i_load' <Predicate = (!icmp_ln36)> <Delay = 0.00>
ST_3 : Operation 321 [1/1] (0.00ns)   --->   "%window_V_517_1_i_load = load i8 %window_V_517_1_i"   --->   Operation 321 'load' 'window_V_517_1_i_load' <Predicate = (!icmp_ln36)> <Delay = 0.00>
ST_3 : Operation 322 [1/1] (0.00ns)   --->   "%window_V_518_1_i_load = load i8 %window_V_518_1_i"   --->   Operation 322 'load' 'window_V_518_1_i_load' <Predicate = (!icmp_ln36)> <Delay = 0.00>
ST_3 : Operation 323 [1/1] (0.00ns)   --->   "%window_V_519_1_i_load = load i8 %window_V_519_1_i"   --->   Operation 323 'load' 'window_V_519_1_i_load' <Predicate = (!icmp_ln36)> <Delay = 0.00>
ST_3 : Operation 324 [1/1] (0.00ns)   --->   "%window_V_520_1_i_load = load i8 %window_V_520_1_i"   --->   Operation 324 'load' 'window_V_520_1_i_load' <Predicate = (!icmp_ln36)> <Delay = 0.00>
ST_3 : Operation 325 [1/1] (0.00ns)   --->   "%window_V_521_1_i_load = load i8 %window_V_521_1_i"   --->   Operation 325 'load' 'window_V_521_1_i_load' <Predicate = (!icmp_ln36)> <Delay = 0.00>
ST_3 : Operation 326 [1/1] (0.00ns)   --->   "%window_V_522_1_i_load = load i8 %window_V_522_1_i"   --->   Operation 326 'load' 'window_V_522_1_i_load' <Predicate = (!icmp_ln36)> <Delay = 0.00>
ST_3 : Operation 327 [1/1] (0.00ns)   --->   "%window_V_523_1_i_load = load i8 %window_V_523_1_i"   --->   Operation 327 'load' 'window_V_523_1_i_load' <Predicate = (!icmp_ln36)> <Delay = 0.00>
ST_3 : Operation 328 [1/1] (0.00ns)   --->   "%window_V_524_1_i_load = load i8 %window_V_524_1_i"   --->   Operation 328 'load' 'window_V_524_1_i_load' <Predicate = (!icmp_ln36)> <Delay = 0.00>
ST_3 : Operation 329 [1/1] (0.00ns)   --->   "%window_V_525_1_i_load = load i8 %window_V_525_1_i"   --->   Operation 329 'load' 'window_V_525_1_i_load' <Predicate = (!icmp_ln36)> <Delay = 0.00>
ST_3 : Operation 330 [1/1] (0.00ns)   --->   "%window_V_526_1_i_load = load i8 %window_V_526_1_i"   --->   Operation 330 'load' 'window_V_526_1_i_load' <Predicate = (!icmp_ln36)> <Delay = 0.00>
ST_3 : Operation 331 [1/1] (0.00ns)   --->   "%window_V_527_1_i_load = load i8 %window_V_527_1_i"   --->   Operation 331 'load' 'window_V_527_1_i_load' <Predicate = (!icmp_ln36)> <Delay = 0.00>
ST_3 : Operation 332 [1/1] (0.00ns)   --->   "%window_V_528_1_i_load = load i8 %window_V_528_1_i"   --->   Operation 332 'load' 'window_V_528_1_i_load' <Predicate = (!icmp_ln36)> <Delay = 0.00>
ST_3 : Operation 333 [1/1] (0.00ns)   --->   "%window_V_529_1_i_load = load i8 %window_V_529_1_i"   --->   Operation 333 'load' 'window_V_529_1_i_load' <Predicate = (!icmp_ln36)> <Delay = 0.00>
ST_3 : Operation 334 [1/1] (0.00ns)   --->   "%window_V_530_1_i_load = load i8 %window_V_530_1_i"   --->   Operation 334 'load' 'window_V_530_1_i_load' <Predicate = (!icmp_ln36)> <Delay = 0.00>
ST_3 : Operation 335 [1/1] (0.00ns)   --->   "%window_V_531_1_i_load = load i8 %window_V_531_1_i"   --->   Operation 335 'load' 'window_V_531_1_i_load' <Predicate = (!icmp_ln36)> <Delay = 0.00>
ST_3 : Operation 336 [1/1] (0.00ns)   --->   "%window_V_532_1_i_load = load i8 %window_V_532_1_i"   --->   Operation 336 'load' 'window_V_532_1_i_load' <Predicate = (!icmp_ln36)> <Delay = 0.00>
ST_3 : Operation 337 [1/1] (0.00ns)   --->   "%window_V_533_1_i_load = load i8 %window_V_533_1_i"   --->   Operation 337 'load' 'window_V_533_1_i_load' <Predicate = (!icmp_ln36)> <Delay = 0.00>
ST_3 : Operation 338 [1/1] (0.00ns)   --->   "%window_V_534_1_i_load = load i8 %window_V_534_1_i"   --->   Operation 338 'load' 'window_V_534_1_i_load' <Predicate = (!icmp_ln36)> <Delay = 0.00>
ST_3 : Operation 339 [1/1] (0.00ns)   --->   "%window_V_535_1_i_load = load i8 %window_V_535_1_i"   --->   Operation 339 'load' 'window_V_535_1_i_load' <Predicate = (!icmp_ln36)> <Delay = 0.00>
ST_3 : Operation 340 [1/1] (0.00ns)   --->   "%window_V_536_1_i_load = load i8 %window_V_536_1_i"   --->   Operation 340 'load' 'window_V_536_1_i_load' <Predicate = (!icmp_ln36)> <Delay = 0.00>
ST_3 : Operation 341 [1/1] (0.00ns)   --->   "%window_V_537_1_i_load = load i8 %window_V_537_1_i"   --->   Operation 341 'load' 'window_V_537_1_i_load' <Predicate = (!icmp_ln36)> <Delay = 0.00>
ST_3 : Operation 342 [1/1] (0.00ns)   --->   "%window_V_538_1_i_load = load i8 %window_V_538_1_i"   --->   Operation 342 'load' 'window_V_538_1_i_load' <Predicate = (!icmp_ln36)> <Delay = 0.00>
ST_3 : Operation 343 [1/1] (0.00ns)   --->   "%window_V_539_1_i_load = load i8 %window_V_539_1_i"   --->   Operation 343 'load' 'window_V_539_1_i_load' <Predicate = (!icmp_ln36)> <Delay = 0.00>
ST_3 : Operation 344 [1/1] (0.00ns)   --->   "%window_V_540_1_i_load = load i8 %window_V_540_1_i"   --->   Operation 344 'load' 'window_V_540_1_i_load' <Predicate = (!icmp_ln36)> <Delay = 0.00>
ST_3 : Operation 345 [1/1] (0.00ns)   --->   "%window_V_541_1_i_load = load i8 %window_V_541_1_i"   --->   Operation 345 'load' 'window_V_541_1_i_load' <Predicate = (!icmp_ln36)> <Delay = 0.00>
ST_3 : Operation 346 [1/1] (0.00ns)   --->   "%window_V_542_1_i_load = load i8 %window_V_542_1_i"   --->   Operation 346 'load' 'window_V_542_1_i_load' <Predicate = (!icmp_ln36)> <Delay = 0.00>
ST_3 : Operation 347 [1/1] (0.00ns)   --->   "%window_V_543_1_i_load = load i8 %window_V_543_1_i"   --->   Operation 347 'load' 'window_V_543_1_i_load' <Predicate = (!icmp_ln36)> <Delay = 0.00>
ST_3 : Operation 348 [1/1] (0.00ns)   --->   "%window_V_544_1_i_load = load i8 %window_V_544_1_i"   --->   Operation 348 'load' 'window_V_544_1_i_load' <Predicate = (!icmp_ln36)> <Delay = 0.00>
ST_3 : Operation 349 [1/1] (0.00ns)   --->   "%window_V_545_1_i_load = load i8 %window_V_545_1_i"   --->   Operation 349 'load' 'window_V_545_1_i_load' <Predicate = (!icmp_ln36)> <Delay = 0.00>
ST_3 : Operation 350 [1/1] (0.00ns)   --->   "%window_V_546_1_i_load = load i8 %window_V_546_1_i"   --->   Operation 350 'load' 'window_V_546_1_i_load' <Predicate = (!icmp_ln36)> <Delay = 0.00>
ST_3 : Operation 351 [1/1] (0.00ns)   --->   "%window_V_547_1_i_load = load i8 %window_V_547_1_i"   --->   Operation 351 'load' 'window_V_547_1_i_load' <Predicate = (!icmp_ln36)> <Delay = 0.00>
ST_3 : Operation 352 [1/1] (0.00ns)   --->   "%window_V_548_1_i_load = load i8 %window_V_548_1_i"   --->   Operation 352 'load' 'window_V_548_1_i_load' <Predicate = (!icmp_ln36)> <Delay = 0.00>
ST_3 : Operation 353 [1/1] (0.00ns)   --->   "%window_V_549_1_i_load = load i8 %window_V_549_1_i"   --->   Operation 353 'load' 'window_V_549_1_i_load' <Predicate = (!icmp_ln36)> <Delay = 0.00>
ST_3 : Operation 354 [1/1] (0.00ns)   --->   "%window_V_550_1_i_load = load i8 %window_V_550_1_i"   --->   Operation 354 'load' 'window_V_550_1_i_load' <Predicate = (!icmp_ln36)> <Delay = 0.00>
ST_3 : Operation 355 [1/1] (0.00ns)   --->   "%window_V_551_1_i_load = load i8 %window_V_551_1_i"   --->   Operation 355 'load' 'window_V_551_1_i_load' <Predicate = (!icmp_ln36)> <Delay = 0.00>
ST_3 : Operation 356 [1/1] (0.00ns)   --->   "%window_V_552_1_i_load = load i8 %window_V_552_1_i"   --->   Operation 356 'load' 'window_V_552_1_i_load' <Predicate = (!icmp_ln36)> <Delay = 0.00>
ST_3 : Operation 357 [1/1] (0.00ns)   --->   "%window_V_553_1_i_load = load i8 %window_V_553_1_i"   --->   Operation 357 'load' 'window_V_553_1_i_load' <Predicate = (!icmp_ln36)> <Delay = 0.00>
ST_3 : Operation 358 [1/1] (0.00ns)   --->   "%window_V_554_1_i_load = load i8 %window_V_554_1_i"   --->   Operation 358 'load' 'window_V_554_1_i_load' <Predicate = (!icmp_ln36)> <Delay = 0.00>
ST_3 : Operation 359 [1/1] (0.00ns)   --->   "%window_V_555_1_i_load = load i8 %window_V_555_1_i"   --->   Operation 359 'load' 'window_V_555_1_i_load' <Predicate = (!icmp_ln36)> <Delay = 0.00>
ST_3 : Operation 360 [1/1] (0.00ns)   --->   "%window_V_556_1_i_load = load i8 %window_V_556_1_i"   --->   Operation 360 'load' 'window_V_556_1_i_load' <Predicate = (!icmp_ln36)> <Delay = 0.00>
ST_3 : Operation 361 [1/1] (0.00ns)   --->   "%window_V_557_1_i_load = load i8 %window_V_557_1_i"   --->   Operation 361 'load' 'window_V_557_1_i_load' <Predicate = (!icmp_ln36)> <Delay = 0.00>
ST_3 : Operation 362 [1/1] (0.00ns)   --->   "%window_V_558_1_i_load = load i8 %window_V_558_1_i"   --->   Operation 362 'load' 'window_V_558_1_i_load' <Predicate = (!icmp_ln36)> <Delay = 0.00>
ST_3 : Operation 363 [1/1] (0.00ns)   --->   "%window_V_559_1_i_load = load i8 %window_V_559_1_i"   --->   Operation 363 'load' 'window_V_559_1_i_load' <Predicate = (!icmp_ln36)> <Delay = 0.00>
ST_3 : Operation 364 [1/1] (0.00ns)   --->   "%window_V_560_1_i_load = load i8 %window_V_560_1_i"   --->   Operation 364 'load' 'window_V_560_1_i_load' <Predicate = (!icmp_ln36)> <Delay = 0.00>
ST_3 : Operation 365 [1/1] (0.00ns)   --->   "%window_V_561_1_i_load = load i8 %window_V_561_1_i"   --->   Operation 365 'load' 'window_V_561_1_i_load' <Predicate = (!icmp_ln36)> <Delay = 0.00>
ST_3 : Operation 366 [1/1] (0.00ns)   --->   "%window_V_562_1_i_load = load i8 %window_V_562_1_i"   --->   Operation 366 'load' 'window_V_562_1_i_load' <Predicate = (!icmp_ln36)> <Delay = 0.00>
ST_3 : Operation 367 [1/1] (0.00ns)   --->   "%window_V_563_1_i_load = load i8 %window_V_563_1_i"   --->   Operation 367 'load' 'window_V_563_1_i_load' <Predicate = (!icmp_ln36)> <Delay = 0.00>
ST_3 : Operation 368 [1/1] (0.00ns)   --->   "%window_V_564_1_i_load = load i8 %window_V_564_1_i"   --->   Operation 368 'load' 'window_V_564_1_i_load' <Predicate = (!icmp_ln36)> <Delay = 0.00>
ST_3 : Operation 369 [1/1] (0.00ns)   --->   "%window_V_565_1_i_load = load i8 %window_V_565_1_i"   --->   Operation 369 'load' 'window_V_565_1_i_load' <Predicate = (!icmp_ln36)> <Delay = 0.00>
ST_3 : Operation 370 [1/1] (0.00ns)   --->   "%window_V_566_1_i_load = load i8 %window_V_566_1_i"   --->   Operation 370 'load' 'window_V_566_1_i_load' <Predicate = (!icmp_ln36)> <Delay = 0.00>
ST_3 : Operation 371 [1/1] (0.00ns)   --->   "%window_V_567_1_i_load = load i8 %window_V_567_1_i"   --->   Operation 371 'load' 'window_V_567_1_i_load' <Predicate = (!icmp_ln36)> <Delay = 0.00>
ST_3 : Operation 372 [1/1] (0.00ns)   --->   "%window_V_568_1_i_load = load i8 %window_V_568_1_i"   --->   Operation 372 'load' 'window_V_568_1_i_load' <Predicate = (!icmp_ln36)> <Delay = 0.00>
ST_3 : Operation 373 [1/1] (0.00ns)   --->   "%window_V_569_1_i_load = load i8 %window_V_569_1_i"   --->   Operation 373 'load' 'window_V_569_1_i_load' <Predicate = (!icmp_ln36)> <Delay = 0.00>
ST_3 : Operation 374 [1/1] (0.00ns)   --->   "%window_V_570_1_i_load = load i8 %window_V_570_1_i"   --->   Operation 374 'load' 'window_V_570_1_i_load' <Predicate = (!icmp_ln36)> <Delay = 0.00>
ST_3 : Operation 375 [1/1] (0.00ns)   --->   "%window_V_571_1_i_load = load i8 %window_V_571_1_i"   --->   Operation 375 'load' 'window_V_571_1_i_load' <Predicate = (!icmp_ln36)> <Delay = 0.00>
ST_3 : Operation 376 [1/1] (0.00ns)   --->   "%window_V_572_1_i_load = load i8 %window_V_572_1_i"   --->   Operation 376 'load' 'window_V_572_1_i_load' <Predicate = (!icmp_ln36)> <Delay = 0.00>
ST_3 : Operation 377 [1/1] (0.00ns)   --->   "%window_V_573_1_i_load = load i8 %window_V_573_1_i"   --->   Operation 377 'load' 'window_V_573_1_i_load' <Predicate = (!icmp_ln36)> <Delay = 0.00>
ST_3 : Operation 378 [1/1] (0.00ns)   --->   "%window_V_574_1_i_load = load i8 %window_V_574_1_i"   --->   Operation 378 'load' 'window_V_574_1_i_load' <Predicate = (!icmp_ln36)> <Delay = 0.00>
ST_3 : Operation 379 [1/1] (0.00ns)   --->   "%window_V_575_1_i_load = load i8 %window_V_575_1_i"   --->   Operation 379 'load' 'window_V_575_1_i_load' <Predicate = (!icmp_ln36)> <Delay = 0.00>
ST_3 : Operation 380 [1/1] (0.00ns)   --->   "%window_V_576_1_i_load = load i8 %window_V_576_1_i"   --->   Operation 380 'load' 'window_V_576_1_i_load' <Predicate = (!icmp_ln36)> <Delay = 0.00>
ST_3 : Operation 381 [1/1] (0.00ns)   --->   "%window_V_577_1_i_load = load i8 %window_V_577_1_i"   --->   Operation 381 'load' 'window_V_577_1_i_load' <Predicate = (!icmp_ln36)> <Delay = 0.00>
ST_3 : Operation 382 [1/1] (0.00ns)   --->   "%window_V_578_1_i_load = load i8 %window_V_578_1_i"   --->   Operation 382 'load' 'window_V_578_1_i_load' <Predicate = (!icmp_ln36)> <Delay = 0.00>
ST_3 : Operation 383 [1/1] (0.00ns)   --->   "%window_V_579_1_i_load = load i8 %window_V_579_1_i"   --->   Operation 383 'load' 'window_V_579_1_i_load' <Predicate = (!icmp_ln36)> <Delay = 0.00>
ST_3 : Operation 384 [1/1] (0.00ns)   --->   "%window_V_580_1_i_load = load i8 %window_V_580_1_i"   --->   Operation 384 'load' 'window_V_580_1_i_load' <Predicate = (!icmp_ln36)> <Delay = 0.00>
ST_3 : Operation 385 [1/1] (0.00ns)   --->   "%window_V_581_1_i_load = load i8 %window_V_581_1_i"   --->   Operation 385 'load' 'window_V_581_1_i_load' <Predicate = (!icmp_ln36)> <Delay = 0.00>
ST_3 : Operation 386 [1/1] (0.00ns)   --->   "%window_V_582_1_i_load = load i8 %window_V_582_1_i"   --->   Operation 386 'load' 'window_V_582_1_i_load' <Predicate = (!icmp_ln36)> <Delay = 0.00>
ST_3 : Operation 387 [1/1] (0.00ns)   --->   "%window_V_583_1_i_load = load i8 %window_V_583_1_i"   --->   Operation 387 'load' 'window_V_583_1_i_load' <Predicate = (!icmp_ln36)> <Delay = 0.00>
ST_3 : Operation 388 [1/1] (0.00ns)   --->   "%window_V_584_1_i_load = load i8 %window_V_584_1_i"   --->   Operation 388 'load' 'window_V_584_1_i_load' <Predicate = (!icmp_ln36)> <Delay = 0.00>
ST_3 : Operation 389 [1/1] (0.00ns)   --->   "%window_V_585_1_i_load = load i8 %window_V_585_1_i"   --->   Operation 389 'load' 'window_V_585_1_i_load' <Predicate = (!icmp_ln36)> <Delay = 0.00>
ST_3 : Operation 390 [1/1] (0.00ns)   --->   "%window_V_586_1_i_load = load i8 %window_V_586_1_i"   --->   Operation 390 'load' 'window_V_586_1_i_load' <Predicate = (!icmp_ln36)> <Delay = 0.00>
ST_3 : Operation 391 [1/1] (0.00ns)   --->   "%window_V_587_1_i_load = load i8 %window_V_587_1_i"   --->   Operation 391 'load' 'window_V_587_1_i_load' <Predicate = (!icmp_ln36)> <Delay = 0.00>
ST_3 : Operation 392 [1/1] (0.00ns)   --->   "%window_V_588_1_i_load = load i8 %window_V_588_1_i"   --->   Operation 392 'load' 'window_V_588_1_i_load' <Predicate = (!icmp_ln36)> <Delay = 0.00>
ST_3 : Operation 393 [1/1] (0.00ns)   --->   "%window_V_589_1_i_load = load i8 %window_V_589_1_i"   --->   Operation 393 'load' 'window_V_589_1_i_load' <Predicate = (!icmp_ln36)> <Delay = 0.00>
ST_3 : Operation 394 [1/1] (0.00ns)   --->   "%window_V_590_1_i_load = load i8 %window_V_590_1_i"   --->   Operation 394 'load' 'window_V_590_1_i_load' <Predicate = (!icmp_ln36)> <Delay = 0.00>
ST_3 : Operation 395 [1/1] (0.00ns)   --->   "%window_V_591_1_i_load = load i8 %window_V_591_1_i"   --->   Operation 395 'load' 'window_V_591_1_i_load' <Predicate = (!icmp_ln36)> <Delay = 0.00>
ST_3 : Operation 396 [1/1] (0.00ns)   --->   "%window_V_592_1_i_load = load i8 %window_V_592_1_i"   --->   Operation 396 'load' 'window_V_592_1_i_load' <Predicate = (!icmp_ln36)> <Delay = 0.00>
ST_3 : Operation 397 [1/1] (0.00ns)   --->   "%window_V_593_1_i_load = load i8 %window_V_593_1_i"   --->   Operation 397 'load' 'window_V_593_1_i_load' <Predicate = (!icmp_ln36)> <Delay = 0.00>
ST_3 : Operation 398 [1/1] (0.00ns)   --->   "%window_V_594_1_i_load = load i8 %window_V_594_1_i"   --->   Operation 398 'load' 'window_V_594_1_i_load' <Predicate = (!icmp_ln36)> <Delay = 0.00>
ST_3 : Operation 399 [1/1] (0.00ns)   --->   "%window_V_595_1_i_load = load i8 %window_V_595_1_i"   --->   Operation 399 'load' 'window_V_595_1_i_load' <Predicate = (!icmp_ln36)> <Delay = 0.00>
ST_3 : Operation 400 [1/1] (0.00ns)   --->   "%window_V_596_1_i_load = load i8 %window_V_596_1_i"   --->   Operation 400 'load' 'window_V_596_1_i_load' <Predicate = (!icmp_ln36)> <Delay = 0.00>
ST_3 : Operation 401 [1/1] (0.00ns)   --->   "%window_V_597_1_i_load = load i8 %window_V_597_1_i"   --->   Operation 401 'load' 'window_V_597_1_i_load' <Predicate = (!icmp_ln36)> <Delay = 0.00>
ST_3 : Operation 402 [1/1] (0.00ns)   --->   "%window_V_598_1_i_load = load i8 %window_V_598_1_i"   --->   Operation 402 'load' 'window_V_598_1_i_load' <Predicate = (!icmp_ln36)> <Delay = 0.00>
ST_3 : Operation 403 [1/1] (0.00ns)   --->   "%window_V_599_1_i_load = load i8 %window_V_599_1_i"   --->   Operation 403 'load' 'window_V_599_1_i_load' <Predicate = (!icmp_ln36)> <Delay = 0.00>
ST_3 : Operation 404 [1/1] (0.00ns)   --->   "%window_V_600_1_i_load = load i8 %window_V_600_1_i"   --->   Operation 404 'load' 'window_V_600_1_i_load' <Predicate = (!icmp_ln36)> <Delay = 0.00>
ST_3 : Operation 405 [1/1] (0.00ns)   --->   "%window_V_601_1_i_load = load i8 %window_V_601_1_i"   --->   Operation 405 'load' 'window_V_601_1_i_load' <Predicate = (!icmp_ln36)> <Delay = 0.00>
ST_3 : Operation 406 [1/1] (0.00ns)   --->   "%window_V_602_1_i_load = load i8 %window_V_602_1_i"   --->   Operation 406 'load' 'window_V_602_1_i_load' <Predicate = (!icmp_ln36)> <Delay = 0.00>
ST_3 : Operation 407 [1/1] (0.00ns)   --->   "%window_V_603_1_i_load = load i8 %window_V_603_1_i"   --->   Operation 407 'load' 'window_V_603_1_i_load' <Predicate = (!icmp_ln36)> <Delay = 0.00>
ST_3 : Operation 408 [1/1] (0.00ns)   --->   "%window_V_604_1_i_load = load i8 %window_V_604_1_i"   --->   Operation 408 'load' 'window_V_604_1_i_load' <Predicate = (!icmp_ln36)> <Delay = 0.00>
ST_3 : Operation 409 [1/1] (0.00ns)   --->   "%window_V_605_1_i_load = load i8 %window_V_605_1_i"   --->   Operation 409 'load' 'window_V_605_1_i_load' <Predicate = (!icmp_ln36)> <Delay = 0.00>
ST_3 : Operation 410 [1/1] (0.00ns)   --->   "%window_V_606_1_i_load = load i8 %window_V_606_1_i"   --->   Operation 410 'load' 'window_V_606_1_i_load' <Predicate = (!icmp_ln36)> <Delay = 0.00>
ST_3 : Operation 411 [1/1] (0.00ns)   --->   "%window_V_607_1_i_load = load i8 %window_V_607_1_i"   --->   Operation 411 'load' 'window_V_607_1_i_load' <Predicate = (!icmp_ln36)> <Delay = 0.00>
ST_3 : Operation 412 [1/1] (0.00ns)   --->   "%window_V_608_1_i_load = load i8 %window_V_608_1_i"   --->   Operation 412 'load' 'window_V_608_1_i_load' <Predicate = (!icmp_ln36)> <Delay = 0.00>
ST_3 : Operation 413 [1/1] (0.00ns)   --->   "%window_V_609_1_i_load = load i8 %window_V_609_1_i"   --->   Operation 413 'load' 'window_V_609_1_i_load' <Predicate = (!icmp_ln36)> <Delay = 0.00>
ST_3 : Operation 414 [1/1] (0.00ns)   --->   "%window_V_610_1_i_load = load i8 %window_V_610_1_i"   --->   Operation 414 'load' 'window_V_610_1_i_load' <Predicate = (!icmp_ln36)> <Delay = 0.00>
ST_3 : Operation 415 [1/1] (0.00ns)   --->   "%window_V_611_1_i_load = load i8 %window_V_611_1_i"   --->   Operation 415 'load' 'window_V_611_1_i_load' <Predicate = (!icmp_ln36)> <Delay = 0.00>
ST_3 : Operation 416 [1/1] (0.00ns)   --->   "%window_V_612_1_i_load = load i8 %window_V_612_1_i"   --->   Operation 416 'load' 'window_V_612_1_i_load' <Predicate = (!icmp_ln36)> <Delay = 0.00>
ST_3 : Operation 417 [1/1] (0.00ns)   --->   "%window_V_613_1_i_load = load i8 %window_V_613_1_i"   --->   Operation 417 'load' 'window_V_613_1_i_load' <Predicate = (!icmp_ln36)> <Delay = 0.00>
ST_3 : Operation 418 [1/1] (0.00ns)   --->   "%window_V_614_1_i_load = load i8 %window_V_614_1_i"   --->   Operation 418 'load' 'window_V_614_1_i_load' <Predicate = (!icmp_ln36)> <Delay = 0.00>
ST_3 : Operation 419 [1/1] (0.00ns)   --->   "%window_V_615_1_i_load = load i8 %window_V_615_1_i"   --->   Operation 419 'load' 'window_V_615_1_i_load' <Predicate = (!icmp_ln36)> <Delay = 0.00>
ST_3 : Operation 420 [1/1] (0.00ns)   --->   "%window_V_616_1_i_load = load i8 %window_V_616_1_i"   --->   Operation 420 'load' 'window_V_616_1_i_load' <Predicate = (!icmp_ln36)> <Delay = 0.00>
ST_3 : Operation 421 [1/1] (0.00ns)   --->   "%window_V_617_1_i_load = load i8 %window_V_617_1_i"   --->   Operation 421 'load' 'window_V_617_1_i_load' <Predicate = (!icmp_ln36)> <Delay = 0.00>
ST_3 : Operation 422 [1/1] (0.00ns)   --->   "%window_V_618_1_i_load = load i8 %window_V_618_1_i"   --->   Operation 422 'load' 'window_V_618_1_i_load' <Predicate = (!icmp_ln36)> <Delay = 0.00>
ST_3 : Operation 423 [1/1] (0.00ns)   --->   "%window_V_619_1_i_load = load i8 %window_V_619_1_i"   --->   Operation 423 'load' 'window_V_619_1_i_load' <Predicate = (!icmp_ln36)> <Delay = 0.00>
ST_3 : Operation 424 [1/1] (0.00ns)   --->   "%window_V_620_1_i_load = load i8 %window_V_620_1_i"   --->   Operation 424 'load' 'window_V_620_1_i_load' <Predicate = (!icmp_ln36)> <Delay = 0.00>
ST_3 : Operation 425 [1/1] (0.00ns)   --->   "%window_V_621_1_i_load = load i8 %window_V_621_1_i"   --->   Operation 425 'load' 'window_V_621_1_i_load' <Predicate = (!icmp_ln36)> <Delay = 0.00>
ST_3 : Operation 426 [1/1] (0.00ns)   --->   "%window_V_622_1_i_load = load i8 %window_V_622_1_i"   --->   Operation 426 'load' 'window_V_622_1_i_load' <Predicate = (!icmp_ln36)> <Delay = 0.00>
ST_3 : Operation 427 [1/1] (0.00ns)   --->   "%window_V_623_1_i_load = load i8 %window_V_623_1_i"   --->   Operation 427 'load' 'window_V_623_1_i_load' <Predicate = (!icmp_ln36)> <Delay = 0.00>
ST_3 : Operation 428 [1/1] (0.00ns)   --->   "%window_V_624_1_i_load = load i8 %window_V_624_1_i"   --->   Operation 428 'load' 'window_V_624_1_i_load' <Predicate = (!icmp_ln36)> <Delay = 0.00>
ST_3 : Operation 429 [1/1] (0.00ns)   --->   "%window_V_625_1_i_load = load i8 %window_V_625_1_i"   --->   Operation 429 'load' 'window_V_625_1_i_load' <Predicate = (!icmp_ln36)> <Delay = 0.00>
ST_3 : Operation 430 [1/1] (0.00ns)   --->   "%window_V_626_1_i_load = load i8 %window_V_626_1_i"   --->   Operation 430 'load' 'window_V_626_1_i_load' <Predicate = (!icmp_ln36)> <Delay = 0.00>
ST_3 : Operation 431 [1/1] (0.00ns)   --->   "%window_V_627_1_i_load = load i8 %window_V_627_1_i"   --->   Operation 431 'load' 'window_V_627_1_i_load' <Predicate = (!icmp_ln36)> <Delay = 0.00>
ST_3 : Operation 432 [1/1] (0.00ns)   --->   "%window_V_628_1_i_load = load i8 %window_V_628_1_i"   --->   Operation 432 'load' 'window_V_628_1_i_load' <Predicate = (!icmp_ln36)> <Delay = 0.00>
ST_3 : Operation 433 [1/1] (0.00ns)   --->   "%window_V_629_1_i_load = load i8 %window_V_629_1_i"   --->   Operation 433 'load' 'window_V_629_1_i_load' <Predicate = (!icmp_ln36)> <Delay = 0.00>
ST_3 : Operation 434 [1/1] (0.00ns)   --->   "%window_V_630_1_i_load = load i8 %window_V_630_1_i"   --->   Operation 434 'load' 'window_V_630_1_i_load' <Predicate = (!icmp_ln36)> <Delay = 0.00>
ST_3 : Operation 435 [1/1] (0.00ns)   --->   "%window_V_631_1_i_load = load i8 %window_V_631_1_i"   --->   Operation 435 'load' 'window_V_631_1_i_load' <Predicate = (!icmp_ln36)> <Delay = 0.00>
ST_3 : Operation 436 [1/1] (0.00ns)   --->   "%window_V_632_1_i_load = load i8 %window_V_632_1_i"   --->   Operation 436 'load' 'window_V_632_1_i_load' <Predicate = (!icmp_ln36)> <Delay = 0.00>
ST_3 : Operation 437 [1/1] (0.00ns)   --->   "%window_V_633_1_i_load = load i8 %window_V_633_1_i"   --->   Operation 437 'load' 'window_V_633_1_i_load' <Predicate = (!icmp_ln36)> <Delay = 0.00>
ST_3 : Operation 438 [1/1] (0.00ns)   --->   "%window_V_634_1_i_load = load i8 %window_V_634_1_i"   --->   Operation 438 'load' 'window_V_634_1_i_load' <Predicate = (!icmp_ln36)> <Delay = 0.00>
ST_3 : Operation 439 [1/1] (0.00ns)   --->   "%window_V_635_1_i_load = load i8 %window_V_635_1_i"   --->   Operation 439 'load' 'window_V_635_1_i_load' <Predicate = (!icmp_ln36)> <Delay = 0.00>
ST_3 : Operation 440 [1/1] (0.00ns)   --->   "%window_V_636_1_i_load = load i8 %window_V_636_1_i"   --->   Operation 440 'load' 'window_V_636_1_i_load' <Predicate = (!icmp_ln36)> <Delay = 0.00>
ST_3 : Operation 441 [1/1] (0.00ns)   --->   "%window_V_637_1_i_load = load i8 %window_V_637_1_i"   --->   Operation 441 'load' 'window_V_637_1_i_load' <Predicate = (!icmp_ln36)> <Delay = 0.00>
ST_3 : Operation 442 [1/1] (0.00ns)   --->   "%window_V_638_1_i_load = load i8 %window_V_638_1_i"   --->   Operation 442 'load' 'window_V_638_1_i_load' <Predicate = (!icmp_ln36)> <Delay = 0.00>
ST_3 : Operation 443 [1/1] (0.00ns)   --->   "%window_V_639_1_i_load = load i8 %window_V_639_1_i"   --->   Operation 443 'load' 'window_V_639_1_i_load' <Predicate = (!icmp_ln36)> <Delay = 0.00>
ST_3 : Operation 444 [1/1] (0.00ns)   --->   "%window_V_640_1_i_load = load i8 %window_V_640_1_i"   --->   Operation 444 'load' 'window_V_640_1_i_load' <Predicate = (!icmp_ln36)> <Delay = 0.00>
ST_3 : Operation 445 [1/1] (0.00ns)   --->   "%window_V_641_1_i_load = load i8 %window_V_641_1_i"   --->   Operation 445 'load' 'window_V_641_1_i_load' <Predicate = (!icmp_ln36)> <Delay = 0.00>
ST_3 : Operation 446 [1/1] (0.00ns)   --->   "%window_V_642_1_i_load = load i8 %window_V_642_1_i"   --->   Operation 446 'load' 'window_V_642_1_i_load' <Predicate = (!icmp_ln36)> <Delay = 0.00>
ST_3 : Operation 447 [1/1] (0.00ns)   --->   "%window_V_643_1_i_load = load i8 %window_V_643_1_i"   --->   Operation 447 'load' 'window_V_643_1_i_load' <Predicate = (!icmp_ln36)> <Delay = 0.00>
ST_3 : Operation 448 [1/1] (0.00ns)   --->   "%window_V_644_1_i_load = load i8 %window_V_644_1_i"   --->   Operation 448 'load' 'window_V_644_1_i_load' <Predicate = (!icmp_ln36)> <Delay = 0.00>
ST_3 : Operation 449 [1/1] (0.00ns)   --->   "%window_V_645_1_i_load = load i8 %window_V_645_1_i"   --->   Operation 449 'load' 'window_V_645_1_i_load' <Predicate = (!icmp_ln36)> <Delay = 0.00>
ST_3 : Operation 450 [1/1] (0.00ns)   --->   "%window_V_646_1_i_load = load i8 %window_V_646_1_i"   --->   Operation 450 'load' 'window_V_646_1_i_load' <Predicate = (!icmp_ln36)> <Delay = 0.00>
ST_3 : Operation 451 [1/1] (0.00ns)   --->   "%window_V_647_1_i_load = load i8 %window_V_647_1_i"   --->   Operation 451 'load' 'window_V_647_1_i_load' <Predicate = (!icmp_ln36)> <Delay = 0.00>
ST_3 : Operation 452 [1/1] (0.00ns)   --->   "%window_V_648_1_i_load = load i8 %window_V_648_1_i"   --->   Operation 452 'load' 'window_V_648_1_i_load' <Predicate = (!icmp_ln36)> <Delay = 0.00>
ST_3 : Operation 453 [1/1] (0.00ns)   --->   "%window_V_649_1_i_load = load i8 %window_V_649_1_i"   --->   Operation 453 'load' 'window_V_649_1_i_load' <Predicate = (!icmp_ln36)> <Delay = 0.00>
ST_3 : Operation 454 [1/1] (0.00ns)   --->   "%window_V_650_1_i_load = load i8 %window_V_650_1_i"   --->   Operation 454 'load' 'window_V_650_1_i_load' <Predicate = (!icmp_ln36)> <Delay = 0.00>
ST_3 : Operation 455 [1/1] (0.00ns)   --->   "%window_V_651_1_i_load = load i8 %window_V_651_1_i"   --->   Operation 455 'load' 'window_V_651_1_i_load' <Predicate = (!icmp_ln36)> <Delay = 0.00>
ST_3 : Operation 456 [1/1] (0.00ns)   --->   "%window_V_652_1_i_load = load i8 %window_V_652_1_i"   --->   Operation 456 'load' 'window_V_652_1_i_load' <Predicate = (!icmp_ln36)> <Delay = 0.00>
ST_3 : Operation 457 [1/1] (0.00ns)   --->   "%window_V_653_1_i_load = load i8 %window_V_653_1_i"   --->   Operation 457 'load' 'window_V_653_1_i_load' <Predicate = (!icmp_ln36)> <Delay = 0.00>
ST_3 : Operation 458 [1/1] (0.00ns)   --->   "%window_V_654_1_i_load = load i8 %window_V_654_1_i"   --->   Operation 458 'load' 'window_V_654_1_i_load' <Predicate = (!icmp_ln36)> <Delay = 0.00>
ST_3 : Operation 459 [1/1] (0.00ns)   --->   "%window_V_655_1_i_load = load i8 %window_V_655_1_i"   --->   Operation 459 'load' 'window_V_655_1_i_load' <Predicate = (!icmp_ln36)> <Delay = 0.00>
ST_3 : Operation 460 [1/1] (0.00ns)   --->   "%window_V_656_1_i_load = load i8 %window_V_656_1_i"   --->   Operation 460 'load' 'window_V_656_1_i_load' <Predicate = (!icmp_ln36)> <Delay = 0.00>
ST_3 : Operation 461 [1/1] (0.87ns)   --->   "%icmp_ln37 = icmp_eq  i5 %c_load, i5 16" [vgg_accelerator.cpp:37]   --->   Operation 461 'icmp' 'icmp_ln37' <Predicate = (!icmp_ln36)> <Delay = 0.87> <CoreInst = "Cmp">   --->   Core 9 'Cmp' <Latency = 0> <II = 1> <Delay = 0.87> <FuncUnit> <Opcode : 'icmp'> <InPorts = 2> <OutPorts = 1>
ST_3 : Operation 462 [1/1] (0.48ns)   --->   "%select_ln36 = select i1 %icmp_ln37, i5 0, i5 %c_load" [vgg_accelerator.cpp:36]   --->   Operation 462 'select' 'select_ln36' <Predicate = (!icmp_ln36)> <Delay = 0.48> <CoreInst = "Sel">   --->   Core 73 'Sel' <Latency = 0> <II = 1> <Delay = 0.48> <FuncUnit> <Opcode : 'select'> <InPorts = 3> <OutPorts = 1>
ST_3 : Operation 463 [1/1] (0.00ns)   --->   "%empty_49 = wait i32 @_ssdm_op_Wait"   --->   Operation 463 'wait' 'empty_49' <Predicate = (!icmp_ln36)> <Delay = 0.00>
ST_3 : Operation 464 [2/2] (2.25ns)   --->   "%call_ln36 = call void @layer_block<16, 32, 16>_Pipeline_VITIS_LOOP_40_6, i8 %window_V_656_1_i_load, i8 %window_V_655_1_i_load, i8 %window_V_654_1_i_load, i8 %window_V_653_1_i_load, i8 %window_V_652_1_i_load, i8 %window_V_651_1_i_load, i8 %window_V_650_1_i_load, i8 %window_V_649_1_i_load, i8 %window_V_648_1_i_load, i8 %window_V_647_1_i_load, i8 %window_V_646_1_i_load, i8 %window_V_645_1_i_load, i8 %window_V_644_1_i_load, i8 %window_V_643_1_i_load, i8 %window_V_642_1_i_load, i8 %window_V_641_1_i_load, i8 %window_V_640_1_i_load, i8 %window_V_639_1_i_load, i8 %window_V_638_1_i_load, i8 %window_V_637_1_i_load, i8 %window_V_636_1_i_load, i8 %window_V_635_1_i_load, i8 %window_V_634_1_i_load, i8 %window_V_633_1_i_load, i8 %window_V_632_1_i_load, i8 %window_V_631_1_i_load, i8 %window_V_630_1_i_load, i8 %window_V_629_1_i_load, i8 %window_V_628_1_i_load, i8 %window_V_627_1_i_load, i8 %window_V_626_1_i_load, i8 %window_V_625_1_i_load, i8 %window_V_624_1_i_load, i8 %window_V_623_1_i_load, i8 %window_V_622_1_i_load, i8 %window_V_621_1_i_load, i8 %window_V_620_1_i_load, i8 %window_V_619_1_i_load, i8 %window_V_618_1_i_load, i8 %window_V_617_1_i_load, i8 %window_V_616_1_i_load, i8 %window_V_615_1_i_load, i8 %window_V_614_1_i_load, i8 %window_V_613_1_i_load, i8 %window_V_612_1_i_load, i8 %window_V_611_1_i_load, i8 %window_V_610_1_i_load, i8 %window_V_609_1_i_load, i8 %window_V_608_1_i_load, i8 %window_V_607_1_i_load, i8 %window_V_606_1_i_load, i8 %window_V_605_1_i_load, i8 %window_V_604_1_i_load, i8 %window_V_603_1_i_load, i8 %window_V_602_1_i_load, i8 %window_V_601_1_i_load, i8 %window_V_600_1_i_load, i8 %window_V_599_1_i_load, i8 %window_V_598_1_i_load, i8 %window_V_597_1_i_load, i8 %window_V_596_1_i_load, i8 %window_V_595_1_i_load, i8 %window_V_594_1_i_load, i8 %window_V_593_1_i_load, i8 %window_V_592_1_i_load, i8 %window_V_591_1_i_load, i8 %window_V_590_1_i_load, i8 %window_V_589_1_i_load, i8 %window_V_588_1_i_load, i8 %window_V_587_1_i_load, i8 %window_V_586_1_i_load, i8 %window_V_585_1_i_load, i8 %window_V_584_1_i_load, i8 %window_V_583_1_i_load, i8 %window_V_582_1_i_load, i8 %window_V_581_1_i_load, i8 %window_V_580_1_i_load, i8 %window_V_579_1_i_load, i8 %window_V_578_1_i_load, i8 %window_V_577_1_i_load, i8 %window_V_576_1_i_load, i8 %window_V_575_1_i_load, i8 %window_V_574_1_i_load, i8 %window_V_573_1_i_load, i8 %window_V_572_1_i_load, i8 %window_V_571_1_i_load, i8 %window_V_570_1_i_load, i8 %window_V_569_1_i_load, i8 %window_V_568_1_i_load, i8 %window_V_567_1_i_load, i8 %window_V_566_1_i_load, i8 %window_V_565_1_i_load, i8 %window_V_564_1_i_load, i8 %window_V_563_1_i_load, i8 %window_V_562_1_i_load, i8 %window_V_561_1_i_load, i8 %window_V_560_1_i_load, i8 %window_V_559_1_i_load, i8 %window_V_558_1_i_load, i8 %window_V_557_1_i_load, i8 %window_V_556_1_i_load, i8 %window_V_555_1_i_load, i8 %window_V_554_1_i_load, i8 %window_V_553_1_i_load, i8 %window_V_552_1_i_load, i8 %window_V_551_1_i_load, i8 %window_V_550_1_i_load, i8 %window_V_549_1_i_load, i8 %window_V_548_1_i_load, i8 %window_V_547_1_i_load, i8 %window_V_546_1_i_load, i8 %window_V_545_1_i_load, i8 %window_V_544_1_i_load, i8 %window_V_543_1_i_load, i8 %window_V_542_1_i_load, i8 %window_V_541_1_i_load, i8 %window_V_540_1_i_load, i8 %window_V_539_1_i_load, i8 %window_V_538_1_i_load, i8 %window_V_537_1_i_load, i8 %window_V_536_1_i_load, i8 %window_V_535_1_i_load, i8 %window_V_534_1_i_load, i8 %window_V_533_1_i_load, i8 %window_V_532_1_i_load, i8 %window_V_531_1_i_load, i8 %window_V_530_1_i_load, i8 %window_V_529_1_i_load, i8 %window_V_528_1_i_load, i8 %window_V_527_1_i_load, i8 %window_V_526_1_i_load, i8 %window_V_525_1_i_load, i8 %window_V_524_1_i_load, i8 %window_V_523_1_i_load, i8 %window_V_522_1_i_load, i8 %window_V_521_1_i_load, i8 %window_V_520_1_i_load, i8 %window_V_519_1_i_load, i8 %window_V_518_1_i_load, i8 %window_V_517_1_i_load, i8 %window_V_516_1_i_load, i8 %window_V_515_1_i_load, i8 %window_V_514_1_i_load, i8 %window_V_1_i_load, i5 %select_ln36, i8 %window_V_230_loc, i8 %window_V_229_loc, i8 %window_V_654_2_i_loc, i8 %window_V_228_loc, i8 %window_V_227_loc, i8 %window_V_651_2_i_loc, i8 %window_V_226_loc, i8 %window_V_649_2_i_loc, i8 %window_V_648_2_i_loc, i8 %window_V_336_loc, i8 %window_V_335_loc, i8 %window_V_645_2_i_loc, i8 %window_V_334_loc, i8 %window_V_333_loc, i8 %window_V_642_2_i_loc, i8 %window_V_332_loc, i8 %window_V_640_2_i_loc, i8 %window_V_639_2_i_loc, i8 %window_V_329_loc, i8 %window_V_328_loc, i8 %window_V_636_2_i_loc, i8 %window_V_327_loc, i8 %window_V_326_loc, i8 %window_V_633_2_i_loc, i8 %window_V_325_loc, i8 %window_V_631_2_i_loc, i8 %window_V_630_2_i_loc, i8 %window_V_322_loc, i8 %window_V_321_loc, i8 %window_V_627_2_i_loc, i8 %window_V_320_loc, i8 %window_V_319_loc, i8 %window_V_624_2_i_loc, i8 %window_V_318_loc, i8 %window_V_622_2_i_loc, i8 %window_V_621_2_i_loc, i8 %window_V_315_loc, i8 %window_V_314_loc, i8 %window_V_618_2_i_loc, i8 %window_V_313_loc, i8 %window_V_312_loc, i8 %window_V_615_2_i_loc, i8 %window_V_311_loc, i8 %window_V_613_2_i_loc, i8 %window_V_612_2_i_loc, i8 %window_V_308_loc, i8 %window_V_307_loc, i8 %window_V_609_2_i_loc, i8 %window_V_306_loc, i8 %window_V_305_loc, i8 %window_V_606_2_i_loc, i8 %window_V_304_loc, i8 %window_V_604_2_i_loc, i8 %window_V_603_2_i_loc, i8 %window_V_301_loc, i8 %window_V_300_loc, i8 %window_V_600_2_i_loc, i8 %window_V_299_loc, i8 %window_V_298_loc, i8 %window_V_597_2_i_loc, i8 %window_V_297_loc, i8 %window_V_595_2_i_loc, i8 %window_V_594_2_i_loc, i8 %window_V_294_loc, i8 %window_V_293_loc, i8 %window_V_591_2_i_loc, i8 %window_V_292_loc, i8 %window_V_291_loc, i8 %window_V_588_2_i_loc, i8 %window_V_290_loc, i8 %window_V_586_2_i_loc, i8 %window_V_585_2_i_loc, i8 %window_V_287_loc, i8 %window_V_286_loc, i8 %window_V_582_2_i_loc, i8 %window_V_285_loc, i8 %window_V_284_loc, i8 %window_V_579_2_i_loc, i8 %window_V_283_loc, i8 %window_V_577_2_i_loc, i8 %window_V_576_2_i_loc, i8 %window_V_280_loc, i8 %window_V_279_loc, i8 %window_V_573_2_i_loc, i8 %window_V_278_loc, i8 %window_V_277_loc, i8 %window_V_570_2_i_loc, i8 %window_V_276_loc, i8 %window_V_568_2_i_loc, i8 %window_V_567_2_i_loc, i8 %window_V_273_loc, i8 %window_V_272_loc, i8 %window_V_564_2_i_loc, i8 %window_V_271_loc, i8 %window_V_270_loc, i8 %window_V_561_2_i_loc, i8 %window_V_269_loc, i8 %window_V_559_2_i_loc, i8 %window_V_558_2_i_loc, i8 %window_V_266_loc, i8 %window_V_265_loc, i8 %window_V_555_2_i_loc, i8 %window_V_264_loc, i8 %window_V_263_loc, i8 %window_V_552_2_i_loc, i8 %window_V_262_loc, i8 %window_V_550_2_i_loc, i8 %window_V_549_2_i_loc, i8 %window_V_259_loc, i8 %window_V_258_loc, i8 %window_V_546_2_i_loc, i8 %window_V_257_loc, i8 %window_V_256_loc, i8 %window_V_543_2_i_loc, i8 %window_V_255_loc, i8 %window_V_541_2_i_loc, i8 %window_V_540_2_i_loc, i8 %window_V_252_loc, i8 %window_V_251_loc, i8 %window_V_537_2_i_loc, i8 %window_V_250_loc, i8 %window_V_249_loc, i8 %window_V_534_2_i_loc, i8 %window_V_248_loc, i8 %window_V_532_2_i_loc, i8 %window_V_531_2_i_loc, i8 %window_V_245_loc, i8 %window_V_244_loc, i8 %window_V_528_2_i_loc, i8 %window_V_243_loc, i8 %window_V_242_loc, i8 %window_V_525_2_i_loc, i8 %window_V_241_loc, i8 %window_V_523_2_i_loc, i8 %window_V_522_2_i_loc, i8 %window_V_238_loc, i8 %window_V_237_loc, i8 %window_V_519_2_i_loc, i8 %window_V_236_loc, i8 %window_V_235_loc, i8 %window_V_516_2_i_loc, i8 %window_V_234_loc, i8 %window_V_514_2_i_loc, i8 %window_V_2_i_loc, i8 %void_layer_block_stream_stream_signed_char_const_16_3_3_signed_char_con_1, i8 %void_layer_block_stream_stream_signed_char_const_16_3_3_signed_char_con, i8 %s_pool1" [vgg_accelerator.cpp:36]   --->   Operation 464 'call' 'call_ln36' <Predicate = (!icmp_ln36)> <Delay = 2.25> <CoreType = "Generic">   --->   Core 0 '' <Latency = 0> <II = 1> <Delay = 1.00> <Generic> <Opcode : >
ST_3 : Operation 465 [1/1] (0.00ns)   --->   "%ret_ln0 = ret"   --->   Operation 465 'ret' 'ret_ln0' <Predicate = (icmp_ln36)> <Delay = 0.00>

State 4 <SV = 3> <Delay = 1.36>
ST_4 : Operation 466 [1/2] (1.36ns)   --->   "%call_ln36 = call void @layer_block<16, 32, 16>_Pipeline_VITIS_LOOP_40_6, i8 %window_V_656_1_i_load, i8 %window_V_655_1_i_load, i8 %window_V_654_1_i_load, i8 %window_V_653_1_i_load, i8 %window_V_652_1_i_load, i8 %window_V_651_1_i_load, i8 %window_V_650_1_i_load, i8 %window_V_649_1_i_load, i8 %window_V_648_1_i_load, i8 %window_V_647_1_i_load, i8 %window_V_646_1_i_load, i8 %window_V_645_1_i_load, i8 %window_V_644_1_i_load, i8 %window_V_643_1_i_load, i8 %window_V_642_1_i_load, i8 %window_V_641_1_i_load, i8 %window_V_640_1_i_load, i8 %window_V_639_1_i_load, i8 %window_V_638_1_i_load, i8 %window_V_637_1_i_load, i8 %window_V_636_1_i_load, i8 %window_V_635_1_i_load, i8 %window_V_634_1_i_load, i8 %window_V_633_1_i_load, i8 %window_V_632_1_i_load, i8 %window_V_631_1_i_load, i8 %window_V_630_1_i_load, i8 %window_V_629_1_i_load, i8 %window_V_628_1_i_load, i8 %window_V_627_1_i_load, i8 %window_V_626_1_i_load, i8 %window_V_625_1_i_load, i8 %window_V_624_1_i_load, i8 %window_V_623_1_i_load, i8 %window_V_622_1_i_load, i8 %window_V_621_1_i_load, i8 %window_V_620_1_i_load, i8 %window_V_619_1_i_load, i8 %window_V_618_1_i_load, i8 %window_V_617_1_i_load, i8 %window_V_616_1_i_load, i8 %window_V_615_1_i_load, i8 %window_V_614_1_i_load, i8 %window_V_613_1_i_load, i8 %window_V_612_1_i_load, i8 %window_V_611_1_i_load, i8 %window_V_610_1_i_load, i8 %window_V_609_1_i_load, i8 %window_V_608_1_i_load, i8 %window_V_607_1_i_load, i8 %window_V_606_1_i_load, i8 %window_V_605_1_i_load, i8 %window_V_604_1_i_load, i8 %window_V_603_1_i_load, i8 %window_V_602_1_i_load, i8 %window_V_601_1_i_load, i8 %window_V_600_1_i_load, i8 %window_V_599_1_i_load, i8 %window_V_598_1_i_load, i8 %window_V_597_1_i_load, i8 %window_V_596_1_i_load, i8 %window_V_595_1_i_load, i8 %window_V_594_1_i_load, i8 %window_V_593_1_i_load, i8 %window_V_592_1_i_load, i8 %window_V_591_1_i_load, i8 %window_V_590_1_i_load, i8 %window_V_589_1_i_load, i8 %window_V_588_1_i_load, i8 %window_V_587_1_i_load, i8 %window_V_586_1_i_load, i8 %window_V_585_1_i_load, i8 %window_V_584_1_i_load, i8 %window_V_583_1_i_load, i8 %window_V_582_1_i_load, i8 %window_V_581_1_i_load, i8 %window_V_580_1_i_load, i8 %window_V_579_1_i_load, i8 %window_V_578_1_i_load, i8 %window_V_577_1_i_load, i8 %window_V_576_1_i_load, i8 %window_V_575_1_i_load, i8 %window_V_574_1_i_load, i8 %window_V_573_1_i_load, i8 %window_V_572_1_i_load, i8 %window_V_571_1_i_load, i8 %window_V_570_1_i_load, i8 %window_V_569_1_i_load, i8 %window_V_568_1_i_load, i8 %window_V_567_1_i_load, i8 %window_V_566_1_i_load, i8 %window_V_565_1_i_load, i8 %window_V_564_1_i_load, i8 %window_V_563_1_i_load, i8 %window_V_562_1_i_load, i8 %window_V_561_1_i_load, i8 %window_V_560_1_i_load, i8 %window_V_559_1_i_load, i8 %window_V_558_1_i_load, i8 %window_V_557_1_i_load, i8 %window_V_556_1_i_load, i8 %window_V_555_1_i_load, i8 %window_V_554_1_i_load, i8 %window_V_553_1_i_load, i8 %window_V_552_1_i_load, i8 %window_V_551_1_i_load, i8 %window_V_550_1_i_load, i8 %window_V_549_1_i_load, i8 %window_V_548_1_i_load, i8 %window_V_547_1_i_load, i8 %window_V_546_1_i_load, i8 %window_V_545_1_i_load, i8 %window_V_544_1_i_load, i8 %window_V_543_1_i_load, i8 %window_V_542_1_i_load, i8 %window_V_541_1_i_load, i8 %window_V_540_1_i_load, i8 %window_V_539_1_i_load, i8 %window_V_538_1_i_load, i8 %window_V_537_1_i_load, i8 %window_V_536_1_i_load, i8 %window_V_535_1_i_load, i8 %window_V_534_1_i_load, i8 %window_V_533_1_i_load, i8 %window_V_532_1_i_load, i8 %window_V_531_1_i_load, i8 %window_V_530_1_i_load, i8 %window_V_529_1_i_load, i8 %window_V_528_1_i_load, i8 %window_V_527_1_i_load, i8 %window_V_526_1_i_load, i8 %window_V_525_1_i_load, i8 %window_V_524_1_i_load, i8 %window_V_523_1_i_load, i8 %window_V_522_1_i_load, i8 %window_V_521_1_i_load, i8 %window_V_520_1_i_load, i8 %window_V_519_1_i_load, i8 %window_V_518_1_i_load, i8 %window_V_517_1_i_load, i8 %window_V_516_1_i_load, i8 %window_V_515_1_i_load, i8 %window_V_514_1_i_load, i8 %window_V_1_i_load, i5 %select_ln36, i8 %window_V_230_loc, i8 %window_V_229_loc, i8 %window_V_654_2_i_loc, i8 %window_V_228_loc, i8 %window_V_227_loc, i8 %window_V_651_2_i_loc, i8 %window_V_226_loc, i8 %window_V_649_2_i_loc, i8 %window_V_648_2_i_loc, i8 %window_V_336_loc, i8 %window_V_335_loc, i8 %window_V_645_2_i_loc, i8 %window_V_334_loc, i8 %window_V_333_loc, i8 %window_V_642_2_i_loc, i8 %window_V_332_loc, i8 %window_V_640_2_i_loc, i8 %window_V_639_2_i_loc, i8 %window_V_329_loc, i8 %window_V_328_loc, i8 %window_V_636_2_i_loc, i8 %window_V_327_loc, i8 %window_V_326_loc, i8 %window_V_633_2_i_loc, i8 %window_V_325_loc, i8 %window_V_631_2_i_loc, i8 %window_V_630_2_i_loc, i8 %window_V_322_loc, i8 %window_V_321_loc, i8 %window_V_627_2_i_loc, i8 %window_V_320_loc, i8 %window_V_319_loc, i8 %window_V_624_2_i_loc, i8 %window_V_318_loc, i8 %window_V_622_2_i_loc, i8 %window_V_621_2_i_loc, i8 %window_V_315_loc, i8 %window_V_314_loc, i8 %window_V_618_2_i_loc, i8 %window_V_313_loc, i8 %window_V_312_loc, i8 %window_V_615_2_i_loc, i8 %window_V_311_loc, i8 %window_V_613_2_i_loc, i8 %window_V_612_2_i_loc, i8 %window_V_308_loc, i8 %window_V_307_loc, i8 %window_V_609_2_i_loc, i8 %window_V_306_loc, i8 %window_V_305_loc, i8 %window_V_606_2_i_loc, i8 %window_V_304_loc, i8 %window_V_604_2_i_loc, i8 %window_V_603_2_i_loc, i8 %window_V_301_loc, i8 %window_V_300_loc, i8 %window_V_600_2_i_loc, i8 %window_V_299_loc, i8 %window_V_298_loc, i8 %window_V_597_2_i_loc, i8 %window_V_297_loc, i8 %window_V_595_2_i_loc, i8 %window_V_594_2_i_loc, i8 %window_V_294_loc, i8 %window_V_293_loc, i8 %window_V_591_2_i_loc, i8 %window_V_292_loc, i8 %window_V_291_loc, i8 %window_V_588_2_i_loc, i8 %window_V_290_loc, i8 %window_V_586_2_i_loc, i8 %window_V_585_2_i_loc, i8 %window_V_287_loc, i8 %window_V_286_loc, i8 %window_V_582_2_i_loc, i8 %window_V_285_loc, i8 %window_V_284_loc, i8 %window_V_579_2_i_loc, i8 %window_V_283_loc, i8 %window_V_577_2_i_loc, i8 %window_V_576_2_i_loc, i8 %window_V_280_loc, i8 %window_V_279_loc, i8 %window_V_573_2_i_loc, i8 %window_V_278_loc, i8 %window_V_277_loc, i8 %window_V_570_2_i_loc, i8 %window_V_276_loc, i8 %window_V_568_2_i_loc, i8 %window_V_567_2_i_loc, i8 %window_V_273_loc, i8 %window_V_272_loc, i8 %window_V_564_2_i_loc, i8 %window_V_271_loc, i8 %window_V_270_loc, i8 %window_V_561_2_i_loc, i8 %window_V_269_loc, i8 %window_V_559_2_i_loc, i8 %window_V_558_2_i_loc, i8 %window_V_266_loc, i8 %window_V_265_loc, i8 %window_V_555_2_i_loc, i8 %window_V_264_loc, i8 %window_V_263_loc, i8 %window_V_552_2_i_loc, i8 %window_V_262_loc, i8 %window_V_550_2_i_loc, i8 %window_V_549_2_i_loc, i8 %window_V_259_loc, i8 %window_V_258_loc, i8 %window_V_546_2_i_loc, i8 %window_V_257_loc, i8 %window_V_256_loc, i8 %window_V_543_2_i_loc, i8 %window_V_255_loc, i8 %window_V_541_2_i_loc, i8 %window_V_540_2_i_loc, i8 %window_V_252_loc, i8 %window_V_251_loc, i8 %window_V_537_2_i_loc, i8 %window_V_250_loc, i8 %window_V_249_loc, i8 %window_V_534_2_i_loc, i8 %window_V_248_loc, i8 %window_V_532_2_i_loc, i8 %window_V_531_2_i_loc, i8 %window_V_245_loc, i8 %window_V_244_loc, i8 %window_V_528_2_i_loc, i8 %window_V_243_loc, i8 %window_V_242_loc, i8 %window_V_525_2_i_loc, i8 %window_V_241_loc, i8 %window_V_523_2_i_loc, i8 %window_V_522_2_i_loc, i8 %window_V_238_loc, i8 %window_V_237_loc, i8 %window_V_519_2_i_loc, i8 %window_V_236_loc, i8 %window_V_235_loc, i8 %window_V_516_2_i_loc, i8 %window_V_234_loc, i8 %window_V_514_2_i_loc, i8 %window_V_2_i_loc, i8 %void_layer_block_stream_stream_signed_char_const_16_3_3_signed_char_con_1, i8 %void_layer_block_stream_stream_signed_char_const_16_3_3_signed_char_con, i8 %s_pool1" [vgg_accelerator.cpp:36]   --->   Operation 466 'call' 'call_ln36' <Predicate = true> <Delay = 1.36> <CoreType = "Generic">   --->   Core 0 '' <Latency = 0> <II = 1> <Delay = 1.00> <Generic> <Opcode : >

State 5 <SV = 4> <Delay = 0.48>
ST_5 : Operation 467 [1/1] (0.00ns)   --->   "%specloopname_ln0 = specloopname void @_ssdm_op_SpecLoopName, void @VITIS_LOOP_36_4_VITIS_LOOP_37_5_str"   --->   Operation 467 'specloopname' 'specloopname_ln0' <Predicate = true> <Delay = 0.00>
ST_5 : Operation 468 [1/1] (0.00ns)   --->   "%empty_48 = speclooptripcount i32 @_ssdm_op_SpecLoopTripCount, i64 256, i64 256, i64 256"   --->   Operation 468 'speclooptripcount' 'empty_48' <Predicate = true> <Delay = 0.00>
ST_5 : Operation 469 [1/1] (0.00ns)   --->   "%specloopname_ln37 = specloopname void @_ssdm_op_SpecLoopName, void @empty_1" [vgg_accelerator.cpp:37]   --->   Operation 469 'specloopname' 'specloopname_ln37' <Predicate = true> <Delay = 0.00>
ST_5 : Operation 470 [1/1] (0.00ns)   --->   "%window_V_230_loc_load = load i8 %window_V_230_loc"   --->   Operation 470 'load' 'window_V_230_loc_load' <Predicate = true> <Delay = 0.00>
ST_5 : Operation 471 [1/1] (0.00ns)   --->   "%window_V_229_loc_load = load i8 %window_V_229_loc"   --->   Operation 471 'load' 'window_V_229_loc_load' <Predicate = true> <Delay = 0.00>
ST_5 : Operation 472 [1/1] (0.00ns)   --->   "%window_V_654_2_i_loc_load = load i8 %window_V_654_2_i_loc"   --->   Operation 472 'load' 'window_V_654_2_i_loc_load' <Predicate = true> <Delay = 0.00>
ST_5 : Operation 473 [1/1] (0.00ns)   --->   "%window_V_228_loc_load = load i8 %window_V_228_loc"   --->   Operation 473 'load' 'window_V_228_loc_load' <Predicate = true> <Delay = 0.00>
ST_5 : Operation 474 [1/1] (0.00ns)   --->   "%window_V_227_loc_load = load i8 %window_V_227_loc"   --->   Operation 474 'load' 'window_V_227_loc_load' <Predicate = true> <Delay = 0.00>
ST_5 : Operation 475 [1/1] (0.00ns)   --->   "%window_V_651_2_i_loc_load = load i8 %window_V_651_2_i_loc"   --->   Operation 475 'load' 'window_V_651_2_i_loc_load' <Predicate = true> <Delay = 0.00>
ST_5 : Operation 476 [1/1] (0.00ns)   --->   "%window_V_226_loc_load = load i8 %window_V_226_loc"   --->   Operation 476 'load' 'window_V_226_loc_load' <Predicate = true> <Delay = 0.00>
ST_5 : Operation 477 [1/1] (0.00ns)   --->   "%window_V_649_2_i_loc_load = load i8 %window_V_649_2_i_loc"   --->   Operation 477 'load' 'window_V_649_2_i_loc_load' <Predicate = true> <Delay = 0.00>
ST_5 : Operation 478 [1/1] (0.00ns)   --->   "%window_V_648_2_i_loc_load = load i8 %window_V_648_2_i_loc"   --->   Operation 478 'load' 'window_V_648_2_i_loc_load' <Predicate = true> <Delay = 0.00>
ST_5 : Operation 479 [1/1] (0.00ns)   --->   "%window_V_336_loc_load = load i8 %window_V_336_loc"   --->   Operation 479 'load' 'window_V_336_loc_load' <Predicate = true> <Delay = 0.00>
ST_5 : Operation 480 [1/1] (0.00ns)   --->   "%window_V_335_loc_load = load i8 %window_V_335_loc"   --->   Operation 480 'load' 'window_V_335_loc_load' <Predicate = true> <Delay = 0.00>
ST_5 : Operation 481 [1/1] (0.00ns)   --->   "%window_V_645_2_i_loc_load = load i8 %window_V_645_2_i_loc"   --->   Operation 481 'load' 'window_V_645_2_i_loc_load' <Predicate = true> <Delay = 0.00>
ST_5 : Operation 482 [1/1] (0.00ns)   --->   "%window_V_334_loc_load = load i8 %window_V_334_loc"   --->   Operation 482 'load' 'window_V_334_loc_load' <Predicate = true> <Delay = 0.00>
ST_5 : Operation 483 [1/1] (0.00ns)   --->   "%window_V_333_loc_load = load i8 %window_V_333_loc"   --->   Operation 483 'load' 'window_V_333_loc_load' <Predicate = true> <Delay = 0.00>
ST_5 : Operation 484 [1/1] (0.00ns)   --->   "%window_V_642_2_i_loc_load = load i8 %window_V_642_2_i_loc"   --->   Operation 484 'load' 'window_V_642_2_i_loc_load' <Predicate = true> <Delay = 0.00>
ST_5 : Operation 485 [1/1] (0.00ns)   --->   "%window_V_332_loc_load = load i8 %window_V_332_loc"   --->   Operation 485 'load' 'window_V_332_loc_load' <Predicate = true> <Delay = 0.00>
ST_5 : Operation 486 [1/1] (0.00ns)   --->   "%window_V_640_2_i_loc_load = load i8 %window_V_640_2_i_loc"   --->   Operation 486 'load' 'window_V_640_2_i_loc_load' <Predicate = true> <Delay = 0.00>
ST_5 : Operation 487 [1/1] (0.00ns)   --->   "%window_V_639_2_i_loc_load = load i8 %window_V_639_2_i_loc"   --->   Operation 487 'load' 'window_V_639_2_i_loc_load' <Predicate = true> <Delay = 0.00>
ST_5 : Operation 488 [1/1] (0.00ns)   --->   "%window_V_329_loc_load = load i8 %window_V_329_loc"   --->   Operation 488 'load' 'window_V_329_loc_load' <Predicate = true> <Delay = 0.00>
ST_5 : Operation 489 [1/1] (0.00ns)   --->   "%window_V_328_loc_load = load i8 %window_V_328_loc"   --->   Operation 489 'load' 'window_V_328_loc_load' <Predicate = true> <Delay = 0.00>
ST_5 : Operation 490 [1/1] (0.00ns)   --->   "%window_V_636_2_i_loc_load = load i8 %window_V_636_2_i_loc"   --->   Operation 490 'load' 'window_V_636_2_i_loc_load' <Predicate = true> <Delay = 0.00>
ST_5 : Operation 491 [1/1] (0.00ns)   --->   "%window_V_327_loc_load = load i8 %window_V_327_loc"   --->   Operation 491 'load' 'window_V_327_loc_load' <Predicate = true> <Delay = 0.00>
ST_5 : Operation 492 [1/1] (0.00ns)   --->   "%window_V_326_loc_load = load i8 %window_V_326_loc"   --->   Operation 492 'load' 'window_V_326_loc_load' <Predicate = true> <Delay = 0.00>
ST_5 : Operation 493 [1/1] (0.00ns)   --->   "%window_V_633_2_i_loc_load = load i8 %window_V_633_2_i_loc"   --->   Operation 493 'load' 'window_V_633_2_i_loc_load' <Predicate = true> <Delay = 0.00>
ST_5 : Operation 494 [1/1] (0.00ns)   --->   "%window_V_325_loc_load = load i8 %window_V_325_loc"   --->   Operation 494 'load' 'window_V_325_loc_load' <Predicate = true> <Delay = 0.00>
ST_5 : Operation 495 [1/1] (0.00ns)   --->   "%window_V_631_2_i_loc_load = load i8 %window_V_631_2_i_loc"   --->   Operation 495 'load' 'window_V_631_2_i_loc_load' <Predicate = true> <Delay = 0.00>
ST_5 : Operation 496 [1/1] (0.00ns)   --->   "%window_V_630_2_i_loc_load = load i8 %window_V_630_2_i_loc"   --->   Operation 496 'load' 'window_V_630_2_i_loc_load' <Predicate = true> <Delay = 0.00>
ST_5 : Operation 497 [1/1] (0.00ns)   --->   "%window_V_322_loc_load = load i8 %window_V_322_loc"   --->   Operation 497 'load' 'window_V_322_loc_load' <Predicate = true> <Delay = 0.00>
ST_5 : Operation 498 [1/1] (0.00ns)   --->   "%window_V_321_loc_load = load i8 %window_V_321_loc"   --->   Operation 498 'load' 'window_V_321_loc_load' <Predicate = true> <Delay = 0.00>
ST_5 : Operation 499 [1/1] (0.00ns)   --->   "%window_V_627_2_i_loc_load = load i8 %window_V_627_2_i_loc"   --->   Operation 499 'load' 'window_V_627_2_i_loc_load' <Predicate = true> <Delay = 0.00>
ST_5 : Operation 500 [1/1] (0.00ns)   --->   "%window_V_320_loc_load = load i8 %window_V_320_loc"   --->   Operation 500 'load' 'window_V_320_loc_load' <Predicate = true> <Delay = 0.00>
ST_5 : Operation 501 [1/1] (0.00ns)   --->   "%window_V_319_loc_load = load i8 %window_V_319_loc"   --->   Operation 501 'load' 'window_V_319_loc_load' <Predicate = true> <Delay = 0.00>
ST_5 : Operation 502 [1/1] (0.00ns)   --->   "%window_V_624_2_i_loc_load = load i8 %window_V_624_2_i_loc"   --->   Operation 502 'load' 'window_V_624_2_i_loc_load' <Predicate = true> <Delay = 0.00>
ST_5 : Operation 503 [1/1] (0.00ns)   --->   "%window_V_318_loc_load = load i8 %window_V_318_loc"   --->   Operation 503 'load' 'window_V_318_loc_load' <Predicate = true> <Delay = 0.00>
ST_5 : Operation 504 [1/1] (0.00ns)   --->   "%window_V_622_2_i_loc_load = load i8 %window_V_622_2_i_loc"   --->   Operation 504 'load' 'window_V_622_2_i_loc_load' <Predicate = true> <Delay = 0.00>
ST_5 : Operation 505 [1/1] (0.00ns)   --->   "%window_V_621_2_i_loc_load = load i8 %window_V_621_2_i_loc"   --->   Operation 505 'load' 'window_V_621_2_i_loc_load' <Predicate = true> <Delay = 0.00>
ST_5 : Operation 506 [1/1] (0.00ns)   --->   "%window_V_315_loc_load = load i8 %window_V_315_loc"   --->   Operation 506 'load' 'window_V_315_loc_load' <Predicate = true> <Delay = 0.00>
ST_5 : Operation 507 [1/1] (0.00ns)   --->   "%window_V_314_loc_load = load i8 %window_V_314_loc"   --->   Operation 507 'load' 'window_V_314_loc_load' <Predicate = true> <Delay = 0.00>
ST_5 : Operation 508 [1/1] (0.00ns)   --->   "%window_V_618_2_i_loc_load = load i8 %window_V_618_2_i_loc"   --->   Operation 508 'load' 'window_V_618_2_i_loc_load' <Predicate = true> <Delay = 0.00>
ST_5 : Operation 509 [1/1] (0.00ns)   --->   "%window_V_313_loc_load = load i8 %window_V_313_loc"   --->   Operation 509 'load' 'window_V_313_loc_load' <Predicate = true> <Delay = 0.00>
ST_5 : Operation 510 [1/1] (0.00ns)   --->   "%window_V_312_loc_load = load i8 %window_V_312_loc"   --->   Operation 510 'load' 'window_V_312_loc_load' <Predicate = true> <Delay = 0.00>
ST_5 : Operation 511 [1/1] (0.00ns)   --->   "%window_V_615_2_i_loc_load = load i8 %window_V_615_2_i_loc"   --->   Operation 511 'load' 'window_V_615_2_i_loc_load' <Predicate = true> <Delay = 0.00>
ST_5 : Operation 512 [1/1] (0.00ns)   --->   "%window_V_311_loc_load = load i8 %window_V_311_loc"   --->   Operation 512 'load' 'window_V_311_loc_load' <Predicate = true> <Delay = 0.00>
ST_5 : Operation 513 [1/1] (0.00ns)   --->   "%window_V_613_2_i_loc_load = load i8 %window_V_613_2_i_loc"   --->   Operation 513 'load' 'window_V_613_2_i_loc_load' <Predicate = true> <Delay = 0.00>
ST_5 : Operation 514 [1/1] (0.00ns)   --->   "%window_V_612_2_i_loc_load = load i8 %window_V_612_2_i_loc"   --->   Operation 514 'load' 'window_V_612_2_i_loc_load' <Predicate = true> <Delay = 0.00>
ST_5 : Operation 515 [1/1] (0.00ns)   --->   "%window_V_308_loc_load = load i8 %window_V_308_loc"   --->   Operation 515 'load' 'window_V_308_loc_load' <Predicate = true> <Delay = 0.00>
ST_5 : Operation 516 [1/1] (0.00ns)   --->   "%window_V_307_loc_load = load i8 %window_V_307_loc"   --->   Operation 516 'load' 'window_V_307_loc_load' <Predicate = true> <Delay = 0.00>
ST_5 : Operation 517 [1/1] (0.00ns)   --->   "%window_V_609_2_i_loc_load = load i8 %window_V_609_2_i_loc"   --->   Operation 517 'load' 'window_V_609_2_i_loc_load' <Predicate = true> <Delay = 0.00>
ST_5 : Operation 518 [1/1] (0.00ns)   --->   "%window_V_306_loc_load = load i8 %window_V_306_loc"   --->   Operation 518 'load' 'window_V_306_loc_load' <Predicate = true> <Delay = 0.00>
ST_5 : Operation 519 [1/1] (0.00ns)   --->   "%window_V_305_loc_load = load i8 %window_V_305_loc"   --->   Operation 519 'load' 'window_V_305_loc_load' <Predicate = true> <Delay = 0.00>
ST_5 : Operation 520 [1/1] (0.00ns)   --->   "%window_V_606_2_i_loc_load = load i8 %window_V_606_2_i_loc"   --->   Operation 520 'load' 'window_V_606_2_i_loc_load' <Predicate = true> <Delay = 0.00>
ST_5 : Operation 521 [1/1] (0.00ns)   --->   "%window_V_304_loc_load = load i8 %window_V_304_loc"   --->   Operation 521 'load' 'window_V_304_loc_load' <Predicate = true> <Delay = 0.00>
ST_5 : Operation 522 [1/1] (0.00ns)   --->   "%window_V_604_2_i_loc_load = load i8 %window_V_604_2_i_loc"   --->   Operation 522 'load' 'window_V_604_2_i_loc_load' <Predicate = true> <Delay = 0.00>
ST_5 : Operation 523 [1/1] (0.00ns)   --->   "%window_V_603_2_i_loc_load = load i8 %window_V_603_2_i_loc"   --->   Operation 523 'load' 'window_V_603_2_i_loc_load' <Predicate = true> <Delay = 0.00>
ST_5 : Operation 524 [1/1] (0.00ns)   --->   "%window_V_301_loc_load = load i8 %window_V_301_loc"   --->   Operation 524 'load' 'window_V_301_loc_load' <Predicate = true> <Delay = 0.00>
ST_5 : Operation 525 [1/1] (0.00ns)   --->   "%window_V_300_loc_load = load i8 %window_V_300_loc"   --->   Operation 525 'load' 'window_V_300_loc_load' <Predicate = true> <Delay = 0.00>
ST_5 : Operation 526 [1/1] (0.00ns)   --->   "%window_V_600_2_i_loc_load = load i8 %window_V_600_2_i_loc"   --->   Operation 526 'load' 'window_V_600_2_i_loc_load' <Predicate = true> <Delay = 0.00>
ST_5 : Operation 527 [1/1] (0.00ns)   --->   "%window_V_299_loc_load = load i8 %window_V_299_loc"   --->   Operation 527 'load' 'window_V_299_loc_load' <Predicate = true> <Delay = 0.00>
ST_5 : Operation 528 [1/1] (0.00ns)   --->   "%window_V_298_loc_load = load i8 %window_V_298_loc"   --->   Operation 528 'load' 'window_V_298_loc_load' <Predicate = true> <Delay = 0.00>
ST_5 : Operation 529 [1/1] (0.00ns)   --->   "%window_V_597_2_i_loc_load = load i8 %window_V_597_2_i_loc"   --->   Operation 529 'load' 'window_V_597_2_i_loc_load' <Predicate = true> <Delay = 0.00>
ST_5 : Operation 530 [1/1] (0.00ns)   --->   "%window_V_297_loc_load = load i8 %window_V_297_loc"   --->   Operation 530 'load' 'window_V_297_loc_load' <Predicate = true> <Delay = 0.00>
ST_5 : Operation 531 [1/1] (0.00ns)   --->   "%window_V_595_2_i_loc_load = load i8 %window_V_595_2_i_loc"   --->   Operation 531 'load' 'window_V_595_2_i_loc_load' <Predicate = true> <Delay = 0.00>
ST_5 : Operation 532 [1/1] (0.00ns)   --->   "%window_V_594_2_i_loc_load = load i8 %window_V_594_2_i_loc"   --->   Operation 532 'load' 'window_V_594_2_i_loc_load' <Predicate = true> <Delay = 0.00>
ST_5 : Operation 533 [1/1] (0.00ns)   --->   "%window_V_294_loc_load = load i8 %window_V_294_loc"   --->   Operation 533 'load' 'window_V_294_loc_load' <Predicate = true> <Delay = 0.00>
ST_5 : Operation 534 [1/1] (0.00ns)   --->   "%window_V_293_loc_load = load i8 %window_V_293_loc"   --->   Operation 534 'load' 'window_V_293_loc_load' <Predicate = true> <Delay = 0.00>
ST_5 : Operation 535 [1/1] (0.00ns)   --->   "%window_V_591_2_i_loc_load = load i8 %window_V_591_2_i_loc"   --->   Operation 535 'load' 'window_V_591_2_i_loc_load' <Predicate = true> <Delay = 0.00>
ST_5 : Operation 536 [1/1] (0.00ns)   --->   "%window_V_292_loc_load = load i8 %window_V_292_loc"   --->   Operation 536 'load' 'window_V_292_loc_load' <Predicate = true> <Delay = 0.00>
ST_5 : Operation 537 [1/1] (0.00ns)   --->   "%window_V_291_loc_load = load i8 %window_V_291_loc"   --->   Operation 537 'load' 'window_V_291_loc_load' <Predicate = true> <Delay = 0.00>
ST_5 : Operation 538 [1/1] (0.00ns)   --->   "%window_V_588_2_i_loc_load = load i8 %window_V_588_2_i_loc"   --->   Operation 538 'load' 'window_V_588_2_i_loc_load' <Predicate = true> <Delay = 0.00>
ST_5 : Operation 539 [1/1] (0.00ns)   --->   "%window_V_290_loc_load = load i8 %window_V_290_loc"   --->   Operation 539 'load' 'window_V_290_loc_load' <Predicate = true> <Delay = 0.00>
ST_5 : Operation 540 [1/1] (0.00ns)   --->   "%window_V_586_2_i_loc_load = load i8 %window_V_586_2_i_loc"   --->   Operation 540 'load' 'window_V_586_2_i_loc_load' <Predicate = true> <Delay = 0.00>
ST_5 : Operation 541 [1/1] (0.00ns)   --->   "%window_V_585_2_i_loc_load = load i8 %window_V_585_2_i_loc"   --->   Operation 541 'load' 'window_V_585_2_i_loc_load' <Predicate = true> <Delay = 0.00>
ST_5 : Operation 542 [1/1] (0.00ns)   --->   "%window_V_287_loc_load = load i8 %window_V_287_loc"   --->   Operation 542 'load' 'window_V_287_loc_load' <Predicate = true> <Delay = 0.00>
ST_5 : Operation 543 [1/1] (0.00ns)   --->   "%window_V_286_loc_load = load i8 %window_V_286_loc"   --->   Operation 543 'load' 'window_V_286_loc_load' <Predicate = true> <Delay = 0.00>
ST_5 : Operation 544 [1/1] (0.00ns)   --->   "%window_V_582_2_i_loc_load = load i8 %window_V_582_2_i_loc"   --->   Operation 544 'load' 'window_V_582_2_i_loc_load' <Predicate = true> <Delay = 0.00>
ST_5 : Operation 545 [1/1] (0.00ns)   --->   "%window_V_285_loc_load = load i8 %window_V_285_loc"   --->   Operation 545 'load' 'window_V_285_loc_load' <Predicate = true> <Delay = 0.00>
ST_5 : Operation 546 [1/1] (0.00ns)   --->   "%window_V_284_loc_load = load i8 %window_V_284_loc"   --->   Operation 546 'load' 'window_V_284_loc_load' <Predicate = true> <Delay = 0.00>
ST_5 : Operation 547 [1/1] (0.00ns)   --->   "%window_V_579_2_i_loc_load = load i8 %window_V_579_2_i_loc"   --->   Operation 547 'load' 'window_V_579_2_i_loc_load' <Predicate = true> <Delay = 0.00>
ST_5 : Operation 548 [1/1] (0.00ns)   --->   "%window_V_283_loc_load = load i8 %window_V_283_loc"   --->   Operation 548 'load' 'window_V_283_loc_load' <Predicate = true> <Delay = 0.00>
ST_5 : Operation 549 [1/1] (0.00ns)   --->   "%window_V_577_2_i_loc_load = load i8 %window_V_577_2_i_loc"   --->   Operation 549 'load' 'window_V_577_2_i_loc_load' <Predicate = true> <Delay = 0.00>
ST_5 : Operation 550 [1/1] (0.00ns)   --->   "%window_V_576_2_i_loc_load = load i8 %window_V_576_2_i_loc"   --->   Operation 550 'load' 'window_V_576_2_i_loc_load' <Predicate = true> <Delay = 0.00>
ST_5 : Operation 551 [1/1] (0.00ns)   --->   "%window_V_280_loc_load = load i8 %window_V_280_loc"   --->   Operation 551 'load' 'window_V_280_loc_load' <Predicate = true> <Delay = 0.00>
ST_5 : Operation 552 [1/1] (0.00ns)   --->   "%window_V_279_loc_load = load i8 %window_V_279_loc"   --->   Operation 552 'load' 'window_V_279_loc_load' <Predicate = true> <Delay = 0.00>
ST_5 : Operation 553 [1/1] (0.00ns)   --->   "%window_V_573_2_i_loc_load = load i8 %window_V_573_2_i_loc"   --->   Operation 553 'load' 'window_V_573_2_i_loc_load' <Predicate = true> <Delay = 0.00>
ST_5 : Operation 554 [1/1] (0.00ns)   --->   "%window_V_278_loc_load = load i8 %window_V_278_loc"   --->   Operation 554 'load' 'window_V_278_loc_load' <Predicate = true> <Delay = 0.00>
ST_5 : Operation 555 [1/1] (0.00ns)   --->   "%window_V_277_loc_load = load i8 %window_V_277_loc"   --->   Operation 555 'load' 'window_V_277_loc_load' <Predicate = true> <Delay = 0.00>
ST_5 : Operation 556 [1/1] (0.00ns)   --->   "%window_V_570_2_i_loc_load = load i8 %window_V_570_2_i_loc"   --->   Operation 556 'load' 'window_V_570_2_i_loc_load' <Predicate = true> <Delay = 0.00>
ST_5 : Operation 557 [1/1] (0.00ns)   --->   "%window_V_276_loc_load = load i8 %window_V_276_loc"   --->   Operation 557 'load' 'window_V_276_loc_load' <Predicate = true> <Delay = 0.00>
ST_5 : Operation 558 [1/1] (0.00ns)   --->   "%window_V_568_2_i_loc_load = load i8 %window_V_568_2_i_loc"   --->   Operation 558 'load' 'window_V_568_2_i_loc_load' <Predicate = true> <Delay = 0.00>
ST_5 : Operation 559 [1/1] (0.00ns)   --->   "%window_V_567_2_i_loc_load = load i8 %window_V_567_2_i_loc"   --->   Operation 559 'load' 'window_V_567_2_i_loc_load' <Predicate = true> <Delay = 0.00>
ST_5 : Operation 560 [1/1] (0.00ns)   --->   "%window_V_273_loc_load = load i8 %window_V_273_loc"   --->   Operation 560 'load' 'window_V_273_loc_load' <Predicate = true> <Delay = 0.00>
ST_5 : Operation 561 [1/1] (0.00ns)   --->   "%window_V_272_loc_load = load i8 %window_V_272_loc"   --->   Operation 561 'load' 'window_V_272_loc_load' <Predicate = true> <Delay = 0.00>
ST_5 : Operation 562 [1/1] (0.00ns)   --->   "%window_V_564_2_i_loc_load = load i8 %window_V_564_2_i_loc"   --->   Operation 562 'load' 'window_V_564_2_i_loc_load' <Predicate = true> <Delay = 0.00>
ST_5 : Operation 563 [1/1] (0.00ns)   --->   "%window_V_271_loc_load = load i8 %window_V_271_loc"   --->   Operation 563 'load' 'window_V_271_loc_load' <Predicate = true> <Delay = 0.00>
ST_5 : Operation 564 [1/1] (0.00ns)   --->   "%window_V_270_loc_load = load i8 %window_V_270_loc"   --->   Operation 564 'load' 'window_V_270_loc_load' <Predicate = true> <Delay = 0.00>
ST_5 : Operation 565 [1/1] (0.00ns)   --->   "%window_V_561_2_i_loc_load = load i8 %window_V_561_2_i_loc"   --->   Operation 565 'load' 'window_V_561_2_i_loc_load' <Predicate = true> <Delay = 0.00>
ST_5 : Operation 566 [1/1] (0.00ns)   --->   "%window_V_269_loc_load = load i8 %window_V_269_loc"   --->   Operation 566 'load' 'window_V_269_loc_load' <Predicate = true> <Delay = 0.00>
ST_5 : Operation 567 [1/1] (0.00ns)   --->   "%window_V_559_2_i_loc_load = load i8 %window_V_559_2_i_loc"   --->   Operation 567 'load' 'window_V_559_2_i_loc_load' <Predicate = true> <Delay = 0.00>
ST_5 : Operation 568 [1/1] (0.00ns)   --->   "%window_V_558_2_i_loc_load = load i8 %window_V_558_2_i_loc"   --->   Operation 568 'load' 'window_V_558_2_i_loc_load' <Predicate = true> <Delay = 0.00>
ST_5 : Operation 569 [1/1] (0.00ns)   --->   "%window_V_266_loc_load = load i8 %window_V_266_loc"   --->   Operation 569 'load' 'window_V_266_loc_load' <Predicate = true> <Delay = 0.00>
ST_5 : Operation 570 [1/1] (0.00ns)   --->   "%window_V_265_loc_load = load i8 %window_V_265_loc"   --->   Operation 570 'load' 'window_V_265_loc_load' <Predicate = true> <Delay = 0.00>
ST_5 : Operation 571 [1/1] (0.00ns)   --->   "%window_V_555_2_i_loc_load = load i8 %window_V_555_2_i_loc"   --->   Operation 571 'load' 'window_V_555_2_i_loc_load' <Predicate = true> <Delay = 0.00>
ST_5 : Operation 572 [1/1] (0.00ns)   --->   "%window_V_264_loc_load = load i8 %window_V_264_loc"   --->   Operation 572 'load' 'window_V_264_loc_load' <Predicate = true> <Delay = 0.00>
ST_5 : Operation 573 [1/1] (0.00ns)   --->   "%window_V_263_loc_load = load i8 %window_V_263_loc"   --->   Operation 573 'load' 'window_V_263_loc_load' <Predicate = true> <Delay = 0.00>
ST_5 : Operation 574 [1/1] (0.00ns)   --->   "%window_V_552_2_i_loc_load = load i8 %window_V_552_2_i_loc"   --->   Operation 574 'load' 'window_V_552_2_i_loc_load' <Predicate = true> <Delay = 0.00>
ST_5 : Operation 575 [1/1] (0.00ns)   --->   "%window_V_262_loc_load = load i8 %window_V_262_loc"   --->   Operation 575 'load' 'window_V_262_loc_load' <Predicate = true> <Delay = 0.00>
ST_5 : Operation 576 [1/1] (0.00ns)   --->   "%window_V_550_2_i_loc_load = load i8 %window_V_550_2_i_loc"   --->   Operation 576 'load' 'window_V_550_2_i_loc_load' <Predicate = true> <Delay = 0.00>
ST_5 : Operation 577 [1/1] (0.00ns)   --->   "%window_V_549_2_i_loc_load = load i8 %window_V_549_2_i_loc"   --->   Operation 577 'load' 'window_V_549_2_i_loc_load' <Predicate = true> <Delay = 0.00>
ST_5 : Operation 578 [1/1] (0.00ns)   --->   "%window_V_259_loc_load = load i8 %window_V_259_loc"   --->   Operation 578 'load' 'window_V_259_loc_load' <Predicate = true> <Delay = 0.00>
ST_5 : Operation 579 [1/1] (0.00ns)   --->   "%window_V_258_loc_load = load i8 %window_V_258_loc"   --->   Operation 579 'load' 'window_V_258_loc_load' <Predicate = true> <Delay = 0.00>
ST_5 : Operation 580 [1/1] (0.00ns)   --->   "%window_V_546_2_i_loc_load = load i8 %window_V_546_2_i_loc"   --->   Operation 580 'load' 'window_V_546_2_i_loc_load' <Predicate = true> <Delay = 0.00>
ST_5 : Operation 581 [1/1] (0.00ns)   --->   "%window_V_257_loc_load = load i8 %window_V_257_loc"   --->   Operation 581 'load' 'window_V_257_loc_load' <Predicate = true> <Delay = 0.00>
ST_5 : Operation 582 [1/1] (0.00ns)   --->   "%window_V_256_loc_load = load i8 %window_V_256_loc"   --->   Operation 582 'load' 'window_V_256_loc_load' <Predicate = true> <Delay = 0.00>
ST_5 : Operation 583 [1/1] (0.00ns)   --->   "%window_V_543_2_i_loc_load = load i8 %window_V_543_2_i_loc"   --->   Operation 583 'load' 'window_V_543_2_i_loc_load' <Predicate = true> <Delay = 0.00>
ST_5 : Operation 584 [1/1] (0.00ns)   --->   "%window_V_255_loc_load = load i8 %window_V_255_loc"   --->   Operation 584 'load' 'window_V_255_loc_load' <Predicate = true> <Delay = 0.00>
ST_5 : Operation 585 [1/1] (0.00ns)   --->   "%window_V_541_2_i_loc_load = load i8 %window_V_541_2_i_loc"   --->   Operation 585 'load' 'window_V_541_2_i_loc_load' <Predicate = true> <Delay = 0.00>
ST_5 : Operation 586 [1/1] (0.00ns)   --->   "%window_V_540_2_i_loc_load = load i8 %window_V_540_2_i_loc"   --->   Operation 586 'load' 'window_V_540_2_i_loc_load' <Predicate = true> <Delay = 0.00>
ST_5 : Operation 587 [1/1] (0.00ns)   --->   "%window_V_252_loc_load = load i8 %window_V_252_loc"   --->   Operation 587 'load' 'window_V_252_loc_load' <Predicate = true> <Delay = 0.00>
ST_5 : Operation 588 [1/1] (0.00ns)   --->   "%window_V_251_loc_load = load i8 %window_V_251_loc"   --->   Operation 588 'load' 'window_V_251_loc_load' <Predicate = true> <Delay = 0.00>
ST_5 : Operation 589 [1/1] (0.00ns)   --->   "%window_V_537_2_i_loc_load = load i8 %window_V_537_2_i_loc"   --->   Operation 589 'load' 'window_V_537_2_i_loc_load' <Predicate = true> <Delay = 0.00>
ST_5 : Operation 590 [1/1] (0.00ns)   --->   "%window_V_250_loc_load = load i8 %window_V_250_loc"   --->   Operation 590 'load' 'window_V_250_loc_load' <Predicate = true> <Delay = 0.00>
ST_5 : Operation 591 [1/1] (0.00ns)   --->   "%window_V_249_loc_load = load i8 %window_V_249_loc"   --->   Operation 591 'load' 'window_V_249_loc_load' <Predicate = true> <Delay = 0.00>
ST_5 : Operation 592 [1/1] (0.00ns)   --->   "%window_V_534_2_i_loc_load = load i8 %window_V_534_2_i_loc"   --->   Operation 592 'load' 'window_V_534_2_i_loc_load' <Predicate = true> <Delay = 0.00>
ST_5 : Operation 593 [1/1] (0.00ns)   --->   "%window_V_248_loc_load = load i8 %window_V_248_loc"   --->   Operation 593 'load' 'window_V_248_loc_load' <Predicate = true> <Delay = 0.00>
ST_5 : Operation 594 [1/1] (0.00ns)   --->   "%window_V_532_2_i_loc_load = load i8 %window_V_532_2_i_loc"   --->   Operation 594 'load' 'window_V_532_2_i_loc_load' <Predicate = true> <Delay = 0.00>
ST_5 : Operation 595 [1/1] (0.00ns)   --->   "%window_V_531_2_i_loc_load = load i8 %window_V_531_2_i_loc"   --->   Operation 595 'load' 'window_V_531_2_i_loc_load' <Predicate = true> <Delay = 0.00>
ST_5 : Operation 596 [1/1] (0.00ns)   --->   "%window_V_245_loc_load = load i8 %window_V_245_loc"   --->   Operation 596 'load' 'window_V_245_loc_load' <Predicate = true> <Delay = 0.00>
ST_5 : Operation 597 [1/1] (0.00ns)   --->   "%window_V_244_loc_load = load i8 %window_V_244_loc"   --->   Operation 597 'load' 'window_V_244_loc_load' <Predicate = true> <Delay = 0.00>
ST_5 : Operation 598 [1/1] (0.00ns)   --->   "%window_V_528_2_i_loc_load = load i8 %window_V_528_2_i_loc"   --->   Operation 598 'load' 'window_V_528_2_i_loc_load' <Predicate = true> <Delay = 0.00>
ST_5 : Operation 599 [1/1] (0.00ns)   --->   "%window_V_243_loc_load = load i8 %window_V_243_loc"   --->   Operation 599 'load' 'window_V_243_loc_load' <Predicate = true> <Delay = 0.00>
ST_5 : Operation 600 [1/1] (0.00ns)   --->   "%window_V_242_loc_load = load i8 %window_V_242_loc"   --->   Operation 600 'load' 'window_V_242_loc_load' <Predicate = true> <Delay = 0.00>
ST_5 : Operation 601 [1/1] (0.00ns)   --->   "%window_V_525_2_i_loc_load = load i8 %window_V_525_2_i_loc"   --->   Operation 601 'load' 'window_V_525_2_i_loc_load' <Predicate = true> <Delay = 0.00>
ST_5 : Operation 602 [1/1] (0.00ns)   --->   "%window_V_241_loc_load = load i8 %window_V_241_loc"   --->   Operation 602 'load' 'window_V_241_loc_load' <Predicate = true> <Delay = 0.00>
ST_5 : Operation 603 [1/1] (0.00ns)   --->   "%window_V_523_2_i_loc_load = load i8 %window_V_523_2_i_loc"   --->   Operation 603 'load' 'window_V_523_2_i_loc_load' <Predicate = true> <Delay = 0.00>
ST_5 : Operation 604 [1/1] (0.00ns)   --->   "%window_V_522_2_i_loc_load = load i8 %window_V_522_2_i_loc"   --->   Operation 604 'load' 'window_V_522_2_i_loc_load' <Predicate = true> <Delay = 0.00>
ST_5 : Operation 605 [1/1] (0.00ns)   --->   "%window_V_238_loc_load = load i8 %window_V_238_loc"   --->   Operation 605 'load' 'window_V_238_loc_load' <Predicate = true> <Delay = 0.00>
ST_5 : Operation 606 [1/1] (0.00ns)   --->   "%window_V_237_loc_load = load i8 %window_V_237_loc"   --->   Operation 606 'load' 'window_V_237_loc_load' <Predicate = true> <Delay = 0.00>
ST_5 : Operation 607 [1/1] (0.00ns)   --->   "%window_V_519_2_i_loc_load = load i8 %window_V_519_2_i_loc"   --->   Operation 607 'load' 'window_V_519_2_i_loc_load' <Predicate = true> <Delay = 0.00>
ST_5 : Operation 608 [1/1] (0.00ns)   --->   "%window_V_236_loc_load = load i8 %window_V_236_loc"   --->   Operation 608 'load' 'window_V_236_loc_load' <Predicate = true> <Delay = 0.00>
ST_5 : Operation 609 [1/1] (0.00ns)   --->   "%window_V_235_loc_load = load i8 %window_V_235_loc"   --->   Operation 609 'load' 'window_V_235_loc_load' <Predicate = true> <Delay = 0.00>
ST_5 : Operation 610 [1/1] (0.00ns)   --->   "%window_V_516_2_i_loc_load = load i8 %window_V_516_2_i_loc"   --->   Operation 610 'load' 'window_V_516_2_i_loc_load' <Predicate = true> <Delay = 0.00>
ST_5 : Operation 611 [1/1] (0.00ns)   --->   "%window_V_234_loc_load = load i8 %window_V_234_loc"   --->   Operation 611 'load' 'window_V_234_loc_load' <Predicate = true> <Delay = 0.00>
ST_5 : Operation 612 [1/1] (0.00ns)   --->   "%window_V_514_2_i_loc_load = load i8 %window_V_514_2_i_loc"   --->   Operation 612 'load' 'window_V_514_2_i_loc_load' <Predicate = true> <Delay = 0.00>
ST_5 : Operation 613 [1/1] (0.00ns)   --->   "%window_V_2_i_loc_load = load i8 %window_V_2_i_loc"   --->   Operation 613 'load' 'window_V_2_i_loc_load' <Predicate = true> <Delay = 0.00>
ST_5 : Operation 614 [1/1] (0.00ns)   --->   "%empty_50 = wait i32 @_ssdm_op_Wait"   --->   Operation 614 'wait' 'empty_50' <Predicate = true> <Delay = 0.00>
ST_5 : Operation 615 [1/1] (0.48ns)   --->   "%br_ln64 = br void %for.body152.i" [vgg_accelerator.cpp:64]   --->   Operation 615 'br' 'br_ln64' <Predicate = true> <Delay = 0.48>

State 6 <SV = 5> <Delay = 1.36>
ST_6 : Operation 616 [1/1] (0.00ns)   --->   "%f = phi i6 %add_ln64, void %for.body152.split.i, i6 0, void %for.inc205.i" [vgg_accelerator.cpp:64]   --->   Operation 616 'phi' 'f' <Predicate = true> <Delay = 0.00>
ST_6 : Operation 617 [1/1] (0.87ns)   --->   "%icmp_ln64 = icmp_eq  i6 %f, i6 32" [vgg_accelerator.cpp:64]   --->   Operation 617 'icmp' 'icmp_ln64' <Predicate = true> <Delay = 0.87> <CoreInst = "Cmp">   --->   Core 9 'Cmp' <Latency = 0> <II = 1> <Delay = 0.87> <FuncUnit> <Opcode : 'icmp'> <InPorts = 2> <OutPorts = 1>
ST_6 : Operation 618 [1/1] (0.00ns)   --->   "%empty = speclooptripcount i32 @_ssdm_op_SpecLoopTripCount, i64 32, i64 32, i64 32"   --->   Operation 618 'speclooptripcount' 'empty' <Predicate = true> <Delay = 0.00>
ST_6 : Operation 619 [1/1] (0.88ns)   --->   "%add_ln64 = add i6 %f, i6 1" [vgg_accelerator.cpp:64]   --->   Operation 619 'add' 'add_ln64' <Predicate = true> <Delay = 0.88> <CoreInst = "Adder">   --->   Core 1 'Adder' <Latency = 0> <II = 1> <Delay = 0.88> <FuncUnit> <Opcode : 'add' 'sub'> <InPorts = 2> <OutPorts = 1>
ST_6 : Operation 620 [1/1] (0.00ns)   --->   "%br_ln64 = br i1 %icmp_ln64, void %for.body152.split.i, void %for.inc202.i" [vgg_accelerator.cpp:64]   --->   Operation 620 'br' 'br_ln64' <Predicate = true> <Delay = 0.00>
ST_6 : Operation 621 [1/1] (0.00ns)   --->   "%zext_ln64 = zext i6 %f" [vgg_accelerator.cpp:64]   --->   Operation 621 'zext' 'zext_ln64' <Predicate = (!icmp_ln64)> <Delay = 0.00>
ST_6 : Operation 622 [1/1] (0.00ns)   --->   "%conv2_bias_addr = getelementptr i4 %conv2_bias, i64 0, i64 %zext_ln64" [vgg_accelerator.cpp:66]   --->   Operation 622 'getelementptr' 'conv2_bias_addr' <Predicate = (!icmp_ln64)> <Delay = 0.00>
ST_6 : Operation 623 [2/2] (0.79ns)   --->   "%acc_V = load i5 %conv2_bias_addr" [vgg_accelerator.cpp:66]   --->   Operation 623 'load' 'acc_V' <Predicate = (!icmp_ln64)> <Delay = 0.79> <CoreInst = "ROM">   --->   Core 101 'ROM' <Latency = 1> <II = 1> <Delay = 0.79> <Storage> <Opcode : 'load'> <Ports = 0> <Width = 4> <Depth = 32> <ROM>
ST_6 : Operation 624 [1/1] (0.00ns)   --->   "%trunc_ln76 = trunc i6 %f" [vgg_accelerator.cpp:76]   --->   Operation 624 'trunc' 'trunc_ln76' <Predicate = (!icmp_ln64)> <Delay = 0.00>
ST_6 : Operation 625 [1/1] (0.00ns)   --->   "%empty_47 = wait i32 @_ssdm_op_Wait"   --->   Operation 625 'wait' 'empty_47' <Predicate = (!icmp_ln64)> <Delay = 0.00>
ST_6 : Operation 626 [1/1] (0.87ns)   --->   "%add_ln37 = add i5 %select_ln36, i5 1" [vgg_accelerator.cpp:37]   --->   Operation 626 'add' 'add_ln37' <Predicate = (icmp_ln64)> <Delay = 0.87> <CoreInst = "Adder">   --->   Core 1 'Adder' <Latency = 0> <II = 1> <Delay = 0.87> <FuncUnit> <Opcode : 'add' 'sub'> <InPorts = 2> <OutPorts = 1>
ST_6 : Operation 627 [1/1] (0.48ns)   --->   "%store_ln37 = store i9 %add_ln36, i9 %indvar_flatten20" [vgg_accelerator.cpp:37]   --->   Operation 627 'store' 'store_ln37' <Predicate = (icmp_ln64)> <Delay = 0.48>
ST_6 : Operation 628 [1/1] (0.00ns)   --->   "%store_ln37 = store i8 %window_V_230_loc_load, i8 %window_V_656_1_i" [vgg_accelerator.cpp:37]   --->   Operation 628 'store' 'store_ln37' <Predicate = (icmp_ln64)> <Delay = 0.00>
ST_6 : Operation 629 [1/1] (0.00ns)   --->   "%store_ln37 = store i8 %window_V_229_loc_load, i8 %window_V_655_1_i" [vgg_accelerator.cpp:37]   --->   Operation 629 'store' 'store_ln37' <Predicate = (icmp_ln64)> <Delay = 0.00>
ST_6 : Operation 630 [1/1] (0.00ns)   --->   "%store_ln37 = store i8 %window_V_654_2_i_loc_load, i8 %window_V_654_1_i" [vgg_accelerator.cpp:37]   --->   Operation 630 'store' 'store_ln37' <Predicate = (icmp_ln64)> <Delay = 0.00>
ST_6 : Operation 631 [1/1] (0.00ns)   --->   "%store_ln37 = store i8 %window_V_228_loc_load, i8 %window_V_653_1_i" [vgg_accelerator.cpp:37]   --->   Operation 631 'store' 'store_ln37' <Predicate = (icmp_ln64)> <Delay = 0.00>
ST_6 : Operation 632 [1/1] (0.00ns)   --->   "%store_ln37 = store i8 %window_V_227_loc_load, i8 %window_V_652_1_i" [vgg_accelerator.cpp:37]   --->   Operation 632 'store' 'store_ln37' <Predicate = (icmp_ln64)> <Delay = 0.00>
ST_6 : Operation 633 [1/1] (0.00ns)   --->   "%store_ln37 = store i8 %window_V_651_2_i_loc_load, i8 %window_V_651_1_i" [vgg_accelerator.cpp:37]   --->   Operation 633 'store' 'store_ln37' <Predicate = (icmp_ln64)> <Delay = 0.00>
ST_6 : Operation 634 [1/1] (0.00ns)   --->   "%store_ln37 = store i8 %window_V_226_loc_load, i8 %window_V_650_1_i" [vgg_accelerator.cpp:37]   --->   Operation 634 'store' 'store_ln37' <Predicate = (icmp_ln64)> <Delay = 0.00>
ST_6 : Operation 635 [1/1] (0.00ns)   --->   "%store_ln37 = store i8 %window_V_649_2_i_loc_load, i8 %window_V_649_1_i" [vgg_accelerator.cpp:37]   --->   Operation 635 'store' 'store_ln37' <Predicate = (icmp_ln64)> <Delay = 0.00>
ST_6 : Operation 636 [1/1] (0.00ns)   --->   "%store_ln37 = store i8 %window_V_648_2_i_loc_load, i8 %window_V_648_1_i" [vgg_accelerator.cpp:37]   --->   Operation 636 'store' 'store_ln37' <Predicate = (icmp_ln64)> <Delay = 0.00>
ST_6 : Operation 637 [1/1] (0.00ns)   --->   "%store_ln37 = store i8 %window_V_336_loc_load, i8 %window_V_647_1_i" [vgg_accelerator.cpp:37]   --->   Operation 637 'store' 'store_ln37' <Predicate = (icmp_ln64)> <Delay = 0.00>
ST_6 : Operation 638 [1/1] (0.00ns)   --->   "%store_ln37 = store i8 %window_V_335_loc_load, i8 %window_V_646_1_i" [vgg_accelerator.cpp:37]   --->   Operation 638 'store' 'store_ln37' <Predicate = (icmp_ln64)> <Delay = 0.00>
ST_6 : Operation 639 [1/1] (0.00ns)   --->   "%store_ln37 = store i8 %window_V_645_2_i_loc_load, i8 %window_V_645_1_i" [vgg_accelerator.cpp:37]   --->   Operation 639 'store' 'store_ln37' <Predicate = (icmp_ln64)> <Delay = 0.00>
ST_6 : Operation 640 [1/1] (0.00ns)   --->   "%store_ln37 = store i8 %window_V_334_loc_load, i8 %window_V_644_1_i" [vgg_accelerator.cpp:37]   --->   Operation 640 'store' 'store_ln37' <Predicate = (icmp_ln64)> <Delay = 0.00>
ST_6 : Operation 641 [1/1] (0.00ns)   --->   "%store_ln37 = store i8 %window_V_333_loc_load, i8 %window_V_643_1_i" [vgg_accelerator.cpp:37]   --->   Operation 641 'store' 'store_ln37' <Predicate = (icmp_ln64)> <Delay = 0.00>
ST_6 : Operation 642 [1/1] (0.00ns)   --->   "%store_ln37 = store i8 %window_V_642_2_i_loc_load, i8 %window_V_642_1_i" [vgg_accelerator.cpp:37]   --->   Operation 642 'store' 'store_ln37' <Predicate = (icmp_ln64)> <Delay = 0.00>
ST_6 : Operation 643 [1/1] (0.00ns)   --->   "%store_ln37 = store i8 %window_V_332_loc_load, i8 %window_V_641_1_i" [vgg_accelerator.cpp:37]   --->   Operation 643 'store' 'store_ln37' <Predicate = (icmp_ln64)> <Delay = 0.00>
ST_6 : Operation 644 [1/1] (0.00ns)   --->   "%store_ln37 = store i8 %window_V_640_2_i_loc_load, i8 %window_V_640_1_i" [vgg_accelerator.cpp:37]   --->   Operation 644 'store' 'store_ln37' <Predicate = (icmp_ln64)> <Delay = 0.00>
ST_6 : Operation 645 [1/1] (0.00ns)   --->   "%store_ln37 = store i8 %window_V_639_2_i_loc_load, i8 %window_V_639_1_i" [vgg_accelerator.cpp:37]   --->   Operation 645 'store' 'store_ln37' <Predicate = (icmp_ln64)> <Delay = 0.00>
ST_6 : Operation 646 [1/1] (0.00ns)   --->   "%store_ln37 = store i8 %window_V_329_loc_load, i8 %window_V_638_1_i" [vgg_accelerator.cpp:37]   --->   Operation 646 'store' 'store_ln37' <Predicate = (icmp_ln64)> <Delay = 0.00>
ST_6 : Operation 647 [1/1] (0.00ns)   --->   "%store_ln37 = store i8 %window_V_328_loc_load, i8 %window_V_637_1_i" [vgg_accelerator.cpp:37]   --->   Operation 647 'store' 'store_ln37' <Predicate = (icmp_ln64)> <Delay = 0.00>
ST_6 : Operation 648 [1/1] (0.00ns)   --->   "%store_ln37 = store i8 %window_V_636_2_i_loc_load, i8 %window_V_636_1_i" [vgg_accelerator.cpp:37]   --->   Operation 648 'store' 'store_ln37' <Predicate = (icmp_ln64)> <Delay = 0.00>
ST_6 : Operation 649 [1/1] (0.00ns)   --->   "%store_ln37 = store i8 %window_V_327_loc_load, i8 %window_V_635_1_i" [vgg_accelerator.cpp:37]   --->   Operation 649 'store' 'store_ln37' <Predicate = (icmp_ln64)> <Delay = 0.00>
ST_6 : Operation 650 [1/1] (0.00ns)   --->   "%store_ln37 = store i8 %window_V_326_loc_load, i8 %window_V_634_1_i" [vgg_accelerator.cpp:37]   --->   Operation 650 'store' 'store_ln37' <Predicate = (icmp_ln64)> <Delay = 0.00>
ST_6 : Operation 651 [1/1] (0.00ns)   --->   "%store_ln37 = store i8 %window_V_633_2_i_loc_load, i8 %window_V_633_1_i" [vgg_accelerator.cpp:37]   --->   Operation 651 'store' 'store_ln37' <Predicate = (icmp_ln64)> <Delay = 0.00>
ST_6 : Operation 652 [1/1] (0.00ns)   --->   "%store_ln37 = store i8 %window_V_325_loc_load, i8 %window_V_632_1_i" [vgg_accelerator.cpp:37]   --->   Operation 652 'store' 'store_ln37' <Predicate = (icmp_ln64)> <Delay = 0.00>
ST_6 : Operation 653 [1/1] (0.00ns)   --->   "%store_ln37 = store i8 %window_V_631_2_i_loc_load, i8 %window_V_631_1_i" [vgg_accelerator.cpp:37]   --->   Operation 653 'store' 'store_ln37' <Predicate = (icmp_ln64)> <Delay = 0.00>
ST_6 : Operation 654 [1/1] (0.00ns)   --->   "%store_ln37 = store i8 %window_V_630_2_i_loc_load, i8 %window_V_630_1_i" [vgg_accelerator.cpp:37]   --->   Operation 654 'store' 'store_ln37' <Predicate = (icmp_ln64)> <Delay = 0.00>
ST_6 : Operation 655 [1/1] (0.00ns)   --->   "%store_ln37 = store i8 %window_V_322_loc_load, i8 %window_V_629_1_i" [vgg_accelerator.cpp:37]   --->   Operation 655 'store' 'store_ln37' <Predicate = (icmp_ln64)> <Delay = 0.00>
ST_6 : Operation 656 [1/1] (0.00ns)   --->   "%store_ln37 = store i8 %window_V_321_loc_load, i8 %window_V_628_1_i" [vgg_accelerator.cpp:37]   --->   Operation 656 'store' 'store_ln37' <Predicate = (icmp_ln64)> <Delay = 0.00>
ST_6 : Operation 657 [1/1] (0.00ns)   --->   "%store_ln37 = store i8 %window_V_627_2_i_loc_load, i8 %window_V_627_1_i" [vgg_accelerator.cpp:37]   --->   Operation 657 'store' 'store_ln37' <Predicate = (icmp_ln64)> <Delay = 0.00>
ST_6 : Operation 658 [1/1] (0.00ns)   --->   "%store_ln37 = store i8 %window_V_320_loc_load, i8 %window_V_626_1_i" [vgg_accelerator.cpp:37]   --->   Operation 658 'store' 'store_ln37' <Predicate = (icmp_ln64)> <Delay = 0.00>
ST_6 : Operation 659 [1/1] (0.00ns)   --->   "%store_ln37 = store i8 %window_V_319_loc_load, i8 %window_V_625_1_i" [vgg_accelerator.cpp:37]   --->   Operation 659 'store' 'store_ln37' <Predicate = (icmp_ln64)> <Delay = 0.00>
ST_6 : Operation 660 [1/1] (0.00ns)   --->   "%store_ln37 = store i8 %window_V_624_2_i_loc_load, i8 %window_V_624_1_i" [vgg_accelerator.cpp:37]   --->   Operation 660 'store' 'store_ln37' <Predicate = (icmp_ln64)> <Delay = 0.00>
ST_6 : Operation 661 [1/1] (0.00ns)   --->   "%store_ln37 = store i8 %window_V_318_loc_load, i8 %window_V_623_1_i" [vgg_accelerator.cpp:37]   --->   Operation 661 'store' 'store_ln37' <Predicate = (icmp_ln64)> <Delay = 0.00>
ST_6 : Operation 662 [1/1] (0.00ns)   --->   "%store_ln37 = store i8 %window_V_622_2_i_loc_load, i8 %window_V_622_1_i" [vgg_accelerator.cpp:37]   --->   Operation 662 'store' 'store_ln37' <Predicate = (icmp_ln64)> <Delay = 0.00>
ST_6 : Operation 663 [1/1] (0.00ns)   --->   "%store_ln37 = store i8 %window_V_621_2_i_loc_load, i8 %window_V_621_1_i" [vgg_accelerator.cpp:37]   --->   Operation 663 'store' 'store_ln37' <Predicate = (icmp_ln64)> <Delay = 0.00>
ST_6 : Operation 664 [1/1] (0.00ns)   --->   "%store_ln37 = store i8 %window_V_315_loc_load, i8 %window_V_620_1_i" [vgg_accelerator.cpp:37]   --->   Operation 664 'store' 'store_ln37' <Predicate = (icmp_ln64)> <Delay = 0.00>
ST_6 : Operation 665 [1/1] (0.00ns)   --->   "%store_ln37 = store i8 %window_V_314_loc_load, i8 %window_V_619_1_i" [vgg_accelerator.cpp:37]   --->   Operation 665 'store' 'store_ln37' <Predicate = (icmp_ln64)> <Delay = 0.00>
ST_6 : Operation 666 [1/1] (0.00ns)   --->   "%store_ln37 = store i8 %window_V_618_2_i_loc_load, i8 %window_V_618_1_i" [vgg_accelerator.cpp:37]   --->   Operation 666 'store' 'store_ln37' <Predicate = (icmp_ln64)> <Delay = 0.00>
ST_6 : Operation 667 [1/1] (0.00ns)   --->   "%store_ln37 = store i8 %window_V_313_loc_load, i8 %window_V_617_1_i" [vgg_accelerator.cpp:37]   --->   Operation 667 'store' 'store_ln37' <Predicate = (icmp_ln64)> <Delay = 0.00>
ST_6 : Operation 668 [1/1] (0.00ns)   --->   "%store_ln37 = store i8 %window_V_312_loc_load, i8 %window_V_616_1_i" [vgg_accelerator.cpp:37]   --->   Operation 668 'store' 'store_ln37' <Predicate = (icmp_ln64)> <Delay = 0.00>
ST_6 : Operation 669 [1/1] (0.00ns)   --->   "%store_ln37 = store i8 %window_V_615_2_i_loc_load, i8 %window_V_615_1_i" [vgg_accelerator.cpp:37]   --->   Operation 669 'store' 'store_ln37' <Predicate = (icmp_ln64)> <Delay = 0.00>
ST_6 : Operation 670 [1/1] (0.00ns)   --->   "%store_ln37 = store i8 %window_V_311_loc_load, i8 %window_V_614_1_i" [vgg_accelerator.cpp:37]   --->   Operation 670 'store' 'store_ln37' <Predicate = (icmp_ln64)> <Delay = 0.00>
ST_6 : Operation 671 [1/1] (0.00ns)   --->   "%store_ln37 = store i8 %window_V_613_2_i_loc_load, i8 %window_V_613_1_i" [vgg_accelerator.cpp:37]   --->   Operation 671 'store' 'store_ln37' <Predicate = (icmp_ln64)> <Delay = 0.00>
ST_6 : Operation 672 [1/1] (0.00ns)   --->   "%store_ln37 = store i8 %window_V_612_2_i_loc_load, i8 %window_V_612_1_i" [vgg_accelerator.cpp:37]   --->   Operation 672 'store' 'store_ln37' <Predicate = (icmp_ln64)> <Delay = 0.00>
ST_6 : Operation 673 [1/1] (0.00ns)   --->   "%store_ln37 = store i8 %window_V_308_loc_load, i8 %window_V_611_1_i" [vgg_accelerator.cpp:37]   --->   Operation 673 'store' 'store_ln37' <Predicate = (icmp_ln64)> <Delay = 0.00>
ST_6 : Operation 674 [1/1] (0.00ns)   --->   "%store_ln37 = store i8 %window_V_307_loc_load, i8 %window_V_610_1_i" [vgg_accelerator.cpp:37]   --->   Operation 674 'store' 'store_ln37' <Predicate = (icmp_ln64)> <Delay = 0.00>
ST_6 : Operation 675 [1/1] (0.00ns)   --->   "%store_ln37 = store i8 %window_V_609_2_i_loc_load, i8 %window_V_609_1_i" [vgg_accelerator.cpp:37]   --->   Operation 675 'store' 'store_ln37' <Predicate = (icmp_ln64)> <Delay = 0.00>
ST_6 : Operation 676 [1/1] (0.00ns)   --->   "%store_ln37 = store i8 %window_V_306_loc_load, i8 %window_V_608_1_i" [vgg_accelerator.cpp:37]   --->   Operation 676 'store' 'store_ln37' <Predicate = (icmp_ln64)> <Delay = 0.00>
ST_6 : Operation 677 [1/1] (0.00ns)   --->   "%store_ln37 = store i8 %window_V_305_loc_load, i8 %window_V_607_1_i" [vgg_accelerator.cpp:37]   --->   Operation 677 'store' 'store_ln37' <Predicate = (icmp_ln64)> <Delay = 0.00>
ST_6 : Operation 678 [1/1] (0.00ns)   --->   "%store_ln37 = store i8 %window_V_606_2_i_loc_load, i8 %window_V_606_1_i" [vgg_accelerator.cpp:37]   --->   Operation 678 'store' 'store_ln37' <Predicate = (icmp_ln64)> <Delay = 0.00>
ST_6 : Operation 679 [1/1] (0.00ns)   --->   "%store_ln37 = store i8 %window_V_304_loc_load, i8 %window_V_605_1_i" [vgg_accelerator.cpp:37]   --->   Operation 679 'store' 'store_ln37' <Predicate = (icmp_ln64)> <Delay = 0.00>
ST_6 : Operation 680 [1/1] (0.00ns)   --->   "%store_ln37 = store i8 %window_V_604_2_i_loc_load, i8 %window_V_604_1_i" [vgg_accelerator.cpp:37]   --->   Operation 680 'store' 'store_ln37' <Predicate = (icmp_ln64)> <Delay = 0.00>
ST_6 : Operation 681 [1/1] (0.00ns)   --->   "%store_ln37 = store i8 %window_V_603_2_i_loc_load, i8 %window_V_603_1_i" [vgg_accelerator.cpp:37]   --->   Operation 681 'store' 'store_ln37' <Predicate = (icmp_ln64)> <Delay = 0.00>
ST_6 : Operation 682 [1/1] (0.00ns)   --->   "%store_ln37 = store i8 %window_V_301_loc_load, i8 %window_V_602_1_i" [vgg_accelerator.cpp:37]   --->   Operation 682 'store' 'store_ln37' <Predicate = (icmp_ln64)> <Delay = 0.00>
ST_6 : Operation 683 [1/1] (0.00ns)   --->   "%store_ln37 = store i8 %window_V_300_loc_load, i8 %window_V_601_1_i" [vgg_accelerator.cpp:37]   --->   Operation 683 'store' 'store_ln37' <Predicate = (icmp_ln64)> <Delay = 0.00>
ST_6 : Operation 684 [1/1] (0.00ns)   --->   "%store_ln37 = store i8 %window_V_600_2_i_loc_load, i8 %window_V_600_1_i" [vgg_accelerator.cpp:37]   --->   Operation 684 'store' 'store_ln37' <Predicate = (icmp_ln64)> <Delay = 0.00>
ST_6 : Operation 685 [1/1] (0.00ns)   --->   "%store_ln37 = store i8 %window_V_299_loc_load, i8 %window_V_599_1_i" [vgg_accelerator.cpp:37]   --->   Operation 685 'store' 'store_ln37' <Predicate = (icmp_ln64)> <Delay = 0.00>
ST_6 : Operation 686 [1/1] (0.00ns)   --->   "%store_ln37 = store i8 %window_V_298_loc_load, i8 %window_V_598_1_i" [vgg_accelerator.cpp:37]   --->   Operation 686 'store' 'store_ln37' <Predicate = (icmp_ln64)> <Delay = 0.00>
ST_6 : Operation 687 [1/1] (0.00ns)   --->   "%store_ln37 = store i8 %window_V_597_2_i_loc_load, i8 %window_V_597_1_i" [vgg_accelerator.cpp:37]   --->   Operation 687 'store' 'store_ln37' <Predicate = (icmp_ln64)> <Delay = 0.00>
ST_6 : Operation 688 [1/1] (0.00ns)   --->   "%store_ln37 = store i8 %window_V_297_loc_load, i8 %window_V_596_1_i" [vgg_accelerator.cpp:37]   --->   Operation 688 'store' 'store_ln37' <Predicate = (icmp_ln64)> <Delay = 0.00>
ST_6 : Operation 689 [1/1] (0.00ns)   --->   "%store_ln37 = store i8 %window_V_595_2_i_loc_load, i8 %window_V_595_1_i" [vgg_accelerator.cpp:37]   --->   Operation 689 'store' 'store_ln37' <Predicate = (icmp_ln64)> <Delay = 0.00>
ST_6 : Operation 690 [1/1] (0.00ns)   --->   "%store_ln37 = store i8 %window_V_594_2_i_loc_load, i8 %window_V_594_1_i" [vgg_accelerator.cpp:37]   --->   Operation 690 'store' 'store_ln37' <Predicate = (icmp_ln64)> <Delay = 0.00>
ST_6 : Operation 691 [1/1] (0.00ns)   --->   "%store_ln37 = store i8 %window_V_294_loc_load, i8 %window_V_593_1_i" [vgg_accelerator.cpp:37]   --->   Operation 691 'store' 'store_ln37' <Predicate = (icmp_ln64)> <Delay = 0.00>
ST_6 : Operation 692 [1/1] (0.00ns)   --->   "%store_ln37 = store i8 %window_V_293_loc_load, i8 %window_V_592_1_i" [vgg_accelerator.cpp:37]   --->   Operation 692 'store' 'store_ln37' <Predicate = (icmp_ln64)> <Delay = 0.00>
ST_6 : Operation 693 [1/1] (0.00ns)   --->   "%store_ln37 = store i8 %window_V_591_2_i_loc_load, i8 %window_V_591_1_i" [vgg_accelerator.cpp:37]   --->   Operation 693 'store' 'store_ln37' <Predicate = (icmp_ln64)> <Delay = 0.00>
ST_6 : Operation 694 [1/1] (0.00ns)   --->   "%store_ln37 = store i8 %window_V_292_loc_load, i8 %window_V_590_1_i" [vgg_accelerator.cpp:37]   --->   Operation 694 'store' 'store_ln37' <Predicate = (icmp_ln64)> <Delay = 0.00>
ST_6 : Operation 695 [1/1] (0.00ns)   --->   "%store_ln37 = store i8 %window_V_291_loc_load, i8 %window_V_589_1_i" [vgg_accelerator.cpp:37]   --->   Operation 695 'store' 'store_ln37' <Predicate = (icmp_ln64)> <Delay = 0.00>
ST_6 : Operation 696 [1/1] (0.00ns)   --->   "%store_ln37 = store i8 %window_V_588_2_i_loc_load, i8 %window_V_588_1_i" [vgg_accelerator.cpp:37]   --->   Operation 696 'store' 'store_ln37' <Predicate = (icmp_ln64)> <Delay = 0.00>
ST_6 : Operation 697 [1/1] (0.00ns)   --->   "%store_ln37 = store i8 %window_V_290_loc_load, i8 %window_V_587_1_i" [vgg_accelerator.cpp:37]   --->   Operation 697 'store' 'store_ln37' <Predicate = (icmp_ln64)> <Delay = 0.00>
ST_6 : Operation 698 [1/1] (0.00ns)   --->   "%store_ln37 = store i8 %window_V_586_2_i_loc_load, i8 %window_V_586_1_i" [vgg_accelerator.cpp:37]   --->   Operation 698 'store' 'store_ln37' <Predicate = (icmp_ln64)> <Delay = 0.00>
ST_6 : Operation 699 [1/1] (0.00ns)   --->   "%store_ln37 = store i8 %window_V_585_2_i_loc_load, i8 %window_V_585_1_i" [vgg_accelerator.cpp:37]   --->   Operation 699 'store' 'store_ln37' <Predicate = (icmp_ln64)> <Delay = 0.00>
ST_6 : Operation 700 [1/1] (0.00ns)   --->   "%store_ln37 = store i8 %window_V_287_loc_load, i8 %window_V_584_1_i" [vgg_accelerator.cpp:37]   --->   Operation 700 'store' 'store_ln37' <Predicate = (icmp_ln64)> <Delay = 0.00>
ST_6 : Operation 701 [1/1] (0.00ns)   --->   "%store_ln37 = store i8 %window_V_286_loc_load, i8 %window_V_583_1_i" [vgg_accelerator.cpp:37]   --->   Operation 701 'store' 'store_ln37' <Predicate = (icmp_ln64)> <Delay = 0.00>
ST_6 : Operation 702 [1/1] (0.00ns)   --->   "%store_ln37 = store i8 %window_V_582_2_i_loc_load, i8 %window_V_582_1_i" [vgg_accelerator.cpp:37]   --->   Operation 702 'store' 'store_ln37' <Predicate = (icmp_ln64)> <Delay = 0.00>
ST_6 : Operation 703 [1/1] (0.00ns)   --->   "%store_ln37 = store i8 %window_V_285_loc_load, i8 %window_V_581_1_i" [vgg_accelerator.cpp:37]   --->   Operation 703 'store' 'store_ln37' <Predicate = (icmp_ln64)> <Delay = 0.00>
ST_6 : Operation 704 [1/1] (0.00ns)   --->   "%store_ln37 = store i8 %window_V_284_loc_load, i8 %window_V_580_1_i" [vgg_accelerator.cpp:37]   --->   Operation 704 'store' 'store_ln37' <Predicate = (icmp_ln64)> <Delay = 0.00>
ST_6 : Operation 705 [1/1] (0.00ns)   --->   "%store_ln37 = store i8 %window_V_579_2_i_loc_load, i8 %window_V_579_1_i" [vgg_accelerator.cpp:37]   --->   Operation 705 'store' 'store_ln37' <Predicate = (icmp_ln64)> <Delay = 0.00>
ST_6 : Operation 706 [1/1] (0.00ns)   --->   "%store_ln37 = store i8 %window_V_283_loc_load, i8 %window_V_578_1_i" [vgg_accelerator.cpp:37]   --->   Operation 706 'store' 'store_ln37' <Predicate = (icmp_ln64)> <Delay = 0.00>
ST_6 : Operation 707 [1/1] (0.00ns)   --->   "%store_ln37 = store i8 %window_V_577_2_i_loc_load, i8 %window_V_577_1_i" [vgg_accelerator.cpp:37]   --->   Operation 707 'store' 'store_ln37' <Predicate = (icmp_ln64)> <Delay = 0.00>
ST_6 : Operation 708 [1/1] (0.00ns)   --->   "%store_ln37 = store i8 %window_V_576_2_i_loc_load, i8 %window_V_576_1_i" [vgg_accelerator.cpp:37]   --->   Operation 708 'store' 'store_ln37' <Predicate = (icmp_ln64)> <Delay = 0.00>
ST_6 : Operation 709 [1/1] (0.00ns)   --->   "%store_ln37 = store i8 %window_V_280_loc_load, i8 %window_V_575_1_i" [vgg_accelerator.cpp:37]   --->   Operation 709 'store' 'store_ln37' <Predicate = (icmp_ln64)> <Delay = 0.00>
ST_6 : Operation 710 [1/1] (0.00ns)   --->   "%store_ln37 = store i8 %window_V_279_loc_load, i8 %window_V_574_1_i" [vgg_accelerator.cpp:37]   --->   Operation 710 'store' 'store_ln37' <Predicate = (icmp_ln64)> <Delay = 0.00>
ST_6 : Operation 711 [1/1] (0.00ns)   --->   "%store_ln37 = store i8 %window_V_573_2_i_loc_load, i8 %window_V_573_1_i" [vgg_accelerator.cpp:37]   --->   Operation 711 'store' 'store_ln37' <Predicate = (icmp_ln64)> <Delay = 0.00>
ST_6 : Operation 712 [1/1] (0.00ns)   --->   "%store_ln37 = store i8 %window_V_278_loc_load, i8 %window_V_572_1_i" [vgg_accelerator.cpp:37]   --->   Operation 712 'store' 'store_ln37' <Predicate = (icmp_ln64)> <Delay = 0.00>
ST_6 : Operation 713 [1/1] (0.00ns)   --->   "%store_ln37 = store i8 %window_V_277_loc_load, i8 %window_V_571_1_i" [vgg_accelerator.cpp:37]   --->   Operation 713 'store' 'store_ln37' <Predicate = (icmp_ln64)> <Delay = 0.00>
ST_6 : Operation 714 [1/1] (0.00ns)   --->   "%store_ln37 = store i8 %window_V_570_2_i_loc_load, i8 %window_V_570_1_i" [vgg_accelerator.cpp:37]   --->   Operation 714 'store' 'store_ln37' <Predicate = (icmp_ln64)> <Delay = 0.00>
ST_6 : Operation 715 [1/1] (0.00ns)   --->   "%store_ln37 = store i8 %window_V_276_loc_load, i8 %window_V_569_1_i" [vgg_accelerator.cpp:37]   --->   Operation 715 'store' 'store_ln37' <Predicate = (icmp_ln64)> <Delay = 0.00>
ST_6 : Operation 716 [1/1] (0.00ns)   --->   "%store_ln37 = store i8 %window_V_568_2_i_loc_load, i8 %window_V_568_1_i" [vgg_accelerator.cpp:37]   --->   Operation 716 'store' 'store_ln37' <Predicate = (icmp_ln64)> <Delay = 0.00>
ST_6 : Operation 717 [1/1] (0.00ns)   --->   "%store_ln37 = store i8 %window_V_567_2_i_loc_load, i8 %window_V_567_1_i" [vgg_accelerator.cpp:37]   --->   Operation 717 'store' 'store_ln37' <Predicate = (icmp_ln64)> <Delay = 0.00>
ST_6 : Operation 718 [1/1] (0.00ns)   --->   "%store_ln37 = store i8 %window_V_273_loc_load, i8 %window_V_566_1_i" [vgg_accelerator.cpp:37]   --->   Operation 718 'store' 'store_ln37' <Predicate = (icmp_ln64)> <Delay = 0.00>
ST_6 : Operation 719 [1/1] (0.00ns)   --->   "%store_ln37 = store i8 %window_V_272_loc_load, i8 %window_V_565_1_i" [vgg_accelerator.cpp:37]   --->   Operation 719 'store' 'store_ln37' <Predicate = (icmp_ln64)> <Delay = 0.00>
ST_6 : Operation 720 [1/1] (0.00ns)   --->   "%store_ln37 = store i8 %window_V_564_2_i_loc_load, i8 %window_V_564_1_i" [vgg_accelerator.cpp:37]   --->   Operation 720 'store' 'store_ln37' <Predicate = (icmp_ln64)> <Delay = 0.00>
ST_6 : Operation 721 [1/1] (0.00ns)   --->   "%store_ln37 = store i8 %window_V_271_loc_load, i8 %window_V_563_1_i" [vgg_accelerator.cpp:37]   --->   Operation 721 'store' 'store_ln37' <Predicate = (icmp_ln64)> <Delay = 0.00>
ST_6 : Operation 722 [1/1] (0.00ns)   --->   "%store_ln37 = store i8 %window_V_270_loc_load, i8 %window_V_562_1_i" [vgg_accelerator.cpp:37]   --->   Operation 722 'store' 'store_ln37' <Predicate = (icmp_ln64)> <Delay = 0.00>
ST_6 : Operation 723 [1/1] (0.00ns)   --->   "%store_ln37 = store i8 %window_V_561_2_i_loc_load, i8 %window_V_561_1_i" [vgg_accelerator.cpp:37]   --->   Operation 723 'store' 'store_ln37' <Predicate = (icmp_ln64)> <Delay = 0.00>
ST_6 : Operation 724 [1/1] (0.00ns)   --->   "%store_ln37 = store i8 %window_V_269_loc_load, i8 %window_V_560_1_i" [vgg_accelerator.cpp:37]   --->   Operation 724 'store' 'store_ln37' <Predicate = (icmp_ln64)> <Delay = 0.00>
ST_6 : Operation 725 [1/1] (0.00ns)   --->   "%store_ln37 = store i8 %window_V_559_2_i_loc_load, i8 %window_V_559_1_i" [vgg_accelerator.cpp:37]   --->   Operation 725 'store' 'store_ln37' <Predicate = (icmp_ln64)> <Delay = 0.00>
ST_6 : Operation 726 [1/1] (0.00ns)   --->   "%store_ln37 = store i8 %window_V_558_2_i_loc_load, i8 %window_V_558_1_i" [vgg_accelerator.cpp:37]   --->   Operation 726 'store' 'store_ln37' <Predicate = (icmp_ln64)> <Delay = 0.00>
ST_6 : Operation 727 [1/1] (0.00ns)   --->   "%store_ln37 = store i8 %window_V_266_loc_load, i8 %window_V_557_1_i" [vgg_accelerator.cpp:37]   --->   Operation 727 'store' 'store_ln37' <Predicate = (icmp_ln64)> <Delay = 0.00>
ST_6 : Operation 728 [1/1] (0.00ns)   --->   "%store_ln37 = store i8 %window_V_265_loc_load, i8 %window_V_556_1_i" [vgg_accelerator.cpp:37]   --->   Operation 728 'store' 'store_ln37' <Predicate = (icmp_ln64)> <Delay = 0.00>
ST_6 : Operation 729 [1/1] (0.00ns)   --->   "%store_ln37 = store i8 %window_V_555_2_i_loc_load, i8 %window_V_555_1_i" [vgg_accelerator.cpp:37]   --->   Operation 729 'store' 'store_ln37' <Predicate = (icmp_ln64)> <Delay = 0.00>
ST_6 : Operation 730 [1/1] (0.00ns)   --->   "%store_ln37 = store i8 %window_V_264_loc_load, i8 %window_V_554_1_i" [vgg_accelerator.cpp:37]   --->   Operation 730 'store' 'store_ln37' <Predicate = (icmp_ln64)> <Delay = 0.00>
ST_6 : Operation 731 [1/1] (0.00ns)   --->   "%store_ln37 = store i8 %window_V_263_loc_load, i8 %window_V_553_1_i" [vgg_accelerator.cpp:37]   --->   Operation 731 'store' 'store_ln37' <Predicate = (icmp_ln64)> <Delay = 0.00>
ST_6 : Operation 732 [1/1] (0.00ns)   --->   "%store_ln37 = store i8 %window_V_552_2_i_loc_load, i8 %window_V_552_1_i" [vgg_accelerator.cpp:37]   --->   Operation 732 'store' 'store_ln37' <Predicate = (icmp_ln64)> <Delay = 0.00>
ST_6 : Operation 733 [1/1] (0.00ns)   --->   "%store_ln37 = store i8 %window_V_262_loc_load, i8 %window_V_551_1_i" [vgg_accelerator.cpp:37]   --->   Operation 733 'store' 'store_ln37' <Predicate = (icmp_ln64)> <Delay = 0.00>
ST_6 : Operation 734 [1/1] (0.00ns)   --->   "%store_ln37 = store i8 %window_V_550_2_i_loc_load, i8 %window_V_550_1_i" [vgg_accelerator.cpp:37]   --->   Operation 734 'store' 'store_ln37' <Predicate = (icmp_ln64)> <Delay = 0.00>
ST_6 : Operation 735 [1/1] (0.00ns)   --->   "%store_ln37 = store i8 %window_V_549_2_i_loc_load, i8 %window_V_549_1_i" [vgg_accelerator.cpp:37]   --->   Operation 735 'store' 'store_ln37' <Predicate = (icmp_ln64)> <Delay = 0.00>
ST_6 : Operation 736 [1/1] (0.00ns)   --->   "%store_ln37 = store i8 %window_V_259_loc_load, i8 %window_V_548_1_i" [vgg_accelerator.cpp:37]   --->   Operation 736 'store' 'store_ln37' <Predicate = (icmp_ln64)> <Delay = 0.00>
ST_6 : Operation 737 [1/1] (0.00ns)   --->   "%store_ln37 = store i8 %window_V_258_loc_load, i8 %window_V_547_1_i" [vgg_accelerator.cpp:37]   --->   Operation 737 'store' 'store_ln37' <Predicate = (icmp_ln64)> <Delay = 0.00>
ST_6 : Operation 738 [1/1] (0.00ns)   --->   "%store_ln37 = store i8 %window_V_546_2_i_loc_load, i8 %window_V_546_1_i" [vgg_accelerator.cpp:37]   --->   Operation 738 'store' 'store_ln37' <Predicate = (icmp_ln64)> <Delay = 0.00>
ST_6 : Operation 739 [1/1] (0.00ns)   --->   "%store_ln37 = store i8 %window_V_257_loc_load, i8 %window_V_545_1_i" [vgg_accelerator.cpp:37]   --->   Operation 739 'store' 'store_ln37' <Predicate = (icmp_ln64)> <Delay = 0.00>
ST_6 : Operation 740 [1/1] (0.00ns)   --->   "%store_ln37 = store i8 %window_V_256_loc_load, i8 %window_V_544_1_i" [vgg_accelerator.cpp:37]   --->   Operation 740 'store' 'store_ln37' <Predicate = (icmp_ln64)> <Delay = 0.00>
ST_6 : Operation 741 [1/1] (0.00ns)   --->   "%store_ln37 = store i8 %window_V_543_2_i_loc_load, i8 %window_V_543_1_i" [vgg_accelerator.cpp:37]   --->   Operation 741 'store' 'store_ln37' <Predicate = (icmp_ln64)> <Delay = 0.00>
ST_6 : Operation 742 [1/1] (0.00ns)   --->   "%store_ln37 = store i8 %window_V_255_loc_load, i8 %window_V_542_1_i" [vgg_accelerator.cpp:37]   --->   Operation 742 'store' 'store_ln37' <Predicate = (icmp_ln64)> <Delay = 0.00>
ST_6 : Operation 743 [1/1] (0.00ns)   --->   "%store_ln37 = store i8 %window_V_541_2_i_loc_load, i8 %window_V_541_1_i" [vgg_accelerator.cpp:37]   --->   Operation 743 'store' 'store_ln37' <Predicate = (icmp_ln64)> <Delay = 0.00>
ST_6 : Operation 744 [1/1] (0.00ns)   --->   "%store_ln37 = store i8 %window_V_540_2_i_loc_load, i8 %window_V_540_1_i" [vgg_accelerator.cpp:37]   --->   Operation 744 'store' 'store_ln37' <Predicate = (icmp_ln64)> <Delay = 0.00>
ST_6 : Operation 745 [1/1] (0.00ns)   --->   "%store_ln37 = store i8 %window_V_252_loc_load, i8 %window_V_539_1_i" [vgg_accelerator.cpp:37]   --->   Operation 745 'store' 'store_ln37' <Predicate = (icmp_ln64)> <Delay = 0.00>
ST_6 : Operation 746 [1/1] (0.00ns)   --->   "%store_ln37 = store i8 %window_V_251_loc_load, i8 %window_V_538_1_i" [vgg_accelerator.cpp:37]   --->   Operation 746 'store' 'store_ln37' <Predicate = (icmp_ln64)> <Delay = 0.00>
ST_6 : Operation 747 [1/1] (0.00ns)   --->   "%store_ln37 = store i8 %window_V_537_2_i_loc_load, i8 %window_V_537_1_i" [vgg_accelerator.cpp:37]   --->   Operation 747 'store' 'store_ln37' <Predicate = (icmp_ln64)> <Delay = 0.00>
ST_6 : Operation 748 [1/1] (0.00ns)   --->   "%store_ln37 = store i8 %window_V_250_loc_load, i8 %window_V_536_1_i" [vgg_accelerator.cpp:37]   --->   Operation 748 'store' 'store_ln37' <Predicate = (icmp_ln64)> <Delay = 0.00>
ST_6 : Operation 749 [1/1] (0.00ns)   --->   "%store_ln37 = store i8 %window_V_249_loc_load, i8 %window_V_535_1_i" [vgg_accelerator.cpp:37]   --->   Operation 749 'store' 'store_ln37' <Predicate = (icmp_ln64)> <Delay = 0.00>
ST_6 : Operation 750 [1/1] (0.00ns)   --->   "%store_ln37 = store i8 %window_V_534_2_i_loc_load, i8 %window_V_534_1_i" [vgg_accelerator.cpp:37]   --->   Operation 750 'store' 'store_ln37' <Predicate = (icmp_ln64)> <Delay = 0.00>
ST_6 : Operation 751 [1/1] (0.00ns)   --->   "%store_ln37 = store i8 %window_V_248_loc_load, i8 %window_V_533_1_i" [vgg_accelerator.cpp:37]   --->   Operation 751 'store' 'store_ln37' <Predicate = (icmp_ln64)> <Delay = 0.00>
ST_6 : Operation 752 [1/1] (0.00ns)   --->   "%store_ln37 = store i8 %window_V_532_2_i_loc_load, i8 %window_V_532_1_i" [vgg_accelerator.cpp:37]   --->   Operation 752 'store' 'store_ln37' <Predicate = (icmp_ln64)> <Delay = 0.00>
ST_6 : Operation 753 [1/1] (0.00ns)   --->   "%store_ln37 = store i8 %window_V_531_2_i_loc_load, i8 %window_V_531_1_i" [vgg_accelerator.cpp:37]   --->   Operation 753 'store' 'store_ln37' <Predicate = (icmp_ln64)> <Delay = 0.00>
ST_6 : Operation 754 [1/1] (0.00ns)   --->   "%store_ln37 = store i8 %window_V_245_loc_load, i8 %window_V_530_1_i" [vgg_accelerator.cpp:37]   --->   Operation 754 'store' 'store_ln37' <Predicate = (icmp_ln64)> <Delay = 0.00>
ST_6 : Operation 755 [1/1] (0.00ns)   --->   "%store_ln37 = store i8 %window_V_244_loc_load, i8 %window_V_529_1_i" [vgg_accelerator.cpp:37]   --->   Operation 755 'store' 'store_ln37' <Predicate = (icmp_ln64)> <Delay = 0.00>
ST_6 : Operation 756 [1/1] (0.00ns)   --->   "%store_ln37 = store i8 %window_V_528_2_i_loc_load, i8 %window_V_528_1_i" [vgg_accelerator.cpp:37]   --->   Operation 756 'store' 'store_ln37' <Predicate = (icmp_ln64)> <Delay = 0.00>
ST_6 : Operation 757 [1/1] (0.00ns)   --->   "%store_ln37 = store i8 %window_V_243_loc_load, i8 %window_V_527_1_i" [vgg_accelerator.cpp:37]   --->   Operation 757 'store' 'store_ln37' <Predicate = (icmp_ln64)> <Delay = 0.00>
ST_6 : Operation 758 [1/1] (0.00ns)   --->   "%store_ln37 = store i8 %window_V_242_loc_load, i8 %window_V_526_1_i" [vgg_accelerator.cpp:37]   --->   Operation 758 'store' 'store_ln37' <Predicate = (icmp_ln64)> <Delay = 0.00>
ST_6 : Operation 759 [1/1] (0.00ns)   --->   "%store_ln37 = store i8 %window_V_525_2_i_loc_load, i8 %window_V_525_1_i" [vgg_accelerator.cpp:37]   --->   Operation 759 'store' 'store_ln37' <Predicate = (icmp_ln64)> <Delay = 0.00>
ST_6 : Operation 760 [1/1] (0.00ns)   --->   "%store_ln37 = store i8 %window_V_241_loc_load, i8 %window_V_524_1_i" [vgg_accelerator.cpp:37]   --->   Operation 760 'store' 'store_ln37' <Predicate = (icmp_ln64)> <Delay = 0.00>
ST_6 : Operation 761 [1/1] (0.00ns)   --->   "%store_ln37 = store i8 %window_V_523_2_i_loc_load, i8 %window_V_523_1_i" [vgg_accelerator.cpp:37]   --->   Operation 761 'store' 'store_ln37' <Predicate = (icmp_ln64)> <Delay = 0.00>
ST_6 : Operation 762 [1/1] (0.00ns)   --->   "%store_ln37 = store i8 %window_V_522_2_i_loc_load, i8 %window_V_522_1_i" [vgg_accelerator.cpp:37]   --->   Operation 762 'store' 'store_ln37' <Predicate = (icmp_ln64)> <Delay = 0.00>
ST_6 : Operation 763 [1/1] (0.00ns)   --->   "%store_ln37 = store i8 %window_V_238_loc_load, i8 %window_V_521_1_i" [vgg_accelerator.cpp:37]   --->   Operation 763 'store' 'store_ln37' <Predicate = (icmp_ln64)> <Delay = 0.00>
ST_6 : Operation 764 [1/1] (0.00ns)   --->   "%store_ln37 = store i8 %window_V_237_loc_load, i8 %window_V_520_1_i" [vgg_accelerator.cpp:37]   --->   Operation 764 'store' 'store_ln37' <Predicate = (icmp_ln64)> <Delay = 0.00>
ST_6 : Operation 765 [1/1] (0.00ns)   --->   "%store_ln37 = store i8 %window_V_519_2_i_loc_load, i8 %window_V_519_1_i" [vgg_accelerator.cpp:37]   --->   Operation 765 'store' 'store_ln37' <Predicate = (icmp_ln64)> <Delay = 0.00>
ST_6 : Operation 766 [1/1] (0.00ns)   --->   "%store_ln37 = store i8 %window_V_236_loc_load, i8 %window_V_518_1_i" [vgg_accelerator.cpp:37]   --->   Operation 766 'store' 'store_ln37' <Predicate = (icmp_ln64)> <Delay = 0.00>
ST_6 : Operation 767 [1/1] (0.00ns)   --->   "%store_ln37 = store i8 %window_V_235_loc_load, i8 %window_V_517_1_i" [vgg_accelerator.cpp:37]   --->   Operation 767 'store' 'store_ln37' <Predicate = (icmp_ln64)> <Delay = 0.00>
ST_6 : Operation 768 [1/1] (0.00ns)   --->   "%store_ln37 = store i8 %window_V_516_2_i_loc_load, i8 %window_V_516_1_i" [vgg_accelerator.cpp:37]   --->   Operation 768 'store' 'store_ln37' <Predicate = (icmp_ln64)> <Delay = 0.00>
ST_6 : Operation 769 [1/1] (0.00ns)   --->   "%store_ln37 = store i8 %window_V_234_loc_load, i8 %window_V_515_1_i" [vgg_accelerator.cpp:37]   --->   Operation 769 'store' 'store_ln37' <Predicate = (icmp_ln64)> <Delay = 0.00>
ST_6 : Operation 770 [1/1] (0.00ns)   --->   "%store_ln37 = store i8 %window_V_514_2_i_loc_load, i8 %window_V_514_1_i" [vgg_accelerator.cpp:37]   --->   Operation 770 'store' 'store_ln37' <Predicate = (icmp_ln64)> <Delay = 0.00>
ST_6 : Operation 771 [1/1] (0.00ns)   --->   "%store_ln37 = store i8 %window_V_2_i_loc_load, i8 %window_V_1_i" [vgg_accelerator.cpp:37]   --->   Operation 771 'store' 'store_ln37' <Predicate = (icmp_ln64)> <Delay = 0.00>
ST_6 : Operation 772 [1/1] (0.48ns)   --->   "%store_ln37 = store i5 %add_ln37, i5 %c" [vgg_accelerator.cpp:37]   --->   Operation 772 'store' 'store_ln37' <Predicate = (icmp_ln64)> <Delay = 0.48>
ST_6 : Operation 773 [1/1] (0.00ns)   --->   "%br_ln37 = br void %VITIS_LOOP_40_6.i" [vgg_accelerator.cpp:37]   --->   Operation 773 'br' 'br_ln37' <Predicate = (icmp_ln64)> <Delay = 0.00>

State 7 <SV = 6> <Delay = 4.99>
ST_7 : Operation 774 [1/2] (0.79ns)   --->   "%acc_V = load i5 %conv2_bias_addr" [vgg_accelerator.cpp:66]   --->   Operation 774 'load' 'acc_V' <Predicate = true> <Delay = 0.79> <CoreInst = "ROM">   --->   Core 101 'ROM' <Latency = 1> <II = 1> <Delay = 0.79> <Storage> <Opcode : 'load'> <Ports = 0> <Width = 4> <Depth = 32> <ROM>
ST_7 : Operation 775 [1/1] (0.00ns)   --->   "%acc_V_39 = bitconcatenate i16 @_ssdm_op_BitConcatenate.i16.i4.i12, i4 %acc_V, i12 0"   --->   Operation 775 'bitconcatenate' 'acc_V_39' <Predicate = true> <Delay = 0.00>
ST_7 : Operation 776 [1/1] (0.00ns)   --->   "%shl_ln = bitconcatenate i12 @_ssdm_op_BitConcatenate.i12.i5.i7, i5 %trunc_ln76, i7 0" [vgg_accelerator.cpp:76]   --->   Operation 776 'bitconcatenate' 'shl_ln' <Predicate = true> <Delay = 0.00>
ST_7 : Operation 777 [1/1] (0.00ns)   --->   "%shl_ln76_3 = bitconcatenate i9 @_ssdm_op_BitConcatenate.i9.i5.i4, i5 %trunc_ln76, i4 0" [vgg_accelerator.cpp:76]   --->   Operation 777 'bitconcatenate' 'shl_ln76_3' <Predicate = true> <Delay = 0.00>
ST_7 : Operation 778 [2/2] (4.20ns)   --->   "%call_ln838 = call void @layer_block<16, 32, 16>_Pipeline_VITIS_LOOP_71_8, i16 %acc_V_39, i9 %shl_ln76_3, i12 %shl_ln, i8 %window_V_2_i_loc_load, i8 %window_V_522_2_i_loc_load, i8 %window_V_531_2_i_loc_load, i8 %window_V_540_2_i_loc_load, i8 %window_V_549_2_i_loc_load, i8 %window_V_558_2_i_loc_load, i8 %window_V_567_2_i_loc_load, i8 %window_V_576_2_i_loc_load, i8 %window_V_585_2_i_loc_load, i8 %window_V_594_2_i_loc_load, i8 %window_V_603_2_i_loc_load, i8 %window_V_612_2_i_loc_load, i8 %window_V_621_2_i_loc_load, i8 %window_V_630_2_i_loc_load, i8 %window_V_639_2_i_loc_load, i8 %window_V_648_2_i_loc_load, i8 %window_V_514_2_i_loc_load, i8 %window_V_523_2_i_loc_load, i8 %window_V_532_2_i_loc_load, i8 %window_V_541_2_i_loc_load, i8 %window_V_550_2_i_loc_load, i8 %window_V_559_2_i_loc_load, i8 %window_V_568_2_i_loc_load, i8 %window_V_577_2_i_loc_load, i8 %window_V_586_2_i_loc_load, i8 %window_V_595_2_i_loc_load, i8 %window_V_604_2_i_loc_load, i8 %window_V_613_2_i_loc_load, i8 %window_V_622_2_i_loc_load, i8 %window_V_631_2_i_loc_load, i8 %window_V_640_2_i_loc_load, i8 %window_V_649_2_i_loc_load, i8 %window_V_234_loc_load, i8 %window_V_241_loc_load, i8 %window_V_248_loc_load, i8 %window_V_255_loc_load, i8 %window_V_262_loc_load, i8 %window_V_269_loc_load, i8 %window_V_276_loc_load, i8 %window_V_283_loc_load, i8 %window_V_290_loc_load, i8 %window_V_297_loc_load, i8 %window_V_304_loc_load, i8 %window_V_311_loc_load, i8 %window_V_318_loc_load, i8 %window_V_325_loc_load, i8 %window_V_332_loc_load, i8 %window_V_226_loc_load, i8 %window_V_516_2_i_loc_load, i8 %window_V_525_2_i_loc_load, i8 %window_V_534_2_i_loc_load, i8 %window_V_543_2_i_loc_load, i8 %window_V_552_2_i_loc_load, i8 %window_V_561_2_i_loc_load, i8 %window_V_570_2_i_loc_load, i8 %window_V_579_2_i_loc_load, i8 %window_V_588_2_i_loc_load, i8 %window_V_597_2_i_loc_load, i8 %window_V_606_2_i_loc_load, i8 %window_V_615_2_i_loc_load, i8 %window_V_624_2_i_loc_load, i8 %window_V_633_2_i_loc_load, i8 %window_V_642_2_i_loc_load, i8 %window_V_651_2_i_loc_load, i8 %window_V_235_loc_load, i8 %window_V_242_loc_load, i8 %window_V_249_loc_load, i8 %window_V_256_loc_load, i8 %window_V_263_loc_load, i8 %window_V_270_loc_load, i8 %window_V_277_loc_load, i8 %window_V_284_loc_load, i8 %window_V_291_loc_load, i8 %window_V_298_loc_load, i8 %window_V_305_loc_load, i8 %window_V_312_loc_load, i8 %window_V_319_loc_load, i8 %window_V_326_loc_load, i8 %window_V_333_loc_load, i8 %window_V_227_loc_load, i8 %window_V_236_loc_load, i8 %window_V_243_loc_load, i8 %window_V_250_loc_load, i8 %window_V_257_loc_load, i8 %window_V_264_loc_load, i8 %window_V_271_loc_load, i8 %window_V_278_loc_load, i8 %window_V_285_loc_load, i8 %window_V_292_loc_load, i8 %window_V_299_loc_load, i8 %window_V_306_loc_load, i8 %window_V_313_loc_load, i8 %window_V_320_loc_load, i8 %window_V_327_loc_load, i8 %window_V_334_loc_load, i8 %window_V_228_loc_load, i8 %window_V_519_2_i_loc_load, i8 %window_V_528_2_i_loc_load, i8 %window_V_537_2_i_loc_load, i8 %window_V_546_2_i_loc_load, i8 %window_V_555_2_i_loc_load, i8 %window_V_564_2_i_loc_load, i8 %window_V_573_2_i_loc_load, i8 %window_V_582_2_i_loc_load, i8 %window_V_591_2_i_loc_load, i8 %window_V_600_2_i_loc_load, i8 %window_V_609_2_i_loc_load, i8 %window_V_618_2_i_loc_load, i8 %window_V_627_2_i_loc_load, i8 %window_V_636_2_i_loc_load, i8 %window_V_645_2_i_loc_load, i8 %window_V_654_2_i_loc_load, i8 %window_V_237_loc_load, i8 %window_V_244_loc_load, i8 %window_V_251_loc_load, i8 %window_V_258_loc_load, i8 %window_V_265_loc_load, i8 %window_V_272_loc_load, i8 %window_V_279_loc_load, i8 %window_V_286_loc_load, i8 %window_V_293_loc_load, i8 %window_V_300_loc_load, i8 %window_V_307_loc_load, i8 %window_V_314_loc_load, i8 %window_V_321_loc_load, i8 %window_V_328_loc_load, i8 %window_V_335_loc_load, i8 %window_V_229_loc_load, i8 %window_V_238_loc_load, i8 %window_V_245_loc_load, i8 %window_V_252_loc_load, i8 %window_V_259_loc_load, i8 %window_V_266_loc_load, i8 %window_V_273_loc_load, i8 %window_V_280_loc_load, i8 %window_V_287_loc_load, i8 %window_V_294_loc_load, i8 %window_V_301_loc_load, i8 %window_V_308_loc_load, i8 %window_V_315_loc_load, i8 %window_V_322_loc_load, i8 %window_V_329_loc_load, i8 %window_V_336_loc_load, i8 %window_V_230_loc_load, i5 %conv2_weights, i8 %s_conv2"   --->   Operation 778 'call' 'call_ln838' <Predicate = true> <Delay = 4.20> <CoreType = "Generic">   --->   Core 0 '' <Latency = 0> <II = 1> <Delay = 1.00> <Generic> <Opcode : >

State 8 <SV = 7> <Delay = 0.00>
ST_8 : Operation 779 [1/1] (0.00ns)   --->   "%specloopname_ln64 = specloopname void @_ssdm_op_SpecLoopName, void @empty_0" [vgg_accelerator.cpp:64]   --->   Operation 779 'specloopname' 'specloopname_ln64' <Predicate = true> <Delay = 0.00>
ST_8 : Operation 780 [1/2] (0.00ns)   --->   "%call_ln838 = call void @layer_block<16, 32, 16>_Pipeline_VITIS_LOOP_71_8, i16 %acc_V_39, i9 %shl_ln76_3, i12 %shl_ln, i8 %window_V_2_i_loc_load, i8 %window_V_522_2_i_loc_load, i8 %window_V_531_2_i_loc_load, i8 %window_V_540_2_i_loc_load, i8 %window_V_549_2_i_loc_load, i8 %window_V_558_2_i_loc_load, i8 %window_V_567_2_i_loc_load, i8 %window_V_576_2_i_loc_load, i8 %window_V_585_2_i_loc_load, i8 %window_V_594_2_i_loc_load, i8 %window_V_603_2_i_loc_load, i8 %window_V_612_2_i_loc_load, i8 %window_V_621_2_i_loc_load, i8 %window_V_630_2_i_loc_load, i8 %window_V_639_2_i_loc_load, i8 %window_V_648_2_i_loc_load, i8 %window_V_514_2_i_loc_load, i8 %window_V_523_2_i_loc_load, i8 %window_V_532_2_i_loc_load, i8 %window_V_541_2_i_loc_load, i8 %window_V_550_2_i_loc_load, i8 %window_V_559_2_i_loc_load, i8 %window_V_568_2_i_loc_load, i8 %window_V_577_2_i_loc_load, i8 %window_V_586_2_i_loc_load, i8 %window_V_595_2_i_loc_load, i8 %window_V_604_2_i_loc_load, i8 %window_V_613_2_i_loc_load, i8 %window_V_622_2_i_loc_load, i8 %window_V_631_2_i_loc_load, i8 %window_V_640_2_i_loc_load, i8 %window_V_649_2_i_loc_load, i8 %window_V_234_loc_load, i8 %window_V_241_loc_load, i8 %window_V_248_loc_load, i8 %window_V_255_loc_load, i8 %window_V_262_loc_load, i8 %window_V_269_loc_load, i8 %window_V_276_loc_load, i8 %window_V_283_loc_load, i8 %window_V_290_loc_load, i8 %window_V_297_loc_load, i8 %window_V_304_loc_load, i8 %window_V_311_loc_load, i8 %window_V_318_loc_load, i8 %window_V_325_loc_load, i8 %window_V_332_loc_load, i8 %window_V_226_loc_load, i8 %window_V_516_2_i_loc_load, i8 %window_V_525_2_i_loc_load, i8 %window_V_534_2_i_loc_load, i8 %window_V_543_2_i_loc_load, i8 %window_V_552_2_i_loc_load, i8 %window_V_561_2_i_loc_load, i8 %window_V_570_2_i_loc_load, i8 %window_V_579_2_i_loc_load, i8 %window_V_588_2_i_loc_load, i8 %window_V_597_2_i_loc_load, i8 %window_V_606_2_i_loc_load, i8 %window_V_615_2_i_loc_load, i8 %window_V_624_2_i_loc_load, i8 %window_V_633_2_i_loc_load, i8 %window_V_642_2_i_loc_load, i8 %window_V_651_2_i_loc_load, i8 %window_V_235_loc_load, i8 %window_V_242_loc_load, i8 %window_V_249_loc_load, i8 %window_V_256_loc_load, i8 %window_V_263_loc_load, i8 %window_V_270_loc_load, i8 %window_V_277_loc_load, i8 %window_V_284_loc_load, i8 %window_V_291_loc_load, i8 %window_V_298_loc_load, i8 %window_V_305_loc_load, i8 %window_V_312_loc_load, i8 %window_V_319_loc_load, i8 %window_V_326_loc_load, i8 %window_V_333_loc_load, i8 %window_V_227_loc_load, i8 %window_V_236_loc_load, i8 %window_V_243_loc_load, i8 %window_V_250_loc_load, i8 %window_V_257_loc_load, i8 %window_V_264_loc_load, i8 %window_V_271_loc_load, i8 %window_V_278_loc_load, i8 %window_V_285_loc_load, i8 %window_V_292_loc_load, i8 %window_V_299_loc_load, i8 %window_V_306_loc_load, i8 %window_V_313_loc_load, i8 %window_V_320_loc_load, i8 %window_V_327_loc_load, i8 %window_V_334_loc_load, i8 %window_V_228_loc_load, i8 %window_V_519_2_i_loc_load, i8 %window_V_528_2_i_loc_load, i8 %window_V_537_2_i_loc_load, i8 %window_V_546_2_i_loc_load, i8 %window_V_555_2_i_loc_load, i8 %window_V_564_2_i_loc_load, i8 %window_V_573_2_i_loc_load, i8 %window_V_582_2_i_loc_load, i8 %window_V_591_2_i_loc_load, i8 %window_V_600_2_i_loc_load, i8 %window_V_609_2_i_loc_load, i8 %window_V_618_2_i_loc_load, i8 %window_V_627_2_i_loc_load, i8 %window_V_636_2_i_loc_load, i8 %window_V_645_2_i_loc_load, i8 %window_V_654_2_i_loc_load, i8 %window_V_237_loc_load, i8 %window_V_244_loc_load, i8 %window_V_251_loc_load, i8 %window_V_258_loc_load, i8 %window_V_265_loc_load, i8 %window_V_272_loc_load, i8 %window_V_279_loc_load, i8 %window_V_286_loc_load, i8 %window_V_293_loc_load, i8 %window_V_300_loc_load, i8 %window_V_307_loc_load, i8 %window_V_314_loc_load, i8 %window_V_321_loc_load, i8 %window_V_328_loc_load, i8 %window_V_335_loc_load, i8 %window_V_229_loc_load, i8 %window_V_238_loc_load, i8 %window_V_245_loc_load, i8 %window_V_252_loc_load, i8 %window_V_259_loc_load, i8 %window_V_266_loc_load, i8 %window_V_273_loc_load, i8 %window_V_280_loc_load, i8 %window_V_287_loc_load, i8 %window_V_294_loc_load, i8 %window_V_301_loc_load, i8 %window_V_308_loc_load, i8 %window_V_315_loc_load, i8 %window_V_322_loc_load, i8 %window_V_329_loc_load, i8 %window_V_336_loc_load, i8 %window_V_230_loc_load, i5 %conv2_weights, i8 %s_conv2"   --->   Operation 780 'call' 'call_ln838' <Predicate = true> <Delay = 0.00> <CoreType = "Generic">   --->   Core 0 '' <Latency = 0> <II = 1> <Delay = 1.00> <Generic> <Opcode : >
ST_8 : Operation 781 [1/1] (0.00ns)   --->   "%br_ln64 = br void %for.body152.i" [vgg_accelerator.cpp:64]   --->   Operation 781 'br' 'br_ln64' <Predicate = true> <Delay = 0.00>


============================================================
+ Verbose Summary: Timing violations
============================================================
Target clock period: 10ns, clock uncertainty: 2.7ns.

 <State 1>: 0.489ns
The critical path consists of the following:
	'alloca' operation ('indvar_flatten20') [152]  (0 ns)
	'store' operation ('store_ln37', vgg_accelerator.cpp:37) of constant 0 on local variable 'indvar_flatten20' [306]  (0.489 ns)

 <State 2>: 0ns
The critical path consists of the following:

 <State 3>: 3.62ns
The critical path consists of the following:
	'load' operation ('c_load', vgg_accelerator.cpp:37) on local variable 'c' [315]  (0 ns)
	'icmp' operation ('icmp_ln37', vgg_accelerator.cpp:37) [462]  (0.877 ns)
	'select' operation ('select_ln36', vgg_accelerator.cpp:36) [463]  (0.48 ns)
	'call' operation ('call_ln36', vgg_accelerator.cpp:36) to 'layer_block<16, 32, 16>_Pipeline_VITIS_LOOP_40_6' [466]  (2.26 ns)

 <State 4>: 1.37ns
The critical path consists of the following:
	'call' operation ('call_ln36', vgg_accelerator.cpp:36) to 'layer_block<16, 32, 16>_Pipeline_VITIS_LOOP_40_6' [466]  (1.37 ns)

 <State 5>: 0.489ns
The critical path consists of the following:
	multiplexor before 'phi' operation ('f', vgg_accelerator.cpp:64) with incoming values : ('add_ln64', vgg_accelerator.cpp:64) [614]  (0.489 ns)

 <State 6>: 1.37ns
The critical path consists of the following:
	'add' operation ('add_ln37', vgg_accelerator.cpp:37) [632]  (0.878 ns)
	'store' operation ('store_ln37', vgg_accelerator.cpp:37) of variable 'add_ln37', vgg_accelerator.cpp:37 on local variable 'c' [778]  (0.489 ns)

 <State 7>: 5ns
The critical path consists of the following:
	'load' operation ('acc.V', vgg_accelerator.cpp:66) on array 'conv2_bias' [623]  (0.79 ns)
	'call' operation ('call_ln838') to 'layer_block<16, 32, 16>_Pipeline_VITIS_LOOP_71_8' [629]  (4.21 ns)

 <State 8>: 0ns
The critical path consists of the following:


============================================================
+ Verbose Summary: Binding
============================================================
N/A
* FSMD analyzer results:
  - Output states:
 - Input state : 
  - Chain level:
	State 1
	State 2
	State 3
	State 4
	State 5
	State 6
	State 7
	State 8


============================================================
+ Verbose Summary: Datapath Resource usage 
============================================================
N/A
