

================================================================
== Vitis HLS Report for 'layer_block_16_32_16_Pipeline_VITIS_LOOP_71_8'
================================================================
* Date:           Thu Dec 11 20:06:58 2025

* Version:        2022.2 (Build 3670227 on Oct 13 2022)
* Project:        vgg_accelerator
* Solution:       solution1 (Vivado IP Flow Target)
* Product family: zynquplus
* Target device:  xczu5eg-sfvc784-1-e


================================================================
== Performance Estimates
================================================================
+ Timing: 
    * Summary: 
    +--------+----------+----------+------------+
    |  Clock |  Target  | Estimated| Uncertainty|
    +--------+----------+----------+------------+
    |ap_clk  |  10.00 ns|  8.115 ns|     2.70 ns|
    +--------+----------+----------+------------+

+ Latency: 
    * Summary: 
    +---------+---------+----------+----------+-----+-----+---------+
    |  Latency (cycles) |  Latency (absolute) |  Interval | Pipeline|
    |   min   |   max   |    min   |    max   | min | max |   Type  |
    +---------+---------+----------+----------+-----+-----+---------+
    |       36|       36|  0.360 us|  0.360 us|   36|   36|       no|
    +---------+---------+----------+----------+-----+-----+---------+

    + Detail: 
        * Instance: 
        N/A

        * Loop: 
        +-------------------+---------+---------+----------+-----------+-----------+------+----------+
        |                   |  Latency (cycles) | Iteration|  Initiation Interval  | Trip |          |
        |     Loop Name     |   min   |   max   |  Latency |  achieved |   target  | Count| Pipelined|
        +-------------------+---------+---------+----------+-----------+-----------+------+----------+
        |- VITIS_LOOP_71_8  |       34|       34|         5|          2|          2|    16|       yes|
        +-------------------+---------+---------+----------+-----------+-----------+------+----------+

============================================================
+ Verbose Summary: Synthesis Manager
============================================================
InlineROM: 1
ExposeGlobal: 0
============================================================
+ Verbose Summary: CDFG Model
============================================================
IsTopModel: 0
ResetActiveHigh: 1
IsCombinational: 0
IsDatapathOnly: 0
HasWiredReturn: 1
HasMFsm: 2
HasVarLatency: 1
IsPipeline: 0
IsRtlPipelined: 0
IsInstanceOverlapped: 0
IsDontTouch: 0
HasImplIP: 0
IsGatedGlobalClock: 0

+ Individual pipeline summary: 
  * Pipeline-0: initiation interval (II) = 2, depth = 5


============================================================
+ Verbose Summary: Schedule
============================================================
* Number of FSM states : 5
* Pipeline : 1
  Pipeline-0 : II = 2, D = 5, States = { 1 2 3 4 5 }
* Dataflow Pipeline: 0

* FSM state transitions: 
1 --> 2 
2 --> 3 
3 --> 4 
4 --> 5 
5 --> 

* FSM state operations: 

State 1 <SV = 0> <Delay = 5.10>
ST_1 : Operation 8 [1/1] (0.00ns)   --->   "%lhs = alloca i32 1"   --->   Operation 8 'alloca' 'lhs' <Predicate = true> <Delay = 0.00>
ST_1 : Operation 9 [1/1] (0.00ns)   --->   "%ch_2 = alloca i32 1"   --->   Operation 9 'alloca' 'ch_2' <Predicate = true> <Delay = 0.00>
ST_1 : Operation 10 [1/1] (0.00ns)   --->   "%window_V_230_reload_read = read i8 @_ssdm_op_Read.ap_auto.i8, i8 %window_V_230_reload"   --->   Operation 10 'read' 'window_V_230_reload_read' <Predicate = true> <Delay = 0.00>
ST_1 : Operation 11 [1/1] (0.00ns)   --->   "%window_V_336_reload_read = read i8 @_ssdm_op_Read.ap_auto.i8, i8 %window_V_336_reload"   --->   Operation 11 'read' 'window_V_336_reload_read' <Predicate = true> <Delay = 0.00>
ST_1 : Operation 12 [1/1] (0.00ns)   --->   "%window_V_329_reload_read = read i8 @_ssdm_op_Read.ap_auto.i8, i8 %window_V_329_reload"   --->   Operation 12 'read' 'window_V_329_reload_read' <Predicate = true> <Delay = 0.00>
ST_1 : Operation 13 [1/1] (0.00ns)   --->   "%window_V_322_reload_read = read i8 @_ssdm_op_Read.ap_auto.i8, i8 %window_V_322_reload"   --->   Operation 13 'read' 'window_V_322_reload_read' <Predicate = true> <Delay = 0.00>
ST_1 : Operation 14 [1/1] (0.00ns)   --->   "%window_V_315_reload_read = read i8 @_ssdm_op_Read.ap_auto.i8, i8 %window_V_315_reload"   --->   Operation 14 'read' 'window_V_315_reload_read' <Predicate = true> <Delay = 0.00>
ST_1 : Operation 15 [1/1] (0.00ns)   --->   "%window_V_308_reload_read = read i8 @_ssdm_op_Read.ap_auto.i8, i8 %window_V_308_reload"   --->   Operation 15 'read' 'window_V_308_reload_read' <Predicate = true> <Delay = 0.00>
ST_1 : Operation 16 [1/1] (0.00ns)   --->   "%window_V_301_reload_read = read i8 @_ssdm_op_Read.ap_auto.i8, i8 %window_V_301_reload"   --->   Operation 16 'read' 'window_V_301_reload_read' <Predicate = true> <Delay = 0.00>
ST_1 : Operation 17 [1/1] (0.00ns)   --->   "%window_V_294_reload_read = read i8 @_ssdm_op_Read.ap_auto.i8, i8 %window_V_294_reload"   --->   Operation 17 'read' 'window_V_294_reload_read' <Predicate = true> <Delay = 0.00>
ST_1 : Operation 18 [1/1] (0.00ns)   --->   "%window_V_287_reload_read = read i8 @_ssdm_op_Read.ap_auto.i8, i8 %window_V_287_reload"   --->   Operation 18 'read' 'window_V_287_reload_read' <Predicate = true> <Delay = 0.00>
ST_1 : Operation 19 [1/1] (0.00ns)   --->   "%window_V_280_reload_read = read i8 @_ssdm_op_Read.ap_auto.i8, i8 %window_V_280_reload"   --->   Operation 19 'read' 'window_V_280_reload_read' <Predicate = true> <Delay = 0.00>
ST_1 : Operation 20 [1/1] (0.00ns)   --->   "%window_V_273_reload_read = read i8 @_ssdm_op_Read.ap_auto.i8, i8 %window_V_273_reload"   --->   Operation 20 'read' 'window_V_273_reload_read' <Predicate = true> <Delay = 0.00>
ST_1 : Operation 21 [1/1] (0.00ns)   --->   "%window_V_266_reload_read = read i8 @_ssdm_op_Read.ap_auto.i8, i8 %window_V_266_reload"   --->   Operation 21 'read' 'window_V_266_reload_read' <Predicate = true> <Delay = 0.00>
ST_1 : Operation 22 [1/1] (0.00ns)   --->   "%window_V_259_reload_read = read i8 @_ssdm_op_Read.ap_auto.i8, i8 %window_V_259_reload"   --->   Operation 22 'read' 'window_V_259_reload_read' <Predicate = true> <Delay = 0.00>
ST_1 : Operation 23 [1/1] (0.00ns)   --->   "%window_V_252_reload_read = read i8 @_ssdm_op_Read.ap_auto.i8, i8 %window_V_252_reload"   --->   Operation 23 'read' 'window_V_252_reload_read' <Predicate = true> <Delay = 0.00>
ST_1 : Operation 24 [1/1] (0.00ns)   --->   "%window_V_245_reload_read = read i8 @_ssdm_op_Read.ap_auto.i8, i8 %window_V_245_reload"   --->   Operation 24 'read' 'window_V_245_reload_read' <Predicate = true> <Delay = 0.00>
ST_1 : Operation 25 [1/1] (0.00ns)   --->   "%window_V_238_reload_read = read i8 @_ssdm_op_Read.ap_auto.i8, i8 %window_V_238_reload"   --->   Operation 25 'read' 'window_V_238_reload_read' <Predicate = true> <Delay = 0.00>
ST_1 : Operation 26 [1/1] (0.00ns)   --->   "%window_V_229_reload_read = read i8 @_ssdm_op_Read.ap_auto.i8, i8 %window_V_229_reload"   --->   Operation 26 'read' 'window_V_229_reload_read' <Predicate = true> <Delay = 0.00>
ST_1 : Operation 27 [1/1] (0.00ns)   --->   "%window_V_335_reload_read = read i8 @_ssdm_op_Read.ap_auto.i8, i8 %window_V_335_reload"   --->   Operation 27 'read' 'window_V_335_reload_read' <Predicate = true> <Delay = 0.00>
ST_1 : Operation 28 [1/1] (0.00ns)   --->   "%window_V_328_reload_read = read i8 @_ssdm_op_Read.ap_auto.i8, i8 %window_V_328_reload"   --->   Operation 28 'read' 'window_V_328_reload_read' <Predicate = true> <Delay = 0.00>
ST_1 : Operation 29 [1/1] (0.00ns)   --->   "%window_V_321_reload_read = read i8 @_ssdm_op_Read.ap_auto.i8, i8 %window_V_321_reload"   --->   Operation 29 'read' 'window_V_321_reload_read' <Predicate = true> <Delay = 0.00>
ST_1 : Operation 30 [1/1] (0.00ns)   --->   "%window_V_314_reload_read = read i8 @_ssdm_op_Read.ap_auto.i8, i8 %window_V_314_reload"   --->   Operation 30 'read' 'window_V_314_reload_read' <Predicate = true> <Delay = 0.00>
ST_1 : Operation 31 [1/1] (0.00ns)   --->   "%window_V_307_reload_read = read i8 @_ssdm_op_Read.ap_auto.i8, i8 %window_V_307_reload"   --->   Operation 31 'read' 'window_V_307_reload_read' <Predicate = true> <Delay = 0.00>
ST_1 : Operation 32 [1/1] (0.00ns)   --->   "%window_V_300_reload_read = read i8 @_ssdm_op_Read.ap_auto.i8, i8 %window_V_300_reload"   --->   Operation 32 'read' 'window_V_300_reload_read' <Predicate = true> <Delay = 0.00>
ST_1 : Operation 33 [1/1] (0.00ns)   --->   "%window_V_293_reload_read = read i8 @_ssdm_op_Read.ap_auto.i8, i8 %window_V_293_reload"   --->   Operation 33 'read' 'window_V_293_reload_read' <Predicate = true> <Delay = 0.00>
ST_1 : Operation 34 [1/1] (0.00ns)   --->   "%window_V_286_reload_read = read i8 @_ssdm_op_Read.ap_auto.i8, i8 %window_V_286_reload"   --->   Operation 34 'read' 'window_V_286_reload_read' <Predicate = true> <Delay = 0.00>
ST_1 : Operation 35 [1/1] (0.00ns)   --->   "%window_V_279_reload_read = read i8 @_ssdm_op_Read.ap_auto.i8, i8 %window_V_279_reload"   --->   Operation 35 'read' 'window_V_279_reload_read' <Predicate = true> <Delay = 0.00>
ST_1 : Operation 36 [1/1] (0.00ns)   --->   "%window_V_272_reload_read = read i8 @_ssdm_op_Read.ap_auto.i8, i8 %window_V_272_reload"   --->   Operation 36 'read' 'window_V_272_reload_read' <Predicate = true> <Delay = 0.00>
ST_1 : Operation 37 [1/1] (0.00ns)   --->   "%window_V_265_reload_read = read i8 @_ssdm_op_Read.ap_auto.i8, i8 %window_V_265_reload"   --->   Operation 37 'read' 'window_V_265_reload_read' <Predicate = true> <Delay = 0.00>
ST_1 : Operation 38 [1/1] (0.00ns)   --->   "%window_V_258_reload_read = read i8 @_ssdm_op_Read.ap_auto.i8, i8 %window_V_258_reload"   --->   Operation 38 'read' 'window_V_258_reload_read' <Predicate = true> <Delay = 0.00>
ST_1 : Operation 39 [1/1] (0.00ns)   --->   "%window_V_251_reload_read = read i8 @_ssdm_op_Read.ap_auto.i8, i8 %window_V_251_reload"   --->   Operation 39 'read' 'window_V_251_reload_read' <Predicate = true> <Delay = 0.00>
ST_1 : Operation 40 [1/1] (0.00ns)   --->   "%window_V_244_reload_read = read i8 @_ssdm_op_Read.ap_auto.i8, i8 %window_V_244_reload"   --->   Operation 40 'read' 'window_V_244_reload_read' <Predicate = true> <Delay = 0.00>
ST_1 : Operation 41 [1/1] (0.00ns)   --->   "%window_V_237_reload_read = read i8 @_ssdm_op_Read.ap_auto.i8, i8 %window_V_237_reload"   --->   Operation 41 'read' 'window_V_237_reload_read' <Predicate = true> <Delay = 0.00>
ST_1 : Operation 42 [1/1] (0.00ns)   --->   "%window_V_654_2_i_reload_read = read i8 @_ssdm_op_Read.ap_auto.i8, i8 %window_V_654_2_i_reload"   --->   Operation 42 'read' 'window_V_654_2_i_reload_read' <Predicate = true> <Delay = 0.00>
ST_1 : Operation 43 [1/1] (0.00ns)   --->   "%window_V_645_2_i_reload_read = read i8 @_ssdm_op_Read.ap_auto.i8, i8 %window_V_645_2_i_reload"   --->   Operation 43 'read' 'window_V_645_2_i_reload_read' <Predicate = true> <Delay = 0.00>
ST_1 : Operation 44 [1/1] (0.00ns)   --->   "%window_V_636_2_i_reload_read = read i8 @_ssdm_op_Read.ap_auto.i8, i8 %window_V_636_2_i_reload"   --->   Operation 44 'read' 'window_V_636_2_i_reload_read' <Predicate = true> <Delay = 0.00>
ST_1 : Operation 45 [1/1] (0.00ns)   --->   "%window_V_627_2_i_reload_read = read i8 @_ssdm_op_Read.ap_auto.i8, i8 %window_V_627_2_i_reload"   --->   Operation 45 'read' 'window_V_627_2_i_reload_read' <Predicate = true> <Delay = 0.00>
ST_1 : Operation 46 [1/1] (0.00ns)   --->   "%window_V_618_2_i_reload_read = read i8 @_ssdm_op_Read.ap_auto.i8, i8 %window_V_618_2_i_reload"   --->   Operation 46 'read' 'window_V_618_2_i_reload_read' <Predicate = true> <Delay = 0.00>
ST_1 : Operation 47 [1/1] (0.00ns)   --->   "%window_V_609_2_i_reload_read = read i8 @_ssdm_op_Read.ap_auto.i8, i8 %window_V_609_2_i_reload"   --->   Operation 47 'read' 'window_V_609_2_i_reload_read' <Predicate = true> <Delay = 0.00>
ST_1 : Operation 48 [1/1] (0.00ns)   --->   "%window_V_600_2_i_reload_read = read i8 @_ssdm_op_Read.ap_auto.i8, i8 %window_V_600_2_i_reload"   --->   Operation 48 'read' 'window_V_600_2_i_reload_read' <Predicate = true> <Delay = 0.00>
ST_1 : Operation 49 [1/1] (0.00ns)   --->   "%window_V_591_2_i_reload_read = read i8 @_ssdm_op_Read.ap_auto.i8, i8 %window_V_591_2_i_reload"   --->   Operation 49 'read' 'window_V_591_2_i_reload_read' <Predicate = true> <Delay = 0.00>
ST_1 : Operation 50 [1/1] (0.00ns)   --->   "%window_V_582_2_i_reload_read = read i8 @_ssdm_op_Read.ap_auto.i8, i8 %window_V_582_2_i_reload"   --->   Operation 50 'read' 'window_V_582_2_i_reload_read' <Predicate = true> <Delay = 0.00>
ST_1 : Operation 51 [1/1] (0.00ns)   --->   "%window_V_573_2_i_reload_read = read i8 @_ssdm_op_Read.ap_auto.i8, i8 %window_V_573_2_i_reload"   --->   Operation 51 'read' 'window_V_573_2_i_reload_read' <Predicate = true> <Delay = 0.00>
ST_1 : Operation 52 [1/1] (0.00ns)   --->   "%window_V_564_2_i_reload_read = read i8 @_ssdm_op_Read.ap_auto.i8, i8 %window_V_564_2_i_reload"   --->   Operation 52 'read' 'window_V_564_2_i_reload_read' <Predicate = true> <Delay = 0.00>
ST_1 : Operation 53 [1/1] (0.00ns)   --->   "%window_V_555_2_i_reload_read = read i8 @_ssdm_op_Read.ap_auto.i8, i8 %window_V_555_2_i_reload"   --->   Operation 53 'read' 'window_V_555_2_i_reload_read' <Predicate = true> <Delay = 0.00>
ST_1 : Operation 54 [1/1] (0.00ns)   --->   "%window_V_546_2_i_reload_read = read i8 @_ssdm_op_Read.ap_auto.i8, i8 %window_V_546_2_i_reload"   --->   Operation 54 'read' 'window_V_546_2_i_reload_read' <Predicate = true> <Delay = 0.00>
ST_1 : Operation 55 [1/1] (0.00ns)   --->   "%window_V_537_2_i_reload_read = read i8 @_ssdm_op_Read.ap_auto.i8, i8 %window_V_537_2_i_reload"   --->   Operation 55 'read' 'window_V_537_2_i_reload_read' <Predicate = true> <Delay = 0.00>
ST_1 : Operation 56 [1/1] (0.00ns)   --->   "%window_V_528_2_i_reload_read = read i8 @_ssdm_op_Read.ap_auto.i8, i8 %window_V_528_2_i_reload"   --->   Operation 56 'read' 'window_V_528_2_i_reload_read' <Predicate = true> <Delay = 0.00>
ST_1 : Operation 57 [1/1] (0.00ns)   --->   "%window_V_519_2_i_reload_read = read i8 @_ssdm_op_Read.ap_auto.i8, i8 %window_V_519_2_i_reload"   --->   Operation 57 'read' 'window_V_519_2_i_reload_read' <Predicate = true> <Delay = 0.00>
ST_1 : Operation 58 [1/1] (0.00ns)   --->   "%window_V_228_reload_read = read i8 @_ssdm_op_Read.ap_auto.i8, i8 %window_V_228_reload"   --->   Operation 58 'read' 'window_V_228_reload_read' <Predicate = true> <Delay = 0.00>
ST_1 : Operation 59 [1/1] (0.00ns)   --->   "%window_V_334_reload_read = read i8 @_ssdm_op_Read.ap_auto.i8, i8 %window_V_334_reload"   --->   Operation 59 'read' 'window_V_334_reload_read' <Predicate = true> <Delay = 0.00>
ST_1 : Operation 60 [1/1] (0.00ns)   --->   "%window_V_327_reload_read = read i8 @_ssdm_op_Read.ap_auto.i8, i8 %window_V_327_reload"   --->   Operation 60 'read' 'window_V_327_reload_read' <Predicate = true> <Delay = 0.00>
ST_1 : Operation 61 [1/1] (0.00ns)   --->   "%window_V_320_reload_read = read i8 @_ssdm_op_Read.ap_auto.i8, i8 %window_V_320_reload"   --->   Operation 61 'read' 'window_V_320_reload_read' <Predicate = true> <Delay = 0.00>
ST_1 : Operation 62 [1/1] (0.00ns)   --->   "%window_V_313_reload_read = read i8 @_ssdm_op_Read.ap_auto.i8, i8 %window_V_313_reload"   --->   Operation 62 'read' 'window_V_313_reload_read' <Predicate = true> <Delay = 0.00>
ST_1 : Operation 63 [1/1] (0.00ns)   --->   "%window_V_306_reload_read = read i8 @_ssdm_op_Read.ap_auto.i8, i8 %window_V_306_reload"   --->   Operation 63 'read' 'window_V_306_reload_read' <Predicate = true> <Delay = 0.00>
ST_1 : Operation 64 [1/1] (0.00ns)   --->   "%window_V_299_reload_read = read i8 @_ssdm_op_Read.ap_auto.i8, i8 %window_V_299_reload"   --->   Operation 64 'read' 'window_V_299_reload_read' <Predicate = true> <Delay = 0.00>
ST_1 : Operation 65 [1/1] (0.00ns)   --->   "%window_V_292_reload_read = read i8 @_ssdm_op_Read.ap_auto.i8, i8 %window_V_292_reload"   --->   Operation 65 'read' 'window_V_292_reload_read' <Predicate = true> <Delay = 0.00>
ST_1 : Operation 66 [1/1] (0.00ns)   --->   "%window_V_285_reload_read = read i8 @_ssdm_op_Read.ap_auto.i8, i8 %window_V_285_reload"   --->   Operation 66 'read' 'window_V_285_reload_read' <Predicate = true> <Delay = 0.00>
ST_1 : Operation 67 [1/1] (0.00ns)   --->   "%window_V_278_reload_read = read i8 @_ssdm_op_Read.ap_auto.i8, i8 %window_V_278_reload"   --->   Operation 67 'read' 'window_V_278_reload_read' <Predicate = true> <Delay = 0.00>
ST_1 : Operation 68 [1/1] (0.00ns)   --->   "%window_V_271_reload_read = read i8 @_ssdm_op_Read.ap_auto.i8, i8 %window_V_271_reload"   --->   Operation 68 'read' 'window_V_271_reload_read' <Predicate = true> <Delay = 0.00>
ST_1 : Operation 69 [1/1] (0.00ns)   --->   "%window_V_264_reload_read = read i8 @_ssdm_op_Read.ap_auto.i8, i8 %window_V_264_reload"   --->   Operation 69 'read' 'window_V_264_reload_read' <Predicate = true> <Delay = 0.00>
ST_1 : Operation 70 [1/1] (0.00ns)   --->   "%window_V_257_reload_read = read i8 @_ssdm_op_Read.ap_auto.i8, i8 %window_V_257_reload"   --->   Operation 70 'read' 'window_V_257_reload_read' <Predicate = true> <Delay = 0.00>
ST_1 : Operation 71 [1/1] (0.00ns)   --->   "%window_V_250_reload_read = read i8 @_ssdm_op_Read.ap_auto.i8, i8 %window_V_250_reload"   --->   Operation 71 'read' 'window_V_250_reload_read' <Predicate = true> <Delay = 0.00>
ST_1 : Operation 72 [1/1] (0.00ns)   --->   "%window_V_243_reload_read = read i8 @_ssdm_op_Read.ap_auto.i8, i8 %window_V_243_reload"   --->   Operation 72 'read' 'window_V_243_reload_read' <Predicate = true> <Delay = 0.00>
ST_1 : Operation 73 [1/1] (0.00ns)   --->   "%window_V_236_reload_read = read i8 @_ssdm_op_Read.ap_auto.i8, i8 %window_V_236_reload"   --->   Operation 73 'read' 'window_V_236_reload_read' <Predicate = true> <Delay = 0.00>
ST_1 : Operation 74 [1/1] (0.00ns)   --->   "%window_V_227_reload_read = read i8 @_ssdm_op_Read.ap_auto.i8, i8 %window_V_227_reload"   --->   Operation 74 'read' 'window_V_227_reload_read' <Predicate = true> <Delay = 0.00>
ST_1 : Operation 75 [1/1] (0.00ns)   --->   "%window_V_333_reload_read = read i8 @_ssdm_op_Read.ap_auto.i8, i8 %window_V_333_reload"   --->   Operation 75 'read' 'window_V_333_reload_read' <Predicate = true> <Delay = 0.00>
ST_1 : Operation 76 [1/1] (0.00ns)   --->   "%window_V_326_reload_read = read i8 @_ssdm_op_Read.ap_auto.i8, i8 %window_V_326_reload"   --->   Operation 76 'read' 'window_V_326_reload_read' <Predicate = true> <Delay = 0.00>
ST_1 : Operation 77 [1/1] (0.00ns)   --->   "%window_V_319_reload_read = read i8 @_ssdm_op_Read.ap_auto.i8, i8 %window_V_319_reload"   --->   Operation 77 'read' 'window_V_319_reload_read' <Predicate = true> <Delay = 0.00>
ST_1 : Operation 78 [1/1] (0.00ns)   --->   "%window_V_312_reload_read = read i8 @_ssdm_op_Read.ap_auto.i8, i8 %window_V_312_reload"   --->   Operation 78 'read' 'window_V_312_reload_read' <Predicate = true> <Delay = 0.00>
ST_1 : Operation 79 [1/1] (0.00ns)   --->   "%window_V_305_reload_read = read i8 @_ssdm_op_Read.ap_auto.i8, i8 %window_V_305_reload"   --->   Operation 79 'read' 'window_V_305_reload_read' <Predicate = true> <Delay = 0.00>
ST_1 : Operation 80 [1/1] (0.00ns)   --->   "%window_V_298_reload_read = read i8 @_ssdm_op_Read.ap_auto.i8, i8 %window_V_298_reload"   --->   Operation 80 'read' 'window_V_298_reload_read' <Predicate = true> <Delay = 0.00>
ST_1 : Operation 81 [1/1] (0.00ns)   --->   "%window_V_291_reload_read = read i8 @_ssdm_op_Read.ap_auto.i8, i8 %window_V_291_reload"   --->   Operation 81 'read' 'window_V_291_reload_read' <Predicate = true> <Delay = 0.00>
ST_1 : Operation 82 [1/1] (0.00ns)   --->   "%window_V_284_reload_read = read i8 @_ssdm_op_Read.ap_auto.i8, i8 %window_V_284_reload"   --->   Operation 82 'read' 'window_V_284_reload_read' <Predicate = true> <Delay = 0.00>
ST_1 : Operation 83 [1/1] (0.00ns)   --->   "%window_V_277_reload_read = read i8 @_ssdm_op_Read.ap_auto.i8, i8 %window_V_277_reload"   --->   Operation 83 'read' 'window_V_277_reload_read' <Predicate = true> <Delay = 0.00>
ST_1 : Operation 84 [1/1] (0.00ns)   --->   "%window_V_270_reload_read = read i8 @_ssdm_op_Read.ap_auto.i8, i8 %window_V_270_reload"   --->   Operation 84 'read' 'window_V_270_reload_read' <Predicate = true> <Delay = 0.00>
ST_1 : Operation 85 [1/1] (0.00ns)   --->   "%window_V_263_reload_read = read i8 @_ssdm_op_Read.ap_auto.i8, i8 %window_V_263_reload"   --->   Operation 85 'read' 'window_V_263_reload_read' <Predicate = true> <Delay = 0.00>
ST_1 : Operation 86 [1/1] (0.00ns)   --->   "%window_V_256_reload_read = read i8 @_ssdm_op_Read.ap_auto.i8, i8 %window_V_256_reload"   --->   Operation 86 'read' 'window_V_256_reload_read' <Predicate = true> <Delay = 0.00>
ST_1 : Operation 87 [1/1] (0.00ns)   --->   "%window_V_249_reload_read = read i8 @_ssdm_op_Read.ap_auto.i8, i8 %window_V_249_reload"   --->   Operation 87 'read' 'window_V_249_reload_read' <Predicate = true> <Delay = 0.00>
ST_1 : Operation 88 [1/1] (0.00ns)   --->   "%window_V_242_reload_read = read i8 @_ssdm_op_Read.ap_auto.i8, i8 %window_V_242_reload"   --->   Operation 88 'read' 'window_V_242_reload_read' <Predicate = true> <Delay = 0.00>
ST_1 : Operation 89 [1/1] (0.00ns)   --->   "%window_V_235_reload_read = read i8 @_ssdm_op_Read.ap_auto.i8, i8 %window_V_235_reload"   --->   Operation 89 'read' 'window_V_235_reload_read' <Predicate = true> <Delay = 0.00>
ST_1 : Operation 90 [1/1] (0.00ns)   --->   "%window_V_651_2_i_reload_read = read i8 @_ssdm_op_Read.ap_auto.i8, i8 %window_V_651_2_i_reload"   --->   Operation 90 'read' 'window_V_651_2_i_reload_read' <Predicate = true> <Delay = 0.00>
ST_1 : Operation 91 [1/1] (0.00ns)   --->   "%window_V_642_2_i_reload_read = read i8 @_ssdm_op_Read.ap_auto.i8, i8 %window_V_642_2_i_reload"   --->   Operation 91 'read' 'window_V_642_2_i_reload_read' <Predicate = true> <Delay = 0.00>
ST_1 : Operation 92 [1/1] (0.00ns)   --->   "%window_V_633_2_i_reload_read = read i8 @_ssdm_op_Read.ap_auto.i8, i8 %window_V_633_2_i_reload"   --->   Operation 92 'read' 'window_V_633_2_i_reload_read' <Predicate = true> <Delay = 0.00>
ST_1 : Operation 93 [1/1] (0.00ns)   --->   "%window_V_624_2_i_reload_read = read i8 @_ssdm_op_Read.ap_auto.i8, i8 %window_V_624_2_i_reload"   --->   Operation 93 'read' 'window_V_624_2_i_reload_read' <Predicate = true> <Delay = 0.00>
ST_1 : Operation 94 [1/1] (0.00ns)   --->   "%window_V_615_2_i_reload_read = read i8 @_ssdm_op_Read.ap_auto.i8, i8 %window_V_615_2_i_reload"   --->   Operation 94 'read' 'window_V_615_2_i_reload_read' <Predicate = true> <Delay = 0.00>
ST_1 : Operation 95 [1/1] (0.00ns)   --->   "%window_V_606_2_i_reload_read = read i8 @_ssdm_op_Read.ap_auto.i8, i8 %window_V_606_2_i_reload"   --->   Operation 95 'read' 'window_V_606_2_i_reload_read' <Predicate = true> <Delay = 0.00>
ST_1 : Operation 96 [1/1] (0.00ns)   --->   "%window_V_597_2_i_reload_read = read i8 @_ssdm_op_Read.ap_auto.i8, i8 %window_V_597_2_i_reload"   --->   Operation 96 'read' 'window_V_597_2_i_reload_read' <Predicate = true> <Delay = 0.00>
ST_1 : Operation 97 [1/1] (0.00ns)   --->   "%window_V_588_2_i_reload_read = read i8 @_ssdm_op_Read.ap_auto.i8, i8 %window_V_588_2_i_reload"   --->   Operation 97 'read' 'window_V_588_2_i_reload_read' <Predicate = true> <Delay = 0.00>
ST_1 : Operation 98 [1/1] (0.00ns)   --->   "%window_V_579_2_i_reload_read = read i8 @_ssdm_op_Read.ap_auto.i8, i8 %window_V_579_2_i_reload"   --->   Operation 98 'read' 'window_V_579_2_i_reload_read' <Predicate = true> <Delay = 0.00>
ST_1 : Operation 99 [1/1] (0.00ns)   --->   "%window_V_570_2_i_reload_read = read i8 @_ssdm_op_Read.ap_auto.i8, i8 %window_V_570_2_i_reload"   --->   Operation 99 'read' 'window_V_570_2_i_reload_read' <Predicate = true> <Delay = 0.00>
ST_1 : Operation 100 [1/1] (0.00ns)   --->   "%window_V_561_2_i_reload_read = read i8 @_ssdm_op_Read.ap_auto.i8, i8 %window_V_561_2_i_reload"   --->   Operation 100 'read' 'window_V_561_2_i_reload_read' <Predicate = true> <Delay = 0.00>
ST_1 : Operation 101 [1/1] (0.00ns)   --->   "%window_V_552_2_i_reload_read = read i8 @_ssdm_op_Read.ap_auto.i8, i8 %window_V_552_2_i_reload"   --->   Operation 101 'read' 'window_V_552_2_i_reload_read' <Predicate = true> <Delay = 0.00>
ST_1 : Operation 102 [1/1] (0.00ns)   --->   "%window_V_543_2_i_reload_read = read i8 @_ssdm_op_Read.ap_auto.i8, i8 %window_V_543_2_i_reload"   --->   Operation 102 'read' 'window_V_543_2_i_reload_read' <Predicate = true> <Delay = 0.00>
ST_1 : Operation 103 [1/1] (0.00ns)   --->   "%window_V_534_2_i_reload_read = read i8 @_ssdm_op_Read.ap_auto.i8, i8 %window_V_534_2_i_reload"   --->   Operation 103 'read' 'window_V_534_2_i_reload_read' <Predicate = true> <Delay = 0.00>
ST_1 : Operation 104 [1/1] (0.00ns)   --->   "%window_V_525_2_i_reload_read = read i8 @_ssdm_op_Read.ap_auto.i8, i8 %window_V_525_2_i_reload"   --->   Operation 104 'read' 'window_V_525_2_i_reload_read' <Predicate = true> <Delay = 0.00>
ST_1 : Operation 105 [1/1] (0.00ns)   --->   "%window_V_516_2_i_reload_read = read i8 @_ssdm_op_Read.ap_auto.i8, i8 %window_V_516_2_i_reload"   --->   Operation 105 'read' 'window_V_516_2_i_reload_read' <Predicate = true> <Delay = 0.00>
ST_1 : Operation 106 [1/1] (0.00ns)   --->   "%window_V_226_reload_read = read i8 @_ssdm_op_Read.ap_auto.i8, i8 %window_V_226_reload"   --->   Operation 106 'read' 'window_V_226_reload_read' <Predicate = true> <Delay = 0.00>
ST_1 : Operation 107 [1/1] (0.00ns)   --->   "%window_V_332_reload_read = read i8 @_ssdm_op_Read.ap_auto.i8, i8 %window_V_332_reload"   --->   Operation 107 'read' 'window_V_332_reload_read' <Predicate = true> <Delay = 0.00>
ST_1 : Operation 108 [1/1] (0.00ns)   --->   "%window_V_325_reload_read = read i8 @_ssdm_op_Read.ap_auto.i8, i8 %window_V_325_reload"   --->   Operation 108 'read' 'window_V_325_reload_read' <Predicate = true> <Delay = 0.00>
ST_1 : Operation 109 [1/1] (0.00ns)   --->   "%window_V_318_reload_read = read i8 @_ssdm_op_Read.ap_auto.i8, i8 %window_V_318_reload"   --->   Operation 109 'read' 'window_V_318_reload_read' <Predicate = true> <Delay = 0.00>
ST_1 : Operation 110 [1/1] (0.00ns)   --->   "%window_V_311_reload_read = read i8 @_ssdm_op_Read.ap_auto.i8, i8 %window_V_311_reload"   --->   Operation 110 'read' 'window_V_311_reload_read' <Predicate = true> <Delay = 0.00>
ST_1 : Operation 111 [1/1] (0.00ns)   --->   "%window_V_304_reload_read = read i8 @_ssdm_op_Read.ap_auto.i8, i8 %window_V_304_reload"   --->   Operation 111 'read' 'window_V_304_reload_read' <Predicate = true> <Delay = 0.00>
ST_1 : Operation 112 [1/1] (0.00ns)   --->   "%window_V_297_reload_read = read i8 @_ssdm_op_Read.ap_auto.i8, i8 %window_V_297_reload"   --->   Operation 112 'read' 'window_V_297_reload_read' <Predicate = true> <Delay = 0.00>
ST_1 : Operation 113 [1/1] (0.00ns)   --->   "%window_V_290_reload_read = read i8 @_ssdm_op_Read.ap_auto.i8, i8 %window_V_290_reload"   --->   Operation 113 'read' 'window_V_290_reload_read' <Predicate = true> <Delay = 0.00>
ST_1 : Operation 114 [1/1] (0.00ns)   --->   "%window_V_283_reload_read = read i8 @_ssdm_op_Read.ap_auto.i8, i8 %window_V_283_reload"   --->   Operation 114 'read' 'window_V_283_reload_read' <Predicate = true> <Delay = 0.00>
ST_1 : Operation 115 [1/1] (0.00ns)   --->   "%window_V_276_reload_read = read i8 @_ssdm_op_Read.ap_auto.i8, i8 %window_V_276_reload"   --->   Operation 115 'read' 'window_V_276_reload_read' <Predicate = true> <Delay = 0.00>
ST_1 : Operation 116 [1/1] (0.00ns)   --->   "%window_V_269_reload_read = read i8 @_ssdm_op_Read.ap_auto.i8, i8 %window_V_269_reload"   --->   Operation 116 'read' 'window_V_269_reload_read' <Predicate = true> <Delay = 0.00>
ST_1 : Operation 117 [1/1] (0.00ns)   --->   "%window_V_262_reload_read = read i8 @_ssdm_op_Read.ap_auto.i8, i8 %window_V_262_reload"   --->   Operation 117 'read' 'window_V_262_reload_read' <Predicate = true> <Delay = 0.00>
ST_1 : Operation 118 [1/1] (0.00ns)   --->   "%window_V_255_reload_read = read i8 @_ssdm_op_Read.ap_auto.i8, i8 %window_V_255_reload"   --->   Operation 118 'read' 'window_V_255_reload_read' <Predicate = true> <Delay = 0.00>
ST_1 : Operation 119 [1/1] (0.00ns)   --->   "%window_V_248_reload_read = read i8 @_ssdm_op_Read.ap_auto.i8, i8 %window_V_248_reload"   --->   Operation 119 'read' 'window_V_248_reload_read' <Predicate = true> <Delay = 0.00>
ST_1 : Operation 120 [1/1] (0.00ns)   --->   "%window_V_241_reload_read = read i8 @_ssdm_op_Read.ap_auto.i8, i8 %window_V_241_reload"   --->   Operation 120 'read' 'window_V_241_reload_read' <Predicate = true> <Delay = 0.00>
ST_1 : Operation 121 [1/1] (0.00ns)   --->   "%window_V_234_reload_read = read i8 @_ssdm_op_Read.ap_auto.i8, i8 %window_V_234_reload"   --->   Operation 121 'read' 'window_V_234_reload_read' <Predicate = true> <Delay = 0.00>
ST_1 : Operation 122 [1/1] (0.00ns)   --->   "%window_V_649_2_i_reload_read = read i8 @_ssdm_op_Read.ap_auto.i8, i8 %window_V_649_2_i_reload"   --->   Operation 122 'read' 'window_V_649_2_i_reload_read' <Predicate = true> <Delay = 0.00>
ST_1 : Operation 123 [1/1] (0.00ns)   --->   "%window_V_640_2_i_reload_read = read i8 @_ssdm_op_Read.ap_auto.i8, i8 %window_V_640_2_i_reload"   --->   Operation 123 'read' 'window_V_640_2_i_reload_read' <Predicate = true> <Delay = 0.00>
ST_1 : Operation 124 [1/1] (0.00ns)   --->   "%window_V_631_2_i_reload_read = read i8 @_ssdm_op_Read.ap_auto.i8, i8 %window_V_631_2_i_reload"   --->   Operation 124 'read' 'window_V_631_2_i_reload_read' <Predicate = true> <Delay = 0.00>
ST_1 : Operation 125 [1/1] (0.00ns)   --->   "%window_V_622_2_i_reload_read = read i8 @_ssdm_op_Read.ap_auto.i8, i8 %window_V_622_2_i_reload"   --->   Operation 125 'read' 'window_V_622_2_i_reload_read' <Predicate = true> <Delay = 0.00>
ST_1 : Operation 126 [1/1] (0.00ns)   --->   "%window_V_613_2_i_reload_read = read i8 @_ssdm_op_Read.ap_auto.i8, i8 %window_V_613_2_i_reload"   --->   Operation 126 'read' 'window_V_613_2_i_reload_read' <Predicate = true> <Delay = 0.00>
ST_1 : Operation 127 [1/1] (0.00ns)   --->   "%window_V_604_2_i_reload_read = read i8 @_ssdm_op_Read.ap_auto.i8, i8 %window_V_604_2_i_reload"   --->   Operation 127 'read' 'window_V_604_2_i_reload_read' <Predicate = true> <Delay = 0.00>
ST_1 : Operation 128 [1/1] (0.00ns)   --->   "%window_V_595_2_i_reload_read = read i8 @_ssdm_op_Read.ap_auto.i8, i8 %window_V_595_2_i_reload"   --->   Operation 128 'read' 'window_V_595_2_i_reload_read' <Predicate = true> <Delay = 0.00>
ST_1 : Operation 129 [1/1] (0.00ns)   --->   "%window_V_586_2_i_reload_read = read i8 @_ssdm_op_Read.ap_auto.i8, i8 %window_V_586_2_i_reload"   --->   Operation 129 'read' 'window_V_586_2_i_reload_read' <Predicate = true> <Delay = 0.00>
ST_1 : Operation 130 [1/1] (0.00ns)   --->   "%window_V_577_2_i_reload_read = read i8 @_ssdm_op_Read.ap_auto.i8, i8 %window_V_577_2_i_reload"   --->   Operation 130 'read' 'window_V_577_2_i_reload_read' <Predicate = true> <Delay = 0.00>
ST_1 : Operation 131 [1/1] (0.00ns)   --->   "%window_V_568_2_i_reload_read = read i8 @_ssdm_op_Read.ap_auto.i8, i8 %window_V_568_2_i_reload"   --->   Operation 131 'read' 'window_V_568_2_i_reload_read' <Predicate = true> <Delay = 0.00>
ST_1 : Operation 132 [1/1] (0.00ns)   --->   "%window_V_559_2_i_reload_read = read i8 @_ssdm_op_Read.ap_auto.i8, i8 %window_V_559_2_i_reload"   --->   Operation 132 'read' 'window_V_559_2_i_reload_read' <Predicate = true> <Delay = 0.00>
ST_1 : Operation 133 [1/1] (0.00ns)   --->   "%window_V_550_2_i_reload_read = read i8 @_ssdm_op_Read.ap_auto.i8, i8 %window_V_550_2_i_reload"   --->   Operation 133 'read' 'window_V_550_2_i_reload_read' <Predicate = true> <Delay = 0.00>
ST_1 : Operation 134 [1/1] (0.00ns)   --->   "%window_V_541_2_i_reload_read = read i8 @_ssdm_op_Read.ap_auto.i8, i8 %window_V_541_2_i_reload"   --->   Operation 134 'read' 'window_V_541_2_i_reload_read' <Predicate = true> <Delay = 0.00>
ST_1 : Operation 135 [1/1] (0.00ns)   --->   "%window_V_532_2_i_reload_read = read i8 @_ssdm_op_Read.ap_auto.i8, i8 %window_V_532_2_i_reload"   --->   Operation 135 'read' 'window_V_532_2_i_reload_read' <Predicate = true> <Delay = 0.00>
ST_1 : Operation 136 [1/1] (0.00ns)   --->   "%window_V_523_2_i_reload_read = read i8 @_ssdm_op_Read.ap_auto.i8, i8 %window_V_523_2_i_reload"   --->   Operation 136 'read' 'window_V_523_2_i_reload_read' <Predicate = true> <Delay = 0.00>
ST_1 : Operation 137 [1/1] (0.00ns)   --->   "%window_V_514_2_i_reload_read = read i8 @_ssdm_op_Read.ap_auto.i8, i8 %window_V_514_2_i_reload"   --->   Operation 137 'read' 'window_V_514_2_i_reload_read' <Predicate = true> <Delay = 0.00>
ST_1 : Operation 138 [1/1] (0.00ns)   --->   "%window_V_648_2_i_reload_read = read i8 @_ssdm_op_Read.ap_auto.i8, i8 %window_V_648_2_i_reload"   --->   Operation 138 'read' 'window_V_648_2_i_reload_read' <Predicate = true> <Delay = 0.00>
ST_1 : Operation 139 [1/1] (0.00ns)   --->   "%window_V_639_2_i_reload_read = read i8 @_ssdm_op_Read.ap_auto.i8, i8 %window_V_639_2_i_reload"   --->   Operation 139 'read' 'window_V_639_2_i_reload_read' <Predicate = true> <Delay = 0.00>
ST_1 : Operation 140 [1/1] (0.00ns)   --->   "%window_V_630_2_i_reload_read = read i8 @_ssdm_op_Read.ap_auto.i8, i8 %window_V_630_2_i_reload"   --->   Operation 140 'read' 'window_V_630_2_i_reload_read' <Predicate = true> <Delay = 0.00>
ST_1 : Operation 141 [1/1] (0.00ns)   --->   "%window_V_621_2_i_reload_read = read i8 @_ssdm_op_Read.ap_auto.i8, i8 %window_V_621_2_i_reload"   --->   Operation 141 'read' 'window_V_621_2_i_reload_read' <Predicate = true> <Delay = 0.00>
ST_1 : Operation 142 [1/1] (0.00ns)   --->   "%window_V_612_2_i_reload_read = read i8 @_ssdm_op_Read.ap_auto.i8, i8 %window_V_612_2_i_reload"   --->   Operation 142 'read' 'window_V_612_2_i_reload_read' <Predicate = true> <Delay = 0.00>
ST_1 : Operation 143 [1/1] (0.00ns)   --->   "%window_V_603_2_i_reload_read = read i8 @_ssdm_op_Read.ap_auto.i8, i8 %window_V_603_2_i_reload"   --->   Operation 143 'read' 'window_V_603_2_i_reload_read' <Predicate = true> <Delay = 0.00>
ST_1 : Operation 144 [1/1] (0.00ns)   --->   "%window_V_594_2_i_reload_read = read i8 @_ssdm_op_Read.ap_auto.i8, i8 %window_V_594_2_i_reload"   --->   Operation 144 'read' 'window_V_594_2_i_reload_read' <Predicate = true> <Delay = 0.00>
ST_1 : Operation 145 [1/1] (0.00ns)   --->   "%window_V_585_2_i_reload_read = read i8 @_ssdm_op_Read.ap_auto.i8, i8 %window_V_585_2_i_reload"   --->   Operation 145 'read' 'window_V_585_2_i_reload_read' <Predicate = true> <Delay = 0.00>
ST_1 : Operation 146 [1/1] (0.00ns)   --->   "%window_V_576_2_i_reload_read = read i8 @_ssdm_op_Read.ap_auto.i8, i8 %window_V_576_2_i_reload"   --->   Operation 146 'read' 'window_V_576_2_i_reload_read' <Predicate = true> <Delay = 0.00>
ST_1 : Operation 147 [1/1] (0.00ns)   --->   "%window_V_567_2_i_reload_read = read i8 @_ssdm_op_Read.ap_auto.i8, i8 %window_V_567_2_i_reload"   --->   Operation 147 'read' 'window_V_567_2_i_reload_read' <Predicate = true> <Delay = 0.00>
ST_1 : Operation 148 [1/1] (0.00ns)   --->   "%window_V_558_2_i_reload_read = read i8 @_ssdm_op_Read.ap_auto.i8, i8 %window_V_558_2_i_reload"   --->   Operation 148 'read' 'window_V_558_2_i_reload_read' <Predicate = true> <Delay = 0.00>
ST_1 : Operation 149 [1/1] (0.00ns)   --->   "%window_V_549_2_i_reload_read = read i8 @_ssdm_op_Read.ap_auto.i8, i8 %window_V_549_2_i_reload"   --->   Operation 149 'read' 'window_V_549_2_i_reload_read' <Predicate = true> <Delay = 0.00>
ST_1 : Operation 150 [1/1] (0.00ns)   --->   "%window_V_540_2_i_reload_read = read i8 @_ssdm_op_Read.ap_auto.i8, i8 %window_V_540_2_i_reload"   --->   Operation 150 'read' 'window_V_540_2_i_reload_read' <Predicate = true> <Delay = 0.00>
ST_1 : Operation 151 [1/1] (0.00ns)   --->   "%window_V_531_2_i_reload_read = read i8 @_ssdm_op_Read.ap_auto.i8, i8 %window_V_531_2_i_reload"   --->   Operation 151 'read' 'window_V_531_2_i_reload_read' <Predicate = true> <Delay = 0.00>
ST_1 : Operation 152 [1/1] (0.00ns)   --->   "%window_V_522_2_i_reload_read = read i8 @_ssdm_op_Read.ap_auto.i8, i8 %window_V_522_2_i_reload"   --->   Operation 152 'read' 'window_V_522_2_i_reload_read' <Predicate = true> <Delay = 0.00>
ST_1 : Operation 153 [1/1] (0.00ns)   --->   "%window_V_2_i_reload_read = read i8 @_ssdm_op_Read.ap_auto.i8, i8 %window_V_2_i_reload"   --->   Operation 153 'read' 'window_V_2_i_reload_read' <Predicate = true> <Delay = 0.00>
ST_1 : Operation 154 [1/1] (0.00ns)   --->   "%zext_ln76_read = read i12 @_ssdm_op_Read.ap_auto.i12, i12 %zext_ln76"   --->   Operation 154 'read' 'zext_ln76_read' <Predicate = true> <Delay = 0.00>
ST_1 : Operation 155 [1/1] (0.00ns)   --->   "%zext_ln71_2_read = read i9 @_ssdm_op_Read.ap_auto.i9, i9 %zext_ln71_2"   --->   Operation 155 'read' 'zext_ln71_2_read' <Predicate = true> <Delay = 0.00>
ST_1 : Operation 156 [1/1] (0.00ns)   --->   "%sext_ln66_read = read i16 @_ssdm_op_Read.ap_auto.i16, i16 %sext_ln66"   --->   Operation 156 'read' 'sext_ln66_read' <Predicate = true> <Delay = 0.00>
ST_1 : Operation 157 [1/1] (0.00ns)   --->   "%zext_ln76_cast = zext i12 %zext_ln76_read"   --->   Operation 157 'zext' 'zext_ln76_cast' <Predicate = true> <Delay = 0.00>
ST_1 : Operation 158 [1/1] (0.00ns)   --->   "%zext_ln71_2_cast = zext i9 %zext_ln71_2_read"   --->   Operation 158 'zext' 'zext_ln71_2_cast' <Predicate = true> <Delay = 0.00>
ST_1 : Operation 159 [1/1] (0.00ns)   --->   "%sext_ln66_cast = sext i16 %sext_ln66_read"   --->   Operation 159 'sext' 'sext_ln66_cast' <Predicate = true> <Delay = 0.00>
ST_1 : Operation 160 [1/1] (0.00ns)   --->   "%specinterface_ln0 = specinterface void @_ssdm_op_SpecInterface, i8 %s_conv2, void @empty_11, i32 0, i32 0, void @empty_4, i32 0, i32 0, void @empty_4, void @empty_4, void @empty_4, i32 0, i32 0, i32 0, i32 0, void @empty_4, void @empty_4, i32 4294967295, i32 0"   --->   Operation 160 'specinterface' 'specinterface_ln0' <Predicate = true> <Delay = 0.00>
ST_1 : Operation 161 [1/1] (0.48ns)   --->   "%store_ln0 = store i5 0, i5 %ch_2"   --->   Operation 161 'store' 'store_ln0' <Predicate = true> <Delay = 0.48>
ST_1 : Operation 162 [1/1] (0.48ns)   --->   "%store_ln0 = store i32 %sext_ln66_cast, i32 %lhs"   --->   Operation 162 'store' 'store_ln0' <Predicate = true> <Delay = 0.48>
ST_1 : Operation 163 [1/1] (0.00ns)   --->   "%br_ln0 = br void %for.body168.i"   --->   Operation 163 'br' 'br_ln0' <Predicate = true> <Delay = 0.00>
ST_1 : Operation 164 [1/1] (0.00ns)   --->   "%ch = load i5 %ch_2" [vgg_accelerator.cpp:76]   --->   Operation 164 'load' 'ch' <Predicate = true> <Delay = 0.00>
ST_1 : Operation 165 [1/1] (0.87ns)   --->   "%icmp_ln71 = icmp_eq  i5 %ch, i5 16" [vgg_accelerator.cpp:71]   --->   Operation 165 'icmp' 'icmp_ln71' <Predicate = true> <Delay = 0.87> <CoreInst = "Cmp">   --->   Core 9 'Cmp' <Latency = 0> <II = 1> <Delay = 0.87> <FuncUnit> <Opcode : 'icmp'> <InPorts = 2> <OutPorts = 1>
ST_1 : Operation 166 [1/1] (0.00ns)   --->   "%empty = speclooptripcount i32 @_ssdm_op_SpecLoopTripCount, i64 16, i64 16, i64 16"   --->   Operation 166 'speclooptripcount' 'empty' <Predicate = true> <Delay = 0.00>
ST_1 : Operation 167 [1/1] (0.87ns)   --->   "%add_ln71 = add i5 %ch, i5 1" [vgg_accelerator.cpp:71]   --->   Operation 167 'add' 'add_ln71' <Predicate = true> <Delay = 0.87> <CoreInst = "Adder">   --->   Core 1 'Adder' <Latency = 0> <II = 1> <Delay = 0.87> <FuncUnit> <Opcode : 'add' 'sub'> <InPorts = 2> <OutPorts = 1>
ST_1 : Operation 168 [1/1] (0.00ns)   --->   "%br_ln71 = br i1 %icmp_ln71, void %for.body168.split.i, void %_ZltILi32ELi16ELb1EL9ap_q_mode0EL9ap_o_mode0ELi0EEbRK13ap_fixed_baseIXT_EXT0_EXT1_EXT2_EXT3_EXT4_EEi.exit.i.exitStub" [vgg_accelerator.cpp:71]   --->   Operation 168 'br' 'br_ln71' <Predicate = true> <Delay = 0.00>
ST_1 : Operation 169 [1/1] (0.00ns)   --->   "%zext_ln71 = zext i5 %ch" [vgg_accelerator.cpp:71]   --->   Operation 169 'zext' 'zext_ln71' <Predicate = (!icmp_ln71)> <Delay = 0.00>
ST_1 : Operation 170 [1/1] (0.00ns)   --->   "%trunc_ln76 = trunc i5 %ch" [vgg_accelerator.cpp:76]   --->   Operation 170 'trunc' 'trunc_ln76' <Predicate = (!icmp_ln71)> <Delay = 0.00>
ST_1 : Operation 171 [1/1] (0.00ns)   --->   "%shl_ln76_4 = bitconcatenate i7 @_ssdm_op_BitConcatenate.i7.i4.i3, i4 %trunc_ln76, i3 0" [vgg_accelerator.cpp:76]   --->   Operation 171 'bitconcatenate' 'shl_ln76_4' <Predicate = (!icmp_ln71)> <Delay = 0.00>
ST_1 : Operation 172 [1/1] (0.00ns)   --->   "%zext_ln76_13 = zext i7 %shl_ln76_4" [vgg_accelerator.cpp:76]   --->   Operation 172 'zext' 'zext_ln76_13' <Predicate = (!icmp_ln71)> <Delay = 0.00>
ST_1 : Operation 173 [1/1] (0.89ns)   --->   "%add_ln76 = add i8 %zext_ln76_13, i8 %zext_ln71" [vgg_accelerator.cpp:76]   --->   Operation 173 'add' 'add_ln76' <Predicate = (!icmp_ln71)> <Delay = 0.89> <CoreInst = "Adder">   --->   Core 1 'Adder' <Latency = 0> <II = 1> <Delay = 0.89> <FuncUnit> <Opcode : 'add' 'sub'> <InPorts = 2> <OutPorts = 1>
ST_1 : Operation 174 [1/1] (0.00ns)   --->   "%zext_ln76_14 = zext i8 %add_ln76" [vgg_accelerator.cpp:76]   --->   Operation 174 'zext' 'zext_ln76_14' <Predicate = (!icmp_ln71)> <Delay = 0.00>
ST_1 : Operation 175 [1/1] (0.92ns)   --->   "%add_ln76_11 = add i10 %zext_ln71_2_cast, i10 %zext_ln76_14" [vgg_accelerator.cpp:76]   --->   Operation 175 'add' 'add_ln76_11' <Predicate = (!icmp_ln71)> <Delay = 0.92> <CoreInst = "Adder">   --->   Core 1 'Adder' <Latency = 0> <II = 1> <Delay = 0.92> <FuncUnit> <Opcode : 'add' 'sub'> <InPorts = 2> <OutPorts = 1>
ST_1 : Operation 176 [1/1] (0.00ns)   --->   "%zext_ln76_15 = zext i10 %add_ln76_11" [vgg_accelerator.cpp:76]   --->   Operation 176 'zext' 'zext_ln76_15' <Predicate = (!icmp_ln71)> <Delay = 0.00>
ST_1 : Operation 177 [1/1] (0.96ns)   --->   "%add_ln76_12 = add i13 %zext_ln76_15, i13 %zext_ln76_cast" [vgg_accelerator.cpp:76]   --->   Operation 177 'add' 'add_ln76_12' <Predicate = (!icmp_ln71)> <Delay = 0.96> <CoreInst = "Adder">   --->   Core 1 'Adder' <Latency = 0> <II = 1> <Delay = 0.96> <FuncUnit> <Opcode : 'add' 'sub'> <InPorts = 2> <OutPorts = 1>
ST_1 : Operation 178 [1/1] (0.00ns)   --->   "%zext_ln76_16 = zext i13 %add_ln76_12" [vgg_accelerator.cpp:76]   --->   Operation 178 'zext' 'zext_ln76_16' <Predicate = (!icmp_ln71)> <Delay = 0.00>
ST_1 : Operation 179 [1/1] (0.00ns)   --->   "%conv2_weights_addr = getelementptr i5 %conv2_weights, i64 0, i64 %zext_ln76_16" [vgg_accelerator.cpp:76]   --->   Operation 179 'getelementptr' 'conv2_weights_addr' <Predicate = (!icmp_ln71)> <Delay = 0.00>
ST_1 : Operation 180 [2/2] (1.35ns)   --->   "%w_V = load i13 %conv2_weights_addr" [vgg_accelerator.cpp:76]   --->   Operation 180 'load' 'w_V' <Predicate = (!icmp_ln71)> <Delay = 1.35> <CoreInst = "ROM">   --->   Core 101 'ROM' <Latency = 1> <II = 1> <Delay = 1.35> <Storage> <Opcode : 'load'> <Ports = 0> <Width = 5> <Depth = 4608> <ROM>
ST_1 : Operation 181 [1/1] (0.57ns)   --->   "%px_V = mux i8 @_ssdm_op_Mux.ap_auto.16i8.i4, i8 %window_V_2_i_reload_read, i8 %window_V_522_2_i_reload_read, i8 %window_V_531_2_i_reload_read, i8 %window_V_540_2_i_reload_read, i8 %window_V_549_2_i_reload_read, i8 %window_V_558_2_i_reload_read, i8 %window_V_567_2_i_reload_read, i8 %window_V_576_2_i_reload_read, i8 %window_V_585_2_i_reload_read, i8 %window_V_594_2_i_reload_read, i8 %window_V_603_2_i_reload_read, i8 %window_V_612_2_i_reload_read, i8 %window_V_621_2_i_reload_read, i8 %window_V_630_2_i_reload_read, i8 %window_V_639_2_i_reload_read, i8 %window_V_648_2_i_reload_read, i4 %trunc_ln76" [vgg_accelerator.cpp:77]   --->   Operation 181 'mux' 'px_V' <Predicate = (!icmp_ln71)> <Delay = 0.57> <CoreInst = "Multiplexer">   --->   Core 76 'Multiplexer' <Latency = 0> <II = 1> <Delay = 0.57> <FuncUnit> <Opcode : 'mux'> <InPorts = 2> <OutPorts = 1>
ST_1 : Operation 182 [1/1] (0.97ns)   --->   "%add_ln76_13 = add i13 %add_ln76_12, i13 1" [vgg_accelerator.cpp:76]   --->   Operation 182 'add' 'add_ln76_13' <Predicate = (!icmp_ln71)> <Delay = 0.97> <CoreInst = "Adder">   --->   Core 1 'Adder' <Latency = 0> <II = 1> <Delay = 0.97> <FuncUnit> <Opcode : 'add' 'sub'> <InPorts = 2> <OutPorts = 1>
ST_1 : Operation 183 [1/1] (0.00ns)   --->   "%zext_ln76_17 = zext i13 %add_ln76_13" [vgg_accelerator.cpp:76]   --->   Operation 183 'zext' 'zext_ln76_17' <Predicate = (!icmp_ln71)> <Delay = 0.00>
ST_1 : Operation 184 [1/1] (0.00ns)   --->   "%conv2_weights_addr_1 = getelementptr i5 %conv2_weights, i64 0, i64 %zext_ln76_17" [vgg_accelerator.cpp:76]   --->   Operation 184 'getelementptr' 'conv2_weights_addr_1' <Predicate = (!icmp_ln71)> <Delay = 0.00>
ST_1 : Operation 185 [2/2] (1.35ns)   --->   "%w_V_9 = load i13 %conv2_weights_addr_1" [vgg_accelerator.cpp:76]   --->   Operation 185 'load' 'w_V_9' <Predicate = (!icmp_ln71)> <Delay = 1.35> <CoreInst = "ROM">   --->   Core 101 'ROM' <Latency = 1> <II = 1> <Delay = 1.35> <Storage> <Opcode : 'load'> <Ports = 0> <Width = 5> <Depth = 4608> <ROM>
ST_1 : Operation 186 [1/1] (0.57ns)   --->   "%px_V_9 = mux i8 @_ssdm_op_Mux.ap_auto.16i8.i4, i8 %window_V_514_2_i_reload_read, i8 %window_V_523_2_i_reload_read, i8 %window_V_532_2_i_reload_read, i8 %window_V_541_2_i_reload_read, i8 %window_V_550_2_i_reload_read, i8 %window_V_559_2_i_reload_read, i8 %window_V_568_2_i_reload_read, i8 %window_V_577_2_i_reload_read, i8 %window_V_586_2_i_reload_read, i8 %window_V_595_2_i_reload_read, i8 %window_V_604_2_i_reload_read, i8 %window_V_613_2_i_reload_read, i8 %window_V_622_2_i_reload_read, i8 %window_V_631_2_i_reload_read, i8 %window_V_640_2_i_reload_read, i8 %window_V_649_2_i_reload_read, i4 %trunc_ln76" [vgg_accelerator.cpp:77]   --->   Operation 186 'mux' 'px_V_9' <Predicate = (!icmp_ln71)> <Delay = 0.57> <CoreInst = "Multiplexer">   --->   Core 76 'Multiplexer' <Latency = 0> <II = 1> <Delay = 0.57> <FuncUnit> <Opcode : 'mux'> <InPorts = 2> <OutPorts = 1>
ST_1 : Operation 187 [1/1] (0.97ns)   --->   "%add_ln76_14 = add i13 %add_ln76_12, i13 2" [vgg_accelerator.cpp:76]   --->   Operation 187 'add' 'add_ln76_14' <Predicate = (!icmp_ln71)> <Delay = 0.97> <CoreInst = "Adder">   --->   Core 1 'Adder' <Latency = 0> <II = 1> <Delay = 0.97> <FuncUnit> <Opcode : 'add' 'sub'> <InPorts = 2> <OutPorts = 1>
ST_1 : Operation 188 [1/1] (0.00ns)   --->   "%zext_ln76_18 = zext i13 %add_ln76_14" [vgg_accelerator.cpp:76]   --->   Operation 188 'zext' 'zext_ln76_18' <Predicate = (!icmp_ln71)> <Delay = 0.00>
ST_1 : Operation 189 [1/1] (0.00ns)   --->   "%conv2_weights_addr_2 = getelementptr i5 %conv2_weights, i64 0, i64 %zext_ln76_18" [vgg_accelerator.cpp:76]   --->   Operation 189 'getelementptr' 'conv2_weights_addr_2' <Predicate = (!icmp_ln71)> <Delay = 0.00>
ST_1 : Operation 190 [2/2] (1.35ns)   --->   "%w_V_10 = load i13 %conv2_weights_addr_2" [vgg_accelerator.cpp:76]   --->   Operation 190 'load' 'w_V_10' <Predicate = (!icmp_ln71)> <Delay = 1.35> <CoreInst = "ROM">   --->   Core 101 'ROM' <Latency = 1> <II = 1> <Delay = 1.35> <Storage> <Opcode : 'load'> <Ports = 0> <Width = 5> <Depth = 4608> <ROM>
ST_1 : Operation 191 [1/1] (0.57ns)   --->   "%px_V_10 = mux i8 @_ssdm_op_Mux.ap_auto.16i8.i4, i8 %window_V_234_reload_read, i8 %window_V_241_reload_read, i8 %window_V_248_reload_read, i8 %window_V_255_reload_read, i8 %window_V_262_reload_read, i8 %window_V_269_reload_read, i8 %window_V_276_reload_read, i8 %window_V_283_reload_read, i8 %window_V_290_reload_read, i8 %window_V_297_reload_read, i8 %window_V_304_reload_read, i8 %window_V_311_reload_read, i8 %window_V_318_reload_read, i8 %window_V_325_reload_read, i8 %window_V_332_reload_read, i8 %window_V_226_reload_read, i4 %trunc_ln76" [vgg_accelerator.cpp:77]   --->   Operation 191 'mux' 'px_V_10' <Predicate = (!icmp_ln71)> <Delay = 0.57> <CoreInst = "Multiplexer">   --->   Core 76 'Multiplexer' <Latency = 0> <II = 1> <Delay = 0.57> <FuncUnit> <Opcode : 'mux'> <InPorts = 2> <OutPorts = 1>
ST_1 : Operation 192 [1/1] (0.97ns)   --->   "%add_ln76_15 = add i13 %add_ln76_12, i13 3" [vgg_accelerator.cpp:76]   --->   Operation 192 'add' 'add_ln76_15' <Predicate = (!icmp_ln71)> <Delay = 0.97> <CoreInst = "Adder">   --->   Core 1 'Adder' <Latency = 0> <II = 1> <Delay = 0.97> <FuncUnit> <Opcode : 'add' 'sub'> <InPorts = 2> <OutPorts = 1>
ST_1 : Operation 193 [1/1] (0.00ns)   --->   "%zext_ln76_19 = zext i13 %add_ln76_15" [vgg_accelerator.cpp:76]   --->   Operation 193 'zext' 'zext_ln76_19' <Predicate = (!icmp_ln71)> <Delay = 0.00>
ST_1 : Operation 194 [1/1] (0.00ns)   --->   "%conv2_weights_addr_3 = getelementptr i5 %conv2_weights, i64 0, i64 %zext_ln76_19" [vgg_accelerator.cpp:76]   --->   Operation 194 'getelementptr' 'conv2_weights_addr_3' <Predicate = (!icmp_ln71)> <Delay = 0.00>
ST_1 : Operation 195 [2/2] (1.35ns)   --->   "%w_V_11 = load i13 %conv2_weights_addr_3" [vgg_accelerator.cpp:76]   --->   Operation 195 'load' 'w_V_11' <Predicate = (!icmp_ln71)> <Delay = 1.35> <CoreInst = "ROM">   --->   Core 101 'ROM' <Latency = 1> <II = 1> <Delay = 1.35> <Storage> <Opcode : 'load'> <Ports = 0> <Width = 5> <Depth = 4608> <ROM>
ST_1 : Operation 196 [1/1] (0.57ns)   --->   "%px_V_11 = mux i8 @_ssdm_op_Mux.ap_auto.16i8.i4, i8 %window_V_516_2_i_reload_read, i8 %window_V_525_2_i_reload_read, i8 %window_V_534_2_i_reload_read, i8 %window_V_543_2_i_reload_read, i8 %window_V_552_2_i_reload_read, i8 %window_V_561_2_i_reload_read, i8 %window_V_570_2_i_reload_read, i8 %window_V_579_2_i_reload_read, i8 %window_V_588_2_i_reload_read, i8 %window_V_597_2_i_reload_read, i8 %window_V_606_2_i_reload_read, i8 %window_V_615_2_i_reload_read, i8 %window_V_624_2_i_reload_read, i8 %window_V_633_2_i_reload_read, i8 %window_V_642_2_i_reload_read, i8 %window_V_651_2_i_reload_read, i4 %trunc_ln76" [vgg_accelerator.cpp:77]   --->   Operation 196 'mux' 'px_V_11' <Predicate = (!icmp_ln71)> <Delay = 0.57> <CoreInst = "Multiplexer">   --->   Core 76 'Multiplexer' <Latency = 0> <II = 1> <Delay = 0.57> <FuncUnit> <Opcode : 'mux'> <InPorts = 2> <OutPorts = 1>
ST_1 : Operation 197 [1/1] (0.97ns)   --->   "%add_ln76_16 = add i13 %add_ln76_12, i13 4" [vgg_accelerator.cpp:76]   --->   Operation 197 'add' 'add_ln76_16' <Predicate = (!icmp_ln71)> <Delay = 0.97> <CoreInst = "Adder">   --->   Core 1 'Adder' <Latency = 0> <II = 1> <Delay = 0.97> <FuncUnit> <Opcode : 'add' 'sub'> <InPorts = 2> <OutPorts = 1>
ST_1 : Operation 198 [1/1] (0.00ns)   --->   "%zext_ln76_20 = zext i13 %add_ln76_16" [vgg_accelerator.cpp:76]   --->   Operation 198 'zext' 'zext_ln76_20' <Predicate = (!icmp_ln71)> <Delay = 0.00>
ST_1 : Operation 199 [1/1] (0.00ns)   --->   "%conv2_weights_addr_4 = getelementptr i5 %conv2_weights, i64 0, i64 %zext_ln76_20" [vgg_accelerator.cpp:76]   --->   Operation 199 'getelementptr' 'conv2_weights_addr_4' <Predicate = (!icmp_ln71)> <Delay = 0.00>
ST_1 : Operation 200 [2/2] (1.35ns)   --->   "%w_V_12 = load i13 %conv2_weights_addr_4" [vgg_accelerator.cpp:76]   --->   Operation 200 'load' 'w_V_12' <Predicate = (!icmp_ln71)> <Delay = 1.35> <CoreInst = "ROM">   --->   Core 101 'ROM' <Latency = 1> <II = 1> <Delay = 1.35> <Storage> <Opcode : 'load'> <Ports = 0> <Width = 5> <Depth = 4608> <ROM>
ST_1 : Operation 201 [1/1] (0.57ns)   --->   "%px_V_12 = mux i8 @_ssdm_op_Mux.ap_auto.16i8.i4, i8 %window_V_235_reload_read, i8 %window_V_242_reload_read, i8 %window_V_249_reload_read, i8 %window_V_256_reload_read, i8 %window_V_263_reload_read, i8 %window_V_270_reload_read, i8 %window_V_277_reload_read, i8 %window_V_284_reload_read, i8 %window_V_291_reload_read, i8 %window_V_298_reload_read, i8 %window_V_305_reload_read, i8 %window_V_312_reload_read, i8 %window_V_319_reload_read, i8 %window_V_326_reload_read, i8 %window_V_333_reload_read, i8 %window_V_227_reload_read, i4 %trunc_ln76" [vgg_accelerator.cpp:77]   --->   Operation 201 'mux' 'px_V_12' <Predicate = (!icmp_ln71)> <Delay = 0.57> <CoreInst = "Multiplexer">   --->   Core 76 'Multiplexer' <Latency = 0> <II = 1> <Delay = 0.57> <FuncUnit> <Opcode : 'mux'> <InPorts = 2> <OutPorts = 1>
ST_1 : Operation 202 [1/1] (0.57ns)   --->   "%px_V_13 = mux i8 @_ssdm_op_Mux.ap_auto.16i8.i4, i8 %window_V_236_reload_read, i8 %window_V_243_reload_read, i8 %window_V_250_reload_read, i8 %window_V_257_reload_read, i8 %window_V_264_reload_read, i8 %window_V_271_reload_read, i8 %window_V_278_reload_read, i8 %window_V_285_reload_read, i8 %window_V_292_reload_read, i8 %window_V_299_reload_read, i8 %window_V_306_reload_read, i8 %window_V_313_reload_read, i8 %window_V_320_reload_read, i8 %window_V_327_reload_read, i8 %window_V_334_reload_read, i8 %window_V_228_reload_read, i4 %trunc_ln76" [vgg_accelerator.cpp:77]   --->   Operation 202 'mux' 'px_V_13' <Predicate = (!icmp_ln71)> <Delay = 0.57> <CoreInst = "Multiplexer">   --->   Core 76 'Multiplexer' <Latency = 0> <II = 1> <Delay = 0.57> <FuncUnit> <Opcode : 'mux'> <InPorts = 2> <OutPorts = 1>
ST_1 : Operation 203 [1/1] (0.57ns)   --->   "%px_V_14 = mux i8 @_ssdm_op_Mux.ap_auto.16i8.i4, i8 %window_V_519_2_i_reload_read, i8 %window_V_528_2_i_reload_read, i8 %window_V_537_2_i_reload_read, i8 %window_V_546_2_i_reload_read, i8 %window_V_555_2_i_reload_read, i8 %window_V_564_2_i_reload_read, i8 %window_V_573_2_i_reload_read, i8 %window_V_582_2_i_reload_read, i8 %window_V_591_2_i_reload_read, i8 %window_V_600_2_i_reload_read, i8 %window_V_609_2_i_reload_read, i8 %window_V_618_2_i_reload_read, i8 %window_V_627_2_i_reload_read, i8 %window_V_636_2_i_reload_read, i8 %window_V_645_2_i_reload_read, i8 %window_V_654_2_i_reload_read, i4 %trunc_ln76" [vgg_accelerator.cpp:77]   --->   Operation 203 'mux' 'px_V_14' <Predicate = (!icmp_ln71)> <Delay = 0.57> <CoreInst = "Multiplexer">   --->   Core 76 'Multiplexer' <Latency = 0> <II = 1> <Delay = 0.57> <FuncUnit> <Opcode : 'mux'> <InPorts = 2> <OutPorts = 1>
ST_1 : Operation 204 [1/1] (0.57ns)   --->   "%px_V_15 = mux i8 @_ssdm_op_Mux.ap_auto.16i8.i4, i8 %window_V_237_reload_read, i8 %window_V_244_reload_read, i8 %window_V_251_reload_read, i8 %window_V_258_reload_read, i8 %window_V_265_reload_read, i8 %window_V_272_reload_read, i8 %window_V_279_reload_read, i8 %window_V_286_reload_read, i8 %window_V_293_reload_read, i8 %window_V_300_reload_read, i8 %window_V_307_reload_read, i8 %window_V_314_reload_read, i8 %window_V_321_reload_read, i8 %window_V_328_reload_read, i8 %window_V_335_reload_read, i8 %window_V_229_reload_read, i4 %trunc_ln76" [vgg_accelerator.cpp:77]   --->   Operation 204 'mux' 'px_V_15' <Predicate = (!icmp_ln71)> <Delay = 0.57> <CoreInst = "Multiplexer">   --->   Core 76 'Multiplexer' <Latency = 0> <II = 1> <Delay = 0.57> <FuncUnit> <Opcode : 'mux'> <InPorts = 2> <OutPorts = 1>
ST_1 : Operation 205 [1/1] (0.57ns)   --->   "%px_V_16 = mux i8 @_ssdm_op_Mux.ap_auto.16i8.i4, i8 %window_V_238_reload_read, i8 %window_V_245_reload_read, i8 %window_V_252_reload_read, i8 %window_V_259_reload_read, i8 %window_V_266_reload_read, i8 %window_V_273_reload_read, i8 %window_V_280_reload_read, i8 %window_V_287_reload_read, i8 %window_V_294_reload_read, i8 %window_V_301_reload_read, i8 %window_V_308_reload_read, i8 %window_V_315_reload_read, i8 %window_V_322_reload_read, i8 %window_V_329_reload_read, i8 %window_V_336_reload_read, i8 %window_V_230_reload_read, i4 %trunc_ln76" [vgg_accelerator.cpp:77]   --->   Operation 205 'mux' 'px_V_16' <Predicate = (!icmp_ln71)> <Delay = 0.57> <CoreInst = "Multiplexer">   --->   Core 76 'Multiplexer' <Latency = 0> <II = 1> <Delay = 0.57> <FuncUnit> <Opcode : 'mux'> <InPorts = 2> <OutPorts = 1>
ST_1 : Operation 206 [1/1] (0.87ns)   --->   "%icmp_ln71_2 = icmp_eq  i5 %add_ln71, i5 16" [vgg_accelerator.cpp:71]   --->   Operation 206 'icmp' 'icmp_ln71_2' <Predicate = (!icmp_ln71)> <Delay = 0.87> <CoreInst = "Cmp">   --->   Core 9 'Cmp' <Latency = 0> <II = 1> <Delay = 0.87> <FuncUnit> <Opcode : 'icmp'> <InPorts = 2> <OutPorts = 1>
ST_1 : Operation 207 [1/1] (0.00ns)   --->   "%br_ln71 = br i1 %icmp_ln71_2, void %ifFalse, void %ifTrue" [vgg_accelerator.cpp:71]   --->   Operation 207 'br' 'br_ln71' <Predicate = (!icmp_ln71)> <Delay = 0.00>
ST_1 : Operation 208 [1/1] (0.48ns)   --->   "%store_ln71 = store i5 %add_ln71, i5 %ch_2" [vgg_accelerator.cpp:71]   --->   Operation 208 'store' 'store_ln71' <Predicate = (!icmp_ln71)> <Delay = 0.48>

State 2 <SV = 1> <Delay = 3.52>
ST_2 : Operation 209 [1/2] (1.35ns)   --->   "%w_V = load i13 %conv2_weights_addr" [vgg_accelerator.cpp:76]   --->   Operation 209 'load' 'w_V' <Predicate = (!icmp_ln71)> <Delay = 1.35> <CoreInst = "ROM">   --->   Core 101 'ROM' <Latency = 1> <II = 1> <Delay = 1.35> <Storage> <Opcode : 'load'> <Ports = 0> <Width = 5> <Depth = 4608> <ROM>
ST_2 : Operation 210 [1/1] (0.00ns)   --->   "%sext_ln1347_36 = sext i8 %px_V"   --->   Operation 210 'sext' 'sext_ln1347_36' <Predicate = (!icmp_ln71)> <Delay = 0.00>
ST_2 : Operation 211 [1/1] (0.00ns)   --->   "%sext_ln1347_37 = sext i5 %w_V"   --->   Operation 211 'sext' 'sext_ln1347_37' <Predicate = (!icmp_ln71)> <Delay = 0.00>
ST_2 : Operation 212 [1/1] (2.17ns)   --->   "%mul_ln1347 = mul i12 %sext_ln1347_36, i12 %sext_ln1347_37"   --->   Operation 212 'mul' 'mul_ln1347' <Predicate = (!icmp_ln71)> <Delay = 2.17> <CoreInst = "Multiplier">   --->   Core 3 'Multiplier' <Latency = 0> <II = 1> <Delay = 2.17> <FuncUnit> <Opcode : 'mul'> <InPorts = 2> <OutPorts = 1>
ST_2 : Operation 213 [1/2] (1.35ns)   --->   "%w_V_9 = load i13 %conv2_weights_addr_1" [vgg_accelerator.cpp:76]   --->   Operation 213 'load' 'w_V_9' <Predicate = (!icmp_ln71)> <Delay = 1.35> <CoreInst = "ROM">   --->   Core 101 'ROM' <Latency = 1> <II = 1> <Delay = 1.35> <Storage> <Opcode : 'load'> <Ports = 0> <Width = 5> <Depth = 4608> <ROM>
ST_2 : Operation 214 [1/1] (0.00ns)   --->   "%sext_ln1347_38 = sext i8 %px_V_9"   --->   Operation 214 'sext' 'sext_ln1347_38' <Predicate = (!icmp_ln71)> <Delay = 0.00>
ST_2 : Operation 215 [1/1] (0.00ns)   --->   "%sext_ln1347_39 = sext i5 %w_V_9"   --->   Operation 215 'sext' 'sext_ln1347_39' <Predicate = (!icmp_ln71)> <Delay = 0.00>
ST_2 : Operation 216 [1/1] (2.17ns)   --->   "%mul_ln1347_9 = mul i12 %sext_ln1347_38, i12 %sext_ln1347_39"   --->   Operation 216 'mul' 'mul_ln1347_9' <Predicate = (!icmp_ln71)> <Delay = 2.17> <CoreInst = "Multiplier">   --->   Core 3 'Multiplier' <Latency = 0> <II = 1> <Delay = 2.17> <FuncUnit> <Opcode : 'mul'> <InPorts = 2> <OutPorts = 1>
ST_2 : Operation 217 [1/2] (1.35ns)   --->   "%w_V_10 = load i13 %conv2_weights_addr_2" [vgg_accelerator.cpp:76]   --->   Operation 217 'load' 'w_V_10' <Predicate = (!icmp_ln71)> <Delay = 1.35> <CoreInst = "ROM">   --->   Core 101 'ROM' <Latency = 1> <II = 1> <Delay = 1.35> <Storage> <Opcode : 'load'> <Ports = 0> <Width = 5> <Depth = 4608> <ROM>
ST_2 : Operation 218 [1/1] (0.00ns)   --->   "%sext_ln1347_40 = sext i8 %px_V_10"   --->   Operation 218 'sext' 'sext_ln1347_40' <Predicate = (!icmp_ln71)> <Delay = 0.00>
ST_2 : Operation 219 [1/1] (0.00ns)   --->   "%sext_ln1347_41 = sext i5 %w_V_10"   --->   Operation 219 'sext' 'sext_ln1347_41' <Predicate = (!icmp_ln71)> <Delay = 0.00>
ST_2 : Operation 220 [1/1] (2.17ns)   --->   "%mul_ln1347_10 = mul i12 %sext_ln1347_40, i12 %sext_ln1347_41"   --->   Operation 220 'mul' 'mul_ln1347_10' <Predicate = (!icmp_ln71)> <Delay = 2.17> <CoreInst = "Multiplier">   --->   Core 3 'Multiplier' <Latency = 0> <II = 1> <Delay = 2.17> <FuncUnit> <Opcode : 'mul'> <InPorts = 2> <OutPorts = 1>
ST_2 : Operation 221 [1/2] (1.35ns)   --->   "%w_V_11 = load i13 %conv2_weights_addr_3" [vgg_accelerator.cpp:76]   --->   Operation 221 'load' 'w_V_11' <Predicate = (!icmp_ln71)> <Delay = 1.35> <CoreInst = "ROM">   --->   Core 101 'ROM' <Latency = 1> <II = 1> <Delay = 1.35> <Storage> <Opcode : 'load'> <Ports = 0> <Width = 5> <Depth = 4608> <ROM>
ST_2 : Operation 222 [1/1] (0.00ns)   --->   "%sext_ln1347_42 = sext i8 %px_V_11"   --->   Operation 222 'sext' 'sext_ln1347_42' <Predicate = (!icmp_ln71)> <Delay = 0.00>
ST_2 : Operation 223 [1/1] (0.00ns)   --->   "%sext_ln1347_43 = sext i5 %w_V_11"   --->   Operation 223 'sext' 'sext_ln1347_43' <Predicate = (!icmp_ln71)> <Delay = 0.00>
ST_2 : Operation 224 [1/1] (2.17ns)   --->   "%mul_ln1347_11 = mul i12 %sext_ln1347_42, i12 %sext_ln1347_43"   --->   Operation 224 'mul' 'mul_ln1347_11' <Predicate = (!icmp_ln71)> <Delay = 2.17> <CoreInst = "Multiplier">   --->   Core 3 'Multiplier' <Latency = 0> <II = 1> <Delay = 2.17> <FuncUnit> <Opcode : 'mul'> <InPorts = 2> <OutPorts = 1>
ST_2 : Operation 225 [1/2] (1.35ns)   --->   "%w_V_12 = load i13 %conv2_weights_addr_4" [vgg_accelerator.cpp:76]   --->   Operation 225 'load' 'w_V_12' <Predicate = (!icmp_ln71)> <Delay = 1.35> <CoreInst = "ROM">   --->   Core 101 'ROM' <Latency = 1> <II = 1> <Delay = 1.35> <Storage> <Opcode : 'load'> <Ports = 0> <Width = 5> <Depth = 4608> <ROM>
ST_2 : Operation 226 [1/1] (0.00ns)   --->   "%sext_ln1347_44 = sext i8 %px_V_12"   --->   Operation 226 'sext' 'sext_ln1347_44' <Predicate = (!icmp_ln71)> <Delay = 0.00>
ST_2 : Operation 227 [1/1] (0.00ns)   --->   "%sext_ln1347_45 = sext i5 %w_V_12"   --->   Operation 227 'sext' 'sext_ln1347_45' <Predicate = (!icmp_ln71)> <Delay = 0.00>
ST_2 : Operation 228 [1/1] (2.17ns)   --->   "%mul_ln1347_12 = mul i12 %sext_ln1347_44, i12 %sext_ln1347_45"   --->   Operation 228 'mul' 'mul_ln1347_12' <Predicate = (!icmp_ln71)> <Delay = 2.17> <CoreInst = "Multiplier">   --->   Core 3 'Multiplier' <Latency = 0> <II = 1> <Delay = 2.17> <FuncUnit> <Opcode : 'mul'> <InPorts = 2> <OutPorts = 1>
ST_2 : Operation 229 [1/1] (0.97ns)   --->   "%add_ln76_17 = add i13 %add_ln76_12, i13 5" [vgg_accelerator.cpp:76]   --->   Operation 229 'add' 'add_ln76_17' <Predicate = (!icmp_ln71)> <Delay = 0.97> <CoreInst = "Adder">   --->   Core 1 'Adder' <Latency = 0> <II = 1> <Delay = 0.97> <FuncUnit> <Opcode : 'add' 'sub'> <InPorts = 2> <OutPorts = 1>
ST_2 : Operation 230 [1/1] (0.00ns)   --->   "%zext_ln76_21 = zext i13 %add_ln76_17" [vgg_accelerator.cpp:76]   --->   Operation 230 'zext' 'zext_ln76_21' <Predicate = (!icmp_ln71)> <Delay = 0.00>
ST_2 : Operation 231 [1/1] (0.00ns)   --->   "%conv2_weights_addr_5 = getelementptr i5 %conv2_weights, i64 0, i64 %zext_ln76_21" [vgg_accelerator.cpp:76]   --->   Operation 231 'getelementptr' 'conv2_weights_addr_5' <Predicate = (!icmp_ln71)> <Delay = 0.00>
ST_2 : Operation 232 [2/2] (1.35ns)   --->   "%w_V_13 = load i13 %conv2_weights_addr_5" [vgg_accelerator.cpp:76]   --->   Operation 232 'load' 'w_V_13' <Predicate = (!icmp_ln71)> <Delay = 1.35> <CoreInst = "ROM">   --->   Core 101 'ROM' <Latency = 1> <II = 1> <Delay = 1.35> <Storage> <Opcode : 'load'> <Ports = 0> <Width = 5> <Depth = 4608> <ROM>
ST_2 : Operation 233 [1/1] (0.97ns)   --->   "%add_ln76_18 = add i13 %add_ln76_12, i13 6" [vgg_accelerator.cpp:76]   --->   Operation 233 'add' 'add_ln76_18' <Predicate = (!icmp_ln71)> <Delay = 0.97> <CoreInst = "Adder">   --->   Core 1 'Adder' <Latency = 0> <II = 1> <Delay = 0.97> <FuncUnit> <Opcode : 'add' 'sub'> <InPorts = 2> <OutPorts = 1>
ST_2 : Operation 234 [1/1] (0.00ns)   --->   "%zext_ln76_22 = zext i13 %add_ln76_18" [vgg_accelerator.cpp:76]   --->   Operation 234 'zext' 'zext_ln76_22' <Predicate = (!icmp_ln71)> <Delay = 0.00>
ST_2 : Operation 235 [1/1] (0.00ns)   --->   "%conv2_weights_addr_6 = getelementptr i5 %conv2_weights, i64 0, i64 %zext_ln76_22" [vgg_accelerator.cpp:76]   --->   Operation 235 'getelementptr' 'conv2_weights_addr_6' <Predicate = (!icmp_ln71)> <Delay = 0.00>
ST_2 : Operation 236 [2/2] (1.35ns)   --->   "%w_V_14 = load i13 %conv2_weights_addr_6" [vgg_accelerator.cpp:76]   --->   Operation 236 'load' 'w_V_14' <Predicate = (!icmp_ln71)> <Delay = 1.35> <CoreInst = "ROM">   --->   Core 101 'ROM' <Latency = 1> <II = 1> <Delay = 1.35> <Storage> <Opcode : 'load'> <Ports = 0> <Width = 5> <Depth = 4608> <ROM>
ST_2 : Operation 237 [1/1] (0.97ns)   --->   "%add_ln76_19 = add i13 %add_ln76_12, i13 7" [vgg_accelerator.cpp:76]   --->   Operation 237 'add' 'add_ln76_19' <Predicate = (!icmp_ln71)> <Delay = 0.97> <CoreInst = "Adder">   --->   Core 1 'Adder' <Latency = 0> <II = 1> <Delay = 0.97> <FuncUnit> <Opcode : 'add' 'sub'> <InPorts = 2> <OutPorts = 1>
ST_2 : Operation 238 [1/1] (0.00ns)   --->   "%zext_ln76_23 = zext i13 %add_ln76_19" [vgg_accelerator.cpp:76]   --->   Operation 238 'zext' 'zext_ln76_23' <Predicate = (!icmp_ln71)> <Delay = 0.00>
ST_2 : Operation 239 [1/1] (0.00ns)   --->   "%conv2_weights_addr_7 = getelementptr i5 %conv2_weights, i64 0, i64 %zext_ln76_23" [vgg_accelerator.cpp:76]   --->   Operation 239 'getelementptr' 'conv2_weights_addr_7' <Predicate = (!icmp_ln71)> <Delay = 0.00>
ST_2 : Operation 240 [2/2] (1.35ns)   --->   "%w_V_15 = load i13 %conv2_weights_addr_7" [vgg_accelerator.cpp:76]   --->   Operation 240 'load' 'w_V_15' <Predicate = (!icmp_ln71)> <Delay = 1.35> <CoreInst = "ROM">   --->   Core 101 'ROM' <Latency = 1> <II = 1> <Delay = 1.35> <Storage> <Opcode : 'load'> <Ports = 0> <Width = 5> <Depth = 4608> <ROM>
ST_2 : Operation 241 [1/1] (0.97ns)   --->   "%add_ln76_20 = add i13 %add_ln76_12, i13 8" [vgg_accelerator.cpp:76]   --->   Operation 241 'add' 'add_ln76_20' <Predicate = (!icmp_ln71)> <Delay = 0.97> <CoreInst = "Adder">   --->   Core 1 'Adder' <Latency = 0> <II = 1> <Delay = 0.97> <FuncUnit> <Opcode : 'add' 'sub'> <InPorts = 2> <OutPorts = 1>
ST_2 : Operation 242 [1/1] (0.00ns)   --->   "%zext_ln76_24 = zext i13 %add_ln76_20" [vgg_accelerator.cpp:76]   --->   Operation 242 'zext' 'zext_ln76_24' <Predicate = (!icmp_ln71)> <Delay = 0.00>
ST_2 : Operation 243 [1/1] (0.00ns)   --->   "%conv2_weights_addr_8 = getelementptr i5 %conv2_weights, i64 0, i64 %zext_ln76_24" [vgg_accelerator.cpp:76]   --->   Operation 243 'getelementptr' 'conv2_weights_addr_8' <Predicate = (!icmp_ln71)> <Delay = 0.00>
ST_2 : Operation 244 [2/2] (1.35ns)   --->   "%w_V_16 = load i13 %conv2_weights_addr_8" [vgg_accelerator.cpp:76]   --->   Operation 244 'load' 'w_V_16' <Predicate = (!icmp_ln71)> <Delay = 1.35> <CoreInst = "ROM">   --->   Core 101 'ROM' <Latency = 1> <II = 1> <Delay = 1.35> <Storage> <Opcode : 'load'> <Ports = 0> <Width = 5> <Depth = 4608> <ROM>

State 3 <SV = 2> <Delay = 8.11>
ST_3 : Operation 245 [1/1] (0.00ns)   --->   "%lhs_load = load i32 %lhs"   --->   Operation 245 'load' 'lhs_load' <Predicate = true> <Delay = 0.00>
ST_3 : Operation 246 [1/1] (0.00ns)   --->   "%sext_ln813 = sext i32 %lhs_load"   --->   Operation 246 'sext' 'sext_ln813' <Predicate = true> <Delay = 0.00>
ST_3 : Operation 247 [1/1] (0.00ns)   --->   "%rhs = bitconcatenate i20 @_ssdm_op_BitConcatenate.i20.i12.i8, i12 %mul_ln1347, i8 0"   --->   Operation 247 'bitconcatenate' 'rhs' <Predicate = true> <Delay = 0.00>
ST_3 : Operation 248 [1/1] (0.00ns)   --->   "%sext_ln1347 = sext i20 %rhs"   --->   Operation 248 'sext' 'sext_ln1347' <Predicate = true> <Delay = 0.00>
ST_3 : Operation 249 [1/1] (0.00ns)   --->   "%sext_ln1347_18 = sext i20 %rhs"   --->   Operation 249 'sext' 'sext_ln1347_18' <Predicate = true> <Delay = 0.00>
ST_3 : Operation 250 [1/1] (1.20ns)   --->   "%ret_V = add i33 %sext_ln813, i33 %sext_ln1347"   --->   Operation 250 'add' 'ret_V' <Predicate = true> <Delay = 1.20> <CoreInst = "Adder">   --->   Core 1 'Adder' <Latency = 0> <II = 1> <Delay = 1.20> <FuncUnit> <Opcode : 'add' 'sub'> <InPorts = 2> <OutPorts = 1>
ST_3 : Operation 251 [1/1] (0.00ns)   --->   "%p_Result_s = bitselect i1 @_ssdm_op_BitSelect.i1.i33.i32, i33 %ret_V, i32 32"   --->   Operation 251 'bitselect' 'p_Result_s' <Predicate = true> <Delay = 0.00>
ST_3 : Operation 252 [1/1] (1.20ns)   --->   "%acc_V_21 = add i32 %lhs_load, i32 %sext_ln1347_18"   --->   Operation 252 'add' 'acc_V_21' <Predicate = true> <Delay = 1.20> <CoreInst = "Adder">   --->   Core 1 'Adder' <Latency = 0> <II = 1> <Delay = 1.20> <FuncUnit> <Opcode : 'add' 'sub'> <InPorts = 2> <OutPorts = 1>
ST_3 : Operation 253 [1/1] (0.00ns)   --->   "%p_Result_19 = bitselect i1 @_ssdm_op_BitSelect.i1.i32.i32, i32 %acc_V_21, i32 31"   --->   Operation 253 'bitselect' 'p_Result_19' <Predicate = true> <Delay = 0.00>
ST_3 : Operation 254 [1/1] (0.00ns) (grouped into LUT with out node acc_V_22)   --->   "%xor_ln895_10 = xor i1 %p_Result_s, i1 1"   --->   Operation 254 'xor' 'xor_ln895_10' <Predicate = true> <Delay = 0.00> <CoreInst = "LogicGate">   --->   Core 74 'LogicGate' <Latency = 0> <II = 1> <Delay = 0.33> <FuncUnit> <Opcode : 'and' 'or' 'xor'> <InPorts = 2> <OutPorts = 1>
ST_3 : Operation 255 [1/1] (0.00ns) (grouped into LUT with out node acc_V_22)   --->   "%overflow_10 = and i1 %p_Result_19, i1 %xor_ln895_10"   --->   Operation 255 'and' 'overflow_10' <Predicate = true> <Delay = 0.00> <CoreInst = "LogicGate">   --->   Core 74 'LogicGate' <Latency = 0> <II = 1> <Delay = 0.33> <FuncUnit> <Opcode : 'and' 'or' 'xor'> <InPorts = 2> <OutPorts = 1>
ST_3 : Operation 256 [1/1] (0.00ns) (grouped into LUT with out node acc_V_22)   --->   "%xor_ln302 = xor i1 %p_Result_s, i1 %p_Result_19"   --->   Operation 256 'xor' 'xor_ln302' <Predicate = true> <Delay = 0.00> <CoreInst = "LogicGate">   --->   Core 74 'LogicGate' <Latency = 0> <II = 1> <Delay = 0.33> <FuncUnit> <Opcode : 'and' 'or' 'xor'> <InPorts = 2> <OutPorts = 1>
ST_3 : Operation 257 [1/1] (0.00ns) (grouped into LUT with out node acc_V_22)   --->   "%select_ln346 = select i1 %overflow_10, i32 2147483647, i32 2147483648"   --->   Operation 257 'select' 'select_ln346' <Predicate = true> <Delay = 0.00> <CoreInst = "Sel">   --->   Core 73 'Sel' <Latency = 0> <II = 1> <Delay = 0.52> <FuncUnit> <Opcode : 'select'> <InPorts = 3> <OutPorts = 1>
ST_3 : Operation 258 [1/1] (0.52ns) (out node of the LUT)   --->   "%acc_V_22 = select i1 %xor_ln302, i32 %select_ln346, i32 %acc_V_21"   --->   Operation 258 'select' 'acc_V_22' <Predicate = true> <Delay = 0.52> <CoreInst = "Sel">   --->   Core 73 'Sel' <Latency = 0> <II = 1> <Delay = 0.52> <FuncUnit> <Opcode : 'select'> <InPorts = 3> <OutPorts = 1>
ST_3 : Operation 259 [1/1] (0.00ns)   --->   "%sext_ln813_9 = sext i32 %acc_V_22"   --->   Operation 259 'sext' 'sext_ln813_9' <Predicate = true> <Delay = 0.00>
ST_3 : Operation 260 [1/1] (0.00ns)   --->   "%rhs_9 = bitconcatenate i20 @_ssdm_op_BitConcatenate.i20.i12.i8, i12 %mul_ln1347_9, i8 0"   --->   Operation 260 'bitconcatenate' 'rhs_9' <Predicate = true> <Delay = 0.00>
ST_3 : Operation 261 [1/1] (0.00ns)   --->   "%sext_ln1347_19 = sext i20 %rhs_9"   --->   Operation 261 'sext' 'sext_ln1347_19' <Predicate = true> <Delay = 0.00>
ST_3 : Operation 262 [1/1] (0.00ns)   --->   "%sext_ln1347_20 = sext i20 %rhs_9"   --->   Operation 262 'sext' 'sext_ln1347_20' <Predicate = true> <Delay = 0.00>
ST_3 : Operation 263 [1/1] (1.20ns)   --->   "%ret_V_9 = add i33 %sext_ln813_9, i33 %sext_ln1347_19"   --->   Operation 263 'add' 'ret_V_9' <Predicate = true> <Delay = 1.20> <CoreInst = "Adder">   --->   Core 1 'Adder' <Latency = 0> <II = 1> <Delay = 1.20> <FuncUnit> <Opcode : 'add' 'sub'> <InPorts = 2> <OutPorts = 1>
ST_3 : Operation 264 [1/1] (0.00ns)   --->   "%p_Result_20 = bitselect i1 @_ssdm_op_BitSelect.i1.i33.i32, i33 %ret_V_9, i32 32"   --->   Operation 264 'bitselect' 'p_Result_20' <Predicate = true> <Delay = 0.00>
ST_3 : Operation 265 [1/1] (1.20ns)   --->   "%acc_V_23 = add i32 %acc_V_22, i32 %sext_ln1347_20"   --->   Operation 265 'add' 'acc_V_23' <Predicate = true> <Delay = 1.20> <CoreInst = "Adder">   --->   Core 1 'Adder' <Latency = 0> <II = 1> <Delay = 1.20> <FuncUnit> <Opcode : 'add' 'sub'> <InPorts = 2> <OutPorts = 1>
ST_3 : Operation 266 [1/1] (0.00ns)   --->   "%p_Result_21 = bitselect i1 @_ssdm_op_BitSelect.i1.i32.i32, i32 %acc_V_23, i32 31"   --->   Operation 266 'bitselect' 'p_Result_21' <Predicate = true> <Delay = 0.00>
ST_3 : Operation 267 [1/1] (0.00ns) (grouped into LUT with out node acc_V_24)   --->   "%xor_ln895_11 = xor i1 %p_Result_20, i1 1"   --->   Operation 267 'xor' 'xor_ln895_11' <Predicate = true> <Delay = 0.00> <CoreInst = "LogicGate">   --->   Core 74 'LogicGate' <Latency = 0> <II = 1> <Delay = 0.33> <FuncUnit> <Opcode : 'and' 'or' 'xor'> <InPorts = 2> <OutPorts = 1>
ST_3 : Operation 268 [1/1] (0.00ns) (grouped into LUT with out node acc_V_24)   --->   "%overflow_11 = and i1 %p_Result_21, i1 %xor_ln895_11"   --->   Operation 268 'and' 'overflow_11' <Predicate = true> <Delay = 0.00> <CoreInst = "LogicGate">   --->   Core 74 'LogicGate' <Latency = 0> <II = 1> <Delay = 0.33> <FuncUnit> <Opcode : 'and' 'or' 'xor'> <InPorts = 2> <OutPorts = 1>
ST_3 : Operation 269 [1/1] (0.00ns) (grouped into LUT with out node acc_V_24)   --->   "%xor_ln302_9 = xor i1 %p_Result_20, i1 %p_Result_21"   --->   Operation 269 'xor' 'xor_ln302_9' <Predicate = true> <Delay = 0.00> <CoreInst = "LogicGate">   --->   Core 74 'LogicGate' <Latency = 0> <II = 1> <Delay = 0.33> <FuncUnit> <Opcode : 'and' 'or' 'xor'> <InPorts = 2> <OutPorts = 1>
ST_3 : Operation 270 [1/1] (0.00ns) (grouped into LUT with out node acc_V_24)   --->   "%select_ln346_9 = select i1 %overflow_11, i32 2147483647, i32 2147483648"   --->   Operation 270 'select' 'select_ln346_9' <Predicate = true> <Delay = 0.00> <CoreInst = "Sel">   --->   Core 73 'Sel' <Latency = 0> <II = 1> <Delay = 0.52> <FuncUnit> <Opcode : 'select'> <InPorts = 3> <OutPorts = 1>
ST_3 : Operation 271 [1/1] (0.52ns) (out node of the LUT)   --->   "%acc_V_24 = select i1 %xor_ln302_9, i32 %select_ln346_9, i32 %acc_V_23"   --->   Operation 271 'select' 'acc_V_24' <Predicate = true> <Delay = 0.52> <CoreInst = "Sel">   --->   Core 73 'Sel' <Latency = 0> <II = 1> <Delay = 0.52> <FuncUnit> <Opcode : 'select'> <InPorts = 3> <OutPorts = 1>
ST_3 : Operation 272 [1/1] (0.00ns)   --->   "%sext_ln813_10 = sext i32 %acc_V_24"   --->   Operation 272 'sext' 'sext_ln813_10' <Predicate = true> <Delay = 0.00>
ST_3 : Operation 273 [1/1] (0.00ns)   --->   "%rhs_10 = bitconcatenate i20 @_ssdm_op_BitConcatenate.i20.i12.i8, i12 %mul_ln1347_10, i8 0"   --->   Operation 273 'bitconcatenate' 'rhs_10' <Predicate = true> <Delay = 0.00>
ST_3 : Operation 274 [1/1] (0.00ns)   --->   "%sext_ln1347_21 = sext i20 %rhs_10"   --->   Operation 274 'sext' 'sext_ln1347_21' <Predicate = true> <Delay = 0.00>
ST_3 : Operation 275 [1/1] (0.00ns)   --->   "%sext_ln1347_22 = sext i20 %rhs_10"   --->   Operation 275 'sext' 'sext_ln1347_22' <Predicate = true> <Delay = 0.00>
ST_3 : Operation 276 [1/1] (1.20ns)   --->   "%ret_V_10 = add i33 %sext_ln813_10, i33 %sext_ln1347_21"   --->   Operation 276 'add' 'ret_V_10' <Predicate = true> <Delay = 1.20> <CoreInst = "Adder">   --->   Core 1 'Adder' <Latency = 0> <II = 1> <Delay = 1.20> <FuncUnit> <Opcode : 'add' 'sub'> <InPorts = 2> <OutPorts = 1>
ST_3 : Operation 277 [1/1] (0.00ns)   --->   "%p_Result_22 = bitselect i1 @_ssdm_op_BitSelect.i1.i33.i32, i33 %ret_V_10, i32 32"   --->   Operation 277 'bitselect' 'p_Result_22' <Predicate = true> <Delay = 0.00>
ST_3 : Operation 278 [1/1] (1.20ns)   --->   "%acc_V_25 = add i32 %acc_V_24, i32 %sext_ln1347_22"   --->   Operation 278 'add' 'acc_V_25' <Predicate = true> <Delay = 1.20> <CoreInst = "Adder">   --->   Core 1 'Adder' <Latency = 0> <II = 1> <Delay = 1.20> <FuncUnit> <Opcode : 'add' 'sub'> <InPorts = 2> <OutPorts = 1>
ST_3 : Operation 279 [1/1] (0.00ns)   --->   "%p_Result_23 = bitselect i1 @_ssdm_op_BitSelect.i1.i32.i32, i32 %acc_V_25, i32 31"   --->   Operation 279 'bitselect' 'p_Result_23' <Predicate = true> <Delay = 0.00>
ST_3 : Operation 280 [1/1] (0.00ns) (grouped into LUT with out node acc_V_26)   --->   "%xor_ln895_12 = xor i1 %p_Result_22, i1 1"   --->   Operation 280 'xor' 'xor_ln895_12' <Predicate = true> <Delay = 0.00> <CoreInst = "LogicGate">   --->   Core 74 'LogicGate' <Latency = 0> <II = 1> <Delay = 0.33> <FuncUnit> <Opcode : 'and' 'or' 'xor'> <InPorts = 2> <OutPorts = 1>
ST_3 : Operation 281 [1/1] (0.00ns) (grouped into LUT with out node acc_V_26)   --->   "%overflow_12 = and i1 %p_Result_23, i1 %xor_ln895_12"   --->   Operation 281 'and' 'overflow_12' <Predicate = true> <Delay = 0.00> <CoreInst = "LogicGate">   --->   Core 74 'LogicGate' <Latency = 0> <II = 1> <Delay = 0.33> <FuncUnit> <Opcode : 'and' 'or' 'xor'> <InPorts = 2> <OutPorts = 1>
ST_3 : Operation 282 [1/1] (0.00ns) (grouped into LUT with out node acc_V_26)   --->   "%xor_ln302_10 = xor i1 %p_Result_22, i1 %p_Result_23"   --->   Operation 282 'xor' 'xor_ln302_10' <Predicate = true> <Delay = 0.00> <CoreInst = "LogicGate">   --->   Core 74 'LogicGate' <Latency = 0> <II = 1> <Delay = 0.33> <FuncUnit> <Opcode : 'and' 'or' 'xor'> <InPorts = 2> <OutPorts = 1>
ST_3 : Operation 283 [1/1] (0.00ns) (grouped into LUT with out node acc_V_26)   --->   "%select_ln346_10 = select i1 %overflow_12, i32 2147483647, i32 2147483648"   --->   Operation 283 'select' 'select_ln346_10' <Predicate = true> <Delay = 0.00> <CoreInst = "Sel">   --->   Core 73 'Sel' <Latency = 0> <II = 1> <Delay = 0.52> <FuncUnit> <Opcode : 'select'> <InPorts = 3> <OutPorts = 1>
ST_3 : Operation 284 [1/1] (0.52ns) (out node of the LUT)   --->   "%acc_V_26 = select i1 %xor_ln302_10, i32 %select_ln346_10, i32 %acc_V_25"   --->   Operation 284 'select' 'acc_V_26' <Predicate = true> <Delay = 0.52> <CoreInst = "Sel">   --->   Core 73 'Sel' <Latency = 0> <II = 1> <Delay = 0.52> <FuncUnit> <Opcode : 'select'> <InPorts = 3> <OutPorts = 1>
ST_3 : Operation 285 [1/1] (0.00ns)   --->   "%sext_ln813_11 = sext i32 %acc_V_26"   --->   Operation 285 'sext' 'sext_ln813_11' <Predicate = true> <Delay = 0.00>
ST_3 : Operation 286 [1/1] (0.00ns)   --->   "%rhs_11 = bitconcatenate i20 @_ssdm_op_BitConcatenate.i20.i12.i8, i12 %mul_ln1347_11, i8 0"   --->   Operation 286 'bitconcatenate' 'rhs_11' <Predicate = true> <Delay = 0.00>
ST_3 : Operation 287 [1/1] (0.00ns)   --->   "%sext_ln1347_23 = sext i20 %rhs_11"   --->   Operation 287 'sext' 'sext_ln1347_23' <Predicate = true> <Delay = 0.00>
ST_3 : Operation 288 [1/1] (0.00ns)   --->   "%sext_ln1347_24 = sext i20 %rhs_11"   --->   Operation 288 'sext' 'sext_ln1347_24' <Predicate = true> <Delay = 0.00>
ST_3 : Operation 289 [1/1] (1.20ns)   --->   "%ret_V_11 = add i33 %sext_ln813_11, i33 %sext_ln1347_23"   --->   Operation 289 'add' 'ret_V_11' <Predicate = true> <Delay = 1.20> <CoreInst = "Adder">   --->   Core 1 'Adder' <Latency = 0> <II = 1> <Delay = 1.20> <FuncUnit> <Opcode : 'add' 'sub'> <InPorts = 2> <OutPorts = 1>
ST_3 : Operation 290 [1/1] (0.00ns)   --->   "%p_Result_24 = bitselect i1 @_ssdm_op_BitSelect.i1.i33.i32, i33 %ret_V_11, i32 32"   --->   Operation 290 'bitselect' 'p_Result_24' <Predicate = true> <Delay = 0.00>
ST_3 : Operation 291 [1/1] (1.20ns)   --->   "%acc_V_27 = add i32 %acc_V_26, i32 %sext_ln1347_24"   --->   Operation 291 'add' 'acc_V_27' <Predicate = true> <Delay = 1.20> <CoreInst = "Adder">   --->   Core 1 'Adder' <Latency = 0> <II = 1> <Delay = 1.20> <FuncUnit> <Opcode : 'add' 'sub'> <InPorts = 2> <OutPorts = 1>
ST_3 : Operation 292 [1/1] (0.00ns)   --->   "%p_Result_25 = bitselect i1 @_ssdm_op_BitSelect.i1.i32.i32, i32 %acc_V_27, i32 31"   --->   Operation 292 'bitselect' 'p_Result_25' <Predicate = true> <Delay = 0.00>
ST_3 : Operation 293 [1/1] (0.00ns) (grouped into LUT with out node acc_V_28)   --->   "%xor_ln895_13 = xor i1 %p_Result_24, i1 1"   --->   Operation 293 'xor' 'xor_ln895_13' <Predicate = true> <Delay = 0.00> <CoreInst = "LogicGate">   --->   Core 74 'LogicGate' <Latency = 0> <II = 1> <Delay = 0.33> <FuncUnit> <Opcode : 'and' 'or' 'xor'> <InPorts = 2> <OutPorts = 1>
ST_3 : Operation 294 [1/1] (0.00ns) (grouped into LUT with out node acc_V_28)   --->   "%overflow_13 = and i1 %p_Result_25, i1 %xor_ln895_13"   --->   Operation 294 'and' 'overflow_13' <Predicate = true> <Delay = 0.00> <CoreInst = "LogicGate">   --->   Core 74 'LogicGate' <Latency = 0> <II = 1> <Delay = 0.33> <FuncUnit> <Opcode : 'and' 'or' 'xor'> <InPorts = 2> <OutPorts = 1>
ST_3 : Operation 295 [1/1] (0.00ns) (grouped into LUT with out node acc_V_28)   --->   "%xor_ln302_11 = xor i1 %p_Result_24, i1 %p_Result_25"   --->   Operation 295 'xor' 'xor_ln302_11' <Predicate = true> <Delay = 0.00> <CoreInst = "LogicGate">   --->   Core 74 'LogicGate' <Latency = 0> <II = 1> <Delay = 0.33> <FuncUnit> <Opcode : 'and' 'or' 'xor'> <InPorts = 2> <OutPorts = 1>
ST_3 : Operation 296 [1/1] (0.00ns) (grouped into LUT with out node acc_V_28)   --->   "%select_ln346_11 = select i1 %overflow_13, i32 2147483647, i32 2147483648"   --->   Operation 296 'select' 'select_ln346_11' <Predicate = true> <Delay = 0.00> <CoreInst = "Sel">   --->   Core 73 'Sel' <Latency = 0> <II = 1> <Delay = 0.52> <FuncUnit> <Opcode : 'select'> <InPorts = 3> <OutPorts = 1>
ST_3 : Operation 297 [1/1] (0.52ns) (out node of the LUT)   --->   "%acc_V_28 = select i1 %xor_ln302_11, i32 %select_ln346_11, i32 %acc_V_27"   --->   Operation 297 'select' 'acc_V_28' <Predicate = true> <Delay = 0.52> <CoreInst = "Sel">   --->   Core 73 'Sel' <Latency = 0> <II = 1> <Delay = 0.52> <FuncUnit> <Opcode : 'select'> <InPorts = 3> <OutPorts = 1>
ST_3 : Operation 298 [1/1] (0.00ns)   --->   "%sext_ln813_12 = sext i32 %acc_V_28"   --->   Operation 298 'sext' 'sext_ln813_12' <Predicate = true> <Delay = 0.00>
ST_3 : Operation 299 [1/1] (0.00ns)   --->   "%rhs_12 = bitconcatenate i20 @_ssdm_op_BitConcatenate.i20.i12.i8, i12 %mul_ln1347_12, i8 0"   --->   Operation 299 'bitconcatenate' 'rhs_12' <Predicate = true> <Delay = 0.00>
ST_3 : Operation 300 [1/1] (0.00ns)   --->   "%sext_ln1347_25 = sext i20 %rhs_12"   --->   Operation 300 'sext' 'sext_ln1347_25' <Predicate = true> <Delay = 0.00>
ST_3 : Operation 301 [1/1] (0.00ns)   --->   "%sext_ln1347_26 = sext i20 %rhs_12"   --->   Operation 301 'sext' 'sext_ln1347_26' <Predicate = true> <Delay = 0.00>
ST_3 : Operation 302 [1/1] (1.20ns)   --->   "%ret_V_12 = add i33 %sext_ln813_12, i33 %sext_ln1347_25"   --->   Operation 302 'add' 'ret_V_12' <Predicate = true> <Delay = 1.20> <CoreInst = "Adder">   --->   Core 1 'Adder' <Latency = 0> <II = 1> <Delay = 1.20> <FuncUnit> <Opcode : 'add' 'sub'> <InPorts = 2> <OutPorts = 1>
ST_3 : Operation 303 [1/1] (0.00ns)   --->   "%p_Result_26 = bitselect i1 @_ssdm_op_BitSelect.i1.i33.i32, i33 %ret_V_12, i32 32"   --->   Operation 303 'bitselect' 'p_Result_26' <Predicate = true> <Delay = 0.00>
ST_3 : Operation 304 [1/1] (1.20ns)   --->   "%acc_V_29 = add i32 %acc_V_28, i32 %sext_ln1347_26"   --->   Operation 304 'add' 'acc_V_29' <Predicate = true> <Delay = 1.20> <CoreInst = "Adder">   --->   Core 1 'Adder' <Latency = 0> <II = 1> <Delay = 1.20> <FuncUnit> <Opcode : 'add' 'sub'> <InPorts = 2> <OutPorts = 1>
ST_3 : Operation 305 [1/1] (0.00ns)   --->   "%p_Result_27 = bitselect i1 @_ssdm_op_BitSelect.i1.i32.i32, i32 %acc_V_29, i32 31"   --->   Operation 305 'bitselect' 'p_Result_27' <Predicate = true> <Delay = 0.00>
ST_3 : Operation 306 [1/2] (1.35ns)   --->   "%w_V_13 = load i13 %conv2_weights_addr_5" [vgg_accelerator.cpp:76]   --->   Operation 306 'load' 'w_V_13' <Predicate = true> <Delay = 1.35> <CoreInst = "ROM">   --->   Core 101 'ROM' <Latency = 1> <II = 1> <Delay = 1.35> <Storage> <Opcode : 'load'> <Ports = 0> <Width = 5> <Depth = 4608> <ROM>
ST_3 : Operation 307 [1/1] (0.00ns)   --->   "%sext_ln1347_46 = sext i8 %px_V_13"   --->   Operation 307 'sext' 'sext_ln1347_46' <Predicate = true> <Delay = 0.00>
ST_3 : Operation 308 [1/1] (0.00ns)   --->   "%sext_ln1347_47 = sext i5 %w_V_13"   --->   Operation 308 'sext' 'sext_ln1347_47' <Predicate = true> <Delay = 0.00>
ST_3 : Operation 309 [1/1] (2.17ns)   --->   "%mul_ln1347_13 = mul i12 %sext_ln1347_46, i12 %sext_ln1347_47"   --->   Operation 309 'mul' 'mul_ln1347_13' <Predicate = true> <Delay = 2.17> <CoreInst = "Multiplier">   --->   Core 3 'Multiplier' <Latency = 0> <II = 1> <Delay = 2.17> <FuncUnit> <Opcode : 'mul'> <InPorts = 2> <OutPorts = 1>
ST_3 : Operation 310 [1/2] (1.35ns)   --->   "%w_V_14 = load i13 %conv2_weights_addr_6" [vgg_accelerator.cpp:76]   --->   Operation 310 'load' 'w_V_14' <Predicate = true> <Delay = 1.35> <CoreInst = "ROM">   --->   Core 101 'ROM' <Latency = 1> <II = 1> <Delay = 1.35> <Storage> <Opcode : 'load'> <Ports = 0> <Width = 5> <Depth = 4608> <ROM>
ST_3 : Operation 311 [1/1] (0.00ns)   --->   "%sext_ln1347_48 = sext i8 %px_V_14"   --->   Operation 311 'sext' 'sext_ln1347_48' <Predicate = true> <Delay = 0.00>
ST_3 : Operation 312 [1/1] (0.00ns)   --->   "%sext_ln1347_49 = sext i5 %w_V_14"   --->   Operation 312 'sext' 'sext_ln1347_49' <Predicate = true> <Delay = 0.00>
ST_3 : Operation 313 [1/1] (2.17ns)   --->   "%mul_ln1347_14 = mul i12 %sext_ln1347_48, i12 %sext_ln1347_49"   --->   Operation 313 'mul' 'mul_ln1347_14' <Predicate = true> <Delay = 2.17> <CoreInst = "Multiplier">   --->   Core 3 'Multiplier' <Latency = 0> <II = 1> <Delay = 2.17> <FuncUnit> <Opcode : 'mul'> <InPorts = 2> <OutPorts = 1>
ST_3 : Operation 314 [1/2] (1.35ns)   --->   "%w_V_15 = load i13 %conv2_weights_addr_7" [vgg_accelerator.cpp:76]   --->   Operation 314 'load' 'w_V_15' <Predicate = true> <Delay = 1.35> <CoreInst = "ROM">   --->   Core 101 'ROM' <Latency = 1> <II = 1> <Delay = 1.35> <Storage> <Opcode : 'load'> <Ports = 0> <Width = 5> <Depth = 4608> <ROM>
ST_3 : Operation 315 [1/1] (0.00ns)   --->   "%sext_ln1347_50 = sext i8 %px_V_15"   --->   Operation 315 'sext' 'sext_ln1347_50' <Predicate = true> <Delay = 0.00>
ST_3 : Operation 316 [1/1] (0.00ns)   --->   "%sext_ln1347_51 = sext i5 %w_V_15"   --->   Operation 316 'sext' 'sext_ln1347_51' <Predicate = true> <Delay = 0.00>
ST_3 : Operation 317 [1/1] (2.17ns)   --->   "%mul_ln1347_15 = mul i12 %sext_ln1347_50, i12 %sext_ln1347_51"   --->   Operation 317 'mul' 'mul_ln1347_15' <Predicate = true> <Delay = 2.17> <CoreInst = "Multiplier">   --->   Core 3 'Multiplier' <Latency = 0> <II = 1> <Delay = 2.17> <FuncUnit> <Opcode : 'mul'> <InPorts = 2> <OutPorts = 1>
ST_3 : Operation 318 [1/2] (1.35ns)   --->   "%w_V_16 = load i13 %conv2_weights_addr_8" [vgg_accelerator.cpp:76]   --->   Operation 318 'load' 'w_V_16' <Predicate = true> <Delay = 1.35> <CoreInst = "ROM">   --->   Core 101 'ROM' <Latency = 1> <II = 1> <Delay = 1.35> <Storage> <Opcode : 'load'> <Ports = 0> <Width = 5> <Depth = 4608> <ROM>
ST_3 : Operation 319 [1/1] (0.00ns)   --->   "%sext_ln1347_52 = sext i8 %px_V_16"   --->   Operation 319 'sext' 'sext_ln1347_52' <Predicate = true> <Delay = 0.00>
ST_3 : Operation 320 [1/1] (0.00ns)   --->   "%sext_ln1347_53 = sext i5 %w_V_16"   --->   Operation 320 'sext' 'sext_ln1347_53' <Predicate = true> <Delay = 0.00>
ST_3 : Operation 321 [1/1] (2.17ns)   --->   "%mul_ln1347_16 = mul i12 %sext_ln1347_52, i12 %sext_ln1347_53"   --->   Operation 321 'mul' 'mul_ln1347_16' <Predicate = true> <Delay = 2.17> <CoreInst = "Multiplier">   --->   Core 3 'Multiplier' <Latency = 0> <II = 1> <Delay = 2.17> <FuncUnit> <Opcode : 'mul'> <InPorts = 2> <OutPorts = 1>
ST_3 : Operation 406 [1/1] (0.00ns)   --->   "%ret_ln0 = ret"   --->   Operation 406 'ret' 'ret_ln0' <Predicate = (icmp_ln71)> <Delay = 0.00>

State 4 <SV = 3> <Delay = 7.92>
ST_4 : Operation 322 [1/1] (0.00ns)   --->   "%specpipeline_ln72 = specpipeline void @_ssdm_op_SpecPipeline, i32 2, i32 0, i32 0, i32 0, void @empty_4" [vgg_accelerator.cpp:72]   --->   Operation 322 'specpipeline' 'specpipeline_ln72' <Predicate = true> <Delay = 0.00>
ST_4 : Operation 323 [1/1] (0.00ns)   --->   "%specloopname_ln66 = specloopname void @_ssdm_op_SpecLoopName, void @empty_9" [vgg_accelerator.cpp:66]   --->   Operation 323 'specloopname' 'specloopname_ln66' <Predicate = true> <Delay = 0.00>
ST_4 : Operation 324 [1/1] (0.00ns) (grouped into LUT with out node acc_V_30)   --->   "%xor_ln895_14 = xor i1 %p_Result_26, i1 1"   --->   Operation 324 'xor' 'xor_ln895_14' <Predicate = true> <Delay = 0.00> <CoreInst = "LogicGate">   --->   Core 74 'LogicGate' <Latency = 0> <II = 1> <Delay = 0.33> <FuncUnit> <Opcode : 'and' 'or' 'xor'> <InPorts = 2> <OutPorts = 1>
ST_4 : Operation 325 [1/1] (0.00ns) (grouped into LUT with out node acc_V_30)   --->   "%overflow_14 = and i1 %p_Result_27, i1 %xor_ln895_14"   --->   Operation 325 'and' 'overflow_14' <Predicate = true> <Delay = 0.00> <CoreInst = "LogicGate">   --->   Core 74 'LogicGate' <Latency = 0> <II = 1> <Delay = 0.33> <FuncUnit> <Opcode : 'and' 'or' 'xor'> <InPorts = 2> <OutPorts = 1>
ST_4 : Operation 326 [1/1] (0.00ns) (grouped into LUT with out node acc_V_30)   --->   "%xor_ln302_12 = xor i1 %p_Result_26, i1 %p_Result_27"   --->   Operation 326 'xor' 'xor_ln302_12' <Predicate = true> <Delay = 0.00> <CoreInst = "LogicGate">   --->   Core 74 'LogicGate' <Latency = 0> <II = 1> <Delay = 0.33> <FuncUnit> <Opcode : 'and' 'or' 'xor'> <InPorts = 2> <OutPorts = 1>
ST_4 : Operation 327 [1/1] (0.00ns) (grouped into LUT with out node acc_V_30)   --->   "%select_ln346_12 = select i1 %overflow_14, i32 2147483647, i32 2147483648"   --->   Operation 327 'select' 'select_ln346_12' <Predicate = true> <Delay = 0.00> <CoreInst = "Sel">   --->   Core 73 'Sel' <Latency = 0> <II = 1> <Delay = 0.52> <FuncUnit> <Opcode : 'select'> <InPorts = 3> <OutPorts = 1>
ST_4 : Operation 328 [1/1] (0.52ns) (out node of the LUT)   --->   "%acc_V_30 = select i1 %xor_ln302_12, i32 %select_ln346_12, i32 %acc_V_29"   --->   Operation 328 'select' 'acc_V_30' <Predicate = true> <Delay = 0.52> <CoreInst = "Sel">   --->   Core 73 'Sel' <Latency = 0> <II = 1> <Delay = 0.52> <FuncUnit> <Opcode : 'select'> <InPorts = 3> <OutPorts = 1>
ST_4 : Operation 329 [1/1] (0.00ns)   --->   "%sext_ln813_13 = sext i32 %acc_V_30"   --->   Operation 329 'sext' 'sext_ln813_13' <Predicate = true> <Delay = 0.00>
ST_4 : Operation 330 [1/1] (0.00ns)   --->   "%rhs_13 = bitconcatenate i20 @_ssdm_op_BitConcatenate.i20.i12.i8, i12 %mul_ln1347_13, i8 0"   --->   Operation 330 'bitconcatenate' 'rhs_13' <Predicate = true> <Delay = 0.00>
ST_4 : Operation 331 [1/1] (0.00ns)   --->   "%sext_ln1347_27 = sext i20 %rhs_13"   --->   Operation 331 'sext' 'sext_ln1347_27' <Predicate = true> <Delay = 0.00>
ST_4 : Operation 332 [1/1] (0.00ns)   --->   "%sext_ln1347_28 = sext i20 %rhs_13"   --->   Operation 332 'sext' 'sext_ln1347_28' <Predicate = true> <Delay = 0.00>
ST_4 : Operation 333 [1/1] (1.20ns)   --->   "%ret_V_13 = add i33 %sext_ln813_13, i33 %sext_ln1347_27"   --->   Operation 333 'add' 'ret_V_13' <Predicate = true> <Delay = 1.20> <CoreInst = "Adder">   --->   Core 1 'Adder' <Latency = 0> <II = 1> <Delay = 1.20> <FuncUnit> <Opcode : 'add' 'sub'> <InPorts = 2> <OutPorts = 1>
ST_4 : Operation 334 [1/1] (0.00ns)   --->   "%p_Result_28 = bitselect i1 @_ssdm_op_BitSelect.i1.i33.i32, i33 %ret_V_13, i32 32"   --->   Operation 334 'bitselect' 'p_Result_28' <Predicate = true> <Delay = 0.00>
ST_4 : Operation 335 [1/1] (1.20ns)   --->   "%acc_V_31 = add i32 %acc_V_30, i32 %sext_ln1347_28"   --->   Operation 335 'add' 'acc_V_31' <Predicate = true> <Delay = 1.20> <CoreInst = "Adder">   --->   Core 1 'Adder' <Latency = 0> <II = 1> <Delay = 1.20> <FuncUnit> <Opcode : 'add' 'sub'> <InPorts = 2> <OutPorts = 1>
ST_4 : Operation 336 [1/1] (0.00ns)   --->   "%p_Result_29 = bitselect i1 @_ssdm_op_BitSelect.i1.i32.i32, i32 %acc_V_31, i32 31"   --->   Operation 336 'bitselect' 'p_Result_29' <Predicate = true> <Delay = 0.00>
ST_4 : Operation 337 [1/1] (0.00ns) (grouped into LUT with out node acc_V_32)   --->   "%xor_ln895_15 = xor i1 %p_Result_28, i1 1"   --->   Operation 337 'xor' 'xor_ln895_15' <Predicate = true> <Delay = 0.00> <CoreInst = "LogicGate">   --->   Core 74 'LogicGate' <Latency = 0> <II = 1> <Delay = 0.33> <FuncUnit> <Opcode : 'and' 'or' 'xor'> <InPorts = 2> <OutPorts = 1>
ST_4 : Operation 338 [1/1] (0.00ns) (grouped into LUT with out node acc_V_32)   --->   "%overflow_15 = and i1 %p_Result_29, i1 %xor_ln895_15"   --->   Operation 338 'and' 'overflow_15' <Predicate = true> <Delay = 0.00> <CoreInst = "LogicGate">   --->   Core 74 'LogicGate' <Latency = 0> <II = 1> <Delay = 0.33> <FuncUnit> <Opcode : 'and' 'or' 'xor'> <InPorts = 2> <OutPorts = 1>
ST_4 : Operation 339 [1/1] (0.00ns) (grouped into LUT with out node acc_V_32)   --->   "%xor_ln302_13 = xor i1 %p_Result_28, i1 %p_Result_29"   --->   Operation 339 'xor' 'xor_ln302_13' <Predicate = true> <Delay = 0.00> <CoreInst = "LogicGate">   --->   Core 74 'LogicGate' <Latency = 0> <II = 1> <Delay = 0.33> <FuncUnit> <Opcode : 'and' 'or' 'xor'> <InPorts = 2> <OutPorts = 1>
ST_4 : Operation 340 [1/1] (0.00ns) (grouped into LUT with out node acc_V_32)   --->   "%select_ln346_13 = select i1 %overflow_15, i32 2147483647, i32 2147483648"   --->   Operation 340 'select' 'select_ln346_13' <Predicate = true> <Delay = 0.00> <CoreInst = "Sel">   --->   Core 73 'Sel' <Latency = 0> <II = 1> <Delay = 0.52> <FuncUnit> <Opcode : 'select'> <InPorts = 3> <OutPorts = 1>
ST_4 : Operation 341 [1/1] (0.52ns) (out node of the LUT)   --->   "%acc_V_32 = select i1 %xor_ln302_13, i32 %select_ln346_13, i32 %acc_V_31"   --->   Operation 341 'select' 'acc_V_32' <Predicate = true> <Delay = 0.52> <CoreInst = "Sel">   --->   Core 73 'Sel' <Latency = 0> <II = 1> <Delay = 0.52> <FuncUnit> <Opcode : 'select'> <InPorts = 3> <OutPorts = 1>
ST_4 : Operation 342 [1/1] (0.00ns)   --->   "%sext_ln813_14 = sext i32 %acc_V_32"   --->   Operation 342 'sext' 'sext_ln813_14' <Predicate = true> <Delay = 0.00>
ST_4 : Operation 343 [1/1] (0.00ns)   --->   "%rhs_14 = bitconcatenate i20 @_ssdm_op_BitConcatenate.i20.i12.i8, i12 %mul_ln1347_14, i8 0"   --->   Operation 343 'bitconcatenate' 'rhs_14' <Predicate = true> <Delay = 0.00>
ST_4 : Operation 344 [1/1] (0.00ns)   --->   "%sext_ln1347_29 = sext i20 %rhs_14"   --->   Operation 344 'sext' 'sext_ln1347_29' <Predicate = true> <Delay = 0.00>
ST_4 : Operation 345 [1/1] (0.00ns)   --->   "%sext_ln1347_30 = sext i20 %rhs_14"   --->   Operation 345 'sext' 'sext_ln1347_30' <Predicate = true> <Delay = 0.00>
ST_4 : Operation 346 [1/1] (1.20ns)   --->   "%ret_V_14 = add i33 %sext_ln813_14, i33 %sext_ln1347_29"   --->   Operation 346 'add' 'ret_V_14' <Predicate = true> <Delay = 1.20> <CoreInst = "Adder">   --->   Core 1 'Adder' <Latency = 0> <II = 1> <Delay = 1.20> <FuncUnit> <Opcode : 'add' 'sub'> <InPorts = 2> <OutPorts = 1>
ST_4 : Operation 347 [1/1] (0.00ns)   --->   "%p_Result_30 = bitselect i1 @_ssdm_op_BitSelect.i1.i33.i32, i33 %ret_V_14, i32 32"   --->   Operation 347 'bitselect' 'p_Result_30' <Predicate = true> <Delay = 0.00>
ST_4 : Operation 348 [1/1] (1.20ns)   --->   "%acc_V_33 = add i32 %acc_V_32, i32 %sext_ln1347_30"   --->   Operation 348 'add' 'acc_V_33' <Predicate = true> <Delay = 1.20> <CoreInst = "Adder">   --->   Core 1 'Adder' <Latency = 0> <II = 1> <Delay = 1.20> <FuncUnit> <Opcode : 'add' 'sub'> <InPorts = 2> <OutPorts = 1>
ST_4 : Operation 349 [1/1] (0.00ns)   --->   "%p_Result_31 = bitselect i1 @_ssdm_op_BitSelect.i1.i32.i32, i32 %acc_V_33, i32 31"   --->   Operation 349 'bitselect' 'p_Result_31' <Predicate = true> <Delay = 0.00>
ST_4 : Operation 350 [1/1] (0.00ns) (grouped into LUT with out node acc_V_34)   --->   "%xor_ln895_16 = xor i1 %p_Result_30, i1 1"   --->   Operation 350 'xor' 'xor_ln895_16' <Predicate = true> <Delay = 0.00> <CoreInst = "LogicGate">   --->   Core 74 'LogicGate' <Latency = 0> <II = 1> <Delay = 0.33> <FuncUnit> <Opcode : 'and' 'or' 'xor'> <InPorts = 2> <OutPorts = 1>
ST_4 : Operation 351 [1/1] (0.00ns) (grouped into LUT with out node acc_V_34)   --->   "%overflow_16 = and i1 %p_Result_31, i1 %xor_ln895_16"   --->   Operation 351 'and' 'overflow_16' <Predicate = true> <Delay = 0.00> <CoreInst = "LogicGate">   --->   Core 74 'LogicGate' <Latency = 0> <II = 1> <Delay = 0.33> <FuncUnit> <Opcode : 'and' 'or' 'xor'> <InPorts = 2> <OutPorts = 1>
ST_4 : Operation 352 [1/1] (0.00ns) (grouped into LUT with out node acc_V_34)   --->   "%xor_ln302_14 = xor i1 %p_Result_30, i1 %p_Result_31"   --->   Operation 352 'xor' 'xor_ln302_14' <Predicate = true> <Delay = 0.00> <CoreInst = "LogicGate">   --->   Core 74 'LogicGate' <Latency = 0> <II = 1> <Delay = 0.33> <FuncUnit> <Opcode : 'and' 'or' 'xor'> <InPorts = 2> <OutPorts = 1>
ST_4 : Operation 353 [1/1] (0.00ns) (grouped into LUT with out node acc_V_34)   --->   "%select_ln346_14 = select i1 %overflow_16, i32 2147483647, i32 2147483648"   --->   Operation 353 'select' 'select_ln346_14' <Predicate = true> <Delay = 0.00> <CoreInst = "Sel">   --->   Core 73 'Sel' <Latency = 0> <II = 1> <Delay = 0.52> <FuncUnit> <Opcode : 'select'> <InPorts = 3> <OutPorts = 1>
ST_4 : Operation 354 [1/1] (0.52ns) (out node of the LUT)   --->   "%acc_V_34 = select i1 %xor_ln302_14, i32 %select_ln346_14, i32 %acc_V_33"   --->   Operation 354 'select' 'acc_V_34' <Predicate = true> <Delay = 0.52> <CoreInst = "Sel">   --->   Core 73 'Sel' <Latency = 0> <II = 1> <Delay = 0.52> <FuncUnit> <Opcode : 'select'> <InPorts = 3> <OutPorts = 1>
ST_4 : Operation 355 [1/1] (0.00ns)   --->   "%sext_ln813_15 = sext i32 %acc_V_34"   --->   Operation 355 'sext' 'sext_ln813_15' <Predicate = true> <Delay = 0.00>
ST_4 : Operation 356 [1/1] (0.00ns)   --->   "%rhs_15 = bitconcatenate i20 @_ssdm_op_BitConcatenate.i20.i12.i8, i12 %mul_ln1347_15, i8 0"   --->   Operation 356 'bitconcatenate' 'rhs_15' <Predicate = true> <Delay = 0.00>
ST_4 : Operation 357 [1/1] (0.00ns)   --->   "%sext_ln1347_31 = sext i20 %rhs_15"   --->   Operation 357 'sext' 'sext_ln1347_31' <Predicate = true> <Delay = 0.00>
ST_4 : Operation 358 [1/1] (0.00ns)   --->   "%sext_ln1347_32 = sext i20 %rhs_15"   --->   Operation 358 'sext' 'sext_ln1347_32' <Predicate = true> <Delay = 0.00>
ST_4 : Operation 359 [1/1] (1.20ns)   --->   "%ret_V_15 = add i33 %sext_ln813_15, i33 %sext_ln1347_31"   --->   Operation 359 'add' 'ret_V_15' <Predicate = true> <Delay = 1.20> <CoreInst = "Adder">   --->   Core 1 'Adder' <Latency = 0> <II = 1> <Delay = 1.20> <FuncUnit> <Opcode : 'add' 'sub'> <InPorts = 2> <OutPorts = 1>
ST_4 : Operation 360 [1/1] (0.00ns)   --->   "%p_Result_32 = bitselect i1 @_ssdm_op_BitSelect.i1.i33.i32, i33 %ret_V_15, i32 32"   --->   Operation 360 'bitselect' 'p_Result_32' <Predicate = true> <Delay = 0.00>
ST_4 : Operation 361 [1/1] (1.20ns)   --->   "%acc_V_35 = add i32 %acc_V_34, i32 %sext_ln1347_32"   --->   Operation 361 'add' 'acc_V_35' <Predicate = true> <Delay = 1.20> <CoreInst = "Adder">   --->   Core 1 'Adder' <Latency = 0> <II = 1> <Delay = 1.20> <FuncUnit> <Opcode : 'add' 'sub'> <InPorts = 2> <OutPorts = 1>
ST_4 : Operation 362 [1/1] (0.00ns)   --->   "%p_Result_33 = bitselect i1 @_ssdm_op_BitSelect.i1.i32.i32, i32 %acc_V_35, i32 31"   --->   Operation 362 'bitselect' 'p_Result_33' <Predicate = true> <Delay = 0.00>
ST_4 : Operation 363 [1/1] (0.00ns) (grouped into LUT with out node acc_V_36)   --->   "%xor_ln895_17 = xor i1 %p_Result_32, i1 1"   --->   Operation 363 'xor' 'xor_ln895_17' <Predicate = true> <Delay = 0.00> <CoreInst = "LogicGate">   --->   Core 74 'LogicGate' <Latency = 0> <II = 1> <Delay = 0.33> <FuncUnit> <Opcode : 'and' 'or' 'xor'> <InPorts = 2> <OutPorts = 1>
ST_4 : Operation 364 [1/1] (0.00ns) (grouped into LUT with out node acc_V_36)   --->   "%overflow_17 = and i1 %p_Result_33, i1 %xor_ln895_17"   --->   Operation 364 'and' 'overflow_17' <Predicate = true> <Delay = 0.00> <CoreInst = "LogicGate">   --->   Core 74 'LogicGate' <Latency = 0> <II = 1> <Delay = 0.33> <FuncUnit> <Opcode : 'and' 'or' 'xor'> <InPorts = 2> <OutPorts = 1>
ST_4 : Operation 365 [1/1] (0.00ns) (grouped into LUT with out node acc_V_36)   --->   "%xor_ln302_15 = xor i1 %p_Result_32, i1 %p_Result_33"   --->   Operation 365 'xor' 'xor_ln302_15' <Predicate = true> <Delay = 0.00> <CoreInst = "LogicGate">   --->   Core 74 'LogicGate' <Latency = 0> <II = 1> <Delay = 0.33> <FuncUnit> <Opcode : 'and' 'or' 'xor'> <InPorts = 2> <OutPorts = 1>
ST_4 : Operation 366 [1/1] (0.00ns) (grouped into LUT with out node acc_V_36)   --->   "%select_ln346_15 = select i1 %overflow_17, i32 2147483647, i32 2147483648"   --->   Operation 366 'select' 'select_ln346_15' <Predicate = true> <Delay = 0.00> <CoreInst = "Sel">   --->   Core 73 'Sel' <Latency = 0> <II = 1> <Delay = 0.52> <FuncUnit> <Opcode : 'select'> <InPorts = 3> <OutPorts = 1>
ST_4 : Operation 367 [1/1] (0.52ns) (out node of the LUT)   --->   "%acc_V_36 = select i1 %xor_ln302_15, i32 %select_ln346_15, i32 %acc_V_35"   --->   Operation 367 'select' 'acc_V_36' <Predicate = true> <Delay = 0.52> <CoreInst = "Sel">   --->   Core 73 'Sel' <Latency = 0> <II = 1> <Delay = 0.52> <FuncUnit> <Opcode : 'select'> <InPorts = 3> <OutPorts = 1>
ST_4 : Operation 368 [1/1] (0.00ns)   --->   "%sext_ln813_16 = sext i32 %acc_V_36"   --->   Operation 368 'sext' 'sext_ln813_16' <Predicate = true> <Delay = 0.00>
ST_4 : Operation 369 [1/1] (0.00ns)   --->   "%rhs_16 = bitconcatenate i20 @_ssdm_op_BitConcatenate.i20.i12.i8, i12 %mul_ln1347_16, i8 0"   --->   Operation 369 'bitconcatenate' 'rhs_16' <Predicate = true> <Delay = 0.00>
ST_4 : Operation 370 [1/1] (0.00ns)   --->   "%sext_ln1347_33 = sext i20 %rhs_16"   --->   Operation 370 'sext' 'sext_ln1347_33' <Predicate = true> <Delay = 0.00>
ST_4 : Operation 371 [1/1] (0.00ns)   --->   "%sext_ln1347_34 = sext i20 %rhs_16"   --->   Operation 371 'sext' 'sext_ln1347_34' <Predicate = true> <Delay = 0.00>
ST_4 : Operation 372 [1/1] (1.20ns)   --->   "%ret_V_16 = add i33 %sext_ln813_16, i33 %sext_ln1347_33"   --->   Operation 372 'add' 'ret_V_16' <Predicate = true> <Delay = 1.20> <CoreInst = "Adder">   --->   Core 1 'Adder' <Latency = 0> <II = 1> <Delay = 1.20> <FuncUnit> <Opcode : 'add' 'sub'> <InPorts = 2> <OutPorts = 1>
ST_4 : Operation 373 [1/1] (0.00ns)   --->   "%p_Result_34 = bitselect i1 @_ssdm_op_BitSelect.i1.i33.i32, i33 %ret_V_16, i32 32"   --->   Operation 373 'bitselect' 'p_Result_34' <Predicate = true> <Delay = 0.00>
ST_4 : Operation 374 [1/1] (1.20ns)   --->   "%acc_V_37 = add i32 %acc_V_36, i32 %sext_ln1347_34"   --->   Operation 374 'add' 'acc_V_37' <Predicate = true> <Delay = 1.20> <CoreInst = "Adder">   --->   Core 1 'Adder' <Latency = 0> <II = 1> <Delay = 1.20> <FuncUnit> <Opcode : 'add' 'sub'> <InPorts = 2> <OutPorts = 1>
ST_4 : Operation 375 [1/1] (0.00ns)   --->   "%p_Result_35 = bitselect i1 @_ssdm_op_BitSelect.i1.i32.i32, i32 %acc_V_37, i32 31"   --->   Operation 375 'bitselect' 'p_Result_35' <Predicate = true> <Delay = 0.00>
ST_4 : Operation 376 [1/1] (0.00ns) (grouped into LUT with out node acc_V)   --->   "%xor_ln895_18 = xor i1 %p_Result_34, i1 1"   --->   Operation 376 'xor' 'xor_ln895_18' <Predicate = true> <Delay = 0.00> <CoreInst = "LogicGate">   --->   Core 74 'LogicGate' <Latency = 0> <II = 1> <Delay = 0.33> <FuncUnit> <Opcode : 'and' 'or' 'xor'> <InPorts = 2> <OutPorts = 1>
ST_4 : Operation 377 [1/1] (0.00ns) (grouped into LUT with out node acc_V)   --->   "%overflow_18 = and i1 %p_Result_35, i1 %xor_ln895_18"   --->   Operation 377 'and' 'overflow_18' <Predicate = true> <Delay = 0.00> <CoreInst = "LogicGate">   --->   Core 74 'LogicGate' <Latency = 0> <II = 1> <Delay = 0.33> <FuncUnit> <Opcode : 'and' 'or' 'xor'> <InPorts = 2> <OutPorts = 1>
ST_4 : Operation 378 [1/1] (0.00ns) (grouped into LUT with out node acc_V)   --->   "%xor_ln302_16 = xor i1 %p_Result_34, i1 %p_Result_35"   --->   Operation 378 'xor' 'xor_ln302_16' <Predicate = true> <Delay = 0.00> <CoreInst = "LogicGate">   --->   Core 74 'LogicGate' <Latency = 0> <II = 1> <Delay = 0.33> <FuncUnit> <Opcode : 'and' 'or' 'xor'> <InPorts = 2> <OutPorts = 1>
ST_4 : Operation 379 [1/1] (0.00ns) (grouped into LUT with out node acc_V)   --->   "%select_ln346_16 = select i1 %overflow_18, i32 2147483647, i32 2147483648"   --->   Operation 379 'select' 'select_ln346_16' <Predicate = true> <Delay = 0.00> <CoreInst = "Sel">   --->   Core 73 'Sel' <Latency = 0> <II = 1> <Delay = 0.52> <FuncUnit> <Opcode : 'select'> <InPorts = 3> <OutPorts = 1>
ST_4 : Operation 380 [1/1] (0.52ns) (out node of the LUT)   --->   "%acc_V = select i1 %xor_ln302_16, i32 %select_ln346_16, i32 %acc_V_37"   --->   Operation 380 'select' 'acc_V' <Predicate = true> <Delay = 0.52> <CoreInst = "Sel">   --->   Core 73 'Sel' <Latency = 0> <II = 1> <Delay = 0.52> <FuncUnit> <Opcode : 'select'> <InPorts = 3> <OutPorts = 1>
ST_4 : Operation 381 [1/1] (0.48ns)   --->   "%store_ln302 = store i32 %acc_V, i32 %lhs"   --->   Operation 381 'store' 'store_ln302' <Predicate = true> <Delay = 0.48>
ST_4 : Operation 382 [1/1] (0.00ns)   --->   "%br_ln0 = br void %for.body168.i"   --->   Operation 382 'br' 'br_ln0' <Predicate = true> <Delay = 0.00>

State 5 <SV = 4> <Delay = 4.14>
ST_5 : Operation 383 [1/1] (0.00ns)   --->   "%trunc_ln71 = trunc i32 %acc_V" [vgg_accelerator.cpp:71]   --->   Operation 383 'trunc' 'trunc_ln71' <Predicate = (icmp_ln71_2)> <Delay = 0.00>
ST_5 : Operation 384 [1/1] (0.00ns)   --->   "%tmp = bitselect i1 @_ssdm_op_BitSelect.i1.i32.i32, i32 %acc_V, i32 31"   --->   Operation 384 'bitselect' 'tmp' <Predicate = (icmp_ln71_2)> <Delay = 0.00>
ST_5 : Operation 385 [1/1] (0.49ns)   --->   "%acc_V_38 = select i1 %tmp, i31 0, i31 %trunc_ln71" [vgg_accelerator.cpp:82]   --->   Operation 385 'select' 'acc_V_38' <Predicate = (icmp_ln71_2)> <Delay = 0.49> <CoreInst = "Sel">   --->   Core 73 'Sel' <Latency = 0> <II = 1> <Delay = 0.49> <FuncUnit> <Opcode : 'select'> <InPorts = 3> <OutPorts = 1>
ST_5 : Operation 386 [1/1] (0.00ns)   --->   "%p_Val2_39 = partselect i8 @_ssdm_op_PartSelect.i8.i31.i32.i32, i31 %acc_V_38, i32 12, i32 19"   --->   Operation 386 'partselect' 'p_Val2_39' <Predicate = (icmp_ln71_2)> <Delay = 0.00>
ST_5 : Operation 387 [1/1] (0.00ns)   --->   "%tmp_5 = bitselect i1 @_ssdm_op_BitSelect.i1.i31.i32, i31 %acc_V_38, i32 11"   --->   Operation 387 'bitselect' 'tmp_5' <Predicate = (icmp_ln71_2)> <Delay = 0.00>
ST_5 : Operation 388 [1/1] (0.00ns)   --->   "%zext_ln377 = zext i1 %tmp_5"   --->   Operation 388 'zext' 'zext_ln377' <Predicate = (icmp_ln71_2)> <Delay = 0.00>
ST_5 : Operation 389 [1/1] (0.00ns)   --->   "%trunc_ln377_3 = partselect i7 @_ssdm_op_PartSelect.i7.i31.i32.i32, i31 %acc_V_38, i32 12, i32 18"   --->   Operation 389 'partselect' 'trunc_ln377_3' <Predicate = (icmp_ln71_2)> <Delay = 0.00>
ST_5 : Operation 390 [1/1] (0.00ns)   --->   "%zext_ln377_2 = zext i1 %tmp_5"   --->   Operation 390 'zext' 'zext_ln377_2' <Predicate = (icmp_ln71_2)> <Delay = 0.00>
ST_5 : Operation 391 [1/1] (0.90ns)   --->   "%p_Val2_40 = add i8 %p_Val2_39, i8 %zext_ln377"   --->   Operation 391 'add' 'p_Val2_40' <Predicate = (icmp_ln71_2)> <Delay = 0.90> <CoreInst = "Adder">   --->   Core 1 'Adder' <Latency = 0> <II = 1> <Delay = 0.90> <FuncUnit> <Opcode : 'add' 'sub'> <InPorts = 2> <OutPorts = 1>
ST_5 : Operation 392 [1/1] (0.89ns)   --->   "%add_ln856 = add i7 %trunc_ln377_3, i7 %zext_ln377_2"   --->   Operation 392 'add' 'add_ln856' <Predicate = (icmp_ln71_2)> <Delay = 0.89> <CoreInst = "Adder">   --->   Core 1 'Adder' <Latency = 0> <II = 1> <Delay = 0.89> <FuncUnit> <Opcode : 'add' 'sub'> <InPorts = 2> <OutPorts = 1>
ST_5 : Operation 393 [1/1] (0.00ns)   --->   "%p_Result_36 = bitselect i1 @_ssdm_op_BitSelect.i1.i8.i32, i8 %p_Val2_40, i32 7"   --->   Operation 393 'bitselect' 'p_Result_36' <Predicate = (icmp_ln71_2)> <Delay = 0.00>
ST_5 : Operation 394 [1/1] (0.00ns)   --->   "%tmp_2 = partselect i11 @_ssdm_op_PartSelect.i11.i31.i32.i32, i31 %acc_V_38, i32 20, i32 30"   --->   Operation 394 'partselect' 'tmp_2' <Predicate = (icmp_ln71_2)> <Delay = 0.00>
ST_5 : Operation 395 [1/1] (0.85ns)   --->   "%Range1_all_zeros = icmp_eq  i11 %tmp_2, i11 0"   --->   Operation 395 'icmp' 'Range1_all_zeros' <Predicate = (icmp_ln71_2)> <Delay = 0.85> <CoreInst = "Cmp">   --->   Core 9 'Cmp' <Latency = 0> <II = 1> <Delay = 0.85> <FuncUnit> <Opcode : 'icmp'> <InPorts = 2> <OutPorts = 1>
ST_5 : Operation 396 [1/1] (0.00ns) (grouped into LUT with out node select_ln302)   --->   "%tmp_7 = bitselect i1 @_ssdm_op_BitSelect.i1.i31.i32, i31 %acc_V_38, i32 19"   --->   Operation 396 'bitselect' 'tmp_7' <Predicate = (icmp_ln71_2)> <Delay = 0.00>
ST_5 : Operation 397 [1/1] (0.00ns) (grouped into LUT with out node select_ln302)   --->   "%xor_ln888 = xor i1 %tmp_7, i1 1"   --->   Operation 397 'xor' 'xor_ln888' <Predicate = (icmp_ln71_2)> <Delay = 0.00> <CoreInst = "LogicGate">   --->   Core 74 'LogicGate' <Latency = 0> <II = 1> <Delay = 0.33> <FuncUnit> <Opcode : 'and' 'or' 'xor'> <InPorts = 2> <OutPorts = 1>
ST_5 : Operation 398 [1/1] (0.00ns) (grouped into LUT with out node select_ln302)   --->   "%or_ln888 = or i1 %p_Result_36, i1 %xor_ln888"   --->   Operation 398 'or' 'or_ln888' <Predicate = (icmp_ln71_2)> <Delay = 0.00> <CoreInst = "LogicGate">   --->   Core 74 'LogicGate' <Latency = 0> <II = 1> <Delay = 0.33> <FuncUnit> <Opcode : 'and' 'or' 'xor'> <InPorts = 2> <OutPorts = 1>
ST_5 : Operation 399 [1/1] (0.00ns) (grouped into LUT with out node select_ln302)   --->   "%deleted_zeros = and i1 %Range1_all_zeros, i1 %or_ln888"   --->   Operation 399 'and' 'deleted_zeros' <Predicate = (icmp_ln71_2)> <Delay = 0.00> <CoreInst = "LogicGate">   --->   Core 74 'LogicGate' <Latency = 0> <II = 1> <Delay = 0.33> <FuncUnit> <Opcode : 'and' 'or' 'xor'> <InPorts = 2> <OutPorts = 1>
ST_5 : Operation 400 [1/1] (0.00ns) (grouped into LUT with out node select_ln302)   --->   "%xor_ln895 = xor i1 %deleted_zeros, i1 1"   --->   Operation 400 'xor' 'xor_ln895' <Predicate = (icmp_ln71_2)> <Delay = 0.00> <CoreInst = "LogicGate">   --->   Core 74 'LogicGate' <Latency = 0> <II = 1> <Delay = 0.33> <FuncUnit> <Opcode : 'and' 'or' 'xor'> <InPorts = 2> <OutPorts = 1>
ST_5 : Operation 401 [1/1] (0.00ns) (grouped into LUT with out node select_ln302)   --->   "%overflow = or i1 %p_Result_36, i1 %xor_ln895"   --->   Operation 401 'or' 'overflow' <Predicate = (icmp_ln71_2)> <Delay = 0.00> <CoreInst = "LogicGate">   --->   Core 74 'LogicGate' <Latency = 0> <II = 1> <Delay = 0.33> <FuncUnit> <Opcode : 'and' 'or' 'xor'> <InPorts = 2> <OutPorts = 1>
ST_5 : Operation 402 [1/1] (0.42ns) (out node of the LUT)   --->   "%select_ln302 = select i1 %overflow, i7 127, i7 %add_ln856"   --->   Operation 402 'select' 'select_ln302' <Predicate = (icmp_ln71_2)> <Delay = 0.42> <CoreInst = "Sel">   --->   Core 73 'Sel' <Latency = 0> <II = 1> <Delay = 0.42> <FuncUnit> <Opcode : 'select'> <InPorts = 3> <OutPorts = 1>
ST_5 : Operation 403 [1/1] (0.00ns)   --->   "%zext_ln83 = zext i7 %select_ln302" [vgg_accelerator.cpp:83]   --->   Operation 403 'zext' 'zext_ln83' <Predicate = (icmp_ln71_2)> <Delay = 0.00>
ST_5 : Operation 404 [1/1] (2.32ns)   --->   "%write_ln83 = write void @_ssdm_op_Write.ap_fifo.volatile.i8P0A, i8 %s_conv2, i8 %zext_ln83" [vgg_accelerator.cpp:83]   --->   Operation 404 'write' 'write_ln83' <Predicate = (icmp_ln71_2)> <Delay = 2.32> <CoreInst = "FIFO_SRL">   --->   Core 81 'FIFO_SRL' <Latency = 0> <II = 1> <Delay = 2.32> <Storage> <Opcode : 'read' 'write' 'nbread' 'nbwrite'> <Ports = 0> <Width = 8> <Depth = 64> <FIFO>
ST_5 : Operation 405 [1/1] (0.00ns)   --->   "%br_ln0 = br void %ifFalse"   --->   Operation 405 'br' 'br_ln0' <Predicate = (icmp_ln71_2)> <Delay = 0.00>


============================================================
+ Verbose Summary: Timing violations
============================================================
Target clock period: 10ns, clock uncertainty: 2.7ns.

 <State 1>: 5.11ns
The critical path consists of the following:
	'alloca' operation ('ch') [151]  (0 ns)
	'load' operation ('ch', vgg_accelerator.cpp:76) on local variable 'ch' [307]  (0 ns)
	'add' operation ('add_ln76', vgg_accelerator.cpp:76) [320]  (0.897 ns)
	'add' operation ('add_ln76_11', vgg_accelerator.cpp:76) [322]  (0.921 ns)
	'add' operation ('add_ln76_12', vgg_accelerator.cpp:76) [324]  (0.962 ns)
	'add' operation ('add_ln76_13', vgg_accelerator.cpp:76) [345]  (0.975 ns)
	'getelementptr' operation ('conv2_weights_addr_1', vgg_accelerator.cpp:76) [347]  (0 ns)
	'load' operation ('w.V', vgg_accelerator.cpp:76) on array 'conv2_weights' [348]  (1.35 ns)

 <State 2>: 3.52ns
The critical path consists of the following:
	'load' operation ('w.V', vgg_accelerator.cpp:76) on array 'conv2_weights' [327]  (1.35 ns)
	'mul' operation ('mul_ln1347') [331]  (2.17 ns)

 <State 3>: 8.12ns
The critical path consists of the following:
	'load' operation ('lhs_load') on local variable 'lhs' [313]  (0 ns)
	'add' operation ('acc.V') [338]  (1.2 ns)
	'select' operation ('acc.V') [344]  (0.525 ns)
	'add' operation ('ret.V') [357]  (1.2 ns)
	'xor' operation ('xor_ln302_9') [363]  (0 ns)
	'select' operation ('acc.V') [365]  (0.525 ns)
	'add' operation ('acc.V') [380]  (1.2 ns)
	'select' operation ('acc.V') [386]  (0.525 ns)
	'add' operation ('ret.V') [399]  (1.2 ns)
	'xor' operation ('xor_ln895_13') [403]  (0 ns)
	'and' operation ('overflow') [404]  (0 ns)
	'select' operation ('select_ln346_11') [406]  (0 ns)
	'select' operation ('acc.V') [407]  (0.525 ns)
	'add' operation ('ret.V') [420]  (1.2 ns)

 <State 4>: 7.93ns
The critical path consists of the following:
	'xor' operation ('xor_ln895_14') [424]  (0 ns)
	'and' operation ('overflow') [425]  (0 ns)
	'select' operation ('select_ln346_12') [427]  (0 ns)
	'select' operation ('acc.V') [428]  (0.525 ns)
	'add' operation ('acc.V') [443]  (1.2 ns)
	'select' operation ('acc.V') [449]  (0.525 ns)
	'add' operation ('acc.V') [464]  (1.2 ns)
	'select' operation ('acc.V') [470]  (0.525 ns)
	'add' operation ('acc.V') [485]  (1.2 ns)
	'select' operation ('acc.V') [491]  (0.525 ns)
	'add' operation ('acc.V') [506]  (1.2 ns)
	'select' operation ('acc.V') [512]  (0.525 ns)
	'store' operation ('store_ln302') of variable 'acc.V' on local variable 'lhs' [541]  (0.489 ns)

 <State 5>: 4.15ns
The critical path consists of the following:
	'select' operation ('acc.V', vgg_accelerator.cpp:82) [518]  (0.495 ns)
	'add' operation ('__Val2__') [524]  (0.907 ns)
	'or' operation ('overflow') [534]  (0 ns)
	'select' operation ('select_ln302') [535]  (0.42 ns)
	fifo write operation ('write_ln83', vgg_accelerator.cpp:83) on port 's_conv2' (vgg_accelerator.cpp:83) [537]  (2.33 ns)


============================================================
+ Verbose Summary: Binding
============================================================
N/A
* FSMD analyzer results:
  - Output states:
 - Input state : 
  - Chain level:
	State 1
	State 2
	State 3
	State 4
	State 5


============================================================
+ Verbose Summary: Datapath Resource usage 
============================================================
N/A
