

================================================================
== Vitis HLS Report for 'layer_block_16_32_16_Pipeline_VITIS_LOOP_40_6'
================================================================
* Date:           Thu Dec 11 20:06:57 2025

* Version:        2022.2 (Build 3670227 on Oct 13 2022)
* Project:        vgg_accelerator
* Solution:       solution1 (Vivado IP Flow Target)
* Product family: zynquplus
* Target device:  xczu5eg-sfvc784-1-e


================================================================
== Performance Estimates
================================================================
+ Timing: 
    * Summary: 
    +--------+----------+----------+------------+
    |  Clock |  Target  | Estimated| Uncertainty|
    +--------+----------+----------+------------+
    |ap_clk  |  10.00 ns|  4.224 ns|     2.70 ns|
    +--------+----------+----------+------------+

+ Latency: 
    * Summary: 
    +---------+---------+----------+----------+-----+-----+---------+
    |  Latency (cycles) |  Latency (absolute) |  Interval | Pipeline|
    |   min   |   max   |    min   |    max   | min | max |   Type  |
    +---------+---------+----------+----------+-----+-----+---------+
    |       18|       18|  0.180 us|  0.180 us|   18|   18|       no|
    +---------+---------+----------+----------+-----+-----+---------+

    + Detail: 
        * Instance: 
        N/A

        * Loop: 
        +-------------------+---------+---------+----------+-----------+-----------+------+----------+
        |                   |  Latency (cycles) | Iteration|  Initiation Interval  | Trip |          |
        |     Loop Name     |   min   |   max   |  Latency |  achieved |   target  | Count| Pipelined|
        +-------------------+---------+---------+----------+-----------+-----------+------+----------+
        |- VITIS_LOOP_40_6  |       16|       16|         2|          1|          1|    16|       yes|
        +-------------------+---------+---------+----------+-----------+-----------+------+----------+

============================================================
+ Verbose Summary: Synthesis Manager
============================================================
InlineROM: 1
ExposeGlobal: 0
============================================================
+ Verbose Summary: CDFG Model
============================================================
IsTopModel: 0
ResetActiveHigh: 1
IsCombinational: 0
IsDatapathOnly: 0
HasWiredReturn: 1
HasMFsm: 2
HasVarLatency: 1
IsPipeline: 0
IsRtlPipelined: 0
IsInstanceOverlapped: 0
IsDontTouch: 0
HasImplIP: 0
IsGatedGlobalClock: 0

+ Individual pipeline summary: 
  * Pipeline-0: initiation interval (II) = 1, depth = 2


============================================================
+ Verbose Summary: Schedule
============================================================
* Number of FSM states : 2
* Pipeline : 1
  Pipeline-0 : II = 1, D = 2, States = { 1 2 }
* Dataflow Pipeline: 0

* FSM state transitions: 
1 --> 2 
2 --> 

* FSM state operations: 

State 1 <SV = 0> <Delay = 2.25>
ST_1 : Operation 5 [1/1] (0.00ns)   --->   "%ch = alloca i32 1"   --->   Operation 5 'alloca' 'ch' <Predicate = true> <Delay = 0.00>
ST_1 : Operation 6 [1/1] (0.00ns)   --->   "%window_V_418 = alloca i32 1"   --->   Operation 6 'alloca' 'window_V_418' <Predicate = true> <Delay = 0.00>
ST_1 : Operation 7 [1/1] (0.00ns)   --->   "%window_V_234 = alloca i32 1"   --->   Operation 7 'alloca' 'window_V_234' <Predicate = true> <Delay = 0.00>
ST_1 : Operation 8 [1/1] (0.00ns)   --->   "%window_V_419 = alloca i32 1"   --->   Operation 8 'alloca' 'window_V_419' <Predicate = true> <Delay = 0.00>
ST_1 : Operation 9 [1/1] (0.00ns)   --->   "%window_V_236 = alloca i32 1"   --->   Operation 9 'alloca' 'window_V_236' <Predicate = true> <Delay = 0.00>
ST_1 : Operation 10 [1/1] (0.00ns)   --->   "%window_V_235 = alloca i32 1"   --->   Operation 10 'alloca' 'window_V_235' <Predicate = true> <Delay = 0.00>
ST_1 : Operation 11 [1/1] (0.00ns)   --->   "%window_V_420 = alloca i32 1"   --->   Operation 11 'alloca' 'window_V_420' <Predicate = true> <Delay = 0.00>
ST_1 : Operation 12 [1/1] (0.00ns)   --->   "%window_V_238 = alloca i32 1"   --->   Operation 12 'alloca' 'window_V_238' <Predicate = true> <Delay = 0.00>
ST_1 : Operation 13 [1/1] (0.00ns)   --->   "%window_V_237 = alloca i32 1"   --->   Operation 13 'alloca' 'window_V_237' <Predicate = true> <Delay = 0.00>
ST_1 : Operation 14 [1/1] (0.00ns)   --->   "%window_V_421 = alloca i32 1"   --->   Operation 14 'alloca' 'window_V_421' <Predicate = true> <Delay = 0.00>
ST_1 : Operation 15 [1/1] (0.00ns)   --->   "%window_V_422 = alloca i32 1"   --->   Operation 15 'alloca' 'window_V_422' <Predicate = true> <Delay = 0.00>
ST_1 : Operation 16 [1/1] (0.00ns)   --->   "%window_V_241 = alloca i32 1"   --->   Operation 16 'alloca' 'window_V_241' <Predicate = true> <Delay = 0.00>
ST_1 : Operation 17 [1/1] (0.00ns)   --->   "%window_V_423 = alloca i32 1"   --->   Operation 17 'alloca' 'window_V_423' <Predicate = true> <Delay = 0.00>
ST_1 : Operation 18 [1/1] (0.00ns)   --->   "%window_V_243 = alloca i32 1"   --->   Operation 18 'alloca' 'window_V_243' <Predicate = true> <Delay = 0.00>
ST_1 : Operation 19 [1/1] (0.00ns)   --->   "%window_V_242 = alloca i32 1"   --->   Operation 19 'alloca' 'window_V_242' <Predicate = true> <Delay = 0.00>
ST_1 : Operation 20 [1/1] (0.00ns)   --->   "%window_V_424 = alloca i32 1"   --->   Operation 20 'alloca' 'window_V_424' <Predicate = true> <Delay = 0.00>
ST_1 : Operation 21 [1/1] (0.00ns)   --->   "%window_V_245 = alloca i32 1"   --->   Operation 21 'alloca' 'window_V_245' <Predicate = true> <Delay = 0.00>
ST_1 : Operation 22 [1/1] (0.00ns)   --->   "%window_V_244 = alloca i32 1"   --->   Operation 22 'alloca' 'window_V_244' <Predicate = true> <Delay = 0.00>
ST_1 : Operation 23 [1/1] (0.00ns)   --->   "%window_V_425 = alloca i32 1"   --->   Operation 23 'alloca' 'window_V_425' <Predicate = true> <Delay = 0.00>
ST_1 : Operation 24 [1/1] (0.00ns)   --->   "%window_V_426 = alloca i32 1"   --->   Operation 24 'alloca' 'window_V_426' <Predicate = true> <Delay = 0.00>
ST_1 : Operation 25 [1/1] (0.00ns)   --->   "%window_V_248 = alloca i32 1"   --->   Operation 25 'alloca' 'window_V_248' <Predicate = true> <Delay = 0.00>
ST_1 : Operation 26 [1/1] (0.00ns)   --->   "%window_V_427 = alloca i32 1"   --->   Operation 26 'alloca' 'window_V_427' <Predicate = true> <Delay = 0.00>
ST_1 : Operation 27 [1/1] (0.00ns)   --->   "%window_V_250 = alloca i32 1"   --->   Operation 27 'alloca' 'window_V_250' <Predicate = true> <Delay = 0.00>
ST_1 : Operation 28 [1/1] (0.00ns)   --->   "%window_V_249 = alloca i32 1"   --->   Operation 28 'alloca' 'window_V_249' <Predicate = true> <Delay = 0.00>
ST_1 : Operation 29 [1/1] (0.00ns)   --->   "%window_V_428 = alloca i32 1"   --->   Operation 29 'alloca' 'window_V_428' <Predicate = true> <Delay = 0.00>
ST_1 : Operation 30 [1/1] (0.00ns)   --->   "%window_V_252 = alloca i32 1"   --->   Operation 30 'alloca' 'window_V_252' <Predicate = true> <Delay = 0.00>
ST_1 : Operation 31 [1/1] (0.00ns)   --->   "%window_V_251 = alloca i32 1"   --->   Operation 31 'alloca' 'window_V_251' <Predicate = true> <Delay = 0.00>
ST_1 : Operation 32 [1/1] (0.00ns)   --->   "%window_V_429 = alloca i32 1"   --->   Operation 32 'alloca' 'window_V_429' <Predicate = true> <Delay = 0.00>
ST_1 : Operation 33 [1/1] (0.00ns)   --->   "%window_V_430 = alloca i32 1"   --->   Operation 33 'alloca' 'window_V_430' <Predicate = true> <Delay = 0.00>
ST_1 : Operation 34 [1/1] (0.00ns)   --->   "%window_V_255 = alloca i32 1"   --->   Operation 34 'alloca' 'window_V_255' <Predicate = true> <Delay = 0.00>
ST_1 : Operation 35 [1/1] (0.00ns)   --->   "%window_V_431 = alloca i32 1"   --->   Operation 35 'alloca' 'window_V_431' <Predicate = true> <Delay = 0.00>
ST_1 : Operation 36 [1/1] (0.00ns)   --->   "%window_V_257 = alloca i32 1"   --->   Operation 36 'alloca' 'window_V_257' <Predicate = true> <Delay = 0.00>
ST_1 : Operation 37 [1/1] (0.00ns)   --->   "%window_V_256 = alloca i32 1"   --->   Operation 37 'alloca' 'window_V_256' <Predicate = true> <Delay = 0.00>
ST_1 : Operation 38 [1/1] (0.00ns)   --->   "%window_V_432 = alloca i32 1"   --->   Operation 38 'alloca' 'window_V_432' <Predicate = true> <Delay = 0.00>
ST_1 : Operation 39 [1/1] (0.00ns)   --->   "%window_V_259 = alloca i32 1"   --->   Operation 39 'alloca' 'window_V_259' <Predicate = true> <Delay = 0.00>
ST_1 : Operation 40 [1/1] (0.00ns)   --->   "%window_V_258 = alloca i32 1"   --->   Operation 40 'alloca' 'window_V_258' <Predicate = true> <Delay = 0.00>
ST_1 : Operation 41 [1/1] (0.00ns)   --->   "%window_V_433 = alloca i32 1"   --->   Operation 41 'alloca' 'window_V_433' <Predicate = true> <Delay = 0.00>
ST_1 : Operation 42 [1/1] (0.00ns)   --->   "%window_V_434 = alloca i32 1"   --->   Operation 42 'alloca' 'window_V_434' <Predicate = true> <Delay = 0.00>
ST_1 : Operation 43 [1/1] (0.00ns)   --->   "%window_V_262 = alloca i32 1"   --->   Operation 43 'alloca' 'window_V_262' <Predicate = true> <Delay = 0.00>
ST_1 : Operation 44 [1/1] (0.00ns)   --->   "%window_V_435 = alloca i32 1"   --->   Operation 44 'alloca' 'window_V_435' <Predicate = true> <Delay = 0.00>
ST_1 : Operation 45 [1/1] (0.00ns)   --->   "%window_V_264 = alloca i32 1"   --->   Operation 45 'alloca' 'window_V_264' <Predicate = true> <Delay = 0.00>
ST_1 : Operation 46 [1/1] (0.00ns)   --->   "%window_V_263 = alloca i32 1"   --->   Operation 46 'alloca' 'window_V_263' <Predicate = true> <Delay = 0.00>
ST_1 : Operation 47 [1/1] (0.00ns)   --->   "%window_V_436 = alloca i32 1"   --->   Operation 47 'alloca' 'window_V_436' <Predicate = true> <Delay = 0.00>
ST_1 : Operation 48 [1/1] (0.00ns)   --->   "%window_V_266 = alloca i32 1"   --->   Operation 48 'alloca' 'window_V_266' <Predicate = true> <Delay = 0.00>
ST_1 : Operation 49 [1/1] (0.00ns)   --->   "%window_V_265 = alloca i32 1"   --->   Operation 49 'alloca' 'window_V_265' <Predicate = true> <Delay = 0.00>
ST_1 : Operation 50 [1/1] (0.00ns)   --->   "%window_V_437 = alloca i32 1"   --->   Operation 50 'alloca' 'window_V_437' <Predicate = true> <Delay = 0.00>
ST_1 : Operation 51 [1/1] (0.00ns)   --->   "%window_V_438 = alloca i32 1"   --->   Operation 51 'alloca' 'window_V_438' <Predicate = true> <Delay = 0.00>
ST_1 : Operation 52 [1/1] (0.00ns)   --->   "%window_V_269 = alloca i32 1"   --->   Operation 52 'alloca' 'window_V_269' <Predicate = true> <Delay = 0.00>
ST_1 : Operation 53 [1/1] (0.00ns)   --->   "%window_V_439 = alloca i32 1"   --->   Operation 53 'alloca' 'window_V_439' <Predicate = true> <Delay = 0.00>
ST_1 : Operation 54 [1/1] (0.00ns)   --->   "%window_V_271 = alloca i32 1"   --->   Operation 54 'alloca' 'window_V_271' <Predicate = true> <Delay = 0.00>
ST_1 : Operation 55 [1/1] (0.00ns)   --->   "%window_V_270 = alloca i32 1"   --->   Operation 55 'alloca' 'window_V_270' <Predicate = true> <Delay = 0.00>
ST_1 : Operation 56 [1/1] (0.00ns)   --->   "%window_V_440 = alloca i32 1"   --->   Operation 56 'alloca' 'window_V_440' <Predicate = true> <Delay = 0.00>
ST_1 : Operation 57 [1/1] (0.00ns)   --->   "%window_V_273 = alloca i32 1"   --->   Operation 57 'alloca' 'window_V_273' <Predicate = true> <Delay = 0.00>
ST_1 : Operation 58 [1/1] (0.00ns)   --->   "%window_V_272 = alloca i32 1"   --->   Operation 58 'alloca' 'window_V_272' <Predicate = true> <Delay = 0.00>
ST_1 : Operation 59 [1/1] (0.00ns)   --->   "%window_V_441 = alloca i32 1"   --->   Operation 59 'alloca' 'window_V_441' <Predicate = true> <Delay = 0.00>
ST_1 : Operation 60 [1/1] (0.00ns)   --->   "%window_V_442 = alloca i32 1"   --->   Operation 60 'alloca' 'window_V_442' <Predicate = true> <Delay = 0.00>
ST_1 : Operation 61 [1/1] (0.00ns)   --->   "%window_V_276 = alloca i32 1"   --->   Operation 61 'alloca' 'window_V_276' <Predicate = true> <Delay = 0.00>
ST_1 : Operation 62 [1/1] (0.00ns)   --->   "%window_V_443 = alloca i32 1"   --->   Operation 62 'alloca' 'window_V_443' <Predicate = true> <Delay = 0.00>
ST_1 : Operation 63 [1/1] (0.00ns)   --->   "%window_V_278 = alloca i32 1"   --->   Operation 63 'alloca' 'window_V_278' <Predicate = true> <Delay = 0.00>
ST_1 : Operation 64 [1/1] (0.00ns)   --->   "%window_V_277 = alloca i32 1"   --->   Operation 64 'alloca' 'window_V_277' <Predicate = true> <Delay = 0.00>
ST_1 : Operation 65 [1/1] (0.00ns)   --->   "%window_V_444 = alloca i32 1"   --->   Operation 65 'alloca' 'window_V_444' <Predicate = true> <Delay = 0.00>
ST_1 : Operation 66 [1/1] (0.00ns)   --->   "%window_V_280 = alloca i32 1"   --->   Operation 66 'alloca' 'window_V_280' <Predicate = true> <Delay = 0.00>
ST_1 : Operation 67 [1/1] (0.00ns)   --->   "%window_V_279 = alloca i32 1"   --->   Operation 67 'alloca' 'window_V_279' <Predicate = true> <Delay = 0.00>
ST_1 : Operation 68 [1/1] (0.00ns)   --->   "%window_V_445 = alloca i32 1"   --->   Operation 68 'alloca' 'window_V_445' <Predicate = true> <Delay = 0.00>
ST_1 : Operation 69 [1/1] (0.00ns)   --->   "%window_V_446 = alloca i32 1"   --->   Operation 69 'alloca' 'window_V_446' <Predicate = true> <Delay = 0.00>
ST_1 : Operation 70 [1/1] (0.00ns)   --->   "%window_V_283 = alloca i32 1"   --->   Operation 70 'alloca' 'window_V_283' <Predicate = true> <Delay = 0.00>
ST_1 : Operation 71 [1/1] (0.00ns)   --->   "%window_V_447 = alloca i32 1"   --->   Operation 71 'alloca' 'window_V_447' <Predicate = true> <Delay = 0.00>
ST_1 : Operation 72 [1/1] (0.00ns)   --->   "%window_V_285 = alloca i32 1"   --->   Operation 72 'alloca' 'window_V_285' <Predicate = true> <Delay = 0.00>
ST_1 : Operation 73 [1/1] (0.00ns)   --->   "%window_V_284 = alloca i32 1"   --->   Operation 73 'alloca' 'window_V_284' <Predicate = true> <Delay = 0.00>
ST_1 : Operation 74 [1/1] (0.00ns)   --->   "%window_V_448 = alloca i32 1"   --->   Operation 74 'alloca' 'window_V_448' <Predicate = true> <Delay = 0.00>
ST_1 : Operation 75 [1/1] (0.00ns)   --->   "%window_V_287 = alloca i32 1"   --->   Operation 75 'alloca' 'window_V_287' <Predicate = true> <Delay = 0.00>
ST_1 : Operation 76 [1/1] (0.00ns)   --->   "%window_V_286 = alloca i32 1"   --->   Operation 76 'alloca' 'window_V_286' <Predicate = true> <Delay = 0.00>
ST_1 : Operation 77 [1/1] (0.00ns)   --->   "%window_V_449 = alloca i32 1"   --->   Operation 77 'alloca' 'window_V_449' <Predicate = true> <Delay = 0.00>
ST_1 : Operation 78 [1/1] (0.00ns)   --->   "%window_V_450 = alloca i32 1"   --->   Operation 78 'alloca' 'window_V_450' <Predicate = true> <Delay = 0.00>
ST_1 : Operation 79 [1/1] (0.00ns)   --->   "%window_V_290 = alloca i32 1"   --->   Operation 79 'alloca' 'window_V_290' <Predicate = true> <Delay = 0.00>
ST_1 : Operation 80 [1/1] (0.00ns)   --->   "%window_V_451 = alloca i32 1"   --->   Operation 80 'alloca' 'window_V_451' <Predicate = true> <Delay = 0.00>
ST_1 : Operation 81 [1/1] (0.00ns)   --->   "%window_V_292 = alloca i32 1"   --->   Operation 81 'alloca' 'window_V_292' <Predicate = true> <Delay = 0.00>
ST_1 : Operation 82 [1/1] (0.00ns)   --->   "%window_V_291 = alloca i32 1"   --->   Operation 82 'alloca' 'window_V_291' <Predicate = true> <Delay = 0.00>
ST_1 : Operation 83 [1/1] (0.00ns)   --->   "%window_V_452 = alloca i32 1"   --->   Operation 83 'alloca' 'window_V_452' <Predicate = true> <Delay = 0.00>
ST_1 : Operation 84 [1/1] (0.00ns)   --->   "%window_V_294 = alloca i32 1"   --->   Operation 84 'alloca' 'window_V_294' <Predicate = true> <Delay = 0.00>
ST_1 : Operation 85 [1/1] (0.00ns)   --->   "%window_V_293 = alloca i32 1"   --->   Operation 85 'alloca' 'window_V_293' <Predicate = true> <Delay = 0.00>
ST_1 : Operation 86 [1/1] (0.00ns)   --->   "%window_V_453 = alloca i32 1"   --->   Operation 86 'alloca' 'window_V_453' <Predicate = true> <Delay = 0.00>
ST_1 : Operation 87 [1/1] (0.00ns)   --->   "%window_V_454 = alloca i32 1"   --->   Operation 87 'alloca' 'window_V_454' <Predicate = true> <Delay = 0.00>
ST_1 : Operation 88 [1/1] (0.00ns)   --->   "%window_V_297 = alloca i32 1"   --->   Operation 88 'alloca' 'window_V_297' <Predicate = true> <Delay = 0.00>
ST_1 : Operation 89 [1/1] (0.00ns)   --->   "%window_V_455 = alloca i32 1"   --->   Operation 89 'alloca' 'window_V_455' <Predicate = true> <Delay = 0.00>
ST_1 : Operation 90 [1/1] (0.00ns)   --->   "%window_V_299 = alloca i32 1"   --->   Operation 90 'alloca' 'window_V_299' <Predicate = true> <Delay = 0.00>
ST_1 : Operation 91 [1/1] (0.00ns)   --->   "%window_V_298 = alloca i32 1"   --->   Operation 91 'alloca' 'window_V_298' <Predicate = true> <Delay = 0.00>
ST_1 : Operation 92 [1/1] (0.00ns)   --->   "%window_V_456 = alloca i32 1"   --->   Operation 92 'alloca' 'window_V_456' <Predicate = true> <Delay = 0.00>
ST_1 : Operation 93 [1/1] (0.00ns)   --->   "%window_V_301 = alloca i32 1"   --->   Operation 93 'alloca' 'window_V_301' <Predicate = true> <Delay = 0.00>
ST_1 : Operation 94 [1/1] (0.00ns)   --->   "%window_V_300 = alloca i32 1"   --->   Operation 94 'alloca' 'window_V_300' <Predicate = true> <Delay = 0.00>
ST_1 : Operation 95 [1/1] (0.00ns)   --->   "%window_V_457 = alloca i32 1"   --->   Operation 95 'alloca' 'window_V_457' <Predicate = true> <Delay = 0.00>
ST_1 : Operation 96 [1/1] (0.00ns)   --->   "%window_V_458 = alloca i32 1"   --->   Operation 96 'alloca' 'window_V_458' <Predicate = true> <Delay = 0.00>
ST_1 : Operation 97 [1/1] (0.00ns)   --->   "%window_V_304 = alloca i32 1"   --->   Operation 97 'alloca' 'window_V_304' <Predicate = true> <Delay = 0.00>
ST_1 : Operation 98 [1/1] (0.00ns)   --->   "%window_V_459 = alloca i32 1"   --->   Operation 98 'alloca' 'window_V_459' <Predicate = true> <Delay = 0.00>
ST_1 : Operation 99 [1/1] (0.00ns)   --->   "%window_V_306 = alloca i32 1"   --->   Operation 99 'alloca' 'window_V_306' <Predicate = true> <Delay = 0.00>
ST_1 : Operation 100 [1/1] (0.00ns)   --->   "%window_V_305 = alloca i32 1"   --->   Operation 100 'alloca' 'window_V_305' <Predicate = true> <Delay = 0.00>
ST_1 : Operation 101 [1/1] (0.00ns)   --->   "%window_V_460 = alloca i32 1"   --->   Operation 101 'alloca' 'window_V_460' <Predicate = true> <Delay = 0.00>
ST_1 : Operation 102 [1/1] (0.00ns)   --->   "%window_V_308 = alloca i32 1"   --->   Operation 102 'alloca' 'window_V_308' <Predicate = true> <Delay = 0.00>
ST_1 : Operation 103 [1/1] (0.00ns)   --->   "%window_V_307 = alloca i32 1"   --->   Operation 103 'alloca' 'window_V_307' <Predicate = true> <Delay = 0.00>
ST_1 : Operation 104 [1/1] (0.00ns)   --->   "%window_V_461 = alloca i32 1"   --->   Operation 104 'alloca' 'window_V_461' <Predicate = true> <Delay = 0.00>
ST_1 : Operation 105 [1/1] (0.00ns)   --->   "%window_V_462 = alloca i32 1"   --->   Operation 105 'alloca' 'window_V_462' <Predicate = true> <Delay = 0.00>
ST_1 : Operation 106 [1/1] (0.00ns)   --->   "%window_V_311 = alloca i32 1"   --->   Operation 106 'alloca' 'window_V_311' <Predicate = true> <Delay = 0.00>
ST_1 : Operation 107 [1/1] (0.00ns)   --->   "%window_V_463 = alloca i32 1"   --->   Operation 107 'alloca' 'window_V_463' <Predicate = true> <Delay = 0.00>
ST_1 : Operation 108 [1/1] (0.00ns)   --->   "%window_V_313 = alloca i32 1"   --->   Operation 108 'alloca' 'window_V_313' <Predicate = true> <Delay = 0.00>
ST_1 : Operation 109 [1/1] (0.00ns)   --->   "%window_V_312 = alloca i32 1"   --->   Operation 109 'alloca' 'window_V_312' <Predicate = true> <Delay = 0.00>
ST_1 : Operation 110 [1/1] (0.00ns)   --->   "%window_V_464 = alloca i32 1"   --->   Operation 110 'alloca' 'window_V_464' <Predicate = true> <Delay = 0.00>
ST_1 : Operation 111 [1/1] (0.00ns)   --->   "%window_V_315 = alloca i32 1"   --->   Operation 111 'alloca' 'window_V_315' <Predicate = true> <Delay = 0.00>
ST_1 : Operation 112 [1/1] (0.00ns)   --->   "%window_V_314 = alloca i32 1"   --->   Operation 112 'alloca' 'window_V_314' <Predicate = true> <Delay = 0.00>
ST_1 : Operation 113 [1/1] (0.00ns)   --->   "%window_V_465 = alloca i32 1"   --->   Operation 113 'alloca' 'window_V_465' <Predicate = true> <Delay = 0.00>
ST_1 : Operation 114 [1/1] (0.00ns)   --->   "%window_V_466 = alloca i32 1"   --->   Operation 114 'alloca' 'window_V_466' <Predicate = true> <Delay = 0.00>
ST_1 : Operation 115 [1/1] (0.00ns)   --->   "%window_V_318 = alloca i32 1"   --->   Operation 115 'alloca' 'window_V_318' <Predicate = true> <Delay = 0.00>
ST_1 : Operation 116 [1/1] (0.00ns)   --->   "%window_V_467 = alloca i32 1"   --->   Operation 116 'alloca' 'window_V_467' <Predicate = true> <Delay = 0.00>
ST_1 : Operation 117 [1/1] (0.00ns)   --->   "%window_V_320 = alloca i32 1"   --->   Operation 117 'alloca' 'window_V_320' <Predicate = true> <Delay = 0.00>
ST_1 : Operation 118 [1/1] (0.00ns)   --->   "%window_V_319 = alloca i32 1"   --->   Operation 118 'alloca' 'window_V_319' <Predicate = true> <Delay = 0.00>
ST_1 : Operation 119 [1/1] (0.00ns)   --->   "%window_V_468 = alloca i32 1"   --->   Operation 119 'alloca' 'window_V_468' <Predicate = true> <Delay = 0.00>
ST_1 : Operation 120 [1/1] (0.00ns)   --->   "%window_V_322 = alloca i32 1"   --->   Operation 120 'alloca' 'window_V_322' <Predicate = true> <Delay = 0.00>
ST_1 : Operation 121 [1/1] (0.00ns)   --->   "%window_V_321 = alloca i32 1"   --->   Operation 121 'alloca' 'window_V_321' <Predicate = true> <Delay = 0.00>
ST_1 : Operation 122 [1/1] (0.00ns)   --->   "%window_V_469 = alloca i32 1"   --->   Operation 122 'alloca' 'window_V_469' <Predicate = true> <Delay = 0.00>
ST_1 : Operation 123 [1/1] (0.00ns)   --->   "%window_V_470 = alloca i32 1"   --->   Operation 123 'alloca' 'window_V_470' <Predicate = true> <Delay = 0.00>
ST_1 : Operation 124 [1/1] (0.00ns)   --->   "%window_V_325 = alloca i32 1"   --->   Operation 124 'alloca' 'window_V_325' <Predicate = true> <Delay = 0.00>
ST_1 : Operation 125 [1/1] (0.00ns)   --->   "%window_V_471 = alloca i32 1"   --->   Operation 125 'alloca' 'window_V_471' <Predicate = true> <Delay = 0.00>
ST_1 : Operation 126 [1/1] (0.00ns)   --->   "%window_V_327 = alloca i32 1"   --->   Operation 126 'alloca' 'window_V_327' <Predicate = true> <Delay = 0.00>
ST_1 : Operation 127 [1/1] (0.00ns)   --->   "%window_V_326 = alloca i32 1"   --->   Operation 127 'alloca' 'window_V_326' <Predicate = true> <Delay = 0.00>
ST_1 : Operation 128 [1/1] (0.00ns)   --->   "%window_V_472 = alloca i32 1"   --->   Operation 128 'alloca' 'window_V_472' <Predicate = true> <Delay = 0.00>
ST_1 : Operation 129 [1/1] (0.00ns)   --->   "%window_V_329 = alloca i32 1"   --->   Operation 129 'alloca' 'window_V_329' <Predicate = true> <Delay = 0.00>
ST_1 : Operation 130 [1/1] (0.00ns)   --->   "%window_V_328 = alloca i32 1"   --->   Operation 130 'alloca' 'window_V_328' <Predicate = true> <Delay = 0.00>
ST_1 : Operation 131 [1/1] (0.00ns)   --->   "%window_V_473 = alloca i32 1"   --->   Operation 131 'alloca' 'window_V_473' <Predicate = true> <Delay = 0.00>
ST_1 : Operation 132 [1/1] (0.00ns)   --->   "%window_V_474 = alloca i32 1"   --->   Operation 132 'alloca' 'window_V_474' <Predicate = true> <Delay = 0.00>
ST_1 : Operation 133 [1/1] (0.00ns)   --->   "%window_V_332 = alloca i32 1"   --->   Operation 133 'alloca' 'window_V_332' <Predicate = true> <Delay = 0.00>
ST_1 : Operation 134 [1/1] (0.00ns)   --->   "%window_V_475 = alloca i32 1"   --->   Operation 134 'alloca' 'window_V_475' <Predicate = true> <Delay = 0.00>
ST_1 : Operation 135 [1/1] (0.00ns)   --->   "%window_V_334 = alloca i32 1"   --->   Operation 135 'alloca' 'window_V_334' <Predicate = true> <Delay = 0.00>
ST_1 : Operation 136 [1/1] (0.00ns)   --->   "%window_V_333 = alloca i32 1"   --->   Operation 136 'alloca' 'window_V_333' <Predicate = true> <Delay = 0.00>
ST_1 : Operation 137 [1/1] (0.00ns)   --->   "%window_V_476 = alloca i32 1"   --->   Operation 137 'alloca' 'window_V_476' <Predicate = true> <Delay = 0.00>
ST_1 : Operation 138 [1/1] (0.00ns)   --->   "%window_V_336 = alloca i32 1"   --->   Operation 138 'alloca' 'window_V_336' <Predicate = true> <Delay = 0.00>
ST_1 : Operation 139 [1/1] (0.00ns)   --->   "%window_V_335 = alloca i32 1"   --->   Operation 139 'alloca' 'window_V_335' <Predicate = true> <Delay = 0.00>
ST_1 : Operation 140 [1/1] (0.00ns)   --->   "%window_V_477 = alloca i32 1"   --->   Operation 140 'alloca' 'window_V_477' <Predicate = true> <Delay = 0.00>
ST_1 : Operation 141 [1/1] (0.00ns)   --->   "%window_V_478 = alloca i32 1"   --->   Operation 141 'alloca' 'window_V_478' <Predicate = true> <Delay = 0.00>
ST_1 : Operation 142 [1/1] (0.00ns)   --->   "%window_V_226 = alloca i32 1"   --->   Operation 142 'alloca' 'window_V_226' <Predicate = true> <Delay = 0.00>
ST_1 : Operation 143 [1/1] (0.00ns)   --->   "%window_V_479 = alloca i32 1"   --->   Operation 143 'alloca' 'window_V_479' <Predicate = true> <Delay = 0.00>
ST_1 : Operation 144 [1/1] (0.00ns)   --->   "%window_V_228 = alloca i32 1"   --->   Operation 144 'alloca' 'window_V_228' <Predicate = true> <Delay = 0.00>
ST_1 : Operation 145 [1/1] (0.00ns)   --->   "%window_V_227 = alloca i32 1"   --->   Operation 145 'alloca' 'window_V_227' <Predicate = true> <Delay = 0.00>
ST_1 : Operation 146 [1/1] (0.00ns)   --->   "%window_V_480 = alloca i32 1"   --->   Operation 146 'alloca' 'window_V_480' <Predicate = true> <Delay = 0.00>
ST_1 : Operation 147 [1/1] (0.00ns)   --->   "%window_V_230 = alloca i32 1"   --->   Operation 147 'alloca' 'window_V_230' <Predicate = true> <Delay = 0.00>
ST_1 : Operation 148 [1/1] (0.00ns)   --->   "%window_V_229 = alloca i32 1"   --->   Operation 148 'alloca' 'window_V_229' <Predicate = true> <Delay = 0.00>
ST_1 : Operation 149 [1/1] (0.00ns)   --->   "%window_V_481 = alloca i32 1"   --->   Operation 149 'alloca' 'window_V_481' <Predicate = true> <Delay = 0.00>
ST_1 : Operation 150 [1/1] (0.00ns)   --->   "%zext_ln37_read = read i5 @_ssdm_op_Read.ap_auto.i5, i5 %zext_ln37"   --->   Operation 150 'read' 'zext_ln37_read' <Predicate = true> <Delay = 0.00>
ST_1 : Operation 151 [1/1] (0.00ns)   --->   "%window_V_1_i_read = read i8 @_ssdm_op_Read.ap_auto.i8, i8 %window_V_1_i"   --->   Operation 151 'read' 'window_V_1_i_read' <Predicate = true> <Delay = 0.00>
ST_1 : Operation 152 [1/1] (0.00ns)   --->   "%window_V_514_1_i_read = read i8 @_ssdm_op_Read.ap_auto.i8, i8 %window_V_514_1_i"   --->   Operation 152 'read' 'window_V_514_1_i_read' <Predicate = true> <Delay = 0.00>
ST_1 : Operation 153 [1/1] (0.00ns)   --->   "%window_V_515_1_i_read = read i8 @_ssdm_op_Read.ap_auto.i8, i8 %window_V_515_1_i"   --->   Operation 153 'read' 'window_V_515_1_i_read' <Predicate = true> <Delay = 0.00>
ST_1 : Operation 154 [1/1] (0.00ns)   --->   "%window_V_516_1_i_read = read i8 @_ssdm_op_Read.ap_auto.i8, i8 %window_V_516_1_i"   --->   Operation 154 'read' 'window_V_516_1_i_read' <Predicate = true> <Delay = 0.00>
ST_1 : Operation 155 [1/1] (0.00ns)   --->   "%window_V_517_1_i_read = read i8 @_ssdm_op_Read.ap_auto.i8, i8 %window_V_517_1_i"   --->   Operation 155 'read' 'window_V_517_1_i_read' <Predicate = true> <Delay = 0.00>
ST_1 : Operation 156 [1/1] (0.00ns)   --->   "%window_V_518_1_i_read = read i8 @_ssdm_op_Read.ap_auto.i8, i8 %window_V_518_1_i"   --->   Operation 156 'read' 'window_V_518_1_i_read' <Predicate = true> <Delay = 0.00>
ST_1 : Operation 157 [1/1] (0.00ns)   --->   "%window_V_519_1_i_read = read i8 @_ssdm_op_Read.ap_auto.i8, i8 %window_V_519_1_i"   --->   Operation 157 'read' 'window_V_519_1_i_read' <Predicate = true> <Delay = 0.00>
ST_1 : Operation 158 [1/1] (0.00ns)   --->   "%window_V_520_1_i_read = read i8 @_ssdm_op_Read.ap_auto.i8, i8 %window_V_520_1_i"   --->   Operation 158 'read' 'window_V_520_1_i_read' <Predicate = true> <Delay = 0.00>
ST_1 : Operation 159 [1/1] (0.00ns)   --->   "%window_V_521_1_i_read = read i8 @_ssdm_op_Read.ap_auto.i8, i8 %window_V_521_1_i"   --->   Operation 159 'read' 'window_V_521_1_i_read' <Predicate = true> <Delay = 0.00>
ST_1 : Operation 160 [1/1] (0.00ns)   --->   "%window_V_522_1_i_read = read i8 @_ssdm_op_Read.ap_auto.i8, i8 %window_V_522_1_i"   --->   Operation 160 'read' 'window_V_522_1_i_read' <Predicate = true> <Delay = 0.00>
ST_1 : Operation 161 [1/1] (0.00ns)   --->   "%window_V_523_1_i_read = read i8 @_ssdm_op_Read.ap_auto.i8, i8 %window_V_523_1_i"   --->   Operation 161 'read' 'window_V_523_1_i_read' <Predicate = true> <Delay = 0.00>
ST_1 : Operation 162 [1/1] (0.00ns)   --->   "%window_V_524_1_i_read = read i8 @_ssdm_op_Read.ap_auto.i8, i8 %window_V_524_1_i"   --->   Operation 162 'read' 'window_V_524_1_i_read' <Predicate = true> <Delay = 0.00>
ST_1 : Operation 163 [1/1] (0.00ns)   --->   "%window_V_525_1_i_read = read i8 @_ssdm_op_Read.ap_auto.i8, i8 %window_V_525_1_i"   --->   Operation 163 'read' 'window_V_525_1_i_read' <Predicate = true> <Delay = 0.00>
ST_1 : Operation 164 [1/1] (0.00ns)   --->   "%window_V_526_1_i_read = read i8 @_ssdm_op_Read.ap_auto.i8, i8 %window_V_526_1_i"   --->   Operation 164 'read' 'window_V_526_1_i_read' <Predicate = true> <Delay = 0.00>
ST_1 : Operation 165 [1/1] (0.00ns)   --->   "%window_V_527_1_i_read = read i8 @_ssdm_op_Read.ap_auto.i8, i8 %window_V_527_1_i"   --->   Operation 165 'read' 'window_V_527_1_i_read' <Predicate = true> <Delay = 0.00>
ST_1 : Operation 166 [1/1] (0.00ns)   --->   "%window_V_528_1_i_read = read i8 @_ssdm_op_Read.ap_auto.i8, i8 %window_V_528_1_i"   --->   Operation 166 'read' 'window_V_528_1_i_read' <Predicate = true> <Delay = 0.00>
ST_1 : Operation 167 [1/1] (0.00ns)   --->   "%window_V_529_1_i_read = read i8 @_ssdm_op_Read.ap_auto.i8, i8 %window_V_529_1_i"   --->   Operation 167 'read' 'window_V_529_1_i_read' <Predicate = true> <Delay = 0.00>
ST_1 : Operation 168 [1/1] (0.00ns)   --->   "%window_V_530_1_i_read = read i8 @_ssdm_op_Read.ap_auto.i8, i8 %window_V_530_1_i"   --->   Operation 168 'read' 'window_V_530_1_i_read' <Predicate = true> <Delay = 0.00>
ST_1 : Operation 169 [1/1] (0.00ns)   --->   "%window_V_531_1_i_read = read i8 @_ssdm_op_Read.ap_auto.i8, i8 %window_V_531_1_i"   --->   Operation 169 'read' 'window_V_531_1_i_read' <Predicate = true> <Delay = 0.00>
ST_1 : Operation 170 [1/1] (0.00ns)   --->   "%window_V_532_1_i_read = read i8 @_ssdm_op_Read.ap_auto.i8, i8 %window_V_532_1_i"   --->   Operation 170 'read' 'window_V_532_1_i_read' <Predicate = true> <Delay = 0.00>
ST_1 : Operation 171 [1/1] (0.00ns)   --->   "%window_V_533_1_i_read = read i8 @_ssdm_op_Read.ap_auto.i8, i8 %window_V_533_1_i"   --->   Operation 171 'read' 'window_V_533_1_i_read' <Predicate = true> <Delay = 0.00>
ST_1 : Operation 172 [1/1] (0.00ns)   --->   "%window_V_534_1_i_read = read i8 @_ssdm_op_Read.ap_auto.i8, i8 %window_V_534_1_i"   --->   Operation 172 'read' 'window_V_534_1_i_read' <Predicate = true> <Delay = 0.00>
ST_1 : Operation 173 [1/1] (0.00ns)   --->   "%window_V_535_1_i_read = read i8 @_ssdm_op_Read.ap_auto.i8, i8 %window_V_535_1_i"   --->   Operation 173 'read' 'window_V_535_1_i_read' <Predicate = true> <Delay = 0.00>
ST_1 : Operation 174 [1/1] (0.00ns)   --->   "%window_V_536_1_i_read = read i8 @_ssdm_op_Read.ap_auto.i8, i8 %window_V_536_1_i"   --->   Operation 174 'read' 'window_V_536_1_i_read' <Predicate = true> <Delay = 0.00>
ST_1 : Operation 175 [1/1] (0.00ns)   --->   "%window_V_537_1_i_read = read i8 @_ssdm_op_Read.ap_auto.i8, i8 %window_V_537_1_i"   --->   Operation 175 'read' 'window_V_537_1_i_read' <Predicate = true> <Delay = 0.00>
ST_1 : Operation 176 [1/1] (0.00ns)   --->   "%window_V_538_1_i_read = read i8 @_ssdm_op_Read.ap_auto.i8, i8 %window_V_538_1_i"   --->   Operation 176 'read' 'window_V_538_1_i_read' <Predicate = true> <Delay = 0.00>
ST_1 : Operation 177 [1/1] (0.00ns)   --->   "%window_V_539_1_i_read = read i8 @_ssdm_op_Read.ap_auto.i8, i8 %window_V_539_1_i"   --->   Operation 177 'read' 'window_V_539_1_i_read' <Predicate = true> <Delay = 0.00>
ST_1 : Operation 178 [1/1] (0.00ns)   --->   "%window_V_540_1_i_read = read i8 @_ssdm_op_Read.ap_auto.i8, i8 %window_V_540_1_i"   --->   Operation 178 'read' 'window_V_540_1_i_read' <Predicate = true> <Delay = 0.00>
ST_1 : Operation 179 [1/1] (0.00ns)   --->   "%window_V_541_1_i_read = read i8 @_ssdm_op_Read.ap_auto.i8, i8 %window_V_541_1_i"   --->   Operation 179 'read' 'window_V_541_1_i_read' <Predicate = true> <Delay = 0.00>
ST_1 : Operation 180 [1/1] (0.00ns)   --->   "%window_V_542_1_i_read = read i8 @_ssdm_op_Read.ap_auto.i8, i8 %window_V_542_1_i"   --->   Operation 180 'read' 'window_V_542_1_i_read' <Predicate = true> <Delay = 0.00>
ST_1 : Operation 181 [1/1] (0.00ns)   --->   "%window_V_543_1_i_read = read i8 @_ssdm_op_Read.ap_auto.i8, i8 %window_V_543_1_i"   --->   Operation 181 'read' 'window_V_543_1_i_read' <Predicate = true> <Delay = 0.00>
ST_1 : Operation 182 [1/1] (0.00ns)   --->   "%window_V_544_1_i_read = read i8 @_ssdm_op_Read.ap_auto.i8, i8 %window_V_544_1_i"   --->   Operation 182 'read' 'window_V_544_1_i_read' <Predicate = true> <Delay = 0.00>
ST_1 : Operation 183 [1/1] (0.00ns)   --->   "%window_V_545_1_i_read = read i8 @_ssdm_op_Read.ap_auto.i8, i8 %window_V_545_1_i"   --->   Operation 183 'read' 'window_V_545_1_i_read' <Predicate = true> <Delay = 0.00>
ST_1 : Operation 184 [1/1] (0.00ns)   --->   "%window_V_546_1_i_read = read i8 @_ssdm_op_Read.ap_auto.i8, i8 %window_V_546_1_i"   --->   Operation 184 'read' 'window_V_546_1_i_read' <Predicate = true> <Delay = 0.00>
ST_1 : Operation 185 [1/1] (0.00ns)   --->   "%window_V_547_1_i_read = read i8 @_ssdm_op_Read.ap_auto.i8, i8 %window_V_547_1_i"   --->   Operation 185 'read' 'window_V_547_1_i_read' <Predicate = true> <Delay = 0.00>
ST_1 : Operation 186 [1/1] (0.00ns)   --->   "%window_V_548_1_i_read = read i8 @_ssdm_op_Read.ap_auto.i8, i8 %window_V_548_1_i"   --->   Operation 186 'read' 'window_V_548_1_i_read' <Predicate = true> <Delay = 0.00>
ST_1 : Operation 187 [1/1] (0.00ns)   --->   "%window_V_549_1_i_read = read i8 @_ssdm_op_Read.ap_auto.i8, i8 %window_V_549_1_i"   --->   Operation 187 'read' 'window_V_549_1_i_read' <Predicate = true> <Delay = 0.00>
ST_1 : Operation 188 [1/1] (0.00ns)   --->   "%window_V_550_1_i_read = read i8 @_ssdm_op_Read.ap_auto.i8, i8 %window_V_550_1_i"   --->   Operation 188 'read' 'window_V_550_1_i_read' <Predicate = true> <Delay = 0.00>
ST_1 : Operation 189 [1/1] (0.00ns)   --->   "%window_V_551_1_i_read = read i8 @_ssdm_op_Read.ap_auto.i8, i8 %window_V_551_1_i"   --->   Operation 189 'read' 'window_V_551_1_i_read' <Predicate = true> <Delay = 0.00>
ST_1 : Operation 190 [1/1] (0.00ns)   --->   "%window_V_552_1_i_read = read i8 @_ssdm_op_Read.ap_auto.i8, i8 %window_V_552_1_i"   --->   Operation 190 'read' 'window_V_552_1_i_read' <Predicate = true> <Delay = 0.00>
ST_1 : Operation 191 [1/1] (0.00ns)   --->   "%window_V_553_1_i_read = read i8 @_ssdm_op_Read.ap_auto.i8, i8 %window_V_553_1_i"   --->   Operation 191 'read' 'window_V_553_1_i_read' <Predicate = true> <Delay = 0.00>
ST_1 : Operation 192 [1/1] (0.00ns)   --->   "%window_V_554_1_i_read = read i8 @_ssdm_op_Read.ap_auto.i8, i8 %window_V_554_1_i"   --->   Operation 192 'read' 'window_V_554_1_i_read' <Predicate = true> <Delay = 0.00>
ST_1 : Operation 193 [1/1] (0.00ns)   --->   "%window_V_555_1_i_read = read i8 @_ssdm_op_Read.ap_auto.i8, i8 %window_V_555_1_i"   --->   Operation 193 'read' 'window_V_555_1_i_read' <Predicate = true> <Delay = 0.00>
ST_1 : Operation 194 [1/1] (0.00ns)   --->   "%window_V_556_1_i_read = read i8 @_ssdm_op_Read.ap_auto.i8, i8 %window_V_556_1_i"   --->   Operation 194 'read' 'window_V_556_1_i_read' <Predicate = true> <Delay = 0.00>
ST_1 : Operation 195 [1/1] (0.00ns)   --->   "%window_V_557_1_i_read = read i8 @_ssdm_op_Read.ap_auto.i8, i8 %window_V_557_1_i"   --->   Operation 195 'read' 'window_V_557_1_i_read' <Predicate = true> <Delay = 0.00>
ST_1 : Operation 196 [1/1] (0.00ns)   --->   "%window_V_558_1_i_read = read i8 @_ssdm_op_Read.ap_auto.i8, i8 %window_V_558_1_i"   --->   Operation 196 'read' 'window_V_558_1_i_read' <Predicate = true> <Delay = 0.00>
ST_1 : Operation 197 [1/1] (0.00ns)   --->   "%window_V_559_1_i_read = read i8 @_ssdm_op_Read.ap_auto.i8, i8 %window_V_559_1_i"   --->   Operation 197 'read' 'window_V_559_1_i_read' <Predicate = true> <Delay = 0.00>
ST_1 : Operation 198 [1/1] (0.00ns)   --->   "%window_V_560_1_i_read = read i8 @_ssdm_op_Read.ap_auto.i8, i8 %window_V_560_1_i"   --->   Operation 198 'read' 'window_V_560_1_i_read' <Predicate = true> <Delay = 0.00>
ST_1 : Operation 199 [1/1] (0.00ns)   --->   "%window_V_561_1_i_read = read i8 @_ssdm_op_Read.ap_auto.i8, i8 %window_V_561_1_i"   --->   Operation 199 'read' 'window_V_561_1_i_read' <Predicate = true> <Delay = 0.00>
ST_1 : Operation 200 [1/1] (0.00ns)   --->   "%window_V_562_1_i_read = read i8 @_ssdm_op_Read.ap_auto.i8, i8 %window_V_562_1_i"   --->   Operation 200 'read' 'window_V_562_1_i_read' <Predicate = true> <Delay = 0.00>
ST_1 : Operation 201 [1/1] (0.00ns)   --->   "%window_V_563_1_i_read = read i8 @_ssdm_op_Read.ap_auto.i8, i8 %window_V_563_1_i"   --->   Operation 201 'read' 'window_V_563_1_i_read' <Predicate = true> <Delay = 0.00>
ST_1 : Operation 202 [1/1] (0.00ns)   --->   "%window_V_564_1_i_read = read i8 @_ssdm_op_Read.ap_auto.i8, i8 %window_V_564_1_i"   --->   Operation 202 'read' 'window_V_564_1_i_read' <Predicate = true> <Delay = 0.00>
ST_1 : Operation 203 [1/1] (0.00ns)   --->   "%window_V_565_1_i_read = read i8 @_ssdm_op_Read.ap_auto.i8, i8 %window_V_565_1_i"   --->   Operation 203 'read' 'window_V_565_1_i_read' <Predicate = true> <Delay = 0.00>
ST_1 : Operation 204 [1/1] (0.00ns)   --->   "%window_V_566_1_i_read = read i8 @_ssdm_op_Read.ap_auto.i8, i8 %window_V_566_1_i"   --->   Operation 204 'read' 'window_V_566_1_i_read' <Predicate = true> <Delay = 0.00>
ST_1 : Operation 205 [1/1] (0.00ns)   --->   "%window_V_567_1_i_read = read i8 @_ssdm_op_Read.ap_auto.i8, i8 %window_V_567_1_i"   --->   Operation 205 'read' 'window_V_567_1_i_read' <Predicate = true> <Delay = 0.00>
ST_1 : Operation 206 [1/1] (0.00ns)   --->   "%window_V_568_1_i_read = read i8 @_ssdm_op_Read.ap_auto.i8, i8 %window_V_568_1_i"   --->   Operation 206 'read' 'window_V_568_1_i_read' <Predicate = true> <Delay = 0.00>
ST_1 : Operation 207 [1/1] (0.00ns)   --->   "%window_V_569_1_i_read = read i8 @_ssdm_op_Read.ap_auto.i8, i8 %window_V_569_1_i"   --->   Operation 207 'read' 'window_V_569_1_i_read' <Predicate = true> <Delay = 0.00>
ST_1 : Operation 208 [1/1] (0.00ns)   --->   "%window_V_570_1_i_read = read i8 @_ssdm_op_Read.ap_auto.i8, i8 %window_V_570_1_i"   --->   Operation 208 'read' 'window_V_570_1_i_read' <Predicate = true> <Delay = 0.00>
ST_1 : Operation 209 [1/1] (0.00ns)   --->   "%window_V_571_1_i_read = read i8 @_ssdm_op_Read.ap_auto.i8, i8 %window_V_571_1_i"   --->   Operation 209 'read' 'window_V_571_1_i_read' <Predicate = true> <Delay = 0.00>
ST_1 : Operation 210 [1/1] (0.00ns)   --->   "%window_V_572_1_i_read = read i8 @_ssdm_op_Read.ap_auto.i8, i8 %window_V_572_1_i"   --->   Operation 210 'read' 'window_V_572_1_i_read' <Predicate = true> <Delay = 0.00>
ST_1 : Operation 211 [1/1] (0.00ns)   --->   "%window_V_573_1_i_read = read i8 @_ssdm_op_Read.ap_auto.i8, i8 %window_V_573_1_i"   --->   Operation 211 'read' 'window_V_573_1_i_read' <Predicate = true> <Delay = 0.00>
ST_1 : Operation 212 [1/1] (0.00ns)   --->   "%window_V_574_1_i_read = read i8 @_ssdm_op_Read.ap_auto.i8, i8 %window_V_574_1_i"   --->   Operation 212 'read' 'window_V_574_1_i_read' <Predicate = true> <Delay = 0.00>
ST_1 : Operation 213 [1/1] (0.00ns)   --->   "%window_V_575_1_i_read = read i8 @_ssdm_op_Read.ap_auto.i8, i8 %window_V_575_1_i"   --->   Operation 213 'read' 'window_V_575_1_i_read' <Predicate = true> <Delay = 0.00>
ST_1 : Operation 214 [1/1] (0.00ns)   --->   "%window_V_576_1_i_read = read i8 @_ssdm_op_Read.ap_auto.i8, i8 %window_V_576_1_i"   --->   Operation 214 'read' 'window_V_576_1_i_read' <Predicate = true> <Delay = 0.00>
ST_1 : Operation 215 [1/1] (0.00ns)   --->   "%window_V_577_1_i_read = read i8 @_ssdm_op_Read.ap_auto.i8, i8 %window_V_577_1_i"   --->   Operation 215 'read' 'window_V_577_1_i_read' <Predicate = true> <Delay = 0.00>
ST_1 : Operation 216 [1/1] (0.00ns)   --->   "%window_V_578_1_i_read = read i8 @_ssdm_op_Read.ap_auto.i8, i8 %window_V_578_1_i"   --->   Operation 216 'read' 'window_V_578_1_i_read' <Predicate = true> <Delay = 0.00>
ST_1 : Operation 217 [1/1] (0.00ns)   --->   "%window_V_579_1_i_read = read i8 @_ssdm_op_Read.ap_auto.i8, i8 %window_V_579_1_i"   --->   Operation 217 'read' 'window_V_579_1_i_read' <Predicate = true> <Delay = 0.00>
ST_1 : Operation 218 [1/1] (0.00ns)   --->   "%window_V_580_1_i_read = read i8 @_ssdm_op_Read.ap_auto.i8, i8 %window_V_580_1_i"   --->   Operation 218 'read' 'window_V_580_1_i_read' <Predicate = true> <Delay = 0.00>
ST_1 : Operation 219 [1/1] (0.00ns)   --->   "%window_V_581_1_i_read = read i8 @_ssdm_op_Read.ap_auto.i8, i8 %window_V_581_1_i"   --->   Operation 219 'read' 'window_V_581_1_i_read' <Predicate = true> <Delay = 0.00>
ST_1 : Operation 220 [1/1] (0.00ns)   --->   "%window_V_582_1_i_read = read i8 @_ssdm_op_Read.ap_auto.i8, i8 %window_V_582_1_i"   --->   Operation 220 'read' 'window_V_582_1_i_read' <Predicate = true> <Delay = 0.00>
ST_1 : Operation 221 [1/1] (0.00ns)   --->   "%window_V_583_1_i_read = read i8 @_ssdm_op_Read.ap_auto.i8, i8 %window_V_583_1_i"   --->   Operation 221 'read' 'window_V_583_1_i_read' <Predicate = true> <Delay = 0.00>
ST_1 : Operation 222 [1/1] (0.00ns)   --->   "%window_V_584_1_i_read = read i8 @_ssdm_op_Read.ap_auto.i8, i8 %window_V_584_1_i"   --->   Operation 222 'read' 'window_V_584_1_i_read' <Predicate = true> <Delay = 0.00>
ST_1 : Operation 223 [1/1] (0.00ns)   --->   "%window_V_585_1_i_read = read i8 @_ssdm_op_Read.ap_auto.i8, i8 %window_V_585_1_i"   --->   Operation 223 'read' 'window_V_585_1_i_read' <Predicate = true> <Delay = 0.00>
ST_1 : Operation 224 [1/1] (0.00ns)   --->   "%window_V_586_1_i_read = read i8 @_ssdm_op_Read.ap_auto.i8, i8 %window_V_586_1_i"   --->   Operation 224 'read' 'window_V_586_1_i_read' <Predicate = true> <Delay = 0.00>
ST_1 : Operation 225 [1/1] (0.00ns)   --->   "%window_V_587_1_i_read = read i8 @_ssdm_op_Read.ap_auto.i8, i8 %window_V_587_1_i"   --->   Operation 225 'read' 'window_V_587_1_i_read' <Predicate = true> <Delay = 0.00>
ST_1 : Operation 226 [1/1] (0.00ns)   --->   "%window_V_588_1_i_read = read i8 @_ssdm_op_Read.ap_auto.i8, i8 %window_V_588_1_i"   --->   Operation 226 'read' 'window_V_588_1_i_read' <Predicate = true> <Delay = 0.00>
ST_1 : Operation 227 [1/1] (0.00ns)   --->   "%window_V_589_1_i_read = read i8 @_ssdm_op_Read.ap_auto.i8, i8 %window_V_589_1_i"   --->   Operation 227 'read' 'window_V_589_1_i_read' <Predicate = true> <Delay = 0.00>
ST_1 : Operation 228 [1/1] (0.00ns)   --->   "%window_V_590_1_i_read = read i8 @_ssdm_op_Read.ap_auto.i8, i8 %window_V_590_1_i"   --->   Operation 228 'read' 'window_V_590_1_i_read' <Predicate = true> <Delay = 0.00>
ST_1 : Operation 229 [1/1] (0.00ns)   --->   "%window_V_591_1_i_read = read i8 @_ssdm_op_Read.ap_auto.i8, i8 %window_V_591_1_i"   --->   Operation 229 'read' 'window_V_591_1_i_read' <Predicate = true> <Delay = 0.00>
ST_1 : Operation 230 [1/1] (0.00ns)   --->   "%window_V_592_1_i_read = read i8 @_ssdm_op_Read.ap_auto.i8, i8 %window_V_592_1_i"   --->   Operation 230 'read' 'window_V_592_1_i_read' <Predicate = true> <Delay = 0.00>
ST_1 : Operation 231 [1/1] (0.00ns)   --->   "%window_V_593_1_i_read = read i8 @_ssdm_op_Read.ap_auto.i8, i8 %window_V_593_1_i"   --->   Operation 231 'read' 'window_V_593_1_i_read' <Predicate = true> <Delay = 0.00>
ST_1 : Operation 232 [1/1] (0.00ns)   --->   "%window_V_594_1_i_read = read i8 @_ssdm_op_Read.ap_auto.i8, i8 %window_V_594_1_i"   --->   Operation 232 'read' 'window_V_594_1_i_read' <Predicate = true> <Delay = 0.00>
ST_1 : Operation 233 [1/1] (0.00ns)   --->   "%window_V_595_1_i_read = read i8 @_ssdm_op_Read.ap_auto.i8, i8 %window_V_595_1_i"   --->   Operation 233 'read' 'window_V_595_1_i_read' <Predicate = true> <Delay = 0.00>
ST_1 : Operation 234 [1/1] (0.00ns)   --->   "%window_V_596_1_i_read = read i8 @_ssdm_op_Read.ap_auto.i8, i8 %window_V_596_1_i"   --->   Operation 234 'read' 'window_V_596_1_i_read' <Predicate = true> <Delay = 0.00>
ST_1 : Operation 235 [1/1] (0.00ns)   --->   "%window_V_597_1_i_read = read i8 @_ssdm_op_Read.ap_auto.i8, i8 %window_V_597_1_i"   --->   Operation 235 'read' 'window_V_597_1_i_read' <Predicate = true> <Delay = 0.00>
ST_1 : Operation 236 [1/1] (0.00ns)   --->   "%window_V_598_1_i_read = read i8 @_ssdm_op_Read.ap_auto.i8, i8 %window_V_598_1_i"   --->   Operation 236 'read' 'window_V_598_1_i_read' <Predicate = true> <Delay = 0.00>
ST_1 : Operation 237 [1/1] (0.00ns)   --->   "%window_V_599_1_i_read = read i8 @_ssdm_op_Read.ap_auto.i8, i8 %window_V_599_1_i"   --->   Operation 237 'read' 'window_V_599_1_i_read' <Predicate = true> <Delay = 0.00>
ST_1 : Operation 238 [1/1] (0.00ns)   --->   "%window_V_600_1_i_read = read i8 @_ssdm_op_Read.ap_auto.i8, i8 %window_V_600_1_i"   --->   Operation 238 'read' 'window_V_600_1_i_read' <Predicate = true> <Delay = 0.00>
ST_1 : Operation 239 [1/1] (0.00ns)   --->   "%window_V_601_1_i_read = read i8 @_ssdm_op_Read.ap_auto.i8, i8 %window_V_601_1_i"   --->   Operation 239 'read' 'window_V_601_1_i_read' <Predicate = true> <Delay = 0.00>
ST_1 : Operation 240 [1/1] (0.00ns)   --->   "%window_V_602_1_i_read = read i8 @_ssdm_op_Read.ap_auto.i8, i8 %window_V_602_1_i"   --->   Operation 240 'read' 'window_V_602_1_i_read' <Predicate = true> <Delay = 0.00>
ST_1 : Operation 241 [1/1] (0.00ns)   --->   "%window_V_603_1_i_read = read i8 @_ssdm_op_Read.ap_auto.i8, i8 %window_V_603_1_i"   --->   Operation 241 'read' 'window_V_603_1_i_read' <Predicate = true> <Delay = 0.00>
ST_1 : Operation 242 [1/1] (0.00ns)   --->   "%window_V_604_1_i_read = read i8 @_ssdm_op_Read.ap_auto.i8, i8 %window_V_604_1_i"   --->   Operation 242 'read' 'window_V_604_1_i_read' <Predicate = true> <Delay = 0.00>
ST_1 : Operation 243 [1/1] (0.00ns)   --->   "%window_V_605_1_i_read = read i8 @_ssdm_op_Read.ap_auto.i8, i8 %window_V_605_1_i"   --->   Operation 243 'read' 'window_V_605_1_i_read' <Predicate = true> <Delay = 0.00>
ST_1 : Operation 244 [1/1] (0.00ns)   --->   "%window_V_606_1_i_read = read i8 @_ssdm_op_Read.ap_auto.i8, i8 %window_V_606_1_i"   --->   Operation 244 'read' 'window_V_606_1_i_read' <Predicate = true> <Delay = 0.00>
ST_1 : Operation 245 [1/1] (0.00ns)   --->   "%window_V_607_1_i_read = read i8 @_ssdm_op_Read.ap_auto.i8, i8 %window_V_607_1_i"   --->   Operation 245 'read' 'window_V_607_1_i_read' <Predicate = true> <Delay = 0.00>
ST_1 : Operation 246 [1/1] (0.00ns)   --->   "%window_V_608_1_i_read = read i8 @_ssdm_op_Read.ap_auto.i8, i8 %window_V_608_1_i"   --->   Operation 246 'read' 'window_V_608_1_i_read' <Predicate = true> <Delay = 0.00>
ST_1 : Operation 247 [1/1] (0.00ns)   --->   "%window_V_609_1_i_read = read i8 @_ssdm_op_Read.ap_auto.i8, i8 %window_V_609_1_i"   --->   Operation 247 'read' 'window_V_609_1_i_read' <Predicate = true> <Delay = 0.00>
ST_1 : Operation 248 [1/1] (0.00ns)   --->   "%window_V_610_1_i_read = read i8 @_ssdm_op_Read.ap_auto.i8, i8 %window_V_610_1_i"   --->   Operation 248 'read' 'window_V_610_1_i_read' <Predicate = true> <Delay = 0.00>
ST_1 : Operation 249 [1/1] (0.00ns)   --->   "%window_V_611_1_i_read = read i8 @_ssdm_op_Read.ap_auto.i8, i8 %window_V_611_1_i"   --->   Operation 249 'read' 'window_V_611_1_i_read' <Predicate = true> <Delay = 0.00>
ST_1 : Operation 250 [1/1] (0.00ns)   --->   "%window_V_612_1_i_read = read i8 @_ssdm_op_Read.ap_auto.i8, i8 %window_V_612_1_i"   --->   Operation 250 'read' 'window_V_612_1_i_read' <Predicate = true> <Delay = 0.00>
ST_1 : Operation 251 [1/1] (0.00ns)   --->   "%window_V_613_1_i_read = read i8 @_ssdm_op_Read.ap_auto.i8, i8 %window_V_613_1_i"   --->   Operation 251 'read' 'window_V_613_1_i_read' <Predicate = true> <Delay = 0.00>
ST_1 : Operation 252 [1/1] (0.00ns)   --->   "%window_V_614_1_i_read = read i8 @_ssdm_op_Read.ap_auto.i8, i8 %window_V_614_1_i"   --->   Operation 252 'read' 'window_V_614_1_i_read' <Predicate = true> <Delay = 0.00>
ST_1 : Operation 253 [1/1] (0.00ns)   --->   "%window_V_615_1_i_read = read i8 @_ssdm_op_Read.ap_auto.i8, i8 %window_V_615_1_i"   --->   Operation 253 'read' 'window_V_615_1_i_read' <Predicate = true> <Delay = 0.00>
ST_1 : Operation 254 [1/1] (0.00ns)   --->   "%window_V_616_1_i_read = read i8 @_ssdm_op_Read.ap_auto.i8, i8 %window_V_616_1_i"   --->   Operation 254 'read' 'window_V_616_1_i_read' <Predicate = true> <Delay = 0.00>
ST_1 : Operation 255 [1/1] (0.00ns)   --->   "%window_V_617_1_i_read = read i8 @_ssdm_op_Read.ap_auto.i8, i8 %window_V_617_1_i"   --->   Operation 255 'read' 'window_V_617_1_i_read' <Predicate = true> <Delay = 0.00>
ST_1 : Operation 256 [1/1] (0.00ns)   --->   "%window_V_618_1_i_read = read i8 @_ssdm_op_Read.ap_auto.i8, i8 %window_V_618_1_i"   --->   Operation 256 'read' 'window_V_618_1_i_read' <Predicate = true> <Delay = 0.00>
ST_1 : Operation 257 [1/1] (0.00ns)   --->   "%window_V_619_1_i_read = read i8 @_ssdm_op_Read.ap_auto.i8, i8 %window_V_619_1_i"   --->   Operation 257 'read' 'window_V_619_1_i_read' <Predicate = true> <Delay = 0.00>
ST_1 : Operation 258 [1/1] (0.00ns)   --->   "%window_V_620_1_i_read = read i8 @_ssdm_op_Read.ap_auto.i8, i8 %window_V_620_1_i"   --->   Operation 258 'read' 'window_V_620_1_i_read' <Predicate = true> <Delay = 0.00>
ST_1 : Operation 259 [1/1] (0.00ns)   --->   "%window_V_621_1_i_read = read i8 @_ssdm_op_Read.ap_auto.i8, i8 %window_V_621_1_i"   --->   Operation 259 'read' 'window_V_621_1_i_read' <Predicate = true> <Delay = 0.00>
ST_1 : Operation 260 [1/1] (0.00ns)   --->   "%window_V_622_1_i_read = read i8 @_ssdm_op_Read.ap_auto.i8, i8 %window_V_622_1_i"   --->   Operation 260 'read' 'window_V_622_1_i_read' <Predicate = true> <Delay = 0.00>
ST_1 : Operation 261 [1/1] (0.00ns)   --->   "%window_V_623_1_i_read = read i8 @_ssdm_op_Read.ap_auto.i8, i8 %window_V_623_1_i"   --->   Operation 261 'read' 'window_V_623_1_i_read' <Predicate = true> <Delay = 0.00>
ST_1 : Operation 262 [1/1] (0.00ns)   --->   "%window_V_624_1_i_read = read i8 @_ssdm_op_Read.ap_auto.i8, i8 %window_V_624_1_i"   --->   Operation 262 'read' 'window_V_624_1_i_read' <Predicate = true> <Delay = 0.00>
ST_1 : Operation 263 [1/1] (0.00ns)   --->   "%window_V_625_1_i_read = read i8 @_ssdm_op_Read.ap_auto.i8, i8 %window_V_625_1_i"   --->   Operation 263 'read' 'window_V_625_1_i_read' <Predicate = true> <Delay = 0.00>
ST_1 : Operation 264 [1/1] (0.00ns)   --->   "%window_V_626_1_i_read = read i8 @_ssdm_op_Read.ap_auto.i8, i8 %window_V_626_1_i"   --->   Operation 264 'read' 'window_V_626_1_i_read' <Predicate = true> <Delay = 0.00>
ST_1 : Operation 265 [1/1] (0.00ns)   --->   "%window_V_627_1_i_read = read i8 @_ssdm_op_Read.ap_auto.i8, i8 %window_V_627_1_i"   --->   Operation 265 'read' 'window_V_627_1_i_read' <Predicate = true> <Delay = 0.00>
ST_1 : Operation 266 [1/1] (0.00ns)   --->   "%window_V_628_1_i_read = read i8 @_ssdm_op_Read.ap_auto.i8, i8 %window_V_628_1_i"   --->   Operation 266 'read' 'window_V_628_1_i_read' <Predicate = true> <Delay = 0.00>
ST_1 : Operation 267 [1/1] (0.00ns)   --->   "%window_V_629_1_i_read = read i8 @_ssdm_op_Read.ap_auto.i8, i8 %window_V_629_1_i"   --->   Operation 267 'read' 'window_V_629_1_i_read' <Predicate = true> <Delay = 0.00>
ST_1 : Operation 268 [1/1] (0.00ns)   --->   "%window_V_630_1_i_read = read i8 @_ssdm_op_Read.ap_auto.i8, i8 %window_V_630_1_i"   --->   Operation 268 'read' 'window_V_630_1_i_read' <Predicate = true> <Delay = 0.00>
ST_1 : Operation 269 [1/1] (0.00ns)   --->   "%window_V_631_1_i_read = read i8 @_ssdm_op_Read.ap_auto.i8, i8 %window_V_631_1_i"   --->   Operation 269 'read' 'window_V_631_1_i_read' <Predicate = true> <Delay = 0.00>
ST_1 : Operation 270 [1/1] (0.00ns)   --->   "%window_V_632_1_i_read = read i8 @_ssdm_op_Read.ap_auto.i8, i8 %window_V_632_1_i"   --->   Operation 270 'read' 'window_V_632_1_i_read' <Predicate = true> <Delay = 0.00>
ST_1 : Operation 271 [1/1] (0.00ns)   --->   "%window_V_633_1_i_read = read i8 @_ssdm_op_Read.ap_auto.i8, i8 %window_V_633_1_i"   --->   Operation 271 'read' 'window_V_633_1_i_read' <Predicate = true> <Delay = 0.00>
ST_1 : Operation 272 [1/1] (0.00ns)   --->   "%window_V_634_1_i_read = read i8 @_ssdm_op_Read.ap_auto.i8, i8 %window_V_634_1_i"   --->   Operation 272 'read' 'window_V_634_1_i_read' <Predicate = true> <Delay = 0.00>
ST_1 : Operation 273 [1/1] (0.00ns)   --->   "%window_V_635_1_i_read = read i8 @_ssdm_op_Read.ap_auto.i8, i8 %window_V_635_1_i"   --->   Operation 273 'read' 'window_V_635_1_i_read' <Predicate = true> <Delay = 0.00>
ST_1 : Operation 274 [1/1] (0.00ns)   --->   "%window_V_636_1_i_read = read i8 @_ssdm_op_Read.ap_auto.i8, i8 %window_V_636_1_i"   --->   Operation 274 'read' 'window_V_636_1_i_read' <Predicate = true> <Delay = 0.00>
ST_1 : Operation 275 [1/1] (0.00ns)   --->   "%window_V_637_1_i_read = read i8 @_ssdm_op_Read.ap_auto.i8, i8 %window_V_637_1_i"   --->   Operation 275 'read' 'window_V_637_1_i_read' <Predicate = true> <Delay = 0.00>
ST_1 : Operation 276 [1/1] (0.00ns)   --->   "%window_V_638_1_i_read = read i8 @_ssdm_op_Read.ap_auto.i8, i8 %window_V_638_1_i"   --->   Operation 276 'read' 'window_V_638_1_i_read' <Predicate = true> <Delay = 0.00>
ST_1 : Operation 277 [1/1] (0.00ns)   --->   "%window_V_639_1_i_read = read i8 @_ssdm_op_Read.ap_auto.i8, i8 %window_V_639_1_i"   --->   Operation 277 'read' 'window_V_639_1_i_read' <Predicate = true> <Delay = 0.00>
ST_1 : Operation 278 [1/1] (0.00ns)   --->   "%window_V_640_1_i_read = read i8 @_ssdm_op_Read.ap_auto.i8, i8 %window_V_640_1_i"   --->   Operation 278 'read' 'window_V_640_1_i_read' <Predicate = true> <Delay = 0.00>
ST_1 : Operation 279 [1/1] (0.00ns)   --->   "%window_V_641_1_i_read = read i8 @_ssdm_op_Read.ap_auto.i8, i8 %window_V_641_1_i"   --->   Operation 279 'read' 'window_V_641_1_i_read' <Predicate = true> <Delay = 0.00>
ST_1 : Operation 280 [1/1] (0.00ns)   --->   "%window_V_642_1_i_read = read i8 @_ssdm_op_Read.ap_auto.i8, i8 %window_V_642_1_i"   --->   Operation 280 'read' 'window_V_642_1_i_read' <Predicate = true> <Delay = 0.00>
ST_1 : Operation 281 [1/1] (0.00ns)   --->   "%window_V_643_1_i_read = read i8 @_ssdm_op_Read.ap_auto.i8, i8 %window_V_643_1_i"   --->   Operation 281 'read' 'window_V_643_1_i_read' <Predicate = true> <Delay = 0.00>
ST_1 : Operation 282 [1/1] (0.00ns)   --->   "%window_V_644_1_i_read = read i8 @_ssdm_op_Read.ap_auto.i8, i8 %window_V_644_1_i"   --->   Operation 282 'read' 'window_V_644_1_i_read' <Predicate = true> <Delay = 0.00>
ST_1 : Operation 283 [1/1] (0.00ns)   --->   "%window_V_645_1_i_read = read i8 @_ssdm_op_Read.ap_auto.i8, i8 %window_V_645_1_i"   --->   Operation 283 'read' 'window_V_645_1_i_read' <Predicate = true> <Delay = 0.00>
ST_1 : Operation 284 [1/1] (0.00ns)   --->   "%window_V_646_1_i_read = read i8 @_ssdm_op_Read.ap_auto.i8, i8 %window_V_646_1_i"   --->   Operation 284 'read' 'window_V_646_1_i_read' <Predicate = true> <Delay = 0.00>
ST_1 : Operation 285 [1/1] (0.00ns)   --->   "%window_V_647_1_i_read = read i8 @_ssdm_op_Read.ap_auto.i8, i8 %window_V_647_1_i"   --->   Operation 285 'read' 'window_V_647_1_i_read' <Predicate = true> <Delay = 0.00>
ST_1 : Operation 286 [1/1] (0.00ns)   --->   "%window_V_648_1_i_read = read i8 @_ssdm_op_Read.ap_auto.i8, i8 %window_V_648_1_i"   --->   Operation 286 'read' 'window_V_648_1_i_read' <Predicate = true> <Delay = 0.00>
ST_1 : Operation 287 [1/1] (0.00ns)   --->   "%window_V_649_1_i_read = read i8 @_ssdm_op_Read.ap_auto.i8, i8 %window_V_649_1_i"   --->   Operation 287 'read' 'window_V_649_1_i_read' <Predicate = true> <Delay = 0.00>
ST_1 : Operation 288 [1/1] (0.00ns)   --->   "%window_V_650_1_i_read = read i8 @_ssdm_op_Read.ap_auto.i8, i8 %window_V_650_1_i"   --->   Operation 288 'read' 'window_V_650_1_i_read' <Predicate = true> <Delay = 0.00>
ST_1 : Operation 289 [1/1] (0.00ns)   --->   "%window_V_651_1_i_read = read i8 @_ssdm_op_Read.ap_auto.i8, i8 %window_V_651_1_i"   --->   Operation 289 'read' 'window_V_651_1_i_read' <Predicate = true> <Delay = 0.00>
ST_1 : Operation 290 [1/1] (0.00ns)   --->   "%window_V_652_1_i_read = read i8 @_ssdm_op_Read.ap_auto.i8, i8 %window_V_652_1_i"   --->   Operation 290 'read' 'window_V_652_1_i_read' <Predicate = true> <Delay = 0.00>
ST_1 : Operation 291 [1/1] (0.00ns)   --->   "%window_V_653_1_i_read = read i8 @_ssdm_op_Read.ap_auto.i8, i8 %window_V_653_1_i"   --->   Operation 291 'read' 'window_V_653_1_i_read' <Predicate = true> <Delay = 0.00>
ST_1 : Operation 292 [1/1] (0.00ns)   --->   "%window_V_654_1_i_read = read i8 @_ssdm_op_Read.ap_auto.i8, i8 %window_V_654_1_i"   --->   Operation 292 'read' 'window_V_654_1_i_read' <Predicate = true> <Delay = 0.00>
ST_1 : Operation 293 [1/1] (0.00ns)   --->   "%window_V_655_1_i_read = read i8 @_ssdm_op_Read.ap_auto.i8, i8 %window_V_655_1_i"   --->   Operation 293 'read' 'window_V_655_1_i_read' <Predicate = true> <Delay = 0.00>
ST_1 : Operation 294 [1/1] (0.00ns)   --->   "%window_V_656_1_i_read = read i8 @_ssdm_op_Read.ap_auto.i8, i8 %window_V_656_1_i"   --->   Operation 294 'read' 'window_V_656_1_i_read' <Predicate = true> <Delay = 0.00>
ST_1 : Operation 295 [1/1] (0.00ns)   --->   "%zext_ln37_cast = zext i5 %zext_ln37_read"   --->   Operation 295 'zext' 'zext_ln37_cast' <Predicate = true> <Delay = 0.00>
ST_1 : Operation 296 [1/1] (0.00ns)   --->   "%specinterface_ln0 = specinterface void @_ssdm_op_SpecInterface, i8 %s_pool1, void @empty_11, i32 0, i32 0, void @empty_4, i32 0, i32 0, void @empty_4, void @empty_4, void @empty_4, i32 0, i32 0, i32 0, i32 0, void @empty_4, void @empty_4, i32 4294967295, i32 0"   --->   Operation 296 'specinterface' 'specinterface_ln0' <Predicate = true> <Delay = 0.00>
ST_1 : Operation 297 [1/1] (0.48ns)   --->   "%store_ln0 = store i8 %window_V_654_1_i_read, i8 %window_V_481"   --->   Operation 297 'store' 'store_ln0' <Predicate = true> <Delay = 0.48>
ST_1 : Operation 298 [1/1] (0.48ns)   --->   "%store_ln0 = store i8 %window_V_655_1_i_read, i8 %window_V_229"   --->   Operation 298 'store' 'store_ln0' <Predicate = true> <Delay = 0.48>
ST_1 : Operation 299 [1/1] (0.48ns)   --->   "%store_ln0 = store i8 %window_V_656_1_i_read, i8 %window_V_230"   --->   Operation 299 'store' 'store_ln0' <Predicate = true> <Delay = 0.48>
ST_1 : Operation 300 [1/1] (0.48ns)   --->   "%store_ln0 = store i8 %window_V_651_1_i_read, i8 %window_V_480"   --->   Operation 300 'store' 'store_ln0' <Predicate = true> <Delay = 0.48>
ST_1 : Operation 301 [1/1] (0.48ns)   --->   "%store_ln0 = store i8 %window_V_652_1_i_read, i8 %window_V_227"   --->   Operation 301 'store' 'store_ln0' <Predicate = true> <Delay = 0.48>
ST_1 : Operation 302 [1/1] (0.48ns)   --->   "%store_ln0 = store i8 %window_V_653_1_i_read, i8 %window_V_228"   --->   Operation 302 'store' 'store_ln0' <Predicate = true> <Delay = 0.48>
ST_1 : Operation 303 [1/1] (0.48ns)   --->   "%store_ln0 = store i8 %window_V_649_1_i_read, i8 %window_V_479"   --->   Operation 303 'store' 'store_ln0' <Predicate = true> <Delay = 0.48>
ST_1 : Operation 304 [1/1] (0.48ns)   --->   "%store_ln0 = store i8 %window_V_650_1_i_read, i8 %window_V_226"   --->   Operation 304 'store' 'store_ln0' <Predicate = true> <Delay = 0.48>
ST_1 : Operation 305 [1/1] (0.48ns)   --->   "%store_ln0 = store i8 %window_V_648_1_i_read, i8 %window_V_478"   --->   Operation 305 'store' 'store_ln0' <Predicate = true> <Delay = 0.48>
ST_1 : Operation 306 [1/1] (0.48ns)   --->   "%store_ln0 = store i8 %window_V_645_1_i_read, i8 %window_V_477"   --->   Operation 306 'store' 'store_ln0' <Predicate = true> <Delay = 0.48>
ST_1 : Operation 307 [1/1] (0.48ns)   --->   "%store_ln0 = store i8 %window_V_646_1_i_read, i8 %window_V_335"   --->   Operation 307 'store' 'store_ln0' <Predicate = true> <Delay = 0.48>
ST_1 : Operation 308 [1/1] (0.48ns)   --->   "%store_ln0 = store i8 %window_V_647_1_i_read, i8 %window_V_336"   --->   Operation 308 'store' 'store_ln0' <Predicate = true> <Delay = 0.48>
ST_1 : Operation 309 [1/1] (0.48ns)   --->   "%store_ln0 = store i8 %window_V_642_1_i_read, i8 %window_V_476"   --->   Operation 309 'store' 'store_ln0' <Predicate = true> <Delay = 0.48>
ST_1 : Operation 310 [1/1] (0.48ns)   --->   "%store_ln0 = store i8 %window_V_643_1_i_read, i8 %window_V_333"   --->   Operation 310 'store' 'store_ln0' <Predicate = true> <Delay = 0.48>
ST_1 : Operation 311 [1/1] (0.48ns)   --->   "%store_ln0 = store i8 %window_V_644_1_i_read, i8 %window_V_334"   --->   Operation 311 'store' 'store_ln0' <Predicate = true> <Delay = 0.48>
ST_1 : Operation 312 [1/1] (0.48ns)   --->   "%store_ln0 = store i8 %window_V_640_1_i_read, i8 %window_V_475"   --->   Operation 312 'store' 'store_ln0' <Predicate = true> <Delay = 0.48>
ST_1 : Operation 313 [1/1] (0.48ns)   --->   "%store_ln0 = store i8 %window_V_641_1_i_read, i8 %window_V_332"   --->   Operation 313 'store' 'store_ln0' <Predicate = true> <Delay = 0.48>
ST_1 : Operation 314 [1/1] (0.48ns)   --->   "%store_ln0 = store i8 %window_V_639_1_i_read, i8 %window_V_474"   --->   Operation 314 'store' 'store_ln0' <Predicate = true> <Delay = 0.48>
ST_1 : Operation 315 [1/1] (0.48ns)   --->   "%store_ln0 = store i8 %window_V_636_1_i_read, i8 %window_V_473"   --->   Operation 315 'store' 'store_ln0' <Predicate = true> <Delay = 0.48>
ST_1 : Operation 316 [1/1] (0.48ns)   --->   "%store_ln0 = store i8 %window_V_637_1_i_read, i8 %window_V_328"   --->   Operation 316 'store' 'store_ln0' <Predicate = true> <Delay = 0.48>
ST_1 : Operation 317 [1/1] (0.48ns)   --->   "%store_ln0 = store i8 %window_V_638_1_i_read, i8 %window_V_329"   --->   Operation 317 'store' 'store_ln0' <Predicate = true> <Delay = 0.48>
ST_1 : Operation 318 [1/1] (0.48ns)   --->   "%store_ln0 = store i8 %window_V_633_1_i_read, i8 %window_V_472"   --->   Operation 318 'store' 'store_ln0' <Predicate = true> <Delay = 0.48>
ST_1 : Operation 319 [1/1] (0.48ns)   --->   "%store_ln0 = store i8 %window_V_634_1_i_read, i8 %window_V_326"   --->   Operation 319 'store' 'store_ln0' <Predicate = true> <Delay = 0.48>
ST_1 : Operation 320 [1/1] (0.48ns)   --->   "%store_ln0 = store i8 %window_V_635_1_i_read, i8 %window_V_327"   --->   Operation 320 'store' 'store_ln0' <Predicate = true> <Delay = 0.48>
ST_1 : Operation 321 [1/1] (0.48ns)   --->   "%store_ln0 = store i8 %window_V_631_1_i_read, i8 %window_V_471"   --->   Operation 321 'store' 'store_ln0' <Predicate = true> <Delay = 0.48>
ST_1 : Operation 322 [1/1] (0.48ns)   --->   "%store_ln0 = store i8 %window_V_632_1_i_read, i8 %window_V_325"   --->   Operation 322 'store' 'store_ln0' <Predicate = true> <Delay = 0.48>
ST_1 : Operation 323 [1/1] (0.48ns)   --->   "%store_ln0 = store i8 %window_V_630_1_i_read, i8 %window_V_470"   --->   Operation 323 'store' 'store_ln0' <Predicate = true> <Delay = 0.48>
ST_1 : Operation 324 [1/1] (0.48ns)   --->   "%store_ln0 = store i8 %window_V_627_1_i_read, i8 %window_V_469"   --->   Operation 324 'store' 'store_ln0' <Predicate = true> <Delay = 0.48>
ST_1 : Operation 325 [1/1] (0.48ns)   --->   "%store_ln0 = store i8 %window_V_628_1_i_read, i8 %window_V_321"   --->   Operation 325 'store' 'store_ln0' <Predicate = true> <Delay = 0.48>
ST_1 : Operation 326 [1/1] (0.48ns)   --->   "%store_ln0 = store i8 %window_V_629_1_i_read, i8 %window_V_322"   --->   Operation 326 'store' 'store_ln0' <Predicate = true> <Delay = 0.48>
ST_1 : Operation 327 [1/1] (0.48ns)   --->   "%store_ln0 = store i8 %window_V_624_1_i_read, i8 %window_V_468"   --->   Operation 327 'store' 'store_ln0' <Predicate = true> <Delay = 0.48>
ST_1 : Operation 328 [1/1] (0.48ns)   --->   "%store_ln0 = store i8 %window_V_625_1_i_read, i8 %window_V_319"   --->   Operation 328 'store' 'store_ln0' <Predicate = true> <Delay = 0.48>
ST_1 : Operation 329 [1/1] (0.48ns)   --->   "%store_ln0 = store i8 %window_V_626_1_i_read, i8 %window_V_320"   --->   Operation 329 'store' 'store_ln0' <Predicate = true> <Delay = 0.48>
ST_1 : Operation 330 [1/1] (0.48ns)   --->   "%store_ln0 = store i8 %window_V_622_1_i_read, i8 %window_V_467"   --->   Operation 330 'store' 'store_ln0' <Predicate = true> <Delay = 0.48>
ST_1 : Operation 331 [1/1] (0.48ns)   --->   "%store_ln0 = store i8 %window_V_623_1_i_read, i8 %window_V_318"   --->   Operation 331 'store' 'store_ln0' <Predicate = true> <Delay = 0.48>
ST_1 : Operation 332 [1/1] (0.48ns)   --->   "%store_ln0 = store i8 %window_V_621_1_i_read, i8 %window_V_466"   --->   Operation 332 'store' 'store_ln0' <Predicate = true> <Delay = 0.48>
ST_1 : Operation 333 [1/1] (0.48ns)   --->   "%store_ln0 = store i8 %window_V_618_1_i_read, i8 %window_V_465"   --->   Operation 333 'store' 'store_ln0' <Predicate = true> <Delay = 0.48>
ST_1 : Operation 334 [1/1] (0.48ns)   --->   "%store_ln0 = store i8 %window_V_619_1_i_read, i8 %window_V_314"   --->   Operation 334 'store' 'store_ln0' <Predicate = true> <Delay = 0.48>
ST_1 : Operation 335 [1/1] (0.48ns)   --->   "%store_ln0 = store i8 %window_V_620_1_i_read, i8 %window_V_315"   --->   Operation 335 'store' 'store_ln0' <Predicate = true> <Delay = 0.48>
ST_1 : Operation 336 [1/1] (0.48ns)   --->   "%store_ln0 = store i8 %window_V_615_1_i_read, i8 %window_V_464"   --->   Operation 336 'store' 'store_ln0' <Predicate = true> <Delay = 0.48>
ST_1 : Operation 337 [1/1] (0.48ns)   --->   "%store_ln0 = store i8 %window_V_616_1_i_read, i8 %window_V_312"   --->   Operation 337 'store' 'store_ln0' <Predicate = true> <Delay = 0.48>
ST_1 : Operation 338 [1/1] (0.48ns)   --->   "%store_ln0 = store i8 %window_V_617_1_i_read, i8 %window_V_313"   --->   Operation 338 'store' 'store_ln0' <Predicate = true> <Delay = 0.48>
ST_1 : Operation 339 [1/1] (0.48ns)   --->   "%store_ln0 = store i8 %window_V_613_1_i_read, i8 %window_V_463"   --->   Operation 339 'store' 'store_ln0' <Predicate = true> <Delay = 0.48>
ST_1 : Operation 340 [1/1] (0.48ns)   --->   "%store_ln0 = store i8 %window_V_614_1_i_read, i8 %window_V_311"   --->   Operation 340 'store' 'store_ln0' <Predicate = true> <Delay = 0.48>
ST_1 : Operation 341 [1/1] (0.48ns)   --->   "%store_ln0 = store i8 %window_V_612_1_i_read, i8 %window_V_462"   --->   Operation 341 'store' 'store_ln0' <Predicate = true> <Delay = 0.48>
ST_1 : Operation 342 [1/1] (0.48ns)   --->   "%store_ln0 = store i8 %window_V_609_1_i_read, i8 %window_V_461"   --->   Operation 342 'store' 'store_ln0' <Predicate = true> <Delay = 0.48>
ST_1 : Operation 343 [1/1] (0.48ns)   --->   "%store_ln0 = store i8 %window_V_610_1_i_read, i8 %window_V_307"   --->   Operation 343 'store' 'store_ln0' <Predicate = true> <Delay = 0.48>
ST_1 : Operation 344 [1/1] (0.48ns)   --->   "%store_ln0 = store i8 %window_V_611_1_i_read, i8 %window_V_308"   --->   Operation 344 'store' 'store_ln0' <Predicate = true> <Delay = 0.48>
ST_1 : Operation 345 [1/1] (0.48ns)   --->   "%store_ln0 = store i8 %window_V_606_1_i_read, i8 %window_V_460"   --->   Operation 345 'store' 'store_ln0' <Predicate = true> <Delay = 0.48>
ST_1 : Operation 346 [1/1] (0.48ns)   --->   "%store_ln0 = store i8 %window_V_607_1_i_read, i8 %window_V_305"   --->   Operation 346 'store' 'store_ln0' <Predicate = true> <Delay = 0.48>
ST_1 : Operation 347 [1/1] (0.48ns)   --->   "%store_ln0 = store i8 %window_V_608_1_i_read, i8 %window_V_306"   --->   Operation 347 'store' 'store_ln0' <Predicate = true> <Delay = 0.48>
ST_1 : Operation 348 [1/1] (0.48ns)   --->   "%store_ln0 = store i8 %window_V_604_1_i_read, i8 %window_V_459"   --->   Operation 348 'store' 'store_ln0' <Predicate = true> <Delay = 0.48>
ST_1 : Operation 349 [1/1] (0.48ns)   --->   "%store_ln0 = store i8 %window_V_605_1_i_read, i8 %window_V_304"   --->   Operation 349 'store' 'store_ln0' <Predicate = true> <Delay = 0.48>
ST_1 : Operation 350 [1/1] (0.48ns)   --->   "%store_ln0 = store i8 %window_V_603_1_i_read, i8 %window_V_458"   --->   Operation 350 'store' 'store_ln0' <Predicate = true> <Delay = 0.48>
ST_1 : Operation 351 [1/1] (0.48ns)   --->   "%store_ln0 = store i8 %window_V_600_1_i_read, i8 %window_V_457"   --->   Operation 351 'store' 'store_ln0' <Predicate = true> <Delay = 0.48>
ST_1 : Operation 352 [1/1] (0.48ns)   --->   "%store_ln0 = store i8 %window_V_601_1_i_read, i8 %window_V_300"   --->   Operation 352 'store' 'store_ln0' <Predicate = true> <Delay = 0.48>
ST_1 : Operation 353 [1/1] (0.48ns)   --->   "%store_ln0 = store i8 %window_V_602_1_i_read, i8 %window_V_301"   --->   Operation 353 'store' 'store_ln0' <Predicate = true> <Delay = 0.48>
ST_1 : Operation 354 [1/1] (0.48ns)   --->   "%store_ln0 = store i8 %window_V_597_1_i_read, i8 %window_V_456"   --->   Operation 354 'store' 'store_ln0' <Predicate = true> <Delay = 0.48>
ST_1 : Operation 355 [1/1] (0.48ns)   --->   "%store_ln0 = store i8 %window_V_598_1_i_read, i8 %window_V_298"   --->   Operation 355 'store' 'store_ln0' <Predicate = true> <Delay = 0.48>
ST_1 : Operation 356 [1/1] (0.48ns)   --->   "%store_ln0 = store i8 %window_V_599_1_i_read, i8 %window_V_299"   --->   Operation 356 'store' 'store_ln0' <Predicate = true> <Delay = 0.48>
ST_1 : Operation 357 [1/1] (0.48ns)   --->   "%store_ln0 = store i8 %window_V_595_1_i_read, i8 %window_V_455"   --->   Operation 357 'store' 'store_ln0' <Predicate = true> <Delay = 0.48>
ST_1 : Operation 358 [1/1] (0.48ns)   --->   "%store_ln0 = store i8 %window_V_596_1_i_read, i8 %window_V_297"   --->   Operation 358 'store' 'store_ln0' <Predicate = true> <Delay = 0.48>
ST_1 : Operation 359 [1/1] (0.48ns)   --->   "%store_ln0 = store i8 %window_V_594_1_i_read, i8 %window_V_454"   --->   Operation 359 'store' 'store_ln0' <Predicate = true> <Delay = 0.48>
ST_1 : Operation 360 [1/1] (0.48ns)   --->   "%store_ln0 = store i8 %window_V_591_1_i_read, i8 %window_V_453"   --->   Operation 360 'store' 'store_ln0' <Predicate = true> <Delay = 0.48>
ST_1 : Operation 361 [1/1] (0.48ns)   --->   "%store_ln0 = store i8 %window_V_592_1_i_read, i8 %window_V_293"   --->   Operation 361 'store' 'store_ln0' <Predicate = true> <Delay = 0.48>
ST_1 : Operation 362 [1/1] (0.48ns)   --->   "%store_ln0 = store i8 %window_V_593_1_i_read, i8 %window_V_294"   --->   Operation 362 'store' 'store_ln0' <Predicate = true> <Delay = 0.48>
ST_1 : Operation 363 [1/1] (0.48ns)   --->   "%store_ln0 = store i8 %window_V_588_1_i_read, i8 %window_V_452"   --->   Operation 363 'store' 'store_ln0' <Predicate = true> <Delay = 0.48>
ST_1 : Operation 364 [1/1] (0.48ns)   --->   "%store_ln0 = store i8 %window_V_589_1_i_read, i8 %window_V_291"   --->   Operation 364 'store' 'store_ln0' <Predicate = true> <Delay = 0.48>
ST_1 : Operation 365 [1/1] (0.48ns)   --->   "%store_ln0 = store i8 %window_V_590_1_i_read, i8 %window_V_292"   --->   Operation 365 'store' 'store_ln0' <Predicate = true> <Delay = 0.48>
ST_1 : Operation 366 [1/1] (0.48ns)   --->   "%store_ln0 = store i8 %window_V_586_1_i_read, i8 %window_V_451"   --->   Operation 366 'store' 'store_ln0' <Predicate = true> <Delay = 0.48>
ST_1 : Operation 367 [1/1] (0.48ns)   --->   "%store_ln0 = store i8 %window_V_587_1_i_read, i8 %window_V_290"   --->   Operation 367 'store' 'store_ln0' <Predicate = true> <Delay = 0.48>
ST_1 : Operation 368 [1/1] (0.48ns)   --->   "%store_ln0 = store i8 %window_V_585_1_i_read, i8 %window_V_450"   --->   Operation 368 'store' 'store_ln0' <Predicate = true> <Delay = 0.48>
ST_1 : Operation 369 [1/1] (0.48ns)   --->   "%store_ln0 = store i8 %window_V_582_1_i_read, i8 %window_V_449"   --->   Operation 369 'store' 'store_ln0' <Predicate = true> <Delay = 0.48>
ST_1 : Operation 370 [1/1] (0.48ns)   --->   "%store_ln0 = store i8 %window_V_583_1_i_read, i8 %window_V_286"   --->   Operation 370 'store' 'store_ln0' <Predicate = true> <Delay = 0.48>
ST_1 : Operation 371 [1/1] (0.48ns)   --->   "%store_ln0 = store i8 %window_V_584_1_i_read, i8 %window_V_287"   --->   Operation 371 'store' 'store_ln0' <Predicate = true> <Delay = 0.48>
ST_1 : Operation 372 [1/1] (0.48ns)   --->   "%store_ln0 = store i8 %window_V_579_1_i_read, i8 %window_V_448"   --->   Operation 372 'store' 'store_ln0' <Predicate = true> <Delay = 0.48>
ST_1 : Operation 373 [1/1] (0.48ns)   --->   "%store_ln0 = store i8 %window_V_580_1_i_read, i8 %window_V_284"   --->   Operation 373 'store' 'store_ln0' <Predicate = true> <Delay = 0.48>
ST_1 : Operation 374 [1/1] (0.48ns)   --->   "%store_ln0 = store i8 %window_V_581_1_i_read, i8 %window_V_285"   --->   Operation 374 'store' 'store_ln0' <Predicate = true> <Delay = 0.48>
ST_1 : Operation 375 [1/1] (0.48ns)   --->   "%store_ln0 = store i8 %window_V_577_1_i_read, i8 %window_V_447"   --->   Operation 375 'store' 'store_ln0' <Predicate = true> <Delay = 0.48>
ST_1 : Operation 376 [1/1] (0.48ns)   --->   "%store_ln0 = store i8 %window_V_578_1_i_read, i8 %window_V_283"   --->   Operation 376 'store' 'store_ln0' <Predicate = true> <Delay = 0.48>
ST_1 : Operation 377 [1/1] (0.48ns)   --->   "%store_ln0 = store i8 %window_V_576_1_i_read, i8 %window_V_446"   --->   Operation 377 'store' 'store_ln0' <Predicate = true> <Delay = 0.48>
ST_1 : Operation 378 [1/1] (0.48ns)   --->   "%store_ln0 = store i8 %window_V_573_1_i_read, i8 %window_V_445"   --->   Operation 378 'store' 'store_ln0' <Predicate = true> <Delay = 0.48>
ST_1 : Operation 379 [1/1] (0.48ns)   --->   "%store_ln0 = store i8 %window_V_574_1_i_read, i8 %window_V_279"   --->   Operation 379 'store' 'store_ln0' <Predicate = true> <Delay = 0.48>
ST_1 : Operation 380 [1/1] (0.48ns)   --->   "%store_ln0 = store i8 %window_V_575_1_i_read, i8 %window_V_280"   --->   Operation 380 'store' 'store_ln0' <Predicate = true> <Delay = 0.48>
ST_1 : Operation 381 [1/1] (0.48ns)   --->   "%store_ln0 = store i8 %window_V_570_1_i_read, i8 %window_V_444"   --->   Operation 381 'store' 'store_ln0' <Predicate = true> <Delay = 0.48>
ST_1 : Operation 382 [1/1] (0.48ns)   --->   "%store_ln0 = store i8 %window_V_571_1_i_read, i8 %window_V_277"   --->   Operation 382 'store' 'store_ln0' <Predicate = true> <Delay = 0.48>
ST_1 : Operation 383 [1/1] (0.48ns)   --->   "%store_ln0 = store i8 %window_V_572_1_i_read, i8 %window_V_278"   --->   Operation 383 'store' 'store_ln0' <Predicate = true> <Delay = 0.48>
ST_1 : Operation 384 [1/1] (0.48ns)   --->   "%store_ln0 = store i8 %window_V_568_1_i_read, i8 %window_V_443"   --->   Operation 384 'store' 'store_ln0' <Predicate = true> <Delay = 0.48>
ST_1 : Operation 385 [1/1] (0.48ns)   --->   "%store_ln0 = store i8 %window_V_569_1_i_read, i8 %window_V_276"   --->   Operation 385 'store' 'store_ln0' <Predicate = true> <Delay = 0.48>
ST_1 : Operation 386 [1/1] (0.48ns)   --->   "%store_ln0 = store i8 %window_V_567_1_i_read, i8 %window_V_442"   --->   Operation 386 'store' 'store_ln0' <Predicate = true> <Delay = 0.48>
ST_1 : Operation 387 [1/1] (0.48ns)   --->   "%store_ln0 = store i8 %window_V_564_1_i_read, i8 %window_V_441"   --->   Operation 387 'store' 'store_ln0' <Predicate = true> <Delay = 0.48>
ST_1 : Operation 388 [1/1] (0.48ns)   --->   "%store_ln0 = store i8 %window_V_565_1_i_read, i8 %window_V_272"   --->   Operation 388 'store' 'store_ln0' <Predicate = true> <Delay = 0.48>
ST_1 : Operation 389 [1/1] (0.48ns)   --->   "%store_ln0 = store i8 %window_V_566_1_i_read, i8 %window_V_273"   --->   Operation 389 'store' 'store_ln0' <Predicate = true> <Delay = 0.48>
ST_1 : Operation 390 [1/1] (0.48ns)   --->   "%store_ln0 = store i8 %window_V_561_1_i_read, i8 %window_V_440"   --->   Operation 390 'store' 'store_ln0' <Predicate = true> <Delay = 0.48>
ST_1 : Operation 391 [1/1] (0.48ns)   --->   "%store_ln0 = store i8 %window_V_562_1_i_read, i8 %window_V_270"   --->   Operation 391 'store' 'store_ln0' <Predicate = true> <Delay = 0.48>
ST_1 : Operation 392 [1/1] (0.48ns)   --->   "%store_ln0 = store i8 %window_V_563_1_i_read, i8 %window_V_271"   --->   Operation 392 'store' 'store_ln0' <Predicate = true> <Delay = 0.48>
ST_1 : Operation 393 [1/1] (0.48ns)   --->   "%store_ln0 = store i8 %window_V_559_1_i_read, i8 %window_V_439"   --->   Operation 393 'store' 'store_ln0' <Predicate = true> <Delay = 0.48>
ST_1 : Operation 394 [1/1] (0.48ns)   --->   "%store_ln0 = store i8 %window_V_560_1_i_read, i8 %window_V_269"   --->   Operation 394 'store' 'store_ln0' <Predicate = true> <Delay = 0.48>
ST_1 : Operation 395 [1/1] (0.48ns)   --->   "%store_ln0 = store i8 %window_V_558_1_i_read, i8 %window_V_438"   --->   Operation 395 'store' 'store_ln0' <Predicate = true> <Delay = 0.48>
ST_1 : Operation 396 [1/1] (0.48ns)   --->   "%store_ln0 = store i8 %window_V_555_1_i_read, i8 %window_V_437"   --->   Operation 396 'store' 'store_ln0' <Predicate = true> <Delay = 0.48>
ST_1 : Operation 397 [1/1] (0.48ns)   --->   "%store_ln0 = store i8 %window_V_556_1_i_read, i8 %window_V_265"   --->   Operation 397 'store' 'store_ln0' <Predicate = true> <Delay = 0.48>
ST_1 : Operation 398 [1/1] (0.48ns)   --->   "%store_ln0 = store i8 %window_V_557_1_i_read, i8 %window_V_266"   --->   Operation 398 'store' 'store_ln0' <Predicate = true> <Delay = 0.48>
ST_1 : Operation 399 [1/1] (0.48ns)   --->   "%store_ln0 = store i8 %window_V_552_1_i_read, i8 %window_V_436"   --->   Operation 399 'store' 'store_ln0' <Predicate = true> <Delay = 0.48>
ST_1 : Operation 400 [1/1] (0.48ns)   --->   "%store_ln0 = store i8 %window_V_553_1_i_read, i8 %window_V_263"   --->   Operation 400 'store' 'store_ln0' <Predicate = true> <Delay = 0.48>
ST_1 : Operation 401 [1/1] (0.48ns)   --->   "%store_ln0 = store i8 %window_V_554_1_i_read, i8 %window_V_264"   --->   Operation 401 'store' 'store_ln0' <Predicate = true> <Delay = 0.48>
ST_1 : Operation 402 [1/1] (0.48ns)   --->   "%store_ln0 = store i8 %window_V_550_1_i_read, i8 %window_V_435"   --->   Operation 402 'store' 'store_ln0' <Predicate = true> <Delay = 0.48>
ST_1 : Operation 403 [1/1] (0.48ns)   --->   "%store_ln0 = store i8 %window_V_551_1_i_read, i8 %window_V_262"   --->   Operation 403 'store' 'store_ln0' <Predicate = true> <Delay = 0.48>
ST_1 : Operation 404 [1/1] (0.48ns)   --->   "%store_ln0 = store i8 %window_V_549_1_i_read, i8 %window_V_434"   --->   Operation 404 'store' 'store_ln0' <Predicate = true> <Delay = 0.48>
ST_1 : Operation 405 [1/1] (0.48ns)   --->   "%store_ln0 = store i8 %window_V_546_1_i_read, i8 %window_V_433"   --->   Operation 405 'store' 'store_ln0' <Predicate = true> <Delay = 0.48>
ST_1 : Operation 406 [1/1] (0.48ns)   --->   "%store_ln0 = store i8 %window_V_547_1_i_read, i8 %window_V_258"   --->   Operation 406 'store' 'store_ln0' <Predicate = true> <Delay = 0.48>
ST_1 : Operation 407 [1/1] (0.48ns)   --->   "%store_ln0 = store i8 %window_V_548_1_i_read, i8 %window_V_259"   --->   Operation 407 'store' 'store_ln0' <Predicate = true> <Delay = 0.48>
ST_1 : Operation 408 [1/1] (0.48ns)   --->   "%store_ln0 = store i8 %window_V_543_1_i_read, i8 %window_V_432"   --->   Operation 408 'store' 'store_ln0' <Predicate = true> <Delay = 0.48>
ST_1 : Operation 409 [1/1] (0.48ns)   --->   "%store_ln0 = store i8 %window_V_544_1_i_read, i8 %window_V_256"   --->   Operation 409 'store' 'store_ln0' <Predicate = true> <Delay = 0.48>
ST_1 : Operation 410 [1/1] (0.48ns)   --->   "%store_ln0 = store i8 %window_V_545_1_i_read, i8 %window_V_257"   --->   Operation 410 'store' 'store_ln0' <Predicate = true> <Delay = 0.48>
ST_1 : Operation 411 [1/1] (0.48ns)   --->   "%store_ln0 = store i8 %window_V_541_1_i_read, i8 %window_V_431"   --->   Operation 411 'store' 'store_ln0' <Predicate = true> <Delay = 0.48>
ST_1 : Operation 412 [1/1] (0.48ns)   --->   "%store_ln0 = store i8 %window_V_542_1_i_read, i8 %window_V_255"   --->   Operation 412 'store' 'store_ln0' <Predicate = true> <Delay = 0.48>
ST_1 : Operation 413 [1/1] (0.48ns)   --->   "%store_ln0 = store i8 %window_V_540_1_i_read, i8 %window_V_430"   --->   Operation 413 'store' 'store_ln0' <Predicate = true> <Delay = 0.48>
ST_1 : Operation 414 [1/1] (0.48ns)   --->   "%store_ln0 = store i8 %window_V_537_1_i_read, i8 %window_V_429"   --->   Operation 414 'store' 'store_ln0' <Predicate = true> <Delay = 0.48>
ST_1 : Operation 415 [1/1] (0.48ns)   --->   "%store_ln0 = store i8 %window_V_538_1_i_read, i8 %window_V_251"   --->   Operation 415 'store' 'store_ln0' <Predicate = true> <Delay = 0.48>
ST_1 : Operation 416 [1/1] (0.48ns)   --->   "%store_ln0 = store i8 %window_V_539_1_i_read, i8 %window_V_252"   --->   Operation 416 'store' 'store_ln0' <Predicate = true> <Delay = 0.48>
ST_1 : Operation 417 [1/1] (0.48ns)   --->   "%store_ln0 = store i8 %window_V_534_1_i_read, i8 %window_V_428"   --->   Operation 417 'store' 'store_ln0' <Predicate = true> <Delay = 0.48>
ST_1 : Operation 418 [1/1] (0.48ns)   --->   "%store_ln0 = store i8 %window_V_535_1_i_read, i8 %window_V_249"   --->   Operation 418 'store' 'store_ln0' <Predicate = true> <Delay = 0.48>
ST_1 : Operation 419 [1/1] (0.48ns)   --->   "%store_ln0 = store i8 %window_V_536_1_i_read, i8 %window_V_250"   --->   Operation 419 'store' 'store_ln0' <Predicate = true> <Delay = 0.48>
ST_1 : Operation 420 [1/1] (0.48ns)   --->   "%store_ln0 = store i8 %window_V_532_1_i_read, i8 %window_V_427"   --->   Operation 420 'store' 'store_ln0' <Predicate = true> <Delay = 0.48>
ST_1 : Operation 421 [1/1] (0.48ns)   --->   "%store_ln0 = store i8 %window_V_533_1_i_read, i8 %window_V_248"   --->   Operation 421 'store' 'store_ln0' <Predicate = true> <Delay = 0.48>
ST_1 : Operation 422 [1/1] (0.48ns)   --->   "%store_ln0 = store i8 %window_V_531_1_i_read, i8 %window_V_426"   --->   Operation 422 'store' 'store_ln0' <Predicate = true> <Delay = 0.48>
ST_1 : Operation 423 [1/1] (0.48ns)   --->   "%store_ln0 = store i8 %window_V_528_1_i_read, i8 %window_V_425"   --->   Operation 423 'store' 'store_ln0' <Predicate = true> <Delay = 0.48>
ST_1 : Operation 424 [1/1] (0.48ns)   --->   "%store_ln0 = store i8 %window_V_529_1_i_read, i8 %window_V_244"   --->   Operation 424 'store' 'store_ln0' <Predicate = true> <Delay = 0.48>
ST_1 : Operation 425 [1/1] (0.48ns)   --->   "%store_ln0 = store i8 %window_V_530_1_i_read, i8 %window_V_245"   --->   Operation 425 'store' 'store_ln0' <Predicate = true> <Delay = 0.48>
ST_1 : Operation 426 [1/1] (0.48ns)   --->   "%store_ln0 = store i8 %window_V_525_1_i_read, i8 %window_V_424"   --->   Operation 426 'store' 'store_ln0' <Predicate = true> <Delay = 0.48>
ST_1 : Operation 427 [1/1] (0.48ns)   --->   "%store_ln0 = store i8 %window_V_526_1_i_read, i8 %window_V_242"   --->   Operation 427 'store' 'store_ln0' <Predicate = true> <Delay = 0.48>
ST_1 : Operation 428 [1/1] (0.48ns)   --->   "%store_ln0 = store i8 %window_V_527_1_i_read, i8 %window_V_243"   --->   Operation 428 'store' 'store_ln0' <Predicate = true> <Delay = 0.48>
ST_1 : Operation 429 [1/1] (0.48ns)   --->   "%store_ln0 = store i8 %window_V_523_1_i_read, i8 %window_V_423"   --->   Operation 429 'store' 'store_ln0' <Predicate = true> <Delay = 0.48>
ST_1 : Operation 430 [1/1] (0.48ns)   --->   "%store_ln0 = store i8 %window_V_524_1_i_read, i8 %window_V_241"   --->   Operation 430 'store' 'store_ln0' <Predicate = true> <Delay = 0.48>
ST_1 : Operation 431 [1/1] (0.48ns)   --->   "%store_ln0 = store i8 %window_V_522_1_i_read, i8 %window_V_422"   --->   Operation 431 'store' 'store_ln0' <Predicate = true> <Delay = 0.48>
ST_1 : Operation 432 [1/1] (0.48ns)   --->   "%store_ln0 = store i8 %window_V_519_1_i_read, i8 %window_V_421"   --->   Operation 432 'store' 'store_ln0' <Predicate = true> <Delay = 0.48>
ST_1 : Operation 433 [1/1] (0.48ns)   --->   "%store_ln0 = store i8 %window_V_520_1_i_read, i8 %window_V_237"   --->   Operation 433 'store' 'store_ln0' <Predicate = true> <Delay = 0.48>
ST_1 : Operation 434 [1/1] (0.48ns)   --->   "%store_ln0 = store i8 %window_V_521_1_i_read, i8 %window_V_238"   --->   Operation 434 'store' 'store_ln0' <Predicate = true> <Delay = 0.48>
ST_1 : Operation 435 [1/1] (0.48ns)   --->   "%store_ln0 = store i8 %window_V_516_1_i_read, i8 %window_V_420"   --->   Operation 435 'store' 'store_ln0' <Predicate = true> <Delay = 0.48>
ST_1 : Operation 436 [1/1] (0.48ns)   --->   "%store_ln0 = store i8 %window_V_517_1_i_read, i8 %window_V_235"   --->   Operation 436 'store' 'store_ln0' <Predicate = true> <Delay = 0.48>
ST_1 : Operation 437 [1/1] (0.48ns)   --->   "%store_ln0 = store i8 %window_V_518_1_i_read, i8 %window_V_236"   --->   Operation 437 'store' 'store_ln0' <Predicate = true> <Delay = 0.48>
ST_1 : Operation 438 [1/1] (0.48ns)   --->   "%store_ln0 = store i8 %window_V_514_1_i_read, i8 %window_V_419"   --->   Operation 438 'store' 'store_ln0' <Predicate = true> <Delay = 0.48>
ST_1 : Operation 439 [1/1] (0.48ns)   --->   "%store_ln0 = store i8 %window_V_515_1_i_read, i8 %window_V_234"   --->   Operation 439 'store' 'store_ln0' <Predicate = true> <Delay = 0.48>
ST_1 : Operation 440 [1/1] (0.48ns)   --->   "%store_ln0 = store i8 %window_V_1_i_read, i8 %window_V_418"   --->   Operation 440 'store' 'store_ln0' <Predicate = true> <Delay = 0.48>
ST_1 : Operation 441 [1/1] (0.48ns)   --->   "%store_ln0 = store i5 0, i5 %ch"   --->   Operation 441 'store' 'store_ln0' <Predicate = true> <Delay = 0.48>
ST_1 : Operation 442 [1/1] (0.00ns)   --->   "%br_ln0 = br void %for.inc144.i"   --->   Operation 442 'br' 'br_ln0' <Predicate = true> <Delay = 0.00>
ST_1 : Operation 443 [1/1] (0.00ns)   --->   "%ch_3 = load i5 %ch" [vgg_accelerator.cpp:40]   --->   Operation 443 'load' 'ch_3' <Predicate = true> <Delay = 0.00>
ST_1 : Operation 444 [1/1] (0.00ns)   --->   "%trunc_ln40 = trunc i5 %ch_3" [vgg_accelerator.cpp:40]   --->   Operation 444 'trunc' 'trunc_ln40' <Predicate = true> <Delay = 0.00>
ST_1 : Operation 445 [1/1] (0.87ns)   --->   "%icmp_ln40 = icmp_eq  i5 %ch_3, i5 16" [vgg_accelerator.cpp:40]   --->   Operation 445 'icmp' 'icmp_ln40' <Predicate = true> <Delay = 0.87> <CoreInst = "Cmp">   --->   Core 9 'Cmp' <Latency = 0> <II = 1> <Delay = 0.87> <FuncUnit> <Opcode : 'icmp'> <InPorts = 2> <OutPorts = 1>
ST_1 : Operation 446 [1/1] (0.00ns)   --->   "%empty = speclooptripcount i32 @_ssdm_op_SpecLoopTripCount, i64 16, i64 16, i64 16"   --->   Operation 446 'speclooptripcount' 'empty' <Predicate = true> <Delay = 0.00>
ST_1 : Operation 447 [1/1] (0.87ns)   --->   "%add_ln40 = add i5 %ch_3, i5 1" [vgg_accelerator.cpp:40]   --->   Operation 447 'add' 'add_ln40' <Predicate = true> <Delay = 0.87> <CoreInst = "Adder">   --->   Core 1 'Adder' <Latency = 0> <II = 1> <Delay = 0.87> <FuncUnit> <Opcode : 'add' 'sub'> <InPorts = 2> <OutPorts = 1>
ST_1 : Operation 448 [1/1] (0.00ns)   --->   "%br_ln40 = br i1 %icmp_ln40, void %for.inc144.split.i, void %for.body152.i.preheader.exitStub" [vgg_accelerator.cpp:40]   --->   Operation 448 'br' 'br_ln40' <Predicate = true> <Delay = 0.00>
ST_1 : Operation 449 [1/1] (0.00ns)   --->   "%tmp_6 = bitconcatenate i8 @_ssdm_op_BitConcatenate.i8.i4.i4, i4 %trunc_ln40, i4 0" [vgg_accelerator.cpp:52]   --->   Operation 449 'bitconcatenate' 'tmp_6' <Predicate = (!icmp_ln40)> <Delay = 0.00>
ST_1 : Operation 450 [1/1] (0.90ns)   --->   "%add_ln52 = add i8 %tmp_6, i8 %zext_ln37_cast" [vgg_accelerator.cpp:52]   --->   Operation 450 'add' 'add_ln52' <Predicate = (!icmp_ln40)> <Delay = 0.90> <CoreInst = "Adder">   --->   Core 1 'Adder' <Latency = 0> <II = 1> <Delay = 0.90> <FuncUnit> <Opcode : 'add' 'sub'> <InPorts = 2> <OutPorts = 1>
ST_1 : Operation 451 [1/1] (0.00ns)   --->   "%zext_ln52 = zext i8 %add_ln52" [vgg_accelerator.cpp:52]   --->   Operation 451 'zext' 'zext_ln52' <Predicate = (!icmp_ln40)> <Delay = 0.00>
ST_1 : Operation 452 [1/1] (0.00ns)   --->   "%void_layer_block_stream_stream_signed_char_const_16_3_3_signed_char_con_2 = getelementptr i8 %void_layer_block_stream_stream_signed_char_const_16_3_3_signed_char_con_1, i64 0, i64 %zext_ln52" [vgg_accelerator.cpp:52]   --->   Operation 452 'getelementptr' 'void_layer_block_stream_stream_signed_char_const_16_3_3_signed_char_con_2' <Predicate = (!icmp_ln40)> <Delay = 0.00>
ST_1 : Operation 453 [1/1] (0.00ns)   --->   "%void_layer_block_stream_stream_signed_char_const_16_3_3_signed_char_con_3 = getelementptr i8 %void_layer_block_stream_stream_signed_char_const_16_3_3_signed_char_con, i64 0, i64 %zext_ln52" [vgg_accelerator.cpp:53]   --->   Operation 453 'getelementptr' 'void_layer_block_stream_stream_signed_char_const_16_3_3_signed_char_con_3' <Predicate = (!icmp_ln40)> <Delay = 0.00>
ST_1 : Operation 454 [1/1] (0.51ns)   --->   "%switch_ln45 = switch i4 %trunc_ln40, void %arrayidx10728.case.15.i, i4 0, void %arrayidx10728.case.0.i, i4 1, void %arrayidx10728.case.1.i, i4 2, void %arrayidx10728.case.2.i, i4 3, void %arrayidx10728.case.3.i, i4 4, void %arrayidx10728.case.4.i, i4 5, void %arrayidx10728.case.5.i, i4 6, void %arrayidx10728.case.6.i, i4 7, void %arrayidx10728.case.7.i, i4 8, void %arrayidx10728.case.8.i, i4 9, void %arrayidx10728.case.9.i, i4 10, void %arrayidx10728.case.10.i, i4 11, void %arrayidx10728.case.11.i, i4 12, void %arrayidx10728.case.12.i, i4 13, void %arrayidx10728.case.13.i, i4 14, void %arrayidx10728.case.14.i" [vgg_accelerator.cpp:45]   --->   Operation 454 'switch' 'switch_ln45' <Predicate = (!icmp_ln40)> <Delay = 0.51>
ST_1 : Operation 455 [2/2] (1.35ns)   --->   "%window_V_513 = load i8 %void_layer_block_stream_stream_signed_char_const_16_3_3_signed_char_con_2" [vgg_accelerator.cpp:58]   --->   Operation 455 'load' 'window_V_513' <Predicate = (!icmp_ln40 & trunc_ln40 == 14)> <Delay = 1.35> <CoreInst = "RAM">   --->   Core 83 'RAM' <Latency = 1> <II = 1> <Delay = 1.35> <Storage> <Opcode : 'load' 'store'> <Ports = 2> <Width = 8> <Depth = 256> <RAM>
ST_1 : Operation 456 [2/2] (1.35ns)   --->   "%window_V_514 = load i8 %void_layer_block_stream_stream_signed_char_const_16_3_3_signed_char_con_3" [vgg_accelerator.cpp:59]   --->   Operation 456 'load' 'window_V_514' <Predicate = (!icmp_ln40 & trunc_ln40 == 14)> <Delay = 1.35> <CoreInst = "RAM">   --->   Core 83 'RAM' <Latency = 1> <II = 1> <Delay = 1.35> <Storage> <Opcode : 'load' 'store'> <Ports = 2> <Width = 8> <Depth = 256> <RAM>
ST_1 : Operation 457 [2/2] (1.35ns)   --->   "%window_V_511 = load i8 %void_layer_block_stream_stream_signed_char_const_16_3_3_signed_char_con_2" [vgg_accelerator.cpp:58]   --->   Operation 457 'load' 'window_V_511' <Predicate = (!icmp_ln40 & trunc_ln40 == 13)> <Delay = 1.35> <CoreInst = "RAM">   --->   Core 83 'RAM' <Latency = 1> <II = 1> <Delay = 1.35> <Storage> <Opcode : 'load' 'store'> <Ports = 2> <Width = 8> <Depth = 256> <RAM>
ST_1 : Operation 458 [2/2] (1.35ns)   --->   "%window_V_512 = load i8 %void_layer_block_stream_stream_signed_char_const_16_3_3_signed_char_con_3" [vgg_accelerator.cpp:59]   --->   Operation 458 'load' 'window_V_512' <Predicate = (!icmp_ln40 & trunc_ln40 == 13)> <Delay = 1.35> <CoreInst = "RAM">   --->   Core 83 'RAM' <Latency = 1> <II = 1> <Delay = 1.35> <Storage> <Opcode : 'load' 'store'> <Ports = 2> <Width = 8> <Depth = 256> <RAM>
ST_1 : Operation 459 [2/2] (1.35ns)   --->   "%window_V_509 = load i8 %void_layer_block_stream_stream_signed_char_const_16_3_3_signed_char_con_2" [vgg_accelerator.cpp:58]   --->   Operation 459 'load' 'window_V_509' <Predicate = (!icmp_ln40 & trunc_ln40 == 12)> <Delay = 1.35> <CoreInst = "RAM">   --->   Core 83 'RAM' <Latency = 1> <II = 1> <Delay = 1.35> <Storage> <Opcode : 'load' 'store'> <Ports = 2> <Width = 8> <Depth = 256> <RAM>
ST_1 : Operation 460 [2/2] (1.35ns)   --->   "%window_V_510 = load i8 %void_layer_block_stream_stream_signed_char_const_16_3_3_signed_char_con_3" [vgg_accelerator.cpp:59]   --->   Operation 460 'load' 'window_V_510' <Predicate = (!icmp_ln40 & trunc_ln40 == 12)> <Delay = 1.35> <CoreInst = "RAM">   --->   Core 83 'RAM' <Latency = 1> <II = 1> <Delay = 1.35> <Storage> <Opcode : 'load' 'store'> <Ports = 2> <Width = 8> <Depth = 256> <RAM>
ST_1 : Operation 461 [2/2] (1.35ns)   --->   "%window_V_507 = load i8 %void_layer_block_stream_stream_signed_char_const_16_3_3_signed_char_con_2" [vgg_accelerator.cpp:58]   --->   Operation 461 'load' 'window_V_507' <Predicate = (!icmp_ln40 & trunc_ln40 == 11)> <Delay = 1.35> <CoreInst = "RAM">   --->   Core 83 'RAM' <Latency = 1> <II = 1> <Delay = 1.35> <Storage> <Opcode : 'load' 'store'> <Ports = 2> <Width = 8> <Depth = 256> <RAM>
ST_1 : Operation 462 [2/2] (1.35ns)   --->   "%window_V_508 = load i8 %void_layer_block_stream_stream_signed_char_const_16_3_3_signed_char_con_3" [vgg_accelerator.cpp:59]   --->   Operation 462 'load' 'window_V_508' <Predicate = (!icmp_ln40 & trunc_ln40 == 11)> <Delay = 1.35> <CoreInst = "RAM">   --->   Core 83 'RAM' <Latency = 1> <II = 1> <Delay = 1.35> <Storage> <Opcode : 'load' 'store'> <Ports = 2> <Width = 8> <Depth = 256> <RAM>
ST_1 : Operation 463 [2/2] (1.35ns)   --->   "%window_V_505 = load i8 %void_layer_block_stream_stream_signed_char_const_16_3_3_signed_char_con_2" [vgg_accelerator.cpp:58]   --->   Operation 463 'load' 'window_V_505' <Predicate = (!icmp_ln40 & trunc_ln40 == 10)> <Delay = 1.35> <CoreInst = "RAM">   --->   Core 83 'RAM' <Latency = 1> <II = 1> <Delay = 1.35> <Storage> <Opcode : 'load' 'store'> <Ports = 2> <Width = 8> <Depth = 256> <RAM>
ST_1 : Operation 464 [2/2] (1.35ns)   --->   "%window_V_506 = load i8 %void_layer_block_stream_stream_signed_char_const_16_3_3_signed_char_con_3" [vgg_accelerator.cpp:59]   --->   Operation 464 'load' 'window_V_506' <Predicate = (!icmp_ln40 & trunc_ln40 == 10)> <Delay = 1.35> <CoreInst = "RAM">   --->   Core 83 'RAM' <Latency = 1> <II = 1> <Delay = 1.35> <Storage> <Opcode : 'load' 'store'> <Ports = 2> <Width = 8> <Depth = 256> <RAM>
ST_1 : Operation 465 [2/2] (1.35ns)   --->   "%window_V_503 = load i8 %void_layer_block_stream_stream_signed_char_const_16_3_3_signed_char_con_2" [vgg_accelerator.cpp:58]   --->   Operation 465 'load' 'window_V_503' <Predicate = (!icmp_ln40 & trunc_ln40 == 9)> <Delay = 1.35> <CoreInst = "RAM">   --->   Core 83 'RAM' <Latency = 1> <II = 1> <Delay = 1.35> <Storage> <Opcode : 'load' 'store'> <Ports = 2> <Width = 8> <Depth = 256> <RAM>
ST_1 : Operation 466 [2/2] (1.35ns)   --->   "%window_V_504 = load i8 %void_layer_block_stream_stream_signed_char_const_16_3_3_signed_char_con_3" [vgg_accelerator.cpp:59]   --->   Operation 466 'load' 'window_V_504' <Predicate = (!icmp_ln40 & trunc_ln40 == 9)> <Delay = 1.35> <CoreInst = "RAM">   --->   Core 83 'RAM' <Latency = 1> <II = 1> <Delay = 1.35> <Storage> <Opcode : 'load' 'store'> <Ports = 2> <Width = 8> <Depth = 256> <RAM>
ST_1 : Operation 467 [2/2] (1.35ns)   --->   "%window_V_501 = load i8 %void_layer_block_stream_stream_signed_char_const_16_3_3_signed_char_con_2" [vgg_accelerator.cpp:58]   --->   Operation 467 'load' 'window_V_501' <Predicate = (!icmp_ln40 & trunc_ln40 == 8)> <Delay = 1.35> <CoreInst = "RAM">   --->   Core 83 'RAM' <Latency = 1> <II = 1> <Delay = 1.35> <Storage> <Opcode : 'load' 'store'> <Ports = 2> <Width = 8> <Depth = 256> <RAM>
ST_1 : Operation 468 [2/2] (1.35ns)   --->   "%window_V_502 = load i8 %void_layer_block_stream_stream_signed_char_const_16_3_3_signed_char_con_3" [vgg_accelerator.cpp:59]   --->   Operation 468 'load' 'window_V_502' <Predicate = (!icmp_ln40 & trunc_ln40 == 8)> <Delay = 1.35> <CoreInst = "RAM">   --->   Core 83 'RAM' <Latency = 1> <II = 1> <Delay = 1.35> <Storage> <Opcode : 'load' 'store'> <Ports = 2> <Width = 8> <Depth = 256> <RAM>
ST_1 : Operation 469 [2/2] (1.35ns)   --->   "%window_V_499 = load i8 %void_layer_block_stream_stream_signed_char_const_16_3_3_signed_char_con_2" [vgg_accelerator.cpp:58]   --->   Operation 469 'load' 'window_V_499' <Predicate = (!icmp_ln40 & trunc_ln40 == 7)> <Delay = 1.35> <CoreInst = "RAM">   --->   Core 83 'RAM' <Latency = 1> <II = 1> <Delay = 1.35> <Storage> <Opcode : 'load' 'store'> <Ports = 2> <Width = 8> <Depth = 256> <RAM>
ST_1 : Operation 470 [2/2] (1.35ns)   --->   "%window_V_500 = load i8 %void_layer_block_stream_stream_signed_char_const_16_3_3_signed_char_con_3" [vgg_accelerator.cpp:59]   --->   Operation 470 'load' 'window_V_500' <Predicate = (!icmp_ln40 & trunc_ln40 == 7)> <Delay = 1.35> <CoreInst = "RAM">   --->   Core 83 'RAM' <Latency = 1> <II = 1> <Delay = 1.35> <Storage> <Opcode : 'load' 'store'> <Ports = 2> <Width = 8> <Depth = 256> <RAM>
ST_1 : Operation 471 [2/2] (1.35ns)   --->   "%window_V_497 = load i8 %void_layer_block_stream_stream_signed_char_const_16_3_3_signed_char_con_2" [vgg_accelerator.cpp:58]   --->   Operation 471 'load' 'window_V_497' <Predicate = (!icmp_ln40 & trunc_ln40 == 6)> <Delay = 1.35> <CoreInst = "RAM">   --->   Core 83 'RAM' <Latency = 1> <II = 1> <Delay = 1.35> <Storage> <Opcode : 'load' 'store'> <Ports = 2> <Width = 8> <Depth = 256> <RAM>
ST_1 : Operation 472 [2/2] (1.35ns)   --->   "%window_V_498 = load i8 %void_layer_block_stream_stream_signed_char_const_16_3_3_signed_char_con_3" [vgg_accelerator.cpp:59]   --->   Operation 472 'load' 'window_V_498' <Predicate = (!icmp_ln40 & trunc_ln40 == 6)> <Delay = 1.35> <CoreInst = "RAM">   --->   Core 83 'RAM' <Latency = 1> <II = 1> <Delay = 1.35> <Storage> <Opcode : 'load' 'store'> <Ports = 2> <Width = 8> <Depth = 256> <RAM>
ST_1 : Operation 473 [2/2] (1.35ns)   --->   "%window_V_495 = load i8 %void_layer_block_stream_stream_signed_char_const_16_3_3_signed_char_con_2" [vgg_accelerator.cpp:58]   --->   Operation 473 'load' 'window_V_495' <Predicate = (!icmp_ln40 & trunc_ln40 == 5)> <Delay = 1.35> <CoreInst = "RAM">   --->   Core 83 'RAM' <Latency = 1> <II = 1> <Delay = 1.35> <Storage> <Opcode : 'load' 'store'> <Ports = 2> <Width = 8> <Depth = 256> <RAM>
ST_1 : Operation 474 [2/2] (1.35ns)   --->   "%window_V_496 = load i8 %void_layer_block_stream_stream_signed_char_const_16_3_3_signed_char_con_3" [vgg_accelerator.cpp:59]   --->   Operation 474 'load' 'window_V_496' <Predicate = (!icmp_ln40 & trunc_ln40 == 5)> <Delay = 1.35> <CoreInst = "RAM">   --->   Core 83 'RAM' <Latency = 1> <II = 1> <Delay = 1.35> <Storage> <Opcode : 'load' 'store'> <Ports = 2> <Width = 8> <Depth = 256> <RAM>
ST_1 : Operation 475 [2/2] (1.35ns)   --->   "%window_V_493 = load i8 %void_layer_block_stream_stream_signed_char_const_16_3_3_signed_char_con_2" [vgg_accelerator.cpp:58]   --->   Operation 475 'load' 'window_V_493' <Predicate = (!icmp_ln40 & trunc_ln40 == 4)> <Delay = 1.35> <CoreInst = "RAM">   --->   Core 83 'RAM' <Latency = 1> <II = 1> <Delay = 1.35> <Storage> <Opcode : 'load' 'store'> <Ports = 2> <Width = 8> <Depth = 256> <RAM>
ST_1 : Operation 476 [2/2] (1.35ns)   --->   "%window_V_494 = load i8 %void_layer_block_stream_stream_signed_char_const_16_3_3_signed_char_con_3" [vgg_accelerator.cpp:59]   --->   Operation 476 'load' 'window_V_494' <Predicate = (!icmp_ln40 & trunc_ln40 == 4)> <Delay = 1.35> <CoreInst = "RAM">   --->   Core 83 'RAM' <Latency = 1> <II = 1> <Delay = 1.35> <Storage> <Opcode : 'load' 'store'> <Ports = 2> <Width = 8> <Depth = 256> <RAM>
ST_1 : Operation 477 [2/2] (1.35ns)   --->   "%window_V_491 = load i8 %void_layer_block_stream_stream_signed_char_const_16_3_3_signed_char_con_2" [vgg_accelerator.cpp:58]   --->   Operation 477 'load' 'window_V_491' <Predicate = (!icmp_ln40 & trunc_ln40 == 3)> <Delay = 1.35> <CoreInst = "RAM">   --->   Core 83 'RAM' <Latency = 1> <II = 1> <Delay = 1.35> <Storage> <Opcode : 'load' 'store'> <Ports = 2> <Width = 8> <Depth = 256> <RAM>
ST_1 : Operation 478 [2/2] (1.35ns)   --->   "%window_V_492 = load i8 %void_layer_block_stream_stream_signed_char_const_16_3_3_signed_char_con_3" [vgg_accelerator.cpp:59]   --->   Operation 478 'load' 'window_V_492' <Predicate = (!icmp_ln40 & trunc_ln40 == 3)> <Delay = 1.35> <CoreInst = "RAM">   --->   Core 83 'RAM' <Latency = 1> <II = 1> <Delay = 1.35> <Storage> <Opcode : 'load' 'store'> <Ports = 2> <Width = 8> <Depth = 256> <RAM>
ST_1 : Operation 479 [2/2] (1.35ns)   --->   "%window_V_489 = load i8 %void_layer_block_stream_stream_signed_char_const_16_3_3_signed_char_con_2" [vgg_accelerator.cpp:58]   --->   Operation 479 'load' 'window_V_489' <Predicate = (!icmp_ln40 & trunc_ln40 == 2)> <Delay = 1.35> <CoreInst = "RAM">   --->   Core 83 'RAM' <Latency = 1> <II = 1> <Delay = 1.35> <Storage> <Opcode : 'load' 'store'> <Ports = 2> <Width = 8> <Depth = 256> <RAM>
ST_1 : Operation 480 [2/2] (1.35ns)   --->   "%window_V_490 = load i8 %void_layer_block_stream_stream_signed_char_const_16_3_3_signed_char_con_3" [vgg_accelerator.cpp:59]   --->   Operation 480 'load' 'window_V_490' <Predicate = (!icmp_ln40 & trunc_ln40 == 2)> <Delay = 1.35> <CoreInst = "RAM">   --->   Core 83 'RAM' <Latency = 1> <II = 1> <Delay = 1.35> <Storage> <Opcode : 'load' 'store'> <Ports = 2> <Width = 8> <Depth = 256> <RAM>
ST_1 : Operation 481 [2/2] (1.35ns)   --->   "%window_V_487 = load i8 %void_layer_block_stream_stream_signed_char_const_16_3_3_signed_char_con_2" [vgg_accelerator.cpp:58]   --->   Operation 481 'load' 'window_V_487' <Predicate = (!icmp_ln40 & trunc_ln40 == 1)> <Delay = 1.35> <CoreInst = "RAM">   --->   Core 83 'RAM' <Latency = 1> <II = 1> <Delay = 1.35> <Storage> <Opcode : 'load' 'store'> <Ports = 2> <Width = 8> <Depth = 256> <RAM>
ST_1 : Operation 482 [2/2] (1.35ns)   --->   "%window_V_488 = load i8 %void_layer_block_stream_stream_signed_char_const_16_3_3_signed_char_con_3" [vgg_accelerator.cpp:59]   --->   Operation 482 'load' 'window_V_488' <Predicate = (!icmp_ln40 & trunc_ln40 == 1)> <Delay = 1.35> <CoreInst = "RAM">   --->   Core 83 'RAM' <Latency = 1> <II = 1> <Delay = 1.35> <Storage> <Opcode : 'load' 'store'> <Ports = 2> <Width = 8> <Depth = 256> <RAM>
ST_1 : Operation 483 [2/2] (1.35ns)   --->   "%window_V_485 = load i8 %void_layer_block_stream_stream_signed_char_const_16_3_3_signed_char_con_2" [vgg_accelerator.cpp:58]   --->   Operation 483 'load' 'window_V_485' <Predicate = (!icmp_ln40 & trunc_ln40 == 0)> <Delay = 1.35> <CoreInst = "RAM">   --->   Core 83 'RAM' <Latency = 1> <II = 1> <Delay = 1.35> <Storage> <Opcode : 'load' 'store'> <Ports = 2> <Width = 8> <Depth = 256> <RAM>
ST_1 : Operation 484 [2/2] (1.35ns)   --->   "%window_V_486 = load i8 %void_layer_block_stream_stream_signed_char_const_16_3_3_signed_char_con_3" [vgg_accelerator.cpp:59]   --->   Operation 484 'load' 'window_V_486' <Predicate = (!icmp_ln40 & trunc_ln40 == 0)> <Delay = 1.35> <CoreInst = "RAM">   --->   Core 83 'RAM' <Latency = 1> <II = 1> <Delay = 1.35> <Storage> <Opcode : 'load' 'store'> <Ports = 2> <Width = 8> <Depth = 256> <RAM>
ST_1 : Operation 485 [2/2] (1.35ns)   --->   "%window_V_482 = load i8 %void_layer_block_stream_stream_signed_char_const_16_3_3_signed_char_con_2" [vgg_accelerator.cpp:58]   --->   Operation 485 'load' 'window_V_482' <Predicate = (!icmp_ln40 & trunc_ln40 == 15)> <Delay = 1.35> <CoreInst = "RAM">   --->   Core 83 'RAM' <Latency = 1> <II = 1> <Delay = 1.35> <Storage> <Opcode : 'load' 'store'> <Ports = 2> <Width = 8> <Depth = 256> <RAM>
ST_1 : Operation 486 [2/2] (1.35ns)   --->   "%window_V_483 = load i8 %void_layer_block_stream_stream_signed_char_const_16_3_3_signed_char_con_3" [vgg_accelerator.cpp:59]   --->   Operation 486 'load' 'window_V_483' <Predicate = (!icmp_ln40 & trunc_ln40 == 15)> <Delay = 1.35> <CoreInst = "RAM">   --->   Core 83 'RAM' <Latency = 1> <II = 1> <Delay = 1.35> <Storage> <Opcode : 'load' 'store'> <Ports = 2> <Width = 8> <Depth = 256> <RAM>
ST_1 : Operation 487 [1/1] (0.48ns)   --->   "%store_ln40 = store i5 %add_ln40, i5 %ch" [vgg_accelerator.cpp:40]   --->   Operation 487 'store' 'store_ln40' <Predicate = (!icmp_ln40)> <Delay = 0.48>
ST_1 : Operation 488 [1/1] (0.00ns)   --->   "%br_ln40 = br void %for.inc144.i" [vgg_accelerator.cpp:40]   --->   Operation 488 'br' 'br_ln40' <Predicate = (!icmp_ln40)> <Delay = 0.00>
ST_1 : Operation 813 [1/1] (0.00ns)   --->   "%window_V_418_load = load i8 %window_V_418"   --->   Operation 813 'load' 'window_V_418_load' <Predicate = (icmp_ln40)> <Delay = 0.00>
ST_1 : Operation 814 [1/1] (0.00ns)   --->   "%window_V_234_load_2 = load i8 %window_V_234"   --->   Operation 814 'load' 'window_V_234_load_2' <Predicate = (icmp_ln40)> <Delay = 0.00>
ST_1 : Operation 815 [1/1] (0.00ns)   --->   "%window_V_419_load = load i8 %window_V_419"   --->   Operation 815 'load' 'window_V_419_load' <Predicate = (icmp_ln40)> <Delay = 0.00>
ST_1 : Operation 816 [1/1] (0.00ns)   --->   "%window_V_236_load_1 = load i8 %window_V_236"   --->   Operation 816 'load' 'window_V_236_load_1' <Predicate = (icmp_ln40)> <Delay = 0.00>
ST_1 : Operation 817 [1/1] (0.00ns)   --->   "%window_V_235_load_1 = load i8 %window_V_235"   --->   Operation 817 'load' 'window_V_235_load_1' <Predicate = (icmp_ln40)> <Delay = 0.00>
ST_1 : Operation 818 [1/1] (0.00ns)   --->   "%window_V_420_load = load i8 %window_V_420"   --->   Operation 818 'load' 'window_V_420_load' <Predicate = (icmp_ln40)> <Delay = 0.00>
ST_1 : Operation 819 [1/1] (0.00ns)   --->   "%window_V_238_load_2 = load i8 %window_V_238"   --->   Operation 819 'load' 'window_V_238_load_2' <Predicate = (icmp_ln40)> <Delay = 0.00>
ST_1 : Operation 820 [1/1] (0.00ns)   --->   "%window_V_237_load_1 = load i8 %window_V_237"   --->   Operation 820 'load' 'window_V_237_load_1' <Predicate = (icmp_ln40)> <Delay = 0.00>
ST_1 : Operation 821 [1/1] (0.00ns)   --->   "%window_V_421_load = load i8 %window_V_421"   --->   Operation 821 'load' 'window_V_421_load' <Predicate = (icmp_ln40)> <Delay = 0.00>
ST_1 : Operation 822 [1/1] (0.00ns)   --->   "%window_V_422_load = load i8 %window_V_422"   --->   Operation 822 'load' 'window_V_422_load' <Predicate = (icmp_ln40)> <Delay = 0.00>
ST_1 : Operation 823 [1/1] (0.00ns)   --->   "%window_V_241_load_1 = load i8 %window_V_241"   --->   Operation 823 'load' 'window_V_241_load_1' <Predicate = (icmp_ln40)> <Delay = 0.00>
ST_1 : Operation 824 [1/1] (0.00ns)   --->   "%window_V_423_load = load i8 %window_V_423"   --->   Operation 824 'load' 'window_V_423_load' <Predicate = (icmp_ln40)> <Delay = 0.00>
ST_1 : Operation 825 [1/1] (0.00ns)   --->   "%window_V_243_load_1 = load i8 %window_V_243"   --->   Operation 825 'load' 'window_V_243_load_1' <Predicate = (icmp_ln40)> <Delay = 0.00>
ST_1 : Operation 826 [1/1] (0.00ns)   --->   "%window_V_242_load_2 = load i8 %window_V_242"   --->   Operation 826 'load' 'window_V_242_load_2' <Predicate = (icmp_ln40)> <Delay = 0.00>
ST_1 : Operation 827 [1/1] (0.00ns)   --->   "%window_V_424_load = load i8 %window_V_424"   --->   Operation 827 'load' 'window_V_424_load' <Predicate = (icmp_ln40)> <Delay = 0.00>
ST_1 : Operation 828 [1/1] (0.00ns)   --->   "%window_V_245_load_1 = load i8 %window_V_245"   --->   Operation 828 'load' 'window_V_245_load_1' <Predicate = (icmp_ln40)> <Delay = 0.00>
ST_1 : Operation 829 [1/1] (0.00ns)   --->   "%window_V_244_load_1 = load i8 %window_V_244"   --->   Operation 829 'load' 'window_V_244_load_1' <Predicate = (icmp_ln40)> <Delay = 0.00>
ST_1 : Operation 830 [1/1] (0.00ns)   --->   "%window_V_425_load = load i8 %window_V_425"   --->   Operation 830 'load' 'window_V_425_load' <Predicate = (icmp_ln40)> <Delay = 0.00>
ST_1 : Operation 831 [1/1] (0.00ns)   --->   "%window_V_426_load = load i8 %window_V_426"   --->   Operation 831 'load' 'window_V_426_load' <Predicate = (icmp_ln40)> <Delay = 0.00>
ST_1 : Operation 832 [1/1] (0.00ns)   --->   "%window_V_248_load_1 = load i8 %window_V_248"   --->   Operation 832 'load' 'window_V_248_load_1' <Predicate = (icmp_ln40)> <Delay = 0.00>
ST_1 : Operation 833 [1/1] (0.00ns)   --->   "%window_V_427_load = load i8 %window_V_427"   --->   Operation 833 'load' 'window_V_427_load' <Predicate = (icmp_ln40)> <Delay = 0.00>
ST_1 : Operation 834 [1/1] (0.00ns)   --->   "%window_V_250_load_2 = load i8 %window_V_250"   --->   Operation 834 'load' 'window_V_250_load_2' <Predicate = (icmp_ln40)> <Delay = 0.00>
ST_1 : Operation 835 [1/1] (0.00ns)   --->   "%window_V_249_load_1 = load i8 %window_V_249"   --->   Operation 835 'load' 'window_V_249_load_1' <Predicate = (icmp_ln40)> <Delay = 0.00>
ST_1 : Operation 836 [1/1] (0.00ns)   --->   "%window_V_428_load = load i8 %window_V_428"   --->   Operation 836 'load' 'window_V_428_load' <Predicate = (icmp_ln40)> <Delay = 0.00>
ST_1 : Operation 837 [1/1] (0.00ns)   --->   "%window_V_252_load_1 = load i8 %window_V_252"   --->   Operation 837 'load' 'window_V_252_load_1' <Predicate = (icmp_ln40)> <Delay = 0.00>
ST_1 : Operation 838 [1/1] (0.00ns)   --->   "%window_V_251_load_1 = load i8 %window_V_251"   --->   Operation 838 'load' 'window_V_251_load_1' <Predicate = (icmp_ln40)> <Delay = 0.00>
ST_1 : Operation 839 [1/1] (0.00ns)   --->   "%window_V_429_load = load i8 %window_V_429"   --->   Operation 839 'load' 'window_V_429_load' <Predicate = (icmp_ln40)> <Delay = 0.00>
ST_1 : Operation 840 [1/1] (0.00ns)   --->   "%window_V_430_load = load i8 %window_V_430"   --->   Operation 840 'load' 'window_V_430_load' <Predicate = (icmp_ln40)> <Delay = 0.00>
ST_1 : Operation 841 [1/1] (0.00ns)   --->   "%window_V_255_load_1 = load i8 %window_V_255"   --->   Operation 841 'load' 'window_V_255_load_1' <Predicate = (icmp_ln40)> <Delay = 0.00>
ST_1 : Operation 842 [1/1] (0.00ns)   --->   "%window_V_431_load = load i8 %window_V_431"   --->   Operation 842 'load' 'window_V_431_load' <Predicate = (icmp_ln40)> <Delay = 0.00>
ST_1 : Operation 843 [1/1] (0.00ns)   --->   "%window_V_257_load_1 = load i8 %window_V_257"   --->   Operation 843 'load' 'window_V_257_load_1' <Predicate = (icmp_ln40)> <Delay = 0.00>
ST_1 : Operation 844 [1/1] (0.00ns)   --->   "%window_V_256_load_1 = load i8 %window_V_256"   --->   Operation 844 'load' 'window_V_256_load_1' <Predicate = (icmp_ln40)> <Delay = 0.00>
ST_1 : Operation 845 [1/1] (0.00ns)   --->   "%window_V_432_load = load i8 %window_V_432"   --->   Operation 845 'load' 'window_V_432_load' <Predicate = (icmp_ln40)> <Delay = 0.00>
ST_1 : Operation 846 [1/1] (0.00ns)   --->   "%window_V_259_load_1 = load i8 %window_V_259"   --->   Operation 846 'load' 'window_V_259_load_1' <Predicate = (icmp_ln40)> <Delay = 0.00>
ST_1 : Operation 847 [1/1] (0.00ns)   --->   "%window_V_258_load_2 = load i8 %window_V_258"   --->   Operation 847 'load' 'window_V_258_load_2' <Predicate = (icmp_ln40)> <Delay = 0.00>
ST_1 : Operation 848 [1/1] (0.00ns)   --->   "%window_V_433_load = load i8 %window_V_433"   --->   Operation 848 'load' 'window_V_433_load' <Predicate = (icmp_ln40)> <Delay = 0.00>
ST_1 : Operation 849 [1/1] (0.00ns)   --->   "%window_V_434_load = load i8 %window_V_434"   --->   Operation 849 'load' 'window_V_434_load' <Predicate = (icmp_ln40)> <Delay = 0.00>
ST_1 : Operation 850 [1/1] (0.00ns)   --->   "%window_V_262_load_2 = load i8 %window_V_262"   --->   Operation 850 'load' 'window_V_262_load_2' <Predicate = (icmp_ln40)> <Delay = 0.00>
ST_1 : Operation 851 [1/1] (0.00ns)   --->   "%window_V_435_load = load i8 %window_V_435"   --->   Operation 851 'load' 'window_V_435_load' <Predicate = (icmp_ln40)> <Delay = 0.00>
ST_1 : Operation 852 [1/1] (0.00ns)   --->   "%window_V_264_load_1 = load i8 %window_V_264"   --->   Operation 852 'load' 'window_V_264_load_1' <Predicate = (icmp_ln40)> <Delay = 0.00>
ST_1 : Operation 853 [1/1] (0.00ns)   --->   "%window_V_263_load_1 = load i8 %window_V_263"   --->   Operation 853 'load' 'window_V_263_load_1' <Predicate = (icmp_ln40)> <Delay = 0.00>
ST_1 : Operation 854 [1/1] (0.00ns)   --->   "%window_V_436_load = load i8 %window_V_436"   --->   Operation 854 'load' 'window_V_436_load' <Predicate = (icmp_ln40)> <Delay = 0.00>
ST_1 : Operation 855 [1/1] (0.00ns)   --->   "%window_V_266_load_2 = load i8 %window_V_266"   --->   Operation 855 'load' 'window_V_266_load_2' <Predicate = (icmp_ln40)> <Delay = 0.00>
ST_1 : Operation 856 [1/1] (0.00ns)   --->   "%window_V_265_load_1 = load i8 %window_V_265"   --->   Operation 856 'load' 'window_V_265_load_1' <Predicate = (icmp_ln40)> <Delay = 0.00>
ST_1 : Operation 857 [1/1] (0.00ns)   --->   "%window_V_437_load = load i8 %window_V_437"   --->   Operation 857 'load' 'window_V_437_load' <Predicate = (icmp_ln40)> <Delay = 0.00>
ST_1 : Operation 858 [1/1] (0.00ns)   --->   "%window_V_438_load = load i8 %window_V_438"   --->   Operation 858 'load' 'window_V_438_load' <Predicate = (icmp_ln40)> <Delay = 0.00>
ST_1 : Operation 859 [1/1] (0.00ns)   --->   "%window_V_269_load_1 = load i8 %window_V_269"   --->   Operation 859 'load' 'window_V_269_load_1' <Predicate = (icmp_ln40)> <Delay = 0.00>
ST_1 : Operation 860 [1/1] (0.00ns)   --->   "%window_V_439_load = load i8 %window_V_439"   --->   Operation 860 'load' 'window_V_439_load' <Predicate = (icmp_ln40)> <Delay = 0.00>
ST_1 : Operation 861 [1/1] (0.00ns)   --->   "%window_V_271_load_1 = load i8 %window_V_271"   --->   Operation 861 'load' 'window_V_271_load_1' <Predicate = (icmp_ln40)> <Delay = 0.00>
ST_1 : Operation 862 [1/1] (0.00ns)   --->   "%window_V_270_load_2 = load i8 %window_V_270"   --->   Operation 862 'load' 'window_V_270_load_2' <Predicate = (icmp_ln40)> <Delay = 0.00>
ST_1 : Operation 863 [1/1] (0.00ns)   --->   "%window_V_440_load = load i8 %window_V_440"   --->   Operation 863 'load' 'window_V_440_load' <Predicate = (icmp_ln40)> <Delay = 0.00>
ST_1 : Operation 864 [1/1] (0.00ns)   --->   "%window_V_273_load_1 = load i8 %window_V_273"   --->   Operation 864 'load' 'window_V_273_load_1' <Predicate = (icmp_ln40)> <Delay = 0.00>
ST_1 : Operation 865 [1/1] (0.00ns)   --->   "%window_V_272_load_1 = load i8 %window_V_272"   --->   Operation 865 'load' 'window_V_272_load_1' <Predicate = (icmp_ln40)> <Delay = 0.00>
ST_1 : Operation 866 [1/1] (0.00ns)   --->   "%window_V_441_load = load i8 %window_V_441"   --->   Operation 866 'load' 'window_V_441_load' <Predicate = (icmp_ln40)> <Delay = 0.00>
ST_1 : Operation 867 [1/1] (0.00ns)   --->   "%window_V_442_load = load i8 %window_V_442"   --->   Operation 867 'load' 'window_V_442_load' <Predicate = (icmp_ln40)> <Delay = 0.00>
ST_1 : Operation 868 [1/1] (0.00ns)   --->   "%window_V_276_load_1 = load i8 %window_V_276"   --->   Operation 868 'load' 'window_V_276_load_1' <Predicate = (icmp_ln40)> <Delay = 0.00>
ST_1 : Operation 869 [1/1] (0.00ns)   --->   "%window_V_443_load = load i8 %window_V_443"   --->   Operation 869 'load' 'window_V_443_load' <Predicate = (icmp_ln40)> <Delay = 0.00>
ST_1 : Operation 870 [1/1] (0.00ns)   --->   "%window_V_278_load_2 = load i8 %window_V_278"   --->   Operation 870 'load' 'window_V_278_load_2' <Predicate = (icmp_ln40)> <Delay = 0.00>
ST_1 : Operation 871 [1/1] (0.00ns)   --->   "%window_V_277_load_1 = load i8 %window_V_277"   --->   Operation 871 'load' 'window_V_277_load_1' <Predicate = (icmp_ln40)> <Delay = 0.00>
ST_1 : Operation 872 [1/1] (0.00ns)   --->   "%window_V_444_load = load i8 %window_V_444"   --->   Operation 872 'load' 'window_V_444_load' <Predicate = (icmp_ln40)> <Delay = 0.00>
ST_1 : Operation 873 [1/1] (0.00ns)   --->   "%window_V_280_load_1 = load i8 %window_V_280"   --->   Operation 873 'load' 'window_V_280_load_1' <Predicate = (icmp_ln40)> <Delay = 0.00>
ST_1 : Operation 874 [1/1] (0.00ns)   --->   "%window_V_279_load_1 = load i8 %window_V_279"   --->   Operation 874 'load' 'window_V_279_load_1' <Predicate = (icmp_ln40)> <Delay = 0.00>
ST_1 : Operation 875 [1/1] (0.00ns)   --->   "%window_V_445_load = load i8 %window_V_445"   --->   Operation 875 'load' 'window_V_445_load' <Predicate = (icmp_ln40)> <Delay = 0.00>
ST_1 : Operation 876 [1/1] (0.00ns)   --->   "%window_V_446_load = load i8 %window_V_446"   --->   Operation 876 'load' 'window_V_446_load' <Predicate = (icmp_ln40)> <Delay = 0.00>
ST_1 : Operation 877 [1/1] (0.00ns)   --->   "%window_V_283_load_1 = load i8 %window_V_283"   --->   Operation 877 'load' 'window_V_283_load_1' <Predicate = (icmp_ln40)> <Delay = 0.00>
ST_1 : Operation 878 [1/1] (0.00ns)   --->   "%window_V_447_load = load i8 %window_V_447"   --->   Operation 878 'load' 'window_V_447_load' <Predicate = (icmp_ln40)> <Delay = 0.00>
ST_1 : Operation 879 [1/1] (0.00ns)   --->   "%window_V_285_load_1 = load i8 %window_V_285"   --->   Operation 879 'load' 'window_V_285_load_1' <Predicate = (icmp_ln40)> <Delay = 0.00>
ST_1 : Operation 880 [1/1] (0.00ns)   --->   "%window_V_284_load_1 = load i8 %window_V_284"   --->   Operation 880 'load' 'window_V_284_load_1' <Predicate = (icmp_ln40)> <Delay = 0.00>
ST_1 : Operation 881 [1/1] (0.00ns)   --->   "%window_V_448_load = load i8 %window_V_448"   --->   Operation 881 'load' 'window_V_448_load' <Predicate = (icmp_ln40)> <Delay = 0.00>
ST_1 : Operation 882 [1/1] (0.00ns)   --->   "%window_V_287_load_1 = load i8 %window_V_287"   --->   Operation 882 'load' 'window_V_287_load_1' <Predicate = (icmp_ln40)> <Delay = 0.00>
ST_1 : Operation 883 [1/1] (0.00ns)   --->   "%window_V_286_load_2 = load i8 %window_V_286"   --->   Operation 883 'load' 'window_V_286_load_2' <Predicate = (icmp_ln40)> <Delay = 0.00>
ST_1 : Operation 884 [1/1] (0.00ns)   --->   "%window_V_449_load = load i8 %window_V_449"   --->   Operation 884 'load' 'window_V_449_load' <Predicate = (icmp_ln40)> <Delay = 0.00>
ST_1 : Operation 885 [1/1] (0.00ns)   --->   "%window_V_450_load = load i8 %window_V_450"   --->   Operation 885 'load' 'window_V_450_load' <Predicate = (icmp_ln40)> <Delay = 0.00>
ST_1 : Operation 886 [1/1] (0.00ns)   --->   "%window_V_290_load_2 = load i8 %window_V_290"   --->   Operation 886 'load' 'window_V_290_load_2' <Predicate = (icmp_ln40)> <Delay = 0.00>
ST_1 : Operation 887 [1/1] (0.00ns)   --->   "%window_V_451_load = load i8 %window_V_451"   --->   Operation 887 'load' 'window_V_451_load' <Predicate = (icmp_ln40)> <Delay = 0.00>
ST_1 : Operation 888 [1/1] (0.00ns)   --->   "%window_V_292_load_1 = load i8 %window_V_292"   --->   Operation 888 'load' 'window_V_292_load_1' <Predicate = (icmp_ln40)> <Delay = 0.00>
ST_1 : Operation 889 [1/1] (0.00ns)   --->   "%window_V_291_load_1 = load i8 %window_V_291"   --->   Operation 889 'load' 'window_V_291_load_1' <Predicate = (icmp_ln40)> <Delay = 0.00>
ST_1 : Operation 890 [1/1] (0.00ns)   --->   "%window_V_452_load = load i8 %window_V_452"   --->   Operation 890 'load' 'window_V_452_load' <Predicate = (icmp_ln40)> <Delay = 0.00>
ST_1 : Operation 891 [1/1] (0.00ns)   --->   "%window_V_294_load_2 = load i8 %window_V_294"   --->   Operation 891 'load' 'window_V_294_load_2' <Predicate = (icmp_ln40)> <Delay = 0.00>
ST_1 : Operation 892 [1/1] (0.00ns)   --->   "%window_V_293_load_1 = load i8 %window_V_293"   --->   Operation 892 'load' 'window_V_293_load_1' <Predicate = (icmp_ln40)> <Delay = 0.00>
ST_1 : Operation 893 [1/1] (0.00ns)   --->   "%window_V_453_load = load i8 %window_V_453"   --->   Operation 893 'load' 'window_V_453_load' <Predicate = (icmp_ln40)> <Delay = 0.00>
ST_1 : Operation 894 [1/1] (0.00ns)   --->   "%window_V_454_load = load i8 %window_V_454"   --->   Operation 894 'load' 'window_V_454_load' <Predicate = (icmp_ln40)> <Delay = 0.00>
ST_1 : Operation 895 [1/1] (0.00ns)   --->   "%window_V_297_load_1 = load i8 %window_V_297"   --->   Operation 895 'load' 'window_V_297_load_1' <Predicate = (icmp_ln40)> <Delay = 0.00>
ST_1 : Operation 896 [1/1] (0.00ns)   --->   "%window_V_455_load = load i8 %window_V_455"   --->   Operation 896 'load' 'window_V_455_load' <Predicate = (icmp_ln40)> <Delay = 0.00>
ST_1 : Operation 897 [1/1] (0.00ns)   --->   "%window_V_299_load_1 = load i8 %window_V_299"   --->   Operation 897 'load' 'window_V_299_load_1' <Predicate = (icmp_ln40)> <Delay = 0.00>
ST_1 : Operation 898 [1/1] (0.00ns)   --->   "%window_V_298_load_2 = load i8 %window_V_298"   --->   Operation 898 'load' 'window_V_298_load_2' <Predicate = (icmp_ln40)> <Delay = 0.00>
ST_1 : Operation 899 [1/1] (0.00ns)   --->   "%window_V_456_load = load i8 %window_V_456"   --->   Operation 899 'load' 'window_V_456_load' <Predicate = (icmp_ln40)> <Delay = 0.00>
ST_1 : Operation 900 [1/1] (0.00ns)   --->   "%window_V_301_load_1 = load i8 %window_V_301"   --->   Operation 900 'load' 'window_V_301_load_1' <Predicate = (icmp_ln40)> <Delay = 0.00>
ST_1 : Operation 901 [1/1] (0.00ns)   --->   "%window_V_300_load_1 = load i8 %window_V_300"   --->   Operation 901 'load' 'window_V_300_load_1' <Predicate = (icmp_ln40)> <Delay = 0.00>
ST_1 : Operation 902 [1/1] (0.00ns)   --->   "%window_V_457_load = load i8 %window_V_457"   --->   Operation 902 'load' 'window_V_457_load' <Predicate = (icmp_ln40)> <Delay = 0.00>
ST_1 : Operation 903 [1/1] (0.00ns)   --->   "%window_V_458_load = load i8 %window_V_458"   --->   Operation 903 'load' 'window_V_458_load' <Predicate = (icmp_ln40)> <Delay = 0.00>
ST_1 : Operation 904 [1/1] (0.00ns)   --->   "%window_V_304_load_1 = load i8 %window_V_304"   --->   Operation 904 'load' 'window_V_304_load_1' <Predicate = (icmp_ln40)> <Delay = 0.00>
ST_1 : Operation 905 [1/1] (0.00ns)   --->   "%window_V_459_load = load i8 %window_V_459"   --->   Operation 905 'load' 'window_V_459_load' <Predicate = (icmp_ln40)> <Delay = 0.00>
ST_1 : Operation 906 [1/1] (0.00ns)   --->   "%window_V_306_load_2 = load i8 %window_V_306"   --->   Operation 906 'load' 'window_V_306_load_2' <Predicate = (icmp_ln40)> <Delay = 0.00>
ST_1 : Operation 907 [1/1] (0.00ns)   --->   "%window_V_305_load_1 = load i8 %window_V_305"   --->   Operation 907 'load' 'window_V_305_load_1' <Predicate = (icmp_ln40)> <Delay = 0.00>
ST_1 : Operation 908 [1/1] (0.00ns)   --->   "%window_V_460_load = load i8 %window_V_460"   --->   Operation 908 'load' 'window_V_460_load' <Predicate = (icmp_ln40)> <Delay = 0.00>
ST_1 : Operation 909 [1/1] (0.00ns)   --->   "%window_V_308_load_1 = load i8 %window_V_308"   --->   Operation 909 'load' 'window_V_308_load_1' <Predicate = (icmp_ln40)> <Delay = 0.00>
ST_1 : Operation 910 [1/1] (0.00ns)   --->   "%window_V_307_load_1 = load i8 %window_V_307"   --->   Operation 910 'load' 'window_V_307_load_1' <Predicate = (icmp_ln40)> <Delay = 0.00>
ST_1 : Operation 911 [1/1] (0.00ns)   --->   "%window_V_461_load = load i8 %window_V_461"   --->   Operation 911 'load' 'window_V_461_load' <Predicate = (icmp_ln40)> <Delay = 0.00>
ST_1 : Operation 912 [1/1] (0.00ns)   --->   "%window_V_462_load = load i8 %window_V_462"   --->   Operation 912 'load' 'window_V_462_load' <Predicate = (icmp_ln40)> <Delay = 0.00>
ST_1 : Operation 913 [1/1] (0.00ns)   --->   "%window_V_311_load_1 = load i8 %window_V_311"   --->   Operation 913 'load' 'window_V_311_load_1' <Predicate = (icmp_ln40)> <Delay = 0.00>
ST_1 : Operation 914 [1/1] (0.00ns)   --->   "%window_V_463_load = load i8 %window_V_463"   --->   Operation 914 'load' 'window_V_463_load' <Predicate = (icmp_ln40)> <Delay = 0.00>
ST_1 : Operation 915 [1/1] (0.00ns)   --->   "%window_V_313_load_1 = load i8 %window_V_313"   --->   Operation 915 'load' 'window_V_313_load_1' <Predicate = (icmp_ln40)> <Delay = 0.00>
ST_1 : Operation 916 [1/1] (0.00ns)   --->   "%window_V_312_load_1 = load i8 %window_V_312"   --->   Operation 916 'load' 'window_V_312_load_1' <Predicate = (icmp_ln40)> <Delay = 0.00>
ST_1 : Operation 917 [1/1] (0.00ns)   --->   "%window_V_464_load = load i8 %window_V_464"   --->   Operation 917 'load' 'window_V_464_load' <Predicate = (icmp_ln40)> <Delay = 0.00>
ST_1 : Operation 918 [1/1] (0.00ns)   --->   "%window_V_315_load_1 = load i8 %window_V_315"   --->   Operation 918 'load' 'window_V_315_load_1' <Predicate = (icmp_ln40)> <Delay = 0.00>
ST_1 : Operation 919 [1/1] (0.00ns)   --->   "%window_V_314_load_2 = load i8 %window_V_314"   --->   Operation 919 'load' 'window_V_314_load_2' <Predicate = (icmp_ln40)> <Delay = 0.00>
ST_1 : Operation 920 [1/1] (0.00ns)   --->   "%window_V_465_load = load i8 %window_V_465"   --->   Operation 920 'load' 'window_V_465_load' <Predicate = (icmp_ln40)> <Delay = 0.00>
ST_1 : Operation 921 [1/1] (0.00ns)   --->   "%window_V_466_load = load i8 %window_V_466"   --->   Operation 921 'load' 'window_V_466_load' <Predicate = (icmp_ln40)> <Delay = 0.00>
ST_1 : Operation 922 [1/1] (0.00ns)   --->   "%window_V_318_load_2 = load i8 %window_V_318"   --->   Operation 922 'load' 'window_V_318_load_2' <Predicate = (icmp_ln40)> <Delay = 0.00>
ST_1 : Operation 923 [1/1] (0.00ns)   --->   "%window_V_467_load = load i8 %window_V_467"   --->   Operation 923 'load' 'window_V_467_load' <Predicate = (icmp_ln40)> <Delay = 0.00>
ST_1 : Operation 924 [1/1] (0.00ns)   --->   "%window_V_320_load_1 = load i8 %window_V_320"   --->   Operation 924 'load' 'window_V_320_load_1' <Predicate = (icmp_ln40)> <Delay = 0.00>
ST_1 : Operation 925 [1/1] (0.00ns)   --->   "%window_V_319_load_1 = load i8 %window_V_319"   --->   Operation 925 'load' 'window_V_319_load_1' <Predicate = (icmp_ln40)> <Delay = 0.00>
ST_1 : Operation 926 [1/1] (0.00ns)   --->   "%window_V_468_load = load i8 %window_V_468"   --->   Operation 926 'load' 'window_V_468_load' <Predicate = (icmp_ln40)> <Delay = 0.00>
ST_1 : Operation 927 [1/1] (0.00ns)   --->   "%window_V_322_load_2 = load i8 %window_V_322"   --->   Operation 927 'load' 'window_V_322_load_2' <Predicate = (icmp_ln40)> <Delay = 0.00>
ST_1 : Operation 928 [1/1] (0.00ns)   --->   "%window_V_321_load_1 = load i8 %window_V_321"   --->   Operation 928 'load' 'window_V_321_load_1' <Predicate = (icmp_ln40)> <Delay = 0.00>
ST_1 : Operation 929 [1/1] (0.00ns)   --->   "%window_V_469_load = load i8 %window_V_469"   --->   Operation 929 'load' 'window_V_469_load' <Predicate = (icmp_ln40)> <Delay = 0.00>
ST_1 : Operation 930 [1/1] (0.00ns)   --->   "%window_V_470_load = load i8 %window_V_470"   --->   Operation 930 'load' 'window_V_470_load' <Predicate = (icmp_ln40)> <Delay = 0.00>
ST_1 : Operation 931 [1/1] (0.00ns)   --->   "%window_V_325_load_1 = load i8 %window_V_325"   --->   Operation 931 'load' 'window_V_325_load_1' <Predicate = (icmp_ln40)> <Delay = 0.00>
ST_1 : Operation 932 [1/1] (0.00ns)   --->   "%window_V_471_load = load i8 %window_V_471"   --->   Operation 932 'load' 'window_V_471_load' <Predicate = (icmp_ln40)> <Delay = 0.00>
ST_1 : Operation 933 [1/1] (0.00ns)   --->   "%window_V_327_load_1 = load i8 %window_V_327"   --->   Operation 933 'load' 'window_V_327_load_1' <Predicate = (icmp_ln40)> <Delay = 0.00>
ST_1 : Operation 934 [1/1] (0.00ns)   --->   "%window_V_326_load_2 = load i8 %window_V_326"   --->   Operation 934 'load' 'window_V_326_load_2' <Predicate = (icmp_ln40)> <Delay = 0.00>
ST_1 : Operation 935 [1/1] (0.00ns)   --->   "%window_V_472_load = load i8 %window_V_472"   --->   Operation 935 'load' 'window_V_472_load' <Predicate = (icmp_ln40)> <Delay = 0.00>
ST_1 : Operation 936 [1/1] (0.00ns)   --->   "%window_V_329_load_1 = load i8 %window_V_329"   --->   Operation 936 'load' 'window_V_329_load_1' <Predicate = (icmp_ln40)> <Delay = 0.00>
ST_1 : Operation 937 [1/1] (0.00ns)   --->   "%window_V_328_load_1 = load i8 %window_V_328"   --->   Operation 937 'load' 'window_V_328_load_1' <Predicate = (icmp_ln40)> <Delay = 0.00>
ST_1 : Operation 938 [1/1] (0.00ns)   --->   "%window_V_473_load = load i8 %window_V_473"   --->   Operation 938 'load' 'window_V_473_load' <Predicate = (icmp_ln40)> <Delay = 0.00>
ST_1 : Operation 939 [1/1] (0.00ns)   --->   "%window_V_474_load = load i8 %window_V_474"   --->   Operation 939 'load' 'window_V_474_load' <Predicate = (icmp_ln40)> <Delay = 0.00>
ST_1 : Operation 940 [1/1] (0.00ns)   --->   "%window_V_332_load_1 = load i8 %window_V_332"   --->   Operation 940 'load' 'window_V_332_load_1' <Predicate = (icmp_ln40)> <Delay = 0.00>
ST_1 : Operation 941 [1/1] (0.00ns)   --->   "%window_V_475_load = load i8 %window_V_475"   --->   Operation 941 'load' 'window_V_475_load' <Predicate = (icmp_ln40)> <Delay = 0.00>
ST_1 : Operation 942 [1/1] (0.00ns)   --->   "%window_V_334_load_2 = load i8 %window_V_334"   --->   Operation 942 'load' 'window_V_334_load_2' <Predicate = (icmp_ln40)> <Delay = 0.00>
ST_1 : Operation 943 [1/1] (0.00ns)   --->   "%window_V_333_load_1 = load i8 %window_V_333"   --->   Operation 943 'load' 'window_V_333_load_1' <Predicate = (icmp_ln40)> <Delay = 0.00>
ST_1 : Operation 944 [1/1] (0.00ns)   --->   "%window_V_476_load = load i8 %window_V_476"   --->   Operation 944 'load' 'window_V_476_load' <Predicate = (icmp_ln40)> <Delay = 0.00>
ST_1 : Operation 945 [1/1] (0.00ns)   --->   "%window_V_336_load_1 = load i8 %window_V_336"   --->   Operation 945 'load' 'window_V_336_load_1' <Predicate = (icmp_ln40)> <Delay = 0.00>
ST_1 : Operation 946 [1/1] (0.00ns)   --->   "%window_V_335_load_1 = load i8 %window_V_335"   --->   Operation 946 'load' 'window_V_335_load_1' <Predicate = (icmp_ln40)> <Delay = 0.00>
ST_1 : Operation 947 [1/1] (0.00ns)   --->   "%window_V_477_load = load i8 %window_V_477"   --->   Operation 947 'load' 'window_V_477_load' <Predicate = (icmp_ln40)> <Delay = 0.00>
ST_1 : Operation 948 [1/1] (0.00ns)   --->   "%window_V_478_load = load i8 %window_V_478"   --->   Operation 948 'load' 'window_V_478_load' <Predicate = (icmp_ln40)> <Delay = 0.00>
ST_1 : Operation 949 [1/1] (0.00ns)   --->   "%window_V_226_load_2 = load i8 %window_V_226"   --->   Operation 949 'load' 'window_V_226_load_2' <Predicate = (icmp_ln40)> <Delay = 0.00>
ST_1 : Operation 950 [1/1] (0.00ns)   --->   "%window_V_479_load = load i8 %window_V_479"   --->   Operation 950 'load' 'window_V_479_load' <Predicate = (icmp_ln40)> <Delay = 0.00>
ST_1 : Operation 951 [1/1] (0.00ns)   --->   "%window_V_228_load_1 = load i8 %window_V_228"   --->   Operation 951 'load' 'window_V_228_load_1' <Predicate = (icmp_ln40)> <Delay = 0.00>
ST_1 : Operation 952 [1/1] (0.00ns)   --->   "%window_V_227_load_1 = load i8 %window_V_227"   --->   Operation 952 'load' 'window_V_227_load_1' <Predicate = (icmp_ln40)> <Delay = 0.00>
ST_1 : Operation 953 [1/1] (0.00ns)   --->   "%window_V_480_load = load i8 %window_V_480"   --->   Operation 953 'load' 'window_V_480_load' <Predicate = (icmp_ln40)> <Delay = 0.00>
ST_1 : Operation 954 [1/1] (0.00ns)   --->   "%window_V_230_load_2 = load i8 %window_V_230"   --->   Operation 954 'load' 'window_V_230_load_2' <Predicate = (icmp_ln40)> <Delay = 0.00>
ST_1 : Operation 955 [1/1] (0.00ns)   --->   "%window_V_229_load_1 = load i8 %window_V_229"   --->   Operation 955 'load' 'window_V_229_load_1' <Predicate = (icmp_ln40)> <Delay = 0.00>
ST_1 : Operation 956 [1/1] (0.00ns)   --->   "%window_V_481_load = load i8 %window_V_481"   --->   Operation 956 'load' 'window_V_481_load' <Predicate = (icmp_ln40)> <Delay = 0.00>
ST_1 : Operation 957 [1/1] (0.00ns)   --->   "%write_ln0 = write void @_ssdm_op_Write.ap_auto.i8P0A, i8 %window_V_230_out, i8 %window_V_230_load_2"   --->   Operation 957 'write' 'write_ln0' <Predicate = (icmp_ln40)> <Delay = 0.00>
ST_1 : Operation 958 [1/1] (0.00ns)   --->   "%write_ln0 = write void @_ssdm_op_Write.ap_auto.i8P0A, i8 %window_V_229_out, i8 %window_V_229_load_1"   --->   Operation 958 'write' 'write_ln0' <Predicate = (icmp_ln40)> <Delay = 0.00>
ST_1 : Operation 959 [1/1] (0.00ns)   --->   "%write_ln0 = write void @_ssdm_op_Write.ap_auto.i8P0A, i8 %window_V_654_2_i_out, i8 %window_V_481_load"   --->   Operation 959 'write' 'write_ln0' <Predicate = (icmp_ln40)> <Delay = 0.00>
ST_1 : Operation 960 [1/1] (0.00ns)   --->   "%write_ln0 = write void @_ssdm_op_Write.ap_auto.i8P0A, i8 %window_V_228_out, i8 %window_V_228_load_1"   --->   Operation 960 'write' 'write_ln0' <Predicate = (icmp_ln40)> <Delay = 0.00>
ST_1 : Operation 961 [1/1] (0.00ns)   --->   "%write_ln0 = write void @_ssdm_op_Write.ap_auto.i8P0A, i8 %window_V_227_out, i8 %window_V_227_load_1"   --->   Operation 961 'write' 'write_ln0' <Predicate = (icmp_ln40)> <Delay = 0.00>
ST_1 : Operation 962 [1/1] (0.00ns)   --->   "%write_ln0 = write void @_ssdm_op_Write.ap_auto.i8P0A, i8 %window_V_651_2_i_out, i8 %window_V_480_load"   --->   Operation 962 'write' 'write_ln0' <Predicate = (icmp_ln40)> <Delay = 0.00>
ST_1 : Operation 963 [1/1] (0.00ns)   --->   "%write_ln0 = write void @_ssdm_op_Write.ap_auto.i8P0A, i8 %window_V_226_out, i8 %window_V_226_load_2"   --->   Operation 963 'write' 'write_ln0' <Predicate = (icmp_ln40)> <Delay = 0.00>
ST_1 : Operation 964 [1/1] (0.00ns)   --->   "%write_ln0 = write void @_ssdm_op_Write.ap_auto.i8P0A, i8 %window_V_649_2_i_out, i8 %window_V_479_load"   --->   Operation 964 'write' 'write_ln0' <Predicate = (icmp_ln40)> <Delay = 0.00>
ST_1 : Operation 965 [1/1] (0.00ns)   --->   "%write_ln0 = write void @_ssdm_op_Write.ap_auto.i8P0A, i8 %window_V_648_2_i_out, i8 %window_V_478_load"   --->   Operation 965 'write' 'write_ln0' <Predicate = (icmp_ln40)> <Delay = 0.00>
ST_1 : Operation 966 [1/1] (0.00ns)   --->   "%write_ln0 = write void @_ssdm_op_Write.ap_auto.i8P0A, i8 %window_V_336_out, i8 %window_V_336_load_1"   --->   Operation 966 'write' 'write_ln0' <Predicate = (icmp_ln40)> <Delay = 0.00>
ST_1 : Operation 967 [1/1] (0.00ns)   --->   "%write_ln0 = write void @_ssdm_op_Write.ap_auto.i8P0A, i8 %window_V_335_out, i8 %window_V_335_load_1"   --->   Operation 967 'write' 'write_ln0' <Predicate = (icmp_ln40)> <Delay = 0.00>
ST_1 : Operation 968 [1/1] (0.00ns)   --->   "%write_ln0 = write void @_ssdm_op_Write.ap_auto.i8P0A, i8 %window_V_645_2_i_out, i8 %window_V_477_load"   --->   Operation 968 'write' 'write_ln0' <Predicate = (icmp_ln40)> <Delay = 0.00>
ST_1 : Operation 969 [1/1] (0.00ns)   --->   "%write_ln0 = write void @_ssdm_op_Write.ap_auto.i8P0A, i8 %window_V_334_out, i8 %window_V_334_load_2"   --->   Operation 969 'write' 'write_ln0' <Predicate = (icmp_ln40)> <Delay = 0.00>
ST_1 : Operation 970 [1/1] (0.00ns)   --->   "%write_ln0 = write void @_ssdm_op_Write.ap_auto.i8P0A, i8 %window_V_333_out, i8 %window_V_333_load_1"   --->   Operation 970 'write' 'write_ln0' <Predicate = (icmp_ln40)> <Delay = 0.00>
ST_1 : Operation 971 [1/1] (0.00ns)   --->   "%write_ln0 = write void @_ssdm_op_Write.ap_auto.i8P0A, i8 %window_V_642_2_i_out, i8 %window_V_476_load"   --->   Operation 971 'write' 'write_ln0' <Predicate = (icmp_ln40)> <Delay = 0.00>
ST_1 : Operation 972 [1/1] (0.00ns)   --->   "%write_ln0 = write void @_ssdm_op_Write.ap_auto.i8P0A, i8 %window_V_332_out, i8 %window_V_332_load_1"   --->   Operation 972 'write' 'write_ln0' <Predicate = (icmp_ln40)> <Delay = 0.00>
ST_1 : Operation 973 [1/1] (0.00ns)   --->   "%write_ln0 = write void @_ssdm_op_Write.ap_auto.i8P0A, i8 %window_V_640_2_i_out, i8 %window_V_475_load"   --->   Operation 973 'write' 'write_ln0' <Predicate = (icmp_ln40)> <Delay = 0.00>
ST_1 : Operation 974 [1/1] (0.00ns)   --->   "%write_ln0 = write void @_ssdm_op_Write.ap_auto.i8P0A, i8 %window_V_639_2_i_out, i8 %window_V_474_load"   --->   Operation 974 'write' 'write_ln0' <Predicate = (icmp_ln40)> <Delay = 0.00>
ST_1 : Operation 975 [1/1] (0.00ns)   --->   "%write_ln0 = write void @_ssdm_op_Write.ap_auto.i8P0A, i8 %window_V_329_out, i8 %window_V_329_load_1"   --->   Operation 975 'write' 'write_ln0' <Predicate = (icmp_ln40)> <Delay = 0.00>
ST_1 : Operation 976 [1/1] (0.00ns)   --->   "%write_ln0 = write void @_ssdm_op_Write.ap_auto.i8P0A, i8 %window_V_328_out, i8 %window_V_328_load_1"   --->   Operation 976 'write' 'write_ln0' <Predicate = (icmp_ln40)> <Delay = 0.00>
ST_1 : Operation 977 [1/1] (0.00ns)   --->   "%write_ln0 = write void @_ssdm_op_Write.ap_auto.i8P0A, i8 %window_V_636_2_i_out, i8 %window_V_473_load"   --->   Operation 977 'write' 'write_ln0' <Predicate = (icmp_ln40)> <Delay = 0.00>
ST_1 : Operation 978 [1/1] (0.00ns)   --->   "%write_ln0 = write void @_ssdm_op_Write.ap_auto.i8P0A, i8 %window_V_327_out, i8 %window_V_327_load_1"   --->   Operation 978 'write' 'write_ln0' <Predicate = (icmp_ln40)> <Delay = 0.00>
ST_1 : Operation 979 [1/1] (0.00ns)   --->   "%write_ln0 = write void @_ssdm_op_Write.ap_auto.i8P0A, i8 %window_V_326_out, i8 %window_V_326_load_2"   --->   Operation 979 'write' 'write_ln0' <Predicate = (icmp_ln40)> <Delay = 0.00>
ST_1 : Operation 980 [1/1] (0.00ns)   --->   "%write_ln0 = write void @_ssdm_op_Write.ap_auto.i8P0A, i8 %window_V_633_2_i_out, i8 %window_V_472_load"   --->   Operation 980 'write' 'write_ln0' <Predicate = (icmp_ln40)> <Delay = 0.00>
ST_1 : Operation 981 [1/1] (0.00ns)   --->   "%write_ln0 = write void @_ssdm_op_Write.ap_auto.i8P0A, i8 %window_V_325_out, i8 %window_V_325_load_1"   --->   Operation 981 'write' 'write_ln0' <Predicate = (icmp_ln40)> <Delay = 0.00>
ST_1 : Operation 982 [1/1] (0.00ns)   --->   "%write_ln0 = write void @_ssdm_op_Write.ap_auto.i8P0A, i8 %window_V_631_2_i_out, i8 %window_V_471_load"   --->   Operation 982 'write' 'write_ln0' <Predicate = (icmp_ln40)> <Delay = 0.00>
ST_1 : Operation 983 [1/1] (0.00ns)   --->   "%write_ln0 = write void @_ssdm_op_Write.ap_auto.i8P0A, i8 %window_V_630_2_i_out, i8 %window_V_470_load"   --->   Operation 983 'write' 'write_ln0' <Predicate = (icmp_ln40)> <Delay = 0.00>
ST_1 : Operation 984 [1/1] (0.00ns)   --->   "%write_ln0 = write void @_ssdm_op_Write.ap_auto.i8P0A, i8 %window_V_322_out, i8 %window_V_322_load_2"   --->   Operation 984 'write' 'write_ln0' <Predicate = (icmp_ln40)> <Delay = 0.00>
ST_1 : Operation 985 [1/1] (0.00ns)   --->   "%write_ln0 = write void @_ssdm_op_Write.ap_auto.i8P0A, i8 %window_V_321_out, i8 %window_V_321_load_1"   --->   Operation 985 'write' 'write_ln0' <Predicate = (icmp_ln40)> <Delay = 0.00>
ST_1 : Operation 986 [1/1] (0.00ns)   --->   "%write_ln0 = write void @_ssdm_op_Write.ap_auto.i8P0A, i8 %window_V_627_2_i_out, i8 %window_V_469_load"   --->   Operation 986 'write' 'write_ln0' <Predicate = (icmp_ln40)> <Delay = 0.00>
ST_1 : Operation 987 [1/1] (0.00ns)   --->   "%write_ln0 = write void @_ssdm_op_Write.ap_auto.i8P0A, i8 %window_V_320_out, i8 %window_V_320_load_1"   --->   Operation 987 'write' 'write_ln0' <Predicate = (icmp_ln40)> <Delay = 0.00>
ST_1 : Operation 988 [1/1] (0.00ns)   --->   "%write_ln0 = write void @_ssdm_op_Write.ap_auto.i8P0A, i8 %window_V_319_out, i8 %window_V_319_load_1"   --->   Operation 988 'write' 'write_ln0' <Predicate = (icmp_ln40)> <Delay = 0.00>
ST_1 : Operation 989 [1/1] (0.00ns)   --->   "%write_ln0 = write void @_ssdm_op_Write.ap_auto.i8P0A, i8 %window_V_624_2_i_out, i8 %window_V_468_load"   --->   Operation 989 'write' 'write_ln0' <Predicate = (icmp_ln40)> <Delay = 0.00>
ST_1 : Operation 990 [1/1] (0.00ns)   --->   "%write_ln0 = write void @_ssdm_op_Write.ap_auto.i8P0A, i8 %window_V_318_out, i8 %window_V_318_load_2"   --->   Operation 990 'write' 'write_ln0' <Predicate = (icmp_ln40)> <Delay = 0.00>
ST_1 : Operation 991 [1/1] (0.00ns)   --->   "%write_ln0 = write void @_ssdm_op_Write.ap_auto.i8P0A, i8 %window_V_622_2_i_out, i8 %window_V_467_load"   --->   Operation 991 'write' 'write_ln0' <Predicate = (icmp_ln40)> <Delay = 0.00>
ST_1 : Operation 992 [1/1] (0.00ns)   --->   "%write_ln0 = write void @_ssdm_op_Write.ap_auto.i8P0A, i8 %window_V_621_2_i_out, i8 %window_V_466_load"   --->   Operation 992 'write' 'write_ln0' <Predicate = (icmp_ln40)> <Delay = 0.00>
ST_1 : Operation 993 [1/1] (0.00ns)   --->   "%write_ln0 = write void @_ssdm_op_Write.ap_auto.i8P0A, i8 %window_V_315_out, i8 %window_V_315_load_1"   --->   Operation 993 'write' 'write_ln0' <Predicate = (icmp_ln40)> <Delay = 0.00>
ST_1 : Operation 994 [1/1] (0.00ns)   --->   "%write_ln0 = write void @_ssdm_op_Write.ap_auto.i8P0A, i8 %window_V_314_out, i8 %window_V_314_load_2"   --->   Operation 994 'write' 'write_ln0' <Predicate = (icmp_ln40)> <Delay = 0.00>
ST_1 : Operation 995 [1/1] (0.00ns)   --->   "%write_ln0 = write void @_ssdm_op_Write.ap_auto.i8P0A, i8 %window_V_618_2_i_out, i8 %window_V_465_load"   --->   Operation 995 'write' 'write_ln0' <Predicate = (icmp_ln40)> <Delay = 0.00>
ST_1 : Operation 996 [1/1] (0.00ns)   --->   "%write_ln0 = write void @_ssdm_op_Write.ap_auto.i8P0A, i8 %window_V_313_out, i8 %window_V_313_load_1"   --->   Operation 996 'write' 'write_ln0' <Predicate = (icmp_ln40)> <Delay = 0.00>
ST_1 : Operation 997 [1/1] (0.00ns)   --->   "%write_ln0 = write void @_ssdm_op_Write.ap_auto.i8P0A, i8 %window_V_312_out, i8 %window_V_312_load_1"   --->   Operation 997 'write' 'write_ln0' <Predicate = (icmp_ln40)> <Delay = 0.00>
ST_1 : Operation 998 [1/1] (0.00ns)   --->   "%write_ln0 = write void @_ssdm_op_Write.ap_auto.i8P0A, i8 %window_V_615_2_i_out, i8 %window_V_464_load"   --->   Operation 998 'write' 'write_ln0' <Predicate = (icmp_ln40)> <Delay = 0.00>
ST_1 : Operation 999 [1/1] (0.00ns)   --->   "%write_ln0 = write void @_ssdm_op_Write.ap_auto.i8P0A, i8 %window_V_311_out, i8 %window_V_311_load_1"   --->   Operation 999 'write' 'write_ln0' <Predicate = (icmp_ln40)> <Delay = 0.00>
ST_1 : Operation 1000 [1/1] (0.00ns)   --->   "%write_ln0 = write void @_ssdm_op_Write.ap_auto.i8P0A, i8 %window_V_613_2_i_out, i8 %window_V_463_load"   --->   Operation 1000 'write' 'write_ln0' <Predicate = (icmp_ln40)> <Delay = 0.00>
ST_1 : Operation 1001 [1/1] (0.00ns)   --->   "%write_ln0 = write void @_ssdm_op_Write.ap_auto.i8P0A, i8 %window_V_612_2_i_out, i8 %window_V_462_load"   --->   Operation 1001 'write' 'write_ln0' <Predicate = (icmp_ln40)> <Delay = 0.00>
ST_1 : Operation 1002 [1/1] (0.00ns)   --->   "%write_ln0 = write void @_ssdm_op_Write.ap_auto.i8P0A, i8 %window_V_308_out, i8 %window_V_308_load_1"   --->   Operation 1002 'write' 'write_ln0' <Predicate = (icmp_ln40)> <Delay = 0.00>
ST_1 : Operation 1003 [1/1] (0.00ns)   --->   "%write_ln0 = write void @_ssdm_op_Write.ap_auto.i8P0A, i8 %window_V_307_out, i8 %window_V_307_load_1"   --->   Operation 1003 'write' 'write_ln0' <Predicate = (icmp_ln40)> <Delay = 0.00>
ST_1 : Operation 1004 [1/1] (0.00ns)   --->   "%write_ln0 = write void @_ssdm_op_Write.ap_auto.i8P0A, i8 %window_V_609_2_i_out, i8 %window_V_461_load"   --->   Operation 1004 'write' 'write_ln0' <Predicate = (icmp_ln40)> <Delay = 0.00>
ST_1 : Operation 1005 [1/1] (0.00ns)   --->   "%write_ln0 = write void @_ssdm_op_Write.ap_auto.i8P0A, i8 %window_V_306_out, i8 %window_V_306_load_2"   --->   Operation 1005 'write' 'write_ln0' <Predicate = (icmp_ln40)> <Delay = 0.00>
ST_1 : Operation 1006 [1/1] (0.00ns)   --->   "%write_ln0 = write void @_ssdm_op_Write.ap_auto.i8P0A, i8 %window_V_305_out, i8 %window_V_305_load_1"   --->   Operation 1006 'write' 'write_ln0' <Predicate = (icmp_ln40)> <Delay = 0.00>
ST_1 : Operation 1007 [1/1] (0.00ns)   --->   "%write_ln0 = write void @_ssdm_op_Write.ap_auto.i8P0A, i8 %window_V_606_2_i_out, i8 %window_V_460_load"   --->   Operation 1007 'write' 'write_ln0' <Predicate = (icmp_ln40)> <Delay = 0.00>
ST_1 : Operation 1008 [1/1] (0.00ns)   --->   "%write_ln0 = write void @_ssdm_op_Write.ap_auto.i8P0A, i8 %window_V_304_out, i8 %window_V_304_load_1"   --->   Operation 1008 'write' 'write_ln0' <Predicate = (icmp_ln40)> <Delay = 0.00>
ST_1 : Operation 1009 [1/1] (0.00ns)   --->   "%write_ln0 = write void @_ssdm_op_Write.ap_auto.i8P0A, i8 %window_V_604_2_i_out, i8 %window_V_459_load"   --->   Operation 1009 'write' 'write_ln0' <Predicate = (icmp_ln40)> <Delay = 0.00>
ST_1 : Operation 1010 [1/1] (0.00ns)   --->   "%write_ln0 = write void @_ssdm_op_Write.ap_auto.i8P0A, i8 %window_V_603_2_i_out, i8 %window_V_458_load"   --->   Operation 1010 'write' 'write_ln0' <Predicate = (icmp_ln40)> <Delay = 0.00>
ST_1 : Operation 1011 [1/1] (0.00ns)   --->   "%write_ln0 = write void @_ssdm_op_Write.ap_auto.i8P0A, i8 %window_V_301_out, i8 %window_V_301_load_1"   --->   Operation 1011 'write' 'write_ln0' <Predicate = (icmp_ln40)> <Delay = 0.00>
ST_1 : Operation 1012 [1/1] (0.00ns)   --->   "%write_ln0 = write void @_ssdm_op_Write.ap_auto.i8P0A, i8 %window_V_300_out, i8 %window_V_300_load_1"   --->   Operation 1012 'write' 'write_ln0' <Predicate = (icmp_ln40)> <Delay = 0.00>
ST_1 : Operation 1013 [1/1] (0.00ns)   --->   "%write_ln0 = write void @_ssdm_op_Write.ap_auto.i8P0A, i8 %window_V_600_2_i_out, i8 %window_V_457_load"   --->   Operation 1013 'write' 'write_ln0' <Predicate = (icmp_ln40)> <Delay = 0.00>
ST_1 : Operation 1014 [1/1] (0.00ns)   --->   "%write_ln0 = write void @_ssdm_op_Write.ap_auto.i8P0A, i8 %window_V_299_out, i8 %window_V_299_load_1"   --->   Operation 1014 'write' 'write_ln0' <Predicate = (icmp_ln40)> <Delay = 0.00>
ST_1 : Operation 1015 [1/1] (0.00ns)   --->   "%write_ln0 = write void @_ssdm_op_Write.ap_auto.i8P0A, i8 %window_V_298_out, i8 %window_V_298_load_2"   --->   Operation 1015 'write' 'write_ln0' <Predicate = (icmp_ln40)> <Delay = 0.00>
ST_1 : Operation 1016 [1/1] (0.00ns)   --->   "%write_ln0 = write void @_ssdm_op_Write.ap_auto.i8P0A, i8 %window_V_597_2_i_out, i8 %window_V_456_load"   --->   Operation 1016 'write' 'write_ln0' <Predicate = (icmp_ln40)> <Delay = 0.00>
ST_1 : Operation 1017 [1/1] (0.00ns)   --->   "%write_ln0 = write void @_ssdm_op_Write.ap_auto.i8P0A, i8 %window_V_297_out, i8 %window_V_297_load_1"   --->   Operation 1017 'write' 'write_ln0' <Predicate = (icmp_ln40)> <Delay = 0.00>
ST_1 : Operation 1018 [1/1] (0.00ns)   --->   "%write_ln0 = write void @_ssdm_op_Write.ap_auto.i8P0A, i8 %window_V_595_2_i_out, i8 %window_V_455_load"   --->   Operation 1018 'write' 'write_ln0' <Predicate = (icmp_ln40)> <Delay = 0.00>
ST_1 : Operation 1019 [1/1] (0.00ns)   --->   "%write_ln0 = write void @_ssdm_op_Write.ap_auto.i8P0A, i8 %window_V_594_2_i_out, i8 %window_V_454_load"   --->   Operation 1019 'write' 'write_ln0' <Predicate = (icmp_ln40)> <Delay = 0.00>
ST_1 : Operation 1020 [1/1] (0.00ns)   --->   "%write_ln0 = write void @_ssdm_op_Write.ap_auto.i8P0A, i8 %window_V_294_out, i8 %window_V_294_load_2"   --->   Operation 1020 'write' 'write_ln0' <Predicate = (icmp_ln40)> <Delay = 0.00>
ST_1 : Operation 1021 [1/1] (0.00ns)   --->   "%write_ln0 = write void @_ssdm_op_Write.ap_auto.i8P0A, i8 %window_V_293_out, i8 %window_V_293_load_1"   --->   Operation 1021 'write' 'write_ln0' <Predicate = (icmp_ln40)> <Delay = 0.00>
ST_1 : Operation 1022 [1/1] (0.00ns)   --->   "%write_ln0 = write void @_ssdm_op_Write.ap_auto.i8P0A, i8 %window_V_591_2_i_out, i8 %window_V_453_load"   --->   Operation 1022 'write' 'write_ln0' <Predicate = (icmp_ln40)> <Delay = 0.00>
ST_1 : Operation 1023 [1/1] (0.00ns)   --->   "%write_ln0 = write void @_ssdm_op_Write.ap_auto.i8P0A, i8 %window_V_292_out, i8 %window_V_292_load_1"   --->   Operation 1023 'write' 'write_ln0' <Predicate = (icmp_ln40)> <Delay = 0.00>
ST_1 : Operation 1024 [1/1] (0.00ns)   --->   "%write_ln0 = write void @_ssdm_op_Write.ap_auto.i8P0A, i8 %window_V_291_out, i8 %window_V_291_load_1"   --->   Operation 1024 'write' 'write_ln0' <Predicate = (icmp_ln40)> <Delay = 0.00>
ST_1 : Operation 1025 [1/1] (0.00ns)   --->   "%write_ln0 = write void @_ssdm_op_Write.ap_auto.i8P0A, i8 %window_V_588_2_i_out, i8 %window_V_452_load"   --->   Operation 1025 'write' 'write_ln0' <Predicate = (icmp_ln40)> <Delay = 0.00>
ST_1 : Operation 1026 [1/1] (0.00ns)   --->   "%write_ln0 = write void @_ssdm_op_Write.ap_auto.i8P0A, i8 %window_V_290_out, i8 %window_V_290_load_2"   --->   Operation 1026 'write' 'write_ln0' <Predicate = (icmp_ln40)> <Delay = 0.00>
ST_1 : Operation 1027 [1/1] (0.00ns)   --->   "%write_ln0 = write void @_ssdm_op_Write.ap_auto.i8P0A, i8 %window_V_586_2_i_out, i8 %window_V_451_load"   --->   Operation 1027 'write' 'write_ln0' <Predicate = (icmp_ln40)> <Delay = 0.00>
ST_1 : Operation 1028 [1/1] (0.00ns)   --->   "%write_ln0 = write void @_ssdm_op_Write.ap_auto.i8P0A, i8 %window_V_585_2_i_out, i8 %window_V_450_load"   --->   Operation 1028 'write' 'write_ln0' <Predicate = (icmp_ln40)> <Delay = 0.00>
ST_1 : Operation 1029 [1/1] (0.00ns)   --->   "%write_ln0 = write void @_ssdm_op_Write.ap_auto.i8P0A, i8 %window_V_287_out, i8 %window_V_287_load_1"   --->   Operation 1029 'write' 'write_ln0' <Predicate = (icmp_ln40)> <Delay = 0.00>
ST_1 : Operation 1030 [1/1] (0.00ns)   --->   "%write_ln0 = write void @_ssdm_op_Write.ap_auto.i8P0A, i8 %window_V_286_out, i8 %window_V_286_load_2"   --->   Operation 1030 'write' 'write_ln0' <Predicate = (icmp_ln40)> <Delay = 0.00>
ST_1 : Operation 1031 [1/1] (0.00ns)   --->   "%write_ln0 = write void @_ssdm_op_Write.ap_auto.i8P0A, i8 %window_V_582_2_i_out, i8 %window_V_449_load"   --->   Operation 1031 'write' 'write_ln0' <Predicate = (icmp_ln40)> <Delay = 0.00>
ST_1 : Operation 1032 [1/1] (0.00ns)   --->   "%write_ln0 = write void @_ssdm_op_Write.ap_auto.i8P0A, i8 %window_V_285_out, i8 %window_V_285_load_1"   --->   Operation 1032 'write' 'write_ln0' <Predicate = (icmp_ln40)> <Delay = 0.00>
ST_1 : Operation 1033 [1/1] (0.00ns)   --->   "%write_ln0 = write void @_ssdm_op_Write.ap_auto.i8P0A, i8 %window_V_284_out, i8 %window_V_284_load_1"   --->   Operation 1033 'write' 'write_ln0' <Predicate = (icmp_ln40)> <Delay = 0.00>
ST_1 : Operation 1034 [1/1] (0.00ns)   --->   "%write_ln0 = write void @_ssdm_op_Write.ap_auto.i8P0A, i8 %window_V_579_2_i_out, i8 %window_V_448_load"   --->   Operation 1034 'write' 'write_ln0' <Predicate = (icmp_ln40)> <Delay = 0.00>
ST_1 : Operation 1035 [1/1] (0.00ns)   --->   "%write_ln0 = write void @_ssdm_op_Write.ap_auto.i8P0A, i8 %window_V_283_out, i8 %window_V_283_load_1"   --->   Operation 1035 'write' 'write_ln0' <Predicate = (icmp_ln40)> <Delay = 0.00>
ST_1 : Operation 1036 [1/1] (0.00ns)   --->   "%write_ln0 = write void @_ssdm_op_Write.ap_auto.i8P0A, i8 %window_V_577_2_i_out, i8 %window_V_447_load"   --->   Operation 1036 'write' 'write_ln0' <Predicate = (icmp_ln40)> <Delay = 0.00>
ST_1 : Operation 1037 [1/1] (0.00ns)   --->   "%write_ln0 = write void @_ssdm_op_Write.ap_auto.i8P0A, i8 %window_V_576_2_i_out, i8 %window_V_446_load"   --->   Operation 1037 'write' 'write_ln0' <Predicate = (icmp_ln40)> <Delay = 0.00>
ST_1 : Operation 1038 [1/1] (0.00ns)   --->   "%write_ln0 = write void @_ssdm_op_Write.ap_auto.i8P0A, i8 %window_V_280_out, i8 %window_V_280_load_1"   --->   Operation 1038 'write' 'write_ln0' <Predicate = (icmp_ln40)> <Delay = 0.00>
ST_1 : Operation 1039 [1/1] (0.00ns)   --->   "%write_ln0 = write void @_ssdm_op_Write.ap_auto.i8P0A, i8 %window_V_279_out, i8 %window_V_279_load_1"   --->   Operation 1039 'write' 'write_ln0' <Predicate = (icmp_ln40)> <Delay = 0.00>
ST_1 : Operation 1040 [1/1] (0.00ns)   --->   "%write_ln0 = write void @_ssdm_op_Write.ap_auto.i8P0A, i8 %window_V_573_2_i_out, i8 %window_V_445_load"   --->   Operation 1040 'write' 'write_ln0' <Predicate = (icmp_ln40)> <Delay = 0.00>
ST_1 : Operation 1041 [1/1] (0.00ns)   --->   "%write_ln0 = write void @_ssdm_op_Write.ap_auto.i8P0A, i8 %window_V_278_out, i8 %window_V_278_load_2"   --->   Operation 1041 'write' 'write_ln0' <Predicate = (icmp_ln40)> <Delay = 0.00>
ST_1 : Operation 1042 [1/1] (0.00ns)   --->   "%write_ln0 = write void @_ssdm_op_Write.ap_auto.i8P0A, i8 %window_V_277_out, i8 %window_V_277_load_1"   --->   Operation 1042 'write' 'write_ln0' <Predicate = (icmp_ln40)> <Delay = 0.00>
ST_1 : Operation 1043 [1/1] (0.00ns)   --->   "%write_ln0 = write void @_ssdm_op_Write.ap_auto.i8P0A, i8 %window_V_570_2_i_out, i8 %window_V_444_load"   --->   Operation 1043 'write' 'write_ln0' <Predicate = (icmp_ln40)> <Delay = 0.00>
ST_1 : Operation 1044 [1/1] (0.00ns)   --->   "%write_ln0 = write void @_ssdm_op_Write.ap_auto.i8P0A, i8 %window_V_276_out, i8 %window_V_276_load_1"   --->   Operation 1044 'write' 'write_ln0' <Predicate = (icmp_ln40)> <Delay = 0.00>
ST_1 : Operation 1045 [1/1] (0.00ns)   --->   "%write_ln0 = write void @_ssdm_op_Write.ap_auto.i8P0A, i8 %window_V_568_2_i_out, i8 %window_V_443_load"   --->   Operation 1045 'write' 'write_ln0' <Predicate = (icmp_ln40)> <Delay = 0.00>
ST_1 : Operation 1046 [1/1] (0.00ns)   --->   "%write_ln0 = write void @_ssdm_op_Write.ap_auto.i8P0A, i8 %window_V_567_2_i_out, i8 %window_V_442_load"   --->   Operation 1046 'write' 'write_ln0' <Predicate = (icmp_ln40)> <Delay = 0.00>
ST_1 : Operation 1047 [1/1] (0.00ns)   --->   "%write_ln0 = write void @_ssdm_op_Write.ap_auto.i8P0A, i8 %window_V_273_out, i8 %window_V_273_load_1"   --->   Operation 1047 'write' 'write_ln0' <Predicate = (icmp_ln40)> <Delay = 0.00>
ST_1 : Operation 1048 [1/1] (0.00ns)   --->   "%write_ln0 = write void @_ssdm_op_Write.ap_auto.i8P0A, i8 %window_V_272_out, i8 %window_V_272_load_1"   --->   Operation 1048 'write' 'write_ln0' <Predicate = (icmp_ln40)> <Delay = 0.00>
ST_1 : Operation 1049 [1/1] (0.00ns)   --->   "%write_ln0 = write void @_ssdm_op_Write.ap_auto.i8P0A, i8 %window_V_564_2_i_out, i8 %window_V_441_load"   --->   Operation 1049 'write' 'write_ln0' <Predicate = (icmp_ln40)> <Delay = 0.00>
ST_1 : Operation 1050 [1/1] (0.00ns)   --->   "%write_ln0 = write void @_ssdm_op_Write.ap_auto.i8P0A, i8 %window_V_271_out, i8 %window_V_271_load_1"   --->   Operation 1050 'write' 'write_ln0' <Predicate = (icmp_ln40)> <Delay = 0.00>
ST_1 : Operation 1051 [1/1] (0.00ns)   --->   "%write_ln0 = write void @_ssdm_op_Write.ap_auto.i8P0A, i8 %window_V_270_out, i8 %window_V_270_load_2"   --->   Operation 1051 'write' 'write_ln0' <Predicate = (icmp_ln40)> <Delay = 0.00>
ST_1 : Operation 1052 [1/1] (0.00ns)   --->   "%write_ln0 = write void @_ssdm_op_Write.ap_auto.i8P0A, i8 %window_V_561_2_i_out, i8 %window_V_440_load"   --->   Operation 1052 'write' 'write_ln0' <Predicate = (icmp_ln40)> <Delay = 0.00>
ST_1 : Operation 1053 [1/1] (0.00ns)   --->   "%write_ln0 = write void @_ssdm_op_Write.ap_auto.i8P0A, i8 %window_V_269_out, i8 %window_V_269_load_1"   --->   Operation 1053 'write' 'write_ln0' <Predicate = (icmp_ln40)> <Delay = 0.00>
ST_1 : Operation 1054 [1/1] (0.00ns)   --->   "%write_ln0 = write void @_ssdm_op_Write.ap_auto.i8P0A, i8 %window_V_559_2_i_out, i8 %window_V_439_load"   --->   Operation 1054 'write' 'write_ln0' <Predicate = (icmp_ln40)> <Delay = 0.00>
ST_1 : Operation 1055 [1/1] (0.00ns)   --->   "%write_ln0 = write void @_ssdm_op_Write.ap_auto.i8P0A, i8 %window_V_558_2_i_out, i8 %window_V_438_load"   --->   Operation 1055 'write' 'write_ln0' <Predicate = (icmp_ln40)> <Delay = 0.00>
ST_1 : Operation 1056 [1/1] (0.00ns)   --->   "%write_ln0 = write void @_ssdm_op_Write.ap_auto.i8P0A, i8 %window_V_266_out, i8 %window_V_266_load_2"   --->   Operation 1056 'write' 'write_ln0' <Predicate = (icmp_ln40)> <Delay = 0.00>
ST_1 : Operation 1057 [1/1] (0.00ns)   --->   "%write_ln0 = write void @_ssdm_op_Write.ap_auto.i8P0A, i8 %window_V_265_out, i8 %window_V_265_load_1"   --->   Operation 1057 'write' 'write_ln0' <Predicate = (icmp_ln40)> <Delay = 0.00>
ST_1 : Operation 1058 [1/1] (0.00ns)   --->   "%write_ln0 = write void @_ssdm_op_Write.ap_auto.i8P0A, i8 %window_V_555_2_i_out, i8 %window_V_437_load"   --->   Operation 1058 'write' 'write_ln0' <Predicate = (icmp_ln40)> <Delay = 0.00>
ST_1 : Operation 1059 [1/1] (0.00ns)   --->   "%write_ln0 = write void @_ssdm_op_Write.ap_auto.i8P0A, i8 %window_V_264_out, i8 %window_V_264_load_1"   --->   Operation 1059 'write' 'write_ln0' <Predicate = (icmp_ln40)> <Delay = 0.00>
ST_1 : Operation 1060 [1/1] (0.00ns)   --->   "%write_ln0 = write void @_ssdm_op_Write.ap_auto.i8P0A, i8 %window_V_263_out, i8 %window_V_263_load_1"   --->   Operation 1060 'write' 'write_ln0' <Predicate = (icmp_ln40)> <Delay = 0.00>
ST_1 : Operation 1061 [1/1] (0.00ns)   --->   "%write_ln0 = write void @_ssdm_op_Write.ap_auto.i8P0A, i8 %window_V_552_2_i_out, i8 %window_V_436_load"   --->   Operation 1061 'write' 'write_ln0' <Predicate = (icmp_ln40)> <Delay = 0.00>
ST_1 : Operation 1062 [1/1] (0.00ns)   --->   "%write_ln0 = write void @_ssdm_op_Write.ap_auto.i8P0A, i8 %window_V_262_out, i8 %window_V_262_load_2"   --->   Operation 1062 'write' 'write_ln0' <Predicate = (icmp_ln40)> <Delay = 0.00>
ST_1 : Operation 1063 [1/1] (0.00ns)   --->   "%write_ln0 = write void @_ssdm_op_Write.ap_auto.i8P0A, i8 %window_V_550_2_i_out, i8 %window_V_435_load"   --->   Operation 1063 'write' 'write_ln0' <Predicate = (icmp_ln40)> <Delay = 0.00>
ST_1 : Operation 1064 [1/1] (0.00ns)   --->   "%write_ln0 = write void @_ssdm_op_Write.ap_auto.i8P0A, i8 %window_V_549_2_i_out, i8 %window_V_434_load"   --->   Operation 1064 'write' 'write_ln0' <Predicate = (icmp_ln40)> <Delay = 0.00>
ST_1 : Operation 1065 [1/1] (0.00ns)   --->   "%write_ln0 = write void @_ssdm_op_Write.ap_auto.i8P0A, i8 %window_V_259_out, i8 %window_V_259_load_1"   --->   Operation 1065 'write' 'write_ln0' <Predicate = (icmp_ln40)> <Delay = 0.00>
ST_1 : Operation 1066 [1/1] (0.00ns)   --->   "%write_ln0 = write void @_ssdm_op_Write.ap_auto.i8P0A, i8 %window_V_258_out, i8 %window_V_258_load_2"   --->   Operation 1066 'write' 'write_ln0' <Predicate = (icmp_ln40)> <Delay = 0.00>
ST_1 : Operation 1067 [1/1] (0.00ns)   --->   "%write_ln0 = write void @_ssdm_op_Write.ap_auto.i8P0A, i8 %window_V_546_2_i_out, i8 %window_V_433_load"   --->   Operation 1067 'write' 'write_ln0' <Predicate = (icmp_ln40)> <Delay = 0.00>
ST_1 : Operation 1068 [1/1] (0.00ns)   --->   "%write_ln0 = write void @_ssdm_op_Write.ap_auto.i8P0A, i8 %window_V_257_out, i8 %window_V_257_load_1"   --->   Operation 1068 'write' 'write_ln0' <Predicate = (icmp_ln40)> <Delay = 0.00>
ST_1 : Operation 1069 [1/1] (0.00ns)   --->   "%write_ln0 = write void @_ssdm_op_Write.ap_auto.i8P0A, i8 %window_V_256_out, i8 %window_V_256_load_1"   --->   Operation 1069 'write' 'write_ln0' <Predicate = (icmp_ln40)> <Delay = 0.00>
ST_1 : Operation 1070 [1/1] (0.00ns)   --->   "%write_ln0 = write void @_ssdm_op_Write.ap_auto.i8P0A, i8 %window_V_543_2_i_out, i8 %window_V_432_load"   --->   Operation 1070 'write' 'write_ln0' <Predicate = (icmp_ln40)> <Delay = 0.00>
ST_1 : Operation 1071 [1/1] (0.00ns)   --->   "%write_ln0 = write void @_ssdm_op_Write.ap_auto.i8P0A, i8 %window_V_255_out, i8 %window_V_255_load_1"   --->   Operation 1071 'write' 'write_ln0' <Predicate = (icmp_ln40)> <Delay = 0.00>
ST_1 : Operation 1072 [1/1] (0.00ns)   --->   "%write_ln0 = write void @_ssdm_op_Write.ap_auto.i8P0A, i8 %window_V_541_2_i_out, i8 %window_V_431_load"   --->   Operation 1072 'write' 'write_ln0' <Predicate = (icmp_ln40)> <Delay = 0.00>
ST_1 : Operation 1073 [1/1] (0.00ns)   --->   "%write_ln0 = write void @_ssdm_op_Write.ap_auto.i8P0A, i8 %window_V_540_2_i_out, i8 %window_V_430_load"   --->   Operation 1073 'write' 'write_ln0' <Predicate = (icmp_ln40)> <Delay = 0.00>
ST_1 : Operation 1074 [1/1] (0.00ns)   --->   "%write_ln0 = write void @_ssdm_op_Write.ap_auto.i8P0A, i8 %window_V_252_out, i8 %window_V_252_load_1"   --->   Operation 1074 'write' 'write_ln0' <Predicate = (icmp_ln40)> <Delay = 0.00>
ST_1 : Operation 1075 [1/1] (0.00ns)   --->   "%write_ln0 = write void @_ssdm_op_Write.ap_auto.i8P0A, i8 %window_V_251_out, i8 %window_V_251_load_1"   --->   Operation 1075 'write' 'write_ln0' <Predicate = (icmp_ln40)> <Delay = 0.00>
ST_1 : Operation 1076 [1/1] (0.00ns)   --->   "%write_ln0 = write void @_ssdm_op_Write.ap_auto.i8P0A, i8 %window_V_537_2_i_out, i8 %window_V_429_load"   --->   Operation 1076 'write' 'write_ln0' <Predicate = (icmp_ln40)> <Delay = 0.00>
ST_1 : Operation 1077 [1/1] (0.00ns)   --->   "%write_ln0 = write void @_ssdm_op_Write.ap_auto.i8P0A, i8 %window_V_250_out, i8 %window_V_250_load_2"   --->   Operation 1077 'write' 'write_ln0' <Predicate = (icmp_ln40)> <Delay = 0.00>
ST_1 : Operation 1078 [1/1] (0.00ns)   --->   "%write_ln0 = write void @_ssdm_op_Write.ap_auto.i8P0A, i8 %window_V_249_out, i8 %window_V_249_load_1"   --->   Operation 1078 'write' 'write_ln0' <Predicate = (icmp_ln40)> <Delay = 0.00>
ST_1 : Operation 1079 [1/1] (0.00ns)   --->   "%write_ln0 = write void @_ssdm_op_Write.ap_auto.i8P0A, i8 %window_V_534_2_i_out, i8 %window_V_428_load"   --->   Operation 1079 'write' 'write_ln0' <Predicate = (icmp_ln40)> <Delay = 0.00>
ST_1 : Operation 1080 [1/1] (0.00ns)   --->   "%write_ln0 = write void @_ssdm_op_Write.ap_auto.i8P0A, i8 %window_V_248_out, i8 %window_V_248_load_1"   --->   Operation 1080 'write' 'write_ln0' <Predicate = (icmp_ln40)> <Delay = 0.00>
ST_1 : Operation 1081 [1/1] (0.00ns)   --->   "%write_ln0 = write void @_ssdm_op_Write.ap_auto.i8P0A, i8 %window_V_532_2_i_out, i8 %window_V_427_load"   --->   Operation 1081 'write' 'write_ln0' <Predicate = (icmp_ln40)> <Delay = 0.00>
ST_1 : Operation 1082 [1/1] (0.00ns)   --->   "%write_ln0 = write void @_ssdm_op_Write.ap_auto.i8P0A, i8 %window_V_531_2_i_out, i8 %window_V_426_load"   --->   Operation 1082 'write' 'write_ln0' <Predicate = (icmp_ln40)> <Delay = 0.00>
ST_1 : Operation 1083 [1/1] (0.00ns)   --->   "%write_ln0 = write void @_ssdm_op_Write.ap_auto.i8P0A, i8 %window_V_245_out, i8 %window_V_245_load_1"   --->   Operation 1083 'write' 'write_ln0' <Predicate = (icmp_ln40)> <Delay = 0.00>
ST_1 : Operation 1084 [1/1] (0.00ns)   --->   "%write_ln0 = write void @_ssdm_op_Write.ap_auto.i8P0A, i8 %window_V_244_out, i8 %window_V_244_load_1"   --->   Operation 1084 'write' 'write_ln0' <Predicate = (icmp_ln40)> <Delay = 0.00>
ST_1 : Operation 1085 [1/1] (0.00ns)   --->   "%write_ln0 = write void @_ssdm_op_Write.ap_auto.i8P0A, i8 %window_V_528_2_i_out, i8 %window_V_425_load"   --->   Operation 1085 'write' 'write_ln0' <Predicate = (icmp_ln40)> <Delay = 0.00>
ST_1 : Operation 1086 [1/1] (0.00ns)   --->   "%write_ln0 = write void @_ssdm_op_Write.ap_auto.i8P0A, i8 %window_V_243_out, i8 %window_V_243_load_1"   --->   Operation 1086 'write' 'write_ln0' <Predicate = (icmp_ln40)> <Delay = 0.00>
ST_1 : Operation 1087 [1/1] (0.00ns)   --->   "%write_ln0 = write void @_ssdm_op_Write.ap_auto.i8P0A, i8 %window_V_242_out, i8 %window_V_242_load_2"   --->   Operation 1087 'write' 'write_ln0' <Predicate = (icmp_ln40)> <Delay = 0.00>
ST_1 : Operation 1088 [1/1] (0.00ns)   --->   "%write_ln0 = write void @_ssdm_op_Write.ap_auto.i8P0A, i8 %window_V_525_2_i_out, i8 %window_V_424_load"   --->   Operation 1088 'write' 'write_ln0' <Predicate = (icmp_ln40)> <Delay = 0.00>
ST_1 : Operation 1089 [1/1] (0.00ns)   --->   "%write_ln0 = write void @_ssdm_op_Write.ap_auto.i8P0A, i8 %window_V_241_out, i8 %window_V_241_load_1"   --->   Operation 1089 'write' 'write_ln0' <Predicate = (icmp_ln40)> <Delay = 0.00>
ST_1 : Operation 1090 [1/1] (0.00ns)   --->   "%write_ln0 = write void @_ssdm_op_Write.ap_auto.i8P0A, i8 %window_V_523_2_i_out, i8 %window_V_423_load"   --->   Operation 1090 'write' 'write_ln0' <Predicate = (icmp_ln40)> <Delay = 0.00>
ST_1 : Operation 1091 [1/1] (0.00ns)   --->   "%write_ln0 = write void @_ssdm_op_Write.ap_auto.i8P0A, i8 %window_V_522_2_i_out, i8 %window_V_422_load"   --->   Operation 1091 'write' 'write_ln0' <Predicate = (icmp_ln40)> <Delay = 0.00>
ST_1 : Operation 1092 [1/1] (0.00ns)   --->   "%write_ln0 = write void @_ssdm_op_Write.ap_auto.i8P0A, i8 %window_V_238_out, i8 %window_V_238_load_2"   --->   Operation 1092 'write' 'write_ln0' <Predicate = (icmp_ln40)> <Delay = 0.00>
ST_1 : Operation 1093 [1/1] (0.00ns)   --->   "%write_ln0 = write void @_ssdm_op_Write.ap_auto.i8P0A, i8 %window_V_237_out, i8 %window_V_237_load_1"   --->   Operation 1093 'write' 'write_ln0' <Predicate = (icmp_ln40)> <Delay = 0.00>
ST_1 : Operation 1094 [1/1] (0.00ns)   --->   "%write_ln0 = write void @_ssdm_op_Write.ap_auto.i8P0A, i8 %window_V_519_2_i_out, i8 %window_V_421_load"   --->   Operation 1094 'write' 'write_ln0' <Predicate = (icmp_ln40)> <Delay = 0.00>
ST_1 : Operation 1095 [1/1] (0.00ns)   --->   "%write_ln0 = write void @_ssdm_op_Write.ap_auto.i8P0A, i8 %window_V_236_out, i8 %window_V_236_load_1"   --->   Operation 1095 'write' 'write_ln0' <Predicate = (icmp_ln40)> <Delay = 0.00>
ST_1 : Operation 1096 [1/1] (0.00ns)   --->   "%write_ln0 = write void @_ssdm_op_Write.ap_auto.i8P0A, i8 %window_V_235_out, i8 %window_V_235_load_1"   --->   Operation 1096 'write' 'write_ln0' <Predicate = (icmp_ln40)> <Delay = 0.00>
ST_1 : Operation 1097 [1/1] (0.00ns)   --->   "%write_ln0 = write void @_ssdm_op_Write.ap_auto.i8P0A, i8 %window_V_516_2_i_out, i8 %window_V_420_load"   --->   Operation 1097 'write' 'write_ln0' <Predicate = (icmp_ln40)> <Delay = 0.00>
ST_1 : Operation 1098 [1/1] (0.00ns)   --->   "%write_ln0 = write void @_ssdm_op_Write.ap_auto.i8P0A, i8 %window_V_234_out, i8 %window_V_234_load_2"   --->   Operation 1098 'write' 'write_ln0' <Predicate = (icmp_ln40)> <Delay = 0.00>
ST_1 : Operation 1099 [1/1] (0.00ns)   --->   "%write_ln0 = write void @_ssdm_op_Write.ap_auto.i8P0A, i8 %window_V_514_2_i_out, i8 %window_V_419_load"   --->   Operation 1099 'write' 'write_ln0' <Predicate = (icmp_ln40)> <Delay = 0.00>
ST_1 : Operation 1100 [1/1] (0.00ns)   --->   "%write_ln0 = write void @_ssdm_op_Write.ap_auto.i8P0A, i8 %window_V_2_i_out, i8 %window_V_418_load"   --->   Operation 1100 'write' 'write_ln0' <Predicate = (icmp_ln40)> <Delay = 0.00>
ST_1 : Operation 1101 [1/1] (0.00ns)   --->   "%ret_ln0 = ret"   --->   Operation 1101 'ret' 'ret_ln0' <Predicate = (icmp_ln40)> <Delay = 0.00>

State 2 <SV = 1> <Delay = 4.22>
ST_2 : Operation 489 [1/1] (0.00ns)   --->   "%window_V_419_load_1 = load i8 %window_V_419" [vgg_accelerator.cpp:45]   --->   Operation 489 'load' 'window_V_419_load_1' <Predicate = true> <Delay = 0.00>
ST_2 : Operation 490 [1/1] (0.00ns)   --->   "%window_V_423_load_1 = load i8 %window_V_423" [vgg_accelerator.cpp:45]   --->   Operation 490 'load' 'window_V_423_load_1' <Predicate = true> <Delay = 0.00>
ST_2 : Operation 491 [1/1] (0.00ns)   --->   "%window_V_427_load_1 = load i8 %window_V_427" [vgg_accelerator.cpp:45]   --->   Operation 491 'load' 'window_V_427_load_1' <Predicate = true> <Delay = 0.00>
ST_2 : Operation 492 [1/1] (0.00ns)   --->   "%window_V_431_load_1 = load i8 %window_V_431" [vgg_accelerator.cpp:45]   --->   Operation 492 'load' 'window_V_431_load_1' <Predicate = true> <Delay = 0.00>
ST_2 : Operation 493 [1/1] (0.00ns)   --->   "%window_V_435_load_1 = load i8 %window_V_435" [vgg_accelerator.cpp:45]   --->   Operation 493 'load' 'window_V_435_load_1' <Predicate = true> <Delay = 0.00>
ST_2 : Operation 494 [1/1] (0.00ns)   --->   "%window_V_439_load_1 = load i8 %window_V_439" [vgg_accelerator.cpp:45]   --->   Operation 494 'load' 'window_V_439_load_1' <Predicate = true> <Delay = 0.00>
ST_2 : Operation 495 [1/1] (0.00ns)   --->   "%window_V_443_load_1 = load i8 %window_V_443" [vgg_accelerator.cpp:45]   --->   Operation 495 'load' 'window_V_443_load_1' <Predicate = true> <Delay = 0.00>
ST_2 : Operation 496 [1/1] (0.00ns)   --->   "%window_V_447_load_1 = load i8 %window_V_447" [vgg_accelerator.cpp:45]   --->   Operation 496 'load' 'window_V_447_load_1' <Predicate = true> <Delay = 0.00>
ST_2 : Operation 497 [1/1] (0.00ns)   --->   "%window_V_451_load_1 = load i8 %window_V_451" [vgg_accelerator.cpp:45]   --->   Operation 497 'load' 'window_V_451_load_1' <Predicate = true> <Delay = 0.00>
ST_2 : Operation 498 [1/1] (0.00ns)   --->   "%window_V_455_load_1 = load i8 %window_V_455" [vgg_accelerator.cpp:45]   --->   Operation 498 'load' 'window_V_455_load_1' <Predicate = true> <Delay = 0.00>
ST_2 : Operation 499 [1/1] (0.00ns)   --->   "%window_V_459_load_1 = load i8 %window_V_459" [vgg_accelerator.cpp:45]   --->   Operation 499 'load' 'window_V_459_load_1' <Predicate = true> <Delay = 0.00>
ST_2 : Operation 500 [1/1] (0.00ns)   --->   "%window_V_463_load_1 = load i8 %window_V_463" [vgg_accelerator.cpp:45]   --->   Operation 500 'load' 'window_V_463_load_1' <Predicate = true> <Delay = 0.00>
ST_2 : Operation 501 [1/1] (0.00ns)   --->   "%window_V_467_load_1 = load i8 %window_V_467" [vgg_accelerator.cpp:45]   --->   Operation 501 'load' 'window_V_467_load_1' <Predicate = true> <Delay = 0.00>
ST_2 : Operation 502 [1/1] (0.00ns)   --->   "%window_V_471_load_1 = load i8 %window_V_471" [vgg_accelerator.cpp:45]   --->   Operation 502 'load' 'window_V_471_load_1' <Predicate = true> <Delay = 0.00>
ST_2 : Operation 503 [1/1] (0.00ns)   --->   "%window_V_475_load_1 = load i8 %window_V_475" [vgg_accelerator.cpp:45]   --->   Operation 503 'load' 'window_V_475_load_1' <Predicate = true> <Delay = 0.00>
ST_2 : Operation 504 [1/1] (0.00ns)   --->   "%window_V_479_load_1 = load i8 %window_V_479" [vgg_accelerator.cpp:45]   --->   Operation 504 'load' 'window_V_479_load_1' <Predicate = true> <Delay = 0.00>
ST_2 : Operation 505 [1/1] (0.00ns)   --->   "%specpipeline_ln41 = specpipeline void @_ssdm_op_SpecPipeline, i32 1, i32 0, i32 0, i32 0, void @empty_4" [vgg_accelerator.cpp:41]   --->   Operation 505 'specpipeline' 'specpipeline_ln41' <Predicate = true> <Delay = 0.00>
ST_2 : Operation 506 [1/1] (0.00ns)   --->   "%specloopname_ln40 = specloopname void @_ssdm_op_SpecLoopName, void @empty_12" [vgg_accelerator.cpp:40]   --->   Operation 506 'specloopname' 'specloopname_ln40' <Predicate = true> <Delay = 0.00>
ST_2 : Operation 507 [1/1] (2.87ns)   --->   "%window_V_484 = read i8 @_ssdm_op_Read.ap_fifo.volatile.i8P0A, i8 %s_pool1" [vgg_accelerator.cpp:43]   --->   Operation 507 'read' 'window_V_484' <Predicate = true> <Delay = 2.87> <CoreInst = "FIFO_SRL">   --->   Core 81 'FIFO_SRL' <Latency = 0> <II = 1> <Delay = 2.87> <Storage> <Opcode : 'read' 'write' 'nbread' 'nbwrite'> <Ports = 0> <Width = 8> <Depth = 128> <FIFO>
ST_2 : Operation 508 [1/1] (0.57ns)   --->   "%window_V = mux i8 @_ssdm_op_Mux.ap_auto.16i8.i4, i8 %window_V_419_load_1, i8 %window_V_423_load_1, i8 %window_V_427_load_1, i8 %window_V_431_load_1, i8 %window_V_435_load_1, i8 %window_V_439_load_1, i8 %window_V_443_load_1, i8 %window_V_447_load_1, i8 %window_V_451_load_1, i8 %window_V_455_load_1, i8 %window_V_459_load_1, i8 %window_V_463_load_1, i8 %window_V_467_load_1, i8 %window_V_471_load_1, i8 %window_V_475_load_1, i8 %window_V_479_load_1, i4 %trunc_ln40" [vgg_accelerator.cpp:45]   --->   Operation 508 'mux' 'window_V' <Predicate = true> <Delay = 0.57> <CoreInst = "Multiplexer">   --->   Core 76 'Multiplexer' <Latency = 0> <II = 1> <Delay = 0.57> <FuncUnit> <Opcode : 'mux'> <InPorts = 2> <OutPorts = 1>
ST_2 : Operation 509 [1/1] (0.00ns)   --->   "%window_V_332_load = load i8 %window_V_332" [vgg_accelerator.cpp:60]   --->   Operation 509 'load' 'window_V_332_load' <Predicate = (trunc_ln40 == 14)> <Delay = 0.00>
ST_2 : Operation 510 [1/1] (0.00ns)   --->   "%window_V_334_load = load i8 %window_V_334" [vgg_accelerator.cpp:60]   --->   Operation 510 'load' 'window_V_334_load' <Predicate = (trunc_ln40 == 14)> <Delay = 0.00>
ST_2 : Operation 511 [1/1] (0.00ns)   --->   "%window_V_333_load = load i8 %window_V_333" [vgg_accelerator.cpp:60]   --->   Operation 511 'load' 'window_V_333_load' <Predicate = (trunc_ln40 == 14)> <Delay = 0.00>
ST_2 : Operation 512 [1/1] (0.00ns)   --->   "%window_V_336_load = load i8 %window_V_336" [vgg_accelerator.cpp:60]   --->   Operation 512 'load' 'window_V_336_load' <Predicate = (trunc_ln40 == 14)> <Delay = 0.00>
ST_2 : Operation 513 [1/1] (0.00ns)   --->   "%window_V_335_load = load i8 %window_V_335" [vgg_accelerator.cpp:60]   --->   Operation 513 'load' 'window_V_335_load' <Predicate = (trunc_ln40 == 14)> <Delay = 0.00>
ST_2 : Operation 514 [1/2] (1.35ns)   --->   "%window_V_513 = load i8 %void_layer_block_stream_stream_signed_char_const_16_3_3_signed_char_con_2" [vgg_accelerator.cpp:58]   --->   Operation 514 'load' 'window_V_513' <Predicate = (trunc_ln40 == 14)> <Delay = 1.35> <CoreInst = "RAM">   --->   Core 83 'RAM' <Latency = 1> <II = 1> <Delay = 1.35> <Storage> <Opcode : 'load' 'store'> <Ports = 2> <Width = 8> <Depth = 256> <RAM>
ST_2 : Operation 515 [1/2] (1.35ns)   --->   "%window_V_514 = load i8 %void_layer_block_stream_stream_signed_char_const_16_3_3_signed_char_con_3" [vgg_accelerator.cpp:59]   --->   Operation 515 'load' 'window_V_514' <Predicate = (trunc_ln40 == 14)> <Delay = 1.35> <CoreInst = "RAM">   --->   Core 83 'RAM' <Latency = 1> <II = 1> <Delay = 1.35> <Storage> <Opcode : 'load' 'store'> <Ports = 2> <Width = 8> <Depth = 256> <RAM>
ST_2 : Operation 516 [1/1] (1.35ns)   --->   "%store_ln55 = store i8 %window_V_514, i8 %void_layer_block_stream_stream_signed_char_const_16_3_3_signed_char_con_2" [vgg_accelerator.cpp:55]   --->   Operation 516 'store' 'store_ln55' <Predicate = (trunc_ln40 == 14)> <Delay = 1.35> <CoreInst = "RAM">   --->   Core 83 'RAM' <Latency = 1> <II = 1> <Delay = 1.35> <Storage> <Opcode : 'load' 'store'> <Ports = 2> <Width = 8> <Depth = 256> <RAM>
ST_2 : Operation 517 [1/1] (1.35ns)   --->   "%store_ln56 = store i8 %window_V_484, i8 %void_layer_block_stream_stream_signed_char_const_16_3_3_signed_char_con_3" [vgg_accelerator.cpp:56]   --->   Operation 517 'store' 'store_ln56' <Predicate = (trunc_ln40 == 14)> <Delay = 1.35> <CoreInst = "RAM">   --->   Core 83 'RAM' <Latency = 1> <II = 1> <Delay = 1.35> <Storage> <Opcode : 'load' 'store'> <Ports = 2> <Width = 8> <Depth = 256> <RAM>
ST_2 : Operation 518 [1/1] (0.48ns)   --->   "%store_ln60 = store i8 %window_V_335_load, i8 %window_V_477" [vgg_accelerator.cpp:60]   --->   Operation 518 'store' 'store_ln60' <Predicate = (trunc_ln40 == 14)> <Delay = 0.48>
ST_2 : Operation 519 [1/1] (0.48ns)   --->   "%store_ln60 = store i8 %window_V_336_load, i8 %window_V_335" [vgg_accelerator.cpp:60]   --->   Operation 519 'store' 'store_ln60' <Predicate = (trunc_ln40 == 14)> <Delay = 0.48>
ST_2 : Operation 520 [1/1] (0.48ns)   --->   "%store_ln60 = store i8 %window_V_484, i8 %window_V_336" [vgg_accelerator.cpp:60]   --->   Operation 520 'store' 'store_ln60' <Predicate = (trunc_ln40 == 14)> <Delay = 0.48>
ST_2 : Operation 521 [1/1] (0.48ns)   --->   "%store_ln60 = store i8 %window_V_333_load, i8 %window_V_476" [vgg_accelerator.cpp:60]   --->   Operation 521 'store' 'store_ln60' <Predicate = (trunc_ln40 == 14)> <Delay = 0.48>
ST_2 : Operation 522 [1/1] (0.48ns)   --->   "%store_ln60 = store i8 %window_V_334_load, i8 %window_V_333" [vgg_accelerator.cpp:60]   --->   Operation 522 'store' 'store_ln60' <Predicate = (trunc_ln40 == 14)> <Delay = 0.48>
ST_2 : Operation 523 [1/1] (0.48ns)   --->   "%store_ln60 = store i8 %window_V_514, i8 %window_V_334" [vgg_accelerator.cpp:60]   --->   Operation 523 'store' 'store_ln60' <Predicate = (trunc_ln40 == 14)> <Delay = 0.48>
ST_2 : Operation 524 [1/1] (0.48ns)   --->   "%store_ln60 = store i8 %window_V_332_load, i8 %window_V_475" [vgg_accelerator.cpp:60]   --->   Operation 524 'store' 'store_ln60' <Predicate = (trunc_ln40 == 14)> <Delay = 0.48>
ST_2 : Operation 525 [1/1] (0.48ns)   --->   "%store_ln60 = store i8 %window_V_513, i8 %window_V_332" [vgg_accelerator.cpp:60]   --->   Operation 525 'store' 'store_ln60' <Predicate = (trunc_ln40 == 14)> <Delay = 0.48>
ST_2 : Operation 526 [1/1] (0.48ns)   --->   "%store_ln60 = store i8 %window_V, i8 %window_V_474" [vgg_accelerator.cpp:60]   --->   Operation 526 'store' 'store_ln60' <Predicate = (trunc_ln40 == 14)> <Delay = 0.48>
ST_2 : Operation 527 [1/1] (0.00ns)   --->   "%br_ln60 = br void %arrayidx10728.exit.i" [vgg_accelerator.cpp:60]   --->   Operation 527 'br' 'br_ln60' <Predicate = (trunc_ln40 == 14)> <Delay = 0.00>
ST_2 : Operation 528 [1/1] (0.00ns)   --->   "%window_V_325_load = load i8 %window_V_325" [vgg_accelerator.cpp:60]   --->   Operation 528 'load' 'window_V_325_load' <Predicate = (trunc_ln40 == 13)> <Delay = 0.00>
ST_2 : Operation 529 [1/1] (0.00ns)   --->   "%window_V_327_load = load i8 %window_V_327" [vgg_accelerator.cpp:60]   --->   Operation 529 'load' 'window_V_327_load' <Predicate = (trunc_ln40 == 13)> <Delay = 0.00>
ST_2 : Operation 530 [1/1] (0.00ns)   --->   "%window_V_326_load = load i8 %window_V_326" [vgg_accelerator.cpp:60]   --->   Operation 530 'load' 'window_V_326_load' <Predicate = (trunc_ln40 == 13)> <Delay = 0.00>
ST_2 : Operation 531 [1/1] (0.00ns)   --->   "%window_V_329_load = load i8 %window_V_329" [vgg_accelerator.cpp:60]   --->   Operation 531 'load' 'window_V_329_load' <Predicate = (trunc_ln40 == 13)> <Delay = 0.00>
ST_2 : Operation 532 [1/1] (0.00ns)   --->   "%window_V_328_load = load i8 %window_V_328" [vgg_accelerator.cpp:60]   --->   Operation 532 'load' 'window_V_328_load' <Predicate = (trunc_ln40 == 13)> <Delay = 0.00>
ST_2 : Operation 533 [1/2] (1.35ns)   --->   "%window_V_511 = load i8 %void_layer_block_stream_stream_signed_char_const_16_3_3_signed_char_con_2" [vgg_accelerator.cpp:58]   --->   Operation 533 'load' 'window_V_511' <Predicate = (trunc_ln40 == 13)> <Delay = 1.35> <CoreInst = "RAM">   --->   Core 83 'RAM' <Latency = 1> <II = 1> <Delay = 1.35> <Storage> <Opcode : 'load' 'store'> <Ports = 2> <Width = 8> <Depth = 256> <RAM>
ST_2 : Operation 534 [1/2] (1.35ns)   --->   "%window_V_512 = load i8 %void_layer_block_stream_stream_signed_char_const_16_3_3_signed_char_con_3" [vgg_accelerator.cpp:59]   --->   Operation 534 'load' 'window_V_512' <Predicate = (trunc_ln40 == 13)> <Delay = 1.35> <CoreInst = "RAM">   --->   Core 83 'RAM' <Latency = 1> <II = 1> <Delay = 1.35> <Storage> <Opcode : 'load' 'store'> <Ports = 2> <Width = 8> <Depth = 256> <RAM>
ST_2 : Operation 535 [1/1] (1.35ns)   --->   "%store_ln55 = store i8 %window_V_512, i8 %void_layer_block_stream_stream_signed_char_const_16_3_3_signed_char_con_2" [vgg_accelerator.cpp:55]   --->   Operation 535 'store' 'store_ln55' <Predicate = (trunc_ln40 == 13)> <Delay = 1.35> <CoreInst = "RAM">   --->   Core 83 'RAM' <Latency = 1> <II = 1> <Delay = 1.35> <Storage> <Opcode : 'load' 'store'> <Ports = 2> <Width = 8> <Depth = 256> <RAM>
ST_2 : Operation 536 [1/1] (1.35ns)   --->   "%store_ln56 = store i8 %window_V_484, i8 %void_layer_block_stream_stream_signed_char_const_16_3_3_signed_char_con_3" [vgg_accelerator.cpp:56]   --->   Operation 536 'store' 'store_ln56' <Predicate = (trunc_ln40 == 13)> <Delay = 1.35> <CoreInst = "RAM">   --->   Core 83 'RAM' <Latency = 1> <II = 1> <Delay = 1.35> <Storage> <Opcode : 'load' 'store'> <Ports = 2> <Width = 8> <Depth = 256> <RAM>
ST_2 : Operation 537 [1/1] (0.48ns)   --->   "%store_ln60 = store i8 %window_V_328_load, i8 %window_V_473" [vgg_accelerator.cpp:60]   --->   Operation 537 'store' 'store_ln60' <Predicate = (trunc_ln40 == 13)> <Delay = 0.48>
ST_2 : Operation 538 [1/1] (0.48ns)   --->   "%store_ln60 = store i8 %window_V_329_load, i8 %window_V_328" [vgg_accelerator.cpp:60]   --->   Operation 538 'store' 'store_ln60' <Predicate = (trunc_ln40 == 13)> <Delay = 0.48>
ST_2 : Operation 539 [1/1] (0.48ns)   --->   "%store_ln60 = store i8 %window_V_484, i8 %window_V_329" [vgg_accelerator.cpp:60]   --->   Operation 539 'store' 'store_ln60' <Predicate = (trunc_ln40 == 13)> <Delay = 0.48>
ST_2 : Operation 540 [1/1] (0.48ns)   --->   "%store_ln60 = store i8 %window_V_326_load, i8 %window_V_472" [vgg_accelerator.cpp:60]   --->   Operation 540 'store' 'store_ln60' <Predicate = (trunc_ln40 == 13)> <Delay = 0.48>
ST_2 : Operation 541 [1/1] (0.48ns)   --->   "%store_ln60 = store i8 %window_V_327_load, i8 %window_V_326" [vgg_accelerator.cpp:60]   --->   Operation 541 'store' 'store_ln60' <Predicate = (trunc_ln40 == 13)> <Delay = 0.48>
ST_2 : Operation 542 [1/1] (0.48ns)   --->   "%store_ln60 = store i8 %window_V_512, i8 %window_V_327" [vgg_accelerator.cpp:60]   --->   Operation 542 'store' 'store_ln60' <Predicate = (trunc_ln40 == 13)> <Delay = 0.48>
ST_2 : Operation 543 [1/1] (0.48ns)   --->   "%store_ln60 = store i8 %window_V_325_load, i8 %window_V_471" [vgg_accelerator.cpp:60]   --->   Operation 543 'store' 'store_ln60' <Predicate = (trunc_ln40 == 13)> <Delay = 0.48>
ST_2 : Operation 544 [1/1] (0.48ns)   --->   "%store_ln60 = store i8 %window_V_511, i8 %window_V_325" [vgg_accelerator.cpp:60]   --->   Operation 544 'store' 'store_ln60' <Predicate = (trunc_ln40 == 13)> <Delay = 0.48>
ST_2 : Operation 545 [1/1] (0.48ns)   --->   "%store_ln60 = store i8 %window_V, i8 %window_V_470" [vgg_accelerator.cpp:60]   --->   Operation 545 'store' 'store_ln60' <Predicate = (trunc_ln40 == 13)> <Delay = 0.48>
ST_2 : Operation 546 [1/1] (0.00ns)   --->   "%br_ln60 = br void %arrayidx10728.exit.i" [vgg_accelerator.cpp:60]   --->   Operation 546 'br' 'br_ln60' <Predicate = (trunc_ln40 == 13)> <Delay = 0.00>
ST_2 : Operation 547 [1/1] (0.00ns)   --->   "%window_V_318_load = load i8 %window_V_318" [vgg_accelerator.cpp:60]   --->   Operation 547 'load' 'window_V_318_load' <Predicate = (trunc_ln40 == 12)> <Delay = 0.00>
ST_2 : Operation 548 [1/1] (0.00ns)   --->   "%window_V_320_load = load i8 %window_V_320" [vgg_accelerator.cpp:60]   --->   Operation 548 'load' 'window_V_320_load' <Predicate = (trunc_ln40 == 12)> <Delay = 0.00>
ST_2 : Operation 549 [1/1] (0.00ns)   --->   "%window_V_319_load = load i8 %window_V_319" [vgg_accelerator.cpp:60]   --->   Operation 549 'load' 'window_V_319_load' <Predicate = (trunc_ln40 == 12)> <Delay = 0.00>
ST_2 : Operation 550 [1/1] (0.00ns)   --->   "%window_V_322_load = load i8 %window_V_322" [vgg_accelerator.cpp:60]   --->   Operation 550 'load' 'window_V_322_load' <Predicate = (trunc_ln40 == 12)> <Delay = 0.00>
ST_2 : Operation 551 [1/1] (0.00ns)   --->   "%window_V_321_load = load i8 %window_V_321" [vgg_accelerator.cpp:60]   --->   Operation 551 'load' 'window_V_321_load' <Predicate = (trunc_ln40 == 12)> <Delay = 0.00>
ST_2 : Operation 552 [1/2] (1.35ns)   --->   "%window_V_509 = load i8 %void_layer_block_stream_stream_signed_char_const_16_3_3_signed_char_con_2" [vgg_accelerator.cpp:58]   --->   Operation 552 'load' 'window_V_509' <Predicate = (trunc_ln40 == 12)> <Delay = 1.35> <CoreInst = "RAM">   --->   Core 83 'RAM' <Latency = 1> <II = 1> <Delay = 1.35> <Storage> <Opcode : 'load' 'store'> <Ports = 2> <Width = 8> <Depth = 256> <RAM>
ST_2 : Operation 553 [1/2] (1.35ns)   --->   "%window_V_510 = load i8 %void_layer_block_stream_stream_signed_char_const_16_3_3_signed_char_con_3" [vgg_accelerator.cpp:59]   --->   Operation 553 'load' 'window_V_510' <Predicate = (trunc_ln40 == 12)> <Delay = 1.35> <CoreInst = "RAM">   --->   Core 83 'RAM' <Latency = 1> <II = 1> <Delay = 1.35> <Storage> <Opcode : 'load' 'store'> <Ports = 2> <Width = 8> <Depth = 256> <RAM>
ST_2 : Operation 554 [1/1] (1.35ns)   --->   "%store_ln55 = store i8 %window_V_510, i8 %void_layer_block_stream_stream_signed_char_const_16_3_3_signed_char_con_2" [vgg_accelerator.cpp:55]   --->   Operation 554 'store' 'store_ln55' <Predicate = (trunc_ln40 == 12)> <Delay = 1.35> <CoreInst = "RAM">   --->   Core 83 'RAM' <Latency = 1> <II = 1> <Delay = 1.35> <Storage> <Opcode : 'load' 'store'> <Ports = 2> <Width = 8> <Depth = 256> <RAM>
ST_2 : Operation 555 [1/1] (1.35ns)   --->   "%store_ln56 = store i8 %window_V_484, i8 %void_layer_block_stream_stream_signed_char_const_16_3_3_signed_char_con_3" [vgg_accelerator.cpp:56]   --->   Operation 555 'store' 'store_ln56' <Predicate = (trunc_ln40 == 12)> <Delay = 1.35> <CoreInst = "RAM">   --->   Core 83 'RAM' <Latency = 1> <II = 1> <Delay = 1.35> <Storage> <Opcode : 'load' 'store'> <Ports = 2> <Width = 8> <Depth = 256> <RAM>
ST_2 : Operation 556 [1/1] (0.48ns)   --->   "%store_ln60 = store i8 %window_V_321_load, i8 %window_V_469" [vgg_accelerator.cpp:60]   --->   Operation 556 'store' 'store_ln60' <Predicate = (trunc_ln40 == 12)> <Delay = 0.48>
ST_2 : Operation 557 [1/1] (0.48ns)   --->   "%store_ln60 = store i8 %window_V_322_load, i8 %window_V_321" [vgg_accelerator.cpp:60]   --->   Operation 557 'store' 'store_ln60' <Predicate = (trunc_ln40 == 12)> <Delay = 0.48>
ST_2 : Operation 558 [1/1] (0.48ns)   --->   "%store_ln60 = store i8 %window_V_484, i8 %window_V_322" [vgg_accelerator.cpp:60]   --->   Operation 558 'store' 'store_ln60' <Predicate = (trunc_ln40 == 12)> <Delay = 0.48>
ST_2 : Operation 559 [1/1] (0.48ns)   --->   "%store_ln60 = store i8 %window_V_319_load, i8 %window_V_468" [vgg_accelerator.cpp:60]   --->   Operation 559 'store' 'store_ln60' <Predicate = (trunc_ln40 == 12)> <Delay = 0.48>
ST_2 : Operation 560 [1/1] (0.48ns)   --->   "%store_ln60 = store i8 %window_V_320_load, i8 %window_V_319" [vgg_accelerator.cpp:60]   --->   Operation 560 'store' 'store_ln60' <Predicate = (trunc_ln40 == 12)> <Delay = 0.48>
ST_2 : Operation 561 [1/1] (0.48ns)   --->   "%store_ln60 = store i8 %window_V_510, i8 %window_V_320" [vgg_accelerator.cpp:60]   --->   Operation 561 'store' 'store_ln60' <Predicate = (trunc_ln40 == 12)> <Delay = 0.48>
ST_2 : Operation 562 [1/1] (0.48ns)   --->   "%store_ln60 = store i8 %window_V_318_load, i8 %window_V_467" [vgg_accelerator.cpp:60]   --->   Operation 562 'store' 'store_ln60' <Predicate = (trunc_ln40 == 12)> <Delay = 0.48>
ST_2 : Operation 563 [1/1] (0.48ns)   --->   "%store_ln60 = store i8 %window_V_509, i8 %window_V_318" [vgg_accelerator.cpp:60]   --->   Operation 563 'store' 'store_ln60' <Predicate = (trunc_ln40 == 12)> <Delay = 0.48>
ST_2 : Operation 564 [1/1] (0.48ns)   --->   "%store_ln60 = store i8 %window_V, i8 %window_V_466" [vgg_accelerator.cpp:60]   --->   Operation 564 'store' 'store_ln60' <Predicate = (trunc_ln40 == 12)> <Delay = 0.48>
ST_2 : Operation 565 [1/1] (0.00ns)   --->   "%br_ln60 = br void %arrayidx10728.exit.i" [vgg_accelerator.cpp:60]   --->   Operation 565 'br' 'br_ln60' <Predicate = (trunc_ln40 == 12)> <Delay = 0.00>
ST_2 : Operation 566 [1/1] (0.00ns)   --->   "%window_V_311_load = load i8 %window_V_311" [vgg_accelerator.cpp:60]   --->   Operation 566 'load' 'window_V_311_load' <Predicate = (trunc_ln40 == 11)> <Delay = 0.00>
ST_2 : Operation 567 [1/1] (0.00ns)   --->   "%window_V_313_load = load i8 %window_V_313" [vgg_accelerator.cpp:60]   --->   Operation 567 'load' 'window_V_313_load' <Predicate = (trunc_ln40 == 11)> <Delay = 0.00>
ST_2 : Operation 568 [1/1] (0.00ns)   --->   "%window_V_312_load = load i8 %window_V_312" [vgg_accelerator.cpp:60]   --->   Operation 568 'load' 'window_V_312_load' <Predicate = (trunc_ln40 == 11)> <Delay = 0.00>
ST_2 : Operation 569 [1/1] (0.00ns)   --->   "%window_V_315_load = load i8 %window_V_315" [vgg_accelerator.cpp:60]   --->   Operation 569 'load' 'window_V_315_load' <Predicate = (trunc_ln40 == 11)> <Delay = 0.00>
ST_2 : Operation 570 [1/1] (0.00ns)   --->   "%window_V_314_load = load i8 %window_V_314" [vgg_accelerator.cpp:60]   --->   Operation 570 'load' 'window_V_314_load' <Predicate = (trunc_ln40 == 11)> <Delay = 0.00>
ST_2 : Operation 571 [1/2] (1.35ns)   --->   "%window_V_507 = load i8 %void_layer_block_stream_stream_signed_char_const_16_3_3_signed_char_con_2" [vgg_accelerator.cpp:58]   --->   Operation 571 'load' 'window_V_507' <Predicate = (trunc_ln40 == 11)> <Delay = 1.35> <CoreInst = "RAM">   --->   Core 83 'RAM' <Latency = 1> <II = 1> <Delay = 1.35> <Storage> <Opcode : 'load' 'store'> <Ports = 2> <Width = 8> <Depth = 256> <RAM>
ST_2 : Operation 572 [1/2] (1.35ns)   --->   "%window_V_508 = load i8 %void_layer_block_stream_stream_signed_char_const_16_3_3_signed_char_con_3" [vgg_accelerator.cpp:59]   --->   Operation 572 'load' 'window_V_508' <Predicate = (trunc_ln40 == 11)> <Delay = 1.35> <CoreInst = "RAM">   --->   Core 83 'RAM' <Latency = 1> <II = 1> <Delay = 1.35> <Storage> <Opcode : 'load' 'store'> <Ports = 2> <Width = 8> <Depth = 256> <RAM>
ST_2 : Operation 573 [1/1] (1.35ns)   --->   "%store_ln55 = store i8 %window_V_508, i8 %void_layer_block_stream_stream_signed_char_const_16_3_3_signed_char_con_2" [vgg_accelerator.cpp:55]   --->   Operation 573 'store' 'store_ln55' <Predicate = (trunc_ln40 == 11)> <Delay = 1.35> <CoreInst = "RAM">   --->   Core 83 'RAM' <Latency = 1> <II = 1> <Delay = 1.35> <Storage> <Opcode : 'load' 'store'> <Ports = 2> <Width = 8> <Depth = 256> <RAM>
ST_2 : Operation 574 [1/1] (1.35ns)   --->   "%store_ln56 = store i8 %window_V_484, i8 %void_layer_block_stream_stream_signed_char_const_16_3_3_signed_char_con_3" [vgg_accelerator.cpp:56]   --->   Operation 574 'store' 'store_ln56' <Predicate = (trunc_ln40 == 11)> <Delay = 1.35> <CoreInst = "RAM">   --->   Core 83 'RAM' <Latency = 1> <II = 1> <Delay = 1.35> <Storage> <Opcode : 'load' 'store'> <Ports = 2> <Width = 8> <Depth = 256> <RAM>
ST_2 : Operation 575 [1/1] (0.48ns)   --->   "%store_ln60 = store i8 %window_V_314_load, i8 %window_V_465" [vgg_accelerator.cpp:60]   --->   Operation 575 'store' 'store_ln60' <Predicate = (trunc_ln40 == 11)> <Delay = 0.48>
ST_2 : Operation 576 [1/1] (0.48ns)   --->   "%store_ln60 = store i8 %window_V_315_load, i8 %window_V_314" [vgg_accelerator.cpp:60]   --->   Operation 576 'store' 'store_ln60' <Predicate = (trunc_ln40 == 11)> <Delay = 0.48>
ST_2 : Operation 577 [1/1] (0.48ns)   --->   "%store_ln60 = store i8 %window_V_484, i8 %window_V_315" [vgg_accelerator.cpp:60]   --->   Operation 577 'store' 'store_ln60' <Predicate = (trunc_ln40 == 11)> <Delay = 0.48>
ST_2 : Operation 578 [1/1] (0.48ns)   --->   "%store_ln60 = store i8 %window_V_312_load, i8 %window_V_464" [vgg_accelerator.cpp:60]   --->   Operation 578 'store' 'store_ln60' <Predicate = (trunc_ln40 == 11)> <Delay = 0.48>
ST_2 : Operation 579 [1/1] (0.48ns)   --->   "%store_ln60 = store i8 %window_V_313_load, i8 %window_V_312" [vgg_accelerator.cpp:60]   --->   Operation 579 'store' 'store_ln60' <Predicate = (trunc_ln40 == 11)> <Delay = 0.48>
ST_2 : Operation 580 [1/1] (0.48ns)   --->   "%store_ln60 = store i8 %window_V_508, i8 %window_V_313" [vgg_accelerator.cpp:60]   --->   Operation 580 'store' 'store_ln60' <Predicate = (trunc_ln40 == 11)> <Delay = 0.48>
ST_2 : Operation 581 [1/1] (0.48ns)   --->   "%store_ln60 = store i8 %window_V_311_load, i8 %window_V_463" [vgg_accelerator.cpp:60]   --->   Operation 581 'store' 'store_ln60' <Predicate = (trunc_ln40 == 11)> <Delay = 0.48>
ST_2 : Operation 582 [1/1] (0.48ns)   --->   "%store_ln60 = store i8 %window_V_507, i8 %window_V_311" [vgg_accelerator.cpp:60]   --->   Operation 582 'store' 'store_ln60' <Predicate = (trunc_ln40 == 11)> <Delay = 0.48>
ST_2 : Operation 583 [1/1] (0.48ns)   --->   "%store_ln60 = store i8 %window_V, i8 %window_V_462" [vgg_accelerator.cpp:60]   --->   Operation 583 'store' 'store_ln60' <Predicate = (trunc_ln40 == 11)> <Delay = 0.48>
ST_2 : Operation 584 [1/1] (0.00ns)   --->   "%br_ln60 = br void %arrayidx10728.exit.i" [vgg_accelerator.cpp:60]   --->   Operation 584 'br' 'br_ln60' <Predicate = (trunc_ln40 == 11)> <Delay = 0.00>
ST_2 : Operation 585 [1/1] (0.00ns)   --->   "%window_V_304_load = load i8 %window_V_304" [vgg_accelerator.cpp:60]   --->   Operation 585 'load' 'window_V_304_load' <Predicate = (trunc_ln40 == 10)> <Delay = 0.00>
ST_2 : Operation 586 [1/1] (0.00ns)   --->   "%window_V_306_load = load i8 %window_V_306" [vgg_accelerator.cpp:60]   --->   Operation 586 'load' 'window_V_306_load' <Predicate = (trunc_ln40 == 10)> <Delay = 0.00>
ST_2 : Operation 587 [1/1] (0.00ns)   --->   "%window_V_305_load = load i8 %window_V_305" [vgg_accelerator.cpp:60]   --->   Operation 587 'load' 'window_V_305_load' <Predicate = (trunc_ln40 == 10)> <Delay = 0.00>
ST_2 : Operation 588 [1/1] (0.00ns)   --->   "%window_V_308_load = load i8 %window_V_308" [vgg_accelerator.cpp:60]   --->   Operation 588 'load' 'window_V_308_load' <Predicate = (trunc_ln40 == 10)> <Delay = 0.00>
ST_2 : Operation 589 [1/1] (0.00ns)   --->   "%window_V_307_load = load i8 %window_V_307" [vgg_accelerator.cpp:60]   --->   Operation 589 'load' 'window_V_307_load' <Predicate = (trunc_ln40 == 10)> <Delay = 0.00>
ST_2 : Operation 590 [1/2] (1.35ns)   --->   "%window_V_505 = load i8 %void_layer_block_stream_stream_signed_char_const_16_3_3_signed_char_con_2" [vgg_accelerator.cpp:58]   --->   Operation 590 'load' 'window_V_505' <Predicate = (trunc_ln40 == 10)> <Delay = 1.35> <CoreInst = "RAM">   --->   Core 83 'RAM' <Latency = 1> <II = 1> <Delay = 1.35> <Storage> <Opcode : 'load' 'store'> <Ports = 2> <Width = 8> <Depth = 256> <RAM>
ST_2 : Operation 591 [1/2] (1.35ns)   --->   "%window_V_506 = load i8 %void_layer_block_stream_stream_signed_char_const_16_3_3_signed_char_con_3" [vgg_accelerator.cpp:59]   --->   Operation 591 'load' 'window_V_506' <Predicate = (trunc_ln40 == 10)> <Delay = 1.35> <CoreInst = "RAM">   --->   Core 83 'RAM' <Latency = 1> <II = 1> <Delay = 1.35> <Storage> <Opcode : 'load' 'store'> <Ports = 2> <Width = 8> <Depth = 256> <RAM>
ST_2 : Operation 592 [1/1] (1.35ns)   --->   "%store_ln55 = store i8 %window_V_506, i8 %void_layer_block_stream_stream_signed_char_const_16_3_3_signed_char_con_2" [vgg_accelerator.cpp:55]   --->   Operation 592 'store' 'store_ln55' <Predicate = (trunc_ln40 == 10)> <Delay = 1.35> <CoreInst = "RAM">   --->   Core 83 'RAM' <Latency = 1> <II = 1> <Delay = 1.35> <Storage> <Opcode : 'load' 'store'> <Ports = 2> <Width = 8> <Depth = 256> <RAM>
ST_2 : Operation 593 [1/1] (1.35ns)   --->   "%store_ln56 = store i8 %window_V_484, i8 %void_layer_block_stream_stream_signed_char_const_16_3_3_signed_char_con_3" [vgg_accelerator.cpp:56]   --->   Operation 593 'store' 'store_ln56' <Predicate = (trunc_ln40 == 10)> <Delay = 1.35> <CoreInst = "RAM">   --->   Core 83 'RAM' <Latency = 1> <II = 1> <Delay = 1.35> <Storage> <Opcode : 'load' 'store'> <Ports = 2> <Width = 8> <Depth = 256> <RAM>
ST_2 : Operation 594 [1/1] (0.48ns)   --->   "%store_ln60 = store i8 %window_V_307_load, i8 %window_V_461" [vgg_accelerator.cpp:60]   --->   Operation 594 'store' 'store_ln60' <Predicate = (trunc_ln40 == 10)> <Delay = 0.48>
ST_2 : Operation 595 [1/1] (0.48ns)   --->   "%store_ln60 = store i8 %window_V_308_load, i8 %window_V_307" [vgg_accelerator.cpp:60]   --->   Operation 595 'store' 'store_ln60' <Predicate = (trunc_ln40 == 10)> <Delay = 0.48>
ST_2 : Operation 596 [1/1] (0.48ns)   --->   "%store_ln60 = store i8 %window_V_484, i8 %window_V_308" [vgg_accelerator.cpp:60]   --->   Operation 596 'store' 'store_ln60' <Predicate = (trunc_ln40 == 10)> <Delay = 0.48>
ST_2 : Operation 597 [1/1] (0.48ns)   --->   "%store_ln60 = store i8 %window_V_305_load, i8 %window_V_460" [vgg_accelerator.cpp:60]   --->   Operation 597 'store' 'store_ln60' <Predicate = (trunc_ln40 == 10)> <Delay = 0.48>
ST_2 : Operation 598 [1/1] (0.48ns)   --->   "%store_ln60 = store i8 %window_V_306_load, i8 %window_V_305" [vgg_accelerator.cpp:60]   --->   Operation 598 'store' 'store_ln60' <Predicate = (trunc_ln40 == 10)> <Delay = 0.48>
ST_2 : Operation 599 [1/1] (0.48ns)   --->   "%store_ln60 = store i8 %window_V_506, i8 %window_V_306" [vgg_accelerator.cpp:60]   --->   Operation 599 'store' 'store_ln60' <Predicate = (trunc_ln40 == 10)> <Delay = 0.48>
ST_2 : Operation 600 [1/1] (0.48ns)   --->   "%store_ln60 = store i8 %window_V_304_load, i8 %window_V_459" [vgg_accelerator.cpp:60]   --->   Operation 600 'store' 'store_ln60' <Predicate = (trunc_ln40 == 10)> <Delay = 0.48>
ST_2 : Operation 601 [1/1] (0.48ns)   --->   "%store_ln60 = store i8 %window_V_505, i8 %window_V_304" [vgg_accelerator.cpp:60]   --->   Operation 601 'store' 'store_ln60' <Predicate = (trunc_ln40 == 10)> <Delay = 0.48>
ST_2 : Operation 602 [1/1] (0.48ns)   --->   "%store_ln60 = store i8 %window_V, i8 %window_V_458" [vgg_accelerator.cpp:60]   --->   Operation 602 'store' 'store_ln60' <Predicate = (trunc_ln40 == 10)> <Delay = 0.48>
ST_2 : Operation 603 [1/1] (0.00ns)   --->   "%br_ln60 = br void %arrayidx10728.exit.i" [vgg_accelerator.cpp:60]   --->   Operation 603 'br' 'br_ln60' <Predicate = (trunc_ln40 == 10)> <Delay = 0.00>
ST_2 : Operation 604 [1/1] (0.00ns)   --->   "%window_V_297_load = load i8 %window_V_297" [vgg_accelerator.cpp:60]   --->   Operation 604 'load' 'window_V_297_load' <Predicate = (trunc_ln40 == 9)> <Delay = 0.00>
ST_2 : Operation 605 [1/1] (0.00ns)   --->   "%window_V_299_load = load i8 %window_V_299" [vgg_accelerator.cpp:60]   --->   Operation 605 'load' 'window_V_299_load' <Predicate = (trunc_ln40 == 9)> <Delay = 0.00>
ST_2 : Operation 606 [1/1] (0.00ns)   --->   "%window_V_298_load = load i8 %window_V_298" [vgg_accelerator.cpp:60]   --->   Operation 606 'load' 'window_V_298_load' <Predicate = (trunc_ln40 == 9)> <Delay = 0.00>
ST_2 : Operation 607 [1/1] (0.00ns)   --->   "%window_V_301_load = load i8 %window_V_301" [vgg_accelerator.cpp:60]   --->   Operation 607 'load' 'window_V_301_load' <Predicate = (trunc_ln40 == 9)> <Delay = 0.00>
ST_2 : Operation 608 [1/1] (0.00ns)   --->   "%window_V_300_load = load i8 %window_V_300" [vgg_accelerator.cpp:60]   --->   Operation 608 'load' 'window_V_300_load' <Predicate = (trunc_ln40 == 9)> <Delay = 0.00>
ST_2 : Operation 609 [1/2] (1.35ns)   --->   "%window_V_503 = load i8 %void_layer_block_stream_stream_signed_char_const_16_3_3_signed_char_con_2" [vgg_accelerator.cpp:58]   --->   Operation 609 'load' 'window_V_503' <Predicate = (trunc_ln40 == 9)> <Delay = 1.35> <CoreInst = "RAM">   --->   Core 83 'RAM' <Latency = 1> <II = 1> <Delay = 1.35> <Storage> <Opcode : 'load' 'store'> <Ports = 2> <Width = 8> <Depth = 256> <RAM>
ST_2 : Operation 610 [1/2] (1.35ns)   --->   "%window_V_504 = load i8 %void_layer_block_stream_stream_signed_char_const_16_3_3_signed_char_con_3" [vgg_accelerator.cpp:59]   --->   Operation 610 'load' 'window_V_504' <Predicate = (trunc_ln40 == 9)> <Delay = 1.35> <CoreInst = "RAM">   --->   Core 83 'RAM' <Latency = 1> <II = 1> <Delay = 1.35> <Storage> <Opcode : 'load' 'store'> <Ports = 2> <Width = 8> <Depth = 256> <RAM>
ST_2 : Operation 611 [1/1] (1.35ns)   --->   "%store_ln55 = store i8 %window_V_504, i8 %void_layer_block_stream_stream_signed_char_const_16_3_3_signed_char_con_2" [vgg_accelerator.cpp:55]   --->   Operation 611 'store' 'store_ln55' <Predicate = (trunc_ln40 == 9)> <Delay = 1.35> <CoreInst = "RAM">   --->   Core 83 'RAM' <Latency = 1> <II = 1> <Delay = 1.35> <Storage> <Opcode : 'load' 'store'> <Ports = 2> <Width = 8> <Depth = 256> <RAM>
ST_2 : Operation 612 [1/1] (1.35ns)   --->   "%store_ln56 = store i8 %window_V_484, i8 %void_layer_block_stream_stream_signed_char_const_16_3_3_signed_char_con_3" [vgg_accelerator.cpp:56]   --->   Operation 612 'store' 'store_ln56' <Predicate = (trunc_ln40 == 9)> <Delay = 1.35> <CoreInst = "RAM">   --->   Core 83 'RAM' <Latency = 1> <II = 1> <Delay = 1.35> <Storage> <Opcode : 'load' 'store'> <Ports = 2> <Width = 8> <Depth = 256> <RAM>
ST_2 : Operation 613 [1/1] (0.48ns)   --->   "%store_ln60 = store i8 %window_V_300_load, i8 %window_V_457" [vgg_accelerator.cpp:60]   --->   Operation 613 'store' 'store_ln60' <Predicate = (trunc_ln40 == 9)> <Delay = 0.48>
ST_2 : Operation 614 [1/1] (0.48ns)   --->   "%store_ln60 = store i8 %window_V_301_load, i8 %window_V_300" [vgg_accelerator.cpp:60]   --->   Operation 614 'store' 'store_ln60' <Predicate = (trunc_ln40 == 9)> <Delay = 0.48>
ST_2 : Operation 615 [1/1] (0.48ns)   --->   "%store_ln60 = store i8 %window_V_484, i8 %window_V_301" [vgg_accelerator.cpp:60]   --->   Operation 615 'store' 'store_ln60' <Predicate = (trunc_ln40 == 9)> <Delay = 0.48>
ST_2 : Operation 616 [1/1] (0.48ns)   --->   "%store_ln60 = store i8 %window_V_298_load, i8 %window_V_456" [vgg_accelerator.cpp:60]   --->   Operation 616 'store' 'store_ln60' <Predicate = (trunc_ln40 == 9)> <Delay = 0.48>
ST_2 : Operation 617 [1/1] (0.48ns)   --->   "%store_ln60 = store i8 %window_V_299_load, i8 %window_V_298" [vgg_accelerator.cpp:60]   --->   Operation 617 'store' 'store_ln60' <Predicate = (trunc_ln40 == 9)> <Delay = 0.48>
ST_2 : Operation 618 [1/1] (0.48ns)   --->   "%store_ln60 = store i8 %window_V_504, i8 %window_V_299" [vgg_accelerator.cpp:60]   --->   Operation 618 'store' 'store_ln60' <Predicate = (trunc_ln40 == 9)> <Delay = 0.48>
ST_2 : Operation 619 [1/1] (0.48ns)   --->   "%store_ln60 = store i8 %window_V_297_load, i8 %window_V_455" [vgg_accelerator.cpp:60]   --->   Operation 619 'store' 'store_ln60' <Predicate = (trunc_ln40 == 9)> <Delay = 0.48>
ST_2 : Operation 620 [1/1] (0.48ns)   --->   "%store_ln60 = store i8 %window_V_503, i8 %window_V_297" [vgg_accelerator.cpp:60]   --->   Operation 620 'store' 'store_ln60' <Predicate = (trunc_ln40 == 9)> <Delay = 0.48>
ST_2 : Operation 621 [1/1] (0.48ns)   --->   "%store_ln60 = store i8 %window_V, i8 %window_V_454" [vgg_accelerator.cpp:60]   --->   Operation 621 'store' 'store_ln60' <Predicate = (trunc_ln40 == 9)> <Delay = 0.48>
ST_2 : Operation 622 [1/1] (0.00ns)   --->   "%br_ln60 = br void %arrayidx10728.exit.i" [vgg_accelerator.cpp:60]   --->   Operation 622 'br' 'br_ln60' <Predicate = (trunc_ln40 == 9)> <Delay = 0.00>
ST_2 : Operation 623 [1/1] (0.00ns)   --->   "%window_V_290_load = load i8 %window_V_290" [vgg_accelerator.cpp:60]   --->   Operation 623 'load' 'window_V_290_load' <Predicate = (trunc_ln40 == 8)> <Delay = 0.00>
ST_2 : Operation 624 [1/1] (0.00ns)   --->   "%window_V_292_load = load i8 %window_V_292" [vgg_accelerator.cpp:60]   --->   Operation 624 'load' 'window_V_292_load' <Predicate = (trunc_ln40 == 8)> <Delay = 0.00>
ST_2 : Operation 625 [1/1] (0.00ns)   --->   "%window_V_291_load = load i8 %window_V_291" [vgg_accelerator.cpp:60]   --->   Operation 625 'load' 'window_V_291_load' <Predicate = (trunc_ln40 == 8)> <Delay = 0.00>
ST_2 : Operation 626 [1/1] (0.00ns)   --->   "%window_V_294_load = load i8 %window_V_294" [vgg_accelerator.cpp:60]   --->   Operation 626 'load' 'window_V_294_load' <Predicate = (trunc_ln40 == 8)> <Delay = 0.00>
ST_2 : Operation 627 [1/1] (0.00ns)   --->   "%window_V_293_load = load i8 %window_V_293" [vgg_accelerator.cpp:60]   --->   Operation 627 'load' 'window_V_293_load' <Predicate = (trunc_ln40 == 8)> <Delay = 0.00>
ST_2 : Operation 628 [1/2] (1.35ns)   --->   "%window_V_501 = load i8 %void_layer_block_stream_stream_signed_char_const_16_3_3_signed_char_con_2" [vgg_accelerator.cpp:58]   --->   Operation 628 'load' 'window_V_501' <Predicate = (trunc_ln40 == 8)> <Delay = 1.35> <CoreInst = "RAM">   --->   Core 83 'RAM' <Latency = 1> <II = 1> <Delay = 1.35> <Storage> <Opcode : 'load' 'store'> <Ports = 2> <Width = 8> <Depth = 256> <RAM>
ST_2 : Operation 629 [1/2] (1.35ns)   --->   "%window_V_502 = load i8 %void_layer_block_stream_stream_signed_char_const_16_3_3_signed_char_con_3" [vgg_accelerator.cpp:59]   --->   Operation 629 'load' 'window_V_502' <Predicate = (trunc_ln40 == 8)> <Delay = 1.35> <CoreInst = "RAM">   --->   Core 83 'RAM' <Latency = 1> <II = 1> <Delay = 1.35> <Storage> <Opcode : 'load' 'store'> <Ports = 2> <Width = 8> <Depth = 256> <RAM>
ST_2 : Operation 630 [1/1] (1.35ns)   --->   "%store_ln55 = store i8 %window_V_502, i8 %void_layer_block_stream_stream_signed_char_const_16_3_3_signed_char_con_2" [vgg_accelerator.cpp:55]   --->   Operation 630 'store' 'store_ln55' <Predicate = (trunc_ln40 == 8)> <Delay = 1.35> <CoreInst = "RAM">   --->   Core 83 'RAM' <Latency = 1> <II = 1> <Delay = 1.35> <Storage> <Opcode : 'load' 'store'> <Ports = 2> <Width = 8> <Depth = 256> <RAM>
ST_2 : Operation 631 [1/1] (1.35ns)   --->   "%store_ln56 = store i8 %window_V_484, i8 %void_layer_block_stream_stream_signed_char_const_16_3_3_signed_char_con_3" [vgg_accelerator.cpp:56]   --->   Operation 631 'store' 'store_ln56' <Predicate = (trunc_ln40 == 8)> <Delay = 1.35> <CoreInst = "RAM">   --->   Core 83 'RAM' <Latency = 1> <II = 1> <Delay = 1.35> <Storage> <Opcode : 'load' 'store'> <Ports = 2> <Width = 8> <Depth = 256> <RAM>
ST_2 : Operation 632 [1/1] (0.48ns)   --->   "%store_ln60 = store i8 %window_V_293_load, i8 %window_V_453" [vgg_accelerator.cpp:60]   --->   Operation 632 'store' 'store_ln60' <Predicate = (trunc_ln40 == 8)> <Delay = 0.48>
ST_2 : Operation 633 [1/1] (0.48ns)   --->   "%store_ln60 = store i8 %window_V_294_load, i8 %window_V_293" [vgg_accelerator.cpp:60]   --->   Operation 633 'store' 'store_ln60' <Predicate = (trunc_ln40 == 8)> <Delay = 0.48>
ST_2 : Operation 634 [1/1] (0.48ns)   --->   "%store_ln60 = store i8 %window_V_484, i8 %window_V_294" [vgg_accelerator.cpp:60]   --->   Operation 634 'store' 'store_ln60' <Predicate = (trunc_ln40 == 8)> <Delay = 0.48>
ST_2 : Operation 635 [1/1] (0.48ns)   --->   "%store_ln60 = store i8 %window_V_291_load, i8 %window_V_452" [vgg_accelerator.cpp:60]   --->   Operation 635 'store' 'store_ln60' <Predicate = (trunc_ln40 == 8)> <Delay = 0.48>
ST_2 : Operation 636 [1/1] (0.48ns)   --->   "%store_ln60 = store i8 %window_V_292_load, i8 %window_V_291" [vgg_accelerator.cpp:60]   --->   Operation 636 'store' 'store_ln60' <Predicate = (trunc_ln40 == 8)> <Delay = 0.48>
ST_2 : Operation 637 [1/1] (0.48ns)   --->   "%store_ln60 = store i8 %window_V_502, i8 %window_V_292" [vgg_accelerator.cpp:60]   --->   Operation 637 'store' 'store_ln60' <Predicate = (trunc_ln40 == 8)> <Delay = 0.48>
ST_2 : Operation 638 [1/1] (0.48ns)   --->   "%store_ln60 = store i8 %window_V_290_load, i8 %window_V_451" [vgg_accelerator.cpp:60]   --->   Operation 638 'store' 'store_ln60' <Predicate = (trunc_ln40 == 8)> <Delay = 0.48>
ST_2 : Operation 639 [1/1] (0.48ns)   --->   "%store_ln60 = store i8 %window_V_501, i8 %window_V_290" [vgg_accelerator.cpp:60]   --->   Operation 639 'store' 'store_ln60' <Predicate = (trunc_ln40 == 8)> <Delay = 0.48>
ST_2 : Operation 640 [1/1] (0.48ns)   --->   "%store_ln60 = store i8 %window_V, i8 %window_V_450" [vgg_accelerator.cpp:60]   --->   Operation 640 'store' 'store_ln60' <Predicate = (trunc_ln40 == 8)> <Delay = 0.48>
ST_2 : Operation 641 [1/1] (0.00ns)   --->   "%br_ln60 = br void %arrayidx10728.exit.i" [vgg_accelerator.cpp:60]   --->   Operation 641 'br' 'br_ln60' <Predicate = (trunc_ln40 == 8)> <Delay = 0.00>
ST_2 : Operation 642 [1/1] (0.00ns)   --->   "%window_V_283_load = load i8 %window_V_283" [vgg_accelerator.cpp:60]   --->   Operation 642 'load' 'window_V_283_load' <Predicate = (trunc_ln40 == 7)> <Delay = 0.00>
ST_2 : Operation 643 [1/1] (0.00ns)   --->   "%window_V_285_load = load i8 %window_V_285" [vgg_accelerator.cpp:60]   --->   Operation 643 'load' 'window_V_285_load' <Predicate = (trunc_ln40 == 7)> <Delay = 0.00>
ST_2 : Operation 644 [1/1] (0.00ns)   --->   "%window_V_284_load = load i8 %window_V_284" [vgg_accelerator.cpp:60]   --->   Operation 644 'load' 'window_V_284_load' <Predicate = (trunc_ln40 == 7)> <Delay = 0.00>
ST_2 : Operation 645 [1/1] (0.00ns)   --->   "%window_V_287_load = load i8 %window_V_287" [vgg_accelerator.cpp:60]   --->   Operation 645 'load' 'window_V_287_load' <Predicate = (trunc_ln40 == 7)> <Delay = 0.00>
ST_2 : Operation 646 [1/1] (0.00ns)   --->   "%window_V_286_load = load i8 %window_V_286" [vgg_accelerator.cpp:60]   --->   Operation 646 'load' 'window_V_286_load' <Predicate = (trunc_ln40 == 7)> <Delay = 0.00>
ST_2 : Operation 647 [1/2] (1.35ns)   --->   "%window_V_499 = load i8 %void_layer_block_stream_stream_signed_char_const_16_3_3_signed_char_con_2" [vgg_accelerator.cpp:58]   --->   Operation 647 'load' 'window_V_499' <Predicate = (trunc_ln40 == 7)> <Delay = 1.35> <CoreInst = "RAM">   --->   Core 83 'RAM' <Latency = 1> <II = 1> <Delay = 1.35> <Storage> <Opcode : 'load' 'store'> <Ports = 2> <Width = 8> <Depth = 256> <RAM>
ST_2 : Operation 648 [1/2] (1.35ns)   --->   "%window_V_500 = load i8 %void_layer_block_stream_stream_signed_char_const_16_3_3_signed_char_con_3" [vgg_accelerator.cpp:59]   --->   Operation 648 'load' 'window_V_500' <Predicate = (trunc_ln40 == 7)> <Delay = 1.35> <CoreInst = "RAM">   --->   Core 83 'RAM' <Latency = 1> <II = 1> <Delay = 1.35> <Storage> <Opcode : 'load' 'store'> <Ports = 2> <Width = 8> <Depth = 256> <RAM>
ST_2 : Operation 649 [1/1] (1.35ns)   --->   "%store_ln55 = store i8 %window_V_500, i8 %void_layer_block_stream_stream_signed_char_const_16_3_3_signed_char_con_2" [vgg_accelerator.cpp:55]   --->   Operation 649 'store' 'store_ln55' <Predicate = (trunc_ln40 == 7)> <Delay = 1.35> <CoreInst = "RAM">   --->   Core 83 'RAM' <Latency = 1> <II = 1> <Delay = 1.35> <Storage> <Opcode : 'load' 'store'> <Ports = 2> <Width = 8> <Depth = 256> <RAM>
ST_2 : Operation 650 [1/1] (1.35ns)   --->   "%store_ln56 = store i8 %window_V_484, i8 %void_layer_block_stream_stream_signed_char_const_16_3_3_signed_char_con_3" [vgg_accelerator.cpp:56]   --->   Operation 650 'store' 'store_ln56' <Predicate = (trunc_ln40 == 7)> <Delay = 1.35> <CoreInst = "RAM">   --->   Core 83 'RAM' <Latency = 1> <II = 1> <Delay = 1.35> <Storage> <Opcode : 'load' 'store'> <Ports = 2> <Width = 8> <Depth = 256> <RAM>
ST_2 : Operation 651 [1/1] (0.48ns)   --->   "%store_ln60 = store i8 %window_V_286_load, i8 %window_V_449" [vgg_accelerator.cpp:60]   --->   Operation 651 'store' 'store_ln60' <Predicate = (trunc_ln40 == 7)> <Delay = 0.48>
ST_2 : Operation 652 [1/1] (0.48ns)   --->   "%store_ln60 = store i8 %window_V_287_load, i8 %window_V_286" [vgg_accelerator.cpp:60]   --->   Operation 652 'store' 'store_ln60' <Predicate = (trunc_ln40 == 7)> <Delay = 0.48>
ST_2 : Operation 653 [1/1] (0.48ns)   --->   "%store_ln60 = store i8 %window_V_484, i8 %window_V_287" [vgg_accelerator.cpp:60]   --->   Operation 653 'store' 'store_ln60' <Predicate = (trunc_ln40 == 7)> <Delay = 0.48>
ST_2 : Operation 654 [1/1] (0.48ns)   --->   "%store_ln60 = store i8 %window_V_284_load, i8 %window_V_448" [vgg_accelerator.cpp:60]   --->   Operation 654 'store' 'store_ln60' <Predicate = (trunc_ln40 == 7)> <Delay = 0.48>
ST_2 : Operation 655 [1/1] (0.48ns)   --->   "%store_ln60 = store i8 %window_V_285_load, i8 %window_V_284" [vgg_accelerator.cpp:60]   --->   Operation 655 'store' 'store_ln60' <Predicate = (trunc_ln40 == 7)> <Delay = 0.48>
ST_2 : Operation 656 [1/1] (0.48ns)   --->   "%store_ln60 = store i8 %window_V_500, i8 %window_V_285" [vgg_accelerator.cpp:60]   --->   Operation 656 'store' 'store_ln60' <Predicate = (trunc_ln40 == 7)> <Delay = 0.48>
ST_2 : Operation 657 [1/1] (0.48ns)   --->   "%store_ln60 = store i8 %window_V_283_load, i8 %window_V_447" [vgg_accelerator.cpp:60]   --->   Operation 657 'store' 'store_ln60' <Predicate = (trunc_ln40 == 7)> <Delay = 0.48>
ST_2 : Operation 658 [1/1] (0.48ns)   --->   "%store_ln60 = store i8 %window_V_499, i8 %window_V_283" [vgg_accelerator.cpp:60]   --->   Operation 658 'store' 'store_ln60' <Predicate = (trunc_ln40 == 7)> <Delay = 0.48>
ST_2 : Operation 659 [1/1] (0.48ns)   --->   "%store_ln60 = store i8 %window_V, i8 %window_V_446" [vgg_accelerator.cpp:60]   --->   Operation 659 'store' 'store_ln60' <Predicate = (trunc_ln40 == 7)> <Delay = 0.48>
ST_2 : Operation 660 [1/1] (0.00ns)   --->   "%br_ln60 = br void %arrayidx10728.exit.i" [vgg_accelerator.cpp:60]   --->   Operation 660 'br' 'br_ln60' <Predicate = (trunc_ln40 == 7)> <Delay = 0.00>
ST_2 : Operation 661 [1/1] (0.00ns)   --->   "%window_V_276_load = load i8 %window_V_276" [vgg_accelerator.cpp:60]   --->   Operation 661 'load' 'window_V_276_load' <Predicate = (trunc_ln40 == 6)> <Delay = 0.00>
ST_2 : Operation 662 [1/1] (0.00ns)   --->   "%window_V_278_load = load i8 %window_V_278" [vgg_accelerator.cpp:60]   --->   Operation 662 'load' 'window_V_278_load' <Predicate = (trunc_ln40 == 6)> <Delay = 0.00>
ST_2 : Operation 663 [1/1] (0.00ns)   --->   "%window_V_277_load = load i8 %window_V_277" [vgg_accelerator.cpp:60]   --->   Operation 663 'load' 'window_V_277_load' <Predicate = (trunc_ln40 == 6)> <Delay = 0.00>
ST_2 : Operation 664 [1/1] (0.00ns)   --->   "%window_V_280_load = load i8 %window_V_280" [vgg_accelerator.cpp:60]   --->   Operation 664 'load' 'window_V_280_load' <Predicate = (trunc_ln40 == 6)> <Delay = 0.00>
ST_2 : Operation 665 [1/1] (0.00ns)   --->   "%window_V_279_load = load i8 %window_V_279" [vgg_accelerator.cpp:60]   --->   Operation 665 'load' 'window_V_279_load' <Predicate = (trunc_ln40 == 6)> <Delay = 0.00>
ST_2 : Operation 666 [1/2] (1.35ns)   --->   "%window_V_497 = load i8 %void_layer_block_stream_stream_signed_char_const_16_3_3_signed_char_con_2" [vgg_accelerator.cpp:58]   --->   Operation 666 'load' 'window_V_497' <Predicate = (trunc_ln40 == 6)> <Delay = 1.35> <CoreInst = "RAM">   --->   Core 83 'RAM' <Latency = 1> <II = 1> <Delay = 1.35> <Storage> <Opcode : 'load' 'store'> <Ports = 2> <Width = 8> <Depth = 256> <RAM>
ST_2 : Operation 667 [1/2] (1.35ns)   --->   "%window_V_498 = load i8 %void_layer_block_stream_stream_signed_char_const_16_3_3_signed_char_con_3" [vgg_accelerator.cpp:59]   --->   Operation 667 'load' 'window_V_498' <Predicate = (trunc_ln40 == 6)> <Delay = 1.35> <CoreInst = "RAM">   --->   Core 83 'RAM' <Latency = 1> <II = 1> <Delay = 1.35> <Storage> <Opcode : 'load' 'store'> <Ports = 2> <Width = 8> <Depth = 256> <RAM>
ST_2 : Operation 668 [1/1] (1.35ns)   --->   "%store_ln55 = store i8 %window_V_498, i8 %void_layer_block_stream_stream_signed_char_const_16_3_3_signed_char_con_2" [vgg_accelerator.cpp:55]   --->   Operation 668 'store' 'store_ln55' <Predicate = (trunc_ln40 == 6)> <Delay = 1.35> <CoreInst = "RAM">   --->   Core 83 'RAM' <Latency = 1> <II = 1> <Delay = 1.35> <Storage> <Opcode : 'load' 'store'> <Ports = 2> <Width = 8> <Depth = 256> <RAM>
ST_2 : Operation 669 [1/1] (1.35ns)   --->   "%store_ln56 = store i8 %window_V_484, i8 %void_layer_block_stream_stream_signed_char_const_16_3_3_signed_char_con_3" [vgg_accelerator.cpp:56]   --->   Operation 669 'store' 'store_ln56' <Predicate = (trunc_ln40 == 6)> <Delay = 1.35> <CoreInst = "RAM">   --->   Core 83 'RAM' <Latency = 1> <II = 1> <Delay = 1.35> <Storage> <Opcode : 'load' 'store'> <Ports = 2> <Width = 8> <Depth = 256> <RAM>
ST_2 : Operation 670 [1/1] (0.48ns)   --->   "%store_ln60 = store i8 %window_V_279_load, i8 %window_V_445" [vgg_accelerator.cpp:60]   --->   Operation 670 'store' 'store_ln60' <Predicate = (trunc_ln40 == 6)> <Delay = 0.48>
ST_2 : Operation 671 [1/1] (0.48ns)   --->   "%store_ln60 = store i8 %window_V_280_load, i8 %window_V_279" [vgg_accelerator.cpp:60]   --->   Operation 671 'store' 'store_ln60' <Predicate = (trunc_ln40 == 6)> <Delay = 0.48>
ST_2 : Operation 672 [1/1] (0.48ns)   --->   "%store_ln60 = store i8 %window_V_484, i8 %window_V_280" [vgg_accelerator.cpp:60]   --->   Operation 672 'store' 'store_ln60' <Predicate = (trunc_ln40 == 6)> <Delay = 0.48>
ST_2 : Operation 673 [1/1] (0.48ns)   --->   "%store_ln60 = store i8 %window_V_277_load, i8 %window_V_444" [vgg_accelerator.cpp:60]   --->   Operation 673 'store' 'store_ln60' <Predicate = (trunc_ln40 == 6)> <Delay = 0.48>
ST_2 : Operation 674 [1/1] (0.48ns)   --->   "%store_ln60 = store i8 %window_V_278_load, i8 %window_V_277" [vgg_accelerator.cpp:60]   --->   Operation 674 'store' 'store_ln60' <Predicate = (trunc_ln40 == 6)> <Delay = 0.48>
ST_2 : Operation 675 [1/1] (0.48ns)   --->   "%store_ln60 = store i8 %window_V_498, i8 %window_V_278" [vgg_accelerator.cpp:60]   --->   Operation 675 'store' 'store_ln60' <Predicate = (trunc_ln40 == 6)> <Delay = 0.48>
ST_2 : Operation 676 [1/1] (0.48ns)   --->   "%store_ln60 = store i8 %window_V_276_load, i8 %window_V_443" [vgg_accelerator.cpp:60]   --->   Operation 676 'store' 'store_ln60' <Predicate = (trunc_ln40 == 6)> <Delay = 0.48>
ST_2 : Operation 677 [1/1] (0.48ns)   --->   "%store_ln60 = store i8 %window_V_497, i8 %window_V_276" [vgg_accelerator.cpp:60]   --->   Operation 677 'store' 'store_ln60' <Predicate = (trunc_ln40 == 6)> <Delay = 0.48>
ST_2 : Operation 678 [1/1] (0.48ns)   --->   "%store_ln60 = store i8 %window_V, i8 %window_V_442" [vgg_accelerator.cpp:60]   --->   Operation 678 'store' 'store_ln60' <Predicate = (trunc_ln40 == 6)> <Delay = 0.48>
ST_2 : Operation 679 [1/1] (0.00ns)   --->   "%br_ln60 = br void %arrayidx10728.exit.i" [vgg_accelerator.cpp:60]   --->   Operation 679 'br' 'br_ln60' <Predicate = (trunc_ln40 == 6)> <Delay = 0.00>
ST_2 : Operation 680 [1/1] (0.00ns)   --->   "%window_V_269_load = load i8 %window_V_269" [vgg_accelerator.cpp:60]   --->   Operation 680 'load' 'window_V_269_load' <Predicate = (trunc_ln40 == 5)> <Delay = 0.00>
ST_2 : Operation 681 [1/1] (0.00ns)   --->   "%window_V_271_load = load i8 %window_V_271" [vgg_accelerator.cpp:60]   --->   Operation 681 'load' 'window_V_271_load' <Predicate = (trunc_ln40 == 5)> <Delay = 0.00>
ST_2 : Operation 682 [1/1] (0.00ns)   --->   "%window_V_270_load = load i8 %window_V_270" [vgg_accelerator.cpp:60]   --->   Operation 682 'load' 'window_V_270_load' <Predicate = (trunc_ln40 == 5)> <Delay = 0.00>
ST_2 : Operation 683 [1/1] (0.00ns)   --->   "%window_V_273_load = load i8 %window_V_273" [vgg_accelerator.cpp:60]   --->   Operation 683 'load' 'window_V_273_load' <Predicate = (trunc_ln40 == 5)> <Delay = 0.00>
ST_2 : Operation 684 [1/1] (0.00ns)   --->   "%window_V_272_load = load i8 %window_V_272" [vgg_accelerator.cpp:60]   --->   Operation 684 'load' 'window_V_272_load' <Predicate = (trunc_ln40 == 5)> <Delay = 0.00>
ST_2 : Operation 685 [1/2] (1.35ns)   --->   "%window_V_495 = load i8 %void_layer_block_stream_stream_signed_char_const_16_3_3_signed_char_con_2" [vgg_accelerator.cpp:58]   --->   Operation 685 'load' 'window_V_495' <Predicate = (trunc_ln40 == 5)> <Delay = 1.35> <CoreInst = "RAM">   --->   Core 83 'RAM' <Latency = 1> <II = 1> <Delay = 1.35> <Storage> <Opcode : 'load' 'store'> <Ports = 2> <Width = 8> <Depth = 256> <RAM>
ST_2 : Operation 686 [1/2] (1.35ns)   --->   "%window_V_496 = load i8 %void_layer_block_stream_stream_signed_char_const_16_3_3_signed_char_con_3" [vgg_accelerator.cpp:59]   --->   Operation 686 'load' 'window_V_496' <Predicate = (trunc_ln40 == 5)> <Delay = 1.35> <CoreInst = "RAM">   --->   Core 83 'RAM' <Latency = 1> <II = 1> <Delay = 1.35> <Storage> <Opcode : 'load' 'store'> <Ports = 2> <Width = 8> <Depth = 256> <RAM>
ST_2 : Operation 687 [1/1] (1.35ns)   --->   "%store_ln55 = store i8 %window_V_496, i8 %void_layer_block_stream_stream_signed_char_const_16_3_3_signed_char_con_2" [vgg_accelerator.cpp:55]   --->   Operation 687 'store' 'store_ln55' <Predicate = (trunc_ln40 == 5)> <Delay = 1.35> <CoreInst = "RAM">   --->   Core 83 'RAM' <Latency = 1> <II = 1> <Delay = 1.35> <Storage> <Opcode : 'load' 'store'> <Ports = 2> <Width = 8> <Depth = 256> <RAM>
ST_2 : Operation 688 [1/1] (1.35ns)   --->   "%store_ln56 = store i8 %window_V_484, i8 %void_layer_block_stream_stream_signed_char_const_16_3_3_signed_char_con_3" [vgg_accelerator.cpp:56]   --->   Operation 688 'store' 'store_ln56' <Predicate = (trunc_ln40 == 5)> <Delay = 1.35> <CoreInst = "RAM">   --->   Core 83 'RAM' <Latency = 1> <II = 1> <Delay = 1.35> <Storage> <Opcode : 'load' 'store'> <Ports = 2> <Width = 8> <Depth = 256> <RAM>
ST_2 : Operation 689 [1/1] (0.48ns)   --->   "%store_ln60 = store i8 %window_V_272_load, i8 %window_V_441" [vgg_accelerator.cpp:60]   --->   Operation 689 'store' 'store_ln60' <Predicate = (trunc_ln40 == 5)> <Delay = 0.48>
ST_2 : Operation 690 [1/1] (0.48ns)   --->   "%store_ln60 = store i8 %window_V_273_load, i8 %window_V_272" [vgg_accelerator.cpp:60]   --->   Operation 690 'store' 'store_ln60' <Predicate = (trunc_ln40 == 5)> <Delay = 0.48>
ST_2 : Operation 691 [1/1] (0.48ns)   --->   "%store_ln60 = store i8 %window_V_484, i8 %window_V_273" [vgg_accelerator.cpp:60]   --->   Operation 691 'store' 'store_ln60' <Predicate = (trunc_ln40 == 5)> <Delay = 0.48>
ST_2 : Operation 692 [1/1] (0.48ns)   --->   "%store_ln60 = store i8 %window_V_270_load, i8 %window_V_440" [vgg_accelerator.cpp:60]   --->   Operation 692 'store' 'store_ln60' <Predicate = (trunc_ln40 == 5)> <Delay = 0.48>
ST_2 : Operation 693 [1/1] (0.48ns)   --->   "%store_ln60 = store i8 %window_V_271_load, i8 %window_V_270" [vgg_accelerator.cpp:60]   --->   Operation 693 'store' 'store_ln60' <Predicate = (trunc_ln40 == 5)> <Delay = 0.48>
ST_2 : Operation 694 [1/1] (0.48ns)   --->   "%store_ln60 = store i8 %window_V_496, i8 %window_V_271" [vgg_accelerator.cpp:60]   --->   Operation 694 'store' 'store_ln60' <Predicate = (trunc_ln40 == 5)> <Delay = 0.48>
ST_2 : Operation 695 [1/1] (0.48ns)   --->   "%store_ln60 = store i8 %window_V_269_load, i8 %window_V_439" [vgg_accelerator.cpp:60]   --->   Operation 695 'store' 'store_ln60' <Predicate = (trunc_ln40 == 5)> <Delay = 0.48>
ST_2 : Operation 696 [1/1] (0.48ns)   --->   "%store_ln60 = store i8 %window_V_495, i8 %window_V_269" [vgg_accelerator.cpp:60]   --->   Operation 696 'store' 'store_ln60' <Predicate = (trunc_ln40 == 5)> <Delay = 0.48>
ST_2 : Operation 697 [1/1] (0.48ns)   --->   "%store_ln60 = store i8 %window_V, i8 %window_V_438" [vgg_accelerator.cpp:60]   --->   Operation 697 'store' 'store_ln60' <Predicate = (trunc_ln40 == 5)> <Delay = 0.48>
ST_2 : Operation 698 [1/1] (0.00ns)   --->   "%br_ln60 = br void %arrayidx10728.exit.i" [vgg_accelerator.cpp:60]   --->   Operation 698 'br' 'br_ln60' <Predicate = (trunc_ln40 == 5)> <Delay = 0.00>
ST_2 : Operation 699 [1/1] (0.00ns)   --->   "%window_V_262_load = load i8 %window_V_262" [vgg_accelerator.cpp:60]   --->   Operation 699 'load' 'window_V_262_load' <Predicate = (trunc_ln40 == 4)> <Delay = 0.00>
ST_2 : Operation 700 [1/1] (0.00ns)   --->   "%window_V_264_load = load i8 %window_V_264" [vgg_accelerator.cpp:60]   --->   Operation 700 'load' 'window_V_264_load' <Predicate = (trunc_ln40 == 4)> <Delay = 0.00>
ST_2 : Operation 701 [1/1] (0.00ns)   --->   "%window_V_263_load = load i8 %window_V_263" [vgg_accelerator.cpp:60]   --->   Operation 701 'load' 'window_V_263_load' <Predicate = (trunc_ln40 == 4)> <Delay = 0.00>
ST_2 : Operation 702 [1/1] (0.00ns)   --->   "%window_V_266_load = load i8 %window_V_266" [vgg_accelerator.cpp:60]   --->   Operation 702 'load' 'window_V_266_load' <Predicate = (trunc_ln40 == 4)> <Delay = 0.00>
ST_2 : Operation 703 [1/1] (0.00ns)   --->   "%window_V_265_load = load i8 %window_V_265" [vgg_accelerator.cpp:60]   --->   Operation 703 'load' 'window_V_265_load' <Predicate = (trunc_ln40 == 4)> <Delay = 0.00>
ST_2 : Operation 704 [1/2] (1.35ns)   --->   "%window_V_493 = load i8 %void_layer_block_stream_stream_signed_char_const_16_3_3_signed_char_con_2" [vgg_accelerator.cpp:58]   --->   Operation 704 'load' 'window_V_493' <Predicate = (trunc_ln40 == 4)> <Delay = 1.35> <CoreInst = "RAM">   --->   Core 83 'RAM' <Latency = 1> <II = 1> <Delay = 1.35> <Storage> <Opcode : 'load' 'store'> <Ports = 2> <Width = 8> <Depth = 256> <RAM>
ST_2 : Operation 705 [1/2] (1.35ns)   --->   "%window_V_494 = load i8 %void_layer_block_stream_stream_signed_char_const_16_3_3_signed_char_con_3" [vgg_accelerator.cpp:59]   --->   Operation 705 'load' 'window_V_494' <Predicate = (trunc_ln40 == 4)> <Delay = 1.35> <CoreInst = "RAM">   --->   Core 83 'RAM' <Latency = 1> <II = 1> <Delay = 1.35> <Storage> <Opcode : 'load' 'store'> <Ports = 2> <Width = 8> <Depth = 256> <RAM>
ST_2 : Operation 706 [1/1] (1.35ns)   --->   "%store_ln55 = store i8 %window_V_494, i8 %void_layer_block_stream_stream_signed_char_const_16_3_3_signed_char_con_2" [vgg_accelerator.cpp:55]   --->   Operation 706 'store' 'store_ln55' <Predicate = (trunc_ln40 == 4)> <Delay = 1.35> <CoreInst = "RAM">   --->   Core 83 'RAM' <Latency = 1> <II = 1> <Delay = 1.35> <Storage> <Opcode : 'load' 'store'> <Ports = 2> <Width = 8> <Depth = 256> <RAM>
ST_2 : Operation 707 [1/1] (1.35ns)   --->   "%store_ln56 = store i8 %window_V_484, i8 %void_layer_block_stream_stream_signed_char_const_16_3_3_signed_char_con_3" [vgg_accelerator.cpp:56]   --->   Operation 707 'store' 'store_ln56' <Predicate = (trunc_ln40 == 4)> <Delay = 1.35> <CoreInst = "RAM">   --->   Core 83 'RAM' <Latency = 1> <II = 1> <Delay = 1.35> <Storage> <Opcode : 'load' 'store'> <Ports = 2> <Width = 8> <Depth = 256> <RAM>
ST_2 : Operation 708 [1/1] (0.48ns)   --->   "%store_ln60 = store i8 %window_V_265_load, i8 %window_V_437" [vgg_accelerator.cpp:60]   --->   Operation 708 'store' 'store_ln60' <Predicate = (trunc_ln40 == 4)> <Delay = 0.48>
ST_2 : Operation 709 [1/1] (0.48ns)   --->   "%store_ln60 = store i8 %window_V_266_load, i8 %window_V_265" [vgg_accelerator.cpp:60]   --->   Operation 709 'store' 'store_ln60' <Predicate = (trunc_ln40 == 4)> <Delay = 0.48>
ST_2 : Operation 710 [1/1] (0.48ns)   --->   "%store_ln60 = store i8 %window_V_484, i8 %window_V_266" [vgg_accelerator.cpp:60]   --->   Operation 710 'store' 'store_ln60' <Predicate = (trunc_ln40 == 4)> <Delay = 0.48>
ST_2 : Operation 711 [1/1] (0.48ns)   --->   "%store_ln60 = store i8 %window_V_263_load, i8 %window_V_436" [vgg_accelerator.cpp:60]   --->   Operation 711 'store' 'store_ln60' <Predicate = (trunc_ln40 == 4)> <Delay = 0.48>
ST_2 : Operation 712 [1/1] (0.48ns)   --->   "%store_ln60 = store i8 %window_V_264_load, i8 %window_V_263" [vgg_accelerator.cpp:60]   --->   Operation 712 'store' 'store_ln60' <Predicate = (trunc_ln40 == 4)> <Delay = 0.48>
ST_2 : Operation 713 [1/1] (0.48ns)   --->   "%store_ln60 = store i8 %window_V_494, i8 %window_V_264" [vgg_accelerator.cpp:60]   --->   Operation 713 'store' 'store_ln60' <Predicate = (trunc_ln40 == 4)> <Delay = 0.48>
ST_2 : Operation 714 [1/1] (0.48ns)   --->   "%store_ln60 = store i8 %window_V_262_load, i8 %window_V_435" [vgg_accelerator.cpp:60]   --->   Operation 714 'store' 'store_ln60' <Predicate = (trunc_ln40 == 4)> <Delay = 0.48>
ST_2 : Operation 715 [1/1] (0.48ns)   --->   "%store_ln60 = store i8 %window_V_493, i8 %window_V_262" [vgg_accelerator.cpp:60]   --->   Operation 715 'store' 'store_ln60' <Predicate = (trunc_ln40 == 4)> <Delay = 0.48>
ST_2 : Operation 716 [1/1] (0.48ns)   --->   "%store_ln60 = store i8 %window_V, i8 %window_V_434" [vgg_accelerator.cpp:60]   --->   Operation 716 'store' 'store_ln60' <Predicate = (trunc_ln40 == 4)> <Delay = 0.48>
ST_2 : Operation 717 [1/1] (0.00ns)   --->   "%br_ln60 = br void %arrayidx10728.exit.i" [vgg_accelerator.cpp:60]   --->   Operation 717 'br' 'br_ln60' <Predicate = (trunc_ln40 == 4)> <Delay = 0.00>
ST_2 : Operation 718 [1/1] (0.00ns)   --->   "%window_V_255_load = load i8 %window_V_255" [vgg_accelerator.cpp:60]   --->   Operation 718 'load' 'window_V_255_load' <Predicate = (trunc_ln40 == 3)> <Delay = 0.00>
ST_2 : Operation 719 [1/1] (0.00ns)   --->   "%window_V_257_load = load i8 %window_V_257" [vgg_accelerator.cpp:60]   --->   Operation 719 'load' 'window_V_257_load' <Predicate = (trunc_ln40 == 3)> <Delay = 0.00>
ST_2 : Operation 720 [1/1] (0.00ns)   --->   "%window_V_256_load = load i8 %window_V_256" [vgg_accelerator.cpp:60]   --->   Operation 720 'load' 'window_V_256_load' <Predicate = (trunc_ln40 == 3)> <Delay = 0.00>
ST_2 : Operation 721 [1/1] (0.00ns)   --->   "%window_V_259_load = load i8 %window_V_259" [vgg_accelerator.cpp:60]   --->   Operation 721 'load' 'window_V_259_load' <Predicate = (trunc_ln40 == 3)> <Delay = 0.00>
ST_2 : Operation 722 [1/1] (0.00ns)   --->   "%window_V_258_load = load i8 %window_V_258" [vgg_accelerator.cpp:60]   --->   Operation 722 'load' 'window_V_258_load' <Predicate = (trunc_ln40 == 3)> <Delay = 0.00>
ST_2 : Operation 723 [1/2] (1.35ns)   --->   "%window_V_491 = load i8 %void_layer_block_stream_stream_signed_char_const_16_3_3_signed_char_con_2" [vgg_accelerator.cpp:58]   --->   Operation 723 'load' 'window_V_491' <Predicate = (trunc_ln40 == 3)> <Delay = 1.35> <CoreInst = "RAM">   --->   Core 83 'RAM' <Latency = 1> <II = 1> <Delay = 1.35> <Storage> <Opcode : 'load' 'store'> <Ports = 2> <Width = 8> <Depth = 256> <RAM>
ST_2 : Operation 724 [1/2] (1.35ns)   --->   "%window_V_492 = load i8 %void_layer_block_stream_stream_signed_char_const_16_3_3_signed_char_con_3" [vgg_accelerator.cpp:59]   --->   Operation 724 'load' 'window_V_492' <Predicate = (trunc_ln40 == 3)> <Delay = 1.35> <CoreInst = "RAM">   --->   Core 83 'RAM' <Latency = 1> <II = 1> <Delay = 1.35> <Storage> <Opcode : 'load' 'store'> <Ports = 2> <Width = 8> <Depth = 256> <RAM>
ST_2 : Operation 725 [1/1] (1.35ns)   --->   "%store_ln55 = store i8 %window_V_492, i8 %void_layer_block_stream_stream_signed_char_const_16_3_3_signed_char_con_2" [vgg_accelerator.cpp:55]   --->   Operation 725 'store' 'store_ln55' <Predicate = (trunc_ln40 == 3)> <Delay = 1.35> <CoreInst = "RAM">   --->   Core 83 'RAM' <Latency = 1> <II = 1> <Delay = 1.35> <Storage> <Opcode : 'load' 'store'> <Ports = 2> <Width = 8> <Depth = 256> <RAM>
ST_2 : Operation 726 [1/1] (1.35ns)   --->   "%store_ln56 = store i8 %window_V_484, i8 %void_layer_block_stream_stream_signed_char_const_16_3_3_signed_char_con_3" [vgg_accelerator.cpp:56]   --->   Operation 726 'store' 'store_ln56' <Predicate = (trunc_ln40 == 3)> <Delay = 1.35> <CoreInst = "RAM">   --->   Core 83 'RAM' <Latency = 1> <II = 1> <Delay = 1.35> <Storage> <Opcode : 'load' 'store'> <Ports = 2> <Width = 8> <Depth = 256> <RAM>
ST_2 : Operation 727 [1/1] (0.48ns)   --->   "%store_ln60 = store i8 %window_V_258_load, i8 %window_V_433" [vgg_accelerator.cpp:60]   --->   Operation 727 'store' 'store_ln60' <Predicate = (trunc_ln40 == 3)> <Delay = 0.48>
ST_2 : Operation 728 [1/1] (0.48ns)   --->   "%store_ln60 = store i8 %window_V_259_load, i8 %window_V_258" [vgg_accelerator.cpp:60]   --->   Operation 728 'store' 'store_ln60' <Predicate = (trunc_ln40 == 3)> <Delay = 0.48>
ST_2 : Operation 729 [1/1] (0.48ns)   --->   "%store_ln60 = store i8 %window_V_484, i8 %window_V_259" [vgg_accelerator.cpp:60]   --->   Operation 729 'store' 'store_ln60' <Predicate = (trunc_ln40 == 3)> <Delay = 0.48>
ST_2 : Operation 730 [1/1] (0.48ns)   --->   "%store_ln60 = store i8 %window_V_256_load, i8 %window_V_432" [vgg_accelerator.cpp:60]   --->   Operation 730 'store' 'store_ln60' <Predicate = (trunc_ln40 == 3)> <Delay = 0.48>
ST_2 : Operation 731 [1/1] (0.48ns)   --->   "%store_ln60 = store i8 %window_V_257_load, i8 %window_V_256" [vgg_accelerator.cpp:60]   --->   Operation 731 'store' 'store_ln60' <Predicate = (trunc_ln40 == 3)> <Delay = 0.48>
ST_2 : Operation 732 [1/1] (0.48ns)   --->   "%store_ln60 = store i8 %window_V_492, i8 %window_V_257" [vgg_accelerator.cpp:60]   --->   Operation 732 'store' 'store_ln60' <Predicate = (trunc_ln40 == 3)> <Delay = 0.48>
ST_2 : Operation 733 [1/1] (0.48ns)   --->   "%store_ln60 = store i8 %window_V_255_load, i8 %window_V_431" [vgg_accelerator.cpp:60]   --->   Operation 733 'store' 'store_ln60' <Predicate = (trunc_ln40 == 3)> <Delay = 0.48>
ST_2 : Operation 734 [1/1] (0.48ns)   --->   "%store_ln60 = store i8 %window_V_491, i8 %window_V_255" [vgg_accelerator.cpp:60]   --->   Operation 734 'store' 'store_ln60' <Predicate = (trunc_ln40 == 3)> <Delay = 0.48>
ST_2 : Operation 735 [1/1] (0.48ns)   --->   "%store_ln60 = store i8 %window_V, i8 %window_V_430" [vgg_accelerator.cpp:60]   --->   Operation 735 'store' 'store_ln60' <Predicate = (trunc_ln40 == 3)> <Delay = 0.48>
ST_2 : Operation 736 [1/1] (0.00ns)   --->   "%br_ln60 = br void %arrayidx10728.exit.i" [vgg_accelerator.cpp:60]   --->   Operation 736 'br' 'br_ln60' <Predicate = (trunc_ln40 == 3)> <Delay = 0.00>
ST_2 : Operation 737 [1/1] (0.00ns)   --->   "%window_V_248_load = load i8 %window_V_248" [vgg_accelerator.cpp:60]   --->   Operation 737 'load' 'window_V_248_load' <Predicate = (trunc_ln40 == 2)> <Delay = 0.00>
ST_2 : Operation 738 [1/1] (0.00ns)   --->   "%window_V_250_load = load i8 %window_V_250" [vgg_accelerator.cpp:60]   --->   Operation 738 'load' 'window_V_250_load' <Predicate = (trunc_ln40 == 2)> <Delay = 0.00>
ST_2 : Operation 739 [1/1] (0.00ns)   --->   "%window_V_249_load = load i8 %window_V_249" [vgg_accelerator.cpp:60]   --->   Operation 739 'load' 'window_V_249_load' <Predicate = (trunc_ln40 == 2)> <Delay = 0.00>
ST_2 : Operation 740 [1/1] (0.00ns)   --->   "%window_V_252_load = load i8 %window_V_252" [vgg_accelerator.cpp:60]   --->   Operation 740 'load' 'window_V_252_load' <Predicate = (trunc_ln40 == 2)> <Delay = 0.00>
ST_2 : Operation 741 [1/1] (0.00ns)   --->   "%window_V_251_load = load i8 %window_V_251" [vgg_accelerator.cpp:60]   --->   Operation 741 'load' 'window_V_251_load' <Predicate = (trunc_ln40 == 2)> <Delay = 0.00>
ST_2 : Operation 742 [1/2] (1.35ns)   --->   "%window_V_489 = load i8 %void_layer_block_stream_stream_signed_char_const_16_3_3_signed_char_con_2" [vgg_accelerator.cpp:58]   --->   Operation 742 'load' 'window_V_489' <Predicate = (trunc_ln40 == 2)> <Delay = 1.35> <CoreInst = "RAM">   --->   Core 83 'RAM' <Latency = 1> <II = 1> <Delay = 1.35> <Storage> <Opcode : 'load' 'store'> <Ports = 2> <Width = 8> <Depth = 256> <RAM>
ST_2 : Operation 743 [1/2] (1.35ns)   --->   "%window_V_490 = load i8 %void_layer_block_stream_stream_signed_char_const_16_3_3_signed_char_con_3" [vgg_accelerator.cpp:59]   --->   Operation 743 'load' 'window_V_490' <Predicate = (trunc_ln40 == 2)> <Delay = 1.35> <CoreInst = "RAM">   --->   Core 83 'RAM' <Latency = 1> <II = 1> <Delay = 1.35> <Storage> <Opcode : 'load' 'store'> <Ports = 2> <Width = 8> <Depth = 256> <RAM>
ST_2 : Operation 744 [1/1] (1.35ns)   --->   "%store_ln55 = store i8 %window_V_490, i8 %void_layer_block_stream_stream_signed_char_const_16_3_3_signed_char_con_2" [vgg_accelerator.cpp:55]   --->   Operation 744 'store' 'store_ln55' <Predicate = (trunc_ln40 == 2)> <Delay = 1.35> <CoreInst = "RAM">   --->   Core 83 'RAM' <Latency = 1> <II = 1> <Delay = 1.35> <Storage> <Opcode : 'load' 'store'> <Ports = 2> <Width = 8> <Depth = 256> <RAM>
ST_2 : Operation 745 [1/1] (1.35ns)   --->   "%store_ln56 = store i8 %window_V_484, i8 %void_layer_block_stream_stream_signed_char_const_16_3_3_signed_char_con_3" [vgg_accelerator.cpp:56]   --->   Operation 745 'store' 'store_ln56' <Predicate = (trunc_ln40 == 2)> <Delay = 1.35> <CoreInst = "RAM">   --->   Core 83 'RAM' <Latency = 1> <II = 1> <Delay = 1.35> <Storage> <Opcode : 'load' 'store'> <Ports = 2> <Width = 8> <Depth = 256> <RAM>
ST_2 : Operation 746 [1/1] (0.48ns)   --->   "%store_ln60 = store i8 %window_V_251_load, i8 %window_V_429" [vgg_accelerator.cpp:60]   --->   Operation 746 'store' 'store_ln60' <Predicate = (trunc_ln40 == 2)> <Delay = 0.48>
ST_2 : Operation 747 [1/1] (0.48ns)   --->   "%store_ln60 = store i8 %window_V_252_load, i8 %window_V_251" [vgg_accelerator.cpp:60]   --->   Operation 747 'store' 'store_ln60' <Predicate = (trunc_ln40 == 2)> <Delay = 0.48>
ST_2 : Operation 748 [1/1] (0.48ns)   --->   "%store_ln60 = store i8 %window_V_484, i8 %window_V_252" [vgg_accelerator.cpp:60]   --->   Operation 748 'store' 'store_ln60' <Predicate = (trunc_ln40 == 2)> <Delay = 0.48>
ST_2 : Operation 749 [1/1] (0.48ns)   --->   "%store_ln60 = store i8 %window_V_249_load, i8 %window_V_428" [vgg_accelerator.cpp:60]   --->   Operation 749 'store' 'store_ln60' <Predicate = (trunc_ln40 == 2)> <Delay = 0.48>
ST_2 : Operation 750 [1/1] (0.48ns)   --->   "%store_ln60 = store i8 %window_V_250_load, i8 %window_V_249" [vgg_accelerator.cpp:60]   --->   Operation 750 'store' 'store_ln60' <Predicate = (trunc_ln40 == 2)> <Delay = 0.48>
ST_2 : Operation 751 [1/1] (0.48ns)   --->   "%store_ln60 = store i8 %window_V_490, i8 %window_V_250" [vgg_accelerator.cpp:60]   --->   Operation 751 'store' 'store_ln60' <Predicate = (trunc_ln40 == 2)> <Delay = 0.48>
ST_2 : Operation 752 [1/1] (0.48ns)   --->   "%store_ln60 = store i8 %window_V_248_load, i8 %window_V_427" [vgg_accelerator.cpp:60]   --->   Operation 752 'store' 'store_ln60' <Predicate = (trunc_ln40 == 2)> <Delay = 0.48>
ST_2 : Operation 753 [1/1] (0.48ns)   --->   "%store_ln60 = store i8 %window_V_489, i8 %window_V_248" [vgg_accelerator.cpp:60]   --->   Operation 753 'store' 'store_ln60' <Predicate = (trunc_ln40 == 2)> <Delay = 0.48>
ST_2 : Operation 754 [1/1] (0.48ns)   --->   "%store_ln60 = store i8 %window_V, i8 %window_V_426" [vgg_accelerator.cpp:60]   --->   Operation 754 'store' 'store_ln60' <Predicate = (trunc_ln40 == 2)> <Delay = 0.48>
ST_2 : Operation 755 [1/1] (0.00ns)   --->   "%br_ln60 = br void %arrayidx10728.exit.i" [vgg_accelerator.cpp:60]   --->   Operation 755 'br' 'br_ln60' <Predicate = (trunc_ln40 == 2)> <Delay = 0.00>
ST_2 : Operation 756 [1/1] (0.00ns)   --->   "%window_V_241_load = load i8 %window_V_241" [vgg_accelerator.cpp:60]   --->   Operation 756 'load' 'window_V_241_load' <Predicate = (trunc_ln40 == 1)> <Delay = 0.00>
ST_2 : Operation 757 [1/1] (0.00ns)   --->   "%window_V_243_load = load i8 %window_V_243" [vgg_accelerator.cpp:60]   --->   Operation 757 'load' 'window_V_243_load' <Predicate = (trunc_ln40 == 1)> <Delay = 0.00>
ST_2 : Operation 758 [1/1] (0.00ns)   --->   "%window_V_242_load = load i8 %window_V_242" [vgg_accelerator.cpp:60]   --->   Operation 758 'load' 'window_V_242_load' <Predicate = (trunc_ln40 == 1)> <Delay = 0.00>
ST_2 : Operation 759 [1/1] (0.00ns)   --->   "%window_V_245_load = load i8 %window_V_245" [vgg_accelerator.cpp:60]   --->   Operation 759 'load' 'window_V_245_load' <Predicate = (trunc_ln40 == 1)> <Delay = 0.00>
ST_2 : Operation 760 [1/1] (0.00ns)   --->   "%window_V_244_load = load i8 %window_V_244" [vgg_accelerator.cpp:60]   --->   Operation 760 'load' 'window_V_244_load' <Predicate = (trunc_ln40 == 1)> <Delay = 0.00>
ST_2 : Operation 761 [1/2] (1.35ns)   --->   "%window_V_487 = load i8 %void_layer_block_stream_stream_signed_char_const_16_3_3_signed_char_con_2" [vgg_accelerator.cpp:58]   --->   Operation 761 'load' 'window_V_487' <Predicate = (trunc_ln40 == 1)> <Delay = 1.35> <CoreInst = "RAM">   --->   Core 83 'RAM' <Latency = 1> <II = 1> <Delay = 1.35> <Storage> <Opcode : 'load' 'store'> <Ports = 2> <Width = 8> <Depth = 256> <RAM>
ST_2 : Operation 762 [1/2] (1.35ns)   --->   "%window_V_488 = load i8 %void_layer_block_stream_stream_signed_char_const_16_3_3_signed_char_con_3" [vgg_accelerator.cpp:59]   --->   Operation 762 'load' 'window_V_488' <Predicate = (trunc_ln40 == 1)> <Delay = 1.35> <CoreInst = "RAM">   --->   Core 83 'RAM' <Latency = 1> <II = 1> <Delay = 1.35> <Storage> <Opcode : 'load' 'store'> <Ports = 2> <Width = 8> <Depth = 256> <RAM>
ST_2 : Operation 763 [1/1] (1.35ns)   --->   "%store_ln55 = store i8 %window_V_488, i8 %void_layer_block_stream_stream_signed_char_const_16_3_3_signed_char_con_2" [vgg_accelerator.cpp:55]   --->   Operation 763 'store' 'store_ln55' <Predicate = (trunc_ln40 == 1)> <Delay = 1.35> <CoreInst = "RAM">   --->   Core 83 'RAM' <Latency = 1> <II = 1> <Delay = 1.35> <Storage> <Opcode : 'load' 'store'> <Ports = 2> <Width = 8> <Depth = 256> <RAM>
ST_2 : Operation 764 [1/1] (1.35ns)   --->   "%store_ln56 = store i8 %window_V_484, i8 %void_layer_block_stream_stream_signed_char_const_16_3_3_signed_char_con_3" [vgg_accelerator.cpp:56]   --->   Operation 764 'store' 'store_ln56' <Predicate = (trunc_ln40 == 1)> <Delay = 1.35> <CoreInst = "RAM">   --->   Core 83 'RAM' <Latency = 1> <II = 1> <Delay = 1.35> <Storage> <Opcode : 'load' 'store'> <Ports = 2> <Width = 8> <Depth = 256> <RAM>
ST_2 : Operation 765 [1/1] (0.48ns)   --->   "%store_ln60 = store i8 %window_V_244_load, i8 %window_V_425" [vgg_accelerator.cpp:60]   --->   Operation 765 'store' 'store_ln60' <Predicate = (trunc_ln40 == 1)> <Delay = 0.48>
ST_2 : Operation 766 [1/1] (0.48ns)   --->   "%store_ln60 = store i8 %window_V_245_load, i8 %window_V_244" [vgg_accelerator.cpp:60]   --->   Operation 766 'store' 'store_ln60' <Predicate = (trunc_ln40 == 1)> <Delay = 0.48>
ST_2 : Operation 767 [1/1] (0.48ns)   --->   "%store_ln60 = store i8 %window_V_484, i8 %window_V_245" [vgg_accelerator.cpp:60]   --->   Operation 767 'store' 'store_ln60' <Predicate = (trunc_ln40 == 1)> <Delay = 0.48>
ST_2 : Operation 768 [1/1] (0.48ns)   --->   "%store_ln60 = store i8 %window_V_242_load, i8 %window_V_424" [vgg_accelerator.cpp:60]   --->   Operation 768 'store' 'store_ln60' <Predicate = (trunc_ln40 == 1)> <Delay = 0.48>
ST_2 : Operation 769 [1/1] (0.48ns)   --->   "%store_ln60 = store i8 %window_V_243_load, i8 %window_V_242" [vgg_accelerator.cpp:60]   --->   Operation 769 'store' 'store_ln60' <Predicate = (trunc_ln40 == 1)> <Delay = 0.48>
ST_2 : Operation 770 [1/1] (0.48ns)   --->   "%store_ln60 = store i8 %window_V_488, i8 %window_V_243" [vgg_accelerator.cpp:60]   --->   Operation 770 'store' 'store_ln60' <Predicate = (trunc_ln40 == 1)> <Delay = 0.48>
ST_2 : Operation 771 [1/1] (0.48ns)   --->   "%store_ln60 = store i8 %window_V_241_load, i8 %window_V_423" [vgg_accelerator.cpp:60]   --->   Operation 771 'store' 'store_ln60' <Predicate = (trunc_ln40 == 1)> <Delay = 0.48>
ST_2 : Operation 772 [1/1] (0.48ns)   --->   "%store_ln60 = store i8 %window_V_487, i8 %window_V_241" [vgg_accelerator.cpp:60]   --->   Operation 772 'store' 'store_ln60' <Predicate = (trunc_ln40 == 1)> <Delay = 0.48>
ST_2 : Operation 773 [1/1] (0.48ns)   --->   "%store_ln60 = store i8 %window_V, i8 %window_V_422" [vgg_accelerator.cpp:60]   --->   Operation 773 'store' 'store_ln60' <Predicate = (trunc_ln40 == 1)> <Delay = 0.48>
ST_2 : Operation 774 [1/1] (0.00ns)   --->   "%br_ln60 = br void %arrayidx10728.exit.i" [vgg_accelerator.cpp:60]   --->   Operation 774 'br' 'br_ln60' <Predicate = (trunc_ln40 == 1)> <Delay = 0.00>
ST_2 : Operation 775 [1/1] (0.00ns)   --->   "%window_V_234_load = load i8 %window_V_234" [vgg_accelerator.cpp:60]   --->   Operation 775 'load' 'window_V_234_load' <Predicate = (trunc_ln40 == 0)> <Delay = 0.00>
ST_2 : Operation 776 [1/1] (0.00ns)   --->   "%window_V_236_load = load i8 %window_V_236" [vgg_accelerator.cpp:60]   --->   Operation 776 'load' 'window_V_236_load' <Predicate = (trunc_ln40 == 0)> <Delay = 0.00>
ST_2 : Operation 777 [1/1] (0.00ns)   --->   "%window_V_235_load = load i8 %window_V_235" [vgg_accelerator.cpp:60]   --->   Operation 777 'load' 'window_V_235_load' <Predicate = (trunc_ln40 == 0)> <Delay = 0.00>
ST_2 : Operation 778 [1/1] (0.00ns)   --->   "%window_V_238_load = load i8 %window_V_238" [vgg_accelerator.cpp:60]   --->   Operation 778 'load' 'window_V_238_load' <Predicate = (trunc_ln40 == 0)> <Delay = 0.00>
ST_2 : Operation 779 [1/1] (0.00ns)   --->   "%window_V_237_load = load i8 %window_V_237" [vgg_accelerator.cpp:60]   --->   Operation 779 'load' 'window_V_237_load' <Predicate = (trunc_ln40 == 0)> <Delay = 0.00>
ST_2 : Operation 780 [1/2] (1.35ns)   --->   "%window_V_485 = load i8 %void_layer_block_stream_stream_signed_char_const_16_3_3_signed_char_con_2" [vgg_accelerator.cpp:58]   --->   Operation 780 'load' 'window_V_485' <Predicate = (trunc_ln40 == 0)> <Delay = 1.35> <CoreInst = "RAM">   --->   Core 83 'RAM' <Latency = 1> <II = 1> <Delay = 1.35> <Storage> <Opcode : 'load' 'store'> <Ports = 2> <Width = 8> <Depth = 256> <RAM>
ST_2 : Operation 781 [1/2] (1.35ns)   --->   "%window_V_486 = load i8 %void_layer_block_stream_stream_signed_char_const_16_3_3_signed_char_con_3" [vgg_accelerator.cpp:59]   --->   Operation 781 'load' 'window_V_486' <Predicate = (trunc_ln40 == 0)> <Delay = 1.35> <CoreInst = "RAM">   --->   Core 83 'RAM' <Latency = 1> <II = 1> <Delay = 1.35> <Storage> <Opcode : 'load' 'store'> <Ports = 2> <Width = 8> <Depth = 256> <RAM>
ST_2 : Operation 782 [1/1] (1.35ns)   --->   "%store_ln55 = store i8 %window_V_486, i8 %void_layer_block_stream_stream_signed_char_const_16_3_3_signed_char_con_2" [vgg_accelerator.cpp:55]   --->   Operation 782 'store' 'store_ln55' <Predicate = (trunc_ln40 == 0)> <Delay = 1.35> <CoreInst = "RAM">   --->   Core 83 'RAM' <Latency = 1> <II = 1> <Delay = 1.35> <Storage> <Opcode : 'load' 'store'> <Ports = 2> <Width = 8> <Depth = 256> <RAM>
ST_2 : Operation 783 [1/1] (1.35ns)   --->   "%store_ln56 = store i8 %window_V_484, i8 %void_layer_block_stream_stream_signed_char_const_16_3_3_signed_char_con_3" [vgg_accelerator.cpp:56]   --->   Operation 783 'store' 'store_ln56' <Predicate = (trunc_ln40 == 0)> <Delay = 1.35> <CoreInst = "RAM">   --->   Core 83 'RAM' <Latency = 1> <II = 1> <Delay = 1.35> <Storage> <Opcode : 'load' 'store'> <Ports = 2> <Width = 8> <Depth = 256> <RAM>
ST_2 : Operation 784 [1/1] (0.48ns)   --->   "%store_ln60 = store i8 %window_V_237_load, i8 %window_V_421" [vgg_accelerator.cpp:60]   --->   Operation 784 'store' 'store_ln60' <Predicate = (trunc_ln40 == 0)> <Delay = 0.48>
ST_2 : Operation 785 [1/1] (0.48ns)   --->   "%store_ln60 = store i8 %window_V_238_load, i8 %window_V_237" [vgg_accelerator.cpp:60]   --->   Operation 785 'store' 'store_ln60' <Predicate = (trunc_ln40 == 0)> <Delay = 0.48>
ST_2 : Operation 786 [1/1] (0.48ns)   --->   "%store_ln60 = store i8 %window_V_484, i8 %window_V_238" [vgg_accelerator.cpp:60]   --->   Operation 786 'store' 'store_ln60' <Predicate = (trunc_ln40 == 0)> <Delay = 0.48>
ST_2 : Operation 787 [1/1] (0.48ns)   --->   "%store_ln60 = store i8 %window_V_235_load, i8 %window_V_420" [vgg_accelerator.cpp:60]   --->   Operation 787 'store' 'store_ln60' <Predicate = (trunc_ln40 == 0)> <Delay = 0.48>
ST_2 : Operation 788 [1/1] (0.48ns)   --->   "%store_ln60 = store i8 %window_V_236_load, i8 %window_V_235" [vgg_accelerator.cpp:60]   --->   Operation 788 'store' 'store_ln60' <Predicate = (trunc_ln40 == 0)> <Delay = 0.48>
ST_2 : Operation 789 [1/1] (0.48ns)   --->   "%store_ln60 = store i8 %window_V_486, i8 %window_V_236" [vgg_accelerator.cpp:60]   --->   Operation 789 'store' 'store_ln60' <Predicate = (trunc_ln40 == 0)> <Delay = 0.48>
ST_2 : Operation 790 [1/1] (0.48ns)   --->   "%store_ln60 = store i8 %window_V_234_load, i8 %window_V_419" [vgg_accelerator.cpp:60]   --->   Operation 790 'store' 'store_ln60' <Predicate = (trunc_ln40 == 0)> <Delay = 0.48>
ST_2 : Operation 791 [1/1] (0.48ns)   --->   "%store_ln60 = store i8 %window_V_485, i8 %window_V_234" [vgg_accelerator.cpp:60]   --->   Operation 791 'store' 'store_ln60' <Predicate = (trunc_ln40 == 0)> <Delay = 0.48>
ST_2 : Operation 792 [1/1] (0.48ns)   --->   "%store_ln60 = store i8 %window_V, i8 %window_V_418" [vgg_accelerator.cpp:60]   --->   Operation 792 'store' 'store_ln60' <Predicate = (trunc_ln40 == 0)> <Delay = 0.48>
ST_2 : Operation 793 [1/1] (0.00ns)   --->   "%br_ln60 = br void %arrayidx10728.exit.i" [vgg_accelerator.cpp:60]   --->   Operation 793 'br' 'br_ln60' <Predicate = (trunc_ln40 == 0)> <Delay = 0.00>
ST_2 : Operation 794 [1/1] (0.00ns)   --->   "%window_V_226_load = load i8 %window_V_226" [vgg_accelerator.cpp:60]   --->   Operation 794 'load' 'window_V_226_load' <Predicate = (trunc_ln40 == 15)> <Delay = 0.00>
ST_2 : Operation 795 [1/1] (0.00ns)   --->   "%window_V_228_load = load i8 %window_V_228" [vgg_accelerator.cpp:60]   --->   Operation 795 'load' 'window_V_228_load' <Predicate = (trunc_ln40 == 15)> <Delay = 0.00>
ST_2 : Operation 796 [1/1] (0.00ns)   --->   "%window_V_227_load = load i8 %window_V_227" [vgg_accelerator.cpp:60]   --->   Operation 796 'load' 'window_V_227_load' <Predicate = (trunc_ln40 == 15)> <Delay = 0.00>
ST_2 : Operation 797 [1/1] (0.00ns)   --->   "%window_V_230_load = load i8 %window_V_230" [vgg_accelerator.cpp:60]   --->   Operation 797 'load' 'window_V_230_load' <Predicate = (trunc_ln40 == 15)> <Delay = 0.00>
ST_2 : Operation 798 [1/1] (0.00ns)   --->   "%window_V_229_load = load i8 %window_V_229" [vgg_accelerator.cpp:60]   --->   Operation 798 'load' 'window_V_229_load' <Predicate = (trunc_ln40 == 15)> <Delay = 0.00>
ST_2 : Operation 799 [1/2] (1.35ns)   --->   "%window_V_482 = load i8 %void_layer_block_stream_stream_signed_char_const_16_3_3_signed_char_con_2" [vgg_accelerator.cpp:58]   --->   Operation 799 'load' 'window_V_482' <Predicate = (trunc_ln40 == 15)> <Delay = 1.35> <CoreInst = "RAM">   --->   Core 83 'RAM' <Latency = 1> <II = 1> <Delay = 1.35> <Storage> <Opcode : 'load' 'store'> <Ports = 2> <Width = 8> <Depth = 256> <RAM>
ST_2 : Operation 800 [1/2] (1.35ns)   --->   "%window_V_483 = load i8 %void_layer_block_stream_stream_signed_char_const_16_3_3_signed_char_con_3" [vgg_accelerator.cpp:59]   --->   Operation 800 'load' 'window_V_483' <Predicate = (trunc_ln40 == 15)> <Delay = 1.35> <CoreInst = "RAM">   --->   Core 83 'RAM' <Latency = 1> <II = 1> <Delay = 1.35> <Storage> <Opcode : 'load' 'store'> <Ports = 2> <Width = 8> <Depth = 256> <RAM>
ST_2 : Operation 801 [1/1] (1.35ns)   --->   "%store_ln55 = store i8 %window_V_483, i8 %void_layer_block_stream_stream_signed_char_const_16_3_3_signed_char_con_2" [vgg_accelerator.cpp:55]   --->   Operation 801 'store' 'store_ln55' <Predicate = (trunc_ln40 == 15)> <Delay = 1.35> <CoreInst = "RAM">   --->   Core 83 'RAM' <Latency = 1> <II = 1> <Delay = 1.35> <Storage> <Opcode : 'load' 'store'> <Ports = 2> <Width = 8> <Depth = 256> <RAM>
ST_2 : Operation 802 [1/1] (1.35ns)   --->   "%store_ln56 = store i8 %window_V_484, i8 %void_layer_block_stream_stream_signed_char_const_16_3_3_signed_char_con_3" [vgg_accelerator.cpp:56]   --->   Operation 802 'store' 'store_ln56' <Predicate = (trunc_ln40 == 15)> <Delay = 1.35> <CoreInst = "RAM">   --->   Core 83 'RAM' <Latency = 1> <II = 1> <Delay = 1.35> <Storage> <Opcode : 'load' 'store'> <Ports = 2> <Width = 8> <Depth = 256> <RAM>
ST_2 : Operation 803 [1/1] (0.48ns)   --->   "%store_ln60 = store i8 %window_V_229_load, i8 %window_V_481" [vgg_accelerator.cpp:60]   --->   Operation 803 'store' 'store_ln60' <Predicate = (trunc_ln40 == 15)> <Delay = 0.48>
ST_2 : Operation 804 [1/1] (0.48ns)   --->   "%store_ln60 = store i8 %window_V_230_load, i8 %window_V_229" [vgg_accelerator.cpp:60]   --->   Operation 804 'store' 'store_ln60' <Predicate = (trunc_ln40 == 15)> <Delay = 0.48>
ST_2 : Operation 805 [1/1] (0.48ns)   --->   "%store_ln60 = store i8 %window_V_484, i8 %window_V_230" [vgg_accelerator.cpp:60]   --->   Operation 805 'store' 'store_ln60' <Predicate = (trunc_ln40 == 15)> <Delay = 0.48>
ST_2 : Operation 806 [1/1] (0.48ns)   --->   "%store_ln60 = store i8 %window_V_227_load, i8 %window_V_480" [vgg_accelerator.cpp:60]   --->   Operation 806 'store' 'store_ln60' <Predicate = (trunc_ln40 == 15)> <Delay = 0.48>
ST_2 : Operation 807 [1/1] (0.48ns)   --->   "%store_ln60 = store i8 %window_V_228_load, i8 %window_V_227" [vgg_accelerator.cpp:60]   --->   Operation 807 'store' 'store_ln60' <Predicate = (trunc_ln40 == 15)> <Delay = 0.48>
ST_2 : Operation 808 [1/1] (0.48ns)   --->   "%store_ln60 = store i8 %window_V_483, i8 %window_V_228" [vgg_accelerator.cpp:60]   --->   Operation 808 'store' 'store_ln60' <Predicate = (trunc_ln40 == 15)> <Delay = 0.48>
ST_2 : Operation 809 [1/1] (0.48ns)   --->   "%store_ln60 = store i8 %window_V_226_load, i8 %window_V_479" [vgg_accelerator.cpp:60]   --->   Operation 809 'store' 'store_ln60' <Predicate = (trunc_ln40 == 15)> <Delay = 0.48>
ST_2 : Operation 810 [1/1] (0.48ns)   --->   "%store_ln60 = store i8 %window_V_482, i8 %window_V_226" [vgg_accelerator.cpp:60]   --->   Operation 810 'store' 'store_ln60' <Predicate = (trunc_ln40 == 15)> <Delay = 0.48>
ST_2 : Operation 811 [1/1] (0.48ns)   --->   "%store_ln60 = store i8 %window_V, i8 %window_V_478" [vgg_accelerator.cpp:60]   --->   Operation 811 'store' 'store_ln60' <Predicate = (trunc_ln40 == 15)> <Delay = 0.48>
ST_2 : Operation 812 [1/1] (0.00ns)   --->   "%br_ln60 = br void %arrayidx10728.exit.i" [vgg_accelerator.cpp:60]   --->   Operation 812 'br' 'br_ln60' <Predicate = (trunc_ln40 == 15)> <Delay = 0.00>


============================================================
+ Verbose Summary: Timing violations
============================================================
Target clock period: 10ns, clock uncertainty: 2.7ns.

 <State 1>: 2.26ns
The critical path consists of the following:
	'alloca' operation ('ch') [293]  (0 ns)
	'load' operation ('ch', vgg_accelerator.cpp:40) on local variable 'ch' [732]  (0 ns)
	'add' operation ('add_ln52', vgg_accelerator.cpp:52) [756]  (0.907 ns)
	'getelementptr' operation ('void_layer_block_stream_stream_signed_char_const_16_3_3_signed_char_con_2', vgg_accelerator.cpp:52) [758]  (0 ns)
	'load' operation ('window.V', vgg_accelerator.cpp:58) on array 'void_layer_block_stream_stream_signed_char_const_16_3_3_signed_char_con_1' [851]  (1.35 ns)

 <State 2>: 4.22ns
The critical path consists of the following:
	fifo read operation ('val_in', vgg_accelerator.cpp:43) on port 's_pool1' (vgg_accelerator.cpp:43) [762]  (2.87 ns)
	'store' operation ('store_ln56', vgg_accelerator.cpp:56) of variable 'val_in', vgg_accelerator.cpp:43 on array 'void_layer_block_stream_stream_signed_char_const_16_3_3_signed_char_con' [974]  (1.35 ns)


============================================================
+ Verbose Summary: Binding
============================================================
N/A
* FSMD analyzer results:
  - Output states:
 - Input state : 
  - Chain level:
	State 1
	State 2


============================================================
+ Verbose Summary: Datapath Resource usage 
============================================================
N/A
