

================================================================
== Vitis HLS Report for 'layer_block_16_32_16_s'
================================================================
* Date:           Thu Dec 11 20:07:38 2025

* Version:        2022.2 (Build 3670227 on Oct 13 2022)
* Project:        vgg_accelerator
* Solution:       solution1 (Vivado IP Flow Target)
* Product family: zynquplus
* Target device:  xczu5eg-sfvc784-1-e


================================================================
== Performance Estimates
================================================================
+ Timing: 
    * Summary: 
    +--------+----------+----------+------------+
    |  Clock |  Target  | Estimated| Uncertainty|
    +--------+----------+----------+------------+
    |ap_clk  |  10.00 ns|  8.115 ns|     2.70 ns|
    +--------+----------+----------+------------+

+ Latency: 
    * Summary: 
    +---------+---------+----------+----------+--------+--------+---------+
    |  Latency (cycles) |  Latency (absolute) |     Interval    | Pipeline|
    |   min   |   max   |    min   |    max   |   min  |   max  |   Type  |
    +---------+---------+----------+----------+--------+--------+---------+
    |   325636|   325636|  3.256 ms|  3.256 ms|  325636|  325636|       no|
    +---------+---------+----------+----------+--------+--------+---------+

    + Detail: 
        * Instance: 
        +-------------------------------------------------------------------------------------------+-------------------------------------------------------------------------------+---------+---------+----------+----------+-----+-----+---------+
        |                                                                                           |                                                                               |  Latency (cycles) |  Latency (absolute) |  Interval | Pipeline|
        |                                          Instance                                         |                                     Module                                    |   min   |   max   |    min   |    max   | min | max |   Type  |
        +-------------------------------------------------------------------------------------------+-------------------------------------------------------------------------------+---------+---------+----------+----------+-----+-----+---------+
        |grp_layer_block_16_32_16_Pipeline_VITIS_LOOP_31_1_VITIS_LOOP_32_2_VITIS_LOOP_33_3_fu_1264  |layer_block_16_32_16_Pipeline_VITIS_LOOP_31_1_VITIS_LOOP_32_2_VITIS_LOOP_33_3  |      514|      514|  5.140 us|  5.140 us|  514|  514|       no|
        |grp_layer_block_16_32_16_Pipeline_VITIS_LOOP_40_6_fu_1272                                  |layer_block_16_32_16_Pipeline_VITIS_LOOP_40_6                                  |       18|       18|  0.180 us|  0.180 us|   18|   18|       no|
        |grp_layer_block_16_32_16_Pipeline_VITIS_LOOP_71_8_fu_1571                                  |layer_block_16_32_16_Pipeline_VITIS_LOOP_71_8                                  |       36|       36|  0.360 us|  0.360 us|   36|   36|       no|
        +-------------------------------------------------------------------------------------------+-------------------------------------------------------------------------------+---------+---------+----------+----------+-----+-----+---------+

        * Loop: 
        +-----------------------------------+---------+---------+----------+-----------+-----------+------+----------+
        |                                   |  Latency (cycles) | Iteration|  Initiation Interval  | Trip |          |
        |             Loop Name             |   min   |   max   |  Latency |  achieved |   target  | Count| Pipelined|
        +-----------------------------------+---------+---------+----------+-----------+-----------+------+----------+
        |- VITIS_LOOP_36_4_VITIS_LOOP_37_5  |   325120|   325120|      1270|          -|          -|   256|        no|
        | + VITIS_LOOP_64_7                 |     1248|     1248|        39|          -|          -|    32|        no|
        +-----------------------------------+---------+---------+----------+-----------+-----------+------+----------+



================================================================
== Utilization Estimates
================================================================
* Summary: 
+-----------------+---------+------+--------+--------+-----+
|       Name      | BRAM_18K|  DSP |   FF   |   LUT  | URAM|
+-----------------+---------+------+--------+--------+-----+
|DSP              |        -|     -|       -|       -|    -|
|Expression       |        -|     -|       0|      79|    -|
|FIFO             |        -|     -|       -|       -|    -|
|Instance         |        9|     0|    1517|    4470|    -|
|Memory           |        2|     -|       4|       2|    0|
|Multiplexer      |        -|     -|       -|     242|    -|
|Register         |        -|     -|    1224|       -|    -|
+-----------------+---------+------+--------+--------+-----+
|Total            |       11|     0|    2745|    4793|    0|
+-----------------+---------+------+--------+--------+-----+
|Available        |      288|  1248|  234240|  117120|   64|
+-----------------+---------+------+--------+--------+-----+
|Utilization (%)  |        3|     0|       1|       4|    0|
+-----------------+---------+------+--------+--------+-----+

+ Detail: 
    * Instance: 
    +-------------------------------------------------------------------------------------------+-------------------------------------------------------------------------------+---------+----+------+------+-----+
    |                                          Instance                                         |                                     Module                                    | BRAM_18K| DSP|  FF  |  LUT | URAM|
    +-------------------------------------------------------------------------------------------+-------------------------------------------------------------------------------+---------+----+------+------+-----+
    |grp_layer_block_16_32_16_Pipeline_VITIS_LOOP_31_1_VITIS_LOOP_32_2_VITIS_LOOP_33_3_fu_1264  |layer_block_16_32_16_Pipeline_VITIS_LOOP_31_1_VITIS_LOOP_32_2_VITIS_LOOP_33_3  |        0|   0|    31|   240|    0|
    |grp_layer_block_16_32_16_Pipeline_VITIS_LOOP_40_6_fu_1272                                  |layer_block_16_32_16_Pipeline_VITIS_LOOP_40_6                                  |        0|   0|  1180|  1447|    0|
    |grp_layer_block_16_32_16_Pipeline_VITIS_LOOP_71_8_fu_1571                                  |layer_block_16_32_16_Pipeline_VITIS_LOOP_71_8                                  |        9|   0|   306|  2783|    0|
    +-------------------------------------------------------------------------------------------+-------------------------------------------------------------------------------+---------+----+------+------+-----+
    |Total                                                                                      |                                                                               |        9|   0|  1517|  4470|    0|
    +-------------------------------------------------------------------------------------------+-------------------------------------------------------------------------------+---------+----+------+------+-----+

    * DSP: 
    N/A

    * Memory: 
    +-----------------------------------------------------------------------------+----------------------------------------------------------------------------------+---------+---+----+-----+------+-----+------+-------------+
    |                                    Memory                                   |                                      Module                                      | BRAM_18K| FF| LUT| URAM| Words| Bits| Banks| W*Bits*Banks|
    +-----------------------------------------------------------------------------+----------------------------------------------------------------------------------+---------+---+----+-----+------+-----+------+-------------+
    |conv2_bias_U                                                                 |layer_block_16_32_16_s_conv2_bias_ROM_AUTO_1R                                     |        0|  4|   2|    0|    32|    4|     1|          128|
    |void_layer_block_stream_stream_signed_char_const_16_3_3_signed_char_con_1_U  |layer_block_16_32_16_s_void_layer_block_stream_stream_signed_char_const_16_3_tde  |        1|  0|   0|    0|   256|    8|     1|         2048|
    |void_layer_block_stream_stream_signed_char_const_16_3_3_signed_char_con_U    |layer_block_16_32_16_s_void_layer_block_stream_stream_signed_char_const_16_3_tde  |        1|  0|   0|    0|   256|    8|     1|         2048|
    +-----------------------------------------------------------------------------+----------------------------------------------------------------------------------+---------+---+----+-----+------+-----+------+-------------+
    |Total                                                                        |                                                                                  |        2|  4|   2|    0|   544|   20|     3|         4224|
    +-----------------------------------------------------------------------------+----------------------------------------------------------------------------------+---------+---+----+-----+------+-----+------+-------------+

    * FIFO: 
    N/A

    * Expression: 
    +------------------------+----------+----+---+----+------------+------------+
    |      Variable Name     | Operation| DSP| FF| LUT| Bitwidth P0| Bitwidth P1|
    +------------------------+----------+----+---+----+------------+------------+
    |add_ln36_fu_1745_p2     |         +|   0|  0|  16|           9|           1|
    |add_ln37_fu_2798_p2     |         +|   0|  0|  12|           5|           1|
    |add_ln64_fu_2783_p2     |         +|   0|  0|  13|           6|           1|
    |icmp_ln36_fu_1739_p2    |      icmp|   0|  0|  11|           9|          10|
    |icmp_ln37_fu_2330_p2    |      icmp|   0|  0|  10|           5|           6|
    |icmp_ln64_fu_2777_p2    |      icmp|   0|  0|  10|           6|           7|
    |ap_block_state1         |        or|   0|  0|   2|           1|           1|
    |select_ln36_fu_2336_p3  |    select|   0|  0|   5|           1|           1|
    +------------------------+----------+----+---+----+------------+------------+
    |Total                   |          |   0|  0|  79|          42|          28|
    +------------------------+----------+----+---+----+------------+------------+

    * Multiplexer: 
    +------------------------------------------------------------------------------------+----+-----------+-----+-----------+
    |                                        Name                                        | LUT| Input Size| Bits| Total Bits|
    +------------------------------------------------------------------------------------+----+-----------+-----+-----------+
    |ap_NS_fsm                                                                           |  49|          9|    1|          9|
    |ap_done                                                                             |   9|          2|    1|          2|
    |c_fu_80                                                                             |   9|          2|    5|         10|
    |f_reg_1253                                                                          |   9|          2|    6|         12|
    |indvar_flatten20_fu_660                                                             |   9|          2|    9|         18|
    |real_start                                                                          |   9|          2|    1|          2|
    |s_conv2_write                                                                       |   9|          2|    1|          2|
    |s_pool1_read                                                                        |   9|          2|    1|          2|
    |void_layer_block_stream_stream_signed_char_const_16_3_3_signed_char_con_1_address0  |  14|          3|    8|         24|
    |void_layer_block_stream_stream_signed_char_const_16_3_3_signed_char_con_1_ce0       |  14|          3|    1|          3|
    |void_layer_block_stream_stream_signed_char_const_16_3_3_signed_char_con_1_ce1       |   9|          2|    1|          2|
    |void_layer_block_stream_stream_signed_char_const_16_3_3_signed_char_con_1_d0        |  14|          3|    8|         24|
    |void_layer_block_stream_stream_signed_char_const_16_3_3_signed_char_con_1_we0       |  14|          3|    1|          3|
    |void_layer_block_stream_stream_signed_char_const_16_3_3_signed_char_con_address0    |  14|          3|    8|         24|
    |void_layer_block_stream_stream_signed_char_const_16_3_3_signed_char_con_ce0         |  14|          3|    1|          3|
    |void_layer_block_stream_stream_signed_char_const_16_3_3_signed_char_con_ce1         |   9|          2|    1|          2|
    |void_layer_block_stream_stream_signed_char_const_16_3_3_signed_char_con_d0          |  14|          3|    8|         24|
    |void_layer_block_stream_stream_signed_char_const_16_3_3_signed_char_con_we0         |  14|          3|    1|          3|
    +------------------------------------------------------------------------------------+----+-----------+-----+-----------+
    |Total                                                                               | 242|         51|   63|        169|
    +------------------------------------------------------------------------------------+----+-----------+-----+-----------+

    * Register: 
    +--------------------------------------------------------------------------------------------------------+----+----+-----+-----------+
    |                                                  Name                                                  | FF | LUT| Bits| Const Bits|
    +--------------------------------------------------------------------------------------------------------+----+----+-----+-----------+
    |acc_V_39_reg_6052                                                                                       |   4|   0|   16|         12|
    |add_ln36_reg_5158                                                                                       |   9|   0|    9|          0|
    |add_ln64_reg_6036                                                                                       |   6|   0|    6|          0|
    |ap_CS_fsm                                                                                               |   8|   0|    8|          0|
    |ap_done_reg                                                                                             |   1|   0|    1|          0|
    |c_fu_80                                                                                                 |   5|   0|    5|          0|
    |f_reg_1253                                                                                              |   6|   0|    6|          0|
    |grp_layer_block_16_32_16_Pipeline_VITIS_LOOP_31_1_VITIS_LOOP_32_2_VITIS_LOOP_33_3_fu_1264_ap_start_reg  |   1|   0|    1|          0|
    |grp_layer_block_16_32_16_Pipeline_VITIS_LOOP_40_6_fu_1272_ap_start_reg                                  |   1|   0|    1|          0|
    |grp_layer_block_16_32_16_Pipeline_VITIS_LOOP_71_8_fu_1571_ap_start_reg                                  |   1|   0|    1|          0|
    |indvar_flatten20_fu_660                                                                                 |   9|   0|    9|          0|
    |select_ln36_reg_5595                                                                                    |   5|   0|    5|          0|
    |shl_ln76_3_reg_6062                                                                                     |   5|   0|    9|          4|
    |shl_ln_reg_6057                                                                                         |   5|   0|   12|          7|
    |start_once_reg                                                                                          |   1|   0|    1|          0|
    |trunc_ln76_reg_6046                                                                                     |   5|   0|    5|          0|
    |window_V_1_i_fu_84                                                                                      |   8|   0|    8|          0|
    |window_V_514_1_i_fu_88                                                                                  |   8|   0|    8|          0|
    |window_V_515_1_i_fu_92                                                                                  |   8|   0|    8|          0|
    |window_V_516_1_i_fu_96                                                                                  |   8|   0|    8|          0|
    |window_V_517_1_i_fu_100                                                                                 |   8|   0|    8|          0|
    |window_V_518_1_i_fu_104                                                                                 |   8|   0|    8|          0|
    |window_V_519_1_i_fu_108                                                                                 |   8|   0|    8|          0|
    |window_V_520_1_i_fu_112                                                                                 |   8|   0|    8|          0|
    |window_V_521_1_i_fu_116                                                                                 |   8|   0|    8|          0|
    |window_V_522_1_i_fu_120                                                                                 |   8|   0|    8|          0|
    |window_V_523_1_i_fu_124                                                                                 |   8|   0|    8|          0|
    |window_V_524_1_i_fu_128                                                                                 |   8|   0|    8|          0|
    |window_V_525_1_i_fu_132                                                                                 |   8|   0|    8|          0|
    |window_V_526_1_i_fu_136                                                                                 |   8|   0|    8|          0|
    |window_V_527_1_i_fu_140                                                                                 |   8|   0|    8|          0|
    |window_V_528_1_i_fu_144                                                                                 |   8|   0|    8|          0|
    |window_V_529_1_i_fu_148                                                                                 |   8|   0|    8|          0|
    |window_V_530_1_i_fu_152                                                                                 |   8|   0|    8|          0|
    |window_V_531_1_i_fu_156                                                                                 |   8|   0|    8|          0|
    |window_V_532_1_i_fu_160                                                                                 |   8|   0|    8|          0|
    |window_V_533_1_i_fu_164                                                                                 |   8|   0|    8|          0|
    |window_V_534_1_i_fu_168                                                                                 |   8|   0|    8|          0|
    |window_V_535_1_i_fu_172                                                                                 |   8|   0|    8|          0|
    |window_V_536_1_i_fu_176                                                                                 |   8|   0|    8|          0|
    |window_V_537_1_i_fu_180                                                                                 |   8|   0|    8|          0|
    |window_V_538_1_i_fu_184                                                                                 |   8|   0|    8|          0|
    |window_V_539_1_i_fu_188                                                                                 |   8|   0|    8|          0|
    |window_V_540_1_i_fu_192                                                                                 |   8|   0|    8|          0|
    |window_V_541_1_i_fu_196                                                                                 |   8|   0|    8|          0|
    |window_V_542_1_i_fu_200                                                                                 |   8|   0|    8|          0|
    |window_V_543_1_i_fu_204                                                                                 |   8|   0|    8|          0|
    |window_V_544_1_i_fu_208                                                                                 |   8|   0|    8|          0|
    |window_V_545_1_i_fu_212                                                                                 |   8|   0|    8|          0|
    |window_V_546_1_i_fu_216                                                                                 |   8|   0|    8|          0|
    |window_V_547_1_i_fu_220                                                                                 |   8|   0|    8|          0|
    |window_V_548_1_i_fu_224                                                                                 |   8|   0|    8|          0|
    |window_V_549_1_i_fu_228                                                                                 |   8|   0|    8|          0|
    |window_V_550_1_i_fu_232                                                                                 |   8|   0|    8|          0|
    |window_V_551_1_i_fu_236                                                                                 |   8|   0|    8|          0|
    |window_V_552_1_i_fu_240                                                                                 |   8|   0|    8|          0|
    |window_V_553_1_i_fu_244                                                                                 |   8|   0|    8|          0|
    |window_V_554_1_i_fu_248                                                                                 |   8|   0|    8|          0|
    |window_V_555_1_i_fu_252                                                                                 |   8|   0|    8|          0|
    |window_V_556_1_i_fu_256                                                                                 |   8|   0|    8|          0|
    |window_V_557_1_i_fu_260                                                                                 |   8|   0|    8|          0|
    |window_V_558_1_i_fu_264                                                                                 |   8|   0|    8|          0|
    |window_V_559_1_i_fu_268                                                                                 |   8|   0|    8|          0|
    |window_V_560_1_i_fu_272                                                                                 |   8|   0|    8|          0|
    |window_V_561_1_i_fu_276                                                                                 |   8|   0|    8|          0|
    |window_V_562_1_i_fu_280                                                                                 |   8|   0|    8|          0|
    |window_V_563_1_i_fu_284                                                                                 |   8|   0|    8|          0|
    |window_V_564_1_i_fu_288                                                                                 |   8|   0|    8|          0|
    |window_V_565_1_i_fu_292                                                                                 |   8|   0|    8|          0|
    |window_V_566_1_i_fu_296                                                                                 |   8|   0|    8|          0|
    |window_V_567_1_i_fu_300                                                                                 |   8|   0|    8|          0|
    |window_V_568_1_i_fu_304                                                                                 |   8|   0|    8|          0|
    |window_V_569_1_i_fu_308                                                                                 |   8|   0|    8|          0|
    |window_V_570_1_i_fu_312                                                                                 |   8|   0|    8|          0|
    |window_V_571_1_i_fu_316                                                                                 |   8|   0|    8|          0|
    |window_V_572_1_i_fu_320                                                                                 |   8|   0|    8|          0|
    |window_V_573_1_i_fu_324                                                                                 |   8|   0|    8|          0|
    |window_V_574_1_i_fu_328                                                                                 |   8|   0|    8|          0|
    |window_V_575_1_i_fu_332                                                                                 |   8|   0|    8|          0|
    |window_V_576_1_i_fu_336                                                                                 |   8|   0|    8|          0|
    |window_V_577_1_i_fu_340                                                                                 |   8|   0|    8|          0|
    |window_V_578_1_i_fu_344                                                                                 |   8|   0|    8|          0|
    |window_V_579_1_i_fu_348                                                                                 |   8|   0|    8|          0|
    |window_V_580_1_i_fu_352                                                                                 |   8|   0|    8|          0|
    |window_V_581_1_i_fu_356                                                                                 |   8|   0|    8|          0|
    |window_V_582_1_i_fu_360                                                                                 |   8|   0|    8|          0|
    |window_V_583_1_i_fu_364                                                                                 |   8|   0|    8|          0|
    |window_V_584_1_i_fu_368                                                                                 |   8|   0|    8|          0|
    |window_V_585_1_i_fu_372                                                                                 |   8|   0|    8|          0|
    |window_V_586_1_i_fu_376                                                                                 |   8|   0|    8|          0|
    |window_V_587_1_i_fu_380                                                                                 |   8|   0|    8|          0|
    |window_V_588_1_i_fu_384                                                                                 |   8|   0|    8|          0|
    |window_V_589_1_i_fu_388                                                                                 |   8|   0|    8|          0|
    |window_V_590_1_i_fu_392                                                                                 |   8|   0|    8|          0|
    |window_V_591_1_i_fu_396                                                                                 |   8|   0|    8|          0|
    |window_V_592_1_i_fu_400                                                                                 |   8|   0|    8|          0|
    |window_V_593_1_i_fu_404                                                                                 |   8|   0|    8|          0|
    |window_V_594_1_i_fu_408                                                                                 |   8|   0|    8|          0|
    |window_V_595_1_i_fu_412                                                                                 |   8|   0|    8|          0|
    |window_V_596_1_i_fu_416                                                                                 |   8|   0|    8|          0|
    |window_V_597_1_i_fu_420                                                                                 |   8|   0|    8|          0|
    |window_V_598_1_i_fu_424                                                                                 |   8|   0|    8|          0|
    |window_V_599_1_i_fu_428                                                                                 |   8|   0|    8|          0|
    |window_V_600_1_i_fu_432                                                                                 |   8|   0|    8|          0|
    |window_V_601_1_i_fu_436                                                                                 |   8|   0|    8|          0|
    |window_V_602_1_i_fu_440                                                                                 |   8|   0|    8|          0|
    |window_V_603_1_i_fu_444                                                                                 |   8|   0|    8|          0|
    |window_V_604_1_i_fu_448                                                                                 |   8|   0|    8|          0|
    |window_V_605_1_i_fu_452                                                                                 |   8|   0|    8|          0|
    |window_V_606_1_i_fu_456                                                                                 |   8|   0|    8|          0|
    |window_V_607_1_i_fu_460                                                                                 |   8|   0|    8|          0|
    |window_V_608_1_i_fu_464                                                                                 |   8|   0|    8|          0|
    |window_V_609_1_i_fu_468                                                                                 |   8|   0|    8|          0|
    |window_V_610_1_i_fu_472                                                                                 |   8|   0|    8|          0|
    |window_V_611_1_i_fu_476                                                                                 |   8|   0|    8|          0|
    |window_V_612_1_i_fu_480                                                                                 |   8|   0|    8|          0|
    |window_V_613_1_i_fu_484                                                                                 |   8|   0|    8|          0|
    |window_V_614_1_i_fu_488                                                                                 |   8|   0|    8|          0|
    |window_V_615_1_i_fu_492                                                                                 |   8|   0|    8|          0|
    |window_V_616_1_i_fu_496                                                                                 |   8|   0|    8|          0|
    |window_V_617_1_i_fu_500                                                                                 |   8|   0|    8|          0|
    |window_V_618_1_i_fu_504                                                                                 |   8|   0|    8|          0|
    |window_V_619_1_i_fu_508                                                                                 |   8|   0|    8|          0|
    |window_V_620_1_i_fu_512                                                                                 |   8|   0|    8|          0|
    |window_V_621_1_i_fu_516                                                                                 |   8|   0|    8|          0|
    |window_V_622_1_i_fu_520                                                                                 |   8|   0|    8|          0|
    |window_V_623_1_i_fu_524                                                                                 |   8|   0|    8|          0|
    |window_V_624_1_i_fu_528                                                                                 |   8|   0|    8|          0|
    |window_V_625_1_i_fu_532                                                                                 |   8|   0|    8|          0|
    |window_V_626_1_i_fu_536                                                                                 |   8|   0|    8|          0|
    |window_V_627_1_i_fu_540                                                                                 |   8|   0|    8|          0|
    |window_V_628_1_i_fu_544                                                                                 |   8|   0|    8|          0|
    |window_V_629_1_i_fu_548                                                                                 |   8|   0|    8|          0|
    |window_V_630_1_i_fu_552                                                                                 |   8|   0|    8|          0|
    |window_V_631_1_i_fu_556                                                                                 |   8|   0|    8|          0|
    |window_V_632_1_i_fu_560                                                                                 |   8|   0|    8|          0|
    |window_V_633_1_i_fu_564                                                                                 |   8|   0|    8|          0|
    |window_V_634_1_i_fu_568                                                                                 |   8|   0|    8|          0|
    |window_V_635_1_i_fu_572                                                                                 |   8|   0|    8|          0|
    |window_V_636_1_i_fu_576                                                                                 |   8|   0|    8|          0|
    |window_V_637_1_i_fu_580                                                                                 |   8|   0|    8|          0|
    |window_V_638_1_i_fu_584                                                                                 |   8|   0|    8|          0|
    |window_V_639_1_i_fu_588                                                                                 |   8|   0|    8|          0|
    |window_V_640_1_i_fu_592                                                                                 |   8|   0|    8|          0|
    |window_V_641_1_i_fu_596                                                                                 |   8|   0|    8|          0|
    |window_V_642_1_i_fu_600                                                                                 |   8|   0|    8|          0|
    |window_V_643_1_i_fu_604                                                                                 |   8|   0|    8|          0|
    |window_V_644_1_i_fu_608                                                                                 |   8|   0|    8|          0|
    |window_V_645_1_i_fu_612                                                                                 |   8|   0|    8|          0|
    |window_V_646_1_i_fu_616                                                                                 |   8|   0|    8|          0|
    |window_V_647_1_i_fu_620                                                                                 |   8|   0|    8|          0|
    |window_V_648_1_i_fu_624                                                                                 |   8|   0|    8|          0|
    |window_V_649_1_i_fu_628                                                                                 |   8|   0|    8|          0|
    |window_V_650_1_i_fu_632                                                                                 |   8|   0|    8|          0|
    |window_V_651_1_i_fu_636                                                                                 |   8|   0|    8|          0|
    |window_V_652_1_i_fu_640                                                                                 |   8|   0|    8|          0|
    |window_V_653_1_i_fu_644                                                                                 |   8|   0|    8|          0|
    |window_V_654_1_i_fu_648                                                                                 |   8|   0|    8|          0|
    |window_V_655_1_i_fu_652                                                                                 |   8|   0|    8|          0|
    |window_V_656_1_i_fu_656                                                                                 |   8|   0|    8|          0|
    +--------------------------------------------------------------------------------------------------------+----+----+-----+-----------+
    |Total                                                                                                   |1224|   0| 1247|         23|
    +--------------------------------------------------------------------------------------------------------+----+----+-----+-----------+



================================================================
== Interface
================================================================
* Summary: 
+------------------------+-----+-----+------------+-------------------------+--------------+
|        RTL Ports       | Dir | Bits|  Protocol  |      Source Object      |    C Type    |
+------------------------+-----+-----+------------+-------------------------+--------------+
|ap_clk                  |   in|    1|  ap_ctrl_hs|  layer_block<16, 32, 16>|  return value|
|ap_rst                  |   in|    1|  ap_ctrl_hs|  layer_block<16, 32, 16>|  return value|
|ap_start                |   in|    1|  ap_ctrl_hs|  layer_block<16, 32, 16>|  return value|
|start_full_n            |   in|    1|  ap_ctrl_hs|  layer_block<16, 32, 16>|  return value|
|ap_done                 |  out|    1|  ap_ctrl_hs|  layer_block<16, 32, 16>|  return value|
|ap_continue             |   in|    1|  ap_ctrl_hs|  layer_block<16, 32, 16>|  return value|
|ap_idle                 |  out|    1|  ap_ctrl_hs|  layer_block<16, 32, 16>|  return value|
|ap_ready                |  out|    1|  ap_ctrl_hs|  layer_block<16, 32, 16>|  return value|
|start_out               |  out|    1|  ap_ctrl_hs|  layer_block<16, 32, 16>|  return value|
|start_write             |  out|    1|  ap_ctrl_hs|  layer_block<16, 32, 16>|  return value|
|s_conv2_din             |  out|    8|     ap_fifo|                  s_conv2|       pointer|
|s_conv2_num_data_valid  |   in|    7|     ap_fifo|                  s_conv2|       pointer|
|s_conv2_fifo_cap        |   in|    7|     ap_fifo|                  s_conv2|       pointer|
|s_conv2_full_n          |   in|    1|     ap_fifo|                  s_conv2|       pointer|
|s_conv2_write           |  out|    1|     ap_fifo|                  s_conv2|       pointer|
|s_pool1_dout            |   in|    8|     ap_fifo|                  s_pool1|       pointer|
|s_pool1_num_data_valid  |   in|    8|     ap_fifo|                  s_pool1|       pointer|
|s_pool1_fifo_cap        |   in|    8|     ap_fifo|                  s_pool1|       pointer|
|s_pool1_empty_n         |   in|    1|     ap_fifo|                  s_pool1|       pointer|
|s_pool1_read            |  out|    1|     ap_fifo|                  s_pool1|       pointer|
+------------------------+-----+-----+------------+-------------------------+--------------+

============================================================
+ Verbose Summary: Synthesis Manager
============================================================
InlineROM: 1
ExposeGlobal: 0
============================================================
+ Verbose Summary: CDFG Model
============================================================
IsTopModel: 0
ResetActiveHigh: 1
IsCombinational: 2
IsDatapathOnly: 0
HasWiredReturn: 1
HasMFsm: 0
HasVarLatency: 1
IsPipeline: 0
IsRtlPipelined: 0
IsInstanceOverlapped: 0
IsDontTouch: 0
HasImplIP: 0
IsGatedGlobalClock: 0


============================================================
+ Verbose Summary: Schedule
============================================================
* Number of FSM states : 8
* Pipeline : 0
* Dataflow Pipeline: 0

* FSM state transitions: 
1 --> 2 
2 --> 3 
3 --> 4 
4 --> 5 
5 --> 6 
6 --> 7 3 
7 --> 8 
8 --> 6 

* FSM state operations: 

State 1 <SV = 0> <Delay = 0.48>
ST_1 : Operation 9 [1/1] (0.00ns)   --->   "%c = alloca i32 1"   --->   Operation 9 'alloca' 'c' <Predicate = true> <Delay = 0.00>
ST_1 : Operation 10 [1/1] (0.00ns)   --->   "%window_V_1_i = alloca i32 1"   --->   Operation 10 'alloca' 'window_V_1_i' <Predicate = true> <Delay = 0.00>
ST_1 : Operation 11 [1/1] (0.00ns)   --->   "%window_V_514_1_i = alloca i32 1"   --->   Operation 11 'alloca' 'window_V_514_1_i' <Predicate = true> <Delay = 0.00>
ST_1 : Operation 12 [1/1] (0.00ns)   --->   "%window_V_515_1_i = alloca i32 1"   --->   Operation 12 'alloca' 'window_V_515_1_i' <Predicate = true> <Delay = 0.00>
ST_1 : Operation 13 [1/1] (0.00ns)   --->   "%window_V_516_1_i = alloca i32 1"   --->   Operation 13 'alloca' 'window_V_516_1_i' <Predicate = true> <Delay = 0.00>
ST_1 : Operation 14 [1/1] (0.00ns)   --->   "%window_V_517_1_i = alloca i32 1"   --->   Operation 14 'alloca' 'window_V_517_1_i' <Predicate = true> <Delay = 0.00>
ST_1 : Operation 15 [1/1] (0.00ns)   --->   "%window_V_518_1_i = alloca i32 1"   --->   Operation 15 'alloca' 'window_V_518_1_i' <Predicate = true> <Delay = 0.00>
ST_1 : Operation 16 [1/1] (0.00ns)   --->   "%window_V_519_1_i = alloca i32 1"   --->   Operation 16 'alloca' 'window_V_519_1_i' <Predicate = true> <Delay = 0.00>
ST_1 : Operation 17 [1/1] (0.00ns)   --->   "%window_V_520_1_i = alloca i32 1"   --->   Operation 17 'alloca' 'window_V_520_1_i' <Predicate = true> <Delay = 0.00>
ST_1 : Operation 18 [1/1] (0.00ns)   --->   "%window_V_521_1_i = alloca i32 1"   --->   Operation 18 'alloca' 'window_V_521_1_i' <Predicate = true> <Delay = 0.00>
ST_1 : Operation 19 [1/1] (0.00ns)   --->   "%window_V_522_1_i = alloca i32 1"   --->   Operation 19 'alloca' 'window_V_522_1_i' <Predicate = true> <Delay = 0.00>
ST_1 : Operation 20 [1/1] (0.00ns)   --->   "%window_V_523_1_i = alloca i32 1"   --->   Operation 20 'alloca' 'window_V_523_1_i' <Predicate = true> <Delay = 0.00>
ST_1 : Operation 21 [1/1] (0.00ns)   --->   "%window_V_524_1_i = alloca i32 1"   --->   Operation 21 'alloca' 'window_V_524_1_i' <Predicate = true> <Delay = 0.00>
ST_1 : Operation 22 [1/1] (0.00ns)   --->   "%window_V_525_1_i = alloca i32 1"   --->   Operation 22 'alloca' 'window_V_525_1_i' <Predicate = true> <Delay = 0.00>
ST_1 : Operation 23 [1/1] (0.00ns)   --->   "%window_V_526_1_i = alloca i32 1"   --->   Operation 23 'alloca' 'window_V_526_1_i' <Predicate = true> <Delay = 0.00>
ST_1 : Operation 24 [1/1] (0.00ns)   --->   "%window_V_527_1_i = alloca i32 1"   --->   Operation 24 'alloca' 'window_V_527_1_i' <Predicate = true> <Delay = 0.00>
ST_1 : Operation 25 [1/1] (0.00ns)   --->   "%window_V_528_1_i = alloca i32 1"   --->   Operation 25 'alloca' 'window_V_528_1_i' <Predicate = true> <Delay = 0.00>
ST_1 : Operation 26 [1/1] (0.00ns)   --->   "%window_V_529_1_i = alloca i32 1"   --->   Operation 26 'alloca' 'window_V_529_1_i' <Predicate = true> <Delay = 0.00>
ST_1 : Operation 27 [1/1] (0.00ns)   --->   "%window_V_530_1_i = alloca i32 1"   --->   Operation 27 'alloca' 'window_V_530_1_i' <Predicate = true> <Delay = 0.00>
ST_1 : Operation 28 [1/1] (0.00ns)   --->   "%window_V_531_1_i = alloca i32 1"   --->   Operation 28 'alloca' 'window_V_531_1_i' <Predicate = true> <Delay = 0.00>
ST_1 : Operation 29 [1/1] (0.00ns)   --->   "%window_V_532_1_i = alloca i32 1"   --->   Operation 29 'alloca' 'window_V_532_1_i' <Predicate = true> <Delay = 0.00>
ST_1 : Operation 30 [1/1] (0.00ns)   --->   "%window_V_533_1_i = alloca i32 1"   --->   Operation 30 'alloca' 'window_V_533_1_i' <Predicate = true> <Delay = 0.00>
ST_1 : Operation 31 [1/1] (0.00ns)   --->   "%window_V_534_1_i = alloca i32 1"   --->   Operation 31 'alloca' 'window_V_534_1_i' <Predicate = true> <Delay = 0.00>
ST_1 : Operation 32 [1/1] (0.00ns)   --->   "%window_V_535_1_i = alloca i32 1"   --->   Operation 32 'alloca' 'window_V_535_1_i' <Predicate = true> <Delay = 0.00>
ST_1 : Operation 33 [1/1] (0.00ns)   --->   "%window_V_536_1_i = alloca i32 1"   --->   Operation 33 'alloca' 'window_V_536_1_i' <Predicate = true> <Delay = 0.00>
ST_1 : Operation 34 [1/1] (0.00ns)   --->   "%window_V_537_1_i = alloca i32 1"   --->   Operation 34 'alloca' 'window_V_537_1_i' <Predicate = true> <Delay = 0.00>
ST_1 : Operation 35 [1/1] (0.00ns)   --->   "%window_V_538_1_i = alloca i32 1"   --->   Operation 35 'alloca' 'window_V_538_1_i' <Predicate = true> <Delay = 0.00>
ST_1 : Operation 36 [1/1] (0.00ns)   --->   "%window_V_539_1_i = alloca i32 1"   --->   Operation 36 'alloca' 'window_V_539_1_i' <Predicate = true> <Delay = 0.00>
ST_1 : Operation 37 [1/1] (0.00ns)   --->   "%window_V_540_1_i = alloca i32 1"   --->   Operation 37 'alloca' 'window_V_540_1_i' <Predicate = true> <Delay = 0.00>
ST_1 : Operation 38 [1/1] (0.00ns)   --->   "%window_V_541_1_i = alloca i32 1"   --->   Operation 38 'alloca' 'window_V_541_1_i' <Predicate = true> <Delay = 0.00>
ST_1 : Operation 39 [1/1] (0.00ns)   --->   "%window_V_542_1_i = alloca i32 1"   --->   Operation 39 'alloca' 'window_V_542_1_i' <Predicate = true> <Delay = 0.00>
ST_1 : Operation 40 [1/1] (0.00ns)   --->   "%window_V_543_1_i = alloca i32 1"   --->   Operation 40 'alloca' 'window_V_543_1_i' <Predicate = true> <Delay = 0.00>
ST_1 : Operation 41 [1/1] (0.00ns)   --->   "%window_V_544_1_i = alloca i32 1"   --->   Operation 41 'alloca' 'window_V_544_1_i' <Predicate = true> <Delay = 0.00>
ST_1 : Operation 42 [1/1] (0.00ns)   --->   "%window_V_545_1_i = alloca i32 1"   --->   Operation 42 'alloca' 'window_V_545_1_i' <Predicate = true> <Delay = 0.00>
ST_1 : Operation 43 [1/1] (0.00ns)   --->   "%window_V_546_1_i = alloca i32 1"   --->   Operation 43 'alloca' 'window_V_546_1_i' <Predicate = true> <Delay = 0.00>
ST_1 : Operation 44 [1/1] (0.00ns)   --->   "%window_V_547_1_i = alloca i32 1"   --->   Operation 44 'alloca' 'window_V_547_1_i' <Predicate = true> <Delay = 0.00>
ST_1 : Operation 45 [1/1] (0.00ns)   --->   "%window_V_548_1_i = alloca i32 1"   --->   Operation 45 'alloca' 'window_V_548_1_i' <Predicate = true> <Delay = 0.00>
ST_1 : Operation 46 [1/1] (0.00ns)   --->   "%window_V_549_1_i = alloca i32 1"   --->   Operation 46 'alloca' 'window_V_549_1_i' <Predicate = true> <Delay = 0.00>
ST_1 : Operation 47 [1/1] (0.00ns)   --->   "%window_V_550_1_i = alloca i32 1"   --->   Operation 47 'alloca' 'window_V_550_1_i' <Predicate = true> <Delay = 0.00>
ST_1 : Operation 48 [1/1] (0.00ns)   --->   "%window_V_551_1_i = alloca i32 1"   --->   Operation 48 'alloca' 'window_V_551_1_i' <Predicate = true> <Delay = 0.00>
ST_1 : Operation 49 [1/1] (0.00ns)   --->   "%window_V_552_1_i = alloca i32 1"   --->   Operation 49 'alloca' 'window_V_552_1_i' <Predicate = true> <Delay = 0.00>
ST_1 : Operation 50 [1/1] (0.00ns)   --->   "%window_V_553_1_i = alloca i32 1"   --->   Operation 50 'alloca' 'window_V_553_1_i' <Predicate = true> <Delay = 0.00>
ST_1 : Operation 51 [1/1] (0.00ns)   --->   "%window_V_554_1_i = alloca i32 1"   --->   Operation 51 'alloca' 'window_V_554_1_i' <Predicate = true> <Delay = 0.00>
ST_1 : Operation 52 [1/1] (0.00ns)   --->   "%window_V_555_1_i = alloca i32 1"   --->   Operation 52 'alloca' 'window_V_555_1_i' <Predicate = true> <Delay = 0.00>
ST_1 : Operation 53 [1/1] (0.00ns)   --->   "%window_V_556_1_i = alloca i32 1"   --->   Operation 53 'alloca' 'window_V_556_1_i' <Predicate = true> <Delay = 0.00>
ST_1 : Operation 54 [1/1] (0.00ns)   --->   "%window_V_557_1_i = alloca i32 1"   --->   Operation 54 'alloca' 'window_V_557_1_i' <Predicate = true> <Delay = 0.00>
ST_1 : Operation 55 [1/1] (0.00ns)   --->   "%window_V_558_1_i = alloca i32 1"   --->   Operation 55 'alloca' 'window_V_558_1_i' <Predicate = true> <Delay = 0.00>
ST_1 : Operation 56 [1/1] (0.00ns)   --->   "%window_V_559_1_i = alloca i32 1"   --->   Operation 56 'alloca' 'window_V_559_1_i' <Predicate = true> <Delay = 0.00>
ST_1 : Operation 57 [1/1] (0.00ns)   --->   "%window_V_560_1_i = alloca i32 1"   --->   Operation 57 'alloca' 'window_V_560_1_i' <Predicate = true> <Delay = 0.00>
ST_1 : Operation 58 [1/1] (0.00ns)   --->   "%window_V_561_1_i = alloca i32 1"   --->   Operation 58 'alloca' 'window_V_561_1_i' <Predicate = true> <Delay = 0.00>
ST_1 : Operation 59 [1/1] (0.00ns)   --->   "%window_V_562_1_i = alloca i32 1"   --->   Operation 59 'alloca' 'window_V_562_1_i' <Predicate = true> <Delay = 0.00>
ST_1 : Operation 60 [1/1] (0.00ns)   --->   "%window_V_563_1_i = alloca i32 1"   --->   Operation 60 'alloca' 'window_V_563_1_i' <Predicate = true> <Delay = 0.00>
ST_1 : Operation 61 [1/1] (0.00ns)   --->   "%window_V_564_1_i = alloca i32 1"   --->   Operation 61 'alloca' 'window_V_564_1_i' <Predicate = true> <Delay = 0.00>
ST_1 : Operation 62 [1/1] (0.00ns)   --->   "%window_V_565_1_i = alloca i32 1"   --->   Operation 62 'alloca' 'window_V_565_1_i' <Predicate = true> <Delay = 0.00>
ST_1 : Operation 63 [1/1] (0.00ns)   --->   "%window_V_566_1_i = alloca i32 1"   --->   Operation 63 'alloca' 'window_V_566_1_i' <Predicate = true> <Delay = 0.00>
ST_1 : Operation 64 [1/1] (0.00ns)   --->   "%window_V_567_1_i = alloca i32 1"   --->   Operation 64 'alloca' 'window_V_567_1_i' <Predicate = true> <Delay = 0.00>
ST_1 : Operation 65 [1/1] (0.00ns)   --->   "%window_V_568_1_i = alloca i32 1"   --->   Operation 65 'alloca' 'window_V_568_1_i' <Predicate = true> <Delay = 0.00>
ST_1 : Operation 66 [1/1] (0.00ns)   --->   "%window_V_569_1_i = alloca i32 1"   --->   Operation 66 'alloca' 'window_V_569_1_i' <Predicate = true> <Delay = 0.00>
ST_1 : Operation 67 [1/1] (0.00ns)   --->   "%window_V_570_1_i = alloca i32 1"   --->   Operation 67 'alloca' 'window_V_570_1_i' <Predicate = true> <Delay = 0.00>
ST_1 : Operation 68 [1/1] (0.00ns)   --->   "%window_V_571_1_i = alloca i32 1"   --->   Operation 68 'alloca' 'window_V_571_1_i' <Predicate = true> <Delay = 0.00>
ST_1 : Operation 69 [1/1] (0.00ns)   --->   "%window_V_572_1_i = alloca i32 1"   --->   Operation 69 'alloca' 'window_V_572_1_i' <Predicate = true> <Delay = 0.00>
ST_1 : Operation 70 [1/1] (0.00ns)   --->   "%window_V_573_1_i = alloca i32 1"   --->   Operation 70 'alloca' 'window_V_573_1_i' <Predicate = true> <Delay = 0.00>
ST_1 : Operation 71 [1/1] (0.00ns)   --->   "%window_V_574_1_i = alloca i32 1"   --->   Operation 71 'alloca' 'window_V_574_1_i' <Predicate = true> <Delay = 0.00>
ST_1 : Operation 72 [1/1] (0.00ns)   --->   "%window_V_575_1_i = alloca i32 1"   --->   Operation 72 'alloca' 'window_V_575_1_i' <Predicate = true> <Delay = 0.00>
ST_1 : Operation 73 [1/1] (0.00ns)   --->   "%window_V_576_1_i = alloca i32 1"   --->   Operation 73 'alloca' 'window_V_576_1_i' <Predicate = true> <Delay = 0.00>
ST_1 : Operation 74 [1/1] (0.00ns)   --->   "%window_V_577_1_i = alloca i32 1"   --->   Operation 74 'alloca' 'window_V_577_1_i' <Predicate = true> <Delay = 0.00>
ST_1 : Operation 75 [1/1] (0.00ns)   --->   "%window_V_578_1_i = alloca i32 1"   --->   Operation 75 'alloca' 'window_V_578_1_i' <Predicate = true> <Delay = 0.00>
ST_1 : Operation 76 [1/1] (0.00ns)   --->   "%window_V_579_1_i = alloca i32 1"   --->   Operation 76 'alloca' 'window_V_579_1_i' <Predicate = true> <Delay = 0.00>
ST_1 : Operation 77 [1/1] (0.00ns)   --->   "%window_V_580_1_i = alloca i32 1"   --->   Operation 77 'alloca' 'window_V_580_1_i' <Predicate = true> <Delay = 0.00>
ST_1 : Operation 78 [1/1] (0.00ns)   --->   "%window_V_581_1_i = alloca i32 1"   --->   Operation 78 'alloca' 'window_V_581_1_i' <Predicate = true> <Delay = 0.00>
ST_1 : Operation 79 [1/1] (0.00ns)   --->   "%window_V_582_1_i = alloca i32 1"   --->   Operation 79 'alloca' 'window_V_582_1_i' <Predicate = true> <Delay = 0.00>
ST_1 : Operation 80 [1/1] (0.00ns)   --->   "%window_V_583_1_i = alloca i32 1"   --->   Operation 80 'alloca' 'window_V_583_1_i' <Predicate = true> <Delay = 0.00>
ST_1 : Operation 81 [1/1] (0.00ns)   --->   "%window_V_584_1_i = alloca i32 1"   --->   Operation 81 'alloca' 'window_V_584_1_i' <Predicate = true> <Delay = 0.00>
ST_1 : Operation 82 [1/1] (0.00ns)   --->   "%window_V_585_1_i = alloca i32 1"   --->   Operation 82 'alloca' 'window_V_585_1_i' <Predicate = true> <Delay = 0.00>
ST_1 : Operation 83 [1/1] (0.00ns)   --->   "%window_V_586_1_i = alloca i32 1"   --->   Operation 83 'alloca' 'window_V_586_1_i' <Predicate = true> <Delay = 0.00>
ST_1 : Operation 84 [1/1] (0.00ns)   --->   "%window_V_587_1_i = alloca i32 1"   --->   Operation 84 'alloca' 'window_V_587_1_i' <Predicate = true> <Delay = 0.00>
ST_1 : Operation 85 [1/1] (0.00ns)   --->   "%window_V_588_1_i = alloca i32 1"   --->   Operation 85 'alloca' 'window_V_588_1_i' <Predicate = true> <Delay = 0.00>
ST_1 : Operation 86 [1/1] (0.00ns)   --->   "%window_V_589_1_i = alloca i32 1"   --->   Operation 86 'alloca' 'window_V_589_1_i' <Predicate = true> <Delay = 0.00>
ST_1 : Operation 87 [1/1] (0.00ns)   --->   "%window_V_590_1_i = alloca i32 1"   --->   Operation 87 'alloca' 'window_V_590_1_i' <Predicate = true> <Delay = 0.00>
ST_1 : Operation 88 [1/1] (0.00ns)   --->   "%window_V_591_1_i = alloca i32 1"   --->   Operation 88 'alloca' 'window_V_591_1_i' <Predicate = true> <Delay = 0.00>
ST_1 : Operation 89 [1/1] (0.00ns)   --->   "%window_V_592_1_i = alloca i32 1"   --->   Operation 89 'alloca' 'window_V_592_1_i' <Predicate = true> <Delay = 0.00>
ST_1 : Operation 90 [1/1] (0.00ns)   --->   "%window_V_593_1_i = alloca i32 1"   --->   Operation 90 'alloca' 'window_V_593_1_i' <Predicate = true> <Delay = 0.00>
ST_1 : Operation 91 [1/1] (0.00ns)   --->   "%window_V_594_1_i = alloca i32 1"   --->   Operation 91 'alloca' 'window_V_594_1_i' <Predicate = true> <Delay = 0.00>
ST_1 : Operation 92 [1/1] (0.00ns)   --->   "%window_V_595_1_i = alloca i32 1"   --->   Operation 92 'alloca' 'window_V_595_1_i' <Predicate = true> <Delay = 0.00>
ST_1 : Operation 93 [1/1] (0.00ns)   --->   "%window_V_596_1_i = alloca i32 1"   --->   Operation 93 'alloca' 'window_V_596_1_i' <Predicate = true> <Delay = 0.00>
ST_1 : Operation 94 [1/1] (0.00ns)   --->   "%window_V_597_1_i = alloca i32 1"   --->   Operation 94 'alloca' 'window_V_597_1_i' <Predicate = true> <Delay = 0.00>
ST_1 : Operation 95 [1/1] (0.00ns)   --->   "%window_V_598_1_i = alloca i32 1"   --->   Operation 95 'alloca' 'window_V_598_1_i' <Predicate = true> <Delay = 0.00>
ST_1 : Operation 96 [1/1] (0.00ns)   --->   "%window_V_599_1_i = alloca i32 1"   --->   Operation 96 'alloca' 'window_V_599_1_i' <Predicate = true> <Delay = 0.00>
ST_1 : Operation 97 [1/1] (0.00ns)   --->   "%window_V_600_1_i = alloca i32 1"   --->   Operation 97 'alloca' 'window_V_600_1_i' <Predicate = true> <Delay = 0.00>
ST_1 : Operation 98 [1/1] (0.00ns)   --->   "%window_V_601_1_i = alloca i32 1"   --->   Operation 98 'alloca' 'window_V_601_1_i' <Predicate = true> <Delay = 0.00>
ST_1 : Operation 99 [1/1] (0.00ns)   --->   "%window_V_602_1_i = alloca i32 1"   --->   Operation 99 'alloca' 'window_V_602_1_i' <Predicate = true> <Delay = 0.00>
ST_1 : Operation 100 [1/1] (0.00ns)   --->   "%window_V_603_1_i = alloca i32 1"   --->   Operation 100 'alloca' 'window_V_603_1_i' <Predicate = true> <Delay = 0.00>
ST_1 : Operation 101 [1/1] (0.00ns)   --->   "%window_V_604_1_i = alloca i32 1"   --->   Operation 101 'alloca' 'window_V_604_1_i' <Predicate = true> <Delay = 0.00>
ST_1 : Operation 102 [1/1] (0.00ns)   --->   "%window_V_605_1_i = alloca i32 1"   --->   Operation 102 'alloca' 'window_V_605_1_i' <Predicate = true> <Delay = 0.00>
ST_1 : Operation 103 [1/1] (0.00ns)   --->   "%window_V_606_1_i = alloca i32 1"   --->   Operation 103 'alloca' 'window_V_606_1_i' <Predicate = true> <Delay = 0.00>
ST_1 : Operation 104 [1/1] (0.00ns)   --->   "%window_V_607_1_i = alloca i32 1"   --->   Operation 104 'alloca' 'window_V_607_1_i' <Predicate = true> <Delay = 0.00>
ST_1 : Operation 105 [1/1] (0.00ns)   --->   "%window_V_608_1_i = alloca i32 1"   --->   Operation 105 'alloca' 'window_V_608_1_i' <Predicate = true> <Delay = 0.00>
ST_1 : Operation 106 [1/1] (0.00ns)   --->   "%window_V_609_1_i = alloca i32 1"   --->   Operation 106 'alloca' 'window_V_609_1_i' <Predicate = true> <Delay = 0.00>
ST_1 : Operation 107 [1/1] (0.00ns)   --->   "%window_V_610_1_i = alloca i32 1"   --->   Operation 107 'alloca' 'window_V_610_1_i' <Predicate = true> <Delay = 0.00>
ST_1 : Operation 108 [1/1] (0.00ns)   --->   "%window_V_611_1_i = alloca i32 1"   --->   Operation 108 'alloca' 'window_V_611_1_i' <Predicate = true> <Delay = 0.00>
ST_1 : Operation 109 [1/1] (0.00ns)   --->   "%window_V_612_1_i = alloca i32 1"   --->   Operation 109 'alloca' 'window_V_612_1_i' <Predicate = true> <Delay = 0.00>
ST_1 : Operation 110 [1/1] (0.00ns)   --->   "%window_V_613_1_i = alloca i32 1"   --->   Operation 110 'alloca' 'window_V_613_1_i' <Predicate = true> <Delay = 0.00>
ST_1 : Operation 111 [1/1] (0.00ns)   --->   "%window_V_614_1_i = alloca i32 1"   --->   Operation 111 'alloca' 'window_V_614_1_i' <Predicate = true> <Delay = 0.00>
ST_1 : Operation 112 [1/1] (0.00ns)   --->   "%window_V_615_1_i = alloca i32 1"   --->   Operation 112 'alloca' 'window_V_615_1_i' <Predicate = true> <Delay = 0.00>
ST_1 : Operation 113 [1/1] (0.00ns)   --->   "%window_V_616_1_i = alloca i32 1"   --->   Operation 113 'alloca' 'window_V_616_1_i' <Predicate = true> <Delay = 0.00>
ST_1 : Operation 114 [1/1] (0.00ns)   --->   "%window_V_617_1_i = alloca i32 1"   --->   Operation 114 'alloca' 'window_V_617_1_i' <Predicate = true> <Delay = 0.00>
ST_1 : Operation 115 [1/1] (0.00ns)   --->   "%window_V_618_1_i = alloca i32 1"   --->   Operation 115 'alloca' 'window_V_618_1_i' <Predicate = true> <Delay = 0.00>
ST_1 : Operation 116 [1/1] (0.00ns)   --->   "%window_V_619_1_i = alloca i32 1"   --->   Operation 116 'alloca' 'window_V_619_1_i' <Predicate = true> <Delay = 0.00>
ST_1 : Operation 117 [1/1] (0.00ns)   --->   "%window_V_620_1_i = alloca i32 1"   --->   Operation 117 'alloca' 'window_V_620_1_i' <Predicate = true> <Delay = 0.00>
ST_1 : Operation 118 [1/1] (0.00ns)   --->   "%window_V_621_1_i = alloca i32 1"   --->   Operation 118 'alloca' 'window_V_621_1_i' <Predicate = true> <Delay = 0.00>
ST_1 : Operation 119 [1/1] (0.00ns)   --->   "%window_V_622_1_i = alloca i32 1"   --->   Operation 119 'alloca' 'window_V_622_1_i' <Predicate = true> <Delay = 0.00>
ST_1 : Operation 120 [1/1] (0.00ns)   --->   "%window_V_623_1_i = alloca i32 1"   --->   Operation 120 'alloca' 'window_V_623_1_i' <Predicate = true> <Delay = 0.00>
ST_1 : Operation 121 [1/1] (0.00ns)   --->   "%window_V_624_1_i = alloca i32 1"   --->   Operation 121 'alloca' 'window_V_624_1_i' <Predicate = true> <Delay = 0.00>
ST_1 : Operation 122 [1/1] (0.00ns)   --->   "%window_V_625_1_i = alloca i32 1"   --->   Operation 122 'alloca' 'window_V_625_1_i' <Predicate = true> <Delay = 0.00>
ST_1 : Operation 123 [1/1] (0.00ns)   --->   "%window_V_626_1_i = alloca i32 1"   --->   Operation 123 'alloca' 'window_V_626_1_i' <Predicate = true> <Delay = 0.00>
ST_1 : Operation 124 [1/1] (0.00ns)   --->   "%window_V_627_1_i = alloca i32 1"   --->   Operation 124 'alloca' 'window_V_627_1_i' <Predicate = true> <Delay = 0.00>
ST_1 : Operation 125 [1/1] (0.00ns)   --->   "%window_V_628_1_i = alloca i32 1"   --->   Operation 125 'alloca' 'window_V_628_1_i' <Predicate = true> <Delay = 0.00>
ST_1 : Operation 126 [1/1] (0.00ns)   --->   "%window_V_629_1_i = alloca i32 1"   --->   Operation 126 'alloca' 'window_V_629_1_i' <Predicate = true> <Delay = 0.00>
ST_1 : Operation 127 [1/1] (0.00ns)   --->   "%window_V_630_1_i = alloca i32 1"   --->   Operation 127 'alloca' 'window_V_630_1_i' <Predicate = true> <Delay = 0.00>
ST_1 : Operation 128 [1/1] (0.00ns)   --->   "%window_V_631_1_i = alloca i32 1"   --->   Operation 128 'alloca' 'window_V_631_1_i' <Predicate = true> <Delay = 0.00>
ST_1 : Operation 129 [1/1] (0.00ns)   --->   "%window_V_632_1_i = alloca i32 1"   --->   Operation 129 'alloca' 'window_V_632_1_i' <Predicate = true> <Delay = 0.00>
ST_1 : Operation 130 [1/1] (0.00ns)   --->   "%window_V_633_1_i = alloca i32 1"   --->   Operation 130 'alloca' 'window_V_633_1_i' <Predicate = true> <Delay = 0.00>
ST_1 : Operation 131 [1/1] (0.00ns)   --->   "%window_V_634_1_i = alloca i32 1"   --->   Operation 131 'alloca' 'window_V_634_1_i' <Predicate = true> <Delay = 0.00>
ST_1 : Operation 132 [1/1] (0.00ns)   --->   "%window_V_635_1_i = alloca i32 1"   --->   Operation 132 'alloca' 'window_V_635_1_i' <Predicate = true> <Delay = 0.00>
ST_1 : Operation 133 [1/1] (0.00ns)   --->   "%window_V_636_1_i = alloca i32 1"   --->   Operation 133 'alloca' 'window_V_636_1_i' <Predicate = true> <Delay = 0.00>
ST_1 : Operation 134 [1/1] (0.00ns)   --->   "%window_V_637_1_i = alloca i32 1"   --->   Operation 134 'alloca' 'window_V_637_1_i' <Predicate = true> <Delay = 0.00>
ST_1 : Operation 135 [1/1] (0.00ns)   --->   "%window_V_638_1_i = alloca i32 1"   --->   Operation 135 'alloca' 'window_V_638_1_i' <Predicate = true> <Delay = 0.00>
ST_1 : Operation 136 [1/1] (0.00ns)   --->   "%window_V_639_1_i = alloca i32 1"   --->   Operation 136 'alloca' 'window_V_639_1_i' <Predicate = true> <Delay = 0.00>
ST_1 : Operation 137 [1/1] (0.00ns)   --->   "%window_V_640_1_i = alloca i32 1"   --->   Operation 137 'alloca' 'window_V_640_1_i' <Predicate = true> <Delay = 0.00>
ST_1 : Operation 138 [1/1] (0.00ns)   --->   "%window_V_641_1_i = alloca i32 1"   --->   Operation 138 'alloca' 'window_V_641_1_i' <Predicate = true> <Delay = 0.00>
ST_1 : Operation 139 [1/1] (0.00ns)   --->   "%window_V_642_1_i = alloca i32 1"   --->   Operation 139 'alloca' 'window_V_642_1_i' <Predicate = true> <Delay = 0.00>
ST_1 : Operation 140 [1/1] (0.00ns)   --->   "%window_V_643_1_i = alloca i32 1"   --->   Operation 140 'alloca' 'window_V_643_1_i' <Predicate = true> <Delay = 0.00>
ST_1 : Operation 141 [1/1] (0.00ns)   --->   "%window_V_644_1_i = alloca i32 1"   --->   Operation 141 'alloca' 'window_V_644_1_i' <Predicate = true> <Delay = 0.00>
ST_1 : Operation 142 [1/1] (0.00ns)   --->   "%window_V_645_1_i = alloca i32 1"   --->   Operation 142 'alloca' 'window_V_645_1_i' <Predicate = true> <Delay = 0.00>
ST_1 : Operation 143 [1/1] (0.00ns)   --->   "%window_V_646_1_i = alloca i32 1"   --->   Operation 143 'alloca' 'window_V_646_1_i' <Predicate = true> <Delay = 0.00>
ST_1 : Operation 144 [1/1] (0.00ns)   --->   "%window_V_647_1_i = alloca i32 1"   --->   Operation 144 'alloca' 'window_V_647_1_i' <Predicate = true> <Delay = 0.00>
ST_1 : Operation 145 [1/1] (0.00ns)   --->   "%window_V_648_1_i = alloca i32 1"   --->   Operation 145 'alloca' 'window_V_648_1_i' <Predicate = true> <Delay = 0.00>
ST_1 : Operation 146 [1/1] (0.00ns)   --->   "%window_V_649_1_i = alloca i32 1"   --->   Operation 146 'alloca' 'window_V_649_1_i' <Predicate = true> <Delay = 0.00>
ST_1 : Operation 147 [1/1] (0.00ns)   --->   "%window_V_650_1_i = alloca i32 1"   --->   Operation 147 'alloca' 'window_V_650_1_i' <Predicate = true> <Delay = 0.00>
ST_1 : Operation 148 [1/1] (0.00ns)   --->   "%window_V_651_1_i = alloca i32 1"   --->   Operation 148 'alloca' 'window_V_651_1_i' <Predicate = true> <Delay = 0.00>
ST_1 : Operation 149 [1/1] (0.00ns)   --->   "%window_V_652_1_i = alloca i32 1"   --->   Operation 149 'alloca' 'window_V_652_1_i' <Predicate = true> <Delay = 0.00>
ST_1 : Operation 150 [1/1] (0.00ns)   --->   "%window_V_653_1_i = alloca i32 1"   --->   Operation 150 'alloca' 'window_V_653_1_i' <Predicate = true> <Delay = 0.00>
ST_1 : Operation 151 [1/1] (0.00ns)   --->   "%window_V_654_1_i = alloca i32 1"   --->   Operation 151 'alloca' 'window_V_654_1_i' <Predicate = true> <Delay = 0.00>
ST_1 : Operation 152 [1/1] (0.00ns)   --->   "%window_V_655_1_i = alloca i32 1"   --->   Operation 152 'alloca' 'window_V_655_1_i' <Predicate = true> <Delay = 0.00>
ST_1 : Operation 153 [1/1] (0.00ns)   --->   "%window_V_656_1_i = alloca i32 1"   --->   Operation 153 'alloca' 'window_V_656_1_i' <Predicate = true> <Delay = 0.00>
ST_1 : Operation 154 [1/1] (0.00ns)   --->   "%indvar_flatten20 = alloca i32 1"   --->   Operation 154 'alloca' 'indvar_flatten20' <Predicate = true> <Delay = 0.00>
ST_1 : Operation 155 [1/1] (0.00ns)   --->   "%window_V_2_i_loc = alloca i64 1"   --->   Operation 155 'alloca' 'window_V_2_i_loc' <Predicate = true> <Delay = 0.00>
ST_1 : Operation 156 [1/1] (0.00ns)   --->   "%window_V_514_2_i_loc = alloca i64 1"   --->   Operation 156 'alloca' 'window_V_514_2_i_loc' <Predicate = true> <Delay = 0.00>
ST_1 : Operation 157 [1/1] (0.00ns)   --->   "%window_V_234_loc = alloca i64 1"   --->   Operation 157 'alloca' 'window_V_234_loc' <Predicate = true> <Delay = 0.00>
ST_1 : Operation 158 [1/1] (0.00ns)   --->   "%window_V_516_2_i_loc = alloca i64 1"   --->   Operation 158 'alloca' 'window_V_516_2_i_loc' <Predicate = true> <Delay = 0.00>
ST_1 : Operation 159 [1/1] (0.00ns)   --->   "%window_V_235_loc = alloca i64 1"   --->   Operation 159 'alloca' 'window_V_235_loc' <Predicate = true> <Delay = 0.00>
ST_1 : Operation 160 [1/1] (0.00ns)   --->   "%window_V_236_loc = alloca i64 1"   --->   Operation 160 'alloca' 'window_V_236_loc' <Predicate = true> <Delay = 0.00>
ST_1 : Operation 161 [1/1] (0.00ns)   --->   "%window_V_519_2_i_loc = alloca i64 1"   --->   Operation 161 'alloca' 'window_V_519_2_i_loc' <Predicate = true> <Delay = 0.00>
ST_1 : Operation 162 [1/1] (0.00ns)   --->   "%window_V_237_loc = alloca i64 1"   --->   Operation 162 'alloca' 'window_V_237_loc' <Predicate = true> <Delay = 0.00>
ST_1 : Operation 163 [1/1] (0.00ns)   --->   "%window_V_238_loc = alloca i64 1"   --->   Operation 163 'alloca' 'window_V_238_loc' <Predicate = true> <Delay = 0.00>
ST_1 : Operation 164 [1/1] (0.00ns)   --->   "%window_V_522_2_i_loc = alloca i64 1"   --->   Operation 164 'alloca' 'window_V_522_2_i_loc' <Predicate = true> <Delay = 0.00>
ST_1 : Operation 165 [1/1] (0.00ns)   --->   "%window_V_523_2_i_loc = alloca i64 1"   --->   Operation 165 'alloca' 'window_V_523_2_i_loc' <Predicate = true> <Delay = 0.00>
ST_1 : Operation 166 [1/1] (0.00ns)   --->   "%window_V_241_loc = alloca i64 1"   --->   Operation 166 'alloca' 'window_V_241_loc' <Predicate = true> <Delay = 0.00>
ST_1 : Operation 167 [1/1] (0.00ns)   --->   "%window_V_525_2_i_loc = alloca i64 1"   --->   Operation 167 'alloca' 'window_V_525_2_i_loc' <Predicate = true> <Delay = 0.00>
ST_1 : Operation 168 [1/1] (0.00ns)   --->   "%window_V_242_loc = alloca i64 1"   --->   Operation 168 'alloca' 'window_V_242_loc' <Predicate = true> <Delay = 0.00>
ST_1 : Operation 169 [1/1] (0.00ns)   --->   "%window_V_243_loc = alloca i64 1"   --->   Operation 169 'alloca' 'window_V_243_loc' <Predicate = true> <Delay = 0.00>
ST_1 : Operation 170 [1/1] (0.00ns)   --->   "%window_V_528_2_i_loc = alloca i64 1"   --->   Operation 170 'alloca' 'window_V_528_2_i_loc' <Predicate = true> <Delay = 0.00>
ST_1 : Operation 171 [1/1] (0.00ns)   --->   "%window_V_244_loc = alloca i64 1"   --->   Operation 171 'alloca' 'window_V_244_loc' <Predicate = true> <Delay = 0.00>
ST_1 : Operation 172 [1/1] (0.00ns)   --->   "%window_V_245_loc = alloca i64 1"   --->   Operation 172 'alloca' 'window_V_245_loc' <Predicate = true> <Delay = 0.00>
ST_1 : Operation 173 [1/1] (0.00ns)   --->   "%window_V_531_2_i_loc = alloca i64 1"   --->   Operation 173 'alloca' 'window_V_531_2_i_loc' <Predicate = true> <Delay = 0.00>
ST_1 : Operation 174 [1/1] (0.00ns)   --->   "%window_V_532_2_i_loc = alloca i64 1"   --->   Operation 174 'alloca' 'window_V_532_2_i_loc' <Predicate = true> <Delay = 0.00>
ST_1 : Operation 175 [1/1] (0.00ns)   --->   "%window_V_248_loc = alloca i64 1"   --->   Operation 175 'alloca' 'window_V_248_loc' <Predicate = true> <Delay = 0.00>
ST_1 : Operation 176 [1/1] (0.00ns)   --->   "%window_V_534_2_i_loc = alloca i64 1"   --->   Operation 176 'alloca' 'window_V_534_2_i_loc' <Predicate = true> <Delay = 0.00>
ST_1 : Operation 177 [1/1] (0.00ns)   --->   "%window_V_249_loc = alloca i64 1"   --->   Operation 177 'alloca' 'window_V_249_loc' <Predicate = true> <Delay = 0.00>
ST_1 : Operation 178 [1/1] (0.00ns)   --->   "%window_V_250_loc = alloca i64 1"   --->   Operation 178 'alloca' 'window_V_250_loc' <Predicate = true> <Delay = 0.00>
ST_1 : Operation 179 [1/1] (0.00ns)   --->   "%window_V_537_2_i_loc = alloca i64 1"   --->   Operation 179 'alloca' 'window_V_537_2_i_loc' <Predicate = true> <Delay = 0.00>
ST_1 : Operation 180 [1/1] (0.00ns)   --->   "%window_V_251_loc = alloca i64 1"   --->   Operation 180 'alloca' 'window_V_251_loc' <Predicate = true> <Delay = 0.00>
ST_1 : Operation 181 [1/1] (0.00ns)   --->   "%window_V_252_loc = alloca i64 1"   --->   Operation 181 'alloca' 'window_V_252_loc' <Predicate = true> <Delay = 0.00>
ST_1 : Operation 182 [1/1] (0.00ns)   --->   "%window_V_540_2_i_loc = alloca i64 1"   --->   Operation 182 'alloca' 'window_V_540_2_i_loc' <Predicate = true> <Delay = 0.00>
ST_1 : Operation 183 [1/1] (0.00ns)   --->   "%window_V_541_2_i_loc = alloca i64 1"   --->   Operation 183 'alloca' 'window_V_541_2_i_loc' <Predicate = true> <Delay = 0.00>
ST_1 : Operation 184 [1/1] (0.00ns)   --->   "%window_V_255_loc = alloca i64 1"   --->   Operation 184 'alloca' 'window_V_255_loc' <Predicate = true> <Delay = 0.00>
ST_1 : Operation 185 [1/1] (0.00ns)   --->   "%window_V_543_2_i_loc = alloca i64 1"   --->   Operation 185 'alloca' 'window_V_543_2_i_loc' <Predicate = true> <Delay = 0.00>
ST_1 : Operation 186 [1/1] (0.00ns)   --->   "%window_V_256_loc = alloca i64 1"   --->   Operation 186 'alloca' 'window_V_256_loc' <Predicate = true> <Delay = 0.00>
ST_1 : Operation 187 [1/1] (0.00ns)   --->   "%window_V_257_loc = alloca i64 1"   --->   Operation 187 'alloca' 'window_V_257_loc' <Predicate = true> <Delay = 0.00>
ST_1 : Operation 188 [1/1] (0.00ns)   --->   "%window_V_546_2_i_loc = alloca i64 1"   --->   Operation 188 'alloca' 'window_V_546_2_i_loc' <Predicate = true> <Delay = 0.00>
ST_1 : Operation 189 [1/1] (0.00ns)   --->   "%window_V_258_loc = alloca i64 1"   --->   Operation 189 'alloca' 'window_V_258_loc' <Predicate = true> <Delay = 0.00>
ST_1 : Operation 190 [1/1] (0.00ns)   --->   "%window_V_259_loc = alloca i64 1"   --->   Operation 190 'alloca' 'window_V_259_loc' <Predicate = true> <Delay = 0.00>
ST_1 : Operation 191 [1/1] (0.00ns)   --->   "%window_V_549_2_i_loc = alloca i64 1"   --->   Operation 191 'alloca' 'window_V_549_2_i_loc' <Predicate = true> <Delay = 0.00>
ST_1 : Operation 192 [1/1] (0.00ns)   --->   "%window_V_550_2_i_loc = alloca i64 1"   --->   Operation 192 'alloca' 'window_V_550_2_i_loc' <Predicate = true> <Delay = 0.00>
ST_1 : Operation 193 [1/1] (0.00ns)   --->   "%window_V_262_loc = alloca i64 1"   --->   Operation 193 'alloca' 'window_V_262_loc' <Predicate = true> <Delay = 0.00>
ST_1 : Operation 194 [1/1] (0.00ns)   --->   "%window_V_552_2_i_loc = alloca i64 1"   --->   Operation 194 'alloca' 'window_V_552_2_i_loc' <Predicate = true> <Delay = 0.00>
ST_1 : Operation 195 [1/1] (0.00ns)   --->   "%window_V_263_loc = alloca i64 1"   --->   Operation 195 'alloca' 'window_V_263_loc' <Predicate = true> <Delay = 0.00>
ST_1 : Operation 196 [1/1] (0.00ns)   --->   "%window_V_264_loc = alloca i64 1"   --->   Operation 196 'alloca' 'window_V_264_loc' <Predicate = true> <Delay = 0.00>
ST_1 : Operation 197 [1/1] (0.00ns)   --->   "%window_V_555_2_i_loc = alloca i64 1"   --->   Operation 197 'alloca' 'window_V_555_2_i_loc' <Predicate = true> <Delay = 0.00>
ST_1 : Operation 198 [1/1] (0.00ns)   --->   "%window_V_265_loc = alloca i64 1"   --->   Operation 198 'alloca' 'window_V_265_loc' <Predicate = true> <Delay = 0.00>
ST_1 : Operation 199 [1/1] (0.00ns)   --->   "%window_V_266_loc = alloca i64 1"   --->   Operation 199 'alloca' 'window_V_266_loc' <Predicate = true> <Delay = 0.00>
ST_1 : Operation 200 [1/1] (0.00ns)   --->   "%window_V_558_2_i_loc = alloca i64 1"   --->   Operation 200 'alloca' 'window_V_558_2_i_loc' <Predicate = true> <Delay = 0.00>
ST_1 : Operation 201 [1/1] (0.00ns)   --->   "%window_V_559_2_i_loc = alloca i64 1"   --->   Operation 201 'alloca' 'window_V_559_2_i_loc' <Predicate = true> <Delay = 0.00>
ST_1 : Operation 202 [1/1] (0.00ns)   --->   "%window_V_269_loc = alloca i64 1"   --->   Operation 202 'alloca' 'window_V_269_loc' <Predicate = true> <Delay = 0.00>
ST_1 : Operation 203 [1/1] (0.00ns)   --->   "%window_V_561_2_i_loc = alloca i64 1"   --->   Operation 203 'alloca' 'window_V_561_2_i_loc' <Predicate = true> <Delay = 0.00>
ST_1 : Operation 204 [1/1] (0.00ns)   --->   "%window_V_270_loc = alloca i64 1"   --->   Operation 204 'alloca' 'window_V_270_loc' <Predicate = true> <Delay = 0.00>
ST_1 : Operation 205 [1/1] (0.00ns)   --->   "%window_V_271_loc = alloca i64 1"   --->   Operation 205 'alloca' 'window_V_271_loc' <Predicate = true> <Delay = 0.00>
ST_1 : Operation 206 [1/1] (0.00ns)   --->   "%window_V_564_2_i_loc = alloca i64 1"   --->   Operation 206 'alloca' 'window_V_564_2_i_loc' <Predicate = true> <Delay = 0.00>
ST_1 : Operation 207 [1/1] (0.00ns)   --->   "%window_V_272_loc = alloca i64 1"   --->   Operation 207 'alloca' 'window_V_272_loc' <Predicate = true> <Delay = 0.00>
ST_1 : Operation 208 [1/1] (0.00ns)   --->   "%window_V_273_loc = alloca i64 1"   --->   Operation 208 'alloca' 'window_V_273_loc' <Predicate = true> <Delay = 0.00>
ST_1 : Operation 209 [1/1] (0.00ns)   --->   "%window_V_567_2_i_loc = alloca i64 1"   --->   Operation 209 'alloca' 'window_V_567_2_i_loc' <Predicate = true> <Delay = 0.00>
ST_1 : Operation 210 [1/1] (0.00ns)   --->   "%window_V_568_2_i_loc = alloca i64 1"   --->   Operation 210 'alloca' 'window_V_568_2_i_loc' <Predicate = true> <Delay = 0.00>
ST_1 : Operation 211 [1/1] (0.00ns)   --->   "%window_V_276_loc = alloca i64 1"   --->   Operation 211 'alloca' 'window_V_276_loc' <Predicate = true> <Delay = 0.00>
ST_1 : Operation 212 [1/1] (0.00ns)   --->   "%window_V_570_2_i_loc = alloca i64 1"   --->   Operation 212 'alloca' 'window_V_570_2_i_loc' <Predicate = true> <Delay = 0.00>
ST_1 : Operation 213 [1/1] (0.00ns)   --->   "%window_V_277_loc = alloca i64 1"   --->   Operation 213 'alloca' 'window_V_277_loc' <Predicate = true> <Delay = 0.00>
ST_1 : Operation 214 [1/1] (0.00ns)   --->   "%window_V_278_loc = alloca i64 1"   --->   Operation 214 'alloca' 'window_V_278_loc' <Predicate = true> <Delay = 0.00>
ST_1 : Operation 215 [1/1] (0.00ns)   --->   "%window_V_573_2_i_loc = alloca i64 1"   --->   Operation 215 'alloca' 'window_V_573_2_i_loc' <Predicate = true> <Delay = 0.00>
ST_1 : Operation 216 [1/1] (0.00ns)   --->   "%window_V_279_loc = alloca i64 1"   --->   Operation 216 'alloca' 'window_V_279_loc' <Predicate = true> <Delay = 0.00>
ST_1 : Operation 217 [1/1] (0.00ns)   --->   "%window_V_280_loc = alloca i64 1"   --->   Operation 217 'alloca' 'window_V_280_loc' <Predicate = true> <Delay = 0.00>
ST_1 : Operation 218 [1/1] (0.00ns)   --->   "%window_V_576_2_i_loc = alloca i64 1"   --->   Operation 218 'alloca' 'window_V_576_2_i_loc' <Predicate = true> <Delay = 0.00>
ST_1 : Operation 219 [1/1] (0.00ns)   --->   "%window_V_577_2_i_loc = alloca i64 1"   --->   Operation 219 'alloca' 'window_V_577_2_i_loc' <Predicate = true> <Delay = 0.00>
ST_1 : Operation 220 [1/1] (0.00ns)   --->   "%window_V_283_loc = alloca i64 1"   --->   Operation 220 'alloca' 'window_V_283_loc' <Predicate = true> <Delay = 0.00>
ST_1 : Operation 221 [1/1] (0.00ns)   --->   "%window_V_579_2_i_loc = alloca i64 1"   --->   Operation 221 'alloca' 'window_V_579_2_i_loc' <Predicate = true> <Delay = 0.00>
ST_1 : Operation 222 [1/1] (0.00ns)   --->   "%window_V_284_loc = alloca i64 1"   --->   Operation 222 'alloca' 'window_V_284_loc' <Predicate = true> <Delay = 0.00>
ST_1 : Operation 223 [1/1] (0.00ns)   --->   "%window_V_285_loc = alloca i64 1"   --->   Operation 223 'alloca' 'window_V_285_loc' <Predicate = true> <Delay = 0.00>
ST_1 : Operation 224 [1/1] (0.00ns)   --->   "%window_V_582_2_i_loc = alloca i64 1"   --->   Operation 224 'alloca' 'window_V_582_2_i_loc' <Predicate = true> <Delay = 0.00>
ST_1 : Operation 225 [1/1] (0.00ns)   --->   "%window_V_286_loc = alloca i64 1"   --->   Operation 225 'alloca' 'window_V_286_loc' <Predicate = true> <Delay = 0.00>
ST_1 : Operation 226 [1/1] (0.00ns)   --->   "%window_V_287_loc = alloca i64 1"   --->   Operation 226 'alloca' 'window_V_287_loc' <Predicate = true> <Delay = 0.00>
ST_1 : Operation 227 [1/1] (0.00ns)   --->   "%window_V_585_2_i_loc = alloca i64 1"   --->   Operation 227 'alloca' 'window_V_585_2_i_loc' <Predicate = true> <Delay = 0.00>
ST_1 : Operation 228 [1/1] (0.00ns)   --->   "%window_V_586_2_i_loc = alloca i64 1"   --->   Operation 228 'alloca' 'window_V_586_2_i_loc' <Predicate = true> <Delay = 0.00>
ST_1 : Operation 229 [1/1] (0.00ns)   --->   "%window_V_290_loc = alloca i64 1"   --->   Operation 229 'alloca' 'window_V_290_loc' <Predicate = true> <Delay = 0.00>
ST_1 : Operation 230 [1/1] (0.00ns)   --->   "%window_V_588_2_i_loc = alloca i64 1"   --->   Operation 230 'alloca' 'window_V_588_2_i_loc' <Predicate = true> <Delay = 0.00>
ST_1 : Operation 231 [1/1] (0.00ns)   --->   "%window_V_291_loc = alloca i64 1"   --->   Operation 231 'alloca' 'window_V_291_loc' <Predicate = true> <Delay = 0.00>
ST_1 : Operation 232 [1/1] (0.00ns)   --->   "%window_V_292_loc = alloca i64 1"   --->   Operation 232 'alloca' 'window_V_292_loc' <Predicate = true> <Delay = 0.00>
ST_1 : Operation 233 [1/1] (0.00ns)   --->   "%window_V_591_2_i_loc = alloca i64 1"   --->   Operation 233 'alloca' 'window_V_591_2_i_loc' <Predicate = true> <Delay = 0.00>
ST_1 : Operation 234 [1/1] (0.00ns)   --->   "%window_V_293_loc = alloca i64 1"   --->   Operation 234 'alloca' 'window_V_293_loc' <Predicate = true> <Delay = 0.00>
ST_1 : Operation 235 [1/1] (0.00ns)   --->   "%window_V_294_loc = alloca i64 1"   --->   Operation 235 'alloca' 'window_V_294_loc' <Predicate = true> <Delay = 0.00>
ST_1 : Operation 236 [1/1] (0.00ns)   --->   "%window_V_594_2_i_loc = alloca i64 1"   --->   Operation 236 'alloca' 'window_V_594_2_i_loc' <Predicate = true> <Delay = 0.00>
ST_1 : Operation 237 [1/1] (0.00ns)   --->   "%window_V_595_2_i_loc = alloca i64 1"   --->   Operation 237 'alloca' 'window_V_595_2_i_loc' <Predicate = true> <Delay = 0.00>
ST_1 : Operation 238 [1/1] (0.00ns)   --->   "%window_V_297_loc = alloca i64 1"   --->   Operation 238 'alloca' 'window_V_297_loc' <Predicate = true> <Delay = 0.00>
ST_1 : Operation 239 [1/1] (0.00ns)   --->   "%window_V_597_2_i_loc = alloca i64 1"   --->   Operation 239 'alloca' 'window_V_597_2_i_loc' <Predicate = true> <Delay = 0.00>
ST_1 : Operation 240 [1/1] (0.00ns)   --->   "%window_V_298_loc = alloca i64 1"   --->   Operation 240 'alloca' 'window_V_298_loc' <Predicate = true> <Delay = 0.00>
ST_1 : Operation 241 [1/1] (0.00ns)   --->   "%window_V_299_loc = alloca i64 1"   --->   Operation 241 'alloca' 'window_V_299_loc' <Predicate = true> <Delay = 0.00>
ST_1 : Operation 242 [1/1] (0.00ns)   --->   "%window_V_600_2_i_loc = alloca i64 1"   --->   Operation 242 'alloca' 'window_V_600_2_i_loc' <Predicate = true> <Delay = 0.00>
ST_1 : Operation 243 [1/1] (0.00ns)   --->   "%window_V_300_loc = alloca i64 1"   --->   Operation 243 'alloca' 'window_V_300_loc' <Predicate = true> <Delay = 0.00>
ST_1 : Operation 244 [1/1] (0.00ns)   --->   "%window_V_301_loc = alloca i64 1"   --->   Operation 244 'alloca' 'window_V_301_loc' <Predicate = true> <Delay = 0.00>
ST_1 : Operation 245 [1/1] (0.00ns)   --->   "%window_V_603_2_i_loc = alloca i64 1"   --->   Operation 245 'alloca' 'window_V_603_2_i_loc' <Predicate = true> <Delay = 0.00>
ST_1 : Operation 246 [1/1] (0.00ns)   --->   "%window_V_604_2_i_loc = alloca i64 1"   --->   Operation 246 'alloca' 'window_V_604_2_i_loc' <Predicate = true> <Delay = 0.00>
ST_1 : Operation 247 [1/1] (0.00ns)   --->   "%window_V_304_loc = alloca i64 1"   --->   Operation 247 'alloca' 'window_V_304_loc' <Predicate = true> <Delay = 0.00>
ST_1 : Operation 248 [1/1] (0.00ns)   --->   "%window_V_606_2_i_loc = alloca i64 1"   --->   Operation 248 'alloca' 'window_V_606_2_i_loc' <Predicate = true> <Delay = 0.00>
ST_1 : Operation 249 [1/1] (0.00ns)   --->   "%window_V_305_loc = alloca i64 1"   --->   Operation 249 'alloca' 'window_V_305_loc' <Predicate = true> <Delay = 0.00>
ST_1 : Operation 250 [1/1] (0.00ns)   --->   "%window_V_306_loc = alloca i64 1"   --->   Operation 250 'alloca' 'window_V_306_loc' <Predicate = true> <Delay = 0.00>
ST_1 : Operation 251 [1/1] (0.00ns)   --->   "%window_V_609_2_i_loc = alloca i64 1"   --->   Operation 251 'alloca' 'window_V_609_2_i_loc' <Predicate = true> <Delay = 0.00>
ST_1 : Operation 252 [1/1] (0.00ns)   --->   "%window_V_307_loc = alloca i64 1"   --->   Operation 252 'alloca' 'window_V_307_loc' <Predicate = true> <Delay = 0.00>
ST_1 : Operation 253 [1/1] (0.00ns)   --->   "%window_V_308_loc = alloca i64 1"   --->   Operation 253 'alloca' 'window_V_308_loc' <Predicate = true> <Delay = 0.00>
ST_1 : Operation 254 [1/1] (0.00ns)   --->   "%window_V_612_2_i_loc = alloca i64 1"   --->   Operation 254 'alloca' 'window_V_612_2_i_loc' <Predicate = true> <Delay = 0.00>
ST_1 : Operation 255 [1/1] (0.00ns)   --->   "%window_V_613_2_i_loc = alloca i64 1"   --->   Operation 255 'alloca' 'window_V_613_2_i_loc' <Predicate = true> <Delay = 0.00>
ST_1 : Operation 256 [1/1] (0.00ns)   --->   "%window_V_311_loc = alloca i64 1"   --->   Operation 256 'alloca' 'window_V_311_loc' <Predicate = true> <Delay = 0.00>
ST_1 : Operation 257 [1/1] (0.00ns)   --->   "%window_V_615_2_i_loc = alloca i64 1"   --->   Operation 257 'alloca' 'window_V_615_2_i_loc' <Predicate = true> <Delay = 0.00>
ST_1 : Operation 258 [1/1] (0.00ns)   --->   "%window_V_312_loc = alloca i64 1"   --->   Operation 258 'alloca' 'window_V_312_loc' <Predicate = true> <Delay = 0.00>
ST_1 : Operation 259 [1/1] (0.00ns)   --->   "%window_V_313_loc = alloca i64 1"   --->   Operation 259 'alloca' 'window_V_313_loc' <Predicate = true> <Delay = 0.00>
ST_1 : Operation 260 [1/1] (0.00ns)   --->   "%window_V_618_2_i_loc = alloca i64 1"   --->   Operation 260 'alloca' 'window_V_618_2_i_loc' <Predicate = true> <Delay = 0.00>
ST_1 : Operation 261 [1/1] (0.00ns)   --->   "%window_V_314_loc = alloca i64 1"   --->   Operation 261 'alloca' 'window_V_314_loc' <Predicate = true> <Delay = 0.00>
ST_1 : Operation 262 [1/1] (0.00ns)   --->   "%window_V_315_loc = alloca i64 1"   --->   Operation 262 'alloca' 'window_V_315_loc' <Predicate = true> <Delay = 0.00>
ST_1 : Operation 263 [1/1] (0.00ns)   --->   "%window_V_621_2_i_loc = alloca i64 1"   --->   Operation 263 'alloca' 'window_V_621_2_i_loc' <Predicate = true> <Delay = 0.00>
ST_1 : Operation 264 [1/1] (0.00ns)   --->   "%window_V_622_2_i_loc = alloca i64 1"   --->   Operation 264 'alloca' 'window_V_622_2_i_loc' <Predicate = true> <Delay = 0.00>
ST_1 : Operation 265 [1/1] (0.00ns)   --->   "%window_V_318_loc = alloca i64 1"   --->   Operation 265 'alloca' 'window_V_318_loc' <Predicate = true> <Delay = 0.00>
ST_1 : Operation 266 [1/1] (0.00ns)   --->   "%window_V_624_2_i_loc = alloca i64 1"   --->   Operation 266 'alloca' 'window_V_624_2_i_loc' <Predicate = true> <Delay = 0.00>
ST_1 : Operation 267 [1/1] (0.00ns)   --->   "%window_V_319_loc = alloca i64 1"   --->   Operation 267 'alloca' 'window_V_319_loc' <Predicate = true> <Delay = 0.00>
ST_1 : Operation 268 [1/1] (0.00ns)   --->   "%window_V_320_loc = alloca i64 1"   --->   Operation 268 'alloca' 'window_V_320_loc' <Predicate = true> <Delay = 0.00>
ST_1 : Operation 269 [1/1] (0.00ns)   --->   "%window_V_627_2_i_loc = alloca i64 1"   --->   Operation 269 'alloca' 'window_V_627_2_i_loc' <Predicate = true> <Delay = 0.00>
ST_1 : Operation 270 [1/1] (0.00ns)   --->   "%window_V_321_loc = alloca i64 1"   --->   Operation 270 'alloca' 'window_V_321_loc' <Predicate = true> <Delay = 0.00>
ST_1 : Operation 271 [1/1] (0.00ns)   --->   "%window_V_322_loc = alloca i64 1"   --->   Operation 271 'alloca' 'window_V_322_loc' <Predicate = true> <Delay = 0.00>
ST_1 : Operation 272 [1/1] (0.00ns)   --->   "%window_V_630_2_i_loc = alloca i64 1"   --->   Operation 272 'alloca' 'window_V_630_2_i_loc' <Predicate = true> <Delay = 0.00>
ST_1 : Operation 273 [1/1] (0.00ns)   --->   "%window_V_631_2_i_loc = alloca i64 1"   --->   Operation 273 'alloca' 'window_V_631_2_i_loc' <Predicate = true> <Delay = 0.00>
ST_1 : Operation 274 [1/1] (0.00ns)   --->   "%window_V_325_loc = alloca i64 1"   --->   Operation 274 'alloca' 'window_V_325_loc' <Predicate = true> <Delay = 0.00>
ST_1 : Operation 275 [1/1] (0.00ns)   --->   "%window_V_633_2_i_loc = alloca i64 1"   --->   Operation 275 'alloca' 'window_V_633_2_i_loc' <Predicate = true> <Delay = 0.00>
ST_1 : Operation 276 [1/1] (0.00ns)   --->   "%window_V_326_loc = alloca i64 1"   --->   Operation 276 'alloca' 'window_V_326_loc' <Predicate = true> <Delay = 0.00>
ST_1 : Operation 277 [1/1] (0.00ns)   --->   "%window_V_327_loc = alloca i64 1"   --->   Operation 277 'alloca' 'window_V_327_loc' <Predicate = true> <Delay = 0.00>
ST_1 : Operation 278 [1/1] (0.00ns)   --->   "%window_V_636_2_i_loc = alloca i64 1"   --->   Operation 278 'alloca' 'window_V_636_2_i_loc' <Predicate = true> <Delay = 0.00>
ST_1 : Operation 279 [1/1] (0.00ns)   --->   "%window_V_328_loc = alloca i64 1"   --->   Operation 279 'alloca' 'window_V_328_loc' <Predicate = true> <Delay = 0.00>
ST_1 : Operation 280 [1/1] (0.00ns)   --->   "%window_V_329_loc = alloca i64 1"   --->   Operation 280 'alloca' 'window_V_329_loc' <Predicate = true> <Delay = 0.00>
ST_1 : Operation 281 [1/1] (0.00ns)   --->   "%window_V_639_2_i_loc = alloca i64 1"   --->   Operation 281 'alloca' 'window_V_639_2_i_loc' <Predicate = true> <Delay = 0.00>
ST_1 : Operation 282 [1/1] (0.00ns)   --->   "%window_V_640_2_i_loc = alloca i64 1"   --->   Operation 282 'alloca' 'window_V_640_2_i_loc' <Predicate = true> <Delay = 0.00>
ST_1 : Operation 283 [1/1] (0.00ns)   --->   "%window_V_332_loc = alloca i64 1"   --->   Operation 283 'alloca' 'window_V_332_loc' <Predicate = true> <Delay = 0.00>
ST_1 : Operation 284 [1/1] (0.00ns)   --->   "%window_V_642_2_i_loc = alloca i64 1"   --->   Operation 284 'alloca' 'window_V_642_2_i_loc' <Predicate = true> <Delay = 0.00>
ST_1 : Operation 285 [1/1] (0.00ns)   --->   "%window_V_333_loc = alloca i64 1"   --->   Operation 285 'alloca' 'window_V_333_loc' <Predicate = true> <Delay = 0.00>
ST_1 : Operation 286 [1/1] (0.00ns)   --->   "%window_V_334_loc = alloca i64 1"   --->   Operation 286 'alloca' 'window_V_334_loc' <Predicate = true> <Delay = 0.00>
ST_1 : Operation 287 [1/1] (0.00ns)   --->   "%window_V_645_2_i_loc = alloca i64 1"   --->   Operation 287 'alloca' 'window_V_645_2_i_loc' <Predicate = true> <Delay = 0.00>
ST_1 : Operation 288 [1/1] (0.00ns)   --->   "%window_V_335_loc = alloca i64 1"   --->   Operation 288 'alloca' 'window_V_335_loc' <Predicate = true> <Delay = 0.00>
ST_1 : Operation 289 [1/1] (0.00ns)   --->   "%window_V_336_loc = alloca i64 1"   --->   Operation 289 'alloca' 'window_V_336_loc' <Predicate = true> <Delay = 0.00>
ST_1 : Operation 290 [1/1] (0.00ns)   --->   "%window_V_648_2_i_loc = alloca i64 1"   --->   Operation 290 'alloca' 'window_V_648_2_i_loc' <Predicate = true> <Delay = 0.00>
ST_1 : Operation 291 [1/1] (0.00ns)   --->   "%window_V_649_2_i_loc = alloca i64 1"   --->   Operation 291 'alloca' 'window_V_649_2_i_loc' <Predicate = true> <Delay = 0.00>
ST_1 : Operation 292 [1/1] (0.00ns)   --->   "%window_V_226_loc = alloca i64 1"   --->   Operation 292 'alloca' 'window_V_226_loc' <Predicate = true> <Delay = 0.00>
ST_1 : Operation 293 [1/1] (0.00ns)   --->   "%window_V_651_2_i_loc = alloca i64 1"   --->   Operation 293 'alloca' 'window_V_651_2_i_loc' <Predicate = true> <Delay = 0.00>
ST_1 : Operation 294 [1/1] (0.00ns)   --->   "%window_V_227_loc = alloca i64 1"   --->   Operation 294 'alloca' 'window_V_227_loc' <Predicate = true> <Delay = 0.00>
ST_1 : Operation 295 [1/1] (0.00ns)   --->   "%window_V_228_loc = alloca i64 1"   --->   Operation 295 'alloca' 'window_V_228_loc' <Predicate = true> <Delay = 0.00>
ST_1 : Operation 296 [1/1] (0.00ns)   --->   "%window_V_654_2_i_loc = alloca i64 1"   --->   Operation 296 'alloca' 'window_V_654_2_i_loc' <Predicate = true> <Delay = 0.00>
ST_1 : Operation 297 [1/1] (0.00ns)   --->   "%window_V_229_loc = alloca i64 1"   --->   Operation 297 'alloca' 'window_V_229_loc' <Predicate = true> <Delay = 0.00>
ST_1 : Operation 298 [1/1] (0.00ns)   --->   "%window_V_230_loc = alloca i64 1"   --->   Operation 298 'alloca' 'window_V_230_loc' <Predicate = true> <Delay = 0.00>
ST_1 : Operation 299 [2/2] (0.00ns)   --->   "%call_ln0 = call void @layer_block<16, 32, 16>_Pipeline_VITIS_LOOP_31_1_VITIS_LOOP_32_2_VITIS_LOOP_33_3, i8 %void_layer_block_stream_stream_signed_char_const_16_3_3_signed_char_con_1, i8 %void_layer_block_stream_stream_signed_char_const_16_3_3_signed_char_con"   --->   Operation 299 'call' 'call_ln0' <Predicate = true> <Delay = 0.00> <CoreType = "Generic">   --->   Core 0 '' <Latency = 0> <II = 1> <Delay = 1.00> <Generic> <Opcode : >
ST_1 : Operation 300 [1/1] (0.48ns)   --->   "%store_ln37 = store i9 0, i9 %indvar_flatten20" [vgg_accelerator.cpp:37]   --->   Operation 300 'store' 'store_ln37' <Predicate = true> <Delay = 0.48>
ST_1 : Operation 301 [1/1] (0.48ns)   --->   "%store_ln37 = store i5 0, i5 %c" [vgg_accelerator.cpp:37]   --->   Operation 301 'store' 'store_ln37' <Predicate = true> <Delay = 0.48>

State 2 <SV = 1> <Delay = 0.00>
ST_2 : Operation 302 [1/1] (0.00ns)   --->   "%specinterface_ln0 = specinterface void @_ssdm_op_SpecInterface, i8 %s_conv2, void @empty_11, i32 0, i32 0, void @empty_4, i32 0, i32 0, void @empty_4, void @empty_4, void @empty_4, i32 0, i32 0, i32 0, i32 0, void @empty_4, void @empty_4, i32 4294967295, i32 0"   --->   Operation 302 'specinterface' 'specinterface_ln0' <Predicate = true> <Delay = 0.00>
ST_2 : Operation 303 [1/1] (0.00ns)   --->   "%specinterface_ln0 = specinterface void @_ssdm_op_SpecInterface, i8 %s_conv2, void @empty_11, i32 0, i32 0, void @empty_4, i32 0, i32 0, void @empty_4, void @empty_4, void @empty_4, i32 0, i32 0, i32 0, i32 0, void @empty_4, void @empty_4, i32 4294967295, i32 0"   --->   Operation 303 'specinterface' 'specinterface_ln0' <Predicate = true> <Delay = 0.00>
ST_2 : Operation 304 [1/1] (0.00ns)   --->   "%specinterface_ln0 = specinterface void @_ssdm_op_SpecInterface, i8 %s_conv2, void @empty_11, i32 0, i32 0, void @empty_4, i32 0, i32 0, void @empty_4, void @empty_4, void @empty_4, i32 0, i32 0, i32 0, i32 0, void @empty_4, void @empty_4, i32 4294967295, i32 0"   --->   Operation 304 'specinterface' 'specinterface_ln0' <Predicate = true> <Delay = 0.00>
ST_2 : Operation 305 [1/1] (0.00ns)   --->   "%specinterface_ln0 = specinterface void @_ssdm_op_SpecInterface, i8 %s_pool1, void @empty_11, i32 0, i32 0, void @empty_4, i32 0, i32 0, void @empty_4, void @empty_4, void @empty_4, i32 0, i32 0, i32 0, i32 0, void @empty_4, void @empty_4, i32 4294967295, i32 0"   --->   Operation 305 'specinterface' 'specinterface_ln0' <Predicate = true> <Delay = 0.00>
ST_2 : Operation 306 [1/1] (0.00ns)   --->   "%specinterface_ln0 = specinterface void @_ssdm_op_SpecInterface, i8 %s_pool1, void @empty_11, i32 0, i32 0, void @empty_4, i32 0, i32 0, void @empty_4, void @empty_4, void @empty_4, i32 0, i32 0, i32 0, i32 0, void @empty_4, void @empty_4, i32 4294967295, i32 0"   --->   Operation 306 'specinterface' 'specinterface_ln0' <Predicate = true> <Delay = 0.00>
ST_2 : Operation 307 [1/1] (0.00ns)   --->   "%specinterface_ln0 = specinterface void @_ssdm_op_SpecInterface, i8 %s_pool1, void @empty_11, i32 0, i32 0, void @empty_4, i32 0, i32 0, void @empty_4, void @empty_4, void @empty_4, i32 0, i32 0, i32 0, i32 0, void @empty_4, void @empty_4, i32 4294967295, i32 0"   --->   Operation 307 'specinterface' 'specinterface_ln0' <Predicate = true> <Delay = 0.00>
ST_2 : Operation 308 [1/1] (0.00ns)   --->   "%specinterface_ln0 = specinterface void @_ssdm_op_SpecInterface, i8 %s_conv2, void @empty_11, i32 0, i32 0, void @empty_4, i32 0, i32 0, void @empty_4, void @empty_4, void @empty_4, i32 0, i32 0, i32 0, i32 0, void @empty_4, void @empty_4, i32 4294967295, i32 0"   --->   Operation 308 'specinterface' 'specinterface_ln0' <Predicate = true> <Delay = 0.00>
ST_2 : Operation 309 [1/1] (0.00ns)   --->   "%specinterface_ln0 = specinterface void @_ssdm_op_SpecInterface, i8 %s_pool1, void @empty_11, i32 0, i32 0, void @empty_4, i32 0, i32 0, void @empty_4, void @empty_4, void @empty_4, i32 0, i32 0, i32 0, i32 0, void @empty_4, void @empty_4, i32 4294967295, i32 0"   --->   Operation 309 'specinterface' 'specinterface_ln0' <Predicate = true> <Delay = 0.00>
ST_2 : Operation 310 [1/2] (0.00ns)   --->   "%call_ln0 = call void @layer_block<16, 32, 16>_Pipeline_VITIS_LOOP_31_1_VITIS_LOOP_32_2_VITIS_LOOP_33_3, i8 %void_layer_block_stream_stream_signed_char_const_16_3_3_signed_char_con_1, i8 %void_layer_block_stream_stream_signed_char_const_16_3_3_signed_char_con"   --->   Operation 310 'call' 'call_ln0' <Predicate = true> <Delay = 0.00> <CoreType = "Generic">   --->   Core 0 '' <Latency = 0> <II = 1> <Delay = 1.00> <Generic> <Opcode : >
ST_2 : Operation 311 [1/1] (0.00ns)   --->   "%br_ln37 = br void %VITIS_LOOP_40_6.i" [vgg_accelerator.cpp:37]   --->   Operation 311 'br' 'br_ln37' <Predicate = true> <Delay = 0.00>

State 3 <SV = 2> <Delay = 3.61>
ST_3 : Operation 312 [1/1] (0.00ns)   --->   "%indvar_flatten20_load = load i9 %indvar_flatten20" [vgg_accelerator.cpp:36]   --->   Operation 312 'load' 'indvar_flatten20_load' <Predicate = true> <Delay = 0.00>
ST_3 : Operation 313 [1/1] (0.85ns)   --->   "%icmp_ln36 = icmp_eq  i9 %indvar_flatten20_load, i9 256" [vgg_accelerator.cpp:36]   --->   Operation 313 'icmp' 'icmp_ln36' <Predicate = true> <Delay = 0.85> <CoreInst = "Cmp">   --->   Core 9 'Cmp' <Latency = 0> <II = 1> <Delay = 0.85> <FuncUnit> <Opcode : 'icmp'> <InPorts = 2> <OutPorts = 1>
ST_3 : Operation 314 [1/1] (0.92ns)   --->   "%add_ln36 = add i9 %indvar_flatten20_load, i9 1" [vgg_accelerator.cpp:36]   --->   Operation 314 'add' 'add_ln36' <Predicate = true> <Delay = 0.92> <CoreInst = "Adder">   --->   Core 1 'Adder' <Latency = 0> <II = 1> <Delay = 0.92> <FuncUnit> <Opcode : 'add' 'sub'> <InPorts = 2> <OutPorts = 1>
ST_3 : Operation 315 [1/1] (0.00ns)   --->   "%br_ln36 = br i1 %icmp_ln36, void %for.inc205.i, void %layer_block<16, 32, 16>.exit" [vgg_accelerator.cpp:36]   --->   Operation 315 'br' 'br_ln36' <Predicate = true> <Delay = 0.00>
ST_3 : Operation 316 [1/1] (0.00ns)   --->   "%c_load = load i5 %c" [vgg_accelerator.cpp:37]   --->   Operation 316 'load' 'c_load' <Predicate = (!icmp_ln36)> <Delay = 0.00>
ST_3 : Operation 317 [1/1] (0.00ns)   --->   "%window_V_1_i_load = load i8 %window_V_1_i"   --->   Operation 317 'load' 'window_V_1_i_load' <Predicate = (!icmp_ln36)> <Delay = 0.00>
ST_3 : Operation 318 [1/1] (0.00ns)   --->   "%window_V_514_1_i_load = load i8 %window_V_514_1_i"   --->   Operation 318 'load' 'window_V_514_1_i_load' <Predicate = (!icmp_ln36)> <Delay = 0.00>
ST_3 : Operation 319 [1/1] (0.00ns)   --->   "%window_V_515_1_i_load = load i8 %window_V_515_1_i"   --->   Operation 319 'load' 'window_V_515_1_i_load' <Predicate = (!icmp_ln36)> <Delay = 0.00>
ST_3 : Operation 320 [1/1] (0.00ns)   --->   "%window_V_516_1_i_load = load i8 %window_V_516_1_i"   --->   Operation 320 'load' 'window_V_516_1_i_load' <Predicate = (!icmp_ln36)> <Delay = 0.00>
ST_3 : Operation 321 [1/1] (0.00ns)   --->   "%window_V_517_1_i_load = load i8 %window_V_517_1_i"   --->   Operation 321 'load' 'window_V_517_1_i_load' <Predicate = (!icmp_ln36)> <Delay = 0.00>
ST_3 : Operation 322 [1/1] (0.00ns)   --->   "%window_V_518_1_i_load = load i8 %window_V_518_1_i"   --->   Operation 322 'load' 'window_V_518_1_i_load' <Predicate = (!icmp_ln36)> <Delay = 0.00>
ST_3 : Operation 323 [1/1] (0.00ns)   --->   "%window_V_519_1_i_load = load i8 %window_V_519_1_i"   --->   Operation 323 'load' 'window_V_519_1_i_load' <Predicate = (!icmp_ln36)> <Delay = 0.00>
ST_3 : Operation 324 [1/1] (0.00ns)   --->   "%window_V_520_1_i_load = load i8 %window_V_520_1_i"   --->   Operation 324 'load' 'window_V_520_1_i_load' <Predicate = (!icmp_ln36)> <Delay = 0.00>
ST_3 : Operation 325 [1/1] (0.00ns)   --->   "%window_V_521_1_i_load = load i8 %window_V_521_1_i"   --->   Operation 325 'load' 'window_V_521_1_i_load' <Predicate = (!icmp_ln36)> <Delay = 0.00>
ST_3 : Operation 326 [1/1] (0.00ns)   --->   "%window_V_522_1_i_load = load i8 %window_V_522_1_i"   --->   Operation 326 'load' 'window_V_522_1_i_load' <Predicate = (!icmp_ln36)> <Delay = 0.00>
ST_3 : Operation 327 [1/1] (0.00ns)   --->   "%window_V_523_1_i_load = load i8 %window_V_523_1_i"   --->   Operation 327 'load' 'window_V_523_1_i_load' <Predicate = (!icmp_ln36)> <Delay = 0.00>
ST_3 : Operation 328 [1/1] (0.00ns)   --->   "%window_V_524_1_i_load = load i8 %window_V_524_1_i"   --->   Operation 328 'load' 'window_V_524_1_i_load' <Predicate = (!icmp_ln36)> <Delay = 0.00>
ST_3 : Operation 329 [1/1] (0.00ns)   --->   "%window_V_525_1_i_load = load i8 %window_V_525_1_i"   --->   Operation 329 'load' 'window_V_525_1_i_load' <Predicate = (!icmp_ln36)> <Delay = 0.00>
ST_3 : Operation 330 [1/1] (0.00ns)   --->   "%window_V_526_1_i_load = load i8 %window_V_526_1_i"   --->   Operation 330 'load' 'window_V_526_1_i_load' <Predicate = (!icmp_ln36)> <Delay = 0.00>
ST_3 : Operation 331 [1/1] (0.00ns)   --->   "%window_V_527_1_i_load = load i8 %window_V_527_1_i"   --->   Operation 331 'load' 'window_V_527_1_i_load' <Predicate = (!icmp_ln36)> <Delay = 0.00>
ST_3 : Operation 332 [1/1] (0.00ns)   --->   "%window_V_528_1_i_load = load i8 %window_V_528_1_i"   --->   Operation 332 'load' 'window_V_528_1_i_load' <Predicate = (!icmp_ln36)> <Delay = 0.00>
ST_3 : Operation 333 [1/1] (0.00ns)   --->   "%window_V_529_1_i_load = load i8 %window_V_529_1_i"   --->   Operation 333 'load' 'window_V_529_1_i_load' <Predicate = (!icmp_ln36)> <Delay = 0.00>
ST_3 : Operation 334 [1/1] (0.00ns)   --->   "%window_V_530_1_i_load = load i8 %window_V_530_1_i"   --->   Operation 334 'load' 'window_V_530_1_i_load' <Predicate = (!icmp_ln36)> <Delay = 0.00>
ST_3 : Operation 335 [1/1] (0.00ns)   --->   "%window_V_531_1_i_load = load i8 %window_V_531_1_i"   --->   Operation 335 'load' 'window_V_531_1_i_load' <Predicate = (!icmp_ln36)> <Delay = 0.00>
ST_3 : Operation 336 [1/1] (0.00ns)   --->   "%window_V_532_1_i_load = load i8 %window_V_532_1_i"   --->   Operation 336 'load' 'window_V_532_1_i_load' <Predicate = (!icmp_ln36)> <Delay = 0.00>
ST_3 : Operation 337 [1/1] (0.00ns)   --->   "%window_V_533_1_i_load = load i8 %window_V_533_1_i"   --->   Operation 337 'load' 'window_V_533_1_i_load' <Predicate = (!icmp_ln36)> <Delay = 0.00>
ST_3 : Operation 338 [1/1] (0.00ns)   --->   "%window_V_534_1_i_load = load i8 %window_V_534_1_i"   --->   Operation 338 'load' 'window_V_534_1_i_load' <Predicate = (!icmp_ln36)> <Delay = 0.00>
ST_3 : Operation 339 [1/1] (0.00ns)   --->   "%window_V_535_1_i_load = load i8 %window_V_535_1_i"   --->   Operation 339 'load' 'window_V_535_1_i_load' <Predicate = (!icmp_ln36)> <Delay = 0.00>
ST_3 : Operation 340 [1/1] (0.00ns)   --->   "%window_V_536_1_i_load = load i8 %window_V_536_1_i"   --->   Operation 340 'load' 'window_V_536_1_i_load' <Predicate = (!icmp_ln36)> <Delay = 0.00>
ST_3 : Operation 341 [1/1] (0.00ns)   --->   "%window_V_537_1_i_load = load i8 %window_V_537_1_i"   --->   Operation 341 'load' 'window_V_537_1_i_load' <Predicate = (!icmp_ln36)> <Delay = 0.00>
ST_3 : Operation 342 [1/1] (0.00ns)   --->   "%window_V_538_1_i_load = load i8 %window_V_538_1_i"   --->   Operation 342 'load' 'window_V_538_1_i_load' <Predicate = (!icmp_ln36)> <Delay = 0.00>
ST_3 : Operation 343 [1/1] (0.00ns)   --->   "%window_V_539_1_i_load = load i8 %window_V_539_1_i"   --->   Operation 343 'load' 'window_V_539_1_i_load' <Predicate = (!icmp_ln36)> <Delay = 0.00>
ST_3 : Operation 344 [1/1] (0.00ns)   --->   "%window_V_540_1_i_load = load i8 %window_V_540_1_i"   --->   Operation 344 'load' 'window_V_540_1_i_load' <Predicate = (!icmp_ln36)> <Delay = 0.00>
ST_3 : Operation 345 [1/1] (0.00ns)   --->   "%window_V_541_1_i_load = load i8 %window_V_541_1_i"   --->   Operation 345 'load' 'window_V_541_1_i_load' <Predicate = (!icmp_ln36)> <Delay = 0.00>
ST_3 : Operation 346 [1/1] (0.00ns)   --->   "%window_V_542_1_i_load = load i8 %window_V_542_1_i"   --->   Operation 346 'load' 'window_V_542_1_i_load' <Predicate = (!icmp_ln36)> <Delay = 0.00>
ST_3 : Operation 347 [1/1] (0.00ns)   --->   "%window_V_543_1_i_load = load i8 %window_V_543_1_i"   --->   Operation 347 'load' 'window_V_543_1_i_load' <Predicate = (!icmp_ln36)> <Delay = 0.00>
ST_3 : Operation 348 [1/1] (0.00ns)   --->   "%window_V_544_1_i_load = load i8 %window_V_544_1_i"   --->   Operation 348 'load' 'window_V_544_1_i_load' <Predicate = (!icmp_ln36)> <Delay = 0.00>
ST_3 : Operation 349 [1/1] (0.00ns)   --->   "%window_V_545_1_i_load = load i8 %window_V_545_1_i"   --->   Operation 349 'load' 'window_V_545_1_i_load' <Predicate = (!icmp_ln36)> <Delay = 0.00>
ST_3 : Operation 350 [1/1] (0.00ns)   --->   "%window_V_546_1_i_load = load i8 %window_V_546_1_i"   --->   Operation 350 'load' 'window_V_546_1_i_load' <Predicate = (!icmp_ln36)> <Delay = 0.00>
ST_3 : Operation 351 [1/1] (0.00ns)   --->   "%window_V_547_1_i_load = load i8 %window_V_547_1_i"   --->   Operation 351 'load' 'window_V_547_1_i_load' <Predicate = (!icmp_ln36)> <Delay = 0.00>
ST_3 : Operation 352 [1/1] (0.00ns)   --->   "%window_V_548_1_i_load = load i8 %window_V_548_1_i"   --->   Operation 352 'load' 'window_V_548_1_i_load' <Predicate = (!icmp_ln36)> <Delay = 0.00>
ST_3 : Operation 353 [1/1] (0.00ns)   --->   "%window_V_549_1_i_load = load i8 %window_V_549_1_i"   --->   Operation 353 'load' 'window_V_549_1_i_load' <Predicate = (!icmp_ln36)> <Delay = 0.00>
ST_3 : Operation 354 [1/1] (0.00ns)   --->   "%window_V_550_1_i_load = load i8 %window_V_550_1_i"   --->   Operation 354 'load' 'window_V_550_1_i_load' <Predicate = (!icmp_ln36)> <Delay = 0.00>
ST_3 : Operation 355 [1/1] (0.00ns)   --->   "%window_V_551_1_i_load = load i8 %window_V_551_1_i"   --->   Operation 355 'load' 'window_V_551_1_i_load' <Predicate = (!icmp_ln36)> <Delay = 0.00>
ST_3 : Operation 356 [1/1] (0.00ns)   --->   "%window_V_552_1_i_load = load i8 %window_V_552_1_i"   --->   Operation 356 'load' 'window_V_552_1_i_load' <Predicate = (!icmp_ln36)> <Delay = 0.00>
ST_3 : Operation 357 [1/1] (0.00ns)   --->   "%window_V_553_1_i_load = load i8 %window_V_553_1_i"   --->   Operation 357 'load' 'window_V_553_1_i_load' <Predicate = (!icmp_ln36)> <Delay = 0.00>
ST_3 : Operation 358 [1/1] (0.00ns)   --->   "%window_V_554_1_i_load = load i8 %window_V_554_1_i"   --->   Operation 358 'load' 'window_V_554_1_i_load' <Predicate = (!icmp_ln36)> <Delay = 0.00>
ST_3 : Operation 359 [1/1] (0.00ns)   --->   "%window_V_555_1_i_load = load i8 %window_V_555_1_i"   --->   Operation 359 'load' 'window_V_555_1_i_load' <Predicate = (!icmp_ln36)> <Delay = 0.00>
ST_3 : Operation 360 [1/1] (0.00ns)   --->   "%window_V_556_1_i_load = load i8 %window_V_556_1_i"   --->   Operation 360 'load' 'window_V_556_1_i_load' <Predicate = (!icmp_ln36)> <Delay = 0.00>
ST_3 : Operation 361 [1/1] (0.00ns)   --->   "%window_V_557_1_i_load = load i8 %window_V_557_1_i"   --->   Operation 361 'load' 'window_V_557_1_i_load' <Predicate = (!icmp_ln36)> <Delay = 0.00>
ST_3 : Operation 362 [1/1] (0.00ns)   --->   "%window_V_558_1_i_load = load i8 %window_V_558_1_i"   --->   Operation 362 'load' 'window_V_558_1_i_load' <Predicate = (!icmp_ln36)> <Delay = 0.00>
ST_3 : Operation 363 [1/1] (0.00ns)   --->   "%window_V_559_1_i_load = load i8 %window_V_559_1_i"   --->   Operation 363 'load' 'window_V_559_1_i_load' <Predicate = (!icmp_ln36)> <Delay = 0.00>
ST_3 : Operation 364 [1/1] (0.00ns)   --->   "%window_V_560_1_i_load = load i8 %window_V_560_1_i"   --->   Operation 364 'load' 'window_V_560_1_i_load' <Predicate = (!icmp_ln36)> <Delay = 0.00>
ST_3 : Operation 365 [1/1] (0.00ns)   --->   "%window_V_561_1_i_load = load i8 %window_V_561_1_i"   --->   Operation 365 'load' 'window_V_561_1_i_load' <Predicate = (!icmp_ln36)> <Delay = 0.00>
ST_3 : Operation 366 [1/1] (0.00ns)   --->   "%window_V_562_1_i_load = load i8 %window_V_562_1_i"   --->   Operation 366 'load' 'window_V_562_1_i_load' <Predicate = (!icmp_ln36)> <Delay = 0.00>
ST_3 : Operation 367 [1/1] (0.00ns)   --->   "%window_V_563_1_i_load = load i8 %window_V_563_1_i"   --->   Operation 367 'load' 'window_V_563_1_i_load' <Predicate = (!icmp_ln36)> <Delay = 0.00>
ST_3 : Operation 368 [1/1] (0.00ns)   --->   "%window_V_564_1_i_load = load i8 %window_V_564_1_i"   --->   Operation 368 'load' 'window_V_564_1_i_load' <Predicate = (!icmp_ln36)> <Delay = 0.00>
ST_3 : Operation 369 [1/1] (0.00ns)   --->   "%window_V_565_1_i_load = load i8 %window_V_565_1_i"   --->   Operation 369 'load' 'window_V_565_1_i_load' <Predicate = (!icmp_ln36)> <Delay = 0.00>
ST_3 : Operation 370 [1/1] (0.00ns)   --->   "%window_V_566_1_i_load = load i8 %window_V_566_1_i"   --->   Operation 370 'load' 'window_V_566_1_i_load' <Predicate = (!icmp_ln36)> <Delay = 0.00>
ST_3 : Operation 371 [1/1] (0.00ns)   --->   "%window_V_567_1_i_load = load i8 %window_V_567_1_i"   --->   Operation 371 'load' 'window_V_567_1_i_load' <Predicate = (!icmp_ln36)> <Delay = 0.00>
ST_3 : Operation 372 [1/1] (0.00ns)   --->   "%window_V_568_1_i_load = load i8 %window_V_568_1_i"   --->   Operation 372 'load' 'window_V_568_1_i_load' <Predicate = (!icmp_ln36)> <Delay = 0.00>
ST_3 : Operation 373 [1/1] (0.00ns)   --->   "%window_V_569_1_i_load = load i8 %window_V_569_1_i"   --->   Operation 373 'load' 'window_V_569_1_i_load' <Predicate = (!icmp_ln36)> <Delay = 0.00>
ST_3 : Operation 374 [1/1] (0.00ns)   --->   "%window_V_570_1_i_load = load i8 %window_V_570_1_i"   --->   Operation 374 'load' 'window_V_570_1_i_load' <Predicate = (!icmp_ln36)> <Delay = 0.00>
ST_3 : Operation 375 [1/1] (0.00ns)   --->   "%window_V_571_1_i_load = load i8 %window_V_571_1_i"   --->   Operation 375 'load' 'window_V_571_1_i_load' <Predicate = (!icmp_ln36)> <Delay = 0.00>
ST_3 : Operation 376 [1/1] (0.00ns)   --->   "%window_V_572_1_i_load = load i8 %window_V_572_1_i"   --->   Operation 376 'load' 'window_V_572_1_i_load' <Predicate = (!icmp_ln36)> <Delay = 0.00>
ST_3 : Operation 377 [1/1] (0.00ns)   --->   "%window_V_573_1_i_load = load i8 %window_V_573_1_i"   --->   Operation 377 'load' 'window_V_573_1_i_load' <Predicate = (!icmp_ln36)> <Delay = 0.00>
ST_3 : Operation 378 [1/1] (0.00ns)   --->   "%window_V_574_1_i_load = load i8 %window_V_574_1_i"   --->   Operation 378 'load' 'window_V_574_1_i_load' <Predicate = (!icmp_ln36)> <Delay = 0.00>
ST_3 : Operation 379 [1/1] (0.00ns)   --->   "%window_V_575_1_i_load = load i8 %window_V_575_1_i"   --->   Operation 379 'load' 'window_V_575_1_i_load' <Predicate = (!icmp_ln36)> <Delay = 0.00>
ST_3 : Operation 380 [1/1] (0.00ns)   --->   "%window_V_576_1_i_load = load i8 %window_V_576_1_i"   --->   Operation 380 'load' 'window_V_576_1_i_load' <Predicate = (!icmp_ln36)> <Delay = 0.00>
ST_3 : Operation 381 [1/1] (0.00ns)   --->   "%window_V_577_1_i_load = load i8 %window_V_577_1_i"   --->   Operation 381 'load' 'window_V_577_1_i_load' <Predicate = (!icmp_ln36)> <Delay = 0.00>
ST_3 : Operation 382 [1/1] (0.00ns)   --->   "%window_V_578_1_i_load = load i8 %window_V_578_1_i"   --->   Operation 382 'load' 'window_V_578_1_i_load' <Predicate = (!icmp_ln36)> <Delay = 0.00>
ST_3 : Operation 383 [1/1] (0.00ns)   --->   "%window_V_579_1_i_load = load i8 %window_V_579_1_i"   --->   Operation 383 'load' 'window_V_579_1_i_load' <Predicate = (!icmp_ln36)> <Delay = 0.00>
ST_3 : Operation 384 [1/1] (0.00ns)   --->   "%window_V_580_1_i_load = load i8 %window_V_580_1_i"   --->   Operation 384 'load' 'window_V_580_1_i_load' <Predicate = (!icmp_ln36)> <Delay = 0.00>
ST_3 : Operation 385 [1/1] (0.00ns)   --->   "%window_V_581_1_i_load = load i8 %window_V_581_1_i"   --->   Operation 385 'load' 'window_V_581_1_i_load' <Predicate = (!icmp_ln36)> <Delay = 0.00>
ST_3 : Operation 386 [1/1] (0.00ns)   --->   "%window_V_582_1_i_load = load i8 %window_V_582_1_i"   --->   Operation 386 'load' 'window_V_582_1_i_load' <Predicate = (!icmp_ln36)> <Delay = 0.00>
ST_3 : Operation 387 [1/1] (0.00ns)   --->   "%window_V_583_1_i_load = load i8 %window_V_583_1_i"   --->   Operation 387 'load' 'window_V_583_1_i_load' <Predicate = (!icmp_ln36)> <Delay = 0.00>
ST_3 : Operation 388 [1/1] (0.00ns)   --->   "%window_V_584_1_i_load = load i8 %window_V_584_1_i"   --->   Operation 388 'load' 'window_V_584_1_i_load' <Predicate = (!icmp_ln36)> <Delay = 0.00>
ST_3 : Operation 389 [1/1] (0.00ns)   --->   "%window_V_585_1_i_load = load i8 %window_V_585_1_i"   --->   Operation 389 'load' 'window_V_585_1_i_load' <Predicate = (!icmp_ln36)> <Delay = 0.00>
ST_3 : Operation 390 [1/1] (0.00ns)   --->   "%window_V_586_1_i_load = load i8 %window_V_586_1_i"   --->   Operation 390 'load' 'window_V_586_1_i_load' <Predicate = (!icmp_ln36)> <Delay = 0.00>
ST_3 : Operation 391 [1/1] (0.00ns)   --->   "%window_V_587_1_i_load = load i8 %window_V_587_1_i"   --->   Operation 391 'load' 'window_V_587_1_i_load' <Predicate = (!icmp_ln36)> <Delay = 0.00>
ST_3 : Operation 392 [1/1] (0.00ns)   --->   "%window_V_588_1_i_load = load i8 %window_V_588_1_i"   --->   Operation 392 'load' 'window_V_588_1_i_load' <Predicate = (!icmp_ln36)> <Delay = 0.00>
ST_3 : Operation 393 [1/1] (0.00ns)   --->   "%window_V_589_1_i_load = load i8 %window_V_589_1_i"   --->   Operation 393 'load' 'window_V_589_1_i_load' <Predicate = (!icmp_ln36)> <Delay = 0.00>
ST_3 : Operation 394 [1/1] (0.00ns)   --->   "%window_V_590_1_i_load = load i8 %window_V_590_1_i"   --->   Operation 394 'load' 'window_V_590_1_i_load' <Predicate = (!icmp_ln36)> <Delay = 0.00>
ST_3 : Operation 395 [1/1] (0.00ns)   --->   "%window_V_591_1_i_load = load i8 %window_V_591_1_i"   --->   Operation 395 'load' 'window_V_591_1_i_load' <Predicate = (!icmp_ln36)> <Delay = 0.00>
ST_3 : Operation 396 [1/1] (0.00ns)   --->   "%window_V_592_1_i_load = load i8 %window_V_592_1_i"   --->   Operation 396 'load' 'window_V_592_1_i_load' <Predicate = (!icmp_ln36)> <Delay = 0.00>
ST_3 : Operation 397 [1/1] (0.00ns)   --->   "%window_V_593_1_i_load = load i8 %window_V_593_1_i"   --->   Operation 397 'load' 'window_V_593_1_i_load' <Predicate = (!icmp_ln36)> <Delay = 0.00>
ST_3 : Operation 398 [1/1] (0.00ns)   --->   "%window_V_594_1_i_load = load i8 %window_V_594_1_i"   --->   Operation 398 'load' 'window_V_594_1_i_load' <Predicate = (!icmp_ln36)> <Delay = 0.00>
ST_3 : Operation 399 [1/1] (0.00ns)   --->   "%window_V_595_1_i_load = load i8 %window_V_595_1_i"   --->   Operation 399 'load' 'window_V_595_1_i_load' <Predicate = (!icmp_ln36)> <Delay = 0.00>
ST_3 : Operation 400 [1/1] (0.00ns)   --->   "%window_V_596_1_i_load = load i8 %window_V_596_1_i"   --->   Operation 400 'load' 'window_V_596_1_i_load' <Predicate = (!icmp_ln36)> <Delay = 0.00>
ST_3 : Operation 401 [1/1] (0.00ns)   --->   "%window_V_597_1_i_load = load i8 %window_V_597_1_i"   --->   Operation 401 'load' 'window_V_597_1_i_load' <Predicate = (!icmp_ln36)> <Delay = 0.00>
ST_3 : Operation 402 [1/1] (0.00ns)   --->   "%window_V_598_1_i_load = load i8 %window_V_598_1_i"   --->   Operation 402 'load' 'window_V_598_1_i_load' <Predicate = (!icmp_ln36)> <Delay = 0.00>
ST_3 : Operation 403 [1/1] (0.00ns)   --->   "%window_V_599_1_i_load = load i8 %window_V_599_1_i"   --->   Operation 403 'load' 'window_V_599_1_i_load' <Predicate = (!icmp_ln36)> <Delay = 0.00>
ST_3 : Operation 404 [1/1] (0.00ns)   --->   "%window_V_600_1_i_load = load i8 %window_V_600_1_i"   --->   Operation 404 'load' 'window_V_600_1_i_load' <Predicate = (!icmp_ln36)> <Delay = 0.00>
ST_3 : Operation 405 [1/1] (0.00ns)   --->   "%window_V_601_1_i_load = load i8 %window_V_601_1_i"   --->   Operation 405 'load' 'window_V_601_1_i_load' <Predicate = (!icmp_ln36)> <Delay = 0.00>
ST_3 : Operation 406 [1/1] (0.00ns)   --->   "%window_V_602_1_i_load = load i8 %window_V_602_1_i"   --->   Operation 406 'load' 'window_V_602_1_i_load' <Predicate = (!icmp_ln36)> <Delay = 0.00>
ST_3 : Operation 407 [1/1] (0.00ns)   --->   "%window_V_603_1_i_load = load i8 %window_V_603_1_i"   --->   Operation 407 'load' 'window_V_603_1_i_load' <Predicate = (!icmp_ln36)> <Delay = 0.00>
ST_3 : Operation 408 [1/1] (0.00ns)   --->   "%window_V_604_1_i_load = load i8 %window_V_604_1_i"   --->   Operation 408 'load' 'window_V_604_1_i_load' <Predicate = (!icmp_ln36)> <Delay = 0.00>
ST_3 : Operation 409 [1/1] (0.00ns)   --->   "%window_V_605_1_i_load = load i8 %window_V_605_1_i"   --->   Operation 409 'load' 'window_V_605_1_i_load' <Predicate = (!icmp_ln36)> <Delay = 0.00>
ST_3 : Operation 410 [1/1] (0.00ns)   --->   "%window_V_606_1_i_load = load i8 %window_V_606_1_i"   --->   Operation 410 'load' 'window_V_606_1_i_load' <Predicate = (!icmp_ln36)> <Delay = 0.00>
ST_3 : Operation 411 [1/1] (0.00ns)   --->   "%window_V_607_1_i_load = load i8 %window_V_607_1_i"   --->   Operation 411 'load' 'window_V_607_1_i_load' <Predicate = (!icmp_ln36)> <Delay = 0.00>
ST_3 : Operation 412 [1/1] (0.00ns)   --->   "%window_V_608_1_i_load = load i8 %window_V_608_1_i"   --->   Operation 412 'load' 'window_V_608_1_i_load' <Predicate = (!icmp_ln36)> <Delay = 0.00>
ST_3 : Operation 413 [1/1] (0.00ns)   --->   "%window_V_609_1_i_load = load i8 %window_V_609_1_i"   --->   Operation 413 'load' 'window_V_609_1_i_load' <Predicate = (!icmp_ln36)> <Delay = 0.00>
ST_3 : Operation 414 [1/1] (0.00ns)   --->   "%window_V_610_1_i_load = load i8 %window_V_610_1_i"   --->   Operation 414 'load' 'window_V_610_1_i_load' <Predicate = (!icmp_ln36)> <Delay = 0.00>
ST_3 : Operation 415 [1/1] (0.00ns)   --->   "%window_V_611_1_i_load = load i8 %window_V_611_1_i"   --->   Operation 415 'load' 'window_V_611_1_i_load' <Predicate = (!icmp_ln36)> <Delay = 0.00>
ST_3 : Operation 416 [1/1] (0.00ns)   --->   "%window_V_612_1_i_load = load i8 %window_V_612_1_i"   --->   Operation 416 'load' 'window_V_612_1_i_load' <Predicate = (!icmp_ln36)> <Delay = 0.00>
ST_3 : Operation 417 [1/1] (0.00ns)   --->   "%window_V_613_1_i_load = load i8 %window_V_613_1_i"   --->   Operation 417 'load' 'window_V_613_1_i_load' <Predicate = (!icmp_ln36)> <Delay = 0.00>
ST_3 : Operation 418 [1/1] (0.00ns)   --->   "%window_V_614_1_i_load = load i8 %window_V_614_1_i"   --->   Operation 418 'load' 'window_V_614_1_i_load' <Predicate = (!icmp_ln36)> <Delay = 0.00>
ST_3 : Operation 419 [1/1] (0.00ns)   --->   "%window_V_615_1_i_load = load i8 %window_V_615_1_i"   --->   Operation 419 'load' 'window_V_615_1_i_load' <Predicate = (!icmp_ln36)> <Delay = 0.00>
ST_3 : Operation 420 [1/1] (0.00ns)   --->   "%window_V_616_1_i_load = load i8 %window_V_616_1_i"   --->   Operation 420 'load' 'window_V_616_1_i_load' <Predicate = (!icmp_ln36)> <Delay = 0.00>
ST_3 : Operation 421 [1/1] (0.00ns)   --->   "%window_V_617_1_i_load = load i8 %window_V_617_1_i"   --->   Operation 421 'load' 'window_V_617_1_i_load' <Predicate = (!icmp_ln36)> <Delay = 0.00>
ST_3 : Operation 422 [1/1] (0.00ns)   --->   "%window_V_618_1_i_load = load i8 %window_V_618_1_i"   --->   Operation 422 'load' 'window_V_618_1_i_load' <Predicate = (!icmp_ln36)> <Delay = 0.00>
ST_3 : Operation 423 [1/1] (0.00ns)   --->   "%window_V_619_1_i_load = load i8 %window_V_619_1_i"   --->   Operation 423 'load' 'window_V_619_1_i_load' <Predicate = (!icmp_ln36)> <Delay = 0.00>
ST_3 : Operation 424 [1/1] (0.00ns)   --->   "%window_V_620_1_i_load = load i8 %window_V_620_1_i"   --->   Operation 424 'load' 'window_V_620_1_i_load' <Predicate = (!icmp_ln36)> <Delay = 0.00>
ST_3 : Operation 425 [1/1] (0.00ns)   --->   "%window_V_621_1_i_load = load i8 %window_V_621_1_i"   --->   Operation 425 'load' 'window_V_621_1_i_load' <Predicate = (!icmp_ln36)> <Delay = 0.00>
ST_3 : Operation 426 [1/1] (0.00ns)   --->   "%window_V_622_1_i_load = load i8 %window_V_622_1_i"   --->   Operation 426 'load' 'window_V_622_1_i_load' <Predicate = (!icmp_ln36)> <Delay = 0.00>
ST_3 : Operation 427 [1/1] (0.00ns)   --->   "%window_V_623_1_i_load = load i8 %window_V_623_1_i"   --->   Operation 427 'load' 'window_V_623_1_i_load' <Predicate = (!icmp_ln36)> <Delay = 0.00>
ST_3 : Operation 428 [1/1] (0.00ns)   --->   "%window_V_624_1_i_load = load i8 %window_V_624_1_i"   --->   Operation 428 'load' 'window_V_624_1_i_load' <Predicate = (!icmp_ln36)> <Delay = 0.00>
ST_3 : Operation 429 [1/1] (0.00ns)   --->   "%window_V_625_1_i_load = load i8 %window_V_625_1_i"   --->   Operation 429 'load' 'window_V_625_1_i_load' <Predicate = (!icmp_ln36)> <Delay = 0.00>
ST_3 : Operation 430 [1/1] (0.00ns)   --->   "%window_V_626_1_i_load = load i8 %window_V_626_1_i"   --->   Operation 430 'load' 'window_V_626_1_i_load' <Predicate = (!icmp_ln36)> <Delay = 0.00>
ST_3 : Operation 431 [1/1] (0.00ns)   --->   "%window_V_627_1_i_load = load i8 %window_V_627_1_i"   --->   Operation 431 'load' 'window_V_627_1_i_load' <Predicate = (!icmp_ln36)> <Delay = 0.00>
ST_3 : Operation 432 [1/1] (0.00ns)   --->   "%window_V_628_1_i_load = load i8 %window_V_628_1_i"   --->   Operation 432 'load' 'window_V_628_1_i_load' <Predicate = (!icmp_ln36)> <Delay = 0.00>
ST_3 : Operation 433 [1/1] (0.00ns)   --->   "%window_V_629_1_i_load = load i8 %window_V_629_1_i"   --->   Operation 433 'load' 'window_V_629_1_i_load' <Predicate = (!icmp_ln36)> <Delay = 0.00>
ST_3 : Operation 434 [1/1] (0.00ns)   --->   "%window_V_630_1_i_load = load i8 %window_V_630_1_i"   --->   Operation 434 'load' 'window_V_630_1_i_load' <Predicate = (!icmp_ln36)> <Delay = 0.00>
ST_3 : Operation 435 [1/1] (0.00ns)   --->   "%window_V_631_1_i_load = load i8 %window_V_631_1_i"   --->   Operation 435 'load' 'window_V_631_1_i_load' <Predicate = (!icmp_ln36)> <Delay = 0.00>
ST_3 : Operation 436 [1/1] (0.00ns)   --->   "%window_V_632_1_i_load = load i8 %window_V_632_1_i"   --->   Operation 436 'load' 'window_V_632_1_i_load' <Predicate = (!icmp_ln36)> <Delay = 0.00>
ST_3 : Operation 437 [1/1] (0.00ns)   --->   "%window_V_633_1_i_load = load i8 %window_V_633_1_i"   --->   Operation 437 'load' 'window_V_633_1_i_load' <Predicate = (!icmp_ln36)> <Delay = 0.00>
ST_3 : Operation 438 [1/1] (0.00ns)   --->   "%window_V_634_1_i_load = load i8 %window_V_634_1_i"   --->   Operation 438 'load' 'window_V_634_1_i_load' <Predicate = (!icmp_ln36)> <Delay = 0.00>
ST_3 : Operation 439 [1/1] (0.00ns)   --->   "%window_V_635_1_i_load = load i8 %window_V_635_1_i"   --->   Operation 439 'load' 'window_V_635_1_i_load' <Predicate = (!icmp_ln36)> <Delay = 0.00>
ST_3 : Operation 440 [1/1] (0.00ns)   --->   "%window_V_636_1_i_load = load i8 %window_V_636_1_i"   --->   Operation 440 'load' 'window_V_636_1_i_load' <Predicate = (!icmp_ln36)> <Delay = 0.00>
ST_3 : Operation 441 [1/1] (0.00ns)   --->   "%window_V_637_1_i_load = load i8 %window_V_637_1_i"   --->   Operation 441 'load' 'window_V_637_1_i_load' <Predicate = (!icmp_ln36)> <Delay = 0.00>
ST_3 : Operation 442 [1/1] (0.00ns)   --->   "%window_V_638_1_i_load = load i8 %window_V_638_1_i"   --->   Operation 442 'load' 'window_V_638_1_i_load' <Predicate = (!icmp_ln36)> <Delay = 0.00>
ST_3 : Operation 443 [1/1] (0.00ns)   --->   "%window_V_639_1_i_load = load i8 %window_V_639_1_i"   --->   Operation 443 'load' 'window_V_639_1_i_load' <Predicate = (!icmp_ln36)> <Delay = 0.00>
ST_3 : Operation 444 [1/1] (0.00ns)   --->   "%window_V_640_1_i_load = load i8 %window_V_640_1_i"   --->   Operation 444 'load' 'window_V_640_1_i_load' <Predicate = (!icmp_ln36)> <Delay = 0.00>
ST_3 : Operation 445 [1/1] (0.00ns)   --->   "%window_V_641_1_i_load = load i8 %window_V_641_1_i"   --->   Operation 445 'load' 'window_V_641_1_i_load' <Predicate = (!icmp_ln36)> <Delay = 0.00>
ST_3 : Operation 446 [1/1] (0.00ns)   --->   "%window_V_642_1_i_load = load i8 %window_V_642_1_i"   --->   Operation 446 'load' 'window_V_642_1_i_load' <Predicate = (!icmp_ln36)> <Delay = 0.00>
ST_3 : Operation 447 [1/1] (0.00ns)   --->   "%window_V_643_1_i_load = load i8 %window_V_643_1_i"   --->   Operation 447 'load' 'window_V_643_1_i_load' <Predicate = (!icmp_ln36)> <Delay = 0.00>
ST_3 : Operation 448 [1/1] (0.00ns)   --->   "%window_V_644_1_i_load = load i8 %window_V_644_1_i"   --->   Operation 448 'load' 'window_V_644_1_i_load' <Predicate = (!icmp_ln36)> <Delay = 0.00>
ST_3 : Operation 449 [1/1] (0.00ns)   --->   "%window_V_645_1_i_load = load i8 %window_V_645_1_i"   --->   Operation 449 'load' 'window_V_645_1_i_load' <Predicate = (!icmp_ln36)> <Delay = 0.00>
ST_3 : Operation 450 [1/1] (0.00ns)   --->   "%window_V_646_1_i_load = load i8 %window_V_646_1_i"   --->   Operation 450 'load' 'window_V_646_1_i_load' <Predicate = (!icmp_ln36)> <Delay = 0.00>
ST_3 : Operation 451 [1/1] (0.00ns)   --->   "%window_V_647_1_i_load = load i8 %window_V_647_1_i"   --->   Operation 451 'load' 'window_V_647_1_i_load' <Predicate = (!icmp_ln36)> <Delay = 0.00>
ST_3 : Operation 452 [1/1] (0.00ns)   --->   "%window_V_648_1_i_load = load i8 %window_V_648_1_i"   --->   Operation 452 'load' 'window_V_648_1_i_load' <Predicate = (!icmp_ln36)> <Delay = 0.00>
ST_3 : Operation 453 [1/1] (0.00ns)   --->   "%window_V_649_1_i_load = load i8 %window_V_649_1_i"   --->   Operation 453 'load' 'window_V_649_1_i_load' <Predicate = (!icmp_ln36)> <Delay = 0.00>
ST_3 : Operation 454 [1/1] (0.00ns)   --->   "%window_V_650_1_i_load = load i8 %window_V_650_1_i"   --->   Operation 454 'load' 'window_V_650_1_i_load' <Predicate = (!icmp_ln36)> <Delay = 0.00>
ST_3 : Operation 455 [1/1] (0.00ns)   --->   "%window_V_651_1_i_load = load i8 %window_V_651_1_i"   --->   Operation 455 'load' 'window_V_651_1_i_load' <Predicate = (!icmp_ln36)> <Delay = 0.00>
ST_3 : Operation 456 [1/1] (0.00ns)   --->   "%window_V_652_1_i_load = load i8 %window_V_652_1_i"   --->   Operation 456 'load' 'window_V_652_1_i_load' <Predicate = (!icmp_ln36)> <Delay = 0.00>
ST_3 : Operation 457 [1/1] (0.00ns)   --->   "%window_V_653_1_i_load = load i8 %window_V_653_1_i"   --->   Operation 457 'load' 'window_V_653_1_i_load' <Predicate = (!icmp_ln36)> <Delay = 0.00>
ST_3 : Operation 458 [1/1] (0.00ns)   --->   "%window_V_654_1_i_load = load i8 %window_V_654_1_i"   --->   Operation 458 'load' 'window_V_654_1_i_load' <Predicate = (!icmp_ln36)> <Delay = 0.00>
ST_3 : Operation 459 [1/1] (0.00ns)   --->   "%window_V_655_1_i_load = load i8 %window_V_655_1_i"   --->   Operation 459 'load' 'window_V_655_1_i_load' <Predicate = (!icmp_ln36)> <Delay = 0.00>
ST_3 : Operation 460 [1/1] (0.00ns)   --->   "%window_V_656_1_i_load = load i8 %window_V_656_1_i"   --->   Operation 460 'load' 'window_V_656_1_i_load' <Predicate = (!icmp_ln36)> <Delay = 0.00>
ST_3 : Operation 461 [1/1] (0.87ns)   --->   "%icmp_ln37 = icmp_eq  i5 %c_load, i5 16" [vgg_accelerator.cpp:37]   --->   Operation 461 'icmp' 'icmp_ln37' <Predicate = (!icmp_ln36)> <Delay = 0.87> <CoreInst = "Cmp">   --->   Core 9 'Cmp' <Latency = 0> <II = 1> <Delay = 0.87> <FuncUnit> <Opcode : 'icmp'> <InPorts = 2> <OutPorts = 1>
ST_3 : Operation 462 [1/1] (0.48ns)   --->   "%select_ln36 = select i1 %icmp_ln37, i5 0, i5 %c_load" [vgg_accelerator.cpp:36]   --->   Operation 462 'select' 'select_ln36' <Predicate = (!icmp_ln36)> <Delay = 0.48> <CoreInst = "Sel">   --->   Core 73 'Sel' <Latency = 0> <II = 1> <Delay = 0.48> <FuncUnit> <Opcode : 'select'> <InPorts = 3> <OutPorts = 1>
ST_3 : Operation 463 [1/1] (0.00ns)   --->   "%empty_49 = wait i32 @_ssdm_op_Wait"   --->   Operation 463 'wait' 'empty_49' <Predicate = (!icmp_ln36)> <Delay = 0.00>
ST_3 : Operation 464 [2/2] (2.25ns)   --->   "%call_ln36 = call void @layer_block<16, 32, 16>_Pipeline_VITIS_LOOP_40_6, i8 %window_V_656_1_i_load, i8 %window_V_655_1_i_load, i8 %window_V_654_1_i_load, i8 %window_V_653_1_i_load, i8 %window_V_652_1_i_load, i8 %window_V_651_1_i_load, i8 %window_V_650_1_i_load, i8 %window_V_649_1_i_load, i8 %window_V_648_1_i_load, i8 %window_V_647_1_i_load, i8 %window_V_646_1_i_load, i8 %window_V_645_1_i_load, i8 %window_V_644_1_i_load, i8 %window_V_643_1_i_load, i8 %window_V_642_1_i_load, i8 %window_V_641_1_i_load, i8 %window_V_640_1_i_load, i8 %window_V_639_1_i_load, i8 %window_V_638_1_i_load, i8 %window_V_637_1_i_load, i8 %window_V_636_1_i_load, i8 %window_V_635_1_i_load, i8 %window_V_634_1_i_load, i8 %window_V_633_1_i_load, i8 %window_V_632_1_i_load, i8 %window_V_631_1_i_load, i8 %window_V_630_1_i_load, i8 %window_V_629_1_i_load, i8 %window_V_628_1_i_load, i8 %window_V_627_1_i_load, i8 %window_V_626_1_i_load, i8 %window_V_625_1_i_load, i8 %window_V_624_1_i_load, i8 %window_V_623_1_i_load, i8 %window_V_622_1_i_load, i8 %window_V_621_1_i_load, i8 %window_V_620_1_i_load, i8 %window_V_619_1_i_load, i8 %window_V_618_1_i_load, i8 %window_V_617_1_i_load, i8 %window_V_616_1_i_load, i8 %window_V_615_1_i_load, i8 %window_V_614_1_i_load, i8 %window_V_613_1_i_load, i8 %window_V_612_1_i_load, i8 %window_V_611_1_i_load, i8 %window_V_610_1_i_load, i8 %window_V_609_1_i_load, i8 %window_V_608_1_i_load, i8 %window_V_607_1_i_load, i8 %window_V_606_1_i_load, i8 %window_V_605_1_i_load, i8 %window_V_604_1_i_load, i8 %window_V_603_1_i_load, i8 %window_V_602_1_i_load, i8 %window_V_601_1_i_load, i8 %window_V_600_1_i_load, i8 %window_V_599_1_i_load, i8 %window_V_598_1_i_load, i8 %window_V_597_1_i_load, i8 %window_V_596_1_i_load, i8 %window_V_595_1_i_load, i8 %window_V_594_1_i_load, i8 %window_V_593_1_i_load, i8 %window_V_592_1_i_load, i8 %window_V_591_1_i_load, i8 %window_V_590_1_i_load, i8 %window_V_589_1_i_load, i8 %window_V_588_1_i_load, i8 %window_V_587_1_i_load, i8 %window_V_586_1_i_load, i8 %window_V_585_1_i_load, i8 %window_V_584_1_i_load, i8 %window_V_583_1_i_load, i8 %window_V_582_1_i_load, i8 %window_V_581_1_i_load, i8 %window_V_580_1_i_load, i8 %window_V_579_1_i_load, i8 %window_V_578_1_i_load, i8 %window_V_577_1_i_load, i8 %window_V_576_1_i_load, i8 %window_V_575_1_i_load, i8 %window_V_574_1_i_load, i8 %window_V_573_1_i_load, i8 %window_V_572_1_i_load, i8 %window_V_571_1_i_load, i8 %window_V_570_1_i_load, i8 %window_V_569_1_i_load, i8 %window_V_568_1_i_load, i8 %window_V_567_1_i_load, i8 %window_V_566_1_i_load, i8 %window_V_565_1_i_load, i8 %window_V_564_1_i_load, i8 %window_V_563_1_i_load, i8 %window_V_562_1_i_load, i8 %window_V_561_1_i_load, i8 %window_V_560_1_i_load, i8 %window_V_559_1_i_load, i8 %window_V_558_1_i_load, i8 %window_V_557_1_i_load, i8 %window_V_556_1_i_load, i8 %window_V_555_1_i_load, i8 %window_V_554_1_i_load, i8 %window_V_553_1_i_load, i8 %window_V_552_1_i_load, i8 %window_V_551_1_i_load, i8 %window_V_550_1_i_load, i8 %window_V_549_1_i_load, i8 %window_V_548_1_i_load, i8 %window_V_547_1_i_load, i8 %window_V_546_1_i_load, i8 %window_V_545_1_i_load, i8 %window_V_544_1_i_load, i8 %window_V_543_1_i_load, i8 %window_V_542_1_i_load, i8 %window_V_541_1_i_load, i8 %window_V_540_1_i_load, i8 %window_V_539_1_i_load, i8 %window_V_538_1_i_load, i8 %window_V_537_1_i_load, i8 %window_V_536_1_i_load, i8 %window_V_535_1_i_load, i8 %window_V_534_1_i_load, i8 %window_V_533_1_i_load, i8 %window_V_532_1_i_load, i8 %window_V_531_1_i_load, i8 %window_V_530_1_i_load, i8 %window_V_529_1_i_load, i8 %window_V_528_1_i_load, i8 %window_V_527_1_i_load, i8 %window_V_526_1_i_load, i8 %window_V_525_1_i_load, i8 %window_V_524_1_i_load, i8 %window_V_523_1_i_load, i8 %window_V_522_1_i_load, i8 %window_V_521_1_i_load, i8 %window_V_520_1_i_load, i8 %window_V_519_1_i_load, i8 %window_V_518_1_i_load, i8 %window_V_517_1_i_load, i8 %window_V_516_1_i_load, i8 %window_V_515_1_i_load, i8 %window_V_514_1_i_load, i8 %window_V_1_i_load, i5 %select_ln36, i8 %window_V_230_loc, i8 %window_V_229_loc, i8 %window_V_654_2_i_loc, i8 %window_V_228_loc, i8 %window_V_227_loc, i8 %window_V_651_2_i_loc, i8 %window_V_226_loc, i8 %window_V_649_2_i_loc, i8 %window_V_648_2_i_loc, i8 %window_V_336_loc, i8 %window_V_335_loc, i8 %window_V_645_2_i_loc, i8 %window_V_334_loc, i8 %window_V_333_loc, i8 %window_V_642_2_i_loc, i8 %window_V_332_loc, i8 %window_V_640_2_i_loc, i8 %window_V_639_2_i_loc, i8 %window_V_329_loc, i8 %window_V_328_loc, i8 %window_V_636_2_i_loc, i8 %window_V_327_loc, i8 %window_V_326_loc, i8 %window_V_633_2_i_loc, i8 %window_V_325_loc, i8 %window_V_631_2_i_loc, i8 %window_V_630_2_i_loc, i8 %window_V_322_loc, i8 %window_V_321_loc, i8 %window_V_627_2_i_loc, i8 %window_V_320_loc, i8 %window_V_319_loc, i8 %window_V_624_2_i_loc, i8 %window_V_318_loc, i8 %window_V_622_2_i_loc, i8 %window_V_621_2_i_loc, i8 %window_V_315_loc, i8 %window_V_314_loc, i8 %window_V_618_2_i_loc, i8 %window_V_313_loc, i8 %window_V_312_loc, i8 %window_V_615_2_i_loc, i8 %window_V_311_loc, i8 %window_V_613_2_i_loc, i8 %window_V_612_2_i_loc, i8 %window_V_308_loc, i8 %window_V_307_loc, i8 %window_V_609_2_i_loc, i8 %window_V_306_loc, i8 %window_V_305_loc, i8 %window_V_606_2_i_loc, i8 %window_V_304_loc, i8 %window_V_604_2_i_loc, i8 %window_V_603_2_i_loc, i8 %window_V_301_loc, i8 %window_V_300_loc, i8 %window_V_600_2_i_loc, i8 %window_V_299_loc, i8 %window_V_298_loc, i8 %window_V_597_2_i_loc, i8 %window_V_297_loc, i8 %window_V_595_2_i_loc, i8 %window_V_594_2_i_loc, i8 %window_V_294_loc, i8 %window_V_293_loc, i8 %window_V_591_2_i_loc, i8 %window_V_292_loc, i8 %window_V_291_loc, i8 %window_V_588_2_i_loc, i8 %window_V_290_loc, i8 %window_V_586_2_i_loc, i8 %window_V_585_2_i_loc, i8 %window_V_287_loc, i8 %window_V_286_loc, i8 %window_V_582_2_i_loc, i8 %window_V_285_loc, i8 %window_V_284_loc, i8 %window_V_579_2_i_loc, i8 %window_V_283_loc, i8 %window_V_577_2_i_loc, i8 %window_V_576_2_i_loc, i8 %window_V_280_loc, i8 %window_V_279_loc, i8 %window_V_573_2_i_loc, i8 %window_V_278_loc, i8 %window_V_277_loc, i8 %window_V_570_2_i_loc, i8 %window_V_276_loc, i8 %window_V_568_2_i_loc, i8 %window_V_567_2_i_loc, i8 %window_V_273_loc, i8 %window_V_272_loc, i8 %window_V_564_2_i_loc, i8 %window_V_271_loc, i8 %window_V_270_loc, i8 %window_V_561_2_i_loc, i8 %window_V_269_loc, i8 %window_V_559_2_i_loc, i8 %window_V_558_2_i_loc, i8 %window_V_266_loc, i8 %window_V_265_loc, i8 %window_V_555_2_i_loc, i8 %window_V_264_loc, i8 %window_V_263_loc, i8 %window_V_552_2_i_loc, i8 %window_V_262_loc, i8 %window_V_550_2_i_loc, i8 %window_V_549_2_i_loc, i8 %window_V_259_loc, i8 %window_V_258_loc, i8 %window_V_546_2_i_loc, i8 %window_V_257_loc, i8 %window_V_256_loc, i8 %window_V_543_2_i_loc, i8 %window_V_255_loc, i8 %window_V_541_2_i_loc, i8 %window_V_540_2_i_loc, i8 %window_V_252_loc, i8 %window_V_251_loc, i8 %window_V_537_2_i_loc, i8 %window_V_250_loc, i8 %window_V_249_loc, i8 %window_V_534_2_i_loc, i8 %window_V_248_loc, i8 %window_V_532_2_i_loc, i8 %window_V_531_2_i_loc, i8 %window_V_245_loc, i8 %window_V_244_loc, i8 %window_V_528_2_i_loc, i8 %window_V_243_loc, i8 %window_V_242_loc, i8 %window_V_525_2_i_loc, i8 %window_V_241_loc, i8 %window_V_523_2_i_loc, i8 %window_V_522_2_i_loc, i8 %window_V_238_loc, i8 %window_V_237_loc, i8 %window_V_519_2_i_loc, i8 %window_V_236_loc, i8 %window_V_235_loc, i8 %window_V_516_2_i_loc, i8 %window_V_234_loc, i8 %window_V_514_2_i_loc, i8 %window_V_2_i_loc, i8 %void_layer_block_stream_stream_signed_char_const_16_3_3_signed_char_con_1, i8 %void_layer_block_stream_stream_signed_char_const_16_3_3_signed_char_con, i8 %s_pool1" [vgg_accelerator.cpp:36]   --->   Operation 464 'call' 'call_ln36' <Predicate = (!icmp_ln36)> <Delay = 2.25> <CoreType = "Generic">   --->   Core 0 '' <Latency = 0> <II = 1> <Delay = 1.00> <Generic> <Opcode : >
ST_3 : Operation 465 [1/1] (0.00ns)   --->   "%ret_ln0 = ret"   --->   Operation 465 'ret' 'ret_ln0' <Predicate = (icmp_ln36)> <Delay = 0.00>

State 4 <SV = 3> <Delay = 1.36>
ST_4 : Operation 466 [1/2] (1.36ns)   --->   "%call_ln36 = call void @layer_block<16, 32, 16>_Pipeline_VITIS_LOOP_40_6, i8 %window_V_656_1_i_load, i8 %window_V_655_1_i_load, i8 %window_V_654_1_i_load, i8 %window_V_653_1_i_load, i8 %window_V_652_1_i_load, i8 %window_V_651_1_i_load, i8 %window_V_650_1_i_load, i8 %window_V_649_1_i_load, i8 %window_V_648_1_i_load, i8 %window_V_647_1_i_load, i8 %window_V_646_1_i_load, i8 %window_V_645_1_i_load, i8 %window_V_644_1_i_load, i8 %window_V_643_1_i_load, i8 %window_V_642_1_i_load, i8 %window_V_641_1_i_load, i8 %window_V_640_1_i_load, i8 %window_V_639_1_i_load, i8 %window_V_638_1_i_load, i8 %window_V_637_1_i_load, i8 %window_V_636_1_i_load, i8 %window_V_635_1_i_load, i8 %window_V_634_1_i_load, i8 %window_V_633_1_i_load, i8 %window_V_632_1_i_load, i8 %window_V_631_1_i_load, i8 %window_V_630_1_i_load, i8 %window_V_629_1_i_load, i8 %window_V_628_1_i_load, i8 %window_V_627_1_i_load, i8 %window_V_626_1_i_load, i8 %window_V_625_1_i_load, i8 %window_V_624_1_i_load, i8 %window_V_623_1_i_load, i8 %window_V_622_1_i_load, i8 %window_V_621_1_i_load, i8 %window_V_620_1_i_load, i8 %window_V_619_1_i_load, i8 %window_V_618_1_i_load, i8 %window_V_617_1_i_load, i8 %window_V_616_1_i_load, i8 %window_V_615_1_i_load, i8 %window_V_614_1_i_load, i8 %window_V_613_1_i_load, i8 %window_V_612_1_i_load, i8 %window_V_611_1_i_load, i8 %window_V_610_1_i_load, i8 %window_V_609_1_i_load, i8 %window_V_608_1_i_load, i8 %window_V_607_1_i_load, i8 %window_V_606_1_i_load, i8 %window_V_605_1_i_load, i8 %window_V_604_1_i_load, i8 %window_V_603_1_i_load, i8 %window_V_602_1_i_load, i8 %window_V_601_1_i_load, i8 %window_V_600_1_i_load, i8 %window_V_599_1_i_load, i8 %window_V_598_1_i_load, i8 %window_V_597_1_i_load, i8 %window_V_596_1_i_load, i8 %window_V_595_1_i_load, i8 %window_V_594_1_i_load, i8 %window_V_593_1_i_load, i8 %window_V_592_1_i_load, i8 %window_V_591_1_i_load, i8 %window_V_590_1_i_load, i8 %window_V_589_1_i_load, i8 %window_V_588_1_i_load, i8 %window_V_587_1_i_load, i8 %window_V_586_1_i_load, i8 %window_V_585_1_i_load, i8 %window_V_584_1_i_load, i8 %window_V_583_1_i_load, i8 %window_V_582_1_i_load, i8 %window_V_581_1_i_load, i8 %window_V_580_1_i_load, i8 %window_V_579_1_i_load, i8 %window_V_578_1_i_load, i8 %window_V_577_1_i_load, i8 %window_V_576_1_i_load, i8 %window_V_575_1_i_load, i8 %window_V_574_1_i_load, i8 %window_V_573_1_i_load, i8 %window_V_572_1_i_load, i8 %window_V_571_1_i_load, i8 %window_V_570_1_i_load, i8 %window_V_569_1_i_load, i8 %window_V_568_1_i_load, i8 %window_V_567_1_i_load, i8 %window_V_566_1_i_load, i8 %window_V_565_1_i_load, i8 %window_V_564_1_i_load, i8 %window_V_563_1_i_load, i8 %window_V_562_1_i_load, i8 %window_V_561_1_i_load, i8 %window_V_560_1_i_load, i8 %window_V_559_1_i_load, i8 %window_V_558_1_i_load, i8 %window_V_557_1_i_load, i8 %window_V_556_1_i_load, i8 %window_V_555_1_i_load, i8 %window_V_554_1_i_load, i8 %window_V_553_1_i_load, i8 %window_V_552_1_i_load, i8 %window_V_551_1_i_load, i8 %window_V_550_1_i_load, i8 %window_V_549_1_i_load, i8 %window_V_548_1_i_load, i8 %window_V_547_1_i_load, i8 %window_V_546_1_i_load, i8 %window_V_545_1_i_load, i8 %window_V_544_1_i_load, i8 %window_V_543_1_i_load, i8 %window_V_542_1_i_load, i8 %window_V_541_1_i_load, i8 %window_V_540_1_i_load, i8 %window_V_539_1_i_load, i8 %window_V_538_1_i_load, i8 %window_V_537_1_i_load, i8 %window_V_536_1_i_load, i8 %window_V_535_1_i_load, i8 %window_V_534_1_i_load, i8 %window_V_533_1_i_load, i8 %window_V_532_1_i_load, i8 %window_V_531_1_i_load, i8 %window_V_530_1_i_load, i8 %window_V_529_1_i_load, i8 %window_V_528_1_i_load, i8 %window_V_527_1_i_load, i8 %window_V_526_1_i_load, i8 %window_V_525_1_i_load, i8 %window_V_524_1_i_load, i8 %window_V_523_1_i_load, i8 %window_V_522_1_i_load, i8 %window_V_521_1_i_load, i8 %window_V_520_1_i_load, i8 %window_V_519_1_i_load, i8 %window_V_518_1_i_load, i8 %window_V_517_1_i_load, i8 %window_V_516_1_i_load, i8 %window_V_515_1_i_load, i8 %window_V_514_1_i_load, i8 %window_V_1_i_load, i5 %select_ln36, i8 %window_V_230_loc, i8 %window_V_229_loc, i8 %window_V_654_2_i_loc, i8 %window_V_228_loc, i8 %window_V_227_loc, i8 %window_V_651_2_i_loc, i8 %window_V_226_loc, i8 %window_V_649_2_i_loc, i8 %window_V_648_2_i_loc, i8 %window_V_336_loc, i8 %window_V_335_loc, i8 %window_V_645_2_i_loc, i8 %window_V_334_loc, i8 %window_V_333_loc, i8 %window_V_642_2_i_loc, i8 %window_V_332_loc, i8 %window_V_640_2_i_loc, i8 %window_V_639_2_i_loc, i8 %window_V_329_loc, i8 %window_V_328_loc, i8 %window_V_636_2_i_loc, i8 %window_V_327_loc, i8 %window_V_326_loc, i8 %window_V_633_2_i_loc, i8 %window_V_325_loc, i8 %window_V_631_2_i_loc, i8 %window_V_630_2_i_loc, i8 %window_V_322_loc, i8 %window_V_321_loc, i8 %window_V_627_2_i_loc, i8 %window_V_320_loc, i8 %window_V_319_loc, i8 %window_V_624_2_i_loc, i8 %window_V_318_loc, i8 %window_V_622_2_i_loc, i8 %window_V_621_2_i_loc, i8 %window_V_315_loc, i8 %window_V_314_loc, i8 %window_V_618_2_i_loc, i8 %window_V_313_loc, i8 %window_V_312_loc, i8 %window_V_615_2_i_loc, i8 %window_V_311_loc, i8 %window_V_613_2_i_loc, i8 %window_V_612_2_i_loc, i8 %window_V_308_loc, i8 %window_V_307_loc, i8 %window_V_609_2_i_loc, i8 %window_V_306_loc, i8 %window_V_305_loc, i8 %window_V_606_2_i_loc, i8 %window_V_304_loc, i8 %window_V_604_2_i_loc, i8 %window_V_603_2_i_loc, i8 %window_V_301_loc, i8 %window_V_300_loc, i8 %window_V_600_2_i_loc, i8 %window_V_299_loc, i8 %window_V_298_loc, i8 %window_V_597_2_i_loc, i8 %window_V_297_loc, i8 %window_V_595_2_i_loc, i8 %window_V_594_2_i_loc, i8 %window_V_294_loc, i8 %window_V_293_loc, i8 %window_V_591_2_i_loc, i8 %window_V_292_loc, i8 %window_V_291_loc, i8 %window_V_588_2_i_loc, i8 %window_V_290_loc, i8 %window_V_586_2_i_loc, i8 %window_V_585_2_i_loc, i8 %window_V_287_loc, i8 %window_V_286_loc, i8 %window_V_582_2_i_loc, i8 %window_V_285_loc, i8 %window_V_284_loc, i8 %window_V_579_2_i_loc, i8 %window_V_283_loc, i8 %window_V_577_2_i_loc, i8 %window_V_576_2_i_loc, i8 %window_V_280_loc, i8 %window_V_279_loc, i8 %window_V_573_2_i_loc, i8 %window_V_278_loc, i8 %window_V_277_loc, i8 %window_V_570_2_i_loc, i8 %window_V_276_loc, i8 %window_V_568_2_i_loc, i8 %window_V_567_2_i_loc, i8 %window_V_273_loc, i8 %window_V_272_loc, i8 %window_V_564_2_i_loc, i8 %window_V_271_loc, i8 %window_V_270_loc, i8 %window_V_561_2_i_loc, i8 %window_V_269_loc, i8 %window_V_559_2_i_loc, i8 %window_V_558_2_i_loc, i8 %window_V_266_loc, i8 %window_V_265_loc, i8 %window_V_555_2_i_loc, i8 %window_V_264_loc, i8 %window_V_263_loc, i8 %window_V_552_2_i_loc, i8 %window_V_262_loc, i8 %window_V_550_2_i_loc, i8 %window_V_549_2_i_loc, i8 %window_V_259_loc, i8 %window_V_258_loc, i8 %window_V_546_2_i_loc, i8 %window_V_257_loc, i8 %window_V_256_loc, i8 %window_V_543_2_i_loc, i8 %window_V_255_loc, i8 %window_V_541_2_i_loc, i8 %window_V_540_2_i_loc, i8 %window_V_252_loc, i8 %window_V_251_loc, i8 %window_V_537_2_i_loc, i8 %window_V_250_loc, i8 %window_V_249_loc, i8 %window_V_534_2_i_loc, i8 %window_V_248_loc, i8 %window_V_532_2_i_loc, i8 %window_V_531_2_i_loc, i8 %window_V_245_loc, i8 %window_V_244_loc, i8 %window_V_528_2_i_loc, i8 %window_V_243_loc, i8 %window_V_242_loc, i8 %window_V_525_2_i_loc, i8 %window_V_241_loc, i8 %window_V_523_2_i_loc, i8 %window_V_522_2_i_loc, i8 %window_V_238_loc, i8 %window_V_237_loc, i8 %window_V_519_2_i_loc, i8 %window_V_236_loc, i8 %window_V_235_loc, i8 %window_V_516_2_i_loc, i8 %window_V_234_loc, i8 %window_V_514_2_i_loc, i8 %window_V_2_i_loc, i8 %void_layer_block_stream_stream_signed_char_const_16_3_3_signed_char_con_1, i8 %void_layer_block_stream_stream_signed_char_const_16_3_3_signed_char_con, i8 %s_pool1" [vgg_accelerator.cpp:36]   --->   Operation 466 'call' 'call_ln36' <Predicate = true> <Delay = 1.36> <CoreType = "Generic">   --->   Core 0 '' <Latency = 0> <II = 1> <Delay = 1.00> <Generic> <Opcode : >

State 5 <SV = 4> <Delay = 0.48>
ST_5 : Operation 467 [1/1] (0.00ns)   --->   "%specloopname_ln0 = specloopname void @_ssdm_op_SpecLoopName, void @VITIS_LOOP_36_4_VITIS_LOOP_37_5_str"   --->   Operation 467 'specloopname' 'specloopname_ln0' <Predicate = true> <Delay = 0.00>
ST_5 : Operation 468 [1/1] (0.00ns)   --->   "%empty_48 = speclooptripcount i32 @_ssdm_op_SpecLoopTripCount, i64 256, i64 256, i64 256"   --->   Operation 468 'speclooptripcount' 'empty_48' <Predicate = true> <Delay = 0.00>
ST_5 : Operation 469 [1/1] (0.00ns)   --->   "%specloopname_ln37 = specloopname void @_ssdm_op_SpecLoopName, void @empty_1" [vgg_accelerator.cpp:37]   --->   Operation 469 'specloopname' 'specloopname_ln37' <Predicate = true> <Delay = 0.00>
ST_5 : Operation 470 [1/1] (0.00ns)   --->   "%window_V_230_loc_load = load i8 %window_V_230_loc"   --->   Operation 470 'load' 'window_V_230_loc_load' <Predicate = true> <Delay = 0.00>
ST_5 : Operation 471 [1/1] (0.00ns)   --->   "%window_V_229_loc_load = load i8 %window_V_229_loc"   --->   Operation 471 'load' 'window_V_229_loc_load' <Predicate = true> <Delay = 0.00>
ST_5 : Operation 472 [1/1] (0.00ns)   --->   "%window_V_654_2_i_loc_load = load i8 %window_V_654_2_i_loc"   --->   Operation 472 'load' 'window_V_654_2_i_loc_load' <Predicate = true> <Delay = 0.00>
ST_5 : Operation 473 [1/1] (0.00ns)   --->   "%window_V_228_loc_load = load i8 %window_V_228_loc"   --->   Operation 473 'load' 'window_V_228_loc_load' <Predicate = true> <Delay = 0.00>
ST_5 : Operation 474 [1/1] (0.00ns)   --->   "%window_V_227_loc_load = load i8 %window_V_227_loc"   --->   Operation 474 'load' 'window_V_227_loc_load' <Predicate = true> <Delay = 0.00>
ST_5 : Operation 475 [1/1] (0.00ns)   --->   "%window_V_651_2_i_loc_load = load i8 %window_V_651_2_i_loc"   --->   Operation 475 'load' 'window_V_651_2_i_loc_load' <Predicate = true> <Delay = 0.00>
ST_5 : Operation 476 [1/1] (0.00ns)   --->   "%window_V_226_loc_load = load i8 %window_V_226_loc"   --->   Operation 476 'load' 'window_V_226_loc_load' <Predicate = true> <Delay = 0.00>
ST_5 : Operation 477 [1/1] (0.00ns)   --->   "%window_V_649_2_i_loc_load = load i8 %window_V_649_2_i_loc"   --->   Operation 477 'load' 'window_V_649_2_i_loc_load' <Predicate = true> <Delay = 0.00>
ST_5 : Operation 478 [1/1] (0.00ns)   --->   "%window_V_648_2_i_loc_load = load i8 %window_V_648_2_i_loc"   --->   Operation 478 'load' 'window_V_648_2_i_loc_load' <Predicate = true> <Delay = 0.00>
ST_5 : Operation 479 [1/1] (0.00ns)   --->   "%window_V_336_loc_load = load i8 %window_V_336_loc"   --->   Operation 479 'load' 'window_V_336_loc_load' <Predicate = true> <Delay = 0.00>
ST_5 : Operation 480 [1/1] (0.00ns)   --->   "%window_V_335_loc_load = load i8 %window_V_335_loc"   --->   Operation 480 'load' 'window_V_335_loc_load' <Predicate = true> <Delay = 0.00>
ST_5 : Operation 481 [1/1] (0.00ns)   --->   "%window_V_645_2_i_loc_load = load i8 %window_V_645_2_i_loc"   --->   Operation 481 'load' 'window_V_645_2_i_loc_load' <Predicate = true> <Delay = 0.00>
ST_5 : Operation 482 [1/1] (0.00ns)   --->   "%window_V_334_loc_load = load i8 %window_V_334_loc"   --->   Operation 482 'load' 'window_V_334_loc_load' <Predicate = true> <Delay = 0.00>
ST_5 : Operation 483 [1/1] (0.00ns)   --->   "%window_V_333_loc_load = load i8 %window_V_333_loc"   --->   Operation 483 'load' 'window_V_333_loc_load' <Predicate = true> <Delay = 0.00>
ST_5 : Operation 484 [1/1] (0.00ns)   --->   "%window_V_642_2_i_loc_load = load i8 %window_V_642_2_i_loc"   --->   Operation 484 'load' 'window_V_642_2_i_loc_load' <Predicate = true> <Delay = 0.00>
ST_5 : Operation 485 [1/1] (0.00ns)   --->   "%window_V_332_loc_load = load i8 %window_V_332_loc"   --->   Operation 485 'load' 'window_V_332_loc_load' <Predicate = true> <Delay = 0.00>
ST_5 : Operation 486 [1/1] (0.00ns)   --->   "%window_V_640_2_i_loc_load = load i8 %window_V_640_2_i_loc"   --->   Operation 486 'load' 'window_V_640_2_i_loc_load' <Predicate = true> <Delay = 0.00>
ST_5 : Operation 487 [1/1] (0.00ns)   --->   "%window_V_639_2_i_loc_load = load i8 %window_V_639_2_i_loc"   --->   Operation 487 'load' 'window_V_639_2_i_loc_load' <Predicate = true> <Delay = 0.00>
ST_5 : Operation 488 [1/1] (0.00ns)   --->   "%window_V_329_loc_load = load i8 %window_V_329_loc"   --->   Operation 488 'load' 'window_V_329_loc_load' <Predicate = true> <Delay = 0.00>
ST_5 : Operation 489 [1/1] (0.00ns)   --->   "%window_V_328_loc_load = load i8 %window_V_328_loc"   --->   Operation 489 'load' 'window_V_328_loc_load' <Predicate = true> <Delay = 0.00>
ST_5 : Operation 490 [1/1] (0.00ns)   --->   "%window_V_636_2_i_loc_load = load i8 %window_V_636_2_i_loc"   --->   Operation 490 'load' 'window_V_636_2_i_loc_load' <Predicate = true> <Delay = 0.00>
ST_5 : Operation 491 [1/1] (0.00ns)   --->   "%window_V_327_loc_load = load i8 %window_V_327_loc"   --->   Operation 491 'load' 'window_V_327_loc_load' <Predicate = true> <Delay = 0.00>
ST_5 : Operation 492 [1/1] (0.00ns)   --->   "%window_V_326_loc_load = load i8 %window_V_326_loc"   --->   Operation 492 'load' 'window_V_326_loc_load' <Predicate = true> <Delay = 0.00>
ST_5 : Operation 493 [1/1] (0.00ns)   --->   "%window_V_633_2_i_loc_load = load i8 %window_V_633_2_i_loc"   --->   Operation 493 'load' 'window_V_633_2_i_loc_load' <Predicate = true> <Delay = 0.00>
ST_5 : Operation 494 [1/1] (0.00ns)   --->   "%window_V_325_loc_load = load i8 %window_V_325_loc"   --->   Operation 494 'load' 'window_V_325_loc_load' <Predicate = true> <Delay = 0.00>
ST_5 : Operation 495 [1/1] (0.00ns)   --->   "%window_V_631_2_i_loc_load = load i8 %window_V_631_2_i_loc"   --->   Operation 495 'load' 'window_V_631_2_i_loc_load' <Predicate = true> <Delay = 0.00>
ST_5 : Operation 496 [1/1] (0.00ns)   --->   "%window_V_630_2_i_loc_load = load i8 %window_V_630_2_i_loc"   --->   Operation 496 'load' 'window_V_630_2_i_loc_load' <Predicate = true> <Delay = 0.00>
ST_5 : Operation 497 [1/1] (0.00ns)   --->   "%window_V_322_loc_load = load i8 %window_V_322_loc"   --->   Operation 497 'load' 'window_V_322_loc_load' <Predicate = true> <Delay = 0.00>
ST_5 : Operation 498 [1/1] (0.00ns)   --->   "%window_V_321_loc_load = load i8 %window_V_321_loc"   --->   Operation 498 'load' 'window_V_321_loc_load' <Predicate = true> <Delay = 0.00>
ST_5 : Operation 499 [1/1] (0.00ns)   --->   "%window_V_627_2_i_loc_load = load i8 %window_V_627_2_i_loc"   --->   Operation 499 'load' 'window_V_627_2_i_loc_load' <Predicate = true> <Delay = 0.00>
ST_5 : Operation 500 [1/1] (0.00ns)   --->   "%window_V_320_loc_load = load i8 %window_V_320_loc"   --->   Operation 500 'load' 'window_V_320_loc_load' <Predicate = true> <Delay = 0.00>
ST_5 : Operation 501 [1/1] (0.00ns)   --->   "%window_V_319_loc_load = load i8 %window_V_319_loc"   --->   Operation 501 'load' 'window_V_319_loc_load' <Predicate = true> <Delay = 0.00>
ST_5 : Operation 502 [1/1] (0.00ns)   --->   "%window_V_624_2_i_loc_load = load i8 %window_V_624_2_i_loc"   --->   Operation 502 'load' 'window_V_624_2_i_loc_load' <Predicate = true> <Delay = 0.00>
ST_5 : Operation 503 [1/1] (0.00ns)   --->   "%window_V_318_loc_load = load i8 %window_V_318_loc"   --->   Operation 503 'load' 'window_V_318_loc_load' <Predicate = true> <Delay = 0.00>
ST_5 : Operation 504 [1/1] (0.00ns)   --->   "%window_V_622_2_i_loc_load = load i8 %window_V_622_2_i_loc"   --->   Operation 504 'load' 'window_V_622_2_i_loc_load' <Predicate = true> <Delay = 0.00>
ST_5 : Operation 505 [1/1] (0.00ns)   --->   "%window_V_621_2_i_loc_load = load i8 %window_V_621_2_i_loc"   --->   Operation 505 'load' 'window_V_621_2_i_loc_load' <Predicate = true> <Delay = 0.00>
ST_5 : Operation 506 [1/1] (0.00ns)   --->   "%window_V_315_loc_load = load i8 %window_V_315_loc"   --->   Operation 506 'load' 'window_V_315_loc_load' <Predicate = true> <Delay = 0.00>
ST_5 : Operation 507 [1/1] (0.00ns)   --->   "%window_V_314_loc_load = load i8 %window_V_314_loc"   --->   Operation 507 'load' 'window_V_314_loc_load' <Predicate = true> <Delay = 0.00>
ST_5 : Operation 508 [1/1] (0.00ns)   --->   "%window_V_618_2_i_loc_load = load i8 %window_V_618_2_i_loc"   --->   Operation 508 'load' 'window_V_618_2_i_loc_load' <Predicate = true> <Delay = 0.00>
ST_5 : Operation 509 [1/1] (0.00ns)   --->   "%window_V_313_loc_load = load i8 %window_V_313_loc"   --->   Operation 509 'load' 'window_V_313_loc_load' <Predicate = true> <Delay = 0.00>
ST_5 : Operation 510 [1/1] (0.00ns)   --->   "%window_V_312_loc_load = load i8 %window_V_312_loc"   --->   Operation 510 'load' 'window_V_312_loc_load' <Predicate = true> <Delay = 0.00>
ST_5 : Operation 511 [1/1] (0.00ns)   --->   "%window_V_615_2_i_loc_load = load i8 %window_V_615_2_i_loc"   --->   Operation 511 'load' 'window_V_615_2_i_loc_load' <Predicate = true> <Delay = 0.00>
ST_5 : Operation 512 [1/1] (0.00ns)   --->   "%window_V_311_loc_load = load i8 %window_V_311_loc"   --->   Operation 512 'load' 'window_V_311_loc_load' <Predicate = true> <Delay = 0.00>
ST_5 : Operation 513 [1/1] (0.00ns)   --->   "%window_V_613_2_i_loc_load = load i8 %window_V_613_2_i_loc"   --->   Operation 513 'load' 'window_V_613_2_i_loc_load' <Predicate = true> <Delay = 0.00>
ST_5 : Operation 514 [1/1] (0.00ns)   --->   "%window_V_612_2_i_loc_load = load i8 %window_V_612_2_i_loc"   --->   Operation 514 'load' 'window_V_612_2_i_loc_load' <Predicate = true> <Delay = 0.00>
ST_5 : Operation 515 [1/1] (0.00ns)   --->   "%window_V_308_loc_load = load i8 %window_V_308_loc"   --->   Operation 515 'load' 'window_V_308_loc_load' <Predicate = true> <Delay = 0.00>
ST_5 : Operation 516 [1/1] (0.00ns)   --->   "%window_V_307_loc_load = load i8 %window_V_307_loc"   --->   Operation 516 'load' 'window_V_307_loc_load' <Predicate = true> <Delay = 0.00>
ST_5 : Operation 517 [1/1] (0.00ns)   --->   "%window_V_609_2_i_loc_load = load i8 %window_V_609_2_i_loc"   --->   Operation 517 'load' 'window_V_609_2_i_loc_load' <Predicate = true> <Delay = 0.00>
ST_5 : Operation 518 [1/1] (0.00ns)   --->   "%window_V_306_loc_load = load i8 %window_V_306_loc"   --->   Operation 518 'load' 'window_V_306_loc_load' <Predicate = true> <Delay = 0.00>
ST_5 : Operation 519 [1/1] (0.00ns)   --->   "%window_V_305_loc_load = load i8 %window_V_305_loc"   --->   Operation 519 'load' 'window_V_305_loc_load' <Predicate = true> <Delay = 0.00>
ST_5 : Operation 520 [1/1] (0.00ns)   --->   "%window_V_606_2_i_loc_load = load i8 %window_V_606_2_i_loc"   --->   Operation 520 'load' 'window_V_606_2_i_loc_load' <Predicate = true> <Delay = 0.00>
ST_5 : Operation 521 [1/1] (0.00ns)   --->   "%window_V_304_loc_load = load i8 %window_V_304_loc"   --->   Operation 521 'load' 'window_V_304_loc_load' <Predicate = true> <Delay = 0.00>
ST_5 : Operation 522 [1/1] (0.00ns)   --->   "%window_V_604_2_i_loc_load = load i8 %window_V_604_2_i_loc"   --->   Operation 522 'load' 'window_V_604_2_i_loc_load' <Predicate = true> <Delay = 0.00>
ST_5 : Operation 523 [1/1] (0.00ns)   --->   "%window_V_603_2_i_loc_load = load i8 %window_V_603_2_i_loc"   --->   Operation 523 'load' 'window_V_603_2_i_loc_load' <Predicate = true> <Delay = 0.00>
ST_5 : Operation 524 [1/1] (0.00ns)   --->   "%window_V_301_loc_load = load i8 %window_V_301_loc"   --->   Operation 524 'load' 'window_V_301_loc_load' <Predicate = true> <Delay = 0.00>
ST_5 : Operation 525 [1/1] (0.00ns)   --->   "%window_V_300_loc_load = load i8 %window_V_300_loc"   --->   Operation 525 'load' 'window_V_300_loc_load' <Predicate = true> <Delay = 0.00>
ST_5 : Operation 526 [1/1] (0.00ns)   --->   "%window_V_600_2_i_loc_load = load i8 %window_V_600_2_i_loc"   --->   Operation 526 'load' 'window_V_600_2_i_loc_load' <Predicate = true> <Delay = 0.00>
ST_5 : Operation 527 [1/1] (0.00ns)   --->   "%window_V_299_loc_load = load i8 %window_V_299_loc"   --->   Operation 527 'load' 'window_V_299_loc_load' <Predicate = true> <Delay = 0.00>
ST_5 : Operation 528 [1/1] (0.00ns)   --->   "%window_V_298_loc_load = load i8 %window_V_298_loc"   --->   Operation 528 'load' 'window_V_298_loc_load' <Predicate = true> <Delay = 0.00>
ST_5 : Operation 529 [1/1] (0.00ns)   --->   "%window_V_597_2_i_loc_load = load i8 %window_V_597_2_i_loc"   --->   Operation 529 'load' 'window_V_597_2_i_loc_load' <Predicate = true> <Delay = 0.00>
ST_5 : Operation 530 [1/1] (0.00ns)   --->   "%window_V_297_loc_load = load i8 %window_V_297_loc"   --->   Operation 530 'load' 'window_V_297_loc_load' <Predicate = true> <Delay = 0.00>
ST_5 : Operation 531 [1/1] (0.00ns)   --->   "%window_V_595_2_i_loc_load = load i8 %window_V_595_2_i_loc"   --->   Operation 531 'load' 'window_V_595_2_i_loc_load' <Predicate = true> <Delay = 0.00>
ST_5 : Operation 532 [1/1] (0.00ns)   --->   "%window_V_594_2_i_loc_load = load i8 %window_V_594_2_i_loc"   --->   Operation 532 'load' 'window_V_594_2_i_loc_load' <Predicate = true> <Delay = 0.00>
ST_5 : Operation 533 [1/1] (0.00ns)   --->   "%window_V_294_loc_load = load i8 %window_V_294_loc"   --->   Operation 533 'load' 'window_V_294_loc_load' <Predicate = true> <Delay = 0.00>
ST_5 : Operation 534 [1/1] (0.00ns)   --->   "%window_V_293_loc_load = load i8 %window_V_293_loc"   --->   Operation 534 'load' 'window_V_293_loc_load' <Predicate = true> <Delay = 0.00>
ST_5 : Operation 535 [1/1] (0.00ns)   --->   "%window_V_591_2_i_loc_load = load i8 %window_V_591_2_i_loc"   --->   Operation 535 'load' 'window_V_591_2_i_loc_load' <Predicate = true> <Delay = 0.00>
ST_5 : Operation 536 [1/1] (0.00ns)   --->   "%window_V_292_loc_load = load i8 %window_V_292_loc"   --->   Operation 536 'load' 'window_V_292_loc_load' <Predicate = true> <Delay = 0.00>
ST_5 : Operation 537 [1/1] (0.00ns)   --->   "%window_V_291_loc_load = load i8 %window_V_291_loc"   --->   Operation 537 'load' 'window_V_291_loc_load' <Predicate = true> <Delay = 0.00>
ST_5 : Operation 538 [1/1] (0.00ns)   --->   "%window_V_588_2_i_loc_load = load i8 %window_V_588_2_i_loc"   --->   Operation 538 'load' 'window_V_588_2_i_loc_load' <Predicate = true> <Delay = 0.00>
ST_5 : Operation 539 [1/1] (0.00ns)   --->   "%window_V_290_loc_load = load i8 %window_V_290_loc"   --->   Operation 539 'load' 'window_V_290_loc_load' <Predicate = true> <Delay = 0.00>
ST_5 : Operation 540 [1/1] (0.00ns)   --->   "%window_V_586_2_i_loc_load = load i8 %window_V_586_2_i_loc"   --->   Operation 540 'load' 'window_V_586_2_i_loc_load' <Predicate = true> <Delay = 0.00>
ST_5 : Operation 541 [1/1] (0.00ns)   --->   "%window_V_585_2_i_loc_load = load i8 %window_V_585_2_i_loc"   --->   Operation 541 'load' 'window_V_585_2_i_loc_load' <Predicate = true> <Delay = 0.00>
ST_5 : Operation 542 [1/1] (0.00ns)   --->   "%window_V_287_loc_load = load i8 %window_V_287_loc"   --->   Operation 542 'load' 'window_V_287_loc_load' <Predicate = true> <Delay = 0.00>
ST_5 : Operation 543 [1/1] (0.00ns)   --->   "%window_V_286_loc_load = load i8 %window_V_286_loc"   --->   Operation 543 'load' 'window_V_286_loc_load' <Predicate = true> <Delay = 0.00>
ST_5 : Operation 544 [1/1] (0.00ns)   --->   "%window_V_582_2_i_loc_load = load i8 %window_V_582_2_i_loc"   --->   Operation 544 'load' 'window_V_582_2_i_loc_load' <Predicate = true> <Delay = 0.00>
ST_5 : Operation 545 [1/1] (0.00ns)   --->   "%window_V_285_loc_load = load i8 %window_V_285_loc"   --->   Operation 545 'load' 'window_V_285_loc_load' <Predicate = true> <Delay = 0.00>
ST_5 : Operation 546 [1/1] (0.00ns)   --->   "%window_V_284_loc_load = load i8 %window_V_284_loc"   --->   Operation 546 'load' 'window_V_284_loc_load' <Predicate = true> <Delay = 0.00>
ST_5 : Operation 547 [1/1] (0.00ns)   --->   "%window_V_579_2_i_loc_load = load i8 %window_V_579_2_i_loc"   --->   Operation 547 'load' 'window_V_579_2_i_loc_load' <Predicate = true> <Delay = 0.00>
ST_5 : Operation 548 [1/1] (0.00ns)   --->   "%window_V_283_loc_load = load i8 %window_V_283_loc"   --->   Operation 548 'load' 'window_V_283_loc_load' <Predicate = true> <Delay = 0.00>
ST_5 : Operation 549 [1/1] (0.00ns)   --->   "%window_V_577_2_i_loc_load = load i8 %window_V_577_2_i_loc"   --->   Operation 549 'load' 'window_V_577_2_i_loc_load' <Predicate = true> <Delay = 0.00>
ST_5 : Operation 550 [1/1] (0.00ns)   --->   "%window_V_576_2_i_loc_load = load i8 %window_V_576_2_i_loc"   --->   Operation 550 'load' 'window_V_576_2_i_loc_load' <Predicate = true> <Delay = 0.00>
ST_5 : Operation 551 [1/1] (0.00ns)   --->   "%window_V_280_loc_load = load i8 %window_V_280_loc"   --->   Operation 551 'load' 'window_V_280_loc_load' <Predicate = true> <Delay = 0.00>
ST_5 : Operation 552 [1/1] (0.00ns)   --->   "%window_V_279_loc_load = load i8 %window_V_279_loc"   --->   Operation 552 'load' 'window_V_279_loc_load' <Predicate = true> <Delay = 0.00>
ST_5 : Operation 553 [1/1] (0.00ns)   --->   "%window_V_573_2_i_loc_load = load i8 %window_V_573_2_i_loc"   --->   Operation 553 'load' 'window_V_573_2_i_loc_load' <Predicate = true> <Delay = 0.00>
ST_5 : Operation 554 [1/1] (0.00ns)   --->   "%window_V_278_loc_load = load i8 %window_V_278_loc"   --->   Operation 554 'load' 'window_V_278_loc_load' <Predicate = true> <Delay = 0.00>
ST_5 : Operation 555 [1/1] (0.00ns)   --->   "%window_V_277_loc_load = load i8 %window_V_277_loc"   --->   Operation 555 'load' 'window_V_277_loc_load' <Predicate = true> <Delay = 0.00>
ST_5 : Operation 556 [1/1] (0.00ns)   --->   "%window_V_570_2_i_loc_load = load i8 %window_V_570_2_i_loc"   --->   Operation 556 'load' 'window_V_570_2_i_loc_load' <Predicate = true> <Delay = 0.00>
ST_5 : Operation 557 [1/1] (0.00ns)   --->   "%window_V_276_loc_load = load i8 %window_V_276_loc"   --->   Operation 557 'load' 'window_V_276_loc_load' <Predicate = true> <Delay = 0.00>
ST_5 : Operation 558 [1/1] (0.00ns)   --->   "%window_V_568_2_i_loc_load = load i8 %window_V_568_2_i_loc"   --->   Operation 558 'load' 'window_V_568_2_i_loc_load' <Predicate = true> <Delay = 0.00>
ST_5 : Operation 559 [1/1] (0.00ns)   --->   "%window_V_567_2_i_loc_load = load i8 %window_V_567_2_i_loc"   --->   Operation 559 'load' 'window_V_567_2_i_loc_load' <Predicate = true> <Delay = 0.00>
ST_5 : Operation 560 [1/1] (0.00ns)   --->   "%window_V_273_loc_load = load i8 %window_V_273_loc"   --->   Operation 560 'load' 'window_V_273_loc_load' <Predicate = true> <Delay = 0.00>
ST_5 : Operation 561 [1/1] (0.00ns)   --->   "%window_V_272_loc_load = load i8 %window_V_272_loc"   --->   Operation 561 'load' 'window_V_272_loc_load' <Predicate = true> <Delay = 0.00>
ST_5 : Operation 562 [1/1] (0.00ns)   --->   "%window_V_564_2_i_loc_load = load i8 %window_V_564_2_i_loc"   --->   Operation 562 'load' 'window_V_564_2_i_loc_load' <Predicate = true> <Delay = 0.00>
ST_5 : Operation 563 [1/1] (0.00ns)   --->   "%window_V_271_loc_load = load i8 %window_V_271_loc"   --->   Operation 563 'load' 'window_V_271_loc_load' <Predicate = true> <Delay = 0.00>
ST_5 : Operation 564 [1/1] (0.00ns)   --->   "%window_V_270_loc_load = load i8 %window_V_270_loc"   --->   Operation 564 'load' 'window_V_270_loc_load' <Predicate = true> <Delay = 0.00>
ST_5 : Operation 565 [1/1] (0.00ns)   --->   "%window_V_561_2_i_loc_load = load i8 %window_V_561_2_i_loc"   --->   Operation 565 'load' 'window_V_561_2_i_loc_load' <Predicate = true> <Delay = 0.00>
ST_5 : Operation 566 [1/1] (0.00ns)   --->   "%window_V_269_loc_load = load i8 %window_V_269_loc"   --->   Operation 566 'load' 'window_V_269_loc_load' <Predicate = true> <Delay = 0.00>
ST_5 : Operation 567 [1/1] (0.00ns)   --->   "%window_V_559_2_i_loc_load = load i8 %window_V_559_2_i_loc"   --->   Operation 567 'load' 'window_V_559_2_i_loc_load' <Predicate = true> <Delay = 0.00>
ST_5 : Operation 568 [1/1] (0.00ns)   --->   "%window_V_558_2_i_loc_load = load i8 %window_V_558_2_i_loc"   --->   Operation 568 'load' 'window_V_558_2_i_loc_load' <Predicate = true> <Delay = 0.00>
ST_5 : Operation 569 [1/1] (0.00ns)   --->   "%window_V_266_loc_load = load i8 %window_V_266_loc"   --->   Operation 569 'load' 'window_V_266_loc_load' <Predicate = true> <Delay = 0.00>
ST_5 : Operation 570 [1/1] (0.00ns)   --->   "%window_V_265_loc_load = load i8 %window_V_265_loc"   --->   Operation 570 'load' 'window_V_265_loc_load' <Predicate = true> <Delay = 0.00>
ST_5 : Operation 571 [1/1] (0.00ns)   --->   "%window_V_555_2_i_loc_load = load i8 %window_V_555_2_i_loc"   --->   Operation 571 'load' 'window_V_555_2_i_loc_load' <Predicate = true> <Delay = 0.00>
ST_5 : Operation 572 [1/1] (0.00ns)   --->   "%window_V_264_loc_load = load i8 %window_V_264_loc"   --->   Operation 572 'load' 'window_V_264_loc_load' <Predicate = true> <Delay = 0.00>
ST_5 : Operation 573 [1/1] (0.00ns)   --->   "%window_V_263_loc_load = load i8 %window_V_263_loc"   --->   Operation 573 'load' 'window_V_263_loc_load' <Predicate = true> <Delay = 0.00>
ST_5 : Operation 574 [1/1] (0.00ns)   --->   "%window_V_552_2_i_loc_load = load i8 %window_V_552_2_i_loc"   --->   Operation 574 'load' 'window_V_552_2_i_loc_load' <Predicate = true> <Delay = 0.00>
ST_5 : Operation 575 [1/1] (0.00ns)   --->   "%window_V_262_loc_load = load i8 %window_V_262_loc"   --->   Operation 575 'load' 'window_V_262_loc_load' <Predicate = true> <Delay = 0.00>
ST_5 : Operation 576 [1/1] (0.00ns)   --->   "%window_V_550_2_i_loc_load = load i8 %window_V_550_2_i_loc"   --->   Operation 576 'load' 'window_V_550_2_i_loc_load' <Predicate = true> <Delay = 0.00>
ST_5 : Operation 577 [1/1] (0.00ns)   --->   "%window_V_549_2_i_loc_load = load i8 %window_V_549_2_i_loc"   --->   Operation 577 'load' 'window_V_549_2_i_loc_load' <Predicate = true> <Delay = 0.00>
ST_5 : Operation 578 [1/1] (0.00ns)   --->   "%window_V_259_loc_load = load i8 %window_V_259_loc"   --->   Operation 578 'load' 'window_V_259_loc_load' <Predicate = true> <Delay = 0.00>
ST_5 : Operation 579 [1/1] (0.00ns)   --->   "%window_V_258_loc_load = load i8 %window_V_258_loc"   --->   Operation 579 'load' 'window_V_258_loc_load' <Predicate = true> <Delay = 0.00>
ST_5 : Operation 580 [1/1] (0.00ns)   --->   "%window_V_546_2_i_loc_load = load i8 %window_V_546_2_i_loc"   --->   Operation 580 'load' 'window_V_546_2_i_loc_load' <Predicate = true> <Delay = 0.00>
ST_5 : Operation 581 [1/1] (0.00ns)   --->   "%window_V_257_loc_load = load i8 %window_V_257_loc"   --->   Operation 581 'load' 'window_V_257_loc_load' <Predicate = true> <Delay = 0.00>
ST_5 : Operation 582 [1/1] (0.00ns)   --->   "%window_V_256_loc_load = load i8 %window_V_256_loc"   --->   Operation 582 'load' 'window_V_256_loc_load' <Predicate = true> <Delay = 0.00>
ST_5 : Operation 583 [1/1] (0.00ns)   --->   "%window_V_543_2_i_loc_load = load i8 %window_V_543_2_i_loc"   --->   Operation 583 'load' 'window_V_543_2_i_loc_load' <Predicate = true> <Delay = 0.00>
ST_5 : Operation 584 [1/1] (0.00ns)   --->   "%window_V_255_loc_load = load i8 %window_V_255_loc"   --->   Operation 584 'load' 'window_V_255_loc_load' <Predicate = true> <Delay = 0.00>
ST_5 : Operation 585 [1/1] (0.00ns)   --->   "%window_V_541_2_i_loc_load = load i8 %window_V_541_2_i_loc"   --->   Operation 585 'load' 'window_V_541_2_i_loc_load' <Predicate = true> <Delay = 0.00>
ST_5 : Operation 586 [1/1] (0.00ns)   --->   "%window_V_540_2_i_loc_load = load i8 %window_V_540_2_i_loc"   --->   Operation 586 'load' 'window_V_540_2_i_loc_load' <Predicate = true> <Delay = 0.00>
ST_5 : Operation 587 [1/1] (0.00ns)   --->   "%window_V_252_loc_load = load i8 %window_V_252_loc"   --->   Operation 587 'load' 'window_V_252_loc_load' <Predicate = true> <Delay = 0.00>
ST_5 : Operation 588 [1/1] (0.00ns)   --->   "%window_V_251_loc_load = load i8 %window_V_251_loc"   --->   Operation 588 'load' 'window_V_251_loc_load' <Predicate = true> <Delay = 0.00>
ST_5 : Operation 589 [1/1] (0.00ns)   --->   "%window_V_537_2_i_loc_load = load i8 %window_V_537_2_i_loc"   --->   Operation 589 'load' 'window_V_537_2_i_loc_load' <Predicate = true> <Delay = 0.00>
ST_5 : Operation 590 [1/1] (0.00ns)   --->   "%window_V_250_loc_load = load i8 %window_V_250_loc"   --->   Operation 590 'load' 'window_V_250_loc_load' <Predicate = true> <Delay = 0.00>
ST_5 : Operation 591 [1/1] (0.00ns)   --->   "%window_V_249_loc_load = load i8 %window_V_249_loc"   --->   Operation 591 'load' 'window_V_249_loc_load' <Predicate = true> <Delay = 0.00>
ST_5 : Operation 592 [1/1] (0.00ns)   --->   "%window_V_534_2_i_loc_load = load i8 %window_V_534_2_i_loc"   --->   Operation 592 'load' 'window_V_534_2_i_loc_load' <Predicate = true> <Delay = 0.00>
ST_5 : Operation 593 [1/1] (0.00ns)   --->   "%window_V_248_loc_load = load i8 %window_V_248_loc"   --->   Operation 593 'load' 'window_V_248_loc_load' <Predicate = true> <Delay = 0.00>
ST_5 : Operation 594 [1/1] (0.00ns)   --->   "%window_V_532_2_i_loc_load = load i8 %window_V_532_2_i_loc"   --->   Operation 594 'load' 'window_V_532_2_i_loc_load' <Predicate = true> <Delay = 0.00>
ST_5 : Operation 595 [1/1] (0.00ns)   --->   "%window_V_531_2_i_loc_load = load i8 %window_V_531_2_i_loc"   --->   Operation 595 'load' 'window_V_531_2_i_loc_load' <Predicate = true> <Delay = 0.00>
ST_5 : Operation 596 [1/1] (0.00ns)   --->   "%window_V_245_loc_load = load i8 %window_V_245_loc"   --->   Operation 596 'load' 'window_V_245_loc_load' <Predicate = true> <Delay = 0.00>
ST_5 : Operation 597 [1/1] (0.00ns)   --->   "%window_V_244_loc_load = load i8 %window_V_244_loc"   --->   Operation 597 'load' 'window_V_244_loc_load' <Predicate = true> <Delay = 0.00>
ST_5 : Operation 598 [1/1] (0.00ns)   --->   "%window_V_528_2_i_loc_load = load i8 %window_V_528_2_i_loc"   --->   Operation 598 'load' 'window_V_528_2_i_loc_load' <Predicate = true> <Delay = 0.00>
ST_5 : Operation 599 [1/1] (0.00ns)   --->   "%window_V_243_loc_load = load i8 %window_V_243_loc"   --->   Operation 599 'load' 'window_V_243_loc_load' <Predicate = true> <Delay = 0.00>
ST_5 : Operation 600 [1/1] (0.00ns)   --->   "%window_V_242_loc_load = load i8 %window_V_242_loc"   --->   Operation 600 'load' 'window_V_242_loc_load' <Predicate = true> <Delay = 0.00>
ST_5 : Operation 601 [1/1] (0.00ns)   --->   "%window_V_525_2_i_loc_load = load i8 %window_V_525_2_i_loc"   --->   Operation 601 'load' 'window_V_525_2_i_loc_load' <Predicate = true> <Delay = 0.00>
ST_5 : Operation 602 [1/1] (0.00ns)   --->   "%window_V_241_loc_load = load i8 %window_V_241_loc"   --->   Operation 602 'load' 'window_V_241_loc_load' <Predicate = true> <Delay = 0.00>
ST_5 : Operation 603 [1/1] (0.00ns)   --->   "%window_V_523_2_i_loc_load = load i8 %window_V_523_2_i_loc"   --->   Operation 603 'load' 'window_V_523_2_i_loc_load' <Predicate = true> <Delay = 0.00>
ST_5 : Operation 604 [1/1] (0.00ns)   --->   "%window_V_522_2_i_loc_load = load i8 %window_V_522_2_i_loc"   --->   Operation 604 'load' 'window_V_522_2_i_loc_load' <Predicate = true> <Delay = 0.00>
ST_5 : Operation 605 [1/1] (0.00ns)   --->   "%window_V_238_loc_load = load i8 %window_V_238_loc"   --->   Operation 605 'load' 'window_V_238_loc_load' <Predicate = true> <Delay = 0.00>
ST_5 : Operation 606 [1/1] (0.00ns)   --->   "%window_V_237_loc_load = load i8 %window_V_237_loc"   --->   Operation 606 'load' 'window_V_237_loc_load' <Predicate = true> <Delay = 0.00>
ST_5 : Operation 607 [1/1] (0.00ns)   --->   "%window_V_519_2_i_loc_load = load i8 %window_V_519_2_i_loc"   --->   Operation 607 'load' 'window_V_519_2_i_loc_load' <Predicate = true> <Delay = 0.00>
ST_5 : Operation 608 [1/1] (0.00ns)   --->   "%window_V_236_loc_load = load i8 %window_V_236_loc"   --->   Operation 608 'load' 'window_V_236_loc_load' <Predicate = true> <Delay = 0.00>
ST_5 : Operation 609 [1/1] (0.00ns)   --->   "%window_V_235_loc_load = load i8 %window_V_235_loc"   --->   Operation 609 'load' 'window_V_235_loc_load' <Predicate = true> <Delay = 0.00>
ST_5 : Operation 610 [1/1] (0.00ns)   --->   "%window_V_516_2_i_loc_load = load i8 %window_V_516_2_i_loc"   --->   Operation 610 'load' 'window_V_516_2_i_loc_load' <Predicate = true> <Delay = 0.00>
ST_5 : Operation 611 [1/1] (0.00ns)   --->   "%window_V_234_loc_load = load i8 %window_V_234_loc"   --->   Operation 611 'load' 'window_V_234_loc_load' <Predicate = true> <Delay = 0.00>
ST_5 : Operation 612 [1/1] (0.00ns)   --->   "%window_V_514_2_i_loc_load = load i8 %window_V_514_2_i_loc"   --->   Operation 612 'load' 'window_V_514_2_i_loc_load' <Predicate = true> <Delay = 0.00>
ST_5 : Operation 613 [1/1] (0.00ns)   --->   "%window_V_2_i_loc_load = load i8 %window_V_2_i_loc"   --->   Operation 613 'load' 'window_V_2_i_loc_load' <Predicate = true> <Delay = 0.00>
ST_5 : Operation 614 [1/1] (0.00ns)   --->   "%empty_50 = wait i32 @_ssdm_op_Wait"   --->   Operation 614 'wait' 'empty_50' <Predicate = true> <Delay = 0.00>
ST_5 : Operation 615 [1/1] (0.48ns)   --->   "%br_ln64 = br void %for.body152.i" [vgg_accelerator.cpp:64]   --->   Operation 615 'br' 'br_ln64' <Predicate = true> <Delay = 0.48>

State 6 <SV = 5> <Delay = 1.36>
ST_6 : Operation 616 [1/1] (0.00ns)   --->   "%f = phi i6 %add_ln64, void %for.body152.split.i, i6 0, void %for.inc205.i" [vgg_accelerator.cpp:64]   --->   Operation 616 'phi' 'f' <Predicate = true> <Delay = 0.00>
ST_6 : Operation 617 [1/1] (0.87ns)   --->   "%icmp_ln64 = icmp_eq  i6 %f, i6 32" [vgg_accelerator.cpp:64]   --->   Operation 617 'icmp' 'icmp_ln64' <Predicate = true> <Delay = 0.87> <CoreInst = "Cmp">   --->   Core 9 'Cmp' <Latency = 0> <II = 1> <Delay = 0.86> <FuncUnit> <Opcode : 'icmp'> <InPorts = 2> <OutPorts = 1>
ST_6 : Operation 618 [1/1] (0.00ns)   --->   "%empty = speclooptripcount i32 @_ssdm_op_SpecLoopTripCount, i64 32, i64 32, i64 32"   --->   Operation 618 'speclooptripcount' 'empty' <Predicate = true> <Delay = 0.00>
ST_6 : Operation 619 [1/1] (0.88ns)   --->   "%add_ln64 = add i6 %f, i6 1" [vgg_accelerator.cpp:64]   --->   Operation 619 'add' 'add_ln64' <Predicate = true> <Delay = 0.88> <CoreInst = "Adder">   --->   Core 1 'Adder' <Latency = 0> <II = 1> <Delay = 0.88> <FuncUnit> <Opcode : 'add' 'sub'> <InPorts = 2> <OutPorts = 1>
ST_6 : Operation 620 [1/1] (0.00ns)   --->   "%br_ln64 = br i1 %icmp_ln64, void %for.body152.split.i, void %for.inc202.i" [vgg_accelerator.cpp:64]   --->   Operation 620 'br' 'br_ln64' <Predicate = true> <Delay = 0.00>
ST_6 : Operation 621 [1/1] (0.00ns)   --->   "%zext_ln64 = zext i6 %f" [vgg_accelerator.cpp:64]   --->   Operation 621 'zext' 'zext_ln64' <Predicate = (!icmp_ln64)> <Delay = 0.00>
ST_6 : Operation 622 [1/1] (0.00ns)   --->   "%conv2_bias_addr = getelementptr i4 %conv2_bias, i64 0, i64 %zext_ln64" [vgg_accelerator.cpp:66]   --->   Operation 622 'getelementptr' 'conv2_bias_addr' <Predicate = (!icmp_ln64)> <Delay = 0.00>
ST_6 : Operation 623 [2/2] (0.79ns)   --->   "%acc_V = load i5 %conv2_bias_addr" [vgg_accelerator.cpp:66]   --->   Operation 623 'load' 'acc_V' <Predicate = (!icmp_ln64)> <Delay = 0.79> <CoreInst = "ROM">   --->   Core 101 'ROM' <Latency = 1> <II = 1> <Delay = 0.79> <Storage> <Opcode : 'load'> <Ports = 0> <Width = 4> <Depth = 32> <ROM>
ST_6 : Operation 624 [1/1] (0.00ns)   --->   "%trunc_ln76 = trunc i6 %f" [vgg_accelerator.cpp:76]   --->   Operation 624 'trunc' 'trunc_ln76' <Predicate = (!icmp_ln64)> <Delay = 0.00>
ST_6 : Operation 625 [1/1] (0.00ns)   --->   "%empty_47 = wait i32 @_ssdm_op_Wait"   --->   Operation 625 'wait' 'empty_47' <Predicate = (!icmp_ln64)> <Delay = 0.00>
ST_6 : Operation 626 [1/1] (0.87ns)   --->   "%add_ln37 = add i5 %select_ln36, i5 1" [vgg_accelerator.cpp:37]   --->   Operation 626 'add' 'add_ln37' <Predicate = (icmp_ln64)> <Delay = 0.87> <CoreInst = "Adder">   --->   Core 1 'Adder' <Latency = 0> <II = 1> <Delay = 0.87> <FuncUnit> <Opcode : 'add' 'sub'> <InPorts = 2> <OutPorts = 1>
ST_6 : Operation 627 [1/1] (0.48ns)   --->   "%store_ln37 = store i9 %add_ln36, i9 %indvar_flatten20" [vgg_accelerator.cpp:37]   --->   Operation 627 'store' 'store_ln37' <Predicate = (icmp_ln64)> <Delay = 0.48>
ST_6 : Operation 628 [1/1] (0.00ns)   --->   "%store_ln37 = store i8 %window_V_230_loc_load, i8 %window_V_656_1_i" [vgg_accelerator.cpp:37]   --->   Operation 628 'store' 'store_ln37' <Predicate = (icmp_ln64)> <Delay = 0.00>
ST_6 : Operation 629 [1/1] (0.00ns)   --->   "%store_ln37 = store i8 %window_V_229_loc_load, i8 %window_V_655_1_i" [vgg_accelerator.cpp:37]   --->   Operation 629 'store' 'store_ln37' <Predicate = (icmp_ln64)> <Delay = 0.00>
ST_6 : Operation 630 [1/1] (0.00ns)   --->   "%store_ln37 = store i8 %window_V_654_2_i_loc_load, i8 %window_V_654_1_i" [vgg_accelerator.cpp:37]   --->   Operation 630 'store' 'store_ln37' <Predicate = (icmp_ln64)> <Delay = 0.00>
ST_6 : Operation 631 [1/1] (0.00ns)   --->   "%store_ln37 = store i8 %window_V_228_loc_load, i8 %window_V_653_1_i" [vgg_accelerator.cpp:37]   --->   Operation 631 'store' 'store_ln37' <Predicate = (icmp_ln64)> <Delay = 0.00>
ST_6 : Operation 632 [1/1] (0.00ns)   --->   "%store_ln37 = store i8 %window_V_227_loc_load, i8 %window_V_652_1_i" [vgg_accelerator.cpp:37]   --->   Operation 632 'store' 'store_ln37' <Predicate = (icmp_ln64)> <Delay = 0.00>
ST_6 : Operation 633 [1/1] (0.00ns)   --->   "%store_ln37 = store i8 %window_V_651_2_i_loc_load, i8 %window_V_651_1_i" [vgg_accelerator.cpp:37]   --->   Operation 633 'store' 'store_ln37' <Predicate = (icmp_ln64)> <Delay = 0.00>
ST_6 : Operation 634 [1/1] (0.00ns)   --->   "%store_ln37 = store i8 %window_V_226_loc_load, i8 %window_V_650_1_i" [vgg_accelerator.cpp:37]   --->   Operation 634 'store' 'store_ln37' <Predicate = (icmp_ln64)> <Delay = 0.00>
ST_6 : Operation 635 [1/1] (0.00ns)   --->   "%store_ln37 = store i8 %window_V_649_2_i_loc_load, i8 %window_V_649_1_i" [vgg_accelerator.cpp:37]   --->   Operation 635 'store' 'store_ln37' <Predicate = (icmp_ln64)> <Delay = 0.00>
ST_6 : Operation 636 [1/1] (0.00ns)   --->   "%store_ln37 = store i8 %window_V_648_2_i_loc_load, i8 %window_V_648_1_i" [vgg_accelerator.cpp:37]   --->   Operation 636 'store' 'store_ln37' <Predicate = (icmp_ln64)> <Delay = 0.00>
ST_6 : Operation 637 [1/1] (0.00ns)   --->   "%store_ln37 = store i8 %window_V_336_loc_load, i8 %window_V_647_1_i" [vgg_accelerator.cpp:37]   --->   Operation 637 'store' 'store_ln37' <Predicate = (icmp_ln64)> <Delay = 0.00>
ST_6 : Operation 638 [1/1] (0.00ns)   --->   "%store_ln37 = store i8 %window_V_335_loc_load, i8 %window_V_646_1_i" [vgg_accelerator.cpp:37]   --->   Operation 638 'store' 'store_ln37' <Predicate = (icmp_ln64)> <Delay = 0.00>
ST_6 : Operation 639 [1/1] (0.00ns)   --->   "%store_ln37 = store i8 %window_V_645_2_i_loc_load, i8 %window_V_645_1_i" [vgg_accelerator.cpp:37]   --->   Operation 639 'store' 'store_ln37' <Predicate = (icmp_ln64)> <Delay = 0.00>
ST_6 : Operation 640 [1/1] (0.00ns)   --->   "%store_ln37 = store i8 %window_V_334_loc_load, i8 %window_V_644_1_i" [vgg_accelerator.cpp:37]   --->   Operation 640 'store' 'store_ln37' <Predicate = (icmp_ln64)> <Delay = 0.00>
ST_6 : Operation 641 [1/1] (0.00ns)   --->   "%store_ln37 = store i8 %window_V_333_loc_load, i8 %window_V_643_1_i" [vgg_accelerator.cpp:37]   --->   Operation 641 'store' 'store_ln37' <Predicate = (icmp_ln64)> <Delay = 0.00>
ST_6 : Operation 642 [1/1] (0.00ns)   --->   "%store_ln37 = store i8 %window_V_642_2_i_loc_load, i8 %window_V_642_1_i" [vgg_accelerator.cpp:37]   --->   Operation 642 'store' 'store_ln37' <Predicate = (icmp_ln64)> <Delay = 0.00>
ST_6 : Operation 643 [1/1] (0.00ns)   --->   "%store_ln37 = store i8 %window_V_332_loc_load, i8 %window_V_641_1_i" [vgg_accelerator.cpp:37]   --->   Operation 643 'store' 'store_ln37' <Predicate = (icmp_ln64)> <Delay = 0.00>
ST_6 : Operation 644 [1/1] (0.00ns)   --->   "%store_ln37 = store i8 %window_V_640_2_i_loc_load, i8 %window_V_640_1_i" [vgg_accelerator.cpp:37]   --->   Operation 644 'store' 'store_ln37' <Predicate = (icmp_ln64)> <Delay = 0.00>
ST_6 : Operation 645 [1/1] (0.00ns)   --->   "%store_ln37 = store i8 %window_V_639_2_i_loc_load, i8 %window_V_639_1_i" [vgg_accelerator.cpp:37]   --->   Operation 645 'store' 'store_ln37' <Predicate = (icmp_ln64)> <Delay = 0.00>
ST_6 : Operation 646 [1/1] (0.00ns)   --->   "%store_ln37 = store i8 %window_V_329_loc_load, i8 %window_V_638_1_i" [vgg_accelerator.cpp:37]   --->   Operation 646 'store' 'store_ln37' <Predicate = (icmp_ln64)> <Delay = 0.00>
ST_6 : Operation 647 [1/1] (0.00ns)   --->   "%store_ln37 = store i8 %window_V_328_loc_load, i8 %window_V_637_1_i" [vgg_accelerator.cpp:37]   --->   Operation 647 'store' 'store_ln37' <Predicate = (icmp_ln64)> <Delay = 0.00>
ST_6 : Operation 648 [1/1] (0.00ns)   --->   "%store_ln37 = store i8 %window_V_636_2_i_loc_load, i8 %window_V_636_1_i" [vgg_accelerator.cpp:37]   --->   Operation 648 'store' 'store_ln37' <Predicate = (icmp_ln64)> <Delay = 0.00>
ST_6 : Operation 649 [1/1] (0.00ns)   --->   "%store_ln37 = store i8 %window_V_327_loc_load, i8 %window_V_635_1_i" [vgg_accelerator.cpp:37]   --->   Operation 649 'store' 'store_ln37' <Predicate = (icmp_ln64)> <Delay = 0.00>
ST_6 : Operation 650 [1/1] (0.00ns)   --->   "%store_ln37 = store i8 %window_V_326_loc_load, i8 %window_V_634_1_i" [vgg_accelerator.cpp:37]   --->   Operation 650 'store' 'store_ln37' <Predicate = (icmp_ln64)> <Delay = 0.00>
ST_6 : Operation 651 [1/1] (0.00ns)   --->   "%store_ln37 = store i8 %window_V_633_2_i_loc_load, i8 %window_V_633_1_i" [vgg_accelerator.cpp:37]   --->   Operation 651 'store' 'store_ln37' <Predicate = (icmp_ln64)> <Delay = 0.00>
ST_6 : Operation 652 [1/1] (0.00ns)   --->   "%store_ln37 = store i8 %window_V_325_loc_load, i8 %window_V_632_1_i" [vgg_accelerator.cpp:37]   --->   Operation 652 'store' 'store_ln37' <Predicate = (icmp_ln64)> <Delay = 0.00>
ST_6 : Operation 653 [1/1] (0.00ns)   --->   "%store_ln37 = store i8 %window_V_631_2_i_loc_load, i8 %window_V_631_1_i" [vgg_accelerator.cpp:37]   --->   Operation 653 'store' 'store_ln37' <Predicate = (icmp_ln64)> <Delay = 0.00>
ST_6 : Operation 654 [1/1] (0.00ns)   --->   "%store_ln37 = store i8 %window_V_630_2_i_loc_load, i8 %window_V_630_1_i" [vgg_accelerator.cpp:37]   --->   Operation 654 'store' 'store_ln37' <Predicate = (icmp_ln64)> <Delay = 0.00>
ST_6 : Operation 655 [1/1] (0.00ns)   --->   "%store_ln37 = store i8 %window_V_322_loc_load, i8 %window_V_629_1_i" [vgg_accelerator.cpp:37]   --->   Operation 655 'store' 'store_ln37' <Predicate = (icmp_ln64)> <Delay = 0.00>
ST_6 : Operation 656 [1/1] (0.00ns)   --->   "%store_ln37 = store i8 %window_V_321_loc_load, i8 %window_V_628_1_i" [vgg_accelerator.cpp:37]   --->   Operation 656 'store' 'store_ln37' <Predicate = (icmp_ln64)> <Delay = 0.00>
ST_6 : Operation 657 [1/1] (0.00ns)   --->   "%store_ln37 = store i8 %window_V_627_2_i_loc_load, i8 %window_V_627_1_i" [vgg_accelerator.cpp:37]   --->   Operation 657 'store' 'store_ln37' <Predicate = (icmp_ln64)> <Delay = 0.00>
ST_6 : Operation 658 [1/1] (0.00ns)   --->   "%store_ln37 = store i8 %window_V_320_loc_load, i8 %window_V_626_1_i" [vgg_accelerator.cpp:37]   --->   Operation 658 'store' 'store_ln37' <Predicate = (icmp_ln64)> <Delay = 0.00>
ST_6 : Operation 659 [1/1] (0.00ns)   --->   "%store_ln37 = store i8 %window_V_319_loc_load, i8 %window_V_625_1_i" [vgg_accelerator.cpp:37]   --->   Operation 659 'store' 'store_ln37' <Predicate = (icmp_ln64)> <Delay = 0.00>
ST_6 : Operation 660 [1/1] (0.00ns)   --->   "%store_ln37 = store i8 %window_V_624_2_i_loc_load, i8 %window_V_624_1_i" [vgg_accelerator.cpp:37]   --->   Operation 660 'store' 'store_ln37' <Predicate = (icmp_ln64)> <Delay = 0.00>
ST_6 : Operation 661 [1/1] (0.00ns)   --->   "%store_ln37 = store i8 %window_V_318_loc_load, i8 %window_V_623_1_i" [vgg_accelerator.cpp:37]   --->   Operation 661 'store' 'store_ln37' <Predicate = (icmp_ln64)> <Delay = 0.00>
ST_6 : Operation 662 [1/1] (0.00ns)   --->   "%store_ln37 = store i8 %window_V_622_2_i_loc_load, i8 %window_V_622_1_i" [vgg_accelerator.cpp:37]   --->   Operation 662 'store' 'store_ln37' <Predicate = (icmp_ln64)> <Delay = 0.00>
ST_6 : Operation 663 [1/1] (0.00ns)   --->   "%store_ln37 = store i8 %window_V_621_2_i_loc_load, i8 %window_V_621_1_i" [vgg_accelerator.cpp:37]   --->   Operation 663 'store' 'store_ln37' <Predicate = (icmp_ln64)> <Delay = 0.00>
ST_6 : Operation 664 [1/1] (0.00ns)   --->   "%store_ln37 = store i8 %window_V_315_loc_load, i8 %window_V_620_1_i" [vgg_accelerator.cpp:37]   --->   Operation 664 'store' 'store_ln37' <Predicate = (icmp_ln64)> <Delay = 0.00>
ST_6 : Operation 665 [1/1] (0.00ns)   --->   "%store_ln37 = store i8 %window_V_314_loc_load, i8 %window_V_619_1_i" [vgg_accelerator.cpp:37]   --->   Operation 665 'store' 'store_ln37' <Predicate = (icmp_ln64)> <Delay = 0.00>
ST_6 : Operation 666 [1/1] (0.00ns)   --->   "%store_ln37 = store i8 %window_V_618_2_i_loc_load, i8 %window_V_618_1_i" [vgg_accelerator.cpp:37]   --->   Operation 666 'store' 'store_ln37' <Predicate = (icmp_ln64)> <Delay = 0.00>
ST_6 : Operation 667 [1/1] (0.00ns)   --->   "%store_ln37 = store i8 %window_V_313_loc_load, i8 %window_V_617_1_i" [vgg_accelerator.cpp:37]   --->   Operation 667 'store' 'store_ln37' <Predicate = (icmp_ln64)> <Delay = 0.00>
ST_6 : Operation 668 [1/1] (0.00ns)   --->   "%store_ln37 = store i8 %window_V_312_loc_load, i8 %window_V_616_1_i" [vgg_accelerator.cpp:37]   --->   Operation 668 'store' 'store_ln37' <Predicate = (icmp_ln64)> <Delay = 0.00>
ST_6 : Operation 669 [1/1] (0.00ns)   --->   "%store_ln37 = store i8 %window_V_615_2_i_loc_load, i8 %window_V_615_1_i" [vgg_accelerator.cpp:37]   --->   Operation 669 'store' 'store_ln37' <Predicate = (icmp_ln64)> <Delay = 0.00>
ST_6 : Operation 670 [1/1] (0.00ns)   --->   "%store_ln37 = store i8 %window_V_311_loc_load, i8 %window_V_614_1_i" [vgg_accelerator.cpp:37]   --->   Operation 670 'store' 'store_ln37' <Predicate = (icmp_ln64)> <Delay = 0.00>
ST_6 : Operation 671 [1/1] (0.00ns)   --->   "%store_ln37 = store i8 %window_V_613_2_i_loc_load, i8 %window_V_613_1_i" [vgg_accelerator.cpp:37]   --->   Operation 671 'store' 'store_ln37' <Predicate = (icmp_ln64)> <Delay = 0.00>
ST_6 : Operation 672 [1/1] (0.00ns)   --->   "%store_ln37 = store i8 %window_V_612_2_i_loc_load, i8 %window_V_612_1_i" [vgg_accelerator.cpp:37]   --->   Operation 672 'store' 'store_ln37' <Predicate = (icmp_ln64)> <Delay = 0.00>
ST_6 : Operation 673 [1/1] (0.00ns)   --->   "%store_ln37 = store i8 %window_V_308_loc_load, i8 %window_V_611_1_i" [vgg_accelerator.cpp:37]   --->   Operation 673 'store' 'store_ln37' <Predicate = (icmp_ln64)> <Delay = 0.00>
ST_6 : Operation 674 [1/1] (0.00ns)   --->   "%store_ln37 = store i8 %window_V_307_loc_load, i8 %window_V_610_1_i" [vgg_accelerator.cpp:37]   --->   Operation 674 'store' 'store_ln37' <Predicate = (icmp_ln64)> <Delay = 0.00>
ST_6 : Operation 675 [1/1] (0.00ns)   --->   "%store_ln37 = store i8 %window_V_609_2_i_loc_load, i8 %window_V_609_1_i" [vgg_accelerator.cpp:37]   --->   Operation 675 'store' 'store_ln37' <Predicate = (icmp_ln64)> <Delay = 0.00>
ST_6 : Operation 676 [1/1] (0.00ns)   --->   "%store_ln37 = store i8 %window_V_306_loc_load, i8 %window_V_608_1_i" [vgg_accelerator.cpp:37]   --->   Operation 676 'store' 'store_ln37' <Predicate = (icmp_ln64)> <Delay = 0.00>
ST_6 : Operation 677 [1/1] (0.00ns)   --->   "%store_ln37 = store i8 %window_V_305_loc_load, i8 %window_V_607_1_i" [vgg_accelerator.cpp:37]   --->   Operation 677 'store' 'store_ln37' <Predicate = (icmp_ln64)> <Delay = 0.00>
ST_6 : Operation 678 [1/1] (0.00ns)   --->   "%store_ln37 = store i8 %window_V_606_2_i_loc_load, i8 %window_V_606_1_i" [vgg_accelerator.cpp:37]   --->   Operation 678 'store' 'store_ln37' <Predicate = (icmp_ln64)> <Delay = 0.00>
ST_6 : Operation 679 [1/1] (0.00ns)   --->   "%store_ln37 = store i8 %window_V_304_loc_load, i8 %window_V_605_1_i" [vgg_accelerator.cpp:37]   --->   Operation 679 'store' 'store_ln37' <Predicate = (icmp_ln64)> <Delay = 0.00>
ST_6 : Operation 680 [1/1] (0.00ns)   --->   "%store_ln37 = store i8 %window_V_604_2_i_loc_load, i8 %window_V_604_1_i" [vgg_accelerator.cpp:37]   --->   Operation 680 'store' 'store_ln37' <Predicate = (icmp_ln64)> <Delay = 0.00>
ST_6 : Operation 681 [1/1] (0.00ns)   --->   "%store_ln37 = store i8 %window_V_603_2_i_loc_load, i8 %window_V_603_1_i" [vgg_accelerator.cpp:37]   --->   Operation 681 'store' 'store_ln37' <Predicate = (icmp_ln64)> <Delay = 0.00>
ST_6 : Operation 682 [1/1] (0.00ns)   --->   "%store_ln37 = store i8 %window_V_301_loc_load, i8 %window_V_602_1_i" [vgg_accelerator.cpp:37]   --->   Operation 682 'store' 'store_ln37' <Predicate = (icmp_ln64)> <Delay = 0.00>
ST_6 : Operation 683 [1/1] (0.00ns)   --->   "%store_ln37 = store i8 %window_V_300_loc_load, i8 %window_V_601_1_i" [vgg_accelerator.cpp:37]   --->   Operation 683 'store' 'store_ln37' <Predicate = (icmp_ln64)> <Delay = 0.00>
ST_6 : Operation 684 [1/1] (0.00ns)   --->   "%store_ln37 = store i8 %window_V_600_2_i_loc_load, i8 %window_V_600_1_i" [vgg_accelerator.cpp:37]   --->   Operation 684 'store' 'store_ln37' <Predicate = (icmp_ln64)> <Delay = 0.00>
ST_6 : Operation 685 [1/1] (0.00ns)   --->   "%store_ln37 = store i8 %window_V_299_loc_load, i8 %window_V_599_1_i" [vgg_accelerator.cpp:37]   --->   Operation 685 'store' 'store_ln37' <Predicate = (icmp_ln64)> <Delay = 0.00>
ST_6 : Operation 686 [1/1] (0.00ns)   --->   "%store_ln37 = store i8 %window_V_298_loc_load, i8 %window_V_598_1_i" [vgg_accelerator.cpp:37]   --->   Operation 686 'store' 'store_ln37' <Predicate = (icmp_ln64)> <Delay = 0.00>
ST_6 : Operation 687 [1/1] (0.00ns)   --->   "%store_ln37 = store i8 %window_V_597_2_i_loc_load, i8 %window_V_597_1_i" [vgg_accelerator.cpp:37]   --->   Operation 687 'store' 'store_ln37' <Predicate = (icmp_ln64)> <Delay = 0.00>
ST_6 : Operation 688 [1/1] (0.00ns)   --->   "%store_ln37 = store i8 %window_V_297_loc_load, i8 %window_V_596_1_i" [vgg_accelerator.cpp:37]   --->   Operation 688 'store' 'store_ln37' <Predicate = (icmp_ln64)> <Delay = 0.00>
ST_6 : Operation 689 [1/1] (0.00ns)   --->   "%store_ln37 = store i8 %window_V_595_2_i_loc_load, i8 %window_V_595_1_i" [vgg_accelerator.cpp:37]   --->   Operation 689 'store' 'store_ln37' <Predicate = (icmp_ln64)> <Delay = 0.00>
ST_6 : Operation 690 [1/1] (0.00ns)   --->   "%store_ln37 = store i8 %window_V_594_2_i_loc_load, i8 %window_V_594_1_i" [vgg_accelerator.cpp:37]   --->   Operation 690 'store' 'store_ln37' <Predicate = (icmp_ln64)> <Delay = 0.00>
ST_6 : Operation 691 [1/1] (0.00ns)   --->   "%store_ln37 = store i8 %window_V_294_loc_load, i8 %window_V_593_1_i" [vgg_accelerator.cpp:37]   --->   Operation 691 'store' 'store_ln37' <Predicate = (icmp_ln64)> <Delay = 0.00>
ST_6 : Operation 692 [1/1] (0.00ns)   --->   "%store_ln37 = store i8 %window_V_293_loc_load, i8 %window_V_592_1_i" [vgg_accelerator.cpp:37]   --->   Operation 692 'store' 'store_ln37' <Predicate = (icmp_ln64)> <Delay = 0.00>
ST_6 : Operation 693 [1/1] (0.00ns)   --->   "%store_ln37 = store i8 %window_V_591_2_i_loc_load, i8 %window_V_591_1_i" [vgg_accelerator.cpp:37]   --->   Operation 693 'store' 'store_ln37' <Predicate = (icmp_ln64)> <Delay = 0.00>
ST_6 : Operation 694 [1/1] (0.00ns)   --->   "%store_ln37 = store i8 %window_V_292_loc_load, i8 %window_V_590_1_i" [vgg_accelerator.cpp:37]   --->   Operation 694 'store' 'store_ln37' <Predicate = (icmp_ln64)> <Delay = 0.00>
ST_6 : Operation 695 [1/1] (0.00ns)   --->   "%store_ln37 = store i8 %window_V_291_loc_load, i8 %window_V_589_1_i" [vgg_accelerator.cpp:37]   --->   Operation 695 'store' 'store_ln37' <Predicate = (icmp_ln64)> <Delay = 0.00>
ST_6 : Operation 696 [1/1] (0.00ns)   --->   "%store_ln37 = store i8 %window_V_588_2_i_loc_load, i8 %window_V_588_1_i" [vgg_accelerator.cpp:37]   --->   Operation 696 'store' 'store_ln37' <Predicate = (icmp_ln64)> <Delay = 0.00>
ST_6 : Operation 697 [1/1] (0.00ns)   --->   "%store_ln37 = store i8 %window_V_290_loc_load, i8 %window_V_587_1_i" [vgg_accelerator.cpp:37]   --->   Operation 697 'store' 'store_ln37' <Predicate = (icmp_ln64)> <Delay = 0.00>
ST_6 : Operation 698 [1/1] (0.00ns)   --->   "%store_ln37 = store i8 %window_V_586_2_i_loc_load, i8 %window_V_586_1_i" [vgg_accelerator.cpp:37]   --->   Operation 698 'store' 'store_ln37' <Predicate = (icmp_ln64)> <Delay = 0.00>
ST_6 : Operation 699 [1/1] (0.00ns)   --->   "%store_ln37 = store i8 %window_V_585_2_i_loc_load, i8 %window_V_585_1_i" [vgg_accelerator.cpp:37]   --->   Operation 699 'store' 'store_ln37' <Predicate = (icmp_ln64)> <Delay = 0.00>
ST_6 : Operation 700 [1/1] (0.00ns)   --->   "%store_ln37 = store i8 %window_V_287_loc_load, i8 %window_V_584_1_i" [vgg_accelerator.cpp:37]   --->   Operation 700 'store' 'store_ln37' <Predicate = (icmp_ln64)> <Delay = 0.00>
ST_6 : Operation 701 [1/1] (0.00ns)   --->   "%store_ln37 = store i8 %window_V_286_loc_load, i8 %window_V_583_1_i" [vgg_accelerator.cpp:37]   --->   Operation 701 'store' 'store_ln37' <Predicate = (icmp_ln64)> <Delay = 0.00>
ST_6 : Operation 702 [1/1] (0.00ns)   --->   "%store_ln37 = store i8 %window_V_582_2_i_loc_load, i8 %window_V_582_1_i" [vgg_accelerator.cpp:37]   --->   Operation 702 'store' 'store_ln37' <Predicate = (icmp_ln64)> <Delay = 0.00>
ST_6 : Operation 703 [1/1] (0.00ns)   --->   "%store_ln37 = store i8 %window_V_285_loc_load, i8 %window_V_581_1_i" [vgg_accelerator.cpp:37]   --->   Operation 703 'store' 'store_ln37' <Predicate = (icmp_ln64)> <Delay = 0.00>
ST_6 : Operation 704 [1/1] (0.00ns)   --->   "%store_ln37 = store i8 %window_V_284_loc_load, i8 %window_V_580_1_i" [vgg_accelerator.cpp:37]   --->   Operation 704 'store' 'store_ln37' <Predicate = (icmp_ln64)> <Delay = 0.00>
ST_6 : Operation 705 [1/1] (0.00ns)   --->   "%store_ln37 = store i8 %window_V_579_2_i_loc_load, i8 %window_V_579_1_i" [vgg_accelerator.cpp:37]   --->   Operation 705 'store' 'store_ln37' <Predicate = (icmp_ln64)> <Delay = 0.00>
ST_6 : Operation 706 [1/1] (0.00ns)   --->   "%store_ln37 = store i8 %window_V_283_loc_load, i8 %window_V_578_1_i" [vgg_accelerator.cpp:37]   --->   Operation 706 'store' 'store_ln37' <Predicate = (icmp_ln64)> <Delay = 0.00>
ST_6 : Operation 707 [1/1] (0.00ns)   --->   "%store_ln37 = store i8 %window_V_577_2_i_loc_load, i8 %window_V_577_1_i" [vgg_accelerator.cpp:37]   --->   Operation 707 'store' 'store_ln37' <Predicate = (icmp_ln64)> <Delay = 0.00>
ST_6 : Operation 708 [1/1] (0.00ns)   --->   "%store_ln37 = store i8 %window_V_576_2_i_loc_load, i8 %window_V_576_1_i" [vgg_accelerator.cpp:37]   --->   Operation 708 'store' 'store_ln37' <Predicate = (icmp_ln64)> <Delay = 0.00>
ST_6 : Operation 709 [1/1] (0.00ns)   --->   "%store_ln37 = store i8 %window_V_280_loc_load, i8 %window_V_575_1_i" [vgg_accelerator.cpp:37]   --->   Operation 709 'store' 'store_ln37' <Predicate = (icmp_ln64)> <Delay = 0.00>
ST_6 : Operation 710 [1/1] (0.00ns)   --->   "%store_ln37 = store i8 %window_V_279_loc_load, i8 %window_V_574_1_i" [vgg_accelerator.cpp:37]   --->   Operation 710 'store' 'store_ln37' <Predicate = (icmp_ln64)> <Delay = 0.00>
ST_6 : Operation 711 [1/1] (0.00ns)   --->   "%store_ln37 = store i8 %window_V_573_2_i_loc_load, i8 %window_V_573_1_i" [vgg_accelerator.cpp:37]   --->   Operation 711 'store' 'store_ln37' <Predicate = (icmp_ln64)> <Delay = 0.00>
ST_6 : Operation 712 [1/1] (0.00ns)   --->   "%store_ln37 = store i8 %window_V_278_loc_load, i8 %window_V_572_1_i" [vgg_accelerator.cpp:37]   --->   Operation 712 'store' 'store_ln37' <Predicate = (icmp_ln64)> <Delay = 0.00>
ST_6 : Operation 713 [1/1] (0.00ns)   --->   "%store_ln37 = store i8 %window_V_277_loc_load, i8 %window_V_571_1_i" [vgg_accelerator.cpp:37]   --->   Operation 713 'store' 'store_ln37' <Predicate = (icmp_ln64)> <Delay = 0.00>
ST_6 : Operation 714 [1/1] (0.00ns)   --->   "%store_ln37 = store i8 %window_V_570_2_i_loc_load, i8 %window_V_570_1_i" [vgg_accelerator.cpp:37]   --->   Operation 714 'store' 'store_ln37' <Predicate = (icmp_ln64)> <Delay = 0.00>
ST_6 : Operation 715 [1/1] (0.00ns)   --->   "%store_ln37 = store i8 %window_V_276_loc_load, i8 %window_V_569_1_i" [vgg_accelerator.cpp:37]   --->   Operation 715 'store' 'store_ln37' <Predicate = (icmp_ln64)> <Delay = 0.00>
ST_6 : Operation 716 [1/1] (0.00ns)   --->   "%store_ln37 = store i8 %window_V_568_2_i_loc_load, i8 %window_V_568_1_i" [vgg_accelerator.cpp:37]   --->   Operation 716 'store' 'store_ln37' <Predicate = (icmp_ln64)> <Delay = 0.00>
ST_6 : Operation 717 [1/1] (0.00ns)   --->   "%store_ln37 = store i8 %window_V_567_2_i_loc_load, i8 %window_V_567_1_i" [vgg_accelerator.cpp:37]   --->   Operation 717 'store' 'store_ln37' <Predicate = (icmp_ln64)> <Delay = 0.00>
ST_6 : Operation 718 [1/1] (0.00ns)   --->   "%store_ln37 = store i8 %window_V_273_loc_load, i8 %window_V_566_1_i" [vgg_accelerator.cpp:37]   --->   Operation 718 'store' 'store_ln37' <Predicate = (icmp_ln64)> <Delay = 0.00>
ST_6 : Operation 719 [1/1] (0.00ns)   --->   "%store_ln37 = store i8 %window_V_272_loc_load, i8 %window_V_565_1_i" [vgg_accelerator.cpp:37]   --->   Operation 719 'store' 'store_ln37' <Predicate = (icmp_ln64)> <Delay = 0.00>
ST_6 : Operation 720 [1/1] (0.00ns)   --->   "%store_ln37 = store i8 %window_V_564_2_i_loc_load, i8 %window_V_564_1_i" [vgg_accelerator.cpp:37]   --->   Operation 720 'store' 'store_ln37' <Predicate = (icmp_ln64)> <Delay = 0.00>
ST_6 : Operation 721 [1/1] (0.00ns)   --->   "%store_ln37 = store i8 %window_V_271_loc_load, i8 %window_V_563_1_i" [vgg_accelerator.cpp:37]   --->   Operation 721 'store' 'store_ln37' <Predicate = (icmp_ln64)> <Delay = 0.00>
ST_6 : Operation 722 [1/1] (0.00ns)   --->   "%store_ln37 = store i8 %window_V_270_loc_load, i8 %window_V_562_1_i" [vgg_accelerator.cpp:37]   --->   Operation 722 'store' 'store_ln37' <Predicate = (icmp_ln64)> <Delay = 0.00>
ST_6 : Operation 723 [1/1] (0.00ns)   --->   "%store_ln37 = store i8 %window_V_561_2_i_loc_load, i8 %window_V_561_1_i" [vgg_accelerator.cpp:37]   --->   Operation 723 'store' 'store_ln37' <Predicate = (icmp_ln64)> <Delay = 0.00>
ST_6 : Operation 724 [1/1] (0.00ns)   --->   "%store_ln37 = store i8 %window_V_269_loc_load, i8 %window_V_560_1_i" [vgg_accelerator.cpp:37]   --->   Operation 724 'store' 'store_ln37' <Predicate = (icmp_ln64)> <Delay = 0.00>
ST_6 : Operation 725 [1/1] (0.00ns)   --->   "%store_ln37 = store i8 %window_V_559_2_i_loc_load, i8 %window_V_559_1_i" [vgg_accelerator.cpp:37]   --->   Operation 725 'store' 'store_ln37' <Predicate = (icmp_ln64)> <Delay = 0.00>
ST_6 : Operation 726 [1/1] (0.00ns)   --->   "%store_ln37 = store i8 %window_V_558_2_i_loc_load, i8 %window_V_558_1_i" [vgg_accelerator.cpp:37]   --->   Operation 726 'store' 'store_ln37' <Predicate = (icmp_ln64)> <Delay = 0.00>
ST_6 : Operation 727 [1/1] (0.00ns)   --->   "%store_ln37 = store i8 %window_V_266_loc_load, i8 %window_V_557_1_i" [vgg_accelerator.cpp:37]   --->   Operation 727 'store' 'store_ln37' <Predicate = (icmp_ln64)> <Delay = 0.00>
ST_6 : Operation 728 [1/1] (0.00ns)   --->   "%store_ln37 = store i8 %window_V_265_loc_load, i8 %window_V_556_1_i" [vgg_accelerator.cpp:37]   --->   Operation 728 'store' 'store_ln37' <Predicate = (icmp_ln64)> <Delay = 0.00>
ST_6 : Operation 729 [1/1] (0.00ns)   --->   "%store_ln37 = store i8 %window_V_555_2_i_loc_load, i8 %window_V_555_1_i" [vgg_accelerator.cpp:37]   --->   Operation 729 'store' 'store_ln37' <Predicate = (icmp_ln64)> <Delay = 0.00>
ST_6 : Operation 730 [1/1] (0.00ns)   --->   "%store_ln37 = store i8 %window_V_264_loc_load, i8 %window_V_554_1_i" [vgg_accelerator.cpp:37]   --->   Operation 730 'store' 'store_ln37' <Predicate = (icmp_ln64)> <Delay = 0.00>
ST_6 : Operation 731 [1/1] (0.00ns)   --->   "%store_ln37 = store i8 %window_V_263_loc_load, i8 %window_V_553_1_i" [vgg_accelerator.cpp:37]   --->   Operation 731 'store' 'store_ln37' <Predicate = (icmp_ln64)> <Delay = 0.00>
ST_6 : Operation 732 [1/1] (0.00ns)   --->   "%store_ln37 = store i8 %window_V_552_2_i_loc_load, i8 %window_V_552_1_i" [vgg_accelerator.cpp:37]   --->   Operation 732 'store' 'store_ln37' <Predicate = (icmp_ln64)> <Delay = 0.00>
ST_6 : Operation 733 [1/1] (0.00ns)   --->   "%store_ln37 = store i8 %window_V_262_loc_load, i8 %window_V_551_1_i" [vgg_accelerator.cpp:37]   --->   Operation 733 'store' 'store_ln37' <Predicate = (icmp_ln64)> <Delay = 0.00>
ST_6 : Operation 734 [1/1] (0.00ns)   --->   "%store_ln37 = store i8 %window_V_550_2_i_loc_load, i8 %window_V_550_1_i" [vgg_accelerator.cpp:37]   --->   Operation 734 'store' 'store_ln37' <Predicate = (icmp_ln64)> <Delay = 0.00>
ST_6 : Operation 735 [1/1] (0.00ns)   --->   "%store_ln37 = store i8 %window_V_549_2_i_loc_load, i8 %window_V_549_1_i" [vgg_accelerator.cpp:37]   --->   Operation 735 'store' 'store_ln37' <Predicate = (icmp_ln64)> <Delay = 0.00>
ST_6 : Operation 736 [1/1] (0.00ns)   --->   "%store_ln37 = store i8 %window_V_259_loc_load, i8 %window_V_548_1_i" [vgg_accelerator.cpp:37]   --->   Operation 736 'store' 'store_ln37' <Predicate = (icmp_ln64)> <Delay = 0.00>
ST_6 : Operation 737 [1/1] (0.00ns)   --->   "%store_ln37 = store i8 %window_V_258_loc_load, i8 %window_V_547_1_i" [vgg_accelerator.cpp:37]   --->   Operation 737 'store' 'store_ln37' <Predicate = (icmp_ln64)> <Delay = 0.00>
ST_6 : Operation 738 [1/1] (0.00ns)   --->   "%store_ln37 = store i8 %window_V_546_2_i_loc_load, i8 %window_V_546_1_i" [vgg_accelerator.cpp:37]   --->   Operation 738 'store' 'store_ln37' <Predicate = (icmp_ln64)> <Delay = 0.00>
ST_6 : Operation 739 [1/1] (0.00ns)   --->   "%store_ln37 = store i8 %window_V_257_loc_load, i8 %window_V_545_1_i" [vgg_accelerator.cpp:37]   --->   Operation 739 'store' 'store_ln37' <Predicate = (icmp_ln64)> <Delay = 0.00>
ST_6 : Operation 740 [1/1] (0.00ns)   --->   "%store_ln37 = store i8 %window_V_256_loc_load, i8 %window_V_544_1_i" [vgg_accelerator.cpp:37]   --->   Operation 740 'store' 'store_ln37' <Predicate = (icmp_ln64)> <Delay = 0.00>
ST_6 : Operation 741 [1/1] (0.00ns)   --->   "%store_ln37 = store i8 %window_V_543_2_i_loc_load, i8 %window_V_543_1_i" [vgg_accelerator.cpp:37]   --->   Operation 741 'store' 'store_ln37' <Predicate = (icmp_ln64)> <Delay = 0.00>
ST_6 : Operation 742 [1/1] (0.00ns)   --->   "%store_ln37 = store i8 %window_V_255_loc_load, i8 %window_V_542_1_i" [vgg_accelerator.cpp:37]   --->   Operation 742 'store' 'store_ln37' <Predicate = (icmp_ln64)> <Delay = 0.00>
ST_6 : Operation 743 [1/1] (0.00ns)   --->   "%store_ln37 = store i8 %window_V_541_2_i_loc_load, i8 %window_V_541_1_i" [vgg_accelerator.cpp:37]   --->   Operation 743 'store' 'store_ln37' <Predicate = (icmp_ln64)> <Delay = 0.00>
ST_6 : Operation 744 [1/1] (0.00ns)   --->   "%store_ln37 = store i8 %window_V_540_2_i_loc_load, i8 %window_V_540_1_i" [vgg_accelerator.cpp:37]   --->   Operation 744 'store' 'store_ln37' <Predicate = (icmp_ln64)> <Delay = 0.00>
ST_6 : Operation 745 [1/1] (0.00ns)   --->   "%store_ln37 = store i8 %window_V_252_loc_load, i8 %window_V_539_1_i" [vgg_accelerator.cpp:37]   --->   Operation 745 'store' 'store_ln37' <Predicate = (icmp_ln64)> <Delay = 0.00>
ST_6 : Operation 746 [1/1] (0.00ns)   --->   "%store_ln37 = store i8 %window_V_251_loc_load, i8 %window_V_538_1_i" [vgg_accelerator.cpp:37]   --->   Operation 746 'store' 'store_ln37' <Predicate = (icmp_ln64)> <Delay = 0.00>
ST_6 : Operation 747 [1/1] (0.00ns)   --->   "%store_ln37 = store i8 %window_V_537_2_i_loc_load, i8 %window_V_537_1_i" [vgg_accelerator.cpp:37]   --->   Operation 747 'store' 'store_ln37' <Predicate = (icmp_ln64)> <Delay = 0.00>
ST_6 : Operation 748 [1/1] (0.00ns)   --->   "%store_ln37 = store i8 %window_V_250_loc_load, i8 %window_V_536_1_i" [vgg_accelerator.cpp:37]   --->   Operation 748 'store' 'store_ln37' <Predicate = (icmp_ln64)> <Delay = 0.00>
ST_6 : Operation 749 [1/1] (0.00ns)   --->   "%store_ln37 = store i8 %window_V_249_loc_load, i8 %window_V_535_1_i" [vgg_accelerator.cpp:37]   --->   Operation 749 'store' 'store_ln37' <Predicate = (icmp_ln64)> <Delay = 0.00>
ST_6 : Operation 750 [1/1] (0.00ns)   --->   "%store_ln37 = store i8 %window_V_534_2_i_loc_load, i8 %window_V_534_1_i" [vgg_accelerator.cpp:37]   --->   Operation 750 'store' 'store_ln37' <Predicate = (icmp_ln64)> <Delay = 0.00>
ST_6 : Operation 751 [1/1] (0.00ns)   --->   "%store_ln37 = store i8 %window_V_248_loc_load, i8 %window_V_533_1_i" [vgg_accelerator.cpp:37]   --->   Operation 751 'store' 'store_ln37' <Predicate = (icmp_ln64)> <Delay = 0.00>
ST_6 : Operation 752 [1/1] (0.00ns)   --->   "%store_ln37 = store i8 %window_V_532_2_i_loc_load, i8 %window_V_532_1_i" [vgg_accelerator.cpp:37]   --->   Operation 752 'store' 'store_ln37' <Predicate = (icmp_ln64)> <Delay = 0.00>
ST_6 : Operation 753 [1/1] (0.00ns)   --->   "%store_ln37 = store i8 %window_V_531_2_i_loc_load, i8 %window_V_531_1_i" [vgg_accelerator.cpp:37]   --->   Operation 753 'store' 'store_ln37' <Predicate = (icmp_ln64)> <Delay = 0.00>
ST_6 : Operation 754 [1/1] (0.00ns)   --->   "%store_ln37 = store i8 %window_V_245_loc_load, i8 %window_V_530_1_i" [vgg_accelerator.cpp:37]   --->   Operation 754 'store' 'store_ln37' <Predicate = (icmp_ln64)> <Delay = 0.00>
ST_6 : Operation 755 [1/1] (0.00ns)   --->   "%store_ln37 = store i8 %window_V_244_loc_load, i8 %window_V_529_1_i" [vgg_accelerator.cpp:37]   --->   Operation 755 'store' 'store_ln37' <Predicate = (icmp_ln64)> <Delay = 0.00>
ST_6 : Operation 756 [1/1] (0.00ns)   --->   "%store_ln37 = store i8 %window_V_528_2_i_loc_load, i8 %window_V_528_1_i" [vgg_accelerator.cpp:37]   --->   Operation 756 'store' 'store_ln37' <Predicate = (icmp_ln64)> <Delay = 0.00>
ST_6 : Operation 757 [1/1] (0.00ns)   --->   "%store_ln37 = store i8 %window_V_243_loc_load, i8 %window_V_527_1_i" [vgg_accelerator.cpp:37]   --->   Operation 757 'store' 'store_ln37' <Predicate = (icmp_ln64)> <Delay = 0.00>
ST_6 : Operation 758 [1/1] (0.00ns)   --->   "%store_ln37 = store i8 %window_V_242_loc_load, i8 %window_V_526_1_i" [vgg_accelerator.cpp:37]   --->   Operation 758 'store' 'store_ln37' <Predicate = (icmp_ln64)> <Delay = 0.00>
ST_6 : Operation 759 [1/1] (0.00ns)   --->   "%store_ln37 = store i8 %window_V_525_2_i_loc_load, i8 %window_V_525_1_i" [vgg_accelerator.cpp:37]   --->   Operation 759 'store' 'store_ln37' <Predicate = (icmp_ln64)> <Delay = 0.00>
ST_6 : Operation 760 [1/1] (0.00ns)   --->   "%store_ln37 = store i8 %window_V_241_loc_load, i8 %window_V_524_1_i" [vgg_accelerator.cpp:37]   --->   Operation 760 'store' 'store_ln37' <Predicate = (icmp_ln64)> <Delay = 0.00>
ST_6 : Operation 761 [1/1] (0.00ns)   --->   "%store_ln37 = store i8 %window_V_523_2_i_loc_load, i8 %window_V_523_1_i" [vgg_accelerator.cpp:37]   --->   Operation 761 'store' 'store_ln37' <Predicate = (icmp_ln64)> <Delay = 0.00>
ST_6 : Operation 762 [1/1] (0.00ns)   --->   "%store_ln37 = store i8 %window_V_522_2_i_loc_load, i8 %window_V_522_1_i" [vgg_accelerator.cpp:37]   --->   Operation 762 'store' 'store_ln37' <Predicate = (icmp_ln64)> <Delay = 0.00>
ST_6 : Operation 763 [1/1] (0.00ns)   --->   "%store_ln37 = store i8 %window_V_238_loc_load, i8 %window_V_521_1_i" [vgg_accelerator.cpp:37]   --->   Operation 763 'store' 'store_ln37' <Predicate = (icmp_ln64)> <Delay = 0.00>
ST_6 : Operation 764 [1/1] (0.00ns)   --->   "%store_ln37 = store i8 %window_V_237_loc_load, i8 %window_V_520_1_i" [vgg_accelerator.cpp:37]   --->   Operation 764 'store' 'store_ln37' <Predicate = (icmp_ln64)> <Delay = 0.00>
ST_6 : Operation 765 [1/1] (0.00ns)   --->   "%store_ln37 = store i8 %window_V_519_2_i_loc_load, i8 %window_V_519_1_i" [vgg_accelerator.cpp:37]   --->   Operation 765 'store' 'store_ln37' <Predicate = (icmp_ln64)> <Delay = 0.00>
ST_6 : Operation 766 [1/1] (0.00ns)   --->   "%store_ln37 = store i8 %window_V_236_loc_load, i8 %window_V_518_1_i" [vgg_accelerator.cpp:37]   --->   Operation 766 'store' 'store_ln37' <Predicate = (icmp_ln64)> <Delay = 0.00>
ST_6 : Operation 767 [1/1] (0.00ns)   --->   "%store_ln37 = store i8 %window_V_235_loc_load, i8 %window_V_517_1_i" [vgg_accelerator.cpp:37]   --->   Operation 767 'store' 'store_ln37' <Predicate = (icmp_ln64)> <Delay = 0.00>
ST_6 : Operation 768 [1/1] (0.00ns)   --->   "%store_ln37 = store i8 %window_V_516_2_i_loc_load, i8 %window_V_516_1_i" [vgg_accelerator.cpp:37]   --->   Operation 768 'store' 'store_ln37' <Predicate = (icmp_ln64)> <Delay = 0.00>
ST_6 : Operation 769 [1/1] (0.00ns)   --->   "%store_ln37 = store i8 %window_V_234_loc_load, i8 %window_V_515_1_i" [vgg_accelerator.cpp:37]   --->   Operation 769 'store' 'store_ln37' <Predicate = (icmp_ln64)> <Delay = 0.00>
ST_6 : Operation 770 [1/1] (0.00ns)   --->   "%store_ln37 = store i8 %window_V_514_2_i_loc_load, i8 %window_V_514_1_i" [vgg_accelerator.cpp:37]   --->   Operation 770 'store' 'store_ln37' <Predicate = (icmp_ln64)> <Delay = 0.00>
ST_6 : Operation 771 [1/1] (0.00ns)   --->   "%store_ln37 = store i8 %window_V_2_i_loc_load, i8 %window_V_1_i" [vgg_accelerator.cpp:37]   --->   Operation 771 'store' 'store_ln37' <Predicate = (icmp_ln64)> <Delay = 0.00>
ST_6 : Operation 772 [1/1] (0.48ns)   --->   "%store_ln37 = store i5 %add_ln37, i5 %c" [vgg_accelerator.cpp:37]   --->   Operation 772 'store' 'store_ln37' <Predicate = (icmp_ln64)> <Delay = 0.48>
ST_6 : Operation 773 [1/1] (0.00ns)   --->   "%br_ln37 = br void %VITIS_LOOP_40_6.i" [vgg_accelerator.cpp:37]   --->   Operation 773 'br' 'br_ln37' <Predicate = (icmp_ln64)> <Delay = 0.00>

State 7 <SV = 6> <Delay = 4.99>
ST_7 : Operation 774 [1/2] (0.79ns)   --->   "%acc_V = load i5 %conv2_bias_addr" [vgg_accelerator.cpp:66]   --->   Operation 774 'load' 'acc_V' <Predicate = true> <Delay = 0.79> <CoreInst = "ROM">   --->   Core 101 'ROM' <Latency = 1> <II = 1> <Delay = 0.79> <Storage> <Opcode : 'load'> <Ports = 0> <Width = 4> <Depth = 32> <ROM>
ST_7 : Operation 775 [1/1] (0.00ns)   --->   "%acc_V_39 = bitconcatenate i16 @_ssdm_op_BitConcatenate.i16.i4.i12, i4 %acc_V, i12 0"   --->   Operation 775 'bitconcatenate' 'acc_V_39' <Predicate = true> <Delay = 0.00>
ST_7 : Operation 776 [1/1] (0.00ns)   --->   "%shl_ln = bitconcatenate i12 @_ssdm_op_BitConcatenate.i12.i5.i7, i5 %trunc_ln76, i7 0" [vgg_accelerator.cpp:76]   --->   Operation 776 'bitconcatenate' 'shl_ln' <Predicate = true> <Delay = 0.00>
ST_7 : Operation 777 [1/1] (0.00ns)   --->   "%shl_ln76_3 = bitconcatenate i9 @_ssdm_op_BitConcatenate.i9.i5.i4, i5 %trunc_ln76, i4 0" [vgg_accelerator.cpp:76]   --->   Operation 777 'bitconcatenate' 'shl_ln76_3' <Predicate = true> <Delay = 0.00>
ST_7 : Operation 778 [2/2] (4.20ns)   --->   "%call_ln838 = call void @layer_block<16, 32, 16>_Pipeline_VITIS_LOOP_71_8, i16 %acc_V_39, i9 %shl_ln76_3, i12 %shl_ln, i8 %window_V_2_i_loc_load, i8 %window_V_522_2_i_loc_load, i8 %window_V_531_2_i_loc_load, i8 %window_V_540_2_i_loc_load, i8 %window_V_549_2_i_loc_load, i8 %window_V_558_2_i_loc_load, i8 %window_V_567_2_i_loc_load, i8 %window_V_576_2_i_loc_load, i8 %window_V_585_2_i_loc_load, i8 %window_V_594_2_i_loc_load, i8 %window_V_603_2_i_loc_load, i8 %window_V_612_2_i_loc_load, i8 %window_V_621_2_i_loc_load, i8 %window_V_630_2_i_loc_load, i8 %window_V_639_2_i_loc_load, i8 %window_V_648_2_i_loc_load, i8 %window_V_514_2_i_loc_load, i8 %window_V_523_2_i_loc_load, i8 %window_V_532_2_i_loc_load, i8 %window_V_541_2_i_loc_load, i8 %window_V_550_2_i_loc_load, i8 %window_V_559_2_i_loc_load, i8 %window_V_568_2_i_loc_load, i8 %window_V_577_2_i_loc_load, i8 %window_V_586_2_i_loc_load, i8 %window_V_595_2_i_loc_load, i8 %window_V_604_2_i_loc_load, i8 %window_V_613_2_i_loc_load, i8 %window_V_622_2_i_loc_load, i8 %window_V_631_2_i_loc_load, i8 %window_V_640_2_i_loc_load, i8 %window_V_649_2_i_loc_load, i8 %window_V_234_loc_load, i8 %window_V_241_loc_load, i8 %window_V_248_loc_load, i8 %window_V_255_loc_load, i8 %window_V_262_loc_load, i8 %window_V_269_loc_load, i8 %window_V_276_loc_load, i8 %window_V_283_loc_load, i8 %window_V_290_loc_load, i8 %window_V_297_loc_load, i8 %window_V_304_loc_load, i8 %window_V_311_loc_load, i8 %window_V_318_loc_load, i8 %window_V_325_loc_load, i8 %window_V_332_loc_load, i8 %window_V_226_loc_load, i8 %window_V_516_2_i_loc_load, i8 %window_V_525_2_i_loc_load, i8 %window_V_534_2_i_loc_load, i8 %window_V_543_2_i_loc_load, i8 %window_V_552_2_i_loc_load, i8 %window_V_561_2_i_loc_load, i8 %window_V_570_2_i_loc_load, i8 %window_V_579_2_i_loc_load, i8 %window_V_588_2_i_loc_load, i8 %window_V_597_2_i_loc_load, i8 %window_V_606_2_i_loc_load, i8 %window_V_615_2_i_loc_load, i8 %window_V_624_2_i_loc_load, i8 %window_V_633_2_i_loc_load, i8 %window_V_642_2_i_loc_load, i8 %window_V_651_2_i_loc_load, i8 %window_V_235_loc_load, i8 %window_V_242_loc_load, i8 %window_V_249_loc_load, i8 %window_V_256_loc_load, i8 %window_V_263_loc_load, i8 %window_V_270_loc_load, i8 %window_V_277_loc_load, i8 %window_V_284_loc_load, i8 %window_V_291_loc_load, i8 %window_V_298_loc_load, i8 %window_V_305_loc_load, i8 %window_V_312_loc_load, i8 %window_V_319_loc_load, i8 %window_V_326_loc_load, i8 %window_V_333_loc_load, i8 %window_V_227_loc_load, i8 %window_V_236_loc_load, i8 %window_V_243_loc_load, i8 %window_V_250_loc_load, i8 %window_V_257_loc_load, i8 %window_V_264_loc_load, i8 %window_V_271_loc_load, i8 %window_V_278_loc_load, i8 %window_V_285_loc_load, i8 %window_V_292_loc_load, i8 %window_V_299_loc_load, i8 %window_V_306_loc_load, i8 %window_V_313_loc_load, i8 %window_V_320_loc_load, i8 %window_V_327_loc_load, i8 %window_V_334_loc_load, i8 %window_V_228_loc_load, i8 %window_V_519_2_i_loc_load, i8 %window_V_528_2_i_loc_load, i8 %window_V_537_2_i_loc_load, i8 %window_V_546_2_i_loc_load, i8 %window_V_555_2_i_loc_load, i8 %window_V_564_2_i_loc_load, i8 %window_V_573_2_i_loc_load, i8 %window_V_582_2_i_loc_load, i8 %window_V_591_2_i_loc_load, i8 %window_V_600_2_i_loc_load, i8 %window_V_609_2_i_loc_load, i8 %window_V_618_2_i_loc_load, i8 %window_V_627_2_i_loc_load, i8 %window_V_636_2_i_loc_load, i8 %window_V_645_2_i_loc_load, i8 %window_V_654_2_i_loc_load, i8 %window_V_237_loc_load, i8 %window_V_244_loc_load, i8 %window_V_251_loc_load, i8 %window_V_258_loc_load, i8 %window_V_265_loc_load, i8 %window_V_272_loc_load, i8 %window_V_279_loc_load, i8 %window_V_286_loc_load, i8 %window_V_293_loc_load, i8 %window_V_300_loc_load, i8 %window_V_307_loc_load, i8 %window_V_314_loc_load, i8 %window_V_321_loc_load, i8 %window_V_328_loc_load, i8 %window_V_335_loc_load, i8 %window_V_229_loc_load, i8 %window_V_238_loc_load, i8 %window_V_245_loc_load, i8 %window_V_252_loc_load, i8 %window_V_259_loc_load, i8 %window_V_266_loc_load, i8 %window_V_273_loc_load, i8 %window_V_280_loc_load, i8 %window_V_287_loc_load, i8 %window_V_294_loc_load, i8 %window_V_301_loc_load, i8 %window_V_308_loc_load, i8 %window_V_315_loc_load, i8 %window_V_322_loc_load, i8 %window_V_329_loc_load, i8 %window_V_336_loc_load, i8 %window_V_230_loc_load, i5 %conv2_weights, i8 %s_conv2"   --->   Operation 778 'call' 'call_ln838' <Predicate = true> <Delay = 4.20> <CoreType = "Generic">   --->   Core 0 '' <Latency = 0> <II = 1> <Delay = 1.00> <Generic> <Opcode : >

State 8 <SV = 7> <Delay = 0.00>
ST_8 : Operation 779 [1/1] (0.00ns)   --->   "%specloopname_ln64 = specloopname void @_ssdm_op_SpecLoopName, void @empty_0" [vgg_accelerator.cpp:64]   --->   Operation 779 'specloopname' 'specloopname_ln64' <Predicate = true> <Delay = 0.00>
ST_8 : Operation 780 [1/2] (0.00ns)   --->   "%call_ln838 = call void @layer_block<16, 32, 16>_Pipeline_VITIS_LOOP_71_8, i16 %acc_V_39, i9 %shl_ln76_3, i12 %shl_ln, i8 %window_V_2_i_loc_load, i8 %window_V_522_2_i_loc_load, i8 %window_V_531_2_i_loc_load, i8 %window_V_540_2_i_loc_load, i8 %window_V_549_2_i_loc_load, i8 %window_V_558_2_i_loc_load, i8 %window_V_567_2_i_loc_load, i8 %window_V_576_2_i_loc_load, i8 %window_V_585_2_i_loc_load, i8 %window_V_594_2_i_loc_load, i8 %window_V_603_2_i_loc_load, i8 %window_V_612_2_i_loc_load, i8 %window_V_621_2_i_loc_load, i8 %window_V_630_2_i_loc_load, i8 %window_V_639_2_i_loc_load, i8 %window_V_648_2_i_loc_load, i8 %window_V_514_2_i_loc_load, i8 %window_V_523_2_i_loc_load, i8 %window_V_532_2_i_loc_load, i8 %window_V_541_2_i_loc_load, i8 %window_V_550_2_i_loc_load, i8 %window_V_559_2_i_loc_load, i8 %window_V_568_2_i_loc_load, i8 %window_V_577_2_i_loc_load, i8 %window_V_586_2_i_loc_load, i8 %window_V_595_2_i_loc_load, i8 %window_V_604_2_i_loc_load, i8 %window_V_613_2_i_loc_load, i8 %window_V_622_2_i_loc_load, i8 %window_V_631_2_i_loc_load, i8 %window_V_640_2_i_loc_load, i8 %window_V_649_2_i_loc_load, i8 %window_V_234_loc_load, i8 %window_V_241_loc_load, i8 %window_V_248_loc_load, i8 %window_V_255_loc_load, i8 %window_V_262_loc_load, i8 %window_V_269_loc_load, i8 %window_V_276_loc_load, i8 %window_V_283_loc_load, i8 %window_V_290_loc_load, i8 %window_V_297_loc_load, i8 %window_V_304_loc_load, i8 %window_V_311_loc_load, i8 %window_V_318_loc_load, i8 %window_V_325_loc_load, i8 %window_V_332_loc_load, i8 %window_V_226_loc_load, i8 %window_V_516_2_i_loc_load, i8 %window_V_525_2_i_loc_load, i8 %window_V_534_2_i_loc_load, i8 %window_V_543_2_i_loc_load, i8 %window_V_552_2_i_loc_load, i8 %window_V_561_2_i_loc_load, i8 %window_V_570_2_i_loc_load, i8 %window_V_579_2_i_loc_load, i8 %window_V_588_2_i_loc_load, i8 %window_V_597_2_i_loc_load, i8 %window_V_606_2_i_loc_load, i8 %window_V_615_2_i_loc_load, i8 %window_V_624_2_i_loc_load, i8 %window_V_633_2_i_loc_load, i8 %window_V_642_2_i_loc_load, i8 %window_V_651_2_i_loc_load, i8 %window_V_235_loc_load, i8 %window_V_242_loc_load, i8 %window_V_249_loc_load, i8 %window_V_256_loc_load, i8 %window_V_263_loc_load, i8 %window_V_270_loc_load, i8 %window_V_277_loc_load, i8 %window_V_284_loc_load, i8 %window_V_291_loc_load, i8 %window_V_298_loc_load, i8 %window_V_305_loc_load, i8 %window_V_312_loc_load, i8 %window_V_319_loc_load, i8 %window_V_326_loc_load, i8 %window_V_333_loc_load, i8 %window_V_227_loc_load, i8 %window_V_236_loc_load, i8 %window_V_243_loc_load, i8 %window_V_250_loc_load, i8 %window_V_257_loc_load, i8 %window_V_264_loc_load, i8 %window_V_271_loc_load, i8 %window_V_278_loc_load, i8 %window_V_285_loc_load, i8 %window_V_292_loc_load, i8 %window_V_299_loc_load, i8 %window_V_306_loc_load, i8 %window_V_313_loc_load, i8 %window_V_320_loc_load, i8 %window_V_327_loc_load, i8 %window_V_334_loc_load, i8 %window_V_228_loc_load, i8 %window_V_519_2_i_loc_load, i8 %window_V_528_2_i_loc_load, i8 %window_V_537_2_i_loc_load, i8 %window_V_546_2_i_loc_load, i8 %window_V_555_2_i_loc_load, i8 %window_V_564_2_i_loc_load, i8 %window_V_573_2_i_loc_load, i8 %window_V_582_2_i_loc_load, i8 %window_V_591_2_i_loc_load, i8 %window_V_600_2_i_loc_load, i8 %window_V_609_2_i_loc_load, i8 %window_V_618_2_i_loc_load, i8 %window_V_627_2_i_loc_load, i8 %window_V_636_2_i_loc_load, i8 %window_V_645_2_i_loc_load, i8 %window_V_654_2_i_loc_load, i8 %window_V_237_loc_load, i8 %window_V_244_loc_load, i8 %window_V_251_loc_load, i8 %window_V_258_loc_load, i8 %window_V_265_loc_load, i8 %window_V_272_loc_load, i8 %window_V_279_loc_load, i8 %window_V_286_loc_load, i8 %window_V_293_loc_load, i8 %window_V_300_loc_load, i8 %window_V_307_loc_load, i8 %window_V_314_loc_load, i8 %window_V_321_loc_load, i8 %window_V_328_loc_load, i8 %window_V_335_loc_load, i8 %window_V_229_loc_load, i8 %window_V_238_loc_load, i8 %window_V_245_loc_load, i8 %window_V_252_loc_load, i8 %window_V_259_loc_load, i8 %window_V_266_loc_load, i8 %window_V_273_loc_load, i8 %window_V_280_loc_load, i8 %window_V_287_loc_load, i8 %window_V_294_loc_load, i8 %window_V_301_loc_load, i8 %window_V_308_loc_load, i8 %window_V_315_loc_load, i8 %window_V_322_loc_load, i8 %window_V_329_loc_load, i8 %window_V_336_loc_load, i8 %window_V_230_loc_load, i5 %conv2_weights, i8 %s_conv2"   --->   Operation 780 'call' 'call_ln838' <Predicate = true> <Delay = 0.00> <CoreType = "Generic">   --->   Core 0 '' <Latency = 0> <II = 1> <Delay = 1.00> <Generic> <Opcode : >
ST_8 : Operation 781 [1/1] (0.00ns)   --->   "%br_ln64 = br void %for.body152.i" [vgg_accelerator.cpp:64]   --->   Operation 781 'br' 'br_ln64' <Predicate = true> <Delay = 0.00>


============================================================
+ Verbose Summary: Binding
============================================================
STG Binding: 
---------------- STG Properties BEGIN ----------------
- Is combinational: 0
- Is one-state seq: 0
- Is datapath-only: 0
- Is pipelined: 0
- Is top level: 0
Port [ Return ] is wired: 1; IO mode=ap_ctrl_hs:ce=0
Port [ void_layer_block_stream_stream_signed_char_const_16_3_3_signed_char_con_1]:  wired=0; compound=1; hidden=1; nouse=0; global=1; static=1; extern=0; dir=2; type=1; pingpong=0; private_global=1; MemPort=[01]; IO mode=ap_memory:ce=0
Port [ void_layer_block_stream_stream_signed_char_const_16_3_3_signed_char_con]:  wired=0; compound=1; hidden=1; nouse=0; global=1; static=1; extern=0; dir=2; type=1; pingpong=0; private_global=1; MemPort=[01]; IO mode=ap_memory:ce=0
Port [ conv2_bias]:  wired=0; compound=1; hidden=1; nouse=0; global=1; static=1; extern=0; dir=0; type=1; pingpong=0; private_global=1; MemPort=[1]; IO mode=ap_memory:ce=0
Port [ conv2_weights]:  wired=0; compound=1; hidden=1; nouse=1; global=1; static=1; extern=0; dir=0; type=1; pingpong=0; private_global=0; MemPort=[11111]; IO mode=ap_memory:ce=0
Port [ s_conv2]:  wired=1; compound=1; hidden=0; nouse=0; global=1; static=1; extern=0; dir=1; type=3; pingpong=0; private_global=0; IO mode=ap_fifo:ce=0
Port [ s_pool1]:  wired=1; compound=1; hidden=0; nouse=0; global=1; static=1; extern=0; dir=0; type=3; pingpong=0; private_global=0; IO mode=ap_fifo:ce=0
---------------- STG Properties END ------------------

---------------- Datapath Model BEGIN ----------------

<LifeTime>
<method=bitvector/>
c                         (alloca           ) [ 011111111]
window_V_1_i              (alloca           ) [ 001111111]
window_V_514_1_i          (alloca           ) [ 001111111]
window_V_515_1_i          (alloca           ) [ 001111111]
window_V_516_1_i          (alloca           ) [ 001111111]
window_V_517_1_i          (alloca           ) [ 001111111]
window_V_518_1_i          (alloca           ) [ 001111111]
window_V_519_1_i          (alloca           ) [ 001111111]
window_V_520_1_i          (alloca           ) [ 001111111]
window_V_521_1_i          (alloca           ) [ 001111111]
window_V_522_1_i          (alloca           ) [ 001111111]
window_V_523_1_i          (alloca           ) [ 001111111]
window_V_524_1_i          (alloca           ) [ 001111111]
window_V_525_1_i          (alloca           ) [ 001111111]
window_V_526_1_i          (alloca           ) [ 001111111]
window_V_527_1_i          (alloca           ) [ 001111111]
window_V_528_1_i          (alloca           ) [ 001111111]
window_V_529_1_i          (alloca           ) [ 001111111]
window_V_530_1_i          (alloca           ) [ 001111111]
window_V_531_1_i          (alloca           ) [ 001111111]
window_V_532_1_i          (alloca           ) [ 001111111]
window_V_533_1_i          (alloca           ) [ 001111111]
window_V_534_1_i          (alloca           ) [ 001111111]
window_V_535_1_i          (alloca           ) [ 001111111]
window_V_536_1_i          (alloca           ) [ 001111111]
window_V_537_1_i          (alloca           ) [ 001111111]
window_V_538_1_i          (alloca           ) [ 001111111]
window_V_539_1_i          (alloca           ) [ 001111111]
window_V_540_1_i          (alloca           ) [ 001111111]
window_V_541_1_i          (alloca           ) [ 001111111]
window_V_542_1_i          (alloca           ) [ 001111111]
window_V_543_1_i          (alloca           ) [ 001111111]
window_V_544_1_i          (alloca           ) [ 001111111]
window_V_545_1_i          (alloca           ) [ 001111111]
window_V_546_1_i          (alloca           ) [ 001111111]
window_V_547_1_i          (alloca           ) [ 001111111]
window_V_548_1_i          (alloca           ) [ 001111111]
window_V_549_1_i          (alloca           ) [ 001111111]
window_V_550_1_i          (alloca           ) [ 001111111]
window_V_551_1_i          (alloca           ) [ 001111111]
window_V_552_1_i          (alloca           ) [ 001111111]
window_V_553_1_i          (alloca           ) [ 001111111]
window_V_554_1_i          (alloca           ) [ 001111111]
window_V_555_1_i          (alloca           ) [ 001111111]
window_V_556_1_i          (alloca           ) [ 001111111]
window_V_557_1_i          (alloca           ) [ 001111111]
window_V_558_1_i          (alloca           ) [ 001111111]
window_V_559_1_i          (alloca           ) [ 001111111]
window_V_560_1_i          (alloca           ) [ 001111111]
window_V_561_1_i          (alloca           ) [ 001111111]
window_V_562_1_i          (alloca           ) [ 001111111]
window_V_563_1_i          (alloca           ) [ 001111111]
window_V_564_1_i          (alloca           ) [ 001111111]
window_V_565_1_i          (alloca           ) [ 001111111]
window_V_566_1_i          (alloca           ) [ 001111111]
window_V_567_1_i          (alloca           ) [ 001111111]
window_V_568_1_i          (alloca           ) [ 001111111]
window_V_569_1_i          (alloca           ) [ 001111111]
window_V_570_1_i          (alloca           ) [ 001111111]
window_V_571_1_i          (alloca           ) [ 001111111]
window_V_572_1_i          (alloca           ) [ 001111111]
window_V_573_1_i          (alloca           ) [ 001111111]
window_V_574_1_i          (alloca           ) [ 001111111]
window_V_575_1_i          (alloca           ) [ 001111111]
window_V_576_1_i          (alloca           ) [ 001111111]
window_V_577_1_i          (alloca           ) [ 001111111]
window_V_578_1_i          (alloca           ) [ 001111111]
window_V_579_1_i          (alloca           ) [ 001111111]
window_V_580_1_i          (alloca           ) [ 001111111]
window_V_581_1_i          (alloca           ) [ 001111111]
window_V_582_1_i          (alloca           ) [ 001111111]
window_V_583_1_i          (alloca           ) [ 001111111]
window_V_584_1_i          (alloca           ) [ 001111111]
window_V_585_1_i          (alloca           ) [ 001111111]
window_V_586_1_i          (alloca           ) [ 001111111]
window_V_587_1_i          (alloca           ) [ 001111111]
window_V_588_1_i          (alloca           ) [ 001111111]
window_V_589_1_i          (alloca           ) [ 001111111]
window_V_590_1_i          (alloca           ) [ 001111111]
window_V_591_1_i          (alloca           ) [ 001111111]
window_V_592_1_i          (alloca           ) [ 001111111]
window_V_593_1_i          (alloca           ) [ 001111111]
window_V_594_1_i          (alloca           ) [ 001111111]
window_V_595_1_i          (alloca           ) [ 001111111]
window_V_596_1_i          (alloca           ) [ 001111111]
window_V_597_1_i          (alloca           ) [ 001111111]
window_V_598_1_i          (alloca           ) [ 001111111]
window_V_599_1_i          (alloca           ) [ 001111111]
window_V_600_1_i          (alloca           ) [ 001111111]
window_V_601_1_i          (alloca           ) [ 001111111]
window_V_602_1_i          (alloca           ) [ 001111111]
window_V_603_1_i          (alloca           ) [ 001111111]
window_V_604_1_i          (alloca           ) [ 001111111]
window_V_605_1_i          (alloca           ) [ 001111111]
window_V_606_1_i          (alloca           ) [ 001111111]
window_V_607_1_i          (alloca           ) [ 001111111]
window_V_608_1_i          (alloca           ) [ 001111111]
window_V_609_1_i          (alloca           ) [ 001111111]
window_V_610_1_i          (alloca           ) [ 001111111]
window_V_611_1_i          (alloca           ) [ 001111111]
window_V_612_1_i          (alloca           ) [ 001111111]
window_V_613_1_i          (alloca           ) [ 001111111]
window_V_614_1_i          (alloca           ) [ 001111111]
window_V_615_1_i          (alloca           ) [ 001111111]
window_V_616_1_i          (alloca           ) [ 001111111]
window_V_617_1_i          (alloca           ) [ 001111111]
window_V_618_1_i          (alloca           ) [ 001111111]
window_V_619_1_i          (alloca           ) [ 001111111]
window_V_620_1_i          (alloca           ) [ 001111111]
window_V_621_1_i          (alloca           ) [ 001111111]
window_V_622_1_i          (alloca           ) [ 001111111]
window_V_623_1_i          (alloca           ) [ 001111111]
window_V_624_1_i          (alloca           ) [ 001111111]
window_V_625_1_i          (alloca           ) [ 001111111]
window_V_626_1_i          (alloca           ) [ 001111111]
window_V_627_1_i          (alloca           ) [ 001111111]
window_V_628_1_i          (alloca           ) [ 001111111]
window_V_629_1_i          (alloca           ) [ 001111111]
window_V_630_1_i          (alloca           ) [ 001111111]
window_V_631_1_i          (alloca           ) [ 001111111]
window_V_632_1_i          (alloca           ) [ 001111111]
window_V_633_1_i          (alloca           ) [ 001111111]
window_V_634_1_i          (alloca           ) [ 001111111]
window_V_635_1_i          (alloca           ) [ 001111111]
window_V_636_1_i          (alloca           ) [ 001111111]
window_V_637_1_i          (alloca           ) [ 001111111]
window_V_638_1_i          (alloca           ) [ 001111111]
window_V_639_1_i          (alloca           ) [ 001111111]
window_V_640_1_i          (alloca           ) [ 001111111]
window_V_641_1_i          (alloca           ) [ 001111111]
window_V_642_1_i          (alloca           ) [ 001111111]
window_V_643_1_i          (alloca           ) [ 001111111]
window_V_644_1_i          (alloca           ) [ 001111111]
window_V_645_1_i          (alloca           ) [ 001111111]
window_V_646_1_i          (alloca           ) [ 001111111]
window_V_647_1_i          (alloca           ) [ 001111111]
window_V_648_1_i          (alloca           ) [ 001111111]
window_V_649_1_i          (alloca           ) [ 001111111]
window_V_650_1_i          (alloca           ) [ 001111111]
window_V_651_1_i          (alloca           ) [ 001111111]
window_V_652_1_i          (alloca           ) [ 001111111]
window_V_653_1_i          (alloca           ) [ 001111111]
window_V_654_1_i          (alloca           ) [ 001111111]
window_V_655_1_i          (alloca           ) [ 001111111]
window_V_656_1_i          (alloca           ) [ 001111111]
indvar_flatten20          (alloca           ) [ 011111111]
window_V_2_i_loc          (alloca           ) [ 001111111]
window_V_514_2_i_loc      (alloca           ) [ 001111111]
window_V_234_loc          (alloca           ) [ 001111111]
window_V_516_2_i_loc      (alloca           ) [ 001111111]
window_V_235_loc          (alloca           ) [ 001111111]
window_V_236_loc          (alloca           ) [ 001111111]
window_V_519_2_i_loc      (alloca           ) [ 001111111]
window_V_237_loc          (alloca           ) [ 001111111]
window_V_238_loc          (alloca           ) [ 001111111]
window_V_522_2_i_loc      (alloca           ) [ 001111111]
window_V_523_2_i_loc      (alloca           ) [ 001111111]
window_V_241_loc          (alloca           ) [ 001111111]
window_V_525_2_i_loc      (alloca           ) [ 001111111]
window_V_242_loc          (alloca           ) [ 001111111]
window_V_243_loc          (alloca           ) [ 001111111]
window_V_528_2_i_loc      (alloca           ) [ 001111111]
window_V_244_loc          (alloca           ) [ 001111111]
window_V_245_loc          (alloca           ) [ 001111111]
window_V_531_2_i_loc      (alloca           ) [ 001111111]
window_V_532_2_i_loc      (alloca           ) [ 001111111]
window_V_248_loc          (alloca           ) [ 001111111]
window_V_534_2_i_loc      (alloca           ) [ 001111111]
window_V_249_loc          (alloca           ) [ 001111111]
window_V_250_loc          (alloca           ) [ 001111111]
window_V_537_2_i_loc      (alloca           ) [ 001111111]
window_V_251_loc          (alloca           ) [ 001111111]
window_V_252_loc          (alloca           ) [ 001111111]
window_V_540_2_i_loc      (alloca           ) [ 001111111]
window_V_541_2_i_loc      (alloca           ) [ 001111111]
window_V_255_loc          (alloca           ) [ 001111111]
window_V_543_2_i_loc      (alloca           ) [ 001111111]
window_V_256_loc          (alloca           ) [ 001111111]
window_V_257_loc          (alloca           ) [ 001111111]
window_V_546_2_i_loc      (alloca           ) [ 001111111]
window_V_258_loc          (alloca           ) [ 001111111]
window_V_259_loc          (alloca           ) [ 001111111]
window_V_549_2_i_loc      (alloca           ) [ 001111111]
window_V_550_2_i_loc      (alloca           ) [ 001111111]
window_V_262_loc          (alloca           ) [ 001111111]
window_V_552_2_i_loc      (alloca           ) [ 001111111]
window_V_263_loc          (alloca           ) [ 001111111]
window_V_264_loc          (alloca           ) [ 001111111]
window_V_555_2_i_loc      (alloca           ) [ 001111111]
window_V_265_loc          (alloca           ) [ 001111111]
window_V_266_loc          (alloca           ) [ 001111111]
window_V_558_2_i_loc      (alloca           ) [ 001111111]
window_V_559_2_i_loc      (alloca           ) [ 001111111]
window_V_269_loc          (alloca           ) [ 001111111]
window_V_561_2_i_loc      (alloca           ) [ 001111111]
window_V_270_loc          (alloca           ) [ 001111111]
window_V_271_loc          (alloca           ) [ 001111111]
window_V_564_2_i_loc      (alloca           ) [ 001111111]
window_V_272_loc          (alloca           ) [ 001111111]
window_V_273_loc          (alloca           ) [ 001111111]
window_V_567_2_i_loc      (alloca           ) [ 001111111]
window_V_568_2_i_loc      (alloca           ) [ 001111111]
window_V_276_loc          (alloca           ) [ 001111111]
window_V_570_2_i_loc      (alloca           ) [ 001111111]
window_V_277_loc          (alloca           ) [ 001111111]
window_V_278_loc          (alloca           ) [ 001111111]
window_V_573_2_i_loc      (alloca           ) [ 001111111]
window_V_279_loc          (alloca           ) [ 001111111]
window_V_280_loc          (alloca           ) [ 001111111]
window_V_576_2_i_loc      (alloca           ) [ 001111111]
window_V_577_2_i_loc      (alloca           ) [ 001111111]
window_V_283_loc          (alloca           ) [ 001111111]
window_V_579_2_i_loc      (alloca           ) [ 001111111]
window_V_284_loc          (alloca           ) [ 001111111]
window_V_285_loc          (alloca           ) [ 001111111]
window_V_582_2_i_loc      (alloca           ) [ 001111111]
window_V_286_loc          (alloca           ) [ 001111111]
window_V_287_loc          (alloca           ) [ 001111111]
window_V_585_2_i_loc      (alloca           ) [ 001111111]
window_V_586_2_i_loc      (alloca           ) [ 001111111]
window_V_290_loc          (alloca           ) [ 001111111]
window_V_588_2_i_loc      (alloca           ) [ 001111111]
window_V_291_loc          (alloca           ) [ 001111111]
window_V_292_loc          (alloca           ) [ 001111111]
window_V_591_2_i_loc      (alloca           ) [ 001111111]
window_V_293_loc          (alloca           ) [ 001111111]
window_V_294_loc          (alloca           ) [ 001111111]
window_V_594_2_i_loc      (alloca           ) [ 001111111]
window_V_595_2_i_loc      (alloca           ) [ 001111111]
window_V_297_loc          (alloca           ) [ 001111111]
window_V_597_2_i_loc      (alloca           ) [ 001111111]
window_V_298_loc          (alloca           ) [ 001111111]
window_V_299_loc          (alloca           ) [ 001111111]
window_V_600_2_i_loc      (alloca           ) [ 001111111]
window_V_300_loc          (alloca           ) [ 001111111]
window_V_301_loc          (alloca           ) [ 001111111]
window_V_603_2_i_loc      (alloca           ) [ 001111111]
window_V_604_2_i_loc      (alloca           ) [ 001111111]
window_V_304_loc          (alloca           ) [ 001111111]
window_V_606_2_i_loc      (alloca           ) [ 001111111]
window_V_305_loc          (alloca           ) [ 001111111]
window_V_306_loc          (alloca           ) [ 001111111]
window_V_609_2_i_loc      (alloca           ) [ 001111111]
window_V_307_loc          (alloca           ) [ 001111111]
window_V_308_loc          (alloca           ) [ 001111111]
window_V_612_2_i_loc      (alloca           ) [ 001111111]
window_V_613_2_i_loc      (alloca           ) [ 001111111]
window_V_311_loc          (alloca           ) [ 001111111]
window_V_615_2_i_loc      (alloca           ) [ 001111111]
window_V_312_loc          (alloca           ) [ 001111111]
window_V_313_loc          (alloca           ) [ 001111111]
window_V_618_2_i_loc      (alloca           ) [ 001111111]
window_V_314_loc          (alloca           ) [ 001111111]
window_V_315_loc          (alloca           ) [ 001111111]
window_V_621_2_i_loc      (alloca           ) [ 001111111]
window_V_622_2_i_loc      (alloca           ) [ 001111111]
window_V_318_loc          (alloca           ) [ 001111111]
window_V_624_2_i_loc      (alloca           ) [ 001111111]
window_V_319_loc          (alloca           ) [ 001111111]
window_V_320_loc          (alloca           ) [ 001111111]
window_V_627_2_i_loc      (alloca           ) [ 001111111]
window_V_321_loc          (alloca           ) [ 001111111]
window_V_322_loc          (alloca           ) [ 001111111]
window_V_630_2_i_loc      (alloca           ) [ 001111111]
window_V_631_2_i_loc      (alloca           ) [ 001111111]
window_V_325_loc          (alloca           ) [ 001111111]
window_V_633_2_i_loc      (alloca           ) [ 001111111]
window_V_326_loc          (alloca           ) [ 001111111]
window_V_327_loc          (alloca           ) [ 001111111]
window_V_636_2_i_loc      (alloca           ) [ 001111111]
window_V_328_loc          (alloca           ) [ 001111111]
window_V_329_loc          (alloca           ) [ 001111111]
window_V_639_2_i_loc      (alloca           ) [ 001111111]
window_V_640_2_i_loc      (alloca           ) [ 001111111]
window_V_332_loc          (alloca           ) [ 001111111]
window_V_642_2_i_loc      (alloca           ) [ 001111111]
window_V_333_loc          (alloca           ) [ 001111111]
window_V_334_loc          (alloca           ) [ 001111111]
window_V_645_2_i_loc      (alloca           ) [ 001111111]
window_V_335_loc          (alloca           ) [ 001111111]
window_V_336_loc          (alloca           ) [ 001111111]
window_V_648_2_i_loc      (alloca           ) [ 001111111]
window_V_649_2_i_loc      (alloca           ) [ 001111111]
window_V_226_loc          (alloca           ) [ 001111111]
window_V_651_2_i_loc      (alloca           ) [ 001111111]
window_V_227_loc          (alloca           ) [ 001111111]
window_V_228_loc          (alloca           ) [ 001111111]
window_V_654_2_i_loc      (alloca           ) [ 001111111]
window_V_229_loc          (alloca           ) [ 001111111]
window_V_230_loc          (alloca           ) [ 001111111]
store_ln37                (store            ) [ 000000000]
store_ln37                (store            ) [ 000000000]
specinterface_ln0         (specinterface    ) [ 000000000]
specinterface_ln0         (specinterface    ) [ 000000000]
specinterface_ln0         (specinterface    ) [ 000000000]
specinterface_ln0         (specinterface    ) [ 000000000]
specinterface_ln0         (specinterface    ) [ 000000000]
specinterface_ln0         (specinterface    ) [ 000000000]
specinterface_ln0         (specinterface    ) [ 000000000]
specinterface_ln0         (specinterface    ) [ 000000000]
call_ln0                  (call             ) [ 000000000]
br_ln37                   (br               ) [ 000000000]
indvar_flatten20_load     (load             ) [ 000000000]
icmp_ln36                 (icmp             ) [ 000111111]
add_ln36                  (add              ) [ 000011111]
br_ln36                   (br               ) [ 000000000]
c_load                    (load             ) [ 000000000]
window_V_1_i_load         (load             ) [ 000010000]
window_V_514_1_i_load     (load             ) [ 000010000]
window_V_515_1_i_load     (load             ) [ 000010000]
window_V_516_1_i_load     (load             ) [ 000010000]
window_V_517_1_i_load     (load             ) [ 000010000]
window_V_518_1_i_load     (load             ) [ 000010000]
window_V_519_1_i_load     (load             ) [ 000010000]
window_V_520_1_i_load     (load             ) [ 000010000]
window_V_521_1_i_load     (load             ) [ 000010000]
window_V_522_1_i_load     (load             ) [ 000010000]
window_V_523_1_i_load     (load             ) [ 000010000]
window_V_524_1_i_load     (load             ) [ 000010000]
window_V_525_1_i_load     (load             ) [ 000010000]
window_V_526_1_i_load     (load             ) [ 000010000]
window_V_527_1_i_load     (load             ) [ 000010000]
window_V_528_1_i_load     (load             ) [ 000010000]
window_V_529_1_i_load     (load             ) [ 000010000]
window_V_530_1_i_load     (load             ) [ 000010000]
window_V_531_1_i_load     (load             ) [ 000010000]
window_V_532_1_i_load     (load             ) [ 000010000]
window_V_533_1_i_load     (load             ) [ 000010000]
window_V_534_1_i_load     (load             ) [ 000010000]
window_V_535_1_i_load     (load             ) [ 000010000]
window_V_536_1_i_load     (load             ) [ 000010000]
window_V_537_1_i_load     (load             ) [ 000010000]
window_V_538_1_i_load     (load             ) [ 000010000]
window_V_539_1_i_load     (load             ) [ 000010000]
window_V_540_1_i_load     (load             ) [ 000010000]
window_V_541_1_i_load     (load             ) [ 000010000]
window_V_542_1_i_load     (load             ) [ 000010000]
window_V_543_1_i_load     (load             ) [ 000010000]
window_V_544_1_i_load     (load             ) [ 000010000]
window_V_545_1_i_load     (load             ) [ 000010000]
window_V_546_1_i_load     (load             ) [ 000010000]
window_V_547_1_i_load     (load             ) [ 000010000]
window_V_548_1_i_load     (load             ) [ 000010000]
window_V_549_1_i_load     (load             ) [ 000010000]
window_V_550_1_i_load     (load             ) [ 000010000]
window_V_551_1_i_load     (load             ) [ 000010000]
window_V_552_1_i_load     (load             ) [ 000010000]
window_V_553_1_i_load     (load             ) [ 000010000]
window_V_554_1_i_load     (load             ) [ 000010000]
window_V_555_1_i_load     (load             ) [ 000010000]
window_V_556_1_i_load     (load             ) [ 000010000]
window_V_557_1_i_load     (load             ) [ 000010000]
window_V_558_1_i_load     (load             ) [ 000010000]
window_V_559_1_i_load     (load             ) [ 000010000]
window_V_560_1_i_load     (load             ) [ 000010000]
window_V_561_1_i_load     (load             ) [ 000010000]
window_V_562_1_i_load     (load             ) [ 000010000]
window_V_563_1_i_load     (load             ) [ 000010000]
window_V_564_1_i_load     (load             ) [ 000010000]
window_V_565_1_i_load     (load             ) [ 000010000]
window_V_566_1_i_load     (load             ) [ 000010000]
window_V_567_1_i_load     (load             ) [ 000010000]
window_V_568_1_i_load     (load             ) [ 000010000]
window_V_569_1_i_load     (load             ) [ 000010000]
window_V_570_1_i_load     (load             ) [ 000010000]
window_V_571_1_i_load     (load             ) [ 000010000]
window_V_572_1_i_load     (load             ) [ 000010000]
window_V_573_1_i_load     (load             ) [ 000010000]
window_V_574_1_i_load     (load             ) [ 000010000]
window_V_575_1_i_load     (load             ) [ 000010000]
window_V_576_1_i_load     (load             ) [ 000010000]
window_V_577_1_i_load     (load             ) [ 000010000]
window_V_578_1_i_load     (load             ) [ 000010000]
window_V_579_1_i_load     (load             ) [ 000010000]
window_V_580_1_i_load     (load             ) [ 000010000]
window_V_581_1_i_load     (load             ) [ 000010000]
window_V_582_1_i_load     (load             ) [ 000010000]
window_V_583_1_i_load     (load             ) [ 000010000]
window_V_584_1_i_load     (load             ) [ 000010000]
window_V_585_1_i_load     (load             ) [ 000010000]
window_V_586_1_i_load     (load             ) [ 000010000]
window_V_587_1_i_load     (load             ) [ 000010000]
window_V_588_1_i_load     (load             ) [ 000010000]
window_V_589_1_i_load     (load             ) [ 000010000]
window_V_590_1_i_load     (load             ) [ 000010000]
window_V_591_1_i_load     (load             ) [ 000010000]
window_V_592_1_i_load     (load             ) [ 000010000]
window_V_593_1_i_load     (load             ) [ 000010000]
window_V_594_1_i_load     (load             ) [ 000010000]
window_V_595_1_i_load     (load             ) [ 000010000]
window_V_596_1_i_load     (load             ) [ 000010000]
window_V_597_1_i_load     (load             ) [ 000010000]
window_V_598_1_i_load     (load             ) [ 000010000]
window_V_599_1_i_load     (load             ) [ 000010000]
window_V_600_1_i_load     (load             ) [ 000010000]
window_V_601_1_i_load     (load             ) [ 000010000]
window_V_602_1_i_load     (load             ) [ 000010000]
window_V_603_1_i_load     (load             ) [ 000010000]
window_V_604_1_i_load     (load             ) [ 000010000]
window_V_605_1_i_load     (load             ) [ 000010000]
window_V_606_1_i_load     (load             ) [ 000010000]
window_V_607_1_i_load     (load             ) [ 000010000]
window_V_608_1_i_load     (load             ) [ 000010000]
window_V_609_1_i_load     (load             ) [ 000010000]
window_V_610_1_i_load     (load             ) [ 000010000]
window_V_611_1_i_load     (load             ) [ 000010000]
window_V_612_1_i_load     (load             ) [ 000010000]
window_V_613_1_i_load     (load             ) [ 000010000]
window_V_614_1_i_load     (load             ) [ 000010000]
window_V_615_1_i_load     (load             ) [ 000010000]
window_V_616_1_i_load     (load             ) [ 000010000]
window_V_617_1_i_load     (load             ) [ 000010000]
window_V_618_1_i_load     (load             ) [ 000010000]
window_V_619_1_i_load     (load             ) [ 000010000]
window_V_620_1_i_load     (load             ) [ 000010000]
window_V_621_1_i_load     (load             ) [ 000010000]
window_V_622_1_i_load     (load             ) [ 000010000]
window_V_623_1_i_load     (load             ) [ 000010000]
window_V_624_1_i_load     (load             ) [ 000010000]
window_V_625_1_i_load     (load             ) [ 000010000]
window_V_626_1_i_load     (load             ) [ 000010000]
window_V_627_1_i_load     (load             ) [ 000010000]
window_V_628_1_i_load     (load             ) [ 000010000]
window_V_629_1_i_load     (load             ) [ 000010000]
window_V_630_1_i_load     (load             ) [ 000010000]
window_V_631_1_i_load     (load             ) [ 000010000]
window_V_632_1_i_load     (load             ) [ 000010000]
window_V_633_1_i_load     (load             ) [ 000010000]
window_V_634_1_i_load     (load             ) [ 000010000]
window_V_635_1_i_load     (load             ) [ 000010000]
window_V_636_1_i_load     (load             ) [ 000010000]
window_V_637_1_i_load     (load             ) [ 000010000]
window_V_638_1_i_load     (load             ) [ 000010000]
window_V_639_1_i_load     (load             ) [ 000010000]
window_V_640_1_i_load     (load             ) [ 000010000]
window_V_641_1_i_load     (load             ) [ 000010000]
window_V_642_1_i_load     (load             ) [ 000010000]
window_V_643_1_i_load     (load             ) [ 000010000]
window_V_644_1_i_load     (load             ) [ 000010000]
window_V_645_1_i_load     (load             ) [ 000010000]
window_V_646_1_i_load     (load             ) [ 000010000]
window_V_647_1_i_load     (load             ) [ 000010000]
window_V_648_1_i_load     (load             ) [ 000010000]
window_V_649_1_i_load     (load             ) [ 000010000]
window_V_650_1_i_load     (load             ) [ 000010000]
window_V_651_1_i_load     (load             ) [ 000010000]
window_V_652_1_i_load     (load             ) [ 000010000]
window_V_653_1_i_load     (load             ) [ 000010000]
window_V_654_1_i_load     (load             ) [ 000010000]
window_V_655_1_i_load     (load             ) [ 000010000]
window_V_656_1_i_load     (load             ) [ 000010000]
icmp_ln37                 (icmp             ) [ 000000000]
select_ln36               (select           ) [ 000011111]
empty_49                  (wait             ) [ 000000000]
ret_ln0                   (ret              ) [ 000000000]
call_ln36                 (call             ) [ 000000000]
specloopname_ln0          (specloopname     ) [ 000000000]
empty_48                  (speclooptripcount) [ 000000000]
specloopname_ln37         (specloopname     ) [ 000000000]
window_V_230_loc_load     (load             ) [ 000000111]
window_V_229_loc_load     (load             ) [ 000000111]
window_V_654_2_i_loc_load (load             ) [ 000000111]
window_V_228_loc_load     (load             ) [ 000000111]
window_V_227_loc_load     (load             ) [ 000000111]
window_V_651_2_i_loc_load (load             ) [ 000000111]
window_V_226_loc_load     (load             ) [ 000000111]
window_V_649_2_i_loc_load (load             ) [ 000000111]
window_V_648_2_i_loc_load (load             ) [ 000000111]
window_V_336_loc_load     (load             ) [ 000000111]
window_V_335_loc_load     (load             ) [ 000000111]
window_V_645_2_i_loc_load (load             ) [ 000000111]
window_V_334_loc_load     (load             ) [ 000000111]
window_V_333_loc_load     (load             ) [ 000000111]
window_V_642_2_i_loc_load (load             ) [ 000000111]
window_V_332_loc_load     (load             ) [ 000000111]
window_V_640_2_i_loc_load (load             ) [ 000000111]
window_V_639_2_i_loc_load (load             ) [ 000000111]
window_V_329_loc_load     (load             ) [ 000000111]
window_V_328_loc_load     (load             ) [ 000000111]
window_V_636_2_i_loc_load (load             ) [ 000000111]
window_V_327_loc_load     (load             ) [ 000000111]
window_V_326_loc_load     (load             ) [ 000000111]
window_V_633_2_i_loc_load (load             ) [ 000000111]
window_V_325_loc_load     (load             ) [ 000000111]
window_V_631_2_i_loc_load (load             ) [ 000000111]
window_V_630_2_i_loc_load (load             ) [ 000000111]
window_V_322_loc_load     (load             ) [ 000000111]
window_V_321_loc_load     (load             ) [ 000000111]
window_V_627_2_i_loc_load (load             ) [ 000000111]
window_V_320_loc_load     (load             ) [ 000000111]
window_V_319_loc_load     (load             ) [ 000000111]
window_V_624_2_i_loc_load (load             ) [ 000000111]
window_V_318_loc_load     (load             ) [ 000000111]
window_V_622_2_i_loc_load (load             ) [ 000000111]
window_V_621_2_i_loc_load (load             ) [ 000000111]
window_V_315_loc_load     (load             ) [ 000000111]
window_V_314_loc_load     (load             ) [ 000000111]
window_V_618_2_i_loc_load (load             ) [ 000000111]
window_V_313_loc_load     (load             ) [ 000000111]
window_V_312_loc_load     (load             ) [ 000000111]
window_V_615_2_i_loc_load (load             ) [ 000000111]
window_V_311_loc_load     (load             ) [ 000000111]
window_V_613_2_i_loc_load (load             ) [ 000000111]
window_V_612_2_i_loc_load (load             ) [ 000000111]
window_V_308_loc_load     (load             ) [ 000000111]
window_V_307_loc_load     (load             ) [ 000000111]
window_V_609_2_i_loc_load (load             ) [ 000000111]
window_V_306_loc_load     (load             ) [ 000000111]
window_V_305_loc_load     (load             ) [ 000000111]
window_V_606_2_i_loc_load (load             ) [ 000000111]
window_V_304_loc_load     (load             ) [ 000000111]
window_V_604_2_i_loc_load (load             ) [ 000000111]
window_V_603_2_i_loc_load (load             ) [ 000000111]
window_V_301_loc_load     (load             ) [ 000000111]
window_V_300_loc_load     (load             ) [ 000000111]
window_V_600_2_i_loc_load (load             ) [ 000000111]
window_V_299_loc_load     (load             ) [ 000000111]
window_V_298_loc_load     (load             ) [ 000000111]
window_V_597_2_i_loc_load (load             ) [ 000000111]
window_V_297_loc_load     (load             ) [ 000000111]
window_V_595_2_i_loc_load (load             ) [ 000000111]
window_V_594_2_i_loc_load (load             ) [ 000000111]
window_V_294_loc_load     (load             ) [ 000000111]
window_V_293_loc_load     (load             ) [ 000000111]
window_V_591_2_i_loc_load (load             ) [ 000000111]
window_V_292_loc_load     (load             ) [ 000000111]
window_V_291_loc_load     (load             ) [ 000000111]
window_V_588_2_i_loc_load (load             ) [ 000000111]
window_V_290_loc_load     (load             ) [ 000000111]
window_V_586_2_i_loc_load (load             ) [ 000000111]
window_V_585_2_i_loc_load (load             ) [ 000000111]
window_V_287_loc_load     (load             ) [ 000000111]
window_V_286_loc_load     (load             ) [ 000000111]
window_V_582_2_i_loc_load (load             ) [ 000000111]
window_V_285_loc_load     (load             ) [ 000000111]
window_V_284_loc_load     (load             ) [ 000000111]
window_V_579_2_i_loc_load (load             ) [ 000000111]
window_V_283_loc_load     (load             ) [ 000000111]
window_V_577_2_i_loc_load (load             ) [ 000000111]
window_V_576_2_i_loc_load (load             ) [ 000000111]
window_V_280_loc_load     (load             ) [ 000000111]
window_V_279_loc_load     (load             ) [ 000000111]
window_V_573_2_i_loc_load (load             ) [ 000000111]
window_V_278_loc_load     (load             ) [ 000000111]
window_V_277_loc_load     (load             ) [ 000000111]
window_V_570_2_i_loc_load (load             ) [ 000000111]
window_V_276_loc_load     (load             ) [ 000000111]
window_V_568_2_i_loc_load (load             ) [ 000000111]
window_V_567_2_i_loc_load (load             ) [ 000000111]
window_V_273_loc_load     (load             ) [ 000000111]
window_V_272_loc_load     (load             ) [ 000000111]
window_V_564_2_i_loc_load (load             ) [ 000000111]
window_V_271_loc_load     (load             ) [ 000000111]
window_V_270_loc_load     (load             ) [ 000000111]
window_V_561_2_i_loc_load (load             ) [ 000000111]
window_V_269_loc_load     (load             ) [ 000000111]
window_V_559_2_i_loc_load (load             ) [ 000000111]
window_V_558_2_i_loc_load (load             ) [ 000000111]
window_V_266_loc_load     (load             ) [ 000000111]
window_V_265_loc_load     (load             ) [ 000000111]
window_V_555_2_i_loc_load (load             ) [ 000000111]
window_V_264_loc_load     (load             ) [ 000000111]
window_V_263_loc_load     (load             ) [ 000000111]
window_V_552_2_i_loc_load (load             ) [ 000000111]
window_V_262_loc_load     (load             ) [ 000000111]
window_V_550_2_i_loc_load (load             ) [ 000000111]
window_V_549_2_i_loc_load (load             ) [ 000000111]
window_V_259_loc_load     (load             ) [ 000000111]
window_V_258_loc_load     (load             ) [ 000000111]
window_V_546_2_i_loc_load (load             ) [ 000000111]
window_V_257_loc_load     (load             ) [ 000000111]
window_V_256_loc_load     (load             ) [ 000000111]
window_V_543_2_i_loc_load (load             ) [ 000000111]
window_V_255_loc_load     (load             ) [ 000000111]
window_V_541_2_i_loc_load (load             ) [ 000000111]
window_V_540_2_i_loc_load (load             ) [ 000000111]
window_V_252_loc_load     (load             ) [ 000000111]
window_V_251_loc_load     (load             ) [ 000000111]
window_V_537_2_i_loc_load (load             ) [ 000000111]
window_V_250_loc_load     (load             ) [ 000000111]
window_V_249_loc_load     (load             ) [ 000000111]
window_V_534_2_i_loc_load (load             ) [ 000000111]
window_V_248_loc_load     (load             ) [ 000000111]
window_V_532_2_i_loc_load (load             ) [ 000000111]
window_V_531_2_i_loc_load (load             ) [ 000000111]
window_V_245_loc_load     (load             ) [ 000000111]
window_V_244_loc_load     (load             ) [ 000000111]
window_V_528_2_i_loc_load (load             ) [ 000000111]
window_V_243_loc_load     (load             ) [ 000000111]
window_V_242_loc_load     (load             ) [ 000000111]
window_V_525_2_i_loc_load (load             ) [ 000000111]
window_V_241_loc_load     (load             ) [ 000000111]
window_V_523_2_i_loc_load (load             ) [ 000000111]
window_V_522_2_i_loc_load (load             ) [ 000000111]
window_V_238_loc_load     (load             ) [ 000000111]
window_V_237_loc_load     (load             ) [ 000000111]
window_V_519_2_i_loc_load (load             ) [ 000000111]
window_V_236_loc_load     (load             ) [ 000000111]
window_V_235_loc_load     (load             ) [ 000000111]
window_V_516_2_i_loc_load (load             ) [ 000000111]
window_V_234_loc_load     (load             ) [ 000000111]
window_V_514_2_i_loc_load (load             ) [ 000000111]
window_V_2_i_loc_load     (load             ) [ 000000111]
empty_50                  (wait             ) [ 000000000]
br_ln64                   (br               ) [ 000111111]
f                         (phi              ) [ 000000100]
icmp_ln64                 (icmp             ) [ 000111111]
empty                     (speclooptripcount) [ 000000000]
add_ln64                  (add              ) [ 000111111]
br_ln64                   (br               ) [ 000000000]
zext_ln64                 (zext             ) [ 000000000]
conv2_bias_addr           (getelementptr    ) [ 000000010]
trunc_ln76                (trunc            ) [ 000000010]
empty_47                  (wait             ) [ 000000000]
add_ln37                  (add              ) [ 000000000]
store_ln37                (store            ) [ 000000000]
store_ln37                (store            ) [ 000000000]
store_ln37                (store            ) [ 000000000]
store_ln37                (store            ) [ 000000000]
store_ln37                (store            ) [ 000000000]
store_ln37                (store            ) [ 000000000]
store_ln37                (store            ) [ 000000000]
store_ln37                (store            ) [ 000000000]
store_ln37                (store            ) [ 000000000]
store_ln37                (store            ) [ 000000000]
store_ln37                (store            ) [ 000000000]
store_ln37                (store            ) [ 000000000]
store_ln37                (store            ) [ 000000000]
store_ln37                (store            ) [ 000000000]
store_ln37                (store            ) [ 000000000]
store_ln37                (store            ) [ 000000000]
store_ln37                (store            ) [ 000000000]
store_ln37                (store            ) [ 000000000]
store_ln37                (store            ) [ 000000000]
store_ln37                (store            ) [ 000000000]
store_ln37                (store            ) [ 000000000]
store_ln37                (store            ) [ 000000000]
store_ln37                (store            ) [ 000000000]
store_ln37                (store            ) [ 000000000]
store_ln37                (store            ) [ 000000000]
store_ln37                (store            ) [ 000000000]
store_ln37                (store            ) [ 000000000]
store_ln37                (store            ) [ 000000000]
store_ln37                (store            ) [ 000000000]
store_ln37                (store            ) [ 000000000]
store_ln37                (store            ) [ 000000000]
store_ln37                (store            ) [ 000000000]
store_ln37                (store            ) [ 000000000]
store_ln37                (store            ) [ 000000000]
store_ln37                (store            ) [ 000000000]
store_ln37                (store            ) [ 000000000]
store_ln37                (store            ) [ 000000000]
store_ln37                (store            ) [ 000000000]
store_ln37                (store            ) [ 000000000]
store_ln37                (store            ) [ 000000000]
store_ln37                (store            ) [ 000000000]
store_ln37                (store            ) [ 000000000]
store_ln37                (store            ) [ 000000000]
store_ln37                (store            ) [ 000000000]
store_ln37                (store            ) [ 000000000]
store_ln37                (store            ) [ 000000000]
store_ln37                (store            ) [ 000000000]
store_ln37                (store            ) [ 000000000]
store_ln37                (store            ) [ 000000000]
store_ln37                (store            ) [ 000000000]
store_ln37                (store            ) [ 000000000]
store_ln37                (store            ) [ 000000000]
store_ln37                (store            ) [ 000000000]
store_ln37                (store            ) [ 000000000]
store_ln37                (store            ) [ 000000000]
store_ln37                (store            ) [ 000000000]
store_ln37                (store            ) [ 000000000]
store_ln37                (store            ) [ 000000000]
store_ln37                (store            ) [ 000000000]
store_ln37                (store            ) [ 000000000]
store_ln37                (store            ) [ 000000000]
store_ln37                (store            ) [ 000000000]
store_ln37                (store            ) [ 000000000]
store_ln37                (store            ) [ 000000000]
store_ln37                (store            ) [ 000000000]
store_ln37                (store            ) [ 000000000]
store_ln37                (store            ) [ 000000000]
store_ln37                (store            ) [ 000000000]
store_ln37                (store            ) [ 000000000]
store_ln37                (store            ) [ 000000000]
store_ln37                (store            ) [ 000000000]
store_ln37                (store            ) [ 000000000]
store_ln37                (store            ) [ 000000000]
store_ln37                (store            ) [ 000000000]
store_ln37                (store            ) [ 000000000]
store_ln37                (store            ) [ 000000000]
store_ln37                (store            ) [ 000000000]
store_ln37                (store            ) [ 000000000]
store_ln37                (store            ) [ 000000000]
store_ln37                (store            ) [ 000000000]
store_ln37                (store            ) [ 000000000]
store_ln37                (store            ) [ 000000000]
store_ln37                (store            ) [ 000000000]
store_ln37                (store            ) [ 000000000]
store_ln37                (store            ) [ 000000000]
store_ln37                (store            ) [ 000000000]
store_ln37                (store            ) [ 000000000]
store_ln37                (store            ) [ 000000000]
store_ln37                (store            ) [ 000000000]
store_ln37                (store            ) [ 000000000]
store_ln37                (store            ) [ 000000000]
store_ln37                (store            ) [ 000000000]
store_ln37                (store            ) [ 000000000]
store_ln37                (store            ) [ 000000000]
store_ln37                (store            ) [ 000000000]
store_ln37                (store            ) [ 000000000]
store_ln37                (store            ) [ 000000000]
store_ln37                (store            ) [ 000000000]
store_ln37                (store            ) [ 000000000]
store_ln37                (store            ) [ 000000000]
store_ln37                (store            ) [ 000000000]
store_ln37                (store            ) [ 000000000]
store_ln37                (store            ) [ 000000000]
store_ln37                (store            ) [ 000000000]
store_ln37                (store            ) [ 000000000]
store_ln37                (store            ) [ 000000000]
store_ln37                (store            ) [ 000000000]
store_ln37                (store            ) [ 000000000]
store_ln37                (store            ) [ 000000000]
store_ln37                (store            ) [ 000000000]
store_ln37                (store            ) [ 000000000]
store_ln37                (store            ) [ 000000000]
store_ln37                (store            ) [ 000000000]
store_ln37                (store            ) [ 000000000]
store_ln37                (store            ) [ 000000000]
store_ln37                (store            ) [ 000000000]
store_ln37                (store            ) [ 000000000]
store_ln37                (store            ) [ 000000000]
store_ln37                (store            ) [ 000000000]
store_ln37                (store            ) [ 000000000]
store_ln37                (store            ) [ 000000000]
store_ln37                (store            ) [ 000000000]
store_ln37                (store            ) [ 000000000]
store_ln37                (store            ) [ 000000000]
store_ln37                (store            ) [ 000000000]
store_ln37                (store            ) [ 000000000]
store_ln37                (store            ) [ 000000000]
store_ln37                (store            ) [ 000000000]
store_ln37                (store            ) [ 000000000]
store_ln37                (store            ) [ 000000000]
store_ln37                (store            ) [ 000000000]
store_ln37                (store            ) [ 000000000]
store_ln37                (store            ) [ 000000000]
store_ln37                (store            ) [ 000000000]
store_ln37                (store            ) [ 000000000]
store_ln37                (store            ) [ 000000000]
store_ln37                (store            ) [ 000000000]
store_ln37                (store            ) [ 000000000]
store_ln37                (store            ) [ 000000000]
store_ln37                (store            ) [ 000000000]
store_ln37                (store            ) [ 000000000]
store_ln37                (store            ) [ 000000000]
store_ln37                (store            ) [ 000000000]
store_ln37                (store            ) [ 000000000]
store_ln37                (store            ) [ 000000000]
store_ln37                (store            ) [ 000000000]
br_ln37                   (br               ) [ 000000000]
acc_V                     (load             ) [ 000000000]
acc_V_39                  (bitconcatenate   ) [ 000000001]
shl_ln                    (bitconcatenate   ) [ 000000001]
shl_ln76_3                (bitconcatenate   ) [ 000000001]
specloopname_ln64         (specloopname     ) [ 000000000]
call_ln838                (call             ) [ 000000000]
br_ln64                   (br               ) [ 000111111]
</LifeTime>

<model>

<comp_list>
<comp id="0" class="1000" name="void_layer_block_stream_stream_signed_char_const_16_3_3_signed_char_con_1">
<pin_list>
<pin id="1" dir="1" index="0" bw="1" slack="0"/>
</pin_list>
<bind>
<StgValue><ssdm name="void_layer_block_stream_stream_signed_char_const_16_3_3_signed_char_con_1"/><MemPortTyVec>0 1 </MemPortTyVec>
</StgValue>
</bind>
</comp>

<comp id="2" class="1000" name="void_layer_block_stream_stream_signed_char_const_16_3_3_signed_char_con">
<pin_list>
<pin id="3" dir="1" index="0" bw="1" slack="0"/>
</pin_list>
<bind>
<StgValue><ssdm name="void_layer_block_stream_stream_signed_char_const_16_3_3_signed_char_con"/><MemPortTyVec>0 1 </MemPortTyVec>
</StgValue>
</bind>
</comp>

<comp id="4" class="1000" name="conv2_bias">
<pin_list>
<pin id="5" dir="1" index="0" bw="1" slack="0"/>
</pin_list>
<bind>
<StgValue><ssdm name="conv2_bias"/><MemPortTyVec>1 </MemPortTyVec>
</StgValue>
</bind>
</comp>

<comp id="6" class="1000" name="conv2_weights">
<pin_list>
<pin id="7" dir="1" index="0" bw="1" slack="0"/>
</pin_list>
<bind>
<StgValue><ssdm name="conv2_weights"/><MemPortTyVec>1 1 1 1 1 </MemPortTyVec>
</StgValue>
</bind>
</comp>

<comp id="8" class="1000" name="s_conv2">
<pin_list>
<pin id="9" dir="1" index="0" bw="1" slack="0"/>
</pin_list>
<bind>
<StgValue><ssdm name="s_conv2"/></StgValue>
</bind>
</comp>

<comp id="10" class="1000" name="s_pool1">
<pin_list>
<pin id="11" dir="1" index="0" bw="1" slack="0"/>
</pin_list>
<bind>
<StgValue><ssdm name="s_pool1"/></StgValue>
</bind>
</comp>

<comp id="12" class="1001" name="const_12">
<pin_list>
<pin id="13" dir="1" index="0" bw="1" slack="0"/>
</pin_list>
<bind>
<StgValue><ssdm name=""/></StgValue>
</bind>
</comp>

<comp id="14" class="1001" name="const_14">
<pin_list>
<pin id="15" dir="1" index="0" bw="1" slack="0"/>
</pin_list>
<bind>
<StgValue><ssdm name=""/></StgValue>
</bind>
</comp>

<comp id="16" class="1001" name="const_16">
<pin_list>
<pin id="17" dir="1" index="0" bw="1" slack="0"/>
</pin_list>
<bind>
<StgValue><ssdm name="layer_block<16, 32, 16>_Pipeline_VITIS_LOOP_31_1_VITIS_LOOP_32_2_VITIS_LOOP_33_3"/></StgValue>
</bind>
</comp>

<comp id="18" class="1001" name="const_18">
<pin_list>
<pin id="19" dir="1" index="0" bw="1" slack="0"/>
</pin_list>
<bind>
<StgValue><ssdm name=""/></StgValue>
</bind>
</comp>

<comp id="20" class="1001" name="const_20">
<pin_list>
<pin id="21" dir="1" index="0" bw="1" slack="0"/>
</pin_list>
<bind>
<StgValue><ssdm name=""/></StgValue>
</bind>
</comp>

<comp id="22" class="1001" name="const_22">
<pin_list>
<pin id="23" dir="1" index="0" bw="1" slack="2147483647"/>
</pin_list>
<bind>
<StgValue><ssdm name="_ssdm_op_SpecInterface"/></StgValue>
</bind>
</comp>

<comp id="24" class="1001" name="const_24">
<pin_list>
<pin id="25" dir="1" index="0" bw="1" slack="2147483647"/>
</pin_list>
<bind>
<StgValue><ssdm name="empty_11"/></StgValue>
</bind>
</comp>

<comp id="26" class="1001" name="const_26">
<pin_list>
<pin id="27" dir="1" index="0" bw="1" slack="2147483647"/>
</pin_list>
<bind>
<StgValue><ssdm name=""/></StgValue>
</bind>
</comp>

<comp id="28" class="1001" name="const_28">
<pin_list>
<pin id="29" dir="1" index="0" bw="1" slack="2147483647"/>
</pin_list>
<bind>
<StgValue><ssdm name="empty_4"/></StgValue>
</bind>
</comp>

<comp id="30" class="1001" name="const_30">
<pin_list>
<pin id="31" dir="1" index="0" bw="1" slack="2147483647"/>
</pin_list>
<bind>
<StgValue><ssdm name=""/></StgValue>
</bind>
</comp>

<comp id="32" class="1001" name="const_32">
<pin_list>
<pin id="33" dir="1" index="0" bw="1" slack="0"/>
</pin_list>
<bind>
<StgValue><ssdm name=""/></StgValue>
</bind>
</comp>

<comp id="34" class="1001" name="const_34">
<pin_list>
<pin id="35" dir="1" index="0" bw="1" slack="0"/>
</pin_list>
<bind>
<StgValue><ssdm name=""/></StgValue>
</bind>
</comp>

<comp id="36" class="1001" name="const_36">
<pin_list>
<pin id="37" dir="1" index="0" bw="1" slack="0"/>
</pin_list>
<bind>
<StgValue><ssdm name=""/></StgValue>
</bind>
</comp>

<comp id="38" class="1001" name="const_38">
<pin_list>
<pin id="39" dir="1" index="0" bw="1" slack="2147483647"/>
</pin_list>
<bind>
<StgValue><ssdm name="_ssdm_op_Wait"/></StgValue>
</bind>
</comp>

<comp id="40" class="1001" name="const_40">
<pin_list>
<pin id="41" dir="1" index="0" bw="1" slack="0"/>
</pin_list>
<bind>
<StgValue><ssdm name="layer_block<16, 32, 16>_Pipeline_VITIS_LOOP_40_6"/></StgValue>
</bind>
</comp>

<comp id="42" class="1001" name="const_42">
<pin_list>
<pin id="43" dir="1" index="0" bw="1" slack="2147483647"/>
</pin_list>
<bind>
<StgValue><ssdm name="_ssdm_op_SpecLoopName"/></StgValue>
</bind>
</comp>

<comp id="44" class="1001" name="const_44">
<pin_list>
<pin id="45" dir="1" index="0" bw="1" slack="2147483647"/>
</pin_list>
<bind>
<StgValue><ssdm name="VITIS_LOOP_36_4_VITIS_LOOP_37_5_str"/></StgValue>
</bind>
</comp>

<comp id="46" class="1001" name="const_46">
<pin_list>
<pin id="47" dir="1" index="0" bw="1" slack="2147483647"/>
</pin_list>
<bind>
<StgValue><ssdm name="_ssdm_op_SpecLoopTripCount"/></StgValue>
</bind>
</comp>

<comp id="48" class="1001" name="const_48">
<pin_list>
<pin id="49" dir="1" index="0" bw="1" slack="2147483647"/>
</pin_list>
<bind>
<StgValue><ssdm name=""/></StgValue>
</bind>
</comp>

<comp id="50" class="1001" name="const_50">
<pin_list>
<pin id="51" dir="1" index="0" bw="1" slack="2147483647"/>
</pin_list>
<bind>
<StgValue><ssdm name="empty_1"/></StgValue>
</bind>
</comp>

<comp id="52" class="1001" name="const_52">
<pin_list>
<pin id="53" dir="1" index="0" bw="1" slack="1"/>
</pin_list>
<bind>
<StgValue><ssdm name=""/></StgValue>
</bind>
</comp>

<comp id="54" class="1001" name="const_54">
<pin_list>
<pin id="55" dir="1" index="0" bw="1" slack="0"/>
</pin_list>
<bind>
<StgValue><ssdm name=""/></StgValue>
</bind>
</comp>

<comp id="56" class="1001" name="const_56">
<pin_list>
<pin id="57" dir="1" index="0" bw="1" slack="2147483647"/>
</pin_list>
<bind>
<StgValue><ssdm name=""/></StgValue>
</bind>
</comp>

<comp id="58" class="1001" name="const_58">
<pin_list>
<pin id="59" dir="1" index="0" bw="1" slack="0"/>
</pin_list>
<bind>
<StgValue><ssdm name=""/></StgValue>
</bind>
</comp>

<comp id="60" class="1001" name="const_60">
<pin_list>
<pin id="61" dir="1" index="0" bw="1" slack="0"/>
</pin_list>
<bind>
<StgValue><ssdm name=""/></StgValue>
</bind>
</comp>

<comp id="62" class="1001" name="const_62">
<pin_list>
<pin id="63" dir="1" index="0" bw="1" slack="0"/>
</pin_list>
<bind>
<StgValue><ssdm name=""/></StgValue>
</bind>
</comp>

<comp id="64" class="1001" name="const_64">
<pin_list>
<pin id="65" dir="1" index="0" bw="1" slack="0"/>
</pin_list>
<bind>
<StgValue><ssdm name="_ssdm_op_BitConcatenate.i16.i4.i12"/></StgValue>
</bind>
</comp>

<comp id="66" class="1001" name="const_66">
<pin_list>
<pin id="67" dir="1" index="0" bw="1" slack="0"/>
</pin_list>
<bind>
<StgValue><ssdm name=""/></StgValue>
</bind>
</comp>

<comp id="68" class="1001" name="const_68">
<pin_list>
<pin id="69" dir="1" index="0" bw="1" slack="0"/>
</pin_list>
<bind>
<StgValue><ssdm name="_ssdm_op_BitConcatenate.i12.i5.i7"/></StgValue>
</bind>
</comp>

<comp id="70" class="1001" name="const_70">
<pin_list>
<pin id="71" dir="1" index="0" bw="1" slack="0"/>
</pin_list>
<bind>
<StgValue><ssdm name=""/></StgValue>
</bind>
</comp>

<comp id="72" class="1001" name="const_72">
<pin_list>
<pin id="73" dir="1" index="0" bw="1" slack="0"/>
</pin_list>
<bind>
<StgValue><ssdm name="_ssdm_op_BitConcatenate.i9.i5.i4"/></StgValue>
</bind>
</comp>

<comp id="74" class="1001" name="const_74">
<pin_list>
<pin id="75" dir="1" index="0" bw="1" slack="0"/>
</pin_list>
<bind>
<StgValue><ssdm name=""/></StgValue>
</bind>
</comp>

<comp id="76" class="1001" name="const_76">
<pin_list>
<pin id="77" dir="1" index="0" bw="1" slack="0"/>
</pin_list>
<bind>
<StgValue><ssdm name="layer_block<16, 32, 16>_Pipeline_VITIS_LOOP_71_8"/></StgValue>
</bind>
</comp>

<comp id="78" class="1001" name="const_78">
<pin_list>
<pin id="79" dir="1" index="0" bw="1" slack="2147483647"/>
</pin_list>
<bind>
<StgValue><ssdm name="empty_0"/></StgValue>
</bind>
</comp>

<comp id="80" class="1004" name="c_fu_80">
<pin_list>
<pin id="81" dir="0" index="0" bw="1" slack="0"/>
<pin id="82" dir="1" index="1" bw="5" slack="0"/>
</pin_list>
<bind>
<opcode="alloca(26) " fcode="alloca"/>
<opset="c/1 "/>
</bind>
</comp>

<comp id="84" class="1004" name="window_V_1_i_fu_84">
<pin_list>
<pin id="85" dir="0" index="0" bw="1" slack="0"/>
<pin id="86" dir="1" index="1" bw="8" slack="2"/>
</pin_list>
<bind>
<opcode="alloca(26) " fcode="alloca"/>
<opset="window_V_1_i/1 "/>
</bind>
</comp>

<comp id="88" class="1004" name="window_V_514_1_i_fu_88">
<pin_list>
<pin id="89" dir="0" index="0" bw="1" slack="0"/>
<pin id="90" dir="1" index="1" bw="8" slack="2"/>
</pin_list>
<bind>
<opcode="alloca(26) " fcode="alloca"/>
<opset="window_V_514_1_i/1 "/>
</bind>
</comp>

<comp id="92" class="1004" name="window_V_515_1_i_fu_92">
<pin_list>
<pin id="93" dir="0" index="0" bw="1" slack="0"/>
<pin id="94" dir="1" index="1" bw="8" slack="2"/>
</pin_list>
<bind>
<opcode="alloca(26) " fcode="alloca"/>
<opset="window_V_515_1_i/1 "/>
</bind>
</comp>

<comp id="96" class="1004" name="window_V_516_1_i_fu_96">
<pin_list>
<pin id="97" dir="0" index="0" bw="1" slack="0"/>
<pin id="98" dir="1" index="1" bw="8" slack="2"/>
</pin_list>
<bind>
<opcode="alloca(26) " fcode="alloca"/>
<opset="window_V_516_1_i/1 "/>
</bind>
</comp>

<comp id="100" class="1004" name="window_V_517_1_i_fu_100">
<pin_list>
<pin id="101" dir="0" index="0" bw="1" slack="0"/>
<pin id="102" dir="1" index="1" bw="8" slack="2"/>
</pin_list>
<bind>
<opcode="alloca(26) " fcode="alloca"/>
<opset="window_V_517_1_i/1 "/>
</bind>
</comp>

<comp id="104" class="1004" name="window_V_518_1_i_fu_104">
<pin_list>
<pin id="105" dir="0" index="0" bw="1" slack="0"/>
<pin id="106" dir="1" index="1" bw="8" slack="2"/>
</pin_list>
<bind>
<opcode="alloca(26) " fcode="alloca"/>
<opset="window_V_518_1_i/1 "/>
</bind>
</comp>

<comp id="108" class="1004" name="window_V_519_1_i_fu_108">
<pin_list>
<pin id="109" dir="0" index="0" bw="1" slack="0"/>
<pin id="110" dir="1" index="1" bw="8" slack="2"/>
</pin_list>
<bind>
<opcode="alloca(26) " fcode="alloca"/>
<opset="window_V_519_1_i/1 "/>
</bind>
</comp>

<comp id="112" class="1004" name="window_V_520_1_i_fu_112">
<pin_list>
<pin id="113" dir="0" index="0" bw="1" slack="0"/>
<pin id="114" dir="1" index="1" bw="8" slack="2"/>
</pin_list>
<bind>
<opcode="alloca(26) " fcode="alloca"/>
<opset="window_V_520_1_i/1 "/>
</bind>
</comp>

<comp id="116" class="1004" name="window_V_521_1_i_fu_116">
<pin_list>
<pin id="117" dir="0" index="0" bw="1" slack="0"/>
<pin id="118" dir="1" index="1" bw="8" slack="2"/>
</pin_list>
<bind>
<opcode="alloca(26) " fcode="alloca"/>
<opset="window_V_521_1_i/1 "/>
</bind>
</comp>

<comp id="120" class="1004" name="window_V_522_1_i_fu_120">
<pin_list>
<pin id="121" dir="0" index="0" bw="1" slack="0"/>
<pin id="122" dir="1" index="1" bw="8" slack="2"/>
</pin_list>
<bind>
<opcode="alloca(26) " fcode="alloca"/>
<opset="window_V_522_1_i/1 "/>
</bind>
</comp>

<comp id="124" class="1004" name="window_V_523_1_i_fu_124">
<pin_list>
<pin id="125" dir="0" index="0" bw="1" slack="0"/>
<pin id="126" dir="1" index="1" bw="8" slack="2"/>
</pin_list>
<bind>
<opcode="alloca(26) " fcode="alloca"/>
<opset="window_V_523_1_i/1 "/>
</bind>
</comp>

<comp id="128" class="1004" name="window_V_524_1_i_fu_128">
<pin_list>
<pin id="129" dir="0" index="0" bw="1" slack="0"/>
<pin id="130" dir="1" index="1" bw="8" slack="2"/>
</pin_list>
<bind>
<opcode="alloca(26) " fcode="alloca"/>
<opset="window_V_524_1_i/1 "/>
</bind>
</comp>

<comp id="132" class="1004" name="window_V_525_1_i_fu_132">
<pin_list>
<pin id="133" dir="0" index="0" bw="1" slack="0"/>
<pin id="134" dir="1" index="1" bw="8" slack="2"/>
</pin_list>
<bind>
<opcode="alloca(26) " fcode="alloca"/>
<opset="window_V_525_1_i/1 "/>
</bind>
</comp>

<comp id="136" class="1004" name="window_V_526_1_i_fu_136">
<pin_list>
<pin id="137" dir="0" index="0" bw="1" slack="0"/>
<pin id="138" dir="1" index="1" bw="8" slack="2"/>
</pin_list>
<bind>
<opcode="alloca(26) " fcode="alloca"/>
<opset="window_V_526_1_i/1 "/>
</bind>
</comp>

<comp id="140" class="1004" name="window_V_527_1_i_fu_140">
<pin_list>
<pin id="141" dir="0" index="0" bw="1" slack="0"/>
<pin id="142" dir="1" index="1" bw="8" slack="2"/>
</pin_list>
<bind>
<opcode="alloca(26) " fcode="alloca"/>
<opset="window_V_527_1_i/1 "/>
</bind>
</comp>

<comp id="144" class="1004" name="window_V_528_1_i_fu_144">
<pin_list>
<pin id="145" dir="0" index="0" bw="1" slack="0"/>
<pin id="146" dir="1" index="1" bw="8" slack="2"/>
</pin_list>
<bind>
<opcode="alloca(26) " fcode="alloca"/>
<opset="window_V_528_1_i/1 "/>
</bind>
</comp>

<comp id="148" class="1004" name="window_V_529_1_i_fu_148">
<pin_list>
<pin id="149" dir="0" index="0" bw="1" slack="0"/>
<pin id="150" dir="1" index="1" bw="8" slack="2"/>
</pin_list>
<bind>
<opcode="alloca(26) " fcode="alloca"/>
<opset="window_V_529_1_i/1 "/>
</bind>
</comp>

<comp id="152" class="1004" name="window_V_530_1_i_fu_152">
<pin_list>
<pin id="153" dir="0" index="0" bw="1" slack="0"/>
<pin id="154" dir="1" index="1" bw="8" slack="2"/>
</pin_list>
<bind>
<opcode="alloca(26) " fcode="alloca"/>
<opset="window_V_530_1_i/1 "/>
</bind>
</comp>

<comp id="156" class="1004" name="window_V_531_1_i_fu_156">
<pin_list>
<pin id="157" dir="0" index="0" bw="1" slack="0"/>
<pin id="158" dir="1" index="1" bw="8" slack="2"/>
</pin_list>
<bind>
<opcode="alloca(26) " fcode="alloca"/>
<opset="window_V_531_1_i/1 "/>
</bind>
</comp>

<comp id="160" class="1004" name="window_V_532_1_i_fu_160">
<pin_list>
<pin id="161" dir="0" index="0" bw="1" slack="0"/>
<pin id="162" dir="1" index="1" bw="8" slack="2"/>
</pin_list>
<bind>
<opcode="alloca(26) " fcode="alloca"/>
<opset="window_V_532_1_i/1 "/>
</bind>
</comp>

<comp id="164" class="1004" name="window_V_533_1_i_fu_164">
<pin_list>
<pin id="165" dir="0" index="0" bw="1" slack="0"/>
<pin id="166" dir="1" index="1" bw="8" slack="2"/>
</pin_list>
<bind>
<opcode="alloca(26) " fcode="alloca"/>
<opset="window_V_533_1_i/1 "/>
</bind>
</comp>

<comp id="168" class="1004" name="window_V_534_1_i_fu_168">
<pin_list>
<pin id="169" dir="0" index="0" bw="1" slack="0"/>
<pin id="170" dir="1" index="1" bw="8" slack="2"/>
</pin_list>
<bind>
<opcode="alloca(26) " fcode="alloca"/>
<opset="window_V_534_1_i/1 "/>
</bind>
</comp>

<comp id="172" class="1004" name="window_V_535_1_i_fu_172">
<pin_list>
<pin id="173" dir="0" index="0" bw="1" slack="0"/>
<pin id="174" dir="1" index="1" bw="8" slack="2"/>
</pin_list>
<bind>
<opcode="alloca(26) " fcode="alloca"/>
<opset="window_V_535_1_i/1 "/>
</bind>
</comp>

<comp id="176" class="1004" name="window_V_536_1_i_fu_176">
<pin_list>
<pin id="177" dir="0" index="0" bw="1" slack="0"/>
<pin id="178" dir="1" index="1" bw="8" slack="2"/>
</pin_list>
<bind>
<opcode="alloca(26) " fcode="alloca"/>
<opset="window_V_536_1_i/1 "/>
</bind>
</comp>

<comp id="180" class="1004" name="window_V_537_1_i_fu_180">
<pin_list>
<pin id="181" dir="0" index="0" bw="1" slack="0"/>
<pin id="182" dir="1" index="1" bw="8" slack="2"/>
</pin_list>
<bind>
<opcode="alloca(26) " fcode="alloca"/>
<opset="window_V_537_1_i/1 "/>
</bind>
</comp>

<comp id="184" class="1004" name="window_V_538_1_i_fu_184">
<pin_list>
<pin id="185" dir="0" index="0" bw="1" slack="0"/>
<pin id="186" dir="1" index="1" bw="8" slack="2"/>
</pin_list>
<bind>
<opcode="alloca(26) " fcode="alloca"/>
<opset="window_V_538_1_i/1 "/>
</bind>
</comp>

<comp id="188" class="1004" name="window_V_539_1_i_fu_188">
<pin_list>
<pin id="189" dir="0" index="0" bw="1" slack="0"/>
<pin id="190" dir="1" index="1" bw="8" slack="2"/>
</pin_list>
<bind>
<opcode="alloca(26) " fcode="alloca"/>
<opset="window_V_539_1_i/1 "/>
</bind>
</comp>

<comp id="192" class="1004" name="window_V_540_1_i_fu_192">
<pin_list>
<pin id="193" dir="0" index="0" bw="1" slack="0"/>
<pin id="194" dir="1" index="1" bw="8" slack="2"/>
</pin_list>
<bind>
<opcode="alloca(26) " fcode="alloca"/>
<opset="window_V_540_1_i/1 "/>
</bind>
</comp>

<comp id="196" class="1004" name="window_V_541_1_i_fu_196">
<pin_list>
<pin id="197" dir="0" index="0" bw="1" slack="0"/>
<pin id="198" dir="1" index="1" bw="8" slack="2"/>
</pin_list>
<bind>
<opcode="alloca(26) " fcode="alloca"/>
<opset="window_V_541_1_i/1 "/>
</bind>
</comp>

<comp id="200" class="1004" name="window_V_542_1_i_fu_200">
<pin_list>
<pin id="201" dir="0" index="0" bw="1" slack="0"/>
<pin id="202" dir="1" index="1" bw="8" slack="2"/>
</pin_list>
<bind>
<opcode="alloca(26) " fcode="alloca"/>
<opset="window_V_542_1_i/1 "/>
</bind>
</comp>

<comp id="204" class="1004" name="window_V_543_1_i_fu_204">
<pin_list>
<pin id="205" dir="0" index="0" bw="1" slack="0"/>
<pin id="206" dir="1" index="1" bw="8" slack="2"/>
</pin_list>
<bind>
<opcode="alloca(26) " fcode="alloca"/>
<opset="window_V_543_1_i/1 "/>
</bind>
</comp>

<comp id="208" class="1004" name="window_V_544_1_i_fu_208">
<pin_list>
<pin id="209" dir="0" index="0" bw="1" slack="0"/>
<pin id="210" dir="1" index="1" bw="8" slack="2"/>
</pin_list>
<bind>
<opcode="alloca(26) " fcode="alloca"/>
<opset="window_V_544_1_i/1 "/>
</bind>
</comp>

<comp id="212" class="1004" name="window_V_545_1_i_fu_212">
<pin_list>
<pin id="213" dir="0" index="0" bw="1" slack="0"/>
<pin id="214" dir="1" index="1" bw="8" slack="2"/>
</pin_list>
<bind>
<opcode="alloca(26) " fcode="alloca"/>
<opset="window_V_545_1_i/1 "/>
</bind>
</comp>

<comp id="216" class="1004" name="window_V_546_1_i_fu_216">
<pin_list>
<pin id="217" dir="0" index="0" bw="1" slack="0"/>
<pin id="218" dir="1" index="1" bw="8" slack="2"/>
</pin_list>
<bind>
<opcode="alloca(26) " fcode="alloca"/>
<opset="window_V_546_1_i/1 "/>
</bind>
</comp>

<comp id="220" class="1004" name="window_V_547_1_i_fu_220">
<pin_list>
<pin id="221" dir="0" index="0" bw="1" slack="0"/>
<pin id="222" dir="1" index="1" bw="8" slack="2"/>
</pin_list>
<bind>
<opcode="alloca(26) " fcode="alloca"/>
<opset="window_V_547_1_i/1 "/>
</bind>
</comp>

<comp id="224" class="1004" name="window_V_548_1_i_fu_224">
<pin_list>
<pin id="225" dir="0" index="0" bw="1" slack="0"/>
<pin id="226" dir="1" index="1" bw="8" slack="2"/>
</pin_list>
<bind>
<opcode="alloca(26) " fcode="alloca"/>
<opset="window_V_548_1_i/1 "/>
</bind>
</comp>

<comp id="228" class="1004" name="window_V_549_1_i_fu_228">
<pin_list>
<pin id="229" dir="0" index="0" bw="1" slack="0"/>
<pin id="230" dir="1" index="1" bw="8" slack="2"/>
</pin_list>
<bind>
<opcode="alloca(26) " fcode="alloca"/>
<opset="window_V_549_1_i/1 "/>
</bind>
</comp>

<comp id="232" class="1004" name="window_V_550_1_i_fu_232">
<pin_list>
<pin id="233" dir="0" index="0" bw="1" slack="0"/>
<pin id="234" dir="1" index="1" bw="8" slack="2"/>
</pin_list>
<bind>
<opcode="alloca(26) " fcode="alloca"/>
<opset="window_V_550_1_i/1 "/>
</bind>
</comp>

<comp id="236" class="1004" name="window_V_551_1_i_fu_236">
<pin_list>
<pin id="237" dir="0" index="0" bw="1" slack="0"/>
<pin id="238" dir="1" index="1" bw="8" slack="2"/>
</pin_list>
<bind>
<opcode="alloca(26) " fcode="alloca"/>
<opset="window_V_551_1_i/1 "/>
</bind>
</comp>

<comp id="240" class="1004" name="window_V_552_1_i_fu_240">
<pin_list>
<pin id="241" dir="0" index="0" bw="1" slack="0"/>
<pin id="242" dir="1" index="1" bw="8" slack="2"/>
</pin_list>
<bind>
<opcode="alloca(26) " fcode="alloca"/>
<opset="window_V_552_1_i/1 "/>
</bind>
</comp>

<comp id="244" class="1004" name="window_V_553_1_i_fu_244">
<pin_list>
<pin id="245" dir="0" index="0" bw="1" slack="0"/>
<pin id="246" dir="1" index="1" bw="8" slack="2"/>
</pin_list>
<bind>
<opcode="alloca(26) " fcode="alloca"/>
<opset="window_V_553_1_i/1 "/>
</bind>
</comp>

<comp id="248" class="1004" name="window_V_554_1_i_fu_248">
<pin_list>
<pin id="249" dir="0" index="0" bw="1" slack="0"/>
<pin id="250" dir="1" index="1" bw="8" slack="2"/>
</pin_list>
<bind>
<opcode="alloca(26) " fcode="alloca"/>
<opset="window_V_554_1_i/1 "/>
</bind>
</comp>

<comp id="252" class="1004" name="window_V_555_1_i_fu_252">
<pin_list>
<pin id="253" dir="0" index="0" bw="1" slack="0"/>
<pin id="254" dir="1" index="1" bw="8" slack="2"/>
</pin_list>
<bind>
<opcode="alloca(26) " fcode="alloca"/>
<opset="window_V_555_1_i/1 "/>
</bind>
</comp>

<comp id="256" class="1004" name="window_V_556_1_i_fu_256">
<pin_list>
<pin id="257" dir="0" index="0" bw="1" slack="0"/>
<pin id="258" dir="1" index="1" bw="8" slack="2"/>
</pin_list>
<bind>
<opcode="alloca(26) " fcode="alloca"/>
<opset="window_V_556_1_i/1 "/>
</bind>
</comp>

<comp id="260" class="1004" name="window_V_557_1_i_fu_260">
<pin_list>
<pin id="261" dir="0" index="0" bw="1" slack="0"/>
<pin id="262" dir="1" index="1" bw="8" slack="2"/>
</pin_list>
<bind>
<opcode="alloca(26) " fcode="alloca"/>
<opset="window_V_557_1_i/1 "/>
</bind>
</comp>

<comp id="264" class="1004" name="window_V_558_1_i_fu_264">
<pin_list>
<pin id="265" dir="0" index="0" bw="1" slack="0"/>
<pin id="266" dir="1" index="1" bw="8" slack="2"/>
</pin_list>
<bind>
<opcode="alloca(26) " fcode="alloca"/>
<opset="window_V_558_1_i/1 "/>
</bind>
</comp>

<comp id="268" class="1004" name="window_V_559_1_i_fu_268">
<pin_list>
<pin id="269" dir="0" index="0" bw="1" slack="0"/>
<pin id="270" dir="1" index="1" bw="8" slack="2"/>
</pin_list>
<bind>
<opcode="alloca(26) " fcode="alloca"/>
<opset="window_V_559_1_i/1 "/>
</bind>
</comp>

<comp id="272" class="1004" name="window_V_560_1_i_fu_272">
<pin_list>
<pin id="273" dir="0" index="0" bw="1" slack="0"/>
<pin id="274" dir="1" index="1" bw="8" slack="2"/>
</pin_list>
<bind>
<opcode="alloca(26) " fcode="alloca"/>
<opset="window_V_560_1_i/1 "/>
</bind>
</comp>

<comp id="276" class="1004" name="window_V_561_1_i_fu_276">
<pin_list>
<pin id="277" dir="0" index="0" bw="1" slack="0"/>
<pin id="278" dir="1" index="1" bw="8" slack="2"/>
</pin_list>
<bind>
<opcode="alloca(26) " fcode="alloca"/>
<opset="window_V_561_1_i/1 "/>
</bind>
</comp>

<comp id="280" class="1004" name="window_V_562_1_i_fu_280">
<pin_list>
<pin id="281" dir="0" index="0" bw="1" slack="0"/>
<pin id="282" dir="1" index="1" bw="8" slack="2"/>
</pin_list>
<bind>
<opcode="alloca(26) " fcode="alloca"/>
<opset="window_V_562_1_i/1 "/>
</bind>
</comp>

<comp id="284" class="1004" name="window_V_563_1_i_fu_284">
<pin_list>
<pin id="285" dir="0" index="0" bw="1" slack="0"/>
<pin id="286" dir="1" index="1" bw="8" slack="2"/>
</pin_list>
<bind>
<opcode="alloca(26) " fcode="alloca"/>
<opset="window_V_563_1_i/1 "/>
</bind>
</comp>

<comp id="288" class="1004" name="window_V_564_1_i_fu_288">
<pin_list>
<pin id="289" dir="0" index="0" bw="1" slack="0"/>
<pin id="290" dir="1" index="1" bw="8" slack="2"/>
</pin_list>
<bind>
<opcode="alloca(26) " fcode="alloca"/>
<opset="window_V_564_1_i/1 "/>
</bind>
</comp>

<comp id="292" class="1004" name="window_V_565_1_i_fu_292">
<pin_list>
<pin id="293" dir="0" index="0" bw="1" slack="0"/>
<pin id="294" dir="1" index="1" bw="8" slack="2"/>
</pin_list>
<bind>
<opcode="alloca(26) " fcode="alloca"/>
<opset="window_V_565_1_i/1 "/>
</bind>
</comp>

<comp id="296" class="1004" name="window_V_566_1_i_fu_296">
<pin_list>
<pin id="297" dir="0" index="0" bw="1" slack="0"/>
<pin id="298" dir="1" index="1" bw="8" slack="2"/>
</pin_list>
<bind>
<opcode="alloca(26) " fcode="alloca"/>
<opset="window_V_566_1_i/1 "/>
</bind>
</comp>

<comp id="300" class="1004" name="window_V_567_1_i_fu_300">
<pin_list>
<pin id="301" dir="0" index="0" bw="1" slack="0"/>
<pin id="302" dir="1" index="1" bw="8" slack="2"/>
</pin_list>
<bind>
<opcode="alloca(26) " fcode="alloca"/>
<opset="window_V_567_1_i/1 "/>
</bind>
</comp>

<comp id="304" class="1004" name="window_V_568_1_i_fu_304">
<pin_list>
<pin id="305" dir="0" index="0" bw="1" slack="0"/>
<pin id="306" dir="1" index="1" bw="8" slack="2"/>
</pin_list>
<bind>
<opcode="alloca(26) " fcode="alloca"/>
<opset="window_V_568_1_i/1 "/>
</bind>
</comp>

<comp id="308" class="1004" name="window_V_569_1_i_fu_308">
<pin_list>
<pin id="309" dir="0" index="0" bw="1" slack="0"/>
<pin id="310" dir="1" index="1" bw="8" slack="2"/>
</pin_list>
<bind>
<opcode="alloca(26) " fcode="alloca"/>
<opset="window_V_569_1_i/1 "/>
</bind>
</comp>

<comp id="312" class="1004" name="window_V_570_1_i_fu_312">
<pin_list>
<pin id="313" dir="0" index="0" bw="1" slack="0"/>
<pin id="314" dir="1" index="1" bw="8" slack="2"/>
</pin_list>
<bind>
<opcode="alloca(26) " fcode="alloca"/>
<opset="window_V_570_1_i/1 "/>
</bind>
</comp>

<comp id="316" class="1004" name="window_V_571_1_i_fu_316">
<pin_list>
<pin id="317" dir="0" index="0" bw="1" slack="0"/>
<pin id="318" dir="1" index="1" bw="8" slack="2"/>
</pin_list>
<bind>
<opcode="alloca(26) " fcode="alloca"/>
<opset="window_V_571_1_i/1 "/>
</bind>
</comp>

<comp id="320" class="1004" name="window_V_572_1_i_fu_320">
<pin_list>
<pin id="321" dir="0" index="0" bw="1" slack="0"/>
<pin id="322" dir="1" index="1" bw="8" slack="2"/>
</pin_list>
<bind>
<opcode="alloca(26) " fcode="alloca"/>
<opset="window_V_572_1_i/1 "/>
</bind>
</comp>

<comp id="324" class="1004" name="window_V_573_1_i_fu_324">
<pin_list>
<pin id="325" dir="0" index="0" bw="1" slack="0"/>
<pin id="326" dir="1" index="1" bw="8" slack="2"/>
</pin_list>
<bind>
<opcode="alloca(26) " fcode="alloca"/>
<opset="window_V_573_1_i/1 "/>
</bind>
</comp>

<comp id="328" class="1004" name="window_V_574_1_i_fu_328">
<pin_list>
<pin id="329" dir="0" index="0" bw="1" slack="0"/>
<pin id="330" dir="1" index="1" bw="8" slack="2"/>
</pin_list>
<bind>
<opcode="alloca(26) " fcode="alloca"/>
<opset="window_V_574_1_i/1 "/>
</bind>
</comp>

<comp id="332" class="1004" name="window_V_575_1_i_fu_332">
<pin_list>
<pin id="333" dir="0" index="0" bw="1" slack="0"/>
<pin id="334" dir="1" index="1" bw="8" slack="2"/>
</pin_list>
<bind>
<opcode="alloca(26) " fcode="alloca"/>
<opset="window_V_575_1_i/1 "/>
</bind>
</comp>

<comp id="336" class="1004" name="window_V_576_1_i_fu_336">
<pin_list>
<pin id="337" dir="0" index="0" bw="1" slack="0"/>
<pin id="338" dir="1" index="1" bw="8" slack="2"/>
</pin_list>
<bind>
<opcode="alloca(26) " fcode="alloca"/>
<opset="window_V_576_1_i/1 "/>
</bind>
</comp>

<comp id="340" class="1004" name="window_V_577_1_i_fu_340">
<pin_list>
<pin id="341" dir="0" index="0" bw="1" slack="0"/>
<pin id="342" dir="1" index="1" bw="8" slack="2"/>
</pin_list>
<bind>
<opcode="alloca(26) " fcode="alloca"/>
<opset="window_V_577_1_i/1 "/>
</bind>
</comp>

<comp id="344" class="1004" name="window_V_578_1_i_fu_344">
<pin_list>
<pin id="345" dir="0" index="0" bw="1" slack="0"/>
<pin id="346" dir="1" index="1" bw="8" slack="2"/>
</pin_list>
<bind>
<opcode="alloca(26) " fcode="alloca"/>
<opset="window_V_578_1_i/1 "/>
</bind>
</comp>

<comp id="348" class="1004" name="window_V_579_1_i_fu_348">
<pin_list>
<pin id="349" dir="0" index="0" bw="1" slack="0"/>
<pin id="350" dir="1" index="1" bw="8" slack="2"/>
</pin_list>
<bind>
<opcode="alloca(26) " fcode="alloca"/>
<opset="window_V_579_1_i/1 "/>
</bind>
</comp>

<comp id="352" class="1004" name="window_V_580_1_i_fu_352">
<pin_list>
<pin id="353" dir="0" index="0" bw="1" slack="0"/>
<pin id="354" dir="1" index="1" bw="8" slack="2"/>
</pin_list>
<bind>
<opcode="alloca(26) " fcode="alloca"/>
<opset="window_V_580_1_i/1 "/>
</bind>
</comp>

<comp id="356" class="1004" name="window_V_581_1_i_fu_356">
<pin_list>
<pin id="357" dir="0" index="0" bw="1" slack="0"/>
<pin id="358" dir="1" index="1" bw="8" slack="2"/>
</pin_list>
<bind>
<opcode="alloca(26) " fcode="alloca"/>
<opset="window_V_581_1_i/1 "/>
</bind>
</comp>

<comp id="360" class="1004" name="window_V_582_1_i_fu_360">
<pin_list>
<pin id="361" dir="0" index="0" bw="1" slack="0"/>
<pin id="362" dir="1" index="1" bw="8" slack="2"/>
</pin_list>
<bind>
<opcode="alloca(26) " fcode="alloca"/>
<opset="window_V_582_1_i/1 "/>
</bind>
</comp>

<comp id="364" class="1004" name="window_V_583_1_i_fu_364">
<pin_list>
<pin id="365" dir="0" index="0" bw="1" slack="0"/>
<pin id="366" dir="1" index="1" bw="8" slack="2"/>
</pin_list>
<bind>
<opcode="alloca(26) " fcode="alloca"/>
<opset="window_V_583_1_i/1 "/>
</bind>
</comp>

<comp id="368" class="1004" name="window_V_584_1_i_fu_368">
<pin_list>
<pin id="369" dir="0" index="0" bw="1" slack="0"/>
<pin id="370" dir="1" index="1" bw="8" slack="2"/>
</pin_list>
<bind>
<opcode="alloca(26) " fcode="alloca"/>
<opset="window_V_584_1_i/1 "/>
</bind>
</comp>

<comp id="372" class="1004" name="window_V_585_1_i_fu_372">
<pin_list>
<pin id="373" dir="0" index="0" bw="1" slack="0"/>
<pin id="374" dir="1" index="1" bw="8" slack="2"/>
</pin_list>
<bind>
<opcode="alloca(26) " fcode="alloca"/>
<opset="window_V_585_1_i/1 "/>
</bind>
</comp>

<comp id="376" class="1004" name="window_V_586_1_i_fu_376">
<pin_list>
<pin id="377" dir="0" index="0" bw="1" slack="0"/>
<pin id="378" dir="1" index="1" bw="8" slack="2"/>
</pin_list>
<bind>
<opcode="alloca(26) " fcode="alloca"/>
<opset="window_V_586_1_i/1 "/>
</bind>
</comp>

<comp id="380" class="1004" name="window_V_587_1_i_fu_380">
<pin_list>
<pin id="381" dir="0" index="0" bw="1" slack="0"/>
<pin id="382" dir="1" index="1" bw="8" slack="2"/>
</pin_list>
<bind>
<opcode="alloca(26) " fcode="alloca"/>
<opset="window_V_587_1_i/1 "/>
</bind>
</comp>

<comp id="384" class="1004" name="window_V_588_1_i_fu_384">
<pin_list>
<pin id="385" dir="0" index="0" bw="1" slack="0"/>
<pin id="386" dir="1" index="1" bw="8" slack="2"/>
</pin_list>
<bind>
<opcode="alloca(26) " fcode="alloca"/>
<opset="window_V_588_1_i/1 "/>
</bind>
</comp>

<comp id="388" class="1004" name="window_V_589_1_i_fu_388">
<pin_list>
<pin id="389" dir="0" index="0" bw="1" slack="0"/>
<pin id="390" dir="1" index="1" bw="8" slack="2"/>
</pin_list>
<bind>
<opcode="alloca(26) " fcode="alloca"/>
<opset="window_V_589_1_i/1 "/>
</bind>
</comp>

<comp id="392" class="1004" name="window_V_590_1_i_fu_392">
<pin_list>
<pin id="393" dir="0" index="0" bw="1" slack="0"/>
<pin id="394" dir="1" index="1" bw="8" slack="2"/>
</pin_list>
<bind>
<opcode="alloca(26) " fcode="alloca"/>
<opset="window_V_590_1_i/1 "/>
</bind>
</comp>

<comp id="396" class="1004" name="window_V_591_1_i_fu_396">
<pin_list>
<pin id="397" dir="0" index="0" bw="1" slack="0"/>
<pin id="398" dir="1" index="1" bw="8" slack="2"/>
</pin_list>
<bind>
<opcode="alloca(26) " fcode="alloca"/>
<opset="window_V_591_1_i/1 "/>
</bind>
</comp>

<comp id="400" class="1004" name="window_V_592_1_i_fu_400">
<pin_list>
<pin id="401" dir="0" index="0" bw="1" slack="0"/>
<pin id="402" dir="1" index="1" bw="8" slack="2"/>
</pin_list>
<bind>
<opcode="alloca(26) " fcode="alloca"/>
<opset="window_V_592_1_i/1 "/>
</bind>
</comp>

<comp id="404" class="1004" name="window_V_593_1_i_fu_404">
<pin_list>
<pin id="405" dir="0" index="0" bw="1" slack="0"/>
<pin id="406" dir="1" index="1" bw="8" slack="2"/>
</pin_list>
<bind>
<opcode="alloca(26) " fcode="alloca"/>
<opset="window_V_593_1_i/1 "/>
</bind>
</comp>

<comp id="408" class="1004" name="window_V_594_1_i_fu_408">
<pin_list>
<pin id="409" dir="0" index="0" bw="1" slack="0"/>
<pin id="410" dir="1" index="1" bw="8" slack="2"/>
</pin_list>
<bind>
<opcode="alloca(26) " fcode="alloca"/>
<opset="window_V_594_1_i/1 "/>
</bind>
</comp>

<comp id="412" class="1004" name="window_V_595_1_i_fu_412">
<pin_list>
<pin id="413" dir="0" index="0" bw="1" slack="0"/>
<pin id="414" dir="1" index="1" bw="8" slack="2"/>
</pin_list>
<bind>
<opcode="alloca(26) " fcode="alloca"/>
<opset="window_V_595_1_i/1 "/>
</bind>
</comp>

<comp id="416" class="1004" name="window_V_596_1_i_fu_416">
<pin_list>
<pin id="417" dir="0" index="0" bw="1" slack="0"/>
<pin id="418" dir="1" index="1" bw="8" slack="2"/>
</pin_list>
<bind>
<opcode="alloca(26) " fcode="alloca"/>
<opset="window_V_596_1_i/1 "/>
</bind>
</comp>

<comp id="420" class="1004" name="window_V_597_1_i_fu_420">
<pin_list>
<pin id="421" dir="0" index="0" bw="1" slack="0"/>
<pin id="422" dir="1" index="1" bw="8" slack="2"/>
</pin_list>
<bind>
<opcode="alloca(26) " fcode="alloca"/>
<opset="window_V_597_1_i/1 "/>
</bind>
</comp>

<comp id="424" class="1004" name="window_V_598_1_i_fu_424">
<pin_list>
<pin id="425" dir="0" index="0" bw="1" slack="0"/>
<pin id="426" dir="1" index="1" bw="8" slack="2"/>
</pin_list>
<bind>
<opcode="alloca(26) " fcode="alloca"/>
<opset="window_V_598_1_i/1 "/>
</bind>
</comp>

<comp id="428" class="1004" name="window_V_599_1_i_fu_428">
<pin_list>
<pin id="429" dir="0" index="0" bw="1" slack="0"/>
<pin id="430" dir="1" index="1" bw="8" slack="2"/>
</pin_list>
<bind>
<opcode="alloca(26) " fcode="alloca"/>
<opset="window_V_599_1_i/1 "/>
</bind>
</comp>

<comp id="432" class="1004" name="window_V_600_1_i_fu_432">
<pin_list>
<pin id="433" dir="0" index="0" bw="1" slack="0"/>
<pin id="434" dir="1" index="1" bw="8" slack="2"/>
</pin_list>
<bind>
<opcode="alloca(26) " fcode="alloca"/>
<opset="window_V_600_1_i/1 "/>
</bind>
</comp>

<comp id="436" class="1004" name="window_V_601_1_i_fu_436">
<pin_list>
<pin id="437" dir="0" index="0" bw="1" slack="0"/>
<pin id="438" dir="1" index="1" bw="8" slack="2"/>
</pin_list>
<bind>
<opcode="alloca(26) " fcode="alloca"/>
<opset="window_V_601_1_i/1 "/>
</bind>
</comp>

<comp id="440" class="1004" name="window_V_602_1_i_fu_440">
<pin_list>
<pin id="441" dir="0" index="0" bw="1" slack="0"/>
<pin id="442" dir="1" index="1" bw="8" slack="2"/>
</pin_list>
<bind>
<opcode="alloca(26) " fcode="alloca"/>
<opset="window_V_602_1_i/1 "/>
</bind>
</comp>

<comp id="444" class="1004" name="window_V_603_1_i_fu_444">
<pin_list>
<pin id="445" dir="0" index="0" bw="1" slack="0"/>
<pin id="446" dir="1" index="1" bw="8" slack="2"/>
</pin_list>
<bind>
<opcode="alloca(26) " fcode="alloca"/>
<opset="window_V_603_1_i/1 "/>
</bind>
</comp>

<comp id="448" class="1004" name="window_V_604_1_i_fu_448">
<pin_list>
<pin id="449" dir="0" index="0" bw="1" slack="0"/>
<pin id="450" dir="1" index="1" bw="8" slack="2"/>
</pin_list>
<bind>
<opcode="alloca(26) " fcode="alloca"/>
<opset="window_V_604_1_i/1 "/>
</bind>
</comp>

<comp id="452" class="1004" name="window_V_605_1_i_fu_452">
<pin_list>
<pin id="453" dir="0" index="0" bw="1" slack="0"/>
<pin id="454" dir="1" index="1" bw="8" slack="2"/>
</pin_list>
<bind>
<opcode="alloca(26) " fcode="alloca"/>
<opset="window_V_605_1_i/1 "/>
</bind>
</comp>

<comp id="456" class="1004" name="window_V_606_1_i_fu_456">
<pin_list>
<pin id="457" dir="0" index="0" bw="1" slack="0"/>
<pin id="458" dir="1" index="1" bw="8" slack="2"/>
</pin_list>
<bind>
<opcode="alloca(26) " fcode="alloca"/>
<opset="window_V_606_1_i/1 "/>
</bind>
</comp>

<comp id="460" class="1004" name="window_V_607_1_i_fu_460">
<pin_list>
<pin id="461" dir="0" index="0" bw="1" slack="0"/>
<pin id="462" dir="1" index="1" bw="8" slack="2"/>
</pin_list>
<bind>
<opcode="alloca(26) " fcode="alloca"/>
<opset="window_V_607_1_i/1 "/>
</bind>
</comp>

<comp id="464" class="1004" name="window_V_608_1_i_fu_464">
<pin_list>
<pin id="465" dir="0" index="0" bw="1" slack="0"/>
<pin id="466" dir="1" index="1" bw="8" slack="2"/>
</pin_list>
<bind>
<opcode="alloca(26) " fcode="alloca"/>
<opset="window_V_608_1_i/1 "/>
</bind>
</comp>

<comp id="468" class="1004" name="window_V_609_1_i_fu_468">
<pin_list>
<pin id="469" dir="0" index="0" bw="1" slack="0"/>
<pin id="470" dir="1" index="1" bw="8" slack="2"/>
</pin_list>
<bind>
<opcode="alloca(26) " fcode="alloca"/>
<opset="window_V_609_1_i/1 "/>
</bind>
</comp>

<comp id="472" class="1004" name="window_V_610_1_i_fu_472">
<pin_list>
<pin id="473" dir="0" index="0" bw="1" slack="0"/>
<pin id="474" dir="1" index="1" bw="8" slack="2"/>
</pin_list>
<bind>
<opcode="alloca(26) " fcode="alloca"/>
<opset="window_V_610_1_i/1 "/>
</bind>
</comp>

<comp id="476" class="1004" name="window_V_611_1_i_fu_476">
<pin_list>
<pin id="477" dir="0" index="0" bw="1" slack="0"/>
<pin id="478" dir="1" index="1" bw="8" slack="2"/>
</pin_list>
<bind>
<opcode="alloca(26) " fcode="alloca"/>
<opset="window_V_611_1_i/1 "/>
</bind>
</comp>

<comp id="480" class="1004" name="window_V_612_1_i_fu_480">
<pin_list>
<pin id="481" dir="0" index="0" bw="1" slack="0"/>
<pin id="482" dir="1" index="1" bw="8" slack="2"/>
</pin_list>
<bind>
<opcode="alloca(26) " fcode="alloca"/>
<opset="window_V_612_1_i/1 "/>
</bind>
</comp>

<comp id="484" class="1004" name="window_V_613_1_i_fu_484">
<pin_list>
<pin id="485" dir="0" index="0" bw="1" slack="0"/>
<pin id="486" dir="1" index="1" bw="8" slack="2"/>
</pin_list>
<bind>
<opcode="alloca(26) " fcode="alloca"/>
<opset="window_V_613_1_i/1 "/>
</bind>
</comp>

<comp id="488" class="1004" name="window_V_614_1_i_fu_488">
<pin_list>
<pin id="489" dir="0" index="0" bw="1" slack="0"/>
<pin id="490" dir="1" index="1" bw="8" slack="2"/>
</pin_list>
<bind>
<opcode="alloca(26) " fcode="alloca"/>
<opset="window_V_614_1_i/1 "/>
</bind>
</comp>

<comp id="492" class="1004" name="window_V_615_1_i_fu_492">
<pin_list>
<pin id="493" dir="0" index="0" bw="1" slack="0"/>
<pin id="494" dir="1" index="1" bw="8" slack="2"/>
</pin_list>
<bind>
<opcode="alloca(26) " fcode="alloca"/>
<opset="window_V_615_1_i/1 "/>
</bind>
</comp>

<comp id="496" class="1004" name="window_V_616_1_i_fu_496">
<pin_list>
<pin id="497" dir="0" index="0" bw="1" slack="0"/>
<pin id="498" dir="1" index="1" bw="8" slack="2"/>
</pin_list>
<bind>
<opcode="alloca(26) " fcode="alloca"/>
<opset="window_V_616_1_i/1 "/>
</bind>
</comp>

<comp id="500" class="1004" name="window_V_617_1_i_fu_500">
<pin_list>
<pin id="501" dir="0" index="0" bw="1" slack="0"/>
<pin id="502" dir="1" index="1" bw="8" slack="2"/>
</pin_list>
<bind>
<opcode="alloca(26) " fcode="alloca"/>
<opset="window_V_617_1_i/1 "/>
</bind>
</comp>

<comp id="504" class="1004" name="window_V_618_1_i_fu_504">
<pin_list>
<pin id="505" dir="0" index="0" bw="1" slack="0"/>
<pin id="506" dir="1" index="1" bw="8" slack="2"/>
</pin_list>
<bind>
<opcode="alloca(26) " fcode="alloca"/>
<opset="window_V_618_1_i/1 "/>
</bind>
</comp>

<comp id="508" class="1004" name="window_V_619_1_i_fu_508">
<pin_list>
<pin id="509" dir="0" index="0" bw="1" slack="0"/>
<pin id="510" dir="1" index="1" bw="8" slack="2"/>
</pin_list>
<bind>
<opcode="alloca(26) " fcode="alloca"/>
<opset="window_V_619_1_i/1 "/>
</bind>
</comp>

<comp id="512" class="1004" name="window_V_620_1_i_fu_512">
<pin_list>
<pin id="513" dir="0" index="0" bw="1" slack="0"/>
<pin id="514" dir="1" index="1" bw="8" slack="2"/>
</pin_list>
<bind>
<opcode="alloca(26) " fcode="alloca"/>
<opset="window_V_620_1_i/1 "/>
</bind>
</comp>

<comp id="516" class="1004" name="window_V_621_1_i_fu_516">
<pin_list>
<pin id="517" dir="0" index="0" bw="1" slack="0"/>
<pin id="518" dir="1" index="1" bw="8" slack="2"/>
</pin_list>
<bind>
<opcode="alloca(26) " fcode="alloca"/>
<opset="window_V_621_1_i/1 "/>
</bind>
</comp>

<comp id="520" class="1004" name="window_V_622_1_i_fu_520">
<pin_list>
<pin id="521" dir="0" index="0" bw="1" slack="0"/>
<pin id="522" dir="1" index="1" bw="8" slack="2"/>
</pin_list>
<bind>
<opcode="alloca(26) " fcode="alloca"/>
<opset="window_V_622_1_i/1 "/>
</bind>
</comp>

<comp id="524" class="1004" name="window_V_623_1_i_fu_524">
<pin_list>
<pin id="525" dir="0" index="0" bw="1" slack="0"/>
<pin id="526" dir="1" index="1" bw="8" slack="2"/>
</pin_list>
<bind>
<opcode="alloca(26) " fcode="alloca"/>
<opset="window_V_623_1_i/1 "/>
</bind>
</comp>

<comp id="528" class="1004" name="window_V_624_1_i_fu_528">
<pin_list>
<pin id="529" dir="0" index="0" bw="1" slack="0"/>
<pin id="530" dir="1" index="1" bw="8" slack="2"/>
</pin_list>
<bind>
<opcode="alloca(26) " fcode="alloca"/>
<opset="window_V_624_1_i/1 "/>
</bind>
</comp>

<comp id="532" class="1004" name="window_V_625_1_i_fu_532">
<pin_list>
<pin id="533" dir="0" index="0" bw="1" slack="0"/>
<pin id="534" dir="1" index="1" bw="8" slack="2"/>
</pin_list>
<bind>
<opcode="alloca(26) " fcode="alloca"/>
<opset="window_V_625_1_i/1 "/>
</bind>
</comp>

<comp id="536" class="1004" name="window_V_626_1_i_fu_536">
<pin_list>
<pin id="537" dir="0" index="0" bw="1" slack="0"/>
<pin id="538" dir="1" index="1" bw="8" slack="2"/>
</pin_list>
<bind>
<opcode="alloca(26) " fcode="alloca"/>
<opset="window_V_626_1_i/1 "/>
</bind>
</comp>

<comp id="540" class="1004" name="window_V_627_1_i_fu_540">
<pin_list>
<pin id="541" dir="0" index="0" bw="1" slack="0"/>
<pin id="542" dir="1" index="1" bw="8" slack="2"/>
</pin_list>
<bind>
<opcode="alloca(26) " fcode="alloca"/>
<opset="window_V_627_1_i/1 "/>
</bind>
</comp>

<comp id="544" class="1004" name="window_V_628_1_i_fu_544">
<pin_list>
<pin id="545" dir="0" index="0" bw="1" slack="0"/>
<pin id="546" dir="1" index="1" bw="8" slack="2"/>
</pin_list>
<bind>
<opcode="alloca(26) " fcode="alloca"/>
<opset="window_V_628_1_i/1 "/>
</bind>
</comp>

<comp id="548" class="1004" name="window_V_629_1_i_fu_548">
<pin_list>
<pin id="549" dir="0" index="0" bw="1" slack="0"/>
<pin id="550" dir="1" index="1" bw="8" slack="2"/>
</pin_list>
<bind>
<opcode="alloca(26) " fcode="alloca"/>
<opset="window_V_629_1_i/1 "/>
</bind>
</comp>

<comp id="552" class="1004" name="window_V_630_1_i_fu_552">
<pin_list>
<pin id="553" dir="0" index="0" bw="1" slack="0"/>
<pin id="554" dir="1" index="1" bw="8" slack="2"/>
</pin_list>
<bind>
<opcode="alloca(26) " fcode="alloca"/>
<opset="window_V_630_1_i/1 "/>
</bind>
</comp>

<comp id="556" class="1004" name="window_V_631_1_i_fu_556">
<pin_list>
<pin id="557" dir="0" index="0" bw="1" slack="0"/>
<pin id="558" dir="1" index="1" bw="8" slack="2"/>
</pin_list>
<bind>
<opcode="alloca(26) " fcode="alloca"/>
<opset="window_V_631_1_i/1 "/>
</bind>
</comp>

<comp id="560" class="1004" name="window_V_632_1_i_fu_560">
<pin_list>
<pin id="561" dir="0" index="0" bw="1" slack="0"/>
<pin id="562" dir="1" index="1" bw="8" slack="2"/>
</pin_list>
<bind>
<opcode="alloca(26) " fcode="alloca"/>
<opset="window_V_632_1_i/1 "/>
</bind>
</comp>

<comp id="564" class="1004" name="window_V_633_1_i_fu_564">
<pin_list>
<pin id="565" dir="0" index="0" bw="1" slack="0"/>
<pin id="566" dir="1" index="1" bw="8" slack="2"/>
</pin_list>
<bind>
<opcode="alloca(26) " fcode="alloca"/>
<opset="window_V_633_1_i/1 "/>
</bind>
</comp>

<comp id="568" class="1004" name="window_V_634_1_i_fu_568">
<pin_list>
<pin id="569" dir="0" index="0" bw="1" slack="0"/>
<pin id="570" dir="1" index="1" bw="8" slack="2"/>
</pin_list>
<bind>
<opcode="alloca(26) " fcode="alloca"/>
<opset="window_V_634_1_i/1 "/>
</bind>
</comp>

<comp id="572" class="1004" name="window_V_635_1_i_fu_572">
<pin_list>
<pin id="573" dir="0" index="0" bw="1" slack="0"/>
<pin id="574" dir="1" index="1" bw="8" slack="2"/>
</pin_list>
<bind>
<opcode="alloca(26) " fcode="alloca"/>
<opset="window_V_635_1_i/1 "/>
</bind>
</comp>

<comp id="576" class="1004" name="window_V_636_1_i_fu_576">
<pin_list>
<pin id="577" dir="0" index="0" bw="1" slack="0"/>
<pin id="578" dir="1" index="1" bw="8" slack="2"/>
</pin_list>
<bind>
<opcode="alloca(26) " fcode="alloca"/>
<opset="window_V_636_1_i/1 "/>
</bind>
</comp>

<comp id="580" class="1004" name="window_V_637_1_i_fu_580">
<pin_list>
<pin id="581" dir="0" index="0" bw="1" slack="0"/>
<pin id="582" dir="1" index="1" bw="8" slack="2"/>
</pin_list>
<bind>
<opcode="alloca(26) " fcode="alloca"/>
<opset="window_V_637_1_i/1 "/>
</bind>
</comp>

<comp id="584" class="1004" name="window_V_638_1_i_fu_584">
<pin_list>
<pin id="585" dir="0" index="0" bw="1" slack="0"/>
<pin id="586" dir="1" index="1" bw="8" slack="2"/>
</pin_list>
<bind>
<opcode="alloca(26) " fcode="alloca"/>
<opset="window_V_638_1_i/1 "/>
</bind>
</comp>

<comp id="588" class="1004" name="window_V_639_1_i_fu_588">
<pin_list>
<pin id="589" dir="0" index="0" bw="1" slack="0"/>
<pin id="590" dir="1" index="1" bw="8" slack="2"/>
</pin_list>
<bind>
<opcode="alloca(26) " fcode="alloca"/>
<opset="window_V_639_1_i/1 "/>
</bind>
</comp>

<comp id="592" class="1004" name="window_V_640_1_i_fu_592">
<pin_list>
<pin id="593" dir="0" index="0" bw="1" slack="0"/>
<pin id="594" dir="1" index="1" bw="8" slack="2"/>
</pin_list>
<bind>
<opcode="alloca(26) " fcode="alloca"/>
<opset="window_V_640_1_i/1 "/>
</bind>
</comp>

<comp id="596" class="1004" name="window_V_641_1_i_fu_596">
<pin_list>
<pin id="597" dir="0" index="0" bw="1" slack="0"/>
<pin id="598" dir="1" index="1" bw="8" slack="2"/>
</pin_list>
<bind>
<opcode="alloca(26) " fcode="alloca"/>
<opset="window_V_641_1_i/1 "/>
</bind>
</comp>

<comp id="600" class="1004" name="window_V_642_1_i_fu_600">
<pin_list>
<pin id="601" dir="0" index="0" bw="1" slack="0"/>
<pin id="602" dir="1" index="1" bw="8" slack="2"/>
</pin_list>
<bind>
<opcode="alloca(26) " fcode="alloca"/>
<opset="window_V_642_1_i/1 "/>
</bind>
</comp>

<comp id="604" class="1004" name="window_V_643_1_i_fu_604">
<pin_list>
<pin id="605" dir="0" index="0" bw="1" slack="0"/>
<pin id="606" dir="1" index="1" bw="8" slack="2"/>
</pin_list>
<bind>
<opcode="alloca(26) " fcode="alloca"/>
<opset="window_V_643_1_i/1 "/>
</bind>
</comp>

<comp id="608" class="1004" name="window_V_644_1_i_fu_608">
<pin_list>
<pin id="609" dir="0" index="0" bw="1" slack="0"/>
<pin id="610" dir="1" index="1" bw="8" slack="2"/>
</pin_list>
<bind>
<opcode="alloca(26) " fcode="alloca"/>
<opset="window_V_644_1_i/1 "/>
</bind>
</comp>

<comp id="612" class="1004" name="window_V_645_1_i_fu_612">
<pin_list>
<pin id="613" dir="0" index="0" bw="1" slack="0"/>
<pin id="614" dir="1" index="1" bw="8" slack="2"/>
</pin_list>
<bind>
<opcode="alloca(26) " fcode="alloca"/>
<opset="window_V_645_1_i/1 "/>
</bind>
</comp>

<comp id="616" class="1004" name="window_V_646_1_i_fu_616">
<pin_list>
<pin id="617" dir="0" index="0" bw="1" slack="0"/>
<pin id="618" dir="1" index="1" bw="8" slack="2"/>
</pin_list>
<bind>
<opcode="alloca(26) " fcode="alloca"/>
<opset="window_V_646_1_i/1 "/>
</bind>
</comp>

<comp id="620" class="1004" name="window_V_647_1_i_fu_620">
<pin_list>
<pin id="621" dir="0" index="0" bw="1" slack="0"/>
<pin id="622" dir="1" index="1" bw="8" slack="2"/>
</pin_list>
<bind>
<opcode="alloca(26) " fcode="alloca"/>
<opset="window_V_647_1_i/1 "/>
</bind>
</comp>

<comp id="624" class="1004" name="window_V_648_1_i_fu_624">
<pin_list>
<pin id="625" dir="0" index="0" bw="1" slack="0"/>
<pin id="626" dir="1" index="1" bw="8" slack="2"/>
</pin_list>
<bind>
<opcode="alloca(26) " fcode="alloca"/>
<opset="window_V_648_1_i/1 "/>
</bind>
</comp>

<comp id="628" class="1004" name="window_V_649_1_i_fu_628">
<pin_list>
<pin id="629" dir="0" index="0" bw="1" slack="0"/>
<pin id="630" dir="1" index="1" bw="8" slack="2"/>
</pin_list>
<bind>
<opcode="alloca(26) " fcode="alloca"/>
<opset="window_V_649_1_i/1 "/>
</bind>
</comp>

<comp id="632" class="1004" name="window_V_650_1_i_fu_632">
<pin_list>
<pin id="633" dir="0" index="0" bw="1" slack="0"/>
<pin id="634" dir="1" index="1" bw="8" slack="2"/>
</pin_list>
<bind>
<opcode="alloca(26) " fcode="alloca"/>
<opset="window_V_650_1_i/1 "/>
</bind>
</comp>

<comp id="636" class="1004" name="window_V_651_1_i_fu_636">
<pin_list>
<pin id="637" dir="0" index="0" bw="1" slack="0"/>
<pin id="638" dir="1" index="1" bw="8" slack="2"/>
</pin_list>
<bind>
<opcode="alloca(26) " fcode="alloca"/>
<opset="window_V_651_1_i/1 "/>
</bind>
</comp>

<comp id="640" class="1004" name="window_V_652_1_i_fu_640">
<pin_list>
<pin id="641" dir="0" index="0" bw="1" slack="0"/>
<pin id="642" dir="1" index="1" bw="8" slack="2"/>
</pin_list>
<bind>
<opcode="alloca(26) " fcode="alloca"/>
<opset="window_V_652_1_i/1 "/>
</bind>
</comp>

<comp id="644" class="1004" name="window_V_653_1_i_fu_644">
<pin_list>
<pin id="645" dir="0" index="0" bw="1" slack="0"/>
<pin id="646" dir="1" index="1" bw="8" slack="2"/>
</pin_list>
<bind>
<opcode="alloca(26) " fcode="alloca"/>
<opset="window_V_653_1_i/1 "/>
</bind>
</comp>

<comp id="648" class="1004" name="window_V_654_1_i_fu_648">
<pin_list>
<pin id="649" dir="0" index="0" bw="1" slack="0"/>
<pin id="650" dir="1" index="1" bw="8" slack="2"/>
</pin_list>
<bind>
<opcode="alloca(26) " fcode="alloca"/>
<opset="window_V_654_1_i/1 "/>
</bind>
</comp>

<comp id="652" class="1004" name="window_V_655_1_i_fu_652">
<pin_list>
<pin id="653" dir="0" index="0" bw="1" slack="0"/>
<pin id="654" dir="1" index="1" bw="8" slack="2"/>
</pin_list>
<bind>
<opcode="alloca(26) " fcode="alloca"/>
<opset="window_V_655_1_i/1 "/>
</bind>
</comp>

<comp id="656" class="1004" name="window_V_656_1_i_fu_656">
<pin_list>
<pin id="657" dir="0" index="0" bw="1" slack="0"/>
<pin id="658" dir="1" index="1" bw="8" slack="2"/>
</pin_list>
<bind>
<opcode="alloca(26) " fcode="alloca"/>
<opset="window_V_656_1_i/1 "/>
</bind>
</comp>

<comp id="660" class="1004" name="indvar_flatten20_fu_660">
<pin_list>
<pin id="661" dir="0" index="0" bw="1" slack="0"/>
<pin id="662" dir="1" index="1" bw="9" slack="0"/>
</pin_list>
<bind>
<opcode="alloca(26) " fcode="alloca"/>
<opset="indvar_flatten20/1 "/>
</bind>
</comp>

<comp id="664" class="1004" name="window_V_2_i_loc_fu_664">
<pin_list>
<pin id="665" dir="0" index="0" bw="1" slack="0"/>
<pin id="666" dir="1" index="1" bw="8" slack="2"/>
</pin_list>
<bind>
<opcode="alloca(26) " fcode="alloca"/>
<opset="window_V_2_i_loc/1 "/>
</bind>
</comp>

<comp id="668" class="1004" name="window_V_514_2_i_loc_fu_668">
<pin_list>
<pin id="669" dir="0" index="0" bw="1" slack="0"/>
<pin id="670" dir="1" index="1" bw="8" slack="2"/>
</pin_list>
<bind>
<opcode="alloca(26) " fcode="alloca"/>
<opset="window_V_514_2_i_loc/1 "/>
</bind>
</comp>

<comp id="672" class="1004" name="window_V_234_loc_fu_672">
<pin_list>
<pin id="673" dir="0" index="0" bw="1" slack="0"/>
<pin id="674" dir="1" index="1" bw="8" slack="2"/>
</pin_list>
<bind>
<opcode="alloca(26) " fcode="alloca"/>
<opset="window_V_234_loc/1 "/>
</bind>
</comp>

<comp id="676" class="1004" name="window_V_516_2_i_loc_fu_676">
<pin_list>
<pin id="677" dir="0" index="0" bw="1" slack="0"/>
<pin id="678" dir="1" index="1" bw="8" slack="2"/>
</pin_list>
<bind>
<opcode="alloca(26) " fcode="alloca"/>
<opset="window_V_516_2_i_loc/1 "/>
</bind>
</comp>

<comp id="680" class="1004" name="window_V_235_loc_fu_680">
<pin_list>
<pin id="681" dir="0" index="0" bw="1" slack="0"/>
<pin id="682" dir="1" index="1" bw="8" slack="2"/>
</pin_list>
<bind>
<opcode="alloca(26) " fcode="alloca"/>
<opset="window_V_235_loc/1 "/>
</bind>
</comp>

<comp id="684" class="1004" name="window_V_236_loc_fu_684">
<pin_list>
<pin id="685" dir="0" index="0" bw="1" slack="0"/>
<pin id="686" dir="1" index="1" bw="8" slack="2"/>
</pin_list>
<bind>
<opcode="alloca(26) " fcode="alloca"/>
<opset="window_V_236_loc/1 "/>
</bind>
</comp>

<comp id="688" class="1004" name="window_V_519_2_i_loc_fu_688">
<pin_list>
<pin id="689" dir="0" index="0" bw="1" slack="0"/>
<pin id="690" dir="1" index="1" bw="8" slack="2"/>
</pin_list>
<bind>
<opcode="alloca(26) " fcode="alloca"/>
<opset="window_V_519_2_i_loc/1 "/>
</bind>
</comp>

<comp id="692" class="1004" name="window_V_237_loc_fu_692">
<pin_list>
<pin id="693" dir="0" index="0" bw="1" slack="0"/>
<pin id="694" dir="1" index="1" bw="8" slack="2"/>
</pin_list>
<bind>
<opcode="alloca(26) " fcode="alloca"/>
<opset="window_V_237_loc/1 "/>
</bind>
</comp>

<comp id="696" class="1004" name="window_V_238_loc_fu_696">
<pin_list>
<pin id="697" dir="0" index="0" bw="1" slack="0"/>
<pin id="698" dir="1" index="1" bw="8" slack="2"/>
</pin_list>
<bind>
<opcode="alloca(26) " fcode="alloca"/>
<opset="window_V_238_loc/1 "/>
</bind>
</comp>

<comp id="700" class="1004" name="window_V_522_2_i_loc_fu_700">
<pin_list>
<pin id="701" dir="0" index="0" bw="1" slack="0"/>
<pin id="702" dir="1" index="1" bw="8" slack="2"/>
</pin_list>
<bind>
<opcode="alloca(26) " fcode="alloca"/>
<opset="window_V_522_2_i_loc/1 "/>
</bind>
</comp>

<comp id="704" class="1004" name="window_V_523_2_i_loc_fu_704">
<pin_list>
<pin id="705" dir="0" index="0" bw="1" slack="0"/>
<pin id="706" dir="1" index="1" bw="8" slack="2"/>
</pin_list>
<bind>
<opcode="alloca(26) " fcode="alloca"/>
<opset="window_V_523_2_i_loc/1 "/>
</bind>
</comp>

<comp id="708" class="1004" name="window_V_241_loc_fu_708">
<pin_list>
<pin id="709" dir="0" index="0" bw="1" slack="0"/>
<pin id="710" dir="1" index="1" bw="8" slack="2"/>
</pin_list>
<bind>
<opcode="alloca(26) " fcode="alloca"/>
<opset="window_V_241_loc/1 "/>
</bind>
</comp>

<comp id="712" class="1004" name="window_V_525_2_i_loc_fu_712">
<pin_list>
<pin id="713" dir="0" index="0" bw="1" slack="0"/>
<pin id="714" dir="1" index="1" bw="8" slack="2"/>
</pin_list>
<bind>
<opcode="alloca(26) " fcode="alloca"/>
<opset="window_V_525_2_i_loc/1 "/>
</bind>
</comp>

<comp id="716" class="1004" name="window_V_242_loc_fu_716">
<pin_list>
<pin id="717" dir="0" index="0" bw="1" slack="0"/>
<pin id="718" dir="1" index="1" bw="8" slack="2"/>
</pin_list>
<bind>
<opcode="alloca(26) " fcode="alloca"/>
<opset="window_V_242_loc/1 "/>
</bind>
</comp>

<comp id="720" class="1004" name="window_V_243_loc_fu_720">
<pin_list>
<pin id="721" dir="0" index="0" bw="1" slack="0"/>
<pin id="722" dir="1" index="1" bw="8" slack="2"/>
</pin_list>
<bind>
<opcode="alloca(26) " fcode="alloca"/>
<opset="window_V_243_loc/1 "/>
</bind>
</comp>

<comp id="724" class="1004" name="window_V_528_2_i_loc_fu_724">
<pin_list>
<pin id="725" dir="0" index="0" bw="1" slack="0"/>
<pin id="726" dir="1" index="1" bw="8" slack="2"/>
</pin_list>
<bind>
<opcode="alloca(26) " fcode="alloca"/>
<opset="window_V_528_2_i_loc/1 "/>
</bind>
</comp>

<comp id="728" class="1004" name="window_V_244_loc_fu_728">
<pin_list>
<pin id="729" dir="0" index="0" bw="1" slack="0"/>
<pin id="730" dir="1" index="1" bw="8" slack="2"/>
</pin_list>
<bind>
<opcode="alloca(26) " fcode="alloca"/>
<opset="window_V_244_loc/1 "/>
</bind>
</comp>

<comp id="732" class="1004" name="window_V_245_loc_fu_732">
<pin_list>
<pin id="733" dir="0" index="0" bw="1" slack="0"/>
<pin id="734" dir="1" index="1" bw="8" slack="2"/>
</pin_list>
<bind>
<opcode="alloca(26) " fcode="alloca"/>
<opset="window_V_245_loc/1 "/>
</bind>
</comp>

<comp id="736" class="1004" name="window_V_531_2_i_loc_fu_736">
<pin_list>
<pin id="737" dir="0" index="0" bw="1" slack="0"/>
<pin id="738" dir="1" index="1" bw="8" slack="2"/>
</pin_list>
<bind>
<opcode="alloca(26) " fcode="alloca"/>
<opset="window_V_531_2_i_loc/1 "/>
</bind>
</comp>

<comp id="740" class="1004" name="window_V_532_2_i_loc_fu_740">
<pin_list>
<pin id="741" dir="0" index="0" bw="1" slack="0"/>
<pin id="742" dir="1" index="1" bw="8" slack="2"/>
</pin_list>
<bind>
<opcode="alloca(26) " fcode="alloca"/>
<opset="window_V_532_2_i_loc/1 "/>
</bind>
</comp>

<comp id="744" class="1004" name="window_V_248_loc_fu_744">
<pin_list>
<pin id="745" dir="0" index="0" bw="1" slack="0"/>
<pin id="746" dir="1" index="1" bw="8" slack="2"/>
</pin_list>
<bind>
<opcode="alloca(26) " fcode="alloca"/>
<opset="window_V_248_loc/1 "/>
</bind>
</comp>

<comp id="748" class="1004" name="window_V_534_2_i_loc_fu_748">
<pin_list>
<pin id="749" dir="0" index="0" bw="1" slack="0"/>
<pin id="750" dir="1" index="1" bw="8" slack="2"/>
</pin_list>
<bind>
<opcode="alloca(26) " fcode="alloca"/>
<opset="window_V_534_2_i_loc/1 "/>
</bind>
</comp>

<comp id="752" class="1004" name="window_V_249_loc_fu_752">
<pin_list>
<pin id="753" dir="0" index="0" bw="1" slack="0"/>
<pin id="754" dir="1" index="1" bw="8" slack="2"/>
</pin_list>
<bind>
<opcode="alloca(26) " fcode="alloca"/>
<opset="window_V_249_loc/1 "/>
</bind>
</comp>

<comp id="756" class="1004" name="window_V_250_loc_fu_756">
<pin_list>
<pin id="757" dir="0" index="0" bw="1" slack="0"/>
<pin id="758" dir="1" index="1" bw="8" slack="2"/>
</pin_list>
<bind>
<opcode="alloca(26) " fcode="alloca"/>
<opset="window_V_250_loc/1 "/>
</bind>
</comp>

<comp id="760" class="1004" name="window_V_537_2_i_loc_fu_760">
<pin_list>
<pin id="761" dir="0" index="0" bw="1" slack="0"/>
<pin id="762" dir="1" index="1" bw="8" slack="2"/>
</pin_list>
<bind>
<opcode="alloca(26) " fcode="alloca"/>
<opset="window_V_537_2_i_loc/1 "/>
</bind>
</comp>

<comp id="764" class="1004" name="window_V_251_loc_fu_764">
<pin_list>
<pin id="765" dir="0" index="0" bw="1" slack="0"/>
<pin id="766" dir="1" index="1" bw="8" slack="2"/>
</pin_list>
<bind>
<opcode="alloca(26) " fcode="alloca"/>
<opset="window_V_251_loc/1 "/>
</bind>
</comp>

<comp id="768" class="1004" name="window_V_252_loc_fu_768">
<pin_list>
<pin id="769" dir="0" index="0" bw="1" slack="0"/>
<pin id="770" dir="1" index="1" bw="8" slack="2"/>
</pin_list>
<bind>
<opcode="alloca(26) " fcode="alloca"/>
<opset="window_V_252_loc/1 "/>
</bind>
</comp>

<comp id="772" class="1004" name="window_V_540_2_i_loc_fu_772">
<pin_list>
<pin id="773" dir="0" index="0" bw="1" slack="0"/>
<pin id="774" dir="1" index="1" bw="8" slack="2"/>
</pin_list>
<bind>
<opcode="alloca(26) " fcode="alloca"/>
<opset="window_V_540_2_i_loc/1 "/>
</bind>
</comp>

<comp id="776" class="1004" name="window_V_541_2_i_loc_fu_776">
<pin_list>
<pin id="777" dir="0" index="0" bw="1" slack="0"/>
<pin id="778" dir="1" index="1" bw="8" slack="2"/>
</pin_list>
<bind>
<opcode="alloca(26) " fcode="alloca"/>
<opset="window_V_541_2_i_loc/1 "/>
</bind>
</comp>

<comp id="780" class="1004" name="window_V_255_loc_fu_780">
<pin_list>
<pin id="781" dir="0" index="0" bw="1" slack="0"/>
<pin id="782" dir="1" index="1" bw="8" slack="2"/>
</pin_list>
<bind>
<opcode="alloca(26) " fcode="alloca"/>
<opset="window_V_255_loc/1 "/>
</bind>
</comp>

<comp id="784" class="1004" name="window_V_543_2_i_loc_fu_784">
<pin_list>
<pin id="785" dir="0" index="0" bw="1" slack="0"/>
<pin id="786" dir="1" index="1" bw="8" slack="2"/>
</pin_list>
<bind>
<opcode="alloca(26) " fcode="alloca"/>
<opset="window_V_543_2_i_loc/1 "/>
</bind>
</comp>

<comp id="788" class="1004" name="window_V_256_loc_fu_788">
<pin_list>
<pin id="789" dir="0" index="0" bw="1" slack="0"/>
<pin id="790" dir="1" index="1" bw="8" slack="2"/>
</pin_list>
<bind>
<opcode="alloca(26) " fcode="alloca"/>
<opset="window_V_256_loc/1 "/>
</bind>
</comp>

<comp id="792" class="1004" name="window_V_257_loc_fu_792">
<pin_list>
<pin id="793" dir="0" index="0" bw="1" slack="0"/>
<pin id="794" dir="1" index="1" bw="8" slack="2"/>
</pin_list>
<bind>
<opcode="alloca(26) " fcode="alloca"/>
<opset="window_V_257_loc/1 "/>
</bind>
</comp>

<comp id="796" class="1004" name="window_V_546_2_i_loc_fu_796">
<pin_list>
<pin id="797" dir="0" index="0" bw="1" slack="0"/>
<pin id="798" dir="1" index="1" bw="8" slack="2"/>
</pin_list>
<bind>
<opcode="alloca(26) " fcode="alloca"/>
<opset="window_V_546_2_i_loc/1 "/>
</bind>
</comp>

<comp id="800" class="1004" name="window_V_258_loc_fu_800">
<pin_list>
<pin id="801" dir="0" index="0" bw="1" slack="0"/>
<pin id="802" dir="1" index="1" bw="8" slack="2"/>
</pin_list>
<bind>
<opcode="alloca(26) " fcode="alloca"/>
<opset="window_V_258_loc/1 "/>
</bind>
</comp>

<comp id="804" class="1004" name="window_V_259_loc_fu_804">
<pin_list>
<pin id="805" dir="0" index="0" bw="1" slack="0"/>
<pin id="806" dir="1" index="1" bw="8" slack="2"/>
</pin_list>
<bind>
<opcode="alloca(26) " fcode="alloca"/>
<opset="window_V_259_loc/1 "/>
</bind>
</comp>

<comp id="808" class="1004" name="window_V_549_2_i_loc_fu_808">
<pin_list>
<pin id="809" dir="0" index="0" bw="1" slack="0"/>
<pin id="810" dir="1" index="1" bw="8" slack="2"/>
</pin_list>
<bind>
<opcode="alloca(26) " fcode="alloca"/>
<opset="window_V_549_2_i_loc/1 "/>
</bind>
</comp>

<comp id="812" class="1004" name="window_V_550_2_i_loc_fu_812">
<pin_list>
<pin id="813" dir="0" index="0" bw="1" slack="0"/>
<pin id="814" dir="1" index="1" bw="8" slack="2"/>
</pin_list>
<bind>
<opcode="alloca(26) " fcode="alloca"/>
<opset="window_V_550_2_i_loc/1 "/>
</bind>
</comp>

<comp id="816" class="1004" name="window_V_262_loc_fu_816">
<pin_list>
<pin id="817" dir="0" index="0" bw="1" slack="0"/>
<pin id="818" dir="1" index="1" bw="8" slack="2"/>
</pin_list>
<bind>
<opcode="alloca(26) " fcode="alloca"/>
<opset="window_V_262_loc/1 "/>
</bind>
</comp>

<comp id="820" class="1004" name="window_V_552_2_i_loc_fu_820">
<pin_list>
<pin id="821" dir="0" index="0" bw="1" slack="0"/>
<pin id="822" dir="1" index="1" bw="8" slack="2"/>
</pin_list>
<bind>
<opcode="alloca(26) " fcode="alloca"/>
<opset="window_V_552_2_i_loc/1 "/>
</bind>
</comp>

<comp id="824" class="1004" name="window_V_263_loc_fu_824">
<pin_list>
<pin id="825" dir="0" index="0" bw="1" slack="0"/>
<pin id="826" dir="1" index="1" bw="8" slack="2"/>
</pin_list>
<bind>
<opcode="alloca(26) " fcode="alloca"/>
<opset="window_V_263_loc/1 "/>
</bind>
</comp>

<comp id="828" class="1004" name="window_V_264_loc_fu_828">
<pin_list>
<pin id="829" dir="0" index="0" bw="1" slack="0"/>
<pin id="830" dir="1" index="1" bw="8" slack="2"/>
</pin_list>
<bind>
<opcode="alloca(26) " fcode="alloca"/>
<opset="window_V_264_loc/1 "/>
</bind>
</comp>

<comp id="832" class="1004" name="window_V_555_2_i_loc_fu_832">
<pin_list>
<pin id="833" dir="0" index="0" bw="1" slack="0"/>
<pin id="834" dir="1" index="1" bw="8" slack="2"/>
</pin_list>
<bind>
<opcode="alloca(26) " fcode="alloca"/>
<opset="window_V_555_2_i_loc/1 "/>
</bind>
</comp>

<comp id="836" class="1004" name="window_V_265_loc_fu_836">
<pin_list>
<pin id="837" dir="0" index="0" bw="1" slack="0"/>
<pin id="838" dir="1" index="1" bw="8" slack="2"/>
</pin_list>
<bind>
<opcode="alloca(26) " fcode="alloca"/>
<opset="window_V_265_loc/1 "/>
</bind>
</comp>

<comp id="840" class="1004" name="window_V_266_loc_fu_840">
<pin_list>
<pin id="841" dir="0" index="0" bw="1" slack="0"/>
<pin id="842" dir="1" index="1" bw="8" slack="2"/>
</pin_list>
<bind>
<opcode="alloca(26) " fcode="alloca"/>
<opset="window_V_266_loc/1 "/>
</bind>
</comp>

<comp id="844" class="1004" name="window_V_558_2_i_loc_fu_844">
<pin_list>
<pin id="845" dir="0" index="0" bw="1" slack="0"/>
<pin id="846" dir="1" index="1" bw="8" slack="2"/>
</pin_list>
<bind>
<opcode="alloca(26) " fcode="alloca"/>
<opset="window_V_558_2_i_loc/1 "/>
</bind>
</comp>

<comp id="848" class="1004" name="window_V_559_2_i_loc_fu_848">
<pin_list>
<pin id="849" dir="0" index="0" bw="1" slack="0"/>
<pin id="850" dir="1" index="1" bw="8" slack="2"/>
</pin_list>
<bind>
<opcode="alloca(26) " fcode="alloca"/>
<opset="window_V_559_2_i_loc/1 "/>
</bind>
</comp>

<comp id="852" class="1004" name="window_V_269_loc_fu_852">
<pin_list>
<pin id="853" dir="0" index="0" bw="1" slack="0"/>
<pin id="854" dir="1" index="1" bw="8" slack="2"/>
</pin_list>
<bind>
<opcode="alloca(26) " fcode="alloca"/>
<opset="window_V_269_loc/1 "/>
</bind>
</comp>

<comp id="856" class="1004" name="window_V_561_2_i_loc_fu_856">
<pin_list>
<pin id="857" dir="0" index="0" bw="1" slack="0"/>
<pin id="858" dir="1" index="1" bw="8" slack="2"/>
</pin_list>
<bind>
<opcode="alloca(26) " fcode="alloca"/>
<opset="window_V_561_2_i_loc/1 "/>
</bind>
</comp>

<comp id="860" class="1004" name="window_V_270_loc_fu_860">
<pin_list>
<pin id="861" dir="0" index="0" bw="1" slack="0"/>
<pin id="862" dir="1" index="1" bw="8" slack="2"/>
</pin_list>
<bind>
<opcode="alloca(26) " fcode="alloca"/>
<opset="window_V_270_loc/1 "/>
</bind>
</comp>

<comp id="864" class="1004" name="window_V_271_loc_fu_864">
<pin_list>
<pin id="865" dir="0" index="0" bw="1" slack="0"/>
<pin id="866" dir="1" index="1" bw="8" slack="2"/>
</pin_list>
<bind>
<opcode="alloca(26) " fcode="alloca"/>
<opset="window_V_271_loc/1 "/>
</bind>
</comp>

<comp id="868" class="1004" name="window_V_564_2_i_loc_fu_868">
<pin_list>
<pin id="869" dir="0" index="0" bw="1" slack="0"/>
<pin id="870" dir="1" index="1" bw="8" slack="2"/>
</pin_list>
<bind>
<opcode="alloca(26) " fcode="alloca"/>
<opset="window_V_564_2_i_loc/1 "/>
</bind>
</comp>

<comp id="872" class="1004" name="window_V_272_loc_fu_872">
<pin_list>
<pin id="873" dir="0" index="0" bw="1" slack="0"/>
<pin id="874" dir="1" index="1" bw="8" slack="2"/>
</pin_list>
<bind>
<opcode="alloca(26) " fcode="alloca"/>
<opset="window_V_272_loc/1 "/>
</bind>
</comp>

<comp id="876" class="1004" name="window_V_273_loc_fu_876">
<pin_list>
<pin id="877" dir="0" index="0" bw="1" slack="0"/>
<pin id="878" dir="1" index="1" bw="8" slack="2"/>
</pin_list>
<bind>
<opcode="alloca(26) " fcode="alloca"/>
<opset="window_V_273_loc/1 "/>
</bind>
</comp>

<comp id="880" class="1004" name="window_V_567_2_i_loc_fu_880">
<pin_list>
<pin id="881" dir="0" index="0" bw="1" slack="0"/>
<pin id="882" dir="1" index="1" bw="8" slack="2"/>
</pin_list>
<bind>
<opcode="alloca(26) " fcode="alloca"/>
<opset="window_V_567_2_i_loc/1 "/>
</bind>
</comp>

<comp id="884" class="1004" name="window_V_568_2_i_loc_fu_884">
<pin_list>
<pin id="885" dir="0" index="0" bw="1" slack="0"/>
<pin id="886" dir="1" index="1" bw="8" slack="2"/>
</pin_list>
<bind>
<opcode="alloca(26) " fcode="alloca"/>
<opset="window_V_568_2_i_loc/1 "/>
</bind>
</comp>

<comp id="888" class="1004" name="window_V_276_loc_fu_888">
<pin_list>
<pin id="889" dir="0" index="0" bw="1" slack="0"/>
<pin id="890" dir="1" index="1" bw="8" slack="2"/>
</pin_list>
<bind>
<opcode="alloca(26) " fcode="alloca"/>
<opset="window_V_276_loc/1 "/>
</bind>
</comp>

<comp id="892" class="1004" name="window_V_570_2_i_loc_fu_892">
<pin_list>
<pin id="893" dir="0" index="0" bw="1" slack="0"/>
<pin id="894" dir="1" index="1" bw="8" slack="2"/>
</pin_list>
<bind>
<opcode="alloca(26) " fcode="alloca"/>
<opset="window_V_570_2_i_loc/1 "/>
</bind>
</comp>

<comp id="896" class="1004" name="window_V_277_loc_fu_896">
<pin_list>
<pin id="897" dir="0" index="0" bw="1" slack="0"/>
<pin id="898" dir="1" index="1" bw="8" slack="2"/>
</pin_list>
<bind>
<opcode="alloca(26) " fcode="alloca"/>
<opset="window_V_277_loc/1 "/>
</bind>
</comp>

<comp id="900" class="1004" name="window_V_278_loc_fu_900">
<pin_list>
<pin id="901" dir="0" index="0" bw="1" slack="0"/>
<pin id="902" dir="1" index="1" bw="8" slack="2"/>
</pin_list>
<bind>
<opcode="alloca(26) " fcode="alloca"/>
<opset="window_V_278_loc/1 "/>
</bind>
</comp>

<comp id="904" class="1004" name="window_V_573_2_i_loc_fu_904">
<pin_list>
<pin id="905" dir="0" index="0" bw="1" slack="0"/>
<pin id="906" dir="1" index="1" bw="8" slack="2"/>
</pin_list>
<bind>
<opcode="alloca(26) " fcode="alloca"/>
<opset="window_V_573_2_i_loc/1 "/>
</bind>
</comp>

<comp id="908" class="1004" name="window_V_279_loc_fu_908">
<pin_list>
<pin id="909" dir="0" index="0" bw="1" slack="0"/>
<pin id="910" dir="1" index="1" bw="8" slack="2"/>
</pin_list>
<bind>
<opcode="alloca(26) " fcode="alloca"/>
<opset="window_V_279_loc/1 "/>
</bind>
</comp>

<comp id="912" class="1004" name="window_V_280_loc_fu_912">
<pin_list>
<pin id="913" dir="0" index="0" bw="1" slack="0"/>
<pin id="914" dir="1" index="1" bw="8" slack="2"/>
</pin_list>
<bind>
<opcode="alloca(26) " fcode="alloca"/>
<opset="window_V_280_loc/1 "/>
</bind>
</comp>

<comp id="916" class="1004" name="window_V_576_2_i_loc_fu_916">
<pin_list>
<pin id="917" dir="0" index="0" bw="1" slack="0"/>
<pin id="918" dir="1" index="1" bw="8" slack="2"/>
</pin_list>
<bind>
<opcode="alloca(26) " fcode="alloca"/>
<opset="window_V_576_2_i_loc/1 "/>
</bind>
</comp>

<comp id="920" class="1004" name="window_V_577_2_i_loc_fu_920">
<pin_list>
<pin id="921" dir="0" index="0" bw="1" slack="0"/>
<pin id="922" dir="1" index="1" bw="8" slack="2"/>
</pin_list>
<bind>
<opcode="alloca(26) " fcode="alloca"/>
<opset="window_V_577_2_i_loc/1 "/>
</bind>
</comp>

<comp id="924" class="1004" name="window_V_283_loc_fu_924">
<pin_list>
<pin id="925" dir="0" index="0" bw="1" slack="0"/>
<pin id="926" dir="1" index="1" bw="8" slack="2"/>
</pin_list>
<bind>
<opcode="alloca(26) " fcode="alloca"/>
<opset="window_V_283_loc/1 "/>
</bind>
</comp>

<comp id="928" class="1004" name="window_V_579_2_i_loc_fu_928">
<pin_list>
<pin id="929" dir="0" index="0" bw="1" slack="0"/>
<pin id="930" dir="1" index="1" bw="8" slack="2"/>
</pin_list>
<bind>
<opcode="alloca(26) " fcode="alloca"/>
<opset="window_V_579_2_i_loc/1 "/>
</bind>
</comp>

<comp id="932" class="1004" name="window_V_284_loc_fu_932">
<pin_list>
<pin id="933" dir="0" index="0" bw="1" slack="0"/>
<pin id="934" dir="1" index="1" bw="8" slack="2"/>
</pin_list>
<bind>
<opcode="alloca(26) " fcode="alloca"/>
<opset="window_V_284_loc/1 "/>
</bind>
</comp>

<comp id="936" class="1004" name="window_V_285_loc_fu_936">
<pin_list>
<pin id="937" dir="0" index="0" bw="1" slack="0"/>
<pin id="938" dir="1" index="1" bw="8" slack="2"/>
</pin_list>
<bind>
<opcode="alloca(26) " fcode="alloca"/>
<opset="window_V_285_loc/1 "/>
</bind>
</comp>

<comp id="940" class="1004" name="window_V_582_2_i_loc_fu_940">
<pin_list>
<pin id="941" dir="0" index="0" bw="1" slack="0"/>
<pin id="942" dir="1" index="1" bw="8" slack="2"/>
</pin_list>
<bind>
<opcode="alloca(26) " fcode="alloca"/>
<opset="window_V_582_2_i_loc/1 "/>
</bind>
</comp>

<comp id="944" class="1004" name="window_V_286_loc_fu_944">
<pin_list>
<pin id="945" dir="0" index="0" bw="1" slack="0"/>
<pin id="946" dir="1" index="1" bw="8" slack="2"/>
</pin_list>
<bind>
<opcode="alloca(26) " fcode="alloca"/>
<opset="window_V_286_loc/1 "/>
</bind>
</comp>

<comp id="948" class="1004" name="window_V_287_loc_fu_948">
<pin_list>
<pin id="949" dir="0" index="0" bw="1" slack="0"/>
<pin id="950" dir="1" index="1" bw="8" slack="2"/>
</pin_list>
<bind>
<opcode="alloca(26) " fcode="alloca"/>
<opset="window_V_287_loc/1 "/>
</bind>
</comp>

<comp id="952" class="1004" name="window_V_585_2_i_loc_fu_952">
<pin_list>
<pin id="953" dir="0" index="0" bw="1" slack="0"/>
<pin id="954" dir="1" index="1" bw="8" slack="2"/>
</pin_list>
<bind>
<opcode="alloca(26) " fcode="alloca"/>
<opset="window_V_585_2_i_loc/1 "/>
</bind>
</comp>

<comp id="956" class="1004" name="window_V_586_2_i_loc_fu_956">
<pin_list>
<pin id="957" dir="0" index="0" bw="1" slack="0"/>
<pin id="958" dir="1" index="1" bw="8" slack="2"/>
</pin_list>
<bind>
<opcode="alloca(26) " fcode="alloca"/>
<opset="window_V_586_2_i_loc/1 "/>
</bind>
</comp>

<comp id="960" class="1004" name="window_V_290_loc_fu_960">
<pin_list>
<pin id="961" dir="0" index="0" bw="1" slack="0"/>
<pin id="962" dir="1" index="1" bw="8" slack="2"/>
</pin_list>
<bind>
<opcode="alloca(26) " fcode="alloca"/>
<opset="window_V_290_loc/1 "/>
</bind>
</comp>

<comp id="964" class="1004" name="window_V_588_2_i_loc_fu_964">
<pin_list>
<pin id="965" dir="0" index="0" bw="1" slack="0"/>
<pin id="966" dir="1" index="1" bw="8" slack="2"/>
</pin_list>
<bind>
<opcode="alloca(26) " fcode="alloca"/>
<opset="window_V_588_2_i_loc/1 "/>
</bind>
</comp>

<comp id="968" class="1004" name="window_V_291_loc_fu_968">
<pin_list>
<pin id="969" dir="0" index="0" bw="1" slack="0"/>
<pin id="970" dir="1" index="1" bw="8" slack="2"/>
</pin_list>
<bind>
<opcode="alloca(26) " fcode="alloca"/>
<opset="window_V_291_loc/1 "/>
</bind>
</comp>

<comp id="972" class="1004" name="window_V_292_loc_fu_972">
<pin_list>
<pin id="973" dir="0" index="0" bw="1" slack="0"/>
<pin id="974" dir="1" index="1" bw="8" slack="2"/>
</pin_list>
<bind>
<opcode="alloca(26) " fcode="alloca"/>
<opset="window_V_292_loc/1 "/>
</bind>
</comp>

<comp id="976" class="1004" name="window_V_591_2_i_loc_fu_976">
<pin_list>
<pin id="977" dir="0" index="0" bw="1" slack="0"/>
<pin id="978" dir="1" index="1" bw="8" slack="2"/>
</pin_list>
<bind>
<opcode="alloca(26) " fcode="alloca"/>
<opset="window_V_591_2_i_loc/1 "/>
</bind>
</comp>

<comp id="980" class="1004" name="window_V_293_loc_fu_980">
<pin_list>
<pin id="981" dir="0" index="0" bw="1" slack="0"/>
<pin id="982" dir="1" index="1" bw="8" slack="2"/>
</pin_list>
<bind>
<opcode="alloca(26) " fcode="alloca"/>
<opset="window_V_293_loc/1 "/>
</bind>
</comp>

<comp id="984" class="1004" name="window_V_294_loc_fu_984">
<pin_list>
<pin id="985" dir="0" index="0" bw="1" slack="0"/>
<pin id="986" dir="1" index="1" bw="8" slack="2"/>
</pin_list>
<bind>
<opcode="alloca(26) " fcode="alloca"/>
<opset="window_V_294_loc/1 "/>
</bind>
</comp>

<comp id="988" class="1004" name="window_V_594_2_i_loc_fu_988">
<pin_list>
<pin id="989" dir="0" index="0" bw="1" slack="0"/>
<pin id="990" dir="1" index="1" bw="8" slack="2"/>
</pin_list>
<bind>
<opcode="alloca(26) " fcode="alloca"/>
<opset="window_V_594_2_i_loc/1 "/>
</bind>
</comp>

<comp id="992" class="1004" name="window_V_595_2_i_loc_fu_992">
<pin_list>
<pin id="993" dir="0" index="0" bw="1" slack="0"/>
<pin id="994" dir="1" index="1" bw="8" slack="2"/>
</pin_list>
<bind>
<opcode="alloca(26) " fcode="alloca"/>
<opset="window_V_595_2_i_loc/1 "/>
</bind>
</comp>

<comp id="996" class="1004" name="window_V_297_loc_fu_996">
<pin_list>
<pin id="997" dir="0" index="0" bw="1" slack="0"/>
<pin id="998" dir="1" index="1" bw="8" slack="2"/>
</pin_list>
<bind>
<opcode="alloca(26) " fcode="alloca"/>
<opset="window_V_297_loc/1 "/>
</bind>
</comp>

<comp id="1000" class="1004" name="window_V_597_2_i_loc_fu_1000">
<pin_list>
<pin id="1001" dir="0" index="0" bw="1" slack="0"/>
<pin id="1002" dir="1" index="1" bw="8" slack="2"/>
</pin_list>
<bind>
<opcode="alloca(26) " fcode="alloca"/>
<opset="window_V_597_2_i_loc/1 "/>
</bind>
</comp>

<comp id="1004" class="1004" name="window_V_298_loc_fu_1004">
<pin_list>
<pin id="1005" dir="0" index="0" bw="1" slack="0"/>
<pin id="1006" dir="1" index="1" bw="8" slack="2"/>
</pin_list>
<bind>
<opcode="alloca(26) " fcode="alloca"/>
<opset="window_V_298_loc/1 "/>
</bind>
</comp>

<comp id="1008" class="1004" name="window_V_299_loc_fu_1008">
<pin_list>
<pin id="1009" dir="0" index="0" bw="1" slack="0"/>
<pin id="1010" dir="1" index="1" bw="8" slack="2"/>
</pin_list>
<bind>
<opcode="alloca(26) " fcode="alloca"/>
<opset="window_V_299_loc/1 "/>
</bind>
</comp>

<comp id="1012" class="1004" name="window_V_600_2_i_loc_fu_1012">
<pin_list>
<pin id="1013" dir="0" index="0" bw="1" slack="0"/>
<pin id="1014" dir="1" index="1" bw="8" slack="2"/>
</pin_list>
<bind>
<opcode="alloca(26) " fcode="alloca"/>
<opset="window_V_600_2_i_loc/1 "/>
</bind>
</comp>

<comp id="1016" class="1004" name="window_V_300_loc_fu_1016">
<pin_list>
<pin id="1017" dir="0" index="0" bw="1" slack="0"/>
<pin id="1018" dir="1" index="1" bw="8" slack="2"/>
</pin_list>
<bind>
<opcode="alloca(26) " fcode="alloca"/>
<opset="window_V_300_loc/1 "/>
</bind>
</comp>

<comp id="1020" class="1004" name="window_V_301_loc_fu_1020">
<pin_list>
<pin id="1021" dir="0" index="0" bw="1" slack="0"/>
<pin id="1022" dir="1" index="1" bw="8" slack="2"/>
</pin_list>
<bind>
<opcode="alloca(26) " fcode="alloca"/>
<opset="window_V_301_loc/1 "/>
</bind>
</comp>

<comp id="1024" class="1004" name="window_V_603_2_i_loc_fu_1024">
<pin_list>
<pin id="1025" dir="0" index="0" bw="1" slack="0"/>
<pin id="1026" dir="1" index="1" bw="8" slack="2"/>
</pin_list>
<bind>
<opcode="alloca(26) " fcode="alloca"/>
<opset="window_V_603_2_i_loc/1 "/>
</bind>
</comp>

<comp id="1028" class="1004" name="window_V_604_2_i_loc_fu_1028">
<pin_list>
<pin id="1029" dir="0" index="0" bw="1" slack="0"/>
<pin id="1030" dir="1" index="1" bw="8" slack="2"/>
</pin_list>
<bind>
<opcode="alloca(26) " fcode="alloca"/>
<opset="window_V_604_2_i_loc/1 "/>
</bind>
</comp>

<comp id="1032" class="1004" name="window_V_304_loc_fu_1032">
<pin_list>
<pin id="1033" dir="0" index="0" bw="1" slack="0"/>
<pin id="1034" dir="1" index="1" bw="8" slack="2"/>
</pin_list>
<bind>
<opcode="alloca(26) " fcode="alloca"/>
<opset="window_V_304_loc/1 "/>
</bind>
</comp>

<comp id="1036" class="1004" name="window_V_606_2_i_loc_fu_1036">
<pin_list>
<pin id="1037" dir="0" index="0" bw="1" slack="0"/>
<pin id="1038" dir="1" index="1" bw="8" slack="2"/>
</pin_list>
<bind>
<opcode="alloca(26) " fcode="alloca"/>
<opset="window_V_606_2_i_loc/1 "/>
</bind>
</comp>

<comp id="1040" class="1004" name="window_V_305_loc_fu_1040">
<pin_list>
<pin id="1041" dir="0" index="0" bw="1" slack="0"/>
<pin id="1042" dir="1" index="1" bw="8" slack="2"/>
</pin_list>
<bind>
<opcode="alloca(26) " fcode="alloca"/>
<opset="window_V_305_loc/1 "/>
</bind>
</comp>

<comp id="1044" class="1004" name="window_V_306_loc_fu_1044">
<pin_list>
<pin id="1045" dir="0" index="0" bw="1" slack="0"/>
<pin id="1046" dir="1" index="1" bw="8" slack="2"/>
</pin_list>
<bind>
<opcode="alloca(26) " fcode="alloca"/>
<opset="window_V_306_loc/1 "/>
</bind>
</comp>

<comp id="1048" class="1004" name="window_V_609_2_i_loc_fu_1048">
<pin_list>
<pin id="1049" dir="0" index="0" bw="1" slack="0"/>
<pin id="1050" dir="1" index="1" bw="8" slack="2"/>
</pin_list>
<bind>
<opcode="alloca(26) " fcode="alloca"/>
<opset="window_V_609_2_i_loc/1 "/>
</bind>
</comp>

<comp id="1052" class="1004" name="window_V_307_loc_fu_1052">
<pin_list>
<pin id="1053" dir="0" index="0" bw="1" slack="0"/>
<pin id="1054" dir="1" index="1" bw="8" slack="2"/>
</pin_list>
<bind>
<opcode="alloca(26) " fcode="alloca"/>
<opset="window_V_307_loc/1 "/>
</bind>
</comp>

<comp id="1056" class="1004" name="window_V_308_loc_fu_1056">
<pin_list>
<pin id="1057" dir="0" index="0" bw="1" slack="0"/>
<pin id="1058" dir="1" index="1" bw="8" slack="2"/>
</pin_list>
<bind>
<opcode="alloca(26) " fcode="alloca"/>
<opset="window_V_308_loc/1 "/>
</bind>
</comp>

<comp id="1060" class="1004" name="window_V_612_2_i_loc_fu_1060">
<pin_list>
<pin id="1061" dir="0" index="0" bw="1" slack="0"/>
<pin id="1062" dir="1" index="1" bw="8" slack="2"/>
</pin_list>
<bind>
<opcode="alloca(26) " fcode="alloca"/>
<opset="window_V_612_2_i_loc/1 "/>
</bind>
</comp>

<comp id="1064" class="1004" name="window_V_613_2_i_loc_fu_1064">
<pin_list>
<pin id="1065" dir="0" index="0" bw="1" slack="0"/>
<pin id="1066" dir="1" index="1" bw="8" slack="2"/>
</pin_list>
<bind>
<opcode="alloca(26) " fcode="alloca"/>
<opset="window_V_613_2_i_loc/1 "/>
</bind>
</comp>

<comp id="1068" class="1004" name="window_V_311_loc_fu_1068">
<pin_list>
<pin id="1069" dir="0" index="0" bw="1" slack="0"/>
<pin id="1070" dir="1" index="1" bw="8" slack="2"/>
</pin_list>
<bind>
<opcode="alloca(26) " fcode="alloca"/>
<opset="window_V_311_loc/1 "/>
</bind>
</comp>

<comp id="1072" class="1004" name="window_V_615_2_i_loc_fu_1072">
<pin_list>
<pin id="1073" dir="0" index="0" bw="1" slack="0"/>
<pin id="1074" dir="1" index="1" bw="8" slack="2"/>
</pin_list>
<bind>
<opcode="alloca(26) " fcode="alloca"/>
<opset="window_V_615_2_i_loc/1 "/>
</bind>
</comp>

<comp id="1076" class="1004" name="window_V_312_loc_fu_1076">
<pin_list>
<pin id="1077" dir="0" index="0" bw="1" slack="0"/>
<pin id="1078" dir="1" index="1" bw="8" slack="2"/>
</pin_list>
<bind>
<opcode="alloca(26) " fcode="alloca"/>
<opset="window_V_312_loc/1 "/>
</bind>
</comp>

<comp id="1080" class="1004" name="window_V_313_loc_fu_1080">
<pin_list>
<pin id="1081" dir="0" index="0" bw="1" slack="0"/>
<pin id="1082" dir="1" index="1" bw="8" slack="2"/>
</pin_list>
<bind>
<opcode="alloca(26) " fcode="alloca"/>
<opset="window_V_313_loc/1 "/>
</bind>
</comp>

<comp id="1084" class="1004" name="window_V_618_2_i_loc_fu_1084">
<pin_list>
<pin id="1085" dir="0" index="0" bw="1" slack="0"/>
<pin id="1086" dir="1" index="1" bw="8" slack="2"/>
</pin_list>
<bind>
<opcode="alloca(26) " fcode="alloca"/>
<opset="window_V_618_2_i_loc/1 "/>
</bind>
</comp>

<comp id="1088" class="1004" name="window_V_314_loc_fu_1088">
<pin_list>
<pin id="1089" dir="0" index="0" bw="1" slack="0"/>
<pin id="1090" dir="1" index="1" bw="8" slack="2"/>
</pin_list>
<bind>
<opcode="alloca(26) " fcode="alloca"/>
<opset="window_V_314_loc/1 "/>
</bind>
</comp>

<comp id="1092" class="1004" name="window_V_315_loc_fu_1092">
<pin_list>
<pin id="1093" dir="0" index="0" bw="1" slack="0"/>
<pin id="1094" dir="1" index="1" bw="8" slack="2"/>
</pin_list>
<bind>
<opcode="alloca(26) " fcode="alloca"/>
<opset="window_V_315_loc/1 "/>
</bind>
</comp>

<comp id="1096" class="1004" name="window_V_621_2_i_loc_fu_1096">
<pin_list>
<pin id="1097" dir="0" index="0" bw="1" slack="0"/>
<pin id="1098" dir="1" index="1" bw="8" slack="2"/>
</pin_list>
<bind>
<opcode="alloca(26) " fcode="alloca"/>
<opset="window_V_621_2_i_loc/1 "/>
</bind>
</comp>

<comp id="1100" class="1004" name="window_V_622_2_i_loc_fu_1100">
<pin_list>
<pin id="1101" dir="0" index="0" bw="1" slack="0"/>
<pin id="1102" dir="1" index="1" bw="8" slack="2"/>
</pin_list>
<bind>
<opcode="alloca(26) " fcode="alloca"/>
<opset="window_V_622_2_i_loc/1 "/>
</bind>
</comp>

<comp id="1104" class="1004" name="window_V_318_loc_fu_1104">
<pin_list>
<pin id="1105" dir="0" index="0" bw="1" slack="0"/>
<pin id="1106" dir="1" index="1" bw="8" slack="2"/>
</pin_list>
<bind>
<opcode="alloca(26) " fcode="alloca"/>
<opset="window_V_318_loc/1 "/>
</bind>
</comp>

<comp id="1108" class="1004" name="window_V_624_2_i_loc_fu_1108">
<pin_list>
<pin id="1109" dir="0" index="0" bw="1" slack="0"/>
<pin id="1110" dir="1" index="1" bw="8" slack="2"/>
</pin_list>
<bind>
<opcode="alloca(26) " fcode="alloca"/>
<opset="window_V_624_2_i_loc/1 "/>
</bind>
</comp>

<comp id="1112" class="1004" name="window_V_319_loc_fu_1112">
<pin_list>
<pin id="1113" dir="0" index="0" bw="1" slack="0"/>
<pin id="1114" dir="1" index="1" bw="8" slack="2"/>
</pin_list>
<bind>
<opcode="alloca(26) " fcode="alloca"/>
<opset="window_V_319_loc/1 "/>
</bind>
</comp>

<comp id="1116" class="1004" name="window_V_320_loc_fu_1116">
<pin_list>
<pin id="1117" dir="0" index="0" bw="1" slack="0"/>
<pin id="1118" dir="1" index="1" bw="8" slack="2"/>
</pin_list>
<bind>
<opcode="alloca(26) " fcode="alloca"/>
<opset="window_V_320_loc/1 "/>
</bind>
</comp>

<comp id="1120" class="1004" name="window_V_627_2_i_loc_fu_1120">
<pin_list>
<pin id="1121" dir="0" index="0" bw="1" slack="0"/>
<pin id="1122" dir="1" index="1" bw="8" slack="2"/>
</pin_list>
<bind>
<opcode="alloca(26) " fcode="alloca"/>
<opset="window_V_627_2_i_loc/1 "/>
</bind>
</comp>

<comp id="1124" class="1004" name="window_V_321_loc_fu_1124">
<pin_list>
<pin id="1125" dir="0" index="0" bw="1" slack="0"/>
<pin id="1126" dir="1" index="1" bw="8" slack="2"/>
</pin_list>
<bind>
<opcode="alloca(26) " fcode="alloca"/>
<opset="window_V_321_loc/1 "/>
</bind>
</comp>

<comp id="1128" class="1004" name="window_V_322_loc_fu_1128">
<pin_list>
<pin id="1129" dir="0" index="0" bw="1" slack="0"/>
<pin id="1130" dir="1" index="1" bw="8" slack="2"/>
</pin_list>
<bind>
<opcode="alloca(26) " fcode="alloca"/>
<opset="window_V_322_loc/1 "/>
</bind>
</comp>

<comp id="1132" class="1004" name="window_V_630_2_i_loc_fu_1132">
<pin_list>
<pin id="1133" dir="0" index="0" bw="1" slack="0"/>
<pin id="1134" dir="1" index="1" bw="8" slack="2"/>
</pin_list>
<bind>
<opcode="alloca(26) " fcode="alloca"/>
<opset="window_V_630_2_i_loc/1 "/>
</bind>
</comp>

<comp id="1136" class="1004" name="window_V_631_2_i_loc_fu_1136">
<pin_list>
<pin id="1137" dir="0" index="0" bw="1" slack="0"/>
<pin id="1138" dir="1" index="1" bw="8" slack="2"/>
</pin_list>
<bind>
<opcode="alloca(26) " fcode="alloca"/>
<opset="window_V_631_2_i_loc/1 "/>
</bind>
</comp>

<comp id="1140" class="1004" name="window_V_325_loc_fu_1140">
<pin_list>
<pin id="1141" dir="0" index="0" bw="1" slack="0"/>
<pin id="1142" dir="1" index="1" bw="8" slack="2"/>
</pin_list>
<bind>
<opcode="alloca(26) " fcode="alloca"/>
<opset="window_V_325_loc/1 "/>
</bind>
</comp>

<comp id="1144" class="1004" name="window_V_633_2_i_loc_fu_1144">
<pin_list>
<pin id="1145" dir="0" index="0" bw="1" slack="0"/>
<pin id="1146" dir="1" index="1" bw="8" slack="2"/>
</pin_list>
<bind>
<opcode="alloca(26) " fcode="alloca"/>
<opset="window_V_633_2_i_loc/1 "/>
</bind>
</comp>

<comp id="1148" class="1004" name="window_V_326_loc_fu_1148">
<pin_list>
<pin id="1149" dir="0" index="0" bw="1" slack="0"/>
<pin id="1150" dir="1" index="1" bw="8" slack="2"/>
</pin_list>
<bind>
<opcode="alloca(26) " fcode="alloca"/>
<opset="window_V_326_loc/1 "/>
</bind>
</comp>

<comp id="1152" class="1004" name="window_V_327_loc_fu_1152">
<pin_list>
<pin id="1153" dir="0" index="0" bw="1" slack="0"/>
<pin id="1154" dir="1" index="1" bw="8" slack="2"/>
</pin_list>
<bind>
<opcode="alloca(26) " fcode="alloca"/>
<opset="window_V_327_loc/1 "/>
</bind>
</comp>

<comp id="1156" class="1004" name="window_V_636_2_i_loc_fu_1156">
<pin_list>
<pin id="1157" dir="0" index="0" bw="1" slack="0"/>
<pin id="1158" dir="1" index="1" bw="8" slack="2"/>
</pin_list>
<bind>
<opcode="alloca(26) " fcode="alloca"/>
<opset="window_V_636_2_i_loc/1 "/>
</bind>
</comp>

<comp id="1160" class="1004" name="window_V_328_loc_fu_1160">
<pin_list>
<pin id="1161" dir="0" index="0" bw="1" slack="0"/>
<pin id="1162" dir="1" index="1" bw="8" slack="2"/>
</pin_list>
<bind>
<opcode="alloca(26) " fcode="alloca"/>
<opset="window_V_328_loc/1 "/>
</bind>
</comp>

<comp id="1164" class="1004" name="window_V_329_loc_fu_1164">
<pin_list>
<pin id="1165" dir="0" index="0" bw="1" slack="0"/>
<pin id="1166" dir="1" index="1" bw="8" slack="2"/>
</pin_list>
<bind>
<opcode="alloca(26) " fcode="alloca"/>
<opset="window_V_329_loc/1 "/>
</bind>
</comp>

<comp id="1168" class="1004" name="window_V_639_2_i_loc_fu_1168">
<pin_list>
<pin id="1169" dir="0" index="0" bw="1" slack="0"/>
<pin id="1170" dir="1" index="1" bw="8" slack="2"/>
</pin_list>
<bind>
<opcode="alloca(26) " fcode="alloca"/>
<opset="window_V_639_2_i_loc/1 "/>
</bind>
</comp>

<comp id="1172" class="1004" name="window_V_640_2_i_loc_fu_1172">
<pin_list>
<pin id="1173" dir="0" index="0" bw="1" slack="0"/>
<pin id="1174" dir="1" index="1" bw="8" slack="2"/>
</pin_list>
<bind>
<opcode="alloca(26) " fcode="alloca"/>
<opset="window_V_640_2_i_loc/1 "/>
</bind>
</comp>

<comp id="1176" class="1004" name="window_V_332_loc_fu_1176">
<pin_list>
<pin id="1177" dir="0" index="0" bw="1" slack="0"/>
<pin id="1178" dir="1" index="1" bw="8" slack="2"/>
</pin_list>
<bind>
<opcode="alloca(26) " fcode="alloca"/>
<opset="window_V_332_loc/1 "/>
</bind>
</comp>

<comp id="1180" class="1004" name="window_V_642_2_i_loc_fu_1180">
<pin_list>
<pin id="1181" dir="0" index="0" bw="1" slack="0"/>
<pin id="1182" dir="1" index="1" bw="8" slack="2"/>
</pin_list>
<bind>
<opcode="alloca(26) " fcode="alloca"/>
<opset="window_V_642_2_i_loc/1 "/>
</bind>
</comp>

<comp id="1184" class="1004" name="window_V_333_loc_fu_1184">
<pin_list>
<pin id="1185" dir="0" index="0" bw="1" slack="0"/>
<pin id="1186" dir="1" index="1" bw="8" slack="2"/>
</pin_list>
<bind>
<opcode="alloca(26) " fcode="alloca"/>
<opset="window_V_333_loc/1 "/>
</bind>
</comp>

<comp id="1188" class="1004" name="window_V_334_loc_fu_1188">
<pin_list>
<pin id="1189" dir="0" index="0" bw="1" slack="0"/>
<pin id="1190" dir="1" index="1" bw="8" slack="2"/>
</pin_list>
<bind>
<opcode="alloca(26) " fcode="alloca"/>
<opset="window_V_334_loc/1 "/>
</bind>
</comp>

<comp id="1192" class="1004" name="window_V_645_2_i_loc_fu_1192">
<pin_list>
<pin id="1193" dir="0" index="0" bw="1" slack="0"/>
<pin id="1194" dir="1" index="1" bw="8" slack="2"/>
</pin_list>
<bind>
<opcode="alloca(26) " fcode="alloca"/>
<opset="window_V_645_2_i_loc/1 "/>
</bind>
</comp>

<comp id="1196" class="1004" name="window_V_335_loc_fu_1196">
<pin_list>
<pin id="1197" dir="0" index="0" bw="1" slack="0"/>
<pin id="1198" dir="1" index="1" bw="8" slack="2"/>
</pin_list>
<bind>
<opcode="alloca(26) " fcode="alloca"/>
<opset="window_V_335_loc/1 "/>
</bind>
</comp>

<comp id="1200" class="1004" name="window_V_336_loc_fu_1200">
<pin_list>
<pin id="1201" dir="0" index="0" bw="1" slack="0"/>
<pin id="1202" dir="1" index="1" bw="8" slack="2"/>
</pin_list>
<bind>
<opcode="alloca(26) " fcode="alloca"/>
<opset="window_V_336_loc/1 "/>
</bind>
</comp>

<comp id="1204" class="1004" name="window_V_648_2_i_loc_fu_1204">
<pin_list>
<pin id="1205" dir="0" index="0" bw="1" slack="0"/>
<pin id="1206" dir="1" index="1" bw="8" slack="2"/>
</pin_list>
<bind>
<opcode="alloca(26) " fcode="alloca"/>
<opset="window_V_648_2_i_loc/1 "/>
</bind>
</comp>

<comp id="1208" class="1004" name="window_V_649_2_i_loc_fu_1208">
<pin_list>
<pin id="1209" dir="0" index="0" bw="1" slack="0"/>
<pin id="1210" dir="1" index="1" bw="8" slack="2"/>
</pin_list>
<bind>
<opcode="alloca(26) " fcode="alloca"/>
<opset="window_V_649_2_i_loc/1 "/>
</bind>
</comp>

<comp id="1212" class="1004" name="window_V_226_loc_fu_1212">
<pin_list>
<pin id="1213" dir="0" index="0" bw="1" slack="0"/>
<pin id="1214" dir="1" index="1" bw="8" slack="2"/>
</pin_list>
<bind>
<opcode="alloca(26) " fcode="alloca"/>
<opset="window_V_226_loc/1 "/>
</bind>
</comp>

<comp id="1216" class="1004" name="window_V_651_2_i_loc_fu_1216">
<pin_list>
<pin id="1217" dir="0" index="0" bw="1" slack="0"/>
<pin id="1218" dir="1" index="1" bw="8" slack="2"/>
</pin_list>
<bind>
<opcode="alloca(26) " fcode="alloca"/>
<opset="window_V_651_2_i_loc/1 "/>
</bind>
</comp>

<comp id="1220" class="1004" name="window_V_227_loc_fu_1220">
<pin_list>
<pin id="1221" dir="0" index="0" bw="1" slack="0"/>
<pin id="1222" dir="1" index="1" bw="8" slack="2"/>
</pin_list>
<bind>
<opcode="alloca(26) " fcode="alloca"/>
<opset="window_V_227_loc/1 "/>
</bind>
</comp>

<comp id="1224" class="1004" name="window_V_228_loc_fu_1224">
<pin_list>
<pin id="1225" dir="0" index="0" bw="1" slack="0"/>
<pin id="1226" dir="1" index="1" bw="8" slack="2"/>
</pin_list>
<bind>
<opcode="alloca(26) " fcode="alloca"/>
<opset="window_V_228_loc/1 "/>
</bind>
</comp>

<comp id="1228" class="1004" name="window_V_654_2_i_loc_fu_1228">
<pin_list>
<pin id="1229" dir="0" index="0" bw="1" slack="0"/>
<pin id="1230" dir="1" index="1" bw="8" slack="2"/>
</pin_list>
<bind>
<opcode="alloca(26) " fcode="alloca"/>
<opset="window_V_654_2_i_loc/1 "/>
</bind>
</comp>

<comp id="1232" class="1004" name="window_V_229_loc_fu_1232">
<pin_list>
<pin id="1233" dir="0" index="0" bw="1" slack="0"/>
<pin id="1234" dir="1" index="1" bw="8" slack="2"/>
</pin_list>
<bind>
<opcode="alloca(26) " fcode="alloca"/>
<opset="window_V_229_loc/1 "/>
</bind>
</comp>

<comp id="1236" class="1004" name="window_V_230_loc_fu_1236">
<pin_list>
<pin id="1237" dir="0" index="0" bw="1" slack="0"/>
<pin id="1238" dir="1" index="1" bw="8" slack="2"/>
</pin_list>
<bind>
<opcode="alloca(26) " fcode="alloca"/>
<opset="window_V_230_loc/1 "/>
</bind>
</comp>

<comp id="1240" class="1004" name="conv2_bias_addr_gep_fu_1240">
<pin_list>
<pin id="1241" dir="0" index="0" bw="4" slack="0"/>
<pin id="1242" dir="0" index="1" bw="1" slack="0"/>
<pin id="1243" dir="0" index="2" bw="6" slack="0"/>
<pin id="1244" dir="1" index="3" bw="5" slack="0"/>
</pin_list>
<bind>
<opcode="getelementptr(29) " fcode="getelementptr"/>
<opset="conv2_bias_addr/6 "/>
</bind>
</comp>

<comp id="1247" class="1004" name="grp_access_fu_1247">
<pin_list>
<pin id="1248" dir="0" index="0" bw="5" slack="0"/>
<pin id="1249" dir="0" index="1" bw="4" slack="2147483647"/>
<pin id="1250" dir="0" index="2" bw="0" slack="2147483647"/>
<pin id="1251" dir="1" index="3" bw="4" slack="0"/>
</pin_list>
<bind>
<opcode="load(27) " fcode="load"/>
<opset="acc_V/6 "/>
</bind>
</comp>

<comp id="1253" class="1005" name="f_reg_1253">
<pin_list>
<pin id="1254" dir="0" index="0" bw="6" slack="1"/>
<pin id="1255" dir="1" index="1" bw="6" slack="1"/>
</pin_list>
<bind>
<opset="f (phireg) "/>
</bind>
</comp>

<comp id="1257" class="1004" name="f_phi_fu_1257">
<pin_list>
<pin id="1258" dir="0" index="0" bw="6" slack="0"/>
<pin id="1259" dir="0" index="1" bw="0" slack="2147483647"/>
<pin id="1260" dir="0" index="2" bw="1" slack="1"/>
<pin id="1261" dir="0" index="3" bw="0" slack="2147483647"/>
<pin id="1262" dir="1" index="4" bw="6" slack="0"/>
</pin_list>
<bind>
<opcode="phi(47) " fcode="phi"/>
<opset="f/6 "/>
</bind>
</comp>

<comp id="1264" class="1004" name="grp_layer_block_16_32_16_Pipeline_VITIS_LOOP_31_1_VITIS_LOOP_32_2_VITIS_LOOP_33_3_fu_1264">
<pin_list>
<pin id="1265" dir="0" index="0" bw="0" slack="0"/>
<pin id="1266" dir="0" index="1" bw="8" slack="0"/>
<pin id="1267" dir="0" index="2" bw="8" slack="0"/>
<pin id="1268" dir="1" index="3" bw="0" slack="2147483647"/>
</pin_list>
<bind>
<opcode="call(48) " fcode="call"/>
<opset="call_ln0/1 "/>
</bind>
</comp>

<comp id="1272" class="1004" name="grp_layer_block_16_32_16_Pipeline_VITIS_LOOP_40_6_fu_1272">
<pin_list>
<pin id="1273" dir="0" index="0" bw="0" slack="0"/>
<pin id="1274" dir="0" index="1" bw="8" slack="0"/>
<pin id="1275" dir="0" index="2" bw="8" slack="0"/>
<pin id="1276" dir="0" index="3" bw="8" slack="0"/>
<pin id="1277" dir="0" index="4" bw="8" slack="0"/>
<pin id="1278" dir="0" index="5" bw="8" slack="0"/>
<pin id="1279" dir="0" index="6" bw="8" slack="0"/>
<pin id="1280" dir="0" index="7" bw="8" slack="0"/>
<pin id="1281" dir="0" index="8" bw="8" slack="0"/>
<pin id="1282" dir="0" index="9" bw="8" slack="0"/>
<pin id="1283" dir="0" index="10" bw="8" slack="0"/>
<pin id="1284" dir="0" index="11" bw="8" slack="0"/>
<pin id="1285" dir="0" index="12" bw="8" slack="0"/>
<pin id="1286" dir="0" index="13" bw="8" slack="0"/>
<pin id="1287" dir="0" index="14" bw="8" slack="0"/>
<pin id="1288" dir="0" index="15" bw="8" slack="0"/>
<pin id="1289" dir="0" index="16" bw="8" slack="0"/>
<pin id="1290" dir="0" index="17" bw="8" slack="0"/>
<pin id="1291" dir="0" index="18" bw="8" slack="0"/>
<pin id="1292" dir="0" index="19" bw="8" slack="0"/>
<pin id="1293" dir="0" index="20" bw="8" slack="0"/>
<pin id="1294" dir="0" index="21" bw="8" slack="0"/>
<pin id="1295" dir="0" index="22" bw="8" slack="0"/>
<pin id="1296" dir="0" index="23" bw="8" slack="0"/>
<pin id="1297" dir="0" index="24" bw="8" slack="0"/>
<pin id="1298" dir="0" index="25" bw="8" slack="0"/>
<pin id="1299" dir="0" index="26" bw="8" slack="0"/>
<pin id="1300" dir="0" index="27" bw="8" slack="0"/>
<pin id="1301" dir="0" index="28" bw="8" slack="0"/>
<pin id="1302" dir="0" index="29" bw="8" slack="0"/>
<pin id="1303" dir="0" index="30" bw="8" slack="0"/>
<pin id="1304" dir="0" index="31" bw="8" slack="0"/>
<pin id="1305" dir="0" index="32" bw="8" slack="0"/>
<pin id="1306" dir="0" index="33" bw="8" slack="0"/>
<pin id="1307" dir="0" index="34" bw="8" slack="0"/>
<pin id="1308" dir="0" index="35" bw="8" slack="0"/>
<pin id="1309" dir="0" index="36" bw="8" slack="0"/>
<pin id="1310" dir="0" index="37" bw="8" slack="0"/>
<pin id="1311" dir="0" index="38" bw="8" slack="0"/>
<pin id="1312" dir="0" index="39" bw="8" slack="0"/>
<pin id="1313" dir="0" index="40" bw="8" slack="0"/>
<pin id="1314" dir="0" index="41" bw="8" slack="0"/>
<pin id="1315" dir="0" index="42" bw="8" slack="0"/>
<pin id="1316" dir="0" index="43" bw="8" slack="0"/>
<pin id="1317" dir="0" index="44" bw="8" slack="0"/>
<pin id="1318" dir="0" index="45" bw="8" slack="0"/>
<pin id="1319" dir="0" index="46" bw="8" slack="0"/>
<pin id="1320" dir="0" index="47" bw="8" slack="0"/>
<pin id="1321" dir="0" index="48" bw="8" slack="0"/>
<pin id="1322" dir="0" index="49" bw="8" slack="0"/>
<pin id="1323" dir="0" index="50" bw="8" slack="0"/>
<pin id="1324" dir="0" index="51" bw="8" slack="0"/>
<pin id="1325" dir="0" index="52" bw="8" slack="0"/>
<pin id="1326" dir="0" index="53" bw="8" slack="0"/>
<pin id="1327" dir="0" index="54" bw="8" slack="0"/>
<pin id="1328" dir="0" index="55" bw="8" slack="0"/>
<pin id="1329" dir="0" index="56" bw="8" slack="0"/>
<pin id="1330" dir="0" index="57" bw="8" slack="0"/>
<pin id="1331" dir="0" index="58" bw="8" slack="0"/>
<pin id="1332" dir="0" index="59" bw="8" slack="0"/>
<pin id="1333" dir="0" index="60" bw="8" slack="0"/>
<pin id="1334" dir="0" index="61" bw="8" slack="0"/>
<pin id="1335" dir="0" index="62" bw="8" slack="0"/>
<pin id="1336" dir="0" index="63" bw="8" slack="0"/>
<pin id="1337" dir="0" index="64" bw="8" slack="0"/>
<pin id="1338" dir="0" index="65" bw="8" slack="0"/>
<pin id="1339" dir="0" index="66" bw="8" slack="0"/>
<pin id="1340" dir="0" index="67" bw="8" slack="0"/>
<pin id="1341" dir="0" index="68" bw="8" slack="0"/>
<pin id="1342" dir="0" index="69" bw="8" slack="0"/>
<pin id="1343" dir="0" index="70" bw="8" slack="0"/>
<pin id="1344" dir="0" index="71" bw="8" slack="0"/>
<pin id="1345" dir="0" index="72" bw="8" slack="0"/>
<pin id="1346" dir="0" index="73" bw="8" slack="0"/>
<pin id="1347" dir="0" index="74" bw="8" slack="0"/>
<pin id="1348" dir="0" index="75" bw="8" slack="0"/>
<pin id="1349" dir="0" index="76" bw="8" slack="0"/>
<pin id="1350" dir="0" index="77" bw="8" slack="0"/>
<pin id="1351" dir="0" index="78" bw="8" slack="0"/>
<pin id="1352" dir="0" index="79" bw="8" slack="0"/>
<pin id="1353" dir="0" index="80" bw="8" slack="0"/>
<pin id="1354" dir="0" index="81" bw="8" slack="0"/>
<pin id="1355" dir="0" index="82" bw="8" slack="0"/>
<pin id="1356" dir="0" index="83" bw="8" slack="0"/>
<pin id="1357" dir="0" index="84" bw="8" slack="0"/>
<pin id="1358" dir="0" index="85" bw="8" slack="0"/>
<pin id="1359" dir="0" index="86" bw="8" slack="0"/>
<pin id="1360" dir="0" index="87" bw="8" slack="0"/>
<pin id="1361" dir="0" index="88" bw="8" slack="0"/>
<pin id="1362" dir="0" index="89" bw="8" slack="0"/>
<pin id="1363" dir="0" index="90" bw="8" slack="0"/>
<pin id="1364" dir="0" index="91" bw="8" slack="0"/>
<pin id="1365" dir="0" index="92" bw="8" slack="0"/>
<pin id="1366" dir="0" index="93" bw="8" slack="0"/>
<pin id="1367" dir="0" index="94" bw="8" slack="0"/>
<pin id="1368" dir="0" index="95" bw="8" slack="0"/>
<pin id="1369" dir="0" index="96" bw="8" slack="0"/>
<pin id="1370" dir="0" index="97" bw="8" slack="0"/>
<pin id="1371" dir="0" index="98" bw="8" slack="0"/>
<pin id="1372" dir="0" index="99" bw="8" slack="0"/>
<pin id="1373" dir="0" index="100" bw="8" slack="0"/>
<pin id="1374" dir="0" index="101" bw="8" slack="0"/>
<pin id="1375" dir="0" index="102" bw="8" slack="0"/>
<pin id="1376" dir="0" index="103" bw="8" slack="0"/>
<pin id="1377" dir="0" index="104" bw="8" slack="0"/>
<pin id="1378" dir="0" index="105" bw="8" slack="0"/>
<pin id="1379" dir="0" index="106" bw="8" slack="0"/>
<pin id="1380" dir="0" index="107" bw="8" slack="0"/>
<pin id="1381" dir="0" index="108" bw="8" slack="0"/>
<pin id="1382" dir="0" index="109" bw="8" slack="0"/>
<pin id="1383" dir="0" index="110" bw="8" slack="0"/>
<pin id="1384" dir="0" index="111" bw="8" slack="0"/>
<pin id="1385" dir="0" index="112" bw="8" slack="0"/>
<pin id="1386" dir="0" index="113" bw="8" slack="0"/>
<pin id="1387" dir="0" index="114" bw="8" slack="0"/>
<pin id="1388" dir="0" index="115" bw="8" slack="0"/>
<pin id="1389" dir="0" index="116" bw="8" slack="0"/>
<pin id="1390" dir="0" index="117" bw="8" slack="0"/>
<pin id="1391" dir="0" index="118" bw="8" slack="0"/>
<pin id="1392" dir="0" index="119" bw="8" slack="0"/>
<pin id="1393" dir="0" index="120" bw="8" slack="0"/>
<pin id="1394" dir="0" index="121" bw="8" slack="0"/>
<pin id="1395" dir="0" index="122" bw="8" slack="0"/>
<pin id="1396" dir="0" index="123" bw="8" slack="0"/>
<pin id="1397" dir="0" index="124" bw="8" slack="0"/>
<pin id="1398" dir="0" index="125" bw="8" slack="0"/>
<pin id="1399" dir="0" index="126" bw="8" slack="0"/>
<pin id="1400" dir="0" index="127" bw="8" slack="0"/>
<pin id="1401" dir="0" index="128" bw="8" slack="0"/>
<pin id="1402" dir="0" index="129" bw="8" slack="0"/>
<pin id="1403" dir="0" index="130" bw="8" slack="0"/>
<pin id="1404" dir="0" index="131" bw="8" slack="0"/>
<pin id="1405" dir="0" index="132" bw="8" slack="0"/>
<pin id="1406" dir="0" index="133" bw="8" slack="0"/>
<pin id="1407" dir="0" index="134" bw="8" slack="0"/>
<pin id="1408" dir="0" index="135" bw="8" slack="0"/>
<pin id="1409" dir="0" index="136" bw="8" slack="0"/>
<pin id="1410" dir="0" index="137" bw="8" slack="0"/>
<pin id="1411" dir="0" index="138" bw="8" slack="0"/>
<pin id="1412" dir="0" index="139" bw="8" slack="0"/>
<pin id="1413" dir="0" index="140" bw="8" slack="0"/>
<pin id="1414" dir="0" index="141" bw="8" slack="0"/>
<pin id="1415" dir="0" index="142" bw="8" slack="0"/>
<pin id="1416" dir="0" index="143" bw="8" slack="0"/>
<pin id="1417" dir="0" index="144" bw="8" slack="0"/>
<pin id="1418" dir="0" index="145" bw="5" slack="0"/>
<pin id="1419" dir="0" index="146" bw="8" slack="2"/>
<pin id="1420" dir="0" index="147" bw="8" slack="2"/>
<pin id="1421" dir="0" index="148" bw="8" slack="2"/>
<pin id="1422" dir="0" index="149" bw="8" slack="2"/>
<pin id="1423" dir="0" index="150" bw="8" slack="2"/>
<pin id="1424" dir="0" index="151" bw="8" slack="2"/>
<pin id="1425" dir="0" index="152" bw="8" slack="2"/>
<pin id="1426" dir="0" index="153" bw="8" slack="2"/>
<pin id="1427" dir="0" index="154" bw="8" slack="2"/>
<pin id="1428" dir="0" index="155" bw="8" slack="2"/>
<pin id="1429" dir="0" index="156" bw="8" slack="2"/>
<pin id="1430" dir="0" index="157" bw="8" slack="2"/>
<pin id="1431" dir="0" index="158" bw="8" slack="2"/>
<pin id="1432" dir="0" index="159" bw="8" slack="2"/>
<pin id="1433" dir="0" index="160" bw="8" slack="2"/>
<pin id="1434" dir="0" index="161" bw="8" slack="2"/>
<pin id="1435" dir="0" index="162" bw="8" slack="2"/>
<pin id="1436" dir="0" index="163" bw="8" slack="2"/>
<pin id="1437" dir="0" index="164" bw="8" slack="2"/>
<pin id="1438" dir="0" index="165" bw="8" slack="2"/>
<pin id="1439" dir="0" index="166" bw="8" slack="2"/>
<pin id="1440" dir="0" index="167" bw="8" slack="2"/>
<pin id="1441" dir="0" index="168" bw="8" slack="2"/>
<pin id="1442" dir="0" index="169" bw="8" slack="2"/>
<pin id="1443" dir="0" index="170" bw="8" slack="2"/>
<pin id="1444" dir="0" index="171" bw="8" slack="2"/>
<pin id="1445" dir="0" index="172" bw="8" slack="2"/>
<pin id="1446" dir="0" index="173" bw="8" slack="2"/>
<pin id="1447" dir="0" index="174" bw="8" slack="2"/>
<pin id="1448" dir="0" index="175" bw="8" slack="2"/>
<pin id="1449" dir="0" index="176" bw="8" slack="2"/>
<pin id="1450" dir="0" index="177" bw="8" slack="2"/>
<pin id="1451" dir="0" index="178" bw="8" slack="2"/>
<pin id="1452" dir="0" index="179" bw="8" slack="2"/>
<pin id="1453" dir="0" index="180" bw="8" slack="2"/>
<pin id="1454" dir="0" index="181" bw="8" slack="2"/>
<pin id="1455" dir="0" index="182" bw="8" slack="2"/>
<pin id="1456" dir="0" index="183" bw="8" slack="2"/>
<pin id="1457" dir="0" index="184" bw="8" slack="2"/>
<pin id="1458" dir="0" index="185" bw="8" slack="2"/>
<pin id="1459" dir="0" index="186" bw="8" slack="2"/>
<pin id="1460" dir="0" index="187" bw="8" slack="2"/>
<pin id="1461" dir="0" index="188" bw="8" slack="2"/>
<pin id="1462" dir="0" index="189" bw="8" slack="2"/>
<pin id="1463" dir="0" index="190" bw="8" slack="2"/>
<pin id="1464" dir="0" index="191" bw="8" slack="2"/>
<pin id="1465" dir="0" index="192" bw="8" slack="2"/>
<pin id="1466" dir="0" index="193" bw="8" slack="2"/>
<pin id="1467" dir="0" index="194" bw="8" slack="2"/>
<pin id="1468" dir="0" index="195" bw="8" slack="2"/>
<pin id="1469" dir="0" index="196" bw="8" slack="2"/>
<pin id="1470" dir="0" index="197" bw="8" slack="2"/>
<pin id="1471" dir="0" index="198" bw="8" slack="2"/>
<pin id="1472" dir="0" index="199" bw="8" slack="2"/>
<pin id="1473" dir="0" index="200" bw="8" slack="2"/>
<pin id="1474" dir="0" index="201" bw="8" slack="2"/>
<pin id="1475" dir="0" index="202" bw="8" slack="2"/>
<pin id="1476" dir="0" index="203" bw="8" slack="2"/>
<pin id="1477" dir="0" index="204" bw="8" slack="2"/>
<pin id="1478" dir="0" index="205" bw="8" slack="2"/>
<pin id="1479" dir="0" index="206" bw="8" slack="2"/>
<pin id="1480" dir="0" index="207" bw="8" slack="2"/>
<pin id="1481" dir="0" index="208" bw="8" slack="2"/>
<pin id="1482" dir="0" index="209" bw="8" slack="2"/>
<pin id="1483" dir="0" index="210" bw="8" slack="2"/>
<pin id="1484" dir="0" index="211" bw="8" slack="2"/>
<pin id="1485" dir="0" index="212" bw="8" slack="2"/>
<pin id="1486" dir="0" index="213" bw="8" slack="2"/>
<pin id="1487" dir="0" index="214" bw="8" slack="2"/>
<pin id="1488" dir="0" index="215" bw="8" slack="2"/>
<pin id="1489" dir="0" index="216" bw="8" slack="2"/>
<pin id="1490" dir="0" index="217" bw="8" slack="2"/>
<pin id="1491" dir="0" index="218" bw="8" slack="2"/>
<pin id="1492" dir="0" index="219" bw="8" slack="2"/>
<pin id="1493" dir="0" index="220" bw="8" slack="2"/>
<pin id="1494" dir="0" index="221" bw="8" slack="2"/>
<pin id="1495" dir="0" index="222" bw="8" slack="2"/>
<pin id="1496" dir="0" index="223" bw="8" slack="2"/>
<pin id="1497" dir="0" index="224" bw="8" slack="2"/>
<pin id="1498" dir="0" index="225" bw="8" slack="2"/>
<pin id="1499" dir="0" index="226" bw="8" slack="2"/>
<pin id="1500" dir="0" index="227" bw="8" slack="2"/>
<pin id="1501" dir="0" index="228" bw="8" slack="2"/>
<pin id="1502" dir="0" index="229" bw="8" slack="2"/>
<pin id="1503" dir="0" index="230" bw="8" slack="2"/>
<pin id="1504" dir="0" index="231" bw="8" slack="2"/>
<pin id="1505" dir="0" index="232" bw="8" slack="2"/>
<pin id="1506" dir="0" index="233" bw="8" slack="2"/>
<pin id="1507" dir="0" index="234" bw="8" slack="2"/>
<pin id="1508" dir="0" index="235" bw="8" slack="2"/>
<pin id="1509" dir="0" index="236" bw="8" slack="2"/>
<pin id="1510" dir="0" index="237" bw="8" slack="2"/>
<pin id="1511" dir="0" index="238" bw="8" slack="2"/>
<pin id="1512" dir="0" index="239" bw="8" slack="2"/>
<pin id="1513" dir="0" index="240" bw="8" slack="2"/>
<pin id="1514" dir="0" index="241" bw="8" slack="2"/>
<pin id="1515" dir="0" index="242" bw="8" slack="2"/>
<pin id="1516" dir="0" index="243" bw="8" slack="2"/>
<pin id="1517" dir="0" index="244" bw="8" slack="2"/>
<pin id="1518" dir="0" index="245" bw="8" slack="2"/>
<pin id="1519" dir="0" index="246" bw="8" slack="2"/>
<pin id="1520" dir="0" index="247" bw="8" slack="2"/>
<pin id="1521" dir="0" index="248" bw="8" slack="2"/>
<pin id="1522" dir="0" index="249" bw="8" slack="2"/>
<pin id="1523" dir="0" index="250" bw="8" slack="2"/>
<pin id="1524" dir="0" index="251" bw="8" slack="2"/>
<pin id="1525" dir="0" index="252" bw="8" slack="2"/>
<pin id="1526" dir="0" index="253" bw="8" slack="2"/>
<pin id="1527" dir="0" index="254" bw="8" slack="2"/>
<pin id="1528" dir="0" index="255" bw="8" slack="2"/>
<pin id="1529" dir="0" index="256" bw="8" slack="2"/>
<pin id="1530" dir="0" index="257" bw="8" slack="2"/>
<pin id="1531" dir="0" index="258" bw="8" slack="2"/>
<pin id="1532" dir="0" index="259" bw="8" slack="2"/>
<pin id="1533" dir="0" index="260" bw="8" slack="2"/>
<pin id="1534" dir="0" index="261" bw="8" slack="2"/>
<pin id="1535" dir="0" index="262" bw="8" slack="2"/>
<pin id="1536" dir="0" index="263" bw="8" slack="2"/>
<pin id="1537" dir="0" index="264" bw="8" slack="2"/>
<pin id="1538" dir="0" index="265" bw="8" slack="2"/>
<pin id="1539" dir="0" index="266" bw="8" slack="2"/>
<pin id="1540" dir="0" index="267" bw="8" slack="2"/>
<pin id="1541" dir="0" index="268" bw="8" slack="2"/>
<pin id="1542" dir="0" index="269" bw="8" slack="2"/>
<pin id="1543" dir="0" index="270" bw="8" slack="2"/>
<pin id="1544" dir="0" index="271" bw="8" slack="2"/>
<pin id="1545" dir="0" index="272" bw="8" slack="2"/>
<pin id="1546" dir="0" index="273" bw="8" slack="2"/>
<pin id="1547" dir="0" index="274" bw="8" slack="2"/>
<pin id="1548" dir="0" index="275" bw="8" slack="2"/>
<pin id="1549" dir="0" index="276" bw="8" slack="2"/>
<pin id="1550" dir="0" index="277" bw="8" slack="2"/>
<pin id="1551" dir="0" index="278" bw="8" slack="2"/>
<pin id="1552" dir="0" index="279" bw="8" slack="2"/>
<pin id="1553" dir="0" index="280" bw="8" slack="2"/>
<pin id="1554" dir="0" index="281" bw="8" slack="2"/>
<pin id="1555" dir="0" index="282" bw="8" slack="2"/>
<pin id="1556" dir="0" index="283" bw="8" slack="2"/>
<pin id="1557" dir="0" index="284" bw="8" slack="2"/>
<pin id="1558" dir="0" index="285" bw="8" slack="2"/>
<pin id="1559" dir="0" index="286" bw="8" slack="2"/>
<pin id="1560" dir="0" index="287" bw="8" slack="2"/>
<pin id="1561" dir="0" index="288" bw="8" slack="2"/>
<pin id="1562" dir="0" index="289" bw="8" slack="2"/>
<pin id="1563" dir="0" index="290" bw="8" slack="0"/>
<pin id="1564" dir="0" index="291" bw="8" slack="0"/>
<pin id="1565" dir="0" index="292" bw="8" slack="0"/>
<pin id="1566" dir="1" index="293" bw="0" slack="2147483647"/>
</pin_list>
<bind>
<opcode="call(48) " fcode="call"/>
<opset="call_ln36/3 "/>
</bind>
</comp>

<comp id="1571" class="1004" name="grp_layer_block_16_32_16_Pipeline_VITIS_LOOP_71_8_fu_1571">
<pin_list>
<pin id="1572" dir="0" index="0" bw="0" slack="0"/>
<pin id="1573" dir="0" index="1" bw="16" slack="0"/>
<pin id="1574" dir="0" index="2" bw="9" slack="0"/>
<pin id="1575" dir="0" index="3" bw="12" slack="0"/>
<pin id="1576" dir="0" index="4" bw="8" slack="2147483647"/>
<pin id="1577" dir="0" index="5" bw="8" slack="2147483647"/>
<pin id="1578" dir="0" index="6" bw="8" slack="2147483647"/>
<pin id="1579" dir="0" index="7" bw="8" slack="2147483647"/>
<pin id="1580" dir="0" index="8" bw="8" slack="2147483647"/>
<pin id="1581" dir="0" index="9" bw="8" slack="2147483647"/>
<pin id="1582" dir="0" index="10" bw="8" slack="2147483647"/>
<pin id="1583" dir="0" index="11" bw="8" slack="2147483647"/>
<pin id="1584" dir="0" index="12" bw="8" slack="2147483647"/>
<pin id="1585" dir="0" index="13" bw="8" slack="2147483647"/>
<pin id="1586" dir="0" index="14" bw="8" slack="2147483647"/>
<pin id="1587" dir="0" index="15" bw="8" slack="2147483647"/>
<pin id="1588" dir="0" index="16" bw="8" slack="2147483647"/>
<pin id="1589" dir="0" index="17" bw="8" slack="2147483647"/>
<pin id="1590" dir="0" index="18" bw="8" slack="2147483647"/>
<pin id="1591" dir="0" index="19" bw="8" slack="2147483647"/>
<pin id="1592" dir="0" index="20" bw="8" slack="2147483647"/>
<pin id="1593" dir="0" index="21" bw="8" slack="2147483647"/>
<pin id="1594" dir="0" index="22" bw="8" slack="2147483647"/>
<pin id="1595" dir="0" index="23" bw="8" slack="2147483647"/>
<pin id="1596" dir="0" index="24" bw="8" slack="2147483647"/>
<pin id="1597" dir="0" index="25" bw="8" slack="2147483647"/>
<pin id="1598" dir="0" index="26" bw="8" slack="2147483647"/>
<pin id="1599" dir="0" index="27" bw="8" slack="2147483647"/>
<pin id="1600" dir="0" index="28" bw="8" slack="2147483647"/>
<pin id="1601" dir="0" index="29" bw="8" slack="2147483647"/>
<pin id="1602" dir="0" index="30" bw="8" slack="2147483647"/>
<pin id="1603" dir="0" index="31" bw="8" slack="2147483647"/>
<pin id="1604" dir="0" index="32" bw="8" slack="2147483647"/>
<pin id="1605" dir="0" index="33" bw="8" slack="2147483647"/>
<pin id="1606" dir="0" index="34" bw="8" slack="2147483647"/>
<pin id="1607" dir="0" index="35" bw="8" slack="2147483647"/>
<pin id="1608" dir="0" index="36" bw="8" slack="2147483647"/>
<pin id="1609" dir="0" index="37" bw="8" slack="2147483647"/>
<pin id="1610" dir="0" index="38" bw="8" slack="2147483647"/>
<pin id="1611" dir="0" index="39" bw="8" slack="2147483647"/>
<pin id="1612" dir="0" index="40" bw="8" slack="2147483647"/>
<pin id="1613" dir="0" index="41" bw="8" slack="2147483647"/>
<pin id="1614" dir="0" index="42" bw="8" slack="2147483647"/>
<pin id="1615" dir="0" index="43" bw="8" slack="2147483647"/>
<pin id="1616" dir="0" index="44" bw="8" slack="2147483647"/>
<pin id="1617" dir="0" index="45" bw="8" slack="2147483647"/>
<pin id="1618" dir="0" index="46" bw="8" slack="2147483647"/>
<pin id="1619" dir="0" index="47" bw="8" slack="2147483647"/>
<pin id="1620" dir="0" index="48" bw="8" slack="2147483647"/>
<pin id="1621" dir="0" index="49" bw="8" slack="2147483647"/>
<pin id="1622" dir="0" index="50" bw="8" slack="2147483647"/>
<pin id="1623" dir="0" index="51" bw="8" slack="2147483647"/>
<pin id="1624" dir="0" index="52" bw="8" slack="2147483647"/>
<pin id="1625" dir="0" index="53" bw="8" slack="2147483647"/>
<pin id="1626" dir="0" index="54" bw="8" slack="2147483647"/>
<pin id="1627" dir="0" index="55" bw="8" slack="2147483647"/>
<pin id="1628" dir="0" index="56" bw="8" slack="2147483647"/>
<pin id="1629" dir="0" index="57" bw="8" slack="2147483647"/>
<pin id="1630" dir="0" index="58" bw="8" slack="2147483647"/>
<pin id="1631" dir="0" index="59" bw="8" slack="2147483647"/>
<pin id="1632" dir="0" index="60" bw="8" slack="2147483647"/>
<pin id="1633" dir="0" index="61" bw="8" slack="2147483647"/>
<pin id="1634" dir="0" index="62" bw="8" slack="2147483647"/>
<pin id="1635" dir="0" index="63" bw="8" slack="2147483647"/>
<pin id="1636" dir="0" index="64" bw="8" slack="2147483647"/>
<pin id="1637" dir="0" index="65" bw="8" slack="2147483647"/>
<pin id="1638" dir="0" index="66" bw="8" slack="2147483647"/>
<pin id="1639" dir="0" index="67" bw="8" slack="2147483647"/>
<pin id="1640" dir="0" index="68" bw="8" slack="2147483647"/>
<pin id="1641" dir="0" index="69" bw="8" slack="2147483647"/>
<pin id="1642" dir="0" index="70" bw="8" slack="2147483647"/>
<pin id="1643" dir="0" index="71" bw="8" slack="2147483647"/>
<pin id="1644" dir="0" index="72" bw="8" slack="2147483647"/>
<pin id="1645" dir="0" index="73" bw="8" slack="2147483647"/>
<pin id="1646" dir="0" index="74" bw="8" slack="2147483647"/>
<pin id="1647" dir="0" index="75" bw="8" slack="2147483647"/>
<pin id="1648" dir="0" index="76" bw="8" slack="2147483647"/>
<pin id="1649" dir="0" index="77" bw="8" slack="2147483647"/>
<pin id="1650" dir="0" index="78" bw="8" slack="2147483647"/>
<pin id="1651" dir="0" index="79" bw="8" slack="2147483647"/>
<pin id="1652" dir="0" index="80" bw="8" slack="2147483647"/>
<pin id="1653" dir="0" index="81" bw="8" slack="2147483647"/>
<pin id="1654" dir="0" index="82" bw="8" slack="2147483647"/>
<pin id="1655" dir="0" index="83" bw="8" slack="2147483647"/>
<pin id="1656" dir="0" index="84" bw="8" slack="2147483647"/>
<pin id="1657" dir="0" index="85" bw="8" slack="2147483647"/>
<pin id="1658" dir="0" index="86" bw="8" slack="2147483647"/>
<pin id="1659" dir="0" index="87" bw="8" slack="2147483647"/>
<pin id="1660" dir="0" index="88" bw="8" slack="2147483647"/>
<pin id="1661" dir="0" index="89" bw="8" slack="2147483647"/>
<pin id="1662" dir="0" index="90" bw="8" slack="2147483647"/>
<pin id="1663" dir="0" index="91" bw="8" slack="2147483647"/>
<pin id="1664" dir="0" index="92" bw="8" slack="2147483647"/>
<pin id="1665" dir="0" index="93" bw="8" slack="2147483647"/>
<pin id="1666" dir="0" index="94" bw="8" slack="2147483647"/>
<pin id="1667" dir="0" index="95" bw="8" slack="2147483647"/>
<pin id="1668" dir="0" index="96" bw="8" slack="2147483647"/>
<pin id="1669" dir="0" index="97" bw="8" slack="2147483647"/>
<pin id="1670" dir="0" index="98" bw="8" slack="2147483647"/>
<pin id="1671" dir="0" index="99" bw="8" slack="2147483647"/>
<pin id="1672" dir="0" index="100" bw="8" slack="2147483647"/>
<pin id="1673" dir="0" index="101" bw="8" slack="2147483647"/>
<pin id="1674" dir="0" index="102" bw="8" slack="2147483647"/>
<pin id="1675" dir="0" index="103" bw="8" slack="2147483647"/>
<pin id="1676" dir="0" index="104" bw="8" slack="2147483647"/>
<pin id="1677" dir="0" index="105" bw="8" slack="2147483647"/>
<pin id="1678" dir="0" index="106" bw="8" slack="2147483647"/>
<pin id="1679" dir="0" index="107" bw="8" slack="2147483647"/>
<pin id="1680" dir="0" index="108" bw="8" slack="2147483647"/>
<pin id="1681" dir="0" index="109" bw="8" slack="2147483647"/>
<pin id="1682" dir="0" index="110" bw="8" slack="2147483647"/>
<pin id="1683" dir="0" index="111" bw="8" slack="2147483647"/>
<pin id="1684" dir="0" index="112" bw="8" slack="2147483647"/>
<pin id="1685" dir="0" index="113" bw="8" slack="2147483647"/>
<pin id="1686" dir="0" index="114" bw="8" slack="2147483647"/>
<pin id="1687" dir="0" index="115" bw="8" slack="2147483647"/>
<pin id="1688" dir="0" index="116" bw="8" slack="2147483647"/>
<pin id="1689" dir="0" index="117" bw="8" slack="2147483647"/>
<pin id="1690" dir="0" index="118" bw="8" slack="2147483647"/>
<pin id="1691" dir="0" index="119" bw="8" slack="2147483647"/>
<pin id="1692" dir="0" index="120" bw="8" slack="2147483647"/>
<pin id="1693" dir="0" index="121" bw="8" slack="2147483647"/>
<pin id="1694" dir="0" index="122" bw="8" slack="2147483647"/>
<pin id="1695" dir="0" index="123" bw="8" slack="2147483647"/>
<pin id="1696" dir="0" index="124" bw="8" slack="2147483647"/>
<pin id="1697" dir="0" index="125" bw="8" slack="2147483647"/>
<pin id="1698" dir="0" index="126" bw="8" slack="2147483647"/>
<pin id="1699" dir="0" index="127" bw="8" slack="2147483647"/>
<pin id="1700" dir="0" index="128" bw="8" slack="2147483647"/>
<pin id="1701" dir="0" index="129" bw="8" slack="2147483647"/>
<pin id="1702" dir="0" index="130" bw="8" slack="2147483647"/>
<pin id="1703" dir="0" index="131" bw="8" slack="2147483647"/>
<pin id="1704" dir="0" index="132" bw="8" slack="2147483647"/>
<pin id="1705" dir="0" index="133" bw="8" slack="2147483647"/>
<pin id="1706" dir="0" index="134" bw="8" slack="2147483647"/>
<pin id="1707" dir="0" index="135" bw="8" slack="2147483647"/>
<pin id="1708" dir="0" index="136" bw="8" slack="2147483647"/>
<pin id="1709" dir="0" index="137" bw="8" slack="2147483647"/>
<pin id="1710" dir="0" index="138" bw="8" slack="2147483647"/>
<pin id="1711" dir="0" index="139" bw="8" slack="2147483647"/>
<pin id="1712" dir="0" index="140" bw="8" slack="2147483647"/>
<pin id="1713" dir="0" index="141" bw="8" slack="2147483647"/>
<pin id="1714" dir="0" index="142" bw="8" slack="2147483647"/>
<pin id="1715" dir="0" index="143" bw="8" slack="2147483647"/>
<pin id="1716" dir="0" index="144" bw="8" slack="2147483647"/>
<pin id="1717" dir="0" index="145" bw="8" slack="2147483647"/>
<pin id="1718" dir="0" index="146" bw="8" slack="2147483647"/>
<pin id="1719" dir="0" index="147" bw="8" slack="2147483647"/>
<pin id="1720" dir="0" index="148" bw="5" slack="0"/>
<pin id="1721" dir="0" index="149" bw="8" slack="0"/>
<pin id="1722" dir="1" index="150" bw="0" slack="2147483647"/>
</pin_list>
<bind>
<opcode="call(48) " fcode="call"/>
<opset="call_ln838/7 "/>
</bind>
</comp>

<comp id="1726" class="1004" name="store_ln37_store_fu_1726">
<pin_list>
<pin id="1727" dir="0" index="0" bw="1" slack="0"/>
<pin id="1728" dir="0" index="1" bw="9" slack="0"/>
<pin id="1729" dir="1" index="2" bw="0" slack="2147483647"/>
</pin_list>
<bind>
<opcode="store(28) " fcode="store"/>
<opset="store_ln37/1 "/>
</bind>
</comp>

<comp id="1731" class="1004" name="store_ln37_store_fu_1731">
<pin_list>
<pin id="1732" dir="0" index="0" bw="1" slack="0"/>
<pin id="1733" dir="0" index="1" bw="5" slack="0"/>
<pin id="1734" dir="1" index="2" bw="0" slack="2147483647"/>
</pin_list>
<bind>
<opcode="store(28) " fcode="store"/>
<opset="store_ln37/1 "/>
</bind>
</comp>

<comp id="1736" class="1004" name="indvar_flatten20_load_load_fu_1736">
<pin_list>
<pin id="1737" dir="0" index="0" bw="9" slack="2"/>
<pin id="1738" dir="1" index="1" bw="9" slack="0"/>
</pin_list>
<bind>
<opcode="load(27) " fcode="load"/>
<opset="indvar_flatten20_load/3 "/>
</bind>
</comp>

<comp id="1739" class="1004" name="icmp_ln36_fu_1739">
<pin_list>
<pin id="1740" dir="0" index="0" bw="9" slack="0"/>
<pin id="1741" dir="0" index="1" bw="9" slack="0"/>
<pin id="1742" dir="1" index="2" bw="1" slack="2147483647"/>
</pin_list>
<bind>
<opcode="icmp(45) " fcode="icmp"/>
<opset="icmp_ln36/3 "/>
</bind>
</comp>

<comp id="1745" class="1004" name="add_ln36_fu_1745">
<pin_list>
<pin id="1746" dir="0" index="0" bw="9" slack="0"/>
<pin id="1747" dir="0" index="1" bw="1" slack="0"/>
<pin id="1748" dir="1" index="2" bw="9" slack="3"/>
</pin_list>
<bind>
<opcode="add(8) " fcode="add"/>
<opset="add_ln36/3 "/>
</bind>
</comp>

<comp id="1751" class="1004" name="c_load_load_fu_1751">
<pin_list>
<pin id="1752" dir="0" index="0" bw="5" slack="2"/>
<pin id="1753" dir="1" index="1" bw="5" slack="0"/>
</pin_list>
<bind>
<opcode="load(27) " fcode="load"/>
<opset="c_load/3 "/>
</bind>
</comp>

<comp id="1754" class="1004" name="window_V_1_i_load_load_fu_1754">
<pin_list>
<pin id="1755" dir="0" index="0" bw="8" slack="2"/>
<pin id="1756" dir="1" index="1" bw="8" slack="0"/>
</pin_list>
<bind>
<opcode="load(27) " fcode="load"/>
<opset="window_V_1_i_load/3 "/>
</bind>
</comp>

<comp id="1758" class="1004" name="window_V_514_1_i_load_load_fu_1758">
<pin_list>
<pin id="1759" dir="0" index="0" bw="8" slack="2"/>
<pin id="1760" dir="1" index="1" bw="8" slack="0"/>
</pin_list>
<bind>
<opcode="load(27) " fcode="load"/>
<opset="window_V_514_1_i_load/3 "/>
</bind>
</comp>

<comp id="1762" class="1004" name="window_V_515_1_i_load_load_fu_1762">
<pin_list>
<pin id="1763" dir="0" index="0" bw="8" slack="2"/>
<pin id="1764" dir="1" index="1" bw="8" slack="0"/>
</pin_list>
<bind>
<opcode="load(27) " fcode="load"/>
<opset="window_V_515_1_i_load/3 "/>
</bind>
</comp>

<comp id="1766" class="1004" name="window_V_516_1_i_load_load_fu_1766">
<pin_list>
<pin id="1767" dir="0" index="0" bw="8" slack="2"/>
<pin id="1768" dir="1" index="1" bw="8" slack="0"/>
</pin_list>
<bind>
<opcode="load(27) " fcode="load"/>
<opset="window_V_516_1_i_load/3 "/>
</bind>
</comp>

<comp id="1770" class="1004" name="window_V_517_1_i_load_load_fu_1770">
<pin_list>
<pin id="1771" dir="0" index="0" bw="8" slack="2"/>
<pin id="1772" dir="1" index="1" bw="8" slack="0"/>
</pin_list>
<bind>
<opcode="load(27) " fcode="load"/>
<opset="window_V_517_1_i_load/3 "/>
</bind>
</comp>

<comp id="1774" class="1004" name="window_V_518_1_i_load_load_fu_1774">
<pin_list>
<pin id="1775" dir="0" index="0" bw="8" slack="2"/>
<pin id="1776" dir="1" index="1" bw="8" slack="0"/>
</pin_list>
<bind>
<opcode="load(27) " fcode="load"/>
<opset="window_V_518_1_i_load/3 "/>
</bind>
</comp>

<comp id="1778" class="1004" name="window_V_519_1_i_load_load_fu_1778">
<pin_list>
<pin id="1779" dir="0" index="0" bw="8" slack="2"/>
<pin id="1780" dir="1" index="1" bw="8" slack="0"/>
</pin_list>
<bind>
<opcode="load(27) " fcode="load"/>
<opset="window_V_519_1_i_load/3 "/>
</bind>
</comp>

<comp id="1782" class="1004" name="window_V_520_1_i_load_load_fu_1782">
<pin_list>
<pin id="1783" dir="0" index="0" bw="8" slack="2"/>
<pin id="1784" dir="1" index="1" bw="8" slack="0"/>
</pin_list>
<bind>
<opcode="load(27) " fcode="load"/>
<opset="window_V_520_1_i_load/3 "/>
</bind>
</comp>

<comp id="1786" class="1004" name="window_V_521_1_i_load_load_fu_1786">
<pin_list>
<pin id="1787" dir="0" index="0" bw="8" slack="2"/>
<pin id="1788" dir="1" index="1" bw="8" slack="0"/>
</pin_list>
<bind>
<opcode="load(27) " fcode="load"/>
<opset="window_V_521_1_i_load/3 "/>
</bind>
</comp>

<comp id="1790" class="1004" name="window_V_522_1_i_load_load_fu_1790">
<pin_list>
<pin id="1791" dir="0" index="0" bw="8" slack="2"/>
<pin id="1792" dir="1" index="1" bw="8" slack="0"/>
</pin_list>
<bind>
<opcode="load(27) " fcode="load"/>
<opset="window_V_522_1_i_load/3 "/>
</bind>
</comp>

<comp id="1794" class="1004" name="window_V_523_1_i_load_load_fu_1794">
<pin_list>
<pin id="1795" dir="0" index="0" bw="8" slack="2"/>
<pin id="1796" dir="1" index="1" bw="8" slack="0"/>
</pin_list>
<bind>
<opcode="load(27) " fcode="load"/>
<opset="window_V_523_1_i_load/3 "/>
</bind>
</comp>

<comp id="1798" class="1004" name="window_V_524_1_i_load_load_fu_1798">
<pin_list>
<pin id="1799" dir="0" index="0" bw="8" slack="2"/>
<pin id="1800" dir="1" index="1" bw="8" slack="0"/>
</pin_list>
<bind>
<opcode="load(27) " fcode="load"/>
<opset="window_V_524_1_i_load/3 "/>
</bind>
</comp>

<comp id="1802" class="1004" name="window_V_525_1_i_load_load_fu_1802">
<pin_list>
<pin id="1803" dir="0" index="0" bw="8" slack="2"/>
<pin id="1804" dir="1" index="1" bw="8" slack="0"/>
</pin_list>
<bind>
<opcode="load(27) " fcode="load"/>
<opset="window_V_525_1_i_load/3 "/>
</bind>
</comp>

<comp id="1806" class="1004" name="window_V_526_1_i_load_load_fu_1806">
<pin_list>
<pin id="1807" dir="0" index="0" bw="8" slack="2"/>
<pin id="1808" dir="1" index="1" bw="8" slack="0"/>
</pin_list>
<bind>
<opcode="load(27) " fcode="load"/>
<opset="window_V_526_1_i_load/3 "/>
</bind>
</comp>

<comp id="1810" class="1004" name="window_V_527_1_i_load_load_fu_1810">
<pin_list>
<pin id="1811" dir="0" index="0" bw="8" slack="2"/>
<pin id="1812" dir="1" index="1" bw="8" slack="0"/>
</pin_list>
<bind>
<opcode="load(27) " fcode="load"/>
<opset="window_V_527_1_i_load/3 "/>
</bind>
</comp>

<comp id="1814" class="1004" name="window_V_528_1_i_load_load_fu_1814">
<pin_list>
<pin id="1815" dir="0" index="0" bw="8" slack="2"/>
<pin id="1816" dir="1" index="1" bw="8" slack="0"/>
</pin_list>
<bind>
<opcode="load(27) " fcode="load"/>
<opset="window_V_528_1_i_load/3 "/>
</bind>
</comp>

<comp id="1818" class="1004" name="window_V_529_1_i_load_load_fu_1818">
<pin_list>
<pin id="1819" dir="0" index="0" bw="8" slack="2"/>
<pin id="1820" dir="1" index="1" bw="8" slack="0"/>
</pin_list>
<bind>
<opcode="load(27) " fcode="load"/>
<opset="window_V_529_1_i_load/3 "/>
</bind>
</comp>

<comp id="1822" class="1004" name="window_V_530_1_i_load_load_fu_1822">
<pin_list>
<pin id="1823" dir="0" index="0" bw="8" slack="2"/>
<pin id="1824" dir="1" index="1" bw="8" slack="0"/>
</pin_list>
<bind>
<opcode="load(27) " fcode="load"/>
<opset="window_V_530_1_i_load/3 "/>
</bind>
</comp>

<comp id="1826" class="1004" name="window_V_531_1_i_load_load_fu_1826">
<pin_list>
<pin id="1827" dir="0" index="0" bw="8" slack="2"/>
<pin id="1828" dir="1" index="1" bw="8" slack="0"/>
</pin_list>
<bind>
<opcode="load(27) " fcode="load"/>
<opset="window_V_531_1_i_load/3 "/>
</bind>
</comp>

<comp id="1830" class="1004" name="window_V_532_1_i_load_load_fu_1830">
<pin_list>
<pin id="1831" dir="0" index="0" bw="8" slack="2"/>
<pin id="1832" dir="1" index="1" bw="8" slack="0"/>
</pin_list>
<bind>
<opcode="load(27) " fcode="load"/>
<opset="window_V_532_1_i_load/3 "/>
</bind>
</comp>

<comp id="1834" class="1004" name="window_V_533_1_i_load_load_fu_1834">
<pin_list>
<pin id="1835" dir="0" index="0" bw="8" slack="2"/>
<pin id="1836" dir="1" index="1" bw="8" slack="0"/>
</pin_list>
<bind>
<opcode="load(27) " fcode="load"/>
<opset="window_V_533_1_i_load/3 "/>
</bind>
</comp>

<comp id="1838" class="1004" name="window_V_534_1_i_load_load_fu_1838">
<pin_list>
<pin id="1839" dir="0" index="0" bw="8" slack="2"/>
<pin id="1840" dir="1" index="1" bw="8" slack="0"/>
</pin_list>
<bind>
<opcode="load(27) " fcode="load"/>
<opset="window_V_534_1_i_load/3 "/>
</bind>
</comp>

<comp id="1842" class="1004" name="window_V_535_1_i_load_load_fu_1842">
<pin_list>
<pin id="1843" dir="0" index="0" bw="8" slack="2"/>
<pin id="1844" dir="1" index="1" bw="8" slack="0"/>
</pin_list>
<bind>
<opcode="load(27) " fcode="load"/>
<opset="window_V_535_1_i_load/3 "/>
</bind>
</comp>

<comp id="1846" class="1004" name="window_V_536_1_i_load_load_fu_1846">
<pin_list>
<pin id="1847" dir="0" index="0" bw="8" slack="2"/>
<pin id="1848" dir="1" index="1" bw="8" slack="0"/>
</pin_list>
<bind>
<opcode="load(27) " fcode="load"/>
<opset="window_V_536_1_i_load/3 "/>
</bind>
</comp>

<comp id="1850" class="1004" name="window_V_537_1_i_load_load_fu_1850">
<pin_list>
<pin id="1851" dir="0" index="0" bw="8" slack="2"/>
<pin id="1852" dir="1" index="1" bw="8" slack="0"/>
</pin_list>
<bind>
<opcode="load(27) " fcode="load"/>
<opset="window_V_537_1_i_load/3 "/>
</bind>
</comp>

<comp id="1854" class="1004" name="window_V_538_1_i_load_load_fu_1854">
<pin_list>
<pin id="1855" dir="0" index="0" bw="8" slack="2"/>
<pin id="1856" dir="1" index="1" bw="8" slack="0"/>
</pin_list>
<bind>
<opcode="load(27) " fcode="load"/>
<opset="window_V_538_1_i_load/3 "/>
</bind>
</comp>

<comp id="1858" class="1004" name="window_V_539_1_i_load_load_fu_1858">
<pin_list>
<pin id="1859" dir="0" index="0" bw="8" slack="2"/>
<pin id="1860" dir="1" index="1" bw="8" slack="0"/>
</pin_list>
<bind>
<opcode="load(27) " fcode="load"/>
<opset="window_V_539_1_i_load/3 "/>
</bind>
</comp>

<comp id="1862" class="1004" name="window_V_540_1_i_load_load_fu_1862">
<pin_list>
<pin id="1863" dir="0" index="0" bw="8" slack="2"/>
<pin id="1864" dir="1" index="1" bw="8" slack="0"/>
</pin_list>
<bind>
<opcode="load(27) " fcode="load"/>
<opset="window_V_540_1_i_load/3 "/>
</bind>
</comp>

<comp id="1866" class="1004" name="window_V_541_1_i_load_load_fu_1866">
<pin_list>
<pin id="1867" dir="0" index="0" bw="8" slack="2"/>
<pin id="1868" dir="1" index="1" bw="8" slack="0"/>
</pin_list>
<bind>
<opcode="load(27) " fcode="load"/>
<opset="window_V_541_1_i_load/3 "/>
</bind>
</comp>

<comp id="1870" class="1004" name="window_V_542_1_i_load_load_fu_1870">
<pin_list>
<pin id="1871" dir="0" index="0" bw="8" slack="2"/>
<pin id="1872" dir="1" index="1" bw="8" slack="0"/>
</pin_list>
<bind>
<opcode="load(27) " fcode="load"/>
<opset="window_V_542_1_i_load/3 "/>
</bind>
</comp>

<comp id="1874" class="1004" name="window_V_543_1_i_load_load_fu_1874">
<pin_list>
<pin id="1875" dir="0" index="0" bw="8" slack="2"/>
<pin id="1876" dir="1" index="1" bw="8" slack="0"/>
</pin_list>
<bind>
<opcode="load(27) " fcode="load"/>
<opset="window_V_543_1_i_load/3 "/>
</bind>
</comp>

<comp id="1878" class="1004" name="window_V_544_1_i_load_load_fu_1878">
<pin_list>
<pin id="1879" dir="0" index="0" bw="8" slack="2"/>
<pin id="1880" dir="1" index="1" bw="8" slack="0"/>
</pin_list>
<bind>
<opcode="load(27) " fcode="load"/>
<opset="window_V_544_1_i_load/3 "/>
</bind>
</comp>

<comp id="1882" class="1004" name="window_V_545_1_i_load_load_fu_1882">
<pin_list>
<pin id="1883" dir="0" index="0" bw="8" slack="2"/>
<pin id="1884" dir="1" index="1" bw="8" slack="0"/>
</pin_list>
<bind>
<opcode="load(27) " fcode="load"/>
<opset="window_V_545_1_i_load/3 "/>
</bind>
</comp>

<comp id="1886" class="1004" name="window_V_546_1_i_load_load_fu_1886">
<pin_list>
<pin id="1887" dir="0" index="0" bw="8" slack="2"/>
<pin id="1888" dir="1" index="1" bw="8" slack="0"/>
</pin_list>
<bind>
<opcode="load(27) " fcode="load"/>
<opset="window_V_546_1_i_load/3 "/>
</bind>
</comp>

<comp id="1890" class="1004" name="window_V_547_1_i_load_load_fu_1890">
<pin_list>
<pin id="1891" dir="0" index="0" bw="8" slack="2"/>
<pin id="1892" dir="1" index="1" bw="8" slack="0"/>
</pin_list>
<bind>
<opcode="load(27) " fcode="load"/>
<opset="window_V_547_1_i_load/3 "/>
</bind>
</comp>

<comp id="1894" class="1004" name="window_V_548_1_i_load_load_fu_1894">
<pin_list>
<pin id="1895" dir="0" index="0" bw="8" slack="2"/>
<pin id="1896" dir="1" index="1" bw="8" slack="0"/>
</pin_list>
<bind>
<opcode="load(27) " fcode="load"/>
<opset="window_V_548_1_i_load/3 "/>
</bind>
</comp>

<comp id="1898" class="1004" name="window_V_549_1_i_load_load_fu_1898">
<pin_list>
<pin id="1899" dir="0" index="0" bw="8" slack="2"/>
<pin id="1900" dir="1" index="1" bw="8" slack="0"/>
</pin_list>
<bind>
<opcode="load(27) " fcode="load"/>
<opset="window_V_549_1_i_load/3 "/>
</bind>
</comp>

<comp id="1902" class="1004" name="window_V_550_1_i_load_load_fu_1902">
<pin_list>
<pin id="1903" dir="0" index="0" bw="8" slack="2"/>
<pin id="1904" dir="1" index="1" bw="8" slack="0"/>
</pin_list>
<bind>
<opcode="load(27) " fcode="load"/>
<opset="window_V_550_1_i_load/3 "/>
</bind>
</comp>

<comp id="1906" class="1004" name="window_V_551_1_i_load_load_fu_1906">
<pin_list>
<pin id="1907" dir="0" index="0" bw="8" slack="2"/>
<pin id="1908" dir="1" index="1" bw="8" slack="0"/>
</pin_list>
<bind>
<opcode="load(27) " fcode="load"/>
<opset="window_V_551_1_i_load/3 "/>
</bind>
</comp>

<comp id="1910" class="1004" name="window_V_552_1_i_load_load_fu_1910">
<pin_list>
<pin id="1911" dir="0" index="0" bw="8" slack="2"/>
<pin id="1912" dir="1" index="1" bw="8" slack="0"/>
</pin_list>
<bind>
<opcode="load(27) " fcode="load"/>
<opset="window_V_552_1_i_load/3 "/>
</bind>
</comp>

<comp id="1914" class="1004" name="window_V_553_1_i_load_load_fu_1914">
<pin_list>
<pin id="1915" dir="0" index="0" bw="8" slack="2"/>
<pin id="1916" dir="1" index="1" bw="8" slack="0"/>
</pin_list>
<bind>
<opcode="load(27) " fcode="load"/>
<opset="window_V_553_1_i_load/3 "/>
</bind>
</comp>

<comp id="1918" class="1004" name="window_V_554_1_i_load_load_fu_1918">
<pin_list>
<pin id="1919" dir="0" index="0" bw="8" slack="2"/>
<pin id="1920" dir="1" index="1" bw="8" slack="0"/>
</pin_list>
<bind>
<opcode="load(27) " fcode="load"/>
<opset="window_V_554_1_i_load/3 "/>
</bind>
</comp>

<comp id="1922" class="1004" name="window_V_555_1_i_load_load_fu_1922">
<pin_list>
<pin id="1923" dir="0" index="0" bw="8" slack="2"/>
<pin id="1924" dir="1" index="1" bw="8" slack="0"/>
</pin_list>
<bind>
<opcode="load(27) " fcode="load"/>
<opset="window_V_555_1_i_load/3 "/>
</bind>
</comp>

<comp id="1926" class="1004" name="window_V_556_1_i_load_load_fu_1926">
<pin_list>
<pin id="1927" dir="0" index="0" bw="8" slack="2"/>
<pin id="1928" dir="1" index="1" bw="8" slack="0"/>
</pin_list>
<bind>
<opcode="load(27) " fcode="load"/>
<opset="window_V_556_1_i_load/3 "/>
</bind>
</comp>

<comp id="1930" class="1004" name="window_V_557_1_i_load_load_fu_1930">
<pin_list>
<pin id="1931" dir="0" index="0" bw="8" slack="2"/>
<pin id="1932" dir="1" index="1" bw="8" slack="0"/>
</pin_list>
<bind>
<opcode="load(27) " fcode="load"/>
<opset="window_V_557_1_i_load/3 "/>
</bind>
</comp>

<comp id="1934" class="1004" name="window_V_558_1_i_load_load_fu_1934">
<pin_list>
<pin id="1935" dir="0" index="0" bw="8" slack="2"/>
<pin id="1936" dir="1" index="1" bw="8" slack="0"/>
</pin_list>
<bind>
<opcode="load(27) " fcode="load"/>
<opset="window_V_558_1_i_load/3 "/>
</bind>
</comp>

<comp id="1938" class="1004" name="window_V_559_1_i_load_load_fu_1938">
<pin_list>
<pin id="1939" dir="0" index="0" bw="8" slack="2"/>
<pin id="1940" dir="1" index="1" bw="8" slack="0"/>
</pin_list>
<bind>
<opcode="load(27) " fcode="load"/>
<opset="window_V_559_1_i_load/3 "/>
</bind>
</comp>

<comp id="1942" class="1004" name="window_V_560_1_i_load_load_fu_1942">
<pin_list>
<pin id="1943" dir="0" index="0" bw="8" slack="2"/>
<pin id="1944" dir="1" index="1" bw="8" slack="0"/>
</pin_list>
<bind>
<opcode="load(27) " fcode="load"/>
<opset="window_V_560_1_i_load/3 "/>
</bind>
</comp>

<comp id="1946" class="1004" name="window_V_561_1_i_load_load_fu_1946">
<pin_list>
<pin id="1947" dir="0" index="0" bw="8" slack="2"/>
<pin id="1948" dir="1" index="1" bw="8" slack="0"/>
</pin_list>
<bind>
<opcode="load(27) " fcode="load"/>
<opset="window_V_561_1_i_load/3 "/>
</bind>
</comp>

<comp id="1950" class="1004" name="window_V_562_1_i_load_load_fu_1950">
<pin_list>
<pin id="1951" dir="0" index="0" bw="8" slack="2"/>
<pin id="1952" dir="1" index="1" bw="8" slack="0"/>
</pin_list>
<bind>
<opcode="load(27) " fcode="load"/>
<opset="window_V_562_1_i_load/3 "/>
</bind>
</comp>

<comp id="1954" class="1004" name="window_V_563_1_i_load_load_fu_1954">
<pin_list>
<pin id="1955" dir="0" index="0" bw="8" slack="2"/>
<pin id="1956" dir="1" index="1" bw="8" slack="0"/>
</pin_list>
<bind>
<opcode="load(27) " fcode="load"/>
<opset="window_V_563_1_i_load/3 "/>
</bind>
</comp>

<comp id="1958" class="1004" name="window_V_564_1_i_load_load_fu_1958">
<pin_list>
<pin id="1959" dir="0" index="0" bw="8" slack="2"/>
<pin id="1960" dir="1" index="1" bw="8" slack="0"/>
</pin_list>
<bind>
<opcode="load(27) " fcode="load"/>
<opset="window_V_564_1_i_load/3 "/>
</bind>
</comp>

<comp id="1962" class="1004" name="window_V_565_1_i_load_load_fu_1962">
<pin_list>
<pin id="1963" dir="0" index="0" bw="8" slack="2"/>
<pin id="1964" dir="1" index="1" bw="8" slack="0"/>
</pin_list>
<bind>
<opcode="load(27) " fcode="load"/>
<opset="window_V_565_1_i_load/3 "/>
</bind>
</comp>

<comp id="1966" class="1004" name="window_V_566_1_i_load_load_fu_1966">
<pin_list>
<pin id="1967" dir="0" index="0" bw="8" slack="2"/>
<pin id="1968" dir="1" index="1" bw="8" slack="0"/>
</pin_list>
<bind>
<opcode="load(27) " fcode="load"/>
<opset="window_V_566_1_i_load/3 "/>
</bind>
</comp>

<comp id="1970" class="1004" name="window_V_567_1_i_load_load_fu_1970">
<pin_list>
<pin id="1971" dir="0" index="0" bw="8" slack="2"/>
<pin id="1972" dir="1" index="1" bw="8" slack="0"/>
</pin_list>
<bind>
<opcode="load(27) " fcode="load"/>
<opset="window_V_567_1_i_load/3 "/>
</bind>
</comp>

<comp id="1974" class="1004" name="window_V_568_1_i_load_load_fu_1974">
<pin_list>
<pin id="1975" dir="0" index="0" bw="8" slack="2"/>
<pin id="1976" dir="1" index="1" bw="8" slack="0"/>
</pin_list>
<bind>
<opcode="load(27) " fcode="load"/>
<opset="window_V_568_1_i_load/3 "/>
</bind>
</comp>

<comp id="1978" class="1004" name="window_V_569_1_i_load_load_fu_1978">
<pin_list>
<pin id="1979" dir="0" index="0" bw="8" slack="2"/>
<pin id="1980" dir="1" index="1" bw="8" slack="0"/>
</pin_list>
<bind>
<opcode="load(27) " fcode="load"/>
<opset="window_V_569_1_i_load/3 "/>
</bind>
</comp>

<comp id="1982" class="1004" name="window_V_570_1_i_load_load_fu_1982">
<pin_list>
<pin id="1983" dir="0" index="0" bw="8" slack="2"/>
<pin id="1984" dir="1" index="1" bw="8" slack="0"/>
</pin_list>
<bind>
<opcode="load(27) " fcode="load"/>
<opset="window_V_570_1_i_load/3 "/>
</bind>
</comp>

<comp id="1986" class="1004" name="window_V_571_1_i_load_load_fu_1986">
<pin_list>
<pin id="1987" dir="0" index="0" bw="8" slack="2"/>
<pin id="1988" dir="1" index="1" bw="8" slack="0"/>
</pin_list>
<bind>
<opcode="load(27) " fcode="load"/>
<opset="window_V_571_1_i_load/3 "/>
</bind>
</comp>

<comp id="1990" class="1004" name="window_V_572_1_i_load_load_fu_1990">
<pin_list>
<pin id="1991" dir="0" index="0" bw="8" slack="2"/>
<pin id="1992" dir="1" index="1" bw="8" slack="0"/>
</pin_list>
<bind>
<opcode="load(27) " fcode="load"/>
<opset="window_V_572_1_i_load/3 "/>
</bind>
</comp>

<comp id="1994" class="1004" name="window_V_573_1_i_load_load_fu_1994">
<pin_list>
<pin id="1995" dir="0" index="0" bw="8" slack="2"/>
<pin id="1996" dir="1" index="1" bw="8" slack="0"/>
</pin_list>
<bind>
<opcode="load(27) " fcode="load"/>
<opset="window_V_573_1_i_load/3 "/>
</bind>
</comp>

<comp id="1998" class="1004" name="window_V_574_1_i_load_load_fu_1998">
<pin_list>
<pin id="1999" dir="0" index="0" bw="8" slack="2"/>
<pin id="2000" dir="1" index="1" bw="8" slack="0"/>
</pin_list>
<bind>
<opcode="load(27) " fcode="load"/>
<opset="window_V_574_1_i_load/3 "/>
</bind>
</comp>

<comp id="2002" class="1004" name="window_V_575_1_i_load_load_fu_2002">
<pin_list>
<pin id="2003" dir="0" index="0" bw="8" slack="2"/>
<pin id="2004" dir="1" index="1" bw="8" slack="0"/>
</pin_list>
<bind>
<opcode="load(27) " fcode="load"/>
<opset="window_V_575_1_i_load/3 "/>
</bind>
</comp>

<comp id="2006" class="1004" name="window_V_576_1_i_load_load_fu_2006">
<pin_list>
<pin id="2007" dir="0" index="0" bw="8" slack="2"/>
<pin id="2008" dir="1" index="1" bw="8" slack="0"/>
</pin_list>
<bind>
<opcode="load(27) " fcode="load"/>
<opset="window_V_576_1_i_load/3 "/>
</bind>
</comp>

<comp id="2010" class="1004" name="window_V_577_1_i_load_load_fu_2010">
<pin_list>
<pin id="2011" dir="0" index="0" bw="8" slack="2"/>
<pin id="2012" dir="1" index="1" bw="8" slack="0"/>
</pin_list>
<bind>
<opcode="load(27) " fcode="load"/>
<opset="window_V_577_1_i_load/3 "/>
</bind>
</comp>

<comp id="2014" class="1004" name="window_V_578_1_i_load_load_fu_2014">
<pin_list>
<pin id="2015" dir="0" index="0" bw="8" slack="2"/>
<pin id="2016" dir="1" index="1" bw="8" slack="0"/>
</pin_list>
<bind>
<opcode="load(27) " fcode="load"/>
<opset="window_V_578_1_i_load/3 "/>
</bind>
</comp>

<comp id="2018" class="1004" name="window_V_579_1_i_load_load_fu_2018">
<pin_list>
<pin id="2019" dir="0" index="0" bw="8" slack="2"/>
<pin id="2020" dir="1" index="1" bw="8" slack="0"/>
</pin_list>
<bind>
<opcode="load(27) " fcode="load"/>
<opset="window_V_579_1_i_load/3 "/>
</bind>
</comp>

<comp id="2022" class="1004" name="window_V_580_1_i_load_load_fu_2022">
<pin_list>
<pin id="2023" dir="0" index="0" bw="8" slack="2"/>
<pin id="2024" dir="1" index="1" bw="8" slack="0"/>
</pin_list>
<bind>
<opcode="load(27) " fcode="load"/>
<opset="window_V_580_1_i_load/3 "/>
</bind>
</comp>

<comp id="2026" class="1004" name="window_V_581_1_i_load_load_fu_2026">
<pin_list>
<pin id="2027" dir="0" index="0" bw="8" slack="2"/>
<pin id="2028" dir="1" index="1" bw="8" slack="0"/>
</pin_list>
<bind>
<opcode="load(27) " fcode="load"/>
<opset="window_V_581_1_i_load/3 "/>
</bind>
</comp>

<comp id="2030" class="1004" name="window_V_582_1_i_load_load_fu_2030">
<pin_list>
<pin id="2031" dir="0" index="0" bw="8" slack="2"/>
<pin id="2032" dir="1" index="1" bw="8" slack="0"/>
</pin_list>
<bind>
<opcode="load(27) " fcode="load"/>
<opset="window_V_582_1_i_load/3 "/>
</bind>
</comp>

<comp id="2034" class="1004" name="window_V_583_1_i_load_load_fu_2034">
<pin_list>
<pin id="2035" dir="0" index="0" bw="8" slack="2"/>
<pin id="2036" dir="1" index="1" bw="8" slack="0"/>
</pin_list>
<bind>
<opcode="load(27) " fcode="load"/>
<opset="window_V_583_1_i_load/3 "/>
</bind>
</comp>

<comp id="2038" class="1004" name="window_V_584_1_i_load_load_fu_2038">
<pin_list>
<pin id="2039" dir="0" index="0" bw="8" slack="2"/>
<pin id="2040" dir="1" index="1" bw="8" slack="0"/>
</pin_list>
<bind>
<opcode="load(27) " fcode="load"/>
<opset="window_V_584_1_i_load/3 "/>
</bind>
</comp>

<comp id="2042" class="1004" name="window_V_585_1_i_load_load_fu_2042">
<pin_list>
<pin id="2043" dir="0" index="0" bw="8" slack="2"/>
<pin id="2044" dir="1" index="1" bw="8" slack="0"/>
</pin_list>
<bind>
<opcode="load(27) " fcode="load"/>
<opset="window_V_585_1_i_load/3 "/>
</bind>
</comp>

<comp id="2046" class="1004" name="window_V_586_1_i_load_load_fu_2046">
<pin_list>
<pin id="2047" dir="0" index="0" bw="8" slack="2"/>
<pin id="2048" dir="1" index="1" bw="8" slack="0"/>
</pin_list>
<bind>
<opcode="load(27) " fcode="load"/>
<opset="window_V_586_1_i_load/3 "/>
</bind>
</comp>

<comp id="2050" class="1004" name="window_V_587_1_i_load_load_fu_2050">
<pin_list>
<pin id="2051" dir="0" index="0" bw="8" slack="2"/>
<pin id="2052" dir="1" index="1" bw="8" slack="0"/>
</pin_list>
<bind>
<opcode="load(27) " fcode="load"/>
<opset="window_V_587_1_i_load/3 "/>
</bind>
</comp>

<comp id="2054" class="1004" name="window_V_588_1_i_load_load_fu_2054">
<pin_list>
<pin id="2055" dir="0" index="0" bw="8" slack="2"/>
<pin id="2056" dir="1" index="1" bw="8" slack="0"/>
</pin_list>
<bind>
<opcode="load(27) " fcode="load"/>
<opset="window_V_588_1_i_load/3 "/>
</bind>
</comp>

<comp id="2058" class="1004" name="window_V_589_1_i_load_load_fu_2058">
<pin_list>
<pin id="2059" dir="0" index="0" bw="8" slack="2"/>
<pin id="2060" dir="1" index="1" bw="8" slack="0"/>
</pin_list>
<bind>
<opcode="load(27) " fcode="load"/>
<opset="window_V_589_1_i_load/3 "/>
</bind>
</comp>

<comp id="2062" class="1004" name="window_V_590_1_i_load_load_fu_2062">
<pin_list>
<pin id="2063" dir="0" index="0" bw="8" slack="2"/>
<pin id="2064" dir="1" index="1" bw="8" slack="0"/>
</pin_list>
<bind>
<opcode="load(27) " fcode="load"/>
<opset="window_V_590_1_i_load/3 "/>
</bind>
</comp>

<comp id="2066" class="1004" name="window_V_591_1_i_load_load_fu_2066">
<pin_list>
<pin id="2067" dir="0" index="0" bw="8" slack="2"/>
<pin id="2068" dir="1" index="1" bw="8" slack="0"/>
</pin_list>
<bind>
<opcode="load(27) " fcode="load"/>
<opset="window_V_591_1_i_load/3 "/>
</bind>
</comp>

<comp id="2070" class="1004" name="window_V_592_1_i_load_load_fu_2070">
<pin_list>
<pin id="2071" dir="0" index="0" bw="8" slack="2"/>
<pin id="2072" dir="1" index="1" bw="8" slack="0"/>
</pin_list>
<bind>
<opcode="load(27) " fcode="load"/>
<opset="window_V_592_1_i_load/3 "/>
</bind>
</comp>

<comp id="2074" class="1004" name="window_V_593_1_i_load_load_fu_2074">
<pin_list>
<pin id="2075" dir="0" index="0" bw="8" slack="2"/>
<pin id="2076" dir="1" index="1" bw="8" slack="0"/>
</pin_list>
<bind>
<opcode="load(27) " fcode="load"/>
<opset="window_V_593_1_i_load/3 "/>
</bind>
</comp>

<comp id="2078" class="1004" name="window_V_594_1_i_load_load_fu_2078">
<pin_list>
<pin id="2079" dir="0" index="0" bw="8" slack="2"/>
<pin id="2080" dir="1" index="1" bw="8" slack="0"/>
</pin_list>
<bind>
<opcode="load(27) " fcode="load"/>
<opset="window_V_594_1_i_load/3 "/>
</bind>
</comp>

<comp id="2082" class="1004" name="window_V_595_1_i_load_load_fu_2082">
<pin_list>
<pin id="2083" dir="0" index="0" bw="8" slack="2"/>
<pin id="2084" dir="1" index="1" bw="8" slack="0"/>
</pin_list>
<bind>
<opcode="load(27) " fcode="load"/>
<opset="window_V_595_1_i_load/3 "/>
</bind>
</comp>

<comp id="2086" class="1004" name="window_V_596_1_i_load_load_fu_2086">
<pin_list>
<pin id="2087" dir="0" index="0" bw="8" slack="2"/>
<pin id="2088" dir="1" index="1" bw="8" slack="0"/>
</pin_list>
<bind>
<opcode="load(27) " fcode="load"/>
<opset="window_V_596_1_i_load/3 "/>
</bind>
</comp>

<comp id="2090" class="1004" name="window_V_597_1_i_load_load_fu_2090">
<pin_list>
<pin id="2091" dir="0" index="0" bw="8" slack="2"/>
<pin id="2092" dir="1" index="1" bw="8" slack="0"/>
</pin_list>
<bind>
<opcode="load(27) " fcode="load"/>
<opset="window_V_597_1_i_load/3 "/>
</bind>
</comp>

<comp id="2094" class="1004" name="window_V_598_1_i_load_load_fu_2094">
<pin_list>
<pin id="2095" dir="0" index="0" bw="8" slack="2"/>
<pin id="2096" dir="1" index="1" bw="8" slack="0"/>
</pin_list>
<bind>
<opcode="load(27) " fcode="load"/>
<opset="window_V_598_1_i_load/3 "/>
</bind>
</comp>

<comp id="2098" class="1004" name="window_V_599_1_i_load_load_fu_2098">
<pin_list>
<pin id="2099" dir="0" index="0" bw="8" slack="2"/>
<pin id="2100" dir="1" index="1" bw="8" slack="0"/>
</pin_list>
<bind>
<opcode="load(27) " fcode="load"/>
<opset="window_V_599_1_i_load/3 "/>
</bind>
</comp>

<comp id="2102" class="1004" name="window_V_600_1_i_load_load_fu_2102">
<pin_list>
<pin id="2103" dir="0" index="0" bw="8" slack="2"/>
<pin id="2104" dir="1" index="1" bw="8" slack="0"/>
</pin_list>
<bind>
<opcode="load(27) " fcode="load"/>
<opset="window_V_600_1_i_load/3 "/>
</bind>
</comp>

<comp id="2106" class="1004" name="window_V_601_1_i_load_load_fu_2106">
<pin_list>
<pin id="2107" dir="0" index="0" bw="8" slack="2"/>
<pin id="2108" dir="1" index="1" bw="8" slack="0"/>
</pin_list>
<bind>
<opcode="load(27) " fcode="load"/>
<opset="window_V_601_1_i_load/3 "/>
</bind>
</comp>

<comp id="2110" class="1004" name="window_V_602_1_i_load_load_fu_2110">
<pin_list>
<pin id="2111" dir="0" index="0" bw="8" slack="2"/>
<pin id="2112" dir="1" index="1" bw="8" slack="0"/>
</pin_list>
<bind>
<opcode="load(27) " fcode="load"/>
<opset="window_V_602_1_i_load/3 "/>
</bind>
</comp>

<comp id="2114" class="1004" name="window_V_603_1_i_load_load_fu_2114">
<pin_list>
<pin id="2115" dir="0" index="0" bw="8" slack="2"/>
<pin id="2116" dir="1" index="1" bw="8" slack="0"/>
</pin_list>
<bind>
<opcode="load(27) " fcode="load"/>
<opset="window_V_603_1_i_load/3 "/>
</bind>
</comp>

<comp id="2118" class="1004" name="window_V_604_1_i_load_load_fu_2118">
<pin_list>
<pin id="2119" dir="0" index="0" bw="8" slack="2"/>
<pin id="2120" dir="1" index="1" bw="8" slack="0"/>
</pin_list>
<bind>
<opcode="load(27) " fcode="load"/>
<opset="window_V_604_1_i_load/3 "/>
</bind>
</comp>

<comp id="2122" class="1004" name="window_V_605_1_i_load_load_fu_2122">
<pin_list>
<pin id="2123" dir="0" index="0" bw="8" slack="2"/>
<pin id="2124" dir="1" index="1" bw="8" slack="0"/>
</pin_list>
<bind>
<opcode="load(27) " fcode="load"/>
<opset="window_V_605_1_i_load/3 "/>
</bind>
</comp>

<comp id="2126" class="1004" name="window_V_606_1_i_load_load_fu_2126">
<pin_list>
<pin id="2127" dir="0" index="0" bw="8" slack="2"/>
<pin id="2128" dir="1" index="1" bw="8" slack="0"/>
</pin_list>
<bind>
<opcode="load(27) " fcode="load"/>
<opset="window_V_606_1_i_load/3 "/>
</bind>
</comp>

<comp id="2130" class="1004" name="window_V_607_1_i_load_load_fu_2130">
<pin_list>
<pin id="2131" dir="0" index="0" bw="8" slack="2"/>
<pin id="2132" dir="1" index="1" bw="8" slack="0"/>
</pin_list>
<bind>
<opcode="load(27) " fcode="load"/>
<opset="window_V_607_1_i_load/3 "/>
</bind>
</comp>

<comp id="2134" class="1004" name="window_V_608_1_i_load_load_fu_2134">
<pin_list>
<pin id="2135" dir="0" index="0" bw="8" slack="2"/>
<pin id="2136" dir="1" index="1" bw="8" slack="0"/>
</pin_list>
<bind>
<opcode="load(27) " fcode="load"/>
<opset="window_V_608_1_i_load/3 "/>
</bind>
</comp>

<comp id="2138" class="1004" name="window_V_609_1_i_load_load_fu_2138">
<pin_list>
<pin id="2139" dir="0" index="0" bw="8" slack="2"/>
<pin id="2140" dir="1" index="1" bw="8" slack="0"/>
</pin_list>
<bind>
<opcode="load(27) " fcode="load"/>
<opset="window_V_609_1_i_load/3 "/>
</bind>
</comp>

<comp id="2142" class="1004" name="window_V_610_1_i_load_load_fu_2142">
<pin_list>
<pin id="2143" dir="0" index="0" bw="8" slack="2"/>
<pin id="2144" dir="1" index="1" bw="8" slack="0"/>
</pin_list>
<bind>
<opcode="load(27) " fcode="load"/>
<opset="window_V_610_1_i_load/3 "/>
</bind>
</comp>

<comp id="2146" class="1004" name="window_V_611_1_i_load_load_fu_2146">
<pin_list>
<pin id="2147" dir="0" index="0" bw="8" slack="2"/>
<pin id="2148" dir="1" index="1" bw="8" slack="0"/>
</pin_list>
<bind>
<opcode="load(27) " fcode="load"/>
<opset="window_V_611_1_i_load/3 "/>
</bind>
</comp>

<comp id="2150" class="1004" name="window_V_612_1_i_load_load_fu_2150">
<pin_list>
<pin id="2151" dir="0" index="0" bw="8" slack="2"/>
<pin id="2152" dir="1" index="1" bw="8" slack="0"/>
</pin_list>
<bind>
<opcode="load(27) " fcode="load"/>
<opset="window_V_612_1_i_load/3 "/>
</bind>
</comp>

<comp id="2154" class="1004" name="window_V_613_1_i_load_load_fu_2154">
<pin_list>
<pin id="2155" dir="0" index="0" bw="8" slack="2"/>
<pin id="2156" dir="1" index="1" bw="8" slack="0"/>
</pin_list>
<bind>
<opcode="load(27) " fcode="load"/>
<opset="window_V_613_1_i_load/3 "/>
</bind>
</comp>

<comp id="2158" class="1004" name="window_V_614_1_i_load_load_fu_2158">
<pin_list>
<pin id="2159" dir="0" index="0" bw="8" slack="2"/>
<pin id="2160" dir="1" index="1" bw="8" slack="0"/>
</pin_list>
<bind>
<opcode="load(27) " fcode="load"/>
<opset="window_V_614_1_i_load/3 "/>
</bind>
</comp>

<comp id="2162" class="1004" name="window_V_615_1_i_load_load_fu_2162">
<pin_list>
<pin id="2163" dir="0" index="0" bw="8" slack="2"/>
<pin id="2164" dir="1" index="1" bw="8" slack="0"/>
</pin_list>
<bind>
<opcode="load(27) " fcode="load"/>
<opset="window_V_615_1_i_load/3 "/>
</bind>
</comp>

<comp id="2166" class="1004" name="window_V_616_1_i_load_load_fu_2166">
<pin_list>
<pin id="2167" dir="0" index="0" bw="8" slack="2"/>
<pin id="2168" dir="1" index="1" bw="8" slack="0"/>
</pin_list>
<bind>
<opcode="load(27) " fcode="load"/>
<opset="window_V_616_1_i_load/3 "/>
</bind>
</comp>

<comp id="2170" class="1004" name="window_V_617_1_i_load_load_fu_2170">
<pin_list>
<pin id="2171" dir="0" index="0" bw="8" slack="2"/>
<pin id="2172" dir="1" index="1" bw="8" slack="0"/>
</pin_list>
<bind>
<opcode="load(27) " fcode="load"/>
<opset="window_V_617_1_i_load/3 "/>
</bind>
</comp>

<comp id="2174" class="1004" name="window_V_618_1_i_load_load_fu_2174">
<pin_list>
<pin id="2175" dir="0" index="0" bw="8" slack="2"/>
<pin id="2176" dir="1" index="1" bw="8" slack="0"/>
</pin_list>
<bind>
<opcode="load(27) " fcode="load"/>
<opset="window_V_618_1_i_load/3 "/>
</bind>
</comp>

<comp id="2178" class="1004" name="window_V_619_1_i_load_load_fu_2178">
<pin_list>
<pin id="2179" dir="0" index="0" bw="8" slack="2"/>
<pin id="2180" dir="1" index="1" bw="8" slack="0"/>
</pin_list>
<bind>
<opcode="load(27) " fcode="load"/>
<opset="window_V_619_1_i_load/3 "/>
</bind>
</comp>

<comp id="2182" class="1004" name="window_V_620_1_i_load_load_fu_2182">
<pin_list>
<pin id="2183" dir="0" index="0" bw="8" slack="2"/>
<pin id="2184" dir="1" index="1" bw="8" slack="0"/>
</pin_list>
<bind>
<opcode="load(27) " fcode="load"/>
<opset="window_V_620_1_i_load/3 "/>
</bind>
</comp>

<comp id="2186" class="1004" name="window_V_621_1_i_load_load_fu_2186">
<pin_list>
<pin id="2187" dir="0" index="0" bw="8" slack="2"/>
<pin id="2188" dir="1" index="1" bw="8" slack="0"/>
</pin_list>
<bind>
<opcode="load(27) " fcode="load"/>
<opset="window_V_621_1_i_load/3 "/>
</bind>
</comp>

<comp id="2190" class="1004" name="window_V_622_1_i_load_load_fu_2190">
<pin_list>
<pin id="2191" dir="0" index="0" bw="8" slack="2"/>
<pin id="2192" dir="1" index="1" bw="8" slack="0"/>
</pin_list>
<bind>
<opcode="load(27) " fcode="load"/>
<opset="window_V_622_1_i_load/3 "/>
</bind>
</comp>

<comp id="2194" class="1004" name="window_V_623_1_i_load_load_fu_2194">
<pin_list>
<pin id="2195" dir="0" index="0" bw="8" slack="2"/>
<pin id="2196" dir="1" index="1" bw="8" slack="0"/>
</pin_list>
<bind>
<opcode="load(27) " fcode="load"/>
<opset="window_V_623_1_i_load/3 "/>
</bind>
</comp>

<comp id="2198" class="1004" name="window_V_624_1_i_load_load_fu_2198">
<pin_list>
<pin id="2199" dir="0" index="0" bw="8" slack="2"/>
<pin id="2200" dir="1" index="1" bw="8" slack="0"/>
</pin_list>
<bind>
<opcode="load(27) " fcode="load"/>
<opset="window_V_624_1_i_load/3 "/>
</bind>
</comp>

<comp id="2202" class="1004" name="window_V_625_1_i_load_load_fu_2202">
<pin_list>
<pin id="2203" dir="0" index="0" bw="8" slack="2"/>
<pin id="2204" dir="1" index="1" bw="8" slack="0"/>
</pin_list>
<bind>
<opcode="load(27) " fcode="load"/>
<opset="window_V_625_1_i_load/3 "/>
</bind>
</comp>

<comp id="2206" class="1004" name="window_V_626_1_i_load_load_fu_2206">
<pin_list>
<pin id="2207" dir="0" index="0" bw="8" slack="2"/>
<pin id="2208" dir="1" index="1" bw="8" slack="0"/>
</pin_list>
<bind>
<opcode="load(27) " fcode="load"/>
<opset="window_V_626_1_i_load/3 "/>
</bind>
</comp>

<comp id="2210" class="1004" name="window_V_627_1_i_load_load_fu_2210">
<pin_list>
<pin id="2211" dir="0" index="0" bw="8" slack="2"/>
<pin id="2212" dir="1" index="1" bw="8" slack="0"/>
</pin_list>
<bind>
<opcode="load(27) " fcode="load"/>
<opset="window_V_627_1_i_load/3 "/>
</bind>
</comp>

<comp id="2214" class="1004" name="window_V_628_1_i_load_load_fu_2214">
<pin_list>
<pin id="2215" dir="0" index="0" bw="8" slack="2"/>
<pin id="2216" dir="1" index="1" bw="8" slack="0"/>
</pin_list>
<bind>
<opcode="load(27) " fcode="load"/>
<opset="window_V_628_1_i_load/3 "/>
</bind>
</comp>

<comp id="2218" class="1004" name="window_V_629_1_i_load_load_fu_2218">
<pin_list>
<pin id="2219" dir="0" index="0" bw="8" slack="2"/>
<pin id="2220" dir="1" index="1" bw="8" slack="0"/>
</pin_list>
<bind>
<opcode="load(27) " fcode="load"/>
<opset="window_V_629_1_i_load/3 "/>
</bind>
</comp>

<comp id="2222" class="1004" name="window_V_630_1_i_load_load_fu_2222">
<pin_list>
<pin id="2223" dir="0" index="0" bw="8" slack="2"/>
<pin id="2224" dir="1" index="1" bw="8" slack="0"/>
</pin_list>
<bind>
<opcode="load(27) " fcode="load"/>
<opset="window_V_630_1_i_load/3 "/>
</bind>
</comp>

<comp id="2226" class="1004" name="window_V_631_1_i_load_load_fu_2226">
<pin_list>
<pin id="2227" dir="0" index="0" bw="8" slack="2"/>
<pin id="2228" dir="1" index="1" bw="8" slack="0"/>
</pin_list>
<bind>
<opcode="load(27) " fcode="load"/>
<opset="window_V_631_1_i_load/3 "/>
</bind>
</comp>

<comp id="2230" class="1004" name="window_V_632_1_i_load_load_fu_2230">
<pin_list>
<pin id="2231" dir="0" index="0" bw="8" slack="2"/>
<pin id="2232" dir="1" index="1" bw="8" slack="0"/>
</pin_list>
<bind>
<opcode="load(27) " fcode="load"/>
<opset="window_V_632_1_i_load/3 "/>
</bind>
</comp>

<comp id="2234" class="1004" name="window_V_633_1_i_load_load_fu_2234">
<pin_list>
<pin id="2235" dir="0" index="0" bw="8" slack="2"/>
<pin id="2236" dir="1" index="1" bw="8" slack="0"/>
</pin_list>
<bind>
<opcode="load(27) " fcode="load"/>
<opset="window_V_633_1_i_load/3 "/>
</bind>
</comp>

<comp id="2238" class="1004" name="window_V_634_1_i_load_load_fu_2238">
<pin_list>
<pin id="2239" dir="0" index="0" bw="8" slack="2"/>
<pin id="2240" dir="1" index="1" bw="8" slack="0"/>
</pin_list>
<bind>
<opcode="load(27) " fcode="load"/>
<opset="window_V_634_1_i_load/3 "/>
</bind>
</comp>

<comp id="2242" class="1004" name="window_V_635_1_i_load_load_fu_2242">
<pin_list>
<pin id="2243" dir="0" index="0" bw="8" slack="2"/>
<pin id="2244" dir="1" index="1" bw="8" slack="0"/>
</pin_list>
<bind>
<opcode="load(27) " fcode="load"/>
<opset="window_V_635_1_i_load/3 "/>
</bind>
</comp>

<comp id="2246" class="1004" name="window_V_636_1_i_load_load_fu_2246">
<pin_list>
<pin id="2247" dir="0" index="0" bw="8" slack="2"/>
<pin id="2248" dir="1" index="1" bw="8" slack="0"/>
</pin_list>
<bind>
<opcode="load(27) " fcode="load"/>
<opset="window_V_636_1_i_load/3 "/>
</bind>
</comp>

<comp id="2250" class="1004" name="window_V_637_1_i_load_load_fu_2250">
<pin_list>
<pin id="2251" dir="0" index="0" bw="8" slack="2"/>
<pin id="2252" dir="1" index="1" bw="8" slack="0"/>
</pin_list>
<bind>
<opcode="load(27) " fcode="load"/>
<opset="window_V_637_1_i_load/3 "/>
</bind>
</comp>

<comp id="2254" class="1004" name="window_V_638_1_i_load_load_fu_2254">
<pin_list>
<pin id="2255" dir="0" index="0" bw="8" slack="2"/>
<pin id="2256" dir="1" index="1" bw="8" slack="0"/>
</pin_list>
<bind>
<opcode="load(27) " fcode="load"/>
<opset="window_V_638_1_i_load/3 "/>
</bind>
</comp>

<comp id="2258" class="1004" name="window_V_639_1_i_load_load_fu_2258">
<pin_list>
<pin id="2259" dir="0" index="0" bw="8" slack="2"/>
<pin id="2260" dir="1" index="1" bw="8" slack="0"/>
</pin_list>
<bind>
<opcode="load(27) " fcode="load"/>
<opset="window_V_639_1_i_load/3 "/>
</bind>
</comp>

<comp id="2262" class="1004" name="window_V_640_1_i_load_load_fu_2262">
<pin_list>
<pin id="2263" dir="0" index="0" bw="8" slack="2"/>
<pin id="2264" dir="1" index="1" bw="8" slack="0"/>
</pin_list>
<bind>
<opcode="load(27) " fcode="load"/>
<opset="window_V_640_1_i_load/3 "/>
</bind>
</comp>

<comp id="2266" class="1004" name="window_V_641_1_i_load_load_fu_2266">
<pin_list>
<pin id="2267" dir="0" index="0" bw="8" slack="2"/>
<pin id="2268" dir="1" index="1" bw="8" slack="0"/>
</pin_list>
<bind>
<opcode="load(27) " fcode="load"/>
<opset="window_V_641_1_i_load/3 "/>
</bind>
</comp>

<comp id="2270" class="1004" name="window_V_642_1_i_load_load_fu_2270">
<pin_list>
<pin id="2271" dir="0" index="0" bw="8" slack="2"/>
<pin id="2272" dir="1" index="1" bw="8" slack="0"/>
</pin_list>
<bind>
<opcode="load(27) " fcode="load"/>
<opset="window_V_642_1_i_load/3 "/>
</bind>
</comp>

<comp id="2274" class="1004" name="window_V_643_1_i_load_load_fu_2274">
<pin_list>
<pin id="2275" dir="0" index="0" bw="8" slack="2"/>
<pin id="2276" dir="1" index="1" bw="8" slack="0"/>
</pin_list>
<bind>
<opcode="load(27) " fcode="load"/>
<opset="window_V_643_1_i_load/3 "/>
</bind>
</comp>

<comp id="2278" class="1004" name="window_V_644_1_i_load_load_fu_2278">
<pin_list>
<pin id="2279" dir="0" index="0" bw="8" slack="2"/>
<pin id="2280" dir="1" index="1" bw="8" slack="0"/>
</pin_list>
<bind>
<opcode="load(27) " fcode="load"/>
<opset="window_V_644_1_i_load/3 "/>
</bind>
</comp>

<comp id="2282" class="1004" name="window_V_645_1_i_load_load_fu_2282">
<pin_list>
<pin id="2283" dir="0" index="0" bw="8" slack="2"/>
<pin id="2284" dir="1" index="1" bw="8" slack="0"/>
</pin_list>
<bind>
<opcode="load(27) " fcode="load"/>
<opset="window_V_645_1_i_load/3 "/>
</bind>
</comp>

<comp id="2286" class="1004" name="window_V_646_1_i_load_load_fu_2286">
<pin_list>
<pin id="2287" dir="0" index="0" bw="8" slack="2"/>
<pin id="2288" dir="1" index="1" bw="8" slack="0"/>
</pin_list>
<bind>
<opcode="load(27) " fcode="load"/>
<opset="window_V_646_1_i_load/3 "/>
</bind>
</comp>

<comp id="2290" class="1004" name="window_V_647_1_i_load_load_fu_2290">
<pin_list>
<pin id="2291" dir="0" index="0" bw="8" slack="2"/>
<pin id="2292" dir="1" index="1" bw="8" slack="0"/>
</pin_list>
<bind>
<opcode="load(27) " fcode="load"/>
<opset="window_V_647_1_i_load/3 "/>
</bind>
</comp>

<comp id="2294" class="1004" name="window_V_648_1_i_load_load_fu_2294">
<pin_list>
<pin id="2295" dir="0" index="0" bw="8" slack="2"/>
<pin id="2296" dir="1" index="1" bw="8" slack="0"/>
</pin_list>
<bind>
<opcode="load(27) " fcode="load"/>
<opset="window_V_648_1_i_load/3 "/>
</bind>
</comp>

<comp id="2298" class="1004" name="window_V_649_1_i_load_load_fu_2298">
<pin_list>
<pin id="2299" dir="0" index="0" bw="8" slack="2"/>
<pin id="2300" dir="1" index="1" bw="8" slack="0"/>
</pin_list>
<bind>
<opcode="load(27) " fcode="load"/>
<opset="window_V_649_1_i_load/3 "/>
</bind>
</comp>

<comp id="2302" class="1004" name="window_V_650_1_i_load_load_fu_2302">
<pin_list>
<pin id="2303" dir="0" index="0" bw="8" slack="2"/>
<pin id="2304" dir="1" index="1" bw="8" slack="0"/>
</pin_list>
<bind>
<opcode="load(27) " fcode="load"/>
<opset="window_V_650_1_i_load/3 "/>
</bind>
</comp>

<comp id="2306" class="1004" name="window_V_651_1_i_load_load_fu_2306">
<pin_list>
<pin id="2307" dir="0" index="0" bw="8" slack="2"/>
<pin id="2308" dir="1" index="1" bw="8" slack="0"/>
</pin_list>
<bind>
<opcode="load(27) " fcode="load"/>
<opset="window_V_651_1_i_load/3 "/>
</bind>
</comp>

<comp id="2310" class="1004" name="window_V_652_1_i_load_load_fu_2310">
<pin_list>
<pin id="2311" dir="0" index="0" bw="8" slack="2"/>
<pin id="2312" dir="1" index="1" bw="8" slack="0"/>
</pin_list>
<bind>
<opcode="load(27) " fcode="load"/>
<opset="window_V_652_1_i_load/3 "/>
</bind>
</comp>

<comp id="2314" class="1004" name="window_V_653_1_i_load_load_fu_2314">
<pin_list>
<pin id="2315" dir="0" index="0" bw="8" slack="2"/>
<pin id="2316" dir="1" index="1" bw="8" slack="0"/>
</pin_list>
<bind>
<opcode="load(27) " fcode="load"/>
<opset="window_V_653_1_i_load/3 "/>
</bind>
</comp>

<comp id="2318" class="1004" name="window_V_654_1_i_load_load_fu_2318">
<pin_list>
<pin id="2319" dir="0" index="0" bw="8" slack="2"/>
<pin id="2320" dir="1" index="1" bw="8" slack="0"/>
</pin_list>
<bind>
<opcode="load(27) " fcode="load"/>
<opset="window_V_654_1_i_load/3 "/>
</bind>
</comp>

<comp id="2322" class="1004" name="window_V_655_1_i_load_load_fu_2322">
<pin_list>
<pin id="2323" dir="0" index="0" bw="8" slack="2"/>
<pin id="2324" dir="1" index="1" bw="8" slack="0"/>
</pin_list>
<bind>
<opcode="load(27) " fcode="load"/>
<opset="window_V_655_1_i_load/3 "/>
</bind>
</comp>

<comp id="2326" class="1004" name="window_V_656_1_i_load_load_fu_2326">
<pin_list>
<pin id="2327" dir="0" index="0" bw="8" slack="2"/>
<pin id="2328" dir="1" index="1" bw="8" slack="0"/>
</pin_list>
<bind>
<opcode="load(27) " fcode="load"/>
<opset="window_V_656_1_i_load/3 "/>
</bind>
</comp>

<comp id="2330" class="1004" name="icmp_ln37_fu_2330">
<pin_list>
<pin id="2331" dir="0" index="0" bw="5" slack="0"/>
<pin id="2332" dir="0" index="1" bw="5" slack="0"/>
<pin id="2333" dir="1" index="2" bw="1" slack="0"/>
</pin_list>
<bind>
<opcode="icmp(45) " fcode="icmp"/>
<opset="icmp_ln37/3 "/>
</bind>
</comp>

<comp id="2336" class="1004" name="select_ln36_fu_2336">
<pin_list>
<pin id="2337" dir="0" index="0" bw="1" slack="0"/>
<pin id="2338" dir="0" index="1" bw="5" slack="0"/>
<pin id="2339" dir="0" index="2" bw="5" slack="0"/>
<pin id="2340" dir="1" index="3" bw="5" slack="0"/>
</pin_list>
<bind>
<opcode="select(49) " fcode="select"/>
<opset="select_ln36/3 "/>
</bind>
</comp>

<comp id="2345" class="1004" name="window_V_230_loc_load_load_fu_2345">
<pin_list>
<pin id="2346" dir="0" index="0" bw="8" slack="4"/>
<pin id="2347" dir="1" index="1" bw="8" slack="2147483647"/>
</pin_list>
<bind>
<opcode="load(27) " fcode="load"/>
<opset="window_V_230_loc_load/5 "/>
</bind>
</comp>

<comp id="2348" class="1004" name="window_V_229_loc_load_load_fu_2348">
<pin_list>
<pin id="2349" dir="0" index="0" bw="8" slack="4"/>
<pin id="2350" dir="1" index="1" bw="8" slack="2147483647"/>
</pin_list>
<bind>
<opcode="load(27) " fcode="load"/>
<opset="window_V_229_loc_load/5 "/>
</bind>
</comp>

<comp id="2351" class="1004" name="window_V_654_2_i_loc_load_load_fu_2351">
<pin_list>
<pin id="2352" dir="0" index="0" bw="8" slack="4"/>
<pin id="2353" dir="1" index="1" bw="8" slack="2147483647"/>
</pin_list>
<bind>
<opcode="load(27) " fcode="load"/>
<opset="window_V_654_2_i_loc_load/5 "/>
</bind>
</comp>

<comp id="2354" class="1004" name="window_V_228_loc_load_load_fu_2354">
<pin_list>
<pin id="2355" dir="0" index="0" bw="8" slack="4"/>
<pin id="2356" dir="1" index="1" bw="8" slack="2147483647"/>
</pin_list>
<bind>
<opcode="load(27) " fcode="load"/>
<opset="window_V_228_loc_load/5 "/>
</bind>
</comp>

<comp id="2357" class="1004" name="window_V_227_loc_load_load_fu_2357">
<pin_list>
<pin id="2358" dir="0" index="0" bw="8" slack="4"/>
<pin id="2359" dir="1" index="1" bw="8" slack="2147483647"/>
</pin_list>
<bind>
<opcode="load(27) " fcode="load"/>
<opset="window_V_227_loc_load/5 "/>
</bind>
</comp>

<comp id="2360" class="1004" name="window_V_651_2_i_loc_load_load_fu_2360">
<pin_list>
<pin id="2361" dir="0" index="0" bw="8" slack="4"/>
<pin id="2362" dir="1" index="1" bw="8" slack="2147483647"/>
</pin_list>
<bind>
<opcode="load(27) " fcode="load"/>
<opset="window_V_651_2_i_loc_load/5 "/>
</bind>
</comp>

<comp id="2363" class="1004" name="window_V_226_loc_load_load_fu_2363">
<pin_list>
<pin id="2364" dir="0" index="0" bw="8" slack="4"/>
<pin id="2365" dir="1" index="1" bw="8" slack="2147483647"/>
</pin_list>
<bind>
<opcode="load(27) " fcode="load"/>
<opset="window_V_226_loc_load/5 "/>
</bind>
</comp>

<comp id="2366" class="1004" name="window_V_649_2_i_loc_load_load_fu_2366">
<pin_list>
<pin id="2367" dir="0" index="0" bw="8" slack="4"/>
<pin id="2368" dir="1" index="1" bw="8" slack="2147483647"/>
</pin_list>
<bind>
<opcode="load(27) " fcode="load"/>
<opset="window_V_649_2_i_loc_load/5 "/>
</bind>
</comp>

<comp id="2369" class="1004" name="window_V_648_2_i_loc_load_load_fu_2369">
<pin_list>
<pin id="2370" dir="0" index="0" bw="8" slack="4"/>
<pin id="2371" dir="1" index="1" bw="8" slack="2147483647"/>
</pin_list>
<bind>
<opcode="load(27) " fcode="load"/>
<opset="window_V_648_2_i_loc_load/5 "/>
</bind>
</comp>

<comp id="2372" class="1004" name="window_V_336_loc_load_load_fu_2372">
<pin_list>
<pin id="2373" dir="0" index="0" bw="8" slack="4"/>
<pin id="2374" dir="1" index="1" bw="8" slack="2147483647"/>
</pin_list>
<bind>
<opcode="load(27) " fcode="load"/>
<opset="window_V_336_loc_load/5 "/>
</bind>
</comp>

<comp id="2375" class="1004" name="window_V_335_loc_load_load_fu_2375">
<pin_list>
<pin id="2376" dir="0" index="0" bw="8" slack="4"/>
<pin id="2377" dir="1" index="1" bw="8" slack="2147483647"/>
</pin_list>
<bind>
<opcode="load(27) " fcode="load"/>
<opset="window_V_335_loc_load/5 "/>
</bind>
</comp>

<comp id="2378" class="1004" name="window_V_645_2_i_loc_load_load_fu_2378">
<pin_list>
<pin id="2379" dir="0" index="0" bw="8" slack="4"/>
<pin id="2380" dir="1" index="1" bw="8" slack="2147483647"/>
</pin_list>
<bind>
<opcode="load(27) " fcode="load"/>
<opset="window_V_645_2_i_loc_load/5 "/>
</bind>
</comp>

<comp id="2381" class="1004" name="window_V_334_loc_load_load_fu_2381">
<pin_list>
<pin id="2382" dir="0" index="0" bw="8" slack="4"/>
<pin id="2383" dir="1" index="1" bw="8" slack="2147483647"/>
</pin_list>
<bind>
<opcode="load(27) " fcode="load"/>
<opset="window_V_334_loc_load/5 "/>
</bind>
</comp>

<comp id="2384" class="1004" name="window_V_333_loc_load_load_fu_2384">
<pin_list>
<pin id="2385" dir="0" index="0" bw="8" slack="4"/>
<pin id="2386" dir="1" index="1" bw="8" slack="2147483647"/>
</pin_list>
<bind>
<opcode="load(27) " fcode="load"/>
<opset="window_V_333_loc_load/5 "/>
</bind>
</comp>

<comp id="2387" class="1004" name="window_V_642_2_i_loc_load_load_fu_2387">
<pin_list>
<pin id="2388" dir="0" index="0" bw="8" slack="4"/>
<pin id="2389" dir="1" index="1" bw="8" slack="2147483647"/>
</pin_list>
<bind>
<opcode="load(27) " fcode="load"/>
<opset="window_V_642_2_i_loc_load/5 "/>
</bind>
</comp>

<comp id="2390" class="1004" name="window_V_332_loc_load_load_fu_2390">
<pin_list>
<pin id="2391" dir="0" index="0" bw="8" slack="4"/>
<pin id="2392" dir="1" index="1" bw="8" slack="2147483647"/>
</pin_list>
<bind>
<opcode="load(27) " fcode="load"/>
<opset="window_V_332_loc_load/5 "/>
</bind>
</comp>

<comp id="2393" class="1004" name="window_V_640_2_i_loc_load_load_fu_2393">
<pin_list>
<pin id="2394" dir="0" index="0" bw="8" slack="4"/>
<pin id="2395" dir="1" index="1" bw="8" slack="2147483647"/>
</pin_list>
<bind>
<opcode="load(27) " fcode="load"/>
<opset="window_V_640_2_i_loc_load/5 "/>
</bind>
</comp>

<comp id="2396" class="1004" name="window_V_639_2_i_loc_load_load_fu_2396">
<pin_list>
<pin id="2397" dir="0" index="0" bw="8" slack="4"/>
<pin id="2398" dir="1" index="1" bw="8" slack="2147483647"/>
</pin_list>
<bind>
<opcode="load(27) " fcode="load"/>
<opset="window_V_639_2_i_loc_load/5 "/>
</bind>
</comp>

<comp id="2399" class="1004" name="window_V_329_loc_load_load_fu_2399">
<pin_list>
<pin id="2400" dir="0" index="0" bw="8" slack="4"/>
<pin id="2401" dir="1" index="1" bw="8" slack="2147483647"/>
</pin_list>
<bind>
<opcode="load(27) " fcode="load"/>
<opset="window_V_329_loc_load/5 "/>
</bind>
</comp>

<comp id="2402" class="1004" name="window_V_328_loc_load_load_fu_2402">
<pin_list>
<pin id="2403" dir="0" index="0" bw="8" slack="4"/>
<pin id="2404" dir="1" index="1" bw="8" slack="2147483647"/>
</pin_list>
<bind>
<opcode="load(27) " fcode="load"/>
<opset="window_V_328_loc_load/5 "/>
</bind>
</comp>

<comp id="2405" class="1004" name="window_V_636_2_i_loc_load_load_fu_2405">
<pin_list>
<pin id="2406" dir="0" index="0" bw="8" slack="4"/>
<pin id="2407" dir="1" index="1" bw="8" slack="2147483647"/>
</pin_list>
<bind>
<opcode="load(27) " fcode="load"/>
<opset="window_V_636_2_i_loc_load/5 "/>
</bind>
</comp>

<comp id="2408" class="1004" name="window_V_327_loc_load_load_fu_2408">
<pin_list>
<pin id="2409" dir="0" index="0" bw="8" slack="4"/>
<pin id="2410" dir="1" index="1" bw="8" slack="2147483647"/>
</pin_list>
<bind>
<opcode="load(27) " fcode="load"/>
<opset="window_V_327_loc_load/5 "/>
</bind>
</comp>

<comp id="2411" class="1004" name="window_V_326_loc_load_load_fu_2411">
<pin_list>
<pin id="2412" dir="0" index="0" bw="8" slack="4"/>
<pin id="2413" dir="1" index="1" bw="8" slack="2147483647"/>
</pin_list>
<bind>
<opcode="load(27) " fcode="load"/>
<opset="window_V_326_loc_load/5 "/>
</bind>
</comp>

<comp id="2414" class="1004" name="window_V_633_2_i_loc_load_load_fu_2414">
<pin_list>
<pin id="2415" dir="0" index="0" bw="8" slack="4"/>
<pin id="2416" dir="1" index="1" bw="8" slack="2147483647"/>
</pin_list>
<bind>
<opcode="load(27) " fcode="load"/>
<opset="window_V_633_2_i_loc_load/5 "/>
</bind>
</comp>

<comp id="2417" class="1004" name="window_V_325_loc_load_load_fu_2417">
<pin_list>
<pin id="2418" dir="0" index="0" bw="8" slack="4"/>
<pin id="2419" dir="1" index="1" bw="8" slack="2147483647"/>
</pin_list>
<bind>
<opcode="load(27) " fcode="load"/>
<opset="window_V_325_loc_load/5 "/>
</bind>
</comp>

<comp id="2420" class="1004" name="window_V_631_2_i_loc_load_load_fu_2420">
<pin_list>
<pin id="2421" dir="0" index="0" bw="8" slack="4"/>
<pin id="2422" dir="1" index="1" bw="8" slack="2147483647"/>
</pin_list>
<bind>
<opcode="load(27) " fcode="load"/>
<opset="window_V_631_2_i_loc_load/5 "/>
</bind>
</comp>

<comp id="2423" class="1004" name="window_V_630_2_i_loc_load_load_fu_2423">
<pin_list>
<pin id="2424" dir="0" index="0" bw="8" slack="4"/>
<pin id="2425" dir="1" index="1" bw="8" slack="2147483647"/>
</pin_list>
<bind>
<opcode="load(27) " fcode="load"/>
<opset="window_V_630_2_i_loc_load/5 "/>
</bind>
</comp>

<comp id="2426" class="1004" name="window_V_322_loc_load_load_fu_2426">
<pin_list>
<pin id="2427" dir="0" index="0" bw="8" slack="4"/>
<pin id="2428" dir="1" index="1" bw="8" slack="2147483647"/>
</pin_list>
<bind>
<opcode="load(27) " fcode="load"/>
<opset="window_V_322_loc_load/5 "/>
</bind>
</comp>

<comp id="2429" class="1004" name="window_V_321_loc_load_load_fu_2429">
<pin_list>
<pin id="2430" dir="0" index="0" bw="8" slack="4"/>
<pin id="2431" dir="1" index="1" bw="8" slack="2147483647"/>
</pin_list>
<bind>
<opcode="load(27) " fcode="load"/>
<opset="window_V_321_loc_load/5 "/>
</bind>
</comp>

<comp id="2432" class="1004" name="window_V_627_2_i_loc_load_load_fu_2432">
<pin_list>
<pin id="2433" dir="0" index="0" bw="8" slack="4"/>
<pin id="2434" dir="1" index="1" bw="8" slack="2147483647"/>
</pin_list>
<bind>
<opcode="load(27) " fcode="load"/>
<opset="window_V_627_2_i_loc_load/5 "/>
</bind>
</comp>

<comp id="2435" class="1004" name="window_V_320_loc_load_load_fu_2435">
<pin_list>
<pin id="2436" dir="0" index="0" bw="8" slack="4"/>
<pin id="2437" dir="1" index="1" bw="8" slack="2147483647"/>
</pin_list>
<bind>
<opcode="load(27) " fcode="load"/>
<opset="window_V_320_loc_load/5 "/>
</bind>
</comp>

<comp id="2438" class="1004" name="window_V_319_loc_load_load_fu_2438">
<pin_list>
<pin id="2439" dir="0" index="0" bw="8" slack="4"/>
<pin id="2440" dir="1" index="1" bw="8" slack="2147483647"/>
</pin_list>
<bind>
<opcode="load(27) " fcode="load"/>
<opset="window_V_319_loc_load/5 "/>
</bind>
</comp>

<comp id="2441" class="1004" name="window_V_624_2_i_loc_load_load_fu_2441">
<pin_list>
<pin id="2442" dir="0" index="0" bw="8" slack="4"/>
<pin id="2443" dir="1" index="1" bw="8" slack="2147483647"/>
</pin_list>
<bind>
<opcode="load(27) " fcode="load"/>
<opset="window_V_624_2_i_loc_load/5 "/>
</bind>
</comp>

<comp id="2444" class="1004" name="window_V_318_loc_load_load_fu_2444">
<pin_list>
<pin id="2445" dir="0" index="0" bw="8" slack="4"/>
<pin id="2446" dir="1" index="1" bw="8" slack="2147483647"/>
</pin_list>
<bind>
<opcode="load(27) " fcode="load"/>
<opset="window_V_318_loc_load/5 "/>
</bind>
</comp>

<comp id="2447" class="1004" name="window_V_622_2_i_loc_load_load_fu_2447">
<pin_list>
<pin id="2448" dir="0" index="0" bw="8" slack="4"/>
<pin id="2449" dir="1" index="1" bw="8" slack="2147483647"/>
</pin_list>
<bind>
<opcode="load(27) " fcode="load"/>
<opset="window_V_622_2_i_loc_load/5 "/>
</bind>
</comp>

<comp id="2450" class="1004" name="window_V_621_2_i_loc_load_load_fu_2450">
<pin_list>
<pin id="2451" dir="0" index="0" bw="8" slack="4"/>
<pin id="2452" dir="1" index="1" bw="8" slack="2147483647"/>
</pin_list>
<bind>
<opcode="load(27) " fcode="load"/>
<opset="window_V_621_2_i_loc_load/5 "/>
</bind>
</comp>

<comp id="2453" class="1004" name="window_V_315_loc_load_load_fu_2453">
<pin_list>
<pin id="2454" dir="0" index="0" bw="8" slack="4"/>
<pin id="2455" dir="1" index="1" bw="8" slack="2147483647"/>
</pin_list>
<bind>
<opcode="load(27) " fcode="load"/>
<opset="window_V_315_loc_load/5 "/>
</bind>
</comp>

<comp id="2456" class="1004" name="window_V_314_loc_load_load_fu_2456">
<pin_list>
<pin id="2457" dir="0" index="0" bw="8" slack="4"/>
<pin id="2458" dir="1" index="1" bw="8" slack="2147483647"/>
</pin_list>
<bind>
<opcode="load(27) " fcode="load"/>
<opset="window_V_314_loc_load/5 "/>
</bind>
</comp>

<comp id="2459" class="1004" name="window_V_618_2_i_loc_load_load_fu_2459">
<pin_list>
<pin id="2460" dir="0" index="0" bw="8" slack="4"/>
<pin id="2461" dir="1" index="1" bw="8" slack="2147483647"/>
</pin_list>
<bind>
<opcode="load(27) " fcode="load"/>
<opset="window_V_618_2_i_loc_load/5 "/>
</bind>
</comp>

<comp id="2462" class="1004" name="window_V_313_loc_load_load_fu_2462">
<pin_list>
<pin id="2463" dir="0" index="0" bw="8" slack="4"/>
<pin id="2464" dir="1" index="1" bw="8" slack="2147483647"/>
</pin_list>
<bind>
<opcode="load(27) " fcode="load"/>
<opset="window_V_313_loc_load/5 "/>
</bind>
</comp>

<comp id="2465" class="1004" name="window_V_312_loc_load_load_fu_2465">
<pin_list>
<pin id="2466" dir="0" index="0" bw="8" slack="4"/>
<pin id="2467" dir="1" index="1" bw="8" slack="2147483647"/>
</pin_list>
<bind>
<opcode="load(27) " fcode="load"/>
<opset="window_V_312_loc_load/5 "/>
</bind>
</comp>

<comp id="2468" class="1004" name="window_V_615_2_i_loc_load_load_fu_2468">
<pin_list>
<pin id="2469" dir="0" index="0" bw="8" slack="4"/>
<pin id="2470" dir="1" index="1" bw="8" slack="2147483647"/>
</pin_list>
<bind>
<opcode="load(27) " fcode="load"/>
<opset="window_V_615_2_i_loc_load/5 "/>
</bind>
</comp>

<comp id="2471" class="1004" name="window_V_311_loc_load_load_fu_2471">
<pin_list>
<pin id="2472" dir="0" index="0" bw="8" slack="4"/>
<pin id="2473" dir="1" index="1" bw="8" slack="2147483647"/>
</pin_list>
<bind>
<opcode="load(27) " fcode="load"/>
<opset="window_V_311_loc_load/5 "/>
</bind>
</comp>

<comp id="2474" class="1004" name="window_V_613_2_i_loc_load_load_fu_2474">
<pin_list>
<pin id="2475" dir="0" index="0" bw="8" slack="4"/>
<pin id="2476" dir="1" index="1" bw="8" slack="2147483647"/>
</pin_list>
<bind>
<opcode="load(27) " fcode="load"/>
<opset="window_V_613_2_i_loc_load/5 "/>
</bind>
</comp>

<comp id="2477" class="1004" name="window_V_612_2_i_loc_load_load_fu_2477">
<pin_list>
<pin id="2478" dir="0" index="0" bw="8" slack="4"/>
<pin id="2479" dir="1" index="1" bw="8" slack="2147483647"/>
</pin_list>
<bind>
<opcode="load(27) " fcode="load"/>
<opset="window_V_612_2_i_loc_load/5 "/>
</bind>
</comp>

<comp id="2480" class="1004" name="window_V_308_loc_load_load_fu_2480">
<pin_list>
<pin id="2481" dir="0" index="0" bw="8" slack="4"/>
<pin id="2482" dir="1" index="1" bw="8" slack="2147483647"/>
</pin_list>
<bind>
<opcode="load(27) " fcode="load"/>
<opset="window_V_308_loc_load/5 "/>
</bind>
</comp>

<comp id="2483" class="1004" name="window_V_307_loc_load_load_fu_2483">
<pin_list>
<pin id="2484" dir="0" index="0" bw="8" slack="4"/>
<pin id="2485" dir="1" index="1" bw="8" slack="2147483647"/>
</pin_list>
<bind>
<opcode="load(27) " fcode="load"/>
<opset="window_V_307_loc_load/5 "/>
</bind>
</comp>

<comp id="2486" class="1004" name="window_V_609_2_i_loc_load_load_fu_2486">
<pin_list>
<pin id="2487" dir="0" index="0" bw="8" slack="4"/>
<pin id="2488" dir="1" index="1" bw="8" slack="2147483647"/>
</pin_list>
<bind>
<opcode="load(27) " fcode="load"/>
<opset="window_V_609_2_i_loc_load/5 "/>
</bind>
</comp>

<comp id="2489" class="1004" name="window_V_306_loc_load_load_fu_2489">
<pin_list>
<pin id="2490" dir="0" index="0" bw="8" slack="4"/>
<pin id="2491" dir="1" index="1" bw="8" slack="2147483647"/>
</pin_list>
<bind>
<opcode="load(27) " fcode="load"/>
<opset="window_V_306_loc_load/5 "/>
</bind>
</comp>

<comp id="2492" class="1004" name="window_V_305_loc_load_load_fu_2492">
<pin_list>
<pin id="2493" dir="0" index="0" bw="8" slack="4"/>
<pin id="2494" dir="1" index="1" bw="8" slack="2147483647"/>
</pin_list>
<bind>
<opcode="load(27) " fcode="load"/>
<opset="window_V_305_loc_load/5 "/>
</bind>
</comp>

<comp id="2495" class="1004" name="window_V_606_2_i_loc_load_load_fu_2495">
<pin_list>
<pin id="2496" dir="0" index="0" bw="8" slack="4"/>
<pin id="2497" dir="1" index="1" bw="8" slack="2147483647"/>
</pin_list>
<bind>
<opcode="load(27) " fcode="load"/>
<opset="window_V_606_2_i_loc_load/5 "/>
</bind>
</comp>

<comp id="2498" class="1004" name="window_V_304_loc_load_load_fu_2498">
<pin_list>
<pin id="2499" dir="0" index="0" bw="8" slack="4"/>
<pin id="2500" dir="1" index="1" bw="8" slack="2147483647"/>
</pin_list>
<bind>
<opcode="load(27) " fcode="load"/>
<opset="window_V_304_loc_load/5 "/>
</bind>
</comp>

<comp id="2501" class="1004" name="window_V_604_2_i_loc_load_load_fu_2501">
<pin_list>
<pin id="2502" dir="0" index="0" bw="8" slack="4"/>
<pin id="2503" dir="1" index="1" bw="8" slack="2147483647"/>
</pin_list>
<bind>
<opcode="load(27) " fcode="load"/>
<opset="window_V_604_2_i_loc_load/5 "/>
</bind>
</comp>

<comp id="2504" class="1004" name="window_V_603_2_i_loc_load_load_fu_2504">
<pin_list>
<pin id="2505" dir="0" index="0" bw="8" slack="4"/>
<pin id="2506" dir="1" index="1" bw="8" slack="2147483647"/>
</pin_list>
<bind>
<opcode="load(27) " fcode="load"/>
<opset="window_V_603_2_i_loc_load/5 "/>
</bind>
</comp>

<comp id="2507" class="1004" name="window_V_301_loc_load_load_fu_2507">
<pin_list>
<pin id="2508" dir="0" index="0" bw="8" slack="4"/>
<pin id="2509" dir="1" index="1" bw="8" slack="2147483647"/>
</pin_list>
<bind>
<opcode="load(27) " fcode="load"/>
<opset="window_V_301_loc_load/5 "/>
</bind>
</comp>

<comp id="2510" class="1004" name="window_V_300_loc_load_load_fu_2510">
<pin_list>
<pin id="2511" dir="0" index="0" bw="8" slack="4"/>
<pin id="2512" dir="1" index="1" bw="8" slack="2147483647"/>
</pin_list>
<bind>
<opcode="load(27) " fcode="load"/>
<opset="window_V_300_loc_load/5 "/>
</bind>
</comp>

<comp id="2513" class="1004" name="window_V_600_2_i_loc_load_load_fu_2513">
<pin_list>
<pin id="2514" dir="0" index="0" bw="8" slack="4"/>
<pin id="2515" dir="1" index="1" bw="8" slack="2147483647"/>
</pin_list>
<bind>
<opcode="load(27) " fcode="load"/>
<opset="window_V_600_2_i_loc_load/5 "/>
</bind>
</comp>

<comp id="2516" class="1004" name="window_V_299_loc_load_load_fu_2516">
<pin_list>
<pin id="2517" dir="0" index="0" bw="8" slack="4"/>
<pin id="2518" dir="1" index="1" bw="8" slack="2147483647"/>
</pin_list>
<bind>
<opcode="load(27) " fcode="load"/>
<opset="window_V_299_loc_load/5 "/>
</bind>
</comp>

<comp id="2519" class="1004" name="window_V_298_loc_load_load_fu_2519">
<pin_list>
<pin id="2520" dir="0" index="0" bw="8" slack="4"/>
<pin id="2521" dir="1" index="1" bw="8" slack="2147483647"/>
</pin_list>
<bind>
<opcode="load(27) " fcode="load"/>
<opset="window_V_298_loc_load/5 "/>
</bind>
</comp>

<comp id="2522" class="1004" name="window_V_597_2_i_loc_load_load_fu_2522">
<pin_list>
<pin id="2523" dir="0" index="0" bw="8" slack="4"/>
<pin id="2524" dir="1" index="1" bw="8" slack="2147483647"/>
</pin_list>
<bind>
<opcode="load(27) " fcode="load"/>
<opset="window_V_597_2_i_loc_load/5 "/>
</bind>
</comp>

<comp id="2525" class="1004" name="window_V_297_loc_load_load_fu_2525">
<pin_list>
<pin id="2526" dir="0" index="0" bw="8" slack="4"/>
<pin id="2527" dir="1" index="1" bw="8" slack="2147483647"/>
</pin_list>
<bind>
<opcode="load(27) " fcode="load"/>
<opset="window_V_297_loc_load/5 "/>
</bind>
</comp>

<comp id="2528" class="1004" name="window_V_595_2_i_loc_load_load_fu_2528">
<pin_list>
<pin id="2529" dir="0" index="0" bw="8" slack="4"/>
<pin id="2530" dir="1" index="1" bw="8" slack="2147483647"/>
</pin_list>
<bind>
<opcode="load(27) " fcode="load"/>
<opset="window_V_595_2_i_loc_load/5 "/>
</bind>
</comp>

<comp id="2531" class="1004" name="window_V_594_2_i_loc_load_load_fu_2531">
<pin_list>
<pin id="2532" dir="0" index="0" bw="8" slack="4"/>
<pin id="2533" dir="1" index="1" bw="8" slack="2147483647"/>
</pin_list>
<bind>
<opcode="load(27) " fcode="load"/>
<opset="window_V_594_2_i_loc_load/5 "/>
</bind>
</comp>

<comp id="2534" class="1004" name="window_V_294_loc_load_load_fu_2534">
<pin_list>
<pin id="2535" dir="0" index="0" bw="8" slack="4"/>
<pin id="2536" dir="1" index="1" bw="8" slack="2147483647"/>
</pin_list>
<bind>
<opcode="load(27) " fcode="load"/>
<opset="window_V_294_loc_load/5 "/>
</bind>
</comp>

<comp id="2537" class="1004" name="window_V_293_loc_load_load_fu_2537">
<pin_list>
<pin id="2538" dir="0" index="0" bw="8" slack="4"/>
<pin id="2539" dir="1" index="1" bw="8" slack="2147483647"/>
</pin_list>
<bind>
<opcode="load(27) " fcode="load"/>
<opset="window_V_293_loc_load/5 "/>
</bind>
</comp>

<comp id="2540" class="1004" name="window_V_591_2_i_loc_load_load_fu_2540">
<pin_list>
<pin id="2541" dir="0" index="0" bw="8" slack="4"/>
<pin id="2542" dir="1" index="1" bw="8" slack="2147483647"/>
</pin_list>
<bind>
<opcode="load(27) " fcode="load"/>
<opset="window_V_591_2_i_loc_load/5 "/>
</bind>
</comp>

<comp id="2543" class="1004" name="window_V_292_loc_load_load_fu_2543">
<pin_list>
<pin id="2544" dir="0" index="0" bw="8" slack="4"/>
<pin id="2545" dir="1" index="1" bw="8" slack="2147483647"/>
</pin_list>
<bind>
<opcode="load(27) " fcode="load"/>
<opset="window_V_292_loc_load/5 "/>
</bind>
</comp>

<comp id="2546" class="1004" name="window_V_291_loc_load_load_fu_2546">
<pin_list>
<pin id="2547" dir="0" index="0" bw="8" slack="4"/>
<pin id="2548" dir="1" index="1" bw="8" slack="2147483647"/>
</pin_list>
<bind>
<opcode="load(27) " fcode="load"/>
<opset="window_V_291_loc_load/5 "/>
</bind>
</comp>

<comp id="2549" class="1004" name="window_V_588_2_i_loc_load_load_fu_2549">
<pin_list>
<pin id="2550" dir="0" index="0" bw="8" slack="4"/>
<pin id="2551" dir="1" index="1" bw="8" slack="2147483647"/>
</pin_list>
<bind>
<opcode="load(27) " fcode="load"/>
<opset="window_V_588_2_i_loc_load/5 "/>
</bind>
</comp>

<comp id="2552" class="1004" name="window_V_290_loc_load_load_fu_2552">
<pin_list>
<pin id="2553" dir="0" index="0" bw="8" slack="4"/>
<pin id="2554" dir="1" index="1" bw="8" slack="2147483647"/>
</pin_list>
<bind>
<opcode="load(27) " fcode="load"/>
<opset="window_V_290_loc_load/5 "/>
</bind>
</comp>

<comp id="2555" class="1004" name="window_V_586_2_i_loc_load_load_fu_2555">
<pin_list>
<pin id="2556" dir="0" index="0" bw="8" slack="4"/>
<pin id="2557" dir="1" index="1" bw="8" slack="2147483647"/>
</pin_list>
<bind>
<opcode="load(27) " fcode="load"/>
<opset="window_V_586_2_i_loc_load/5 "/>
</bind>
</comp>

<comp id="2558" class="1004" name="window_V_585_2_i_loc_load_load_fu_2558">
<pin_list>
<pin id="2559" dir="0" index="0" bw="8" slack="4"/>
<pin id="2560" dir="1" index="1" bw="8" slack="2147483647"/>
</pin_list>
<bind>
<opcode="load(27) " fcode="load"/>
<opset="window_V_585_2_i_loc_load/5 "/>
</bind>
</comp>

<comp id="2561" class="1004" name="window_V_287_loc_load_load_fu_2561">
<pin_list>
<pin id="2562" dir="0" index="0" bw="8" slack="4"/>
<pin id="2563" dir="1" index="1" bw="8" slack="2147483647"/>
</pin_list>
<bind>
<opcode="load(27) " fcode="load"/>
<opset="window_V_287_loc_load/5 "/>
</bind>
</comp>

<comp id="2564" class="1004" name="window_V_286_loc_load_load_fu_2564">
<pin_list>
<pin id="2565" dir="0" index="0" bw="8" slack="4"/>
<pin id="2566" dir="1" index="1" bw="8" slack="2147483647"/>
</pin_list>
<bind>
<opcode="load(27) " fcode="load"/>
<opset="window_V_286_loc_load/5 "/>
</bind>
</comp>

<comp id="2567" class="1004" name="window_V_582_2_i_loc_load_load_fu_2567">
<pin_list>
<pin id="2568" dir="0" index="0" bw="8" slack="4"/>
<pin id="2569" dir="1" index="1" bw="8" slack="2147483647"/>
</pin_list>
<bind>
<opcode="load(27) " fcode="load"/>
<opset="window_V_582_2_i_loc_load/5 "/>
</bind>
</comp>

<comp id="2570" class="1004" name="window_V_285_loc_load_load_fu_2570">
<pin_list>
<pin id="2571" dir="0" index="0" bw="8" slack="4"/>
<pin id="2572" dir="1" index="1" bw="8" slack="2147483647"/>
</pin_list>
<bind>
<opcode="load(27) " fcode="load"/>
<opset="window_V_285_loc_load/5 "/>
</bind>
</comp>

<comp id="2573" class="1004" name="window_V_284_loc_load_load_fu_2573">
<pin_list>
<pin id="2574" dir="0" index="0" bw="8" slack="4"/>
<pin id="2575" dir="1" index="1" bw="8" slack="2147483647"/>
</pin_list>
<bind>
<opcode="load(27) " fcode="load"/>
<opset="window_V_284_loc_load/5 "/>
</bind>
</comp>

<comp id="2576" class="1004" name="window_V_579_2_i_loc_load_load_fu_2576">
<pin_list>
<pin id="2577" dir="0" index="0" bw="8" slack="4"/>
<pin id="2578" dir="1" index="1" bw="8" slack="2147483647"/>
</pin_list>
<bind>
<opcode="load(27) " fcode="load"/>
<opset="window_V_579_2_i_loc_load/5 "/>
</bind>
</comp>

<comp id="2579" class="1004" name="window_V_283_loc_load_load_fu_2579">
<pin_list>
<pin id="2580" dir="0" index="0" bw="8" slack="4"/>
<pin id="2581" dir="1" index="1" bw="8" slack="2147483647"/>
</pin_list>
<bind>
<opcode="load(27) " fcode="load"/>
<opset="window_V_283_loc_load/5 "/>
</bind>
</comp>

<comp id="2582" class="1004" name="window_V_577_2_i_loc_load_load_fu_2582">
<pin_list>
<pin id="2583" dir="0" index="0" bw="8" slack="4"/>
<pin id="2584" dir="1" index="1" bw="8" slack="2147483647"/>
</pin_list>
<bind>
<opcode="load(27) " fcode="load"/>
<opset="window_V_577_2_i_loc_load/5 "/>
</bind>
</comp>

<comp id="2585" class="1004" name="window_V_576_2_i_loc_load_load_fu_2585">
<pin_list>
<pin id="2586" dir="0" index="0" bw="8" slack="4"/>
<pin id="2587" dir="1" index="1" bw="8" slack="2147483647"/>
</pin_list>
<bind>
<opcode="load(27) " fcode="load"/>
<opset="window_V_576_2_i_loc_load/5 "/>
</bind>
</comp>

<comp id="2588" class="1004" name="window_V_280_loc_load_load_fu_2588">
<pin_list>
<pin id="2589" dir="0" index="0" bw="8" slack="4"/>
<pin id="2590" dir="1" index="1" bw="8" slack="2147483647"/>
</pin_list>
<bind>
<opcode="load(27) " fcode="load"/>
<opset="window_V_280_loc_load/5 "/>
</bind>
</comp>

<comp id="2591" class="1004" name="window_V_279_loc_load_load_fu_2591">
<pin_list>
<pin id="2592" dir="0" index="0" bw="8" slack="4"/>
<pin id="2593" dir="1" index="1" bw="8" slack="2147483647"/>
</pin_list>
<bind>
<opcode="load(27) " fcode="load"/>
<opset="window_V_279_loc_load/5 "/>
</bind>
</comp>

<comp id="2594" class="1004" name="window_V_573_2_i_loc_load_load_fu_2594">
<pin_list>
<pin id="2595" dir="0" index="0" bw="8" slack="4"/>
<pin id="2596" dir="1" index="1" bw="8" slack="2147483647"/>
</pin_list>
<bind>
<opcode="load(27) " fcode="load"/>
<opset="window_V_573_2_i_loc_load/5 "/>
</bind>
</comp>

<comp id="2597" class="1004" name="window_V_278_loc_load_load_fu_2597">
<pin_list>
<pin id="2598" dir="0" index="0" bw="8" slack="4"/>
<pin id="2599" dir="1" index="1" bw="8" slack="2147483647"/>
</pin_list>
<bind>
<opcode="load(27) " fcode="load"/>
<opset="window_V_278_loc_load/5 "/>
</bind>
</comp>

<comp id="2600" class="1004" name="window_V_277_loc_load_load_fu_2600">
<pin_list>
<pin id="2601" dir="0" index="0" bw="8" slack="4"/>
<pin id="2602" dir="1" index="1" bw="8" slack="2147483647"/>
</pin_list>
<bind>
<opcode="load(27) " fcode="load"/>
<opset="window_V_277_loc_load/5 "/>
</bind>
</comp>

<comp id="2603" class="1004" name="window_V_570_2_i_loc_load_load_fu_2603">
<pin_list>
<pin id="2604" dir="0" index="0" bw="8" slack="4"/>
<pin id="2605" dir="1" index="1" bw="8" slack="2147483647"/>
</pin_list>
<bind>
<opcode="load(27) " fcode="load"/>
<opset="window_V_570_2_i_loc_load/5 "/>
</bind>
</comp>

<comp id="2606" class="1004" name="window_V_276_loc_load_load_fu_2606">
<pin_list>
<pin id="2607" dir="0" index="0" bw="8" slack="4"/>
<pin id="2608" dir="1" index="1" bw="8" slack="2147483647"/>
</pin_list>
<bind>
<opcode="load(27) " fcode="load"/>
<opset="window_V_276_loc_load/5 "/>
</bind>
</comp>

<comp id="2609" class="1004" name="window_V_568_2_i_loc_load_load_fu_2609">
<pin_list>
<pin id="2610" dir="0" index="0" bw="8" slack="4"/>
<pin id="2611" dir="1" index="1" bw="8" slack="2147483647"/>
</pin_list>
<bind>
<opcode="load(27) " fcode="load"/>
<opset="window_V_568_2_i_loc_load/5 "/>
</bind>
</comp>

<comp id="2612" class="1004" name="window_V_567_2_i_loc_load_load_fu_2612">
<pin_list>
<pin id="2613" dir="0" index="0" bw="8" slack="4"/>
<pin id="2614" dir="1" index="1" bw="8" slack="2147483647"/>
</pin_list>
<bind>
<opcode="load(27) " fcode="load"/>
<opset="window_V_567_2_i_loc_load/5 "/>
</bind>
</comp>

<comp id="2615" class="1004" name="window_V_273_loc_load_load_fu_2615">
<pin_list>
<pin id="2616" dir="0" index="0" bw="8" slack="4"/>
<pin id="2617" dir="1" index="1" bw="8" slack="2147483647"/>
</pin_list>
<bind>
<opcode="load(27) " fcode="load"/>
<opset="window_V_273_loc_load/5 "/>
</bind>
</comp>

<comp id="2618" class="1004" name="window_V_272_loc_load_load_fu_2618">
<pin_list>
<pin id="2619" dir="0" index="0" bw="8" slack="4"/>
<pin id="2620" dir="1" index="1" bw="8" slack="2147483647"/>
</pin_list>
<bind>
<opcode="load(27) " fcode="load"/>
<opset="window_V_272_loc_load/5 "/>
</bind>
</comp>

<comp id="2621" class="1004" name="window_V_564_2_i_loc_load_load_fu_2621">
<pin_list>
<pin id="2622" dir="0" index="0" bw="8" slack="4"/>
<pin id="2623" dir="1" index="1" bw="8" slack="2147483647"/>
</pin_list>
<bind>
<opcode="load(27) " fcode="load"/>
<opset="window_V_564_2_i_loc_load/5 "/>
</bind>
</comp>

<comp id="2624" class="1004" name="window_V_271_loc_load_load_fu_2624">
<pin_list>
<pin id="2625" dir="0" index="0" bw="8" slack="4"/>
<pin id="2626" dir="1" index="1" bw="8" slack="2147483647"/>
</pin_list>
<bind>
<opcode="load(27) " fcode="load"/>
<opset="window_V_271_loc_load/5 "/>
</bind>
</comp>

<comp id="2627" class="1004" name="window_V_270_loc_load_load_fu_2627">
<pin_list>
<pin id="2628" dir="0" index="0" bw="8" slack="4"/>
<pin id="2629" dir="1" index="1" bw="8" slack="2147483647"/>
</pin_list>
<bind>
<opcode="load(27) " fcode="load"/>
<opset="window_V_270_loc_load/5 "/>
</bind>
</comp>

<comp id="2630" class="1004" name="window_V_561_2_i_loc_load_load_fu_2630">
<pin_list>
<pin id="2631" dir="0" index="0" bw="8" slack="4"/>
<pin id="2632" dir="1" index="1" bw="8" slack="2147483647"/>
</pin_list>
<bind>
<opcode="load(27) " fcode="load"/>
<opset="window_V_561_2_i_loc_load/5 "/>
</bind>
</comp>

<comp id="2633" class="1004" name="window_V_269_loc_load_load_fu_2633">
<pin_list>
<pin id="2634" dir="0" index="0" bw="8" slack="4"/>
<pin id="2635" dir="1" index="1" bw="8" slack="2147483647"/>
</pin_list>
<bind>
<opcode="load(27) " fcode="load"/>
<opset="window_V_269_loc_load/5 "/>
</bind>
</comp>

<comp id="2636" class="1004" name="window_V_559_2_i_loc_load_load_fu_2636">
<pin_list>
<pin id="2637" dir="0" index="0" bw="8" slack="4"/>
<pin id="2638" dir="1" index="1" bw="8" slack="2147483647"/>
</pin_list>
<bind>
<opcode="load(27) " fcode="load"/>
<opset="window_V_559_2_i_loc_load/5 "/>
</bind>
</comp>

<comp id="2639" class="1004" name="window_V_558_2_i_loc_load_load_fu_2639">
<pin_list>
<pin id="2640" dir="0" index="0" bw="8" slack="4"/>
<pin id="2641" dir="1" index="1" bw="8" slack="2147483647"/>
</pin_list>
<bind>
<opcode="load(27) " fcode="load"/>
<opset="window_V_558_2_i_loc_load/5 "/>
</bind>
</comp>

<comp id="2642" class="1004" name="window_V_266_loc_load_load_fu_2642">
<pin_list>
<pin id="2643" dir="0" index="0" bw="8" slack="4"/>
<pin id="2644" dir="1" index="1" bw="8" slack="2147483647"/>
</pin_list>
<bind>
<opcode="load(27) " fcode="load"/>
<opset="window_V_266_loc_load/5 "/>
</bind>
</comp>

<comp id="2645" class="1004" name="window_V_265_loc_load_load_fu_2645">
<pin_list>
<pin id="2646" dir="0" index="0" bw="8" slack="4"/>
<pin id="2647" dir="1" index="1" bw="8" slack="2147483647"/>
</pin_list>
<bind>
<opcode="load(27) " fcode="load"/>
<opset="window_V_265_loc_load/5 "/>
</bind>
</comp>

<comp id="2648" class="1004" name="window_V_555_2_i_loc_load_load_fu_2648">
<pin_list>
<pin id="2649" dir="0" index="0" bw="8" slack="4"/>
<pin id="2650" dir="1" index="1" bw="8" slack="2147483647"/>
</pin_list>
<bind>
<opcode="load(27) " fcode="load"/>
<opset="window_V_555_2_i_loc_load/5 "/>
</bind>
</comp>

<comp id="2651" class="1004" name="window_V_264_loc_load_load_fu_2651">
<pin_list>
<pin id="2652" dir="0" index="0" bw="8" slack="4"/>
<pin id="2653" dir="1" index="1" bw="8" slack="2147483647"/>
</pin_list>
<bind>
<opcode="load(27) " fcode="load"/>
<opset="window_V_264_loc_load/5 "/>
</bind>
</comp>

<comp id="2654" class="1004" name="window_V_263_loc_load_load_fu_2654">
<pin_list>
<pin id="2655" dir="0" index="0" bw="8" slack="4"/>
<pin id="2656" dir="1" index="1" bw="8" slack="2147483647"/>
</pin_list>
<bind>
<opcode="load(27) " fcode="load"/>
<opset="window_V_263_loc_load/5 "/>
</bind>
</comp>

<comp id="2657" class="1004" name="window_V_552_2_i_loc_load_load_fu_2657">
<pin_list>
<pin id="2658" dir="0" index="0" bw="8" slack="4"/>
<pin id="2659" dir="1" index="1" bw="8" slack="2147483647"/>
</pin_list>
<bind>
<opcode="load(27) " fcode="load"/>
<opset="window_V_552_2_i_loc_load/5 "/>
</bind>
</comp>

<comp id="2660" class="1004" name="window_V_262_loc_load_load_fu_2660">
<pin_list>
<pin id="2661" dir="0" index="0" bw="8" slack="4"/>
<pin id="2662" dir="1" index="1" bw="8" slack="2147483647"/>
</pin_list>
<bind>
<opcode="load(27) " fcode="load"/>
<opset="window_V_262_loc_load/5 "/>
</bind>
</comp>

<comp id="2663" class="1004" name="window_V_550_2_i_loc_load_load_fu_2663">
<pin_list>
<pin id="2664" dir="0" index="0" bw="8" slack="4"/>
<pin id="2665" dir="1" index="1" bw="8" slack="2147483647"/>
</pin_list>
<bind>
<opcode="load(27) " fcode="load"/>
<opset="window_V_550_2_i_loc_load/5 "/>
</bind>
</comp>

<comp id="2666" class="1004" name="window_V_549_2_i_loc_load_load_fu_2666">
<pin_list>
<pin id="2667" dir="0" index="0" bw="8" slack="4"/>
<pin id="2668" dir="1" index="1" bw="8" slack="2147483647"/>
</pin_list>
<bind>
<opcode="load(27) " fcode="load"/>
<opset="window_V_549_2_i_loc_load/5 "/>
</bind>
</comp>

<comp id="2669" class="1004" name="window_V_259_loc_load_load_fu_2669">
<pin_list>
<pin id="2670" dir="0" index="0" bw="8" slack="4"/>
<pin id="2671" dir="1" index="1" bw="8" slack="2147483647"/>
</pin_list>
<bind>
<opcode="load(27) " fcode="load"/>
<opset="window_V_259_loc_load/5 "/>
</bind>
</comp>

<comp id="2672" class="1004" name="window_V_258_loc_load_load_fu_2672">
<pin_list>
<pin id="2673" dir="0" index="0" bw="8" slack="4"/>
<pin id="2674" dir="1" index="1" bw="8" slack="2147483647"/>
</pin_list>
<bind>
<opcode="load(27) " fcode="load"/>
<opset="window_V_258_loc_load/5 "/>
</bind>
</comp>

<comp id="2675" class="1004" name="window_V_546_2_i_loc_load_load_fu_2675">
<pin_list>
<pin id="2676" dir="0" index="0" bw="8" slack="4"/>
<pin id="2677" dir="1" index="1" bw="8" slack="2147483647"/>
</pin_list>
<bind>
<opcode="load(27) " fcode="load"/>
<opset="window_V_546_2_i_loc_load/5 "/>
</bind>
</comp>

<comp id="2678" class="1004" name="window_V_257_loc_load_load_fu_2678">
<pin_list>
<pin id="2679" dir="0" index="0" bw="8" slack="4"/>
<pin id="2680" dir="1" index="1" bw="8" slack="2147483647"/>
</pin_list>
<bind>
<opcode="load(27) " fcode="load"/>
<opset="window_V_257_loc_load/5 "/>
</bind>
</comp>

<comp id="2681" class="1004" name="window_V_256_loc_load_load_fu_2681">
<pin_list>
<pin id="2682" dir="0" index="0" bw="8" slack="4"/>
<pin id="2683" dir="1" index="1" bw="8" slack="2147483647"/>
</pin_list>
<bind>
<opcode="load(27) " fcode="load"/>
<opset="window_V_256_loc_load/5 "/>
</bind>
</comp>

<comp id="2684" class="1004" name="window_V_543_2_i_loc_load_load_fu_2684">
<pin_list>
<pin id="2685" dir="0" index="0" bw="8" slack="4"/>
<pin id="2686" dir="1" index="1" bw="8" slack="2147483647"/>
</pin_list>
<bind>
<opcode="load(27) " fcode="load"/>
<opset="window_V_543_2_i_loc_load/5 "/>
</bind>
</comp>

<comp id="2687" class="1004" name="window_V_255_loc_load_load_fu_2687">
<pin_list>
<pin id="2688" dir="0" index="0" bw="8" slack="4"/>
<pin id="2689" dir="1" index="1" bw="8" slack="2147483647"/>
</pin_list>
<bind>
<opcode="load(27) " fcode="load"/>
<opset="window_V_255_loc_load/5 "/>
</bind>
</comp>

<comp id="2690" class="1004" name="window_V_541_2_i_loc_load_load_fu_2690">
<pin_list>
<pin id="2691" dir="0" index="0" bw="8" slack="4"/>
<pin id="2692" dir="1" index="1" bw="8" slack="2147483647"/>
</pin_list>
<bind>
<opcode="load(27) " fcode="load"/>
<opset="window_V_541_2_i_loc_load/5 "/>
</bind>
</comp>

<comp id="2693" class="1004" name="window_V_540_2_i_loc_load_load_fu_2693">
<pin_list>
<pin id="2694" dir="0" index="0" bw="8" slack="4"/>
<pin id="2695" dir="1" index="1" bw="8" slack="2147483647"/>
</pin_list>
<bind>
<opcode="load(27) " fcode="load"/>
<opset="window_V_540_2_i_loc_load/5 "/>
</bind>
</comp>

<comp id="2696" class="1004" name="window_V_252_loc_load_load_fu_2696">
<pin_list>
<pin id="2697" dir="0" index="0" bw="8" slack="4"/>
<pin id="2698" dir="1" index="1" bw="8" slack="2147483647"/>
</pin_list>
<bind>
<opcode="load(27) " fcode="load"/>
<opset="window_V_252_loc_load/5 "/>
</bind>
</comp>

<comp id="2699" class="1004" name="window_V_251_loc_load_load_fu_2699">
<pin_list>
<pin id="2700" dir="0" index="0" bw="8" slack="4"/>
<pin id="2701" dir="1" index="1" bw="8" slack="2147483647"/>
</pin_list>
<bind>
<opcode="load(27) " fcode="load"/>
<opset="window_V_251_loc_load/5 "/>
</bind>
</comp>

<comp id="2702" class="1004" name="window_V_537_2_i_loc_load_load_fu_2702">
<pin_list>
<pin id="2703" dir="0" index="0" bw="8" slack="4"/>
<pin id="2704" dir="1" index="1" bw="8" slack="2147483647"/>
</pin_list>
<bind>
<opcode="load(27) " fcode="load"/>
<opset="window_V_537_2_i_loc_load/5 "/>
</bind>
</comp>

<comp id="2705" class="1004" name="window_V_250_loc_load_load_fu_2705">
<pin_list>
<pin id="2706" dir="0" index="0" bw="8" slack="4"/>
<pin id="2707" dir="1" index="1" bw="8" slack="2147483647"/>
</pin_list>
<bind>
<opcode="load(27) " fcode="load"/>
<opset="window_V_250_loc_load/5 "/>
</bind>
</comp>

<comp id="2708" class="1004" name="window_V_249_loc_load_load_fu_2708">
<pin_list>
<pin id="2709" dir="0" index="0" bw="8" slack="4"/>
<pin id="2710" dir="1" index="1" bw="8" slack="2147483647"/>
</pin_list>
<bind>
<opcode="load(27) " fcode="load"/>
<opset="window_V_249_loc_load/5 "/>
</bind>
</comp>

<comp id="2711" class="1004" name="window_V_534_2_i_loc_load_load_fu_2711">
<pin_list>
<pin id="2712" dir="0" index="0" bw="8" slack="4"/>
<pin id="2713" dir="1" index="1" bw="8" slack="2147483647"/>
</pin_list>
<bind>
<opcode="load(27) " fcode="load"/>
<opset="window_V_534_2_i_loc_load/5 "/>
</bind>
</comp>

<comp id="2714" class="1004" name="window_V_248_loc_load_load_fu_2714">
<pin_list>
<pin id="2715" dir="0" index="0" bw="8" slack="4"/>
<pin id="2716" dir="1" index="1" bw="8" slack="2147483647"/>
</pin_list>
<bind>
<opcode="load(27) " fcode="load"/>
<opset="window_V_248_loc_load/5 "/>
</bind>
</comp>

<comp id="2717" class="1004" name="window_V_532_2_i_loc_load_load_fu_2717">
<pin_list>
<pin id="2718" dir="0" index="0" bw="8" slack="4"/>
<pin id="2719" dir="1" index="1" bw="8" slack="2147483647"/>
</pin_list>
<bind>
<opcode="load(27) " fcode="load"/>
<opset="window_V_532_2_i_loc_load/5 "/>
</bind>
</comp>

<comp id="2720" class="1004" name="window_V_531_2_i_loc_load_load_fu_2720">
<pin_list>
<pin id="2721" dir="0" index="0" bw="8" slack="4"/>
<pin id="2722" dir="1" index="1" bw="8" slack="2147483647"/>
</pin_list>
<bind>
<opcode="load(27) " fcode="load"/>
<opset="window_V_531_2_i_loc_load/5 "/>
</bind>
</comp>

<comp id="2723" class="1004" name="window_V_245_loc_load_load_fu_2723">
<pin_list>
<pin id="2724" dir="0" index="0" bw="8" slack="4"/>
<pin id="2725" dir="1" index="1" bw="8" slack="2147483647"/>
</pin_list>
<bind>
<opcode="load(27) " fcode="load"/>
<opset="window_V_245_loc_load/5 "/>
</bind>
</comp>

<comp id="2726" class="1004" name="window_V_244_loc_load_load_fu_2726">
<pin_list>
<pin id="2727" dir="0" index="0" bw="8" slack="4"/>
<pin id="2728" dir="1" index="1" bw="8" slack="2147483647"/>
</pin_list>
<bind>
<opcode="load(27) " fcode="load"/>
<opset="window_V_244_loc_load/5 "/>
</bind>
</comp>

<comp id="2729" class="1004" name="window_V_528_2_i_loc_load_load_fu_2729">
<pin_list>
<pin id="2730" dir="0" index="0" bw="8" slack="4"/>
<pin id="2731" dir="1" index="1" bw="8" slack="2147483647"/>
</pin_list>
<bind>
<opcode="load(27) " fcode="load"/>
<opset="window_V_528_2_i_loc_load/5 "/>
</bind>
</comp>

<comp id="2732" class="1004" name="window_V_243_loc_load_load_fu_2732">
<pin_list>
<pin id="2733" dir="0" index="0" bw="8" slack="4"/>
<pin id="2734" dir="1" index="1" bw="8" slack="2147483647"/>
</pin_list>
<bind>
<opcode="load(27) " fcode="load"/>
<opset="window_V_243_loc_load/5 "/>
</bind>
</comp>

<comp id="2735" class="1004" name="window_V_242_loc_load_load_fu_2735">
<pin_list>
<pin id="2736" dir="0" index="0" bw="8" slack="4"/>
<pin id="2737" dir="1" index="1" bw="8" slack="2147483647"/>
</pin_list>
<bind>
<opcode="load(27) " fcode="load"/>
<opset="window_V_242_loc_load/5 "/>
</bind>
</comp>

<comp id="2738" class="1004" name="window_V_525_2_i_loc_load_load_fu_2738">
<pin_list>
<pin id="2739" dir="0" index="0" bw="8" slack="4"/>
<pin id="2740" dir="1" index="1" bw="8" slack="2147483647"/>
</pin_list>
<bind>
<opcode="load(27) " fcode="load"/>
<opset="window_V_525_2_i_loc_load/5 "/>
</bind>
</comp>

<comp id="2741" class="1004" name="window_V_241_loc_load_load_fu_2741">
<pin_list>
<pin id="2742" dir="0" index="0" bw="8" slack="4"/>
<pin id="2743" dir="1" index="1" bw="8" slack="2147483647"/>
</pin_list>
<bind>
<opcode="load(27) " fcode="load"/>
<opset="window_V_241_loc_load/5 "/>
</bind>
</comp>

<comp id="2744" class="1004" name="window_V_523_2_i_loc_load_load_fu_2744">
<pin_list>
<pin id="2745" dir="0" index="0" bw="8" slack="4"/>
<pin id="2746" dir="1" index="1" bw="8" slack="2147483647"/>
</pin_list>
<bind>
<opcode="load(27) " fcode="load"/>
<opset="window_V_523_2_i_loc_load/5 "/>
</bind>
</comp>

<comp id="2747" class="1004" name="window_V_522_2_i_loc_load_load_fu_2747">
<pin_list>
<pin id="2748" dir="0" index="0" bw="8" slack="4"/>
<pin id="2749" dir="1" index="1" bw="8" slack="2147483647"/>
</pin_list>
<bind>
<opcode="load(27) " fcode="load"/>
<opset="window_V_522_2_i_loc_load/5 "/>
</bind>
</comp>

<comp id="2750" class="1004" name="window_V_238_loc_load_load_fu_2750">
<pin_list>
<pin id="2751" dir="0" index="0" bw="8" slack="4"/>
<pin id="2752" dir="1" index="1" bw="8" slack="2147483647"/>
</pin_list>
<bind>
<opcode="load(27) " fcode="load"/>
<opset="window_V_238_loc_load/5 "/>
</bind>
</comp>

<comp id="2753" class="1004" name="window_V_237_loc_load_load_fu_2753">
<pin_list>
<pin id="2754" dir="0" index="0" bw="8" slack="4"/>
<pin id="2755" dir="1" index="1" bw="8" slack="2147483647"/>
</pin_list>
<bind>
<opcode="load(27) " fcode="load"/>
<opset="window_V_237_loc_load/5 "/>
</bind>
</comp>

<comp id="2756" class="1004" name="window_V_519_2_i_loc_load_load_fu_2756">
<pin_list>
<pin id="2757" dir="0" index="0" bw="8" slack="4"/>
<pin id="2758" dir="1" index="1" bw="8" slack="2147483647"/>
</pin_list>
<bind>
<opcode="load(27) " fcode="load"/>
<opset="window_V_519_2_i_loc_load/5 "/>
</bind>
</comp>

<comp id="2759" class="1004" name="window_V_236_loc_load_load_fu_2759">
<pin_list>
<pin id="2760" dir="0" index="0" bw="8" slack="4"/>
<pin id="2761" dir="1" index="1" bw="8" slack="2147483647"/>
</pin_list>
<bind>
<opcode="load(27) " fcode="load"/>
<opset="window_V_236_loc_load/5 "/>
</bind>
</comp>

<comp id="2762" class="1004" name="window_V_235_loc_load_load_fu_2762">
<pin_list>
<pin id="2763" dir="0" index="0" bw="8" slack="4"/>
<pin id="2764" dir="1" index="1" bw="8" slack="2147483647"/>
</pin_list>
<bind>
<opcode="load(27) " fcode="load"/>
<opset="window_V_235_loc_load/5 "/>
</bind>
</comp>

<comp id="2765" class="1004" name="window_V_516_2_i_loc_load_load_fu_2765">
<pin_list>
<pin id="2766" dir="0" index="0" bw="8" slack="4"/>
<pin id="2767" dir="1" index="1" bw="8" slack="2147483647"/>
</pin_list>
<bind>
<opcode="load(27) " fcode="load"/>
<opset="window_V_516_2_i_loc_load/5 "/>
</bind>
</comp>

<comp id="2768" class="1004" name="window_V_234_loc_load_load_fu_2768">
<pin_list>
<pin id="2769" dir="0" index="0" bw="8" slack="4"/>
<pin id="2770" dir="1" index="1" bw="8" slack="2147483647"/>
</pin_list>
<bind>
<opcode="load(27) " fcode="load"/>
<opset="window_V_234_loc_load/5 "/>
</bind>
</comp>

<comp id="2771" class="1004" name="window_V_514_2_i_loc_load_load_fu_2771">
<pin_list>
<pin id="2772" dir="0" index="0" bw="8" slack="4"/>
<pin id="2773" dir="1" index="1" bw="8" slack="2147483647"/>
</pin_list>
<bind>
<opcode="load(27) " fcode="load"/>
<opset="window_V_514_2_i_loc_load/5 "/>
</bind>
</comp>

<comp id="2774" class="1004" name="window_V_2_i_loc_load_load_fu_2774">
<pin_list>
<pin id="2775" dir="0" index="0" bw="8" slack="4"/>
<pin id="2776" dir="1" index="1" bw="8" slack="2147483647"/>
</pin_list>
<bind>
<opcode="load(27) " fcode="load"/>
<opset="window_V_2_i_loc_load/5 "/>
</bind>
</comp>

<comp id="2777" class="1004" name="icmp_ln64_fu_2777">
<pin_list>
<pin id="2778" dir="0" index="0" bw="6" slack="0"/>
<pin id="2779" dir="0" index="1" bw="6" slack="0"/>
<pin id="2780" dir="1" index="2" bw="1" slack="2147483647"/>
</pin_list>
<bind>
<opcode="icmp(45) " fcode="icmp"/>
<opset="icmp_ln64/6 "/>
</bind>
</comp>

<comp id="2783" class="1004" name="add_ln64_fu_2783">
<pin_list>
<pin id="2784" dir="0" index="0" bw="6" slack="0"/>
<pin id="2785" dir="0" index="1" bw="1" slack="0"/>
<pin id="2786" dir="1" index="2" bw="6" slack="0"/>
</pin_list>
<bind>
<opcode="add(8) " fcode="add"/>
<opset="add_ln64/6 "/>
</bind>
</comp>

<comp id="2789" class="1004" name="zext_ln64_fu_2789">
<pin_list>
<pin id="2790" dir="0" index="0" bw="6" slack="0"/>
<pin id="2791" dir="1" index="1" bw="64" slack="0"/>
</pin_list>
<bind>
<opcode="zext(34) " fcode="zext"/>
<opset="zext_ln64/6 "/>
</bind>
</comp>

<comp id="2794" class="1004" name="trunc_ln76_fu_2794">
<pin_list>
<pin id="2795" dir="0" index="0" bw="6" slack="0"/>
<pin id="2796" dir="1" index="1" bw="5" slack="1"/>
</pin_list>
<bind>
<opcode="trunc(33) " fcode="trunc"/>
<opset="trunc_ln76/6 "/>
</bind>
</comp>

<comp id="2798" class="1004" name="add_ln37_fu_2798">
<pin_list>
<pin id="2799" dir="0" index="0" bw="5" slack="3"/>
<pin id="2800" dir="0" index="1" bw="1" slack="0"/>
<pin id="2801" dir="1" index="2" bw="5" slack="0"/>
</pin_list>
<bind>
<opcode="add(8) " fcode="add"/>
<opset="add_ln37/6 "/>
</bind>
</comp>

<comp id="2803" class="1004" name="store_ln37_store_fu_2803">
<pin_list>
<pin id="2804" dir="0" index="0" bw="9" slack="3"/>
<pin id="2805" dir="0" index="1" bw="9" slack="5"/>
<pin id="2806" dir="1" index="2" bw="0" slack="2147483647"/>
</pin_list>
<bind>
<opcode="store(28) " fcode="store"/>
<opset="store_ln37/6 "/>
</bind>
</comp>

<comp id="2807" class="1004" name="store_ln37_store_fu_2807">
<pin_list>
<pin id="2808" dir="0" index="0" bw="8" slack="2147483647"/>
<pin id="2809" dir="0" index="1" bw="8" slack="5"/>
<pin id="2810" dir="1" index="2" bw="0" slack="2147483647"/>
</pin_list>
<bind>
<opcode="store(28) " fcode="store"/>
<opset="store_ln37/6 "/>
</bind>
</comp>

<comp id="2811" class="1004" name="store_ln37_store_fu_2811">
<pin_list>
<pin id="2812" dir="0" index="0" bw="8" slack="2147483647"/>
<pin id="2813" dir="0" index="1" bw="8" slack="5"/>
<pin id="2814" dir="1" index="2" bw="0" slack="2147483647"/>
</pin_list>
<bind>
<opcode="store(28) " fcode="store"/>
<opset="store_ln37/6 "/>
</bind>
</comp>

<comp id="2815" class="1004" name="store_ln37_store_fu_2815">
<pin_list>
<pin id="2816" dir="0" index="0" bw="8" slack="2147483647"/>
<pin id="2817" dir="0" index="1" bw="8" slack="5"/>
<pin id="2818" dir="1" index="2" bw="0" slack="2147483647"/>
</pin_list>
<bind>
<opcode="store(28) " fcode="store"/>
<opset="store_ln37/6 "/>
</bind>
</comp>

<comp id="2819" class="1004" name="store_ln37_store_fu_2819">
<pin_list>
<pin id="2820" dir="0" index="0" bw="8" slack="2147483647"/>
<pin id="2821" dir="0" index="1" bw="8" slack="5"/>
<pin id="2822" dir="1" index="2" bw="0" slack="2147483647"/>
</pin_list>
<bind>
<opcode="store(28) " fcode="store"/>
<opset="store_ln37/6 "/>
</bind>
</comp>

<comp id="2823" class="1004" name="store_ln37_store_fu_2823">
<pin_list>
<pin id="2824" dir="0" index="0" bw="8" slack="2147483647"/>
<pin id="2825" dir="0" index="1" bw="8" slack="5"/>
<pin id="2826" dir="1" index="2" bw="0" slack="2147483647"/>
</pin_list>
<bind>
<opcode="store(28) " fcode="store"/>
<opset="store_ln37/6 "/>
</bind>
</comp>

<comp id="2827" class="1004" name="store_ln37_store_fu_2827">
<pin_list>
<pin id="2828" dir="0" index="0" bw="8" slack="2147483647"/>
<pin id="2829" dir="0" index="1" bw="8" slack="5"/>
<pin id="2830" dir="1" index="2" bw="0" slack="2147483647"/>
</pin_list>
<bind>
<opcode="store(28) " fcode="store"/>
<opset="store_ln37/6 "/>
</bind>
</comp>

<comp id="2831" class="1004" name="store_ln37_store_fu_2831">
<pin_list>
<pin id="2832" dir="0" index="0" bw="8" slack="2147483647"/>
<pin id="2833" dir="0" index="1" bw="8" slack="5"/>
<pin id="2834" dir="1" index="2" bw="0" slack="2147483647"/>
</pin_list>
<bind>
<opcode="store(28) " fcode="store"/>
<opset="store_ln37/6 "/>
</bind>
</comp>

<comp id="2835" class="1004" name="store_ln37_store_fu_2835">
<pin_list>
<pin id="2836" dir="0" index="0" bw="8" slack="2147483647"/>
<pin id="2837" dir="0" index="1" bw="8" slack="5"/>
<pin id="2838" dir="1" index="2" bw="0" slack="2147483647"/>
</pin_list>
<bind>
<opcode="store(28) " fcode="store"/>
<opset="store_ln37/6 "/>
</bind>
</comp>

<comp id="2839" class="1004" name="store_ln37_store_fu_2839">
<pin_list>
<pin id="2840" dir="0" index="0" bw="8" slack="2147483647"/>
<pin id="2841" dir="0" index="1" bw="8" slack="5"/>
<pin id="2842" dir="1" index="2" bw="0" slack="2147483647"/>
</pin_list>
<bind>
<opcode="store(28) " fcode="store"/>
<opset="store_ln37/6 "/>
</bind>
</comp>

<comp id="2843" class="1004" name="store_ln37_store_fu_2843">
<pin_list>
<pin id="2844" dir="0" index="0" bw="8" slack="2147483647"/>
<pin id="2845" dir="0" index="1" bw="8" slack="5"/>
<pin id="2846" dir="1" index="2" bw="0" slack="2147483647"/>
</pin_list>
<bind>
<opcode="store(28) " fcode="store"/>
<opset="store_ln37/6 "/>
</bind>
</comp>

<comp id="2847" class="1004" name="store_ln37_store_fu_2847">
<pin_list>
<pin id="2848" dir="0" index="0" bw="8" slack="2147483647"/>
<pin id="2849" dir="0" index="1" bw="8" slack="5"/>
<pin id="2850" dir="1" index="2" bw="0" slack="2147483647"/>
</pin_list>
<bind>
<opcode="store(28) " fcode="store"/>
<opset="store_ln37/6 "/>
</bind>
</comp>

<comp id="2851" class="1004" name="store_ln37_store_fu_2851">
<pin_list>
<pin id="2852" dir="0" index="0" bw="8" slack="2147483647"/>
<pin id="2853" dir="0" index="1" bw="8" slack="5"/>
<pin id="2854" dir="1" index="2" bw="0" slack="2147483647"/>
</pin_list>
<bind>
<opcode="store(28) " fcode="store"/>
<opset="store_ln37/6 "/>
</bind>
</comp>

<comp id="2855" class="1004" name="store_ln37_store_fu_2855">
<pin_list>
<pin id="2856" dir="0" index="0" bw="8" slack="2147483647"/>
<pin id="2857" dir="0" index="1" bw="8" slack="5"/>
<pin id="2858" dir="1" index="2" bw="0" slack="2147483647"/>
</pin_list>
<bind>
<opcode="store(28) " fcode="store"/>
<opset="store_ln37/6 "/>
</bind>
</comp>

<comp id="2859" class="1004" name="store_ln37_store_fu_2859">
<pin_list>
<pin id="2860" dir="0" index="0" bw="8" slack="2147483647"/>
<pin id="2861" dir="0" index="1" bw="8" slack="5"/>
<pin id="2862" dir="1" index="2" bw="0" slack="2147483647"/>
</pin_list>
<bind>
<opcode="store(28) " fcode="store"/>
<opset="store_ln37/6 "/>
</bind>
</comp>

<comp id="2863" class="1004" name="store_ln37_store_fu_2863">
<pin_list>
<pin id="2864" dir="0" index="0" bw="8" slack="2147483647"/>
<pin id="2865" dir="0" index="1" bw="8" slack="5"/>
<pin id="2866" dir="1" index="2" bw="0" slack="2147483647"/>
</pin_list>
<bind>
<opcode="store(28) " fcode="store"/>
<opset="store_ln37/6 "/>
</bind>
</comp>

<comp id="2867" class="1004" name="store_ln37_store_fu_2867">
<pin_list>
<pin id="2868" dir="0" index="0" bw="8" slack="2147483647"/>
<pin id="2869" dir="0" index="1" bw="8" slack="5"/>
<pin id="2870" dir="1" index="2" bw="0" slack="2147483647"/>
</pin_list>
<bind>
<opcode="store(28) " fcode="store"/>
<opset="store_ln37/6 "/>
</bind>
</comp>

<comp id="2871" class="1004" name="store_ln37_store_fu_2871">
<pin_list>
<pin id="2872" dir="0" index="0" bw="8" slack="2147483647"/>
<pin id="2873" dir="0" index="1" bw="8" slack="5"/>
<pin id="2874" dir="1" index="2" bw="0" slack="2147483647"/>
</pin_list>
<bind>
<opcode="store(28) " fcode="store"/>
<opset="store_ln37/6 "/>
</bind>
</comp>

<comp id="2875" class="1004" name="store_ln37_store_fu_2875">
<pin_list>
<pin id="2876" dir="0" index="0" bw="8" slack="2147483647"/>
<pin id="2877" dir="0" index="1" bw="8" slack="5"/>
<pin id="2878" dir="1" index="2" bw="0" slack="2147483647"/>
</pin_list>
<bind>
<opcode="store(28) " fcode="store"/>
<opset="store_ln37/6 "/>
</bind>
</comp>

<comp id="2879" class="1004" name="store_ln37_store_fu_2879">
<pin_list>
<pin id="2880" dir="0" index="0" bw="8" slack="2147483647"/>
<pin id="2881" dir="0" index="1" bw="8" slack="5"/>
<pin id="2882" dir="1" index="2" bw="0" slack="2147483647"/>
</pin_list>
<bind>
<opcode="store(28) " fcode="store"/>
<opset="store_ln37/6 "/>
</bind>
</comp>

<comp id="2883" class="1004" name="store_ln37_store_fu_2883">
<pin_list>
<pin id="2884" dir="0" index="0" bw="8" slack="2147483647"/>
<pin id="2885" dir="0" index="1" bw="8" slack="5"/>
<pin id="2886" dir="1" index="2" bw="0" slack="2147483647"/>
</pin_list>
<bind>
<opcode="store(28) " fcode="store"/>
<opset="store_ln37/6 "/>
</bind>
</comp>

<comp id="2887" class="1004" name="store_ln37_store_fu_2887">
<pin_list>
<pin id="2888" dir="0" index="0" bw="8" slack="2147483647"/>
<pin id="2889" dir="0" index="1" bw="8" slack="5"/>
<pin id="2890" dir="1" index="2" bw="0" slack="2147483647"/>
</pin_list>
<bind>
<opcode="store(28) " fcode="store"/>
<opset="store_ln37/6 "/>
</bind>
</comp>

<comp id="2891" class="1004" name="store_ln37_store_fu_2891">
<pin_list>
<pin id="2892" dir="0" index="0" bw="8" slack="2147483647"/>
<pin id="2893" dir="0" index="1" bw="8" slack="5"/>
<pin id="2894" dir="1" index="2" bw="0" slack="2147483647"/>
</pin_list>
<bind>
<opcode="store(28) " fcode="store"/>
<opset="store_ln37/6 "/>
</bind>
</comp>

<comp id="2895" class="1004" name="store_ln37_store_fu_2895">
<pin_list>
<pin id="2896" dir="0" index="0" bw="8" slack="2147483647"/>
<pin id="2897" dir="0" index="1" bw="8" slack="5"/>
<pin id="2898" dir="1" index="2" bw="0" slack="2147483647"/>
</pin_list>
<bind>
<opcode="store(28) " fcode="store"/>
<opset="store_ln37/6 "/>
</bind>
</comp>

<comp id="2899" class="1004" name="store_ln37_store_fu_2899">
<pin_list>
<pin id="2900" dir="0" index="0" bw="8" slack="2147483647"/>
<pin id="2901" dir="0" index="1" bw="8" slack="5"/>
<pin id="2902" dir="1" index="2" bw="0" slack="2147483647"/>
</pin_list>
<bind>
<opcode="store(28) " fcode="store"/>
<opset="store_ln37/6 "/>
</bind>
</comp>

<comp id="2903" class="1004" name="store_ln37_store_fu_2903">
<pin_list>
<pin id="2904" dir="0" index="0" bw="8" slack="2147483647"/>
<pin id="2905" dir="0" index="1" bw="8" slack="5"/>
<pin id="2906" dir="1" index="2" bw="0" slack="2147483647"/>
</pin_list>
<bind>
<opcode="store(28) " fcode="store"/>
<opset="store_ln37/6 "/>
</bind>
</comp>

<comp id="2907" class="1004" name="store_ln37_store_fu_2907">
<pin_list>
<pin id="2908" dir="0" index="0" bw="8" slack="2147483647"/>
<pin id="2909" dir="0" index="1" bw="8" slack="5"/>
<pin id="2910" dir="1" index="2" bw="0" slack="2147483647"/>
</pin_list>
<bind>
<opcode="store(28) " fcode="store"/>
<opset="store_ln37/6 "/>
</bind>
</comp>

<comp id="2911" class="1004" name="store_ln37_store_fu_2911">
<pin_list>
<pin id="2912" dir="0" index="0" bw="8" slack="2147483647"/>
<pin id="2913" dir="0" index="1" bw="8" slack="5"/>
<pin id="2914" dir="1" index="2" bw="0" slack="2147483647"/>
</pin_list>
<bind>
<opcode="store(28) " fcode="store"/>
<opset="store_ln37/6 "/>
</bind>
</comp>

<comp id="2915" class="1004" name="store_ln37_store_fu_2915">
<pin_list>
<pin id="2916" dir="0" index="0" bw="8" slack="2147483647"/>
<pin id="2917" dir="0" index="1" bw="8" slack="5"/>
<pin id="2918" dir="1" index="2" bw="0" slack="2147483647"/>
</pin_list>
<bind>
<opcode="store(28) " fcode="store"/>
<opset="store_ln37/6 "/>
</bind>
</comp>

<comp id="2919" class="1004" name="store_ln37_store_fu_2919">
<pin_list>
<pin id="2920" dir="0" index="0" bw="8" slack="2147483647"/>
<pin id="2921" dir="0" index="1" bw="8" slack="5"/>
<pin id="2922" dir="1" index="2" bw="0" slack="2147483647"/>
</pin_list>
<bind>
<opcode="store(28) " fcode="store"/>
<opset="store_ln37/6 "/>
</bind>
</comp>

<comp id="2923" class="1004" name="store_ln37_store_fu_2923">
<pin_list>
<pin id="2924" dir="0" index="0" bw="8" slack="2147483647"/>
<pin id="2925" dir="0" index="1" bw="8" slack="5"/>
<pin id="2926" dir="1" index="2" bw="0" slack="2147483647"/>
</pin_list>
<bind>
<opcode="store(28) " fcode="store"/>
<opset="store_ln37/6 "/>
</bind>
</comp>

<comp id="2927" class="1004" name="store_ln37_store_fu_2927">
<pin_list>
<pin id="2928" dir="0" index="0" bw="8" slack="2147483647"/>
<pin id="2929" dir="0" index="1" bw="8" slack="5"/>
<pin id="2930" dir="1" index="2" bw="0" slack="2147483647"/>
</pin_list>
<bind>
<opcode="store(28) " fcode="store"/>
<opset="store_ln37/6 "/>
</bind>
</comp>

<comp id="2931" class="1004" name="store_ln37_store_fu_2931">
<pin_list>
<pin id="2932" dir="0" index="0" bw="8" slack="2147483647"/>
<pin id="2933" dir="0" index="1" bw="8" slack="5"/>
<pin id="2934" dir="1" index="2" bw="0" slack="2147483647"/>
</pin_list>
<bind>
<opcode="store(28) " fcode="store"/>
<opset="store_ln37/6 "/>
</bind>
</comp>

<comp id="2935" class="1004" name="store_ln37_store_fu_2935">
<pin_list>
<pin id="2936" dir="0" index="0" bw="8" slack="2147483647"/>
<pin id="2937" dir="0" index="1" bw="8" slack="5"/>
<pin id="2938" dir="1" index="2" bw="0" slack="2147483647"/>
</pin_list>
<bind>
<opcode="store(28) " fcode="store"/>
<opset="store_ln37/6 "/>
</bind>
</comp>

<comp id="2939" class="1004" name="store_ln37_store_fu_2939">
<pin_list>
<pin id="2940" dir="0" index="0" bw="8" slack="2147483647"/>
<pin id="2941" dir="0" index="1" bw="8" slack="5"/>
<pin id="2942" dir="1" index="2" bw="0" slack="2147483647"/>
</pin_list>
<bind>
<opcode="store(28) " fcode="store"/>
<opset="store_ln37/6 "/>
</bind>
</comp>

<comp id="2943" class="1004" name="store_ln37_store_fu_2943">
<pin_list>
<pin id="2944" dir="0" index="0" bw="8" slack="2147483647"/>
<pin id="2945" dir="0" index="1" bw="8" slack="5"/>
<pin id="2946" dir="1" index="2" bw="0" slack="2147483647"/>
</pin_list>
<bind>
<opcode="store(28) " fcode="store"/>
<opset="store_ln37/6 "/>
</bind>
</comp>

<comp id="2947" class="1004" name="store_ln37_store_fu_2947">
<pin_list>
<pin id="2948" dir="0" index="0" bw="8" slack="2147483647"/>
<pin id="2949" dir="0" index="1" bw="8" slack="5"/>
<pin id="2950" dir="1" index="2" bw="0" slack="2147483647"/>
</pin_list>
<bind>
<opcode="store(28) " fcode="store"/>
<opset="store_ln37/6 "/>
</bind>
</comp>

<comp id="2951" class="1004" name="store_ln37_store_fu_2951">
<pin_list>
<pin id="2952" dir="0" index="0" bw="8" slack="2147483647"/>
<pin id="2953" dir="0" index="1" bw="8" slack="5"/>
<pin id="2954" dir="1" index="2" bw="0" slack="2147483647"/>
</pin_list>
<bind>
<opcode="store(28) " fcode="store"/>
<opset="store_ln37/6 "/>
</bind>
</comp>

<comp id="2955" class="1004" name="store_ln37_store_fu_2955">
<pin_list>
<pin id="2956" dir="0" index="0" bw="8" slack="2147483647"/>
<pin id="2957" dir="0" index="1" bw="8" slack="5"/>
<pin id="2958" dir="1" index="2" bw="0" slack="2147483647"/>
</pin_list>
<bind>
<opcode="store(28) " fcode="store"/>
<opset="store_ln37/6 "/>
</bind>
</comp>

<comp id="2959" class="1004" name="store_ln37_store_fu_2959">
<pin_list>
<pin id="2960" dir="0" index="0" bw="8" slack="2147483647"/>
<pin id="2961" dir="0" index="1" bw="8" slack="5"/>
<pin id="2962" dir="1" index="2" bw="0" slack="2147483647"/>
</pin_list>
<bind>
<opcode="store(28) " fcode="store"/>
<opset="store_ln37/6 "/>
</bind>
</comp>

<comp id="2963" class="1004" name="store_ln37_store_fu_2963">
<pin_list>
<pin id="2964" dir="0" index="0" bw="8" slack="2147483647"/>
<pin id="2965" dir="0" index="1" bw="8" slack="5"/>
<pin id="2966" dir="1" index="2" bw="0" slack="2147483647"/>
</pin_list>
<bind>
<opcode="store(28) " fcode="store"/>
<opset="store_ln37/6 "/>
</bind>
</comp>

<comp id="2967" class="1004" name="store_ln37_store_fu_2967">
<pin_list>
<pin id="2968" dir="0" index="0" bw="8" slack="2147483647"/>
<pin id="2969" dir="0" index="1" bw="8" slack="5"/>
<pin id="2970" dir="1" index="2" bw="0" slack="2147483647"/>
</pin_list>
<bind>
<opcode="store(28) " fcode="store"/>
<opset="store_ln37/6 "/>
</bind>
</comp>

<comp id="2971" class="1004" name="store_ln37_store_fu_2971">
<pin_list>
<pin id="2972" dir="0" index="0" bw="8" slack="2147483647"/>
<pin id="2973" dir="0" index="1" bw="8" slack="5"/>
<pin id="2974" dir="1" index="2" bw="0" slack="2147483647"/>
</pin_list>
<bind>
<opcode="store(28) " fcode="store"/>
<opset="store_ln37/6 "/>
</bind>
</comp>

<comp id="2975" class="1004" name="store_ln37_store_fu_2975">
<pin_list>
<pin id="2976" dir="0" index="0" bw="8" slack="2147483647"/>
<pin id="2977" dir="0" index="1" bw="8" slack="5"/>
<pin id="2978" dir="1" index="2" bw="0" slack="2147483647"/>
</pin_list>
<bind>
<opcode="store(28) " fcode="store"/>
<opset="store_ln37/6 "/>
</bind>
</comp>

<comp id="2979" class="1004" name="store_ln37_store_fu_2979">
<pin_list>
<pin id="2980" dir="0" index="0" bw="8" slack="2147483647"/>
<pin id="2981" dir="0" index="1" bw="8" slack="5"/>
<pin id="2982" dir="1" index="2" bw="0" slack="2147483647"/>
</pin_list>
<bind>
<opcode="store(28) " fcode="store"/>
<opset="store_ln37/6 "/>
</bind>
</comp>

<comp id="2983" class="1004" name="store_ln37_store_fu_2983">
<pin_list>
<pin id="2984" dir="0" index="0" bw="8" slack="2147483647"/>
<pin id="2985" dir="0" index="1" bw="8" slack="5"/>
<pin id="2986" dir="1" index="2" bw="0" slack="2147483647"/>
</pin_list>
<bind>
<opcode="store(28) " fcode="store"/>
<opset="store_ln37/6 "/>
</bind>
</comp>

<comp id="2987" class="1004" name="store_ln37_store_fu_2987">
<pin_list>
<pin id="2988" dir="0" index="0" bw="8" slack="2147483647"/>
<pin id="2989" dir="0" index="1" bw="8" slack="5"/>
<pin id="2990" dir="1" index="2" bw="0" slack="2147483647"/>
</pin_list>
<bind>
<opcode="store(28) " fcode="store"/>
<opset="store_ln37/6 "/>
</bind>
</comp>

<comp id="2991" class="1004" name="store_ln37_store_fu_2991">
<pin_list>
<pin id="2992" dir="0" index="0" bw="8" slack="2147483647"/>
<pin id="2993" dir="0" index="1" bw="8" slack="5"/>
<pin id="2994" dir="1" index="2" bw="0" slack="2147483647"/>
</pin_list>
<bind>
<opcode="store(28) " fcode="store"/>
<opset="store_ln37/6 "/>
</bind>
</comp>

<comp id="2995" class="1004" name="store_ln37_store_fu_2995">
<pin_list>
<pin id="2996" dir="0" index="0" bw="8" slack="2147483647"/>
<pin id="2997" dir="0" index="1" bw="8" slack="5"/>
<pin id="2998" dir="1" index="2" bw="0" slack="2147483647"/>
</pin_list>
<bind>
<opcode="store(28) " fcode="store"/>
<opset="store_ln37/6 "/>
</bind>
</comp>

<comp id="2999" class="1004" name="store_ln37_store_fu_2999">
<pin_list>
<pin id="3000" dir="0" index="0" bw="8" slack="2147483647"/>
<pin id="3001" dir="0" index="1" bw="8" slack="5"/>
<pin id="3002" dir="1" index="2" bw="0" slack="2147483647"/>
</pin_list>
<bind>
<opcode="store(28) " fcode="store"/>
<opset="store_ln37/6 "/>
</bind>
</comp>

<comp id="3003" class="1004" name="store_ln37_store_fu_3003">
<pin_list>
<pin id="3004" dir="0" index="0" bw="8" slack="2147483647"/>
<pin id="3005" dir="0" index="1" bw="8" slack="5"/>
<pin id="3006" dir="1" index="2" bw="0" slack="2147483647"/>
</pin_list>
<bind>
<opcode="store(28) " fcode="store"/>
<opset="store_ln37/6 "/>
</bind>
</comp>

<comp id="3007" class="1004" name="store_ln37_store_fu_3007">
<pin_list>
<pin id="3008" dir="0" index="0" bw="8" slack="2147483647"/>
<pin id="3009" dir="0" index="1" bw="8" slack="5"/>
<pin id="3010" dir="1" index="2" bw="0" slack="2147483647"/>
</pin_list>
<bind>
<opcode="store(28) " fcode="store"/>
<opset="store_ln37/6 "/>
</bind>
</comp>

<comp id="3011" class="1004" name="store_ln37_store_fu_3011">
<pin_list>
<pin id="3012" dir="0" index="0" bw="8" slack="2147483647"/>
<pin id="3013" dir="0" index="1" bw="8" slack="5"/>
<pin id="3014" dir="1" index="2" bw="0" slack="2147483647"/>
</pin_list>
<bind>
<opcode="store(28) " fcode="store"/>
<opset="store_ln37/6 "/>
</bind>
</comp>

<comp id="3015" class="1004" name="store_ln37_store_fu_3015">
<pin_list>
<pin id="3016" dir="0" index="0" bw="8" slack="2147483647"/>
<pin id="3017" dir="0" index="1" bw="8" slack="5"/>
<pin id="3018" dir="1" index="2" bw="0" slack="2147483647"/>
</pin_list>
<bind>
<opcode="store(28) " fcode="store"/>
<opset="store_ln37/6 "/>
</bind>
</comp>

<comp id="3019" class="1004" name="store_ln37_store_fu_3019">
<pin_list>
<pin id="3020" dir="0" index="0" bw="8" slack="2147483647"/>
<pin id="3021" dir="0" index="1" bw="8" slack="5"/>
<pin id="3022" dir="1" index="2" bw="0" slack="2147483647"/>
</pin_list>
<bind>
<opcode="store(28) " fcode="store"/>
<opset="store_ln37/6 "/>
</bind>
</comp>

<comp id="3023" class="1004" name="store_ln37_store_fu_3023">
<pin_list>
<pin id="3024" dir="0" index="0" bw="8" slack="2147483647"/>
<pin id="3025" dir="0" index="1" bw="8" slack="5"/>
<pin id="3026" dir="1" index="2" bw="0" slack="2147483647"/>
</pin_list>
<bind>
<opcode="store(28) " fcode="store"/>
<opset="store_ln37/6 "/>
</bind>
</comp>

<comp id="3027" class="1004" name="store_ln37_store_fu_3027">
<pin_list>
<pin id="3028" dir="0" index="0" bw="8" slack="2147483647"/>
<pin id="3029" dir="0" index="1" bw="8" slack="5"/>
<pin id="3030" dir="1" index="2" bw="0" slack="2147483647"/>
</pin_list>
<bind>
<opcode="store(28) " fcode="store"/>
<opset="store_ln37/6 "/>
</bind>
</comp>

<comp id="3031" class="1004" name="store_ln37_store_fu_3031">
<pin_list>
<pin id="3032" dir="0" index="0" bw="8" slack="2147483647"/>
<pin id="3033" dir="0" index="1" bw="8" slack="5"/>
<pin id="3034" dir="1" index="2" bw="0" slack="2147483647"/>
</pin_list>
<bind>
<opcode="store(28) " fcode="store"/>
<opset="store_ln37/6 "/>
</bind>
</comp>

<comp id="3035" class="1004" name="store_ln37_store_fu_3035">
<pin_list>
<pin id="3036" dir="0" index="0" bw="8" slack="2147483647"/>
<pin id="3037" dir="0" index="1" bw="8" slack="5"/>
<pin id="3038" dir="1" index="2" bw="0" slack="2147483647"/>
</pin_list>
<bind>
<opcode="store(28) " fcode="store"/>
<opset="store_ln37/6 "/>
</bind>
</comp>

<comp id="3039" class="1004" name="store_ln37_store_fu_3039">
<pin_list>
<pin id="3040" dir="0" index="0" bw="8" slack="2147483647"/>
<pin id="3041" dir="0" index="1" bw="8" slack="5"/>
<pin id="3042" dir="1" index="2" bw="0" slack="2147483647"/>
</pin_list>
<bind>
<opcode="store(28) " fcode="store"/>
<opset="store_ln37/6 "/>
</bind>
</comp>

<comp id="3043" class="1004" name="store_ln37_store_fu_3043">
<pin_list>
<pin id="3044" dir="0" index="0" bw="8" slack="2147483647"/>
<pin id="3045" dir="0" index="1" bw="8" slack="5"/>
<pin id="3046" dir="1" index="2" bw="0" slack="2147483647"/>
</pin_list>
<bind>
<opcode="store(28) " fcode="store"/>
<opset="store_ln37/6 "/>
</bind>
</comp>

<comp id="3047" class="1004" name="store_ln37_store_fu_3047">
<pin_list>
<pin id="3048" dir="0" index="0" bw="8" slack="2147483647"/>
<pin id="3049" dir="0" index="1" bw="8" slack="5"/>
<pin id="3050" dir="1" index="2" bw="0" slack="2147483647"/>
</pin_list>
<bind>
<opcode="store(28) " fcode="store"/>
<opset="store_ln37/6 "/>
</bind>
</comp>

<comp id="3051" class="1004" name="store_ln37_store_fu_3051">
<pin_list>
<pin id="3052" dir="0" index="0" bw="8" slack="2147483647"/>
<pin id="3053" dir="0" index="1" bw="8" slack="5"/>
<pin id="3054" dir="1" index="2" bw="0" slack="2147483647"/>
</pin_list>
<bind>
<opcode="store(28) " fcode="store"/>
<opset="store_ln37/6 "/>
</bind>
</comp>

<comp id="3055" class="1004" name="store_ln37_store_fu_3055">
<pin_list>
<pin id="3056" dir="0" index="0" bw="8" slack="2147483647"/>
<pin id="3057" dir="0" index="1" bw="8" slack="5"/>
<pin id="3058" dir="1" index="2" bw="0" slack="2147483647"/>
</pin_list>
<bind>
<opcode="store(28) " fcode="store"/>
<opset="store_ln37/6 "/>
</bind>
</comp>

<comp id="3059" class="1004" name="store_ln37_store_fu_3059">
<pin_list>
<pin id="3060" dir="0" index="0" bw="8" slack="2147483647"/>
<pin id="3061" dir="0" index="1" bw="8" slack="5"/>
<pin id="3062" dir="1" index="2" bw="0" slack="2147483647"/>
</pin_list>
<bind>
<opcode="store(28) " fcode="store"/>
<opset="store_ln37/6 "/>
</bind>
</comp>

<comp id="3063" class="1004" name="store_ln37_store_fu_3063">
<pin_list>
<pin id="3064" dir="0" index="0" bw="8" slack="2147483647"/>
<pin id="3065" dir="0" index="1" bw="8" slack="5"/>
<pin id="3066" dir="1" index="2" bw="0" slack="2147483647"/>
</pin_list>
<bind>
<opcode="store(28) " fcode="store"/>
<opset="store_ln37/6 "/>
</bind>
</comp>

<comp id="3067" class="1004" name="store_ln37_store_fu_3067">
<pin_list>
<pin id="3068" dir="0" index="0" bw="8" slack="2147483647"/>
<pin id="3069" dir="0" index="1" bw="8" slack="5"/>
<pin id="3070" dir="1" index="2" bw="0" slack="2147483647"/>
</pin_list>
<bind>
<opcode="store(28) " fcode="store"/>
<opset="store_ln37/6 "/>
</bind>
</comp>

<comp id="3071" class="1004" name="store_ln37_store_fu_3071">
<pin_list>
<pin id="3072" dir="0" index="0" bw="8" slack="2147483647"/>
<pin id="3073" dir="0" index="1" bw="8" slack="5"/>
<pin id="3074" dir="1" index="2" bw="0" slack="2147483647"/>
</pin_list>
<bind>
<opcode="store(28) " fcode="store"/>
<opset="store_ln37/6 "/>
</bind>
</comp>

<comp id="3075" class="1004" name="store_ln37_store_fu_3075">
<pin_list>
<pin id="3076" dir="0" index="0" bw="8" slack="2147483647"/>
<pin id="3077" dir="0" index="1" bw="8" slack="5"/>
<pin id="3078" dir="1" index="2" bw="0" slack="2147483647"/>
</pin_list>
<bind>
<opcode="store(28) " fcode="store"/>
<opset="store_ln37/6 "/>
</bind>
</comp>

<comp id="3079" class="1004" name="store_ln37_store_fu_3079">
<pin_list>
<pin id="3080" dir="0" index="0" bw="8" slack="2147483647"/>
<pin id="3081" dir="0" index="1" bw="8" slack="5"/>
<pin id="3082" dir="1" index="2" bw="0" slack="2147483647"/>
</pin_list>
<bind>
<opcode="store(28) " fcode="store"/>
<opset="store_ln37/6 "/>
</bind>
</comp>

<comp id="3083" class="1004" name="store_ln37_store_fu_3083">
<pin_list>
<pin id="3084" dir="0" index="0" bw="8" slack="2147483647"/>
<pin id="3085" dir="0" index="1" bw="8" slack="5"/>
<pin id="3086" dir="1" index="2" bw="0" slack="2147483647"/>
</pin_list>
<bind>
<opcode="store(28) " fcode="store"/>
<opset="store_ln37/6 "/>
</bind>
</comp>

<comp id="3087" class="1004" name="store_ln37_store_fu_3087">
<pin_list>
<pin id="3088" dir="0" index="0" bw="8" slack="2147483647"/>
<pin id="3089" dir="0" index="1" bw="8" slack="5"/>
<pin id="3090" dir="1" index="2" bw="0" slack="2147483647"/>
</pin_list>
<bind>
<opcode="store(28) " fcode="store"/>
<opset="store_ln37/6 "/>
</bind>
</comp>

<comp id="3091" class="1004" name="store_ln37_store_fu_3091">
<pin_list>
<pin id="3092" dir="0" index="0" bw="8" slack="2147483647"/>
<pin id="3093" dir="0" index="1" bw="8" slack="5"/>
<pin id="3094" dir="1" index="2" bw="0" slack="2147483647"/>
</pin_list>
<bind>
<opcode="store(28) " fcode="store"/>
<opset="store_ln37/6 "/>
</bind>
</comp>

<comp id="3095" class="1004" name="store_ln37_store_fu_3095">
<pin_list>
<pin id="3096" dir="0" index="0" bw="8" slack="2147483647"/>
<pin id="3097" dir="0" index="1" bw="8" slack="5"/>
<pin id="3098" dir="1" index="2" bw="0" slack="2147483647"/>
</pin_list>
<bind>
<opcode="store(28) " fcode="store"/>
<opset="store_ln37/6 "/>
</bind>
</comp>

<comp id="3099" class="1004" name="store_ln37_store_fu_3099">
<pin_list>
<pin id="3100" dir="0" index="0" bw="8" slack="2147483647"/>
<pin id="3101" dir="0" index="1" bw="8" slack="5"/>
<pin id="3102" dir="1" index="2" bw="0" slack="2147483647"/>
</pin_list>
<bind>
<opcode="store(28) " fcode="store"/>
<opset="store_ln37/6 "/>
</bind>
</comp>

<comp id="3103" class="1004" name="store_ln37_store_fu_3103">
<pin_list>
<pin id="3104" dir="0" index="0" bw="8" slack="2147483647"/>
<pin id="3105" dir="0" index="1" bw="8" slack="5"/>
<pin id="3106" dir="1" index="2" bw="0" slack="2147483647"/>
</pin_list>
<bind>
<opcode="store(28) " fcode="store"/>
<opset="store_ln37/6 "/>
</bind>
</comp>

<comp id="3107" class="1004" name="store_ln37_store_fu_3107">
<pin_list>
<pin id="3108" dir="0" index="0" bw="8" slack="2147483647"/>
<pin id="3109" dir="0" index="1" bw="8" slack="5"/>
<pin id="3110" dir="1" index="2" bw="0" slack="2147483647"/>
</pin_list>
<bind>
<opcode="store(28) " fcode="store"/>
<opset="store_ln37/6 "/>
</bind>
</comp>

<comp id="3111" class="1004" name="store_ln37_store_fu_3111">
<pin_list>
<pin id="3112" dir="0" index="0" bw="8" slack="2147483647"/>
<pin id="3113" dir="0" index="1" bw="8" slack="5"/>
<pin id="3114" dir="1" index="2" bw="0" slack="2147483647"/>
</pin_list>
<bind>
<opcode="store(28) " fcode="store"/>
<opset="store_ln37/6 "/>
</bind>
</comp>

<comp id="3115" class="1004" name="store_ln37_store_fu_3115">
<pin_list>
<pin id="3116" dir="0" index="0" bw="8" slack="2147483647"/>
<pin id="3117" dir="0" index="1" bw="8" slack="5"/>
<pin id="3118" dir="1" index="2" bw="0" slack="2147483647"/>
</pin_list>
<bind>
<opcode="store(28) " fcode="store"/>
<opset="store_ln37/6 "/>
</bind>
</comp>

<comp id="3119" class="1004" name="store_ln37_store_fu_3119">
<pin_list>
<pin id="3120" dir="0" index="0" bw="8" slack="2147483647"/>
<pin id="3121" dir="0" index="1" bw="8" slack="5"/>
<pin id="3122" dir="1" index="2" bw="0" slack="2147483647"/>
</pin_list>
<bind>
<opcode="store(28) " fcode="store"/>
<opset="store_ln37/6 "/>
</bind>
</comp>

<comp id="3123" class="1004" name="store_ln37_store_fu_3123">
<pin_list>
<pin id="3124" dir="0" index="0" bw="8" slack="2147483647"/>
<pin id="3125" dir="0" index="1" bw="8" slack="5"/>
<pin id="3126" dir="1" index="2" bw="0" slack="2147483647"/>
</pin_list>
<bind>
<opcode="store(28) " fcode="store"/>
<opset="store_ln37/6 "/>
</bind>
</comp>

<comp id="3127" class="1004" name="store_ln37_store_fu_3127">
<pin_list>
<pin id="3128" dir="0" index="0" bw="8" slack="2147483647"/>
<pin id="3129" dir="0" index="1" bw="8" slack="5"/>
<pin id="3130" dir="1" index="2" bw="0" slack="2147483647"/>
</pin_list>
<bind>
<opcode="store(28) " fcode="store"/>
<opset="store_ln37/6 "/>
</bind>
</comp>

<comp id="3131" class="1004" name="store_ln37_store_fu_3131">
<pin_list>
<pin id="3132" dir="0" index="0" bw="8" slack="2147483647"/>
<pin id="3133" dir="0" index="1" bw="8" slack="5"/>
<pin id="3134" dir="1" index="2" bw="0" slack="2147483647"/>
</pin_list>
<bind>
<opcode="store(28) " fcode="store"/>
<opset="store_ln37/6 "/>
</bind>
</comp>

<comp id="3135" class="1004" name="store_ln37_store_fu_3135">
<pin_list>
<pin id="3136" dir="0" index="0" bw="8" slack="2147483647"/>
<pin id="3137" dir="0" index="1" bw="8" slack="5"/>
<pin id="3138" dir="1" index="2" bw="0" slack="2147483647"/>
</pin_list>
<bind>
<opcode="store(28) " fcode="store"/>
<opset="store_ln37/6 "/>
</bind>
</comp>

<comp id="3139" class="1004" name="store_ln37_store_fu_3139">
<pin_list>
<pin id="3140" dir="0" index="0" bw="8" slack="2147483647"/>
<pin id="3141" dir="0" index="1" bw="8" slack="5"/>
<pin id="3142" dir="1" index="2" bw="0" slack="2147483647"/>
</pin_list>
<bind>
<opcode="store(28) " fcode="store"/>
<opset="store_ln37/6 "/>
</bind>
</comp>

<comp id="3143" class="1004" name="store_ln37_store_fu_3143">
<pin_list>
<pin id="3144" dir="0" index="0" bw="8" slack="2147483647"/>
<pin id="3145" dir="0" index="1" bw="8" slack="5"/>
<pin id="3146" dir="1" index="2" bw="0" slack="2147483647"/>
</pin_list>
<bind>
<opcode="store(28) " fcode="store"/>
<opset="store_ln37/6 "/>
</bind>
</comp>

<comp id="3147" class="1004" name="store_ln37_store_fu_3147">
<pin_list>
<pin id="3148" dir="0" index="0" bw="8" slack="2147483647"/>
<pin id="3149" dir="0" index="1" bw="8" slack="5"/>
<pin id="3150" dir="1" index="2" bw="0" slack="2147483647"/>
</pin_list>
<bind>
<opcode="store(28) " fcode="store"/>
<opset="store_ln37/6 "/>
</bind>
</comp>

<comp id="3151" class="1004" name="store_ln37_store_fu_3151">
<pin_list>
<pin id="3152" dir="0" index="0" bw="8" slack="2147483647"/>
<pin id="3153" dir="0" index="1" bw="8" slack="5"/>
<pin id="3154" dir="1" index="2" bw="0" slack="2147483647"/>
</pin_list>
<bind>
<opcode="store(28) " fcode="store"/>
<opset="store_ln37/6 "/>
</bind>
</comp>

<comp id="3155" class="1004" name="store_ln37_store_fu_3155">
<pin_list>
<pin id="3156" dir="0" index="0" bw="8" slack="2147483647"/>
<pin id="3157" dir="0" index="1" bw="8" slack="5"/>
<pin id="3158" dir="1" index="2" bw="0" slack="2147483647"/>
</pin_list>
<bind>
<opcode="store(28) " fcode="store"/>
<opset="store_ln37/6 "/>
</bind>
</comp>

<comp id="3159" class="1004" name="store_ln37_store_fu_3159">
<pin_list>
<pin id="3160" dir="0" index="0" bw="8" slack="2147483647"/>
<pin id="3161" dir="0" index="1" bw="8" slack="5"/>
<pin id="3162" dir="1" index="2" bw="0" slack="2147483647"/>
</pin_list>
<bind>
<opcode="store(28) " fcode="store"/>
<opset="store_ln37/6 "/>
</bind>
</comp>

<comp id="3163" class="1004" name="store_ln37_store_fu_3163">
<pin_list>
<pin id="3164" dir="0" index="0" bw="8" slack="2147483647"/>
<pin id="3165" dir="0" index="1" bw="8" slack="5"/>
<pin id="3166" dir="1" index="2" bw="0" slack="2147483647"/>
</pin_list>
<bind>
<opcode="store(28) " fcode="store"/>
<opset="store_ln37/6 "/>
</bind>
</comp>

<comp id="3167" class="1004" name="store_ln37_store_fu_3167">
<pin_list>
<pin id="3168" dir="0" index="0" bw="8" slack="2147483647"/>
<pin id="3169" dir="0" index="1" bw="8" slack="5"/>
<pin id="3170" dir="1" index="2" bw="0" slack="2147483647"/>
</pin_list>
<bind>
<opcode="store(28) " fcode="store"/>
<opset="store_ln37/6 "/>
</bind>
</comp>

<comp id="3171" class="1004" name="store_ln37_store_fu_3171">
<pin_list>
<pin id="3172" dir="0" index="0" bw="8" slack="2147483647"/>
<pin id="3173" dir="0" index="1" bw="8" slack="5"/>
<pin id="3174" dir="1" index="2" bw="0" slack="2147483647"/>
</pin_list>
<bind>
<opcode="store(28) " fcode="store"/>
<opset="store_ln37/6 "/>
</bind>
</comp>

<comp id="3175" class="1004" name="store_ln37_store_fu_3175">
<pin_list>
<pin id="3176" dir="0" index="0" bw="8" slack="2147483647"/>
<pin id="3177" dir="0" index="1" bw="8" slack="5"/>
<pin id="3178" dir="1" index="2" bw="0" slack="2147483647"/>
</pin_list>
<bind>
<opcode="store(28) " fcode="store"/>
<opset="store_ln37/6 "/>
</bind>
</comp>

<comp id="3179" class="1004" name="store_ln37_store_fu_3179">
<pin_list>
<pin id="3180" dir="0" index="0" bw="8" slack="2147483647"/>
<pin id="3181" dir="0" index="1" bw="8" slack="5"/>
<pin id="3182" dir="1" index="2" bw="0" slack="2147483647"/>
</pin_list>
<bind>
<opcode="store(28) " fcode="store"/>
<opset="store_ln37/6 "/>
</bind>
</comp>

<comp id="3183" class="1004" name="store_ln37_store_fu_3183">
<pin_list>
<pin id="3184" dir="0" index="0" bw="8" slack="2147483647"/>
<pin id="3185" dir="0" index="1" bw="8" slack="5"/>
<pin id="3186" dir="1" index="2" bw="0" slack="2147483647"/>
</pin_list>
<bind>
<opcode="store(28) " fcode="store"/>
<opset="store_ln37/6 "/>
</bind>
</comp>

<comp id="3187" class="1004" name="store_ln37_store_fu_3187">
<pin_list>
<pin id="3188" dir="0" index="0" bw="8" slack="2147483647"/>
<pin id="3189" dir="0" index="1" bw="8" slack="5"/>
<pin id="3190" dir="1" index="2" bw="0" slack="2147483647"/>
</pin_list>
<bind>
<opcode="store(28) " fcode="store"/>
<opset="store_ln37/6 "/>
</bind>
</comp>

<comp id="3191" class="1004" name="store_ln37_store_fu_3191">
<pin_list>
<pin id="3192" dir="0" index="0" bw="8" slack="2147483647"/>
<pin id="3193" dir="0" index="1" bw="8" slack="5"/>
<pin id="3194" dir="1" index="2" bw="0" slack="2147483647"/>
</pin_list>
<bind>
<opcode="store(28) " fcode="store"/>
<opset="store_ln37/6 "/>
</bind>
</comp>

<comp id="3195" class="1004" name="store_ln37_store_fu_3195">
<pin_list>
<pin id="3196" dir="0" index="0" bw="8" slack="2147483647"/>
<pin id="3197" dir="0" index="1" bw="8" slack="5"/>
<pin id="3198" dir="1" index="2" bw="0" slack="2147483647"/>
</pin_list>
<bind>
<opcode="store(28) " fcode="store"/>
<opset="store_ln37/6 "/>
</bind>
</comp>

<comp id="3199" class="1004" name="store_ln37_store_fu_3199">
<pin_list>
<pin id="3200" dir="0" index="0" bw="8" slack="2147483647"/>
<pin id="3201" dir="0" index="1" bw="8" slack="5"/>
<pin id="3202" dir="1" index="2" bw="0" slack="2147483647"/>
</pin_list>
<bind>
<opcode="store(28) " fcode="store"/>
<opset="store_ln37/6 "/>
</bind>
</comp>

<comp id="3203" class="1004" name="store_ln37_store_fu_3203">
<pin_list>
<pin id="3204" dir="0" index="0" bw="8" slack="2147483647"/>
<pin id="3205" dir="0" index="1" bw="8" slack="5"/>
<pin id="3206" dir="1" index="2" bw="0" slack="2147483647"/>
</pin_list>
<bind>
<opcode="store(28) " fcode="store"/>
<opset="store_ln37/6 "/>
</bind>
</comp>

<comp id="3207" class="1004" name="store_ln37_store_fu_3207">
<pin_list>
<pin id="3208" dir="0" index="0" bw="8" slack="2147483647"/>
<pin id="3209" dir="0" index="1" bw="8" slack="5"/>
<pin id="3210" dir="1" index="2" bw="0" slack="2147483647"/>
</pin_list>
<bind>
<opcode="store(28) " fcode="store"/>
<opset="store_ln37/6 "/>
</bind>
</comp>

<comp id="3211" class="1004" name="store_ln37_store_fu_3211">
<pin_list>
<pin id="3212" dir="0" index="0" bw="8" slack="2147483647"/>
<pin id="3213" dir="0" index="1" bw="8" slack="5"/>
<pin id="3214" dir="1" index="2" bw="0" slack="2147483647"/>
</pin_list>
<bind>
<opcode="store(28) " fcode="store"/>
<opset="store_ln37/6 "/>
</bind>
</comp>

<comp id="3215" class="1004" name="store_ln37_store_fu_3215">
<pin_list>
<pin id="3216" dir="0" index="0" bw="8" slack="2147483647"/>
<pin id="3217" dir="0" index="1" bw="8" slack="5"/>
<pin id="3218" dir="1" index="2" bw="0" slack="2147483647"/>
</pin_list>
<bind>
<opcode="store(28) " fcode="store"/>
<opset="store_ln37/6 "/>
</bind>
</comp>

<comp id="3219" class="1004" name="store_ln37_store_fu_3219">
<pin_list>
<pin id="3220" dir="0" index="0" bw="8" slack="2147483647"/>
<pin id="3221" dir="0" index="1" bw="8" slack="5"/>
<pin id="3222" dir="1" index="2" bw="0" slack="2147483647"/>
</pin_list>
<bind>
<opcode="store(28) " fcode="store"/>
<opset="store_ln37/6 "/>
</bind>
</comp>

<comp id="3223" class="1004" name="store_ln37_store_fu_3223">
<pin_list>
<pin id="3224" dir="0" index="0" bw="8" slack="2147483647"/>
<pin id="3225" dir="0" index="1" bw="8" slack="5"/>
<pin id="3226" dir="1" index="2" bw="0" slack="2147483647"/>
</pin_list>
<bind>
<opcode="store(28) " fcode="store"/>
<opset="store_ln37/6 "/>
</bind>
</comp>

<comp id="3227" class="1004" name="store_ln37_store_fu_3227">
<pin_list>
<pin id="3228" dir="0" index="0" bw="8" slack="2147483647"/>
<pin id="3229" dir="0" index="1" bw="8" slack="5"/>
<pin id="3230" dir="1" index="2" bw="0" slack="2147483647"/>
</pin_list>
<bind>
<opcode="store(28) " fcode="store"/>
<opset="store_ln37/6 "/>
</bind>
</comp>

<comp id="3231" class="1004" name="store_ln37_store_fu_3231">
<pin_list>
<pin id="3232" dir="0" index="0" bw="8" slack="2147483647"/>
<pin id="3233" dir="0" index="1" bw="8" slack="5"/>
<pin id="3234" dir="1" index="2" bw="0" slack="2147483647"/>
</pin_list>
<bind>
<opcode="store(28) " fcode="store"/>
<opset="store_ln37/6 "/>
</bind>
</comp>

<comp id="3235" class="1004" name="store_ln37_store_fu_3235">
<pin_list>
<pin id="3236" dir="0" index="0" bw="8" slack="2147483647"/>
<pin id="3237" dir="0" index="1" bw="8" slack="5"/>
<pin id="3238" dir="1" index="2" bw="0" slack="2147483647"/>
</pin_list>
<bind>
<opcode="store(28) " fcode="store"/>
<opset="store_ln37/6 "/>
</bind>
</comp>

<comp id="3239" class="1004" name="store_ln37_store_fu_3239">
<pin_list>
<pin id="3240" dir="0" index="0" bw="8" slack="2147483647"/>
<pin id="3241" dir="0" index="1" bw="8" slack="5"/>
<pin id="3242" dir="1" index="2" bw="0" slack="2147483647"/>
</pin_list>
<bind>
<opcode="store(28) " fcode="store"/>
<opset="store_ln37/6 "/>
</bind>
</comp>

<comp id="3243" class="1004" name="store_ln37_store_fu_3243">
<pin_list>
<pin id="3244" dir="0" index="0" bw="8" slack="2147483647"/>
<pin id="3245" dir="0" index="1" bw="8" slack="5"/>
<pin id="3246" dir="1" index="2" bw="0" slack="2147483647"/>
</pin_list>
<bind>
<opcode="store(28) " fcode="store"/>
<opset="store_ln37/6 "/>
</bind>
</comp>

<comp id="3247" class="1004" name="store_ln37_store_fu_3247">
<pin_list>
<pin id="3248" dir="0" index="0" bw="8" slack="2147483647"/>
<pin id="3249" dir="0" index="1" bw="8" slack="5"/>
<pin id="3250" dir="1" index="2" bw="0" slack="2147483647"/>
</pin_list>
<bind>
<opcode="store(28) " fcode="store"/>
<opset="store_ln37/6 "/>
</bind>
</comp>

<comp id="3251" class="1004" name="store_ln37_store_fu_3251">
<pin_list>
<pin id="3252" dir="0" index="0" bw="8" slack="2147483647"/>
<pin id="3253" dir="0" index="1" bw="8" slack="5"/>
<pin id="3254" dir="1" index="2" bw="0" slack="2147483647"/>
</pin_list>
<bind>
<opcode="store(28) " fcode="store"/>
<opset="store_ln37/6 "/>
</bind>
</comp>

<comp id="3255" class="1004" name="store_ln37_store_fu_3255">
<pin_list>
<pin id="3256" dir="0" index="0" bw="8" slack="2147483647"/>
<pin id="3257" dir="0" index="1" bw="8" slack="5"/>
<pin id="3258" dir="1" index="2" bw="0" slack="2147483647"/>
</pin_list>
<bind>
<opcode="store(28) " fcode="store"/>
<opset="store_ln37/6 "/>
</bind>
</comp>

<comp id="3259" class="1004" name="store_ln37_store_fu_3259">
<pin_list>
<pin id="3260" dir="0" index="0" bw="8" slack="2147483647"/>
<pin id="3261" dir="0" index="1" bw="8" slack="5"/>
<pin id="3262" dir="1" index="2" bw="0" slack="2147483647"/>
</pin_list>
<bind>
<opcode="store(28) " fcode="store"/>
<opset="store_ln37/6 "/>
</bind>
</comp>

<comp id="3263" class="1004" name="store_ln37_store_fu_3263">
<pin_list>
<pin id="3264" dir="0" index="0" bw="8" slack="2147483647"/>
<pin id="3265" dir="0" index="1" bw="8" slack="5"/>
<pin id="3266" dir="1" index="2" bw="0" slack="2147483647"/>
</pin_list>
<bind>
<opcode="store(28) " fcode="store"/>
<opset="store_ln37/6 "/>
</bind>
</comp>

<comp id="3267" class="1004" name="store_ln37_store_fu_3267">
<pin_list>
<pin id="3268" dir="0" index="0" bw="8" slack="2147483647"/>
<pin id="3269" dir="0" index="1" bw="8" slack="5"/>
<pin id="3270" dir="1" index="2" bw="0" slack="2147483647"/>
</pin_list>
<bind>
<opcode="store(28) " fcode="store"/>
<opset="store_ln37/6 "/>
</bind>
</comp>

<comp id="3271" class="1004" name="store_ln37_store_fu_3271">
<pin_list>
<pin id="3272" dir="0" index="0" bw="8" slack="2147483647"/>
<pin id="3273" dir="0" index="1" bw="8" slack="5"/>
<pin id="3274" dir="1" index="2" bw="0" slack="2147483647"/>
</pin_list>
<bind>
<opcode="store(28) " fcode="store"/>
<opset="store_ln37/6 "/>
</bind>
</comp>

<comp id="3275" class="1004" name="store_ln37_store_fu_3275">
<pin_list>
<pin id="3276" dir="0" index="0" bw="8" slack="2147483647"/>
<pin id="3277" dir="0" index="1" bw="8" slack="5"/>
<pin id="3278" dir="1" index="2" bw="0" slack="2147483647"/>
</pin_list>
<bind>
<opcode="store(28) " fcode="store"/>
<opset="store_ln37/6 "/>
</bind>
</comp>

<comp id="3279" class="1004" name="store_ln37_store_fu_3279">
<pin_list>
<pin id="3280" dir="0" index="0" bw="8" slack="2147483647"/>
<pin id="3281" dir="0" index="1" bw="8" slack="5"/>
<pin id="3282" dir="1" index="2" bw="0" slack="2147483647"/>
</pin_list>
<bind>
<opcode="store(28) " fcode="store"/>
<opset="store_ln37/6 "/>
</bind>
</comp>

<comp id="3283" class="1004" name="store_ln37_store_fu_3283">
<pin_list>
<pin id="3284" dir="0" index="0" bw="8" slack="2147483647"/>
<pin id="3285" dir="0" index="1" bw="8" slack="5"/>
<pin id="3286" dir="1" index="2" bw="0" slack="2147483647"/>
</pin_list>
<bind>
<opcode="store(28) " fcode="store"/>
<opset="store_ln37/6 "/>
</bind>
</comp>

<comp id="3287" class="1004" name="store_ln37_store_fu_3287">
<pin_list>
<pin id="3288" dir="0" index="0" bw="8" slack="2147483647"/>
<pin id="3289" dir="0" index="1" bw="8" slack="5"/>
<pin id="3290" dir="1" index="2" bw="0" slack="2147483647"/>
</pin_list>
<bind>
<opcode="store(28) " fcode="store"/>
<opset="store_ln37/6 "/>
</bind>
</comp>

<comp id="3291" class="1004" name="store_ln37_store_fu_3291">
<pin_list>
<pin id="3292" dir="0" index="0" bw="8" slack="2147483647"/>
<pin id="3293" dir="0" index="1" bw="8" slack="5"/>
<pin id="3294" dir="1" index="2" bw="0" slack="2147483647"/>
</pin_list>
<bind>
<opcode="store(28) " fcode="store"/>
<opset="store_ln37/6 "/>
</bind>
</comp>

<comp id="3295" class="1004" name="store_ln37_store_fu_3295">
<pin_list>
<pin id="3296" dir="0" index="0" bw="8" slack="2147483647"/>
<pin id="3297" dir="0" index="1" bw="8" slack="5"/>
<pin id="3298" dir="1" index="2" bw="0" slack="2147483647"/>
</pin_list>
<bind>
<opcode="store(28) " fcode="store"/>
<opset="store_ln37/6 "/>
</bind>
</comp>

<comp id="3299" class="1004" name="store_ln37_store_fu_3299">
<pin_list>
<pin id="3300" dir="0" index="0" bw="8" slack="2147483647"/>
<pin id="3301" dir="0" index="1" bw="8" slack="5"/>
<pin id="3302" dir="1" index="2" bw="0" slack="2147483647"/>
</pin_list>
<bind>
<opcode="store(28) " fcode="store"/>
<opset="store_ln37/6 "/>
</bind>
</comp>

<comp id="3303" class="1004" name="store_ln37_store_fu_3303">
<pin_list>
<pin id="3304" dir="0" index="0" bw="8" slack="2147483647"/>
<pin id="3305" dir="0" index="1" bw="8" slack="5"/>
<pin id="3306" dir="1" index="2" bw="0" slack="2147483647"/>
</pin_list>
<bind>
<opcode="store(28) " fcode="store"/>
<opset="store_ln37/6 "/>
</bind>
</comp>

<comp id="3307" class="1004" name="store_ln37_store_fu_3307">
<pin_list>
<pin id="3308" dir="0" index="0" bw="8" slack="2147483647"/>
<pin id="3309" dir="0" index="1" bw="8" slack="5"/>
<pin id="3310" dir="1" index="2" bw="0" slack="2147483647"/>
</pin_list>
<bind>
<opcode="store(28) " fcode="store"/>
<opset="store_ln37/6 "/>
</bind>
</comp>

<comp id="3311" class="1004" name="store_ln37_store_fu_3311">
<pin_list>
<pin id="3312" dir="0" index="0" bw="8" slack="2147483647"/>
<pin id="3313" dir="0" index="1" bw="8" slack="5"/>
<pin id="3314" dir="1" index="2" bw="0" slack="2147483647"/>
</pin_list>
<bind>
<opcode="store(28) " fcode="store"/>
<opset="store_ln37/6 "/>
</bind>
</comp>

<comp id="3315" class="1004" name="store_ln37_store_fu_3315">
<pin_list>
<pin id="3316" dir="0" index="0" bw="8" slack="2147483647"/>
<pin id="3317" dir="0" index="1" bw="8" slack="5"/>
<pin id="3318" dir="1" index="2" bw="0" slack="2147483647"/>
</pin_list>
<bind>
<opcode="store(28) " fcode="store"/>
<opset="store_ln37/6 "/>
</bind>
</comp>

<comp id="3319" class="1004" name="store_ln37_store_fu_3319">
<pin_list>
<pin id="3320" dir="0" index="0" bw="8" slack="2147483647"/>
<pin id="3321" dir="0" index="1" bw="8" slack="5"/>
<pin id="3322" dir="1" index="2" bw="0" slack="2147483647"/>
</pin_list>
<bind>
<opcode="store(28) " fcode="store"/>
<opset="store_ln37/6 "/>
</bind>
</comp>

<comp id="3323" class="1004" name="store_ln37_store_fu_3323">
<pin_list>
<pin id="3324" dir="0" index="0" bw="8" slack="2147483647"/>
<pin id="3325" dir="0" index="1" bw="8" slack="5"/>
<pin id="3326" dir="1" index="2" bw="0" slack="2147483647"/>
</pin_list>
<bind>
<opcode="store(28) " fcode="store"/>
<opset="store_ln37/6 "/>
</bind>
</comp>

<comp id="3327" class="1004" name="store_ln37_store_fu_3327">
<pin_list>
<pin id="3328" dir="0" index="0" bw="8" slack="2147483647"/>
<pin id="3329" dir="0" index="1" bw="8" slack="5"/>
<pin id="3330" dir="1" index="2" bw="0" slack="2147483647"/>
</pin_list>
<bind>
<opcode="store(28) " fcode="store"/>
<opset="store_ln37/6 "/>
</bind>
</comp>

<comp id="3331" class="1004" name="store_ln37_store_fu_3331">
<pin_list>
<pin id="3332" dir="0" index="0" bw="8" slack="2147483647"/>
<pin id="3333" dir="0" index="1" bw="8" slack="5"/>
<pin id="3334" dir="1" index="2" bw="0" slack="2147483647"/>
</pin_list>
<bind>
<opcode="store(28) " fcode="store"/>
<opset="store_ln37/6 "/>
</bind>
</comp>

<comp id="3335" class="1004" name="store_ln37_store_fu_3335">
<pin_list>
<pin id="3336" dir="0" index="0" bw="8" slack="2147483647"/>
<pin id="3337" dir="0" index="1" bw="8" slack="5"/>
<pin id="3338" dir="1" index="2" bw="0" slack="2147483647"/>
</pin_list>
<bind>
<opcode="store(28) " fcode="store"/>
<opset="store_ln37/6 "/>
</bind>
</comp>

<comp id="3339" class="1004" name="store_ln37_store_fu_3339">
<pin_list>
<pin id="3340" dir="0" index="0" bw="8" slack="2147483647"/>
<pin id="3341" dir="0" index="1" bw="8" slack="5"/>
<pin id="3342" dir="1" index="2" bw="0" slack="2147483647"/>
</pin_list>
<bind>
<opcode="store(28) " fcode="store"/>
<opset="store_ln37/6 "/>
</bind>
</comp>

<comp id="3343" class="1004" name="store_ln37_store_fu_3343">
<pin_list>
<pin id="3344" dir="0" index="0" bw="8" slack="2147483647"/>
<pin id="3345" dir="0" index="1" bw="8" slack="5"/>
<pin id="3346" dir="1" index="2" bw="0" slack="2147483647"/>
</pin_list>
<bind>
<opcode="store(28) " fcode="store"/>
<opset="store_ln37/6 "/>
</bind>
</comp>

<comp id="3347" class="1004" name="store_ln37_store_fu_3347">
<pin_list>
<pin id="3348" dir="0" index="0" bw="8" slack="2147483647"/>
<pin id="3349" dir="0" index="1" bw="8" slack="5"/>
<pin id="3350" dir="1" index="2" bw="0" slack="2147483647"/>
</pin_list>
<bind>
<opcode="store(28) " fcode="store"/>
<opset="store_ln37/6 "/>
</bind>
</comp>

<comp id="3351" class="1004" name="store_ln37_store_fu_3351">
<pin_list>
<pin id="3352" dir="0" index="0" bw="8" slack="2147483647"/>
<pin id="3353" dir="0" index="1" bw="8" slack="5"/>
<pin id="3354" dir="1" index="2" bw="0" slack="2147483647"/>
</pin_list>
<bind>
<opcode="store(28) " fcode="store"/>
<opset="store_ln37/6 "/>
</bind>
</comp>

<comp id="3355" class="1004" name="store_ln37_store_fu_3355">
<pin_list>
<pin id="3356" dir="0" index="0" bw="8" slack="2147483647"/>
<pin id="3357" dir="0" index="1" bw="8" slack="5"/>
<pin id="3358" dir="1" index="2" bw="0" slack="2147483647"/>
</pin_list>
<bind>
<opcode="store(28) " fcode="store"/>
<opset="store_ln37/6 "/>
</bind>
</comp>

<comp id="3359" class="1004" name="store_ln37_store_fu_3359">
<pin_list>
<pin id="3360" dir="0" index="0" bw="8" slack="2147483647"/>
<pin id="3361" dir="0" index="1" bw="8" slack="5"/>
<pin id="3362" dir="1" index="2" bw="0" slack="2147483647"/>
</pin_list>
<bind>
<opcode="store(28) " fcode="store"/>
<opset="store_ln37/6 "/>
</bind>
</comp>

<comp id="3363" class="1004" name="store_ln37_store_fu_3363">
<pin_list>
<pin id="3364" dir="0" index="0" bw="8" slack="2147483647"/>
<pin id="3365" dir="0" index="1" bw="8" slack="5"/>
<pin id="3366" dir="1" index="2" bw="0" slack="2147483647"/>
</pin_list>
<bind>
<opcode="store(28) " fcode="store"/>
<opset="store_ln37/6 "/>
</bind>
</comp>

<comp id="3367" class="1004" name="store_ln37_store_fu_3367">
<pin_list>
<pin id="3368" dir="0" index="0" bw="8" slack="2147483647"/>
<pin id="3369" dir="0" index="1" bw="8" slack="5"/>
<pin id="3370" dir="1" index="2" bw="0" slack="2147483647"/>
</pin_list>
<bind>
<opcode="store(28) " fcode="store"/>
<opset="store_ln37/6 "/>
</bind>
</comp>

<comp id="3371" class="1004" name="store_ln37_store_fu_3371">
<pin_list>
<pin id="3372" dir="0" index="0" bw="8" slack="2147483647"/>
<pin id="3373" dir="0" index="1" bw="8" slack="5"/>
<pin id="3374" dir="1" index="2" bw="0" slack="2147483647"/>
</pin_list>
<bind>
<opcode="store(28) " fcode="store"/>
<opset="store_ln37/6 "/>
</bind>
</comp>

<comp id="3375" class="1004" name="store_ln37_store_fu_3375">
<pin_list>
<pin id="3376" dir="0" index="0" bw="8" slack="2147483647"/>
<pin id="3377" dir="0" index="1" bw="8" slack="5"/>
<pin id="3378" dir="1" index="2" bw="0" slack="2147483647"/>
</pin_list>
<bind>
<opcode="store(28) " fcode="store"/>
<opset="store_ln37/6 "/>
</bind>
</comp>

<comp id="3379" class="1004" name="store_ln37_store_fu_3379">
<pin_list>
<pin id="3380" dir="0" index="0" bw="8" slack="2147483647"/>
<pin id="3381" dir="0" index="1" bw="8" slack="5"/>
<pin id="3382" dir="1" index="2" bw="0" slack="2147483647"/>
</pin_list>
<bind>
<opcode="store(28) " fcode="store"/>
<opset="store_ln37/6 "/>
</bind>
</comp>

<comp id="3383" class="1004" name="store_ln37_store_fu_3383">
<pin_list>
<pin id="3384" dir="0" index="0" bw="5" slack="0"/>
<pin id="3385" dir="0" index="1" bw="5" slack="5"/>
<pin id="3386" dir="1" index="2" bw="0" slack="2147483647"/>
</pin_list>
<bind>
<opcode="store(28) " fcode="store"/>
<opset="store_ln37/6 "/>
</bind>
</comp>

<comp id="3388" class="1004" name="acc_V_39_fu_3388">
<pin_list>
<pin id="3389" dir="0" index="0" bw="16" slack="0"/>
<pin id="3390" dir="0" index="1" bw="4" slack="0"/>
<pin id="3391" dir="0" index="2" bw="1" slack="0"/>
<pin id="3392" dir="1" index="3" bw="16" slack="0"/>
</pin_list>
<bind>
<opcode="bitconcatenate(1004) " fcode="bitconcatenate"/>
<opset="acc_V_39/7 "/>
</bind>
</comp>

<comp id="3397" class="1004" name="shl_ln_fu_3397">
<pin_list>
<pin id="3398" dir="0" index="0" bw="12" slack="0"/>
<pin id="3399" dir="0" index="1" bw="5" slack="1"/>
<pin id="3400" dir="0" index="2" bw="1" slack="0"/>
<pin id="3401" dir="1" index="3" bw="12" slack="0"/>
</pin_list>
<bind>
<opcode="bitconcatenate(1004) " fcode="bitconcatenate"/>
<opset="shl_ln/7 "/>
</bind>
</comp>

<comp id="3405" class="1004" name="shl_ln76_3_fu_3405">
<pin_list>
<pin id="3406" dir="0" index="0" bw="9" slack="0"/>
<pin id="3407" dir="0" index="1" bw="5" slack="1"/>
<pin id="3408" dir="0" index="2" bw="1" slack="0"/>
<pin id="3409" dir="1" index="3" bw="9" slack="0"/>
</pin_list>
<bind>
<opcode="bitconcatenate(1004) " fcode="bitconcatenate"/>
<opset="shl_ln76_3/7 "/>
</bind>
</comp>

<comp id="3413" class="1005" name="c_reg_3413">
<pin_list>
<pin id="3414" dir="0" index="0" bw="5" slack="0"/>
<pin id="3415" dir="1" index="1" bw="5" slack="0"/>
</pin_list>
<bind>
<opset="c "/>
</bind>
</comp>

<comp id="3420" class="1005" name="window_V_1_i_reg_3420">
<pin_list>
<pin id="3421" dir="0" index="0" bw="8" slack="2"/>
<pin id="3422" dir="1" index="1" bw="8" slack="2"/>
</pin_list>
<bind>
<opset="window_V_1_i "/>
</bind>
</comp>

<comp id="3426" class="1005" name="window_V_514_1_i_reg_3426">
<pin_list>
<pin id="3427" dir="0" index="0" bw="8" slack="2"/>
<pin id="3428" dir="1" index="1" bw="8" slack="2"/>
</pin_list>
<bind>
<opset="window_V_514_1_i "/>
</bind>
</comp>

<comp id="3432" class="1005" name="window_V_515_1_i_reg_3432">
<pin_list>
<pin id="3433" dir="0" index="0" bw="8" slack="2"/>
<pin id="3434" dir="1" index="1" bw="8" slack="2"/>
</pin_list>
<bind>
<opset="window_V_515_1_i "/>
</bind>
</comp>

<comp id="3438" class="1005" name="window_V_516_1_i_reg_3438">
<pin_list>
<pin id="3439" dir="0" index="0" bw="8" slack="2"/>
<pin id="3440" dir="1" index="1" bw="8" slack="2"/>
</pin_list>
<bind>
<opset="window_V_516_1_i "/>
</bind>
</comp>

<comp id="3444" class="1005" name="window_V_517_1_i_reg_3444">
<pin_list>
<pin id="3445" dir="0" index="0" bw="8" slack="2"/>
<pin id="3446" dir="1" index="1" bw="8" slack="2"/>
</pin_list>
<bind>
<opset="window_V_517_1_i "/>
</bind>
</comp>

<comp id="3450" class="1005" name="window_V_518_1_i_reg_3450">
<pin_list>
<pin id="3451" dir="0" index="0" bw="8" slack="2"/>
<pin id="3452" dir="1" index="1" bw="8" slack="2"/>
</pin_list>
<bind>
<opset="window_V_518_1_i "/>
</bind>
</comp>

<comp id="3456" class="1005" name="window_V_519_1_i_reg_3456">
<pin_list>
<pin id="3457" dir="0" index="0" bw="8" slack="2"/>
<pin id="3458" dir="1" index="1" bw="8" slack="2"/>
</pin_list>
<bind>
<opset="window_V_519_1_i "/>
</bind>
</comp>

<comp id="3462" class="1005" name="window_V_520_1_i_reg_3462">
<pin_list>
<pin id="3463" dir="0" index="0" bw="8" slack="2"/>
<pin id="3464" dir="1" index="1" bw="8" slack="2"/>
</pin_list>
<bind>
<opset="window_V_520_1_i "/>
</bind>
</comp>

<comp id="3468" class="1005" name="window_V_521_1_i_reg_3468">
<pin_list>
<pin id="3469" dir="0" index="0" bw="8" slack="2"/>
<pin id="3470" dir="1" index="1" bw="8" slack="2"/>
</pin_list>
<bind>
<opset="window_V_521_1_i "/>
</bind>
</comp>

<comp id="3474" class="1005" name="window_V_522_1_i_reg_3474">
<pin_list>
<pin id="3475" dir="0" index="0" bw="8" slack="2"/>
<pin id="3476" dir="1" index="1" bw="8" slack="2"/>
</pin_list>
<bind>
<opset="window_V_522_1_i "/>
</bind>
</comp>

<comp id="3480" class="1005" name="window_V_523_1_i_reg_3480">
<pin_list>
<pin id="3481" dir="0" index="0" bw="8" slack="2"/>
<pin id="3482" dir="1" index="1" bw="8" slack="2"/>
</pin_list>
<bind>
<opset="window_V_523_1_i "/>
</bind>
</comp>

<comp id="3486" class="1005" name="window_V_524_1_i_reg_3486">
<pin_list>
<pin id="3487" dir="0" index="0" bw="8" slack="2"/>
<pin id="3488" dir="1" index="1" bw="8" slack="2"/>
</pin_list>
<bind>
<opset="window_V_524_1_i "/>
</bind>
</comp>

<comp id="3492" class="1005" name="window_V_525_1_i_reg_3492">
<pin_list>
<pin id="3493" dir="0" index="0" bw="8" slack="2"/>
<pin id="3494" dir="1" index="1" bw="8" slack="2"/>
</pin_list>
<bind>
<opset="window_V_525_1_i "/>
</bind>
</comp>

<comp id="3498" class="1005" name="window_V_526_1_i_reg_3498">
<pin_list>
<pin id="3499" dir="0" index="0" bw="8" slack="2"/>
<pin id="3500" dir="1" index="1" bw="8" slack="2"/>
</pin_list>
<bind>
<opset="window_V_526_1_i "/>
</bind>
</comp>

<comp id="3504" class="1005" name="window_V_527_1_i_reg_3504">
<pin_list>
<pin id="3505" dir="0" index="0" bw="8" slack="2"/>
<pin id="3506" dir="1" index="1" bw="8" slack="2"/>
</pin_list>
<bind>
<opset="window_V_527_1_i "/>
</bind>
</comp>

<comp id="3510" class="1005" name="window_V_528_1_i_reg_3510">
<pin_list>
<pin id="3511" dir="0" index="0" bw="8" slack="2"/>
<pin id="3512" dir="1" index="1" bw="8" slack="2"/>
</pin_list>
<bind>
<opset="window_V_528_1_i "/>
</bind>
</comp>

<comp id="3516" class="1005" name="window_V_529_1_i_reg_3516">
<pin_list>
<pin id="3517" dir="0" index="0" bw="8" slack="2"/>
<pin id="3518" dir="1" index="1" bw="8" slack="2"/>
</pin_list>
<bind>
<opset="window_V_529_1_i "/>
</bind>
</comp>

<comp id="3522" class="1005" name="window_V_530_1_i_reg_3522">
<pin_list>
<pin id="3523" dir="0" index="0" bw="8" slack="2"/>
<pin id="3524" dir="1" index="1" bw="8" slack="2"/>
</pin_list>
<bind>
<opset="window_V_530_1_i "/>
</bind>
</comp>

<comp id="3528" class="1005" name="window_V_531_1_i_reg_3528">
<pin_list>
<pin id="3529" dir="0" index="0" bw="8" slack="2"/>
<pin id="3530" dir="1" index="1" bw="8" slack="2"/>
</pin_list>
<bind>
<opset="window_V_531_1_i "/>
</bind>
</comp>

<comp id="3534" class="1005" name="window_V_532_1_i_reg_3534">
<pin_list>
<pin id="3535" dir="0" index="0" bw="8" slack="2"/>
<pin id="3536" dir="1" index="1" bw="8" slack="2"/>
</pin_list>
<bind>
<opset="window_V_532_1_i "/>
</bind>
</comp>

<comp id="3540" class="1005" name="window_V_533_1_i_reg_3540">
<pin_list>
<pin id="3541" dir="0" index="0" bw="8" slack="2"/>
<pin id="3542" dir="1" index="1" bw="8" slack="2"/>
</pin_list>
<bind>
<opset="window_V_533_1_i "/>
</bind>
</comp>

<comp id="3546" class="1005" name="window_V_534_1_i_reg_3546">
<pin_list>
<pin id="3547" dir="0" index="0" bw="8" slack="2"/>
<pin id="3548" dir="1" index="1" bw="8" slack="2"/>
</pin_list>
<bind>
<opset="window_V_534_1_i "/>
</bind>
</comp>

<comp id="3552" class="1005" name="window_V_535_1_i_reg_3552">
<pin_list>
<pin id="3553" dir="0" index="0" bw="8" slack="2"/>
<pin id="3554" dir="1" index="1" bw="8" slack="2"/>
</pin_list>
<bind>
<opset="window_V_535_1_i "/>
</bind>
</comp>

<comp id="3558" class="1005" name="window_V_536_1_i_reg_3558">
<pin_list>
<pin id="3559" dir="0" index="0" bw="8" slack="2"/>
<pin id="3560" dir="1" index="1" bw="8" slack="2"/>
</pin_list>
<bind>
<opset="window_V_536_1_i "/>
</bind>
</comp>

<comp id="3564" class="1005" name="window_V_537_1_i_reg_3564">
<pin_list>
<pin id="3565" dir="0" index="0" bw="8" slack="2"/>
<pin id="3566" dir="1" index="1" bw="8" slack="2"/>
</pin_list>
<bind>
<opset="window_V_537_1_i "/>
</bind>
</comp>

<comp id="3570" class="1005" name="window_V_538_1_i_reg_3570">
<pin_list>
<pin id="3571" dir="0" index="0" bw="8" slack="2"/>
<pin id="3572" dir="1" index="1" bw="8" slack="2"/>
</pin_list>
<bind>
<opset="window_V_538_1_i "/>
</bind>
</comp>

<comp id="3576" class="1005" name="window_V_539_1_i_reg_3576">
<pin_list>
<pin id="3577" dir="0" index="0" bw="8" slack="2"/>
<pin id="3578" dir="1" index="1" bw="8" slack="2"/>
</pin_list>
<bind>
<opset="window_V_539_1_i "/>
</bind>
</comp>

<comp id="3582" class="1005" name="window_V_540_1_i_reg_3582">
<pin_list>
<pin id="3583" dir="0" index="0" bw="8" slack="2"/>
<pin id="3584" dir="1" index="1" bw="8" slack="2"/>
</pin_list>
<bind>
<opset="window_V_540_1_i "/>
</bind>
</comp>

<comp id="3588" class="1005" name="window_V_541_1_i_reg_3588">
<pin_list>
<pin id="3589" dir="0" index="0" bw="8" slack="2"/>
<pin id="3590" dir="1" index="1" bw="8" slack="2"/>
</pin_list>
<bind>
<opset="window_V_541_1_i "/>
</bind>
</comp>

<comp id="3594" class="1005" name="window_V_542_1_i_reg_3594">
<pin_list>
<pin id="3595" dir="0" index="0" bw="8" slack="2"/>
<pin id="3596" dir="1" index="1" bw="8" slack="2"/>
</pin_list>
<bind>
<opset="window_V_542_1_i "/>
</bind>
</comp>

<comp id="3600" class="1005" name="window_V_543_1_i_reg_3600">
<pin_list>
<pin id="3601" dir="0" index="0" bw="8" slack="2"/>
<pin id="3602" dir="1" index="1" bw="8" slack="2"/>
</pin_list>
<bind>
<opset="window_V_543_1_i "/>
</bind>
</comp>

<comp id="3606" class="1005" name="window_V_544_1_i_reg_3606">
<pin_list>
<pin id="3607" dir="0" index="0" bw="8" slack="2"/>
<pin id="3608" dir="1" index="1" bw="8" slack="2"/>
</pin_list>
<bind>
<opset="window_V_544_1_i "/>
</bind>
</comp>

<comp id="3612" class="1005" name="window_V_545_1_i_reg_3612">
<pin_list>
<pin id="3613" dir="0" index="0" bw="8" slack="2"/>
<pin id="3614" dir="1" index="1" bw="8" slack="2"/>
</pin_list>
<bind>
<opset="window_V_545_1_i "/>
</bind>
</comp>

<comp id="3618" class="1005" name="window_V_546_1_i_reg_3618">
<pin_list>
<pin id="3619" dir="0" index="0" bw="8" slack="2"/>
<pin id="3620" dir="1" index="1" bw="8" slack="2"/>
</pin_list>
<bind>
<opset="window_V_546_1_i "/>
</bind>
</comp>

<comp id="3624" class="1005" name="window_V_547_1_i_reg_3624">
<pin_list>
<pin id="3625" dir="0" index="0" bw="8" slack="2"/>
<pin id="3626" dir="1" index="1" bw="8" slack="2"/>
</pin_list>
<bind>
<opset="window_V_547_1_i "/>
</bind>
</comp>

<comp id="3630" class="1005" name="window_V_548_1_i_reg_3630">
<pin_list>
<pin id="3631" dir="0" index="0" bw="8" slack="2"/>
<pin id="3632" dir="1" index="1" bw="8" slack="2"/>
</pin_list>
<bind>
<opset="window_V_548_1_i "/>
</bind>
</comp>

<comp id="3636" class="1005" name="window_V_549_1_i_reg_3636">
<pin_list>
<pin id="3637" dir="0" index="0" bw="8" slack="2"/>
<pin id="3638" dir="1" index="1" bw="8" slack="2"/>
</pin_list>
<bind>
<opset="window_V_549_1_i "/>
</bind>
</comp>

<comp id="3642" class="1005" name="window_V_550_1_i_reg_3642">
<pin_list>
<pin id="3643" dir="0" index="0" bw="8" slack="2"/>
<pin id="3644" dir="1" index="1" bw="8" slack="2"/>
</pin_list>
<bind>
<opset="window_V_550_1_i "/>
</bind>
</comp>

<comp id="3648" class="1005" name="window_V_551_1_i_reg_3648">
<pin_list>
<pin id="3649" dir="0" index="0" bw="8" slack="2"/>
<pin id="3650" dir="1" index="1" bw="8" slack="2"/>
</pin_list>
<bind>
<opset="window_V_551_1_i "/>
</bind>
</comp>

<comp id="3654" class="1005" name="window_V_552_1_i_reg_3654">
<pin_list>
<pin id="3655" dir="0" index="0" bw="8" slack="2"/>
<pin id="3656" dir="1" index="1" bw="8" slack="2"/>
</pin_list>
<bind>
<opset="window_V_552_1_i "/>
</bind>
</comp>

<comp id="3660" class="1005" name="window_V_553_1_i_reg_3660">
<pin_list>
<pin id="3661" dir="0" index="0" bw="8" slack="2"/>
<pin id="3662" dir="1" index="1" bw="8" slack="2"/>
</pin_list>
<bind>
<opset="window_V_553_1_i "/>
</bind>
</comp>

<comp id="3666" class="1005" name="window_V_554_1_i_reg_3666">
<pin_list>
<pin id="3667" dir="0" index="0" bw="8" slack="2"/>
<pin id="3668" dir="1" index="1" bw="8" slack="2"/>
</pin_list>
<bind>
<opset="window_V_554_1_i "/>
</bind>
</comp>

<comp id="3672" class="1005" name="window_V_555_1_i_reg_3672">
<pin_list>
<pin id="3673" dir="0" index="0" bw="8" slack="2"/>
<pin id="3674" dir="1" index="1" bw="8" slack="2"/>
</pin_list>
<bind>
<opset="window_V_555_1_i "/>
</bind>
</comp>

<comp id="3678" class="1005" name="window_V_556_1_i_reg_3678">
<pin_list>
<pin id="3679" dir="0" index="0" bw="8" slack="2"/>
<pin id="3680" dir="1" index="1" bw="8" slack="2"/>
</pin_list>
<bind>
<opset="window_V_556_1_i "/>
</bind>
</comp>

<comp id="3684" class="1005" name="window_V_557_1_i_reg_3684">
<pin_list>
<pin id="3685" dir="0" index="0" bw="8" slack="2"/>
<pin id="3686" dir="1" index="1" bw="8" slack="2"/>
</pin_list>
<bind>
<opset="window_V_557_1_i "/>
</bind>
</comp>

<comp id="3690" class="1005" name="window_V_558_1_i_reg_3690">
<pin_list>
<pin id="3691" dir="0" index="0" bw="8" slack="2"/>
<pin id="3692" dir="1" index="1" bw="8" slack="2"/>
</pin_list>
<bind>
<opset="window_V_558_1_i "/>
</bind>
</comp>

<comp id="3696" class="1005" name="window_V_559_1_i_reg_3696">
<pin_list>
<pin id="3697" dir="0" index="0" bw="8" slack="2"/>
<pin id="3698" dir="1" index="1" bw="8" slack="2"/>
</pin_list>
<bind>
<opset="window_V_559_1_i "/>
</bind>
</comp>

<comp id="3702" class="1005" name="window_V_560_1_i_reg_3702">
<pin_list>
<pin id="3703" dir="0" index="0" bw="8" slack="2"/>
<pin id="3704" dir="1" index="1" bw="8" slack="2"/>
</pin_list>
<bind>
<opset="window_V_560_1_i "/>
</bind>
</comp>

<comp id="3708" class="1005" name="window_V_561_1_i_reg_3708">
<pin_list>
<pin id="3709" dir="0" index="0" bw="8" slack="2"/>
<pin id="3710" dir="1" index="1" bw="8" slack="2"/>
</pin_list>
<bind>
<opset="window_V_561_1_i "/>
</bind>
</comp>

<comp id="3714" class="1005" name="window_V_562_1_i_reg_3714">
<pin_list>
<pin id="3715" dir="0" index="0" bw="8" slack="2"/>
<pin id="3716" dir="1" index="1" bw="8" slack="2"/>
</pin_list>
<bind>
<opset="window_V_562_1_i "/>
</bind>
</comp>

<comp id="3720" class="1005" name="window_V_563_1_i_reg_3720">
<pin_list>
<pin id="3721" dir="0" index="0" bw="8" slack="2"/>
<pin id="3722" dir="1" index="1" bw="8" slack="2"/>
</pin_list>
<bind>
<opset="window_V_563_1_i "/>
</bind>
</comp>

<comp id="3726" class="1005" name="window_V_564_1_i_reg_3726">
<pin_list>
<pin id="3727" dir="0" index="0" bw="8" slack="2"/>
<pin id="3728" dir="1" index="1" bw="8" slack="2"/>
</pin_list>
<bind>
<opset="window_V_564_1_i "/>
</bind>
</comp>

<comp id="3732" class="1005" name="window_V_565_1_i_reg_3732">
<pin_list>
<pin id="3733" dir="0" index="0" bw="8" slack="2"/>
<pin id="3734" dir="1" index="1" bw="8" slack="2"/>
</pin_list>
<bind>
<opset="window_V_565_1_i "/>
</bind>
</comp>

<comp id="3738" class="1005" name="window_V_566_1_i_reg_3738">
<pin_list>
<pin id="3739" dir="0" index="0" bw="8" slack="2"/>
<pin id="3740" dir="1" index="1" bw="8" slack="2"/>
</pin_list>
<bind>
<opset="window_V_566_1_i "/>
</bind>
</comp>

<comp id="3744" class="1005" name="window_V_567_1_i_reg_3744">
<pin_list>
<pin id="3745" dir="0" index="0" bw="8" slack="2"/>
<pin id="3746" dir="1" index="1" bw="8" slack="2"/>
</pin_list>
<bind>
<opset="window_V_567_1_i "/>
</bind>
</comp>

<comp id="3750" class="1005" name="window_V_568_1_i_reg_3750">
<pin_list>
<pin id="3751" dir="0" index="0" bw="8" slack="2"/>
<pin id="3752" dir="1" index="1" bw="8" slack="2"/>
</pin_list>
<bind>
<opset="window_V_568_1_i "/>
</bind>
</comp>

<comp id="3756" class="1005" name="window_V_569_1_i_reg_3756">
<pin_list>
<pin id="3757" dir="0" index="0" bw="8" slack="2"/>
<pin id="3758" dir="1" index="1" bw="8" slack="2"/>
</pin_list>
<bind>
<opset="window_V_569_1_i "/>
</bind>
</comp>

<comp id="3762" class="1005" name="window_V_570_1_i_reg_3762">
<pin_list>
<pin id="3763" dir="0" index="0" bw="8" slack="2"/>
<pin id="3764" dir="1" index="1" bw="8" slack="2"/>
</pin_list>
<bind>
<opset="window_V_570_1_i "/>
</bind>
</comp>

<comp id="3768" class="1005" name="window_V_571_1_i_reg_3768">
<pin_list>
<pin id="3769" dir="0" index="0" bw="8" slack="2"/>
<pin id="3770" dir="1" index="1" bw="8" slack="2"/>
</pin_list>
<bind>
<opset="window_V_571_1_i "/>
</bind>
</comp>

<comp id="3774" class="1005" name="window_V_572_1_i_reg_3774">
<pin_list>
<pin id="3775" dir="0" index="0" bw="8" slack="2"/>
<pin id="3776" dir="1" index="1" bw="8" slack="2"/>
</pin_list>
<bind>
<opset="window_V_572_1_i "/>
</bind>
</comp>

<comp id="3780" class="1005" name="window_V_573_1_i_reg_3780">
<pin_list>
<pin id="3781" dir="0" index="0" bw="8" slack="2"/>
<pin id="3782" dir="1" index="1" bw="8" slack="2"/>
</pin_list>
<bind>
<opset="window_V_573_1_i "/>
</bind>
</comp>

<comp id="3786" class="1005" name="window_V_574_1_i_reg_3786">
<pin_list>
<pin id="3787" dir="0" index="0" bw="8" slack="2"/>
<pin id="3788" dir="1" index="1" bw="8" slack="2"/>
</pin_list>
<bind>
<opset="window_V_574_1_i "/>
</bind>
</comp>

<comp id="3792" class="1005" name="window_V_575_1_i_reg_3792">
<pin_list>
<pin id="3793" dir="0" index="0" bw="8" slack="2"/>
<pin id="3794" dir="1" index="1" bw="8" slack="2"/>
</pin_list>
<bind>
<opset="window_V_575_1_i "/>
</bind>
</comp>

<comp id="3798" class="1005" name="window_V_576_1_i_reg_3798">
<pin_list>
<pin id="3799" dir="0" index="0" bw="8" slack="2"/>
<pin id="3800" dir="1" index="1" bw="8" slack="2"/>
</pin_list>
<bind>
<opset="window_V_576_1_i "/>
</bind>
</comp>

<comp id="3804" class="1005" name="window_V_577_1_i_reg_3804">
<pin_list>
<pin id="3805" dir="0" index="0" bw="8" slack="2"/>
<pin id="3806" dir="1" index="1" bw="8" slack="2"/>
</pin_list>
<bind>
<opset="window_V_577_1_i "/>
</bind>
</comp>

<comp id="3810" class="1005" name="window_V_578_1_i_reg_3810">
<pin_list>
<pin id="3811" dir="0" index="0" bw="8" slack="2"/>
<pin id="3812" dir="1" index="1" bw="8" slack="2"/>
</pin_list>
<bind>
<opset="window_V_578_1_i "/>
</bind>
</comp>

<comp id="3816" class="1005" name="window_V_579_1_i_reg_3816">
<pin_list>
<pin id="3817" dir="0" index="0" bw="8" slack="2"/>
<pin id="3818" dir="1" index="1" bw="8" slack="2"/>
</pin_list>
<bind>
<opset="window_V_579_1_i "/>
</bind>
</comp>

<comp id="3822" class="1005" name="window_V_580_1_i_reg_3822">
<pin_list>
<pin id="3823" dir="0" index="0" bw="8" slack="2"/>
<pin id="3824" dir="1" index="1" bw="8" slack="2"/>
</pin_list>
<bind>
<opset="window_V_580_1_i "/>
</bind>
</comp>

<comp id="3828" class="1005" name="window_V_581_1_i_reg_3828">
<pin_list>
<pin id="3829" dir="0" index="0" bw="8" slack="2"/>
<pin id="3830" dir="1" index="1" bw="8" slack="2"/>
</pin_list>
<bind>
<opset="window_V_581_1_i "/>
</bind>
</comp>

<comp id="3834" class="1005" name="window_V_582_1_i_reg_3834">
<pin_list>
<pin id="3835" dir="0" index="0" bw="8" slack="2"/>
<pin id="3836" dir="1" index="1" bw="8" slack="2"/>
</pin_list>
<bind>
<opset="window_V_582_1_i "/>
</bind>
</comp>

<comp id="3840" class="1005" name="window_V_583_1_i_reg_3840">
<pin_list>
<pin id="3841" dir="0" index="0" bw="8" slack="2"/>
<pin id="3842" dir="1" index="1" bw="8" slack="2"/>
</pin_list>
<bind>
<opset="window_V_583_1_i "/>
</bind>
</comp>

<comp id="3846" class="1005" name="window_V_584_1_i_reg_3846">
<pin_list>
<pin id="3847" dir="0" index="0" bw="8" slack="2"/>
<pin id="3848" dir="1" index="1" bw="8" slack="2"/>
</pin_list>
<bind>
<opset="window_V_584_1_i "/>
</bind>
</comp>

<comp id="3852" class="1005" name="window_V_585_1_i_reg_3852">
<pin_list>
<pin id="3853" dir="0" index="0" bw="8" slack="2"/>
<pin id="3854" dir="1" index="1" bw="8" slack="2"/>
</pin_list>
<bind>
<opset="window_V_585_1_i "/>
</bind>
</comp>

<comp id="3858" class="1005" name="window_V_586_1_i_reg_3858">
<pin_list>
<pin id="3859" dir="0" index="0" bw="8" slack="2"/>
<pin id="3860" dir="1" index="1" bw="8" slack="2"/>
</pin_list>
<bind>
<opset="window_V_586_1_i "/>
</bind>
</comp>

<comp id="3864" class="1005" name="window_V_587_1_i_reg_3864">
<pin_list>
<pin id="3865" dir="0" index="0" bw="8" slack="2"/>
<pin id="3866" dir="1" index="1" bw="8" slack="2"/>
</pin_list>
<bind>
<opset="window_V_587_1_i "/>
</bind>
</comp>

<comp id="3870" class="1005" name="window_V_588_1_i_reg_3870">
<pin_list>
<pin id="3871" dir="0" index="0" bw="8" slack="2"/>
<pin id="3872" dir="1" index="1" bw="8" slack="2"/>
</pin_list>
<bind>
<opset="window_V_588_1_i "/>
</bind>
</comp>

<comp id="3876" class="1005" name="window_V_589_1_i_reg_3876">
<pin_list>
<pin id="3877" dir="0" index="0" bw="8" slack="2"/>
<pin id="3878" dir="1" index="1" bw="8" slack="2"/>
</pin_list>
<bind>
<opset="window_V_589_1_i "/>
</bind>
</comp>

<comp id="3882" class="1005" name="window_V_590_1_i_reg_3882">
<pin_list>
<pin id="3883" dir="0" index="0" bw="8" slack="2"/>
<pin id="3884" dir="1" index="1" bw="8" slack="2"/>
</pin_list>
<bind>
<opset="window_V_590_1_i "/>
</bind>
</comp>

<comp id="3888" class="1005" name="window_V_591_1_i_reg_3888">
<pin_list>
<pin id="3889" dir="0" index="0" bw="8" slack="2"/>
<pin id="3890" dir="1" index="1" bw="8" slack="2"/>
</pin_list>
<bind>
<opset="window_V_591_1_i "/>
</bind>
</comp>

<comp id="3894" class="1005" name="window_V_592_1_i_reg_3894">
<pin_list>
<pin id="3895" dir="0" index="0" bw="8" slack="2"/>
<pin id="3896" dir="1" index="1" bw="8" slack="2"/>
</pin_list>
<bind>
<opset="window_V_592_1_i "/>
</bind>
</comp>

<comp id="3900" class="1005" name="window_V_593_1_i_reg_3900">
<pin_list>
<pin id="3901" dir="0" index="0" bw="8" slack="2"/>
<pin id="3902" dir="1" index="1" bw="8" slack="2"/>
</pin_list>
<bind>
<opset="window_V_593_1_i "/>
</bind>
</comp>

<comp id="3906" class="1005" name="window_V_594_1_i_reg_3906">
<pin_list>
<pin id="3907" dir="0" index="0" bw="8" slack="2"/>
<pin id="3908" dir="1" index="1" bw="8" slack="2"/>
</pin_list>
<bind>
<opset="window_V_594_1_i "/>
</bind>
</comp>

<comp id="3912" class="1005" name="window_V_595_1_i_reg_3912">
<pin_list>
<pin id="3913" dir="0" index="0" bw="8" slack="2"/>
<pin id="3914" dir="1" index="1" bw="8" slack="2"/>
</pin_list>
<bind>
<opset="window_V_595_1_i "/>
</bind>
</comp>

<comp id="3918" class="1005" name="window_V_596_1_i_reg_3918">
<pin_list>
<pin id="3919" dir="0" index="0" bw="8" slack="2"/>
<pin id="3920" dir="1" index="1" bw="8" slack="2"/>
</pin_list>
<bind>
<opset="window_V_596_1_i "/>
</bind>
</comp>

<comp id="3924" class="1005" name="window_V_597_1_i_reg_3924">
<pin_list>
<pin id="3925" dir="0" index="0" bw="8" slack="2"/>
<pin id="3926" dir="1" index="1" bw="8" slack="2"/>
</pin_list>
<bind>
<opset="window_V_597_1_i "/>
</bind>
</comp>

<comp id="3930" class="1005" name="window_V_598_1_i_reg_3930">
<pin_list>
<pin id="3931" dir="0" index="0" bw="8" slack="2"/>
<pin id="3932" dir="1" index="1" bw="8" slack="2"/>
</pin_list>
<bind>
<opset="window_V_598_1_i "/>
</bind>
</comp>

<comp id="3936" class="1005" name="window_V_599_1_i_reg_3936">
<pin_list>
<pin id="3937" dir="0" index="0" bw="8" slack="2"/>
<pin id="3938" dir="1" index="1" bw="8" slack="2"/>
</pin_list>
<bind>
<opset="window_V_599_1_i "/>
</bind>
</comp>

<comp id="3942" class="1005" name="window_V_600_1_i_reg_3942">
<pin_list>
<pin id="3943" dir="0" index="0" bw="8" slack="2"/>
<pin id="3944" dir="1" index="1" bw="8" slack="2"/>
</pin_list>
<bind>
<opset="window_V_600_1_i "/>
</bind>
</comp>

<comp id="3948" class="1005" name="window_V_601_1_i_reg_3948">
<pin_list>
<pin id="3949" dir="0" index="0" bw="8" slack="2"/>
<pin id="3950" dir="1" index="1" bw="8" slack="2"/>
</pin_list>
<bind>
<opset="window_V_601_1_i "/>
</bind>
</comp>

<comp id="3954" class="1005" name="window_V_602_1_i_reg_3954">
<pin_list>
<pin id="3955" dir="0" index="0" bw="8" slack="2"/>
<pin id="3956" dir="1" index="1" bw="8" slack="2"/>
</pin_list>
<bind>
<opset="window_V_602_1_i "/>
</bind>
</comp>

<comp id="3960" class="1005" name="window_V_603_1_i_reg_3960">
<pin_list>
<pin id="3961" dir="0" index="0" bw="8" slack="2"/>
<pin id="3962" dir="1" index="1" bw="8" slack="2"/>
</pin_list>
<bind>
<opset="window_V_603_1_i "/>
</bind>
</comp>

<comp id="3966" class="1005" name="window_V_604_1_i_reg_3966">
<pin_list>
<pin id="3967" dir="0" index="0" bw="8" slack="2"/>
<pin id="3968" dir="1" index="1" bw="8" slack="2"/>
</pin_list>
<bind>
<opset="window_V_604_1_i "/>
</bind>
</comp>

<comp id="3972" class="1005" name="window_V_605_1_i_reg_3972">
<pin_list>
<pin id="3973" dir="0" index="0" bw="8" slack="2"/>
<pin id="3974" dir="1" index="1" bw="8" slack="2"/>
</pin_list>
<bind>
<opset="window_V_605_1_i "/>
</bind>
</comp>

<comp id="3978" class="1005" name="window_V_606_1_i_reg_3978">
<pin_list>
<pin id="3979" dir="0" index="0" bw="8" slack="2"/>
<pin id="3980" dir="1" index="1" bw="8" slack="2"/>
</pin_list>
<bind>
<opset="window_V_606_1_i "/>
</bind>
</comp>

<comp id="3984" class="1005" name="window_V_607_1_i_reg_3984">
<pin_list>
<pin id="3985" dir="0" index="0" bw="8" slack="2"/>
<pin id="3986" dir="1" index="1" bw="8" slack="2"/>
</pin_list>
<bind>
<opset="window_V_607_1_i "/>
</bind>
</comp>

<comp id="3990" class="1005" name="window_V_608_1_i_reg_3990">
<pin_list>
<pin id="3991" dir="0" index="0" bw="8" slack="2"/>
<pin id="3992" dir="1" index="1" bw="8" slack="2"/>
</pin_list>
<bind>
<opset="window_V_608_1_i "/>
</bind>
</comp>

<comp id="3996" class="1005" name="window_V_609_1_i_reg_3996">
<pin_list>
<pin id="3997" dir="0" index="0" bw="8" slack="2"/>
<pin id="3998" dir="1" index="1" bw="8" slack="2"/>
</pin_list>
<bind>
<opset="window_V_609_1_i "/>
</bind>
</comp>

<comp id="4002" class="1005" name="window_V_610_1_i_reg_4002">
<pin_list>
<pin id="4003" dir="0" index="0" bw="8" slack="2"/>
<pin id="4004" dir="1" index="1" bw="8" slack="2"/>
</pin_list>
<bind>
<opset="window_V_610_1_i "/>
</bind>
</comp>

<comp id="4008" class="1005" name="window_V_611_1_i_reg_4008">
<pin_list>
<pin id="4009" dir="0" index="0" bw="8" slack="2"/>
<pin id="4010" dir="1" index="1" bw="8" slack="2"/>
</pin_list>
<bind>
<opset="window_V_611_1_i "/>
</bind>
</comp>

<comp id="4014" class="1005" name="window_V_612_1_i_reg_4014">
<pin_list>
<pin id="4015" dir="0" index="0" bw="8" slack="2"/>
<pin id="4016" dir="1" index="1" bw="8" slack="2"/>
</pin_list>
<bind>
<opset="window_V_612_1_i "/>
</bind>
</comp>

<comp id="4020" class="1005" name="window_V_613_1_i_reg_4020">
<pin_list>
<pin id="4021" dir="0" index="0" bw="8" slack="2"/>
<pin id="4022" dir="1" index="1" bw="8" slack="2"/>
</pin_list>
<bind>
<opset="window_V_613_1_i "/>
</bind>
</comp>

<comp id="4026" class="1005" name="window_V_614_1_i_reg_4026">
<pin_list>
<pin id="4027" dir="0" index="0" bw="8" slack="2"/>
<pin id="4028" dir="1" index="1" bw="8" slack="2"/>
</pin_list>
<bind>
<opset="window_V_614_1_i "/>
</bind>
</comp>

<comp id="4032" class="1005" name="window_V_615_1_i_reg_4032">
<pin_list>
<pin id="4033" dir="0" index="0" bw="8" slack="2"/>
<pin id="4034" dir="1" index="1" bw="8" slack="2"/>
</pin_list>
<bind>
<opset="window_V_615_1_i "/>
</bind>
</comp>

<comp id="4038" class="1005" name="window_V_616_1_i_reg_4038">
<pin_list>
<pin id="4039" dir="0" index="0" bw="8" slack="2"/>
<pin id="4040" dir="1" index="1" bw="8" slack="2"/>
</pin_list>
<bind>
<opset="window_V_616_1_i "/>
</bind>
</comp>

<comp id="4044" class="1005" name="window_V_617_1_i_reg_4044">
<pin_list>
<pin id="4045" dir="0" index="0" bw="8" slack="2"/>
<pin id="4046" dir="1" index="1" bw="8" slack="2"/>
</pin_list>
<bind>
<opset="window_V_617_1_i "/>
</bind>
</comp>

<comp id="4050" class="1005" name="window_V_618_1_i_reg_4050">
<pin_list>
<pin id="4051" dir="0" index="0" bw="8" slack="2"/>
<pin id="4052" dir="1" index="1" bw="8" slack="2"/>
</pin_list>
<bind>
<opset="window_V_618_1_i "/>
</bind>
</comp>

<comp id="4056" class="1005" name="window_V_619_1_i_reg_4056">
<pin_list>
<pin id="4057" dir="0" index="0" bw="8" slack="2"/>
<pin id="4058" dir="1" index="1" bw="8" slack="2"/>
</pin_list>
<bind>
<opset="window_V_619_1_i "/>
</bind>
</comp>

<comp id="4062" class="1005" name="window_V_620_1_i_reg_4062">
<pin_list>
<pin id="4063" dir="0" index="0" bw="8" slack="2"/>
<pin id="4064" dir="1" index="1" bw="8" slack="2"/>
</pin_list>
<bind>
<opset="window_V_620_1_i "/>
</bind>
</comp>

<comp id="4068" class="1005" name="window_V_621_1_i_reg_4068">
<pin_list>
<pin id="4069" dir="0" index="0" bw="8" slack="2"/>
<pin id="4070" dir="1" index="1" bw="8" slack="2"/>
</pin_list>
<bind>
<opset="window_V_621_1_i "/>
</bind>
</comp>

<comp id="4074" class="1005" name="window_V_622_1_i_reg_4074">
<pin_list>
<pin id="4075" dir="0" index="0" bw="8" slack="2"/>
<pin id="4076" dir="1" index="1" bw="8" slack="2"/>
</pin_list>
<bind>
<opset="window_V_622_1_i "/>
</bind>
</comp>

<comp id="4080" class="1005" name="window_V_623_1_i_reg_4080">
<pin_list>
<pin id="4081" dir="0" index="0" bw="8" slack="2"/>
<pin id="4082" dir="1" index="1" bw="8" slack="2"/>
</pin_list>
<bind>
<opset="window_V_623_1_i "/>
</bind>
</comp>

<comp id="4086" class="1005" name="window_V_624_1_i_reg_4086">
<pin_list>
<pin id="4087" dir="0" index="0" bw="8" slack="2"/>
<pin id="4088" dir="1" index="1" bw="8" slack="2"/>
</pin_list>
<bind>
<opset="window_V_624_1_i "/>
</bind>
</comp>

<comp id="4092" class="1005" name="window_V_625_1_i_reg_4092">
<pin_list>
<pin id="4093" dir="0" index="0" bw="8" slack="2"/>
<pin id="4094" dir="1" index="1" bw="8" slack="2"/>
</pin_list>
<bind>
<opset="window_V_625_1_i "/>
</bind>
</comp>

<comp id="4098" class="1005" name="window_V_626_1_i_reg_4098">
<pin_list>
<pin id="4099" dir="0" index="0" bw="8" slack="2"/>
<pin id="4100" dir="1" index="1" bw="8" slack="2"/>
</pin_list>
<bind>
<opset="window_V_626_1_i "/>
</bind>
</comp>

<comp id="4104" class="1005" name="window_V_627_1_i_reg_4104">
<pin_list>
<pin id="4105" dir="0" index="0" bw="8" slack="2"/>
<pin id="4106" dir="1" index="1" bw="8" slack="2"/>
</pin_list>
<bind>
<opset="window_V_627_1_i "/>
</bind>
</comp>

<comp id="4110" class="1005" name="window_V_628_1_i_reg_4110">
<pin_list>
<pin id="4111" dir="0" index="0" bw="8" slack="2"/>
<pin id="4112" dir="1" index="1" bw="8" slack="2"/>
</pin_list>
<bind>
<opset="window_V_628_1_i "/>
</bind>
</comp>

<comp id="4116" class="1005" name="window_V_629_1_i_reg_4116">
<pin_list>
<pin id="4117" dir="0" index="0" bw="8" slack="2"/>
<pin id="4118" dir="1" index="1" bw="8" slack="2"/>
</pin_list>
<bind>
<opset="window_V_629_1_i "/>
</bind>
</comp>

<comp id="4122" class="1005" name="window_V_630_1_i_reg_4122">
<pin_list>
<pin id="4123" dir="0" index="0" bw="8" slack="2"/>
<pin id="4124" dir="1" index="1" bw="8" slack="2"/>
</pin_list>
<bind>
<opset="window_V_630_1_i "/>
</bind>
</comp>

<comp id="4128" class="1005" name="window_V_631_1_i_reg_4128">
<pin_list>
<pin id="4129" dir="0" index="0" bw="8" slack="2"/>
<pin id="4130" dir="1" index="1" bw="8" slack="2"/>
</pin_list>
<bind>
<opset="window_V_631_1_i "/>
</bind>
</comp>

<comp id="4134" class="1005" name="window_V_632_1_i_reg_4134">
<pin_list>
<pin id="4135" dir="0" index="0" bw="8" slack="2"/>
<pin id="4136" dir="1" index="1" bw="8" slack="2"/>
</pin_list>
<bind>
<opset="window_V_632_1_i "/>
</bind>
</comp>

<comp id="4140" class="1005" name="window_V_633_1_i_reg_4140">
<pin_list>
<pin id="4141" dir="0" index="0" bw="8" slack="2"/>
<pin id="4142" dir="1" index="1" bw="8" slack="2"/>
</pin_list>
<bind>
<opset="window_V_633_1_i "/>
</bind>
</comp>

<comp id="4146" class="1005" name="window_V_634_1_i_reg_4146">
<pin_list>
<pin id="4147" dir="0" index="0" bw="8" slack="2"/>
<pin id="4148" dir="1" index="1" bw="8" slack="2"/>
</pin_list>
<bind>
<opset="window_V_634_1_i "/>
</bind>
</comp>

<comp id="4152" class="1005" name="window_V_635_1_i_reg_4152">
<pin_list>
<pin id="4153" dir="0" index="0" bw="8" slack="2"/>
<pin id="4154" dir="1" index="1" bw="8" slack="2"/>
</pin_list>
<bind>
<opset="window_V_635_1_i "/>
</bind>
</comp>

<comp id="4158" class="1005" name="window_V_636_1_i_reg_4158">
<pin_list>
<pin id="4159" dir="0" index="0" bw="8" slack="2"/>
<pin id="4160" dir="1" index="1" bw="8" slack="2"/>
</pin_list>
<bind>
<opset="window_V_636_1_i "/>
</bind>
</comp>

<comp id="4164" class="1005" name="window_V_637_1_i_reg_4164">
<pin_list>
<pin id="4165" dir="0" index="0" bw="8" slack="2"/>
<pin id="4166" dir="1" index="1" bw="8" slack="2"/>
</pin_list>
<bind>
<opset="window_V_637_1_i "/>
</bind>
</comp>

<comp id="4170" class="1005" name="window_V_638_1_i_reg_4170">
<pin_list>
<pin id="4171" dir="0" index="0" bw="8" slack="2"/>
<pin id="4172" dir="1" index="1" bw="8" slack="2"/>
</pin_list>
<bind>
<opset="window_V_638_1_i "/>
</bind>
</comp>

<comp id="4176" class="1005" name="window_V_639_1_i_reg_4176">
<pin_list>
<pin id="4177" dir="0" index="0" bw="8" slack="2"/>
<pin id="4178" dir="1" index="1" bw="8" slack="2"/>
</pin_list>
<bind>
<opset="window_V_639_1_i "/>
</bind>
</comp>

<comp id="4182" class="1005" name="window_V_640_1_i_reg_4182">
<pin_list>
<pin id="4183" dir="0" index="0" bw="8" slack="2"/>
<pin id="4184" dir="1" index="1" bw="8" slack="2"/>
</pin_list>
<bind>
<opset="window_V_640_1_i "/>
</bind>
</comp>

<comp id="4188" class="1005" name="window_V_641_1_i_reg_4188">
<pin_list>
<pin id="4189" dir="0" index="0" bw="8" slack="2"/>
<pin id="4190" dir="1" index="1" bw="8" slack="2"/>
</pin_list>
<bind>
<opset="window_V_641_1_i "/>
</bind>
</comp>

<comp id="4194" class="1005" name="window_V_642_1_i_reg_4194">
<pin_list>
<pin id="4195" dir="0" index="0" bw="8" slack="2"/>
<pin id="4196" dir="1" index="1" bw="8" slack="2"/>
</pin_list>
<bind>
<opset="window_V_642_1_i "/>
</bind>
</comp>

<comp id="4200" class="1005" name="window_V_643_1_i_reg_4200">
<pin_list>
<pin id="4201" dir="0" index="0" bw="8" slack="2"/>
<pin id="4202" dir="1" index="1" bw="8" slack="2"/>
</pin_list>
<bind>
<opset="window_V_643_1_i "/>
</bind>
</comp>

<comp id="4206" class="1005" name="window_V_644_1_i_reg_4206">
<pin_list>
<pin id="4207" dir="0" index="0" bw="8" slack="2"/>
<pin id="4208" dir="1" index="1" bw="8" slack="2"/>
</pin_list>
<bind>
<opset="window_V_644_1_i "/>
</bind>
</comp>

<comp id="4212" class="1005" name="window_V_645_1_i_reg_4212">
<pin_list>
<pin id="4213" dir="0" index="0" bw="8" slack="2"/>
<pin id="4214" dir="1" index="1" bw="8" slack="2"/>
</pin_list>
<bind>
<opset="window_V_645_1_i "/>
</bind>
</comp>

<comp id="4218" class="1005" name="window_V_646_1_i_reg_4218">
<pin_list>
<pin id="4219" dir="0" index="0" bw="8" slack="2"/>
<pin id="4220" dir="1" index="1" bw="8" slack="2"/>
</pin_list>
<bind>
<opset="window_V_646_1_i "/>
</bind>
</comp>

<comp id="4224" class="1005" name="window_V_647_1_i_reg_4224">
<pin_list>
<pin id="4225" dir="0" index="0" bw="8" slack="2"/>
<pin id="4226" dir="1" index="1" bw="8" slack="2"/>
</pin_list>
<bind>
<opset="window_V_647_1_i "/>
</bind>
</comp>

<comp id="4230" class="1005" name="window_V_648_1_i_reg_4230">
<pin_list>
<pin id="4231" dir="0" index="0" bw="8" slack="2"/>
<pin id="4232" dir="1" index="1" bw="8" slack="2"/>
</pin_list>
<bind>
<opset="window_V_648_1_i "/>
</bind>
</comp>

<comp id="4236" class="1005" name="window_V_649_1_i_reg_4236">
<pin_list>
<pin id="4237" dir="0" index="0" bw="8" slack="2"/>
<pin id="4238" dir="1" index="1" bw="8" slack="2"/>
</pin_list>
<bind>
<opset="window_V_649_1_i "/>
</bind>
</comp>

<comp id="4242" class="1005" name="window_V_650_1_i_reg_4242">
<pin_list>
<pin id="4243" dir="0" index="0" bw="8" slack="2"/>
<pin id="4244" dir="1" index="1" bw="8" slack="2"/>
</pin_list>
<bind>
<opset="window_V_650_1_i "/>
</bind>
</comp>

<comp id="4248" class="1005" name="window_V_651_1_i_reg_4248">
<pin_list>
<pin id="4249" dir="0" index="0" bw="8" slack="2"/>
<pin id="4250" dir="1" index="1" bw="8" slack="2"/>
</pin_list>
<bind>
<opset="window_V_651_1_i "/>
</bind>
</comp>

<comp id="4254" class="1005" name="window_V_652_1_i_reg_4254">
<pin_list>
<pin id="4255" dir="0" index="0" bw="8" slack="2"/>
<pin id="4256" dir="1" index="1" bw="8" slack="2"/>
</pin_list>
<bind>
<opset="window_V_652_1_i "/>
</bind>
</comp>

<comp id="4260" class="1005" name="window_V_653_1_i_reg_4260">
<pin_list>
<pin id="4261" dir="0" index="0" bw="8" slack="2"/>
<pin id="4262" dir="1" index="1" bw="8" slack="2"/>
</pin_list>
<bind>
<opset="window_V_653_1_i "/>
</bind>
</comp>

<comp id="4266" class="1005" name="window_V_654_1_i_reg_4266">
<pin_list>
<pin id="4267" dir="0" index="0" bw="8" slack="2"/>
<pin id="4268" dir="1" index="1" bw="8" slack="2"/>
</pin_list>
<bind>
<opset="window_V_654_1_i "/>
</bind>
</comp>

<comp id="4272" class="1005" name="window_V_655_1_i_reg_4272">
<pin_list>
<pin id="4273" dir="0" index="0" bw="8" slack="2"/>
<pin id="4274" dir="1" index="1" bw="8" slack="2"/>
</pin_list>
<bind>
<opset="window_V_655_1_i "/>
</bind>
</comp>

<comp id="4278" class="1005" name="window_V_656_1_i_reg_4278">
<pin_list>
<pin id="4279" dir="0" index="0" bw="8" slack="2"/>
<pin id="4280" dir="1" index="1" bw="8" slack="2"/>
</pin_list>
<bind>
<opset="window_V_656_1_i "/>
</bind>
</comp>

<comp id="4284" class="1005" name="indvar_flatten20_reg_4284">
<pin_list>
<pin id="4285" dir="0" index="0" bw="9" slack="0"/>
<pin id="4286" dir="1" index="1" bw="9" slack="0"/>
</pin_list>
<bind>
<opset="indvar_flatten20 "/>
</bind>
</comp>

<comp id="4291" class="1005" name="window_V_2_i_loc_reg_4291">
<pin_list>
<pin id="4292" dir="0" index="0" bw="8" slack="2"/>
<pin id="4293" dir="1" index="1" bw="8" slack="2"/>
</pin_list>
<bind>
<opset="window_V_2_i_loc "/>
</bind>
</comp>

<comp id="4297" class="1005" name="window_V_514_2_i_loc_reg_4297">
<pin_list>
<pin id="4298" dir="0" index="0" bw="8" slack="2"/>
<pin id="4299" dir="1" index="1" bw="8" slack="2"/>
</pin_list>
<bind>
<opset="window_V_514_2_i_loc "/>
</bind>
</comp>

<comp id="4303" class="1005" name="window_V_234_loc_reg_4303">
<pin_list>
<pin id="4304" dir="0" index="0" bw="8" slack="2"/>
<pin id="4305" dir="1" index="1" bw="8" slack="2"/>
</pin_list>
<bind>
<opset="window_V_234_loc "/>
</bind>
</comp>

<comp id="4309" class="1005" name="window_V_516_2_i_loc_reg_4309">
<pin_list>
<pin id="4310" dir="0" index="0" bw="8" slack="2"/>
<pin id="4311" dir="1" index="1" bw="8" slack="2"/>
</pin_list>
<bind>
<opset="window_V_516_2_i_loc "/>
</bind>
</comp>

<comp id="4315" class="1005" name="window_V_235_loc_reg_4315">
<pin_list>
<pin id="4316" dir="0" index="0" bw="8" slack="2"/>
<pin id="4317" dir="1" index="1" bw="8" slack="2"/>
</pin_list>
<bind>
<opset="window_V_235_loc "/>
</bind>
</comp>

<comp id="4321" class="1005" name="window_V_236_loc_reg_4321">
<pin_list>
<pin id="4322" dir="0" index="0" bw="8" slack="2"/>
<pin id="4323" dir="1" index="1" bw="8" slack="2"/>
</pin_list>
<bind>
<opset="window_V_236_loc "/>
</bind>
</comp>

<comp id="4327" class="1005" name="window_V_519_2_i_loc_reg_4327">
<pin_list>
<pin id="4328" dir="0" index="0" bw="8" slack="2"/>
<pin id="4329" dir="1" index="1" bw="8" slack="2"/>
</pin_list>
<bind>
<opset="window_V_519_2_i_loc "/>
</bind>
</comp>

<comp id="4333" class="1005" name="window_V_237_loc_reg_4333">
<pin_list>
<pin id="4334" dir="0" index="0" bw="8" slack="2"/>
<pin id="4335" dir="1" index="1" bw="8" slack="2"/>
</pin_list>
<bind>
<opset="window_V_237_loc "/>
</bind>
</comp>

<comp id="4339" class="1005" name="window_V_238_loc_reg_4339">
<pin_list>
<pin id="4340" dir="0" index="0" bw="8" slack="2"/>
<pin id="4341" dir="1" index="1" bw="8" slack="2"/>
</pin_list>
<bind>
<opset="window_V_238_loc "/>
</bind>
</comp>

<comp id="4345" class="1005" name="window_V_522_2_i_loc_reg_4345">
<pin_list>
<pin id="4346" dir="0" index="0" bw="8" slack="2"/>
<pin id="4347" dir="1" index="1" bw="8" slack="2"/>
</pin_list>
<bind>
<opset="window_V_522_2_i_loc "/>
</bind>
</comp>

<comp id="4351" class="1005" name="window_V_523_2_i_loc_reg_4351">
<pin_list>
<pin id="4352" dir="0" index="0" bw="8" slack="2"/>
<pin id="4353" dir="1" index="1" bw="8" slack="2"/>
</pin_list>
<bind>
<opset="window_V_523_2_i_loc "/>
</bind>
</comp>

<comp id="4357" class="1005" name="window_V_241_loc_reg_4357">
<pin_list>
<pin id="4358" dir="0" index="0" bw="8" slack="2"/>
<pin id="4359" dir="1" index="1" bw="8" slack="2"/>
</pin_list>
<bind>
<opset="window_V_241_loc "/>
</bind>
</comp>

<comp id="4363" class="1005" name="window_V_525_2_i_loc_reg_4363">
<pin_list>
<pin id="4364" dir="0" index="0" bw="8" slack="2"/>
<pin id="4365" dir="1" index="1" bw="8" slack="2"/>
</pin_list>
<bind>
<opset="window_V_525_2_i_loc "/>
</bind>
</comp>

<comp id="4369" class="1005" name="window_V_242_loc_reg_4369">
<pin_list>
<pin id="4370" dir="0" index="0" bw="8" slack="2"/>
<pin id="4371" dir="1" index="1" bw="8" slack="2"/>
</pin_list>
<bind>
<opset="window_V_242_loc "/>
</bind>
</comp>

<comp id="4375" class="1005" name="window_V_243_loc_reg_4375">
<pin_list>
<pin id="4376" dir="0" index="0" bw="8" slack="2"/>
<pin id="4377" dir="1" index="1" bw="8" slack="2"/>
</pin_list>
<bind>
<opset="window_V_243_loc "/>
</bind>
</comp>

<comp id="4381" class="1005" name="window_V_528_2_i_loc_reg_4381">
<pin_list>
<pin id="4382" dir="0" index="0" bw="8" slack="2"/>
<pin id="4383" dir="1" index="1" bw="8" slack="2"/>
</pin_list>
<bind>
<opset="window_V_528_2_i_loc "/>
</bind>
</comp>

<comp id="4387" class="1005" name="window_V_244_loc_reg_4387">
<pin_list>
<pin id="4388" dir="0" index="0" bw="8" slack="2"/>
<pin id="4389" dir="1" index="1" bw="8" slack="2"/>
</pin_list>
<bind>
<opset="window_V_244_loc "/>
</bind>
</comp>

<comp id="4393" class="1005" name="window_V_245_loc_reg_4393">
<pin_list>
<pin id="4394" dir="0" index="0" bw="8" slack="2"/>
<pin id="4395" dir="1" index="1" bw="8" slack="2"/>
</pin_list>
<bind>
<opset="window_V_245_loc "/>
</bind>
</comp>

<comp id="4399" class="1005" name="window_V_531_2_i_loc_reg_4399">
<pin_list>
<pin id="4400" dir="0" index="0" bw="8" slack="2"/>
<pin id="4401" dir="1" index="1" bw="8" slack="2"/>
</pin_list>
<bind>
<opset="window_V_531_2_i_loc "/>
</bind>
</comp>

<comp id="4405" class="1005" name="window_V_532_2_i_loc_reg_4405">
<pin_list>
<pin id="4406" dir="0" index="0" bw="8" slack="2"/>
<pin id="4407" dir="1" index="1" bw="8" slack="2"/>
</pin_list>
<bind>
<opset="window_V_532_2_i_loc "/>
</bind>
</comp>

<comp id="4411" class="1005" name="window_V_248_loc_reg_4411">
<pin_list>
<pin id="4412" dir="0" index="0" bw="8" slack="2"/>
<pin id="4413" dir="1" index="1" bw="8" slack="2"/>
</pin_list>
<bind>
<opset="window_V_248_loc "/>
</bind>
</comp>

<comp id="4417" class="1005" name="window_V_534_2_i_loc_reg_4417">
<pin_list>
<pin id="4418" dir="0" index="0" bw="8" slack="2"/>
<pin id="4419" dir="1" index="1" bw="8" slack="2"/>
</pin_list>
<bind>
<opset="window_V_534_2_i_loc "/>
</bind>
</comp>

<comp id="4423" class="1005" name="window_V_249_loc_reg_4423">
<pin_list>
<pin id="4424" dir="0" index="0" bw="8" slack="2"/>
<pin id="4425" dir="1" index="1" bw="8" slack="2"/>
</pin_list>
<bind>
<opset="window_V_249_loc "/>
</bind>
</comp>

<comp id="4429" class="1005" name="window_V_250_loc_reg_4429">
<pin_list>
<pin id="4430" dir="0" index="0" bw="8" slack="2"/>
<pin id="4431" dir="1" index="1" bw="8" slack="2"/>
</pin_list>
<bind>
<opset="window_V_250_loc "/>
</bind>
</comp>

<comp id="4435" class="1005" name="window_V_537_2_i_loc_reg_4435">
<pin_list>
<pin id="4436" dir="0" index="0" bw="8" slack="2"/>
<pin id="4437" dir="1" index="1" bw="8" slack="2"/>
</pin_list>
<bind>
<opset="window_V_537_2_i_loc "/>
</bind>
</comp>

<comp id="4441" class="1005" name="window_V_251_loc_reg_4441">
<pin_list>
<pin id="4442" dir="0" index="0" bw="8" slack="2"/>
<pin id="4443" dir="1" index="1" bw="8" slack="2"/>
</pin_list>
<bind>
<opset="window_V_251_loc "/>
</bind>
</comp>

<comp id="4447" class="1005" name="window_V_252_loc_reg_4447">
<pin_list>
<pin id="4448" dir="0" index="0" bw="8" slack="2"/>
<pin id="4449" dir="1" index="1" bw="8" slack="2"/>
</pin_list>
<bind>
<opset="window_V_252_loc "/>
</bind>
</comp>

<comp id="4453" class="1005" name="window_V_540_2_i_loc_reg_4453">
<pin_list>
<pin id="4454" dir="0" index="0" bw="8" slack="2"/>
<pin id="4455" dir="1" index="1" bw="8" slack="2"/>
</pin_list>
<bind>
<opset="window_V_540_2_i_loc "/>
</bind>
</comp>

<comp id="4459" class="1005" name="window_V_541_2_i_loc_reg_4459">
<pin_list>
<pin id="4460" dir="0" index="0" bw="8" slack="2"/>
<pin id="4461" dir="1" index="1" bw="8" slack="2"/>
</pin_list>
<bind>
<opset="window_V_541_2_i_loc "/>
</bind>
</comp>

<comp id="4465" class="1005" name="window_V_255_loc_reg_4465">
<pin_list>
<pin id="4466" dir="0" index="0" bw="8" slack="2"/>
<pin id="4467" dir="1" index="1" bw="8" slack="2"/>
</pin_list>
<bind>
<opset="window_V_255_loc "/>
</bind>
</comp>

<comp id="4471" class="1005" name="window_V_543_2_i_loc_reg_4471">
<pin_list>
<pin id="4472" dir="0" index="0" bw="8" slack="2"/>
<pin id="4473" dir="1" index="1" bw="8" slack="2"/>
</pin_list>
<bind>
<opset="window_V_543_2_i_loc "/>
</bind>
</comp>

<comp id="4477" class="1005" name="window_V_256_loc_reg_4477">
<pin_list>
<pin id="4478" dir="0" index="0" bw="8" slack="2"/>
<pin id="4479" dir="1" index="1" bw="8" slack="2"/>
</pin_list>
<bind>
<opset="window_V_256_loc "/>
</bind>
</comp>

<comp id="4483" class="1005" name="window_V_257_loc_reg_4483">
<pin_list>
<pin id="4484" dir="0" index="0" bw="8" slack="2"/>
<pin id="4485" dir="1" index="1" bw="8" slack="2"/>
</pin_list>
<bind>
<opset="window_V_257_loc "/>
</bind>
</comp>

<comp id="4489" class="1005" name="window_V_546_2_i_loc_reg_4489">
<pin_list>
<pin id="4490" dir="0" index="0" bw="8" slack="2"/>
<pin id="4491" dir="1" index="1" bw="8" slack="2"/>
</pin_list>
<bind>
<opset="window_V_546_2_i_loc "/>
</bind>
</comp>

<comp id="4495" class="1005" name="window_V_258_loc_reg_4495">
<pin_list>
<pin id="4496" dir="0" index="0" bw="8" slack="2"/>
<pin id="4497" dir="1" index="1" bw="8" slack="2"/>
</pin_list>
<bind>
<opset="window_V_258_loc "/>
</bind>
</comp>

<comp id="4501" class="1005" name="window_V_259_loc_reg_4501">
<pin_list>
<pin id="4502" dir="0" index="0" bw="8" slack="2"/>
<pin id="4503" dir="1" index="1" bw="8" slack="2"/>
</pin_list>
<bind>
<opset="window_V_259_loc "/>
</bind>
</comp>

<comp id="4507" class="1005" name="window_V_549_2_i_loc_reg_4507">
<pin_list>
<pin id="4508" dir="0" index="0" bw="8" slack="2"/>
<pin id="4509" dir="1" index="1" bw="8" slack="2"/>
</pin_list>
<bind>
<opset="window_V_549_2_i_loc "/>
</bind>
</comp>

<comp id="4513" class="1005" name="window_V_550_2_i_loc_reg_4513">
<pin_list>
<pin id="4514" dir="0" index="0" bw="8" slack="2"/>
<pin id="4515" dir="1" index="1" bw="8" slack="2"/>
</pin_list>
<bind>
<opset="window_V_550_2_i_loc "/>
</bind>
</comp>

<comp id="4519" class="1005" name="window_V_262_loc_reg_4519">
<pin_list>
<pin id="4520" dir="0" index="0" bw="8" slack="2"/>
<pin id="4521" dir="1" index="1" bw="8" slack="2"/>
</pin_list>
<bind>
<opset="window_V_262_loc "/>
</bind>
</comp>

<comp id="4525" class="1005" name="window_V_552_2_i_loc_reg_4525">
<pin_list>
<pin id="4526" dir="0" index="0" bw="8" slack="2"/>
<pin id="4527" dir="1" index="1" bw="8" slack="2"/>
</pin_list>
<bind>
<opset="window_V_552_2_i_loc "/>
</bind>
</comp>

<comp id="4531" class="1005" name="window_V_263_loc_reg_4531">
<pin_list>
<pin id="4532" dir="0" index="0" bw="8" slack="2"/>
<pin id="4533" dir="1" index="1" bw="8" slack="2"/>
</pin_list>
<bind>
<opset="window_V_263_loc "/>
</bind>
</comp>

<comp id="4537" class="1005" name="window_V_264_loc_reg_4537">
<pin_list>
<pin id="4538" dir="0" index="0" bw="8" slack="2"/>
<pin id="4539" dir="1" index="1" bw="8" slack="2"/>
</pin_list>
<bind>
<opset="window_V_264_loc "/>
</bind>
</comp>

<comp id="4543" class="1005" name="window_V_555_2_i_loc_reg_4543">
<pin_list>
<pin id="4544" dir="0" index="0" bw="8" slack="2"/>
<pin id="4545" dir="1" index="1" bw="8" slack="2"/>
</pin_list>
<bind>
<opset="window_V_555_2_i_loc "/>
</bind>
</comp>

<comp id="4549" class="1005" name="window_V_265_loc_reg_4549">
<pin_list>
<pin id="4550" dir="0" index="0" bw="8" slack="2"/>
<pin id="4551" dir="1" index="1" bw="8" slack="2"/>
</pin_list>
<bind>
<opset="window_V_265_loc "/>
</bind>
</comp>

<comp id="4555" class="1005" name="window_V_266_loc_reg_4555">
<pin_list>
<pin id="4556" dir="0" index="0" bw="8" slack="2"/>
<pin id="4557" dir="1" index="1" bw="8" slack="2"/>
</pin_list>
<bind>
<opset="window_V_266_loc "/>
</bind>
</comp>

<comp id="4561" class="1005" name="window_V_558_2_i_loc_reg_4561">
<pin_list>
<pin id="4562" dir="0" index="0" bw="8" slack="2"/>
<pin id="4563" dir="1" index="1" bw="8" slack="2"/>
</pin_list>
<bind>
<opset="window_V_558_2_i_loc "/>
</bind>
</comp>

<comp id="4567" class="1005" name="window_V_559_2_i_loc_reg_4567">
<pin_list>
<pin id="4568" dir="0" index="0" bw="8" slack="2"/>
<pin id="4569" dir="1" index="1" bw="8" slack="2"/>
</pin_list>
<bind>
<opset="window_V_559_2_i_loc "/>
</bind>
</comp>

<comp id="4573" class="1005" name="window_V_269_loc_reg_4573">
<pin_list>
<pin id="4574" dir="0" index="0" bw="8" slack="2"/>
<pin id="4575" dir="1" index="1" bw="8" slack="2"/>
</pin_list>
<bind>
<opset="window_V_269_loc "/>
</bind>
</comp>

<comp id="4579" class="1005" name="window_V_561_2_i_loc_reg_4579">
<pin_list>
<pin id="4580" dir="0" index="0" bw="8" slack="2"/>
<pin id="4581" dir="1" index="1" bw="8" slack="2"/>
</pin_list>
<bind>
<opset="window_V_561_2_i_loc "/>
</bind>
</comp>

<comp id="4585" class="1005" name="window_V_270_loc_reg_4585">
<pin_list>
<pin id="4586" dir="0" index="0" bw="8" slack="2"/>
<pin id="4587" dir="1" index="1" bw="8" slack="2"/>
</pin_list>
<bind>
<opset="window_V_270_loc "/>
</bind>
</comp>

<comp id="4591" class="1005" name="window_V_271_loc_reg_4591">
<pin_list>
<pin id="4592" dir="0" index="0" bw="8" slack="2"/>
<pin id="4593" dir="1" index="1" bw="8" slack="2"/>
</pin_list>
<bind>
<opset="window_V_271_loc "/>
</bind>
</comp>

<comp id="4597" class="1005" name="window_V_564_2_i_loc_reg_4597">
<pin_list>
<pin id="4598" dir="0" index="0" bw="8" slack="2"/>
<pin id="4599" dir="1" index="1" bw="8" slack="2"/>
</pin_list>
<bind>
<opset="window_V_564_2_i_loc "/>
</bind>
</comp>

<comp id="4603" class="1005" name="window_V_272_loc_reg_4603">
<pin_list>
<pin id="4604" dir="0" index="0" bw="8" slack="2"/>
<pin id="4605" dir="1" index="1" bw="8" slack="2"/>
</pin_list>
<bind>
<opset="window_V_272_loc "/>
</bind>
</comp>

<comp id="4609" class="1005" name="window_V_273_loc_reg_4609">
<pin_list>
<pin id="4610" dir="0" index="0" bw="8" slack="2"/>
<pin id="4611" dir="1" index="1" bw="8" slack="2"/>
</pin_list>
<bind>
<opset="window_V_273_loc "/>
</bind>
</comp>

<comp id="4615" class="1005" name="window_V_567_2_i_loc_reg_4615">
<pin_list>
<pin id="4616" dir="0" index="0" bw="8" slack="2"/>
<pin id="4617" dir="1" index="1" bw="8" slack="2"/>
</pin_list>
<bind>
<opset="window_V_567_2_i_loc "/>
</bind>
</comp>

<comp id="4621" class="1005" name="window_V_568_2_i_loc_reg_4621">
<pin_list>
<pin id="4622" dir="0" index="0" bw="8" slack="2"/>
<pin id="4623" dir="1" index="1" bw="8" slack="2"/>
</pin_list>
<bind>
<opset="window_V_568_2_i_loc "/>
</bind>
</comp>

<comp id="4627" class="1005" name="window_V_276_loc_reg_4627">
<pin_list>
<pin id="4628" dir="0" index="0" bw="8" slack="2"/>
<pin id="4629" dir="1" index="1" bw="8" slack="2"/>
</pin_list>
<bind>
<opset="window_V_276_loc "/>
</bind>
</comp>

<comp id="4633" class="1005" name="window_V_570_2_i_loc_reg_4633">
<pin_list>
<pin id="4634" dir="0" index="0" bw="8" slack="2"/>
<pin id="4635" dir="1" index="1" bw="8" slack="2"/>
</pin_list>
<bind>
<opset="window_V_570_2_i_loc "/>
</bind>
</comp>

<comp id="4639" class="1005" name="window_V_277_loc_reg_4639">
<pin_list>
<pin id="4640" dir="0" index="0" bw="8" slack="2"/>
<pin id="4641" dir="1" index="1" bw="8" slack="2"/>
</pin_list>
<bind>
<opset="window_V_277_loc "/>
</bind>
</comp>

<comp id="4645" class="1005" name="window_V_278_loc_reg_4645">
<pin_list>
<pin id="4646" dir="0" index="0" bw="8" slack="2"/>
<pin id="4647" dir="1" index="1" bw="8" slack="2"/>
</pin_list>
<bind>
<opset="window_V_278_loc "/>
</bind>
</comp>

<comp id="4651" class="1005" name="window_V_573_2_i_loc_reg_4651">
<pin_list>
<pin id="4652" dir="0" index="0" bw="8" slack="2"/>
<pin id="4653" dir="1" index="1" bw="8" slack="2"/>
</pin_list>
<bind>
<opset="window_V_573_2_i_loc "/>
</bind>
</comp>

<comp id="4657" class="1005" name="window_V_279_loc_reg_4657">
<pin_list>
<pin id="4658" dir="0" index="0" bw="8" slack="2"/>
<pin id="4659" dir="1" index="1" bw="8" slack="2"/>
</pin_list>
<bind>
<opset="window_V_279_loc "/>
</bind>
</comp>

<comp id="4663" class="1005" name="window_V_280_loc_reg_4663">
<pin_list>
<pin id="4664" dir="0" index="0" bw="8" slack="2"/>
<pin id="4665" dir="1" index="1" bw="8" slack="2"/>
</pin_list>
<bind>
<opset="window_V_280_loc "/>
</bind>
</comp>

<comp id="4669" class="1005" name="window_V_576_2_i_loc_reg_4669">
<pin_list>
<pin id="4670" dir="0" index="0" bw="8" slack="2"/>
<pin id="4671" dir="1" index="1" bw="8" slack="2"/>
</pin_list>
<bind>
<opset="window_V_576_2_i_loc "/>
</bind>
</comp>

<comp id="4675" class="1005" name="window_V_577_2_i_loc_reg_4675">
<pin_list>
<pin id="4676" dir="0" index="0" bw="8" slack="2"/>
<pin id="4677" dir="1" index="1" bw="8" slack="2"/>
</pin_list>
<bind>
<opset="window_V_577_2_i_loc "/>
</bind>
</comp>

<comp id="4681" class="1005" name="window_V_283_loc_reg_4681">
<pin_list>
<pin id="4682" dir="0" index="0" bw="8" slack="2"/>
<pin id="4683" dir="1" index="1" bw="8" slack="2"/>
</pin_list>
<bind>
<opset="window_V_283_loc "/>
</bind>
</comp>

<comp id="4687" class="1005" name="window_V_579_2_i_loc_reg_4687">
<pin_list>
<pin id="4688" dir="0" index="0" bw="8" slack="2"/>
<pin id="4689" dir="1" index="1" bw="8" slack="2"/>
</pin_list>
<bind>
<opset="window_V_579_2_i_loc "/>
</bind>
</comp>

<comp id="4693" class="1005" name="window_V_284_loc_reg_4693">
<pin_list>
<pin id="4694" dir="0" index="0" bw="8" slack="2"/>
<pin id="4695" dir="1" index="1" bw="8" slack="2"/>
</pin_list>
<bind>
<opset="window_V_284_loc "/>
</bind>
</comp>

<comp id="4699" class="1005" name="window_V_285_loc_reg_4699">
<pin_list>
<pin id="4700" dir="0" index="0" bw="8" slack="2"/>
<pin id="4701" dir="1" index="1" bw="8" slack="2"/>
</pin_list>
<bind>
<opset="window_V_285_loc "/>
</bind>
</comp>

<comp id="4705" class="1005" name="window_V_582_2_i_loc_reg_4705">
<pin_list>
<pin id="4706" dir="0" index="0" bw="8" slack="2"/>
<pin id="4707" dir="1" index="1" bw="8" slack="2"/>
</pin_list>
<bind>
<opset="window_V_582_2_i_loc "/>
</bind>
</comp>

<comp id="4711" class="1005" name="window_V_286_loc_reg_4711">
<pin_list>
<pin id="4712" dir="0" index="0" bw="8" slack="2"/>
<pin id="4713" dir="1" index="1" bw="8" slack="2"/>
</pin_list>
<bind>
<opset="window_V_286_loc "/>
</bind>
</comp>

<comp id="4717" class="1005" name="window_V_287_loc_reg_4717">
<pin_list>
<pin id="4718" dir="0" index="0" bw="8" slack="2"/>
<pin id="4719" dir="1" index="1" bw="8" slack="2"/>
</pin_list>
<bind>
<opset="window_V_287_loc "/>
</bind>
</comp>

<comp id="4723" class="1005" name="window_V_585_2_i_loc_reg_4723">
<pin_list>
<pin id="4724" dir="0" index="0" bw="8" slack="2"/>
<pin id="4725" dir="1" index="1" bw="8" slack="2"/>
</pin_list>
<bind>
<opset="window_V_585_2_i_loc "/>
</bind>
</comp>

<comp id="4729" class="1005" name="window_V_586_2_i_loc_reg_4729">
<pin_list>
<pin id="4730" dir="0" index="0" bw="8" slack="2"/>
<pin id="4731" dir="1" index="1" bw="8" slack="2"/>
</pin_list>
<bind>
<opset="window_V_586_2_i_loc "/>
</bind>
</comp>

<comp id="4735" class="1005" name="window_V_290_loc_reg_4735">
<pin_list>
<pin id="4736" dir="0" index="0" bw="8" slack="2"/>
<pin id="4737" dir="1" index="1" bw="8" slack="2"/>
</pin_list>
<bind>
<opset="window_V_290_loc "/>
</bind>
</comp>

<comp id="4741" class="1005" name="window_V_588_2_i_loc_reg_4741">
<pin_list>
<pin id="4742" dir="0" index="0" bw="8" slack="2"/>
<pin id="4743" dir="1" index="1" bw="8" slack="2"/>
</pin_list>
<bind>
<opset="window_V_588_2_i_loc "/>
</bind>
</comp>

<comp id="4747" class="1005" name="window_V_291_loc_reg_4747">
<pin_list>
<pin id="4748" dir="0" index="0" bw="8" slack="2"/>
<pin id="4749" dir="1" index="1" bw="8" slack="2"/>
</pin_list>
<bind>
<opset="window_V_291_loc "/>
</bind>
</comp>

<comp id="4753" class="1005" name="window_V_292_loc_reg_4753">
<pin_list>
<pin id="4754" dir="0" index="0" bw="8" slack="2"/>
<pin id="4755" dir="1" index="1" bw="8" slack="2"/>
</pin_list>
<bind>
<opset="window_V_292_loc "/>
</bind>
</comp>

<comp id="4759" class="1005" name="window_V_591_2_i_loc_reg_4759">
<pin_list>
<pin id="4760" dir="0" index="0" bw="8" slack="2"/>
<pin id="4761" dir="1" index="1" bw="8" slack="2"/>
</pin_list>
<bind>
<opset="window_V_591_2_i_loc "/>
</bind>
</comp>

<comp id="4765" class="1005" name="window_V_293_loc_reg_4765">
<pin_list>
<pin id="4766" dir="0" index="0" bw="8" slack="2"/>
<pin id="4767" dir="1" index="1" bw="8" slack="2"/>
</pin_list>
<bind>
<opset="window_V_293_loc "/>
</bind>
</comp>

<comp id="4771" class="1005" name="window_V_294_loc_reg_4771">
<pin_list>
<pin id="4772" dir="0" index="0" bw="8" slack="2"/>
<pin id="4773" dir="1" index="1" bw="8" slack="2"/>
</pin_list>
<bind>
<opset="window_V_294_loc "/>
</bind>
</comp>

<comp id="4777" class="1005" name="window_V_594_2_i_loc_reg_4777">
<pin_list>
<pin id="4778" dir="0" index="0" bw="8" slack="2"/>
<pin id="4779" dir="1" index="1" bw="8" slack="2"/>
</pin_list>
<bind>
<opset="window_V_594_2_i_loc "/>
</bind>
</comp>

<comp id="4783" class="1005" name="window_V_595_2_i_loc_reg_4783">
<pin_list>
<pin id="4784" dir="0" index="0" bw="8" slack="2"/>
<pin id="4785" dir="1" index="1" bw="8" slack="2"/>
</pin_list>
<bind>
<opset="window_V_595_2_i_loc "/>
</bind>
</comp>

<comp id="4789" class="1005" name="window_V_297_loc_reg_4789">
<pin_list>
<pin id="4790" dir="0" index="0" bw="8" slack="2"/>
<pin id="4791" dir="1" index="1" bw="8" slack="2"/>
</pin_list>
<bind>
<opset="window_V_297_loc "/>
</bind>
</comp>

<comp id="4795" class="1005" name="window_V_597_2_i_loc_reg_4795">
<pin_list>
<pin id="4796" dir="0" index="0" bw="8" slack="2"/>
<pin id="4797" dir="1" index="1" bw="8" slack="2"/>
</pin_list>
<bind>
<opset="window_V_597_2_i_loc "/>
</bind>
</comp>

<comp id="4801" class="1005" name="window_V_298_loc_reg_4801">
<pin_list>
<pin id="4802" dir="0" index="0" bw="8" slack="2"/>
<pin id="4803" dir="1" index="1" bw="8" slack="2"/>
</pin_list>
<bind>
<opset="window_V_298_loc "/>
</bind>
</comp>

<comp id="4807" class="1005" name="window_V_299_loc_reg_4807">
<pin_list>
<pin id="4808" dir="0" index="0" bw="8" slack="2"/>
<pin id="4809" dir="1" index="1" bw="8" slack="2"/>
</pin_list>
<bind>
<opset="window_V_299_loc "/>
</bind>
</comp>

<comp id="4813" class="1005" name="window_V_600_2_i_loc_reg_4813">
<pin_list>
<pin id="4814" dir="0" index="0" bw="8" slack="2"/>
<pin id="4815" dir="1" index="1" bw="8" slack="2"/>
</pin_list>
<bind>
<opset="window_V_600_2_i_loc "/>
</bind>
</comp>

<comp id="4819" class="1005" name="window_V_300_loc_reg_4819">
<pin_list>
<pin id="4820" dir="0" index="0" bw="8" slack="2"/>
<pin id="4821" dir="1" index="1" bw="8" slack="2"/>
</pin_list>
<bind>
<opset="window_V_300_loc "/>
</bind>
</comp>

<comp id="4825" class="1005" name="window_V_301_loc_reg_4825">
<pin_list>
<pin id="4826" dir="0" index="0" bw="8" slack="2"/>
<pin id="4827" dir="1" index="1" bw="8" slack="2"/>
</pin_list>
<bind>
<opset="window_V_301_loc "/>
</bind>
</comp>

<comp id="4831" class="1005" name="window_V_603_2_i_loc_reg_4831">
<pin_list>
<pin id="4832" dir="0" index="0" bw="8" slack="2"/>
<pin id="4833" dir="1" index="1" bw="8" slack="2"/>
</pin_list>
<bind>
<opset="window_V_603_2_i_loc "/>
</bind>
</comp>

<comp id="4837" class="1005" name="window_V_604_2_i_loc_reg_4837">
<pin_list>
<pin id="4838" dir="0" index="0" bw="8" slack="2"/>
<pin id="4839" dir="1" index="1" bw="8" slack="2"/>
</pin_list>
<bind>
<opset="window_V_604_2_i_loc "/>
</bind>
</comp>

<comp id="4843" class="1005" name="window_V_304_loc_reg_4843">
<pin_list>
<pin id="4844" dir="0" index="0" bw="8" slack="2"/>
<pin id="4845" dir="1" index="1" bw="8" slack="2"/>
</pin_list>
<bind>
<opset="window_V_304_loc "/>
</bind>
</comp>

<comp id="4849" class="1005" name="window_V_606_2_i_loc_reg_4849">
<pin_list>
<pin id="4850" dir="0" index="0" bw="8" slack="2"/>
<pin id="4851" dir="1" index="1" bw="8" slack="2"/>
</pin_list>
<bind>
<opset="window_V_606_2_i_loc "/>
</bind>
</comp>

<comp id="4855" class="1005" name="window_V_305_loc_reg_4855">
<pin_list>
<pin id="4856" dir="0" index="0" bw="8" slack="2"/>
<pin id="4857" dir="1" index="1" bw="8" slack="2"/>
</pin_list>
<bind>
<opset="window_V_305_loc "/>
</bind>
</comp>

<comp id="4861" class="1005" name="window_V_306_loc_reg_4861">
<pin_list>
<pin id="4862" dir="0" index="0" bw="8" slack="2"/>
<pin id="4863" dir="1" index="1" bw="8" slack="2"/>
</pin_list>
<bind>
<opset="window_V_306_loc "/>
</bind>
</comp>

<comp id="4867" class="1005" name="window_V_609_2_i_loc_reg_4867">
<pin_list>
<pin id="4868" dir="0" index="0" bw="8" slack="2"/>
<pin id="4869" dir="1" index="1" bw="8" slack="2"/>
</pin_list>
<bind>
<opset="window_V_609_2_i_loc "/>
</bind>
</comp>

<comp id="4873" class="1005" name="window_V_307_loc_reg_4873">
<pin_list>
<pin id="4874" dir="0" index="0" bw="8" slack="2"/>
<pin id="4875" dir="1" index="1" bw="8" slack="2"/>
</pin_list>
<bind>
<opset="window_V_307_loc "/>
</bind>
</comp>

<comp id="4879" class="1005" name="window_V_308_loc_reg_4879">
<pin_list>
<pin id="4880" dir="0" index="0" bw="8" slack="2"/>
<pin id="4881" dir="1" index="1" bw="8" slack="2"/>
</pin_list>
<bind>
<opset="window_V_308_loc "/>
</bind>
</comp>

<comp id="4885" class="1005" name="window_V_612_2_i_loc_reg_4885">
<pin_list>
<pin id="4886" dir="0" index="0" bw="8" slack="2"/>
<pin id="4887" dir="1" index="1" bw="8" slack="2"/>
</pin_list>
<bind>
<opset="window_V_612_2_i_loc "/>
</bind>
</comp>

<comp id="4891" class="1005" name="window_V_613_2_i_loc_reg_4891">
<pin_list>
<pin id="4892" dir="0" index="0" bw="8" slack="2"/>
<pin id="4893" dir="1" index="1" bw="8" slack="2"/>
</pin_list>
<bind>
<opset="window_V_613_2_i_loc "/>
</bind>
</comp>

<comp id="4897" class="1005" name="window_V_311_loc_reg_4897">
<pin_list>
<pin id="4898" dir="0" index="0" bw="8" slack="2"/>
<pin id="4899" dir="1" index="1" bw="8" slack="2"/>
</pin_list>
<bind>
<opset="window_V_311_loc "/>
</bind>
</comp>

<comp id="4903" class="1005" name="window_V_615_2_i_loc_reg_4903">
<pin_list>
<pin id="4904" dir="0" index="0" bw="8" slack="2"/>
<pin id="4905" dir="1" index="1" bw="8" slack="2"/>
</pin_list>
<bind>
<opset="window_V_615_2_i_loc "/>
</bind>
</comp>

<comp id="4909" class="1005" name="window_V_312_loc_reg_4909">
<pin_list>
<pin id="4910" dir="0" index="0" bw="8" slack="2"/>
<pin id="4911" dir="1" index="1" bw="8" slack="2"/>
</pin_list>
<bind>
<opset="window_V_312_loc "/>
</bind>
</comp>

<comp id="4915" class="1005" name="window_V_313_loc_reg_4915">
<pin_list>
<pin id="4916" dir="0" index="0" bw="8" slack="2"/>
<pin id="4917" dir="1" index="1" bw="8" slack="2"/>
</pin_list>
<bind>
<opset="window_V_313_loc "/>
</bind>
</comp>

<comp id="4921" class="1005" name="window_V_618_2_i_loc_reg_4921">
<pin_list>
<pin id="4922" dir="0" index="0" bw="8" slack="2"/>
<pin id="4923" dir="1" index="1" bw="8" slack="2"/>
</pin_list>
<bind>
<opset="window_V_618_2_i_loc "/>
</bind>
</comp>

<comp id="4927" class="1005" name="window_V_314_loc_reg_4927">
<pin_list>
<pin id="4928" dir="0" index="0" bw="8" slack="2"/>
<pin id="4929" dir="1" index="1" bw="8" slack="2"/>
</pin_list>
<bind>
<opset="window_V_314_loc "/>
</bind>
</comp>

<comp id="4933" class="1005" name="window_V_315_loc_reg_4933">
<pin_list>
<pin id="4934" dir="0" index="0" bw="8" slack="2"/>
<pin id="4935" dir="1" index="1" bw="8" slack="2"/>
</pin_list>
<bind>
<opset="window_V_315_loc "/>
</bind>
</comp>

<comp id="4939" class="1005" name="window_V_621_2_i_loc_reg_4939">
<pin_list>
<pin id="4940" dir="0" index="0" bw="8" slack="2"/>
<pin id="4941" dir="1" index="1" bw="8" slack="2"/>
</pin_list>
<bind>
<opset="window_V_621_2_i_loc "/>
</bind>
</comp>

<comp id="4945" class="1005" name="window_V_622_2_i_loc_reg_4945">
<pin_list>
<pin id="4946" dir="0" index="0" bw="8" slack="2"/>
<pin id="4947" dir="1" index="1" bw="8" slack="2"/>
</pin_list>
<bind>
<opset="window_V_622_2_i_loc "/>
</bind>
</comp>

<comp id="4951" class="1005" name="window_V_318_loc_reg_4951">
<pin_list>
<pin id="4952" dir="0" index="0" bw="8" slack="2"/>
<pin id="4953" dir="1" index="1" bw="8" slack="2"/>
</pin_list>
<bind>
<opset="window_V_318_loc "/>
</bind>
</comp>

<comp id="4957" class="1005" name="window_V_624_2_i_loc_reg_4957">
<pin_list>
<pin id="4958" dir="0" index="0" bw="8" slack="2"/>
<pin id="4959" dir="1" index="1" bw="8" slack="2"/>
</pin_list>
<bind>
<opset="window_V_624_2_i_loc "/>
</bind>
</comp>

<comp id="4963" class="1005" name="window_V_319_loc_reg_4963">
<pin_list>
<pin id="4964" dir="0" index="0" bw="8" slack="2"/>
<pin id="4965" dir="1" index="1" bw="8" slack="2"/>
</pin_list>
<bind>
<opset="window_V_319_loc "/>
</bind>
</comp>

<comp id="4969" class="1005" name="window_V_320_loc_reg_4969">
<pin_list>
<pin id="4970" dir="0" index="0" bw="8" slack="2"/>
<pin id="4971" dir="1" index="1" bw="8" slack="2"/>
</pin_list>
<bind>
<opset="window_V_320_loc "/>
</bind>
</comp>

<comp id="4975" class="1005" name="window_V_627_2_i_loc_reg_4975">
<pin_list>
<pin id="4976" dir="0" index="0" bw="8" slack="2"/>
<pin id="4977" dir="1" index="1" bw="8" slack="2"/>
</pin_list>
<bind>
<opset="window_V_627_2_i_loc "/>
</bind>
</comp>

<comp id="4981" class="1005" name="window_V_321_loc_reg_4981">
<pin_list>
<pin id="4982" dir="0" index="0" bw="8" slack="2"/>
<pin id="4983" dir="1" index="1" bw="8" slack="2"/>
</pin_list>
<bind>
<opset="window_V_321_loc "/>
</bind>
</comp>

<comp id="4987" class="1005" name="window_V_322_loc_reg_4987">
<pin_list>
<pin id="4988" dir="0" index="0" bw="8" slack="2"/>
<pin id="4989" dir="1" index="1" bw="8" slack="2"/>
</pin_list>
<bind>
<opset="window_V_322_loc "/>
</bind>
</comp>

<comp id="4993" class="1005" name="window_V_630_2_i_loc_reg_4993">
<pin_list>
<pin id="4994" dir="0" index="0" bw="8" slack="2"/>
<pin id="4995" dir="1" index="1" bw="8" slack="2"/>
</pin_list>
<bind>
<opset="window_V_630_2_i_loc "/>
</bind>
</comp>

<comp id="4999" class="1005" name="window_V_631_2_i_loc_reg_4999">
<pin_list>
<pin id="5000" dir="0" index="0" bw="8" slack="2"/>
<pin id="5001" dir="1" index="1" bw="8" slack="2"/>
</pin_list>
<bind>
<opset="window_V_631_2_i_loc "/>
</bind>
</comp>

<comp id="5005" class="1005" name="window_V_325_loc_reg_5005">
<pin_list>
<pin id="5006" dir="0" index="0" bw="8" slack="2"/>
<pin id="5007" dir="1" index="1" bw="8" slack="2"/>
</pin_list>
<bind>
<opset="window_V_325_loc "/>
</bind>
</comp>

<comp id="5011" class="1005" name="window_V_633_2_i_loc_reg_5011">
<pin_list>
<pin id="5012" dir="0" index="0" bw="8" slack="2"/>
<pin id="5013" dir="1" index="1" bw="8" slack="2"/>
</pin_list>
<bind>
<opset="window_V_633_2_i_loc "/>
</bind>
</comp>

<comp id="5017" class="1005" name="window_V_326_loc_reg_5017">
<pin_list>
<pin id="5018" dir="0" index="0" bw="8" slack="2"/>
<pin id="5019" dir="1" index="1" bw="8" slack="2"/>
</pin_list>
<bind>
<opset="window_V_326_loc "/>
</bind>
</comp>

<comp id="5023" class="1005" name="window_V_327_loc_reg_5023">
<pin_list>
<pin id="5024" dir="0" index="0" bw="8" slack="2"/>
<pin id="5025" dir="1" index="1" bw="8" slack="2"/>
</pin_list>
<bind>
<opset="window_V_327_loc "/>
</bind>
</comp>

<comp id="5029" class="1005" name="window_V_636_2_i_loc_reg_5029">
<pin_list>
<pin id="5030" dir="0" index="0" bw="8" slack="2"/>
<pin id="5031" dir="1" index="1" bw="8" slack="2"/>
</pin_list>
<bind>
<opset="window_V_636_2_i_loc "/>
</bind>
</comp>

<comp id="5035" class="1005" name="window_V_328_loc_reg_5035">
<pin_list>
<pin id="5036" dir="0" index="0" bw="8" slack="2"/>
<pin id="5037" dir="1" index="1" bw="8" slack="2"/>
</pin_list>
<bind>
<opset="window_V_328_loc "/>
</bind>
</comp>

<comp id="5041" class="1005" name="window_V_329_loc_reg_5041">
<pin_list>
<pin id="5042" dir="0" index="0" bw="8" slack="2"/>
<pin id="5043" dir="1" index="1" bw="8" slack="2"/>
</pin_list>
<bind>
<opset="window_V_329_loc "/>
</bind>
</comp>

<comp id="5047" class="1005" name="window_V_639_2_i_loc_reg_5047">
<pin_list>
<pin id="5048" dir="0" index="0" bw="8" slack="2"/>
<pin id="5049" dir="1" index="1" bw="8" slack="2"/>
</pin_list>
<bind>
<opset="window_V_639_2_i_loc "/>
</bind>
</comp>

<comp id="5053" class="1005" name="window_V_640_2_i_loc_reg_5053">
<pin_list>
<pin id="5054" dir="0" index="0" bw="8" slack="2"/>
<pin id="5055" dir="1" index="1" bw="8" slack="2"/>
</pin_list>
<bind>
<opset="window_V_640_2_i_loc "/>
</bind>
</comp>

<comp id="5059" class="1005" name="window_V_332_loc_reg_5059">
<pin_list>
<pin id="5060" dir="0" index="0" bw="8" slack="2"/>
<pin id="5061" dir="1" index="1" bw="8" slack="2"/>
</pin_list>
<bind>
<opset="window_V_332_loc "/>
</bind>
</comp>

<comp id="5065" class="1005" name="window_V_642_2_i_loc_reg_5065">
<pin_list>
<pin id="5066" dir="0" index="0" bw="8" slack="2"/>
<pin id="5067" dir="1" index="1" bw="8" slack="2"/>
</pin_list>
<bind>
<opset="window_V_642_2_i_loc "/>
</bind>
</comp>

<comp id="5071" class="1005" name="window_V_333_loc_reg_5071">
<pin_list>
<pin id="5072" dir="0" index="0" bw="8" slack="2"/>
<pin id="5073" dir="1" index="1" bw="8" slack="2"/>
</pin_list>
<bind>
<opset="window_V_333_loc "/>
</bind>
</comp>

<comp id="5077" class="1005" name="window_V_334_loc_reg_5077">
<pin_list>
<pin id="5078" dir="0" index="0" bw="8" slack="2"/>
<pin id="5079" dir="1" index="1" bw="8" slack="2"/>
</pin_list>
<bind>
<opset="window_V_334_loc "/>
</bind>
</comp>

<comp id="5083" class="1005" name="window_V_645_2_i_loc_reg_5083">
<pin_list>
<pin id="5084" dir="0" index="0" bw="8" slack="2"/>
<pin id="5085" dir="1" index="1" bw="8" slack="2"/>
</pin_list>
<bind>
<opset="window_V_645_2_i_loc "/>
</bind>
</comp>

<comp id="5089" class="1005" name="window_V_335_loc_reg_5089">
<pin_list>
<pin id="5090" dir="0" index="0" bw="8" slack="2"/>
<pin id="5091" dir="1" index="1" bw="8" slack="2"/>
</pin_list>
<bind>
<opset="window_V_335_loc "/>
</bind>
</comp>

<comp id="5095" class="1005" name="window_V_336_loc_reg_5095">
<pin_list>
<pin id="5096" dir="0" index="0" bw="8" slack="2"/>
<pin id="5097" dir="1" index="1" bw="8" slack="2"/>
</pin_list>
<bind>
<opset="window_V_336_loc "/>
</bind>
</comp>

<comp id="5101" class="1005" name="window_V_648_2_i_loc_reg_5101">
<pin_list>
<pin id="5102" dir="0" index="0" bw="8" slack="2"/>
<pin id="5103" dir="1" index="1" bw="8" slack="2"/>
</pin_list>
<bind>
<opset="window_V_648_2_i_loc "/>
</bind>
</comp>

<comp id="5107" class="1005" name="window_V_649_2_i_loc_reg_5107">
<pin_list>
<pin id="5108" dir="0" index="0" bw="8" slack="2"/>
<pin id="5109" dir="1" index="1" bw="8" slack="2"/>
</pin_list>
<bind>
<opset="window_V_649_2_i_loc "/>
</bind>
</comp>

<comp id="5113" class="1005" name="window_V_226_loc_reg_5113">
<pin_list>
<pin id="5114" dir="0" index="0" bw="8" slack="2"/>
<pin id="5115" dir="1" index="1" bw="8" slack="2"/>
</pin_list>
<bind>
<opset="window_V_226_loc "/>
</bind>
</comp>

<comp id="5119" class="1005" name="window_V_651_2_i_loc_reg_5119">
<pin_list>
<pin id="5120" dir="0" index="0" bw="8" slack="2"/>
<pin id="5121" dir="1" index="1" bw="8" slack="2"/>
</pin_list>
<bind>
<opset="window_V_651_2_i_loc "/>
</bind>
</comp>

<comp id="5125" class="1005" name="window_V_227_loc_reg_5125">
<pin_list>
<pin id="5126" dir="0" index="0" bw="8" slack="2"/>
<pin id="5127" dir="1" index="1" bw="8" slack="2"/>
</pin_list>
<bind>
<opset="window_V_227_loc "/>
</bind>
</comp>

<comp id="5131" class="1005" name="window_V_228_loc_reg_5131">
<pin_list>
<pin id="5132" dir="0" index="0" bw="8" slack="2"/>
<pin id="5133" dir="1" index="1" bw="8" slack="2"/>
</pin_list>
<bind>
<opset="window_V_228_loc "/>
</bind>
</comp>

<comp id="5137" class="1005" name="window_V_654_2_i_loc_reg_5137">
<pin_list>
<pin id="5138" dir="0" index="0" bw="8" slack="2"/>
<pin id="5139" dir="1" index="1" bw="8" slack="2"/>
</pin_list>
<bind>
<opset="window_V_654_2_i_loc "/>
</bind>
</comp>

<comp id="5143" class="1005" name="window_V_229_loc_reg_5143">
<pin_list>
<pin id="5144" dir="0" index="0" bw="8" slack="2"/>
<pin id="5145" dir="1" index="1" bw="8" slack="2"/>
</pin_list>
<bind>
<opset="window_V_229_loc "/>
</bind>
</comp>

<comp id="5149" class="1005" name="window_V_230_loc_reg_5149">
<pin_list>
<pin id="5150" dir="0" index="0" bw="8" slack="2"/>
<pin id="5151" dir="1" index="1" bw="8" slack="2"/>
</pin_list>
<bind>
<opset="window_V_230_loc "/>
</bind>
</comp>

<comp id="5158" class="1005" name="add_ln36_reg_5158">
<pin_list>
<pin id="5159" dir="0" index="0" bw="9" slack="3"/>
<pin id="5160" dir="1" index="1" bw="9" slack="3"/>
</pin_list>
<bind>
<opset="add_ln36 "/>
</bind>
</comp>

<comp id="5595" class="1005" name="select_ln36_reg_5595">
<pin_list>
<pin id="5596" dir="0" index="0" bw="5" slack="1"/>
<pin id="5597" dir="1" index="1" bw="5" slack="1"/>
</pin_list>
<bind>
<opset="select_ln36 "/>
</bind>
</comp>

<comp id="6036" class="1005" name="add_ln64_reg_6036">
<pin_list>
<pin id="6037" dir="0" index="0" bw="6" slack="0"/>
<pin id="6038" dir="1" index="1" bw="6" slack="0"/>
</pin_list>
<bind>
<opset="add_ln64 "/>
</bind>
</comp>

<comp id="6041" class="1005" name="conv2_bias_addr_reg_6041">
<pin_list>
<pin id="6042" dir="0" index="0" bw="5" slack="1"/>
<pin id="6043" dir="1" index="1" bw="5" slack="1"/>
</pin_list>
<bind>
<opset="conv2_bias_addr "/>
</bind>
</comp>

<comp id="6046" class="1005" name="trunc_ln76_reg_6046">
<pin_list>
<pin id="6047" dir="0" index="0" bw="5" slack="1"/>
<pin id="6048" dir="1" index="1" bw="5" slack="1"/>
</pin_list>
<bind>
<opset="trunc_ln76 "/>
</bind>
</comp>

<comp id="6052" class="1005" name="acc_V_39_reg_6052">
<pin_list>
<pin id="6053" dir="0" index="0" bw="16" slack="1"/>
<pin id="6054" dir="1" index="1" bw="16" slack="1"/>
</pin_list>
<bind>
<opset="acc_V_39 "/>
</bind>
</comp>

<comp id="6057" class="1005" name="shl_ln_reg_6057">
<pin_list>
<pin id="6058" dir="0" index="0" bw="12" slack="1"/>
<pin id="6059" dir="1" index="1" bw="12" slack="1"/>
</pin_list>
<bind>
<opset="shl_ln "/>
</bind>
</comp>

<comp id="6062" class="1005" name="shl_ln76_3_reg_6062">
<pin_list>
<pin id="6063" dir="0" index="0" bw="9" slack="1"/>
<pin id="6064" dir="1" index="1" bw="9" slack="1"/>
</pin_list>
<bind>
<opset="shl_ln76_3 "/>
</bind>
</comp>

</comp_list>

<net_list>
<net id="83"><net_src comp="12" pin="0"/><net_sink comp="80" pin=0"/></net>

<net id="87"><net_src comp="12" pin="0"/><net_sink comp="84" pin=0"/></net>

<net id="91"><net_src comp="12" pin="0"/><net_sink comp="88" pin=0"/></net>

<net id="95"><net_src comp="12" pin="0"/><net_sink comp="92" pin=0"/></net>

<net id="99"><net_src comp="12" pin="0"/><net_sink comp="96" pin=0"/></net>

<net id="103"><net_src comp="12" pin="0"/><net_sink comp="100" pin=0"/></net>

<net id="107"><net_src comp="12" pin="0"/><net_sink comp="104" pin=0"/></net>

<net id="111"><net_src comp="12" pin="0"/><net_sink comp="108" pin=0"/></net>

<net id="115"><net_src comp="12" pin="0"/><net_sink comp="112" pin=0"/></net>

<net id="119"><net_src comp="12" pin="0"/><net_sink comp="116" pin=0"/></net>

<net id="123"><net_src comp="12" pin="0"/><net_sink comp="120" pin=0"/></net>

<net id="127"><net_src comp="12" pin="0"/><net_sink comp="124" pin=0"/></net>

<net id="131"><net_src comp="12" pin="0"/><net_sink comp="128" pin=0"/></net>

<net id="135"><net_src comp="12" pin="0"/><net_sink comp="132" pin=0"/></net>

<net id="139"><net_src comp="12" pin="0"/><net_sink comp="136" pin=0"/></net>

<net id="143"><net_src comp="12" pin="0"/><net_sink comp="140" pin=0"/></net>

<net id="147"><net_src comp="12" pin="0"/><net_sink comp="144" pin=0"/></net>

<net id="151"><net_src comp="12" pin="0"/><net_sink comp="148" pin=0"/></net>

<net id="155"><net_src comp="12" pin="0"/><net_sink comp="152" pin=0"/></net>

<net id="159"><net_src comp="12" pin="0"/><net_sink comp="156" pin=0"/></net>

<net id="163"><net_src comp="12" pin="0"/><net_sink comp="160" pin=0"/></net>

<net id="167"><net_src comp="12" pin="0"/><net_sink comp="164" pin=0"/></net>

<net id="171"><net_src comp="12" pin="0"/><net_sink comp="168" pin=0"/></net>

<net id="175"><net_src comp="12" pin="0"/><net_sink comp="172" pin=0"/></net>

<net id="179"><net_src comp="12" pin="0"/><net_sink comp="176" pin=0"/></net>

<net id="183"><net_src comp="12" pin="0"/><net_sink comp="180" pin=0"/></net>

<net id="187"><net_src comp="12" pin="0"/><net_sink comp="184" pin=0"/></net>

<net id="191"><net_src comp="12" pin="0"/><net_sink comp="188" pin=0"/></net>

<net id="195"><net_src comp="12" pin="0"/><net_sink comp="192" pin=0"/></net>

<net id="199"><net_src comp="12" pin="0"/><net_sink comp="196" pin=0"/></net>

<net id="203"><net_src comp="12" pin="0"/><net_sink comp="200" pin=0"/></net>

<net id="207"><net_src comp="12" pin="0"/><net_sink comp="204" pin=0"/></net>

<net id="211"><net_src comp="12" pin="0"/><net_sink comp="208" pin=0"/></net>

<net id="215"><net_src comp="12" pin="0"/><net_sink comp="212" pin=0"/></net>

<net id="219"><net_src comp="12" pin="0"/><net_sink comp="216" pin=0"/></net>

<net id="223"><net_src comp="12" pin="0"/><net_sink comp="220" pin=0"/></net>

<net id="227"><net_src comp="12" pin="0"/><net_sink comp="224" pin=0"/></net>

<net id="231"><net_src comp="12" pin="0"/><net_sink comp="228" pin=0"/></net>

<net id="235"><net_src comp="12" pin="0"/><net_sink comp="232" pin=0"/></net>

<net id="239"><net_src comp="12" pin="0"/><net_sink comp="236" pin=0"/></net>

<net id="243"><net_src comp="12" pin="0"/><net_sink comp="240" pin=0"/></net>

<net id="247"><net_src comp="12" pin="0"/><net_sink comp="244" pin=0"/></net>

<net id="251"><net_src comp="12" pin="0"/><net_sink comp="248" pin=0"/></net>

<net id="255"><net_src comp="12" pin="0"/><net_sink comp="252" pin=0"/></net>

<net id="259"><net_src comp="12" pin="0"/><net_sink comp="256" pin=0"/></net>

<net id="263"><net_src comp="12" pin="0"/><net_sink comp="260" pin=0"/></net>

<net id="267"><net_src comp="12" pin="0"/><net_sink comp="264" pin=0"/></net>

<net id="271"><net_src comp="12" pin="0"/><net_sink comp="268" pin=0"/></net>

<net id="275"><net_src comp="12" pin="0"/><net_sink comp="272" pin=0"/></net>

<net id="279"><net_src comp="12" pin="0"/><net_sink comp="276" pin=0"/></net>

<net id="283"><net_src comp="12" pin="0"/><net_sink comp="280" pin=0"/></net>

<net id="287"><net_src comp="12" pin="0"/><net_sink comp="284" pin=0"/></net>

<net id="291"><net_src comp="12" pin="0"/><net_sink comp="288" pin=0"/></net>

<net id="295"><net_src comp="12" pin="0"/><net_sink comp="292" pin=0"/></net>

<net id="299"><net_src comp="12" pin="0"/><net_sink comp="296" pin=0"/></net>

<net id="303"><net_src comp="12" pin="0"/><net_sink comp="300" pin=0"/></net>

<net id="307"><net_src comp="12" pin="0"/><net_sink comp="304" pin=0"/></net>

<net id="311"><net_src comp="12" pin="0"/><net_sink comp="308" pin=0"/></net>

<net id="315"><net_src comp="12" pin="0"/><net_sink comp="312" pin=0"/></net>

<net id="319"><net_src comp="12" pin="0"/><net_sink comp="316" pin=0"/></net>

<net id="323"><net_src comp="12" pin="0"/><net_sink comp="320" pin=0"/></net>

<net id="327"><net_src comp="12" pin="0"/><net_sink comp="324" pin=0"/></net>

<net id="331"><net_src comp="12" pin="0"/><net_sink comp="328" pin=0"/></net>

<net id="335"><net_src comp="12" pin="0"/><net_sink comp="332" pin=0"/></net>

<net id="339"><net_src comp="12" pin="0"/><net_sink comp="336" pin=0"/></net>

<net id="343"><net_src comp="12" pin="0"/><net_sink comp="340" pin=0"/></net>

<net id="347"><net_src comp="12" pin="0"/><net_sink comp="344" pin=0"/></net>

<net id="351"><net_src comp="12" pin="0"/><net_sink comp="348" pin=0"/></net>

<net id="355"><net_src comp="12" pin="0"/><net_sink comp="352" pin=0"/></net>

<net id="359"><net_src comp="12" pin="0"/><net_sink comp="356" pin=0"/></net>

<net id="363"><net_src comp="12" pin="0"/><net_sink comp="360" pin=0"/></net>

<net id="367"><net_src comp="12" pin="0"/><net_sink comp="364" pin=0"/></net>

<net id="371"><net_src comp="12" pin="0"/><net_sink comp="368" pin=0"/></net>

<net id="375"><net_src comp="12" pin="0"/><net_sink comp="372" pin=0"/></net>

<net id="379"><net_src comp="12" pin="0"/><net_sink comp="376" pin=0"/></net>

<net id="383"><net_src comp="12" pin="0"/><net_sink comp="380" pin=0"/></net>

<net id="387"><net_src comp="12" pin="0"/><net_sink comp="384" pin=0"/></net>

<net id="391"><net_src comp="12" pin="0"/><net_sink comp="388" pin=0"/></net>

<net id="395"><net_src comp="12" pin="0"/><net_sink comp="392" pin=0"/></net>

<net id="399"><net_src comp="12" pin="0"/><net_sink comp="396" pin=0"/></net>

<net id="403"><net_src comp="12" pin="0"/><net_sink comp="400" pin=0"/></net>

<net id="407"><net_src comp="12" pin="0"/><net_sink comp="404" pin=0"/></net>

<net id="411"><net_src comp="12" pin="0"/><net_sink comp="408" pin=0"/></net>

<net id="415"><net_src comp="12" pin="0"/><net_sink comp="412" pin=0"/></net>

<net id="419"><net_src comp="12" pin="0"/><net_sink comp="416" pin=0"/></net>

<net id="423"><net_src comp="12" pin="0"/><net_sink comp="420" pin=0"/></net>

<net id="427"><net_src comp="12" pin="0"/><net_sink comp="424" pin=0"/></net>

<net id="431"><net_src comp="12" pin="0"/><net_sink comp="428" pin=0"/></net>

<net id="435"><net_src comp="12" pin="0"/><net_sink comp="432" pin=0"/></net>

<net id="439"><net_src comp="12" pin="0"/><net_sink comp="436" pin=0"/></net>

<net id="443"><net_src comp="12" pin="0"/><net_sink comp="440" pin=0"/></net>

<net id="447"><net_src comp="12" pin="0"/><net_sink comp="444" pin=0"/></net>

<net id="451"><net_src comp="12" pin="0"/><net_sink comp="448" pin=0"/></net>

<net id="455"><net_src comp="12" pin="0"/><net_sink comp="452" pin=0"/></net>

<net id="459"><net_src comp="12" pin="0"/><net_sink comp="456" pin=0"/></net>

<net id="463"><net_src comp="12" pin="0"/><net_sink comp="460" pin=0"/></net>

<net id="467"><net_src comp="12" pin="0"/><net_sink comp="464" pin=0"/></net>

<net id="471"><net_src comp="12" pin="0"/><net_sink comp="468" pin=0"/></net>

<net id="475"><net_src comp="12" pin="0"/><net_sink comp="472" pin=0"/></net>

<net id="479"><net_src comp="12" pin="0"/><net_sink comp="476" pin=0"/></net>

<net id="483"><net_src comp="12" pin="0"/><net_sink comp="480" pin=0"/></net>

<net id="487"><net_src comp="12" pin="0"/><net_sink comp="484" pin=0"/></net>

<net id="491"><net_src comp="12" pin="0"/><net_sink comp="488" pin=0"/></net>

<net id="495"><net_src comp="12" pin="0"/><net_sink comp="492" pin=0"/></net>

<net id="499"><net_src comp="12" pin="0"/><net_sink comp="496" pin=0"/></net>

<net id="503"><net_src comp="12" pin="0"/><net_sink comp="500" pin=0"/></net>

<net id="507"><net_src comp="12" pin="0"/><net_sink comp="504" pin=0"/></net>

<net id="511"><net_src comp="12" pin="0"/><net_sink comp="508" pin=0"/></net>

<net id="515"><net_src comp="12" pin="0"/><net_sink comp="512" pin=0"/></net>

<net id="519"><net_src comp="12" pin="0"/><net_sink comp="516" pin=0"/></net>

<net id="523"><net_src comp="12" pin="0"/><net_sink comp="520" pin=0"/></net>

<net id="527"><net_src comp="12" pin="0"/><net_sink comp="524" pin=0"/></net>

<net id="531"><net_src comp="12" pin="0"/><net_sink comp="528" pin=0"/></net>

<net id="535"><net_src comp="12" pin="0"/><net_sink comp="532" pin=0"/></net>

<net id="539"><net_src comp="12" pin="0"/><net_sink comp="536" pin=0"/></net>

<net id="543"><net_src comp="12" pin="0"/><net_sink comp="540" pin=0"/></net>

<net id="547"><net_src comp="12" pin="0"/><net_sink comp="544" pin=0"/></net>

<net id="551"><net_src comp="12" pin="0"/><net_sink comp="548" pin=0"/></net>

<net id="555"><net_src comp="12" pin="0"/><net_sink comp="552" pin=0"/></net>

<net id="559"><net_src comp="12" pin="0"/><net_sink comp="556" pin=0"/></net>

<net id="563"><net_src comp="12" pin="0"/><net_sink comp="560" pin=0"/></net>

<net id="567"><net_src comp="12" pin="0"/><net_sink comp="564" pin=0"/></net>

<net id="571"><net_src comp="12" pin="0"/><net_sink comp="568" pin=0"/></net>

<net id="575"><net_src comp="12" pin="0"/><net_sink comp="572" pin=0"/></net>

<net id="579"><net_src comp="12" pin="0"/><net_sink comp="576" pin=0"/></net>

<net id="583"><net_src comp="12" pin="0"/><net_sink comp="580" pin=0"/></net>

<net id="587"><net_src comp="12" pin="0"/><net_sink comp="584" pin=0"/></net>

<net id="591"><net_src comp="12" pin="0"/><net_sink comp="588" pin=0"/></net>

<net id="595"><net_src comp="12" pin="0"/><net_sink comp="592" pin=0"/></net>

<net id="599"><net_src comp="12" pin="0"/><net_sink comp="596" pin=0"/></net>

<net id="603"><net_src comp="12" pin="0"/><net_sink comp="600" pin=0"/></net>

<net id="607"><net_src comp="12" pin="0"/><net_sink comp="604" pin=0"/></net>

<net id="611"><net_src comp="12" pin="0"/><net_sink comp="608" pin=0"/></net>

<net id="615"><net_src comp="12" pin="0"/><net_sink comp="612" pin=0"/></net>

<net id="619"><net_src comp="12" pin="0"/><net_sink comp="616" pin=0"/></net>

<net id="623"><net_src comp="12" pin="0"/><net_sink comp="620" pin=0"/></net>

<net id="627"><net_src comp="12" pin="0"/><net_sink comp="624" pin=0"/></net>

<net id="631"><net_src comp="12" pin="0"/><net_sink comp="628" pin=0"/></net>

<net id="635"><net_src comp="12" pin="0"/><net_sink comp="632" pin=0"/></net>

<net id="639"><net_src comp="12" pin="0"/><net_sink comp="636" pin=0"/></net>

<net id="643"><net_src comp="12" pin="0"/><net_sink comp="640" pin=0"/></net>

<net id="647"><net_src comp="12" pin="0"/><net_sink comp="644" pin=0"/></net>

<net id="651"><net_src comp="12" pin="0"/><net_sink comp="648" pin=0"/></net>

<net id="655"><net_src comp="12" pin="0"/><net_sink comp="652" pin=0"/></net>

<net id="659"><net_src comp="12" pin="0"/><net_sink comp="656" pin=0"/></net>

<net id="663"><net_src comp="12" pin="0"/><net_sink comp="660" pin=0"/></net>

<net id="667"><net_src comp="14" pin="0"/><net_sink comp="664" pin=0"/></net>

<net id="671"><net_src comp="14" pin="0"/><net_sink comp="668" pin=0"/></net>

<net id="675"><net_src comp="14" pin="0"/><net_sink comp="672" pin=0"/></net>

<net id="679"><net_src comp="14" pin="0"/><net_sink comp="676" pin=0"/></net>

<net id="683"><net_src comp="14" pin="0"/><net_sink comp="680" pin=0"/></net>

<net id="687"><net_src comp="14" pin="0"/><net_sink comp="684" pin=0"/></net>

<net id="691"><net_src comp="14" pin="0"/><net_sink comp="688" pin=0"/></net>

<net id="695"><net_src comp="14" pin="0"/><net_sink comp="692" pin=0"/></net>

<net id="699"><net_src comp="14" pin="0"/><net_sink comp="696" pin=0"/></net>

<net id="703"><net_src comp="14" pin="0"/><net_sink comp="700" pin=0"/></net>

<net id="707"><net_src comp="14" pin="0"/><net_sink comp="704" pin=0"/></net>

<net id="711"><net_src comp="14" pin="0"/><net_sink comp="708" pin=0"/></net>

<net id="715"><net_src comp="14" pin="0"/><net_sink comp="712" pin=0"/></net>

<net id="719"><net_src comp="14" pin="0"/><net_sink comp="716" pin=0"/></net>

<net id="723"><net_src comp="14" pin="0"/><net_sink comp="720" pin=0"/></net>

<net id="727"><net_src comp="14" pin="0"/><net_sink comp="724" pin=0"/></net>

<net id="731"><net_src comp="14" pin="0"/><net_sink comp="728" pin=0"/></net>

<net id="735"><net_src comp="14" pin="0"/><net_sink comp="732" pin=0"/></net>

<net id="739"><net_src comp="14" pin="0"/><net_sink comp="736" pin=0"/></net>

<net id="743"><net_src comp="14" pin="0"/><net_sink comp="740" pin=0"/></net>

<net id="747"><net_src comp="14" pin="0"/><net_sink comp="744" pin=0"/></net>

<net id="751"><net_src comp="14" pin="0"/><net_sink comp="748" pin=0"/></net>

<net id="755"><net_src comp="14" pin="0"/><net_sink comp="752" pin=0"/></net>

<net id="759"><net_src comp="14" pin="0"/><net_sink comp="756" pin=0"/></net>

<net id="763"><net_src comp="14" pin="0"/><net_sink comp="760" pin=0"/></net>

<net id="767"><net_src comp="14" pin="0"/><net_sink comp="764" pin=0"/></net>

<net id="771"><net_src comp="14" pin="0"/><net_sink comp="768" pin=0"/></net>

<net id="775"><net_src comp="14" pin="0"/><net_sink comp="772" pin=0"/></net>

<net id="779"><net_src comp="14" pin="0"/><net_sink comp="776" pin=0"/></net>

<net id="783"><net_src comp="14" pin="0"/><net_sink comp="780" pin=0"/></net>

<net id="787"><net_src comp="14" pin="0"/><net_sink comp="784" pin=0"/></net>

<net id="791"><net_src comp="14" pin="0"/><net_sink comp="788" pin=0"/></net>

<net id="795"><net_src comp="14" pin="0"/><net_sink comp="792" pin=0"/></net>

<net id="799"><net_src comp="14" pin="0"/><net_sink comp="796" pin=0"/></net>

<net id="803"><net_src comp="14" pin="0"/><net_sink comp="800" pin=0"/></net>

<net id="807"><net_src comp="14" pin="0"/><net_sink comp="804" pin=0"/></net>

<net id="811"><net_src comp="14" pin="0"/><net_sink comp="808" pin=0"/></net>

<net id="815"><net_src comp="14" pin="0"/><net_sink comp="812" pin=0"/></net>

<net id="819"><net_src comp="14" pin="0"/><net_sink comp="816" pin=0"/></net>

<net id="823"><net_src comp="14" pin="0"/><net_sink comp="820" pin=0"/></net>

<net id="827"><net_src comp="14" pin="0"/><net_sink comp="824" pin=0"/></net>

<net id="831"><net_src comp="14" pin="0"/><net_sink comp="828" pin=0"/></net>

<net id="835"><net_src comp="14" pin="0"/><net_sink comp="832" pin=0"/></net>

<net id="839"><net_src comp="14" pin="0"/><net_sink comp="836" pin=0"/></net>

<net id="843"><net_src comp="14" pin="0"/><net_sink comp="840" pin=0"/></net>

<net id="847"><net_src comp="14" pin="0"/><net_sink comp="844" pin=0"/></net>

<net id="851"><net_src comp="14" pin="0"/><net_sink comp="848" pin=0"/></net>

<net id="855"><net_src comp="14" pin="0"/><net_sink comp="852" pin=0"/></net>

<net id="859"><net_src comp="14" pin="0"/><net_sink comp="856" pin=0"/></net>

<net id="863"><net_src comp="14" pin="0"/><net_sink comp="860" pin=0"/></net>

<net id="867"><net_src comp="14" pin="0"/><net_sink comp="864" pin=0"/></net>

<net id="871"><net_src comp="14" pin="0"/><net_sink comp="868" pin=0"/></net>

<net id="875"><net_src comp="14" pin="0"/><net_sink comp="872" pin=0"/></net>

<net id="879"><net_src comp="14" pin="0"/><net_sink comp="876" pin=0"/></net>

<net id="883"><net_src comp="14" pin="0"/><net_sink comp="880" pin=0"/></net>

<net id="887"><net_src comp="14" pin="0"/><net_sink comp="884" pin=0"/></net>

<net id="891"><net_src comp="14" pin="0"/><net_sink comp="888" pin=0"/></net>

<net id="895"><net_src comp="14" pin="0"/><net_sink comp="892" pin=0"/></net>

<net id="899"><net_src comp="14" pin="0"/><net_sink comp="896" pin=0"/></net>

<net id="903"><net_src comp="14" pin="0"/><net_sink comp="900" pin=0"/></net>

<net id="907"><net_src comp="14" pin="0"/><net_sink comp="904" pin=0"/></net>

<net id="911"><net_src comp="14" pin="0"/><net_sink comp="908" pin=0"/></net>

<net id="915"><net_src comp="14" pin="0"/><net_sink comp="912" pin=0"/></net>

<net id="919"><net_src comp="14" pin="0"/><net_sink comp="916" pin=0"/></net>

<net id="923"><net_src comp="14" pin="0"/><net_sink comp="920" pin=0"/></net>

<net id="927"><net_src comp="14" pin="0"/><net_sink comp="924" pin=0"/></net>

<net id="931"><net_src comp="14" pin="0"/><net_sink comp="928" pin=0"/></net>

<net id="935"><net_src comp="14" pin="0"/><net_sink comp="932" pin=0"/></net>

<net id="939"><net_src comp="14" pin="0"/><net_sink comp="936" pin=0"/></net>

<net id="943"><net_src comp="14" pin="0"/><net_sink comp="940" pin=0"/></net>

<net id="947"><net_src comp="14" pin="0"/><net_sink comp="944" pin=0"/></net>

<net id="951"><net_src comp="14" pin="0"/><net_sink comp="948" pin=0"/></net>

<net id="955"><net_src comp="14" pin="0"/><net_sink comp="952" pin=0"/></net>

<net id="959"><net_src comp="14" pin="0"/><net_sink comp="956" pin=0"/></net>

<net id="963"><net_src comp="14" pin="0"/><net_sink comp="960" pin=0"/></net>

<net id="967"><net_src comp="14" pin="0"/><net_sink comp="964" pin=0"/></net>

<net id="971"><net_src comp="14" pin="0"/><net_sink comp="968" pin=0"/></net>

<net id="975"><net_src comp="14" pin="0"/><net_sink comp="972" pin=0"/></net>

<net id="979"><net_src comp="14" pin="0"/><net_sink comp="976" pin=0"/></net>

<net id="983"><net_src comp="14" pin="0"/><net_sink comp="980" pin=0"/></net>

<net id="987"><net_src comp="14" pin="0"/><net_sink comp="984" pin=0"/></net>

<net id="991"><net_src comp="14" pin="0"/><net_sink comp="988" pin=0"/></net>

<net id="995"><net_src comp="14" pin="0"/><net_sink comp="992" pin=0"/></net>

<net id="999"><net_src comp="14" pin="0"/><net_sink comp="996" pin=0"/></net>

<net id="1003"><net_src comp="14" pin="0"/><net_sink comp="1000" pin=0"/></net>

<net id="1007"><net_src comp="14" pin="0"/><net_sink comp="1004" pin=0"/></net>

<net id="1011"><net_src comp="14" pin="0"/><net_sink comp="1008" pin=0"/></net>

<net id="1015"><net_src comp="14" pin="0"/><net_sink comp="1012" pin=0"/></net>

<net id="1019"><net_src comp="14" pin="0"/><net_sink comp="1016" pin=0"/></net>

<net id="1023"><net_src comp="14" pin="0"/><net_sink comp="1020" pin=0"/></net>

<net id="1027"><net_src comp="14" pin="0"/><net_sink comp="1024" pin=0"/></net>

<net id="1031"><net_src comp="14" pin="0"/><net_sink comp="1028" pin=0"/></net>

<net id="1035"><net_src comp="14" pin="0"/><net_sink comp="1032" pin=0"/></net>

<net id="1039"><net_src comp="14" pin="0"/><net_sink comp="1036" pin=0"/></net>

<net id="1043"><net_src comp="14" pin="0"/><net_sink comp="1040" pin=0"/></net>

<net id="1047"><net_src comp="14" pin="0"/><net_sink comp="1044" pin=0"/></net>

<net id="1051"><net_src comp="14" pin="0"/><net_sink comp="1048" pin=0"/></net>

<net id="1055"><net_src comp="14" pin="0"/><net_sink comp="1052" pin=0"/></net>

<net id="1059"><net_src comp="14" pin="0"/><net_sink comp="1056" pin=0"/></net>

<net id="1063"><net_src comp="14" pin="0"/><net_sink comp="1060" pin=0"/></net>

<net id="1067"><net_src comp="14" pin="0"/><net_sink comp="1064" pin=0"/></net>

<net id="1071"><net_src comp="14" pin="0"/><net_sink comp="1068" pin=0"/></net>

<net id="1075"><net_src comp="14" pin="0"/><net_sink comp="1072" pin=0"/></net>

<net id="1079"><net_src comp="14" pin="0"/><net_sink comp="1076" pin=0"/></net>

<net id="1083"><net_src comp="14" pin="0"/><net_sink comp="1080" pin=0"/></net>

<net id="1087"><net_src comp="14" pin="0"/><net_sink comp="1084" pin=0"/></net>

<net id="1091"><net_src comp="14" pin="0"/><net_sink comp="1088" pin=0"/></net>

<net id="1095"><net_src comp="14" pin="0"/><net_sink comp="1092" pin=0"/></net>

<net id="1099"><net_src comp="14" pin="0"/><net_sink comp="1096" pin=0"/></net>

<net id="1103"><net_src comp="14" pin="0"/><net_sink comp="1100" pin=0"/></net>

<net id="1107"><net_src comp="14" pin="0"/><net_sink comp="1104" pin=0"/></net>

<net id="1111"><net_src comp="14" pin="0"/><net_sink comp="1108" pin=0"/></net>

<net id="1115"><net_src comp="14" pin="0"/><net_sink comp="1112" pin=0"/></net>

<net id="1119"><net_src comp="14" pin="0"/><net_sink comp="1116" pin=0"/></net>

<net id="1123"><net_src comp="14" pin="0"/><net_sink comp="1120" pin=0"/></net>

<net id="1127"><net_src comp="14" pin="0"/><net_sink comp="1124" pin=0"/></net>

<net id="1131"><net_src comp="14" pin="0"/><net_sink comp="1128" pin=0"/></net>

<net id="1135"><net_src comp="14" pin="0"/><net_sink comp="1132" pin=0"/></net>

<net id="1139"><net_src comp="14" pin="0"/><net_sink comp="1136" pin=0"/></net>

<net id="1143"><net_src comp="14" pin="0"/><net_sink comp="1140" pin=0"/></net>

<net id="1147"><net_src comp="14" pin="0"/><net_sink comp="1144" pin=0"/></net>

<net id="1151"><net_src comp="14" pin="0"/><net_sink comp="1148" pin=0"/></net>

<net id="1155"><net_src comp="14" pin="0"/><net_sink comp="1152" pin=0"/></net>

<net id="1159"><net_src comp="14" pin="0"/><net_sink comp="1156" pin=0"/></net>

<net id="1163"><net_src comp="14" pin="0"/><net_sink comp="1160" pin=0"/></net>

<net id="1167"><net_src comp="14" pin="0"/><net_sink comp="1164" pin=0"/></net>

<net id="1171"><net_src comp="14" pin="0"/><net_sink comp="1168" pin=0"/></net>

<net id="1175"><net_src comp="14" pin="0"/><net_sink comp="1172" pin=0"/></net>

<net id="1179"><net_src comp="14" pin="0"/><net_sink comp="1176" pin=0"/></net>

<net id="1183"><net_src comp="14" pin="0"/><net_sink comp="1180" pin=0"/></net>

<net id="1187"><net_src comp="14" pin="0"/><net_sink comp="1184" pin=0"/></net>

<net id="1191"><net_src comp="14" pin="0"/><net_sink comp="1188" pin=0"/></net>

<net id="1195"><net_src comp="14" pin="0"/><net_sink comp="1192" pin=0"/></net>

<net id="1199"><net_src comp="14" pin="0"/><net_sink comp="1196" pin=0"/></net>

<net id="1203"><net_src comp="14" pin="0"/><net_sink comp="1200" pin=0"/></net>

<net id="1207"><net_src comp="14" pin="0"/><net_sink comp="1204" pin=0"/></net>

<net id="1211"><net_src comp="14" pin="0"/><net_sink comp="1208" pin=0"/></net>

<net id="1215"><net_src comp="14" pin="0"/><net_sink comp="1212" pin=0"/></net>

<net id="1219"><net_src comp="14" pin="0"/><net_sink comp="1216" pin=0"/></net>

<net id="1223"><net_src comp="14" pin="0"/><net_sink comp="1220" pin=0"/></net>

<net id="1227"><net_src comp="14" pin="0"/><net_sink comp="1224" pin=0"/></net>

<net id="1231"><net_src comp="14" pin="0"/><net_sink comp="1228" pin=0"/></net>

<net id="1235"><net_src comp="14" pin="0"/><net_sink comp="1232" pin=0"/></net>

<net id="1239"><net_src comp="14" pin="0"/><net_sink comp="1236" pin=0"/></net>

<net id="1245"><net_src comp="4" pin="0"/><net_sink comp="1240" pin=0"/></net>

<net id="1246"><net_src comp="60" pin="0"/><net_sink comp="1240" pin=1"/></net>

<net id="1252"><net_src comp="1240" pin="3"/><net_sink comp="1247" pin=0"/></net>

<net id="1256"><net_src comp="52" pin="0"/><net_sink comp="1253" pin=0"/></net>

<net id="1263"><net_src comp="1253" pin="1"/><net_sink comp="1257" pin=2"/></net>

<net id="1269"><net_src comp="16" pin="0"/><net_sink comp="1264" pin=0"/></net>

<net id="1270"><net_src comp="0" pin="0"/><net_sink comp="1264" pin=1"/></net>

<net id="1271"><net_src comp="2" pin="0"/><net_sink comp="1264" pin=2"/></net>

<net id="1567"><net_src comp="40" pin="0"/><net_sink comp="1272" pin=0"/></net>

<net id="1568"><net_src comp="0" pin="0"/><net_sink comp="1272" pin=290"/></net>

<net id="1569"><net_src comp="2" pin="0"/><net_sink comp="1272" pin=291"/></net>

<net id="1570"><net_src comp="10" pin="0"/><net_sink comp="1272" pin=292"/></net>

<net id="1723"><net_src comp="76" pin="0"/><net_sink comp="1571" pin=0"/></net>

<net id="1724"><net_src comp="6" pin="0"/><net_sink comp="1571" pin=148"/></net>

<net id="1725"><net_src comp="8" pin="0"/><net_sink comp="1571" pin=149"/></net>

<net id="1730"><net_src comp="18" pin="0"/><net_sink comp="1726" pin=0"/></net>

<net id="1735"><net_src comp="20" pin="0"/><net_sink comp="1731" pin=0"/></net>

<net id="1743"><net_src comp="1736" pin="1"/><net_sink comp="1739" pin=0"/></net>

<net id="1744"><net_src comp="32" pin="0"/><net_sink comp="1739" pin=1"/></net>

<net id="1749"><net_src comp="1736" pin="1"/><net_sink comp="1745" pin=0"/></net>

<net id="1750"><net_src comp="34" pin="0"/><net_sink comp="1745" pin=1"/></net>

<net id="1757"><net_src comp="1754" pin="1"/><net_sink comp="1272" pin=144"/></net>

<net id="1761"><net_src comp="1758" pin="1"/><net_sink comp="1272" pin=143"/></net>

<net id="1765"><net_src comp="1762" pin="1"/><net_sink comp="1272" pin=142"/></net>

<net id="1769"><net_src comp="1766" pin="1"/><net_sink comp="1272" pin=141"/></net>

<net id="1773"><net_src comp="1770" pin="1"/><net_sink comp="1272" pin=140"/></net>

<net id="1777"><net_src comp="1774" pin="1"/><net_sink comp="1272" pin=139"/></net>

<net id="1781"><net_src comp="1778" pin="1"/><net_sink comp="1272" pin=138"/></net>

<net id="1785"><net_src comp="1782" pin="1"/><net_sink comp="1272" pin=137"/></net>

<net id="1789"><net_src comp="1786" pin="1"/><net_sink comp="1272" pin=136"/></net>

<net id="1793"><net_src comp="1790" pin="1"/><net_sink comp="1272" pin=135"/></net>

<net id="1797"><net_src comp="1794" pin="1"/><net_sink comp="1272" pin=134"/></net>

<net id="1801"><net_src comp="1798" pin="1"/><net_sink comp="1272" pin=133"/></net>

<net id="1805"><net_src comp="1802" pin="1"/><net_sink comp="1272" pin=132"/></net>

<net id="1809"><net_src comp="1806" pin="1"/><net_sink comp="1272" pin=131"/></net>

<net id="1813"><net_src comp="1810" pin="1"/><net_sink comp="1272" pin=130"/></net>

<net id="1817"><net_src comp="1814" pin="1"/><net_sink comp="1272" pin=129"/></net>

<net id="1821"><net_src comp="1818" pin="1"/><net_sink comp="1272" pin=128"/></net>

<net id="1825"><net_src comp="1822" pin="1"/><net_sink comp="1272" pin=127"/></net>

<net id="1829"><net_src comp="1826" pin="1"/><net_sink comp="1272" pin=126"/></net>

<net id="1833"><net_src comp="1830" pin="1"/><net_sink comp="1272" pin=125"/></net>

<net id="1837"><net_src comp="1834" pin="1"/><net_sink comp="1272" pin=124"/></net>

<net id="1841"><net_src comp="1838" pin="1"/><net_sink comp="1272" pin=123"/></net>

<net id="1845"><net_src comp="1842" pin="1"/><net_sink comp="1272" pin=122"/></net>

<net id="1849"><net_src comp="1846" pin="1"/><net_sink comp="1272" pin=121"/></net>

<net id="1853"><net_src comp="1850" pin="1"/><net_sink comp="1272" pin=120"/></net>

<net id="1857"><net_src comp="1854" pin="1"/><net_sink comp="1272" pin=119"/></net>

<net id="1861"><net_src comp="1858" pin="1"/><net_sink comp="1272" pin=118"/></net>

<net id="1865"><net_src comp="1862" pin="1"/><net_sink comp="1272" pin=117"/></net>

<net id="1869"><net_src comp="1866" pin="1"/><net_sink comp="1272" pin=116"/></net>

<net id="1873"><net_src comp="1870" pin="1"/><net_sink comp="1272" pin=115"/></net>

<net id="1877"><net_src comp="1874" pin="1"/><net_sink comp="1272" pin=114"/></net>

<net id="1881"><net_src comp="1878" pin="1"/><net_sink comp="1272" pin=113"/></net>

<net id="1885"><net_src comp="1882" pin="1"/><net_sink comp="1272" pin=112"/></net>

<net id="1889"><net_src comp="1886" pin="1"/><net_sink comp="1272" pin=111"/></net>

<net id="1893"><net_src comp="1890" pin="1"/><net_sink comp="1272" pin=110"/></net>

<net id="1897"><net_src comp="1894" pin="1"/><net_sink comp="1272" pin=109"/></net>

<net id="1901"><net_src comp="1898" pin="1"/><net_sink comp="1272" pin=108"/></net>

<net id="1905"><net_src comp="1902" pin="1"/><net_sink comp="1272" pin=107"/></net>

<net id="1909"><net_src comp="1906" pin="1"/><net_sink comp="1272" pin=106"/></net>

<net id="1913"><net_src comp="1910" pin="1"/><net_sink comp="1272" pin=105"/></net>

<net id="1917"><net_src comp="1914" pin="1"/><net_sink comp="1272" pin=104"/></net>

<net id="1921"><net_src comp="1918" pin="1"/><net_sink comp="1272" pin=103"/></net>

<net id="1925"><net_src comp="1922" pin="1"/><net_sink comp="1272" pin=102"/></net>

<net id="1929"><net_src comp="1926" pin="1"/><net_sink comp="1272" pin=101"/></net>

<net id="1933"><net_src comp="1930" pin="1"/><net_sink comp="1272" pin=100"/></net>

<net id="1937"><net_src comp="1934" pin="1"/><net_sink comp="1272" pin=99"/></net>

<net id="1941"><net_src comp="1938" pin="1"/><net_sink comp="1272" pin=98"/></net>

<net id="1945"><net_src comp="1942" pin="1"/><net_sink comp="1272" pin=97"/></net>

<net id="1949"><net_src comp="1946" pin="1"/><net_sink comp="1272" pin=96"/></net>

<net id="1953"><net_src comp="1950" pin="1"/><net_sink comp="1272" pin=95"/></net>

<net id="1957"><net_src comp="1954" pin="1"/><net_sink comp="1272" pin=94"/></net>

<net id="1961"><net_src comp="1958" pin="1"/><net_sink comp="1272" pin=93"/></net>

<net id="1965"><net_src comp="1962" pin="1"/><net_sink comp="1272" pin=92"/></net>

<net id="1969"><net_src comp="1966" pin="1"/><net_sink comp="1272" pin=91"/></net>

<net id="1973"><net_src comp="1970" pin="1"/><net_sink comp="1272" pin=90"/></net>

<net id="1977"><net_src comp="1974" pin="1"/><net_sink comp="1272" pin=89"/></net>

<net id="1981"><net_src comp="1978" pin="1"/><net_sink comp="1272" pin=88"/></net>

<net id="1985"><net_src comp="1982" pin="1"/><net_sink comp="1272" pin=87"/></net>

<net id="1989"><net_src comp="1986" pin="1"/><net_sink comp="1272" pin=86"/></net>

<net id="1993"><net_src comp="1990" pin="1"/><net_sink comp="1272" pin=85"/></net>

<net id="1997"><net_src comp="1994" pin="1"/><net_sink comp="1272" pin=84"/></net>

<net id="2001"><net_src comp="1998" pin="1"/><net_sink comp="1272" pin=83"/></net>

<net id="2005"><net_src comp="2002" pin="1"/><net_sink comp="1272" pin=82"/></net>

<net id="2009"><net_src comp="2006" pin="1"/><net_sink comp="1272" pin=81"/></net>

<net id="2013"><net_src comp="2010" pin="1"/><net_sink comp="1272" pin=80"/></net>

<net id="2017"><net_src comp="2014" pin="1"/><net_sink comp="1272" pin=79"/></net>

<net id="2021"><net_src comp="2018" pin="1"/><net_sink comp="1272" pin=78"/></net>

<net id="2025"><net_src comp="2022" pin="1"/><net_sink comp="1272" pin=77"/></net>

<net id="2029"><net_src comp="2026" pin="1"/><net_sink comp="1272" pin=76"/></net>

<net id="2033"><net_src comp="2030" pin="1"/><net_sink comp="1272" pin=75"/></net>

<net id="2037"><net_src comp="2034" pin="1"/><net_sink comp="1272" pin=74"/></net>

<net id="2041"><net_src comp="2038" pin="1"/><net_sink comp="1272" pin=73"/></net>

<net id="2045"><net_src comp="2042" pin="1"/><net_sink comp="1272" pin=72"/></net>

<net id="2049"><net_src comp="2046" pin="1"/><net_sink comp="1272" pin=71"/></net>

<net id="2053"><net_src comp="2050" pin="1"/><net_sink comp="1272" pin=70"/></net>

<net id="2057"><net_src comp="2054" pin="1"/><net_sink comp="1272" pin=69"/></net>

<net id="2061"><net_src comp="2058" pin="1"/><net_sink comp="1272" pin=68"/></net>

<net id="2065"><net_src comp="2062" pin="1"/><net_sink comp="1272" pin=67"/></net>

<net id="2069"><net_src comp="2066" pin="1"/><net_sink comp="1272" pin=66"/></net>

<net id="2073"><net_src comp="2070" pin="1"/><net_sink comp="1272" pin=65"/></net>

<net id="2077"><net_src comp="2074" pin="1"/><net_sink comp="1272" pin=64"/></net>

<net id="2081"><net_src comp="2078" pin="1"/><net_sink comp="1272" pin=63"/></net>

<net id="2085"><net_src comp="2082" pin="1"/><net_sink comp="1272" pin=62"/></net>

<net id="2089"><net_src comp="2086" pin="1"/><net_sink comp="1272" pin=61"/></net>

<net id="2093"><net_src comp="2090" pin="1"/><net_sink comp="1272" pin=60"/></net>

<net id="2097"><net_src comp="2094" pin="1"/><net_sink comp="1272" pin=59"/></net>

<net id="2101"><net_src comp="2098" pin="1"/><net_sink comp="1272" pin=58"/></net>

<net id="2105"><net_src comp="2102" pin="1"/><net_sink comp="1272" pin=57"/></net>

<net id="2109"><net_src comp="2106" pin="1"/><net_sink comp="1272" pin=56"/></net>

<net id="2113"><net_src comp="2110" pin="1"/><net_sink comp="1272" pin=55"/></net>

<net id="2117"><net_src comp="2114" pin="1"/><net_sink comp="1272" pin=54"/></net>

<net id="2121"><net_src comp="2118" pin="1"/><net_sink comp="1272" pin=53"/></net>

<net id="2125"><net_src comp="2122" pin="1"/><net_sink comp="1272" pin=52"/></net>

<net id="2129"><net_src comp="2126" pin="1"/><net_sink comp="1272" pin=51"/></net>

<net id="2133"><net_src comp="2130" pin="1"/><net_sink comp="1272" pin=50"/></net>

<net id="2137"><net_src comp="2134" pin="1"/><net_sink comp="1272" pin=49"/></net>

<net id="2141"><net_src comp="2138" pin="1"/><net_sink comp="1272" pin=48"/></net>

<net id="2145"><net_src comp="2142" pin="1"/><net_sink comp="1272" pin=47"/></net>

<net id="2149"><net_src comp="2146" pin="1"/><net_sink comp="1272" pin=46"/></net>

<net id="2153"><net_src comp="2150" pin="1"/><net_sink comp="1272" pin=45"/></net>

<net id="2157"><net_src comp="2154" pin="1"/><net_sink comp="1272" pin=44"/></net>

<net id="2161"><net_src comp="2158" pin="1"/><net_sink comp="1272" pin=43"/></net>

<net id="2165"><net_src comp="2162" pin="1"/><net_sink comp="1272" pin=42"/></net>

<net id="2169"><net_src comp="2166" pin="1"/><net_sink comp="1272" pin=41"/></net>

<net id="2173"><net_src comp="2170" pin="1"/><net_sink comp="1272" pin=40"/></net>

<net id="2177"><net_src comp="2174" pin="1"/><net_sink comp="1272" pin=39"/></net>

<net id="2181"><net_src comp="2178" pin="1"/><net_sink comp="1272" pin=38"/></net>

<net id="2185"><net_src comp="2182" pin="1"/><net_sink comp="1272" pin=37"/></net>

<net id="2189"><net_src comp="2186" pin="1"/><net_sink comp="1272" pin=36"/></net>

<net id="2193"><net_src comp="2190" pin="1"/><net_sink comp="1272" pin=35"/></net>

<net id="2197"><net_src comp="2194" pin="1"/><net_sink comp="1272" pin=34"/></net>

<net id="2201"><net_src comp="2198" pin="1"/><net_sink comp="1272" pin=33"/></net>

<net id="2205"><net_src comp="2202" pin="1"/><net_sink comp="1272" pin=32"/></net>

<net id="2209"><net_src comp="2206" pin="1"/><net_sink comp="1272" pin=31"/></net>

<net id="2213"><net_src comp="2210" pin="1"/><net_sink comp="1272" pin=30"/></net>

<net id="2217"><net_src comp="2214" pin="1"/><net_sink comp="1272" pin=29"/></net>

<net id="2221"><net_src comp="2218" pin="1"/><net_sink comp="1272" pin=28"/></net>

<net id="2225"><net_src comp="2222" pin="1"/><net_sink comp="1272" pin=27"/></net>

<net id="2229"><net_src comp="2226" pin="1"/><net_sink comp="1272" pin=26"/></net>

<net id="2233"><net_src comp="2230" pin="1"/><net_sink comp="1272" pin=25"/></net>

<net id="2237"><net_src comp="2234" pin="1"/><net_sink comp="1272" pin=24"/></net>

<net id="2241"><net_src comp="2238" pin="1"/><net_sink comp="1272" pin=23"/></net>

<net id="2245"><net_src comp="2242" pin="1"/><net_sink comp="1272" pin=22"/></net>

<net id="2249"><net_src comp="2246" pin="1"/><net_sink comp="1272" pin=21"/></net>

<net id="2253"><net_src comp="2250" pin="1"/><net_sink comp="1272" pin=20"/></net>

<net id="2257"><net_src comp="2254" pin="1"/><net_sink comp="1272" pin=19"/></net>

<net id="2261"><net_src comp="2258" pin="1"/><net_sink comp="1272" pin=18"/></net>

<net id="2265"><net_src comp="2262" pin="1"/><net_sink comp="1272" pin=17"/></net>

<net id="2269"><net_src comp="2266" pin="1"/><net_sink comp="1272" pin=16"/></net>

<net id="2273"><net_src comp="2270" pin="1"/><net_sink comp="1272" pin=15"/></net>

<net id="2277"><net_src comp="2274" pin="1"/><net_sink comp="1272" pin=14"/></net>

<net id="2281"><net_src comp="2278" pin="1"/><net_sink comp="1272" pin=13"/></net>

<net id="2285"><net_src comp="2282" pin="1"/><net_sink comp="1272" pin=12"/></net>

<net id="2289"><net_src comp="2286" pin="1"/><net_sink comp="1272" pin=11"/></net>

<net id="2293"><net_src comp="2290" pin="1"/><net_sink comp="1272" pin=10"/></net>

<net id="2297"><net_src comp="2294" pin="1"/><net_sink comp="1272" pin=9"/></net>

<net id="2301"><net_src comp="2298" pin="1"/><net_sink comp="1272" pin=8"/></net>

<net id="2305"><net_src comp="2302" pin="1"/><net_sink comp="1272" pin=7"/></net>

<net id="2309"><net_src comp="2306" pin="1"/><net_sink comp="1272" pin=6"/></net>

<net id="2313"><net_src comp="2310" pin="1"/><net_sink comp="1272" pin=5"/></net>

<net id="2317"><net_src comp="2314" pin="1"/><net_sink comp="1272" pin=4"/></net>

<net id="2321"><net_src comp="2318" pin="1"/><net_sink comp="1272" pin=3"/></net>

<net id="2325"><net_src comp="2322" pin="1"/><net_sink comp="1272" pin=2"/></net>

<net id="2329"><net_src comp="2326" pin="1"/><net_sink comp="1272" pin=1"/></net>

<net id="2334"><net_src comp="1751" pin="1"/><net_sink comp="2330" pin=0"/></net>

<net id="2335"><net_src comp="36" pin="0"/><net_sink comp="2330" pin=1"/></net>

<net id="2341"><net_src comp="2330" pin="2"/><net_sink comp="2336" pin=0"/></net>

<net id="2342"><net_src comp="20" pin="0"/><net_sink comp="2336" pin=1"/></net>

<net id="2343"><net_src comp="1751" pin="1"/><net_sink comp="2336" pin=2"/></net>

<net id="2344"><net_src comp="2336" pin="3"/><net_sink comp="1272" pin=145"/></net>

<net id="2781"><net_src comp="1257" pin="4"/><net_sink comp="2777" pin=0"/></net>

<net id="2782"><net_src comp="54" pin="0"/><net_sink comp="2777" pin=1"/></net>

<net id="2787"><net_src comp="1257" pin="4"/><net_sink comp="2783" pin=0"/></net>

<net id="2788"><net_src comp="58" pin="0"/><net_sink comp="2783" pin=1"/></net>

<net id="2792"><net_src comp="1257" pin="4"/><net_sink comp="2789" pin=0"/></net>

<net id="2793"><net_src comp="2789" pin="1"/><net_sink comp="1240" pin=2"/></net>

<net id="2797"><net_src comp="1257" pin="4"/><net_sink comp="2794" pin=0"/></net>

<net id="2802"><net_src comp="62" pin="0"/><net_sink comp="2798" pin=1"/></net>

<net id="3387"><net_src comp="2798" pin="2"/><net_sink comp="3383" pin=0"/></net>

<net id="3393"><net_src comp="64" pin="0"/><net_sink comp="3388" pin=0"/></net>

<net id="3394"><net_src comp="1247" pin="3"/><net_sink comp="3388" pin=1"/></net>

<net id="3395"><net_src comp="66" pin="0"/><net_sink comp="3388" pin=2"/></net>

<net id="3396"><net_src comp="3388" pin="3"/><net_sink comp="1571" pin=1"/></net>

<net id="3402"><net_src comp="68" pin="0"/><net_sink comp="3397" pin=0"/></net>

<net id="3403"><net_src comp="70" pin="0"/><net_sink comp="3397" pin=2"/></net>

<net id="3404"><net_src comp="3397" pin="3"/><net_sink comp="1571" pin=3"/></net>

<net id="3410"><net_src comp="72" pin="0"/><net_sink comp="3405" pin=0"/></net>

<net id="3411"><net_src comp="74" pin="0"/><net_sink comp="3405" pin=2"/></net>

<net id="3412"><net_src comp="3405" pin="3"/><net_sink comp="1571" pin=2"/></net>

<net id="3416"><net_src comp="80" pin="1"/><net_sink comp="3413" pin=0"/></net>

<net id="3417"><net_src comp="3413" pin="1"/><net_sink comp="1731" pin=1"/></net>

<net id="3418"><net_src comp="3413" pin="1"/><net_sink comp="1751" pin=0"/></net>

<net id="3419"><net_src comp="3413" pin="1"/><net_sink comp="3383" pin=1"/></net>

<net id="3423"><net_src comp="84" pin="1"/><net_sink comp="3420" pin=0"/></net>

<net id="3424"><net_src comp="3420" pin="1"/><net_sink comp="1754" pin=0"/></net>

<net id="3425"><net_src comp="3420" pin="1"/><net_sink comp="3379" pin=1"/></net>

<net id="3429"><net_src comp="88" pin="1"/><net_sink comp="3426" pin=0"/></net>

<net id="3430"><net_src comp="3426" pin="1"/><net_sink comp="1758" pin=0"/></net>

<net id="3431"><net_src comp="3426" pin="1"/><net_sink comp="3375" pin=1"/></net>

<net id="3435"><net_src comp="92" pin="1"/><net_sink comp="3432" pin=0"/></net>

<net id="3436"><net_src comp="3432" pin="1"/><net_sink comp="1762" pin=0"/></net>

<net id="3437"><net_src comp="3432" pin="1"/><net_sink comp="3371" pin=1"/></net>

<net id="3441"><net_src comp="96" pin="1"/><net_sink comp="3438" pin=0"/></net>

<net id="3442"><net_src comp="3438" pin="1"/><net_sink comp="1766" pin=0"/></net>

<net id="3443"><net_src comp="3438" pin="1"/><net_sink comp="3367" pin=1"/></net>

<net id="3447"><net_src comp="100" pin="1"/><net_sink comp="3444" pin=0"/></net>

<net id="3448"><net_src comp="3444" pin="1"/><net_sink comp="1770" pin=0"/></net>

<net id="3449"><net_src comp="3444" pin="1"/><net_sink comp="3363" pin=1"/></net>

<net id="3453"><net_src comp="104" pin="1"/><net_sink comp="3450" pin=0"/></net>

<net id="3454"><net_src comp="3450" pin="1"/><net_sink comp="1774" pin=0"/></net>

<net id="3455"><net_src comp="3450" pin="1"/><net_sink comp="3359" pin=1"/></net>

<net id="3459"><net_src comp="108" pin="1"/><net_sink comp="3456" pin=0"/></net>

<net id="3460"><net_src comp="3456" pin="1"/><net_sink comp="1778" pin=0"/></net>

<net id="3461"><net_src comp="3456" pin="1"/><net_sink comp="3355" pin=1"/></net>

<net id="3465"><net_src comp="112" pin="1"/><net_sink comp="3462" pin=0"/></net>

<net id="3466"><net_src comp="3462" pin="1"/><net_sink comp="1782" pin=0"/></net>

<net id="3467"><net_src comp="3462" pin="1"/><net_sink comp="3351" pin=1"/></net>

<net id="3471"><net_src comp="116" pin="1"/><net_sink comp="3468" pin=0"/></net>

<net id="3472"><net_src comp="3468" pin="1"/><net_sink comp="1786" pin=0"/></net>

<net id="3473"><net_src comp="3468" pin="1"/><net_sink comp="3347" pin=1"/></net>

<net id="3477"><net_src comp="120" pin="1"/><net_sink comp="3474" pin=0"/></net>

<net id="3478"><net_src comp="3474" pin="1"/><net_sink comp="1790" pin=0"/></net>

<net id="3479"><net_src comp="3474" pin="1"/><net_sink comp="3343" pin=1"/></net>

<net id="3483"><net_src comp="124" pin="1"/><net_sink comp="3480" pin=0"/></net>

<net id="3484"><net_src comp="3480" pin="1"/><net_sink comp="1794" pin=0"/></net>

<net id="3485"><net_src comp="3480" pin="1"/><net_sink comp="3339" pin=1"/></net>

<net id="3489"><net_src comp="128" pin="1"/><net_sink comp="3486" pin=0"/></net>

<net id="3490"><net_src comp="3486" pin="1"/><net_sink comp="1798" pin=0"/></net>

<net id="3491"><net_src comp="3486" pin="1"/><net_sink comp="3335" pin=1"/></net>

<net id="3495"><net_src comp="132" pin="1"/><net_sink comp="3492" pin=0"/></net>

<net id="3496"><net_src comp="3492" pin="1"/><net_sink comp="1802" pin=0"/></net>

<net id="3497"><net_src comp="3492" pin="1"/><net_sink comp="3331" pin=1"/></net>

<net id="3501"><net_src comp="136" pin="1"/><net_sink comp="3498" pin=0"/></net>

<net id="3502"><net_src comp="3498" pin="1"/><net_sink comp="1806" pin=0"/></net>

<net id="3503"><net_src comp="3498" pin="1"/><net_sink comp="3327" pin=1"/></net>

<net id="3507"><net_src comp="140" pin="1"/><net_sink comp="3504" pin=0"/></net>

<net id="3508"><net_src comp="3504" pin="1"/><net_sink comp="1810" pin=0"/></net>

<net id="3509"><net_src comp="3504" pin="1"/><net_sink comp="3323" pin=1"/></net>

<net id="3513"><net_src comp="144" pin="1"/><net_sink comp="3510" pin=0"/></net>

<net id="3514"><net_src comp="3510" pin="1"/><net_sink comp="1814" pin=0"/></net>

<net id="3515"><net_src comp="3510" pin="1"/><net_sink comp="3319" pin=1"/></net>

<net id="3519"><net_src comp="148" pin="1"/><net_sink comp="3516" pin=0"/></net>

<net id="3520"><net_src comp="3516" pin="1"/><net_sink comp="1818" pin=0"/></net>

<net id="3521"><net_src comp="3516" pin="1"/><net_sink comp="3315" pin=1"/></net>

<net id="3525"><net_src comp="152" pin="1"/><net_sink comp="3522" pin=0"/></net>

<net id="3526"><net_src comp="3522" pin="1"/><net_sink comp="1822" pin=0"/></net>

<net id="3527"><net_src comp="3522" pin="1"/><net_sink comp="3311" pin=1"/></net>

<net id="3531"><net_src comp="156" pin="1"/><net_sink comp="3528" pin=0"/></net>

<net id="3532"><net_src comp="3528" pin="1"/><net_sink comp="1826" pin=0"/></net>

<net id="3533"><net_src comp="3528" pin="1"/><net_sink comp="3307" pin=1"/></net>

<net id="3537"><net_src comp="160" pin="1"/><net_sink comp="3534" pin=0"/></net>

<net id="3538"><net_src comp="3534" pin="1"/><net_sink comp="1830" pin=0"/></net>

<net id="3539"><net_src comp="3534" pin="1"/><net_sink comp="3303" pin=1"/></net>

<net id="3543"><net_src comp="164" pin="1"/><net_sink comp="3540" pin=0"/></net>

<net id="3544"><net_src comp="3540" pin="1"/><net_sink comp="1834" pin=0"/></net>

<net id="3545"><net_src comp="3540" pin="1"/><net_sink comp="3299" pin=1"/></net>

<net id="3549"><net_src comp="168" pin="1"/><net_sink comp="3546" pin=0"/></net>

<net id="3550"><net_src comp="3546" pin="1"/><net_sink comp="1838" pin=0"/></net>

<net id="3551"><net_src comp="3546" pin="1"/><net_sink comp="3295" pin=1"/></net>

<net id="3555"><net_src comp="172" pin="1"/><net_sink comp="3552" pin=0"/></net>

<net id="3556"><net_src comp="3552" pin="1"/><net_sink comp="1842" pin=0"/></net>

<net id="3557"><net_src comp="3552" pin="1"/><net_sink comp="3291" pin=1"/></net>

<net id="3561"><net_src comp="176" pin="1"/><net_sink comp="3558" pin=0"/></net>

<net id="3562"><net_src comp="3558" pin="1"/><net_sink comp="1846" pin=0"/></net>

<net id="3563"><net_src comp="3558" pin="1"/><net_sink comp="3287" pin=1"/></net>

<net id="3567"><net_src comp="180" pin="1"/><net_sink comp="3564" pin=0"/></net>

<net id="3568"><net_src comp="3564" pin="1"/><net_sink comp="1850" pin=0"/></net>

<net id="3569"><net_src comp="3564" pin="1"/><net_sink comp="3283" pin=1"/></net>

<net id="3573"><net_src comp="184" pin="1"/><net_sink comp="3570" pin=0"/></net>

<net id="3574"><net_src comp="3570" pin="1"/><net_sink comp="1854" pin=0"/></net>

<net id="3575"><net_src comp="3570" pin="1"/><net_sink comp="3279" pin=1"/></net>

<net id="3579"><net_src comp="188" pin="1"/><net_sink comp="3576" pin=0"/></net>

<net id="3580"><net_src comp="3576" pin="1"/><net_sink comp="1858" pin=0"/></net>

<net id="3581"><net_src comp="3576" pin="1"/><net_sink comp="3275" pin=1"/></net>

<net id="3585"><net_src comp="192" pin="1"/><net_sink comp="3582" pin=0"/></net>

<net id="3586"><net_src comp="3582" pin="1"/><net_sink comp="1862" pin=0"/></net>

<net id="3587"><net_src comp="3582" pin="1"/><net_sink comp="3271" pin=1"/></net>

<net id="3591"><net_src comp="196" pin="1"/><net_sink comp="3588" pin=0"/></net>

<net id="3592"><net_src comp="3588" pin="1"/><net_sink comp="1866" pin=0"/></net>

<net id="3593"><net_src comp="3588" pin="1"/><net_sink comp="3267" pin=1"/></net>

<net id="3597"><net_src comp="200" pin="1"/><net_sink comp="3594" pin=0"/></net>

<net id="3598"><net_src comp="3594" pin="1"/><net_sink comp="1870" pin=0"/></net>

<net id="3599"><net_src comp="3594" pin="1"/><net_sink comp="3263" pin=1"/></net>

<net id="3603"><net_src comp="204" pin="1"/><net_sink comp="3600" pin=0"/></net>

<net id="3604"><net_src comp="3600" pin="1"/><net_sink comp="1874" pin=0"/></net>

<net id="3605"><net_src comp="3600" pin="1"/><net_sink comp="3259" pin=1"/></net>

<net id="3609"><net_src comp="208" pin="1"/><net_sink comp="3606" pin=0"/></net>

<net id="3610"><net_src comp="3606" pin="1"/><net_sink comp="1878" pin=0"/></net>

<net id="3611"><net_src comp="3606" pin="1"/><net_sink comp="3255" pin=1"/></net>

<net id="3615"><net_src comp="212" pin="1"/><net_sink comp="3612" pin=0"/></net>

<net id="3616"><net_src comp="3612" pin="1"/><net_sink comp="1882" pin=0"/></net>

<net id="3617"><net_src comp="3612" pin="1"/><net_sink comp="3251" pin=1"/></net>

<net id="3621"><net_src comp="216" pin="1"/><net_sink comp="3618" pin=0"/></net>

<net id="3622"><net_src comp="3618" pin="1"/><net_sink comp="1886" pin=0"/></net>

<net id="3623"><net_src comp="3618" pin="1"/><net_sink comp="3247" pin=1"/></net>

<net id="3627"><net_src comp="220" pin="1"/><net_sink comp="3624" pin=0"/></net>

<net id="3628"><net_src comp="3624" pin="1"/><net_sink comp="1890" pin=0"/></net>

<net id="3629"><net_src comp="3624" pin="1"/><net_sink comp="3243" pin=1"/></net>

<net id="3633"><net_src comp="224" pin="1"/><net_sink comp="3630" pin=0"/></net>

<net id="3634"><net_src comp="3630" pin="1"/><net_sink comp="1894" pin=0"/></net>

<net id="3635"><net_src comp="3630" pin="1"/><net_sink comp="3239" pin=1"/></net>

<net id="3639"><net_src comp="228" pin="1"/><net_sink comp="3636" pin=0"/></net>

<net id="3640"><net_src comp="3636" pin="1"/><net_sink comp="1898" pin=0"/></net>

<net id="3641"><net_src comp="3636" pin="1"/><net_sink comp="3235" pin=1"/></net>

<net id="3645"><net_src comp="232" pin="1"/><net_sink comp="3642" pin=0"/></net>

<net id="3646"><net_src comp="3642" pin="1"/><net_sink comp="1902" pin=0"/></net>

<net id="3647"><net_src comp="3642" pin="1"/><net_sink comp="3231" pin=1"/></net>

<net id="3651"><net_src comp="236" pin="1"/><net_sink comp="3648" pin=0"/></net>

<net id="3652"><net_src comp="3648" pin="1"/><net_sink comp="1906" pin=0"/></net>

<net id="3653"><net_src comp="3648" pin="1"/><net_sink comp="3227" pin=1"/></net>

<net id="3657"><net_src comp="240" pin="1"/><net_sink comp="3654" pin=0"/></net>

<net id="3658"><net_src comp="3654" pin="1"/><net_sink comp="1910" pin=0"/></net>

<net id="3659"><net_src comp="3654" pin="1"/><net_sink comp="3223" pin=1"/></net>

<net id="3663"><net_src comp="244" pin="1"/><net_sink comp="3660" pin=0"/></net>

<net id="3664"><net_src comp="3660" pin="1"/><net_sink comp="1914" pin=0"/></net>

<net id="3665"><net_src comp="3660" pin="1"/><net_sink comp="3219" pin=1"/></net>

<net id="3669"><net_src comp="248" pin="1"/><net_sink comp="3666" pin=0"/></net>

<net id="3670"><net_src comp="3666" pin="1"/><net_sink comp="1918" pin=0"/></net>

<net id="3671"><net_src comp="3666" pin="1"/><net_sink comp="3215" pin=1"/></net>

<net id="3675"><net_src comp="252" pin="1"/><net_sink comp="3672" pin=0"/></net>

<net id="3676"><net_src comp="3672" pin="1"/><net_sink comp="1922" pin=0"/></net>

<net id="3677"><net_src comp="3672" pin="1"/><net_sink comp="3211" pin=1"/></net>

<net id="3681"><net_src comp="256" pin="1"/><net_sink comp="3678" pin=0"/></net>

<net id="3682"><net_src comp="3678" pin="1"/><net_sink comp="1926" pin=0"/></net>

<net id="3683"><net_src comp="3678" pin="1"/><net_sink comp="3207" pin=1"/></net>

<net id="3687"><net_src comp="260" pin="1"/><net_sink comp="3684" pin=0"/></net>

<net id="3688"><net_src comp="3684" pin="1"/><net_sink comp="1930" pin=0"/></net>

<net id="3689"><net_src comp="3684" pin="1"/><net_sink comp="3203" pin=1"/></net>

<net id="3693"><net_src comp="264" pin="1"/><net_sink comp="3690" pin=0"/></net>

<net id="3694"><net_src comp="3690" pin="1"/><net_sink comp="1934" pin=0"/></net>

<net id="3695"><net_src comp="3690" pin="1"/><net_sink comp="3199" pin=1"/></net>

<net id="3699"><net_src comp="268" pin="1"/><net_sink comp="3696" pin=0"/></net>

<net id="3700"><net_src comp="3696" pin="1"/><net_sink comp="1938" pin=0"/></net>

<net id="3701"><net_src comp="3696" pin="1"/><net_sink comp="3195" pin=1"/></net>

<net id="3705"><net_src comp="272" pin="1"/><net_sink comp="3702" pin=0"/></net>

<net id="3706"><net_src comp="3702" pin="1"/><net_sink comp="1942" pin=0"/></net>

<net id="3707"><net_src comp="3702" pin="1"/><net_sink comp="3191" pin=1"/></net>

<net id="3711"><net_src comp="276" pin="1"/><net_sink comp="3708" pin=0"/></net>

<net id="3712"><net_src comp="3708" pin="1"/><net_sink comp="1946" pin=0"/></net>

<net id="3713"><net_src comp="3708" pin="1"/><net_sink comp="3187" pin=1"/></net>

<net id="3717"><net_src comp="280" pin="1"/><net_sink comp="3714" pin=0"/></net>

<net id="3718"><net_src comp="3714" pin="1"/><net_sink comp="1950" pin=0"/></net>

<net id="3719"><net_src comp="3714" pin="1"/><net_sink comp="3183" pin=1"/></net>

<net id="3723"><net_src comp="284" pin="1"/><net_sink comp="3720" pin=0"/></net>

<net id="3724"><net_src comp="3720" pin="1"/><net_sink comp="1954" pin=0"/></net>

<net id="3725"><net_src comp="3720" pin="1"/><net_sink comp="3179" pin=1"/></net>

<net id="3729"><net_src comp="288" pin="1"/><net_sink comp="3726" pin=0"/></net>

<net id="3730"><net_src comp="3726" pin="1"/><net_sink comp="1958" pin=0"/></net>

<net id="3731"><net_src comp="3726" pin="1"/><net_sink comp="3175" pin=1"/></net>

<net id="3735"><net_src comp="292" pin="1"/><net_sink comp="3732" pin=0"/></net>

<net id="3736"><net_src comp="3732" pin="1"/><net_sink comp="1962" pin=0"/></net>

<net id="3737"><net_src comp="3732" pin="1"/><net_sink comp="3171" pin=1"/></net>

<net id="3741"><net_src comp="296" pin="1"/><net_sink comp="3738" pin=0"/></net>

<net id="3742"><net_src comp="3738" pin="1"/><net_sink comp="1966" pin=0"/></net>

<net id="3743"><net_src comp="3738" pin="1"/><net_sink comp="3167" pin=1"/></net>

<net id="3747"><net_src comp="300" pin="1"/><net_sink comp="3744" pin=0"/></net>

<net id="3748"><net_src comp="3744" pin="1"/><net_sink comp="1970" pin=0"/></net>

<net id="3749"><net_src comp="3744" pin="1"/><net_sink comp="3163" pin=1"/></net>

<net id="3753"><net_src comp="304" pin="1"/><net_sink comp="3750" pin=0"/></net>

<net id="3754"><net_src comp="3750" pin="1"/><net_sink comp="1974" pin=0"/></net>

<net id="3755"><net_src comp="3750" pin="1"/><net_sink comp="3159" pin=1"/></net>

<net id="3759"><net_src comp="308" pin="1"/><net_sink comp="3756" pin=0"/></net>

<net id="3760"><net_src comp="3756" pin="1"/><net_sink comp="1978" pin=0"/></net>

<net id="3761"><net_src comp="3756" pin="1"/><net_sink comp="3155" pin=1"/></net>

<net id="3765"><net_src comp="312" pin="1"/><net_sink comp="3762" pin=0"/></net>

<net id="3766"><net_src comp="3762" pin="1"/><net_sink comp="1982" pin=0"/></net>

<net id="3767"><net_src comp="3762" pin="1"/><net_sink comp="3151" pin=1"/></net>

<net id="3771"><net_src comp="316" pin="1"/><net_sink comp="3768" pin=0"/></net>

<net id="3772"><net_src comp="3768" pin="1"/><net_sink comp="1986" pin=0"/></net>

<net id="3773"><net_src comp="3768" pin="1"/><net_sink comp="3147" pin=1"/></net>

<net id="3777"><net_src comp="320" pin="1"/><net_sink comp="3774" pin=0"/></net>

<net id="3778"><net_src comp="3774" pin="1"/><net_sink comp="1990" pin=0"/></net>

<net id="3779"><net_src comp="3774" pin="1"/><net_sink comp="3143" pin=1"/></net>

<net id="3783"><net_src comp="324" pin="1"/><net_sink comp="3780" pin=0"/></net>

<net id="3784"><net_src comp="3780" pin="1"/><net_sink comp="1994" pin=0"/></net>

<net id="3785"><net_src comp="3780" pin="1"/><net_sink comp="3139" pin=1"/></net>

<net id="3789"><net_src comp="328" pin="1"/><net_sink comp="3786" pin=0"/></net>

<net id="3790"><net_src comp="3786" pin="1"/><net_sink comp="1998" pin=0"/></net>

<net id="3791"><net_src comp="3786" pin="1"/><net_sink comp="3135" pin=1"/></net>

<net id="3795"><net_src comp="332" pin="1"/><net_sink comp="3792" pin=0"/></net>

<net id="3796"><net_src comp="3792" pin="1"/><net_sink comp="2002" pin=0"/></net>

<net id="3797"><net_src comp="3792" pin="1"/><net_sink comp="3131" pin=1"/></net>

<net id="3801"><net_src comp="336" pin="1"/><net_sink comp="3798" pin=0"/></net>

<net id="3802"><net_src comp="3798" pin="1"/><net_sink comp="2006" pin=0"/></net>

<net id="3803"><net_src comp="3798" pin="1"/><net_sink comp="3127" pin=1"/></net>

<net id="3807"><net_src comp="340" pin="1"/><net_sink comp="3804" pin=0"/></net>

<net id="3808"><net_src comp="3804" pin="1"/><net_sink comp="2010" pin=0"/></net>

<net id="3809"><net_src comp="3804" pin="1"/><net_sink comp="3123" pin=1"/></net>

<net id="3813"><net_src comp="344" pin="1"/><net_sink comp="3810" pin=0"/></net>

<net id="3814"><net_src comp="3810" pin="1"/><net_sink comp="2014" pin=0"/></net>

<net id="3815"><net_src comp="3810" pin="1"/><net_sink comp="3119" pin=1"/></net>

<net id="3819"><net_src comp="348" pin="1"/><net_sink comp="3816" pin=0"/></net>

<net id="3820"><net_src comp="3816" pin="1"/><net_sink comp="2018" pin=0"/></net>

<net id="3821"><net_src comp="3816" pin="1"/><net_sink comp="3115" pin=1"/></net>

<net id="3825"><net_src comp="352" pin="1"/><net_sink comp="3822" pin=0"/></net>

<net id="3826"><net_src comp="3822" pin="1"/><net_sink comp="2022" pin=0"/></net>

<net id="3827"><net_src comp="3822" pin="1"/><net_sink comp="3111" pin=1"/></net>

<net id="3831"><net_src comp="356" pin="1"/><net_sink comp="3828" pin=0"/></net>

<net id="3832"><net_src comp="3828" pin="1"/><net_sink comp="2026" pin=0"/></net>

<net id="3833"><net_src comp="3828" pin="1"/><net_sink comp="3107" pin=1"/></net>

<net id="3837"><net_src comp="360" pin="1"/><net_sink comp="3834" pin=0"/></net>

<net id="3838"><net_src comp="3834" pin="1"/><net_sink comp="2030" pin=0"/></net>

<net id="3839"><net_src comp="3834" pin="1"/><net_sink comp="3103" pin=1"/></net>

<net id="3843"><net_src comp="364" pin="1"/><net_sink comp="3840" pin=0"/></net>

<net id="3844"><net_src comp="3840" pin="1"/><net_sink comp="2034" pin=0"/></net>

<net id="3845"><net_src comp="3840" pin="1"/><net_sink comp="3099" pin=1"/></net>

<net id="3849"><net_src comp="368" pin="1"/><net_sink comp="3846" pin=0"/></net>

<net id="3850"><net_src comp="3846" pin="1"/><net_sink comp="2038" pin=0"/></net>

<net id="3851"><net_src comp="3846" pin="1"/><net_sink comp="3095" pin=1"/></net>

<net id="3855"><net_src comp="372" pin="1"/><net_sink comp="3852" pin=0"/></net>

<net id="3856"><net_src comp="3852" pin="1"/><net_sink comp="2042" pin=0"/></net>

<net id="3857"><net_src comp="3852" pin="1"/><net_sink comp="3091" pin=1"/></net>

<net id="3861"><net_src comp="376" pin="1"/><net_sink comp="3858" pin=0"/></net>

<net id="3862"><net_src comp="3858" pin="1"/><net_sink comp="2046" pin=0"/></net>

<net id="3863"><net_src comp="3858" pin="1"/><net_sink comp="3087" pin=1"/></net>

<net id="3867"><net_src comp="380" pin="1"/><net_sink comp="3864" pin=0"/></net>

<net id="3868"><net_src comp="3864" pin="1"/><net_sink comp="2050" pin=0"/></net>

<net id="3869"><net_src comp="3864" pin="1"/><net_sink comp="3083" pin=1"/></net>

<net id="3873"><net_src comp="384" pin="1"/><net_sink comp="3870" pin=0"/></net>

<net id="3874"><net_src comp="3870" pin="1"/><net_sink comp="2054" pin=0"/></net>

<net id="3875"><net_src comp="3870" pin="1"/><net_sink comp="3079" pin=1"/></net>

<net id="3879"><net_src comp="388" pin="1"/><net_sink comp="3876" pin=0"/></net>

<net id="3880"><net_src comp="3876" pin="1"/><net_sink comp="2058" pin=0"/></net>

<net id="3881"><net_src comp="3876" pin="1"/><net_sink comp="3075" pin=1"/></net>

<net id="3885"><net_src comp="392" pin="1"/><net_sink comp="3882" pin=0"/></net>

<net id="3886"><net_src comp="3882" pin="1"/><net_sink comp="2062" pin=0"/></net>

<net id="3887"><net_src comp="3882" pin="1"/><net_sink comp="3071" pin=1"/></net>

<net id="3891"><net_src comp="396" pin="1"/><net_sink comp="3888" pin=0"/></net>

<net id="3892"><net_src comp="3888" pin="1"/><net_sink comp="2066" pin=0"/></net>

<net id="3893"><net_src comp="3888" pin="1"/><net_sink comp="3067" pin=1"/></net>

<net id="3897"><net_src comp="400" pin="1"/><net_sink comp="3894" pin=0"/></net>

<net id="3898"><net_src comp="3894" pin="1"/><net_sink comp="2070" pin=0"/></net>

<net id="3899"><net_src comp="3894" pin="1"/><net_sink comp="3063" pin=1"/></net>

<net id="3903"><net_src comp="404" pin="1"/><net_sink comp="3900" pin=0"/></net>

<net id="3904"><net_src comp="3900" pin="1"/><net_sink comp="2074" pin=0"/></net>

<net id="3905"><net_src comp="3900" pin="1"/><net_sink comp="3059" pin=1"/></net>

<net id="3909"><net_src comp="408" pin="1"/><net_sink comp="3906" pin=0"/></net>

<net id="3910"><net_src comp="3906" pin="1"/><net_sink comp="2078" pin=0"/></net>

<net id="3911"><net_src comp="3906" pin="1"/><net_sink comp="3055" pin=1"/></net>

<net id="3915"><net_src comp="412" pin="1"/><net_sink comp="3912" pin=0"/></net>

<net id="3916"><net_src comp="3912" pin="1"/><net_sink comp="2082" pin=0"/></net>

<net id="3917"><net_src comp="3912" pin="1"/><net_sink comp="3051" pin=1"/></net>

<net id="3921"><net_src comp="416" pin="1"/><net_sink comp="3918" pin=0"/></net>

<net id="3922"><net_src comp="3918" pin="1"/><net_sink comp="2086" pin=0"/></net>

<net id="3923"><net_src comp="3918" pin="1"/><net_sink comp="3047" pin=1"/></net>

<net id="3927"><net_src comp="420" pin="1"/><net_sink comp="3924" pin=0"/></net>

<net id="3928"><net_src comp="3924" pin="1"/><net_sink comp="2090" pin=0"/></net>

<net id="3929"><net_src comp="3924" pin="1"/><net_sink comp="3043" pin=1"/></net>

<net id="3933"><net_src comp="424" pin="1"/><net_sink comp="3930" pin=0"/></net>

<net id="3934"><net_src comp="3930" pin="1"/><net_sink comp="2094" pin=0"/></net>

<net id="3935"><net_src comp="3930" pin="1"/><net_sink comp="3039" pin=1"/></net>

<net id="3939"><net_src comp="428" pin="1"/><net_sink comp="3936" pin=0"/></net>

<net id="3940"><net_src comp="3936" pin="1"/><net_sink comp="2098" pin=0"/></net>

<net id="3941"><net_src comp="3936" pin="1"/><net_sink comp="3035" pin=1"/></net>

<net id="3945"><net_src comp="432" pin="1"/><net_sink comp="3942" pin=0"/></net>

<net id="3946"><net_src comp="3942" pin="1"/><net_sink comp="2102" pin=0"/></net>

<net id="3947"><net_src comp="3942" pin="1"/><net_sink comp="3031" pin=1"/></net>

<net id="3951"><net_src comp="436" pin="1"/><net_sink comp="3948" pin=0"/></net>

<net id="3952"><net_src comp="3948" pin="1"/><net_sink comp="2106" pin=0"/></net>

<net id="3953"><net_src comp="3948" pin="1"/><net_sink comp="3027" pin=1"/></net>

<net id="3957"><net_src comp="440" pin="1"/><net_sink comp="3954" pin=0"/></net>

<net id="3958"><net_src comp="3954" pin="1"/><net_sink comp="2110" pin=0"/></net>

<net id="3959"><net_src comp="3954" pin="1"/><net_sink comp="3023" pin=1"/></net>

<net id="3963"><net_src comp="444" pin="1"/><net_sink comp="3960" pin=0"/></net>

<net id="3964"><net_src comp="3960" pin="1"/><net_sink comp="2114" pin=0"/></net>

<net id="3965"><net_src comp="3960" pin="1"/><net_sink comp="3019" pin=1"/></net>

<net id="3969"><net_src comp="448" pin="1"/><net_sink comp="3966" pin=0"/></net>

<net id="3970"><net_src comp="3966" pin="1"/><net_sink comp="2118" pin=0"/></net>

<net id="3971"><net_src comp="3966" pin="1"/><net_sink comp="3015" pin=1"/></net>

<net id="3975"><net_src comp="452" pin="1"/><net_sink comp="3972" pin=0"/></net>

<net id="3976"><net_src comp="3972" pin="1"/><net_sink comp="2122" pin=0"/></net>

<net id="3977"><net_src comp="3972" pin="1"/><net_sink comp="3011" pin=1"/></net>

<net id="3981"><net_src comp="456" pin="1"/><net_sink comp="3978" pin=0"/></net>

<net id="3982"><net_src comp="3978" pin="1"/><net_sink comp="2126" pin=0"/></net>

<net id="3983"><net_src comp="3978" pin="1"/><net_sink comp="3007" pin=1"/></net>

<net id="3987"><net_src comp="460" pin="1"/><net_sink comp="3984" pin=0"/></net>

<net id="3988"><net_src comp="3984" pin="1"/><net_sink comp="2130" pin=0"/></net>

<net id="3989"><net_src comp="3984" pin="1"/><net_sink comp="3003" pin=1"/></net>

<net id="3993"><net_src comp="464" pin="1"/><net_sink comp="3990" pin=0"/></net>

<net id="3994"><net_src comp="3990" pin="1"/><net_sink comp="2134" pin=0"/></net>

<net id="3995"><net_src comp="3990" pin="1"/><net_sink comp="2999" pin=1"/></net>

<net id="3999"><net_src comp="468" pin="1"/><net_sink comp="3996" pin=0"/></net>

<net id="4000"><net_src comp="3996" pin="1"/><net_sink comp="2138" pin=0"/></net>

<net id="4001"><net_src comp="3996" pin="1"/><net_sink comp="2995" pin=1"/></net>

<net id="4005"><net_src comp="472" pin="1"/><net_sink comp="4002" pin=0"/></net>

<net id="4006"><net_src comp="4002" pin="1"/><net_sink comp="2142" pin=0"/></net>

<net id="4007"><net_src comp="4002" pin="1"/><net_sink comp="2991" pin=1"/></net>

<net id="4011"><net_src comp="476" pin="1"/><net_sink comp="4008" pin=0"/></net>

<net id="4012"><net_src comp="4008" pin="1"/><net_sink comp="2146" pin=0"/></net>

<net id="4013"><net_src comp="4008" pin="1"/><net_sink comp="2987" pin=1"/></net>

<net id="4017"><net_src comp="480" pin="1"/><net_sink comp="4014" pin=0"/></net>

<net id="4018"><net_src comp="4014" pin="1"/><net_sink comp="2150" pin=0"/></net>

<net id="4019"><net_src comp="4014" pin="1"/><net_sink comp="2983" pin=1"/></net>

<net id="4023"><net_src comp="484" pin="1"/><net_sink comp="4020" pin=0"/></net>

<net id="4024"><net_src comp="4020" pin="1"/><net_sink comp="2154" pin=0"/></net>

<net id="4025"><net_src comp="4020" pin="1"/><net_sink comp="2979" pin=1"/></net>

<net id="4029"><net_src comp="488" pin="1"/><net_sink comp="4026" pin=0"/></net>

<net id="4030"><net_src comp="4026" pin="1"/><net_sink comp="2158" pin=0"/></net>

<net id="4031"><net_src comp="4026" pin="1"/><net_sink comp="2975" pin=1"/></net>

<net id="4035"><net_src comp="492" pin="1"/><net_sink comp="4032" pin=0"/></net>

<net id="4036"><net_src comp="4032" pin="1"/><net_sink comp="2162" pin=0"/></net>

<net id="4037"><net_src comp="4032" pin="1"/><net_sink comp="2971" pin=1"/></net>

<net id="4041"><net_src comp="496" pin="1"/><net_sink comp="4038" pin=0"/></net>

<net id="4042"><net_src comp="4038" pin="1"/><net_sink comp="2166" pin=0"/></net>

<net id="4043"><net_src comp="4038" pin="1"/><net_sink comp="2967" pin=1"/></net>

<net id="4047"><net_src comp="500" pin="1"/><net_sink comp="4044" pin=0"/></net>

<net id="4048"><net_src comp="4044" pin="1"/><net_sink comp="2170" pin=0"/></net>

<net id="4049"><net_src comp="4044" pin="1"/><net_sink comp="2963" pin=1"/></net>

<net id="4053"><net_src comp="504" pin="1"/><net_sink comp="4050" pin=0"/></net>

<net id="4054"><net_src comp="4050" pin="1"/><net_sink comp="2174" pin=0"/></net>

<net id="4055"><net_src comp="4050" pin="1"/><net_sink comp="2959" pin=1"/></net>

<net id="4059"><net_src comp="508" pin="1"/><net_sink comp="4056" pin=0"/></net>

<net id="4060"><net_src comp="4056" pin="1"/><net_sink comp="2178" pin=0"/></net>

<net id="4061"><net_src comp="4056" pin="1"/><net_sink comp="2955" pin=1"/></net>

<net id="4065"><net_src comp="512" pin="1"/><net_sink comp="4062" pin=0"/></net>

<net id="4066"><net_src comp="4062" pin="1"/><net_sink comp="2182" pin=0"/></net>

<net id="4067"><net_src comp="4062" pin="1"/><net_sink comp="2951" pin=1"/></net>

<net id="4071"><net_src comp="516" pin="1"/><net_sink comp="4068" pin=0"/></net>

<net id="4072"><net_src comp="4068" pin="1"/><net_sink comp="2186" pin=0"/></net>

<net id="4073"><net_src comp="4068" pin="1"/><net_sink comp="2947" pin=1"/></net>

<net id="4077"><net_src comp="520" pin="1"/><net_sink comp="4074" pin=0"/></net>

<net id="4078"><net_src comp="4074" pin="1"/><net_sink comp="2190" pin=0"/></net>

<net id="4079"><net_src comp="4074" pin="1"/><net_sink comp="2943" pin=1"/></net>

<net id="4083"><net_src comp="524" pin="1"/><net_sink comp="4080" pin=0"/></net>

<net id="4084"><net_src comp="4080" pin="1"/><net_sink comp="2194" pin=0"/></net>

<net id="4085"><net_src comp="4080" pin="1"/><net_sink comp="2939" pin=1"/></net>

<net id="4089"><net_src comp="528" pin="1"/><net_sink comp="4086" pin=0"/></net>

<net id="4090"><net_src comp="4086" pin="1"/><net_sink comp="2198" pin=0"/></net>

<net id="4091"><net_src comp="4086" pin="1"/><net_sink comp="2935" pin=1"/></net>

<net id="4095"><net_src comp="532" pin="1"/><net_sink comp="4092" pin=0"/></net>

<net id="4096"><net_src comp="4092" pin="1"/><net_sink comp="2202" pin=0"/></net>

<net id="4097"><net_src comp="4092" pin="1"/><net_sink comp="2931" pin=1"/></net>

<net id="4101"><net_src comp="536" pin="1"/><net_sink comp="4098" pin=0"/></net>

<net id="4102"><net_src comp="4098" pin="1"/><net_sink comp="2206" pin=0"/></net>

<net id="4103"><net_src comp="4098" pin="1"/><net_sink comp="2927" pin=1"/></net>

<net id="4107"><net_src comp="540" pin="1"/><net_sink comp="4104" pin=0"/></net>

<net id="4108"><net_src comp="4104" pin="1"/><net_sink comp="2210" pin=0"/></net>

<net id="4109"><net_src comp="4104" pin="1"/><net_sink comp="2923" pin=1"/></net>

<net id="4113"><net_src comp="544" pin="1"/><net_sink comp="4110" pin=0"/></net>

<net id="4114"><net_src comp="4110" pin="1"/><net_sink comp="2214" pin=0"/></net>

<net id="4115"><net_src comp="4110" pin="1"/><net_sink comp="2919" pin=1"/></net>

<net id="4119"><net_src comp="548" pin="1"/><net_sink comp="4116" pin=0"/></net>

<net id="4120"><net_src comp="4116" pin="1"/><net_sink comp="2218" pin=0"/></net>

<net id="4121"><net_src comp="4116" pin="1"/><net_sink comp="2915" pin=1"/></net>

<net id="4125"><net_src comp="552" pin="1"/><net_sink comp="4122" pin=0"/></net>

<net id="4126"><net_src comp="4122" pin="1"/><net_sink comp="2222" pin=0"/></net>

<net id="4127"><net_src comp="4122" pin="1"/><net_sink comp="2911" pin=1"/></net>

<net id="4131"><net_src comp="556" pin="1"/><net_sink comp="4128" pin=0"/></net>

<net id="4132"><net_src comp="4128" pin="1"/><net_sink comp="2226" pin=0"/></net>

<net id="4133"><net_src comp="4128" pin="1"/><net_sink comp="2907" pin=1"/></net>

<net id="4137"><net_src comp="560" pin="1"/><net_sink comp="4134" pin=0"/></net>

<net id="4138"><net_src comp="4134" pin="1"/><net_sink comp="2230" pin=0"/></net>

<net id="4139"><net_src comp="4134" pin="1"/><net_sink comp="2903" pin=1"/></net>

<net id="4143"><net_src comp="564" pin="1"/><net_sink comp="4140" pin=0"/></net>

<net id="4144"><net_src comp="4140" pin="1"/><net_sink comp="2234" pin=0"/></net>

<net id="4145"><net_src comp="4140" pin="1"/><net_sink comp="2899" pin=1"/></net>

<net id="4149"><net_src comp="568" pin="1"/><net_sink comp="4146" pin=0"/></net>

<net id="4150"><net_src comp="4146" pin="1"/><net_sink comp="2238" pin=0"/></net>

<net id="4151"><net_src comp="4146" pin="1"/><net_sink comp="2895" pin=1"/></net>

<net id="4155"><net_src comp="572" pin="1"/><net_sink comp="4152" pin=0"/></net>

<net id="4156"><net_src comp="4152" pin="1"/><net_sink comp="2242" pin=0"/></net>

<net id="4157"><net_src comp="4152" pin="1"/><net_sink comp="2891" pin=1"/></net>

<net id="4161"><net_src comp="576" pin="1"/><net_sink comp="4158" pin=0"/></net>

<net id="4162"><net_src comp="4158" pin="1"/><net_sink comp="2246" pin=0"/></net>

<net id="4163"><net_src comp="4158" pin="1"/><net_sink comp="2887" pin=1"/></net>

<net id="4167"><net_src comp="580" pin="1"/><net_sink comp="4164" pin=0"/></net>

<net id="4168"><net_src comp="4164" pin="1"/><net_sink comp="2250" pin=0"/></net>

<net id="4169"><net_src comp="4164" pin="1"/><net_sink comp="2883" pin=1"/></net>

<net id="4173"><net_src comp="584" pin="1"/><net_sink comp="4170" pin=0"/></net>

<net id="4174"><net_src comp="4170" pin="1"/><net_sink comp="2254" pin=0"/></net>

<net id="4175"><net_src comp="4170" pin="1"/><net_sink comp="2879" pin=1"/></net>

<net id="4179"><net_src comp="588" pin="1"/><net_sink comp="4176" pin=0"/></net>

<net id="4180"><net_src comp="4176" pin="1"/><net_sink comp="2258" pin=0"/></net>

<net id="4181"><net_src comp="4176" pin="1"/><net_sink comp="2875" pin=1"/></net>

<net id="4185"><net_src comp="592" pin="1"/><net_sink comp="4182" pin=0"/></net>

<net id="4186"><net_src comp="4182" pin="1"/><net_sink comp="2262" pin=0"/></net>

<net id="4187"><net_src comp="4182" pin="1"/><net_sink comp="2871" pin=1"/></net>

<net id="4191"><net_src comp="596" pin="1"/><net_sink comp="4188" pin=0"/></net>

<net id="4192"><net_src comp="4188" pin="1"/><net_sink comp="2266" pin=0"/></net>

<net id="4193"><net_src comp="4188" pin="1"/><net_sink comp="2867" pin=1"/></net>

<net id="4197"><net_src comp="600" pin="1"/><net_sink comp="4194" pin=0"/></net>

<net id="4198"><net_src comp="4194" pin="1"/><net_sink comp="2270" pin=0"/></net>

<net id="4199"><net_src comp="4194" pin="1"/><net_sink comp="2863" pin=1"/></net>

<net id="4203"><net_src comp="604" pin="1"/><net_sink comp="4200" pin=0"/></net>

<net id="4204"><net_src comp="4200" pin="1"/><net_sink comp="2274" pin=0"/></net>

<net id="4205"><net_src comp="4200" pin="1"/><net_sink comp="2859" pin=1"/></net>

<net id="4209"><net_src comp="608" pin="1"/><net_sink comp="4206" pin=0"/></net>

<net id="4210"><net_src comp="4206" pin="1"/><net_sink comp="2278" pin=0"/></net>

<net id="4211"><net_src comp="4206" pin="1"/><net_sink comp="2855" pin=1"/></net>

<net id="4215"><net_src comp="612" pin="1"/><net_sink comp="4212" pin=0"/></net>

<net id="4216"><net_src comp="4212" pin="1"/><net_sink comp="2282" pin=0"/></net>

<net id="4217"><net_src comp="4212" pin="1"/><net_sink comp="2851" pin=1"/></net>

<net id="4221"><net_src comp="616" pin="1"/><net_sink comp="4218" pin=0"/></net>

<net id="4222"><net_src comp="4218" pin="1"/><net_sink comp="2286" pin=0"/></net>

<net id="4223"><net_src comp="4218" pin="1"/><net_sink comp="2847" pin=1"/></net>

<net id="4227"><net_src comp="620" pin="1"/><net_sink comp="4224" pin=0"/></net>

<net id="4228"><net_src comp="4224" pin="1"/><net_sink comp="2290" pin=0"/></net>

<net id="4229"><net_src comp="4224" pin="1"/><net_sink comp="2843" pin=1"/></net>

<net id="4233"><net_src comp="624" pin="1"/><net_sink comp="4230" pin=0"/></net>

<net id="4234"><net_src comp="4230" pin="1"/><net_sink comp="2294" pin=0"/></net>

<net id="4235"><net_src comp="4230" pin="1"/><net_sink comp="2839" pin=1"/></net>

<net id="4239"><net_src comp="628" pin="1"/><net_sink comp="4236" pin=0"/></net>

<net id="4240"><net_src comp="4236" pin="1"/><net_sink comp="2298" pin=0"/></net>

<net id="4241"><net_src comp="4236" pin="1"/><net_sink comp="2835" pin=1"/></net>

<net id="4245"><net_src comp="632" pin="1"/><net_sink comp="4242" pin=0"/></net>

<net id="4246"><net_src comp="4242" pin="1"/><net_sink comp="2302" pin=0"/></net>

<net id="4247"><net_src comp="4242" pin="1"/><net_sink comp="2831" pin=1"/></net>

<net id="4251"><net_src comp="636" pin="1"/><net_sink comp="4248" pin=0"/></net>

<net id="4252"><net_src comp="4248" pin="1"/><net_sink comp="2306" pin=0"/></net>

<net id="4253"><net_src comp="4248" pin="1"/><net_sink comp="2827" pin=1"/></net>

<net id="4257"><net_src comp="640" pin="1"/><net_sink comp="4254" pin=0"/></net>

<net id="4258"><net_src comp="4254" pin="1"/><net_sink comp="2310" pin=0"/></net>

<net id="4259"><net_src comp="4254" pin="1"/><net_sink comp="2823" pin=1"/></net>

<net id="4263"><net_src comp="644" pin="1"/><net_sink comp="4260" pin=0"/></net>

<net id="4264"><net_src comp="4260" pin="1"/><net_sink comp="2314" pin=0"/></net>

<net id="4265"><net_src comp="4260" pin="1"/><net_sink comp="2819" pin=1"/></net>

<net id="4269"><net_src comp="648" pin="1"/><net_sink comp="4266" pin=0"/></net>

<net id="4270"><net_src comp="4266" pin="1"/><net_sink comp="2318" pin=0"/></net>

<net id="4271"><net_src comp="4266" pin="1"/><net_sink comp="2815" pin=1"/></net>

<net id="4275"><net_src comp="652" pin="1"/><net_sink comp="4272" pin=0"/></net>

<net id="4276"><net_src comp="4272" pin="1"/><net_sink comp="2322" pin=0"/></net>

<net id="4277"><net_src comp="4272" pin="1"/><net_sink comp="2811" pin=1"/></net>

<net id="4281"><net_src comp="656" pin="1"/><net_sink comp="4278" pin=0"/></net>

<net id="4282"><net_src comp="4278" pin="1"/><net_sink comp="2326" pin=0"/></net>

<net id="4283"><net_src comp="4278" pin="1"/><net_sink comp="2807" pin=1"/></net>

<net id="4287"><net_src comp="660" pin="1"/><net_sink comp="4284" pin=0"/></net>

<net id="4288"><net_src comp="4284" pin="1"/><net_sink comp="1726" pin=1"/></net>

<net id="4289"><net_src comp="4284" pin="1"/><net_sink comp="1736" pin=0"/></net>

<net id="4290"><net_src comp="4284" pin="1"/><net_sink comp="2803" pin=1"/></net>

<net id="4294"><net_src comp="664" pin="1"/><net_sink comp="4291" pin=0"/></net>

<net id="4295"><net_src comp="4291" pin="1"/><net_sink comp="1272" pin=289"/></net>

<net id="4296"><net_src comp="4291" pin="1"/><net_sink comp="2774" pin=0"/></net>

<net id="4300"><net_src comp="668" pin="1"/><net_sink comp="4297" pin=0"/></net>

<net id="4301"><net_src comp="4297" pin="1"/><net_sink comp="1272" pin=288"/></net>

<net id="4302"><net_src comp="4297" pin="1"/><net_sink comp="2771" pin=0"/></net>

<net id="4306"><net_src comp="672" pin="1"/><net_sink comp="4303" pin=0"/></net>

<net id="4307"><net_src comp="4303" pin="1"/><net_sink comp="1272" pin=287"/></net>

<net id="4308"><net_src comp="4303" pin="1"/><net_sink comp="2768" pin=0"/></net>

<net id="4312"><net_src comp="676" pin="1"/><net_sink comp="4309" pin=0"/></net>

<net id="4313"><net_src comp="4309" pin="1"/><net_sink comp="1272" pin=286"/></net>

<net id="4314"><net_src comp="4309" pin="1"/><net_sink comp="2765" pin=0"/></net>

<net id="4318"><net_src comp="680" pin="1"/><net_sink comp="4315" pin=0"/></net>

<net id="4319"><net_src comp="4315" pin="1"/><net_sink comp="1272" pin=285"/></net>

<net id="4320"><net_src comp="4315" pin="1"/><net_sink comp="2762" pin=0"/></net>

<net id="4324"><net_src comp="684" pin="1"/><net_sink comp="4321" pin=0"/></net>

<net id="4325"><net_src comp="4321" pin="1"/><net_sink comp="1272" pin=284"/></net>

<net id="4326"><net_src comp="4321" pin="1"/><net_sink comp="2759" pin=0"/></net>

<net id="4330"><net_src comp="688" pin="1"/><net_sink comp="4327" pin=0"/></net>

<net id="4331"><net_src comp="4327" pin="1"/><net_sink comp="1272" pin=283"/></net>

<net id="4332"><net_src comp="4327" pin="1"/><net_sink comp="2756" pin=0"/></net>

<net id="4336"><net_src comp="692" pin="1"/><net_sink comp="4333" pin=0"/></net>

<net id="4337"><net_src comp="4333" pin="1"/><net_sink comp="1272" pin=282"/></net>

<net id="4338"><net_src comp="4333" pin="1"/><net_sink comp="2753" pin=0"/></net>

<net id="4342"><net_src comp="696" pin="1"/><net_sink comp="4339" pin=0"/></net>

<net id="4343"><net_src comp="4339" pin="1"/><net_sink comp="1272" pin=281"/></net>

<net id="4344"><net_src comp="4339" pin="1"/><net_sink comp="2750" pin=0"/></net>

<net id="4348"><net_src comp="700" pin="1"/><net_sink comp="4345" pin=0"/></net>

<net id="4349"><net_src comp="4345" pin="1"/><net_sink comp="1272" pin=280"/></net>

<net id="4350"><net_src comp="4345" pin="1"/><net_sink comp="2747" pin=0"/></net>

<net id="4354"><net_src comp="704" pin="1"/><net_sink comp="4351" pin=0"/></net>

<net id="4355"><net_src comp="4351" pin="1"/><net_sink comp="1272" pin=279"/></net>

<net id="4356"><net_src comp="4351" pin="1"/><net_sink comp="2744" pin=0"/></net>

<net id="4360"><net_src comp="708" pin="1"/><net_sink comp="4357" pin=0"/></net>

<net id="4361"><net_src comp="4357" pin="1"/><net_sink comp="1272" pin=278"/></net>

<net id="4362"><net_src comp="4357" pin="1"/><net_sink comp="2741" pin=0"/></net>

<net id="4366"><net_src comp="712" pin="1"/><net_sink comp="4363" pin=0"/></net>

<net id="4367"><net_src comp="4363" pin="1"/><net_sink comp="1272" pin=277"/></net>

<net id="4368"><net_src comp="4363" pin="1"/><net_sink comp="2738" pin=0"/></net>

<net id="4372"><net_src comp="716" pin="1"/><net_sink comp="4369" pin=0"/></net>

<net id="4373"><net_src comp="4369" pin="1"/><net_sink comp="1272" pin=276"/></net>

<net id="4374"><net_src comp="4369" pin="1"/><net_sink comp="2735" pin=0"/></net>

<net id="4378"><net_src comp="720" pin="1"/><net_sink comp="4375" pin=0"/></net>

<net id="4379"><net_src comp="4375" pin="1"/><net_sink comp="1272" pin=275"/></net>

<net id="4380"><net_src comp="4375" pin="1"/><net_sink comp="2732" pin=0"/></net>

<net id="4384"><net_src comp="724" pin="1"/><net_sink comp="4381" pin=0"/></net>

<net id="4385"><net_src comp="4381" pin="1"/><net_sink comp="1272" pin=274"/></net>

<net id="4386"><net_src comp="4381" pin="1"/><net_sink comp="2729" pin=0"/></net>

<net id="4390"><net_src comp="728" pin="1"/><net_sink comp="4387" pin=0"/></net>

<net id="4391"><net_src comp="4387" pin="1"/><net_sink comp="1272" pin=273"/></net>

<net id="4392"><net_src comp="4387" pin="1"/><net_sink comp="2726" pin=0"/></net>

<net id="4396"><net_src comp="732" pin="1"/><net_sink comp="4393" pin=0"/></net>

<net id="4397"><net_src comp="4393" pin="1"/><net_sink comp="1272" pin=272"/></net>

<net id="4398"><net_src comp="4393" pin="1"/><net_sink comp="2723" pin=0"/></net>

<net id="4402"><net_src comp="736" pin="1"/><net_sink comp="4399" pin=0"/></net>

<net id="4403"><net_src comp="4399" pin="1"/><net_sink comp="1272" pin=271"/></net>

<net id="4404"><net_src comp="4399" pin="1"/><net_sink comp="2720" pin=0"/></net>

<net id="4408"><net_src comp="740" pin="1"/><net_sink comp="4405" pin=0"/></net>

<net id="4409"><net_src comp="4405" pin="1"/><net_sink comp="1272" pin=270"/></net>

<net id="4410"><net_src comp="4405" pin="1"/><net_sink comp="2717" pin=0"/></net>

<net id="4414"><net_src comp="744" pin="1"/><net_sink comp="4411" pin=0"/></net>

<net id="4415"><net_src comp="4411" pin="1"/><net_sink comp="1272" pin=269"/></net>

<net id="4416"><net_src comp="4411" pin="1"/><net_sink comp="2714" pin=0"/></net>

<net id="4420"><net_src comp="748" pin="1"/><net_sink comp="4417" pin=0"/></net>

<net id="4421"><net_src comp="4417" pin="1"/><net_sink comp="1272" pin=268"/></net>

<net id="4422"><net_src comp="4417" pin="1"/><net_sink comp="2711" pin=0"/></net>

<net id="4426"><net_src comp="752" pin="1"/><net_sink comp="4423" pin=0"/></net>

<net id="4427"><net_src comp="4423" pin="1"/><net_sink comp="1272" pin=267"/></net>

<net id="4428"><net_src comp="4423" pin="1"/><net_sink comp="2708" pin=0"/></net>

<net id="4432"><net_src comp="756" pin="1"/><net_sink comp="4429" pin=0"/></net>

<net id="4433"><net_src comp="4429" pin="1"/><net_sink comp="1272" pin=266"/></net>

<net id="4434"><net_src comp="4429" pin="1"/><net_sink comp="2705" pin=0"/></net>

<net id="4438"><net_src comp="760" pin="1"/><net_sink comp="4435" pin=0"/></net>

<net id="4439"><net_src comp="4435" pin="1"/><net_sink comp="1272" pin=265"/></net>

<net id="4440"><net_src comp="4435" pin="1"/><net_sink comp="2702" pin=0"/></net>

<net id="4444"><net_src comp="764" pin="1"/><net_sink comp="4441" pin=0"/></net>

<net id="4445"><net_src comp="4441" pin="1"/><net_sink comp="1272" pin=264"/></net>

<net id="4446"><net_src comp="4441" pin="1"/><net_sink comp="2699" pin=0"/></net>

<net id="4450"><net_src comp="768" pin="1"/><net_sink comp="4447" pin=0"/></net>

<net id="4451"><net_src comp="4447" pin="1"/><net_sink comp="1272" pin=263"/></net>

<net id="4452"><net_src comp="4447" pin="1"/><net_sink comp="2696" pin=0"/></net>

<net id="4456"><net_src comp="772" pin="1"/><net_sink comp="4453" pin=0"/></net>

<net id="4457"><net_src comp="4453" pin="1"/><net_sink comp="1272" pin=262"/></net>

<net id="4458"><net_src comp="4453" pin="1"/><net_sink comp="2693" pin=0"/></net>

<net id="4462"><net_src comp="776" pin="1"/><net_sink comp="4459" pin=0"/></net>

<net id="4463"><net_src comp="4459" pin="1"/><net_sink comp="1272" pin=261"/></net>

<net id="4464"><net_src comp="4459" pin="1"/><net_sink comp="2690" pin=0"/></net>

<net id="4468"><net_src comp="780" pin="1"/><net_sink comp="4465" pin=0"/></net>

<net id="4469"><net_src comp="4465" pin="1"/><net_sink comp="1272" pin=260"/></net>

<net id="4470"><net_src comp="4465" pin="1"/><net_sink comp="2687" pin=0"/></net>

<net id="4474"><net_src comp="784" pin="1"/><net_sink comp="4471" pin=0"/></net>

<net id="4475"><net_src comp="4471" pin="1"/><net_sink comp="1272" pin=259"/></net>

<net id="4476"><net_src comp="4471" pin="1"/><net_sink comp="2684" pin=0"/></net>

<net id="4480"><net_src comp="788" pin="1"/><net_sink comp="4477" pin=0"/></net>

<net id="4481"><net_src comp="4477" pin="1"/><net_sink comp="1272" pin=258"/></net>

<net id="4482"><net_src comp="4477" pin="1"/><net_sink comp="2681" pin=0"/></net>

<net id="4486"><net_src comp="792" pin="1"/><net_sink comp="4483" pin=0"/></net>

<net id="4487"><net_src comp="4483" pin="1"/><net_sink comp="1272" pin=257"/></net>

<net id="4488"><net_src comp="4483" pin="1"/><net_sink comp="2678" pin=0"/></net>

<net id="4492"><net_src comp="796" pin="1"/><net_sink comp="4489" pin=0"/></net>

<net id="4493"><net_src comp="4489" pin="1"/><net_sink comp="1272" pin=256"/></net>

<net id="4494"><net_src comp="4489" pin="1"/><net_sink comp="2675" pin=0"/></net>

<net id="4498"><net_src comp="800" pin="1"/><net_sink comp="4495" pin=0"/></net>

<net id="4499"><net_src comp="4495" pin="1"/><net_sink comp="1272" pin=255"/></net>

<net id="4500"><net_src comp="4495" pin="1"/><net_sink comp="2672" pin=0"/></net>

<net id="4504"><net_src comp="804" pin="1"/><net_sink comp="4501" pin=0"/></net>

<net id="4505"><net_src comp="4501" pin="1"/><net_sink comp="1272" pin=254"/></net>

<net id="4506"><net_src comp="4501" pin="1"/><net_sink comp="2669" pin=0"/></net>

<net id="4510"><net_src comp="808" pin="1"/><net_sink comp="4507" pin=0"/></net>

<net id="4511"><net_src comp="4507" pin="1"/><net_sink comp="1272" pin=253"/></net>

<net id="4512"><net_src comp="4507" pin="1"/><net_sink comp="2666" pin=0"/></net>

<net id="4516"><net_src comp="812" pin="1"/><net_sink comp="4513" pin=0"/></net>

<net id="4517"><net_src comp="4513" pin="1"/><net_sink comp="1272" pin=252"/></net>

<net id="4518"><net_src comp="4513" pin="1"/><net_sink comp="2663" pin=0"/></net>

<net id="4522"><net_src comp="816" pin="1"/><net_sink comp="4519" pin=0"/></net>

<net id="4523"><net_src comp="4519" pin="1"/><net_sink comp="1272" pin=251"/></net>

<net id="4524"><net_src comp="4519" pin="1"/><net_sink comp="2660" pin=0"/></net>

<net id="4528"><net_src comp="820" pin="1"/><net_sink comp="4525" pin=0"/></net>

<net id="4529"><net_src comp="4525" pin="1"/><net_sink comp="1272" pin=250"/></net>

<net id="4530"><net_src comp="4525" pin="1"/><net_sink comp="2657" pin=0"/></net>

<net id="4534"><net_src comp="824" pin="1"/><net_sink comp="4531" pin=0"/></net>

<net id="4535"><net_src comp="4531" pin="1"/><net_sink comp="1272" pin=249"/></net>

<net id="4536"><net_src comp="4531" pin="1"/><net_sink comp="2654" pin=0"/></net>

<net id="4540"><net_src comp="828" pin="1"/><net_sink comp="4537" pin=0"/></net>

<net id="4541"><net_src comp="4537" pin="1"/><net_sink comp="1272" pin=248"/></net>

<net id="4542"><net_src comp="4537" pin="1"/><net_sink comp="2651" pin=0"/></net>

<net id="4546"><net_src comp="832" pin="1"/><net_sink comp="4543" pin=0"/></net>

<net id="4547"><net_src comp="4543" pin="1"/><net_sink comp="1272" pin=247"/></net>

<net id="4548"><net_src comp="4543" pin="1"/><net_sink comp="2648" pin=0"/></net>

<net id="4552"><net_src comp="836" pin="1"/><net_sink comp="4549" pin=0"/></net>

<net id="4553"><net_src comp="4549" pin="1"/><net_sink comp="1272" pin=246"/></net>

<net id="4554"><net_src comp="4549" pin="1"/><net_sink comp="2645" pin=0"/></net>

<net id="4558"><net_src comp="840" pin="1"/><net_sink comp="4555" pin=0"/></net>

<net id="4559"><net_src comp="4555" pin="1"/><net_sink comp="1272" pin=245"/></net>

<net id="4560"><net_src comp="4555" pin="1"/><net_sink comp="2642" pin=0"/></net>

<net id="4564"><net_src comp="844" pin="1"/><net_sink comp="4561" pin=0"/></net>

<net id="4565"><net_src comp="4561" pin="1"/><net_sink comp="1272" pin=244"/></net>

<net id="4566"><net_src comp="4561" pin="1"/><net_sink comp="2639" pin=0"/></net>

<net id="4570"><net_src comp="848" pin="1"/><net_sink comp="4567" pin=0"/></net>

<net id="4571"><net_src comp="4567" pin="1"/><net_sink comp="1272" pin=243"/></net>

<net id="4572"><net_src comp="4567" pin="1"/><net_sink comp="2636" pin=0"/></net>

<net id="4576"><net_src comp="852" pin="1"/><net_sink comp="4573" pin=0"/></net>

<net id="4577"><net_src comp="4573" pin="1"/><net_sink comp="1272" pin=242"/></net>

<net id="4578"><net_src comp="4573" pin="1"/><net_sink comp="2633" pin=0"/></net>

<net id="4582"><net_src comp="856" pin="1"/><net_sink comp="4579" pin=0"/></net>

<net id="4583"><net_src comp="4579" pin="1"/><net_sink comp="1272" pin=241"/></net>

<net id="4584"><net_src comp="4579" pin="1"/><net_sink comp="2630" pin=0"/></net>

<net id="4588"><net_src comp="860" pin="1"/><net_sink comp="4585" pin=0"/></net>

<net id="4589"><net_src comp="4585" pin="1"/><net_sink comp="1272" pin=240"/></net>

<net id="4590"><net_src comp="4585" pin="1"/><net_sink comp="2627" pin=0"/></net>

<net id="4594"><net_src comp="864" pin="1"/><net_sink comp="4591" pin=0"/></net>

<net id="4595"><net_src comp="4591" pin="1"/><net_sink comp="1272" pin=239"/></net>

<net id="4596"><net_src comp="4591" pin="1"/><net_sink comp="2624" pin=0"/></net>

<net id="4600"><net_src comp="868" pin="1"/><net_sink comp="4597" pin=0"/></net>

<net id="4601"><net_src comp="4597" pin="1"/><net_sink comp="1272" pin=238"/></net>

<net id="4602"><net_src comp="4597" pin="1"/><net_sink comp="2621" pin=0"/></net>

<net id="4606"><net_src comp="872" pin="1"/><net_sink comp="4603" pin=0"/></net>

<net id="4607"><net_src comp="4603" pin="1"/><net_sink comp="1272" pin=237"/></net>

<net id="4608"><net_src comp="4603" pin="1"/><net_sink comp="2618" pin=0"/></net>

<net id="4612"><net_src comp="876" pin="1"/><net_sink comp="4609" pin=0"/></net>

<net id="4613"><net_src comp="4609" pin="1"/><net_sink comp="1272" pin=236"/></net>

<net id="4614"><net_src comp="4609" pin="1"/><net_sink comp="2615" pin=0"/></net>

<net id="4618"><net_src comp="880" pin="1"/><net_sink comp="4615" pin=0"/></net>

<net id="4619"><net_src comp="4615" pin="1"/><net_sink comp="1272" pin=235"/></net>

<net id="4620"><net_src comp="4615" pin="1"/><net_sink comp="2612" pin=0"/></net>

<net id="4624"><net_src comp="884" pin="1"/><net_sink comp="4621" pin=0"/></net>

<net id="4625"><net_src comp="4621" pin="1"/><net_sink comp="1272" pin=234"/></net>

<net id="4626"><net_src comp="4621" pin="1"/><net_sink comp="2609" pin=0"/></net>

<net id="4630"><net_src comp="888" pin="1"/><net_sink comp="4627" pin=0"/></net>

<net id="4631"><net_src comp="4627" pin="1"/><net_sink comp="1272" pin=233"/></net>

<net id="4632"><net_src comp="4627" pin="1"/><net_sink comp="2606" pin=0"/></net>

<net id="4636"><net_src comp="892" pin="1"/><net_sink comp="4633" pin=0"/></net>

<net id="4637"><net_src comp="4633" pin="1"/><net_sink comp="1272" pin=232"/></net>

<net id="4638"><net_src comp="4633" pin="1"/><net_sink comp="2603" pin=0"/></net>

<net id="4642"><net_src comp="896" pin="1"/><net_sink comp="4639" pin=0"/></net>

<net id="4643"><net_src comp="4639" pin="1"/><net_sink comp="1272" pin=231"/></net>

<net id="4644"><net_src comp="4639" pin="1"/><net_sink comp="2600" pin=0"/></net>

<net id="4648"><net_src comp="900" pin="1"/><net_sink comp="4645" pin=0"/></net>

<net id="4649"><net_src comp="4645" pin="1"/><net_sink comp="1272" pin=230"/></net>

<net id="4650"><net_src comp="4645" pin="1"/><net_sink comp="2597" pin=0"/></net>

<net id="4654"><net_src comp="904" pin="1"/><net_sink comp="4651" pin=0"/></net>

<net id="4655"><net_src comp="4651" pin="1"/><net_sink comp="1272" pin=229"/></net>

<net id="4656"><net_src comp="4651" pin="1"/><net_sink comp="2594" pin=0"/></net>

<net id="4660"><net_src comp="908" pin="1"/><net_sink comp="4657" pin=0"/></net>

<net id="4661"><net_src comp="4657" pin="1"/><net_sink comp="1272" pin=228"/></net>

<net id="4662"><net_src comp="4657" pin="1"/><net_sink comp="2591" pin=0"/></net>

<net id="4666"><net_src comp="912" pin="1"/><net_sink comp="4663" pin=0"/></net>

<net id="4667"><net_src comp="4663" pin="1"/><net_sink comp="1272" pin=227"/></net>

<net id="4668"><net_src comp="4663" pin="1"/><net_sink comp="2588" pin=0"/></net>

<net id="4672"><net_src comp="916" pin="1"/><net_sink comp="4669" pin=0"/></net>

<net id="4673"><net_src comp="4669" pin="1"/><net_sink comp="1272" pin=226"/></net>

<net id="4674"><net_src comp="4669" pin="1"/><net_sink comp="2585" pin=0"/></net>

<net id="4678"><net_src comp="920" pin="1"/><net_sink comp="4675" pin=0"/></net>

<net id="4679"><net_src comp="4675" pin="1"/><net_sink comp="1272" pin=225"/></net>

<net id="4680"><net_src comp="4675" pin="1"/><net_sink comp="2582" pin=0"/></net>

<net id="4684"><net_src comp="924" pin="1"/><net_sink comp="4681" pin=0"/></net>

<net id="4685"><net_src comp="4681" pin="1"/><net_sink comp="1272" pin=224"/></net>

<net id="4686"><net_src comp="4681" pin="1"/><net_sink comp="2579" pin=0"/></net>

<net id="4690"><net_src comp="928" pin="1"/><net_sink comp="4687" pin=0"/></net>

<net id="4691"><net_src comp="4687" pin="1"/><net_sink comp="1272" pin=223"/></net>

<net id="4692"><net_src comp="4687" pin="1"/><net_sink comp="2576" pin=0"/></net>

<net id="4696"><net_src comp="932" pin="1"/><net_sink comp="4693" pin=0"/></net>

<net id="4697"><net_src comp="4693" pin="1"/><net_sink comp="1272" pin=222"/></net>

<net id="4698"><net_src comp="4693" pin="1"/><net_sink comp="2573" pin=0"/></net>

<net id="4702"><net_src comp="936" pin="1"/><net_sink comp="4699" pin=0"/></net>

<net id="4703"><net_src comp="4699" pin="1"/><net_sink comp="1272" pin=221"/></net>

<net id="4704"><net_src comp="4699" pin="1"/><net_sink comp="2570" pin=0"/></net>

<net id="4708"><net_src comp="940" pin="1"/><net_sink comp="4705" pin=0"/></net>

<net id="4709"><net_src comp="4705" pin="1"/><net_sink comp="1272" pin=220"/></net>

<net id="4710"><net_src comp="4705" pin="1"/><net_sink comp="2567" pin=0"/></net>

<net id="4714"><net_src comp="944" pin="1"/><net_sink comp="4711" pin=0"/></net>

<net id="4715"><net_src comp="4711" pin="1"/><net_sink comp="1272" pin=219"/></net>

<net id="4716"><net_src comp="4711" pin="1"/><net_sink comp="2564" pin=0"/></net>

<net id="4720"><net_src comp="948" pin="1"/><net_sink comp="4717" pin=0"/></net>

<net id="4721"><net_src comp="4717" pin="1"/><net_sink comp="1272" pin=218"/></net>

<net id="4722"><net_src comp="4717" pin="1"/><net_sink comp="2561" pin=0"/></net>

<net id="4726"><net_src comp="952" pin="1"/><net_sink comp="4723" pin=0"/></net>

<net id="4727"><net_src comp="4723" pin="1"/><net_sink comp="1272" pin=217"/></net>

<net id="4728"><net_src comp="4723" pin="1"/><net_sink comp="2558" pin=0"/></net>

<net id="4732"><net_src comp="956" pin="1"/><net_sink comp="4729" pin=0"/></net>

<net id="4733"><net_src comp="4729" pin="1"/><net_sink comp="1272" pin=216"/></net>

<net id="4734"><net_src comp="4729" pin="1"/><net_sink comp="2555" pin=0"/></net>

<net id="4738"><net_src comp="960" pin="1"/><net_sink comp="4735" pin=0"/></net>

<net id="4739"><net_src comp="4735" pin="1"/><net_sink comp="1272" pin=215"/></net>

<net id="4740"><net_src comp="4735" pin="1"/><net_sink comp="2552" pin=0"/></net>

<net id="4744"><net_src comp="964" pin="1"/><net_sink comp="4741" pin=0"/></net>

<net id="4745"><net_src comp="4741" pin="1"/><net_sink comp="1272" pin=214"/></net>

<net id="4746"><net_src comp="4741" pin="1"/><net_sink comp="2549" pin=0"/></net>

<net id="4750"><net_src comp="968" pin="1"/><net_sink comp="4747" pin=0"/></net>

<net id="4751"><net_src comp="4747" pin="1"/><net_sink comp="1272" pin=213"/></net>

<net id="4752"><net_src comp="4747" pin="1"/><net_sink comp="2546" pin=0"/></net>

<net id="4756"><net_src comp="972" pin="1"/><net_sink comp="4753" pin=0"/></net>

<net id="4757"><net_src comp="4753" pin="1"/><net_sink comp="1272" pin=212"/></net>

<net id="4758"><net_src comp="4753" pin="1"/><net_sink comp="2543" pin=0"/></net>

<net id="4762"><net_src comp="976" pin="1"/><net_sink comp="4759" pin=0"/></net>

<net id="4763"><net_src comp="4759" pin="1"/><net_sink comp="1272" pin=211"/></net>

<net id="4764"><net_src comp="4759" pin="1"/><net_sink comp="2540" pin=0"/></net>

<net id="4768"><net_src comp="980" pin="1"/><net_sink comp="4765" pin=0"/></net>

<net id="4769"><net_src comp="4765" pin="1"/><net_sink comp="1272" pin=210"/></net>

<net id="4770"><net_src comp="4765" pin="1"/><net_sink comp="2537" pin=0"/></net>

<net id="4774"><net_src comp="984" pin="1"/><net_sink comp="4771" pin=0"/></net>

<net id="4775"><net_src comp="4771" pin="1"/><net_sink comp="1272" pin=209"/></net>

<net id="4776"><net_src comp="4771" pin="1"/><net_sink comp="2534" pin=0"/></net>

<net id="4780"><net_src comp="988" pin="1"/><net_sink comp="4777" pin=0"/></net>

<net id="4781"><net_src comp="4777" pin="1"/><net_sink comp="1272" pin=208"/></net>

<net id="4782"><net_src comp="4777" pin="1"/><net_sink comp="2531" pin=0"/></net>

<net id="4786"><net_src comp="992" pin="1"/><net_sink comp="4783" pin=0"/></net>

<net id="4787"><net_src comp="4783" pin="1"/><net_sink comp="1272" pin=207"/></net>

<net id="4788"><net_src comp="4783" pin="1"/><net_sink comp="2528" pin=0"/></net>

<net id="4792"><net_src comp="996" pin="1"/><net_sink comp="4789" pin=0"/></net>

<net id="4793"><net_src comp="4789" pin="1"/><net_sink comp="1272" pin=206"/></net>

<net id="4794"><net_src comp="4789" pin="1"/><net_sink comp="2525" pin=0"/></net>

<net id="4798"><net_src comp="1000" pin="1"/><net_sink comp="4795" pin=0"/></net>

<net id="4799"><net_src comp="4795" pin="1"/><net_sink comp="1272" pin=205"/></net>

<net id="4800"><net_src comp="4795" pin="1"/><net_sink comp="2522" pin=0"/></net>

<net id="4804"><net_src comp="1004" pin="1"/><net_sink comp="4801" pin=0"/></net>

<net id="4805"><net_src comp="4801" pin="1"/><net_sink comp="1272" pin=204"/></net>

<net id="4806"><net_src comp="4801" pin="1"/><net_sink comp="2519" pin=0"/></net>

<net id="4810"><net_src comp="1008" pin="1"/><net_sink comp="4807" pin=0"/></net>

<net id="4811"><net_src comp="4807" pin="1"/><net_sink comp="1272" pin=203"/></net>

<net id="4812"><net_src comp="4807" pin="1"/><net_sink comp="2516" pin=0"/></net>

<net id="4816"><net_src comp="1012" pin="1"/><net_sink comp="4813" pin=0"/></net>

<net id="4817"><net_src comp="4813" pin="1"/><net_sink comp="1272" pin=202"/></net>

<net id="4818"><net_src comp="4813" pin="1"/><net_sink comp="2513" pin=0"/></net>

<net id="4822"><net_src comp="1016" pin="1"/><net_sink comp="4819" pin=0"/></net>

<net id="4823"><net_src comp="4819" pin="1"/><net_sink comp="1272" pin=201"/></net>

<net id="4824"><net_src comp="4819" pin="1"/><net_sink comp="2510" pin=0"/></net>

<net id="4828"><net_src comp="1020" pin="1"/><net_sink comp="4825" pin=0"/></net>

<net id="4829"><net_src comp="4825" pin="1"/><net_sink comp="1272" pin=200"/></net>

<net id="4830"><net_src comp="4825" pin="1"/><net_sink comp="2507" pin=0"/></net>

<net id="4834"><net_src comp="1024" pin="1"/><net_sink comp="4831" pin=0"/></net>

<net id="4835"><net_src comp="4831" pin="1"/><net_sink comp="1272" pin=199"/></net>

<net id="4836"><net_src comp="4831" pin="1"/><net_sink comp="2504" pin=0"/></net>

<net id="4840"><net_src comp="1028" pin="1"/><net_sink comp="4837" pin=0"/></net>

<net id="4841"><net_src comp="4837" pin="1"/><net_sink comp="1272" pin=198"/></net>

<net id="4842"><net_src comp="4837" pin="1"/><net_sink comp="2501" pin=0"/></net>

<net id="4846"><net_src comp="1032" pin="1"/><net_sink comp="4843" pin=0"/></net>

<net id="4847"><net_src comp="4843" pin="1"/><net_sink comp="1272" pin=197"/></net>

<net id="4848"><net_src comp="4843" pin="1"/><net_sink comp="2498" pin=0"/></net>

<net id="4852"><net_src comp="1036" pin="1"/><net_sink comp="4849" pin=0"/></net>

<net id="4853"><net_src comp="4849" pin="1"/><net_sink comp="1272" pin=196"/></net>

<net id="4854"><net_src comp="4849" pin="1"/><net_sink comp="2495" pin=0"/></net>

<net id="4858"><net_src comp="1040" pin="1"/><net_sink comp="4855" pin=0"/></net>

<net id="4859"><net_src comp="4855" pin="1"/><net_sink comp="1272" pin=195"/></net>

<net id="4860"><net_src comp="4855" pin="1"/><net_sink comp="2492" pin=0"/></net>

<net id="4864"><net_src comp="1044" pin="1"/><net_sink comp="4861" pin=0"/></net>

<net id="4865"><net_src comp="4861" pin="1"/><net_sink comp="1272" pin=194"/></net>

<net id="4866"><net_src comp="4861" pin="1"/><net_sink comp="2489" pin=0"/></net>

<net id="4870"><net_src comp="1048" pin="1"/><net_sink comp="4867" pin=0"/></net>

<net id="4871"><net_src comp="4867" pin="1"/><net_sink comp="1272" pin=193"/></net>

<net id="4872"><net_src comp="4867" pin="1"/><net_sink comp="2486" pin=0"/></net>

<net id="4876"><net_src comp="1052" pin="1"/><net_sink comp="4873" pin=0"/></net>

<net id="4877"><net_src comp="4873" pin="1"/><net_sink comp="1272" pin=192"/></net>

<net id="4878"><net_src comp="4873" pin="1"/><net_sink comp="2483" pin=0"/></net>

<net id="4882"><net_src comp="1056" pin="1"/><net_sink comp="4879" pin=0"/></net>

<net id="4883"><net_src comp="4879" pin="1"/><net_sink comp="1272" pin=191"/></net>

<net id="4884"><net_src comp="4879" pin="1"/><net_sink comp="2480" pin=0"/></net>

<net id="4888"><net_src comp="1060" pin="1"/><net_sink comp="4885" pin=0"/></net>

<net id="4889"><net_src comp="4885" pin="1"/><net_sink comp="1272" pin=190"/></net>

<net id="4890"><net_src comp="4885" pin="1"/><net_sink comp="2477" pin=0"/></net>

<net id="4894"><net_src comp="1064" pin="1"/><net_sink comp="4891" pin=0"/></net>

<net id="4895"><net_src comp="4891" pin="1"/><net_sink comp="1272" pin=189"/></net>

<net id="4896"><net_src comp="4891" pin="1"/><net_sink comp="2474" pin=0"/></net>

<net id="4900"><net_src comp="1068" pin="1"/><net_sink comp="4897" pin=0"/></net>

<net id="4901"><net_src comp="4897" pin="1"/><net_sink comp="1272" pin=188"/></net>

<net id="4902"><net_src comp="4897" pin="1"/><net_sink comp="2471" pin=0"/></net>

<net id="4906"><net_src comp="1072" pin="1"/><net_sink comp="4903" pin=0"/></net>

<net id="4907"><net_src comp="4903" pin="1"/><net_sink comp="1272" pin=187"/></net>

<net id="4908"><net_src comp="4903" pin="1"/><net_sink comp="2468" pin=0"/></net>

<net id="4912"><net_src comp="1076" pin="1"/><net_sink comp="4909" pin=0"/></net>

<net id="4913"><net_src comp="4909" pin="1"/><net_sink comp="1272" pin=186"/></net>

<net id="4914"><net_src comp="4909" pin="1"/><net_sink comp="2465" pin=0"/></net>

<net id="4918"><net_src comp="1080" pin="1"/><net_sink comp="4915" pin=0"/></net>

<net id="4919"><net_src comp="4915" pin="1"/><net_sink comp="1272" pin=185"/></net>

<net id="4920"><net_src comp="4915" pin="1"/><net_sink comp="2462" pin=0"/></net>

<net id="4924"><net_src comp="1084" pin="1"/><net_sink comp="4921" pin=0"/></net>

<net id="4925"><net_src comp="4921" pin="1"/><net_sink comp="1272" pin=184"/></net>

<net id="4926"><net_src comp="4921" pin="1"/><net_sink comp="2459" pin=0"/></net>

<net id="4930"><net_src comp="1088" pin="1"/><net_sink comp="4927" pin=0"/></net>

<net id="4931"><net_src comp="4927" pin="1"/><net_sink comp="1272" pin=183"/></net>

<net id="4932"><net_src comp="4927" pin="1"/><net_sink comp="2456" pin=0"/></net>

<net id="4936"><net_src comp="1092" pin="1"/><net_sink comp="4933" pin=0"/></net>

<net id="4937"><net_src comp="4933" pin="1"/><net_sink comp="1272" pin=182"/></net>

<net id="4938"><net_src comp="4933" pin="1"/><net_sink comp="2453" pin=0"/></net>

<net id="4942"><net_src comp="1096" pin="1"/><net_sink comp="4939" pin=0"/></net>

<net id="4943"><net_src comp="4939" pin="1"/><net_sink comp="1272" pin=181"/></net>

<net id="4944"><net_src comp="4939" pin="1"/><net_sink comp="2450" pin=0"/></net>

<net id="4948"><net_src comp="1100" pin="1"/><net_sink comp="4945" pin=0"/></net>

<net id="4949"><net_src comp="4945" pin="1"/><net_sink comp="1272" pin=180"/></net>

<net id="4950"><net_src comp="4945" pin="1"/><net_sink comp="2447" pin=0"/></net>

<net id="4954"><net_src comp="1104" pin="1"/><net_sink comp="4951" pin=0"/></net>

<net id="4955"><net_src comp="4951" pin="1"/><net_sink comp="1272" pin=179"/></net>

<net id="4956"><net_src comp="4951" pin="1"/><net_sink comp="2444" pin=0"/></net>

<net id="4960"><net_src comp="1108" pin="1"/><net_sink comp="4957" pin=0"/></net>

<net id="4961"><net_src comp="4957" pin="1"/><net_sink comp="1272" pin=178"/></net>

<net id="4962"><net_src comp="4957" pin="1"/><net_sink comp="2441" pin=0"/></net>

<net id="4966"><net_src comp="1112" pin="1"/><net_sink comp="4963" pin=0"/></net>

<net id="4967"><net_src comp="4963" pin="1"/><net_sink comp="1272" pin=177"/></net>

<net id="4968"><net_src comp="4963" pin="1"/><net_sink comp="2438" pin=0"/></net>

<net id="4972"><net_src comp="1116" pin="1"/><net_sink comp="4969" pin=0"/></net>

<net id="4973"><net_src comp="4969" pin="1"/><net_sink comp="1272" pin=176"/></net>

<net id="4974"><net_src comp="4969" pin="1"/><net_sink comp="2435" pin=0"/></net>

<net id="4978"><net_src comp="1120" pin="1"/><net_sink comp="4975" pin=0"/></net>

<net id="4979"><net_src comp="4975" pin="1"/><net_sink comp="1272" pin=175"/></net>

<net id="4980"><net_src comp="4975" pin="1"/><net_sink comp="2432" pin=0"/></net>

<net id="4984"><net_src comp="1124" pin="1"/><net_sink comp="4981" pin=0"/></net>

<net id="4985"><net_src comp="4981" pin="1"/><net_sink comp="1272" pin=174"/></net>

<net id="4986"><net_src comp="4981" pin="1"/><net_sink comp="2429" pin=0"/></net>

<net id="4990"><net_src comp="1128" pin="1"/><net_sink comp="4987" pin=0"/></net>

<net id="4991"><net_src comp="4987" pin="1"/><net_sink comp="1272" pin=173"/></net>

<net id="4992"><net_src comp="4987" pin="1"/><net_sink comp="2426" pin=0"/></net>

<net id="4996"><net_src comp="1132" pin="1"/><net_sink comp="4993" pin=0"/></net>

<net id="4997"><net_src comp="4993" pin="1"/><net_sink comp="1272" pin=172"/></net>

<net id="4998"><net_src comp="4993" pin="1"/><net_sink comp="2423" pin=0"/></net>

<net id="5002"><net_src comp="1136" pin="1"/><net_sink comp="4999" pin=0"/></net>

<net id="5003"><net_src comp="4999" pin="1"/><net_sink comp="1272" pin=171"/></net>

<net id="5004"><net_src comp="4999" pin="1"/><net_sink comp="2420" pin=0"/></net>

<net id="5008"><net_src comp="1140" pin="1"/><net_sink comp="5005" pin=0"/></net>

<net id="5009"><net_src comp="5005" pin="1"/><net_sink comp="1272" pin=170"/></net>

<net id="5010"><net_src comp="5005" pin="1"/><net_sink comp="2417" pin=0"/></net>

<net id="5014"><net_src comp="1144" pin="1"/><net_sink comp="5011" pin=0"/></net>

<net id="5015"><net_src comp="5011" pin="1"/><net_sink comp="1272" pin=169"/></net>

<net id="5016"><net_src comp="5011" pin="1"/><net_sink comp="2414" pin=0"/></net>

<net id="5020"><net_src comp="1148" pin="1"/><net_sink comp="5017" pin=0"/></net>

<net id="5021"><net_src comp="5017" pin="1"/><net_sink comp="1272" pin=168"/></net>

<net id="5022"><net_src comp="5017" pin="1"/><net_sink comp="2411" pin=0"/></net>

<net id="5026"><net_src comp="1152" pin="1"/><net_sink comp="5023" pin=0"/></net>

<net id="5027"><net_src comp="5023" pin="1"/><net_sink comp="1272" pin=167"/></net>

<net id="5028"><net_src comp="5023" pin="1"/><net_sink comp="2408" pin=0"/></net>

<net id="5032"><net_src comp="1156" pin="1"/><net_sink comp="5029" pin=0"/></net>

<net id="5033"><net_src comp="5029" pin="1"/><net_sink comp="1272" pin=166"/></net>

<net id="5034"><net_src comp="5029" pin="1"/><net_sink comp="2405" pin=0"/></net>

<net id="5038"><net_src comp="1160" pin="1"/><net_sink comp="5035" pin=0"/></net>

<net id="5039"><net_src comp="5035" pin="1"/><net_sink comp="1272" pin=165"/></net>

<net id="5040"><net_src comp="5035" pin="1"/><net_sink comp="2402" pin=0"/></net>

<net id="5044"><net_src comp="1164" pin="1"/><net_sink comp="5041" pin=0"/></net>

<net id="5045"><net_src comp="5041" pin="1"/><net_sink comp="1272" pin=164"/></net>

<net id="5046"><net_src comp="5041" pin="1"/><net_sink comp="2399" pin=0"/></net>

<net id="5050"><net_src comp="1168" pin="1"/><net_sink comp="5047" pin=0"/></net>

<net id="5051"><net_src comp="5047" pin="1"/><net_sink comp="1272" pin=163"/></net>

<net id="5052"><net_src comp="5047" pin="1"/><net_sink comp="2396" pin=0"/></net>

<net id="5056"><net_src comp="1172" pin="1"/><net_sink comp="5053" pin=0"/></net>

<net id="5057"><net_src comp="5053" pin="1"/><net_sink comp="1272" pin=162"/></net>

<net id="5058"><net_src comp="5053" pin="1"/><net_sink comp="2393" pin=0"/></net>

<net id="5062"><net_src comp="1176" pin="1"/><net_sink comp="5059" pin=0"/></net>

<net id="5063"><net_src comp="5059" pin="1"/><net_sink comp="1272" pin=161"/></net>

<net id="5064"><net_src comp="5059" pin="1"/><net_sink comp="2390" pin=0"/></net>

<net id="5068"><net_src comp="1180" pin="1"/><net_sink comp="5065" pin=0"/></net>

<net id="5069"><net_src comp="5065" pin="1"/><net_sink comp="1272" pin=160"/></net>

<net id="5070"><net_src comp="5065" pin="1"/><net_sink comp="2387" pin=0"/></net>

<net id="5074"><net_src comp="1184" pin="1"/><net_sink comp="5071" pin=0"/></net>

<net id="5075"><net_src comp="5071" pin="1"/><net_sink comp="1272" pin=159"/></net>

<net id="5076"><net_src comp="5071" pin="1"/><net_sink comp="2384" pin=0"/></net>

<net id="5080"><net_src comp="1188" pin="1"/><net_sink comp="5077" pin=0"/></net>

<net id="5081"><net_src comp="5077" pin="1"/><net_sink comp="1272" pin=158"/></net>

<net id="5082"><net_src comp="5077" pin="1"/><net_sink comp="2381" pin=0"/></net>

<net id="5086"><net_src comp="1192" pin="1"/><net_sink comp="5083" pin=0"/></net>

<net id="5087"><net_src comp="5083" pin="1"/><net_sink comp="1272" pin=157"/></net>

<net id="5088"><net_src comp="5083" pin="1"/><net_sink comp="2378" pin=0"/></net>

<net id="5092"><net_src comp="1196" pin="1"/><net_sink comp="5089" pin=0"/></net>

<net id="5093"><net_src comp="5089" pin="1"/><net_sink comp="1272" pin=156"/></net>

<net id="5094"><net_src comp="5089" pin="1"/><net_sink comp="2375" pin=0"/></net>

<net id="5098"><net_src comp="1200" pin="1"/><net_sink comp="5095" pin=0"/></net>

<net id="5099"><net_src comp="5095" pin="1"/><net_sink comp="1272" pin=155"/></net>

<net id="5100"><net_src comp="5095" pin="1"/><net_sink comp="2372" pin=0"/></net>

<net id="5104"><net_src comp="1204" pin="1"/><net_sink comp="5101" pin=0"/></net>

<net id="5105"><net_src comp="5101" pin="1"/><net_sink comp="1272" pin=154"/></net>

<net id="5106"><net_src comp="5101" pin="1"/><net_sink comp="2369" pin=0"/></net>

<net id="5110"><net_src comp="1208" pin="1"/><net_sink comp="5107" pin=0"/></net>

<net id="5111"><net_src comp="5107" pin="1"/><net_sink comp="1272" pin=153"/></net>

<net id="5112"><net_src comp="5107" pin="1"/><net_sink comp="2366" pin=0"/></net>

<net id="5116"><net_src comp="1212" pin="1"/><net_sink comp="5113" pin=0"/></net>

<net id="5117"><net_src comp="5113" pin="1"/><net_sink comp="1272" pin=152"/></net>

<net id="5118"><net_src comp="5113" pin="1"/><net_sink comp="2363" pin=0"/></net>

<net id="5122"><net_src comp="1216" pin="1"/><net_sink comp="5119" pin=0"/></net>

<net id="5123"><net_src comp="5119" pin="1"/><net_sink comp="1272" pin=151"/></net>

<net id="5124"><net_src comp="5119" pin="1"/><net_sink comp="2360" pin=0"/></net>

<net id="5128"><net_src comp="1220" pin="1"/><net_sink comp="5125" pin=0"/></net>

<net id="5129"><net_src comp="5125" pin="1"/><net_sink comp="1272" pin=150"/></net>

<net id="5130"><net_src comp="5125" pin="1"/><net_sink comp="2357" pin=0"/></net>

<net id="5134"><net_src comp="1224" pin="1"/><net_sink comp="5131" pin=0"/></net>

<net id="5135"><net_src comp="5131" pin="1"/><net_sink comp="1272" pin=149"/></net>

<net id="5136"><net_src comp="5131" pin="1"/><net_sink comp="2354" pin=0"/></net>

<net id="5140"><net_src comp="1228" pin="1"/><net_sink comp="5137" pin=0"/></net>

<net id="5141"><net_src comp="5137" pin="1"/><net_sink comp="1272" pin=148"/></net>

<net id="5142"><net_src comp="5137" pin="1"/><net_sink comp="2351" pin=0"/></net>

<net id="5146"><net_src comp="1232" pin="1"/><net_sink comp="5143" pin=0"/></net>

<net id="5147"><net_src comp="5143" pin="1"/><net_sink comp="1272" pin=147"/></net>

<net id="5148"><net_src comp="5143" pin="1"/><net_sink comp="2348" pin=0"/></net>

<net id="5152"><net_src comp="1236" pin="1"/><net_sink comp="5149" pin=0"/></net>

<net id="5153"><net_src comp="5149" pin="1"/><net_sink comp="1272" pin=146"/></net>

<net id="5154"><net_src comp="5149" pin="1"/><net_sink comp="2345" pin=0"/></net>

<net id="5161"><net_src comp="1745" pin="2"/><net_sink comp="5158" pin=0"/></net>

<net id="5162"><net_src comp="5158" pin="1"/><net_sink comp="2803" pin=0"/></net>

<net id="5598"><net_src comp="2336" pin="3"/><net_sink comp="5595" pin=0"/></net>

<net id="5599"><net_src comp="5595" pin="1"/><net_sink comp="1272" pin=145"/></net>

<net id="5600"><net_src comp="5595" pin="1"/><net_sink comp="2798" pin=0"/></net>

<net id="6039"><net_src comp="2783" pin="2"/><net_sink comp="6036" pin=0"/></net>

<net id="6040"><net_src comp="6036" pin="1"/><net_sink comp="1257" pin=0"/></net>

<net id="6044"><net_src comp="1240" pin="3"/><net_sink comp="6041" pin=0"/></net>

<net id="6045"><net_src comp="6041" pin="1"/><net_sink comp="1247" pin=0"/></net>

<net id="6049"><net_src comp="2794" pin="1"/><net_sink comp="6046" pin=0"/></net>

<net id="6050"><net_src comp="6046" pin="1"/><net_sink comp="3397" pin=1"/></net>

<net id="6051"><net_src comp="6046" pin="1"/><net_sink comp="3405" pin=1"/></net>

<net id="6055"><net_src comp="3388" pin="3"/><net_sink comp="6052" pin=0"/></net>

<net id="6056"><net_src comp="6052" pin="1"/><net_sink comp="1571" pin=1"/></net>

<net id="6060"><net_src comp="3397" pin="3"/><net_sink comp="6057" pin=0"/></net>

<net id="6061"><net_src comp="6057" pin="1"/><net_sink comp="1571" pin=3"/></net>

<net id="6065"><net_src comp="3405" pin="3"/><net_sink comp="6062" pin=0"/></net>

<net id="6066"><net_src comp="6062" pin="1"/><net_sink comp="1571" pin=2"/></net>

</net_list>

</model> 
---------------- Datapath Model END ------------------

* FSMD analyzer results:
  - Output states:
	Port: void_layer_block_stream_stream_signed_char_const_16_3_3_signed_char_con_1 | {1 2 3 4 }
	Port: void_layer_block_stream_stream_signed_char_const_16_3_3_signed_char_con | {1 2 3 4 }
	Port: conv2_bias | {}
	Port: conv2_weights | {}
	Port: s_conv2 | {7 8 }
	Port: s_pool1 | {}
 - Input state : 
	Port: layer_block<16, 32, 16> : void_layer_block_stream_stream_signed_char_const_16_3_3_signed_char_con_1 | {3 4 }
	Port: layer_block<16, 32, 16> : void_layer_block_stream_stream_signed_char_const_16_3_3_signed_char_con | {3 4 }
	Port: layer_block<16, 32, 16> : conv2_bias | {6 7 }
	Port: layer_block<16, 32, 16> : conv2_weights | {7 8 }
	Port: layer_block<16, 32, 16> : s_conv2 | {}
	Port: layer_block<16, 32, 16> : s_pool1 | {3 4 }
  - Chain level:
	State 1
		store_ln37 : 1
		store_ln37 : 1
	State 2
	State 3
		icmp_ln36 : 1
		add_ln36 : 1
		br_ln36 : 2
		icmp_ln37 : 1
		select_ln36 : 2
		call_ln36 : 3
	State 4
	State 5
	State 6
		icmp_ln64 : 1
		add_ln64 : 1
		br_ln64 : 2
		zext_ln64 : 1
		conv2_bias_addr : 2
		acc_V : 3
		trunc_ln76 : 1
		store_ln37 : 1
	State 7
		acc_V_39 : 1
		call_ln838 : 2
	State 8


============================================================
+ Verbose Summary: Datapath Resource usage 
============================================================

* Functional unit list:
|----------|-------------------------------------------------------------------------------------------|---------|---------|---------|---------|
| Operation|                                      Functional Unit                                      |   DSP   |  Delay  |    FF   |   LUT   |
|----------|-------------------------------------------------------------------------------------------|---------|---------|---------|---------|
|          | grp_layer_block_16_32_16_Pipeline_VITIS_LOOP_31_1_VITIS_LOOP_32_2_VITIS_LOOP_33_3_fu_1264 |    0    |    0    |    29   |   140   |
|   call   |                 grp_layer_block_16_32_16_Pipeline_VITIS_LOOP_40_6_fu_1272                 |    0    |  0.978  |   1177  |   119   |
|          |                 grp_layer_block_16_32_16_Pipeline_VITIS_LOOP_71_8_fu_1571                 |    0    |  2.909  |   415   |   2692  |
|----------|-------------------------------------------------------------------------------------------|---------|---------|---------|---------|
|          |                                      add_ln36_fu_1745                                     |    0    |    0    |    0    |    16   |
|    add   |                                      add_ln64_fu_2783                                     |    0    |    0    |    0    |    13   |
|          |                                      add_ln37_fu_2798                                     |    0    |    0    |    0    |    12   |
|----------|-------------------------------------------------------------------------------------------|---------|---------|---------|---------|
|          |                                     icmp_ln36_fu_1739                                     |    0    |    0    |    0    |    11   |
|   icmp   |                                     icmp_ln37_fu_2330                                     |    0    |    0    |    0    |    9    |
|          |                                     icmp_ln64_fu_2777                                     |    0    |    0    |    0    |    10   |
|----------|-------------------------------------------------------------------------------------------|---------|---------|---------|---------|
|  select  |                                    select_ln36_fu_2336                                    |    0    |    0    |    0    |    5    |
|----------|-------------------------------------------------------------------------------------------|---------|---------|---------|---------|
|   zext   |                                     zext_ln64_fu_2789                                     |    0    |    0    |    0    |    0    |
|----------|-------------------------------------------------------------------------------------------|---------|---------|---------|---------|
|   trunc  |                                     trunc_ln76_fu_2794                                    |    0    |    0    |    0    |    0    |
|----------|-------------------------------------------------------------------------------------------|---------|---------|---------|---------|
|          |                                      acc_V_39_fu_3388                                     |    0    |    0    |    0    |    0    |
|bitconcatenate|                                       shl_ln_fu_3397                                      |    0    |    0    |    0    |    0    |
|          |                                     shl_ln76_3_fu_3405                                    |    0    |    0    |    0    |    0    |
|----------|-------------------------------------------------------------------------------------------|---------|---------|---------|---------|
|   Total  |                                                                                           |    0    |  3.887  |   1621  |   3027  |
|----------|-------------------------------------------------------------------------------------------|---------|---------|---------|---------|

Memories:
N/A

* Register list:
+-----------------------------+--------+
|                             |   FF   |
+-----------------------------+--------+
|      acc_V_39_reg_6052      |   16   |
|      add_ln36_reg_5158      |    9   |
|      add_ln64_reg_6036      |    6   |
|          c_reg_3413         |    5   |
|   conv2_bias_addr_reg_6041  |    5   |
|          f_reg_1253         |    6   |
|  indvar_flatten20_reg_4284  |    9   |
|     select_ln36_reg_5595    |    5   |
|     shl_ln76_3_reg_6062     |    9   |
|       shl_ln_reg_6057       |   12   |
|     trunc_ln76_reg_6046     |    5   |
|    window_V_1_i_reg_3420    |    8   |
|  window_V_226_loc_reg_5113  |    8   |
|  window_V_227_loc_reg_5125  |    8   |
|  window_V_228_loc_reg_5131  |    8   |
|  window_V_229_loc_reg_5143  |    8   |
|  window_V_230_loc_reg_5149  |    8   |
|  window_V_234_loc_reg_4303  |    8   |
|  window_V_235_loc_reg_4315  |    8   |
|  window_V_236_loc_reg_4321  |    8   |
|  window_V_237_loc_reg_4333  |    8   |
|  window_V_238_loc_reg_4339  |    8   |
|  window_V_241_loc_reg_4357  |    8   |
|  window_V_242_loc_reg_4369  |    8   |
|  window_V_243_loc_reg_4375  |    8   |
|  window_V_244_loc_reg_4387  |    8   |
|  window_V_245_loc_reg_4393  |    8   |
|  window_V_248_loc_reg_4411  |    8   |
|  window_V_249_loc_reg_4423  |    8   |
|  window_V_250_loc_reg_4429  |    8   |
|  window_V_251_loc_reg_4441  |    8   |
|  window_V_252_loc_reg_4447  |    8   |
|  window_V_255_loc_reg_4465  |    8   |
|  window_V_256_loc_reg_4477  |    8   |
|  window_V_257_loc_reg_4483  |    8   |
|  window_V_258_loc_reg_4495  |    8   |
|  window_V_259_loc_reg_4501  |    8   |
|  window_V_262_loc_reg_4519  |    8   |
|  window_V_263_loc_reg_4531  |    8   |
|  window_V_264_loc_reg_4537  |    8   |
|  window_V_265_loc_reg_4549  |    8   |
|  window_V_266_loc_reg_4555  |    8   |
|  window_V_269_loc_reg_4573  |    8   |
|  window_V_270_loc_reg_4585  |    8   |
|  window_V_271_loc_reg_4591  |    8   |
|  window_V_272_loc_reg_4603  |    8   |
|  window_V_273_loc_reg_4609  |    8   |
|  window_V_276_loc_reg_4627  |    8   |
|  window_V_277_loc_reg_4639  |    8   |
|  window_V_278_loc_reg_4645  |    8   |
|  window_V_279_loc_reg_4657  |    8   |
|  window_V_280_loc_reg_4663  |    8   |
|  window_V_283_loc_reg_4681  |    8   |
|  window_V_284_loc_reg_4693  |    8   |
|  window_V_285_loc_reg_4699  |    8   |
|  window_V_286_loc_reg_4711  |    8   |
|  window_V_287_loc_reg_4717  |    8   |
|  window_V_290_loc_reg_4735  |    8   |
|  window_V_291_loc_reg_4747  |    8   |
|  window_V_292_loc_reg_4753  |    8   |
|  window_V_293_loc_reg_4765  |    8   |
|  window_V_294_loc_reg_4771  |    8   |
|  window_V_297_loc_reg_4789  |    8   |
|  window_V_298_loc_reg_4801  |    8   |
|  window_V_299_loc_reg_4807  |    8   |
|  window_V_2_i_loc_reg_4291  |    8   |
|  window_V_300_loc_reg_4819  |    8   |
|  window_V_301_loc_reg_4825  |    8   |
|  window_V_304_loc_reg_4843  |    8   |
|  window_V_305_loc_reg_4855  |    8   |
|  window_V_306_loc_reg_4861  |    8   |
|  window_V_307_loc_reg_4873  |    8   |
|  window_V_308_loc_reg_4879  |    8   |
|  window_V_311_loc_reg_4897  |    8   |
|  window_V_312_loc_reg_4909  |    8   |
|  window_V_313_loc_reg_4915  |    8   |
|  window_V_314_loc_reg_4927  |    8   |
|  window_V_315_loc_reg_4933  |    8   |
|  window_V_318_loc_reg_4951  |    8   |
|  window_V_319_loc_reg_4963  |    8   |
|  window_V_320_loc_reg_4969  |    8   |
|  window_V_321_loc_reg_4981  |    8   |
|  window_V_322_loc_reg_4987  |    8   |
|  window_V_325_loc_reg_5005  |    8   |
|  window_V_326_loc_reg_5017  |    8   |
|  window_V_327_loc_reg_5023  |    8   |
|  window_V_328_loc_reg_5035  |    8   |
|  window_V_329_loc_reg_5041  |    8   |
|  window_V_332_loc_reg_5059  |    8   |
|  window_V_333_loc_reg_5071  |    8   |
|  window_V_334_loc_reg_5077  |    8   |
|  window_V_335_loc_reg_5089  |    8   |
|  window_V_336_loc_reg_5095  |    8   |
|  window_V_514_1_i_reg_3426  |    8   |
|window_V_514_2_i_loc_reg_4297|    8   |
|  window_V_515_1_i_reg_3432  |    8   |
|  window_V_516_1_i_reg_3438  |    8   |
|window_V_516_2_i_loc_reg_4309|    8   |
|  window_V_517_1_i_reg_3444  |    8   |
|  window_V_518_1_i_reg_3450  |    8   |
|  window_V_519_1_i_reg_3456  |    8   |
|window_V_519_2_i_loc_reg_4327|    8   |
|  window_V_520_1_i_reg_3462  |    8   |
|  window_V_521_1_i_reg_3468  |    8   |
|  window_V_522_1_i_reg_3474  |    8   |
|window_V_522_2_i_loc_reg_4345|    8   |
|  window_V_523_1_i_reg_3480  |    8   |
|window_V_523_2_i_loc_reg_4351|    8   |
|  window_V_524_1_i_reg_3486  |    8   |
|  window_V_525_1_i_reg_3492  |    8   |
|window_V_525_2_i_loc_reg_4363|    8   |
|  window_V_526_1_i_reg_3498  |    8   |
|  window_V_527_1_i_reg_3504  |    8   |
|  window_V_528_1_i_reg_3510  |    8   |
|window_V_528_2_i_loc_reg_4381|    8   |
|  window_V_529_1_i_reg_3516  |    8   |
|  window_V_530_1_i_reg_3522  |    8   |
|  window_V_531_1_i_reg_3528  |    8   |
|window_V_531_2_i_loc_reg_4399|    8   |
|  window_V_532_1_i_reg_3534  |    8   |
|window_V_532_2_i_loc_reg_4405|    8   |
|  window_V_533_1_i_reg_3540  |    8   |
|  window_V_534_1_i_reg_3546  |    8   |
|window_V_534_2_i_loc_reg_4417|    8   |
|  window_V_535_1_i_reg_3552  |    8   |
|  window_V_536_1_i_reg_3558  |    8   |
|  window_V_537_1_i_reg_3564  |    8   |
|window_V_537_2_i_loc_reg_4435|    8   |
|  window_V_538_1_i_reg_3570  |    8   |
|  window_V_539_1_i_reg_3576  |    8   |
|  window_V_540_1_i_reg_3582  |    8   |
|window_V_540_2_i_loc_reg_4453|    8   |
|  window_V_541_1_i_reg_3588  |    8   |
|window_V_541_2_i_loc_reg_4459|    8   |
|  window_V_542_1_i_reg_3594  |    8   |
|  window_V_543_1_i_reg_3600  |    8   |
|window_V_543_2_i_loc_reg_4471|    8   |
|  window_V_544_1_i_reg_3606  |    8   |
|  window_V_545_1_i_reg_3612  |    8   |
|  window_V_546_1_i_reg_3618  |    8   |
|window_V_546_2_i_loc_reg_4489|    8   |
|  window_V_547_1_i_reg_3624  |    8   |
|  window_V_548_1_i_reg_3630  |    8   |
|  window_V_549_1_i_reg_3636  |    8   |
|window_V_549_2_i_loc_reg_4507|    8   |
|  window_V_550_1_i_reg_3642  |    8   |
|window_V_550_2_i_loc_reg_4513|    8   |
|  window_V_551_1_i_reg_3648  |    8   |
|  window_V_552_1_i_reg_3654  |    8   |
|window_V_552_2_i_loc_reg_4525|    8   |
|  window_V_553_1_i_reg_3660  |    8   |
|  window_V_554_1_i_reg_3666  |    8   |
|  window_V_555_1_i_reg_3672  |    8   |
|window_V_555_2_i_loc_reg_4543|    8   |
|  window_V_556_1_i_reg_3678  |    8   |
|  window_V_557_1_i_reg_3684  |    8   |
|  window_V_558_1_i_reg_3690  |    8   |
|window_V_558_2_i_loc_reg_4561|    8   |
|  window_V_559_1_i_reg_3696  |    8   |
|window_V_559_2_i_loc_reg_4567|    8   |
|  window_V_560_1_i_reg_3702  |    8   |
|  window_V_561_1_i_reg_3708  |    8   |
|window_V_561_2_i_loc_reg_4579|    8   |
|  window_V_562_1_i_reg_3714  |    8   |
|  window_V_563_1_i_reg_3720  |    8   |
|  window_V_564_1_i_reg_3726  |    8   |
|window_V_564_2_i_loc_reg_4597|    8   |
|  window_V_565_1_i_reg_3732  |    8   |
|  window_V_566_1_i_reg_3738  |    8   |
|  window_V_567_1_i_reg_3744  |    8   |
|window_V_567_2_i_loc_reg_4615|    8   |
|  window_V_568_1_i_reg_3750  |    8   |
|window_V_568_2_i_loc_reg_4621|    8   |
|  window_V_569_1_i_reg_3756  |    8   |
|  window_V_570_1_i_reg_3762  |    8   |
|window_V_570_2_i_loc_reg_4633|    8   |
|  window_V_571_1_i_reg_3768  |    8   |
|  window_V_572_1_i_reg_3774  |    8   |
|  window_V_573_1_i_reg_3780  |    8   |
|window_V_573_2_i_loc_reg_4651|    8   |
|  window_V_574_1_i_reg_3786  |    8   |
|  window_V_575_1_i_reg_3792  |    8   |
|  window_V_576_1_i_reg_3798  |    8   |
|window_V_576_2_i_loc_reg_4669|    8   |
|  window_V_577_1_i_reg_3804  |    8   |
|window_V_577_2_i_loc_reg_4675|    8   |
|  window_V_578_1_i_reg_3810  |    8   |
|  window_V_579_1_i_reg_3816  |    8   |
|window_V_579_2_i_loc_reg_4687|    8   |
|  window_V_580_1_i_reg_3822  |    8   |
|  window_V_581_1_i_reg_3828  |    8   |
|  window_V_582_1_i_reg_3834  |    8   |
|window_V_582_2_i_loc_reg_4705|    8   |
|  window_V_583_1_i_reg_3840  |    8   |
|  window_V_584_1_i_reg_3846  |    8   |
|  window_V_585_1_i_reg_3852  |    8   |
|window_V_585_2_i_loc_reg_4723|    8   |
|  window_V_586_1_i_reg_3858  |    8   |
|window_V_586_2_i_loc_reg_4729|    8   |
|  window_V_587_1_i_reg_3864  |    8   |
|  window_V_588_1_i_reg_3870  |    8   |
|window_V_588_2_i_loc_reg_4741|    8   |
|  window_V_589_1_i_reg_3876  |    8   |
|  window_V_590_1_i_reg_3882  |    8   |
|  window_V_591_1_i_reg_3888  |    8   |
|window_V_591_2_i_loc_reg_4759|    8   |
|  window_V_592_1_i_reg_3894  |    8   |
|  window_V_593_1_i_reg_3900  |    8   |
|  window_V_594_1_i_reg_3906  |    8   |
|window_V_594_2_i_loc_reg_4777|    8   |
|  window_V_595_1_i_reg_3912  |    8   |
|window_V_595_2_i_loc_reg_4783|    8   |
|  window_V_596_1_i_reg_3918  |    8   |
|  window_V_597_1_i_reg_3924  |    8   |
|window_V_597_2_i_loc_reg_4795|    8   |
|  window_V_598_1_i_reg_3930  |    8   |
|  window_V_599_1_i_reg_3936  |    8   |
|  window_V_600_1_i_reg_3942  |    8   |
|window_V_600_2_i_loc_reg_4813|    8   |
|  window_V_601_1_i_reg_3948  |    8   |
|  window_V_602_1_i_reg_3954  |    8   |
|  window_V_603_1_i_reg_3960  |    8   |
|window_V_603_2_i_loc_reg_4831|    8   |
|  window_V_604_1_i_reg_3966  |    8   |
|window_V_604_2_i_loc_reg_4837|    8   |
|  window_V_605_1_i_reg_3972  |    8   |
|  window_V_606_1_i_reg_3978  |    8   |
|window_V_606_2_i_loc_reg_4849|    8   |
|  window_V_607_1_i_reg_3984  |    8   |
|  window_V_608_1_i_reg_3990  |    8   |
|  window_V_609_1_i_reg_3996  |    8   |
|window_V_609_2_i_loc_reg_4867|    8   |
|  window_V_610_1_i_reg_4002  |    8   |
|  window_V_611_1_i_reg_4008  |    8   |
|  window_V_612_1_i_reg_4014  |    8   |
|window_V_612_2_i_loc_reg_4885|    8   |
|  window_V_613_1_i_reg_4020  |    8   |
|window_V_613_2_i_loc_reg_4891|    8   |
|  window_V_614_1_i_reg_4026  |    8   |
|  window_V_615_1_i_reg_4032  |    8   |
|window_V_615_2_i_loc_reg_4903|    8   |
|  window_V_616_1_i_reg_4038  |    8   |
|  window_V_617_1_i_reg_4044  |    8   |
|  window_V_618_1_i_reg_4050  |    8   |
|window_V_618_2_i_loc_reg_4921|    8   |
|  window_V_619_1_i_reg_4056  |    8   |
|  window_V_620_1_i_reg_4062  |    8   |
|  window_V_621_1_i_reg_4068  |    8   |
|window_V_621_2_i_loc_reg_4939|    8   |
|  window_V_622_1_i_reg_4074  |    8   |
|window_V_622_2_i_loc_reg_4945|    8   |
|  window_V_623_1_i_reg_4080  |    8   |
|  window_V_624_1_i_reg_4086  |    8   |
|window_V_624_2_i_loc_reg_4957|    8   |
|  window_V_625_1_i_reg_4092  |    8   |
|  window_V_626_1_i_reg_4098  |    8   |
|  window_V_627_1_i_reg_4104  |    8   |
|window_V_627_2_i_loc_reg_4975|    8   |
|  window_V_628_1_i_reg_4110  |    8   |
|  window_V_629_1_i_reg_4116  |    8   |
|  window_V_630_1_i_reg_4122  |    8   |
|window_V_630_2_i_loc_reg_4993|    8   |
|  window_V_631_1_i_reg_4128  |    8   |
|window_V_631_2_i_loc_reg_4999|    8   |
|  window_V_632_1_i_reg_4134  |    8   |
|  window_V_633_1_i_reg_4140  |    8   |
|window_V_633_2_i_loc_reg_5011|    8   |
|  window_V_634_1_i_reg_4146  |    8   |
|  window_V_635_1_i_reg_4152  |    8   |
|  window_V_636_1_i_reg_4158  |    8   |
|window_V_636_2_i_loc_reg_5029|    8   |
|  window_V_637_1_i_reg_4164  |    8   |
|  window_V_638_1_i_reg_4170  |    8   |
|  window_V_639_1_i_reg_4176  |    8   |
|window_V_639_2_i_loc_reg_5047|    8   |
|  window_V_640_1_i_reg_4182  |    8   |
|window_V_640_2_i_loc_reg_5053|    8   |
|  window_V_641_1_i_reg_4188  |    8   |
|  window_V_642_1_i_reg_4194  |    8   |
|window_V_642_2_i_loc_reg_5065|    8   |
|  window_V_643_1_i_reg_4200  |    8   |
|  window_V_644_1_i_reg_4206  |    8   |
|  window_V_645_1_i_reg_4212  |    8   |
|window_V_645_2_i_loc_reg_5083|    8   |
|  window_V_646_1_i_reg_4218  |    8   |
|  window_V_647_1_i_reg_4224  |    8   |
|  window_V_648_1_i_reg_4230  |    8   |
|window_V_648_2_i_loc_reg_5101|    8   |
|  window_V_649_1_i_reg_4236  |    8   |
|window_V_649_2_i_loc_reg_5107|    8   |
|  window_V_650_1_i_reg_4242  |    8   |
|  window_V_651_1_i_reg_4248  |    8   |
|window_V_651_2_i_loc_reg_5119|    8   |
|  window_V_652_1_i_reg_4254  |    8   |
|  window_V_653_1_i_reg_4260  |    8   |
|  window_V_654_1_i_reg_4266  |    8   |
|window_V_654_2_i_loc_reg_5137|    8   |
|  window_V_655_1_i_reg_4272  |    8   |
|  window_V_656_1_i_reg_4278  |    8   |
+-----------------------------+--------+
|            Total            |  2391  |
+-----------------------------+--------+

* Multiplexer (MUX) list: 
|-----------------------------------------------------------|------|------|------|--------||---------||---------|
|                            Comp                           |  Pin | Size |  BW  | S x BW ||  Delay  ||   LUT   |
|-----------------------------------------------------------|------|------|------|--------||---------||---------|
|                     grp_access_fu_1247                    |  p0  |   2  |   5  |   10   ||    9    |
| grp_layer_block_16_32_16_Pipeline_VITIS_LOOP_40_6_fu_1272 | p145 |   2  |   5  |   10   ||    9    |
| grp_layer_block_16_32_16_Pipeline_VITIS_LOOP_71_8_fu_1571 |  p1  |   2  |  16  |   32   ||    9    |
| grp_layer_block_16_32_16_Pipeline_VITIS_LOOP_71_8_fu_1571 |  p2  |   2  |   9  |   18   ||    9    |
| grp_layer_block_16_32_16_Pipeline_VITIS_LOOP_71_8_fu_1571 |  p3  |   2  |  12  |   24   ||    9    |
|-----------------------------------------------------------|------|------|------|--------||---------||---------|
|                           Total                           |      |      |      |   94   ||  2.445  ||    45   |
|-----------------------------------------------------------|------|------|------|--------||---------||---------|



* Summary:
+-----------+--------+--------+--------+--------+
|           |   DSP  |  Delay |   FF   |   LUT  |
+-----------+--------+--------+--------+--------+
|  Function |    0   |    3   |  1621  |  3027  |
|   Memory  |    -   |    -   |    -   |    -   |
|Multiplexer|    -   |    2   |    -   |   45   |
|  Register |    -   |    -   |  2391  |    -   |
+-----------+--------+--------+--------+--------+
|   Total   |    0   |    6   |  4012  |  3072  |
+-----------+--------+--------+--------+--------+
