

================================================================
== Vitis HLS Report for 'max_pool_16_32_s'
================================================================
* Date:           Thu Dec 11 20:06:54 2025

* Version:        2022.2 (Build 3670227 on Oct 13 2022)
* Project:        vgg_accelerator
* Solution:       solution1 (Vivado IP Flow Target)
* Product family: zynquplus
* Target device:  xczu5eg-sfvc784-1-e


================================================================
== Performance Estimates
================================================================
+ Timing: 
    * Summary: 
    +--------+----------+----------+------------+
    |  Clock |  Target  | Estimated| Uncertainty|
    +--------+----------+----------+------------+
    |ap_clk  |  10.00 ns|  6.264 ns|     2.70 ns|
    +--------+----------+----------+------------+

+ Latency: 
    * Summary: 
    +---------+---------+----------+----------+-------+-------+---------+
    |  Latency (cycles) |  Latency (absolute) |    Interval   | Pipeline|
    |   min   |   max   |    min   |    max   |  min  |  max  |   Type  |
    +---------+---------+----------+----------+-------+-------+---------+
    |    16387|    16387|  0.164 ms|  0.164 ms|  16387|  16387|       no|
    +---------+---------+----------+----------+-------+-------+---------+

    + Detail: 
        * Instance: 
        N/A

        * Loop: 
        +-------------------------------------+---------+---------+----------+-----------+-----------+------+----------+
        |                                     |  Latency (cycles) | Iteration|  Initiation Interval  | Trip |          |
        |              Loop Name              |   min   |   max   |  Latency |  achieved |   target  | Count| Pipelined|
        +-------------------------------------+---------+---------+----------+-----------+-----------+------+----------+
        |- VITIS_LOOP_101_1_VITIS_LOOP_102_2  |    16385|    16385|        18|         16|          2|  1024|       yes|
        +-------------------------------------+---------+---------+----------+-----------+-----------+------+----------+

============================================================
+ Verbose Summary: Synthesis Manager
============================================================
InlineROM: 1
ExposeGlobal: 0
============================================================
+ Verbose Summary: CDFG Model
============================================================
IsTopModel: 0
ResetActiveHigh: 1
IsCombinational: 2
IsDatapathOnly: 0
HasWiredReturn: 1
HasMFsm: 2
HasVarLatency: 1
IsPipeline: 0
IsRtlPipelined: 0
IsInstanceOverlapped: 0
IsDontTouch: 0
HasImplIP: 0
IsGatedGlobalClock: 0

+ Individual pipeline summary: 
  * Pipeline-0: initiation interval (II) = 16, depth = 18


============================================================
+ Verbose Summary: Schedule
============================================================
* Number of FSM states : 18
* Pipeline : 1
  Pipeline-0 : II = 16, D = 18, States = { 1 2 3 4 5 6 7 8 9 10 11 12 13 14 15 16 17 18 }
* Dataflow Pipeline: 0

* FSM state transitions: 
1 --> 2 
2 --> 3 
3 --> 4 
4 --> 5 
5 --> 6 
6 --> 7 
7 --> 8 
8 --> 9 
9 --> 10 
10 --> 11 
11 --> 12 
12 --> 13 
13 --> 14 
14 --> 15 
15 --> 16 
16 --> 17 
17 --> 18 
18 --> 

* FSM state operations: 

State 1 <SV = 0> <Delay = 2.68>
ST_1 : Operation 21 [1/1] (0.00ns)   --->   "%p_0_0_033150_i = alloca i32 1"   --->   Operation 21 'alloca' 'p_0_0_033150_i' <Predicate = true> <Delay = 0.00>
ST_1 : Operation 22 [1/1] (0.00ns)   --->   "%val_in = alloca i32 1"   --->   Operation 22 'alloca' 'val_in' <Predicate = true> <Delay = 0.00>
ST_1 : Operation 23 [1/1] (0.00ns)   --->   "%p_0_0_033_1152_i = alloca i32 1"   --->   Operation 23 'alloca' 'p_0_0_033_1152_i' <Predicate = true> <Delay = 0.00>
ST_1 : Operation 24 [1/1] (0.00ns)   --->   "%p_0_0_032_1153_i = alloca i32 1"   --->   Operation 24 'alloca' 'p_0_0_032_1153_i' <Predicate = true> <Delay = 0.00>
ST_1 : Operation 25 [1/1] (0.00ns)   --->   "%p_0_0_033_2154_i = alloca i32 1"   --->   Operation 25 'alloca' 'p_0_0_033_2154_i' <Predicate = true> <Delay = 0.00>
ST_1 : Operation 26 [1/1] (0.00ns)   --->   "%p_0_0_032_2155_i = alloca i32 1"   --->   Operation 26 'alloca' 'p_0_0_032_2155_i' <Predicate = true> <Delay = 0.00>
ST_1 : Operation 27 [1/1] (0.00ns)   --->   "%p_0_0_033_3156_i = alloca i32 1"   --->   Operation 27 'alloca' 'p_0_0_033_3156_i' <Predicate = true> <Delay = 0.00>
ST_1 : Operation 28 [1/1] (0.00ns)   --->   "%p_0_0_032_3157_i = alloca i32 1"   --->   Operation 28 'alloca' 'p_0_0_032_3157_i' <Predicate = true> <Delay = 0.00>
ST_1 : Operation 29 [1/1] (0.00ns)   --->   "%p_0_0_033_4158_i = alloca i32 1"   --->   Operation 29 'alloca' 'p_0_0_033_4158_i' <Predicate = true> <Delay = 0.00>
ST_1 : Operation 30 [1/1] (0.00ns)   --->   "%p_0_0_032_4159_i = alloca i32 1"   --->   Operation 30 'alloca' 'p_0_0_032_4159_i' <Predicate = true> <Delay = 0.00>
ST_1 : Operation 31 [1/1] (0.00ns)   --->   "%p_0_0_033_5160_i = alloca i32 1"   --->   Operation 31 'alloca' 'p_0_0_033_5160_i' <Predicate = true> <Delay = 0.00>
ST_1 : Operation 32 [1/1] (0.00ns)   --->   "%p_0_0_032_5161_i = alloca i32 1"   --->   Operation 32 'alloca' 'p_0_0_032_5161_i' <Predicate = true> <Delay = 0.00>
ST_1 : Operation 33 [1/1] (0.00ns)   --->   "%p_0_0_033_6162_i = alloca i32 1"   --->   Operation 33 'alloca' 'p_0_0_033_6162_i' <Predicate = true> <Delay = 0.00>
ST_1 : Operation 34 [1/1] (0.00ns)   --->   "%p_0_0_032_6163_i = alloca i32 1"   --->   Operation 34 'alloca' 'p_0_0_032_6163_i' <Predicate = true> <Delay = 0.00>
ST_1 : Operation 35 [1/1] (0.00ns)   --->   "%p_0_0_033_7164_i = alloca i32 1"   --->   Operation 35 'alloca' 'p_0_0_033_7164_i' <Predicate = true> <Delay = 0.00>
ST_1 : Operation 36 [1/1] (0.00ns)   --->   "%p_0_0_032_7165_i = alloca i32 1"   --->   Operation 36 'alloca' 'p_0_0_032_7165_i' <Predicate = true> <Delay = 0.00>
ST_1 : Operation 37 [1/1] (0.00ns)   --->   "%p_0_0_033_8166_i = alloca i32 1"   --->   Operation 37 'alloca' 'p_0_0_033_8166_i' <Predicate = true> <Delay = 0.00>
ST_1 : Operation 38 [1/1] (0.00ns)   --->   "%p_0_0_032_8167_i = alloca i32 1"   --->   Operation 38 'alloca' 'p_0_0_032_8167_i' <Predicate = true> <Delay = 0.00>
ST_1 : Operation 39 [1/1] (0.00ns)   --->   "%p_0_0_033_9168_i = alloca i32 1"   --->   Operation 39 'alloca' 'p_0_0_033_9168_i' <Predicate = true> <Delay = 0.00>
ST_1 : Operation 40 [1/1] (0.00ns)   --->   "%p_0_0_032_9169_i = alloca i32 1"   --->   Operation 40 'alloca' 'p_0_0_032_9169_i' <Predicate = true> <Delay = 0.00>
ST_1 : Operation 41 [1/1] (0.00ns)   --->   "%p_0_0_033_10170_i = alloca i32 1"   --->   Operation 41 'alloca' 'p_0_0_033_10170_i' <Predicate = true> <Delay = 0.00>
ST_1 : Operation 42 [1/1] (0.00ns)   --->   "%p_0_0_032_10171_i = alloca i32 1"   --->   Operation 42 'alloca' 'p_0_0_032_10171_i' <Predicate = true> <Delay = 0.00>
ST_1 : Operation 43 [1/1] (0.00ns)   --->   "%p_0_0_033_11172_i = alloca i32 1"   --->   Operation 43 'alloca' 'p_0_0_033_11172_i' <Predicate = true> <Delay = 0.00>
ST_1 : Operation 44 [1/1] (0.00ns)   --->   "%p_0_0_032_11173_i = alloca i32 1"   --->   Operation 44 'alloca' 'p_0_0_032_11173_i' <Predicate = true> <Delay = 0.00>
ST_1 : Operation 45 [1/1] (0.00ns)   --->   "%p_0_0_033_12174_i = alloca i32 1"   --->   Operation 45 'alloca' 'p_0_0_033_12174_i' <Predicate = true> <Delay = 0.00>
ST_1 : Operation 46 [1/1] (0.00ns)   --->   "%p_0_0_032_12175_i = alloca i32 1"   --->   Operation 46 'alloca' 'p_0_0_032_12175_i' <Predicate = true> <Delay = 0.00>
ST_1 : Operation 47 [1/1] (0.00ns)   --->   "%p_0_0_033_13176_i = alloca i32 1"   --->   Operation 47 'alloca' 'p_0_0_033_13176_i' <Predicate = true> <Delay = 0.00>
ST_1 : Operation 48 [1/1] (0.00ns)   --->   "%p_0_0_032_13177_i = alloca i32 1"   --->   Operation 48 'alloca' 'p_0_0_032_13177_i' <Predicate = true> <Delay = 0.00>
ST_1 : Operation 49 [1/1] (0.00ns)   --->   "%p_0_0_033_14178_i = alloca i32 1"   --->   Operation 49 'alloca' 'p_0_0_033_14178_i' <Predicate = true> <Delay = 0.00>
ST_1 : Operation 50 [1/1] (0.00ns)   --->   "%p_0_0_032_14179_i = alloca i32 1"   --->   Operation 50 'alloca' 'p_0_0_032_14179_i' <Predicate = true> <Delay = 0.00>
ST_1 : Operation 51 [1/1] (0.00ns)   --->   "%p_0_0_033_15180_i = alloca i32 1"   --->   Operation 51 'alloca' 'p_0_0_033_15180_i' <Predicate = true> <Delay = 0.00>
ST_1 : Operation 52 [1/1] (0.00ns)   --->   "%p_0_0_032_15181_i = alloca i32 1"   --->   Operation 52 'alloca' 'p_0_0_032_15181_i' <Predicate = true> <Delay = 0.00>
ST_1 : Operation 53 [1/1] (0.00ns)   --->   "%c = alloca i32 1"   --->   Operation 53 'alloca' 'c' <Predicate = true> <Delay = 0.00>
ST_1 : Operation 54 [1/1] (0.00ns)   --->   "%r = alloca i32 1"   --->   Operation 54 'alloca' 'r' <Predicate = true> <Delay = 0.00>
ST_1 : Operation 55 [1/1] (0.00ns)   --->   "%indvar_flatten = alloca i32 1"   --->   Operation 55 'alloca' 'indvar_flatten' <Predicate = true> <Delay = 0.00>
ST_1 : Operation 56 [1/1] (0.00ns)   --->   "%specinterface_ln0 = specinterface void @_ssdm_op_SpecInterface, i8 %s_conv1, void @empty_11, i32 0, i32 0, void @empty_4, i32 0, i32 0, void @empty_4, void @empty_4, void @empty_4, i32 0, i32 0, i32 0, i32 0, void @empty_4, void @empty_4, i32 4294967295, i32 0"   --->   Operation 56 'specinterface' 'specinterface_ln0' <Predicate = true> <Delay = 0.00>
ST_1 : Operation 57 [1/1] (0.00ns)   --->   "%specinterface_ln0 = specinterface void @_ssdm_op_SpecInterface, i8 %s_conv1, void @empty_11, i32 0, i32 0, void @empty_4, i32 0, i32 0, void @empty_4, void @empty_4, void @empty_4, i32 0, i32 0, i32 0, i32 0, void @empty_4, void @empty_4, i32 4294967295, i32 0"   --->   Operation 57 'specinterface' 'specinterface_ln0' <Predicate = true> <Delay = 0.00>
ST_1 : Operation 58 [1/1] (0.00ns)   --->   "%specinterface_ln0 = specinterface void @_ssdm_op_SpecInterface, i8 %s_conv1, void @empty_11, i32 0, i32 0, void @empty_4, i32 0, i32 0, void @empty_4, void @empty_4, void @empty_4, i32 0, i32 0, i32 0, i32 0, void @empty_4, void @empty_4, i32 4294967295, i32 0"   --->   Operation 58 'specinterface' 'specinterface_ln0' <Predicate = true> <Delay = 0.00>
ST_1 : Operation 59 [1/1] (0.00ns)   --->   "%specinterface_ln0 = specinterface void @_ssdm_op_SpecInterface, i8 %s_pool1, void @empty_11, i32 0, i32 0, void @empty_4, i32 0, i32 0, void @empty_4, void @empty_4, void @empty_4, i32 0, i32 0, i32 0, i32 0, void @empty_4, void @empty_4, i32 4294967295, i32 0"   --->   Operation 59 'specinterface' 'specinterface_ln0' <Predicate = true> <Delay = 0.00>
ST_1 : Operation 60 [1/1] (0.00ns)   --->   "%specinterface_ln0 = specinterface void @_ssdm_op_SpecInterface, i8 %s_pool1, void @empty_11, i32 0, i32 0, void @empty_4, i32 0, i32 0, void @empty_4, void @empty_4, void @empty_4, i32 0, i32 0, i32 0, i32 0, void @empty_4, void @empty_4, i32 4294967295, i32 0"   --->   Operation 60 'specinterface' 'specinterface_ln0' <Predicate = true> <Delay = 0.00>
ST_1 : Operation 61 [1/1] (0.00ns)   --->   "%specinterface_ln0 = specinterface void @_ssdm_op_SpecInterface, i8 %s_pool1, void @empty_11, i32 0, i32 0, void @empty_4, i32 0, i32 0, void @empty_4, void @empty_4, void @empty_4, i32 0, i32 0, i32 0, i32 0, void @empty_4, void @empty_4, i32 4294967295, i32 0"   --->   Operation 61 'specinterface' 'specinterface_ln0' <Predicate = true> <Delay = 0.00>
ST_1 : Operation 62 [1/1] (0.00ns)   --->   "%specinterface_ln0 = specinterface void @_ssdm_op_SpecInterface, i8 %s_pool1, void @empty_11, i32 0, i32 0, void @empty_4, i32 0, i32 0, void @empty_4, void @empty_4, void @empty_4, i32 0, i32 0, i32 0, i32 0, void @empty_4, void @empty_4, i32 4294967295, i32 0"   --->   Operation 62 'specinterface' 'specinterface_ln0' <Predicate = true> <Delay = 0.00>
ST_1 : Operation 63 [1/1] (0.00ns)   --->   "%specinterface_ln0 = specinterface void @_ssdm_op_SpecInterface, i8 %s_conv1, void @empty_11, i32 0, i32 0, void @empty_4, i32 0, i32 0, void @empty_4, void @empty_4, void @empty_4, i32 0, i32 0, i32 0, i32 0, void @empty_4, void @empty_4, i32 4294967295, i32 0"   --->   Operation 63 'specinterface' 'specinterface_ln0' <Predicate = true> <Delay = 0.00>
ST_1 : Operation 64 [1/1] (0.48ns)   --->   "%store_ln101 = store i11 0, i11 %indvar_flatten" [vgg_accelerator.cpp:101]   --->   Operation 64 'store' 'store_ln101' <Predicate = true> <Delay = 0.48>
ST_1 : Operation 65 [1/1] (0.48ns)   --->   "%store_ln101 = store i6 0, i6 %r" [vgg_accelerator.cpp:101]   --->   Operation 65 'store' 'store_ln101' <Predicate = true> <Delay = 0.48>
ST_1 : Operation 66 [1/1] (0.48ns)   --->   "%store_ln101 = store i6 0, i6 %c" [vgg_accelerator.cpp:101]   --->   Operation 66 'store' 'store_ln101' <Predicate = true> <Delay = 0.48>
ST_1 : Operation 67 [1/1] (0.00ns)   --->   "%br_ln101 = br void %for.body34.i" [vgg_accelerator.cpp:101]   --->   Operation 67 'br' 'br_ln101' <Predicate = true> <Delay = 0.00>
ST_1 : Operation 68 [1/1] (0.00ns)   --->   "%indvar_flatten_load = load i11 %indvar_flatten" [vgg_accelerator.cpp:101]   --->   Operation 68 'load' 'indvar_flatten_load' <Predicate = true> <Delay = 0.00>
ST_1 : Operation 69 [1/1] (0.85ns)   --->   "%icmp_ln101 = icmp_eq  i11 %indvar_flatten_load, i11 1024" [vgg_accelerator.cpp:101]   --->   Operation 69 'icmp' 'icmp_ln101' <Predicate = true> <Delay = 0.85> <CoreInst = "Cmp">   --->   Core 9 'Cmp' <Latency = 0> <II = 1> <Delay = 0.85> <FuncUnit> <Opcode : 'icmp'> <InPorts = 2> <OutPorts = 1>
ST_1 : Operation 70 [1/1] (0.94ns)   --->   "%add_ln101 = add i11 %indvar_flatten_load, i11 1" [vgg_accelerator.cpp:101]   --->   Operation 70 'add' 'add_ln101' <Predicate = true> <Delay = 0.94> <CoreInst = "Adder">   --->   Core 1 'Adder' <Latency = 0> <II = 1> <Delay = 0.94> <FuncUnit> <Opcode : 'add' 'sub'> <InPorts = 2> <OutPorts = 1>
ST_1 : Operation 71 [1/1] (0.00ns)   --->   "%br_ln101 = br i1 %icmp_ln101, void %for.inc92.i, void %max_pool<16, 32>.exit" [vgg_accelerator.cpp:101]   --->   Operation 71 'br' 'br_ln101' <Predicate = true> <Delay = 0.00>
ST_1 : Operation 72 [1/1] (0.00ns)   --->   "%c_load = load i6 %c" [vgg_accelerator.cpp:102]   --->   Operation 72 'load' 'c_load' <Predicate = (!icmp_ln101)> <Delay = 0.00>
ST_1 : Operation 73 [1/1] (0.00ns)   --->   "%r_load = load i6 %r" [vgg_accelerator.cpp:101]   --->   Operation 73 'load' 'r_load' <Predicate = (!icmp_ln101)> <Delay = 0.00>
ST_1 : Operation 74 [1/1] (0.88ns)   --->   "%r_5 = add i6 %r_load, i6 1" [vgg_accelerator.cpp:101]   --->   Operation 74 'add' 'r_5' <Predicate = (!icmp_ln101)> <Delay = 0.88> <CoreInst = "Adder">   --->   Core 1 'Adder' <Latency = 0> <II = 1> <Delay = 0.88> <FuncUnit> <Opcode : 'add' 'sub'> <InPorts = 2> <OutPorts = 1>
ST_1 : Operation 75 [1/1] (0.87ns)   --->   "%icmp_ln102 = icmp_eq  i6 %c_load, i6 32" [vgg_accelerator.cpp:102]   --->   Operation 75 'icmp' 'icmp_ln102' <Predicate = (!icmp_ln101)> <Delay = 0.87> <CoreInst = "Cmp">   --->   Core 9 'Cmp' <Latency = 0> <II = 1> <Delay = 0.87> <FuncUnit> <Opcode : 'icmp'> <InPorts = 2> <OutPorts = 1>
ST_1 : Operation 76 [1/1] (0.44ns)   --->   "%select_ln101 = select i1 %icmp_ln102, i6 0, i6 %c_load" [vgg_accelerator.cpp:101]   --->   Operation 76 'select' 'select_ln101' <Predicate = (!icmp_ln101)> <Delay = 0.44> <CoreInst = "Sel">   --->   Core 73 'Sel' <Latency = 0> <II = 1> <Delay = 0.44> <FuncUnit> <Opcode : 'select'> <InPorts = 3> <OutPorts = 1>
ST_1 : Operation 77 [1/1] (0.44ns)   --->   "%select_ln101_3 = select i1 %icmp_ln102, i6 %r_5, i6 %r_load" [vgg_accelerator.cpp:101]   --->   Operation 77 'select' 'select_ln101_3' <Predicate = (!icmp_ln101)> <Delay = 0.44> <CoreInst = "Sel">   --->   Core 73 'Sel' <Latency = 0> <II = 1> <Delay = 0.44> <FuncUnit> <Opcode : 'select'> <InPorts = 3> <OutPorts = 1>
ST_1 : Operation 78 [1/1] (0.00ns)   --->   "%trunc_ln101 = trunc i6 %select_ln101_3" [vgg_accelerator.cpp:101]   --->   Operation 78 'trunc' 'trunc_ln101' <Predicate = (!icmp_ln101)> <Delay = 0.00>
ST_1 : Operation 79 [1/1] (0.00ns)   --->   "%zext_ln102 = zext i6 %select_ln101" [vgg_accelerator.cpp:102]   --->   Operation 79 'zext' 'zext_ln102' <Predicate = (!icmp_ln101)> <Delay = 0.00>
ST_1 : Operation 80 [1/1] (0.00ns)   --->   "%empty_38 = trunc i6 %select_ln101" [vgg_accelerator.cpp:101]   --->   Operation 80 'trunc' 'empty_38' <Predicate = (!icmp_ln101)> <Delay = 0.00>
ST_1 : Operation 81 [1/1] (0.00ns)   --->   "%void_max_pool_stream_stream_ap_fixed_8_4_0_0_0_0_pool_buff_29_addr = getelementptr i8 %void_max_pool_stream_stream_ap_fixed_8_4_0_0_0_0_pool_buff_29, i64 0, i64 %zext_ln102" [vgg_accelerator.cpp:113]   --->   Operation 81 'getelementptr' 'void_max_pool_stream_stream_ap_fixed_8_4_0_0_0_0_pool_buff_29_addr' <Predicate = (!icmp_ln101)> <Delay = 0.00>
ST_1 : Operation 82 [2/2] (0.79ns)   --->   "%void_max_pool_stream_stream_ap_fixed_8_4_0_0_0_0_pool_buff_29_load = load i5 %void_max_pool_stream_stream_ap_fixed_8_4_0_0_0_0_pool_buff_29_addr" [vgg_accelerator.cpp:115]   --->   Operation 82 'load' 'void_max_pool_stream_stream_ap_fixed_8_4_0_0_0_0_pool_buff_29_load' <Predicate = (!icmp_ln101)> <Delay = 0.79> <CoreInst = "RAM">   --->   Core 83 'RAM' <Latency = 1> <II = 1> <Delay = 0.79> <Storage> <Opcode : 'load' 'store'> <Ports = 2> <Width = 8> <Depth = 32> <RAM>
ST_1 : Operation 83 [1/1] (0.33ns)   --->   "%and_ln118 = and i1 %trunc_ln101, i1 %empty_38" [vgg_accelerator.cpp:118]   --->   Operation 83 'and' 'and_ln118' <Predicate = (!icmp_ln101)> <Delay = 0.33> <CoreInst = "LogicGate">   --->   Core 74 'LogicGate' <Latency = 0> <II = 1> <Delay = 0.33> <FuncUnit> <Opcode : 'and' 'or' 'xor'> <InPorts = 2> <OutPorts = 1>
ST_1 : Operation 84 [1/1] (0.00ns)   --->   "%br_ln118 = br i1 %and_ln118, void %for.inc.14.thread.i, void %if.then.15.i" [vgg_accelerator.cpp:118]   --->   Operation 84 'br' 'br_ln118' <Predicate = (!icmp_ln101)> <Delay = 0.00>
ST_1 : Operation 85 [1/1] (0.00ns)   --->   "%void_max_pool_stream_stream_ap_fixed_8_4_0_0_0_0_pool_buff_28_addr_1 = getelementptr i8 %void_max_pool_stream_stream_ap_fixed_8_4_0_0_0_0_pool_buff_28, i64 0, i64 %zext_ln102" [vgg_accelerator.cpp:113]   --->   Operation 85 'getelementptr' 'void_max_pool_stream_stream_ap_fixed_8_4_0_0_0_0_pool_buff_28_addr_1' <Predicate = (!icmp_ln101 & !and_ln118)> <Delay = 0.00>
ST_1 : Operation 86 [2/2] (0.79ns)   --->   "%void_max_pool_stream_stream_ap_fixed_8_4_0_0_0_0_pool_buff_28_load_1 = load i5 %void_max_pool_stream_stream_ap_fixed_8_4_0_0_0_0_pool_buff_28_addr_1" [vgg_accelerator.cpp:115]   --->   Operation 86 'load' 'void_max_pool_stream_stream_ap_fixed_8_4_0_0_0_0_pool_buff_28_load_1' <Predicate = (!icmp_ln101 & !and_ln118)> <Delay = 0.79> <CoreInst = "RAM">   --->   Core 83 'RAM' <Latency = 1> <II = 1> <Delay = 0.79> <Storage> <Opcode : 'load' 'store'> <Ports = 2> <Width = 8> <Depth = 32> <RAM>
ST_1 : Operation 87 [1/1] (0.00ns)   --->   "%void_max_pool_stream_stream_ap_fixed_8_4_0_0_0_0_pool_buff_27_addr_1 = getelementptr i8 %void_max_pool_stream_stream_ap_fixed_8_4_0_0_0_0_pool_buff_27, i64 0, i64 %zext_ln102" [vgg_accelerator.cpp:113]   --->   Operation 87 'getelementptr' 'void_max_pool_stream_stream_ap_fixed_8_4_0_0_0_0_pool_buff_27_addr_1' <Predicate = (!icmp_ln101 & !and_ln118)> <Delay = 0.00>
ST_1 : Operation 88 [2/2] (0.79ns)   --->   "%void_max_pool_stream_stream_ap_fixed_8_4_0_0_0_0_pool_buff_27_load_1 = load i5 %void_max_pool_stream_stream_ap_fixed_8_4_0_0_0_0_pool_buff_27_addr_1" [vgg_accelerator.cpp:115]   --->   Operation 88 'load' 'void_max_pool_stream_stream_ap_fixed_8_4_0_0_0_0_pool_buff_27_load_1' <Predicate = (!icmp_ln101 & !and_ln118)> <Delay = 0.79> <CoreInst = "RAM">   --->   Core 83 'RAM' <Latency = 1> <II = 1> <Delay = 0.79> <Storage> <Opcode : 'load' 'store'> <Ports = 2> <Width = 8> <Depth = 32> <RAM>
ST_1 : Operation 89 [1/1] (0.00ns)   --->   "%void_max_pool_stream_stream_ap_fixed_8_4_0_0_0_0_pool_buff_26_addr_1 = getelementptr i8 %void_max_pool_stream_stream_ap_fixed_8_4_0_0_0_0_pool_buff_26, i64 0, i64 %zext_ln102" [vgg_accelerator.cpp:113]   --->   Operation 89 'getelementptr' 'void_max_pool_stream_stream_ap_fixed_8_4_0_0_0_0_pool_buff_26_addr_1' <Predicate = (!icmp_ln101 & !and_ln118)> <Delay = 0.00>
ST_1 : Operation 90 [2/2] (0.79ns)   --->   "%void_max_pool_stream_stream_ap_fixed_8_4_0_0_0_0_pool_buff_26_load_1 = load i5 %void_max_pool_stream_stream_ap_fixed_8_4_0_0_0_0_pool_buff_26_addr_1" [vgg_accelerator.cpp:115]   --->   Operation 90 'load' 'void_max_pool_stream_stream_ap_fixed_8_4_0_0_0_0_pool_buff_26_load_1' <Predicate = (!icmp_ln101 & !and_ln118)> <Delay = 0.79> <CoreInst = "RAM">   --->   Core 83 'RAM' <Latency = 1> <II = 1> <Delay = 0.79> <Storage> <Opcode : 'load' 'store'> <Ports = 2> <Width = 8> <Depth = 32> <RAM>
ST_1 : Operation 91 [1/1] (0.00ns)   --->   "%void_max_pool_stream_stream_ap_fixed_8_4_0_0_0_0_pool_buff_25_addr_1 = getelementptr i8 %void_max_pool_stream_stream_ap_fixed_8_4_0_0_0_0_pool_buff_25, i64 0, i64 %zext_ln102" [vgg_accelerator.cpp:113]   --->   Operation 91 'getelementptr' 'void_max_pool_stream_stream_ap_fixed_8_4_0_0_0_0_pool_buff_25_addr_1' <Predicate = (!icmp_ln101 & !and_ln118)> <Delay = 0.00>
ST_1 : Operation 92 [2/2] (0.79ns)   --->   "%void_max_pool_stream_stream_ap_fixed_8_4_0_0_0_0_pool_buff_25_load_1 = load i5 %void_max_pool_stream_stream_ap_fixed_8_4_0_0_0_0_pool_buff_25_addr_1" [vgg_accelerator.cpp:115]   --->   Operation 92 'load' 'void_max_pool_stream_stream_ap_fixed_8_4_0_0_0_0_pool_buff_25_load_1' <Predicate = (!icmp_ln101 & !and_ln118)> <Delay = 0.79> <CoreInst = "RAM">   --->   Core 83 'RAM' <Latency = 1> <II = 1> <Delay = 0.79> <Storage> <Opcode : 'load' 'store'> <Ports = 2> <Width = 8> <Depth = 32> <RAM>
ST_1 : Operation 93 [1/1] (0.00ns)   --->   "%void_max_pool_stream_stream_ap_fixed_8_4_0_0_0_0_pool_buff_24_addr_1 = getelementptr i8 %void_max_pool_stream_stream_ap_fixed_8_4_0_0_0_0_pool_buff_24, i64 0, i64 %zext_ln102" [vgg_accelerator.cpp:113]   --->   Operation 93 'getelementptr' 'void_max_pool_stream_stream_ap_fixed_8_4_0_0_0_0_pool_buff_24_addr_1' <Predicate = (!icmp_ln101 & !and_ln118)> <Delay = 0.00>
ST_1 : Operation 94 [2/2] (0.79ns)   --->   "%void_max_pool_stream_stream_ap_fixed_8_4_0_0_0_0_pool_buff_24_load_1 = load i5 %void_max_pool_stream_stream_ap_fixed_8_4_0_0_0_0_pool_buff_24_addr_1" [vgg_accelerator.cpp:115]   --->   Operation 94 'load' 'void_max_pool_stream_stream_ap_fixed_8_4_0_0_0_0_pool_buff_24_load_1' <Predicate = (!icmp_ln101 & !and_ln118)> <Delay = 0.79> <CoreInst = "RAM">   --->   Core 83 'RAM' <Latency = 1> <II = 1> <Delay = 0.79> <Storage> <Opcode : 'load' 'store'> <Ports = 2> <Width = 8> <Depth = 32> <RAM>
ST_1 : Operation 95 [1/1] (0.00ns)   --->   "%void_max_pool_stream_stream_ap_fixed_8_4_0_0_0_0_pool_buff_23_addr_1 = getelementptr i8 %void_max_pool_stream_stream_ap_fixed_8_4_0_0_0_0_pool_buff_23, i64 0, i64 %zext_ln102" [vgg_accelerator.cpp:113]   --->   Operation 95 'getelementptr' 'void_max_pool_stream_stream_ap_fixed_8_4_0_0_0_0_pool_buff_23_addr_1' <Predicate = (!icmp_ln101 & !and_ln118)> <Delay = 0.00>
ST_1 : Operation 96 [2/2] (0.79ns)   --->   "%void_max_pool_stream_stream_ap_fixed_8_4_0_0_0_0_pool_buff_23_load_1 = load i5 %void_max_pool_stream_stream_ap_fixed_8_4_0_0_0_0_pool_buff_23_addr_1" [vgg_accelerator.cpp:115]   --->   Operation 96 'load' 'void_max_pool_stream_stream_ap_fixed_8_4_0_0_0_0_pool_buff_23_load_1' <Predicate = (!icmp_ln101 & !and_ln118)> <Delay = 0.79> <CoreInst = "RAM">   --->   Core 83 'RAM' <Latency = 1> <II = 1> <Delay = 0.79> <Storage> <Opcode : 'load' 'store'> <Ports = 2> <Width = 8> <Depth = 32> <RAM>
ST_1 : Operation 97 [1/1] (0.00ns)   --->   "%void_max_pool_stream_stream_ap_fixed_8_4_0_0_0_0_pool_buff_22_addr_1 = getelementptr i8 %void_max_pool_stream_stream_ap_fixed_8_4_0_0_0_0_pool_buff_22, i64 0, i64 %zext_ln102" [vgg_accelerator.cpp:113]   --->   Operation 97 'getelementptr' 'void_max_pool_stream_stream_ap_fixed_8_4_0_0_0_0_pool_buff_22_addr_1' <Predicate = (!icmp_ln101 & !and_ln118)> <Delay = 0.00>
ST_1 : Operation 98 [2/2] (0.79ns)   --->   "%void_max_pool_stream_stream_ap_fixed_8_4_0_0_0_0_pool_buff_22_load_1 = load i5 %void_max_pool_stream_stream_ap_fixed_8_4_0_0_0_0_pool_buff_22_addr_1" [vgg_accelerator.cpp:115]   --->   Operation 98 'load' 'void_max_pool_stream_stream_ap_fixed_8_4_0_0_0_0_pool_buff_22_load_1' <Predicate = (!icmp_ln101 & !and_ln118)> <Delay = 0.79> <CoreInst = "RAM">   --->   Core 83 'RAM' <Latency = 1> <II = 1> <Delay = 0.79> <Storage> <Opcode : 'load' 'store'> <Ports = 2> <Width = 8> <Depth = 32> <RAM>
ST_1 : Operation 99 [1/1] (0.00ns)   --->   "%void_max_pool_stream_stream_ap_fixed_8_4_0_0_0_0_pool_buff_21_addr_1 = getelementptr i8 %void_max_pool_stream_stream_ap_fixed_8_4_0_0_0_0_pool_buff_21, i64 0, i64 %zext_ln102" [vgg_accelerator.cpp:113]   --->   Operation 99 'getelementptr' 'void_max_pool_stream_stream_ap_fixed_8_4_0_0_0_0_pool_buff_21_addr_1' <Predicate = (!icmp_ln101 & !and_ln118)> <Delay = 0.00>
ST_1 : Operation 100 [2/2] (0.79ns)   --->   "%void_max_pool_stream_stream_ap_fixed_8_4_0_0_0_0_pool_buff_21_load_1 = load i5 %void_max_pool_stream_stream_ap_fixed_8_4_0_0_0_0_pool_buff_21_addr_1" [vgg_accelerator.cpp:115]   --->   Operation 100 'load' 'void_max_pool_stream_stream_ap_fixed_8_4_0_0_0_0_pool_buff_21_load_1' <Predicate = (!icmp_ln101 & !and_ln118)> <Delay = 0.79> <CoreInst = "RAM">   --->   Core 83 'RAM' <Latency = 1> <II = 1> <Delay = 0.79> <Storage> <Opcode : 'load' 'store'> <Ports = 2> <Width = 8> <Depth = 32> <RAM>
ST_1 : Operation 101 [1/1] (0.00ns)   --->   "%void_max_pool_stream_stream_ap_fixed_8_4_0_0_0_0_pool_buff_20_addr_1 = getelementptr i8 %void_max_pool_stream_stream_ap_fixed_8_4_0_0_0_0_pool_buff_20, i64 0, i64 %zext_ln102" [vgg_accelerator.cpp:113]   --->   Operation 101 'getelementptr' 'void_max_pool_stream_stream_ap_fixed_8_4_0_0_0_0_pool_buff_20_addr_1' <Predicate = (!icmp_ln101 & !and_ln118)> <Delay = 0.00>
ST_1 : Operation 102 [2/2] (0.79ns)   --->   "%void_max_pool_stream_stream_ap_fixed_8_4_0_0_0_0_pool_buff_20_load_1 = load i5 %void_max_pool_stream_stream_ap_fixed_8_4_0_0_0_0_pool_buff_20_addr_1" [vgg_accelerator.cpp:115]   --->   Operation 102 'load' 'void_max_pool_stream_stream_ap_fixed_8_4_0_0_0_0_pool_buff_20_load_1' <Predicate = (!icmp_ln101 & !and_ln118)> <Delay = 0.79> <CoreInst = "RAM">   --->   Core 83 'RAM' <Latency = 1> <II = 1> <Delay = 0.79> <Storage> <Opcode : 'load' 'store'> <Ports = 2> <Width = 8> <Depth = 32> <RAM>
ST_1 : Operation 103 [1/1] (0.00ns)   --->   "%p_ZZ8max_poolILi16ELi32EEvRN3hls6streamI8ap_fixedILi8ELi4EL9ap_q_mode0EL9ap_o_mod_6 = getelementptr i8 %p_ZZ8max_poolILi16ELi32EEvRN3hls6streamI8ap_fixedILi8ELi4EL9ap_q_mode0EL9ap_o_mod_5, i64 0, i64 %zext_ln102" [vgg_accelerator.cpp:113]   --->   Operation 103 'getelementptr' 'p_ZZ8max_poolILi16ELi32EEvRN3hls6streamI8ap_fixedILi8ELi4EL9ap_q_mode0EL9ap_o_mod_6' <Predicate = (!icmp_ln101 & !and_ln118)> <Delay = 0.00>
ST_1 : Operation 104 [2/2] (0.79ns)   --->   "%p_ZZ8max_poolILi16ELi32EEvRN3hls6streamI8ap_fixedILi8ELi4EL9ap_q_mode0EL9ap_o_mod_7 = load i5 %p_ZZ8max_poolILi16ELi32EEvRN3hls6streamI8ap_fixedILi8ELi4EL9ap_q_mode0EL9ap_o_mod_6" [vgg_accelerator.cpp:115]   --->   Operation 104 'load' 'p_ZZ8max_poolILi16ELi32EEvRN3hls6streamI8ap_fixedILi8ELi4EL9ap_q_mode0EL9ap_o_mod_7' <Predicate = (!icmp_ln101 & !and_ln118)> <Delay = 0.79> <CoreInst = "RAM">   --->   Core 83 'RAM' <Latency = 1> <II = 1> <Delay = 0.79> <Storage> <Opcode : 'load' 'store'> <Ports = 2> <Width = 8> <Depth = 32> <RAM>
ST_1 : Operation 105 [1/1] (0.00ns)   --->   "%p_ZZ8max_poolILi16ELi32EEvRN3hls6streamI8ap_fixedILi8ELi4EL9ap_q_mode0EL9ap_o_mod_8 = getelementptr i8 %p_ZZ8max_poolILi16ELi32EEvRN3hls6streamI8ap_fixedILi8ELi4EL9ap_q_mode0EL9ap_o_mod_4, i64 0, i64 %zext_ln102" [vgg_accelerator.cpp:113]   --->   Operation 105 'getelementptr' 'p_ZZ8max_poolILi16ELi32EEvRN3hls6streamI8ap_fixedILi8ELi4EL9ap_q_mode0EL9ap_o_mod_8' <Predicate = (!icmp_ln101 & !and_ln118)> <Delay = 0.00>
ST_1 : Operation 106 [2/2] (0.79ns)   --->   "%p_ZZ8max_poolILi16ELi32EEvRN3hls6streamI8ap_fixedILi8ELi4EL9ap_q_mode0EL9ap_o_mod_9 = load i5 %p_ZZ8max_poolILi16ELi32EEvRN3hls6streamI8ap_fixedILi8ELi4EL9ap_q_mode0EL9ap_o_mod_8" [vgg_accelerator.cpp:115]   --->   Operation 106 'load' 'p_ZZ8max_poolILi16ELi32EEvRN3hls6streamI8ap_fixedILi8ELi4EL9ap_q_mode0EL9ap_o_mod_9' <Predicate = (!icmp_ln101 & !and_ln118)> <Delay = 0.79> <CoreInst = "RAM">   --->   Core 83 'RAM' <Latency = 1> <II = 1> <Delay = 0.79> <Storage> <Opcode : 'load' 'store'> <Ports = 2> <Width = 8> <Depth = 32> <RAM>
ST_1 : Operation 107 [1/1] (0.00ns)   --->   "%p_ZZ8max_poolILi16ELi32EEvRN3hls6streamI8ap_fixedILi8ELi4EL9ap_q_mode0EL9ap_o_mod_10 = getelementptr i8 %p_ZZ8max_poolILi16ELi32EEvRN3hls6streamI8ap_fixedILi8ELi4EL9ap_q_mode0EL9ap_o_mod_3, i64 0, i64 %zext_ln102" [vgg_accelerator.cpp:113]   --->   Operation 107 'getelementptr' 'p_ZZ8max_poolILi16ELi32EEvRN3hls6streamI8ap_fixedILi8ELi4EL9ap_q_mode0EL9ap_o_mod_10' <Predicate = (!icmp_ln101 & !and_ln118)> <Delay = 0.00>
ST_1 : Operation 108 [2/2] (0.79ns)   --->   "%p_ZZ8max_poolILi16ELi32EEvRN3hls6streamI8ap_fixedILi8ELi4EL9ap_q_mode0EL9ap_o_mod_11 = load i5 %p_ZZ8max_poolILi16ELi32EEvRN3hls6streamI8ap_fixedILi8ELi4EL9ap_q_mode0EL9ap_o_mod_10" [vgg_accelerator.cpp:115]   --->   Operation 108 'load' 'p_ZZ8max_poolILi16ELi32EEvRN3hls6streamI8ap_fixedILi8ELi4EL9ap_q_mode0EL9ap_o_mod_11' <Predicate = (!icmp_ln101 & !and_ln118)> <Delay = 0.79> <CoreInst = "RAM">   --->   Core 83 'RAM' <Latency = 1> <II = 1> <Delay = 0.79> <Storage> <Opcode : 'load' 'store'> <Ports = 2> <Width = 8> <Depth = 32> <RAM>
ST_1 : Operation 109 [1/1] (0.00ns)   --->   "%p_ZZ8max_poolILi16ELi32EEvRN3hls6streamI8ap_fixedILi8ELi4EL9ap_q_mode0EL9ap_o_mod_12 = getelementptr i8 %p_ZZ8max_poolILi16ELi32EEvRN3hls6streamI8ap_fixedILi8ELi4EL9ap_q_mode0EL9ap_o_mod_2, i64 0, i64 %zext_ln102" [vgg_accelerator.cpp:113]   --->   Operation 109 'getelementptr' 'p_ZZ8max_poolILi16ELi32EEvRN3hls6streamI8ap_fixedILi8ELi4EL9ap_q_mode0EL9ap_o_mod_12' <Predicate = (!icmp_ln101 & !and_ln118)> <Delay = 0.00>
ST_1 : Operation 110 [2/2] (0.79ns)   --->   "%p_ZZ8max_poolILi16ELi32EEvRN3hls6streamI8ap_fixedILi8ELi4EL9ap_q_mode0EL9ap_o_mod_13 = load i5 %p_ZZ8max_poolILi16ELi32EEvRN3hls6streamI8ap_fixedILi8ELi4EL9ap_q_mode0EL9ap_o_mod_12" [vgg_accelerator.cpp:115]   --->   Operation 110 'load' 'p_ZZ8max_poolILi16ELi32EEvRN3hls6streamI8ap_fixedILi8ELi4EL9ap_q_mode0EL9ap_o_mod_13' <Predicate = (!icmp_ln101 & !and_ln118)> <Delay = 0.79> <CoreInst = "RAM">   --->   Core 83 'RAM' <Latency = 1> <II = 1> <Delay = 0.79> <Storage> <Opcode : 'load' 'store'> <Ports = 2> <Width = 8> <Depth = 32> <RAM>
ST_1 : Operation 111 [1/1] (0.00ns)   --->   "%p_ZZ8max_poolILi16ELi32EEvRN3hls6streamI8ap_fixedILi8ELi4EL9ap_q_mode0EL9ap_o_mod_14 = getelementptr i8 %p_ZZ8max_poolILi16ELi32EEvRN3hls6streamI8ap_fixedILi8ELi4EL9ap_q_mode0EL9ap_o_mod_1, i64 0, i64 %zext_ln102" [vgg_accelerator.cpp:113]   --->   Operation 111 'getelementptr' 'p_ZZ8max_poolILi16ELi32EEvRN3hls6streamI8ap_fixedILi8ELi4EL9ap_q_mode0EL9ap_o_mod_14' <Predicate = (!icmp_ln101 & !and_ln118)> <Delay = 0.00>
ST_1 : Operation 112 [2/2] (0.79ns)   --->   "%p_ZZ8max_poolILi16ELi32EEvRN3hls6streamI8ap_fixedILi8ELi4EL9ap_q_mode0EL9ap_o_mod_15 = load i5 %p_ZZ8max_poolILi16ELi32EEvRN3hls6streamI8ap_fixedILi8ELi4EL9ap_q_mode0EL9ap_o_mod_14" [vgg_accelerator.cpp:115]   --->   Operation 112 'load' 'p_ZZ8max_poolILi16ELi32EEvRN3hls6streamI8ap_fixedILi8ELi4EL9ap_q_mode0EL9ap_o_mod_15' <Predicate = (!icmp_ln101 & !and_ln118)> <Delay = 0.79> <CoreInst = "RAM">   --->   Core 83 'RAM' <Latency = 1> <II = 1> <Delay = 0.79> <Storage> <Opcode : 'load' 'store'> <Ports = 2> <Width = 8> <Depth = 32> <RAM>
ST_1 : Operation 113 [1/1] (0.00ns)   --->   "%p_ZZ8max_poolILi16ELi32EEvRN3hls6streamI8ap_fixedILi8ELi4EL9ap_q_mode0EL9ap_o_mod_16 = getelementptr i8 %p_ZZ8max_poolILi16ELi32EEvRN3hls6streamI8ap_fixedILi8ELi4EL9ap_q_mode0EL9ap_o_mod, i64 0, i64 %zext_ln102" [vgg_accelerator.cpp:113]   --->   Operation 113 'getelementptr' 'p_ZZ8max_poolILi16ELi32EEvRN3hls6streamI8ap_fixedILi8ELi4EL9ap_q_mode0EL9ap_o_mod_16' <Predicate = (!icmp_ln101 & !and_ln118)> <Delay = 0.00>
ST_1 : Operation 114 [1/1] (0.00ns)   --->   "%void_max_pool_stream_stream_ap_fixed_8_4_0_0_0_0_pool_buff_28_addr = getelementptr i8 %void_max_pool_stream_stream_ap_fixed_8_4_0_0_0_0_pool_buff_28, i64 0, i64 %zext_ln102" [vgg_accelerator.cpp:113]   --->   Operation 114 'getelementptr' 'void_max_pool_stream_stream_ap_fixed_8_4_0_0_0_0_pool_buff_28_addr' <Predicate = (!icmp_ln101 & and_ln118)> <Delay = 0.00>
ST_1 : Operation 115 [2/2] (0.79ns)   --->   "%void_max_pool_stream_stream_ap_fixed_8_4_0_0_0_0_pool_buff_28_load = load i5 %void_max_pool_stream_stream_ap_fixed_8_4_0_0_0_0_pool_buff_28_addr" [vgg_accelerator.cpp:115]   --->   Operation 115 'load' 'void_max_pool_stream_stream_ap_fixed_8_4_0_0_0_0_pool_buff_28_load' <Predicate = (!icmp_ln101 & and_ln118)> <Delay = 0.79> <CoreInst = "RAM">   --->   Core 83 'RAM' <Latency = 1> <II = 1> <Delay = 0.79> <Storage> <Opcode : 'load' 'store'> <Ports = 2> <Width = 8> <Depth = 32> <RAM>
ST_1 : Operation 116 [1/1] (0.00ns)   --->   "%void_max_pool_stream_stream_ap_fixed_8_4_0_0_0_0_pool_buff_27_addr = getelementptr i8 %void_max_pool_stream_stream_ap_fixed_8_4_0_0_0_0_pool_buff_27, i64 0, i64 %zext_ln102" [vgg_accelerator.cpp:113]   --->   Operation 116 'getelementptr' 'void_max_pool_stream_stream_ap_fixed_8_4_0_0_0_0_pool_buff_27_addr' <Predicate = (!icmp_ln101 & and_ln118)> <Delay = 0.00>
ST_1 : Operation 117 [2/2] (0.79ns)   --->   "%void_max_pool_stream_stream_ap_fixed_8_4_0_0_0_0_pool_buff_27_load = load i5 %void_max_pool_stream_stream_ap_fixed_8_4_0_0_0_0_pool_buff_27_addr" [vgg_accelerator.cpp:115]   --->   Operation 117 'load' 'void_max_pool_stream_stream_ap_fixed_8_4_0_0_0_0_pool_buff_27_load' <Predicate = (!icmp_ln101 & and_ln118)> <Delay = 0.79> <CoreInst = "RAM">   --->   Core 83 'RAM' <Latency = 1> <II = 1> <Delay = 0.79> <Storage> <Opcode : 'load' 'store'> <Ports = 2> <Width = 8> <Depth = 32> <RAM>
ST_1 : Operation 118 [1/1] (0.00ns)   --->   "%void_max_pool_stream_stream_ap_fixed_8_4_0_0_0_0_pool_buff_26_addr = getelementptr i8 %void_max_pool_stream_stream_ap_fixed_8_4_0_0_0_0_pool_buff_26, i64 0, i64 %zext_ln102" [vgg_accelerator.cpp:113]   --->   Operation 118 'getelementptr' 'void_max_pool_stream_stream_ap_fixed_8_4_0_0_0_0_pool_buff_26_addr' <Predicate = (!icmp_ln101 & and_ln118)> <Delay = 0.00>
ST_1 : Operation 119 [2/2] (0.79ns)   --->   "%void_max_pool_stream_stream_ap_fixed_8_4_0_0_0_0_pool_buff_26_load = load i5 %void_max_pool_stream_stream_ap_fixed_8_4_0_0_0_0_pool_buff_26_addr" [vgg_accelerator.cpp:115]   --->   Operation 119 'load' 'void_max_pool_stream_stream_ap_fixed_8_4_0_0_0_0_pool_buff_26_load' <Predicate = (!icmp_ln101 & and_ln118)> <Delay = 0.79> <CoreInst = "RAM">   --->   Core 83 'RAM' <Latency = 1> <II = 1> <Delay = 0.79> <Storage> <Opcode : 'load' 'store'> <Ports = 2> <Width = 8> <Depth = 32> <RAM>
ST_1 : Operation 120 [1/1] (0.00ns)   --->   "%void_max_pool_stream_stream_ap_fixed_8_4_0_0_0_0_pool_buff_25_addr = getelementptr i8 %void_max_pool_stream_stream_ap_fixed_8_4_0_0_0_0_pool_buff_25, i64 0, i64 %zext_ln102" [vgg_accelerator.cpp:113]   --->   Operation 120 'getelementptr' 'void_max_pool_stream_stream_ap_fixed_8_4_0_0_0_0_pool_buff_25_addr' <Predicate = (!icmp_ln101 & and_ln118)> <Delay = 0.00>
ST_1 : Operation 121 [2/2] (0.79ns)   --->   "%void_max_pool_stream_stream_ap_fixed_8_4_0_0_0_0_pool_buff_25_load = load i5 %void_max_pool_stream_stream_ap_fixed_8_4_0_0_0_0_pool_buff_25_addr" [vgg_accelerator.cpp:115]   --->   Operation 121 'load' 'void_max_pool_stream_stream_ap_fixed_8_4_0_0_0_0_pool_buff_25_load' <Predicate = (!icmp_ln101 & and_ln118)> <Delay = 0.79> <CoreInst = "RAM">   --->   Core 83 'RAM' <Latency = 1> <II = 1> <Delay = 0.79> <Storage> <Opcode : 'load' 'store'> <Ports = 2> <Width = 8> <Depth = 32> <RAM>
ST_1 : Operation 122 [1/1] (0.00ns)   --->   "%void_max_pool_stream_stream_ap_fixed_8_4_0_0_0_0_pool_buff_24_addr = getelementptr i8 %void_max_pool_stream_stream_ap_fixed_8_4_0_0_0_0_pool_buff_24, i64 0, i64 %zext_ln102" [vgg_accelerator.cpp:113]   --->   Operation 122 'getelementptr' 'void_max_pool_stream_stream_ap_fixed_8_4_0_0_0_0_pool_buff_24_addr' <Predicate = (!icmp_ln101 & and_ln118)> <Delay = 0.00>
ST_1 : Operation 123 [2/2] (0.79ns)   --->   "%void_max_pool_stream_stream_ap_fixed_8_4_0_0_0_0_pool_buff_24_load = load i5 %void_max_pool_stream_stream_ap_fixed_8_4_0_0_0_0_pool_buff_24_addr" [vgg_accelerator.cpp:115]   --->   Operation 123 'load' 'void_max_pool_stream_stream_ap_fixed_8_4_0_0_0_0_pool_buff_24_load' <Predicate = (!icmp_ln101 & and_ln118)> <Delay = 0.79> <CoreInst = "RAM">   --->   Core 83 'RAM' <Latency = 1> <II = 1> <Delay = 0.79> <Storage> <Opcode : 'load' 'store'> <Ports = 2> <Width = 8> <Depth = 32> <RAM>
ST_1 : Operation 124 [1/1] (0.00ns)   --->   "%void_max_pool_stream_stream_ap_fixed_8_4_0_0_0_0_pool_buff_23_addr = getelementptr i8 %void_max_pool_stream_stream_ap_fixed_8_4_0_0_0_0_pool_buff_23, i64 0, i64 %zext_ln102" [vgg_accelerator.cpp:113]   --->   Operation 124 'getelementptr' 'void_max_pool_stream_stream_ap_fixed_8_4_0_0_0_0_pool_buff_23_addr' <Predicate = (!icmp_ln101 & and_ln118)> <Delay = 0.00>
ST_1 : Operation 125 [2/2] (0.79ns)   --->   "%void_max_pool_stream_stream_ap_fixed_8_4_0_0_0_0_pool_buff_23_load = load i5 %void_max_pool_stream_stream_ap_fixed_8_4_0_0_0_0_pool_buff_23_addr" [vgg_accelerator.cpp:115]   --->   Operation 125 'load' 'void_max_pool_stream_stream_ap_fixed_8_4_0_0_0_0_pool_buff_23_load' <Predicate = (!icmp_ln101 & and_ln118)> <Delay = 0.79> <CoreInst = "RAM">   --->   Core 83 'RAM' <Latency = 1> <II = 1> <Delay = 0.79> <Storage> <Opcode : 'load' 'store'> <Ports = 2> <Width = 8> <Depth = 32> <RAM>
ST_1 : Operation 126 [1/1] (0.00ns)   --->   "%void_max_pool_stream_stream_ap_fixed_8_4_0_0_0_0_pool_buff_22_addr = getelementptr i8 %void_max_pool_stream_stream_ap_fixed_8_4_0_0_0_0_pool_buff_22, i64 0, i64 %zext_ln102" [vgg_accelerator.cpp:113]   --->   Operation 126 'getelementptr' 'void_max_pool_stream_stream_ap_fixed_8_4_0_0_0_0_pool_buff_22_addr' <Predicate = (!icmp_ln101 & and_ln118)> <Delay = 0.00>
ST_1 : Operation 127 [2/2] (0.79ns)   --->   "%void_max_pool_stream_stream_ap_fixed_8_4_0_0_0_0_pool_buff_22_load = load i5 %void_max_pool_stream_stream_ap_fixed_8_4_0_0_0_0_pool_buff_22_addr" [vgg_accelerator.cpp:115]   --->   Operation 127 'load' 'void_max_pool_stream_stream_ap_fixed_8_4_0_0_0_0_pool_buff_22_load' <Predicate = (!icmp_ln101 & and_ln118)> <Delay = 0.79> <CoreInst = "RAM">   --->   Core 83 'RAM' <Latency = 1> <II = 1> <Delay = 0.79> <Storage> <Opcode : 'load' 'store'> <Ports = 2> <Width = 8> <Depth = 32> <RAM>
ST_1 : Operation 128 [1/1] (0.00ns)   --->   "%void_max_pool_stream_stream_ap_fixed_8_4_0_0_0_0_pool_buff_21_addr = getelementptr i8 %void_max_pool_stream_stream_ap_fixed_8_4_0_0_0_0_pool_buff_21, i64 0, i64 %zext_ln102" [vgg_accelerator.cpp:113]   --->   Operation 128 'getelementptr' 'void_max_pool_stream_stream_ap_fixed_8_4_0_0_0_0_pool_buff_21_addr' <Predicate = (!icmp_ln101 & and_ln118)> <Delay = 0.00>
ST_1 : Operation 129 [2/2] (0.79ns)   --->   "%void_max_pool_stream_stream_ap_fixed_8_4_0_0_0_0_pool_buff_21_load = load i5 %void_max_pool_stream_stream_ap_fixed_8_4_0_0_0_0_pool_buff_21_addr" [vgg_accelerator.cpp:115]   --->   Operation 129 'load' 'void_max_pool_stream_stream_ap_fixed_8_4_0_0_0_0_pool_buff_21_load' <Predicate = (!icmp_ln101 & and_ln118)> <Delay = 0.79> <CoreInst = "RAM">   --->   Core 83 'RAM' <Latency = 1> <II = 1> <Delay = 0.79> <Storage> <Opcode : 'load' 'store'> <Ports = 2> <Width = 8> <Depth = 32> <RAM>
ST_1 : Operation 130 [1/1] (0.00ns)   --->   "%void_max_pool_stream_stream_ap_fixed_8_4_0_0_0_0_pool_buff_20_addr = getelementptr i8 %void_max_pool_stream_stream_ap_fixed_8_4_0_0_0_0_pool_buff_20, i64 0, i64 %zext_ln102" [vgg_accelerator.cpp:113]   --->   Operation 130 'getelementptr' 'void_max_pool_stream_stream_ap_fixed_8_4_0_0_0_0_pool_buff_20_addr' <Predicate = (!icmp_ln101 & and_ln118)> <Delay = 0.00>
ST_1 : Operation 131 [2/2] (0.79ns)   --->   "%void_max_pool_stream_stream_ap_fixed_8_4_0_0_0_0_pool_buff_20_load = load i5 %void_max_pool_stream_stream_ap_fixed_8_4_0_0_0_0_pool_buff_20_addr" [vgg_accelerator.cpp:115]   --->   Operation 131 'load' 'void_max_pool_stream_stream_ap_fixed_8_4_0_0_0_0_pool_buff_20_load' <Predicate = (!icmp_ln101 & and_ln118)> <Delay = 0.79> <CoreInst = "RAM">   --->   Core 83 'RAM' <Latency = 1> <II = 1> <Delay = 0.79> <Storage> <Opcode : 'load' 'store'> <Ports = 2> <Width = 8> <Depth = 32> <RAM>
ST_1 : Operation 132 [1/1] (0.00ns)   --->   "%p_ZZ8max_poolILi16ELi32EEvRN3hls6streamI8ap_fixedILi8ELi4EL9ap_q_mode0EL9ap_o_mod_18 = getelementptr i8 %p_ZZ8max_poolILi16ELi32EEvRN3hls6streamI8ap_fixedILi8ELi4EL9ap_q_mode0EL9ap_o_mod_5, i64 0, i64 %zext_ln102" [vgg_accelerator.cpp:113]   --->   Operation 132 'getelementptr' 'p_ZZ8max_poolILi16ELi32EEvRN3hls6streamI8ap_fixedILi8ELi4EL9ap_q_mode0EL9ap_o_mod_18' <Predicate = (!icmp_ln101 & and_ln118)> <Delay = 0.00>
ST_1 : Operation 133 [2/2] (0.79ns)   --->   "%p_ZZ8max_poolILi16ELi32EEvRN3hls6streamI8ap_fixedILi8ELi4EL9ap_q_mode0EL9ap_o_mod_19 = load i5 %p_ZZ8max_poolILi16ELi32EEvRN3hls6streamI8ap_fixedILi8ELi4EL9ap_q_mode0EL9ap_o_mod_18" [vgg_accelerator.cpp:115]   --->   Operation 133 'load' 'p_ZZ8max_poolILi16ELi32EEvRN3hls6streamI8ap_fixedILi8ELi4EL9ap_q_mode0EL9ap_o_mod_19' <Predicate = (!icmp_ln101 & and_ln118)> <Delay = 0.79> <CoreInst = "RAM">   --->   Core 83 'RAM' <Latency = 1> <II = 1> <Delay = 0.79> <Storage> <Opcode : 'load' 'store'> <Ports = 2> <Width = 8> <Depth = 32> <RAM>
ST_1 : Operation 134 [1/1] (0.00ns)   --->   "%p_ZZ8max_poolILi16ELi32EEvRN3hls6streamI8ap_fixedILi8ELi4EL9ap_q_mode0EL9ap_o_mod_20 = getelementptr i8 %p_ZZ8max_poolILi16ELi32EEvRN3hls6streamI8ap_fixedILi8ELi4EL9ap_q_mode0EL9ap_o_mod_4, i64 0, i64 %zext_ln102" [vgg_accelerator.cpp:113]   --->   Operation 134 'getelementptr' 'p_ZZ8max_poolILi16ELi32EEvRN3hls6streamI8ap_fixedILi8ELi4EL9ap_q_mode0EL9ap_o_mod_20' <Predicate = (!icmp_ln101 & and_ln118)> <Delay = 0.00>
ST_1 : Operation 135 [2/2] (0.79ns)   --->   "%p_ZZ8max_poolILi16ELi32EEvRN3hls6streamI8ap_fixedILi8ELi4EL9ap_q_mode0EL9ap_o_mod_21 = load i5 %p_ZZ8max_poolILi16ELi32EEvRN3hls6streamI8ap_fixedILi8ELi4EL9ap_q_mode0EL9ap_o_mod_20" [vgg_accelerator.cpp:115]   --->   Operation 135 'load' 'p_ZZ8max_poolILi16ELi32EEvRN3hls6streamI8ap_fixedILi8ELi4EL9ap_q_mode0EL9ap_o_mod_21' <Predicate = (!icmp_ln101 & and_ln118)> <Delay = 0.79> <CoreInst = "RAM">   --->   Core 83 'RAM' <Latency = 1> <II = 1> <Delay = 0.79> <Storage> <Opcode : 'load' 'store'> <Ports = 2> <Width = 8> <Depth = 32> <RAM>
ST_1 : Operation 136 [1/1] (0.00ns)   --->   "%p_ZZ8max_poolILi16ELi32EEvRN3hls6streamI8ap_fixedILi8ELi4EL9ap_q_mode0EL9ap_o_mod_22 = getelementptr i8 %p_ZZ8max_poolILi16ELi32EEvRN3hls6streamI8ap_fixedILi8ELi4EL9ap_q_mode0EL9ap_o_mod_3, i64 0, i64 %zext_ln102" [vgg_accelerator.cpp:113]   --->   Operation 136 'getelementptr' 'p_ZZ8max_poolILi16ELi32EEvRN3hls6streamI8ap_fixedILi8ELi4EL9ap_q_mode0EL9ap_o_mod_22' <Predicate = (!icmp_ln101 & and_ln118)> <Delay = 0.00>
ST_1 : Operation 137 [2/2] (0.79ns)   --->   "%p_ZZ8max_poolILi16ELi32EEvRN3hls6streamI8ap_fixedILi8ELi4EL9ap_q_mode0EL9ap_o_mod_23 = load i5 %p_ZZ8max_poolILi16ELi32EEvRN3hls6streamI8ap_fixedILi8ELi4EL9ap_q_mode0EL9ap_o_mod_22" [vgg_accelerator.cpp:115]   --->   Operation 137 'load' 'p_ZZ8max_poolILi16ELi32EEvRN3hls6streamI8ap_fixedILi8ELi4EL9ap_q_mode0EL9ap_o_mod_23' <Predicate = (!icmp_ln101 & and_ln118)> <Delay = 0.79> <CoreInst = "RAM">   --->   Core 83 'RAM' <Latency = 1> <II = 1> <Delay = 0.79> <Storage> <Opcode : 'load' 'store'> <Ports = 2> <Width = 8> <Depth = 32> <RAM>
ST_1 : Operation 138 [1/1] (0.00ns)   --->   "%p_ZZ8max_poolILi16ELi32EEvRN3hls6streamI8ap_fixedILi8ELi4EL9ap_q_mode0EL9ap_o_mod_24 = getelementptr i8 %p_ZZ8max_poolILi16ELi32EEvRN3hls6streamI8ap_fixedILi8ELi4EL9ap_q_mode0EL9ap_o_mod_2, i64 0, i64 %zext_ln102" [vgg_accelerator.cpp:113]   --->   Operation 138 'getelementptr' 'p_ZZ8max_poolILi16ELi32EEvRN3hls6streamI8ap_fixedILi8ELi4EL9ap_q_mode0EL9ap_o_mod_24' <Predicate = (!icmp_ln101 & and_ln118)> <Delay = 0.00>
ST_1 : Operation 139 [2/2] (0.79ns)   --->   "%p_ZZ8max_poolILi16ELi32EEvRN3hls6streamI8ap_fixedILi8ELi4EL9ap_q_mode0EL9ap_o_mod_25 = load i5 %p_ZZ8max_poolILi16ELi32EEvRN3hls6streamI8ap_fixedILi8ELi4EL9ap_q_mode0EL9ap_o_mod_24" [vgg_accelerator.cpp:115]   --->   Operation 139 'load' 'p_ZZ8max_poolILi16ELi32EEvRN3hls6streamI8ap_fixedILi8ELi4EL9ap_q_mode0EL9ap_o_mod_25' <Predicate = (!icmp_ln101 & and_ln118)> <Delay = 0.79> <CoreInst = "RAM">   --->   Core 83 'RAM' <Latency = 1> <II = 1> <Delay = 0.79> <Storage> <Opcode : 'load' 'store'> <Ports = 2> <Width = 8> <Depth = 32> <RAM>
ST_1 : Operation 140 [1/1] (0.00ns)   --->   "%p_ZZ8max_poolILi16ELi32EEvRN3hls6streamI8ap_fixedILi8ELi4EL9ap_q_mode0EL9ap_o_mod_26 = getelementptr i8 %p_ZZ8max_poolILi16ELi32EEvRN3hls6streamI8ap_fixedILi8ELi4EL9ap_q_mode0EL9ap_o_mod_1, i64 0, i64 %zext_ln102" [vgg_accelerator.cpp:113]   --->   Operation 140 'getelementptr' 'p_ZZ8max_poolILi16ELi32EEvRN3hls6streamI8ap_fixedILi8ELi4EL9ap_q_mode0EL9ap_o_mod_26' <Predicate = (!icmp_ln101 & and_ln118)> <Delay = 0.00>
ST_1 : Operation 141 [2/2] (0.79ns)   --->   "%p_ZZ8max_poolILi16ELi32EEvRN3hls6streamI8ap_fixedILi8ELi4EL9ap_q_mode0EL9ap_o_mod_27 = load i5 %p_ZZ8max_poolILi16ELi32EEvRN3hls6streamI8ap_fixedILi8ELi4EL9ap_q_mode0EL9ap_o_mod_26" [vgg_accelerator.cpp:115]   --->   Operation 141 'load' 'p_ZZ8max_poolILi16ELi32EEvRN3hls6streamI8ap_fixedILi8ELi4EL9ap_q_mode0EL9ap_o_mod_27' <Predicate = (!icmp_ln101 & and_ln118)> <Delay = 0.79> <CoreInst = "RAM">   --->   Core 83 'RAM' <Latency = 1> <II = 1> <Delay = 0.79> <Storage> <Opcode : 'load' 'store'> <Ports = 2> <Width = 8> <Depth = 32> <RAM>
ST_1 : Operation 142 [1/1] (0.00ns)   --->   "%p_ZZ8max_poolILi16ELi32EEvRN3hls6streamI8ap_fixedILi8ELi4EL9ap_q_mode0EL9ap_o_mod_28 = getelementptr i8 %p_ZZ8max_poolILi16ELi32EEvRN3hls6streamI8ap_fixedILi8ELi4EL9ap_q_mode0EL9ap_o_mod, i64 0, i64 %zext_ln102" [vgg_accelerator.cpp:113]   --->   Operation 142 'getelementptr' 'p_ZZ8max_poolILi16ELi32EEvRN3hls6streamI8ap_fixedILi8ELi4EL9ap_q_mode0EL9ap_o_mod_28' <Predicate = (!icmp_ln101 & and_ln118)> <Delay = 0.00>
ST_1 : Operation 143 [1/1] (0.88ns)   --->   "%add_ln102 = add i6 %select_ln101, i6 1" [vgg_accelerator.cpp:102]   --->   Operation 143 'add' 'add_ln102' <Predicate = (!icmp_ln101)> <Delay = 0.88> <CoreInst = "Adder">   --->   Core 1 'Adder' <Latency = 0> <II = 1> <Delay = 0.88> <FuncUnit> <Opcode : 'add' 'sub'> <InPorts = 2> <OutPorts = 1>
ST_1 : Operation 144 [1/1] (0.48ns)   --->   "%store_ln102 = store i11 %add_ln101, i11 %indvar_flatten" [vgg_accelerator.cpp:102]   --->   Operation 144 'store' 'store_ln102' <Predicate = (!icmp_ln101)> <Delay = 0.48>
ST_1 : Operation 145 [1/1] (0.48ns)   --->   "%store_ln102 = store i6 %select_ln101_3, i6 %r" [vgg_accelerator.cpp:102]   --->   Operation 145 'store' 'store_ln102' <Predicate = (!icmp_ln101)> <Delay = 0.48>
ST_1 : Operation 146 [1/1] (0.48ns)   --->   "%store_ln102 = store i6 %add_ln102, i6 %c" [vgg_accelerator.cpp:102]   --->   Operation 146 'store' 'store_ln102' <Predicate = (!icmp_ln101)> <Delay = 0.48>

State 2 <SV = 1> <Delay = 5.47>
ST_2 : Operation 147 [1/1] (0.00ns)   --->   "%specloopname_ln0 = specloopname void @_ssdm_op_SpecLoopName, void @VITIS_LOOP_101_1_VITIS_LOOP_102_2_str"   --->   Operation 147 'specloopname' 'specloopname_ln0' <Predicate = (!icmp_ln101)> <Delay = 0.00>
ST_2 : Operation 148 [1/1] (0.00ns)   --->   "%empty = speclooptripcount i32 @_ssdm_op_SpecLoopTripCount, i64 1024, i64 1024, i64 1024"   --->   Operation 148 'speclooptripcount' 'empty' <Predicate = (!icmp_ln101)> <Delay = 0.00>
ST_2 : Operation 149 [1/1] (0.00ns)   --->   "%specpipeline_ln106 = specpipeline void @_ssdm_op_SpecPipeline, i32 2, i32 0, i32 0, i32 0, void @empty_4" [vgg_accelerator.cpp:106]   --->   Operation 149 'specpipeline' 'specpipeline_ln106' <Predicate = (!icmp_ln101)> <Delay = 0.00>
ST_2 : Operation 150 [1/1] (0.00ns)   --->   "%specloopname_ln102 = specloopname void @_ssdm_op_SpecLoopName, void @empty_10" [vgg_accelerator.cpp:102]   --->   Operation 150 'specloopname' 'specloopname_ln102' <Predicate = (!icmp_ln101)> <Delay = 0.00>
ST_2 : Operation 151 [1/1] (2.87ns)   --->   "%val_in_3 = read i8 @_ssdm_op_Read.ap_fifo.volatile.i8P0A, i8 %s_conv1" [vgg_accelerator.cpp:108]   --->   Operation 151 'read' 'val_in_3' <Predicate = (!icmp_ln101)> <Delay = 2.87> <CoreInst = "FIFO_SRL">   --->   Core 81 'FIFO_SRL' <Latency = 0> <II = 1> <Delay = 2.87> <Storage> <Opcode : 'read' 'write' 'nbread' 'nbwrite'> <Ports = 0> <Width = 8> <Depth = 128> <FIFO>
ST_2 : Operation 152 [1/2] (0.79ns)   --->   "%void_max_pool_stream_stream_ap_fixed_8_4_0_0_0_0_pool_buff_29_load = load i5 %void_max_pool_stream_stream_ap_fixed_8_4_0_0_0_0_pool_buff_29_addr" [vgg_accelerator.cpp:115]   --->   Operation 152 'load' 'void_max_pool_stream_stream_ap_fixed_8_4_0_0_0_0_pool_buff_29_load' <Predicate = (!icmp_ln101)> <Delay = 0.79> <CoreInst = "RAM">   --->   Core 83 'RAM' <Latency = 1> <II = 1> <Delay = 0.79> <Storage> <Opcode : 'load' 'store'> <Ports = 2> <Width = 8> <Depth = 32> <RAM>
ST_2 : Operation 153 [1/1] (0.79ns)   --->   "%store_ln114 = store i8 %val_in_3, i5 %void_max_pool_stream_stream_ap_fixed_8_4_0_0_0_0_pool_buff_29_addr" [vgg_accelerator.cpp:114]   --->   Operation 153 'store' 'store_ln114' <Predicate = (!icmp_ln101)> <Delay = 0.79> <CoreInst = "RAM">   --->   Core 83 'RAM' <Latency = 1> <II = 1> <Delay = 0.79> <Storage> <Opcode : 'load' 'store'> <Ports = 2> <Width = 8> <Depth = 32> <RAM>
ST_2 : Operation 154 [1/2] (0.79ns)   --->   "%void_max_pool_stream_stream_ap_fixed_8_4_0_0_0_0_pool_buff_28_load_1 = load i5 %void_max_pool_stream_stream_ap_fixed_8_4_0_0_0_0_pool_buff_28_addr_1" [vgg_accelerator.cpp:115]   --->   Operation 154 'load' 'void_max_pool_stream_stream_ap_fixed_8_4_0_0_0_0_pool_buff_28_load_1' <Predicate = (!icmp_ln101 & !and_ln118)> <Delay = 0.79> <CoreInst = "RAM">   --->   Core 83 'RAM' <Latency = 1> <II = 1> <Delay = 0.79> <Storage> <Opcode : 'load' 'store'> <Ports = 2> <Width = 8> <Depth = 32> <RAM>
ST_2 : Operation 155 [1/2] (0.79ns)   --->   "%void_max_pool_stream_stream_ap_fixed_8_4_0_0_0_0_pool_buff_27_load_1 = load i5 %void_max_pool_stream_stream_ap_fixed_8_4_0_0_0_0_pool_buff_27_addr_1" [vgg_accelerator.cpp:115]   --->   Operation 155 'load' 'void_max_pool_stream_stream_ap_fixed_8_4_0_0_0_0_pool_buff_27_load_1' <Predicate = (!icmp_ln101 & !and_ln118)> <Delay = 0.79> <CoreInst = "RAM">   --->   Core 83 'RAM' <Latency = 1> <II = 1> <Delay = 0.79> <Storage> <Opcode : 'load' 'store'> <Ports = 2> <Width = 8> <Depth = 32> <RAM>
ST_2 : Operation 156 [1/2] (0.79ns)   --->   "%void_max_pool_stream_stream_ap_fixed_8_4_0_0_0_0_pool_buff_26_load_1 = load i5 %void_max_pool_stream_stream_ap_fixed_8_4_0_0_0_0_pool_buff_26_addr_1" [vgg_accelerator.cpp:115]   --->   Operation 156 'load' 'void_max_pool_stream_stream_ap_fixed_8_4_0_0_0_0_pool_buff_26_load_1' <Predicate = (!icmp_ln101 & !and_ln118)> <Delay = 0.79> <CoreInst = "RAM">   --->   Core 83 'RAM' <Latency = 1> <II = 1> <Delay = 0.79> <Storage> <Opcode : 'load' 'store'> <Ports = 2> <Width = 8> <Depth = 32> <RAM>
ST_2 : Operation 157 [1/2] (0.79ns)   --->   "%void_max_pool_stream_stream_ap_fixed_8_4_0_0_0_0_pool_buff_25_load_1 = load i5 %void_max_pool_stream_stream_ap_fixed_8_4_0_0_0_0_pool_buff_25_addr_1" [vgg_accelerator.cpp:115]   --->   Operation 157 'load' 'void_max_pool_stream_stream_ap_fixed_8_4_0_0_0_0_pool_buff_25_load_1' <Predicate = (!icmp_ln101 & !and_ln118)> <Delay = 0.79> <CoreInst = "RAM">   --->   Core 83 'RAM' <Latency = 1> <II = 1> <Delay = 0.79> <Storage> <Opcode : 'load' 'store'> <Ports = 2> <Width = 8> <Depth = 32> <RAM>
ST_2 : Operation 158 [1/2] (0.79ns)   --->   "%void_max_pool_stream_stream_ap_fixed_8_4_0_0_0_0_pool_buff_24_load_1 = load i5 %void_max_pool_stream_stream_ap_fixed_8_4_0_0_0_0_pool_buff_24_addr_1" [vgg_accelerator.cpp:115]   --->   Operation 158 'load' 'void_max_pool_stream_stream_ap_fixed_8_4_0_0_0_0_pool_buff_24_load_1' <Predicate = (!icmp_ln101 & !and_ln118)> <Delay = 0.79> <CoreInst = "RAM">   --->   Core 83 'RAM' <Latency = 1> <II = 1> <Delay = 0.79> <Storage> <Opcode : 'load' 'store'> <Ports = 2> <Width = 8> <Depth = 32> <RAM>
ST_2 : Operation 159 [1/2] (0.79ns)   --->   "%void_max_pool_stream_stream_ap_fixed_8_4_0_0_0_0_pool_buff_23_load_1 = load i5 %void_max_pool_stream_stream_ap_fixed_8_4_0_0_0_0_pool_buff_23_addr_1" [vgg_accelerator.cpp:115]   --->   Operation 159 'load' 'void_max_pool_stream_stream_ap_fixed_8_4_0_0_0_0_pool_buff_23_load_1' <Predicate = (!icmp_ln101 & !and_ln118)> <Delay = 0.79> <CoreInst = "RAM">   --->   Core 83 'RAM' <Latency = 1> <II = 1> <Delay = 0.79> <Storage> <Opcode : 'load' 'store'> <Ports = 2> <Width = 8> <Depth = 32> <RAM>
ST_2 : Operation 160 [1/2] (0.79ns)   --->   "%void_max_pool_stream_stream_ap_fixed_8_4_0_0_0_0_pool_buff_22_load_1 = load i5 %void_max_pool_stream_stream_ap_fixed_8_4_0_0_0_0_pool_buff_22_addr_1" [vgg_accelerator.cpp:115]   --->   Operation 160 'load' 'void_max_pool_stream_stream_ap_fixed_8_4_0_0_0_0_pool_buff_22_load_1' <Predicate = (!icmp_ln101 & !and_ln118)> <Delay = 0.79> <CoreInst = "RAM">   --->   Core 83 'RAM' <Latency = 1> <II = 1> <Delay = 0.79> <Storage> <Opcode : 'load' 'store'> <Ports = 2> <Width = 8> <Depth = 32> <RAM>
ST_2 : Operation 161 [1/2] (0.79ns)   --->   "%void_max_pool_stream_stream_ap_fixed_8_4_0_0_0_0_pool_buff_21_load_1 = load i5 %void_max_pool_stream_stream_ap_fixed_8_4_0_0_0_0_pool_buff_21_addr_1" [vgg_accelerator.cpp:115]   --->   Operation 161 'load' 'void_max_pool_stream_stream_ap_fixed_8_4_0_0_0_0_pool_buff_21_load_1' <Predicate = (!icmp_ln101 & !and_ln118)> <Delay = 0.79> <CoreInst = "RAM">   --->   Core 83 'RAM' <Latency = 1> <II = 1> <Delay = 0.79> <Storage> <Opcode : 'load' 'store'> <Ports = 2> <Width = 8> <Depth = 32> <RAM>
ST_2 : Operation 162 [1/2] (0.79ns)   --->   "%void_max_pool_stream_stream_ap_fixed_8_4_0_0_0_0_pool_buff_20_load_1 = load i5 %void_max_pool_stream_stream_ap_fixed_8_4_0_0_0_0_pool_buff_20_addr_1" [vgg_accelerator.cpp:115]   --->   Operation 162 'load' 'void_max_pool_stream_stream_ap_fixed_8_4_0_0_0_0_pool_buff_20_load_1' <Predicate = (!icmp_ln101 & !and_ln118)> <Delay = 0.79> <CoreInst = "RAM">   --->   Core 83 'RAM' <Latency = 1> <II = 1> <Delay = 0.79> <Storage> <Opcode : 'load' 'store'> <Ports = 2> <Width = 8> <Depth = 32> <RAM>
ST_2 : Operation 163 [1/2] (0.79ns)   --->   "%p_ZZ8max_poolILi16ELi32EEvRN3hls6streamI8ap_fixedILi8ELi4EL9ap_q_mode0EL9ap_o_mod_7 = load i5 %p_ZZ8max_poolILi16ELi32EEvRN3hls6streamI8ap_fixedILi8ELi4EL9ap_q_mode0EL9ap_o_mod_6" [vgg_accelerator.cpp:115]   --->   Operation 163 'load' 'p_ZZ8max_poolILi16ELi32EEvRN3hls6streamI8ap_fixedILi8ELi4EL9ap_q_mode0EL9ap_o_mod_7' <Predicate = (!icmp_ln101 & !and_ln118)> <Delay = 0.79> <CoreInst = "RAM">   --->   Core 83 'RAM' <Latency = 1> <II = 1> <Delay = 0.79> <Storage> <Opcode : 'load' 'store'> <Ports = 2> <Width = 8> <Depth = 32> <RAM>
ST_2 : Operation 164 [1/2] (0.79ns)   --->   "%p_ZZ8max_poolILi16ELi32EEvRN3hls6streamI8ap_fixedILi8ELi4EL9ap_q_mode0EL9ap_o_mod_9 = load i5 %p_ZZ8max_poolILi16ELi32EEvRN3hls6streamI8ap_fixedILi8ELi4EL9ap_q_mode0EL9ap_o_mod_8" [vgg_accelerator.cpp:115]   --->   Operation 164 'load' 'p_ZZ8max_poolILi16ELi32EEvRN3hls6streamI8ap_fixedILi8ELi4EL9ap_q_mode0EL9ap_o_mod_9' <Predicate = (!icmp_ln101 & !and_ln118)> <Delay = 0.79> <CoreInst = "RAM">   --->   Core 83 'RAM' <Latency = 1> <II = 1> <Delay = 0.79> <Storage> <Opcode : 'load' 'store'> <Ports = 2> <Width = 8> <Depth = 32> <RAM>
ST_2 : Operation 165 [1/2] (0.79ns)   --->   "%p_ZZ8max_poolILi16ELi32EEvRN3hls6streamI8ap_fixedILi8ELi4EL9ap_q_mode0EL9ap_o_mod_11 = load i5 %p_ZZ8max_poolILi16ELi32EEvRN3hls6streamI8ap_fixedILi8ELi4EL9ap_q_mode0EL9ap_o_mod_10" [vgg_accelerator.cpp:115]   --->   Operation 165 'load' 'p_ZZ8max_poolILi16ELi32EEvRN3hls6streamI8ap_fixedILi8ELi4EL9ap_q_mode0EL9ap_o_mod_11' <Predicate = (!icmp_ln101 & !and_ln118)> <Delay = 0.79> <CoreInst = "RAM">   --->   Core 83 'RAM' <Latency = 1> <II = 1> <Delay = 0.79> <Storage> <Opcode : 'load' 'store'> <Ports = 2> <Width = 8> <Depth = 32> <RAM>
ST_2 : Operation 166 [1/2] (0.79ns)   --->   "%p_ZZ8max_poolILi16ELi32EEvRN3hls6streamI8ap_fixedILi8ELi4EL9ap_q_mode0EL9ap_o_mod_13 = load i5 %p_ZZ8max_poolILi16ELi32EEvRN3hls6streamI8ap_fixedILi8ELi4EL9ap_q_mode0EL9ap_o_mod_12" [vgg_accelerator.cpp:115]   --->   Operation 166 'load' 'p_ZZ8max_poolILi16ELi32EEvRN3hls6streamI8ap_fixedILi8ELi4EL9ap_q_mode0EL9ap_o_mod_13' <Predicate = (!icmp_ln101 & !and_ln118)> <Delay = 0.79> <CoreInst = "RAM">   --->   Core 83 'RAM' <Latency = 1> <II = 1> <Delay = 0.79> <Storage> <Opcode : 'load' 'store'> <Ports = 2> <Width = 8> <Depth = 32> <RAM>
ST_2 : Operation 167 [1/2] (0.79ns)   --->   "%p_ZZ8max_poolILi16ELi32EEvRN3hls6streamI8ap_fixedILi8ELi4EL9ap_q_mode0EL9ap_o_mod_15 = load i5 %p_ZZ8max_poolILi16ELi32EEvRN3hls6streamI8ap_fixedILi8ELi4EL9ap_q_mode0EL9ap_o_mod_14" [vgg_accelerator.cpp:115]   --->   Operation 167 'load' 'p_ZZ8max_poolILi16ELi32EEvRN3hls6streamI8ap_fixedILi8ELi4EL9ap_q_mode0EL9ap_o_mod_15' <Predicate = (!icmp_ln101 & !and_ln118)> <Delay = 0.79> <CoreInst = "RAM">   --->   Core 83 'RAM' <Latency = 1> <II = 1> <Delay = 0.79> <Storage> <Opcode : 'load' 'store'> <Ports = 2> <Width = 8> <Depth = 32> <RAM>
ST_2 : Operation 168 [1/1] (0.00ns)   --->   "%p_0_0_033150_i_load = load i8 %p_0_0_033150_i" [vgg_accelerator.cpp:12->vgg_accelerator.cpp:119]   --->   Operation 168 'load' 'p_0_0_033150_i_load' <Predicate = (!icmp_ln101 & and_ln118)> <Delay = 0.00>
ST_2 : Operation 169 [1/1] (0.00ns)   --->   "%val_in_load = load i8 %val_in" [vgg_accelerator.cpp:12->vgg_accelerator.cpp:120]   --->   Operation 169 'load' 'val_in_load' <Predicate = (!icmp_ln101 & and_ln118)> <Delay = 0.00>
ST_2 : Operation 170 [1/1] (0.85ns)   --->   "%icmp_ln1649 = icmp_sgt  i8 %p_0_0_033150_i_load, i8 %void_max_pool_stream_stream_ap_fixed_8_4_0_0_0_0_pool_buff_29_load"   --->   Operation 170 'icmp' 'icmp_ln1649' <Predicate = (!icmp_ln101 & and_ln118)> <Delay = 0.85> <CoreInst = "Cmp">   --->   Core 9 'Cmp' <Latency = 0> <II = 1> <Delay = 0.85> <FuncUnit> <Opcode : 'icmp'> <InPorts = 2> <OutPorts = 1>
ST_2 : Operation 171 [1/1] (0.44ns)   --->   "%max_0_V = select i1 %icmp_ln1649, i8 %p_0_0_033150_i_load, i8 %void_max_pool_stream_stream_ap_fixed_8_4_0_0_0_0_pool_buff_29_load" [vgg_accelerator.cpp:12->vgg_accelerator.cpp:119]   --->   Operation 171 'select' 'max_0_V' <Predicate = (!icmp_ln101 & and_ln118)> <Delay = 0.44> <CoreInst = "Sel">   --->   Core 73 'Sel' <Latency = 0> <II = 1> <Delay = 0.44> <FuncUnit> <Opcode : 'select'> <InPorts = 3> <OutPorts = 1>
ST_2 : Operation 172 [1/1] (0.85ns)   --->   "%icmp_ln1649_1 = icmp_sgt  i8 %val_in_load, i8 %val_in_3"   --->   Operation 172 'icmp' 'icmp_ln1649_1' <Predicate = (!icmp_ln101 & and_ln118)> <Delay = 0.85> <CoreInst = "Cmp">   --->   Core 9 'Cmp' <Latency = 0> <II = 1> <Delay = 0.85> <FuncUnit> <Opcode : 'icmp'> <InPorts = 2> <OutPorts = 1>
ST_2 : Operation 173 [1/1] (0.44ns)   --->   "%max_1_V = select i1 %icmp_ln1649_1, i8 %val_in_load, i8 %val_in_3" [vgg_accelerator.cpp:12->vgg_accelerator.cpp:120]   --->   Operation 173 'select' 'max_1_V' <Predicate = (!icmp_ln101 & and_ln118)> <Delay = 0.44> <CoreInst = "Sel">   --->   Core 73 'Sel' <Latency = 0> <II = 1> <Delay = 0.44> <FuncUnit> <Opcode : 'select'> <InPorts = 3> <OutPorts = 1>
ST_2 : Operation 174 [1/1] (0.85ns)   --->   "%icmp_ln1649_2 = icmp_sgt  i8 %max_0_V, i8 %max_1_V"   --->   Operation 174 'icmp' 'icmp_ln1649_2' <Predicate = (!icmp_ln101 & and_ln118)> <Delay = 0.85> <CoreInst = "Cmp">   --->   Core 9 'Cmp' <Latency = 0> <II = 1> <Delay = 0.85> <FuncUnit> <Opcode : 'icmp'> <InPorts = 2> <OutPorts = 1>
ST_2 : Operation 175 [1/1] (0.44ns)   --->   "%select_ln12 = select i1 %icmp_ln1649_2, i8 %max_0_V, i8 %max_1_V" [vgg_accelerator.cpp:12->vgg_accelerator.cpp:121]   --->   Operation 175 'select' 'select_ln12' <Predicate = (!icmp_ln101 & and_ln118)> <Delay = 0.44> <CoreInst = "Sel">   --->   Core 73 'Sel' <Latency = 0> <II = 1> <Delay = 0.44> <FuncUnit> <Opcode : 'select'> <InPorts = 3> <OutPorts = 1>
ST_2 : Operation 176 [1/2] (0.79ns)   --->   "%void_max_pool_stream_stream_ap_fixed_8_4_0_0_0_0_pool_buff_28_load = load i5 %void_max_pool_stream_stream_ap_fixed_8_4_0_0_0_0_pool_buff_28_addr" [vgg_accelerator.cpp:115]   --->   Operation 176 'load' 'void_max_pool_stream_stream_ap_fixed_8_4_0_0_0_0_pool_buff_28_load' <Predicate = (!icmp_ln101 & and_ln118)> <Delay = 0.79> <CoreInst = "RAM">   --->   Core 83 'RAM' <Latency = 1> <II = 1> <Delay = 0.79> <Storage> <Opcode : 'load' 'store'> <Ports = 2> <Width = 8> <Depth = 32> <RAM>
ST_2 : Operation 177 [1/2] (0.79ns)   --->   "%void_max_pool_stream_stream_ap_fixed_8_4_0_0_0_0_pool_buff_27_load = load i5 %void_max_pool_stream_stream_ap_fixed_8_4_0_0_0_0_pool_buff_27_addr" [vgg_accelerator.cpp:115]   --->   Operation 177 'load' 'void_max_pool_stream_stream_ap_fixed_8_4_0_0_0_0_pool_buff_27_load' <Predicate = (!icmp_ln101 & and_ln118)> <Delay = 0.79> <CoreInst = "RAM">   --->   Core 83 'RAM' <Latency = 1> <II = 1> <Delay = 0.79> <Storage> <Opcode : 'load' 'store'> <Ports = 2> <Width = 8> <Depth = 32> <RAM>
ST_2 : Operation 178 [1/2] (0.79ns)   --->   "%void_max_pool_stream_stream_ap_fixed_8_4_0_0_0_0_pool_buff_26_load = load i5 %void_max_pool_stream_stream_ap_fixed_8_4_0_0_0_0_pool_buff_26_addr" [vgg_accelerator.cpp:115]   --->   Operation 178 'load' 'void_max_pool_stream_stream_ap_fixed_8_4_0_0_0_0_pool_buff_26_load' <Predicate = (!icmp_ln101 & and_ln118)> <Delay = 0.79> <CoreInst = "RAM">   --->   Core 83 'RAM' <Latency = 1> <II = 1> <Delay = 0.79> <Storage> <Opcode : 'load' 'store'> <Ports = 2> <Width = 8> <Depth = 32> <RAM>
ST_2 : Operation 179 [1/2] (0.79ns)   --->   "%void_max_pool_stream_stream_ap_fixed_8_4_0_0_0_0_pool_buff_25_load = load i5 %void_max_pool_stream_stream_ap_fixed_8_4_0_0_0_0_pool_buff_25_addr" [vgg_accelerator.cpp:115]   --->   Operation 179 'load' 'void_max_pool_stream_stream_ap_fixed_8_4_0_0_0_0_pool_buff_25_load' <Predicate = (!icmp_ln101 & and_ln118)> <Delay = 0.79> <CoreInst = "RAM">   --->   Core 83 'RAM' <Latency = 1> <II = 1> <Delay = 0.79> <Storage> <Opcode : 'load' 'store'> <Ports = 2> <Width = 8> <Depth = 32> <RAM>
ST_2 : Operation 180 [1/2] (0.79ns)   --->   "%void_max_pool_stream_stream_ap_fixed_8_4_0_0_0_0_pool_buff_24_load = load i5 %void_max_pool_stream_stream_ap_fixed_8_4_0_0_0_0_pool_buff_24_addr" [vgg_accelerator.cpp:115]   --->   Operation 180 'load' 'void_max_pool_stream_stream_ap_fixed_8_4_0_0_0_0_pool_buff_24_load' <Predicate = (!icmp_ln101 & and_ln118)> <Delay = 0.79> <CoreInst = "RAM">   --->   Core 83 'RAM' <Latency = 1> <II = 1> <Delay = 0.79> <Storage> <Opcode : 'load' 'store'> <Ports = 2> <Width = 8> <Depth = 32> <RAM>
ST_2 : Operation 181 [1/2] (0.79ns)   --->   "%void_max_pool_stream_stream_ap_fixed_8_4_0_0_0_0_pool_buff_23_load = load i5 %void_max_pool_stream_stream_ap_fixed_8_4_0_0_0_0_pool_buff_23_addr" [vgg_accelerator.cpp:115]   --->   Operation 181 'load' 'void_max_pool_stream_stream_ap_fixed_8_4_0_0_0_0_pool_buff_23_load' <Predicate = (!icmp_ln101 & and_ln118)> <Delay = 0.79> <CoreInst = "RAM">   --->   Core 83 'RAM' <Latency = 1> <II = 1> <Delay = 0.79> <Storage> <Opcode : 'load' 'store'> <Ports = 2> <Width = 8> <Depth = 32> <RAM>
ST_2 : Operation 182 [1/2] (0.79ns)   --->   "%void_max_pool_stream_stream_ap_fixed_8_4_0_0_0_0_pool_buff_22_load = load i5 %void_max_pool_stream_stream_ap_fixed_8_4_0_0_0_0_pool_buff_22_addr" [vgg_accelerator.cpp:115]   --->   Operation 182 'load' 'void_max_pool_stream_stream_ap_fixed_8_4_0_0_0_0_pool_buff_22_load' <Predicate = (!icmp_ln101 & and_ln118)> <Delay = 0.79> <CoreInst = "RAM">   --->   Core 83 'RAM' <Latency = 1> <II = 1> <Delay = 0.79> <Storage> <Opcode : 'load' 'store'> <Ports = 2> <Width = 8> <Depth = 32> <RAM>
ST_2 : Operation 183 [1/2] (0.79ns)   --->   "%void_max_pool_stream_stream_ap_fixed_8_4_0_0_0_0_pool_buff_21_load = load i5 %void_max_pool_stream_stream_ap_fixed_8_4_0_0_0_0_pool_buff_21_addr" [vgg_accelerator.cpp:115]   --->   Operation 183 'load' 'void_max_pool_stream_stream_ap_fixed_8_4_0_0_0_0_pool_buff_21_load' <Predicate = (!icmp_ln101 & and_ln118)> <Delay = 0.79> <CoreInst = "RAM">   --->   Core 83 'RAM' <Latency = 1> <II = 1> <Delay = 0.79> <Storage> <Opcode : 'load' 'store'> <Ports = 2> <Width = 8> <Depth = 32> <RAM>
ST_2 : Operation 184 [1/2] (0.79ns)   --->   "%void_max_pool_stream_stream_ap_fixed_8_4_0_0_0_0_pool_buff_20_load = load i5 %void_max_pool_stream_stream_ap_fixed_8_4_0_0_0_0_pool_buff_20_addr" [vgg_accelerator.cpp:115]   --->   Operation 184 'load' 'void_max_pool_stream_stream_ap_fixed_8_4_0_0_0_0_pool_buff_20_load' <Predicate = (!icmp_ln101 & and_ln118)> <Delay = 0.79> <CoreInst = "RAM">   --->   Core 83 'RAM' <Latency = 1> <II = 1> <Delay = 0.79> <Storage> <Opcode : 'load' 'store'> <Ports = 2> <Width = 8> <Depth = 32> <RAM>
ST_2 : Operation 185 [1/2] (0.79ns)   --->   "%p_ZZ8max_poolILi16ELi32EEvRN3hls6streamI8ap_fixedILi8ELi4EL9ap_q_mode0EL9ap_o_mod_19 = load i5 %p_ZZ8max_poolILi16ELi32EEvRN3hls6streamI8ap_fixedILi8ELi4EL9ap_q_mode0EL9ap_o_mod_18" [vgg_accelerator.cpp:115]   --->   Operation 185 'load' 'p_ZZ8max_poolILi16ELi32EEvRN3hls6streamI8ap_fixedILi8ELi4EL9ap_q_mode0EL9ap_o_mod_19' <Predicate = (!icmp_ln101 & and_ln118)> <Delay = 0.79> <CoreInst = "RAM">   --->   Core 83 'RAM' <Latency = 1> <II = 1> <Delay = 0.79> <Storage> <Opcode : 'load' 'store'> <Ports = 2> <Width = 8> <Depth = 32> <RAM>
ST_2 : Operation 186 [1/2] (0.79ns)   --->   "%p_ZZ8max_poolILi16ELi32EEvRN3hls6streamI8ap_fixedILi8ELi4EL9ap_q_mode0EL9ap_o_mod_21 = load i5 %p_ZZ8max_poolILi16ELi32EEvRN3hls6streamI8ap_fixedILi8ELi4EL9ap_q_mode0EL9ap_o_mod_20" [vgg_accelerator.cpp:115]   --->   Operation 186 'load' 'p_ZZ8max_poolILi16ELi32EEvRN3hls6streamI8ap_fixedILi8ELi4EL9ap_q_mode0EL9ap_o_mod_21' <Predicate = (!icmp_ln101 & and_ln118)> <Delay = 0.79> <CoreInst = "RAM">   --->   Core 83 'RAM' <Latency = 1> <II = 1> <Delay = 0.79> <Storage> <Opcode : 'load' 'store'> <Ports = 2> <Width = 8> <Depth = 32> <RAM>
ST_2 : Operation 187 [1/2] (0.79ns)   --->   "%p_ZZ8max_poolILi16ELi32EEvRN3hls6streamI8ap_fixedILi8ELi4EL9ap_q_mode0EL9ap_o_mod_23 = load i5 %p_ZZ8max_poolILi16ELi32EEvRN3hls6streamI8ap_fixedILi8ELi4EL9ap_q_mode0EL9ap_o_mod_22" [vgg_accelerator.cpp:115]   --->   Operation 187 'load' 'p_ZZ8max_poolILi16ELi32EEvRN3hls6streamI8ap_fixedILi8ELi4EL9ap_q_mode0EL9ap_o_mod_23' <Predicate = (!icmp_ln101 & and_ln118)> <Delay = 0.79> <CoreInst = "RAM">   --->   Core 83 'RAM' <Latency = 1> <II = 1> <Delay = 0.79> <Storage> <Opcode : 'load' 'store'> <Ports = 2> <Width = 8> <Depth = 32> <RAM>
ST_2 : Operation 188 [1/2] (0.79ns)   --->   "%p_ZZ8max_poolILi16ELi32EEvRN3hls6streamI8ap_fixedILi8ELi4EL9ap_q_mode0EL9ap_o_mod_25 = load i5 %p_ZZ8max_poolILi16ELi32EEvRN3hls6streamI8ap_fixedILi8ELi4EL9ap_q_mode0EL9ap_o_mod_24" [vgg_accelerator.cpp:115]   --->   Operation 188 'load' 'p_ZZ8max_poolILi16ELi32EEvRN3hls6streamI8ap_fixedILi8ELi4EL9ap_q_mode0EL9ap_o_mod_25' <Predicate = (!icmp_ln101 & and_ln118)> <Delay = 0.79> <CoreInst = "RAM">   --->   Core 83 'RAM' <Latency = 1> <II = 1> <Delay = 0.79> <Storage> <Opcode : 'load' 'store'> <Ports = 2> <Width = 8> <Depth = 32> <RAM>
ST_2 : Operation 189 [1/2] (0.79ns)   --->   "%p_ZZ8max_poolILi16ELi32EEvRN3hls6streamI8ap_fixedILi8ELi4EL9ap_q_mode0EL9ap_o_mod_27 = load i5 %p_ZZ8max_poolILi16ELi32EEvRN3hls6streamI8ap_fixedILi8ELi4EL9ap_q_mode0EL9ap_o_mod_26" [vgg_accelerator.cpp:115]   --->   Operation 189 'load' 'p_ZZ8max_poolILi16ELi32EEvRN3hls6streamI8ap_fixedILi8ELi4EL9ap_q_mode0EL9ap_o_mod_27' <Predicate = (!icmp_ln101 & and_ln118)> <Delay = 0.79> <CoreInst = "RAM">   --->   Core 83 'RAM' <Latency = 1> <II = 1> <Delay = 0.79> <Storage> <Opcode : 'load' 'store'> <Ports = 2> <Width = 8> <Depth = 32> <RAM>
ST_2 : Operation 190 [1/1] (0.00ns)   --->   "%store_ln102 = store i8 %val_in_3, i8 %val_in" [vgg_accelerator.cpp:102]   --->   Operation 190 'store' 'store_ln102' <Predicate = (!icmp_ln101)> <Delay = 0.00>
ST_2 : Operation 191 [1/1] (0.00ns)   --->   "%store_ln102 = store i8 %void_max_pool_stream_stream_ap_fixed_8_4_0_0_0_0_pool_buff_29_load, i8 %p_0_0_033150_i" [vgg_accelerator.cpp:102]   --->   Operation 191 'store' 'store_ln102' <Predicate = (!icmp_ln101)> <Delay = 0.00>
ST_2 : Operation 455 [1/1] (0.00ns)   --->   "%ret_ln0 = ret"   --->   Operation 455 'ret' 'ret_ln0' <Predicate = (icmp_ln101)> <Delay = 0.00>

State 3 <SV = 2> <Delay = 3.66>
ST_3 : Operation 192 [1/1] (2.87ns)   --->   "%s_conv1_read_15 = read i8 @_ssdm_op_Read.ap_fifo.volatile.i8P0A, i8 %s_conv1" [vgg_accelerator.cpp:108]   --->   Operation 192 'read' 's_conv1_read_15' <Predicate = (!icmp_ln101 & !and_ln118)> <Delay = 2.87> <CoreInst = "FIFO_SRL">   --->   Core 81 'FIFO_SRL' <Latency = 0> <II = 1> <Delay = 2.87> <Storage> <Opcode : 'read' 'write' 'nbread' 'nbwrite'> <Ports = 0> <Width = 8> <Depth = 128> <FIFO>
ST_3 : Operation 193 [1/1] (0.79ns)   --->   "%store_ln114 = store i8 %s_conv1_read_15, i5 %void_max_pool_stream_stream_ap_fixed_8_4_0_0_0_0_pool_buff_28_addr_1" [vgg_accelerator.cpp:114]   --->   Operation 193 'store' 'store_ln114' <Predicate = (!icmp_ln101 & !and_ln118)> <Delay = 0.79> <CoreInst = "RAM">   --->   Core 83 'RAM' <Latency = 1> <II = 1> <Delay = 0.79> <Storage> <Opcode : 'load' 'store'> <Ports = 2> <Width = 8> <Depth = 32> <RAM>
ST_3 : Operation 194 [1/1] (2.87ns)   --->   "%write_ln121 = write void @_ssdm_op_Write.ap_fifo.volatile.i8P0A, i8 %s_pool1, i8 %select_ln12" [vgg_accelerator.cpp:121]   --->   Operation 194 'write' 'write_ln121' <Predicate = (!icmp_ln101 & and_ln118)> <Delay = 2.87> <CoreInst = "FIFO_SRL">   --->   Core 81 'FIFO_SRL' <Latency = 0> <II = 1> <Delay = 2.87> <Storage> <Opcode : 'read' 'write' 'nbread' 'nbwrite'> <Ports = 0> <Width = 8> <Depth = 128> <FIFO>
ST_3 : Operation 195 [1/1] (2.87ns)   --->   "%s_conv1_read = read i8 @_ssdm_op_Read.ap_fifo.volatile.i8P0A, i8 %s_conv1" [vgg_accelerator.cpp:108]   --->   Operation 195 'read' 's_conv1_read' <Predicate = (!icmp_ln101 & and_ln118)> <Delay = 2.87> <CoreInst = "FIFO_SRL">   --->   Core 81 'FIFO_SRL' <Latency = 0> <II = 1> <Delay = 2.87> <Storage> <Opcode : 'read' 'write' 'nbread' 'nbwrite'> <Ports = 0> <Width = 8> <Depth = 128> <FIFO>
ST_3 : Operation 196 [1/1] (0.79ns)   --->   "%store_ln114 = store i8 %s_conv1_read, i5 %void_max_pool_stream_stream_ap_fixed_8_4_0_0_0_0_pool_buff_28_addr" [vgg_accelerator.cpp:114]   --->   Operation 196 'store' 'store_ln114' <Predicate = (!icmp_ln101 & and_ln118)> <Delay = 0.79> <CoreInst = "RAM">   --->   Core 83 'RAM' <Latency = 1> <II = 1> <Delay = 0.79> <Storage> <Opcode : 'load' 'store'> <Ports = 2> <Width = 8> <Depth = 32> <RAM>

State 4 <SV = 3> <Delay = 5.47>
ST_4 : Operation 197 [1/1] (2.87ns)   --->   "%s_conv1_read_16 = read i8 @_ssdm_op_Read.ap_fifo.volatile.i8P0A, i8 %s_conv1" [vgg_accelerator.cpp:108]   --->   Operation 197 'read' 's_conv1_read_16' <Predicate = (!icmp_ln101 & !and_ln118)> <Delay = 2.87> <CoreInst = "FIFO_SRL">   --->   Core 81 'FIFO_SRL' <Latency = 0> <II = 1> <Delay = 2.87> <Storage> <Opcode : 'read' 'write' 'nbread' 'nbwrite'> <Ports = 0> <Width = 8> <Depth = 128> <FIFO>
ST_4 : Operation 198 [1/1] (0.79ns)   --->   "%store_ln114 = store i8 %s_conv1_read_16, i5 %void_max_pool_stream_stream_ap_fixed_8_4_0_0_0_0_pool_buff_27_addr_1" [vgg_accelerator.cpp:114]   --->   Operation 198 'store' 'store_ln114' <Predicate = (!icmp_ln101 & !and_ln118)> <Delay = 0.79> <CoreInst = "RAM">   --->   Core 83 'RAM' <Latency = 1> <II = 1> <Delay = 0.79> <Storage> <Opcode : 'load' 'store'> <Ports = 2> <Width = 8> <Depth = 32> <RAM>
ST_4 : Operation 199 [1/1] (0.00ns)   --->   "%p_0_0_033_1152_i_load = load i8 %p_0_0_033_1152_i" [vgg_accelerator.cpp:12->vgg_accelerator.cpp:119]   --->   Operation 199 'load' 'p_0_0_033_1152_i_load' <Predicate = (!icmp_ln101 & and_ln118)> <Delay = 0.00>
ST_4 : Operation 200 [1/1] (0.00ns)   --->   "%p_0_0_032_1153_i_load = load i8 %p_0_0_032_1153_i" [vgg_accelerator.cpp:12->vgg_accelerator.cpp:120]   --->   Operation 200 'load' 'p_0_0_032_1153_i_load' <Predicate = (!icmp_ln101 & and_ln118)> <Delay = 0.00>
ST_4 : Operation 201 [1/1] (0.85ns)   --->   "%icmp_ln1649_3 = icmp_sgt  i8 %p_0_0_033_1152_i_load, i8 %void_max_pool_stream_stream_ap_fixed_8_4_0_0_0_0_pool_buff_28_load"   --->   Operation 201 'icmp' 'icmp_ln1649_3' <Predicate = (!icmp_ln101 & and_ln118)> <Delay = 0.85> <CoreInst = "Cmp">   --->   Core 9 'Cmp' <Latency = 0> <II = 1> <Delay = 0.85> <FuncUnit> <Opcode : 'icmp'> <InPorts = 2> <OutPorts = 1>
ST_4 : Operation 202 [1/1] (0.44ns)   --->   "%max_0_V_95 = select i1 %icmp_ln1649_3, i8 %p_0_0_033_1152_i_load, i8 %void_max_pool_stream_stream_ap_fixed_8_4_0_0_0_0_pool_buff_28_load" [vgg_accelerator.cpp:12->vgg_accelerator.cpp:119]   --->   Operation 202 'select' 'max_0_V_95' <Predicate = (!icmp_ln101 & and_ln118)> <Delay = 0.44> <CoreInst = "Sel">   --->   Core 73 'Sel' <Latency = 0> <II = 1> <Delay = 0.44> <FuncUnit> <Opcode : 'select'> <InPorts = 3> <OutPorts = 1>
ST_4 : Operation 203 [1/1] (0.85ns)   --->   "%icmp_ln1649_4 = icmp_sgt  i8 %p_0_0_032_1153_i_load, i8 %s_conv1_read"   --->   Operation 203 'icmp' 'icmp_ln1649_4' <Predicate = (!icmp_ln101 & and_ln118)> <Delay = 0.85> <CoreInst = "Cmp">   --->   Core 9 'Cmp' <Latency = 0> <II = 1> <Delay = 0.85> <FuncUnit> <Opcode : 'icmp'> <InPorts = 2> <OutPorts = 1>
ST_4 : Operation 204 [1/1] (0.44ns)   --->   "%max_1_V_95 = select i1 %icmp_ln1649_4, i8 %p_0_0_032_1153_i_load, i8 %s_conv1_read" [vgg_accelerator.cpp:12->vgg_accelerator.cpp:120]   --->   Operation 204 'select' 'max_1_V_95' <Predicate = (!icmp_ln101 & and_ln118)> <Delay = 0.44> <CoreInst = "Sel">   --->   Core 73 'Sel' <Latency = 0> <II = 1> <Delay = 0.44> <FuncUnit> <Opcode : 'select'> <InPorts = 3> <OutPorts = 1>
ST_4 : Operation 205 [1/1] (0.85ns)   --->   "%icmp_ln1649_5 = icmp_sgt  i8 %max_0_V_95, i8 %max_1_V_95"   --->   Operation 205 'icmp' 'icmp_ln1649_5' <Predicate = (!icmp_ln101 & and_ln118)> <Delay = 0.85> <CoreInst = "Cmp">   --->   Core 9 'Cmp' <Latency = 0> <II = 1> <Delay = 0.85> <FuncUnit> <Opcode : 'icmp'> <InPorts = 2> <OutPorts = 1>
ST_4 : Operation 206 [1/1] (0.44ns)   --->   "%select_ln12_3 = select i1 %icmp_ln1649_5, i8 %max_0_V_95, i8 %max_1_V_95" [vgg_accelerator.cpp:12->vgg_accelerator.cpp:121]   --->   Operation 206 'select' 'select_ln12_3' <Predicate = (!icmp_ln101 & and_ln118)> <Delay = 0.44> <CoreInst = "Sel">   --->   Core 73 'Sel' <Latency = 0> <II = 1> <Delay = 0.44> <FuncUnit> <Opcode : 'select'> <InPorts = 3> <OutPorts = 1>
ST_4 : Operation 207 [1/1] (2.87ns)   --->   "%write_ln121 = write void @_ssdm_op_Write.ap_fifo.volatile.i8P0A, i8 %s_pool1, i8 %select_ln12_3" [vgg_accelerator.cpp:121]   --->   Operation 207 'write' 'write_ln121' <Predicate = (!icmp_ln101 & and_ln118)> <Delay = 2.87> <CoreInst = "FIFO_SRL">   --->   Core 81 'FIFO_SRL' <Latency = 0> <II = 1> <Delay = 2.87> <Storage> <Opcode : 'read' 'write' 'nbread' 'nbwrite'> <Ports = 0> <Width = 8> <Depth = 128> <FIFO>
ST_4 : Operation 208 [1/1] (2.87ns)   --->   "%s_conv1_read_1 = read i8 @_ssdm_op_Read.ap_fifo.volatile.i8P0A, i8 %s_conv1" [vgg_accelerator.cpp:108]   --->   Operation 208 'read' 's_conv1_read_1' <Predicate = (!icmp_ln101 & and_ln118)> <Delay = 2.87> <CoreInst = "FIFO_SRL">   --->   Core 81 'FIFO_SRL' <Latency = 0> <II = 1> <Delay = 2.87> <Storage> <Opcode : 'read' 'write' 'nbread' 'nbwrite'> <Ports = 0> <Width = 8> <Depth = 128> <FIFO>
ST_4 : Operation 209 [1/1] (0.79ns)   --->   "%store_ln114 = store i8 %s_conv1_read_1, i5 %void_max_pool_stream_stream_ap_fixed_8_4_0_0_0_0_pool_buff_27_addr" [vgg_accelerator.cpp:114]   --->   Operation 209 'store' 'store_ln114' <Predicate = (!icmp_ln101 & and_ln118)> <Delay = 0.79> <CoreInst = "RAM">   --->   Core 83 'RAM' <Latency = 1> <II = 1> <Delay = 0.79> <Storage> <Opcode : 'load' 'store'> <Ports = 2> <Width = 8> <Depth = 32> <RAM>

State 5 <SV = 4> <Delay = 5.47>
ST_5 : Operation 210 [1/1] (2.87ns)   --->   "%s_conv1_read_17 = read i8 @_ssdm_op_Read.ap_fifo.volatile.i8P0A, i8 %s_conv1" [vgg_accelerator.cpp:108]   --->   Operation 210 'read' 's_conv1_read_17' <Predicate = (!icmp_ln101 & !and_ln118)> <Delay = 2.87> <CoreInst = "FIFO_SRL">   --->   Core 81 'FIFO_SRL' <Latency = 0> <II = 1> <Delay = 2.87> <Storage> <Opcode : 'read' 'write' 'nbread' 'nbwrite'> <Ports = 0> <Width = 8> <Depth = 128> <FIFO>
ST_5 : Operation 211 [1/1] (0.79ns)   --->   "%store_ln114 = store i8 %s_conv1_read_17, i5 %void_max_pool_stream_stream_ap_fixed_8_4_0_0_0_0_pool_buff_26_addr_1" [vgg_accelerator.cpp:114]   --->   Operation 211 'store' 'store_ln114' <Predicate = (!icmp_ln101 & !and_ln118)> <Delay = 0.79> <CoreInst = "RAM">   --->   Core 83 'RAM' <Latency = 1> <II = 1> <Delay = 0.79> <Storage> <Opcode : 'load' 'store'> <Ports = 2> <Width = 8> <Depth = 32> <RAM>
ST_5 : Operation 212 [1/1] (0.00ns)   --->   "%p_0_0_033_2154_i_load = load i8 %p_0_0_033_2154_i" [vgg_accelerator.cpp:12->vgg_accelerator.cpp:119]   --->   Operation 212 'load' 'p_0_0_033_2154_i_load' <Predicate = (!icmp_ln101 & and_ln118)> <Delay = 0.00>
ST_5 : Operation 213 [1/1] (0.00ns)   --->   "%p_0_0_032_2155_i_load = load i8 %p_0_0_032_2155_i" [vgg_accelerator.cpp:12->vgg_accelerator.cpp:120]   --->   Operation 213 'load' 'p_0_0_032_2155_i_load' <Predicate = (!icmp_ln101 & and_ln118)> <Delay = 0.00>
ST_5 : Operation 214 [1/1] (0.85ns)   --->   "%icmp_ln1649_6 = icmp_sgt  i8 %p_0_0_033_2154_i_load, i8 %void_max_pool_stream_stream_ap_fixed_8_4_0_0_0_0_pool_buff_27_load"   --->   Operation 214 'icmp' 'icmp_ln1649_6' <Predicate = (!icmp_ln101 & and_ln118)> <Delay = 0.85> <CoreInst = "Cmp">   --->   Core 9 'Cmp' <Latency = 0> <II = 1> <Delay = 0.85> <FuncUnit> <Opcode : 'icmp'> <InPorts = 2> <OutPorts = 1>
ST_5 : Operation 215 [1/1] (0.44ns)   --->   "%max_0_V_96 = select i1 %icmp_ln1649_6, i8 %p_0_0_033_2154_i_load, i8 %void_max_pool_stream_stream_ap_fixed_8_4_0_0_0_0_pool_buff_27_load" [vgg_accelerator.cpp:12->vgg_accelerator.cpp:119]   --->   Operation 215 'select' 'max_0_V_96' <Predicate = (!icmp_ln101 & and_ln118)> <Delay = 0.44> <CoreInst = "Sel">   --->   Core 73 'Sel' <Latency = 0> <II = 1> <Delay = 0.44> <FuncUnit> <Opcode : 'select'> <InPorts = 3> <OutPorts = 1>
ST_5 : Operation 216 [1/1] (0.85ns)   --->   "%icmp_ln1649_7 = icmp_sgt  i8 %p_0_0_032_2155_i_load, i8 %s_conv1_read_1"   --->   Operation 216 'icmp' 'icmp_ln1649_7' <Predicate = (!icmp_ln101 & and_ln118)> <Delay = 0.85> <CoreInst = "Cmp">   --->   Core 9 'Cmp' <Latency = 0> <II = 1> <Delay = 0.85> <FuncUnit> <Opcode : 'icmp'> <InPorts = 2> <OutPorts = 1>
ST_5 : Operation 217 [1/1] (0.44ns)   --->   "%max_1_V_96 = select i1 %icmp_ln1649_7, i8 %p_0_0_032_2155_i_load, i8 %s_conv1_read_1" [vgg_accelerator.cpp:12->vgg_accelerator.cpp:120]   --->   Operation 217 'select' 'max_1_V_96' <Predicate = (!icmp_ln101 & and_ln118)> <Delay = 0.44> <CoreInst = "Sel">   --->   Core 73 'Sel' <Latency = 0> <II = 1> <Delay = 0.44> <FuncUnit> <Opcode : 'select'> <InPorts = 3> <OutPorts = 1>
ST_5 : Operation 218 [1/1] (0.85ns)   --->   "%icmp_ln1649_8 = icmp_sgt  i8 %max_0_V_96, i8 %max_1_V_96"   --->   Operation 218 'icmp' 'icmp_ln1649_8' <Predicate = (!icmp_ln101 & and_ln118)> <Delay = 0.85> <CoreInst = "Cmp">   --->   Core 9 'Cmp' <Latency = 0> <II = 1> <Delay = 0.85> <FuncUnit> <Opcode : 'icmp'> <InPorts = 2> <OutPorts = 1>
ST_5 : Operation 219 [1/1] (0.44ns)   --->   "%select_ln12_6 = select i1 %icmp_ln1649_8, i8 %max_0_V_96, i8 %max_1_V_96" [vgg_accelerator.cpp:12->vgg_accelerator.cpp:121]   --->   Operation 219 'select' 'select_ln12_6' <Predicate = (!icmp_ln101 & and_ln118)> <Delay = 0.44> <CoreInst = "Sel">   --->   Core 73 'Sel' <Latency = 0> <II = 1> <Delay = 0.44> <FuncUnit> <Opcode : 'select'> <InPorts = 3> <OutPorts = 1>
ST_5 : Operation 220 [1/1] (2.87ns)   --->   "%write_ln121 = write void @_ssdm_op_Write.ap_fifo.volatile.i8P0A, i8 %s_pool1, i8 %select_ln12_6" [vgg_accelerator.cpp:121]   --->   Operation 220 'write' 'write_ln121' <Predicate = (!icmp_ln101 & and_ln118)> <Delay = 2.87> <CoreInst = "FIFO_SRL">   --->   Core 81 'FIFO_SRL' <Latency = 0> <II = 1> <Delay = 2.87> <Storage> <Opcode : 'read' 'write' 'nbread' 'nbwrite'> <Ports = 0> <Width = 8> <Depth = 128> <FIFO>
ST_5 : Operation 221 [1/1] (2.87ns)   --->   "%s_conv1_read_2 = read i8 @_ssdm_op_Read.ap_fifo.volatile.i8P0A, i8 %s_conv1" [vgg_accelerator.cpp:108]   --->   Operation 221 'read' 's_conv1_read_2' <Predicate = (!icmp_ln101 & and_ln118)> <Delay = 2.87> <CoreInst = "FIFO_SRL">   --->   Core 81 'FIFO_SRL' <Latency = 0> <II = 1> <Delay = 2.87> <Storage> <Opcode : 'read' 'write' 'nbread' 'nbwrite'> <Ports = 0> <Width = 8> <Depth = 128> <FIFO>
ST_5 : Operation 222 [1/1] (0.79ns)   --->   "%store_ln114 = store i8 %s_conv1_read_2, i5 %void_max_pool_stream_stream_ap_fixed_8_4_0_0_0_0_pool_buff_26_addr" [vgg_accelerator.cpp:114]   --->   Operation 222 'store' 'store_ln114' <Predicate = (!icmp_ln101 & and_ln118)> <Delay = 0.79> <CoreInst = "RAM">   --->   Core 83 'RAM' <Latency = 1> <II = 1> <Delay = 0.79> <Storage> <Opcode : 'load' 'store'> <Ports = 2> <Width = 8> <Depth = 32> <RAM>

State 6 <SV = 5> <Delay = 5.47>
ST_6 : Operation 223 [1/1] (2.87ns)   --->   "%s_conv1_read_18 = read i8 @_ssdm_op_Read.ap_fifo.volatile.i8P0A, i8 %s_conv1" [vgg_accelerator.cpp:108]   --->   Operation 223 'read' 's_conv1_read_18' <Predicate = (!icmp_ln101 & !and_ln118)> <Delay = 2.87> <CoreInst = "FIFO_SRL">   --->   Core 81 'FIFO_SRL' <Latency = 0> <II = 1> <Delay = 2.87> <Storage> <Opcode : 'read' 'write' 'nbread' 'nbwrite'> <Ports = 0> <Width = 8> <Depth = 128> <FIFO>
ST_6 : Operation 224 [1/1] (0.79ns)   --->   "%store_ln114 = store i8 %s_conv1_read_18, i5 %void_max_pool_stream_stream_ap_fixed_8_4_0_0_0_0_pool_buff_25_addr_1" [vgg_accelerator.cpp:114]   --->   Operation 224 'store' 'store_ln114' <Predicate = (!icmp_ln101 & !and_ln118)> <Delay = 0.79> <CoreInst = "RAM">   --->   Core 83 'RAM' <Latency = 1> <II = 1> <Delay = 0.79> <Storage> <Opcode : 'load' 'store'> <Ports = 2> <Width = 8> <Depth = 32> <RAM>
ST_6 : Operation 225 [1/1] (0.00ns)   --->   "%p_0_0_033_3156_i_load = load i8 %p_0_0_033_3156_i" [vgg_accelerator.cpp:12->vgg_accelerator.cpp:119]   --->   Operation 225 'load' 'p_0_0_033_3156_i_load' <Predicate = (!icmp_ln101 & and_ln118)> <Delay = 0.00>
ST_6 : Operation 226 [1/1] (0.00ns)   --->   "%p_0_0_032_3157_i_load = load i8 %p_0_0_032_3157_i" [vgg_accelerator.cpp:12->vgg_accelerator.cpp:120]   --->   Operation 226 'load' 'p_0_0_032_3157_i_load' <Predicate = (!icmp_ln101 & and_ln118)> <Delay = 0.00>
ST_6 : Operation 227 [1/1] (0.85ns)   --->   "%icmp_ln1649_9 = icmp_sgt  i8 %p_0_0_033_3156_i_load, i8 %void_max_pool_stream_stream_ap_fixed_8_4_0_0_0_0_pool_buff_26_load"   --->   Operation 227 'icmp' 'icmp_ln1649_9' <Predicate = (!icmp_ln101 & and_ln118)> <Delay = 0.85> <CoreInst = "Cmp">   --->   Core 9 'Cmp' <Latency = 0> <II = 1> <Delay = 0.85> <FuncUnit> <Opcode : 'icmp'> <InPorts = 2> <OutPorts = 1>
ST_6 : Operation 228 [1/1] (0.44ns)   --->   "%max_0_V_97 = select i1 %icmp_ln1649_9, i8 %p_0_0_033_3156_i_load, i8 %void_max_pool_stream_stream_ap_fixed_8_4_0_0_0_0_pool_buff_26_load" [vgg_accelerator.cpp:12->vgg_accelerator.cpp:119]   --->   Operation 228 'select' 'max_0_V_97' <Predicate = (!icmp_ln101 & and_ln118)> <Delay = 0.44> <CoreInst = "Sel">   --->   Core 73 'Sel' <Latency = 0> <II = 1> <Delay = 0.44> <FuncUnit> <Opcode : 'select'> <InPorts = 3> <OutPorts = 1>
ST_6 : Operation 229 [1/1] (0.85ns)   --->   "%icmp_ln1649_10 = icmp_sgt  i8 %p_0_0_032_3157_i_load, i8 %s_conv1_read_2"   --->   Operation 229 'icmp' 'icmp_ln1649_10' <Predicate = (!icmp_ln101 & and_ln118)> <Delay = 0.85> <CoreInst = "Cmp">   --->   Core 9 'Cmp' <Latency = 0> <II = 1> <Delay = 0.85> <FuncUnit> <Opcode : 'icmp'> <InPorts = 2> <OutPorts = 1>
ST_6 : Operation 230 [1/1] (0.44ns)   --->   "%max_1_V_97 = select i1 %icmp_ln1649_10, i8 %p_0_0_032_3157_i_load, i8 %s_conv1_read_2" [vgg_accelerator.cpp:12->vgg_accelerator.cpp:120]   --->   Operation 230 'select' 'max_1_V_97' <Predicate = (!icmp_ln101 & and_ln118)> <Delay = 0.44> <CoreInst = "Sel">   --->   Core 73 'Sel' <Latency = 0> <II = 1> <Delay = 0.44> <FuncUnit> <Opcode : 'select'> <InPorts = 3> <OutPorts = 1>
ST_6 : Operation 231 [1/1] (0.85ns)   --->   "%icmp_ln1649_11 = icmp_sgt  i8 %max_0_V_97, i8 %max_1_V_97"   --->   Operation 231 'icmp' 'icmp_ln1649_11' <Predicate = (!icmp_ln101 & and_ln118)> <Delay = 0.85> <CoreInst = "Cmp">   --->   Core 9 'Cmp' <Latency = 0> <II = 1> <Delay = 0.85> <FuncUnit> <Opcode : 'icmp'> <InPorts = 2> <OutPorts = 1>
ST_6 : Operation 232 [1/1] (0.44ns)   --->   "%select_ln12_9 = select i1 %icmp_ln1649_11, i8 %max_0_V_97, i8 %max_1_V_97" [vgg_accelerator.cpp:12->vgg_accelerator.cpp:121]   --->   Operation 232 'select' 'select_ln12_9' <Predicate = (!icmp_ln101 & and_ln118)> <Delay = 0.44> <CoreInst = "Sel">   --->   Core 73 'Sel' <Latency = 0> <II = 1> <Delay = 0.44> <FuncUnit> <Opcode : 'select'> <InPorts = 3> <OutPorts = 1>
ST_6 : Operation 233 [1/1] (2.87ns)   --->   "%write_ln121 = write void @_ssdm_op_Write.ap_fifo.volatile.i8P0A, i8 %s_pool1, i8 %select_ln12_9" [vgg_accelerator.cpp:121]   --->   Operation 233 'write' 'write_ln121' <Predicate = (!icmp_ln101 & and_ln118)> <Delay = 2.87> <CoreInst = "FIFO_SRL">   --->   Core 81 'FIFO_SRL' <Latency = 0> <II = 1> <Delay = 2.87> <Storage> <Opcode : 'read' 'write' 'nbread' 'nbwrite'> <Ports = 0> <Width = 8> <Depth = 128> <FIFO>
ST_6 : Operation 234 [1/1] (2.87ns)   --->   "%s_conv1_read_3 = read i8 @_ssdm_op_Read.ap_fifo.volatile.i8P0A, i8 %s_conv1" [vgg_accelerator.cpp:108]   --->   Operation 234 'read' 's_conv1_read_3' <Predicate = (!icmp_ln101 & and_ln118)> <Delay = 2.87> <CoreInst = "FIFO_SRL">   --->   Core 81 'FIFO_SRL' <Latency = 0> <II = 1> <Delay = 2.87> <Storage> <Opcode : 'read' 'write' 'nbread' 'nbwrite'> <Ports = 0> <Width = 8> <Depth = 128> <FIFO>
ST_6 : Operation 235 [1/1] (0.79ns)   --->   "%store_ln114 = store i8 %s_conv1_read_3, i5 %void_max_pool_stream_stream_ap_fixed_8_4_0_0_0_0_pool_buff_25_addr" [vgg_accelerator.cpp:114]   --->   Operation 235 'store' 'store_ln114' <Predicate = (!icmp_ln101 & and_ln118)> <Delay = 0.79> <CoreInst = "RAM">   --->   Core 83 'RAM' <Latency = 1> <II = 1> <Delay = 0.79> <Storage> <Opcode : 'load' 'store'> <Ports = 2> <Width = 8> <Depth = 32> <RAM>

State 7 <SV = 6> <Delay = 5.47>
ST_7 : Operation 236 [1/1] (2.87ns)   --->   "%s_conv1_read_19 = read i8 @_ssdm_op_Read.ap_fifo.volatile.i8P0A, i8 %s_conv1" [vgg_accelerator.cpp:108]   --->   Operation 236 'read' 's_conv1_read_19' <Predicate = (!icmp_ln101 & !and_ln118)> <Delay = 2.87> <CoreInst = "FIFO_SRL">   --->   Core 81 'FIFO_SRL' <Latency = 0> <II = 1> <Delay = 2.87> <Storage> <Opcode : 'read' 'write' 'nbread' 'nbwrite'> <Ports = 0> <Width = 8> <Depth = 128> <FIFO>
ST_7 : Operation 237 [1/1] (0.79ns)   --->   "%store_ln114 = store i8 %s_conv1_read_19, i5 %void_max_pool_stream_stream_ap_fixed_8_4_0_0_0_0_pool_buff_24_addr_1" [vgg_accelerator.cpp:114]   --->   Operation 237 'store' 'store_ln114' <Predicate = (!icmp_ln101 & !and_ln118)> <Delay = 0.79> <CoreInst = "RAM">   --->   Core 83 'RAM' <Latency = 1> <II = 1> <Delay = 0.79> <Storage> <Opcode : 'load' 'store'> <Ports = 2> <Width = 8> <Depth = 32> <RAM>
ST_7 : Operation 238 [1/1] (0.00ns)   --->   "%p_0_0_033_4158_i_load = load i8 %p_0_0_033_4158_i" [vgg_accelerator.cpp:12->vgg_accelerator.cpp:119]   --->   Operation 238 'load' 'p_0_0_033_4158_i_load' <Predicate = (!icmp_ln101 & and_ln118)> <Delay = 0.00>
ST_7 : Operation 239 [1/1] (0.00ns)   --->   "%p_0_0_032_4159_i_load = load i8 %p_0_0_032_4159_i" [vgg_accelerator.cpp:12->vgg_accelerator.cpp:120]   --->   Operation 239 'load' 'p_0_0_032_4159_i_load' <Predicate = (!icmp_ln101 & and_ln118)> <Delay = 0.00>
ST_7 : Operation 240 [1/1] (0.85ns)   --->   "%icmp_ln1649_12 = icmp_sgt  i8 %p_0_0_033_4158_i_load, i8 %void_max_pool_stream_stream_ap_fixed_8_4_0_0_0_0_pool_buff_25_load"   --->   Operation 240 'icmp' 'icmp_ln1649_12' <Predicate = (!icmp_ln101 & and_ln118)> <Delay = 0.85> <CoreInst = "Cmp">   --->   Core 9 'Cmp' <Latency = 0> <II = 1> <Delay = 0.85> <FuncUnit> <Opcode : 'icmp'> <InPorts = 2> <OutPorts = 1>
ST_7 : Operation 241 [1/1] (0.44ns)   --->   "%max_0_V_98 = select i1 %icmp_ln1649_12, i8 %p_0_0_033_4158_i_load, i8 %void_max_pool_stream_stream_ap_fixed_8_4_0_0_0_0_pool_buff_25_load" [vgg_accelerator.cpp:12->vgg_accelerator.cpp:119]   --->   Operation 241 'select' 'max_0_V_98' <Predicate = (!icmp_ln101 & and_ln118)> <Delay = 0.44> <CoreInst = "Sel">   --->   Core 73 'Sel' <Latency = 0> <II = 1> <Delay = 0.44> <FuncUnit> <Opcode : 'select'> <InPorts = 3> <OutPorts = 1>
ST_7 : Operation 242 [1/1] (0.85ns)   --->   "%icmp_ln1649_13 = icmp_sgt  i8 %p_0_0_032_4159_i_load, i8 %s_conv1_read_3"   --->   Operation 242 'icmp' 'icmp_ln1649_13' <Predicate = (!icmp_ln101 & and_ln118)> <Delay = 0.85> <CoreInst = "Cmp">   --->   Core 9 'Cmp' <Latency = 0> <II = 1> <Delay = 0.85> <FuncUnit> <Opcode : 'icmp'> <InPorts = 2> <OutPorts = 1>
ST_7 : Operation 243 [1/1] (0.44ns)   --->   "%max_1_V_98 = select i1 %icmp_ln1649_13, i8 %p_0_0_032_4159_i_load, i8 %s_conv1_read_3" [vgg_accelerator.cpp:12->vgg_accelerator.cpp:120]   --->   Operation 243 'select' 'max_1_V_98' <Predicate = (!icmp_ln101 & and_ln118)> <Delay = 0.44> <CoreInst = "Sel">   --->   Core 73 'Sel' <Latency = 0> <II = 1> <Delay = 0.44> <FuncUnit> <Opcode : 'select'> <InPorts = 3> <OutPorts = 1>
ST_7 : Operation 244 [1/1] (0.85ns)   --->   "%icmp_ln1649_14 = icmp_sgt  i8 %max_0_V_98, i8 %max_1_V_98"   --->   Operation 244 'icmp' 'icmp_ln1649_14' <Predicate = (!icmp_ln101 & and_ln118)> <Delay = 0.85> <CoreInst = "Cmp">   --->   Core 9 'Cmp' <Latency = 0> <II = 1> <Delay = 0.85> <FuncUnit> <Opcode : 'icmp'> <InPorts = 2> <OutPorts = 1>
ST_7 : Operation 245 [1/1] (0.44ns)   --->   "%select_ln12_12 = select i1 %icmp_ln1649_14, i8 %max_0_V_98, i8 %max_1_V_98" [vgg_accelerator.cpp:12->vgg_accelerator.cpp:121]   --->   Operation 245 'select' 'select_ln12_12' <Predicate = (!icmp_ln101 & and_ln118)> <Delay = 0.44> <CoreInst = "Sel">   --->   Core 73 'Sel' <Latency = 0> <II = 1> <Delay = 0.44> <FuncUnit> <Opcode : 'select'> <InPorts = 3> <OutPorts = 1>
ST_7 : Operation 246 [1/1] (2.87ns)   --->   "%write_ln121 = write void @_ssdm_op_Write.ap_fifo.volatile.i8P0A, i8 %s_pool1, i8 %select_ln12_12" [vgg_accelerator.cpp:121]   --->   Operation 246 'write' 'write_ln121' <Predicate = (!icmp_ln101 & and_ln118)> <Delay = 2.87> <CoreInst = "FIFO_SRL">   --->   Core 81 'FIFO_SRL' <Latency = 0> <II = 1> <Delay = 2.87> <Storage> <Opcode : 'read' 'write' 'nbread' 'nbwrite'> <Ports = 0> <Width = 8> <Depth = 128> <FIFO>
ST_7 : Operation 247 [1/1] (2.87ns)   --->   "%s_conv1_read_4 = read i8 @_ssdm_op_Read.ap_fifo.volatile.i8P0A, i8 %s_conv1" [vgg_accelerator.cpp:108]   --->   Operation 247 'read' 's_conv1_read_4' <Predicate = (!icmp_ln101 & and_ln118)> <Delay = 2.87> <CoreInst = "FIFO_SRL">   --->   Core 81 'FIFO_SRL' <Latency = 0> <II = 1> <Delay = 2.87> <Storage> <Opcode : 'read' 'write' 'nbread' 'nbwrite'> <Ports = 0> <Width = 8> <Depth = 128> <FIFO>
ST_7 : Operation 248 [1/1] (0.79ns)   --->   "%store_ln114 = store i8 %s_conv1_read_4, i5 %void_max_pool_stream_stream_ap_fixed_8_4_0_0_0_0_pool_buff_24_addr" [vgg_accelerator.cpp:114]   --->   Operation 248 'store' 'store_ln114' <Predicate = (!icmp_ln101 & and_ln118)> <Delay = 0.79> <CoreInst = "RAM">   --->   Core 83 'RAM' <Latency = 1> <II = 1> <Delay = 0.79> <Storage> <Opcode : 'load' 'store'> <Ports = 2> <Width = 8> <Depth = 32> <RAM>

State 8 <SV = 7> <Delay = 5.47>
ST_8 : Operation 249 [1/1] (2.87ns)   --->   "%s_conv1_read_20 = read i8 @_ssdm_op_Read.ap_fifo.volatile.i8P0A, i8 %s_conv1" [vgg_accelerator.cpp:108]   --->   Operation 249 'read' 's_conv1_read_20' <Predicate = (!icmp_ln101 & !and_ln118)> <Delay = 2.87> <CoreInst = "FIFO_SRL">   --->   Core 81 'FIFO_SRL' <Latency = 0> <II = 1> <Delay = 2.87> <Storage> <Opcode : 'read' 'write' 'nbread' 'nbwrite'> <Ports = 0> <Width = 8> <Depth = 128> <FIFO>
ST_8 : Operation 250 [1/1] (0.79ns)   --->   "%store_ln114 = store i8 %s_conv1_read_20, i5 %void_max_pool_stream_stream_ap_fixed_8_4_0_0_0_0_pool_buff_23_addr_1" [vgg_accelerator.cpp:114]   --->   Operation 250 'store' 'store_ln114' <Predicate = (!icmp_ln101 & !and_ln118)> <Delay = 0.79> <CoreInst = "RAM">   --->   Core 83 'RAM' <Latency = 1> <II = 1> <Delay = 0.79> <Storage> <Opcode : 'load' 'store'> <Ports = 2> <Width = 8> <Depth = 32> <RAM>
ST_8 : Operation 251 [1/1] (0.00ns)   --->   "%p_0_0_033_5160_i_load = load i8 %p_0_0_033_5160_i" [vgg_accelerator.cpp:12->vgg_accelerator.cpp:119]   --->   Operation 251 'load' 'p_0_0_033_5160_i_load' <Predicate = (!icmp_ln101 & and_ln118)> <Delay = 0.00>
ST_8 : Operation 252 [1/1] (0.00ns)   --->   "%p_0_0_032_5161_i_load = load i8 %p_0_0_032_5161_i" [vgg_accelerator.cpp:12->vgg_accelerator.cpp:120]   --->   Operation 252 'load' 'p_0_0_032_5161_i_load' <Predicate = (!icmp_ln101 & and_ln118)> <Delay = 0.00>
ST_8 : Operation 253 [1/1] (0.85ns)   --->   "%icmp_ln1649_15 = icmp_sgt  i8 %p_0_0_033_5160_i_load, i8 %void_max_pool_stream_stream_ap_fixed_8_4_0_0_0_0_pool_buff_24_load"   --->   Operation 253 'icmp' 'icmp_ln1649_15' <Predicate = (!icmp_ln101 & and_ln118)> <Delay = 0.85> <CoreInst = "Cmp">   --->   Core 9 'Cmp' <Latency = 0> <II = 1> <Delay = 0.85> <FuncUnit> <Opcode : 'icmp'> <InPorts = 2> <OutPorts = 1>
ST_8 : Operation 254 [1/1] (0.44ns)   --->   "%max_0_V_99 = select i1 %icmp_ln1649_15, i8 %p_0_0_033_5160_i_load, i8 %void_max_pool_stream_stream_ap_fixed_8_4_0_0_0_0_pool_buff_24_load" [vgg_accelerator.cpp:12->vgg_accelerator.cpp:119]   --->   Operation 254 'select' 'max_0_V_99' <Predicate = (!icmp_ln101 & and_ln118)> <Delay = 0.44> <CoreInst = "Sel">   --->   Core 73 'Sel' <Latency = 0> <II = 1> <Delay = 0.44> <FuncUnit> <Opcode : 'select'> <InPorts = 3> <OutPorts = 1>
ST_8 : Operation 255 [1/1] (0.85ns)   --->   "%icmp_ln1649_16 = icmp_sgt  i8 %p_0_0_032_5161_i_load, i8 %s_conv1_read_4"   --->   Operation 255 'icmp' 'icmp_ln1649_16' <Predicate = (!icmp_ln101 & and_ln118)> <Delay = 0.85> <CoreInst = "Cmp">   --->   Core 9 'Cmp' <Latency = 0> <II = 1> <Delay = 0.85> <FuncUnit> <Opcode : 'icmp'> <InPorts = 2> <OutPorts = 1>
ST_8 : Operation 256 [1/1] (0.44ns)   --->   "%max_1_V_99 = select i1 %icmp_ln1649_16, i8 %p_0_0_032_5161_i_load, i8 %s_conv1_read_4" [vgg_accelerator.cpp:12->vgg_accelerator.cpp:120]   --->   Operation 256 'select' 'max_1_V_99' <Predicate = (!icmp_ln101 & and_ln118)> <Delay = 0.44> <CoreInst = "Sel">   --->   Core 73 'Sel' <Latency = 0> <II = 1> <Delay = 0.44> <FuncUnit> <Opcode : 'select'> <InPorts = 3> <OutPorts = 1>
ST_8 : Operation 257 [1/1] (0.85ns)   --->   "%icmp_ln1649_17 = icmp_sgt  i8 %max_0_V_99, i8 %max_1_V_99"   --->   Operation 257 'icmp' 'icmp_ln1649_17' <Predicate = (!icmp_ln101 & and_ln118)> <Delay = 0.85> <CoreInst = "Cmp">   --->   Core 9 'Cmp' <Latency = 0> <II = 1> <Delay = 0.85> <FuncUnit> <Opcode : 'icmp'> <InPorts = 2> <OutPorts = 1>
ST_8 : Operation 258 [1/1] (0.44ns)   --->   "%select_ln12_15 = select i1 %icmp_ln1649_17, i8 %max_0_V_99, i8 %max_1_V_99" [vgg_accelerator.cpp:12->vgg_accelerator.cpp:121]   --->   Operation 258 'select' 'select_ln12_15' <Predicate = (!icmp_ln101 & and_ln118)> <Delay = 0.44> <CoreInst = "Sel">   --->   Core 73 'Sel' <Latency = 0> <II = 1> <Delay = 0.44> <FuncUnit> <Opcode : 'select'> <InPorts = 3> <OutPorts = 1>
ST_8 : Operation 259 [1/1] (2.87ns)   --->   "%write_ln121 = write void @_ssdm_op_Write.ap_fifo.volatile.i8P0A, i8 %s_pool1, i8 %select_ln12_15" [vgg_accelerator.cpp:121]   --->   Operation 259 'write' 'write_ln121' <Predicate = (!icmp_ln101 & and_ln118)> <Delay = 2.87> <CoreInst = "FIFO_SRL">   --->   Core 81 'FIFO_SRL' <Latency = 0> <II = 1> <Delay = 2.87> <Storage> <Opcode : 'read' 'write' 'nbread' 'nbwrite'> <Ports = 0> <Width = 8> <Depth = 128> <FIFO>
ST_8 : Operation 260 [1/1] (2.87ns)   --->   "%s_conv1_read_5 = read i8 @_ssdm_op_Read.ap_fifo.volatile.i8P0A, i8 %s_conv1" [vgg_accelerator.cpp:108]   --->   Operation 260 'read' 's_conv1_read_5' <Predicate = (!icmp_ln101 & and_ln118)> <Delay = 2.87> <CoreInst = "FIFO_SRL">   --->   Core 81 'FIFO_SRL' <Latency = 0> <II = 1> <Delay = 2.87> <Storage> <Opcode : 'read' 'write' 'nbread' 'nbwrite'> <Ports = 0> <Width = 8> <Depth = 128> <FIFO>
ST_8 : Operation 261 [1/1] (0.79ns)   --->   "%store_ln114 = store i8 %s_conv1_read_5, i5 %void_max_pool_stream_stream_ap_fixed_8_4_0_0_0_0_pool_buff_23_addr" [vgg_accelerator.cpp:114]   --->   Operation 261 'store' 'store_ln114' <Predicate = (!icmp_ln101 & and_ln118)> <Delay = 0.79> <CoreInst = "RAM">   --->   Core 83 'RAM' <Latency = 1> <II = 1> <Delay = 0.79> <Storage> <Opcode : 'load' 'store'> <Ports = 2> <Width = 8> <Depth = 32> <RAM>

State 9 <SV = 8> <Delay = 5.47>
ST_9 : Operation 262 [1/1] (2.87ns)   --->   "%s_conv1_read_21 = read i8 @_ssdm_op_Read.ap_fifo.volatile.i8P0A, i8 %s_conv1" [vgg_accelerator.cpp:108]   --->   Operation 262 'read' 's_conv1_read_21' <Predicate = (!icmp_ln101 & !and_ln118)> <Delay = 2.87> <CoreInst = "FIFO_SRL">   --->   Core 81 'FIFO_SRL' <Latency = 0> <II = 1> <Delay = 2.87> <Storage> <Opcode : 'read' 'write' 'nbread' 'nbwrite'> <Ports = 0> <Width = 8> <Depth = 128> <FIFO>
ST_9 : Operation 263 [1/1] (0.79ns)   --->   "%store_ln114 = store i8 %s_conv1_read_21, i5 %void_max_pool_stream_stream_ap_fixed_8_4_0_0_0_0_pool_buff_22_addr_1" [vgg_accelerator.cpp:114]   --->   Operation 263 'store' 'store_ln114' <Predicate = (!icmp_ln101 & !and_ln118)> <Delay = 0.79> <CoreInst = "RAM">   --->   Core 83 'RAM' <Latency = 1> <II = 1> <Delay = 0.79> <Storage> <Opcode : 'load' 'store'> <Ports = 2> <Width = 8> <Depth = 32> <RAM>
ST_9 : Operation 264 [1/1] (0.00ns)   --->   "%p_0_0_033_6162_i_load = load i8 %p_0_0_033_6162_i" [vgg_accelerator.cpp:12->vgg_accelerator.cpp:119]   --->   Operation 264 'load' 'p_0_0_033_6162_i_load' <Predicate = (!icmp_ln101 & and_ln118)> <Delay = 0.00>
ST_9 : Operation 265 [1/1] (0.00ns)   --->   "%p_0_0_032_6163_i_load = load i8 %p_0_0_032_6163_i" [vgg_accelerator.cpp:12->vgg_accelerator.cpp:120]   --->   Operation 265 'load' 'p_0_0_032_6163_i_load' <Predicate = (!icmp_ln101 & and_ln118)> <Delay = 0.00>
ST_9 : Operation 266 [1/1] (0.85ns)   --->   "%icmp_ln1649_18 = icmp_sgt  i8 %p_0_0_033_6162_i_load, i8 %void_max_pool_stream_stream_ap_fixed_8_4_0_0_0_0_pool_buff_23_load"   --->   Operation 266 'icmp' 'icmp_ln1649_18' <Predicate = (!icmp_ln101 & and_ln118)> <Delay = 0.85> <CoreInst = "Cmp">   --->   Core 9 'Cmp' <Latency = 0> <II = 1> <Delay = 0.85> <FuncUnit> <Opcode : 'icmp'> <InPorts = 2> <OutPorts = 1>
ST_9 : Operation 267 [1/1] (0.44ns)   --->   "%max_0_V_100 = select i1 %icmp_ln1649_18, i8 %p_0_0_033_6162_i_load, i8 %void_max_pool_stream_stream_ap_fixed_8_4_0_0_0_0_pool_buff_23_load" [vgg_accelerator.cpp:12->vgg_accelerator.cpp:119]   --->   Operation 267 'select' 'max_0_V_100' <Predicate = (!icmp_ln101 & and_ln118)> <Delay = 0.44> <CoreInst = "Sel">   --->   Core 73 'Sel' <Latency = 0> <II = 1> <Delay = 0.44> <FuncUnit> <Opcode : 'select'> <InPorts = 3> <OutPorts = 1>
ST_9 : Operation 268 [1/1] (0.85ns)   --->   "%icmp_ln1649_19 = icmp_sgt  i8 %p_0_0_032_6163_i_load, i8 %s_conv1_read_5"   --->   Operation 268 'icmp' 'icmp_ln1649_19' <Predicate = (!icmp_ln101 & and_ln118)> <Delay = 0.85> <CoreInst = "Cmp">   --->   Core 9 'Cmp' <Latency = 0> <II = 1> <Delay = 0.85> <FuncUnit> <Opcode : 'icmp'> <InPorts = 2> <OutPorts = 1>
ST_9 : Operation 269 [1/1] (0.44ns)   --->   "%max_1_V_100 = select i1 %icmp_ln1649_19, i8 %p_0_0_032_6163_i_load, i8 %s_conv1_read_5" [vgg_accelerator.cpp:12->vgg_accelerator.cpp:120]   --->   Operation 269 'select' 'max_1_V_100' <Predicate = (!icmp_ln101 & and_ln118)> <Delay = 0.44> <CoreInst = "Sel">   --->   Core 73 'Sel' <Latency = 0> <II = 1> <Delay = 0.44> <FuncUnit> <Opcode : 'select'> <InPorts = 3> <OutPorts = 1>
ST_9 : Operation 270 [1/1] (0.85ns)   --->   "%icmp_ln1649_20 = icmp_sgt  i8 %max_0_V_100, i8 %max_1_V_100"   --->   Operation 270 'icmp' 'icmp_ln1649_20' <Predicate = (!icmp_ln101 & and_ln118)> <Delay = 0.85> <CoreInst = "Cmp">   --->   Core 9 'Cmp' <Latency = 0> <II = 1> <Delay = 0.85> <FuncUnit> <Opcode : 'icmp'> <InPorts = 2> <OutPorts = 1>
ST_9 : Operation 271 [1/1] (0.44ns)   --->   "%select_ln12_18 = select i1 %icmp_ln1649_20, i8 %max_0_V_100, i8 %max_1_V_100" [vgg_accelerator.cpp:12->vgg_accelerator.cpp:121]   --->   Operation 271 'select' 'select_ln12_18' <Predicate = (!icmp_ln101 & and_ln118)> <Delay = 0.44> <CoreInst = "Sel">   --->   Core 73 'Sel' <Latency = 0> <II = 1> <Delay = 0.44> <FuncUnit> <Opcode : 'select'> <InPorts = 3> <OutPorts = 1>
ST_9 : Operation 272 [1/1] (2.87ns)   --->   "%write_ln121 = write void @_ssdm_op_Write.ap_fifo.volatile.i8P0A, i8 %s_pool1, i8 %select_ln12_18" [vgg_accelerator.cpp:121]   --->   Operation 272 'write' 'write_ln121' <Predicate = (!icmp_ln101 & and_ln118)> <Delay = 2.87> <CoreInst = "FIFO_SRL">   --->   Core 81 'FIFO_SRL' <Latency = 0> <II = 1> <Delay = 2.87> <Storage> <Opcode : 'read' 'write' 'nbread' 'nbwrite'> <Ports = 0> <Width = 8> <Depth = 128> <FIFO>
ST_9 : Operation 273 [1/1] (2.87ns)   --->   "%s_conv1_read_6 = read i8 @_ssdm_op_Read.ap_fifo.volatile.i8P0A, i8 %s_conv1" [vgg_accelerator.cpp:108]   --->   Operation 273 'read' 's_conv1_read_6' <Predicate = (!icmp_ln101 & and_ln118)> <Delay = 2.87> <CoreInst = "FIFO_SRL">   --->   Core 81 'FIFO_SRL' <Latency = 0> <II = 1> <Delay = 2.87> <Storage> <Opcode : 'read' 'write' 'nbread' 'nbwrite'> <Ports = 0> <Width = 8> <Depth = 128> <FIFO>
ST_9 : Operation 274 [1/1] (0.79ns)   --->   "%store_ln114 = store i8 %s_conv1_read_6, i5 %void_max_pool_stream_stream_ap_fixed_8_4_0_0_0_0_pool_buff_22_addr" [vgg_accelerator.cpp:114]   --->   Operation 274 'store' 'store_ln114' <Predicate = (!icmp_ln101 & and_ln118)> <Delay = 0.79> <CoreInst = "RAM">   --->   Core 83 'RAM' <Latency = 1> <II = 1> <Delay = 0.79> <Storage> <Opcode : 'load' 'store'> <Ports = 2> <Width = 8> <Depth = 32> <RAM>

State 10 <SV = 9> <Delay = 5.47>
ST_10 : Operation 275 [1/1] (2.87ns)   --->   "%s_conv1_read_22 = read i8 @_ssdm_op_Read.ap_fifo.volatile.i8P0A, i8 %s_conv1" [vgg_accelerator.cpp:108]   --->   Operation 275 'read' 's_conv1_read_22' <Predicate = (!icmp_ln101 & !and_ln118)> <Delay = 2.87> <CoreInst = "FIFO_SRL">   --->   Core 81 'FIFO_SRL' <Latency = 0> <II = 1> <Delay = 2.87> <Storage> <Opcode : 'read' 'write' 'nbread' 'nbwrite'> <Ports = 0> <Width = 8> <Depth = 128> <FIFO>
ST_10 : Operation 276 [1/1] (0.79ns)   --->   "%store_ln114 = store i8 %s_conv1_read_22, i5 %void_max_pool_stream_stream_ap_fixed_8_4_0_0_0_0_pool_buff_21_addr_1" [vgg_accelerator.cpp:114]   --->   Operation 276 'store' 'store_ln114' <Predicate = (!icmp_ln101 & !and_ln118)> <Delay = 0.79> <CoreInst = "RAM">   --->   Core 83 'RAM' <Latency = 1> <II = 1> <Delay = 0.79> <Storage> <Opcode : 'load' 'store'> <Ports = 2> <Width = 8> <Depth = 32> <RAM>
ST_10 : Operation 277 [1/1] (0.00ns)   --->   "%p_0_0_033_7164_i_load = load i8 %p_0_0_033_7164_i" [vgg_accelerator.cpp:12->vgg_accelerator.cpp:119]   --->   Operation 277 'load' 'p_0_0_033_7164_i_load' <Predicate = (!icmp_ln101 & and_ln118)> <Delay = 0.00>
ST_10 : Operation 278 [1/1] (0.00ns)   --->   "%p_0_0_032_7165_i_load = load i8 %p_0_0_032_7165_i" [vgg_accelerator.cpp:12->vgg_accelerator.cpp:120]   --->   Operation 278 'load' 'p_0_0_032_7165_i_load' <Predicate = (!icmp_ln101 & and_ln118)> <Delay = 0.00>
ST_10 : Operation 279 [1/1] (0.85ns)   --->   "%icmp_ln1649_21 = icmp_sgt  i8 %p_0_0_033_7164_i_load, i8 %void_max_pool_stream_stream_ap_fixed_8_4_0_0_0_0_pool_buff_22_load"   --->   Operation 279 'icmp' 'icmp_ln1649_21' <Predicate = (!icmp_ln101 & and_ln118)> <Delay = 0.85> <CoreInst = "Cmp">   --->   Core 9 'Cmp' <Latency = 0> <II = 1> <Delay = 0.85> <FuncUnit> <Opcode : 'icmp'> <InPorts = 2> <OutPorts = 1>
ST_10 : Operation 280 [1/1] (0.44ns)   --->   "%max_0_V_101 = select i1 %icmp_ln1649_21, i8 %p_0_0_033_7164_i_load, i8 %void_max_pool_stream_stream_ap_fixed_8_4_0_0_0_0_pool_buff_22_load" [vgg_accelerator.cpp:12->vgg_accelerator.cpp:119]   --->   Operation 280 'select' 'max_0_V_101' <Predicate = (!icmp_ln101 & and_ln118)> <Delay = 0.44> <CoreInst = "Sel">   --->   Core 73 'Sel' <Latency = 0> <II = 1> <Delay = 0.44> <FuncUnit> <Opcode : 'select'> <InPorts = 3> <OutPorts = 1>
ST_10 : Operation 281 [1/1] (0.85ns)   --->   "%icmp_ln1649_22 = icmp_sgt  i8 %p_0_0_032_7165_i_load, i8 %s_conv1_read_6"   --->   Operation 281 'icmp' 'icmp_ln1649_22' <Predicate = (!icmp_ln101 & and_ln118)> <Delay = 0.85> <CoreInst = "Cmp">   --->   Core 9 'Cmp' <Latency = 0> <II = 1> <Delay = 0.85> <FuncUnit> <Opcode : 'icmp'> <InPorts = 2> <OutPorts = 1>
ST_10 : Operation 282 [1/1] (0.44ns)   --->   "%max_1_V_101 = select i1 %icmp_ln1649_22, i8 %p_0_0_032_7165_i_load, i8 %s_conv1_read_6" [vgg_accelerator.cpp:12->vgg_accelerator.cpp:120]   --->   Operation 282 'select' 'max_1_V_101' <Predicate = (!icmp_ln101 & and_ln118)> <Delay = 0.44> <CoreInst = "Sel">   --->   Core 73 'Sel' <Latency = 0> <II = 1> <Delay = 0.44> <FuncUnit> <Opcode : 'select'> <InPorts = 3> <OutPorts = 1>
ST_10 : Operation 283 [1/1] (0.85ns)   --->   "%icmp_ln1649_23 = icmp_sgt  i8 %max_0_V_101, i8 %max_1_V_101"   --->   Operation 283 'icmp' 'icmp_ln1649_23' <Predicate = (!icmp_ln101 & and_ln118)> <Delay = 0.85> <CoreInst = "Cmp">   --->   Core 9 'Cmp' <Latency = 0> <II = 1> <Delay = 0.85> <FuncUnit> <Opcode : 'icmp'> <InPorts = 2> <OutPorts = 1>
ST_10 : Operation 284 [1/1] (0.44ns)   --->   "%select_ln12_21 = select i1 %icmp_ln1649_23, i8 %max_0_V_101, i8 %max_1_V_101" [vgg_accelerator.cpp:12->vgg_accelerator.cpp:121]   --->   Operation 284 'select' 'select_ln12_21' <Predicate = (!icmp_ln101 & and_ln118)> <Delay = 0.44> <CoreInst = "Sel">   --->   Core 73 'Sel' <Latency = 0> <II = 1> <Delay = 0.44> <FuncUnit> <Opcode : 'select'> <InPorts = 3> <OutPorts = 1>
ST_10 : Operation 285 [1/1] (2.87ns)   --->   "%write_ln121 = write void @_ssdm_op_Write.ap_fifo.volatile.i8P0A, i8 %s_pool1, i8 %select_ln12_21" [vgg_accelerator.cpp:121]   --->   Operation 285 'write' 'write_ln121' <Predicate = (!icmp_ln101 & and_ln118)> <Delay = 2.87> <CoreInst = "FIFO_SRL">   --->   Core 81 'FIFO_SRL' <Latency = 0> <II = 1> <Delay = 2.87> <Storage> <Opcode : 'read' 'write' 'nbread' 'nbwrite'> <Ports = 0> <Width = 8> <Depth = 128> <FIFO>
ST_10 : Operation 286 [1/1] (2.87ns)   --->   "%s_conv1_read_7 = read i8 @_ssdm_op_Read.ap_fifo.volatile.i8P0A, i8 %s_conv1" [vgg_accelerator.cpp:108]   --->   Operation 286 'read' 's_conv1_read_7' <Predicate = (!icmp_ln101 & and_ln118)> <Delay = 2.87> <CoreInst = "FIFO_SRL">   --->   Core 81 'FIFO_SRL' <Latency = 0> <II = 1> <Delay = 2.87> <Storage> <Opcode : 'read' 'write' 'nbread' 'nbwrite'> <Ports = 0> <Width = 8> <Depth = 128> <FIFO>
ST_10 : Operation 287 [1/1] (0.79ns)   --->   "%store_ln114 = store i8 %s_conv1_read_7, i5 %void_max_pool_stream_stream_ap_fixed_8_4_0_0_0_0_pool_buff_21_addr" [vgg_accelerator.cpp:114]   --->   Operation 287 'store' 'store_ln114' <Predicate = (!icmp_ln101 & and_ln118)> <Delay = 0.79> <CoreInst = "RAM">   --->   Core 83 'RAM' <Latency = 1> <II = 1> <Delay = 0.79> <Storage> <Opcode : 'load' 'store'> <Ports = 2> <Width = 8> <Depth = 32> <RAM>

State 11 <SV = 10> <Delay = 5.47>
ST_11 : Operation 288 [1/1] (2.87ns)   --->   "%s_conv1_read_23 = read i8 @_ssdm_op_Read.ap_fifo.volatile.i8P0A, i8 %s_conv1" [vgg_accelerator.cpp:108]   --->   Operation 288 'read' 's_conv1_read_23' <Predicate = (!icmp_ln101 & !and_ln118)> <Delay = 2.87> <CoreInst = "FIFO_SRL">   --->   Core 81 'FIFO_SRL' <Latency = 0> <II = 1> <Delay = 2.87> <Storage> <Opcode : 'read' 'write' 'nbread' 'nbwrite'> <Ports = 0> <Width = 8> <Depth = 128> <FIFO>
ST_11 : Operation 289 [1/1] (0.79ns)   --->   "%store_ln114 = store i8 %s_conv1_read_23, i5 %void_max_pool_stream_stream_ap_fixed_8_4_0_0_0_0_pool_buff_20_addr_1" [vgg_accelerator.cpp:114]   --->   Operation 289 'store' 'store_ln114' <Predicate = (!icmp_ln101 & !and_ln118)> <Delay = 0.79> <CoreInst = "RAM">   --->   Core 83 'RAM' <Latency = 1> <II = 1> <Delay = 0.79> <Storage> <Opcode : 'load' 'store'> <Ports = 2> <Width = 8> <Depth = 32> <RAM>
ST_11 : Operation 290 [1/1] (0.00ns)   --->   "%p_0_0_033_8166_i_load = load i8 %p_0_0_033_8166_i" [vgg_accelerator.cpp:12->vgg_accelerator.cpp:119]   --->   Operation 290 'load' 'p_0_0_033_8166_i_load' <Predicate = (!icmp_ln101 & and_ln118)> <Delay = 0.00>
ST_11 : Operation 291 [1/1] (0.00ns)   --->   "%p_0_0_032_8167_i_load = load i8 %p_0_0_032_8167_i" [vgg_accelerator.cpp:12->vgg_accelerator.cpp:120]   --->   Operation 291 'load' 'p_0_0_032_8167_i_load' <Predicate = (!icmp_ln101 & and_ln118)> <Delay = 0.00>
ST_11 : Operation 292 [1/1] (0.85ns)   --->   "%icmp_ln1649_24 = icmp_sgt  i8 %p_0_0_033_8166_i_load, i8 %void_max_pool_stream_stream_ap_fixed_8_4_0_0_0_0_pool_buff_21_load"   --->   Operation 292 'icmp' 'icmp_ln1649_24' <Predicate = (!icmp_ln101 & and_ln118)> <Delay = 0.85> <CoreInst = "Cmp">   --->   Core 9 'Cmp' <Latency = 0> <II = 1> <Delay = 0.85> <FuncUnit> <Opcode : 'icmp'> <InPorts = 2> <OutPorts = 1>
ST_11 : Operation 293 [1/1] (0.44ns)   --->   "%max_0_V_102 = select i1 %icmp_ln1649_24, i8 %p_0_0_033_8166_i_load, i8 %void_max_pool_stream_stream_ap_fixed_8_4_0_0_0_0_pool_buff_21_load" [vgg_accelerator.cpp:12->vgg_accelerator.cpp:119]   --->   Operation 293 'select' 'max_0_V_102' <Predicate = (!icmp_ln101 & and_ln118)> <Delay = 0.44> <CoreInst = "Sel">   --->   Core 73 'Sel' <Latency = 0> <II = 1> <Delay = 0.44> <FuncUnit> <Opcode : 'select'> <InPorts = 3> <OutPorts = 1>
ST_11 : Operation 294 [1/1] (0.85ns)   --->   "%icmp_ln1649_25 = icmp_sgt  i8 %p_0_0_032_8167_i_load, i8 %s_conv1_read_7"   --->   Operation 294 'icmp' 'icmp_ln1649_25' <Predicate = (!icmp_ln101 & and_ln118)> <Delay = 0.85> <CoreInst = "Cmp">   --->   Core 9 'Cmp' <Latency = 0> <II = 1> <Delay = 0.85> <FuncUnit> <Opcode : 'icmp'> <InPorts = 2> <OutPorts = 1>
ST_11 : Operation 295 [1/1] (0.44ns)   --->   "%max_1_V_102 = select i1 %icmp_ln1649_25, i8 %p_0_0_032_8167_i_load, i8 %s_conv1_read_7" [vgg_accelerator.cpp:12->vgg_accelerator.cpp:120]   --->   Operation 295 'select' 'max_1_V_102' <Predicate = (!icmp_ln101 & and_ln118)> <Delay = 0.44> <CoreInst = "Sel">   --->   Core 73 'Sel' <Latency = 0> <II = 1> <Delay = 0.44> <FuncUnit> <Opcode : 'select'> <InPorts = 3> <OutPorts = 1>
ST_11 : Operation 296 [1/1] (0.85ns)   --->   "%icmp_ln1649_26 = icmp_sgt  i8 %max_0_V_102, i8 %max_1_V_102"   --->   Operation 296 'icmp' 'icmp_ln1649_26' <Predicate = (!icmp_ln101 & and_ln118)> <Delay = 0.85> <CoreInst = "Cmp">   --->   Core 9 'Cmp' <Latency = 0> <II = 1> <Delay = 0.85> <FuncUnit> <Opcode : 'icmp'> <InPorts = 2> <OutPorts = 1>
ST_11 : Operation 297 [1/1] (0.44ns)   --->   "%select_ln12_24 = select i1 %icmp_ln1649_26, i8 %max_0_V_102, i8 %max_1_V_102" [vgg_accelerator.cpp:12->vgg_accelerator.cpp:121]   --->   Operation 297 'select' 'select_ln12_24' <Predicate = (!icmp_ln101 & and_ln118)> <Delay = 0.44> <CoreInst = "Sel">   --->   Core 73 'Sel' <Latency = 0> <II = 1> <Delay = 0.44> <FuncUnit> <Opcode : 'select'> <InPorts = 3> <OutPorts = 1>
ST_11 : Operation 298 [1/1] (2.87ns)   --->   "%write_ln121 = write void @_ssdm_op_Write.ap_fifo.volatile.i8P0A, i8 %s_pool1, i8 %select_ln12_24" [vgg_accelerator.cpp:121]   --->   Operation 298 'write' 'write_ln121' <Predicate = (!icmp_ln101 & and_ln118)> <Delay = 2.87> <CoreInst = "FIFO_SRL">   --->   Core 81 'FIFO_SRL' <Latency = 0> <II = 1> <Delay = 2.87> <Storage> <Opcode : 'read' 'write' 'nbread' 'nbwrite'> <Ports = 0> <Width = 8> <Depth = 128> <FIFO>
ST_11 : Operation 299 [1/1] (2.87ns)   --->   "%s_conv1_read_8 = read i8 @_ssdm_op_Read.ap_fifo.volatile.i8P0A, i8 %s_conv1" [vgg_accelerator.cpp:108]   --->   Operation 299 'read' 's_conv1_read_8' <Predicate = (!icmp_ln101 & and_ln118)> <Delay = 2.87> <CoreInst = "FIFO_SRL">   --->   Core 81 'FIFO_SRL' <Latency = 0> <II = 1> <Delay = 2.87> <Storage> <Opcode : 'read' 'write' 'nbread' 'nbwrite'> <Ports = 0> <Width = 8> <Depth = 128> <FIFO>
ST_11 : Operation 300 [1/1] (0.79ns)   --->   "%store_ln114 = store i8 %s_conv1_read_8, i5 %void_max_pool_stream_stream_ap_fixed_8_4_0_0_0_0_pool_buff_20_addr" [vgg_accelerator.cpp:114]   --->   Operation 300 'store' 'store_ln114' <Predicate = (!icmp_ln101 & and_ln118)> <Delay = 0.79> <CoreInst = "RAM">   --->   Core 83 'RAM' <Latency = 1> <II = 1> <Delay = 0.79> <Storage> <Opcode : 'load' 'store'> <Ports = 2> <Width = 8> <Depth = 32> <RAM>

State 12 <SV = 11> <Delay = 5.47>
ST_12 : Operation 301 [1/1] (2.87ns)   --->   "%s_conv1_read_24 = read i8 @_ssdm_op_Read.ap_fifo.volatile.i8P0A, i8 %s_conv1" [vgg_accelerator.cpp:108]   --->   Operation 301 'read' 's_conv1_read_24' <Predicate = (!icmp_ln101 & !and_ln118)> <Delay = 2.87> <CoreInst = "FIFO_SRL">   --->   Core 81 'FIFO_SRL' <Latency = 0> <II = 1> <Delay = 2.87> <Storage> <Opcode : 'read' 'write' 'nbread' 'nbwrite'> <Ports = 0> <Width = 8> <Depth = 128> <FIFO>
ST_12 : Operation 302 [1/1] (0.79ns)   --->   "%store_ln114 = store i8 %s_conv1_read_24, i5 %p_ZZ8max_poolILi16ELi32EEvRN3hls6streamI8ap_fixedILi8ELi4EL9ap_q_mode0EL9ap_o_mod_6" [vgg_accelerator.cpp:114]   --->   Operation 302 'store' 'store_ln114' <Predicate = (!icmp_ln101 & !and_ln118)> <Delay = 0.79> <CoreInst = "RAM">   --->   Core 83 'RAM' <Latency = 1> <II = 1> <Delay = 0.79> <Storage> <Opcode : 'load' 'store'> <Ports = 2> <Width = 8> <Depth = 32> <RAM>
ST_12 : Operation 303 [1/1] (0.00ns)   --->   "%p_0_0_033_9168_i_load = load i8 %p_0_0_033_9168_i" [vgg_accelerator.cpp:12->vgg_accelerator.cpp:119]   --->   Operation 303 'load' 'p_0_0_033_9168_i_load' <Predicate = (!icmp_ln101 & and_ln118)> <Delay = 0.00>
ST_12 : Operation 304 [1/1] (0.00ns)   --->   "%p_0_0_032_9169_i_load = load i8 %p_0_0_032_9169_i" [vgg_accelerator.cpp:12->vgg_accelerator.cpp:120]   --->   Operation 304 'load' 'p_0_0_032_9169_i_load' <Predicate = (!icmp_ln101 & and_ln118)> <Delay = 0.00>
ST_12 : Operation 305 [1/1] (0.85ns)   --->   "%icmp_ln1649_27 = icmp_sgt  i8 %p_0_0_033_9168_i_load, i8 %void_max_pool_stream_stream_ap_fixed_8_4_0_0_0_0_pool_buff_20_load"   --->   Operation 305 'icmp' 'icmp_ln1649_27' <Predicate = (!icmp_ln101 & and_ln118)> <Delay = 0.85> <CoreInst = "Cmp">   --->   Core 9 'Cmp' <Latency = 0> <II = 1> <Delay = 0.85> <FuncUnit> <Opcode : 'icmp'> <InPorts = 2> <OutPorts = 1>
ST_12 : Operation 306 [1/1] (0.44ns)   --->   "%max_0_V_103 = select i1 %icmp_ln1649_27, i8 %p_0_0_033_9168_i_load, i8 %void_max_pool_stream_stream_ap_fixed_8_4_0_0_0_0_pool_buff_20_load" [vgg_accelerator.cpp:12->vgg_accelerator.cpp:119]   --->   Operation 306 'select' 'max_0_V_103' <Predicate = (!icmp_ln101 & and_ln118)> <Delay = 0.44> <CoreInst = "Sel">   --->   Core 73 'Sel' <Latency = 0> <II = 1> <Delay = 0.44> <FuncUnit> <Opcode : 'select'> <InPorts = 3> <OutPorts = 1>
ST_12 : Operation 307 [1/1] (0.85ns)   --->   "%icmp_ln1649_28 = icmp_sgt  i8 %p_0_0_032_9169_i_load, i8 %s_conv1_read_8"   --->   Operation 307 'icmp' 'icmp_ln1649_28' <Predicate = (!icmp_ln101 & and_ln118)> <Delay = 0.85> <CoreInst = "Cmp">   --->   Core 9 'Cmp' <Latency = 0> <II = 1> <Delay = 0.85> <FuncUnit> <Opcode : 'icmp'> <InPorts = 2> <OutPorts = 1>
ST_12 : Operation 308 [1/1] (0.44ns)   --->   "%max_1_V_103 = select i1 %icmp_ln1649_28, i8 %p_0_0_032_9169_i_load, i8 %s_conv1_read_8" [vgg_accelerator.cpp:12->vgg_accelerator.cpp:120]   --->   Operation 308 'select' 'max_1_V_103' <Predicate = (!icmp_ln101 & and_ln118)> <Delay = 0.44> <CoreInst = "Sel">   --->   Core 73 'Sel' <Latency = 0> <II = 1> <Delay = 0.44> <FuncUnit> <Opcode : 'select'> <InPorts = 3> <OutPorts = 1>
ST_12 : Operation 309 [1/1] (0.85ns)   --->   "%icmp_ln1649_29 = icmp_sgt  i8 %max_0_V_103, i8 %max_1_V_103"   --->   Operation 309 'icmp' 'icmp_ln1649_29' <Predicate = (!icmp_ln101 & and_ln118)> <Delay = 0.85> <CoreInst = "Cmp">   --->   Core 9 'Cmp' <Latency = 0> <II = 1> <Delay = 0.85> <FuncUnit> <Opcode : 'icmp'> <InPorts = 2> <OutPorts = 1>
ST_12 : Operation 310 [1/1] (0.44ns)   --->   "%select_ln12_27 = select i1 %icmp_ln1649_29, i8 %max_0_V_103, i8 %max_1_V_103" [vgg_accelerator.cpp:12->vgg_accelerator.cpp:121]   --->   Operation 310 'select' 'select_ln12_27' <Predicate = (!icmp_ln101 & and_ln118)> <Delay = 0.44> <CoreInst = "Sel">   --->   Core 73 'Sel' <Latency = 0> <II = 1> <Delay = 0.44> <FuncUnit> <Opcode : 'select'> <InPorts = 3> <OutPorts = 1>
ST_12 : Operation 311 [1/1] (2.87ns)   --->   "%write_ln121 = write void @_ssdm_op_Write.ap_fifo.volatile.i8P0A, i8 %s_pool1, i8 %select_ln12_27" [vgg_accelerator.cpp:121]   --->   Operation 311 'write' 'write_ln121' <Predicate = (!icmp_ln101 & and_ln118)> <Delay = 2.87> <CoreInst = "FIFO_SRL">   --->   Core 81 'FIFO_SRL' <Latency = 0> <II = 1> <Delay = 2.87> <Storage> <Opcode : 'read' 'write' 'nbread' 'nbwrite'> <Ports = 0> <Width = 8> <Depth = 128> <FIFO>
ST_12 : Operation 312 [1/1] (2.87ns)   --->   "%s_conv1_read_9 = read i8 @_ssdm_op_Read.ap_fifo.volatile.i8P0A, i8 %s_conv1" [vgg_accelerator.cpp:108]   --->   Operation 312 'read' 's_conv1_read_9' <Predicate = (!icmp_ln101 & and_ln118)> <Delay = 2.87> <CoreInst = "FIFO_SRL">   --->   Core 81 'FIFO_SRL' <Latency = 0> <II = 1> <Delay = 2.87> <Storage> <Opcode : 'read' 'write' 'nbread' 'nbwrite'> <Ports = 0> <Width = 8> <Depth = 128> <FIFO>
ST_12 : Operation 313 [1/1] (0.79ns)   --->   "%store_ln114 = store i8 %s_conv1_read_9, i5 %p_ZZ8max_poolILi16ELi32EEvRN3hls6streamI8ap_fixedILi8ELi4EL9ap_q_mode0EL9ap_o_mod_18" [vgg_accelerator.cpp:114]   --->   Operation 313 'store' 'store_ln114' <Predicate = (!icmp_ln101 & and_ln118)> <Delay = 0.79> <CoreInst = "RAM">   --->   Core 83 'RAM' <Latency = 1> <II = 1> <Delay = 0.79> <Storage> <Opcode : 'load' 'store'> <Ports = 2> <Width = 8> <Depth = 32> <RAM>

State 13 <SV = 12> <Delay = 5.47>
ST_13 : Operation 314 [1/1] (2.87ns)   --->   "%s_conv1_read_25 = read i8 @_ssdm_op_Read.ap_fifo.volatile.i8P0A, i8 %s_conv1" [vgg_accelerator.cpp:108]   --->   Operation 314 'read' 's_conv1_read_25' <Predicate = (!icmp_ln101 & !and_ln118)> <Delay = 2.87> <CoreInst = "FIFO_SRL">   --->   Core 81 'FIFO_SRL' <Latency = 0> <II = 1> <Delay = 2.87> <Storage> <Opcode : 'read' 'write' 'nbread' 'nbwrite'> <Ports = 0> <Width = 8> <Depth = 128> <FIFO>
ST_13 : Operation 315 [1/1] (0.79ns)   --->   "%store_ln114 = store i8 %s_conv1_read_25, i5 %p_ZZ8max_poolILi16ELi32EEvRN3hls6streamI8ap_fixedILi8ELi4EL9ap_q_mode0EL9ap_o_mod_8" [vgg_accelerator.cpp:114]   --->   Operation 315 'store' 'store_ln114' <Predicate = (!icmp_ln101 & !and_ln118)> <Delay = 0.79> <CoreInst = "RAM">   --->   Core 83 'RAM' <Latency = 1> <II = 1> <Delay = 0.79> <Storage> <Opcode : 'load' 'store'> <Ports = 2> <Width = 8> <Depth = 32> <RAM>
ST_13 : Operation 316 [1/1] (0.00ns)   --->   "%p_0_0_033_10170_i_load = load i8 %p_0_0_033_10170_i" [vgg_accelerator.cpp:12->vgg_accelerator.cpp:119]   --->   Operation 316 'load' 'p_0_0_033_10170_i_load' <Predicate = (!icmp_ln101 & and_ln118)> <Delay = 0.00>
ST_13 : Operation 317 [1/1] (0.00ns)   --->   "%p_0_0_032_10171_i_load = load i8 %p_0_0_032_10171_i" [vgg_accelerator.cpp:12->vgg_accelerator.cpp:120]   --->   Operation 317 'load' 'p_0_0_032_10171_i_load' <Predicate = (!icmp_ln101 & and_ln118)> <Delay = 0.00>
ST_13 : Operation 318 [1/1] (0.85ns)   --->   "%icmp_ln1649_30 = icmp_sgt  i8 %p_0_0_033_10170_i_load, i8 %p_ZZ8max_poolILi16ELi32EEvRN3hls6streamI8ap_fixedILi8ELi4EL9ap_q_mode0EL9ap_o_mod_19"   --->   Operation 318 'icmp' 'icmp_ln1649_30' <Predicate = (!icmp_ln101 & and_ln118)> <Delay = 0.85> <CoreInst = "Cmp">   --->   Core 9 'Cmp' <Latency = 0> <II = 1> <Delay = 0.85> <FuncUnit> <Opcode : 'icmp'> <InPorts = 2> <OutPorts = 1>
ST_13 : Operation 319 [1/1] (0.44ns)   --->   "%max_0_V_104 = select i1 %icmp_ln1649_30, i8 %p_0_0_033_10170_i_load, i8 %p_ZZ8max_poolILi16ELi32EEvRN3hls6streamI8ap_fixedILi8ELi4EL9ap_q_mode0EL9ap_o_mod_19" [vgg_accelerator.cpp:12->vgg_accelerator.cpp:119]   --->   Operation 319 'select' 'max_0_V_104' <Predicate = (!icmp_ln101 & and_ln118)> <Delay = 0.44> <CoreInst = "Sel">   --->   Core 73 'Sel' <Latency = 0> <II = 1> <Delay = 0.44> <FuncUnit> <Opcode : 'select'> <InPorts = 3> <OutPorts = 1>
ST_13 : Operation 320 [1/1] (0.85ns)   --->   "%icmp_ln1649_31 = icmp_sgt  i8 %p_0_0_032_10171_i_load, i8 %s_conv1_read_9"   --->   Operation 320 'icmp' 'icmp_ln1649_31' <Predicate = (!icmp_ln101 & and_ln118)> <Delay = 0.85> <CoreInst = "Cmp">   --->   Core 9 'Cmp' <Latency = 0> <II = 1> <Delay = 0.85> <FuncUnit> <Opcode : 'icmp'> <InPorts = 2> <OutPorts = 1>
ST_13 : Operation 321 [1/1] (0.44ns)   --->   "%max_1_V_104 = select i1 %icmp_ln1649_31, i8 %p_0_0_032_10171_i_load, i8 %s_conv1_read_9" [vgg_accelerator.cpp:12->vgg_accelerator.cpp:120]   --->   Operation 321 'select' 'max_1_V_104' <Predicate = (!icmp_ln101 & and_ln118)> <Delay = 0.44> <CoreInst = "Sel">   --->   Core 73 'Sel' <Latency = 0> <II = 1> <Delay = 0.44> <FuncUnit> <Opcode : 'select'> <InPorts = 3> <OutPorts = 1>
ST_13 : Operation 322 [1/1] (0.85ns)   --->   "%icmp_ln1649_32 = icmp_sgt  i8 %max_0_V_104, i8 %max_1_V_104"   --->   Operation 322 'icmp' 'icmp_ln1649_32' <Predicate = (!icmp_ln101 & and_ln118)> <Delay = 0.85> <CoreInst = "Cmp">   --->   Core 9 'Cmp' <Latency = 0> <II = 1> <Delay = 0.85> <FuncUnit> <Opcode : 'icmp'> <InPorts = 2> <OutPorts = 1>
ST_13 : Operation 323 [1/1] (0.44ns)   --->   "%select_ln12_30 = select i1 %icmp_ln1649_32, i8 %max_0_V_104, i8 %max_1_V_104" [vgg_accelerator.cpp:12->vgg_accelerator.cpp:121]   --->   Operation 323 'select' 'select_ln12_30' <Predicate = (!icmp_ln101 & and_ln118)> <Delay = 0.44> <CoreInst = "Sel">   --->   Core 73 'Sel' <Latency = 0> <II = 1> <Delay = 0.44> <FuncUnit> <Opcode : 'select'> <InPorts = 3> <OutPorts = 1>
ST_13 : Operation 324 [1/1] (2.87ns)   --->   "%write_ln121 = write void @_ssdm_op_Write.ap_fifo.volatile.i8P0A, i8 %s_pool1, i8 %select_ln12_30" [vgg_accelerator.cpp:121]   --->   Operation 324 'write' 'write_ln121' <Predicate = (!icmp_ln101 & and_ln118)> <Delay = 2.87> <CoreInst = "FIFO_SRL">   --->   Core 81 'FIFO_SRL' <Latency = 0> <II = 1> <Delay = 2.87> <Storage> <Opcode : 'read' 'write' 'nbread' 'nbwrite'> <Ports = 0> <Width = 8> <Depth = 128> <FIFO>
ST_13 : Operation 325 [1/1] (2.87ns)   --->   "%s_conv1_read_10 = read i8 @_ssdm_op_Read.ap_fifo.volatile.i8P0A, i8 %s_conv1" [vgg_accelerator.cpp:108]   --->   Operation 325 'read' 's_conv1_read_10' <Predicate = (!icmp_ln101 & and_ln118)> <Delay = 2.87> <CoreInst = "FIFO_SRL">   --->   Core 81 'FIFO_SRL' <Latency = 0> <II = 1> <Delay = 2.87> <Storage> <Opcode : 'read' 'write' 'nbread' 'nbwrite'> <Ports = 0> <Width = 8> <Depth = 128> <FIFO>
ST_13 : Operation 326 [1/1] (0.79ns)   --->   "%store_ln114 = store i8 %s_conv1_read_10, i5 %p_ZZ8max_poolILi16ELi32EEvRN3hls6streamI8ap_fixedILi8ELi4EL9ap_q_mode0EL9ap_o_mod_20" [vgg_accelerator.cpp:114]   --->   Operation 326 'store' 'store_ln114' <Predicate = (!icmp_ln101 & and_ln118)> <Delay = 0.79> <CoreInst = "RAM">   --->   Core 83 'RAM' <Latency = 1> <II = 1> <Delay = 0.79> <Storage> <Opcode : 'load' 'store'> <Ports = 2> <Width = 8> <Depth = 32> <RAM>

State 14 <SV = 13> <Delay = 5.47>
ST_14 : Operation 327 [1/1] (2.87ns)   --->   "%s_conv1_read_26 = read i8 @_ssdm_op_Read.ap_fifo.volatile.i8P0A, i8 %s_conv1" [vgg_accelerator.cpp:108]   --->   Operation 327 'read' 's_conv1_read_26' <Predicate = (!icmp_ln101 & !and_ln118)> <Delay = 2.87> <CoreInst = "FIFO_SRL">   --->   Core 81 'FIFO_SRL' <Latency = 0> <II = 1> <Delay = 2.87> <Storage> <Opcode : 'read' 'write' 'nbread' 'nbwrite'> <Ports = 0> <Width = 8> <Depth = 128> <FIFO>
ST_14 : Operation 328 [1/1] (0.79ns)   --->   "%store_ln114 = store i8 %s_conv1_read_26, i5 %p_ZZ8max_poolILi16ELi32EEvRN3hls6streamI8ap_fixedILi8ELi4EL9ap_q_mode0EL9ap_o_mod_10" [vgg_accelerator.cpp:114]   --->   Operation 328 'store' 'store_ln114' <Predicate = (!icmp_ln101 & !and_ln118)> <Delay = 0.79> <CoreInst = "RAM">   --->   Core 83 'RAM' <Latency = 1> <II = 1> <Delay = 0.79> <Storage> <Opcode : 'load' 'store'> <Ports = 2> <Width = 8> <Depth = 32> <RAM>
ST_14 : Operation 329 [1/1] (0.00ns)   --->   "%p_0_0_033_11172_i_load = load i8 %p_0_0_033_11172_i" [vgg_accelerator.cpp:12->vgg_accelerator.cpp:119]   --->   Operation 329 'load' 'p_0_0_033_11172_i_load' <Predicate = (!icmp_ln101 & and_ln118)> <Delay = 0.00>
ST_14 : Operation 330 [1/1] (0.00ns)   --->   "%p_0_0_032_11173_i_load = load i8 %p_0_0_032_11173_i" [vgg_accelerator.cpp:12->vgg_accelerator.cpp:120]   --->   Operation 330 'load' 'p_0_0_032_11173_i_load' <Predicate = (!icmp_ln101 & and_ln118)> <Delay = 0.00>
ST_14 : Operation 331 [1/1] (0.85ns)   --->   "%icmp_ln1649_33 = icmp_sgt  i8 %p_0_0_033_11172_i_load, i8 %p_ZZ8max_poolILi16ELi32EEvRN3hls6streamI8ap_fixedILi8ELi4EL9ap_q_mode0EL9ap_o_mod_21"   --->   Operation 331 'icmp' 'icmp_ln1649_33' <Predicate = (!icmp_ln101 & and_ln118)> <Delay = 0.85> <CoreInst = "Cmp">   --->   Core 9 'Cmp' <Latency = 0> <II = 1> <Delay = 0.85> <FuncUnit> <Opcode : 'icmp'> <InPorts = 2> <OutPorts = 1>
ST_14 : Operation 332 [1/1] (0.44ns)   --->   "%max_0_V_105 = select i1 %icmp_ln1649_33, i8 %p_0_0_033_11172_i_load, i8 %p_ZZ8max_poolILi16ELi32EEvRN3hls6streamI8ap_fixedILi8ELi4EL9ap_q_mode0EL9ap_o_mod_21" [vgg_accelerator.cpp:12->vgg_accelerator.cpp:119]   --->   Operation 332 'select' 'max_0_V_105' <Predicate = (!icmp_ln101 & and_ln118)> <Delay = 0.44> <CoreInst = "Sel">   --->   Core 73 'Sel' <Latency = 0> <II = 1> <Delay = 0.44> <FuncUnit> <Opcode : 'select'> <InPorts = 3> <OutPorts = 1>
ST_14 : Operation 333 [1/1] (0.85ns)   --->   "%icmp_ln1649_34 = icmp_sgt  i8 %p_0_0_032_11173_i_load, i8 %s_conv1_read_10"   --->   Operation 333 'icmp' 'icmp_ln1649_34' <Predicate = (!icmp_ln101 & and_ln118)> <Delay = 0.85> <CoreInst = "Cmp">   --->   Core 9 'Cmp' <Latency = 0> <II = 1> <Delay = 0.85> <FuncUnit> <Opcode : 'icmp'> <InPorts = 2> <OutPorts = 1>
ST_14 : Operation 334 [1/1] (0.44ns)   --->   "%max_1_V_105 = select i1 %icmp_ln1649_34, i8 %p_0_0_032_11173_i_load, i8 %s_conv1_read_10" [vgg_accelerator.cpp:12->vgg_accelerator.cpp:120]   --->   Operation 334 'select' 'max_1_V_105' <Predicate = (!icmp_ln101 & and_ln118)> <Delay = 0.44> <CoreInst = "Sel">   --->   Core 73 'Sel' <Latency = 0> <II = 1> <Delay = 0.44> <FuncUnit> <Opcode : 'select'> <InPorts = 3> <OutPorts = 1>
ST_14 : Operation 335 [1/1] (0.85ns)   --->   "%icmp_ln1649_35 = icmp_sgt  i8 %max_0_V_105, i8 %max_1_V_105"   --->   Operation 335 'icmp' 'icmp_ln1649_35' <Predicate = (!icmp_ln101 & and_ln118)> <Delay = 0.85> <CoreInst = "Cmp">   --->   Core 9 'Cmp' <Latency = 0> <II = 1> <Delay = 0.85> <FuncUnit> <Opcode : 'icmp'> <InPorts = 2> <OutPorts = 1>
ST_14 : Operation 336 [1/1] (0.44ns)   --->   "%select_ln12_33 = select i1 %icmp_ln1649_35, i8 %max_0_V_105, i8 %max_1_V_105" [vgg_accelerator.cpp:12->vgg_accelerator.cpp:121]   --->   Operation 336 'select' 'select_ln12_33' <Predicate = (!icmp_ln101 & and_ln118)> <Delay = 0.44> <CoreInst = "Sel">   --->   Core 73 'Sel' <Latency = 0> <II = 1> <Delay = 0.44> <FuncUnit> <Opcode : 'select'> <InPorts = 3> <OutPorts = 1>
ST_14 : Operation 337 [1/1] (2.87ns)   --->   "%write_ln121 = write void @_ssdm_op_Write.ap_fifo.volatile.i8P0A, i8 %s_pool1, i8 %select_ln12_33" [vgg_accelerator.cpp:121]   --->   Operation 337 'write' 'write_ln121' <Predicate = (!icmp_ln101 & and_ln118)> <Delay = 2.87> <CoreInst = "FIFO_SRL">   --->   Core 81 'FIFO_SRL' <Latency = 0> <II = 1> <Delay = 2.87> <Storage> <Opcode : 'read' 'write' 'nbread' 'nbwrite'> <Ports = 0> <Width = 8> <Depth = 128> <FIFO>
ST_14 : Operation 338 [1/1] (2.87ns)   --->   "%s_conv1_read_11 = read i8 @_ssdm_op_Read.ap_fifo.volatile.i8P0A, i8 %s_conv1" [vgg_accelerator.cpp:108]   --->   Operation 338 'read' 's_conv1_read_11' <Predicate = (!icmp_ln101 & and_ln118)> <Delay = 2.87> <CoreInst = "FIFO_SRL">   --->   Core 81 'FIFO_SRL' <Latency = 0> <II = 1> <Delay = 2.87> <Storage> <Opcode : 'read' 'write' 'nbread' 'nbwrite'> <Ports = 0> <Width = 8> <Depth = 128> <FIFO>
ST_14 : Operation 339 [1/1] (0.79ns)   --->   "%store_ln114 = store i8 %s_conv1_read_11, i5 %p_ZZ8max_poolILi16ELi32EEvRN3hls6streamI8ap_fixedILi8ELi4EL9ap_q_mode0EL9ap_o_mod_22" [vgg_accelerator.cpp:114]   --->   Operation 339 'store' 'store_ln114' <Predicate = (!icmp_ln101 & and_ln118)> <Delay = 0.79> <CoreInst = "RAM">   --->   Core 83 'RAM' <Latency = 1> <II = 1> <Delay = 0.79> <Storage> <Opcode : 'load' 'store'> <Ports = 2> <Width = 8> <Depth = 32> <RAM>

State 15 <SV = 14> <Delay = 5.47>
ST_15 : Operation 340 [1/1] (2.87ns)   --->   "%s_conv1_read_27 = read i8 @_ssdm_op_Read.ap_fifo.volatile.i8P0A, i8 %s_conv1" [vgg_accelerator.cpp:108]   --->   Operation 340 'read' 's_conv1_read_27' <Predicate = (!icmp_ln101 & !and_ln118)> <Delay = 2.87> <CoreInst = "FIFO_SRL">   --->   Core 81 'FIFO_SRL' <Latency = 0> <II = 1> <Delay = 2.87> <Storage> <Opcode : 'read' 'write' 'nbread' 'nbwrite'> <Ports = 0> <Width = 8> <Depth = 128> <FIFO>
ST_15 : Operation 341 [1/1] (0.79ns)   --->   "%store_ln114 = store i8 %s_conv1_read_27, i5 %p_ZZ8max_poolILi16ELi32EEvRN3hls6streamI8ap_fixedILi8ELi4EL9ap_q_mode0EL9ap_o_mod_12" [vgg_accelerator.cpp:114]   --->   Operation 341 'store' 'store_ln114' <Predicate = (!icmp_ln101 & !and_ln118)> <Delay = 0.79> <CoreInst = "RAM">   --->   Core 83 'RAM' <Latency = 1> <II = 1> <Delay = 0.79> <Storage> <Opcode : 'load' 'store'> <Ports = 2> <Width = 8> <Depth = 32> <RAM>
ST_15 : Operation 342 [1/1] (0.00ns)   --->   "%p_0_0_033_12174_i_load = load i8 %p_0_0_033_12174_i" [vgg_accelerator.cpp:12->vgg_accelerator.cpp:119]   --->   Operation 342 'load' 'p_0_0_033_12174_i_load' <Predicate = (!icmp_ln101 & and_ln118)> <Delay = 0.00>
ST_15 : Operation 343 [1/1] (0.00ns)   --->   "%p_0_0_032_12175_i_load = load i8 %p_0_0_032_12175_i" [vgg_accelerator.cpp:12->vgg_accelerator.cpp:120]   --->   Operation 343 'load' 'p_0_0_032_12175_i_load' <Predicate = (!icmp_ln101 & and_ln118)> <Delay = 0.00>
ST_15 : Operation 344 [1/1] (0.85ns)   --->   "%icmp_ln1649_36 = icmp_sgt  i8 %p_0_0_033_12174_i_load, i8 %p_ZZ8max_poolILi16ELi32EEvRN3hls6streamI8ap_fixedILi8ELi4EL9ap_q_mode0EL9ap_o_mod_23"   --->   Operation 344 'icmp' 'icmp_ln1649_36' <Predicate = (!icmp_ln101 & and_ln118)> <Delay = 0.85> <CoreInst = "Cmp">   --->   Core 9 'Cmp' <Latency = 0> <II = 1> <Delay = 0.85> <FuncUnit> <Opcode : 'icmp'> <InPorts = 2> <OutPorts = 1>
ST_15 : Operation 345 [1/1] (0.44ns)   --->   "%max_0_V_106 = select i1 %icmp_ln1649_36, i8 %p_0_0_033_12174_i_load, i8 %p_ZZ8max_poolILi16ELi32EEvRN3hls6streamI8ap_fixedILi8ELi4EL9ap_q_mode0EL9ap_o_mod_23" [vgg_accelerator.cpp:12->vgg_accelerator.cpp:119]   --->   Operation 345 'select' 'max_0_V_106' <Predicate = (!icmp_ln101 & and_ln118)> <Delay = 0.44> <CoreInst = "Sel">   --->   Core 73 'Sel' <Latency = 0> <II = 1> <Delay = 0.44> <FuncUnit> <Opcode : 'select'> <InPorts = 3> <OutPorts = 1>
ST_15 : Operation 346 [1/1] (0.85ns)   --->   "%icmp_ln1649_37 = icmp_sgt  i8 %p_0_0_032_12175_i_load, i8 %s_conv1_read_11"   --->   Operation 346 'icmp' 'icmp_ln1649_37' <Predicate = (!icmp_ln101 & and_ln118)> <Delay = 0.85> <CoreInst = "Cmp">   --->   Core 9 'Cmp' <Latency = 0> <II = 1> <Delay = 0.85> <FuncUnit> <Opcode : 'icmp'> <InPorts = 2> <OutPorts = 1>
ST_15 : Operation 347 [1/1] (0.44ns)   --->   "%max_1_V_106 = select i1 %icmp_ln1649_37, i8 %p_0_0_032_12175_i_load, i8 %s_conv1_read_11" [vgg_accelerator.cpp:12->vgg_accelerator.cpp:120]   --->   Operation 347 'select' 'max_1_V_106' <Predicate = (!icmp_ln101 & and_ln118)> <Delay = 0.44> <CoreInst = "Sel">   --->   Core 73 'Sel' <Latency = 0> <II = 1> <Delay = 0.44> <FuncUnit> <Opcode : 'select'> <InPorts = 3> <OutPorts = 1>
ST_15 : Operation 348 [1/1] (0.85ns)   --->   "%icmp_ln1649_38 = icmp_sgt  i8 %max_0_V_106, i8 %max_1_V_106"   --->   Operation 348 'icmp' 'icmp_ln1649_38' <Predicate = (!icmp_ln101 & and_ln118)> <Delay = 0.85> <CoreInst = "Cmp">   --->   Core 9 'Cmp' <Latency = 0> <II = 1> <Delay = 0.85> <FuncUnit> <Opcode : 'icmp'> <InPorts = 2> <OutPorts = 1>
ST_15 : Operation 349 [1/1] (0.44ns)   --->   "%select_ln12_36 = select i1 %icmp_ln1649_38, i8 %max_0_V_106, i8 %max_1_V_106" [vgg_accelerator.cpp:12->vgg_accelerator.cpp:121]   --->   Operation 349 'select' 'select_ln12_36' <Predicate = (!icmp_ln101 & and_ln118)> <Delay = 0.44> <CoreInst = "Sel">   --->   Core 73 'Sel' <Latency = 0> <II = 1> <Delay = 0.44> <FuncUnit> <Opcode : 'select'> <InPorts = 3> <OutPorts = 1>
ST_15 : Operation 350 [1/1] (2.87ns)   --->   "%write_ln121 = write void @_ssdm_op_Write.ap_fifo.volatile.i8P0A, i8 %s_pool1, i8 %select_ln12_36" [vgg_accelerator.cpp:121]   --->   Operation 350 'write' 'write_ln121' <Predicate = (!icmp_ln101 & and_ln118)> <Delay = 2.87> <CoreInst = "FIFO_SRL">   --->   Core 81 'FIFO_SRL' <Latency = 0> <II = 1> <Delay = 2.87> <Storage> <Opcode : 'read' 'write' 'nbread' 'nbwrite'> <Ports = 0> <Width = 8> <Depth = 128> <FIFO>
ST_15 : Operation 351 [1/1] (2.87ns)   --->   "%s_conv1_read_12 = read i8 @_ssdm_op_Read.ap_fifo.volatile.i8P0A, i8 %s_conv1" [vgg_accelerator.cpp:108]   --->   Operation 351 'read' 's_conv1_read_12' <Predicate = (!icmp_ln101 & and_ln118)> <Delay = 2.87> <CoreInst = "FIFO_SRL">   --->   Core 81 'FIFO_SRL' <Latency = 0> <II = 1> <Delay = 2.87> <Storage> <Opcode : 'read' 'write' 'nbread' 'nbwrite'> <Ports = 0> <Width = 8> <Depth = 128> <FIFO>
ST_15 : Operation 352 [1/1] (0.79ns)   --->   "%store_ln114 = store i8 %s_conv1_read_12, i5 %p_ZZ8max_poolILi16ELi32EEvRN3hls6streamI8ap_fixedILi8ELi4EL9ap_q_mode0EL9ap_o_mod_24" [vgg_accelerator.cpp:114]   --->   Operation 352 'store' 'store_ln114' <Predicate = (!icmp_ln101 & and_ln118)> <Delay = 0.79> <CoreInst = "RAM">   --->   Core 83 'RAM' <Latency = 1> <II = 1> <Delay = 0.79> <Storage> <Opcode : 'load' 'store'> <Ports = 2> <Width = 8> <Depth = 32> <RAM>

State 16 <SV = 15> <Delay = 5.47>
ST_16 : Operation 353 [1/1] (2.87ns)   --->   "%s_conv1_read_28 = read i8 @_ssdm_op_Read.ap_fifo.volatile.i8P0A, i8 %s_conv1" [vgg_accelerator.cpp:108]   --->   Operation 353 'read' 's_conv1_read_28' <Predicate = (!icmp_ln101 & !and_ln118)> <Delay = 2.87> <CoreInst = "FIFO_SRL">   --->   Core 81 'FIFO_SRL' <Latency = 0> <II = 1> <Delay = 2.87> <Storage> <Opcode : 'read' 'write' 'nbread' 'nbwrite'> <Ports = 0> <Width = 8> <Depth = 128> <FIFO>
ST_16 : Operation 354 [1/1] (0.79ns)   --->   "%store_ln114 = store i8 %s_conv1_read_28, i5 %p_ZZ8max_poolILi16ELi32EEvRN3hls6streamI8ap_fixedILi8ELi4EL9ap_q_mode0EL9ap_o_mod_14" [vgg_accelerator.cpp:114]   --->   Operation 354 'store' 'store_ln114' <Predicate = (!icmp_ln101 & !and_ln118)> <Delay = 0.79> <CoreInst = "RAM">   --->   Core 83 'RAM' <Latency = 1> <II = 1> <Delay = 0.79> <Storage> <Opcode : 'load' 'store'> <Ports = 2> <Width = 8> <Depth = 32> <RAM>
ST_16 : Operation 355 [1/1] (0.00ns)   --->   "%p_0_0_033_13176_i_load = load i8 %p_0_0_033_13176_i" [vgg_accelerator.cpp:12->vgg_accelerator.cpp:119]   --->   Operation 355 'load' 'p_0_0_033_13176_i_load' <Predicate = (!icmp_ln101 & and_ln118)> <Delay = 0.00>
ST_16 : Operation 356 [1/1] (0.00ns)   --->   "%p_0_0_032_13177_i_load = load i8 %p_0_0_032_13177_i" [vgg_accelerator.cpp:12->vgg_accelerator.cpp:120]   --->   Operation 356 'load' 'p_0_0_032_13177_i_load' <Predicate = (!icmp_ln101 & and_ln118)> <Delay = 0.00>
ST_16 : Operation 357 [1/1] (0.85ns)   --->   "%icmp_ln1649_39 = icmp_sgt  i8 %p_0_0_033_13176_i_load, i8 %p_ZZ8max_poolILi16ELi32EEvRN3hls6streamI8ap_fixedILi8ELi4EL9ap_q_mode0EL9ap_o_mod_25"   --->   Operation 357 'icmp' 'icmp_ln1649_39' <Predicate = (!icmp_ln101 & and_ln118)> <Delay = 0.85> <CoreInst = "Cmp">   --->   Core 9 'Cmp' <Latency = 0> <II = 1> <Delay = 0.85> <FuncUnit> <Opcode : 'icmp'> <InPorts = 2> <OutPorts = 1>
ST_16 : Operation 358 [1/1] (0.44ns)   --->   "%max_0_V_107 = select i1 %icmp_ln1649_39, i8 %p_0_0_033_13176_i_load, i8 %p_ZZ8max_poolILi16ELi32EEvRN3hls6streamI8ap_fixedILi8ELi4EL9ap_q_mode0EL9ap_o_mod_25" [vgg_accelerator.cpp:12->vgg_accelerator.cpp:119]   --->   Operation 358 'select' 'max_0_V_107' <Predicate = (!icmp_ln101 & and_ln118)> <Delay = 0.44> <CoreInst = "Sel">   --->   Core 73 'Sel' <Latency = 0> <II = 1> <Delay = 0.44> <FuncUnit> <Opcode : 'select'> <InPorts = 3> <OutPorts = 1>
ST_16 : Operation 359 [1/1] (0.85ns)   --->   "%icmp_ln1649_40 = icmp_sgt  i8 %p_0_0_032_13177_i_load, i8 %s_conv1_read_12"   --->   Operation 359 'icmp' 'icmp_ln1649_40' <Predicate = (!icmp_ln101 & and_ln118)> <Delay = 0.85> <CoreInst = "Cmp">   --->   Core 9 'Cmp' <Latency = 0> <II = 1> <Delay = 0.85> <FuncUnit> <Opcode : 'icmp'> <InPorts = 2> <OutPorts = 1>
ST_16 : Operation 360 [1/1] (0.44ns)   --->   "%max_1_V_107 = select i1 %icmp_ln1649_40, i8 %p_0_0_032_13177_i_load, i8 %s_conv1_read_12" [vgg_accelerator.cpp:12->vgg_accelerator.cpp:120]   --->   Operation 360 'select' 'max_1_V_107' <Predicate = (!icmp_ln101 & and_ln118)> <Delay = 0.44> <CoreInst = "Sel">   --->   Core 73 'Sel' <Latency = 0> <II = 1> <Delay = 0.44> <FuncUnit> <Opcode : 'select'> <InPorts = 3> <OutPorts = 1>
ST_16 : Operation 361 [1/1] (0.85ns)   --->   "%icmp_ln1649_41 = icmp_sgt  i8 %max_0_V_107, i8 %max_1_V_107"   --->   Operation 361 'icmp' 'icmp_ln1649_41' <Predicate = (!icmp_ln101 & and_ln118)> <Delay = 0.85> <CoreInst = "Cmp">   --->   Core 9 'Cmp' <Latency = 0> <II = 1> <Delay = 0.85> <FuncUnit> <Opcode : 'icmp'> <InPorts = 2> <OutPorts = 1>
ST_16 : Operation 362 [1/1] (0.44ns)   --->   "%select_ln12_39 = select i1 %icmp_ln1649_41, i8 %max_0_V_107, i8 %max_1_V_107" [vgg_accelerator.cpp:12->vgg_accelerator.cpp:121]   --->   Operation 362 'select' 'select_ln12_39' <Predicate = (!icmp_ln101 & and_ln118)> <Delay = 0.44> <CoreInst = "Sel">   --->   Core 73 'Sel' <Latency = 0> <II = 1> <Delay = 0.44> <FuncUnit> <Opcode : 'select'> <InPorts = 3> <OutPorts = 1>
ST_16 : Operation 363 [1/1] (2.87ns)   --->   "%write_ln121 = write void @_ssdm_op_Write.ap_fifo.volatile.i8P0A, i8 %s_pool1, i8 %select_ln12_39" [vgg_accelerator.cpp:121]   --->   Operation 363 'write' 'write_ln121' <Predicate = (!icmp_ln101 & and_ln118)> <Delay = 2.87> <CoreInst = "FIFO_SRL">   --->   Core 81 'FIFO_SRL' <Latency = 0> <II = 1> <Delay = 2.87> <Storage> <Opcode : 'read' 'write' 'nbread' 'nbwrite'> <Ports = 0> <Width = 8> <Depth = 128> <FIFO>
ST_16 : Operation 364 [1/1] (2.87ns)   --->   "%s_conv1_read_13 = read i8 @_ssdm_op_Read.ap_fifo.volatile.i8P0A, i8 %s_conv1" [vgg_accelerator.cpp:108]   --->   Operation 364 'read' 's_conv1_read_13' <Predicate = (!icmp_ln101 & and_ln118)> <Delay = 2.87> <CoreInst = "FIFO_SRL">   --->   Core 81 'FIFO_SRL' <Latency = 0> <II = 1> <Delay = 2.87> <Storage> <Opcode : 'read' 'write' 'nbread' 'nbwrite'> <Ports = 0> <Width = 8> <Depth = 128> <FIFO>
ST_16 : Operation 365 [1/1] (0.79ns)   --->   "%store_ln114 = store i8 %s_conv1_read_13, i5 %p_ZZ8max_poolILi16ELi32EEvRN3hls6streamI8ap_fixedILi8ELi4EL9ap_q_mode0EL9ap_o_mod_26" [vgg_accelerator.cpp:114]   --->   Operation 365 'store' 'store_ln114' <Predicate = (!icmp_ln101 & and_ln118)> <Delay = 0.79> <CoreInst = "RAM">   --->   Core 83 'RAM' <Latency = 1> <II = 1> <Delay = 0.79> <Storage> <Opcode : 'load' 'store'> <Ports = 2> <Width = 8> <Depth = 32> <RAM>

State 17 <SV = 16> <Delay = 5.47>
ST_17 : Operation 366 [1/1] (2.87ns)   --->   "%s_conv1_read_29 = read i8 @_ssdm_op_Read.ap_fifo.volatile.i8P0A, i8 %s_conv1" [vgg_accelerator.cpp:108]   --->   Operation 366 'read' 's_conv1_read_29' <Predicate = (!icmp_ln101 & !and_ln118)> <Delay = 2.87> <CoreInst = "FIFO_SRL">   --->   Core 81 'FIFO_SRL' <Latency = 0> <II = 1> <Delay = 2.87> <Storage> <Opcode : 'read' 'write' 'nbread' 'nbwrite'> <Ports = 0> <Width = 8> <Depth = 128> <FIFO>
ST_17 : Operation 367 [2/2] (0.79ns)   --->   "%p_ZZ8max_poolILi16ELi32EEvRN3hls6streamI8ap_fixedILi8ELi4EL9ap_q_mode0EL9ap_o_mod_17 = load i5 %p_ZZ8max_poolILi16ELi32EEvRN3hls6streamI8ap_fixedILi8ELi4EL9ap_q_mode0EL9ap_o_mod_16" [vgg_accelerator.cpp:115]   --->   Operation 367 'load' 'p_ZZ8max_poolILi16ELi32EEvRN3hls6streamI8ap_fixedILi8ELi4EL9ap_q_mode0EL9ap_o_mod_17' <Predicate = (!icmp_ln101 & !and_ln118)> <Delay = 0.79> <CoreInst = "RAM">   --->   Core 83 'RAM' <Latency = 1> <II = 1> <Delay = 0.79> <Storage> <Opcode : 'load' 'store'> <Ports = 2> <Width = 8> <Depth = 32> <RAM>
ST_17 : Operation 368 [1/1] (0.79ns)   --->   "%store_ln114 = store i8 %s_conv1_read_29, i5 %p_ZZ8max_poolILi16ELi32EEvRN3hls6streamI8ap_fixedILi8ELi4EL9ap_q_mode0EL9ap_o_mod_16" [vgg_accelerator.cpp:114]   --->   Operation 368 'store' 'store_ln114' <Predicate = (!icmp_ln101 & !and_ln118)> <Delay = 0.79> <CoreInst = "RAM">   --->   Core 83 'RAM' <Latency = 1> <II = 1> <Delay = 0.79> <Storage> <Opcode : 'load' 'store'> <Ports = 2> <Width = 8> <Depth = 32> <RAM>
ST_17 : Operation 369 [1/1] (0.00ns)   --->   "%p_0_0_033_14178_i_load = load i8 %p_0_0_033_14178_i" [vgg_accelerator.cpp:12->vgg_accelerator.cpp:119]   --->   Operation 369 'load' 'p_0_0_033_14178_i_load' <Predicate = (!icmp_ln101 & and_ln118)> <Delay = 0.00>
ST_17 : Operation 370 [1/1] (0.00ns)   --->   "%p_0_0_032_14179_i_load = load i8 %p_0_0_032_14179_i" [vgg_accelerator.cpp:12->vgg_accelerator.cpp:120]   --->   Operation 370 'load' 'p_0_0_032_14179_i_load' <Predicate = (!icmp_ln101 & and_ln118)> <Delay = 0.00>
ST_17 : Operation 371 [1/1] (0.85ns)   --->   "%icmp_ln1649_42 = icmp_sgt  i8 %p_0_0_033_14178_i_load, i8 %p_ZZ8max_poolILi16ELi32EEvRN3hls6streamI8ap_fixedILi8ELi4EL9ap_q_mode0EL9ap_o_mod_27"   --->   Operation 371 'icmp' 'icmp_ln1649_42' <Predicate = (!icmp_ln101 & and_ln118)> <Delay = 0.85> <CoreInst = "Cmp">   --->   Core 9 'Cmp' <Latency = 0> <II = 1> <Delay = 0.85> <FuncUnit> <Opcode : 'icmp'> <InPorts = 2> <OutPorts = 1>
ST_17 : Operation 372 [1/1] (0.44ns)   --->   "%max_0_V_108 = select i1 %icmp_ln1649_42, i8 %p_0_0_033_14178_i_load, i8 %p_ZZ8max_poolILi16ELi32EEvRN3hls6streamI8ap_fixedILi8ELi4EL9ap_q_mode0EL9ap_o_mod_27" [vgg_accelerator.cpp:12->vgg_accelerator.cpp:119]   --->   Operation 372 'select' 'max_0_V_108' <Predicate = (!icmp_ln101 & and_ln118)> <Delay = 0.44> <CoreInst = "Sel">   --->   Core 73 'Sel' <Latency = 0> <II = 1> <Delay = 0.44> <FuncUnit> <Opcode : 'select'> <InPorts = 3> <OutPorts = 1>
ST_17 : Operation 373 [1/1] (0.85ns)   --->   "%icmp_ln1649_43 = icmp_sgt  i8 %p_0_0_032_14179_i_load, i8 %s_conv1_read_13"   --->   Operation 373 'icmp' 'icmp_ln1649_43' <Predicate = (!icmp_ln101 & and_ln118)> <Delay = 0.85> <CoreInst = "Cmp">   --->   Core 9 'Cmp' <Latency = 0> <II = 1> <Delay = 0.85> <FuncUnit> <Opcode : 'icmp'> <InPorts = 2> <OutPorts = 1>
ST_17 : Operation 374 [1/1] (0.44ns)   --->   "%max_1_V_108 = select i1 %icmp_ln1649_43, i8 %p_0_0_032_14179_i_load, i8 %s_conv1_read_13" [vgg_accelerator.cpp:12->vgg_accelerator.cpp:120]   --->   Operation 374 'select' 'max_1_V_108' <Predicate = (!icmp_ln101 & and_ln118)> <Delay = 0.44> <CoreInst = "Sel">   --->   Core 73 'Sel' <Latency = 0> <II = 1> <Delay = 0.44> <FuncUnit> <Opcode : 'select'> <InPorts = 3> <OutPorts = 1>
ST_17 : Operation 375 [1/1] (0.85ns)   --->   "%icmp_ln1649_44 = icmp_sgt  i8 %max_0_V_108, i8 %max_1_V_108"   --->   Operation 375 'icmp' 'icmp_ln1649_44' <Predicate = (!icmp_ln101 & and_ln118)> <Delay = 0.85> <CoreInst = "Cmp">   --->   Core 9 'Cmp' <Latency = 0> <II = 1> <Delay = 0.85> <FuncUnit> <Opcode : 'icmp'> <InPorts = 2> <OutPorts = 1>
ST_17 : Operation 376 [1/1] (0.44ns)   --->   "%select_ln12_42 = select i1 %icmp_ln1649_44, i8 %max_0_V_108, i8 %max_1_V_108" [vgg_accelerator.cpp:12->vgg_accelerator.cpp:121]   --->   Operation 376 'select' 'select_ln12_42' <Predicate = (!icmp_ln101 & and_ln118)> <Delay = 0.44> <CoreInst = "Sel">   --->   Core 73 'Sel' <Latency = 0> <II = 1> <Delay = 0.44> <FuncUnit> <Opcode : 'select'> <InPorts = 3> <OutPorts = 1>
ST_17 : Operation 377 [1/1] (2.87ns)   --->   "%write_ln121 = write void @_ssdm_op_Write.ap_fifo.volatile.i8P0A, i8 %s_pool1, i8 %select_ln12_42" [vgg_accelerator.cpp:121]   --->   Operation 377 'write' 'write_ln121' <Predicate = (!icmp_ln101 & and_ln118)> <Delay = 2.87> <CoreInst = "FIFO_SRL">   --->   Core 81 'FIFO_SRL' <Latency = 0> <II = 1> <Delay = 2.87> <Storage> <Opcode : 'read' 'write' 'nbread' 'nbwrite'> <Ports = 0> <Width = 8> <Depth = 128> <FIFO>
ST_17 : Operation 378 [1/1] (2.87ns)   --->   "%s_conv1_read_14 = read i8 @_ssdm_op_Read.ap_fifo.volatile.i8P0A, i8 %s_conv1" [vgg_accelerator.cpp:108]   --->   Operation 378 'read' 's_conv1_read_14' <Predicate = (!icmp_ln101 & and_ln118)> <Delay = 2.87> <CoreInst = "FIFO_SRL">   --->   Core 81 'FIFO_SRL' <Latency = 0> <II = 1> <Delay = 2.87> <Storage> <Opcode : 'read' 'write' 'nbread' 'nbwrite'> <Ports = 0> <Width = 8> <Depth = 128> <FIFO>
ST_17 : Operation 379 [2/2] (0.79ns)   --->   "%p_ZZ8max_poolILi16ELi32EEvRN3hls6streamI8ap_fixedILi8ELi4EL9ap_q_mode0EL9ap_o_mod_29 = load i5 %p_ZZ8max_poolILi16ELi32EEvRN3hls6streamI8ap_fixedILi8ELi4EL9ap_q_mode0EL9ap_o_mod_28" [vgg_accelerator.cpp:115]   --->   Operation 379 'load' 'p_ZZ8max_poolILi16ELi32EEvRN3hls6streamI8ap_fixedILi8ELi4EL9ap_q_mode0EL9ap_o_mod_29' <Predicate = (!icmp_ln101 & and_ln118)> <Delay = 0.79> <CoreInst = "RAM">   --->   Core 83 'RAM' <Latency = 1> <II = 1> <Delay = 0.79> <Storage> <Opcode : 'load' 'store'> <Ports = 2> <Width = 8> <Depth = 32> <RAM>
ST_17 : Operation 380 [1/1] (0.79ns)   --->   "%store_ln114 = store i8 %s_conv1_read_14, i5 %p_ZZ8max_poolILi16ELi32EEvRN3hls6streamI8ap_fixedILi8ELi4EL9ap_q_mode0EL9ap_o_mod_28" [vgg_accelerator.cpp:114]   --->   Operation 380 'store' 'store_ln114' <Predicate = (!icmp_ln101 & and_ln118)> <Delay = 0.79> <CoreInst = "RAM">   --->   Core 83 'RAM' <Latency = 1> <II = 1> <Delay = 0.79> <Storage> <Opcode : 'load' 'store'> <Ports = 2> <Width = 8> <Depth = 32> <RAM>

State 18 <SV = 17> <Delay = 6.26>
ST_18 : Operation 381 [1/2] (0.79ns)   --->   "%p_ZZ8max_poolILi16ELi32EEvRN3hls6streamI8ap_fixedILi8ELi4EL9ap_q_mode0EL9ap_o_mod_17 = load i5 %p_ZZ8max_poolILi16ELi32EEvRN3hls6streamI8ap_fixedILi8ELi4EL9ap_q_mode0EL9ap_o_mod_16" [vgg_accelerator.cpp:115]   --->   Operation 381 'load' 'p_ZZ8max_poolILi16ELi32EEvRN3hls6streamI8ap_fixedILi8ELi4EL9ap_q_mode0EL9ap_o_mod_17' <Predicate = (!icmp_ln101 & !and_ln118)> <Delay = 0.79> <CoreInst = "RAM">   --->   Core 83 'RAM' <Latency = 1> <II = 1> <Delay = 0.79> <Storage> <Opcode : 'load' 'store'> <Ports = 2> <Width = 8> <Depth = 32> <RAM>
ST_18 : Operation 382 [1/1] (0.48ns)   --->   "%br_ln118 = br void %for.inc.15.i" [vgg_accelerator.cpp:118]   --->   Operation 382 'br' 'br_ln118' <Predicate = (!icmp_ln101 & !and_ln118)> <Delay = 0.48>
ST_18 : Operation 383 [1/1] (0.00ns)   --->   "%p_0_0_033_15180_i_load = load i8 %p_0_0_033_15180_i" [vgg_accelerator.cpp:12->vgg_accelerator.cpp:119]   --->   Operation 383 'load' 'p_0_0_033_15180_i_load' <Predicate = (!icmp_ln101 & and_ln118)> <Delay = 0.00>
ST_18 : Operation 384 [1/1] (0.00ns)   --->   "%p_0_0_032_15181_i_load = load i8 %p_0_0_032_15181_i" [vgg_accelerator.cpp:12->vgg_accelerator.cpp:120]   --->   Operation 384 'load' 'p_0_0_032_15181_i_load' <Predicate = (!icmp_ln101 & and_ln118)> <Delay = 0.00>
ST_18 : Operation 385 [1/2] (0.79ns)   --->   "%p_ZZ8max_poolILi16ELi32EEvRN3hls6streamI8ap_fixedILi8ELi4EL9ap_q_mode0EL9ap_o_mod_29 = load i5 %p_ZZ8max_poolILi16ELi32EEvRN3hls6streamI8ap_fixedILi8ELi4EL9ap_q_mode0EL9ap_o_mod_28" [vgg_accelerator.cpp:115]   --->   Operation 385 'load' 'p_ZZ8max_poolILi16ELi32EEvRN3hls6streamI8ap_fixedILi8ELi4EL9ap_q_mode0EL9ap_o_mod_29' <Predicate = (!icmp_ln101 & and_ln118)> <Delay = 0.79> <CoreInst = "RAM">   --->   Core 83 'RAM' <Latency = 1> <II = 1> <Delay = 0.79> <Storage> <Opcode : 'load' 'store'> <Ports = 2> <Width = 8> <Depth = 32> <RAM>
ST_18 : Operation 386 [1/1] (0.85ns)   --->   "%icmp_ln1649_45 = icmp_sgt  i8 %p_0_0_033_15180_i_load, i8 %p_ZZ8max_poolILi16ELi32EEvRN3hls6streamI8ap_fixedILi8ELi4EL9ap_q_mode0EL9ap_o_mod_29"   --->   Operation 386 'icmp' 'icmp_ln1649_45' <Predicate = (!icmp_ln101 & and_ln118)> <Delay = 0.85> <CoreInst = "Cmp">   --->   Core 9 'Cmp' <Latency = 0> <II = 1> <Delay = 0.85> <FuncUnit> <Opcode : 'icmp'> <InPorts = 2> <OutPorts = 1>
ST_18 : Operation 387 [1/1] (0.44ns)   --->   "%max_0_V_109 = select i1 %icmp_ln1649_45, i8 %p_0_0_033_15180_i_load, i8 %p_ZZ8max_poolILi16ELi32EEvRN3hls6streamI8ap_fixedILi8ELi4EL9ap_q_mode0EL9ap_o_mod_29" [vgg_accelerator.cpp:12->vgg_accelerator.cpp:119]   --->   Operation 387 'select' 'max_0_V_109' <Predicate = (!icmp_ln101 & and_ln118)> <Delay = 0.44> <CoreInst = "Sel">   --->   Core 73 'Sel' <Latency = 0> <II = 1> <Delay = 0.44> <FuncUnit> <Opcode : 'select'> <InPorts = 3> <OutPorts = 1>
ST_18 : Operation 388 [1/1] (0.85ns)   --->   "%icmp_ln1649_46 = icmp_sgt  i8 %p_0_0_032_15181_i_load, i8 %s_conv1_read_14"   --->   Operation 388 'icmp' 'icmp_ln1649_46' <Predicate = (!icmp_ln101 & and_ln118)> <Delay = 0.85> <CoreInst = "Cmp">   --->   Core 9 'Cmp' <Latency = 0> <II = 1> <Delay = 0.85> <FuncUnit> <Opcode : 'icmp'> <InPorts = 2> <OutPorts = 1>
ST_18 : Operation 389 [1/1] (0.44ns)   --->   "%max_1_V_109 = select i1 %icmp_ln1649_46, i8 %p_0_0_032_15181_i_load, i8 %s_conv1_read_14" [vgg_accelerator.cpp:12->vgg_accelerator.cpp:120]   --->   Operation 389 'select' 'max_1_V_109' <Predicate = (!icmp_ln101 & and_ln118)> <Delay = 0.44> <CoreInst = "Sel">   --->   Core 73 'Sel' <Latency = 0> <II = 1> <Delay = 0.44> <FuncUnit> <Opcode : 'select'> <InPorts = 3> <OutPorts = 1>
ST_18 : Operation 390 [1/1] (0.85ns)   --->   "%icmp_ln1649_47 = icmp_sgt  i8 %max_0_V_109, i8 %max_1_V_109"   --->   Operation 390 'icmp' 'icmp_ln1649_47' <Predicate = (!icmp_ln101 & and_ln118)> <Delay = 0.85> <CoreInst = "Cmp">   --->   Core 9 'Cmp' <Latency = 0> <II = 1> <Delay = 0.85> <FuncUnit> <Opcode : 'icmp'> <InPorts = 2> <OutPorts = 1>
ST_18 : Operation 391 [1/1] (0.44ns)   --->   "%select_ln12_45 = select i1 %icmp_ln1649_47, i8 %max_0_V_109, i8 %max_1_V_109" [vgg_accelerator.cpp:12->vgg_accelerator.cpp:121]   --->   Operation 391 'select' 'select_ln12_45' <Predicate = (!icmp_ln101 & and_ln118)> <Delay = 0.44> <CoreInst = "Sel">   --->   Core 73 'Sel' <Latency = 0> <II = 1> <Delay = 0.44> <FuncUnit> <Opcode : 'select'> <InPorts = 3> <OutPorts = 1>
ST_18 : Operation 392 [1/1] (2.87ns)   --->   "%write_ln121 = write void @_ssdm_op_Write.ap_fifo.volatile.i8P0A, i8 %s_pool1, i8 %select_ln12_45" [vgg_accelerator.cpp:121]   --->   Operation 392 'write' 'write_ln121' <Predicate = (!icmp_ln101 & and_ln118)> <Delay = 2.87> <CoreInst = "FIFO_SRL">   --->   Core 81 'FIFO_SRL' <Latency = 0> <II = 1> <Delay = 2.87> <Storage> <Opcode : 'read' 'write' 'nbread' 'nbwrite'> <Ports = 0> <Width = 8> <Depth = 128> <FIFO>
ST_18 : Operation 393 [1/1] (0.48ns)   --->   "%br_ln122 = br void %for.inc.15.i" [vgg_accelerator.cpp:122]   --->   Operation 393 'br' 'br_ln122' <Predicate = (!icmp_ln101 & and_ln118)> <Delay = 0.48>
ST_18 : Operation 394 [1/1] (0.00ns)   --->   "%p_0_0_031_15531_i = phi i8 %s_conv1_read_29, void %for.inc.14.thread.i, i8 %s_conv1_read_14, void %if.then.15.i" [vgg_accelerator.cpp:108]   --->   Operation 394 'phi' 'p_0_0_031_15531_i' <Predicate = true> <Delay = 0.00>
ST_18 : Operation 395 [1/1] (0.00ns)   --->   "%p_0_0_030_15530_i = phi i8 %p_ZZ8max_poolILi16ELi32EEvRN3hls6streamI8ap_fixedILi8ELi4EL9ap_q_mode0EL9ap_o_mod_17, void %for.inc.14.thread.i, i8 %p_ZZ8max_poolILi16ELi32EEvRN3hls6streamI8ap_fixedILi8ELi4EL9ap_q_mode0EL9ap_o_mod_29, void %if.then.15.i" [vgg_accelerator.cpp:115]   --->   Operation 395 'phi' 'p_0_0_030_15530_i' <Predicate = true> <Delay = 0.00>
ST_18 : Operation 396 [1/1] (0.00ns)   --->   "%p_0_0_031_13467471529_i = phi i8 %s_conv1_read_27, void %for.inc.14.thread.i, i8 %s_conv1_read_12, void %if.then.15.i" [vgg_accelerator.cpp:108]   --->   Operation 396 'phi' 'p_0_0_031_13467471529_i' <Predicate = true> <Delay = 0.00>
ST_18 : Operation 397 [1/1] (0.00ns)   --->   "%p_0_0_030_13466472528_i = phi i8 %p_ZZ8max_poolILi16ELi32EEvRN3hls6streamI8ap_fixedILi8ELi4EL9ap_q_mode0EL9ap_o_mod_13, void %for.inc.14.thread.i, i8 %p_ZZ8max_poolILi16ELi32EEvRN3hls6streamI8ap_fixedILi8ELi4EL9ap_q_mode0EL9ap_o_mod_25, void %if.then.15.i" [vgg_accelerator.cpp:115]   --->   Operation 397 'phi' 'p_0_0_030_13466472528_i' <Predicate = true> <Delay = 0.00>
ST_18 : Operation 398 [1/1] (0.00ns)   --->   "%p_0_0_031_11411415465473527_i = phi i8 %s_conv1_read_25, void %for.inc.14.thread.i, i8 %s_conv1_read_10, void %if.then.15.i" [vgg_accelerator.cpp:108]   --->   Operation 398 'phi' 'p_0_0_031_11411415465473527_i' <Predicate = true> <Delay = 0.00>
ST_18 : Operation 399 [1/1] (0.00ns)   --->   "%p_0_0_030_11410416464474526_i = phi i8 %p_ZZ8max_poolILi16ELi32EEvRN3hls6streamI8ap_fixedILi8ELi4EL9ap_q_mode0EL9ap_o_mod_9, void %for.inc.14.thread.i, i8 %p_ZZ8max_poolILi16ELi32EEvRN3hls6streamI8ap_fixedILi8ELi4EL9ap_q_mode0EL9ap_o_mod_21, void %if.then.15.i" [vgg_accelerator.cpp:115]   --->   Operation 399 'phi' 'p_0_0_030_11410416464474526_i' <Predicate = true> <Delay = 0.00>
ST_18 : Operation 400 [1/1] (0.00ns)   --->   "%p_0_0_031_9363367409417463475525_i = phi i8 %s_conv1_read_23, void %for.inc.14.thread.i, i8 %s_conv1_read_8, void %if.then.15.i" [vgg_accelerator.cpp:108]   --->   Operation 400 'phi' 'p_0_0_031_9363367409417463475525_i' <Predicate = true> <Delay = 0.00>
ST_18 : Operation 401 [1/1] (0.00ns)   --->   "%p_0_0_030_9362368408418462476524_i = phi i8 %void_max_pool_stream_stream_ap_fixed_8_4_0_0_0_0_pool_buff_20_load_1, void %for.inc.14.thread.i, i8 %void_max_pool_stream_stream_ap_fixed_8_4_0_0_0_0_pool_buff_20_load, void %if.then.15.i" [vgg_accelerator.cpp:115]   --->   Operation 401 'phi' 'p_0_0_030_9362368408418462476524_i' <Predicate = true> <Delay = 0.00>
ST_18 : Operation 402 [1/1] (0.00ns)   --->   "%p_0_0_031_7323327361369407419461477523_i = phi i8 %s_conv1_read_21, void %for.inc.14.thread.i, i8 %s_conv1_read_6, void %if.then.15.i" [vgg_accelerator.cpp:108]   --->   Operation 402 'phi' 'p_0_0_031_7323327361369407419461477523_i' <Predicate = true> <Delay = 0.00>
ST_18 : Operation 403 [1/1] (0.00ns)   --->   "%p_0_0_030_7322328360370406420460478522_i = phi i8 %void_max_pool_stream_stream_ap_fixed_8_4_0_0_0_0_pool_buff_22_load_1, void %for.inc.14.thread.i, i8 %void_max_pool_stream_stream_ap_fixed_8_4_0_0_0_0_pool_buff_22_load, void %if.then.15.i" [vgg_accelerator.cpp:115]   --->   Operation 403 'phi' 'p_0_0_030_7322328360370406420460478522_i' <Predicate = true> <Delay = 0.00>
ST_18 : Operation 404 [1/1] (0.00ns)   --->   "%p_0_0_031_5291295321329359371405421459479521_i = phi i8 %s_conv1_read_19, void %for.inc.14.thread.i, i8 %s_conv1_read_4, void %if.then.15.i" [vgg_accelerator.cpp:108]   --->   Operation 404 'phi' 'p_0_0_031_5291295321329359371405421459479521_i' <Predicate = true> <Delay = 0.00>
ST_18 : Operation 405 [1/1] (0.00ns)   --->   "%p_0_0_030_5290296320330358372404422458480520_i = phi i8 %void_max_pool_stream_stream_ap_fixed_8_4_0_0_0_0_pool_buff_24_load_1, void %for.inc.14.thread.i, i8 %void_max_pool_stream_stream_ap_fixed_8_4_0_0_0_0_pool_buff_24_load, void %if.then.15.i" [vgg_accelerator.cpp:115]   --->   Operation 405 'phi' 'p_0_0_030_5290296320330358372404422458480520_i' <Predicate = true> <Delay = 0.00>
ST_18 : Operation 406 [1/1] (0.00ns)   --->   "%p_0_0_031_3267271289297319331357373403423457481519_i = phi i8 %s_conv1_read_17, void %for.inc.14.thread.i, i8 %s_conv1_read_2, void %if.then.15.i" [vgg_accelerator.cpp:108]   --->   Operation 406 'phi' 'p_0_0_031_3267271289297319331357373403423457481519_i' <Predicate = true> <Delay = 0.00>
ST_18 : Operation 407 [1/1] (0.00ns)   --->   "%p_0_0_030_3266272288298318332356374402424456482518_i = phi i8 %void_max_pool_stream_stream_ap_fixed_8_4_0_0_0_0_pool_buff_26_load_1, void %for.inc.14.thread.i, i8 %void_max_pool_stream_stream_ap_fixed_8_4_0_0_0_0_pool_buff_26_load, void %if.then.15.i" [vgg_accelerator.cpp:115]   --->   Operation 407 'phi' 'p_0_0_030_3266272288298318332356374402424456482518_i' <Predicate = true> <Delay = 0.00>
ST_18 : Operation 408 [1/1] (0.00ns)   --->   "%p_0_0_031_1251255265273287299317333355375401425455483517_i = phi i8 %s_conv1_read_15, void %for.inc.14.thread.i, i8 %s_conv1_read, void %if.then.15.i" [vgg_accelerator.cpp:108]   --->   Operation 408 'phi' 'p_0_0_031_1251255265273287299317333355375401425455483517_i' <Predicate = true> <Delay = 0.00>
ST_18 : Operation 409 [1/1] (0.00ns)   --->   "%p_0_0_030_1250256264274286300316334354376400426454484516_i = phi i8 %void_max_pool_stream_stream_ap_fixed_8_4_0_0_0_0_pool_buff_28_load_1, void %for.inc.14.thread.i, i8 %void_max_pool_stream_stream_ap_fixed_8_4_0_0_0_0_pool_buff_28_load, void %if.then.15.i" [vgg_accelerator.cpp:115]   --->   Operation 409 'phi' 'p_0_0_030_1250256264274286300316334354376400426454484516_i' <Predicate = true> <Delay = 0.00>
ST_18 : Operation 410 [1/1] (0.00ns)   --->   "%p_0_0_030_2257263275285301315335353377399427453485515_i = phi i8 %void_max_pool_stream_stream_ap_fixed_8_4_0_0_0_0_pool_buff_27_load_1, void %for.inc.14.thread.i, i8 %void_max_pool_stream_stream_ap_fixed_8_4_0_0_0_0_pool_buff_27_load, void %if.then.15.i" [vgg_accelerator.cpp:115]   --->   Operation 410 'phi' 'p_0_0_030_2257263275285301315335353377399427453485515_i' <Predicate = true> <Delay = 0.00>
ST_18 : Operation 411 [1/1] (0.00ns)   --->   "%p_0_0_031_2258262276284302314336352378398428452486514_i = phi i8 %s_conv1_read_16, void %for.inc.14.thread.i, i8 %s_conv1_read_1, void %if.then.15.i" [vgg_accelerator.cpp:108]   --->   Operation 411 'phi' 'p_0_0_031_2258262276284302314336352378398428452486514_i' <Predicate = true> <Delay = 0.00>
ST_18 : Operation 412 [1/1] (0.00ns)   --->   "%p_0_0_030_4277283303313337351379397429451487513_i = phi i8 %void_max_pool_stream_stream_ap_fixed_8_4_0_0_0_0_pool_buff_25_load_1, void %for.inc.14.thread.i, i8 %void_max_pool_stream_stream_ap_fixed_8_4_0_0_0_0_pool_buff_25_load, void %if.then.15.i" [vgg_accelerator.cpp:115]   --->   Operation 412 'phi' 'p_0_0_030_4277283303313337351379397429451487513_i' <Predicate = true> <Delay = 0.00>
ST_18 : Operation 413 [1/1] (0.00ns)   --->   "%p_0_0_031_4278282304312338350380396430450488512_i = phi i8 %s_conv1_read_18, void %for.inc.14.thread.i, i8 %s_conv1_read_3, void %if.then.15.i" [vgg_accelerator.cpp:108]   --->   Operation 413 'phi' 'p_0_0_031_4278282304312338350380396430450488512_i' <Predicate = true> <Delay = 0.00>
ST_18 : Operation 414 [1/1] (0.00ns)   --->   "%p_0_0_030_6305311339349381395431449489511_i = phi i8 %void_max_pool_stream_stream_ap_fixed_8_4_0_0_0_0_pool_buff_23_load_1, void %for.inc.14.thread.i, i8 %void_max_pool_stream_stream_ap_fixed_8_4_0_0_0_0_pool_buff_23_load, void %if.then.15.i" [vgg_accelerator.cpp:115]   --->   Operation 414 'phi' 'p_0_0_030_6305311339349381395431449489511_i' <Predicate = true> <Delay = 0.00>
ST_18 : Operation 415 [1/1] (0.00ns)   --->   "%p_0_0_031_6306310340348382394432448490510_i = phi i8 %s_conv1_read_20, void %for.inc.14.thread.i, i8 %s_conv1_read_5, void %if.then.15.i" [vgg_accelerator.cpp:108]   --->   Operation 415 'phi' 'p_0_0_031_6306310340348382394432448490510_i' <Predicate = true> <Delay = 0.00>
ST_18 : Operation 416 [1/1] (0.00ns)   --->   "%p_0_0_030_8341347383393433447491509_i = phi i8 %void_max_pool_stream_stream_ap_fixed_8_4_0_0_0_0_pool_buff_21_load_1, void %for.inc.14.thread.i, i8 %void_max_pool_stream_stream_ap_fixed_8_4_0_0_0_0_pool_buff_21_load, void %if.then.15.i" [vgg_accelerator.cpp:115]   --->   Operation 416 'phi' 'p_0_0_030_8341347383393433447491509_i' <Predicate = true> <Delay = 0.00>
ST_18 : Operation 417 [1/1] (0.00ns)   --->   "%p_0_0_031_8342346384392434446492508_i = phi i8 %s_conv1_read_22, void %for.inc.14.thread.i, i8 %s_conv1_read_7, void %if.then.15.i" [vgg_accelerator.cpp:108]   --->   Operation 417 'phi' 'p_0_0_031_8342346384392434446492508_i' <Predicate = true> <Delay = 0.00>
ST_18 : Operation 418 [1/1] (0.00ns)   --->   "%p_0_0_030_10385391435445493507_i = phi i8 %p_ZZ8max_poolILi16ELi32EEvRN3hls6streamI8ap_fixedILi8ELi4EL9ap_q_mode0EL9ap_o_mod_7, void %for.inc.14.thread.i, i8 %p_ZZ8max_poolILi16ELi32EEvRN3hls6streamI8ap_fixedILi8ELi4EL9ap_q_mode0EL9ap_o_mod_19, void %if.then.15.i" [vgg_accelerator.cpp:115]   --->   Operation 418 'phi' 'p_0_0_030_10385391435445493507_i' <Predicate = true> <Delay = 0.00>
ST_18 : Operation 419 [1/1] (0.00ns)   --->   "%p_0_0_031_10386390436444494506_i = phi i8 %s_conv1_read_24, void %for.inc.14.thread.i, i8 %s_conv1_read_9, void %if.then.15.i" [vgg_accelerator.cpp:108]   --->   Operation 419 'phi' 'p_0_0_031_10386390436444494506_i' <Predicate = true> <Delay = 0.00>
ST_18 : Operation 420 [1/1] (0.00ns)   --->   "%p_0_0_030_12437443495505_i = phi i8 %p_ZZ8max_poolILi16ELi32EEvRN3hls6streamI8ap_fixedILi8ELi4EL9ap_q_mode0EL9ap_o_mod_11, void %for.inc.14.thread.i, i8 %p_ZZ8max_poolILi16ELi32EEvRN3hls6streamI8ap_fixedILi8ELi4EL9ap_q_mode0EL9ap_o_mod_23, void %if.then.15.i" [vgg_accelerator.cpp:115]   --->   Operation 420 'phi' 'p_0_0_030_12437443495505_i' <Predicate = true> <Delay = 0.00>
ST_18 : Operation 421 [1/1] (0.00ns)   --->   "%p_0_0_031_12438442496504_i = phi i8 %s_conv1_read_26, void %for.inc.14.thread.i, i8 %s_conv1_read_11, void %if.then.15.i" [vgg_accelerator.cpp:108]   --->   Operation 421 'phi' 'p_0_0_031_12438442496504_i' <Predicate = true> <Delay = 0.00>
ST_18 : Operation 422 [1/1] (0.00ns)   --->   "%p_0_0_030_14497503_i = phi i8 %p_ZZ8max_poolILi16ELi32EEvRN3hls6streamI8ap_fixedILi8ELi4EL9ap_q_mode0EL9ap_o_mod_15, void %for.inc.14.thread.i, i8 %p_ZZ8max_poolILi16ELi32EEvRN3hls6streamI8ap_fixedILi8ELi4EL9ap_q_mode0EL9ap_o_mod_27, void %if.then.15.i" [vgg_accelerator.cpp:115]   --->   Operation 422 'phi' 'p_0_0_030_14497503_i' <Predicate = true> <Delay = 0.00>
ST_18 : Operation 423 [1/1] (0.00ns)   --->   "%p_0_0_031_14498502_i = phi i8 %s_conv1_read_28, void %for.inc.14.thread.i, i8 %s_conv1_read_13, void %if.then.15.i" [vgg_accelerator.cpp:108]   --->   Operation 423 'phi' 'p_0_0_031_14498502_i' <Predicate = true> <Delay = 0.00>
ST_18 : Operation 424 [1/1] (0.00ns)   --->   "%store_ln102 = store i8 %p_0_0_031_15531_i, i8 %p_0_0_032_15181_i" [vgg_accelerator.cpp:102]   --->   Operation 424 'store' 'store_ln102' <Predicate = true> <Delay = 0.00>
ST_18 : Operation 425 [1/1] (0.00ns)   --->   "%store_ln102 = store i8 %p_0_0_030_15530_i, i8 %p_0_0_033_15180_i" [vgg_accelerator.cpp:102]   --->   Operation 425 'store' 'store_ln102' <Predicate = true> <Delay = 0.00>
ST_18 : Operation 426 [1/1] (0.00ns)   --->   "%store_ln102 = store i8 %p_0_0_031_14498502_i, i8 %p_0_0_032_14179_i" [vgg_accelerator.cpp:102]   --->   Operation 426 'store' 'store_ln102' <Predicate = true> <Delay = 0.00>
ST_18 : Operation 427 [1/1] (0.00ns)   --->   "%store_ln102 = store i8 %p_0_0_030_14497503_i, i8 %p_0_0_033_14178_i" [vgg_accelerator.cpp:102]   --->   Operation 427 'store' 'store_ln102' <Predicate = true> <Delay = 0.00>
ST_18 : Operation 428 [1/1] (0.00ns)   --->   "%store_ln102 = store i8 %p_0_0_031_13467471529_i, i8 %p_0_0_032_13177_i" [vgg_accelerator.cpp:102]   --->   Operation 428 'store' 'store_ln102' <Predicate = true> <Delay = 0.00>
ST_18 : Operation 429 [1/1] (0.00ns)   --->   "%store_ln102 = store i8 %p_0_0_030_13466472528_i, i8 %p_0_0_033_13176_i" [vgg_accelerator.cpp:102]   --->   Operation 429 'store' 'store_ln102' <Predicate = true> <Delay = 0.00>
ST_18 : Operation 430 [1/1] (0.00ns)   --->   "%store_ln102 = store i8 %p_0_0_031_12438442496504_i, i8 %p_0_0_032_12175_i" [vgg_accelerator.cpp:102]   --->   Operation 430 'store' 'store_ln102' <Predicate = true> <Delay = 0.00>
ST_18 : Operation 431 [1/1] (0.00ns)   --->   "%store_ln102 = store i8 %p_0_0_030_12437443495505_i, i8 %p_0_0_033_12174_i" [vgg_accelerator.cpp:102]   --->   Operation 431 'store' 'store_ln102' <Predicate = true> <Delay = 0.00>
ST_18 : Operation 432 [1/1] (0.00ns)   --->   "%store_ln102 = store i8 %p_0_0_031_11411415465473527_i, i8 %p_0_0_032_11173_i" [vgg_accelerator.cpp:102]   --->   Operation 432 'store' 'store_ln102' <Predicate = true> <Delay = 0.00>
ST_18 : Operation 433 [1/1] (0.00ns)   --->   "%store_ln102 = store i8 %p_0_0_030_11410416464474526_i, i8 %p_0_0_033_11172_i" [vgg_accelerator.cpp:102]   --->   Operation 433 'store' 'store_ln102' <Predicate = true> <Delay = 0.00>
ST_18 : Operation 434 [1/1] (0.00ns)   --->   "%store_ln102 = store i8 %p_0_0_031_10386390436444494506_i, i8 %p_0_0_032_10171_i" [vgg_accelerator.cpp:102]   --->   Operation 434 'store' 'store_ln102' <Predicate = true> <Delay = 0.00>
ST_18 : Operation 435 [1/1] (0.00ns)   --->   "%store_ln102 = store i8 %p_0_0_030_10385391435445493507_i, i8 %p_0_0_033_10170_i" [vgg_accelerator.cpp:102]   --->   Operation 435 'store' 'store_ln102' <Predicate = true> <Delay = 0.00>
ST_18 : Operation 436 [1/1] (0.00ns)   --->   "%store_ln102 = store i8 %p_0_0_031_9363367409417463475525_i, i8 %p_0_0_032_9169_i" [vgg_accelerator.cpp:102]   --->   Operation 436 'store' 'store_ln102' <Predicate = true> <Delay = 0.00>
ST_18 : Operation 437 [1/1] (0.00ns)   --->   "%store_ln102 = store i8 %p_0_0_030_9362368408418462476524_i, i8 %p_0_0_033_9168_i" [vgg_accelerator.cpp:102]   --->   Operation 437 'store' 'store_ln102' <Predicate = true> <Delay = 0.00>
ST_18 : Operation 438 [1/1] (0.00ns)   --->   "%store_ln102 = store i8 %p_0_0_031_8342346384392434446492508_i, i8 %p_0_0_032_8167_i" [vgg_accelerator.cpp:102]   --->   Operation 438 'store' 'store_ln102' <Predicate = true> <Delay = 0.00>
ST_18 : Operation 439 [1/1] (0.00ns)   --->   "%store_ln102 = store i8 %p_0_0_030_8341347383393433447491509_i, i8 %p_0_0_033_8166_i" [vgg_accelerator.cpp:102]   --->   Operation 439 'store' 'store_ln102' <Predicate = true> <Delay = 0.00>
ST_18 : Operation 440 [1/1] (0.00ns)   --->   "%store_ln102 = store i8 %p_0_0_031_7323327361369407419461477523_i, i8 %p_0_0_032_7165_i" [vgg_accelerator.cpp:102]   --->   Operation 440 'store' 'store_ln102' <Predicate = true> <Delay = 0.00>
ST_18 : Operation 441 [1/1] (0.00ns)   --->   "%store_ln102 = store i8 %p_0_0_030_7322328360370406420460478522_i, i8 %p_0_0_033_7164_i" [vgg_accelerator.cpp:102]   --->   Operation 441 'store' 'store_ln102' <Predicate = true> <Delay = 0.00>
ST_18 : Operation 442 [1/1] (0.00ns)   --->   "%store_ln102 = store i8 %p_0_0_031_6306310340348382394432448490510_i, i8 %p_0_0_032_6163_i" [vgg_accelerator.cpp:102]   --->   Operation 442 'store' 'store_ln102' <Predicate = true> <Delay = 0.00>
ST_18 : Operation 443 [1/1] (0.00ns)   --->   "%store_ln102 = store i8 %p_0_0_030_6305311339349381395431449489511_i, i8 %p_0_0_033_6162_i" [vgg_accelerator.cpp:102]   --->   Operation 443 'store' 'store_ln102' <Predicate = true> <Delay = 0.00>
ST_18 : Operation 444 [1/1] (0.00ns)   --->   "%store_ln102 = store i8 %p_0_0_031_5291295321329359371405421459479521_i, i8 %p_0_0_032_5161_i" [vgg_accelerator.cpp:102]   --->   Operation 444 'store' 'store_ln102' <Predicate = true> <Delay = 0.00>
ST_18 : Operation 445 [1/1] (0.00ns)   --->   "%store_ln102 = store i8 %p_0_0_030_5290296320330358372404422458480520_i, i8 %p_0_0_033_5160_i" [vgg_accelerator.cpp:102]   --->   Operation 445 'store' 'store_ln102' <Predicate = true> <Delay = 0.00>
ST_18 : Operation 446 [1/1] (0.00ns)   --->   "%store_ln102 = store i8 %p_0_0_031_4278282304312338350380396430450488512_i, i8 %p_0_0_032_4159_i" [vgg_accelerator.cpp:102]   --->   Operation 446 'store' 'store_ln102' <Predicate = true> <Delay = 0.00>
ST_18 : Operation 447 [1/1] (0.00ns)   --->   "%store_ln102 = store i8 %p_0_0_030_4277283303313337351379397429451487513_i, i8 %p_0_0_033_4158_i" [vgg_accelerator.cpp:102]   --->   Operation 447 'store' 'store_ln102' <Predicate = true> <Delay = 0.00>
ST_18 : Operation 448 [1/1] (0.00ns)   --->   "%store_ln102 = store i8 %p_0_0_031_3267271289297319331357373403423457481519_i, i8 %p_0_0_032_3157_i" [vgg_accelerator.cpp:102]   --->   Operation 448 'store' 'store_ln102' <Predicate = true> <Delay = 0.00>
ST_18 : Operation 449 [1/1] (0.00ns)   --->   "%store_ln102 = store i8 %p_0_0_030_3266272288298318332356374402424456482518_i, i8 %p_0_0_033_3156_i" [vgg_accelerator.cpp:102]   --->   Operation 449 'store' 'store_ln102' <Predicate = true> <Delay = 0.00>
ST_18 : Operation 450 [1/1] (0.00ns)   --->   "%store_ln102 = store i8 %p_0_0_031_2258262276284302314336352378398428452486514_i, i8 %p_0_0_032_2155_i" [vgg_accelerator.cpp:102]   --->   Operation 450 'store' 'store_ln102' <Predicate = true> <Delay = 0.00>
ST_18 : Operation 451 [1/1] (0.00ns)   --->   "%store_ln102 = store i8 %p_0_0_030_2257263275285301315335353377399427453485515_i, i8 %p_0_0_033_2154_i" [vgg_accelerator.cpp:102]   --->   Operation 451 'store' 'store_ln102' <Predicate = true> <Delay = 0.00>
ST_18 : Operation 452 [1/1] (0.00ns)   --->   "%store_ln102 = store i8 %p_0_0_031_1251255265273287299317333355375401425455483517_i, i8 %p_0_0_032_1153_i" [vgg_accelerator.cpp:102]   --->   Operation 452 'store' 'store_ln102' <Predicate = true> <Delay = 0.00>
ST_18 : Operation 453 [1/1] (0.00ns)   --->   "%store_ln102 = store i8 %p_0_0_030_1250256264274286300316334354376400426454484516_i, i8 %p_0_0_033_1152_i" [vgg_accelerator.cpp:102]   --->   Operation 453 'store' 'store_ln102' <Predicate = true> <Delay = 0.00>
ST_18 : Operation 454 [1/1] (0.00ns)   --->   "%br_ln102 = br void %for.body34.i" [vgg_accelerator.cpp:102]   --->   Operation 454 'br' 'br_ln102' <Predicate = true> <Delay = 0.00>


============================================================
+ Verbose Summary: Timing violations
============================================================
Target clock period: 10ns, clock uncertainty: 2.7ns.

 <State 1>: 2.69ns
The critical path consists of the following:
	'alloca' operation ('c') [51]  (0 ns)
	'load' operation ('c_load', vgg_accelerator.cpp:102) on local variable 'c' [72]  (0 ns)
	'icmp' operation ('icmp_ln102', vgg_accelerator.cpp:102) [77]  (0.87 ns)
	'select' operation ('select_ln101', vgg_accelerator.cpp:101) [78]  (0.44 ns)
	'add' operation ('add_ln102', vgg_accelerator.cpp:102) [390]  (0.887 ns)
	'store' operation ('store_ln102', vgg_accelerator.cpp:102) of variable 'add_ln102', vgg_accelerator.cpp:102 on local variable 'c' [393]  (0.489 ns)

 <State 2>: 5.47ns
The critical path consists of the following:
	fifo read operation ('val_in', vgg_accelerator.cpp:108) on port 's_conv1' (vgg_accelerator.cpp:108) [85]  (2.87 ns)
	'icmp' operation ('icmp_ln1649_1') [188]  (0.856 ns)
	'select' operation ('max_1.V', vgg_accelerator.cpp:12->vgg_accelerator.cpp:120) [189]  (0.445 ns)
	'icmp' operation ('icmp_ln1649_2') [190]  (0.856 ns)
	'select' operation ('select_ln12', vgg_accelerator.cpp:12->vgg_accelerator.cpp:121) [191]  (0.445 ns)

 <State 3>: 3.66ns
The critical path consists of the following:
	fifo read operation ('s_conv1_read_15', vgg_accelerator.cpp:108) on port 's_conv1' (vgg_accelerator.cpp:108) [92]  (2.87 ns)
	'store' operation ('store_ln114', vgg_accelerator.cpp:114) of variable 's_conv1_read_15', vgg_accelerator.cpp:108 on array 'void_max_pool_stream_stream_ap_fixed_8_4_0_0_0_0_pool_buff_28' [95]  (0.79 ns)

 <State 4>: 5.47ns
The critical path consists of the following:
	'load' operation ('p_0_0_033_1152_i_load', vgg_accelerator.cpp:12->vgg_accelerator.cpp:119) on local variable 'p_0_0_033_1152_i' [156]  (0 ns)
	'icmp' operation ('icmp_ln1649_3') [197]  (0.856 ns)
	'select' operation ('max_0.V', vgg_accelerator.cpp:12->vgg_accelerator.cpp:119) [198]  (0.445 ns)
	'icmp' operation ('icmp_ln1649_5') [201]  (0.856 ns)
	'select' operation ('select_ln12_3', vgg_accelerator.cpp:12->vgg_accelerator.cpp:121) [202]  (0.445 ns)
	fifo write operation ('write_ln121', vgg_accelerator.cpp:121) on port 's_pool1' (vgg_accelerator.cpp:121) [203]  (2.87 ns)

 <State 5>: 5.47ns
The critical path consists of the following:
	'load' operation ('p_0_0_033_2154_i_load', vgg_accelerator.cpp:12->vgg_accelerator.cpp:119) on local variable 'p_0_0_033_2154_i' [158]  (0 ns)
	'icmp' operation ('icmp_ln1649_6') [208]  (0.856 ns)
	'select' operation ('max_0.V', vgg_accelerator.cpp:12->vgg_accelerator.cpp:119) [209]  (0.445 ns)
	'icmp' operation ('icmp_ln1649_8') [212]  (0.856 ns)
	'select' operation ('select_ln12_6', vgg_accelerator.cpp:12->vgg_accelerator.cpp:121) [213]  (0.445 ns)
	fifo write operation ('write_ln121', vgg_accelerator.cpp:121) on port 's_pool1' (vgg_accelerator.cpp:121) [214]  (2.87 ns)

 <State 6>: 5.47ns
The critical path consists of the following:
	'load' operation ('p_0_0_033_3156_i_load', vgg_accelerator.cpp:12->vgg_accelerator.cpp:119) on local variable 'p_0_0_033_3156_i' [160]  (0 ns)
	'icmp' operation ('icmp_ln1649_9') [219]  (0.856 ns)
	'select' operation ('max_0.V', vgg_accelerator.cpp:12->vgg_accelerator.cpp:119) [220]  (0.445 ns)
	'icmp' operation ('icmp_ln1649_11') [223]  (0.856 ns)
	'select' operation ('select_ln12_9', vgg_accelerator.cpp:12->vgg_accelerator.cpp:121) [224]  (0.445 ns)
	fifo write operation ('write_ln121', vgg_accelerator.cpp:121) on port 's_pool1' (vgg_accelerator.cpp:121) [225]  (2.87 ns)

 <State 7>: 5.47ns
The critical path consists of the following:
	'load' operation ('p_0_0_033_4158_i_load', vgg_accelerator.cpp:12->vgg_accelerator.cpp:119) on local variable 'p_0_0_033_4158_i' [162]  (0 ns)
	'icmp' operation ('icmp_ln1649_12') [230]  (0.856 ns)
	'select' operation ('max_0.V', vgg_accelerator.cpp:12->vgg_accelerator.cpp:119) [231]  (0.445 ns)
	'icmp' operation ('icmp_ln1649_14') [234]  (0.856 ns)
	'select' operation ('select_ln12_12', vgg_accelerator.cpp:12->vgg_accelerator.cpp:121) [235]  (0.445 ns)
	fifo write operation ('write_ln121', vgg_accelerator.cpp:121) on port 's_pool1' (vgg_accelerator.cpp:121) [236]  (2.87 ns)

 <State 8>: 5.47ns
The critical path consists of the following:
	'load' operation ('p_0_0_033_5160_i_load', vgg_accelerator.cpp:12->vgg_accelerator.cpp:119) on local variable 'p_0_0_033_5160_i' [164]  (0 ns)
	'icmp' operation ('icmp_ln1649_15') [241]  (0.856 ns)
	'select' operation ('max_0.V', vgg_accelerator.cpp:12->vgg_accelerator.cpp:119) [242]  (0.445 ns)
	'icmp' operation ('icmp_ln1649_17') [245]  (0.856 ns)
	'select' operation ('select_ln12_15', vgg_accelerator.cpp:12->vgg_accelerator.cpp:121) [246]  (0.445 ns)
	fifo write operation ('write_ln121', vgg_accelerator.cpp:121) on port 's_pool1' (vgg_accelerator.cpp:121) [247]  (2.87 ns)

 <State 9>: 5.47ns
The critical path consists of the following:
	'load' operation ('p_0_0_033_6162_i_load', vgg_accelerator.cpp:12->vgg_accelerator.cpp:119) on local variable 'p_0_0_033_6162_i' [166]  (0 ns)
	'icmp' operation ('icmp_ln1649_18') [252]  (0.856 ns)
	'select' operation ('max_0.V', vgg_accelerator.cpp:12->vgg_accelerator.cpp:119) [253]  (0.445 ns)
	'icmp' operation ('icmp_ln1649_20') [256]  (0.856 ns)
	'select' operation ('select_ln12_18', vgg_accelerator.cpp:12->vgg_accelerator.cpp:121) [257]  (0.445 ns)
	fifo write operation ('write_ln121', vgg_accelerator.cpp:121) on port 's_pool1' (vgg_accelerator.cpp:121) [258]  (2.87 ns)

 <State 10>: 5.47ns
The critical path consists of the following:
	'load' operation ('p_0_0_033_7164_i_load', vgg_accelerator.cpp:12->vgg_accelerator.cpp:119) on local variable 'p_0_0_033_7164_i' [168]  (0 ns)
	'icmp' operation ('icmp_ln1649_21') [263]  (0.856 ns)
	'select' operation ('max_0.V', vgg_accelerator.cpp:12->vgg_accelerator.cpp:119) [264]  (0.445 ns)
	'icmp' operation ('icmp_ln1649_23') [267]  (0.856 ns)
	'select' operation ('select_ln12_21', vgg_accelerator.cpp:12->vgg_accelerator.cpp:121) [268]  (0.445 ns)
	fifo write operation ('write_ln121', vgg_accelerator.cpp:121) on port 's_pool1' (vgg_accelerator.cpp:121) [269]  (2.87 ns)

 <State 11>: 5.47ns
The critical path consists of the following:
	'load' operation ('p_0_0_033_8166_i_load', vgg_accelerator.cpp:12->vgg_accelerator.cpp:119) on local variable 'p_0_0_033_8166_i' [170]  (0 ns)
	'icmp' operation ('icmp_ln1649_24') [274]  (0.856 ns)
	'select' operation ('max_0.V', vgg_accelerator.cpp:12->vgg_accelerator.cpp:119) [275]  (0.445 ns)
	'icmp' operation ('icmp_ln1649_26') [278]  (0.856 ns)
	'select' operation ('select_ln12_24', vgg_accelerator.cpp:12->vgg_accelerator.cpp:121) [279]  (0.445 ns)
	fifo write operation ('write_ln121', vgg_accelerator.cpp:121) on port 's_pool1' (vgg_accelerator.cpp:121) [280]  (2.87 ns)

 <State 12>: 5.47ns
The critical path consists of the following:
	'load' operation ('p_0_0_033_9168_i_load', vgg_accelerator.cpp:12->vgg_accelerator.cpp:119) on local variable 'p_0_0_033_9168_i' [172]  (0 ns)
	'icmp' operation ('icmp_ln1649_27') [285]  (0.856 ns)
	'select' operation ('max_0.V', vgg_accelerator.cpp:12->vgg_accelerator.cpp:119) [286]  (0.445 ns)
	'icmp' operation ('icmp_ln1649_29') [289]  (0.856 ns)
	'select' operation ('select_ln12_27', vgg_accelerator.cpp:12->vgg_accelerator.cpp:121) [290]  (0.445 ns)
	fifo write operation ('write_ln121', vgg_accelerator.cpp:121) on port 's_pool1' (vgg_accelerator.cpp:121) [291]  (2.87 ns)

 <State 13>: 5.47ns
The critical path consists of the following:
	'load' operation ('p_0_0_033_10170_i_load', vgg_accelerator.cpp:12->vgg_accelerator.cpp:119) on local variable 'p_0_0_033_10170_i' [174]  (0 ns)
	'icmp' operation ('icmp_ln1649_30') [296]  (0.856 ns)
	'select' operation ('max_0.V', vgg_accelerator.cpp:12->vgg_accelerator.cpp:119) [297]  (0.445 ns)
	'icmp' operation ('icmp_ln1649_32') [300]  (0.856 ns)
	'select' operation ('select_ln12_30', vgg_accelerator.cpp:12->vgg_accelerator.cpp:121) [301]  (0.445 ns)
	fifo write operation ('write_ln121', vgg_accelerator.cpp:121) on port 's_pool1' (vgg_accelerator.cpp:121) [302]  (2.87 ns)

 <State 14>: 5.47ns
The critical path consists of the following:
	'load' operation ('p_0_0_033_11172_i_load', vgg_accelerator.cpp:12->vgg_accelerator.cpp:119) on local variable 'p_0_0_033_11172_i' [176]  (0 ns)
	'icmp' operation ('icmp_ln1649_33') [307]  (0.856 ns)
	'select' operation ('max_0.V', vgg_accelerator.cpp:12->vgg_accelerator.cpp:119) [308]  (0.445 ns)
	'icmp' operation ('icmp_ln1649_35') [311]  (0.856 ns)
	'select' operation ('select_ln12_33', vgg_accelerator.cpp:12->vgg_accelerator.cpp:121) [312]  (0.445 ns)
	fifo write operation ('write_ln121', vgg_accelerator.cpp:121) on port 's_pool1' (vgg_accelerator.cpp:121) [313]  (2.87 ns)

 <State 15>: 5.47ns
The critical path consists of the following:
	'load' operation ('p_0_0_033_12174_i_load', vgg_accelerator.cpp:12->vgg_accelerator.cpp:119) on local variable 'p_0_0_033_12174_i' [178]  (0 ns)
	'icmp' operation ('icmp_ln1649_36') [318]  (0.856 ns)
	'select' operation ('max_0.V', vgg_accelerator.cpp:12->vgg_accelerator.cpp:119) [319]  (0.445 ns)
	'icmp' operation ('icmp_ln1649_38') [322]  (0.856 ns)
	'select' operation ('select_ln12_36', vgg_accelerator.cpp:12->vgg_accelerator.cpp:121) [323]  (0.445 ns)
	fifo write operation ('write_ln121', vgg_accelerator.cpp:121) on port 's_pool1' (vgg_accelerator.cpp:121) [324]  (2.87 ns)

 <State 16>: 5.47ns
The critical path consists of the following:
	'load' operation ('p_0_0_033_13176_i_load', vgg_accelerator.cpp:12->vgg_accelerator.cpp:119) on local variable 'p_0_0_033_13176_i' [180]  (0 ns)
	'icmp' operation ('icmp_ln1649_39') [329]  (0.856 ns)
	'select' operation ('max_0.V', vgg_accelerator.cpp:12->vgg_accelerator.cpp:119) [330]  (0.445 ns)
	'icmp' operation ('icmp_ln1649_41') [333]  (0.856 ns)
	'select' operation ('select_ln12_39', vgg_accelerator.cpp:12->vgg_accelerator.cpp:121) [334]  (0.445 ns)
	fifo write operation ('write_ln121', vgg_accelerator.cpp:121) on port 's_pool1' (vgg_accelerator.cpp:121) [335]  (2.87 ns)

 <State 17>: 5.47ns
The critical path consists of the following:
	'load' operation ('p_0_0_033_14178_i_load', vgg_accelerator.cpp:12->vgg_accelerator.cpp:119) on local variable 'p_0_0_033_14178_i' [182]  (0 ns)
	'icmp' operation ('icmp_ln1649_42') [340]  (0.856 ns)
	'select' operation ('max_0.V', vgg_accelerator.cpp:12->vgg_accelerator.cpp:119) [341]  (0.445 ns)
	'icmp' operation ('icmp_ln1649_44') [344]  (0.856 ns)
	'select' operation ('select_ln12_42', vgg_accelerator.cpp:12->vgg_accelerator.cpp:121) [345]  (0.445 ns)
	fifo write operation ('write_ln121', vgg_accelerator.cpp:121) on port 's_pool1' (vgg_accelerator.cpp:121) [346]  (2.87 ns)

 <State 18>: 6.26ns
The critical path consists of the following:
	'load' operation ('p_ZZ8max_poolILi16ELi32EEvRN3hls6streamI8ap_fixedILi8ELi4EL9ap_q_mode0EL9ap_o_mod_29', vgg_accelerator.cpp:115) on array 'p_ZZ8max_poolILi16ELi32EEvRN3hls6streamI8ap_fixedILi8ELi4EL9ap_q_mode0EL9ap_o_mod' [349]  (0.79 ns)
	'icmp' operation ('icmp_ln1649_45') [351]  (0.856 ns)
	'select' operation ('max_0.V', vgg_accelerator.cpp:12->vgg_accelerator.cpp:119) [352]  (0.445 ns)
	'icmp' operation ('icmp_ln1649_47') [355]  (0.856 ns)
	'select' operation ('select_ln12_45', vgg_accelerator.cpp:12->vgg_accelerator.cpp:121) [356]  (0.445 ns)
	fifo write operation ('write_ln121', vgg_accelerator.cpp:121) on port 's_pool1' (vgg_accelerator.cpp:121) [357]  (2.87 ns)


============================================================
+ Verbose Summary: Binding
============================================================
N/A
* FSMD analyzer results:
  - Output states:
 - Input state : 
  - Chain level:
	State 1
	State 2
	State 3
	State 4
	State 5
	State 6
	State 7
	State 8
	State 9
	State 10
	State 11
	State 12
	State 13
	State 14
	State 15
	State 16
	State 17
	State 18


============================================================
+ Verbose Summary: Datapath Resource usage 
============================================================
N/A
