

================================================================
== Vitis HLS Report for 'max_pool_32_16_s'
================================================================
* Date:           Thu Dec 11 20:07:03 2025

* Version:        2022.2 (Build 3670227 on Oct 13 2022)
* Project:        vgg_accelerator
* Solution:       solution1 (Vivado IP Flow Target)
* Product family: zynquplus
* Target device:  xczu5eg-sfvc784-1-e


================================================================
== Performance Estimates
================================================================
+ Timing: 
    * Summary: 
    +--------+----------+----------+------------+
    |  Clock |  Target  | Estimated| Uncertainty|
    +--------+----------+----------+------------+
    |ap_clk  |  10.00 ns|  7.252 ns|     2.70 ns|
    +--------+----------+----------+------------+

+ Latency: 
    * Summary: 
    +---------+---------+-----------+-----------+------+------+---------+
    |  Latency (cycles) |   Latency (absolute)  |   Interval  | Pipeline|
    |   min   |   max   |    min    |    max    |  min |  max |   Type  |
    +---------+---------+-----------+-----------+------+------+---------+
    |     8194|     8194|  81.940 us|  81.940 us|  8194|  8194|       no|
    +---------+---------+-----------+-----------+------+------+---------+

    + Detail: 
        * Instance: 
        N/A

        * Loop: 
        +-------------------------------------+---------+---------+----------+-----------+-----------+------+----------+
        |                                     |  Latency (cycles) | Iteration|  Initiation Interval  | Trip |          |
        |              Loop Name              |   min   |   max   |  Latency |  achieved |   target  | Count| Pipelined|
        +-------------------------------------+---------+---------+----------+-----------+-----------+------+----------+
        |- VITIS_LOOP_101_1_VITIS_LOOP_102_2  |     8192|     8192|        33|         32|          2|   256|       yes|
        +-------------------------------------+---------+---------+----------+-----------+-----------+------+----------+

============================================================
+ Verbose Summary: Synthesis Manager
============================================================
InlineROM: 1
ExposeGlobal: 0
============================================================
+ Verbose Summary: CDFG Model
============================================================
IsTopModel: 0
ResetActiveHigh: 1
IsCombinational: 2
IsDatapathOnly: 0
HasWiredReturn: 1
HasMFsm: 2
HasVarLatency: 1
IsPipeline: 0
IsRtlPipelined: 0
IsInstanceOverlapped: 0
IsDontTouch: 0
HasImplIP: 0
IsGatedGlobalClock: 0

+ Individual pipeline summary: 
  * Pipeline-0: initiation interval (II) = 32, depth = 33


============================================================
+ Verbose Summary: Schedule
============================================================
* Number of FSM states : 33
* Pipeline : 1
  Pipeline-0 : II = 32, D = 33, States = { 1 2 3 4 5 6 7 8 9 10 11 12 13 14 15 16 17 18 19 20 21 22 23 24 25 26 27 28 29 30 31 32 33 }
* Dataflow Pipeline: 0

* FSM state transitions: 
1 --> 2 
2 --> 3 
3 --> 4 
4 --> 5 
5 --> 6 
6 --> 7 
7 --> 8 
8 --> 9 
9 --> 10 
10 --> 11 
11 --> 12 
12 --> 13 
13 --> 14 
14 --> 15 
15 --> 16 
16 --> 17 
17 --> 18 
18 --> 19 
19 --> 20 
20 --> 21 
21 --> 22 
22 --> 23 
23 --> 24 
24 --> 25 
25 --> 26 
26 --> 27 
27 --> 28 
28 --> 29 
29 --> 30 
30 --> 31 
31 --> 32 
32 --> 33 
33 --> 

* FSM state operations: 

State 1 <SV = 0> <Delay = 2.72>
ST_1 : Operation 36 [1/1] (0.00ns)   --->   "%p_0_0_033198_i = alloca i32 1"   --->   Operation 36 'alloca' 'p_0_0_033198_i' <Predicate = true> <Delay = 0.00>
ST_1 : Operation 37 [1/1] (0.00ns)   --->   "%val_in = alloca i32 1"   --->   Operation 37 'alloca' 'val_in' <Predicate = true> <Delay = 0.00>
ST_1 : Operation 38 [1/1] (0.00ns)   --->   "%p_0_0_033_1200_i = alloca i32 1"   --->   Operation 38 'alloca' 'p_0_0_033_1200_i' <Predicate = true> <Delay = 0.00>
ST_1 : Operation 39 [1/1] (0.00ns)   --->   "%p_0_0_032_1201_i = alloca i32 1"   --->   Operation 39 'alloca' 'p_0_0_032_1201_i' <Predicate = true> <Delay = 0.00>
ST_1 : Operation 40 [1/1] (0.00ns)   --->   "%p_0_0_033_2202_i = alloca i32 1"   --->   Operation 40 'alloca' 'p_0_0_033_2202_i' <Predicate = true> <Delay = 0.00>
ST_1 : Operation 41 [1/1] (0.00ns)   --->   "%p_0_0_032_2203_i = alloca i32 1"   --->   Operation 41 'alloca' 'p_0_0_032_2203_i' <Predicate = true> <Delay = 0.00>
ST_1 : Operation 42 [1/1] (0.00ns)   --->   "%p_0_0_033_3204_i = alloca i32 1"   --->   Operation 42 'alloca' 'p_0_0_033_3204_i' <Predicate = true> <Delay = 0.00>
ST_1 : Operation 43 [1/1] (0.00ns)   --->   "%p_0_0_032_3205_i = alloca i32 1"   --->   Operation 43 'alloca' 'p_0_0_032_3205_i' <Predicate = true> <Delay = 0.00>
ST_1 : Operation 44 [1/1] (0.00ns)   --->   "%p_0_0_033_4206_i = alloca i32 1"   --->   Operation 44 'alloca' 'p_0_0_033_4206_i' <Predicate = true> <Delay = 0.00>
ST_1 : Operation 45 [1/1] (0.00ns)   --->   "%p_0_0_032_4207_i = alloca i32 1"   --->   Operation 45 'alloca' 'p_0_0_032_4207_i' <Predicate = true> <Delay = 0.00>
ST_1 : Operation 46 [1/1] (0.00ns)   --->   "%p_0_0_033_5208_i = alloca i32 1"   --->   Operation 46 'alloca' 'p_0_0_033_5208_i' <Predicate = true> <Delay = 0.00>
ST_1 : Operation 47 [1/1] (0.00ns)   --->   "%p_0_0_032_5209_i = alloca i32 1"   --->   Operation 47 'alloca' 'p_0_0_032_5209_i' <Predicate = true> <Delay = 0.00>
ST_1 : Operation 48 [1/1] (0.00ns)   --->   "%p_0_0_033_6210_i = alloca i32 1"   --->   Operation 48 'alloca' 'p_0_0_033_6210_i' <Predicate = true> <Delay = 0.00>
ST_1 : Operation 49 [1/1] (0.00ns)   --->   "%p_0_0_032_6211_i = alloca i32 1"   --->   Operation 49 'alloca' 'p_0_0_032_6211_i' <Predicate = true> <Delay = 0.00>
ST_1 : Operation 50 [1/1] (0.00ns)   --->   "%p_0_0_033_7212_i = alloca i32 1"   --->   Operation 50 'alloca' 'p_0_0_033_7212_i' <Predicate = true> <Delay = 0.00>
ST_1 : Operation 51 [1/1] (0.00ns)   --->   "%p_0_0_032_7213_i = alloca i32 1"   --->   Operation 51 'alloca' 'p_0_0_032_7213_i' <Predicate = true> <Delay = 0.00>
ST_1 : Operation 52 [1/1] (0.00ns)   --->   "%p_0_0_033_8214_i = alloca i32 1"   --->   Operation 52 'alloca' 'p_0_0_033_8214_i' <Predicate = true> <Delay = 0.00>
ST_1 : Operation 53 [1/1] (0.00ns)   --->   "%p_0_0_032_8215_i = alloca i32 1"   --->   Operation 53 'alloca' 'p_0_0_032_8215_i' <Predicate = true> <Delay = 0.00>
ST_1 : Operation 54 [1/1] (0.00ns)   --->   "%p_0_0_033_9216_i = alloca i32 1"   --->   Operation 54 'alloca' 'p_0_0_033_9216_i' <Predicate = true> <Delay = 0.00>
ST_1 : Operation 55 [1/1] (0.00ns)   --->   "%p_0_0_032_9217_i = alloca i32 1"   --->   Operation 55 'alloca' 'p_0_0_032_9217_i' <Predicate = true> <Delay = 0.00>
ST_1 : Operation 56 [1/1] (0.00ns)   --->   "%p_0_0_033_10218_i = alloca i32 1"   --->   Operation 56 'alloca' 'p_0_0_033_10218_i' <Predicate = true> <Delay = 0.00>
ST_1 : Operation 57 [1/1] (0.00ns)   --->   "%p_0_0_032_10219_i = alloca i32 1"   --->   Operation 57 'alloca' 'p_0_0_032_10219_i' <Predicate = true> <Delay = 0.00>
ST_1 : Operation 58 [1/1] (0.00ns)   --->   "%p_0_0_033_11220_i = alloca i32 1"   --->   Operation 58 'alloca' 'p_0_0_033_11220_i' <Predicate = true> <Delay = 0.00>
ST_1 : Operation 59 [1/1] (0.00ns)   --->   "%p_0_0_032_11221_i = alloca i32 1"   --->   Operation 59 'alloca' 'p_0_0_032_11221_i' <Predicate = true> <Delay = 0.00>
ST_1 : Operation 60 [1/1] (0.00ns)   --->   "%p_0_0_033_12222_i = alloca i32 1"   --->   Operation 60 'alloca' 'p_0_0_033_12222_i' <Predicate = true> <Delay = 0.00>
ST_1 : Operation 61 [1/1] (0.00ns)   --->   "%p_0_0_032_12223_i = alloca i32 1"   --->   Operation 61 'alloca' 'p_0_0_032_12223_i' <Predicate = true> <Delay = 0.00>
ST_1 : Operation 62 [1/1] (0.00ns)   --->   "%p_0_0_033_13224_i = alloca i32 1"   --->   Operation 62 'alloca' 'p_0_0_033_13224_i' <Predicate = true> <Delay = 0.00>
ST_1 : Operation 63 [1/1] (0.00ns)   --->   "%p_0_0_032_13225_i = alloca i32 1"   --->   Operation 63 'alloca' 'p_0_0_032_13225_i' <Predicate = true> <Delay = 0.00>
ST_1 : Operation 64 [1/1] (0.00ns)   --->   "%p_0_0_033_14226_i = alloca i32 1"   --->   Operation 64 'alloca' 'p_0_0_033_14226_i' <Predicate = true> <Delay = 0.00>
ST_1 : Operation 65 [1/1] (0.00ns)   --->   "%p_0_0_032_14227_i = alloca i32 1"   --->   Operation 65 'alloca' 'p_0_0_032_14227_i' <Predicate = true> <Delay = 0.00>
ST_1 : Operation 66 [1/1] (0.00ns)   --->   "%p_0_0_033_15228_i = alloca i32 1"   --->   Operation 66 'alloca' 'p_0_0_033_15228_i' <Predicate = true> <Delay = 0.00>
ST_1 : Operation 67 [1/1] (0.00ns)   --->   "%p_0_0_032_15229_i = alloca i32 1"   --->   Operation 67 'alloca' 'p_0_0_032_15229_i' <Predicate = true> <Delay = 0.00>
ST_1 : Operation 68 [1/1] (0.00ns)   --->   "%p_0_0_033_16230_i = alloca i32 1"   --->   Operation 68 'alloca' 'p_0_0_033_16230_i' <Predicate = true> <Delay = 0.00>
ST_1 : Operation 69 [1/1] (0.00ns)   --->   "%p_0_0_032_16231_i = alloca i32 1"   --->   Operation 69 'alloca' 'p_0_0_032_16231_i' <Predicate = true> <Delay = 0.00>
ST_1 : Operation 70 [1/1] (0.00ns)   --->   "%p_0_0_033_17232_i = alloca i32 1"   --->   Operation 70 'alloca' 'p_0_0_033_17232_i' <Predicate = true> <Delay = 0.00>
ST_1 : Operation 71 [1/1] (0.00ns)   --->   "%p_0_0_032_17233_i = alloca i32 1"   --->   Operation 71 'alloca' 'p_0_0_032_17233_i' <Predicate = true> <Delay = 0.00>
ST_1 : Operation 72 [1/1] (0.00ns)   --->   "%p_0_0_033_18234_i = alloca i32 1"   --->   Operation 72 'alloca' 'p_0_0_033_18234_i' <Predicate = true> <Delay = 0.00>
ST_1 : Operation 73 [1/1] (0.00ns)   --->   "%p_0_0_032_18235_i = alloca i32 1"   --->   Operation 73 'alloca' 'p_0_0_032_18235_i' <Predicate = true> <Delay = 0.00>
ST_1 : Operation 74 [1/1] (0.00ns)   --->   "%p_0_0_033_19236_i = alloca i32 1"   --->   Operation 74 'alloca' 'p_0_0_033_19236_i' <Predicate = true> <Delay = 0.00>
ST_1 : Operation 75 [1/1] (0.00ns)   --->   "%p_0_0_032_19237_i = alloca i32 1"   --->   Operation 75 'alloca' 'p_0_0_032_19237_i' <Predicate = true> <Delay = 0.00>
ST_1 : Operation 76 [1/1] (0.00ns)   --->   "%p_0_0_033_20238_i = alloca i32 1"   --->   Operation 76 'alloca' 'p_0_0_033_20238_i' <Predicate = true> <Delay = 0.00>
ST_1 : Operation 77 [1/1] (0.00ns)   --->   "%p_0_0_032_20239_i = alloca i32 1"   --->   Operation 77 'alloca' 'p_0_0_032_20239_i' <Predicate = true> <Delay = 0.00>
ST_1 : Operation 78 [1/1] (0.00ns)   --->   "%p_0_0_033_21240_i = alloca i32 1"   --->   Operation 78 'alloca' 'p_0_0_033_21240_i' <Predicate = true> <Delay = 0.00>
ST_1 : Operation 79 [1/1] (0.00ns)   --->   "%p_0_0_032_21241_i = alloca i32 1"   --->   Operation 79 'alloca' 'p_0_0_032_21241_i' <Predicate = true> <Delay = 0.00>
ST_1 : Operation 80 [1/1] (0.00ns)   --->   "%p_0_0_033_22242_i = alloca i32 1"   --->   Operation 80 'alloca' 'p_0_0_033_22242_i' <Predicate = true> <Delay = 0.00>
ST_1 : Operation 81 [1/1] (0.00ns)   --->   "%p_0_0_032_22243_i = alloca i32 1"   --->   Operation 81 'alloca' 'p_0_0_032_22243_i' <Predicate = true> <Delay = 0.00>
ST_1 : Operation 82 [1/1] (0.00ns)   --->   "%p_0_0_033_23244_i = alloca i32 1"   --->   Operation 82 'alloca' 'p_0_0_033_23244_i' <Predicate = true> <Delay = 0.00>
ST_1 : Operation 83 [1/1] (0.00ns)   --->   "%p_0_0_032_23245_i = alloca i32 1"   --->   Operation 83 'alloca' 'p_0_0_032_23245_i' <Predicate = true> <Delay = 0.00>
ST_1 : Operation 84 [1/1] (0.00ns)   --->   "%p_0_0_033_24246_i = alloca i32 1"   --->   Operation 84 'alloca' 'p_0_0_033_24246_i' <Predicate = true> <Delay = 0.00>
ST_1 : Operation 85 [1/1] (0.00ns)   --->   "%p_0_0_032_24247_i = alloca i32 1"   --->   Operation 85 'alloca' 'p_0_0_032_24247_i' <Predicate = true> <Delay = 0.00>
ST_1 : Operation 86 [1/1] (0.00ns)   --->   "%p_0_0_033_25248_i = alloca i32 1"   --->   Operation 86 'alloca' 'p_0_0_033_25248_i' <Predicate = true> <Delay = 0.00>
ST_1 : Operation 87 [1/1] (0.00ns)   --->   "%p_0_0_032_25249_i = alloca i32 1"   --->   Operation 87 'alloca' 'p_0_0_032_25249_i' <Predicate = true> <Delay = 0.00>
ST_1 : Operation 88 [1/1] (0.00ns)   --->   "%p_0_0_033_26250_i = alloca i32 1"   --->   Operation 88 'alloca' 'p_0_0_033_26250_i' <Predicate = true> <Delay = 0.00>
ST_1 : Operation 89 [1/1] (0.00ns)   --->   "%p_0_0_032_26251_i = alloca i32 1"   --->   Operation 89 'alloca' 'p_0_0_032_26251_i' <Predicate = true> <Delay = 0.00>
ST_1 : Operation 90 [1/1] (0.00ns)   --->   "%p_0_0_033_27252_i = alloca i32 1"   --->   Operation 90 'alloca' 'p_0_0_033_27252_i' <Predicate = true> <Delay = 0.00>
ST_1 : Operation 91 [1/1] (0.00ns)   --->   "%p_0_0_032_27253_i = alloca i32 1"   --->   Operation 91 'alloca' 'p_0_0_032_27253_i' <Predicate = true> <Delay = 0.00>
ST_1 : Operation 92 [1/1] (0.00ns)   --->   "%p_0_0_033_28254_i = alloca i32 1"   --->   Operation 92 'alloca' 'p_0_0_033_28254_i' <Predicate = true> <Delay = 0.00>
ST_1 : Operation 93 [1/1] (0.00ns)   --->   "%p_0_0_032_28255_i = alloca i32 1"   --->   Operation 93 'alloca' 'p_0_0_032_28255_i' <Predicate = true> <Delay = 0.00>
ST_1 : Operation 94 [1/1] (0.00ns)   --->   "%p_0_0_033_29256_i = alloca i32 1"   --->   Operation 94 'alloca' 'p_0_0_033_29256_i' <Predicate = true> <Delay = 0.00>
ST_1 : Operation 95 [1/1] (0.00ns)   --->   "%p_0_0_032_29257_i = alloca i32 1"   --->   Operation 95 'alloca' 'p_0_0_032_29257_i' <Predicate = true> <Delay = 0.00>
ST_1 : Operation 96 [1/1] (0.00ns)   --->   "%p_0_0_033_30258_i = alloca i32 1"   --->   Operation 96 'alloca' 'p_0_0_033_30258_i' <Predicate = true> <Delay = 0.00>
ST_1 : Operation 97 [1/1] (0.00ns)   --->   "%p_0_0_032_30259_i = alloca i32 1"   --->   Operation 97 'alloca' 'p_0_0_032_30259_i' <Predicate = true> <Delay = 0.00>
ST_1 : Operation 98 [1/1] (0.00ns)   --->   "%p_0_0_033_31260_i = alloca i32 1"   --->   Operation 98 'alloca' 'p_0_0_033_31260_i' <Predicate = true> <Delay = 0.00>
ST_1 : Operation 99 [1/1] (0.00ns)   --->   "%p_0_0_032_31261_i = alloca i32 1"   --->   Operation 99 'alloca' 'p_0_0_032_31261_i' <Predicate = true> <Delay = 0.00>
ST_1 : Operation 100 [1/1] (0.00ns)   --->   "%c = alloca i32 1"   --->   Operation 100 'alloca' 'c' <Predicate = true> <Delay = 0.00>
ST_1 : Operation 101 [1/1] (0.00ns)   --->   "%r = alloca i32 1"   --->   Operation 101 'alloca' 'r' <Predicate = true> <Delay = 0.00>
ST_1 : Operation 102 [1/1] (0.00ns)   --->   "%indvar_flatten = alloca i32 1"   --->   Operation 102 'alloca' 'indvar_flatten' <Predicate = true> <Delay = 0.00>
ST_1 : Operation 103 [1/1] (0.00ns)   --->   "%specinterface_ln0 = specinterface void @_ssdm_op_SpecInterface, i8 %s_conv2, void @empty_11, i32 0, i32 0, void @empty_4, i32 0, i32 0, void @empty_4, void @empty_4, void @empty_4, i32 0, i32 0, i32 0, i32 0, void @empty_4, void @empty_4, i32 4294967295, i32 0"   --->   Operation 103 'specinterface' 'specinterface_ln0' <Predicate = true> <Delay = 0.00>
ST_1 : Operation 104 [1/1] (0.00ns)   --->   "%specinterface_ln0 = specinterface void @_ssdm_op_SpecInterface, i8 %s_conv2, void @empty_11, i32 0, i32 0, void @empty_4, i32 0, i32 0, void @empty_4, void @empty_4, void @empty_4, i32 0, i32 0, i32 0, i32 0, void @empty_4, void @empty_4, i32 4294967295, i32 0"   --->   Operation 104 'specinterface' 'specinterface_ln0' <Predicate = true> <Delay = 0.00>
ST_1 : Operation 105 [1/1] (0.00ns)   --->   "%specinterface_ln0 = specinterface void @_ssdm_op_SpecInterface, i8 %s_conv2, void @empty_11, i32 0, i32 0, void @empty_4, i32 0, i32 0, void @empty_4, void @empty_4, void @empty_4, i32 0, i32 0, i32 0, i32 0, void @empty_4, void @empty_4, i32 4294967295, i32 0"   --->   Operation 105 'specinterface' 'specinterface_ln0' <Predicate = true> <Delay = 0.00>
ST_1 : Operation 106 [1/1] (0.00ns)   --->   "%specinterface_ln0 = specinterface void @_ssdm_op_SpecInterface, i8 %s_pool2, void @empty_11, i32 0, i32 0, void @empty_4, i32 0, i32 0, void @empty_4, void @empty_4, void @empty_4, i32 0, i32 0, i32 0, i32 0, void @empty_4, void @empty_4, i32 4294967295, i32 0"   --->   Operation 106 'specinterface' 'specinterface_ln0' <Predicate = true> <Delay = 0.00>
ST_1 : Operation 107 [1/1] (0.00ns)   --->   "%specinterface_ln0 = specinterface void @_ssdm_op_SpecInterface, i8 %s_pool2, void @empty_11, i32 0, i32 0, void @empty_4, i32 0, i32 0, void @empty_4, void @empty_4, void @empty_4, i32 0, i32 0, i32 0, i32 0, void @empty_4, void @empty_4, i32 4294967295, i32 0"   --->   Operation 107 'specinterface' 'specinterface_ln0' <Predicate = true> <Delay = 0.00>
ST_1 : Operation 108 [1/1] (0.00ns)   --->   "%specinterface_ln0 = specinterface void @_ssdm_op_SpecInterface, i8 %s_pool2, void @empty_11, i32 0, i32 0, void @empty_4, i32 0, i32 0, void @empty_4, void @empty_4, void @empty_4, i32 0, i32 0, i32 0, i32 0, void @empty_4, void @empty_4, i32 4294967295, i32 0"   --->   Operation 108 'specinterface' 'specinterface_ln0' <Predicate = true> <Delay = 0.00>
ST_1 : Operation 109 [1/1] (0.00ns)   --->   "%specinterface_ln0 = specinterface void @_ssdm_op_SpecInterface, i8 %s_pool2, void @empty_11, i32 0, i32 0, void @empty_4, i32 0, i32 0, void @empty_4, void @empty_4, void @empty_4, i32 0, i32 0, i32 0, i32 0, void @empty_4, void @empty_4, i32 4294967295, i32 0"   --->   Operation 109 'specinterface' 'specinterface_ln0' <Predicate = true> <Delay = 0.00>
ST_1 : Operation 110 [1/1] (0.00ns)   --->   "%specinterface_ln0 = specinterface void @_ssdm_op_SpecInterface, i8 %s_conv2, void @empty_11, i32 0, i32 0, void @empty_4, i32 0, i32 0, void @empty_4, void @empty_4, void @empty_4, i32 0, i32 0, i32 0, i32 0, void @empty_4, void @empty_4, i32 4294967295, i32 0"   --->   Operation 110 'specinterface' 'specinterface_ln0' <Predicate = true> <Delay = 0.00>
ST_1 : Operation 111 [1/1] (0.48ns)   --->   "%store_ln101 = store i9 0, i9 %indvar_flatten" [vgg_accelerator.cpp:101]   --->   Operation 111 'store' 'store_ln101' <Predicate = true> <Delay = 0.48>
ST_1 : Operation 112 [1/1] (0.48ns)   --->   "%store_ln101 = store i5 0, i5 %r" [vgg_accelerator.cpp:101]   --->   Operation 112 'store' 'store_ln101' <Predicate = true> <Delay = 0.48>
ST_1 : Operation 113 [1/1] (0.48ns)   --->   "%store_ln101 = store i5 0, i5 %c" [vgg_accelerator.cpp:101]   --->   Operation 113 'store' 'store_ln101' <Predicate = true> <Delay = 0.48>
ST_1 : Operation 114 [1/1] (0.00ns)   --->   "%br_ln101 = br void %for.body34.i" [vgg_accelerator.cpp:101]   --->   Operation 114 'br' 'br_ln101' <Predicate = true> <Delay = 0.00>
ST_1 : Operation 115 [1/1] (0.00ns)   --->   "%indvar_flatten_load = load i9 %indvar_flatten" [vgg_accelerator.cpp:101]   --->   Operation 115 'load' 'indvar_flatten_load' <Predicate = true> <Delay = 0.00>
ST_1 : Operation 116 [1/1] (0.85ns)   --->   "%icmp_ln101 = icmp_eq  i9 %indvar_flatten_load, i9 256" [vgg_accelerator.cpp:101]   --->   Operation 116 'icmp' 'icmp_ln101' <Predicate = true> <Delay = 0.85> <CoreInst = "Cmp">   --->   Core 9 'Cmp' <Latency = 0> <II = 1> <Delay = 0.85> <FuncUnit> <Opcode : 'icmp'> <InPorts = 2> <OutPorts = 1>
ST_1 : Operation 117 [1/1] (0.92ns)   --->   "%add_ln101 = add i9 %indvar_flatten_load, i9 1" [vgg_accelerator.cpp:101]   --->   Operation 117 'add' 'add_ln101' <Predicate = true> <Delay = 0.92> <CoreInst = "Adder">   --->   Core 1 'Adder' <Latency = 0> <II = 1> <Delay = 0.92> <FuncUnit> <Opcode : 'add' 'sub'> <InPorts = 2> <OutPorts = 1>
ST_1 : Operation 118 [1/1] (0.00ns)   --->   "%br_ln101 = br i1 %icmp_ln101, void %for.inc92.i, void %max_pool<32, 16>.exit" [vgg_accelerator.cpp:101]   --->   Operation 118 'br' 'br_ln101' <Predicate = true> <Delay = 0.00>
ST_1 : Operation 119 [1/1] (0.00ns)   --->   "%c_load = load i5 %c" [vgg_accelerator.cpp:102]   --->   Operation 119 'load' 'c_load' <Predicate = (!icmp_ln101)> <Delay = 0.00>
ST_1 : Operation 120 [1/1] (0.00ns)   --->   "%r_load = load i5 %r" [vgg_accelerator.cpp:101]   --->   Operation 120 'load' 'r_load' <Predicate = (!icmp_ln101)> <Delay = 0.00>
ST_1 : Operation 121 [1/1] (0.87ns)   --->   "%r_4 = add i5 %r_load, i5 1" [vgg_accelerator.cpp:101]   --->   Operation 121 'add' 'r_4' <Predicate = (!icmp_ln101)> <Delay = 0.87> <CoreInst = "Adder">   --->   Core 1 'Adder' <Latency = 0> <II = 1> <Delay = 0.87> <FuncUnit> <Opcode : 'add' 'sub'> <InPorts = 2> <OutPorts = 1>
ST_1 : Operation 122 [1/1] (0.87ns)   --->   "%icmp_ln102 = icmp_eq  i5 %c_load, i5 16" [vgg_accelerator.cpp:102]   --->   Operation 122 'icmp' 'icmp_ln102' <Predicate = (!icmp_ln101)> <Delay = 0.87> <CoreInst = "Cmp">   --->   Core 9 'Cmp' <Latency = 0> <II = 1> <Delay = 0.87> <FuncUnit> <Opcode : 'icmp'> <InPorts = 2> <OutPorts = 1>
ST_1 : Operation 123 [1/1] (0.48ns)   --->   "%select_ln101 = select i1 %icmp_ln102, i5 0, i5 %c_load" [vgg_accelerator.cpp:101]   --->   Operation 123 'select' 'select_ln101' <Predicate = (!icmp_ln101)> <Delay = 0.48> <CoreInst = "Sel">   --->   Core 73 'Sel' <Latency = 0> <II = 1> <Delay = 0.48> <FuncUnit> <Opcode : 'select'> <InPorts = 3> <OutPorts = 1>
ST_1 : Operation 124 [1/1] (0.48ns)   --->   "%select_ln101_2 = select i1 %icmp_ln102, i5 %r_4, i5 %r_load" [vgg_accelerator.cpp:101]   --->   Operation 124 'select' 'select_ln101_2' <Predicate = (!icmp_ln101)> <Delay = 0.48> <CoreInst = "Sel">   --->   Core 73 'Sel' <Latency = 0> <II = 1> <Delay = 0.48> <FuncUnit> <Opcode : 'select'> <InPorts = 3> <OutPorts = 1>
ST_1 : Operation 125 [1/1] (0.00ns)   --->   "%trunc_ln101 = trunc i5 %select_ln101_2" [vgg_accelerator.cpp:101]   --->   Operation 125 'trunc' 'trunc_ln101' <Predicate = (!icmp_ln101)> <Delay = 0.00>
ST_1 : Operation 126 [1/1] (0.00ns)   --->   "%zext_ln102 = zext i5 %select_ln101" [vgg_accelerator.cpp:102]   --->   Operation 126 'zext' 'zext_ln102' <Predicate = (!icmp_ln101)> <Delay = 0.00>
ST_1 : Operation 127 [1/1] (0.00ns)   --->   "%empty_37 = trunc i5 %select_ln101" [vgg_accelerator.cpp:101]   --->   Operation 127 'trunc' 'empty_37' <Predicate = (!icmp_ln101)> <Delay = 0.00>
ST_1 : Operation 128 [1/1] (0.00ns)   --->   "%void_max_pool_stream_stream_ap_fixed_8_4_0_0_0_0_pool_buff_19_addr = getelementptr i8 %void_max_pool_stream_stream_ap_fixed_8_4_0_0_0_0_pool_buff_19, i64 0, i64 %zext_ln102" [vgg_accelerator.cpp:113]   --->   Operation 128 'getelementptr' 'void_max_pool_stream_stream_ap_fixed_8_4_0_0_0_0_pool_buff_19_addr' <Predicate = (!icmp_ln101)> <Delay = 0.00>
ST_1 : Operation 129 [2/2] (0.79ns)   --->   "%void_max_pool_stream_stream_ap_fixed_8_4_0_0_0_0_pool_buff_19_load = load i4 %void_max_pool_stream_stream_ap_fixed_8_4_0_0_0_0_pool_buff_19_addr" [vgg_accelerator.cpp:115]   --->   Operation 129 'load' 'void_max_pool_stream_stream_ap_fixed_8_4_0_0_0_0_pool_buff_19_load' <Predicate = (!icmp_ln101)> <Delay = 0.79> <CoreInst = "RAM">   --->   Core 83 'RAM' <Latency = 1> <II = 1> <Delay = 0.79> <Storage> <Opcode : 'load' 'store'> <Ports = 2> <Width = 8> <Depth = 16> <RAM>
ST_1 : Operation 130 [1/1] (0.33ns)   --->   "%and_ln118 = and i1 %trunc_ln101, i1 %empty_37" [vgg_accelerator.cpp:118]   --->   Operation 130 'and' 'and_ln118' <Predicate = (!icmp_ln101)> <Delay = 0.33> <CoreInst = "LogicGate">   --->   Core 74 'LogicGate' <Latency = 0> <II = 1> <Delay = 0.33> <FuncUnit> <Opcode : 'and' 'or' 'xor'> <InPorts = 2> <OutPorts = 1>
ST_1 : Operation 131 [1/1] (0.00ns)   --->   "%br_ln118 = br i1 %and_ln118, void %for.inc.30.thread.i, void %if.then.31.i" [vgg_accelerator.cpp:118]   --->   Operation 131 'br' 'br_ln118' <Predicate = (!icmp_ln101)> <Delay = 0.00>
ST_1 : Operation 132 [1/1] (0.00ns)   --->   "%void_max_pool_stream_stream_ap_fixed_8_4_0_0_0_0_pool_buff_18_addr_1 = getelementptr i8 %void_max_pool_stream_stream_ap_fixed_8_4_0_0_0_0_pool_buff_18, i64 0, i64 %zext_ln102" [vgg_accelerator.cpp:113]   --->   Operation 132 'getelementptr' 'void_max_pool_stream_stream_ap_fixed_8_4_0_0_0_0_pool_buff_18_addr_1' <Predicate = (!icmp_ln101 & !and_ln118)> <Delay = 0.00>
ST_1 : Operation 133 [2/2] (0.79ns)   --->   "%void_max_pool_stream_stream_ap_fixed_8_4_0_0_0_0_pool_buff_18_load_1 = load i4 %void_max_pool_stream_stream_ap_fixed_8_4_0_0_0_0_pool_buff_18_addr_1" [vgg_accelerator.cpp:115]   --->   Operation 133 'load' 'void_max_pool_stream_stream_ap_fixed_8_4_0_0_0_0_pool_buff_18_load_1' <Predicate = (!icmp_ln101 & !and_ln118)> <Delay = 0.79> <CoreInst = "RAM">   --->   Core 83 'RAM' <Latency = 1> <II = 1> <Delay = 0.79> <Storage> <Opcode : 'load' 'store'> <Ports = 2> <Width = 8> <Depth = 16> <RAM>
ST_1 : Operation 134 [1/1] (0.00ns)   --->   "%void_max_pool_stream_stream_ap_fixed_8_4_0_0_0_0_pool_buff_17_addr_1 = getelementptr i8 %void_max_pool_stream_stream_ap_fixed_8_4_0_0_0_0_pool_buff_17, i64 0, i64 %zext_ln102" [vgg_accelerator.cpp:113]   --->   Operation 134 'getelementptr' 'void_max_pool_stream_stream_ap_fixed_8_4_0_0_0_0_pool_buff_17_addr_1' <Predicate = (!icmp_ln101 & !and_ln118)> <Delay = 0.00>
ST_1 : Operation 135 [2/2] (0.79ns)   --->   "%void_max_pool_stream_stream_ap_fixed_8_4_0_0_0_0_pool_buff_17_load_1 = load i4 %void_max_pool_stream_stream_ap_fixed_8_4_0_0_0_0_pool_buff_17_addr_1" [vgg_accelerator.cpp:115]   --->   Operation 135 'load' 'void_max_pool_stream_stream_ap_fixed_8_4_0_0_0_0_pool_buff_17_load_1' <Predicate = (!icmp_ln101 & !and_ln118)> <Delay = 0.79> <CoreInst = "RAM">   --->   Core 83 'RAM' <Latency = 1> <II = 1> <Delay = 0.79> <Storage> <Opcode : 'load' 'store'> <Ports = 2> <Width = 8> <Depth = 16> <RAM>
ST_1 : Operation 136 [1/1] (0.00ns)   --->   "%void_max_pool_stream_stream_ap_fixed_8_4_0_0_0_0_pool_buff_16_addr_1 = getelementptr i8 %void_max_pool_stream_stream_ap_fixed_8_4_0_0_0_0_pool_buff_16, i64 0, i64 %zext_ln102" [vgg_accelerator.cpp:113]   --->   Operation 136 'getelementptr' 'void_max_pool_stream_stream_ap_fixed_8_4_0_0_0_0_pool_buff_16_addr_1' <Predicate = (!icmp_ln101 & !and_ln118)> <Delay = 0.00>
ST_1 : Operation 137 [2/2] (0.79ns)   --->   "%void_max_pool_stream_stream_ap_fixed_8_4_0_0_0_0_pool_buff_16_load_1 = load i4 %void_max_pool_stream_stream_ap_fixed_8_4_0_0_0_0_pool_buff_16_addr_1" [vgg_accelerator.cpp:115]   --->   Operation 137 'load' 'void_max_pool_stream_stream_ap_fixed_8_4_0_0_0_0_pool_buff_16_load_1' <Predicate = (!icmp_ln101 & !and_ln118)> <Delay = 0.79> <CoreInst = "RAM">   --->   Core 83 'RAM' <Latency = 1> <II = 1> <Delay = 0.79> <Storage> <Opcode : 'load' 'store'> <Ports = 2> <Width = 8> <Depth = 16> <RAM>
ST_1 : Operation 138 [1/1] (0.00ns)   --->   "%void_max_pool_stream_stream_ap_fixed_8_4_0_0_0_0_pool_buff_15_addr_1 = getelementptr i8 %void_max_pool_stream_stream_ap_fixed_8_4_0_0_0_0_pool_buff_15, i64 0, i64 %zext_ln102" [vgg_accelerator.cpp:113]   --->   Operation 138 'getelementptr' 'void_max_pool_stream_stream_ap_fixed_8_4_0_0_0_0_pool_buff_15_addr_1' <Predicate = (!icmp_ln101 & !and_ln118)> <Delay = 0.00>
ST_1 : Operation 139 [2/2] (0.79ns)   --->   "%void_max_pool_stream_stream_ap_fixed_8_4_0_0_0_0_pool_buff_15_load_1 = load i4 %void_max_pool_stream_stream_ap_fixed_8_4_0_0_0_0_pool_buff_15_addr_1" [vgg_accelerator.cpp:115]   --->   Operation 139 'load' 'void_max_pool_stream_stream_ap_fixed_8_4_0_0_0_0_pool_buff_15_load_1' <Predicate = (!icmp_ln101 & !and_ln118)> <Delay = 0.79> <CoreInst = "RAM">   --->   Core 83 'RAM' <Latency = 1> <II = 1> <Delay = 0.79> <Storage> <Opcode : 'load' 'store'> <Ports = 2> <Width = 8> <Depth = 16> <RAM>
ST_1 : Operation 140 [1/1] (0.00ns)   --->   "%void_max_pool_stream_stream_ap_fixed_8_4_0_0_0_0_pool_buff_14_addr_1 = getelementptr i8 %void_max_pool_stream_stream_ap_fixed_8_4_0_0_0_0_pool_buff_14, i64 0, i64 %zext_ln102" [vgg_accelerator.cpp:113]   --->   Operation 140 'getelementptr' 'void_max_pool_stream_stream_ap_fixed_8_4_0_0_0_0_pool_buff_14_addr_1' <Predicate = (!icmp_ln101 & !and_ln118)> <Delay = 0.00>
ST_1 : Operation 141 [2/2] (0.79ns)   --->   "%void_max_pool_stream_stream_ap_fixed_8_4_0_0_0_0_pool_buff_14_load_1 = load i4 %void_max_pool_stream_stream_ap_fixed_8_4_0_0_0_0_pool_buff_14_addr_1" [vgg_accelerator.cpp:115]   --->   Operation 141 'load' 'void_max_pool_stream_stream_ap_fixed_8_4_0_0_0_0_pool_buff_14_load_1' <Predicate = (!icmp_ln101 & !and_ln118)> <Delay = 0.79> <CoreInst = "RAM">   --->   Core 83 'RAM' <Latency = 1> <II = 1> <Delay = 0.79> <Storage> <Opcode : 'load' 'store'> <Ports = 2> <Width = 8> <Depth = 16> <RAM>
ST_1 : Operation 142 [1/1] (0.00ns)   --->   "%void_max_pool_stream_stream_ap_fixed_8_4_0_0_0_0_pool_buff_13_addr_1 = getelementptr i8 %void_max_pool_stream_stream_ap_fixed_8_4_0_0_0_0_pool_buff_13, i64 0, i64 %zext_ln102" [vgg_accelerator.cpp:113]   --->   Operation 142 'getelementptr' 'void_max_pool_stream_stream_ap_fixed_8_4_0_0_0_0_pool_buff_13_addr_1' <Predicate = (!icmp_ln101 & !and_ln118)> <Delay = 0.00>
ST_1 : Operation 143 [2/2] (0.79ns)   --->   "%void_max_pool_stream_stream_ap_fixed_8_4_0_0_0_0_pool_buff_13_load_1 = load i4 %void_max_pool_stream_stream_ap_fixed_8_4_0_0_0_0_pool_buff_13_addr_1" [vgg_accelerator.cpp:115]   --->   Operation 143 'load' 'void_max_pool_stream_stream_ap_fixed_8_4_0_0_0_0_pool_buff_13_load_1' <Predicate = (!icmp_ln101 & !and_ln118)> <Delay = 0.79> <CoreInst = "RAM">   --->   Core 83 'RAM' <Latency = 1> <II = 1> <Delay = 0.79> <Storage> <Opcode : 'load' 'store'> <Ports = 2> <Width = 8> <Depth = 16> <RAM>
ST_1 : Operation 144 [1/1] (0.00ns)   --->   "%void_max_pool_stream_stream_ap_fixed_8_4_0_0_0_0_pool_buff_12_addr_1 = getelementptr i8 %void_max_pool_stream_stream_ap_fixed_8_4_0_0_0_0_pool_buff_12, i64 0, i64 %zext_ln102" [vgg_accelerator.cpp:113]   --->   Operation 144 'getelementptr' 'void_max_pool_stream_stream_ap_fixed_8_4_0_0_0_0_pool_buff_12_addr_1' <Predicate = (!icmp_ln101 & !and_ln118)> <Delay = 0.00>
ST_1 : Operation 145 [2/2] (0.79ns)   --->   "%void_max_pool_stream_stream_ap_fixed_8_4_0_0_0_0_pool_buff_12_load_1 = load i4 %void_max_pool_stream_stream_ap_fixed_8_4_0_0_0_0_pool_buff_12_addr_1" [vgg_accelerator.cpp:115]   --->   Operation 145 'load' 'void_max_pool_stream_stream_ap_fixed_8_4_0_0_0_0_pool_buff_12_load_1' <Predicate = (!icmp_ln101 & !and_ln118)> <Delay = 0.79> <CoreInst = "RAM">   --->   Core 83 'RAM' <Latency = 1> <II = 1> <Delay = 0.79> <Storage> <Opcode : 'load' 'store'> <Ports = 2> <Width = 8> <Depth = 16> <RAM>
ST_1 : Operation 146 [1/1] (0.00ns)   --->   "%void_max_pool_stream_stream_ap_fixed_8_4_0_0_0_0_pool_buff_11_addr_1 = getelementptr i8 %void_max_pool_stream_stream_ap_fixed_8_4_0_0_0_0_pool_buff_11, i64 0, i64 %zext_ln102" [vgg_accelerator.cpp:113]   --->   Operation 146 'getelementptr' 'void_max_pool_stream_stream_ap_fixed_8_4_0_0_0_0_pool_buff_11_addr_1' <Predicate = (!icmp_ln101 & !and_ln118)> <Delay = 0.00>
ST_1 : Operation 147 [2/2] (0.79ns)   --->   "%void_max_pool_stream_stream_ap_fixed_8_4_0_0_0_0_pool_buff_11_load_1 = load i4 %void_max_pool_stream_stream_ap_fixed_8_4_0_0_0_0_pool_buff_11_addr_1" [vgg_accelerator.cpp:115]   --->   Operation 147 'load' 'void_max_pool_stream_stream_ap_fixed_8_4_0_0_0_0_pool_buff_11_load_1' <Predicate = (!icmp_ln101 & !and_ln118)> <Delay = 0.79> <CoreInst = "RAM">   --->   Core 83 'RAM' <Latency = 1> <II = 1> <Delay = 0.79> <Storage> <Opcode : 'load' 'store'> <Ports = 2> <Width = 8> <Depth = 16> <RAM>
ST_1 : Operation 148 [1/1] (0.00ns)   --->   "%void_max_pool_stream_stream_ap_fixed_8_4_0_0_0_0_pool_buff_10_addr_1 = getelementptr i8 %void_max_pool_stream_stream_ap_fixed_8_4_0_0_0_0_pool_buff_10, i64 0, i64 %zext_ln102" [vgg_accelerator.cpp:113]   --->   Operation 148 'getelementptr' 'void_max_pool_stream_stream_ap_fixed_8_4_0_0_0_0_pool_buff_10_addr_1' <Predicate = (!icmp_ln101 & !and_ln118)> <Delay = 0.00>
ST_1 : Operation 149 [2/2] (0.79ns)   --->   "%void_max_pool_stream_stream_ap_fixed_8_4_0_0_0_0_pool_buff_10_load_1 = load i4 %void_max_pool_stream_stream_ap_fixed_8_4_0_0_0_0_pool_buff_10_addr_1" [vgg_accelerator.cpp:115]   --->   Operation 149 'load' 'void_max_pool_stream_stream_ap_fixed_8_4_0_0_0_0_pool_buff_10_load_1' <Predicate = (!icmp_ln101 & !and_ln118)> <Delay = 0.79> <CoreInst = "RAM">   --->   Core 83 'RAM' <Latency = 1> <II = 1> <Delay = 0.79> <Storage> <Opcode : 'load' 'store'> <Ports = 2> <Width = 8> <Depth = 16> <RAM>
ST_1 : Operation 150 [1/1] (0.00ns)   --->   "%p_ZZ8max_poolILi32ELi16EEvRN3hls6streamI8ap_fixedILi8ELi4EL9ap_q_mode0EL9ap_o_mod_22 = getelementptr i8 %p_ZZ8max_poolILi32ELi16EEvRN3hls6streamI8ap_fixedILi8ELi4EL9ap_q_mode0EL9ap_o_mod_21, i64 0, i64 %zext_ln102" [vgg_accelerator.cpp:113]   --->   Operation 150 'getelementptr' 'p_ZZ8max_poolILi32ELi16EEvRN3hls6streamI8ap_fixedILi8ELi4EL9ap_q_mode0EL9ap_o_mod_22' <Predicate = (!icmp_ln101 & !and_ln118)> <Delay = 0.00>
ST_1 : Operation 151 [2/2] (0.79ns)   --->   "%p_ZZ8max_poolILi32ELi16EEvRN3hls6streamI8ap_fixedILi8ELi4EL9ap_q_mode0EL9ap_o_mod_23 = load i4 %p_ZZ8max_poolILi32ELi16EEvRN3hls6streamI8ap_fixedILi8ELi4EL9ap_q_mode0EL9ap_o_mod_22" [vgg_accelerator.cpp:115]   --->   Operation 151 'load' 'p_ZZ8max_poolILi32ELi16EEvRN3hls6streamI8ap_fixedILi8ELi4EL9ap_q_mode0EL9ap_o_mod_23' <Predicate = (!icmp_ln101 & !and_ln118)> <Delay = 0.79> <CoreInst = "RAM">   --->   Core 83 'RAM' <Latency = 1> <II = 1> <Delay = 0.79> <Storage> <Opcode : 'load' 'store'> <Ports = 2> <Width = 8> <Depth = 16> <RAM>
ST_1 : Operation 152 [1/1] (0.00ns)   --->   "%p_ZZ8max_poolILi32ELi16EEvRN3hls6streamI8ap_fixedILi8ELi4EL9ap_q_mode0EL9ap_o_mod_24 = getelementptr i8 %p_ZZ8max_poolILi32ELi16EEvRN3hls6streamI8ap_fixedILi8ELi4EL9ap_q_mode0EL9ap_o_mod_20, i64 0, i64 %zext_ln102" [vgg_accelerator.cpp:113]   --->   Operation 152 'getelementptr' 'p_ZZ8max_poolILi32ELi16EEvRN3hls6streamI8ap_fixedILi8ELi4EL9ap_q_mode0EL9ap_o_mod_24' <Predicate = (!icmp_ln101 & !and_ln118)> <Delay = 0.00>
ST_1 : Operation 153 [2/2] (0.79ns)   --->   "%p_ZZ8max_poolILi32ELi16EEvRN3hls6streamI8ap_fixedILi8ELi4EL9ap_q_mode0EL9ap_o_mod_25 = load i4 %p_ZZ8max_poolILi32ELi16EEvRN3hls6streamI8ap_fixedILi8ELi4EL9ap_q_mode0EL9ap_o_mod_24" [vgg_accelerator.cpp:115]   --->   Operation 153 'load' 'p_ZZ8max_poolILi32ELi16EEvRN3hls6streamI8ap_fixedILi8ELi4EL9ap_q_mode0EL9ap_o_mod_25' <Predicate = (!icmp_ln101 & !and_ln118)> <Delay = 0.79> <CoreInst = "RAM">   --->   Core 83 'RAM' <Latency = 1> <II = 1> <Delay = 0.79> <Storage> <Opcode : 'load' 'store'> <Ports = 2> <Width = 8> <Depth = 16> <RAM>
ST_1 : Operation 154 [1/1] (0.00ns)   --->   "%p_ZZ8max_poolILi32ELi16EEvRN3hls6streamI8ap_fixedILi8ELi4EL9ap_q_mode0EL9ap_o_mod_26 = getelementptr i8 %p_ZZ8max_poolILi32ELi16EEvRN3hls6streamI8ap_fixedILi8ELi4EL9ap_q_mode0EL9ap_o_mod_19, i64 0, i64 %zext_ln102" [vgg_accelerator.cpp:113]   --->   Operation 154 'getelementptr' 'p_ZZ8max_poolILi32ELi16EEvRN3hls6streamI8ap_fixedILi8ELi4EL9ap_q_mode0EL9ap_o_mod_26' <Predicate = (!icmp_ln101 & !and_ln118)> <Delay = 0.00>
ST_1 : Operation 155 [2/2] (0.79ns)   --->   "%p_ZZ8max_poolILi32ELi16EEvRN3hls6streamI8ap_fixedILi8ELi4EL9ap_q_mode0EL9ap_o_mod_27 = load i4 %p_ZZ8max_poolILi32ELi16EEvRN3hls6streamI8ap_fixedILi8ELi4EL9ap_q_mode0EL9ap_o_mod_26" [vgg_accelerator.cpp:115]   --->   Operation 155 'load' 'p_ZZ8max_poolILi32ELi16EEvRN3hls6streamI8ap_fixedILi8ELi4EL9ap_q_mode0EL9ap_o_mod_27' <Predicate = (!icmp_ln101 & !and_ln118)> <Delay = 0.79> <CoreInst = "RAM">   --->   Core 83 'RAM' <Latency = 1> <II = 1> <Delay = 0.79> <Storage> <Opcode : 'load' 'store'> <Ports = 2> <Width = 8> <Depth = 16> <RAM>
ST_1 : Operation 156 [1/1] (0.00ns)   --->   "%p_ZZ8max_poolILi32ELi16EEvRN3hls6streamI8ap_fixedILi8ELi4EL9ap_q_mode0EL9ap_o_mod_28 = getelementptr i8 %p_ZZ8max_poolILi32ELi16EEvRN3hls6streamI8ap_fixedILi8ELi4EL9ap_q_mode0EL9ap_o_mod_18, i64 0, i64 %zext_ln102" [vgg_accelerator.cpp:113]   --->   Operation 156 'getelementptr' 'p_ZZ8max_poolILi32ELi16EEvRN3hls6streamI8ap_fixedILi8ELi4EL9ap_q_mode0EL9ap_o_mod_28' <Predicate = (!icmp_ln101 & !and_ln118)> <Delay = 0.00>
ST_1 : Operation 157 [2/2] (0.79ns)   --->   "%p_ZZ8max_poolILi32ELi16EEvRN3hls6streamI8ap_fixedILi8ELi4EL9ap_q_mode0EL9ap_o_mod_29 = load i4 %p_ZZ8max_poolILi32ELi16EEvRN3hls6streamI8ap_fixedILi8ELi4EL9ap_q_mode0EL9ap_o_mod_28" [vgg_accelerator.cpp:115]   --->   Operation 157 'load' 'p_ZZ8max_poolILi32ELi16EEvRN3hls6streamI8ap_fixedILi8ELi4EL9ap_q_mode0EL9ap_o_mod_29' <Predicate = (!icmp_ln101 & !and_ln118)> <Delay = 0.79> <CoreInst = "RAM">   --->   Core 83 'RAM' <Latency = 1> <II = 1> <Delay = 0.79> <Storage> <Opcode : 'load' 'store'> <Ports = 2> <Width = 8> <Depth = 16> <RAM>
ST_1 : Operation 158 [1/1] (0.00ns)   --->   "%p_ZZ8max_poolILi32ELi16EEvRN3hls6streamI8ap_fixedILi8ELi4EL9ap_q_mode0EL9ap_o_mod_30 = getelementptr i8 %p_ZZ8max_poolILi32ELi16EEvRN3hls6streamI8ap_fixedILi8ELi4EL9ap_q_mode0EL9ap_o_mod_17, i64 0, i64 %zext_ln102" [vgg_accelerator.cpp:113]   --->   Operation 158 'getelementptr' 'p_ZZ8max_poolILi32ELi16EEvRN3hls6streamI8ap_fixedILi8ELi4EL9ap_q_mode0EL9ap_o_mod_30' <Predicate = (!icmp_ln101 & !and_ln118)> <Delay = 0.00>
ST_1 : Operation 159 [2/2] (0.79ns)   --->   "%p_ZZ8max_poolILi32ELi16EEvRN3hls6streamI8ap_fixedILi8ELi4EL9ap_q_mode0EL9ap_o_mod_31 = load i4 %p_ZZ8max_poolILi32ELi16EEvRN3hls6streamI8ap_fixedILi8ELi4EL9ap_q_mode0EL9ap_o_mod_30" [vgg_accelerator.cpp:115]   --->   Operation 159 'load' 'p_ZZ8max_poolILi32ELi16EEvRN3hls6streamI8ap_fixedILi8ELi4EL9ap_q_mode0EL9ap_o_mod_31' <Predicate = (!icmp_ln101 & !and_ln118)> <Delay = 0.79> <CoreInst = "RAM">   --->   Core 83 'RAM' <Latency = 1> <II = 1> <Delay = 0.79> <Storage> <Opcode : 'load' 'store'> <Ports = 2> <Width = 8> <Depth = 16> <RAM>
ST_1 : Operation 160 [1/1] (0.00ns)   --->   "%p_ZZ8max_poolILi32ELi16EEvRN3hls6streamI8ap_fixedILi8ELi4EL9ap_q_mode0EL9ap_o_mod_32 = getelementptr i8 %p_ZZ8max_poolILi32ELi16EEvRN3hls6streamI8ap_fixedILi8ELi4EL9ap_q_mode0EL9ap_o_mod_16, i64 0, i64 %zext_ln102" [vgg_accelerator.cpp:113]   --->   Operation 160 'getelementptr' 'p_ZZ8max_poolILi32ELi16EEvRN3hls6streamI8ap_fixedILi8ELi4EL9ap_q_mode0EL9ap_o_mod_32' <Predicate = (!icmp_ln101 & !and_ln118)> <Delay = 0.00>
ST_1 : Operation 161 [2/2] (0.79ns)   --->   "%p_ZZ8max_poolILi32ELi16EEvRN3hls6streamI8ap_fixedILi8ELi4EL9ap_q_mode0EL9ap_o_mod_33 = load i4 %p_ZZ8max_poolILi32ELi16EEvRN3hls6streamI8ap_fixedILi8ELi4EL9ap_q_mode0EL9ap_o_mod_32" [vgg_accelerator.cpp:115]   --->   Operation 161 'load' 'p_ZZ8max_poolILi32ELi16EEvRN3hls6streamI8ap_fixedILi8ELi4EL9ap_q_mode0EL9ap_o_mod_33' <Predicate = (!icmp_ln101 & !and_ln118)> <Delay = 0.79> <CoreInst = "RAM">   --->   Core 83 'RAM' <Latency = 1> <II = 1> <Delay = 0.79> <Storage> <Opcode : 'load' 'store'> <Ports = 2> <Width = 8> <Depth = 16> <RAM>
ST_1 : Operation 162 [1/1] (0.00ns)   --->   "%p_ZZ8max_poolILi32ELi16EEvRN3hls6streamI8ap_fixedILi8ELi4EL9ap_q_mode0EL9ap_o_mod_34 = getelementptr i8 %p_ZZ8max_poolILi32ELi16EEvRN3hls6streamI8ap_fixedILi8ELi4EL9ap_q_mode0EL9ap_o_mod_15, i64 0, i64 %zext_ln102" [vgg_accelerator.cpp:113]   --->   Operation 162 'getelementptr' 'p_ZZ8max_poolILi32ELi16EEvRN3hls6streamI8ap_fixedILi8ELi4EL9ap_q_mode0EL9ap_o_mod_34' <Predicate = (!icmp_ln101 & !and_ln118)> <Delay = 0.00>
ST_1 : Operation 163 [2/2] (0.79ns)   --->   "%p_ZZ8max_poolILi32ELi16EEvRN3hls6streamI8ap_fixedILi8ELi4EL9ap_q_mode0EL9ap_o_mod_35 = load i4 %p_ZZ8max_poolILi32ELi16EEvRN3hls6streamI8ap_fixedILi8ELi4EL9ap_q_mode0EL9ap_o_mod_34" [vgg_accelerator.cpp:115]   --->   Operation 163 'load' 'p_ZZ8max_poolILi32ELi16EEvRN3hls6streamI8ap_fixedILi8ELi4EL9ap_q_mode0EL9ap_o_mod_35' <Predicate = (!icmp_ln101 & !and_ln118)> <Delay = 0.79> <CoreInst = "RAM">   --->   Core 83 'RAM' <Latency = 1> <II = 1> <Delay = 0.79> <Storage> <Opcode : 'load' 'store'> <Ports = 2> <Width = 8> <Depth = 16> <RAM>
ST_1 : Operation 164 [1/1] (0.00ns)   --->   "%p_ZZ8max_poolILi32ELi16EEvRN3hls6streamI8ap_fixedILi8ELi4EL9ap_q_mode0EL9ap_o_mod_36 = getelementptr i8 %p_ZZ8max_poolILi32ELi16EEvRN3hls6streamI8ap_fixedILi8ELi4EL9ap_q_mode0EL9ap_o_mod_14, i64 0, i64 %zext_ln102" [vgg_accelerator.cpp:113]   --->   Operation 164 'getelementptr' 'p_ZZ8max_poolILi32ELi16EEvRN3hls6streamI8ap_fixedILi8ELi4EL9ap_q_mode0EL9ap_o_mod_36' <Predicate = (!icmp_ln101 & !and_ln118)> <Delay = 0.00>
ST_1 : Operation 165 [2/2] (0.79ns)   --->   "%p_ZZ8max_poolILi32ELi16EEvRN3hls6streamI8ap_fixedILi8ELi4EL9ap_q_mode0EL9ap_o_mod_37 = load i4 %p_ZZ8max_poolILi32ELi16EEvRN3hls6streamI8ap_fixedILi8ELi4EL9ap_q_mode0EL9ap_o_mod_36" [vgg_accelerator.cpp:115]   --->   Operation 165 'load' 'p_ZZ8max_poolILi32ELi16EEvRN3hls6streamI8ap_fixedILi8ELi4EL9ap_q_mode0EL9ap_o_mod_37' <Predicate = (!icmp_ln101 & !and_ln118)> <Delay = 0.79> <CoreInst = "RAM">   --->   Core 83 'RAM' <Latency = 1> <II = 1> <Delay = 0.79> <Storage> <Opcode : 'load' 'store'> <Ports = 2> <Width = 8> <Depth = 16> <RAM>
ST_1 : Operation 166 [1/1] (0.00ns)   --->   "%p_ZZ8max_poolILi32ELi16EEvRN3hls6streamI8ap_fixedILi8ELi4EL9ap_q_mode0EL9ap_o_mod_38 = getelementptr i8 %p_ZZ8max_poolILi32ELi16EEvRN3hls6streamI8ap_fixedILi8ELi4EL9ap_q_mode0EL9ap_o_mod_13, i64 0, i64 %zext_ln102" [vgg_accelerator.cpp:113]   --->   Operation 166 'getelementptr' 'p_ZZ8max_poolILi32ELi16EEvRN3hls6streamI8ap_fixedILi8ELi4EL9ap_q_mode0EL9ap_o_mod_38' <Predicate = (!icmp_ln101 & !and_ln118)> <Delay = 0.00>
ST_1 : Operation 167 [2/2] (0.79ns)   --->   "%p_ZZ8max_poolILi32ELi16EEvRN3hls6streamI8ap_fixedILi8ELi4EL9ap_q_mode0EL9ap_o_mod_39 = load i4 %p_ZZ8max_poolILi32ELi16EEvRN3hls6streamI8ap_fixedILi8ELi4EL9ap_q_mode0EL9ap_o_mod_38" [vgg_accelerator.cpp:115]   --->   Operation 167 'load' 'p_ZZ8max_poolILi32ELi16EEvRN3hls6streamI8ap_fixedILi8ELi4EL9ap_q_mode0EL9ap_o_mod_39' <Predicate = (!icmp_ln101 & !and_ln118)> <Delay = 0.79> <CoreInst = "RAM">   --->   Core 83 'RAM' <Latency = 1> <II = 1> <Delay = 0.79> <Storage> <Opcode : 'load' 'store'> <Ports = 2> <Width = 8> <Depth = 16> <RAM>
ST_1 : Operation 168 [1/1] (0.00ns)   --->   "%p_ZZ8max_poolILi32ELi16EEvRN3hls6streamI8ap_fixedILi8ELi4EL9ap_q_mode0EL9ap_o_mod_40 = getelementptr i8 %p_ZZ8max_poolILi32ELi16EEvRN3hls6streamI8ap_fixedILi8ELi4EL9ap_q_mode0EL9ap_o_mod_12, i64 0, i64 %zext_ln102" [vgg_accelerator.cpp:113]   --->   Operation 168 'getelementptr' 'p_ZZ8max_poolILi32ELi16EEvRN3hls6streamI8ap_fixedILi8ELi4EL9ap_q_mode0EL9ap_o_mod_40' <Predicate = (!icmp_ln101 & !and_ln118)> <Delay = 0.00>
ST_1 : Operation 169 [2/2] (0.79ns)   --->   "%p_ZZ8max_poolILi32ELi16EEvRN3hls6streamI8ap_fixedILi8ELi4EL9ap_q_mode0EL9ap_o_mod_41 = load i4 %p_ZZ8max_poolILi32ELi16EEvRN3hls6streamI8ap_fixedILi8ELi4EL9ap_q_mode0EL9ap_o_mod_40" [vgg_accelerator.cpp:115]   --->   Operation 169 'load' 'p_ZZ8max_poolILi32ELi16EEvRN3hls6streamI8ap_fixedILi8ELi4EL9ap_q_mode0EL9ap_o_mod_41' <Predicate = (!icmp_ln101 & !and_ln118)> <Delay = 0.79> <CoreInst = "RAM">   --->   Core 83 'RAM' <Latency = 1> <II = 1> <Delay = 0.79> <Storage> <Opcode : 'load' 'store'> <Ports = 2> <Width = 8> <Depth = 16> <RAM>
ST_1 : Operation 170 [1/1] (0.00ns)   --->   "%p_ZZ8max_poolILi32ELi16EEvRN3hls6streamI8ap_fixedILi8ELi4EL9ap_q_mode0EL9ap_o_mod_42 = getelementptr i8 %p_ZZ8max_poolILi32ELi16EEvRN3hls6streamI8ap_fixedILi8ELi4EL9ap_q_mode0EL9ap_o_mod_11, i64 0, i64 %zext_ln102" [vgg_accelerator.cpp:113]   --->   Operation 170 'getelementptr' 'p_ZZ8max_poolILi32ELi16EEvRN3hls6streamI8ap_fixedILi8ELi4EL9ap_q_mode0EL9ap_o_mod_42' <Predicate = (!icmp_ln101 & !and_ln118)> <Delay = 0.00>
ST_1 : Operation 171 [2/2] (0.79ns)   --->   "%p_ZZ8max_poolILi32ELi16EEvRN3hls6streamI8ap_fixedILi8ELi4EL9ap_q_mode0EL9ap_o_mod_43 = load i4 %p_ZZ8max_poolILi32ELi16EEvRN3hls6streamI8ap_fixedILi8ELi4EL9ap_q_mode0EL9ap_o_mod_42" [vgg_accelerator.cpp:115]   --->   Operation 171 'load' 'p_ZZ8max_poolILi32ELi16EEvRN3hls6streamI8ap_fixedILi8ELi4EL9ap_q_mode0EL9ap_o_mod_43' <Predicate = (!icmp_ln101 & !and_ln118)> <Delay = 0.79> <CoreInst = "RAM">   --->   Core 83 'RAM' <Latency = 1> <II = 1> <Delay = 0.79> <Storage> <Opcode : 'load' 'store'> <Ports = 2> <Width = 8> <Depth = 16> <RAM>
ST_1 : Operation 172 [1/1] (0.00ns)   --->   "%p_ZZ8max_poolILi32ELi16EEvRN3hls6streamI8ap_fixedILi8ELi4EL9ap_q_mode0EL9ap_o_mod_44 = getelementptr i8 %p_ZZ8max_poolILi32ELi16EEvRN3hls6streamI8ap_fixedILi8ELi4EL9ap_q_mode0EL9ap_o_mod_10, i64 0, i64 %zext_ln102" [vgg_accelerator.cpp:113]   --->   Operation 172 'getelementptr' 'p_ZZ8max_poolILi32ELi16EEvRN3hls6streamI8ap_fixedILi8ELi4EL9ap_q_mode0EL9ap_o_mod_44' <Predicate = (!icmp_ln101 & !and_ln118)> <Delay = 0.00>
ST_1 : Operation 173 [2/2] (0.79ns)   --->   "%p_ZZ8max_poolILi32ELi16EEvRN3hls6streamI8ap_fixedILi8ELi4EL9ap_q_mode0EL9ap_o_mod_45 = load i4 %p_ZZ8max_poolILi32ELi16EEvRN3hls6streamI8ap_fixedILi8ELi4EL9ap_q_mode0EL9ap_o_mod_44" [vgg_accelerator.cpp:115]   --->   Operation 173 'load' 'p_ZZ8max_poolILi32ELi16EEvRN3hls6streamI8ap_fixedILi8ELi4EL9ap_q_mode0EL9ap_o_mod_45' <Predicate = (!icmp_ln101 & !and_ln118)> <Delay = 0.79> <CoreInst = "RAM">   --->   Core 83 'RAM' <Latency = 1> <II = 1> <Delay = 0.79> <Storage> <Opcode : 'load' 'store'> <Ports = 2> <Width = 8> <Depth = 16> <RAM>
ST_1 : Operation 174 [1/1] (0.00ns)   --->   "%p_ZZ8max_poolILi32ELi16EEvRN3hls6streamI8ap_fixedILi8ELi4EL9ap_q_mode0EL9ap_o_mod_46 = getelementptr i8 %p_ZZ8max_poolILi32ELi16EEvRN3hls6streamI8ap_fixedILi8ELi4EL9ap_q_mode0EL9ap_o_mod_9, i64 0, i64 %zext_ln102" [vgg_accelerator.cpp:113]   --->   Operation 174 'getelementptr' 'p_ZZ8max_poolILi32ELi16EEvRN3hls6streamI8ap_fixedILi8ELi4EL9ap_q_mode0EL9ap_o_mod_46' <Predicate = (!icmp_ln101 & !and_ln118)> <Delay = 0.00>
ST_1 : Operation 175 [2/2] (0.79ns)   --->   "%p_ZZ8max_poolILi32ELi16EEvRN3hls6streamI8ap_fixedILi8ELi4EL9ap_q_mode0EL9ap_o_mod_47 = load i4 %p_ZZ8max_poolILi32ELi16EEvRN3hls6streamI8ap_fixedILi8ELi4EL9ap_q_mode0EL9ap_o_mod_46" [vgg_accelerator.cpp:115]   --->   Operation 175 'load' 'p_ZZ8max_poolILi32ELi16EEvRN3hls6streamI8ap_fixedILi8ELi4EL9ap_q_mode0EL9ap_o_mod_47' <Predicate = (!icmp_ln101 & !and_ln118)> <Delay = 0.79> <CoreInst = "RAM">   --->   Core 83 'RAM' <Latency = 1> <II = 1> <Delay = 0.79> <Storage> <Opcode : 'load' 'store'> <Ports = 2> <Width = 8> <Depth = 16> <RAM>
ST_1 : Operation 176 [1/1] (0.00ns)   --->   "%p_ZZ8max_poolILi32ELi16EEvRN3hls6streamI8ap_fixedILi8ELi4EL9ap_q_mode0EL9ap_o_mod_48 = getelementptr i8 %p_ZZ8max_poolILi32ELi16EEvRN3hls6streamI8ap_fixedILi8ELi4EL9ap_q_mode0EL9ap_o_mod_8, i64 0, i64 %zext_ln102" [vgg_accelerator.cpp:113]   --->   Operation 176 'getelementptr' 'p_ZZ8max_poolILi32ELi16EEvRN3hls6streamI8ap_fixedILi8ELi4EL9ap_q_mode0EL9ap_o_mod_48' <Predicate = (!icmp_ln101 & !and_ln118)> <Delay = 0.00>
ST_1 : Operation 177 [2/2] (0.79ns)   --->   "%p_ZZ8max_poolILi32ELi16EEvRN3hls6streamI8ap_fixedILi8ELi4EL9ap_q_mode0EL9ap_o_mod_49 = load i4 %p_ZZ8max_poolILi32ELi16EEvRN3hls6streamI8ap_fixedILi8ELi4EL9ap_q_mode0EL9ap_o_mod_48" [vgg_accelerator.cpp:115]   --->   Operation 177 'load' 'p_ZZ8max_poolILi32ELi16EEvRN3hls6streamI8ap_fixedILi8ELi4EL9ap_q_mode0EL9ap_o_mod_49' <Predicate = (!icmp_ln101 & !and_ln118)> <Delay = 0.79> <CoreInst = "RAM">   --->   Core 83 'RAM' <Latency = 1> <II = 1> <Delay = 0.79> <Storage> <Opcode : 'load' 'store'> <Ports = 2> <Width = 8> <Depth = 16> <RAM>
ST_1 : Operation 178 [1/1] (0.00ns)   --->   "%p_ZZ8max_poolILi32ELi16EEvRN3hls6streamI8ap_fixedILi8ELi4EL9ap_q_mode0EL9ap_o_mod_50 = getelementptr i8 %p_ZZ8max_poolILi32ELi16EEvRN3hls6streamI8ap_fixedILi8ELi4EL9ap_q_mode0EL9ap_o_mod_7, i64 0, i64 %zext_ln102" [vgg_accelerator.cpp:113]   --->   Operation 178 'getelementptr' 'p_ZZ8max_poolILi32ELi16EEvRN3hls6streamI8ap_fixedILi8ELi4EL9ap_q_mode0EL9ap_o_mod_50' <Predicate = (!icmp_ln101 & !and_ln118)> <Delay = 0.00>
ST_1 : Operation 179 [2/2] (0.79ns)   --->   "%p_ZZ8max_poolILi32ELi16EEvRN3hls6streamI8ap_fixedILi8ELi4EL9ap_q_mode0EL9ap_o_mod_51 = load i4 %p_ZZ8max_poolILi32ELi16EEvRN3hls6streamI8ap_fixedILi8ELi4EL9ap_q_mode0EL9ap_o_mod_50" [vgg_accelerator.cpp:115]   --->   Operation 179 'load' 'p_ZZ8max_poolILi32ELi16EEvRN3hls6streamI8ap_fixedILi8ELi4EL9ap_q_mode0EL9ap_o_mod_51' <Predicate = (!icmp_ln101 & !and_ln118)> <Delay = 0.79> <CoreInst = "RAM">   --->   Core 83 'RAM' <Latency = 1> <II = 1> <Delay = 0.79> <Storage> <Opcode : 'load' 'store'> <Ports = 2> <Width = 8> <Depth = 16> <RAM>
ST_1 : Operation 180 [1/1] (0.00ns)   --->   "%p_ZZ8max_poolILi32ELi16EEvRN3hls6streamI8ap_fixedILi8ELi4EL9ap_q_mode0EL9ap_o_mod_52 = getelementptr i8 %p_ZZ8max_poolILi32ELi16EEvRN3hls6streamI8ap_fixedILi8ELi4EL9ap_q_mode0EL9ap_o_mod_6, i64 0, i64 %zext_ln102" [vgg_accelerator.cpp:113]   --->   Operation 180 'getelementptr' 'p_ZZ8max_poolILi32ELi16EEvRN3hls6streamI8ap_fixedILi8ELi4EL9ap_q_mode0EL9ap_o_mod_52' <Predicate = (!icmp_ln101 & !and_ln118)> <Delay = 0.00>
ST_1 : Operation 181 [2/2] (0.79ns)   --->   "%p_ZZ8max_poolILi32ELi16EEvRN3hls6streamI8ap_fixedILi8ELi4EL9ap_q_mode0EL9ap_o_mod_53 = load i4 %p_ZZ8max_poolILi32ELi16EEvRN3hls6streamI8ap_fixedILi8ELi4EL9ap_q_mode0EL9ap_o_mod_52" [vgg_accelerator.cpp:115]   --->   Operation 181 'load' 'p_ZZ8max_poolILi32ELi16EEvRN3hls6streamI8ap_fixedILi8ELi4EL9ap_q_mode0EL9ap_o_mod_53' <Predicate = (!icmp_ln101 & !and_ln118)> <Delay = 0.79> <CoreInst = "RAM">   --->   Core 83 'RAM' <Latency = 1> <II = 1> <Delay = 0.79> <Storage> <Opcode : 'load' 'store'> <Ports = 2> <Width = 8> <Depth = 16> <RAM>
ST_1 : Operation 182 [1/1] (0.00ns)   --->   "%p_ZZ8max_poolILi32ELi16EEvRN3hls6streamI8ap_fixedILi8ELi4EL9ap_q_mode0EL9ap_o_mod_54 = getelementptr i8 %p_ZZ8max_poolILi32ELi16EEvRN3hls6streamI8ap_fixedILi8ELi4EL9ap_q_mode0EL9ap_o_mod_5, i64 0, i64 %zext_ln102" [vgg_accelerator.cpp:113]   --->   Operation 182 'getelementptr' 'p_ZZ8max_poolILi32ELi16EEvRN3hls6streamI8ap_fixedILi8ELi4EL9ap_q_mode0EL9ap_o_mod_54' <Predicate = (!icmp_ln101 & !and_ln118)> <Delay = 0.00>
ST_1 : Operation 183 [2/2] (0.79ns)   --->   "%p_ZZ8max_poolILi32ELi16EEvRN3hls6streamI8ap_fixedILi8ELi4EL9ap_q_mode0EL9ap_o_mod_55 = load i4 %p_ZZ8max_poolILi32ELi16EEvRN3hls6streamI8ap_fixedILi8ELi4EL9ap_q_mode0EL9ap_o_mod_54" [vgg_accelerator.cpp:115]   --->   Operation 183 'load' 'p_ZZ8max_poolILi32ELi16EEvRN3hls6streamI8ap_fixedILi8ELi4EL9ap_q_mode0EL9ap_o_mod_55' <Predicate = (!icmp_ln101 & !and_ln118)> <Delay = 0.79> <CoreInst = "RAM">   --->   Core 83 'RAM' <Latency = 1> <II = 1> <Delay = 0.79> <Storage> <Opcode : 'load' 'store'> <Ports = 2> <Width = 8> <Depth = 16> <RAM>
ST_1 : Operation 184 [1/1] (0.00ns)   --->   "%p_ZZ8max_poolILi32ELi16EEvRN3hls6streamI8ap_fixedILi8ELi4EL9ap_q_mode0EL9ap_o_mod_56 = getelementptr i8 %p_ZZ8max_poolILi32ELi16EEvRN3hls6streamI8ap_fixedILi8ELi4EL9ap_q_mode0EL9ap_o_mod_4, i64 0, i64 %zext_ln102" [vgg_accelerator.cpp:113]   --->   Operation 184 'getelementptr' 'p_ZZ8max_poolILi32ELi16EEvRN3hls6streamI8ap_fixedILi8ELi4EL9ap_q_mode0EL9ap_o_mod_56' <Predicate = (!icmp_ln101 & !and_ln118)> <Delay = 0.00>
ST_1 : Operation 185 [2/2] (0.79ns)   --->   "%p_ZZ8max_poolILi32ELi16EEvRN3hls6streamI8ap_fixedILi8ELi4EL9ap_q_mode0EL9ap_o_mod_57 = load i4 %p_ZZ8max_poolILi32ELi16EEvRN3hls6streamI8ap_fixedILi8ELi4EL9ap_q_mode0EL9ap_o_mod_56" [vgg_accelerator.cpp:115]   --->   Operation 185 'load' 'p_ZZ8max_poolILi32ELi16EEvRN3hls6streamI8ap_fixedILi8ELi4EL9ap_q_mode0EL9ap_o_mod_57' <Predicate = (!icmp_ln101 & !and_ln118)> <Delay = 0.79> <CoreInst = "RAM">   --->   Core 83 'RAM' <Latency = 1> <II = 1> <Delay = 0.79> <Storage> <Opcode : 'load' 'store'> <Ports = 2> <Width = 8> <Depth = 16> <RAM>
ST_1 : Operation 186 [1/1] (0.00ns)   --->   "%p_ZZ8max_poolILi32ELi16EEvRN3hls6streamI8ap_fixedILi8ELi4EL9ap_q_mode0EL9ap_o_mod_58 = getelementptr i8 %p_ZZ8max_poolILi32ELi16EEvRN3hls6streamI8ap_fixedILi8ELi4EL9ap_q_mode0EL9ap_o_mod_3, i64 0, i64 %zext_ln102" [vgg_accelerator.cpp:113]   --->   Operation 186 'getelementptr' 'p_ZZ8max_poolILi32ELi16EEvRN3hls6streamI8ap_fixedILi8ELi4EL9ap_q_mode0EL9ap_o_mod_58' <Predicate = (!icmp_ln101 & !and_ln118)> <Delay = 0.00>
ST_1 : Operation 187 [2/2] (0.79ns)   --->   "%p_ZZ8max_poolILi32ELi16EEvRN3hls6streamI8ap_fixedILi8ELi4EL9ap_q_mode0EL9ap_o_mod_59 = load i4 %p_ZZ8max_poolILi32ELi16EEvRN3hls6streamI8ap_fixedILi8ELi4EL9ap_q_mode0EL9ap_o_mod_58" [vgg_accelerator.cpp:115]   --->   Operation 187 'load' 'p_ZZ8max_poolILi32ELi16EEvRN3hls6streamI8ap_fixedILi8ELi4EL9ap_q_mode0EL9ap_o_mod_59' <Predicate = (!icmp_ln101 & !and_ln118)> <Delay = 0.79> <CoreInst = "RAM">   --->   Core 83 'RAM' <Latency = 1> <II = 1> <Delay = 0.79> <Storage> <Opcode : 'load' 'store'> <Ports = 2> <Width = 8> <Depth = 16> <RAM>
ST_1 : Operation 188 [1/1] (0.00ns)   --->   "%p_ZZ8max_poolILi32ELi16EEvRN3hls6streamI8ap_fixedILi8ELi4EL9ap_q_mode0EL9ap_o_mod_60 = getelementptr i8 %p_ZZ8max_poolILi32ELi16EEvRN3hls6streamI8ap_fixedILi8ELi4EL9ap_q_mode0EL9ap_o_mod_2, i64 0, i64 %zext_ln102" [vgg_accelerator.cpp:113]   --->   Operation 188 'getelementptr' 'p_ZZ8max_poolILi32ELi16EEvRN3hls6streamI8ap_fixedILi8ELi4EL9ap_q_mode0EL9ap_o_mod_60' <Predicate = (!icmp_ln101 & !and_ln118)> <Delay = 0.00>
ST_1 : Operation 189 [2/2] (0.79ns)   --->   "%p_ZZ8max_poolILi32ELi16EEvRN3hls6streamI8ap_fixedILi8ELi4EL9ap_q_mode0EL9ap_o_mod_61 = load i4 %p_ZZ8max_poolILi32ELi16EEvRN3hls6streamI8ap_fixedILi8ELi4EL9ap_q_mode0EL9ap_o_mod_60" [vgg_accelerator.cpp:115]   --->   Operation 189 'load' 'p_ZZ8max_poolILi32ELi16EEvRN3hls6streamI8ap_fixedILi8ELi4EL9ap_q_mode0EL9ap_o_mod_61' <Predicate = (!icmp_ln101 & !and_ln118)> <Delay = 0.79> <CoreInst = "RAM">   --->   Core 83 'RAM' <Latency = 1> <II = 1> <Delay = 0.79> <Storage> <Opcode : 'load' 'store'> <Ports = 2> <Width = 8> <Depth = 16> <RAM>
ST_1 : Operation 190 [1/1] (0.00ns)   --->   "%p_ZZ8max_poolILi32ELi16EEvRN3hls6streamI8ap_fixedILi8ELi4EL9ap_q_mode0EL9ap_o_mod_62 = getelementptr i8 %p_ZZ8max_poolILi32ELi16EEvRN3hls6streamI8ap_fixedILi8ELi4EL9ap_q_mode0EL9ap_o_mod_1, i64 0, i64 %zext_ln102" [vgg_accelerator.cpp:113]   --->   Operation 190 'getelementptr' 'p_ZZ8max_poolILi32ELi16EEvRN3hls6streamI8ap_fixedILi8ELi4EL9ap_q_mode0EL9ap_o_mod_62' <Predicate = (!icmp_ln101 & !and_ln118)> <Delay = 0.00>
ST_1 : Operation 191 [2/2] (0.79ns)   --->   "%p_ZZ8max_poolILi32ELi16EEvRN3hls6streamI8ap_fixedILi8ELi4EL9ap_q_mode0EL9ap_o_mod_63 = load i4 %p_ZZ8max_poolILi32ELi16EEvRN3hls6streamI8ap_fixedILi8ELi4EL9ap_q_mode0EL9ap_o_mod_62" [vgg_accelerator.cpp:115]   --->   Operation 191 'load' 'p_ZZ8max_poolILi32ELi16EEvRN3hls6streamI8ap_fixedILi8ELi4EL9ap_q_mode0EL9ap_o_mod_63' <Predicate = (!icmp_ln101 & !and_ln118)> <Delay = 0.79> <CoreInst = "RAM">   --->   Core 83 'RAM' <Latency = 1> <II = 1> <Delay = 0.79> <Storage> <Opcode : 'load' 'store'> <Ports = 2> <Width = 8> <Depth = 16> <RAM>
ST_1 : Operation 192 [1/1] (0.00ns)   --->   "%p_ZZ8max_poolILi32ELi16EEvRN3hls6streamI8ap_fixedILi8ELi4EL9ap_q_mode0EL9ap_o_mod_64 = getelementptr i8 %p_ZZ8max_poolILi32ELi16EEvRN3hls6streamI8ap_fixedILi8ELi4EL9ap_q_mode0EL9ap_o_mod, i64 0, i64 %zext_ln102" [vgg_accelerator.cpp:113]   --->   Operation 192 'getelementptr' 'p_ZZ8max_poolILi32ELi16EEvRN3hls6streamI8ap_fixedILi8ELi4EL9ap_q_mode0EL9ap_o_mod_64' <Predicate = (!icmp_ln101 & !and_ln118)> <Delay = 0.00>
ST_1 : Operation 193 [2/2] (0.79ns)   --->   "%p_ZZ8max_poolILi32ELi16EEvRN3hls6streamI8ap_fixedILi8ELi4EL9ap_q_mode0EL9ap_o_mod_65 = load i4 %p_ZZ8max_poolILi32ELi16EEvRN3hls6streamI8ap_fixedILi8ELi4EL9ap_q_mode0EL9ap_o_mod_64" [vgg_accelerator.cpp:115]   --->   Operation 193 'load' 'p_ZZ8max_poolILi32ELi16EEvRN3hls6streamI8ap_fixedILi8ELi4EL9ap_q_mode0EL9ap_o_mod_65' <Predicate = (!icmp_ln101 & !and_ln118)> <Delay = 0.79> <CoreInst = "RAM">   --->   Core 83 'RAM' <Latency = 1> <II = 1> <Delay = 0.79> <Storage> <Opcode : 'load' 'store'> <Ports = 2> <Width = 8> <Depth = 16> <RAM>
ST_1 : Operation 194 [1/1] (0.00ns)   --->   "%void_max_pool_stream_stream_ap_fixed_8_4_0_0_0_0_pool_buff_18_addr = getelementptr i8 %void_max_pool_stream_stream_ap_fixed_8_4_0_0_0_0_pool_buff_18, i64 0, i64 %zext_ln102" [vgg_accelerator.cpp:113]   --->   Operation 194 'getelementptr' 'void_max_pool_stream_stream_ap_fixed_8_4_0_0_0_0_pool_buff_18_addr' <Predicate = (!icmp_ln101 & and_ln118)> <Delay = 0.00>
ST_1 : Operation 195 [2/2] (0.79ns)   --->   "%void_max_pool_stream_stream_ap_fixed_8_4_0_0_0_0_pool_buff_18_load = load i4 %void_max_pool_stream_stream_ap_fixed_8_4_0_0_0_0_pool_buff_18_addr" [vgg_accelerator.cpp:115]   --->   Operation 195 'load' 'void_max_pool_stream_stream_ap_fixed_8_4_0_0_0_0_pool_buff_18_load' <Predicate = (!icmp_ln101 & and_ln118)> <Delay = 0.79> <CoreInst = "RAM">   --->   Core 83 'RAM' <Latency = 1> <II = 1> <Delay = 0.79> <Storage> <Opcode : 'load' 'store'> <Ports = 2> <Width = 8> <Depth = 16> <RAM>
ST_1 : Operation 196 [1/1] (0.00ns)   --->   "%void_max_pool_stream_stream_ap_fixed_8_4_0_0_0_0_pool_buff_17_addr = getelementptr i8 %void_max_pool_stream_stream_ap_fixed_8_4_0_0_0_0_pool_buff_17, i64 0, i64 %zext_ln102" [vgg_accelerator.cpp:113]   --->   Operation 196 'getelementptr' 'void_max_pool_stream_stream_ap_fixed_8_4_0_0_0_0_pool_buff_17_addr' <Predicate = (!icmp_ln101 & and_ln118)> <Delay = 0.00>
ST_1 : Operation 197 [2/2] (0.79ns)   --->   "%void_max_pool_stream_stream_ap_fixed_8_4_0_0_0_0_pool_buff_17_load = load i4 %void_max_pool_stream_stream_ap_fixed_8_4_0_0_0_0_pool_buff_17_addr" [vgg_accelerator.cpp:115]   --->   Operation 197 'load' 'void_max_pool_stream_stream_ap_fixed_8_4_0_0_0_0_pool_buff_17_load' <Predicate = (!icmp_ln101 & and_ln118)> <Delay = 0.79> <CoreInst = "RAM">   --->   Core 83 'RAM' <Latency = 1> <II = 1> <Delay = 0.79> <Storage> <Opcode : 'load' 'store'> <Ports = 2> <Width = 8> <Depth = 16> <RAM>
ST_1 : Operation 198 [1/1] (0.00ns)   --->   "%void_max_pool_stream_stream_ap_fixed_8_4_0_0_0_0_pool_buff_16_addr = getelementptr i8 %void_max_pool_stream_stream_ap_fixed_8_4_0_0_0_0_pool_buff_16, i64 0, i64 %zext_ln102" [vgg_accelerator.cpp:113]   --->   Operation 198 'getelementptr' 'void_max_pool_stream_stream_ap_fixed_8_4_0_0_0_0_pool_buff_16_addr' <Predicate = (!icmp_ln101 & and_ln118)> <Delay = 0.00>
ST_1 : Operation 199 [2/2] (0.79ns)   --->   "%void_max_pool_stream_stream_ap_fixed_8_4_0_0_0_0_pool_buff_16_load = load i4 %void_max_pool_stream_stream_ap_fixed_8_4_0_0_0_0_pool_buff_16_addr" [vgg_accelerator.cpp:115]   --->   Operation 199 'load' 'void_max_pool_stream_stream_ap_fixed_8_4_0_0_0_0_pool_buff_16_load' <Predicate = (!icmp_ln101 & and_ln118)> <Delay = 0.79> <CoreInst = "RAM">   --->   Core 83 'RAM' <Latency = 1> <II = 1> <Delay = 0.79> <Storage> <Opcode : 'load' 'store'> <Ports = 2> <Width = 8> <Depth = 16> <RAM>
ST_1 : Operation 200 [1/1] (0.00ns)   --->   "%void_max_pool_stream_stream_ap_fixed_8_4_0_0_0_0_pool_buff_15_addr = getelementptr i8 %void_max_pool_stream_stream_ap_fixed_8_4_0_0_0_0_pool_buff_15, i64 0, i64 %zext_ln102" [vgg_accelerator.cpp:113]   --->   Operation 200 'getelementptr' 'void_max_pool_stream_stream_ap_fixed_8_4_0_0_0_0_pool_buff_15_addr' <Predicate = (!icmp_ln101 & and_ln118)> <Delay = 0.00>
ST_1 : Operation 201 [2/2] (0.79ns)   --->   "%void_max_pool_stream_stream_ap_fixed_8_4_0_0_0_0_pool_buff_15_load = load i4 %void_max_pool_stream_stream_ap_fixed_8_4_0_0_0_0_pool_buff_15_addr" [vgg_accelerator.cpp:115]   --->   Operation 201 'load' 'void_max_pool_stream_stream_ap_fixed_8_4_0_0_0_0_pool_buff_15_load' <Predicate = (!icmp_ln101 & and_ln118)> <Delay = 0.79> <CoreInst = "RAM">   --->   Core 83 'RAM' <Latency = 1> <II = 1> <Delay = 0.79> <Storage> <Opcode : 'load' 'store'> <Ports = 2> <Width = 8> <Depth = 16> <RAM>
ST_1 : Operation 202 [1/1] (0.00ns)   --->   "%void_max_pool_stream_stream_ap_fixed_8_4_0_0_0_0_pool_buff_14_addr = getelementptr i8 %void_max_pool_stream_stream_ap_fixed_8_4_0_0_0_0_pool_buff_14, i64 0, i64 %zext_ln102" [vgg_accelerator.cpp:113]   --->   Operation 202 'getelementptr' 'void_max_pool_stream_stream_ap_fixed_8_4_0_0_0_0_pool_buff_14_addr' <Predicate = (!icmp_ln101 & and_ln118)> <Delay = 0.00>
ST_1 : Operation 203 [2/2] (0.79ns)   --->   "%void_max_pool_stream_stream_ap_fixed_8_4_0_0_0_0_pool_buff_14_load = load i4 %void_max_pool_stream_stream_ap_fixed_8_4_0_0_0_0_pool_buff_14_addr" [vgg_accelerator.cpp:115]   --->   Operation 203 'load' 'void_max_pool_stream_stream_ap_fixed_8_4_0_0_0_0_pool_buff_14_load' <Predicate = (!icmp_ln101 & and_ln118)> <Delay = 0.79> <CoreInst = "RAM">   --->   Core 83 'RAM' <Latency = 1> <II = 1> <Delay = 0.79> <Storage> <Opcode : 'load' 'store'> <Ports = 2> <Width = 8> <Depth = 16> <RAM>
ST_1 : Operation 204 [1/1] (0.00ns)   --->   "%void_max_pool_stream_stream_ap_fixed_8_4_0_0_0_0_pool_buff_13_addr = getelementptr i8 %void_max_pool_stream_stream_ap_fixed_8_4_0_0_0_0_pool_buff_13, i64 0, i64 %zext_ln102" [vgg_accelerator.cpp:113]   --->   Operation 204 'getelementptr' 'void_max_pool_stream_stream_ap_fixed_8_4_0_0_0_0_pool_buff_13_addr' <Predicate = (!icmp_ln101 & and_ln118)> <Delay = 0.00>
ST_1 : Operation 205 [2/2] (0.79ns)   --->   "%void_max_pool_stream_stream_ap_fixed_8_4_0_0_0_0_pool_buff_13_load = load i4 %void_max_pool_stream_stream_ap_fixed_8_4_0_0_0_0_pool_buff_13_addr" [vgg_accelerator.cpp:115]   --->   Operation 205 'load' 'void_max_pool_stream_stream_ap_fixed_8_4_0_0_0_0_pool_buff_13_load' <Predicate = (!icmp_ln101 & and_ln118)> <Delay = 0.79> <CoreInst = "RAM">   --->   Core 83 'RAM' <Latency = 1> <II = 1> <Delay = 0.79> <Storage> <Opcode : 'load' 'store'> <Ports = 2> <Width = 8> <Depth = 16> <RAM>
ST_1 : Operation 206 [1/1] (0.00ns)   --->   "%void_max_pool_stream_stream_ap_fixed_8_4_0_0_0_0_pool_buff_12_addr = getelementptr i8 %void_max_pool_stream_stream_ap_fixed_8_4_0_0_0_0_pool_buff_12, i64 0, i64 %zext_ln102" [vgg_accelerator.cpp:113]   --->   Operation 206 'getelementptr' 'void_max_pool_stream_stream_ap_fixed_8_4_0_0_0_0_pool_buff_12_addr' <Predicate = (!icmp_ln101 & and_ln118)> <Delay = 0.00>
ST_1 : Operation 207 [2/2] (0.79ns)   --->   "%void_max_pool_stream_stream_ap_fixed_8_4_0_0_0_0_pool_buff_12_load = load i4 %void_max_pool_stream_stream_ap_fixed_8_4_0_0_0_0_pool_buff_12_addr" [vgg_accelerator.cpp:115]   --->   Operation 207 'load' 'void_max_pool_stream_stream_ap_fixed_8_4_0_0_0_0_pool_buff_12_load' <Predicate = (!icmp_ln101 & and_ln118)> <Delay = 0.79> <CoreInst = "RAM">   --->   Core 83 'RAM' <Latency = 1> <II = 1> <Delay = 0.79> <Storage> <Opcode : 'load' 'store'> <Ports = 2> <Width = 8> <Depth = 16> <RAM>
ST_1 : Operation 208 [1/1] (0.00ns)   --->   "%void_max_pool_stream_stream_ap_fixed_8_4_0_0_0_0_pool_buff_11_addr = getelementptr i8 %void_max_pool_stream_stream_ap_fixed_8_4_0_0_0_0_pool_buff_11, i64 0, i64 %zext_ln102" [vgg_accelerator.cpp:113]   --->   Operation 208 'getelementptr' 'void_max_pool_stream_stream_ap_fixed_8_4_0_0_0_0_pool_buff_11_addr' <Predicate = (!icmp_ln101 & and_ln118)> <Delay = 0.00>
ST_1 : Operation 209 [2/2] (0.79ns)   --->   "%void_max_pool_stream_stream_ap_fixed_8_4_0_0_0_0_pool_buff_11_load = load i4 %void_max_pool_stream_stream_ap_fixed_8_4_0_0_0_0_pool_buff_11_addr" [vgg_accelerator.cpp:115]   --->   Operation 209 'load' 'void_max_pool_stream_stream_ap_fixed_8_4_0_0_0_0_pool_buff_11_load' <Predicate = (!icmp_ln101 & and_ln118)> <Delay = 0.79> <CoreInst = "RAM">   --->   Core 83 'RAM' <Latency = 1> <II = 1> <Delay = 0.79> <Storage> <Opcode : 'load' 'store'> <Ports = 2> <Width = 8> <Depth = 16> <RAM>
ST_1 : Operation 210 [1/1] (0.00ns)   --->   "%void_max_pool_stream_stream_ap_fixed_8_4_0_0_0_0_pool_buff_10_addr = getelementptr i8 %void_max_pool_stream_stream_ap_fixed_8_4_0_0_0_0_pool_buff_10, i64 0, i64 %zext_ln102" [vgg_accelerator.cpp:113]   --->   Operation 210 'getelementptr' 'void_max_pool_stream_stream_ap_fixed_8_4_0_0_0_0_pool_buff_10_addr' <Predicate = (!icmp_ln101 & and_ln118)> <Delay = 0.00>
ST_1 : Operation 211 [2/2] (0.79ns)   --->   "%void_max_pool_stream_stream_ap_fixed_8_4_0_0_0_0_pool_buff_10_load = load i4 %void_max_pool_stream_stream_ap_fixed_8_4_0_0_0_0_pool_buff_10_addr" [vgg_accelerator.cpp:115]   --->   Operation 211 'load' 'void_max_pool_stream_stream_ap_fixed_8_4_0_0_0_0_pool_buff_10_load' <Predicate = (!icmp_ln101 & and_ln118)> <Delay = 0.79> <CoreInst = "RAM">   --->   Core 83 'RAM' <Latency = 1> <II = 1> <Delay = 0.79> <Storage> <Opcode : 'load' 'store'> <Ports = 2> <Width = 8> <Depth = 16> <RAM>
ST_1 : Operation 212 [1/1] (0.00ns)   --->   "%p_ZZ8max_poolILi32ELi16EEvRN3hls6streamI8ap_fixedILi8ELi4EL9ap_q_mode0EL9ap_o_mod_66 = getelementptr i8 %p_ZZ8max_poolILi32ELi16EEvRN3hls6streamI8ap_fixedILi8ELi4EL9ap_q_mode0EL9ap_o_mod_21, i64 0, i64 %zext_ln102" [vgg_accelerator.cpp:113]   --->   Operation 212 'getelementptr' 'p_ZZ8max_poolILi32ELi16EEvRN3hls6streamI8ap_fixedILi8ELi4EL9ap_q_mode0EL9ap_o_mod_66' <Predicate = (!icmp_ln101 & and_ln118)> <Delay = 0.00>
ST_1 : Operation 213 [2/2] (0.79ns)   --->   "%p_ZZ8max_poolILi32ELi16EEvRN3hls6streamI8ap_fixedILi8ELi4EL9ap_q_mode0EL9ap_o_mod_67 = load i4 %p_ZZ8max_poolILi32ELi16EEvRN3hls6streamI8ap_fixedILi8ELi4EL9ap_q_mode0EL9ap_o_mod_66" [vgg_accelerator.cpp:115]   --->   Operation 213 'load' 'p_ZZ8max_poolILi32ELi16EEvRN3hls6streamI8ap_fixedILi8ELi4EL9ap_q_mode0EL9ap_o_mod_67' <Predicate = (!icmp_ln101 & and_ln118)> <Delay = 0.79> <CoreInst = "RAM">   --->   Core 83 'RAM' <Latency = 1> <II = 1> <Delay = 0.79> <Storage> <Opcode : 'load' 'store'> <Ports = 2> <Width = 8> <Depth = 16> <RAM>
ST_1 : Operation 214 [1/1] (0.00ns)   --->   "%p_ZZ8max_poolILi32ELi16EEvRN3hls6streamI8ap_fixedILi8ELi4EL9ap_q_mode0EL9ap_o_mod_68 = getelementptr i8 %p_ZZ8max_poolILi32ELi16EEvRN3hls6streamI8ap_fixedILi8ELi4EL9ap_q_mode0EL9ap_o_mod_20, i64 0, i64 %zext_ln102" [vgg_accelerator.cpp:113]   --->   Operation 214 'getelementptr' 'p_ZZ8max_poolILi32ELi16EEvRN3hls6streamI8ap_fixedILi8ELi4EL9ap_q_mode0EL9ap_o_mod_68' <Predicate = (!icmp_ln101 & and_ln118)> <Delay = 0.00>
ST_1 : Operation 215 [2/2] (0.79ns)   --->   "%p_ZZ8max_poolILi32ELi16EEvRN3hls6streamI8ap_fixedILi8ELi4EL9ap_q_mode0EL9ap_o_mod_69 = load i4 %p_ZZ8max_poolILi32ELi16EEvRN3hls6streamI8ap_fixedILi8ELi4EL9ap_q_mode0EL9ap_o_mod_68" [vgg_accelerator.cpp:115]   --->   Operation 215 'load' 'p_ZZ8max_poolILi32ELi16EEvRN3hls6streamI8ap_fixedILi8ELi4EL9ap_q_mode0EL9ap_o_mod_69' <Predicate = (!icmp_ln101 & and_ln118)> <Delay = 0.79> <CoreInst = "RAM">   --->   Core 83 'RAM' <Latency = 1> <II = 1> <Delay = 0.79> <Storage> <Opcode : 'load' 'store'> <Ports = 2> <Width = 8> <Depth = 16> <RAM>
ST_1 : Operation 216 [1/1] (0.00ns)   --->   "%p_ZZ8max_poolILi32ELi16EEvRN3hls6streamI8ap_fixedILi8ELi4EL9ap_q_mode0EL9ap_o_mod_70 = getelementptr i8 %p_ZZ8max_poolILi32ELi16EEvRN3hls6streamI8ap_fixedILi8ELi4EL9ap_q_mode0EL9ap_o_mod_19, i64 0, i64 %zext_ln102" [vgg_accelerator.cpp:113]   --->   Operation 216 'getelementptr' 'p_ZZ8max_poolILi32ELi16EEvRN3hls6streamI8ap_fixedILi8ELi4EL9ap_q_mode0EL9ap_o_mod_70' <Predicate = (!icmp_ln101 & and_ln118)> <Delay = 0.00>
ST_1 : Operation 217 [2/2] (0.79ns)   --->   "%p_ZZ8max_poolILi32ELi16EEvRN3hls6streamI8ap_fixedILi8ELi4EL9ap_q_mode0EL9ap_o_mod_71 = load i4 %p_ZZ8max_poolILi32ELi16EEvRN3hls6streamI8ap_fixedILi8ELi4EL9ap_q_mode0EL9ap_o_mod_70" [vgg_accelerator.cpp:115]   --->   Operation 217 'load' 'p_ZZ8max_poolILi32ELi16EEvRN3hls6streamI8ap_fixedILi8ELi4EL9ap_q_mode0EL9ap_o_mod_71' <Predicate = (!icmp_ln101 & and_ln118)> <Delay = 0.79> <CoreInst = "RAM">   --->   Core 83 'RAM' <Latency = 1> <II = 1> <Delay = 0.79> <Storage> <Opcode : 'load' 'store'> <Ports = 2> <Width = 8> <Depth = 16> <RAM>
ST_1 : Operation 218 [1/1] (0.00ns)   --->   "%p_ZZ8max_poolILi32ELi16EEvRN3hls6streamI8ap_fixedILi8ELi4EL9ap_q_mode0EL9ap_o_mod_72 = getelementptr i8 %p_ZZ8max_poolILi32ELi16EEvRN3hls6streamI8ap_fixedILi8ELi4EL9ap_q_mode0EL9ap_o_mod_18, i64 0, i64 %zext_ln102" [vgg_accelerator.cpp:113]   --->   Operation 218 'getelementptr' 'p_ZZ8max_poolILi32ELi16EEvRN3hls6streamI8ap_fixedILi8ELi4EL9ap_q_mode0EL9ap_o_mod_72' <Predicate = (!icmp_ln101 & and_ln118)> <Delay = 0.00>
ST_1 : Operation 219 [2/2] (0.79ns)   --->   "%p_ZZ8max_poolILi32ELi16EEvRN3hls6streamI8ap_fixedILi8ELi4EL9ap_q_mode0EL9ap_o_mod_73 = load i4 %p_ZZ8max_poolILi32ELi16EEvRN3hls6streamI8ap_fixedILi8ELi4EL9ap_q_mode0EL9ap_o_mod_72" [vgg_accelerator.cpp:115]   --->   Operation 219 'load' 'p_ZZ8max_poolILi32ELi16EEvRN3hls6streamI8ap_fixedILi8ELi4EL9ap_q_mode0EL9ap_o_mod_73' <Predicate = (!icmp_ln101 & and_ln118)> <Delay = 0.79> <CoreInst = "RAM">   --->   Core 83 'RAM' <Latency = 1> <II = 1> <Delay = 0.79> <Storage> <Opcode : 'load' 'store'> <Ports = 2> <Width = 8> <Depth = 16> <RAM>
ST_1 : Operation 220 [1/1] (0.00ns)   --->   "%p_ZZ8max_poolILi32ELi16EEvRN3hls6streamI8ap_fixedILi8ELi4EL9ap_q_mode0EL9ap_o_mod_74 = getelementptr i8 %p_ZZ8max_poolILi32ELi16EEvRN3hls6streamI8ap_fixedILi8ELi4EL9ap_q_mode0EL9ap_o_mod_17, i64 0, i64 %zext_ln102" [vgg_accelerator.cpp:113]   --->   Operation 220 'getelementptr' 'p_ZZ8max_poolILi32ELi16EEvRN3hls6streamI8ap_fixedILi8ELi4EL9ap_q_mode0EL9ap_o_mod_74' <Predicate = (!icmp_ln101 & and_ln118)> <Delay = 0.00>
ST_1 : Operation 221 [2/2] (0.79ns)   --->   "%p_ZZ8max_poolILi32ELi16EEvRN3hls6streamI8ap_fixedILi8ELi4EL9ap_q_mode0EL9ap_o_mod_75 = load i4 %p_ZZ8max_poolILi32ELi16EEvRN3hls6streamI8ap_fixedILi8ELi4EL9ap_q_mode0EL9ap_o_mod_74" [vgg_accelerator.cpp:115]   --->   Operation 221 'load' 'p_ZZ8max_poolILi32ELi16EEvRN3hls6streamI8ap_fixedILi8ELi4EL9ap_q_mode0EL9ap_o_mod_75' <Predicate = (!icmp_ln101 & and_ln118)> <Delay = 0.79> <CoreInst = "RAM">   --->   Core 83 'RAM' <Latency = 1> <II = 1> <Delay = 0.79> <Storage> <Opcode : 'load' 'store'> <Ports = 2> <Width = 8> <Depth = 16> <RAM>
ST_1 : Operation 222 [1/1] (0.00ns)   --->   "%p_ZZ8max_poolILi32ELi16EEvRN3hls6streamI8ap_fixedILi8ELi4EL9ap_q_mode0EL9ap_o_mod_76 = getelementptr i8 %p_ZZ8max_poolILi32ELi16EEvRN3hls6streamI8ap_fixedILi8ELi4EL9ap_q_mode0EL9ap_o_mod_16, i64 0, i64 %zext_ln102" [vgg_accelerator.cpp:113]   --->   Operation 222 'getelementptr' 'p_ZZ8max_poolILi32ELi16EEvRN3hls6streamI8ap_fixedILi8ELi4EL9ap_q_mode0EL9ap_o_mod_76' <Predicate = (!icmp_ln101 & and_ln118)> <Delay = 0.00>
ST_1 : Operation 223 [2/2] (0.79ns)   --->   "%p_ZZ8max_poolILi32ELi16EEvRN3hls6streamI8ap_fixedILi8ELi4EL9ap_q_mode0EL9ap_o_mod_77 = load i4 %p_ZZ8max_poolILi32ELi16EEvRN3hls6streamI8ap_fixedILi8ELi4EL9ap_q_mode0EL9ap_o_mod_76" [vgg_accelerator.cpp:115]   --->   Operation 223 'load' 'p_ZZ8max_poolILi32ELi16EEvRN3hls6streamI8ap_fixedILi8ELi4EL9ap_q_mode0EL9ap_o_mod_77' <Predicate = (!icmp_ln101 & and_ln118)> <Delay = 0.79> <CoreInst = "RAM">   --->   Core 83 'RAM' <Latency = 1> <II = 1> <Delay = 0.79> <Storage> <Opcode : 'load' 'store'> <Ports = 2> <Width = 8> <Depth = 16> <RAM>
ST_1 : Operation 224 [1/1] (0.00ns)   --->   "%p_ZZ8max_poolILi32ELi16EEvRN3hls6streamI8ap_fixedILi8ELi4EL9ap_q_mode0EL9ap_o_mod_78 = getelementptr i8 %p_ZZ8max_poolILi32ELi16EEvRN3hls6streamI8ap_fixedILi8ELi4EL9ap_q_mode0EL9ap_o_mod_15, i64 0, i64 %zext_ln102" [vgg_accelerator.cpp:113]   --->   Operation 224 'getelementptr' 'p_ZZ8max_poolILi32ELi16EEvRN3hls6streamI8ap_fixedILi8ELi4EL9ap_q_mode0EL9ap_o_mod_78' <Predicate = (!icmp_ln101 & and_ln118)> <Delay = 0.00>
ST_1 : Operation 225 [2/2] (0.79ns)   --->   "%p_ZZ8max_poolILi32ELi16EEvRN3hls6streamI8ap_fixedILi8ELi4EL9ap_q_mode0EL9ap_o_mod_79 = load i4 %p_ZZ8max_poolILi32ELi16EEvRN3hls6streamI8ap_fixedILi8ELi4EL9ap_q_mode0EL9ap_o_mod_78" [vgg_accelerator.cpp:115]   --->   Operation 225 'load' 'p_ZZ8max_poolILi32ELi16EEvRN3hls6streamI8ap_fixedILi8ELi4EL9ap_q_mode0EL9ap_o_mod_79' <Predicate = (!icmp_ln101 & and_ln118)> <Delay = 0.79> <CoreInst = "RAM">   --->   Core 83 'RAM' <Latency = 1> <II = 1> <Delay = 0.79> <Storage> <Opcode : 'load' 'store'> <Ports = 2> <Width = 8> <Depth = 16> <RAM>
ST_1 : Operation 226 [1/1] (0.00ns)   --->   "%p_ZZ8max_poolILi32ELi16EEvRN3hls6streamI8ap_fixedILi8ELi4EL9ap_q_mode0EL9ap_o_mod_80 = getelementptr i8 %p_ZZ8max_poolILi32ELi16EEvRN3hls6streamI8ap_fixedILi8ELi4EL9ap_q_mode0EL9ap_o_mod_14, i64 0, i64 %zext_ln102" [vgg_accelerator.cpp:113]   --->   Operation 226 'getelementptr' 'p_ZZ8max_poolILi32ELi16EEvRN3hls6streamI8ap_fixedILi8ELi4EL9ap_q_mode0EL9ap_o_mod_80' <Predicate = (!icmp_ln101 & and_ln118)> <Delay = 0.00>
ST_1 : Operation 227 [2/2] (0.79ns)   --->   "%p_ZZ8max_poolILi32ELi16EEvRN3hls6streamI8ap_fixedILi8ELi4EL9ap_q_mode0EL9ap_o_mod_81 = load i4 %p_ZZ8max_poolILi32ELi16EEvRN3hls6streamI8ap_fixedILi8ELi4EL9ap_q_mode0EL9ap_o_mod_80" [vgg_accelerator.cpp:115]   --->   Operation 227 'load' 'p_ZZ8max_poolILi32ELi16EEvRN3hls6streamI8ap_fixedILi8ELi4EL9ap_q_mode0EL9ap_o_mod_81' <Predicate = (!icmp_ln101 & and_ln118)> <Delay = 0.79> <CoreInst = "RAM">   --->   Core 83 'RAM' <Latency = 1> <II = 1> <Delay = 0.79> <Storage> <Opcode : 'load' 'store'> <Ports = 2> <Width = 8> <Depth = 16> <RAM>
ST_1 : Operation 228 [1/1] (0.00ns)   --->   "%p_ZZ8max_poolILi32ELi16EEvRN3hls6streamI8ap_fixedILi8ELi4EL9ap_q_mode0EL9ap_o_mod_82 = getelementptr i8 %p_ZZ8max_poolILi32ELi16EEvRN3hls6streamI8ap_fixedILi8ELi4EL9ap_q_mode0EL9ap_o_mod_13, i64 0, i64 %zext_ln102" [vgg_accelerator.cpp:113]   --->   Operation 228 'getelementptr' 'p_ZZ8max_poolILi32ELi16EEvRN3hls6streamI8ap_fixedILi8ELi4EL9ap_q_mode0EL9ap_o_mod_82' <Predicate = (!icmp_ln101 & and_ln118)> <Delay = 0.00>
ST_1 : Operation 229 [2/2] (0.79ns)   --->   "%p_ZZ8max_poolILi32ELi16EEvRN3hls6streamI8ap_fixedILi8ELi4EL9ap_q_mode0EL9ap_o_mod_83 = load i4 %p_ZZ8max_poolILi32ELi16EEvRN3hls6streamI8ap_fixedILi8ELi4EL9ap_q_mode0EL9ap_o_mod_82" [vgg_accelerator.cpp:115]   --->   Operation 229 'load' 'p_ZZ8max_poolILi32ELi16EEvRN3hls6streamI8ap_fixedILi8ELi4EL9ap_q_mode0EL9ap_o_mod_83' <Predicate = (!icmp_ln101 & and_ln118)> <Delay = 0.79> <CoreInst = "RAM">   --->   Core 83 'RAM' <Latency = 1> <II = 1> <Delay = 0.79> <Storage> <Opcode : 'load' 'store'> <Ports = 2> <Width = 8> <Depth = 16> <RAM>
ST_1 : Operation 230 [1/1] (0.00ns)   --->   "%p_ZZ8max_poolILi32ELi16EEvRN3hls6streamI8ap_fixedILi8ELi4EL9ap_q_mode0EL9ap_o_mod_84 = getelementptr i8 %p_ZZ8max_poolILi32ELi16EEvRN3hls6streamI8ap_fixedILi8ELi4EL9ap_q_mode0EL9ap_o_mod_12, i64 0, i64 %zext_ln102" [vgg_accelerator.cpp:113]   --->   Operation 230 'getelementptr' 'p_ZZ8max_poolILi32ELi16EEvRN3hls6streamI8ap_fixedILi8ELi4EL9ap_q_mode0EL9ap_o_mod_84' <Predicate = (!icmp_ln101 & and_ln118)> <Delay = 0.00>
ST_1 : Operation 231 [2/2] (0.79ns)   --->   "%p_ZZ8max_poolILi32ELi16EEvRN3hls6streamI8ap_fixedILi8ELi4EL9ap_q_mode0EL9ap_o_mod_85 = load i4 %p_ZZ8max_poolILi32ELi16EEvRN3hls6streamI8ap_fixedILi8ELi4EL9ap_q_mode0EL9ap_o_mod_84" [vgg_accelerator.cpp:115]   --->   Operation 231 'load' 'p_ZZ8max_poolILi32ELi16EEvRN3hls6streamI8ap_fixedILi8ELi4EL9ap_q_mode0EL9ap_o_mod_85' <Predicate = (!icmp_ln101 & and_ln118)> <Delay = 0.79> <CoreInst = "RAM">   --->   Core 83 'RAM' <Latency = 1> <II = 1> <Delay = 0.79> <Storage> <Opcode : 'load' 'store'> <Ports = 2> <Width = 8> <Depth = 16> <RAM>
ST_1 : Operation 232 [1/1] (0.00ns)   --->   "%p_ZZ8max_poolILi32ELi16EEvRN3hls6streamI8ap_fixedILi8ELi4EL9ap_q_mode0EL9ap_o_mod_86 = getelementptr i8 %p_ZZ8max_poolILi32ELi16EEvRN3hls6streamI8ap_fixedILi8ELi4EL9ap_q_mode0EL9ap_o_mod_11, i64 0, i64 %zext_ln102" [vgg_accelerator.cpp:113]   --->   Operation 232 'getelementptr' 'p_ZZ8max_poolILi32ELi16EEvRN3hls6streamI8ap_fixedILi8ELi4EL9ap_q_mode0EL9ap_o_mod_86' <Predicate = (!icmp_ln101 & and_ln118)> <Delay = 0.00>
ST_1 : Operation 233 [2/2] (0.79ns)   --->   "%p_ZZ8max_poolILi32ELi16EEvRN3hls6streamI8ap_fixedILi8ELi4EL9ap_q_mode0EL9ap_o_mod_87 = load i4 %p_ZZ8max_poolILi32ELi16EEvRN3hls6streamI8ap_fixedILi8ELi4EL9ap_q_mode0EL9ap_o_mod_86" [vgg_accelerator.cpp:115]   --->   Operation 233 'load' 'p_ZZ8max_poolILi32ELi16EEvRN3hls6streamI8ap_fixedILi8ELi4EL9ap_q_mode0EL9ap_o_mod_87' <Predicate = (!icmp_ln101 & and_ln118)> <Delay = 0.79> <CoreInst = "RAM">   --->   Core 83 'RAM' <Latency = 1> <II = 1> <Delay = 0.79> <Storage> <Opcode : 'load' 'store'> <Ports = 2> <Width = 8> <Depth = 16> <RAM>
ST_1 : Operation 234 [1/1] (0.00ns)   --->   "%p_ZZ8max_poolILi32ELi16EEvRN3hls6streamI8ap_fixedILi8ELi4EL9ap_q_mode0EL9ap_o_mod_88 = getelementptr i8 %p_ZZ8max_poolILi32ELi16EEvRN3hls6streamI8ap_fixedILi8ELi4EL9ap_q_mode0EL9ap_o_mod_10, i64 0, i64 %zext_ln102" [vgg_accelerator.cpp:113]   --->   Operation 234 'getelementptr' 'p_ZZ8max_poolILi32ELi16EEvRN3hls6streamI8ap_fixedILi8ELi4EL9ap_q_mode0EL9ap_o_mod_88' <Predicate = (!icmp_ln101 & and_ln118)> <Delay = 0.00>
ST_1 : Operation 235 [2/2] (0.79ns)   --->   "%p_ZZ8max_poolILi32ELi16EEvRN3hls6streamI8ap_fixedILi8ELi4EL9ap_q_mode0EL9ap_o_mod_89 = load i4 %p_ZZ8max_poolILi32ELi16EEvRN3hls6streamI8ap_fixedILi8ELi4EL9ap_q_mode0EL9ap_o_mod_88" [vgg_accelerator.cpp:115]   --->   Operation 235 'load' 'p_ZZ8max_poolILi32ELi16EEvRN3hls6streamI8ap_fixedILi8ELi4EL9ap_q_mode0EL9ap_o_mod_89' <Predicate = (!icmp_ln101 & and_ln118)> <Delay = 0.79> <CoreInst = "RAM">   --->   Core 83 'RAM' <Latency = 1> <II = 1> <Delay = 0.79> <Storage> <Opcode : 'load' 'store'> <Ports = 2> <Width = 8> <Depth = 16> <RAM>
ST_1 : Operation 236 [1/1] (0.00ns)   --->   "%p_ZZ8max_poolILi32ELi16EEvRN3hls6streamI8ap_fixedILi8ELi4EL9ap_q_mode0EL9ap_o_mod_90 = getelementptr i8 %p_ZZ8max_poolILi32ELi16EEvRN3hls6streamI8ap_fixedILi8ELi4EL9ap_q_mode0EL9ap_o_mod_9, i64 0, i64 %zext_ln102" [vgg_accelerator.cpp:113]   --->   Operation 236 'getelementptr' 'p_ZZ8max_poolILi32ELi16EEvRN3hls6streamI8ap_fixedILi8ELi4EL9ap_q_mode0EL9ap_o_mod_90' <Predicate = (!icmp_ln101 & and_ln118)> <Delay = 0.00>
ST_1 : Operation 237 [2/2] (0.79ns)   --->   "%p_ZZ8max_poolILi32ELi16EEvRN3hls6streamI8ap_fixedILi8ELi4EL9ap_q_mode0EL9ap_o_mod_91 = load i4 %p_ZZ8max_poolILi32ELi16EEvRN3hls6streamI8ap_fixedILi8ELi4EL9ap_q_mode0EL9ap_o_mod_90" [vgg_accelerator.cpp:115]   --->   Operation 237 'load' 'p_ZZ8max_poolILi32ELi16EEvRN3hls6streamI8ap_fixedILi8ELi4EL9ap_q_mode0EL9ap_o_mod_91' <Predicate = (!icmp_ln101 & and_ln118)> <Delay = 0.79> <CoreInst = "RAM">   --->   Core 83 'RAM' <Latency = 1> <II = 1> <Delay = 0.79> <Storage> <Opcode : 'load' 'store'> <Ports = 2> <Width = 8> <Depth = 16> <RAM>
ST_1 : Operation 238 [1/1] (0.00ns)   --->   "%p_ZZ8max_poolILi32ELi16EEvRN3hls6streamI8ap_fixedILi8ELi4EL9ap_q_mode0EL9ap_o_mod_92 = getelementptr i8 %p_ZZ8max_poolILi32ELi16EEvRN3hls6streamI8ap_fixedILi8ELi4EL9ap_q_mode0EL9ap_o_mod_8, i64 0, i64 %zext_ln102" [vgg_accelerator.cpp:113]   --->   Operation 238 'getelementptr' 'p_ZZ8max_poolILi32ELi16EEvRN3hls6streamI8ap_fixedILi8ELi4EL9ap_q_mode0EL9ap_o_mod_92' <Predicate = (!icmp_ln101 & and_ln118)> <Delay = 0.00>
ST_1 : Operation 239 [2/2] (0.79ns)   --->   "%p_ZZ8max_poolILi32ELi16EEvRN3hls6streamI8ap_fixedILi8ELi4EL9ap_q_mode0EL9ap_o_mod_93 = load i4 %p_ZZ8max_poolILi32ELi16EEvRN3hls6streamI8ap_fixedILi8ELi4EL9ap_q_mode0EL9ap_o_mod_92" [vgg_accelerator.cpp:115]   --->   Operation 239 'load' 'p_ZZ8max_poolILi32ELi16EEvRN3hls6streamI8ap_fixedILi8ELi4EL9ap_q_mode0EL9ap_o_mod_93' <Predicate = (!icmp_ln101 & and_ln118)> <Delay = 0.79> <CoreInst = "RAM">   --->   Core 83 'RAM' <Latency = 1> <II = 1> <Delay = 0.79> <Storage> <Opcode : 'load' 'store'> <Ports = 2> <Width = 8> <Depth = 16> <RAM>
ST_1 : Operation 240 [1/1] (0.00ns)   --->   "%p_ZZ8max_poolILi32ELi16EEvRN3hls6streamI8ap_fixedILi8ELi4EL9ap_q_mode0EL9ap_o_mod_94 = getelementptr i8 %p_ZZ8max_poolILi32ELi16EEvRN3hls6streamI8ap_fixedILi8ELi4EL9ap_q_mode0EL9ap_o_mod_7, i64 0, i64 %zext_ln102" [vgg_accelerator.cpp:113]   --->   Operation 240 'getelementptr' 'p_ZZ8max_poolILi32ELi16EEvRN3hls6streamI8ap_fixedILi8ELi4EL9ap_q_mode0EL9ap_o_mod_94' <Predicate = (!icmp_ln101 & and_ln118)> <Delay = 0.00>
ST_1 : Operation 241 [2/2] (0.79ns)   --->   "%p_ZZ8max_poolILi32ELi16EEvRN3hls6streamI8ap_fixedILi8ELi4EL9ap_q_mode0EL9ap_o_mod_95 = load i4 %p_ZZ8max_poolILi32ELi16EEvRN3hls6streamI8ap_fixedILi8ELi4EL9ap_q_mode0EL9ap_o_mod_94" [vgg_accelerator.cpp:115]   --->   Operation 241 'load' 'p_ZZ8max_poolILi32ELi16EEvRN3hls6streamI8ap_fixedILi8ELi4EL9ap_q_mode0EL9ap_o_mod_95' <Predicate = (!icmp_ln101 & and_ln118)> <Delay = 0.79> <CoreInst = "RAM">   --->   Core 83 'RAM' <Latency = 1> <II = 1> <Delay = 0.79> <Storage> <Opcode : 'load' 'store'> <Ports = 2> <Width = 8> <Depth = 16> <RAM>
ST_1 : Operation 242 [1/1] (0.00ns)   --->   "%p_ZZ8max_poolILi32ELi16EEvRN3hls6streamI8ap_fixedILi8ELi4EL9ap_q_mode0EL9ap_o_mod_96 = getelementptr i8 %p_ZZ8max_poolILi32ELi16EEvRN3hls6streamI8ap_fixedILi8ELi4EL9ap_q_mode0EL9ap_o_mod_6, i64 0, i64 %zext_ln102" [vgg_accelerator.cpp:113]   --->   Operation 242 'getelementptr' 'p_ZZ8max_poolILi32ELi16EEvRN3hls6streamI8ap_fixedILi8ELi4EL9ap_q_mode0EL9ap_o_mod_96' <Predicate = (!icmp_ln101 & and_ln118)> <Delay = 0.00>
ST_1 : Operation 243 [2/2] (0.79ns)   --->   "%p_ZZ8max_poolILi32ELi16EEvRN3hls6streamI8ap_fixedILi8ELi4EL9ap_q_mode0EL9ap_o_mod_97 = load i4 %p_ZZ8max_poolILi32ELi16EEvRN3hls6streamI8ap_fixedILi8ELi4EL9ap_q_mode0EL9ap_o_mod_96" [vgg_accelerator.cpp:115]   --->   Operation 243 'load' 'p_ZZ8max_poolILi32ELi16EEvRN3hls6streamI8ap_fixedILi8ELi4EL9ap_q_mode0EL9ap_o_mod_97' <Predicate = (!icmp_ln101 & and_ln118)> <Delay = 0.79> <CoreInst = "RAM">   --->   Core 83 'RAM' <Latency = 1> <II = 1> <Delay = 0.79> <Storage> <Opcode : 'load' 'store'> <Ports = 2> <Width = 8> <Depth = 16> <RAM>
ST_1 : Operation 244 [1/1] (0.00ns)   --->   "%p_ZZ8max_poolILi32ELi16EEvRN3hls6streamI8ap_fixedILi8ELi4EL9ap_q_mode0EL9ap_o_mod_98 = getelementptr i8 %p_ZZ8max_poolILi32ELi16EEvRN3hls6streamI8ap_fixedILi8ELi4EL9ap_q_mode0EL9ap_o_mod_5, i64 0, i64 %zext_ln102" [vgg_accelerator.cpp:113]   --->   Operation 244 'getelementptr' 'p_ZZ8max_poolILi32ELi16EEvRN3hls6streamI8ap_fixedILi8ELi4EL9ap_q_mode0EL9ap_o_mod_98' <Predicate = (!icmp_ln101 & and_ln118)> <Delay = 0.00>
ST_1 : Operation 245 [2/2] (0.79ns)   --->   "%p_ZZ8max_poolILi32ELi16EEvRN3hls6streamI8ap_fixedILi8ELi4EL9ap_q_mode0EL9ap_o_mod_99 = load i4 %p_ZZ8max_poolILi32ELi16EEvRN3hls6streamI8ap_fixedILi8ELi4EL9ap_q_mode0EL9ap_o_mod_98" [vgg_accelerator.cpp:115]   --->   Operation 245 'load' 'p_ZZ8max_poolILi32ELi16EEvRN3hls6streamI8ap_fixedILi8ELi4EL9ap_q_mode0EL9ap_o_mod_99' <Predicate = (!icmp_ln101 & and_ln118)> <Delay = 0.79> <CoreInst = "RAM">   --->   Core 83 'RAM' <Latency = 1> <II = 1> <Delay = 0.79> <Storage> <Opcode : 'load' 'store'> <Ports = 2> <Width = 8> <Depth = 16> <RAM>
ST_1 : Operation 246 [1/1] (0.00ns)   --->   "%p_ZZ8max_poolILi32ELi16EEvRN3hls6streamI8ap_fixedILi8ELi4EL9ap_q_mode0EL9ap_o_mod_100 = getelementptr i8 %p_ZZ8max_poolILi32ELi16EEvRN3hls6streamI8ap_fixedILi8ELi4EL9ap_q_mode0EL9ap_o_mod_4, i64 0, i64 %zext_ln102" [vgg_accelerator.cpp:113]   --->   Operation 246 'getelementptr' 'p_ZZ8max_poolILi32ELi16EEvRN3hls6streamI8ap_fixedILi8ELi4EL9ap_q_mode0EL9ap_o_mod_100' <Predicate = (!icmp_ln101 & and_ln118)> <Delay = 0.00>
ST_1 : Operation 247 [2/2] (0.79ns)   --->   "%p_ZZ8max_poolILi32ELi16EEvRN3hls6streamI8ap_fixedILi8ELi4EL9ap_q_mode0EL9ap_o_mod_101 = load i4 %p_ZZ8max_poolILi32ELi16EEvRN3hls6streamI8ap_fixedILi8ELi4EL9ap_q_mode0EL9ap_o_mod_100" [vgg_accelerator.cpp:115]   --->   Operation 247 'load' 'p_ZZ8max_poolILi32ELi16EEvRN3hls6streamI8ap_fixedILi8ELi4EL9ap_q_mode0EL9ap_o_mod_101' <Predicate = (!icmp_ln101 & and_ln118)> <Delay = 0.79> <CoreInst = "RAM">   --->   Core 83 'RAM' <Latency = 1> <II = 1> <Delay = 0.79> <Storage> <Opcode : 'load' 'store'> <Ports = 2> <Width = 8> <Depth = 16> <RAM>
ST_1 : Operation 248 [1/1] (0.00ns)   --->   "%p_ZZ8max_poolILi32ELi16EEvRN3hls6streamI8ap_fixedILi8ELi4EL9ap_q_mode0EL9ap_o_mod_102 = getelementptr i8 %p_ZZ8max_poolILi32ELi16EEvRN3hls6streamI8ap_fixedILi8ELi4EL9ap_q_mode0EL9ap_o_mod_3, i64 0, i64 %zext_ln102" [vgg_accelerator.cpp:113]   --->   Operation 248 'getelementptr' 'p_ZZ8max_poolILi32ELi16EEvRN3hls6streamI8ap_fixedILi8ELi4EL9ap_q_mode0EL9ap_o_mod_102' <Predicate = (!icmp_ln101 & and_ln118)> <Delay = 0.00>
ST_1 : Operation 249 [2/2] (0.79ns)   --->   "%p_ZZ8max_poolILi32ELi16EEvRN3hls6streamI8ap_fixedILi8ELi4EL9ap_q_mode0EL9ap_o_mod_103 = load i4 %p_ZZ8max_poolILi32ELi16EEvRN3hls6streamI8ap_fixedILi8ELi4EL9ap_q_mode0EL9ap_o_mod_102" [vgg_accelerator.cpp:115]   --->   Operation 249 'load' 'p_ZZ8max_poolILi32ELi16EEvRN3hls6streamI8ap_fixedILi8ELi4EL9ap_q_mode0EL9ap_o_mod_103' <Predicate = (!icmp_ln101 & and_ln118)> <Delay = 0.79> <CoreInst = "RAM">   --->   Core 83 'RAM' <Latency = 1> <II = 1> <Delay = 0.79> <Storage> <Opcode : 'load' 'store'> <Ports = 2> <Width = 8> <Depth = 16> <RAM>
ST_1 : Operation 250 [1/1] (0.00ns)   --->   "%p_ZZ8max_poolILi32ELi16EEvRN3hls6streamI8ap_fixedILi8ELi4EL9ap_q_mode0EL9ap_o_mod_104 = getelementptr i8 %p_ZZ8max_poolILi32ELi16EEvRN3hls6streamI8ap_fixedILi8ELi4EL9ap_q_mode0EL9ap_o_mod_2, i64 0, i64 %zext_ln102" [vgg_accelerator.cpp:113]   --->   Operation 250 'getelementptr' 'p_ZZ8max_poolILi32ELi16EEvRN3hls6streamI8ap_fixedILi8ELi4EL9ap_q_mode0EL9ap_o_mod_104' <Predicate = (!icmp_ln101 & and_ln118)> <Delay = 0.00>
ST_1 : Operation 251 [2/2] (0.79ns)   --->   "%p_ZZ8max_poolILi32ELi16EEvRN3hls6streamI8ap_fixedILi8ELi4EL9ap_q_mode0EL9ap_o_mod_105 = load i4 %p_ZZ8max_poolILi32ELi16EEvRN3hls6streamI8ap_fixedILi8ELi4EL9ap_q_mode0EL9ap_o_mod_104" [vgg_accelerator.cpp:115]   --->   Operation 251 'load' 'p_ZZ8max_poolILi32ELi16EEvRN3hls6streamI8ap_fixedILi8ELi4EL9ap_q_mode0EL9ap_o_mod_105' <Predicate = (!icmp_ln101 & and_ln118)> <Delay = 0.79> <CoreInst = "RAM">   --->   Core 83 'RAM' <Latency = 1> <II = 1> <Delay = 0.79> <Storage> <Opcode : 'load' 'store'> <Ports = 2> <Width = 8> <Depth = 16> <RAM>
ST_1 : Operation 252 [1/1] (0.00ns)   --->   "%p_ZZ8max_poolILi32ELi16EEvRN3hls6streamI8ap_fixedILi8ELi4EL9ap_q_mode0EL9ap_o_mod_106 = getelementptr i8 %p_ZZ8max_poolILi32ELi16EEvRN3hls6streamI8ap_fixedILi8ELi4EL9ap_q_mode0EL9ap_o_mod_1, i64 0, i64 %zext_ln102" [vgg_accelerator.cpp:113]   --->   Operation 252 'getelementptr' 'p_ZZ8max_poolILi32ELi16EEvRN3hls6streamI8ap_fixedILi8ELi4EL9ap_q_mode0EL9ap_o_mod_106' <Predicate = (!icmp_ln101 & and_ln118)> <Delay = 0.00>
ST_1 : Operation 253 [2/2] (0.79ns)   --->   "%p_ZZ8max_poolILi32ELi16EEvRN3hls6streamI8ap_fixedILi8ELi4EL9ap_q_mode0EL9ap_o_mod_107 = load i4 %p_ZZ8max_poolILi32ELi16EEvRN3hls6streamI8ap_fixedILi8ELi4EL9ap_q_mode0EL9ap_o_mod_106" [vgg_accelerator.cpp:115]   --->   Operation 253 'load' 'p_ZZ8max_poolILi32ELi16EEvRN3hls6streamI8ap_fixedILi8ELi4EL9ap_q_mode0EL9ap_o_mod_107' <Predicate = (!icmp_ln101 & and_ln118)> <Delay = 0.79> <CoreInst = "RAM">   --->   Core 83 'RAM' <Latency = 1> <II = 1> <Delay = 0.79> <Storage> <Opcode : 'load' 'store'> <Ports = 2> <Width = 8> <Depth = 16> <RAM>
ST_1 : Operation 254 [1/1] (0.00ns)   --->   "%p_ZZ8max_poolILi32ELi16EEvRN3hls6streamI8ap_fixedILi8ELi4EL9ap_q_mode0EL9ap_o_mod_108 = getelementptr i8 %p_ZZ8max_poolILi32ELi16EEvRN3hls6streamI8ap_fixedILi8ELi4EL9ap_q_mode0EL9ap_o_mod, i64 0, i64 %zext_ln102" [vgg_accelerator.cpp:113]   --->   Operation 254 'getelementptr' 'p_ZZ8max_poolILi32ELi16EEvRN3hls6streamI8ap_fixedILi8ELi4EL9ap_q_mode0EL9ap_o_mod_108' <Predicate = (!icmp_ln101 & and_ln118)> <Delay = 0.00>
ST_1 : Operation 255 [2/2] (0.79ns)   --->   "%p_ZZ8max_poolILi32ELi16EEvRN3hls6streamI8ap_fixedILi8ELi4EL9ap_q_mode0EL9ap_o_mod_109 = load i4 %p_ZZ8max_poolILi32ELi16EEvRN3hls6streamI8ap_fixedILi8ELi4EL9ap_q_mode0EL9ap_o_mod_108" [vgg_accelerator.cpp:115]   --->   Operation 255 'load' 'p_ZZ8max_poolILi32ELi16EEvRN3hls6streamI8ap_fixedILi8ELi4EL9ap_q_mode0EL9ap_o_mod_109' <Predicate = (!icmp_ln101 & and_ln118)> <Delay = 0.79> <CoreInst = "RAM">   --->   Core 83 'RAM' <Latency = 1> <II = 1> <Delay = 0.79> <Storage> <Opcode : 'load' 'store'> <Ports = 2> <Width = 8> <Depth = 16> <RAM>
ST_1 : Operation 256 [1/1] (0.87ns)   --->   "%add_ln102 = add i5 %select_ln101, i5 1" [vgg_accelerator.cpp:102]   --->   Operation 256 'add' 'add_ln102' <Predicate = (!icmp_ln101)> <Delay = 0.87> <CoreInst = "Adder">   --->   Core 1 'Adder' <Latency = 0> <II = 1> <Delay = 0.87> <FuncUnit> <Opcode : 'add' 'sub'> <InPorts = 2> <OutPorts = 1>
ST_1 : Operation 257 [1/1] (0.48ns)   --->   "%store_ln102 = store i9 %add_ln101, i9 %indvar_flatten" [vgg_accelerator.cpp:102]   --->   Operation 257 'store' 'store_ln102' <Predicate = (!icmp_ln101)> <Delay = 0.48>
ST_1 : Operation 258 [1/1] (0.48ns)   --->   "%store_ln102 = store i5 %select_ln101_2, i5 %r" [vgg_accelerator.cpp:102]   --->   Operation 258 'store' 'store_ln102' <Predicate = (!icmp_ln101)> <Delay = 0.48>
ST_1 : Operation 259 [1/1] (0.48ns)   --->   "%store_ln102 = store i5 %add_ln102, i5 %c" [vgg_accelerator.cpp:102]   --->   Operation 259 'store' 'store_ln102' <Predicate = (!icmp_ln101)> <Delay = 0.48>
ST_1 : Operation 774 [1/1] (0.00ns)   --->   "%ret_ln0 = ret"   --->   Operation 774 'ret' 'ret_ln0' <Predicate = (icmp_ln101)> <Delay = 0.00>

State 2 <SV = 1> <Delay = 7.25>
ST_2 : Operation 260 [1/1] (0.00ns)   --->   "%specloopname_ln0 = specloopname void @_ssdm_op_SpecLoopName, void @VITIS_LOOP_101_1_VITIS_LOOP_102_2_str"   --->   Operation 260 'specloopname' 'specloopname_ln0' <Predicate = (!icmp_ln101)> <Delay = 0.00>
ST_2 : Operation 261 [1/1] (0.00ns)   --->   "%empty = speclooptripcount i32 @_ssdm_op_SpecLoopTripCount, i64 256, i64 256, i64 256"   --->   Operation 261 'speclooptripcount' 'empty' <Predicate = (!icmp_ln101)> <Delay = 0.00>
ST_2 : Operation 262 [1/1] (0.00ns)   --->   "%specpipeline_ln106 = specpipeline void @_ssdm_op_SpecPipeline, i32 2, i32 0, i32 0, i32 0, void @empty_4" [vgg_accelerator.cpp:106]   --->   Operation 262 'specpipeline' 'specpipeline_ln106' <Predicate = (!icmp_ln101)> <Delay = 0.00>
ST_2 : Operation 263 [1/1] (0.00ns)   --->   "%specloopname_ln102 = specloopname void @_ssdm_op_SpecLoopName, void @empty_10" [vgg_accelerator.cpp:102]   --->   Operation 263 'specloopname' 'specloopname_ln102' <Predicate = (!icmp_ln101)> <Delay = 0.00>
ST_2 : Operation 264 [1/1] (2.32ns)   --->   "%val_in_2 = read i8 @_ssdm_op_Read.ap_fifo.volatile.i8P0A, i8 %s_conv2" [vgg_accelerator.cpp:108]   --->   Operation 264 'read' 'val_in_2' <Predicate = (!icmp_ln101)> <Delay = 2.32> <CoreInst = "FIFO_SRL">   --->   Core 81 'FIFO_SRL' <Latency = 0> <II = 1> <Delay = 2.32> <Storage> <Opcode : 'read' 'write' 'nbread' 'nbwrite'> <Ports = 0> <Width = 8> <Depth = 64> <FIFO>
ST_2 : Operation 265 [1/2] (0.79ns)   --->   "%void_max_pool_stream_stream_ap_fixed_8_4_0_0_0_0_pool_buff_19_load = load i4 %void_max_pool_stream_stream_ap_fixed_8_4_0_0_0_0_pool_buff_19_addr" [vgg_accelerator.cpp:115]   --->   Operation 265 'load' 'void_max_pool_stream_stream_ap_fixed_8_4_0_0_0_0_pool_buff_19_load' <Predicate = (!icmp_ln101)> <Delay = 0.79> <CoreInst = "RAM">   --->   Core 83 'RAM' <Latency = 1> <II = 1> <Delay = 0.79> <Storage> <Opcode : 'load' 'store'> <Ports = 2> <Width = 8> <Depth = 16> <RAM>
ST_2 : Operation 266 [1/1] (0.79ns)   --->   "%store_ln114 = store i8 %val_in_2, i4 %void_max_pool_stream_stream_ap_fixed_8_4_0_0_0_0_pool_buff_19_addr" [vgg_accelerator.cpp:114]   --->   Operation 266 'store' 'store_ln114' <Predicate = (!icmp_ln101)> <Delay = 0.79> <CoreInst = "RAM">   --->   Core 83 'RAM' <Latency = 1> <II = 1> <Delay = 0.79> <Storage> <Opcode : 'load' 'store'> <Ports = 2> <Width = 8> <Depth = 16> <RAM>
ST_2 : Operation 267 [1/2] (0.79ns)   --->   "%void_max_pool_stream_stream_ap_fixed_8_4_0_0_0_0_pool_buff_18_load_1 = load i4 %void_max_pool_stream_stream_ap_fixed_8_4_0_0_0_0_pool_buff_18_addr_1" [vgg_accelerator.cpp:115]   --->   Operation 267 'load' 'void_max_pool_stream_stream_ap_fixed_8_4_0_0_0_0_pool_buff_18_load_1' <Predicate = (!icmp_ln101 & !and_ln118)> <Delay = 0.79> <CoreInst = "RAM">   --->   Core 83 'RAM' <Latency = 1> <II = 1> <Delay = 0.79> <Storage> <Opcode : 'load' 'store'> <Ports = 2> <Width = 8> <Depth = 16> <RAM>
ST_2 : Operation 268 [1/2] (0.79ns)   --->   "%void_max_pool_stream_stream_ap_fixed_8_4_0_0_0_0_pool_buff_17_load_1 = load i4 %void_max_pool_stream_stream_ap_fixed_8_4_0_0_0_0_pool_buff_17_addr_1" [vgg_accelerator.cpp:115]   --->   Operation 268 'load' 'void_max_pool_stream_stream_ap_fixed_8_4_0_0_0_0_pool_buff_17_load_1' <Predicate = (!icmp_ln101 & !and_ln118)> <Delay = 0.79> <CoreInst = "RAM">   --->   Core 83 'RAM' <Latency = 1> <II = 1> <Delay = 0.79> <Storage> <Opcode : 'load' 'store'> <Ports = 2> <Width = 8> <Depth = 16> <RAM>
ST_2 : Operation 269 [1/2] (0.79ns)   --->   "%void_max_pool_stream_stream_ap_fixed_8_4_0_0_0_0_pool_buff_16_load_1 = load i4 %void_max_pool_stream_stream_ap_fixed_8_4_0_0_0_0_pool_buff_16_addr_1" [vgg_accelerator.cpp:115]   --->   Operation 269 'load' 'void_max_pool_stream_stream_ap_fixed_8_4_0_0_0_0_pool_buff_16_load_1' <Predicate = (!icmp_ln101 & !and_ln118)> <Delay = 0.79> <CoreInst = "RAM">   --->   Core 83 'RAM' <Latency = 1> <II = 1> <Delay = 0.79> <Storage> <Opcode : 'load' 'store'> <Ports = 2> <Width = 8> <Depth = 16> <RAM>
ST_2 : Operation 270 [1/2] (0.79ns)   --->   "%void_max_pool_stream_stream_ap_fixed_8_4_0_0_0_0_pool_buff_15_load_1 = load i4 %void_max_pool_stream_stream_ap_fixed_8_4_0_0_0_0_pool_buff_15_addr_1" [vgg_accelerator.cpp:115]   --->   Operation 270 'load' 'void_max_pool_stream_stream_ap_fixed_8_4_0_0_0_0_pool_buff_15_load_1' <Predicate = (!icmp_ln101 & !and_ln118)> <Delay = 0.79> <CoreInst = "RAM">   --->   Core 83 'RAM' <Latency = 1> <II = 1> <Delay = 0.79> <Storage> <Opcode : 'load' 'store'> <Ports = 2> <Width = 8> <Depth = 16> <RAM>
ST_2 : Operation 271 [1/2] (0.79ns)   --->   "%void_max_pool_stream_stream_ap_fixed_8_4_0_0_0_0_pool_buff_14_load_1 = load i4 %void_max_pool_stream_stream_ap_fixed_8_4_0_0_0_0_pool_buff_14_addr_1" [vgg_accelerator.cpp:115]   --->   Operation 271 'load' 'void_max_pool_stream_stream_ap_fixed_8_4_0_0_0_0_pool_buff_14_load_1' <Predicate = (!icmp_ln101 & !and_ln118)> <Delay = 0.79> <CoreInst = "RAM">   --->   Core 83 'RAM' <Latency = 1> <II = 1> <Delay = 0.79> <Storage> <Opcode : 'load' 'store'> <Ports = 2> <Width = 8> <Depth = 16> <RAM>
ST_2 : Operation 272 [1/2] (0.79ns)   --->   "%void_max_pool_stream_stream_ap_fixed_8_4_0_0_0_0_pool_buff_13_load_1 = load i4 %void_max_pool_stream_stream_ap_fixed_8_4_0_0_0_0_pool_buff_13_addr_1" [vgg_accelerator.cpp:115]   --->   Operation 272 'load' 'void_max_pool_stream_stream_ap_fixed_8_4_0_0_0_0_pool_buff_13_load_1' <Predicate = (!icmp_ln101 & !and_ln118)> <Delay = 0.79> <CoreInst = "RAM">   --->   Core 83 'RAM' <Latency = 1> <II = 1> <Delay = 0.79> <Storage> <Opcode : 'load' 'store'> <Ports = 2> <Width = 8> <Depth = 16> <RAM>
ST_2 : Operation 273 [1/2] (0.79ns)   --->   "%void_max_pool_stream_stream_ap_fixed_8_4_0_0_0_0_pool_buff_12_load_1 = load i4 %void_max_pool_stream_stream_ap_fixed_8_4_0_0_0_0_pool_buff_12_addr_1" [vgg_accelerator.cpp:115]   --->   Operation 273 'load' 'void_max_pool_stream_stream_ap_fixed_8_4_0_0_0_0_pool_buff_12_load_1' <Predicate = (!icmp_ln101 & !and_ln118)> <Delay = 0.79> <CoreInst = "RAM">   --->   Core 83 'RAM' <Latency = 1> <II = 1> <Delay = 0.79> <Storage> <Opcode : 'load' 'store'> <Ports = 2> <Width = 8> <Depth = 16> <RAM>
ST_2 : Operation 274 [1/2] (0.79ns)   --->   "%void_max_pool_stream_stream_ap_fixed_8_4_0_0_0_0_pool_buff_11_load_1 = load i4 %void_max_pool_stream_stream_ap_fixed_8_4_0_0_0_0_pool_buff_11_addr_1" [vgg_accelerator.cpp:115]   --->   Operation 274 'load' 'void_max_pool_stream_stream_ap_fixed_8_4_0_0_0_0_pool_buff_11_load_1' <Predicate = (!icmp_ln101 & !and_ln118)> <Delay = 0.79> <CoreInst = "RAM">   --->   Core 83 'RAM' <Latency = 1> <II = 1> <Delay = 0.79> <Storage> <Opcode : 'load' 'store'> <Ports = 2> <Width = 8> <Depth = 16> <RAM>
ST_2 : Operation 275 [1/2] (0.79ns)   --->   "%void_max_pool_stream_stream_ap_fixed_8_4_0_0_0_0_pool_buff_10_load_1 = load i4 %void_max_pool_stream_stream_ap_fixed_8_4_0_0_0_0_pool_buff_10_addr_1" [vgg_accelerator.cpp:115]   --->   Operation 275 'load' 'void_max_pool_stream_stream_ap_fixed_8_4_0_0_0_0_pool_buff_10_load_1' <Predicate = (!icmp_ln101 & !and_ln118)> <Delay = 0.79> <CoreInst = "RAM">   --->   Core 83 'RAM' <Latency = 1> <II = 1> <Delay = 0.79> <Storage> <Opcode : 'load' 'store'> <Ports = 2> <Width = 8> <Depth = 16> <RAM>
ST_2 : Operation 276 [1/2] (0.79ns)   --->   "%p_ZZ8max_poolILi32ELi16EEvRN3hls6streamI8ap_fixedILi8ELi4EL9ap_q_mode0EL9ap_o_mod_23 = load i4 %p_ZZ8max_poolILi32ELi16EEvRN3hls6streamI8ap_fixedILi8ELi4EL9ap_q_mode0EL9ap_o_mod_22" [vgg_accelerator.cpp:115]   --->   Operation 276 'load' 'p_ZZ8max_poolILi32ELi16EEvRN3hls6streamI8ap_fixedILi8ELi4EL9ap_q_mode0EL9ap_o_mod_23' <Predicate = (!icmp_ln101 & !and_ln118)> <Delay = 0.79> <CoreInst = "RAM">   --->   Core 83 'RAM' <Latency = 1> <II = 1> <Delay = 0.79> <Storage> <Opcode : 'load' 'store'> <Ports = 2> <Width = 8> <Depth = 16> <RAM>
ST_2 : Operation 277 [1/2] (0.79ns)   --->   "%p_ZZ8max_poolILi32ELi16EEvRN3hls6streamI8ap_fixedILi8ELi4EL9ap_q_mode0EL9ap_o_mod_25 = load i4 %p_ZZ8max_poolILi32ELi16EEvRN3hls6streamI8ap_fixedILi8ELi4EL9ap_q_mode0EL9ap_o_mod_24" [vgg_accelerator.cpp:115]   --->   Operation 277 'load' 'p_ZZ8max_poolILi32ELi16EEvRN3hls6streamI8ap_fixedILi8ELi4EL9ap_q_mode0EL9ap_o_mod_25' <Predicate = (!icmp_ln101 & !and_ln118)> <Delay = 0.79> <CoreInst = "RAM">   --->   Core 83 'RAM' <Latency = 1> <II = 1> <Delay = 0.79> <Storage> <Opcode : 'load' 'store'> <Ports = 2> <Width = 8> <Depth = 16> <RAM>
ST_2 : Operation 278 [1/2] (0.79ns)   --->   "%p_ZZ8max_poolILi32ELi16EEvRN3hls6streamI8ap_fixedILi8ELi4EL9ap_q_mode0EL9ap_o_mod_27 = load i4 %p_ZZ8max_poolILi32ELi16EEvRN3hls6streamI8ap_fixedILi8ELi4EL9ap_q_mode0EL9ap_o_mod_26" [vgg_accelerator.cpp:115]   --->   Operation 278 'load' 'p_ZZ8max_poolILi32ELi16EEvRN3hls6streamI8ap_fixedILi8ELi4EL9ap_q_mode0EL9ap_o_mod_27' <Predicate = (!icmp_ln101 & !and_ln118)> <Delay = 0.79> <CoreInst = "RAM">   --->   Core 83 'RAM' <Latency = 1> <II = 1> <Delay = 0.79> <Storage> <Opcode : 'load' 'store'> <Ports = 2> <Width = 8> <Depth = 16> <RAM>
ST_2 : Operation 279 [1/2] (0.79ns)   --->   "%p_ZZ8max_poolILi32ELi16EEvRN3hls6streamI8ap_fixedILi8ELi4EL9ap_q_mode0EL9ap_o_mod_29 = load i4 %p_ZZ8max_poolILi32ELi16EEvRN3hls6streamI8ap_fixedILi8ELi4EL9ap_q_mode0EL9ap_o_mod_28" [vgg_accelerator.cpp:115]   --->   Operation 279 'load' 'p_ZZ8max_poolILi32ELi16EEvRN3hls6streamI8ap_fixedILi8ELi4EL9ap_q_mode0EL9ap_o_mod_29' <Predicate = (!icmp_ln101 & !and_ln118)> <Delay = 0.79> <CoreInst = "RAM">   --->   Core 83 'RAM' <Latency = 1> <II = 1> <Delay = 0.79> <Storage> <Opcode : 'load' 'store'> <Ports = 2> <Width = 8> <Depth = 16> <RAM>
ST_2 : Operation 280 [1/2] (0.79ns)   --->   "%p_ZZ8max_poolILi32ELi16EEvRN3hls6streamI8ap_fixedILi8ELi4EL9ap_q_mode0EL9ap_o_mod_31 = load i4 %p_ZZ8max_poolILi32ELi16EEvRN3hls6streamI8ap_fixedILi8ELi4EL9ap_q_mode0EL9ap_o_mod_30" [vgg_accelerator.cpp:115]   --->   Operation 280 'load' 'p_ZZ8max_poolILi32ELi16EEvRN3hls6streamI8ap_fixedILi8ELi4EL9ap_q_mode0EL9ap_o_mod_31' <Predicate = (!icmp_ln101 & !and_ln118)> <Delay = 0.79> <CoreInst = "RAM">   --->   Core 83 'RAM' <Latency = 1> <II = 1> <Delay = 0.79> <Storage> <Opcode : 'load' 'store'> <Ports = 2> <Width = 8> <Depth = 16> <RAM>
ST_2 : Operation 281 [1/2] (0.79ns)   --->   "%p_ZZ8max_poolILi32ELi16EEvRN3hls6streamI8ap_fixedILi8ELi4EL9ap_q_mode0EL9ap_o_mod_33 = load i4 %p_ZZ8max_poolILi32ELi16EEvRN3hls6streamI8ap_fixedILi8ELi4EL9ap_q_mode0EL9ap_o_mod_32" [vgg_accelerator.cpp:115]   --->   Operation 281 'load' 'p_ZZ8max_poolILi32ELi16EEvRN3hls6streamI8ap_fixedILi8ELi4EL9ap_q_mode0EL9ap_o_mod_33' <Predicate = (!icmp_ln101 & !and_ln118)> <Delay = 0.79> <CoreInst = "RAM">   --->   Core 83 'RAM' <Latency = 1> <II = 1> <Delay = 0.79> <Storage> <Opcode : 'load' 'store'> <Ports = 2> <Width = 8> <Depth = 16> <RAM>
ST_2 : Operation 282 [1/2] (0.79ns)   --->   "%p_ZZ8max_poolILi32ELi16EEvRN3hls6streamI8ap_fixedILi8ELi4EL9ap_q_mode0EL9ap_o_mod_35 = load i4 %p_ZZ8max_poolILi32ELi16EEvRN3hls6streamI8ap_fixedILi8ELi4EL9ap_q_mode0EL9ap_o_mod_34" [vgg_accelerator.cpp:115]   --->   Operation 282 'load' 'p_ZZ8max_poolILi32ELi16EEvRN3hls6streamI8ap_fixedILi8ELi4EL9ap_q_mode0EL9ap_o_mod_35' <Predicate = (!icmp_ln101 & !and_ln118)> <Delay = 0.79> <CoreInst = "RAM">   --->   Core 83 'RAM' <Latency = 1> <II = 1> <Delay = 0.79> <Storage> <Opcode : 'load' 'store'> <Ports = 2> <Width = 8> <Depth = 16> <RAM>
ST_2 : Operation 283 [1/2] (0.79ns)   --->   "%p_ZZ8max_poolILi32ELi16EEvRN3hls6streamI8ap_fixedILi8ELi4EL9ap_q_mode0EL9ap_o_mod_37 = load i4 %p_ZZ8max_poolILi32ELi16EEvRN3hls6streamI8ap_fixedILi8ELi4EL9ap_q_mode0EL9ap_o_mod_36" [vgg_accelerator.cpp:115]   --->   Operation 283 'load' 'p_ZZ8max_poolILi32ELi16EEvRN3hls6streamI8ap_fixedILi8ELi4EL9ap_q_mode0EL9ap_o_mod_37' <Predicate = (!icmp_ln101 & !and_ln118)> <Delay = 0.79> <CoreInst = "RAM">   --->   Core 83 'RAM' <Latency = 1> <II = 1> <Delay = 0.79> <Storage> <Opcode : 'load' 'store'> <Ports = 2> <Width = 8> <Depth = 16> <RAM>
ST_2 : Operation 284 [1/2] (0.79ns)   --->   "%p_ZZ8max_poolILi32ELi16EEvRN3hls6streamI8ap_fixedILi8ELi4EL9ap_q_mode0EL9ap_o_mod_39 = load i4 %p_ZZ8max_poolILi32ELi16EEvRN3hls6streamI8ap_fixedILi8ELi4EL9ap_q_mode0EL9ap_o_mod_38" [vgg_accelerator.cpp:115]   --->   Operation 284 'load' 'p_ZZ8max_poolILi32ELi16EEvRN3hls6streamI8ap_fixedILi8ELi4EL9ap_q_mode0EL9ap_o_mod_39' <Predicate = (!icmp_ln101 & !and_ln118)> <Delay = 0.79> <CoreInst = "RAM">   --->   Core 83 'RAM' <Latency = 1> <II = 1> <Delay = 0.79> <Storage> <Opcode : 'load' 'store'> <Ports = 2> <Width = 8> <Depth = 16> <RAM>
ST_2 : Operation 285 [1/2] (0.79ns)   --->   "%p_ZZ8max_poolILi32ELi16EEvRN3hls6streamI8ap_fixedILi8ELi4EL9ap_q_mode0EL9ap_o_mod_41 = load i4 %p_ZZ8max_poolILi32ELi16EEvRN3hls6streamI8ap_fixedILi8ELi4EL9ap_q_mode0EL9ap_o_mod_40" [vgg_accelerator.cpp:115]   --->   Operation 285 'load' 'p_ZZ8max_poolILi32ELi16EEvRN3hls6streamI8ap_fixedILi8ELi4EL9ap_q_mode0EL9ap_o_mod_41' <Predicate = (!icmp_ln101 & !and_ln118)> <Delay = 0.79> <CoreInst = "RAM">   --->   Core 83 'RAM' <Latency = 1> <II = 1> <Delay = 0.79> <Storage> <Opcode : 'load' 'store'> <Ports = 2> <Width = 8> <Depth = 16> <RAM>
ST_2 : Operation 286 [1/2] (0.79ns)   --->   "%p_ZZ8max_poolILi32ELi16EEvRN3hls6streamI8ap_fixedILi8ELi4EL9ap_q_mode0EL9ap_o_mod_43 = load i4 %p_ZZ8max_poolILi32ELi16EEvRN3hls6streamI8ap_fixedILi8ELi4EL9ap_q_mode0EL9ap_o_mod_42" [vgg_accelerator.cpp:115]   --->   Operation 286 'load' 'p_ZZ8max_poolILi32ELi16EEvRN3hls6streamI8ap_fixedILi8ELi4EL9ap_q_mode0EL9ap_o_mod_43' <Predicate = (!icmp_ln101 & !and_ln118)> <Delay = 0.79> <CoreInst = "RAM">   --->   Core 83 'RAM' <Latency = 1> <II = 1> <Delay = 0.79> <Storage> <Opcode : 'load' 'store'> <Ports = 2> <Width = 8> <Depth = 16> <RAM>
ST_2 : Operation 287 [1/2] (0.79ns)   --->   "%p_ZZ8max_poolILi32ELi16EEvRN3hls6streamI8ap_fixedILi8ELi4EL9ap_q_mode0EL9ap_o_mod_45 = load i4 %p_ZZ8max_poolILi32ELi16EEvRN3hls6streamI8ap_fixedILi8ELi4EL9ap_q_mode0EL9ap_o_mod_44" [vgg_accelerator.cpp:115]   --->   Operation 287 'load' 'p_ZZ8max_poolILi32ELi16EEvRN3hls6streamI8ap_fixedILi8ELi4EL9ap_q_mode0EL9ap_o_mod_45' <Predicate = (!icmp_ln101 & !and_ln118)> <Delay = 0.79> <CoreInst = "RAM">   --->   Core 83 'RAM' <Latency = 1> <II = 1> <Delay = 0.79> <Storage> <Opcode : 'load' 'store'> <Ports = 2> <Width = 8> <Depth = 16> <RAM>
ST_2 : Operation 288 [1/2] (0.79ns)   --->   "%p_ZZ8max_poolILi32ELi16EEvRN3hls6streamI8ap_fixedILi8ELi4EL9ap_q_mode0EL9ap_o_mod_47 = load i4 %p_ZZ8max_poolILi32ELi16EEvRN3hls6streamI8ap_fixedILi8ELi4EL9ap_q_mode0EL9ap_o_mod_46" [vgg_accelerator.cpp:115]   --->   Operation 288 'load' 'p_ZZ8max_poolILi32ELi16EEvRN3hls6streamI8ap_fixedILi8ELi4EL9ap_q_mode0EL9ap_o_mod_47' <Predicate = (!icmp_ln101 & !and_ln118)> <Delay = 0.79> <CoreInst = "RAM">   --->   Core 83 'RAM' <Latency = 1> <II = 1> <Delay = 0.79> <Storage> <Opcode : 'load' 'store'> <Ports = 2> <Width = 8> <Depth = 16> <RAM>
ST_2 : Operation 289 [1/2] (0.79ns)   --->   "%p_ZZ8max_poolILi32ELi16EEvRN3hls6streamI8ap_fixedILi8ELi4EL9ap_q_mode0EL9ap_o_mod_49 = load i4 %p_ZZ8max_poolILi32ELi16EEvRN3hls6streamI8ap_fixedILi8ELi4EL9ap_q_mode0EL9ap_o_mod_48" [vgg_accelerator.cpp:115]   --->   Operation 289 'load' 'p_ZZ8max_poolILi32ELi16EEvRN3hls6streamI8ap_fixedILi8ELi4EL9ap_q_mode0EL9ap_o_mod_49' <Predicate = (!icmp_ln101 & !and_ln118)> <Delay = 0.79> <CoreInst = "RAM">   --->   Core 83 'RAM' <Latency = 1> <II = 1> <Delay = 0.79> <Storage> <Opcode : 'load' 'store'> <Ports = 2> <Width = 8> <Depth = 16> <RAM>
ST_2 : Operation 290 [1/2] (0.79ns)   --->   "%p_ZZ8max_poolILi32ELi16EEvRN3hls6streamI8ap_fixedILi8ELi4EL9ap_q_mode0EL9ap_o_mod_51 = load i4 %p_ZZ8max_poolILi32ELi16EEvRN3hls6streamI8ap_fixedILi8ELi4EL9ap_q_mode0EL9ap_o_mod_50" [vgg_accelerator.cpp:115]   --->   Operation 290 'load' 'p_ZZ8max_poolILi32ELi16EEvRN3hls6streamI8ap_fixedILi8ELi4EL9ap_q_mode0EL9ap_o_mod_51' <Predicate = (!icmp_ln101 & !and_ln118)> <Delay = 0.79> <CoreInst = "RAM">   --->   Core 83 'RAM' <Latency = 1> <II = 1> <Delay = 0.79> <Storage> <Opcode : 'load' 'store'> <Ports = 2> <Width = 8> <Depth = 16> <RAM>
ST_2 : Operation 291 [1/2] (0.79ns)   --->   "%p_ZZ8max_poolILi32ELi16EEvRN3hls6streamI8ap_fixedILi8ELi4EL9ap_q_mode0EL9ap_o_mod_53 = load i4 %p_ZZ8max_poolILi32ELi16EEvRN3hls6streamI8ap_fixedILi8ELi4EL9ap_q_mode0EL9ap_o_mod_52" [vgg_accelerator.cpp:115]   --->   Operation 291 'load' 'p_ZZ8max_poolILi32ELi16EEvRN3hls6streamI8ap_fixedILi8ELi4EL9ap_q_mode0EL9ap_o_mod_53' <Predicate = (!icmp_ln101 & !and_ln118)> <Delay = 0.79> <CoreInst = "RAM">   --->   Core 83 'RAM' <Latency = 1> <II = 1> <Delay = 0.79> <Storage> <Opcode : 'load' 'store'> <Ports = 2> <Width = 8> <Depth = 16> <RAM>
ST_2 : Operation 292 [1/2] (0.79ns)   --->   "%p_ZZ8max_poolILi32ELi16EEvRN3hls6streamI8ap_fixedILi8ELi4EL9ap_q_mode0EL9ap_o_mod_55 = load i4 %p_ZZ8max_poolILi32ELi16EEvRN3hls6streamI8ap_fixedILi8ELi4EL9ap_q_mode0EL9ap_o_mod_54" [vgg_accelerator.cpp:115]   --->   Operation 292 'load' 'p_ZZ8max_poolILi32ELi16EEvRN3hls6streamI8ap_fixedILi8ELi4EL9ap_q_mode0EL9ap_o_mod_55' <Predicate = (!icmp_ln101 & !and_ln118)> <Delay = 0.79> <CoreInst = "RAM">   --->   Core 83 'RAM' <Latency = 1> <II = 1> <Delay = 0.79> <Storage> <Opcode : 'load' 'store'> <Ports = 2> <Width = 8> <Depth = 16> <RAM>
ST_2 : Operation 293 [1/2] (0.79ns)   --->   "%p_ZZ8max_poolILi32ELi16EEvRN3hls6streamI8ap_fixedILi8ELi4EL9ap_q_mode0EL9ap_o_mod_57 = load i4 %p_ZZ8max_poolILi32ELi16EEvRN3hls6streamI8ap_fixedILi8ELi4EL9ap_q_mode0EL9ap_o_mod_56" [vgg_accelerator.cpp:115]   --->   Operation 293 'load' 'p_ZZ8max_poolILi32ELi16EEvRN3hls6streamI8ap_fixedILi8ELi4EL9ap_q_mode0EL9ap_o_mod_57' <Predicate = (!icmp_ln101 & !and_ln118)> <Delay = 0.79> <CoreInst = "RAM">   --->   Core 83 'RAM' <Latency = 1> <II = 1> <Delay = 0.79> <Storage> <Opcode : 'load' 'store'> <Ports = 2> <Width = 8> <Depth = 16> <RAM>
ST_2 : Operation 294 [1/2] (0.79ns)   --->   "%p_ZZ8max_poolILi32ELi16EEvRN3hls6streamI8ap_fixedILi8ELi4EL9ap_q_mode0EL9ap_o_mod_59 = load i4 %p_ZZ8max_poolILi32ELi16EEvRN3hls6streamI8ap_fixedILi8ELi4EL9ap_q_mode0EL9ap_o_mod_58" [vgg_accelerator.cpp:115]   --->   Operation 294 'load' 'p_ZZ8max_poolILi32ELi16EEvRN3hls6streamI8ap_fixedILi8ELi4EL9ap_q_mode0EL9ap_o_mod_59' <Predicate = (!icmp_ln101 & !and_ln118)> <Delay = 0.79> <CoreInst = "RAM">   --->   Core 83 'RAM' <Latency = 1> <II = 1> <Delay = 0.79> <Storage> <Opcode : 'load' 'store'> <Ports = 2> <Width = 8> <Depth = 16> <RAM>
ST_2 : Operation 295 [1/2] (0.79ns)   --->   "%p_ZZ8max_poolILi32ELi16EEvRN3hls6streamI8ap_fixedILi8ELi4EL9ap_q_mode0EL9ap_o_mod_61 = load i4 %p_ZZ8max_poolILi32ELi16EEvRN3hls6streamI8ap_fixedILi8ELi4EL9ap_q_mode0EL9ap_o_mod_60" [vgg_accelerator.cpp:115]   --->   Operation 295 'load' 'p_ZZ8max_poolILi32ELi16EEvRN3hls6streamI8ap_fixedILi8ELi4EL9ap_q_mode0EL9ap_o_mod_61' <Predicate = (!icmp_ln101 & !and_ln118)> <Delay = 0.79> <CoreInst = "RAM">   --->   Core 83 'RAM' <Latency = 1> <II = 1> <Delay = 0.79> <Storage> <Opcode : 'load' 'store'> <Ports = 2> <Width = 8> <Depth = 16> <RAM>
ST_2 : Operation 296 [1/2] (0.79ns)   --->   "%p_ZZ8max_poolILi32ELi16EEvRN3hls6streamI8ap_fixedILi8ELi4EL9ap_q_mode0EL9ap_o_mod_63 = load i4 %p_ZZ8max_poolILi32ELi16EEvRN3hls6streamI8ap_fixedILi8ELi4EL9ap_q_mode0EL9ap_o_mod_62" [vgg_accelerator.cpp:115]   --->   Operation 296 'load' 'p_ZZ8max_poolILi32ELi16EEvRN3hls6streamI8ap_fixedILi8ELi4EL9ap_q_mode0EL9ap_o_mod_63' <Predicate = (!icmp_ln101 & !and_ln118)> <Delay = 0.79> <CoreInst = "RAM">   --->   Core 83 'RAM' <Latency = 1> <II = 1> <Delay = 0.79> <Storage> <Opcode : 'load' 'store'> <Ports = 2> <Width = 8> <Depth = 16> <RAM>
ST_2 : Operation 297 [1/2] (0.79ns)   --->   "%p_ZZ8max_poolILi32ELi16EEvRN3hls6streamI8ap_fixedILi8ELi4EL9ap_q_mode0EL9ap_o_mod_65 = load i4 %p_ZZ8max_poolILi32ELi16EEvRN3hls6streamI8ap_fixedILi8ELi4EL9ap_q_mode0EL9ap_o_mod_64" [vgg_accelerator.cpp:115]   --->   Operation 297 'load' 'p_ZZ8max_poolILi32ELi16EEvRN3hls6streamI8ap_fixedILi8ELi4EL9ap_q_mode0EL9ap_o_mod_65' <Predicate = (!icmp_ln101 & !and_ln118)> <Delay = 0.79> <CoreInst = "RAM">   --->   Core 83 'RAM' <Latency = 1> <II = 1> <Delay = 0.79> <Storage> <Opcode : 'load' 'store'> <Ports = 2> <Width = 8> <Depth = 16> <RAM>
ST_2 : Operation 298 [1/1] (0.00ns)   --->   "%p_0_0_033198_i_load = load i8 %p_0_0_033198_i" [vgg_accelerator.cpp:119]   --->   Operation 298 'load' 'p_0_0_033198_i_load' <Predicate = (!icmp_ln101 & and_ln118)> <Delay = 0.00>
ST_2 : Operation 299 [1/1] (0.00ns)   --->   "%val_in_load = load i8 %val_in" [vgg_accelerator.cpp:120]   --->   Operation 299 'load' 'val_in_load' <Predicate = (!icmp_ln101 & and_ln118)> <Delay = 0.00>
ST_2 : Operation 300 [1/1] (1.30ns)   --->   "%max_0_V = call i8 @max_val, i8 %p_0_0_033198_i_load, i8 %void_max_pool_stream_stream_ap_fixed_8_4_0_0_0_0_pool_buff_19_load" [vgg_accelerator.cpp:119]   --->   Operation 300 'call' 'max_0_V' <Predicate = (!icmp_ln101 & and_ln118)> <Delay = 1.30> <CoreType = "Generic">   --->   Core 0 '' <Latency = 0> <II = 1> <Delay = 1.00> <Generic> <Opcode : >
ST_2 : Operation 301 [1/1] (1.30ns)   --->   "%max_1_V = call i8 @max_val, i8 %val_in_load, i8 %val_in_2" [vgg_accelerator.cpp:120]   --->   Operation 301 'call' 'max_1_V' <Predicate = (!icmp_ln101 & and_ln118)> <Delay = 1.30> <CoreType = "Generic">   --->   Core 0 '' <Latency = 0> <II = 1> <Delay = 1.00> <Generic> <Opcode : >
ST_2 : Operation 302 [1/1] (1.30ns)   --->   "%ref_tmp_assign_62_i = call i8 @max_val, i8 %max_0_V, i8 %max_1_V" [vgg_accelerator.cpp:121]   --->   Operation 302 'call' 'ref_tmp_assign_62_i' <Predicate = (!icmp_ln101 & and_ln118)> <Delay = 1.30> <CoreType = "Generic">   --->   Core 0 '' <Latency = 0> <II = 1> <Delay = 1.00> <Generic> <Opcode : >
ST_2 : Operation 303 [1/1] (2.32ns)   --->   "%write_ln121 = write void @_ssdm_op_Write.ap_fifo.volatile.i8P0A, i8 %s_pool2, i8 %ref_tmp_assign_62_i" [vgg_accelerator.cpp:121]   --->   Operation 303 'write' 'write_ln121' <Predicate = (!icmp_ln101 & and_ln118)> <Delay = 2.32> <CoreInst = "FIFO_SRL">   --->   Core 81 'FIFO_SRL' <Latency = 0> <II = 1> <Delay = 2.32> <Storage> <Opcode : 'read' 'write' 'nbread' 'nbwrite'> <Ports = 0> <Width = 8> <Depth = 64> <FIFO>
ST_2 : Operation 304 [1/2] (0.79ns)   --->   "%void_max_pool_stream_stream_ap_fixed_8_4_0_0_0_0_pool_buff_18_load = load i4 %void_max_pool_stream_stream_ap_fixed_8_4_0_0_0_0_pool_buff_18_addr" [vgg_accelerator.cpp:115]   --->   Operation 304 'load' 'void_max_pool_stream_stream_ap_fixed_8_4_0_0_0_0_pool_buff_18_load' <Predicate = (!icmp_ln101 & and_ln118)> <Delay = 0.79> <CoreInst = "RAM">   --->   Core 83 'RAM' <Latency = 1> <II = 1> <Delay = 0.79> <Storage> <Opcode : 'load' 'store'> <Ports = 2> <Width = 8> <Depth = 16> <RAM>
ST_2 : Operation 305 [1/2] (0.79ns)   --->   "%void_max_pool_stream_stream_ap_fixed_8_4_0_0_0_0_pool_buff_17_load = load i4 %void_max_pool_stream_stream_ap_fixed_8_4_0_0_0_0_pool_buff_17_addr" [vgg_accelerator.cpp:115]   --->   Operation 305 'load' 'void_max_pool_stream_stream_ap_fixed_8_4_0_0_0_0_pool_buff_17_load' <Predicate = (!icmp_ln101 & and_ln118)> <Delay = 0.79> <CoreInst = "RAM">   --->   Core 83 'RAM' <Latency = 1> <II = 1> <Delay = 0.79> <Storage> <Opcode : 'load' 'store'> <Ports = 2> <Width = 8> <Depth = 16> <RAM>
ST_2 : Operation 306 [1/2] (0.79ns)   --->   "%void_max_pool_stream_stream_ap_fixed_8_4_0_0_0_0_pool_buff_16_load = load i4 %void_max_pool_stream_stream_ap_fixed_8_4_0_0_0_0_pool_buff_16_addr" [vgg_accelerator.cpp:115]   --->   Operation 306 'load' 'void_max_pool_stream_stream_ap_fixed_8_4_0_0_0_0_pool_buff_16_load' <Predicate = (!icmp_ln101 & and_ln118)> <Delay = 0.79> <CoreInst = "RAM">   --->   Core 83 'RAM' <Latency = 1> <II = 1> <Delay = 0.79> <Storage> <Opcode : 'load' 'store'> <Ports = 2> <Width = 8> <Depth = 16> <RAM>
ST_2 : Operation 307 [1/2] (0.79ns)   --->   "%void_max_pool_stream_stream_ap_fixed_8_4_0_0_0_0_pool_buff_15_load = load i4 %void_max_pool_stream_stream_ap_fixed_8_4_0_0_0_0_pool_buff_15_addr" [vgg_accelerator.cpp:115]   --->   Operation 307 'load' 'void_max_pool_stream_stream_ap_fixed_8_4_0_0_0_0_pool_buff_15_load' <Predicate = (!icmp_ln101 & and_ln118)> <Delay = 0.79> <CoreInst = "RAM">   --->   Core 83 'RAM' <Latency = 1> <II = 1> <Delay = 0.79> <Storage> <Opcode : 'load' 'store'> <Ports = 2> <Width = 8> <Depth = 16> <RAM>
ST_2 : Operation 308 [1/2] (0.79ns)   --->   "%void_max_pool_stream_stream_ap_fixed_8_4_0_0_0_0_pool_buff_14_load = load i4 %void_max_pool_stream_stream_ap_fixed_8_4_0_0_0_0_pool_buff_14_addr" [vgg_accelerator.cpp:115]   --->   Operation 308 'load' 'void_max_pool_stream_stream_ap_fixed_8_4_0_0_0_0_pool_buff_14_load' <Predicate = (!icmp_ln101 & and_ln118)> <Delay = 0.79> <CoreInst = "RAM">   --->   Core 83 'RAM' <Latency = 1> <II = 1> <Delay = 0.79> <Storage> <Opcode : 'load' 'store'> <Ports = 2> <Width = 8> <Depth = 16> <RAM>
ST_2 : Operation 309 [1/2] (0.79ns)   --->   "%void_max_pool_stream_stream_ap_fixed_8_4_0_0_0_0_pool_buff_13_load = load i4 %void_max_pool_stream_stream_ap_fixed_8_4_0_0_0_0_pool_buff_13_addr" [vgg_accelerator.cpp:115]   --->   Operation 309 'load' 'void_max_pool_stream_stream_ap_fixed_8_4_0_0_0_0_pool_buff_13_load' <Predicate = (!icmp_ln101 & and_ln118)> <Delay = 0.79> <CoreInst = "RAM">   --->   Core 83 'RAM' <Latency = 1> <II = 1> <Delay = 0.79> <Storage> <Opcode : 'load' 'store'> <Ports = 2> <Width = 8> <Depth = 16> <RAM>
ST_2 : Operation 310 [1/2] (0.79ns)   --->   "%void_max_pool_stream_stream_ap_fixed_8_4_0_0_0_0_pool_buff_12_load = load i4 %void_max_pool_stream_stream_ap_fixed_8_4_0_0_0_0_pool_buff_12_addr" [vgg_accelerator.cpp:115]   --->   Operation 310 'load' 'void_max_pool_stream_stream_ap_fixed_8_4_0_0_0_0_pool_buff_12_load' <Predicate = (!icmp_ln101 & and_ln118)> <Delay = 0.79> <CoreInst = "RAM">   --->   Core 83 'RAM' <Latency = 1> <II = 1> <Delay = 0.79> <Storage> <Opcode : 'load' 'store'> <Ports = 2> <Width = 8> <Depth = 16> <RAM>
ST_2 : Operation 311 [1/2] (0.79ns)   --->   "%void_max_pool_stream_stream_ap_fixed_8_4_0_0_0_0_pool_buff_11_load = load i4 %void_max_pool_stream_stream_ap_fixed_8_4_0_0_0_0_pool_buff_11_addr" [vgg_accelerator.cpp:115]   --->   Operation 311 'load' 'void_max_pool_stream_stream_ap_fixed_8_4_0_0_0_0_pool_buff_11_load' <Predicate = (!icmp_ln101 & and_ln118)> <Delay = 0.79> <CoreInst = "RAM">   --->   Core 83 'RAM' <Latency = 1> <II = 1> <Delay = 0.79> <Storage> <Opcode : 'load' 'store'> <Ports = 2> <Width = 8> <Depth = 16> <RAM>
ST_2 : Operation 312 [1/2] (0.79ns)   --->   "%void_max_pool_stream_stream_ap_fixed_8_4_0_0_0_0_pool_buff_10_load = load i4 %void_max_pool_stream_stream_ap_fixed_8_4_0_0_0_0_pool_buff_10_addr" [vgg_accelerator.cpp:115]   --->   Operation 312 'load' 'void_max_pool_stream_stream_ap_fixed_8_4_0_0_0_0_pool_buff_10_load' <Predicate = (!icmp_ln101 & and_ln118)> <Delay = 0.79> <CoreInst = "RAM">   --->   Core 83 'RAM' <Latency = 1> <II = 1> <Delay = 0.79> <Storage> <Opcode : 'load' 'store'> <Ports = 2> <Width = 8> <Depth = 16> <RAM>
ST_2 : Operation 313 [1/2] (0.79ns)   --->   "%p_ZZ8max_poolILi32ELi16EEvRN3hls6streamI8ap_fixedILi8ELi4EL9ap_q_mode0EL9ap_o_mod_67 = load i4 %p_ZZ8max_poolILi32ELi16EEvRN3hls6streamI8ap_fixedILi8ELi4EL9ap_q_mode0EL9ap_o_mod_66" [vgg_accelerator.cpp:115]   --->   Operation 313 'load' 'p_ZZ8max_poolILi32ELi16EEvRN3hls6streamI8ap_fixedILi8ELi4EL9ap_q_mode0EL9ap_o_mod_67' <Predicate = (!icmp_ln101 & and_ln118)> <Delay = 0.79> <CoreInst = "RAM">   --->   Core 83 'RAM' <Latency = 1> <II = 1> <Delay = 0.79> <Storage> <Opcode : 'load' 'store'> <Ports = 2> <Width = 8> <Depth = 16> <RAM>
ST_2 : Operation 314 [1/2] (0.79ns)   --->   "%p_ZZ8max_poolILi32ELi16EEvRN3hls6streamI8ap_fixedILi8ELi4EL9ap_q_mode0EL9ap_o_mod_69 = load i4 %p_ZZ8max_poolILi32ELi16EEvRN3hls6streamI8ap_fixedILi8ELi4EL9ap_q_mode0EL9ap_o_mod_68" [vgg_accelerator.cpp:115]   --->   Operation 314 'load' 'p_ZZ8max_poolILi32ELi16EEvRN3hls6streamI8ap_fixedILi8ELi4EL9ap_q_mode0EL9ap_o_mod_69' <Predicate = (!icmp_ln101 & and_ln118)> <Delay = 0.79> <CoreInst = "RAM">   --->   Core 83 'RAM' <Latency = 1> <II = 1> <Delay = 0.79> <Storage> <Opcode : 'load' 'store'> <Ports = 2> <Width = 8> <Depth = 16> <RAM>
ST_2 : Operation 315 [1/2] (0.79ns)   --->   "%p_ZZ8max_poolILi32ELi16EEvRN3hls6streamI8ap_fixedILi8ELi4EL9ap_q_mode0EL9ap_o_mod_71 = load i4 %p_ZZ8max_poolILi32ELi16EEvRN3hls6streamI8ap_fixedILi8ELi4EL9ap_q_mode0EL9ap_o_mod_70" [vgg_accelerator.cpp:115]   --->   Operation 315 'load' 'p_ZZ8max_poolILi32ELi16EEvRN3hls6streamI8ap_fixedILi8ELi4EL9ap_q_mode0EL9ap_o_mod_71' <Predicate = (!icmp_ln101 & and_ln118)> <Delay = 0.79> <CoreInst = "RAM">   --->   Core 83 'RAM' <Latency = 1> <II = 1> <Delay = 0.79> <Storage> <Opcode : 'load' 'store'> <Ports = 2> <Width = 8> <Depth = 16> <RAM>
ST_2 : Operation 316 [1/2] (0.79ns)   --->   "%p_ZZ8max_poolILi32ELi16EEvRN3hls6streamI8ap_fixedILi8ELi4EL9ap_q_mode0EL9ap_o_mod_73 = load i4 %p_ZZ8max_poolILi32ELi16EEvRN3hls6streamI8ap_fixedILi8ELi4EL9ap_q_mode0EL9ap_o_mod_72" [vgg_accelerator.cpp:115]   --->   Operation 316 'load' 'p_ZZ8max_poolILi32ELi16EEvRN3hls6streamI8ap_fixedILi8ELi4EL9ap_q_mode0EL9ap_o_mod_73' <Predicate = (!icmp_ln101 & and_ln118)> <Delay = 0.79> <CoreInst = "RAM">   --->   Core 83 'RAM' <Latency = 1> <II = 1> <Delay = 0.79> <Storage> <Opcode : 'load' 'store'> <Ports = 2> <Width = 8> <Depth = 16> <RAM>
ST_2 : Operation 317 [1/2] (0.79ns)   --->   "%p_ZZ8max_poolILi32ELi16EEvRN3hls6streamI8ap_fixedILi8ELi4EL9ap_q_mode0EL9ap_o_mod_75 = load i4 %p_ZZ8max_poolILi32ELi16EEvRN3hls6streamI8ap_fixedILi8ELi4EL9ap_q_mode0EL9ap_o_mod_74" [vgg_accelerator.cpp:115]   --->   Operation 317 'load' 'p_ZZ8max_poolILi32ELi16EEvRN3hls6streamI8ap_fixedILi8ELi4EL9ap_q_mode0EL9ap_o_mod_75' <Predicate = (!icmp_ln101 & and_ln118)> <Delay = 0.79> <CoreInst = "RAM">   --->   Core 83 'RAM' <Latency = 1> <II = 1> <Delay = 0.79> <Storage> <Opcode : 'load' 'store'> <Ports = 2> <Width = 8> <Depth = 16> <RAM>
ST_2 : Operation 318 [1/2] (0.79ns)   --->   "%p_ZZ8max_poolILi32ELi16EEvRN3hls6streamI8ap_fixedILi8ELi4EL9ap_q_mode0EL9ap_o_mod_77 = load i4 %p_ZZ8max_poolILi32ELi16EEvRN3hls6streamI8ap_fixedILi8ELi4EL9ap_q_mode0EL9ap_o_mod_76" [vgg_accelerator.cpp:115]   --->   Operation 318 'load' 'p_ZZ8max_poolILi32ELi16EEvRN3hls6streamI8ap_fixedILi8ELi4EL9ap_q_mode0EL9ap_o_mod_77' <Predicate = (!icmp_ln101 & and_ln118)> <Delay = 0.79> <CoreInst = "RAM">   --->   Core 83 'RAM' <Latency = 1> <II = 1> <Delay = 0.79> <Storage> <Opcode : 'load' 'store'> <Ports = 2> <Width = 8> <Depth = 16> <RAM>
ST_2 : Operation 319 [1/2] (0.79ns)   --->   "%p_ZZ8max_poolILi32ELi16EEvRN3hls6streamI8ap_fixedILi8ELi4EL9ap_q_mode0EL9ap_o_mod_79 = load i4 %p_ZZ8max_poolILi32ELi16EEvRN3hls6streamI8ap_fixedILi8ELi4EL9ap_q_mode0EL9ap_o_mod_78" [vgg_accelerator.cpp:115]   --->   Operation 319 'load' 'p_ZZ8max_poolILi32ELi16EEvRN3hls6streamI8ap_fixedILi8ELi4EL9ap_q_mode0EL9ap_o_mod_79' <Predicate = (!icmp_ln101 & and_ln118)> <Delay = 0.79> <CoreInst = "RAM">   --->   Core 83 'RAM' <Latency = 1> <II = 1> <Delay = 0.79> <Storage> <Opcode : 'load' 'store'> <Ports = 2> <Width = 8> <Depth = 16> <RAM>
ST_2 : Operation 320 [1/2] (0.79ns)   --->   "%p_ZZ8max_poolILi32ELi16EEvRN3hls6streamI8ap_fixedILi8ELi4EL9ap_q_mode0EL9ap_o_mod_81 = load i4 %p_ZZ8max_poolILi32ELi16EEvRN3hls6streamI8ap_fixedILi8ELi4EL9ap_q_mode0EL9ap_o_mod_80" [vgg_accelerator.cpp:115]   --->   Operation 320 'load' 'p_ZZ8max_poolILi32ELi16EEvRN3hls6streamI8ap_fixedILi8ELi4EL9ap_q_mode0EL9ap_o_mod_81' <Predicate = (!icmp_ln101 & and_ln118)> <Delay = 0.79> <CoreInst = "RAM">   --->   Core 83 'RAM' <Latency = 1> <II = 1> <Delay = 0.79> <Storage> <Opcode : 'load' 'store'> <Ports = 2> <Width = 8> <Depth = 16> <RAM>
ST_2 : Operation 321 [1/2] (0.79ns)   --->   "%p_ZZ8max_poolILi32ELi16EEvRN3hls6streamI8ap_fixedILi8ELi4EL9ap_q_mode0EL9ap_o_mod_83 = load i4 %p_ZZ8max_poolILi32ELi16EEvRN3hls6streamI8ap_fixedILi8ELi4EL9ap_q_mode0EL9ap_o_mod_82" [vgg_accelerator.cpp:115]   --->   Operation 321 'load' 'p_ZZ8max_poolILi32ELi16EEvRN3hls6streamI8ap_fixedILi8ELi4EL9ap_q_mode0EL9ap_o_mod_83' <Predicate = (!icmp_ln101 & and_ln118)> <Delay = 0.79> <CoreInst = "RAM">   --->   Core 83 'RAM' <Latency = 1> <II = 1> <Delay = 0.79> <Storage> <Opcode : 'load' 'store'> <Ports = 2> <Width = 8> <Depth = 16> <RAM>
ST_2 : Operation 322 [1/2] (0.79ns)   --->   "%p_ZZ8max_poolILi32ELi16EEvRN3hls6streamI8ap_fixedILi8ELi4EL9ap_q_mode0EL9ap_o_mod_85 = load i4 %p_ZZ8max_poolILi32ELi16EEvRN3hls6streamI8ap_fixedILi8ELi4EL9ap_q_mode0EL9ap_o_mod_84" [vgg_accelerator.cpp:115]   --->   Operation 322 'load' 'p_ZZ8max_poolILi32ELi16EEvRN3hls6streamI8ap_fixedILi8ELi4EL9ap_q_mode0EL9ap_o_mod_85' <Predicate = (!icmp_ln101 & and_ln118)> <Delay = 0.79> <CoreInst = "RAM">   --->   Core 83 'RAM' <Latency = 1> <II = 1> <Delay = 0.79> <Storage> <Opcode : 'load' 'store'> <Ports = 2> <Width = 8> <Depth = 16> <RAM>
ST_2 : Operation 323 [1/2] (0.79ns)   --->   "%p_ZZ8max_poolILi32ELi16EEvRN3hls6streamI8ap_fixedILi8ELi4EL9ap_q_mode0EL9ap_o_mod_87 = load i4 %p_ZZ8max_poolILi32ELi16EEvRN3hls6streamI8ap_fixedILi8ELi4EL9ap_q_mode0EL9ap_o_mod_86" [vgg_accelerator.cpp:115]   --->   Operation 323 'load' 'p_ZZ8max_poolILi32ELi16EEvRN3hls6streamI8ap_fixedILi8ELi4EL9ap_q_mode0EL9ap_o_mod_87' <Predicate = (!icmp_ln101 & and_ln118)> <Delay = 0.79> <CoreInst = "RAM">   --->   Core 83 'RAM' <Latency = 1> <II = 1> <Delay = 0.79> <Storage> <Opcode : 'load' 'store'> <Ports = 2> <Width = 8> <Depth = 16> <RAM>
ST_2 : Operation 324 [1/2] (0.79ns)   --->   "%p_ZZ8max_poolILi32ELi16EEvRN3hls6streamI8ap_fixedILi8ELi4EL9ap_q_mode0EL9ap_o_mod_89 = load i4 %p_ZZ8max_poolILi32ELi16EEvRN3hls6streamI8ap_fixedILi8ELi4EL9ap_q_mode0EL9ap_o_mod_88" [vgg_accelerator.cpp:115]   --->   Operation 324 'load' 'p_ZZ8max_poolILi32ELi16EEvRN3hls6streamI8ap_fixedILi8ELi4EL9ap_q_mode0EL9ap_o_mod_89' <Predicate = (!icmp_ln101 & and_ln118)> <Delay = 0.79> <CoreInst = "RAM">   --->   Core 83 'RAM' <Latency = 1> <II = 1> <Delay = 0.79> <Storage> <Opcode : 'load' 'store'> <Ports = 2> <Width = 8> <Depth = 16> <RAM>
ST_2 : Operation 325 [1/2] (0.79ns)   --->   "%p_ZZ8max_poolILi32ELi16EEvRN3hls6streamI8ap_fixedILi8ELi4EL9ap_q_mode0EL9ap_o_mod_91 = load i4 %p_ZZ8max_poolILi32ELi16EEvRN3hls6streamI8ap_fixedILi8ELi4EL9ap_q_mode0EL9ap_o_mod_90" [vgg_accelerator.cpp:115]   --->   Operation 325 'load' 'p_ZZ8max_poolILi32ELi16EEvRN3hls6streamI8ap_fixedILi8ELi4EL9ap_q_mode0EL9ap_o_mod_91' <Predicate = (!icmp_ln101 & and_ln118)> <Delay = 0.79> <CoreInst = "RAM">   --->   Core 83 'RAM' <Latency = 1> <II = 1> <Delay = 0.79> <Storage> <Opcode : 'load' 'store'> <Ports = 2> <Width = 8> <Depth = 16> <RAM>
ST_2 : Operation 326 [1/2] (0.79ns)   --->   "%p_ZZ8max_poolILi32ELi16EEvRN3hls6streamI8ap_fixedILi8ELi4EL9ap_q_mode0EL9ap_o_mod_93 = load i4 %p_ZZ8max_poolILi32ELi16EEvRN3hls6streamI8ap_fixedILi8ELi4EL9ap_q_mode0EL9ap_o_mod_92" [vgg_accelerator.cpp:115]   --->   Operation 326 'load' 'p_ZZ8max_poolILi32ELi16EEvRN3hls6streamI8ap_fixedILi8ELi4EL9ap_q_mode0EL9ap_o_mod_93' <Predicate = (!icmp_ln101 & and_ln118)> <Delay = 0.79> <CoreInst = "RAM">   --->   Core 83 'RAM' <Latency = 1> <II = 1> <Delay = 0.79> <Storage> <Opcode : 'load' 'store'> <Ports = 2> <Width = 8> <Depth = 16> <RAM>
ST_2 : Operation 327 [1/2] (0.79ns)   --->   "%p_ZZ8max_poolILi32ELi16EEvRN3hls6streamI8ap_fixedILi8ELi4EL9ap_q_mode0EL9ap_o_mod_95 = load i4 %p_ZZ8max_poolILi32ELi16EEvRN3hls6streamI8ap_fixedILi8ELi4EL9ap_q_mode0EL9ap_o_mod_94" [vgg_accelerator.cpp:115]   --->   Operation 327 'load' 'p_ZZ8max_poolILi32ELi16EEvRN3hls6streamI8ap_fixedILi8ELi4EL9ap_q_mode0EL9ap_o_mod_95' <Predicate = (!icmp_ln101 & and_ln118)> <Delay = 0.79> <CoreInst = "RAM">   --->   Core 83 'RAM' <Latency = 1> <II = 1> <Delay = 0.79> <Storage> <Opcode : 'load' 'store'> <Ports = 2> <Width = 8> <Depth = 16> <RAM>
ST_2 : Operation 328 [1/2] (0.79ns)   --->   "%p_ZZ8max_poolILi32ELi16EEvRN3hls6streamI8ap_fixedILi8ELi4EL9ap_q_mode0EL9ap_o_mod_97 = load i4 %p_ZZ8max_poolILi32ELi16EEvRN3hls6streamI8ap_fixedILi8ELi4EL9ap_q_mode0EL9ap_o_mod_96" [vgg_accelerator.cpp:115]   --->   Operation 328 'load' 'p_ZZ8max_poolILi32ELi16EEvRN3hls6streamI8ap_fixedILi8ELi4EL9ap_q_mode0EL9ap_o_mod_97' <Predicate = (!icmp_ln101 & and_ln118)> <Delay = 0.79> <CoreInst = "RAM">   --->   Core 83 'RAM' <Latency = 1> <II = 1> <Delay = 0.79> <Storage> <Opcode : 'load' 'store'> <Ports = 2> <Width = 8> <Depth = 16> <RAM>
ST_2 : Operation 329 [1/2] (0.79ns)   --->   "%p_ZZ8max_poolILi32ELi16EEvRN3hls6streamI8ap_fixedILi8ELi4EL9ap_q_mode0EL9ap_o_mod_99 = load i4 %p_ZZ8max_poolILi32ELi16EEvRN3hls6streamI8ap_fixedILi8ELi4EL9ap_q_mode0EL9ap_o_mod_98" [vgg_accelerator.cpp:115]   --->   Operation 329 'load' 'p_ZZ8max_poolILi32ELi16EEvRN3hls6streamI8ap_fixedILi8ELi4EL9ap_q_mode0EL9ap_o_mod_99' <Predicate = (!icmp_ln101 & and_ln118)> <Delay = 0.79> <CoreInst = "RAM">   --->   Core 83 'RAM' <Latency = 1> <II = 1> <Delay = 0.79> <Storage> <Opcode : 'load' 'store'> <Ports = 2> <Width = 8> <Depth = 16> <RAM>
ST_2 : Operation 330 [1/2] (0.79ns)   --->   "%p_ZZ8max_poolILi32ELi16EEvRN3hls6streamI8ap_fixedILi8ELi4EL9ap_q_mode0EL9ap_o_mod_101 = load i4 %p_ZZ8max_poolILi32ELi16EEvRN3hls6streamI8ap_fixedILi8ELi4EL9ap_q_mode0EL9ap_o_mod_100" [vgg_accelerator.cpp:115]   --->   Operation 330 'load' 'p_ZZ8max_poolILi32ELi16EEvRN3hls6streamI8ap_fixedILi8ELi4EL9ap_q_mode0EL9ap_o_mod_101' <Predicate = (!icmp_ln101 & and_ln118)> <Delay = 0.79> <CoreInst = "RAM">   --->   Core 83 'RAM' <Latency = 1> <II = 1> <Delay = 0.79> <Storage> <Opcode : 'load' 'store'> <Ports = 2> <Width = 8> <Depth = 16> <RAM>
ST_2 : Operation 331 [1/2] (0.79ns)   --->   "%p_ZZ8max_poolILi32ELi16EEvRN3hls6streamI8ap_fixedILi8ELi4EL9ap_q_mode0EL9ap_o_mod_103 = load i4 %p_ZZ8max_poolILi32ELi16EEvRN3hls6streamI8ap_fixedILi8ELi4EL9ap_q_mode0EL9ap_o_mod_102" [vgg_accelerator.cpp:115]   --->   Operation 331 'load' 'p_ZZ8max_poolILi32ELi16EEvRN3hls6streamI8ap_fixedILi8ELi4EL9ap_q_mode0EL9ap_o_mod_103' <Predicate = (!icmp_ln101 & and_ln118)> <Delay = 0.79> <CoreInst = "RAM">   --->   Core 83 'RAM' <Latency = 1> <II = 1> <Delay = 0.79> <Storage> <Opcode : 'load' 'store'> <Ports = 2> <Width = 8> <Depth = 16> <RAM>
ST_2 : Operation 332 [1/2] (0.79ns)   --->   "%p_ZZ8max_poolILi32ELi16EEvRN3hls6streamI8ap_fixedILi8ELi4EL9ap_q_mode0EL9ap_o_mod_105 = load i4 %p_ZZ8max_poolILi32ELi16EEvRN3hls6streamI8ap_fixedILi8ELi4EL9ap_q_mode0EL9ap_o_mod_104" [vgg_accelerator.cpp:115]   --->   Operation 332 'load' 'p_ZZ8max_poolILi32ELi16EEvRN3hls6streamI8ap_fixedILi8ELi4EL9ap_q_mode0EL9ap_o_mod_105' <Predicate = (!icmp_ln101 & and_ln118)> <Delay = 0.79> <CoreInst = "RAM">   --->   Core 83 'RAM' <Latency = 1> <II = 1> <Delay = 0.79> <Storage> <Opcode : 'load' 'store'> <Ports = 2> <Width = 8> <Depth = 16> <RAM>
ST_2 : Operation 333 [1/2] (0.79ns)   --->   "%p_ZZ8max_poolILi32ELi16EEvRN3hls6streamI8ap_fixedILi8ELi4EL9ap_q_mode0EL9ap_o_mod_107 = load i4 %p_ZZ8max_poolILi32ELi16EEvRN3hls6streamI8ap_fixedILi8ELi4EL9ap_q_mode0EL9ap_o_mod_106" [vgg_accelerator.cpp:115]   --->   Operation 333 'load' 'p_ZZ8max_poolILi32ELi16EEvRN3hls6streamI8ap_fixedILi8ELi4EL9ap_q_mode0EL9ap_o_mod_107' <Predicate = (!icmp_ln101 & and_ln118)> <Delay = 0.79> <CoreInst = "RAM">   --->   Core 83 'RAM' <Latency = 1> <II = 1> <Delay = 0.79> <Storage> <Opcode : 'load' 'store'> <Ports = 2> <Width = 8> <Depth = 16> <RAM>
ST_2 : Operation 334 [1/2] (0.79ns)   --->   "%p_ZZ8max_poolILi32ELi16EEvRN3hls6streamI8ap_fixedILi8ELi4EL9ap_q_mode0EL9ap_o_mod_109 = load i4 %p_ZZ8max_poolILi32ELi16EEvRN3hls6streamI8ap_fixedILi8ELi4EL9ap_q_mode0EL9ap_o_mod_108" [vgg_accelerator.cpp:115]   --->   Operation 334 'load' 'p_ZZ8max_poolILi32ELi16EEvRN3hls6streamI8ap_fixedILi8ELi4EL9ap_q_mode0EL9ap_o_mod_109' <Predicate = (!icmp_ln101 & and_ln118)> <Delay = 0.79> <CoreInst = "RAM">   --->   Core 83 'RAM' <Latency = 1> <II = 1> <Delay = 0.79> <Storage> <Opcode : 'load' 'store'> <Ports = 2> <Width = 8> <Depth = 16> <RAM>
ST_2 : Operation 335 [1/1] (0.00ns)   --->   "%store_ln102 = store i8 %val_in_2, i8 %val_in" [vgg_accelerator.cpp:102]   --->   Operation 335 'store' 'store_ln102' <Predicate = (!icmp_ln101)> <Delay = 0.00>
ST_2 : Operation 336 [1/1] (0.00ns)   --->   "%store_ln102 = store i8 %void_max_pool_stream_stream_ap_fixed_8_4_0_0_0_0_pool_buff_19_load, i8 %p_0_0_033198_i" [vgg_accelerator.cpp:102]   --->   Operation 336 'store' 'store_ln102' <Predicate = (!icmp_ln101)> <Delay = 0.00>

State 3 <SV = 2> <Delay = 7.25>
ST_3 : Operation 337 [1/1] (2.32ns)   --->   "%s_conv2_read_31 = read i8 @_ssdm_op_Read.ap_fifo.volatile.i8P0A, i8 %s_conv2" [vgg_accelerator.cpp:108]   --->   Operation 337 'read' 's_conv2_read_31' <Predicate = (!icmp_ln101 & !and_ln118)> <Delay = 2.32> <CoreInst = "FIFO_SRL">   --->   Core 81 'FIFO_SRL' <Latency = 0> <II = 1> <Delay = 2.32> <Storage> <Opcode : 'read' 'write' 'nbread' 'nbwrite'> <Ports = 0> <Width = 8> <Depth = 64> <FIFO>
ST_3 : Operation 338 [1/1] (0.79ns)   --->   "%store_ln114 = store i8 %s_conv2_read_31, i4 %void_max_pool_stream_stream_ap_fixed_8_4_0_0_0_0_pool_buff_18_addr_1" [vgg_accelerator.cpp:114]   --->   Operation 338 'store' 'store_ln114' <Predicate = (!icmp_ln101 & !and_ln118)> <Delay = 0.79> <CoreInst = "RAM">   --->   Core 83 'RAM' <Latency = 1> <II = 1> <Delay = 0.79> <Storage> <Opcode : 'load' 'store'> <Ports = 2> <Width = 8> <Depth = 16> <RAM>
ST_3 : Operation 339 [1/1] (0.00ns)   --->   "%p_0_0_033_1200_i_load = load i8 %p_0_0_033_1200_i" [vgg_accelerator.cpp:119]   --->   Operation 339 'load' 'p_0_0_033_1200_i_load' <Predicate = (!icmp_ln101 & and_ln118)> <Delay = 0.00>
ST_3 : Operation 340 [1/1] (0.00ns)   --->   "%p_0_0_032_1201_i_load = load i8 %p_0_0_032_1201_i" [vgg_accelerator.cpp:120]   --->   Operation 340 'load' 'p_0_0_032_1201_i_load' <Predicate = (!icmp_ln101 & and_ln118)> <Delay = 0.00>
ST_3 : Operation 341 [1/1] (2.32ns)   --->   "%s_conv2_read = read i8 @_ssdm_op_Read.ap_fifo.volatile.i8P0A, i8 %s_conv2" [vgg_accelerator.cpp:108]   --->   Operation 341 'read' 's_conv2_read' <Predicate = (!icmp_ln101 & and_ln118)> <Delay = 2.32> <CoreInst = "FIFO_SRL">   --->   Core 81 'FIFO_SRL' <Latency = 0> <II = 1> <Delay = 2.32> <Storage> <Opcode : 'read' 'write' 'nbread' 'nbwrite'> <Ports = 0> <Width = 8> <Depth = 64> <FIFO>
ST_3 : Operation 342 [1/1] (0.79ns)   --->   "%store_ln114 = store i8 %s_conv2_read, i4 %void_max_pool_stream_stream_ap_fixed_8_4_0_0_0_0_pool_buff_18_addr" [vgg_accelerator.cpp:114]   --->   Operation 342 'store' 'store_ln114' <Predicate = (!icmp_ln101 & and_ln118)> <Delay = 0.79> <CoreInst = "RAM">   --->   Core 83 'RAM' <Latency = 1> <II = 1> <Delay = 0.79> <Storage> <Opcode : 'load' 'store'> <Ports = 2> <Width = 8> <Depth = 16> <RAM>
ST_3 : Operation 343 [1/1] (1.30ns)   --->   "%max_0_V_64 = call i8 @max_val, i8 %p_0_0_033_1200_i_load, i8 %void_max_pool_stream_stream_ap_fixed_8_4_0_0_0_0_pool_buff_18_load" [vgg_accelerator.cpp:119]   --->   Operation 343 'call' 'max_0_V_64' <Predicate = (!icmp_ln101 & and_ln118)> <Delay = 1.30> <CoreType = "Generic">   --->   Core 0 '' <Latency = 0> <II = 1> <Delay = 1.00> <Generic> <Opcode : >
ST_3 : Operation 344 [1/1] (1.30ns)   --->   "%max_1_V_64 = call i8 @max_val, i8 %p_0_0_032_1201_i_load, i8 %s_conv2_read" [vgg_accelerator.cpp:120]   --->   Operation 344 'call' 'max_1_V_64' <Predicate = (!icmp_ln101 & and_ln118)> <Delay = 1.30> <CoreType = "Generic">   --->   Core 0 '' <Latency = 0> <II = 1> <Delay = 1.00> <Generic> <Opcode : >
ST_3 : Operation 345 [1/1] (1.30ns)   --->   "%ref_tmp_assign_61_i = call i8 @max_val, i8 %max_0_V_64, i8 %max_1_V_64" [vgg_accelerator.cpp:121]   --->   Operation 345 'call' 'ref_tmp_assign_61_i' <Predicate = (!icmp_ln101 & and_ln118)> <Delay = 1.30> <CoreType = "Generic">   --->   Core 0 '' <Latency = 0> <II = 1> <Delay = 1.00> <Generic> <Opcode : >
ST_3 : Operation 346 [1/1] (2.32ns)   --->   "%write_ln121 = write void @_ssdm_op_Write.ap_fifo.volatile.i8P0A, i8 %s_pool2, i8 %ref_tmp_assign_61_i" [vgg_accelerator.cpp:121]   --->   Operation 346 'write' 'write_ln121' <Predicate = (!icmp_ln101 & and_ln118)> <Delay = 2.32> <CoreInst = "FIFO_SRL">   --->   Core 81 'FIFO_SRL' <Latency = 0> <II = 1> <Delay = 2.32> <Storage> <Opcode : 'read' 'write' 'nbread' 'nbwrite'> <Ports = 0> <Width = 8> <Depth = 64> <FIFO>

State 4 <SV = 3> <Delay = 7.25>
ST_4 : Operation 347 [1/1] (2.32ns)   --->   "%s_conv2_read_32 = read i8 @_ssdm_op_Read.ap_fifo.volatile.i8P0A, i8 %s_conv2" [vgg_accelerator.cpp:108]   --->   Operation 347 'read' 's_conv2_read_32' <Predicate = (!icmp_ln101 & !and_ln118)> <Delay = 2.32> <CoreInst = "FIFO_SRL">   --->   Core 81 'FIFO_SRL' <Latency = 0> <II = 1> <Delay = 2.32> <Storage> <Opcode : 'read' 'write' 'nbread' 'nbwrite'> <Ports = 0> <Width = 8> <Depth = 64> <FIFO>
ST_4 : Operation 348 [1/1] (0.79ns)   --->   "%store_ln114 = store i8 %s_conv2_read_32, i4 %void_max_pool_stream_stream_ap_fixed_8_4_0_0_0_0_pool_buff_17_addr_1" [vgg_accelerator.cpp:114]   --->   Operation 348 'store' 'store_ln114' <Predicate = (!icmp_ln101 & !and_ln118)> <Delay = 0.79> <CoreInst = "RAM">   --->   Core 83 'RAM' <Latency = 1> <II = 1> <Delay = 0.79> <Storage> <Opcode : 'load' 'store'> <Ports = 2> <Width = 8> <Depth = 16> <RAM>
ST_4 : Operation 349 [1/1] (0.00ns)   --->   "%p_0_0_033_2202_i_load = load i8 %p_0_0_033_2202_i" [vgg_accelerator.cpp:119]   --->   Operation 349 'load' 'p_0_0_033_2202_i_load' <Predicate = (!icmp_ln101 & and_ln118)> <Delay = 0.00>
ST_4 : Operation 350 [1/1] (0.00ns)   --->   "%p_0_0_032_2203_i_load = load i8 %p_0_0_032_2203_i" [vgg_accelerator.cpp:120]   --->   Operation 350 'load' 'p_0_0_032_2203_i_load' <Predicate = (!icmp_ln101 & and_ln118)> <Delay = 0.00>
ST_4 : Operation 351 [1/1] (2.32ns)   --->   "%s_conv2_read_1 = read i8 @_ssdm_op_Read.ap_fifo.volatile.i8P0A, i8 %s_conv2" [vgg_accelerator.cpp:108]   --->   Operation 351 'read' 's_conv2_read_1' <Predicate = (!icmp_ln101 & and_ln118)> <Delay = 2.32> <CoreInst = "FIFO_SRL">   --->   Core 81 'FIFO_SRL' <Latency = 0> <II = 1> <Delay = 2.32> <Storage> <Opcode : 'read' 'write' 'nbread' 'nbwrite'> <Ports = 0> <Width = 8> <Depth = 64> <FIFO>
ST_4 : Operation 352 [1/1] (0.79ns)   --->   "%store_ln114 = store i8 %s_conv2_read_1, i4 %void_max_pool_stream_stream_ap_fixed_8_4_0_0_0_0_pool_buff_17_addr" [vgg_accelerator.cpp:114]   --->   Operation 352 'store' 'store_ln114' <Predicate = (!icmp_ln101 & and_ln118)> <Delay = 0.79> <CoreInst = "RAM">   --->   Core 83 'RAM' <Latency = 1> <II = 1> <Delay = 0.79> <Storage> <Opcode : 'load' 'store'> <Ports = 2> <Width = 8> <Depth = 16> <RAM>
ST_4 : Operation 353 [1/1] (1.30ns)   --->   "%max_0_V_65 = call i8 @max_val, i8 %p_0_0_033_2202_i_load, i8 %void_max_pool_stream_stream_ap_fixed_8_4_0_0_0_0_pool_buff_17_load" [vgg_accelerator.cpp:119]   --->   Operation 353 'call' 'max_0_V_65' <Predicate = (!icmp_ln101 & and_ln118)> <Delay = 1.30> <CoreType = "Generic">   --->   Core 0 '' <Latency = 0> <II = 1> <Delay = 1.00> <Generic> <Opcode : >
ST_4 : Operation 354 [1/1] (1.30ns)   --->   "%max_1_V_65 = call i8 @max_val, i8 %p_0_0_032_2203_i_load, i8 %s_conv2_read_1" [vgg_accelerator.cpp:120]   --->   Operation 354 'call' 'max_1_V_65' <Predicate = (!icmp_ln101 & and_ln118)> <Delay = 1.30> <CoreType = "Generic">   --->   Core 0 '' <Latency = 0> <II = 1> <Delay = 1.00> <Generic> <Opcode : >
ST_4 : Operation 355 [1/1] (1.30ns)   --->   "%ref_tmp_assign_60_i = call i8 @max_val, i8 %max_0_V_65, i8 %max_1_V_65" [vgg_accelerator.cpp:121]   --->   Operation 355 'call' 'ref_tmp_assign_60_i' <Predicate = (!icmp_ln101 & and_ln118)> <Delay = 1.30> <CoreType = "Generic">   --->   Core 0 '' <Latency = 0> <II = 1> <Delay = 1.00> <Generic> <Opcode : >
ST_4 : Operation 356 [1/1] (2.32ns)   --->   "%write_ln121 = write void @_ssdm_op_Write.ap_fifo.volatile.i8P0A, i8 %s_pool2, i8 %ref_tmp_assign_60_i" [vgg_accelerator.cpp:121]   --->   Operation 356 'write' 'write_ln121' <Predicate = (!icmp_ln101 & and_ln118)> <Delay = 2.32> <CoreInst = "FIFO_SRL">   --->   Core 81 'FIFO_SRL' <Latency = 0> <II = 1> <Delay = 2.32> <Storage> <Opcode : 'read' 'write' 'nbread' 'nbwrite'> <Ports = 0> <Width = 8> <Depth = 64> <FIFO>

State 5 <SV = 4> <Delay = 7.25>
ST_5 : Operation 357 [1/1] (2.32ns)   --->   "%s_conv2_read_33 = read i8 @_ssdm_op_Read.ap_fifo.volatile.i8P0A, i8 %s_conv2" [vgg_accelerator.cpp:108]   --->   Operation 357 'read' 's_conv2_read_33' <Predicate = (!icmp_ln101 & !and_ln118)> <Delay = 2.32> <CoreInst = "FIFO_SRL">   --->   Core 81 'FIFO_SRL' <Latency = 0> <II = 1> <Delay = 2.32> <Storage> <Opcode : 'read' 'write' 'nbread' 'nbwrite'> <Ports = 0> <Width = 8> <Depth = 64> <FIFO>
ST_5 : Operation 358 [1/1] (0.79ns)   --->   "%store_ln114 = store i8 %s_conv2_read_33, i4 %void_max_pool_stream_stream_ap_fixed_8_4_0_0_0_0_pool_buff_16_addr_1" [vgg_accelerator.cpp:114]   --->   Operation 358 'store' 'store_ln114' <Predicate = (!icmp_ln101 & !and_ln118)> <Delay = 0.79> <CoreInst = "RAM">   --->   Core 83 'RAM' <Latency = 1> <II = 1> <Delay = 0.79> <Storage> <Opcode : 'load' 'store'> <Ports = 2> <Width = 8> <Depth = 16> <RAM>
ST_5 : Operation 359 [1/1] (0.00ns)   --->   "%p_0_0_033_3204_i_load = load i8 %p_0_0_033_3204_i" [vgg_accelerator.cpp:119]   --->   Operation 359 'load' 'p_0_0_033_3204_i_load' <Predicate = (!icmp_ln101 & and_ln118)> <Delay = 0.00>
ST_5 : Operation 360 [1/1] (0.00ns)   --->   "%p_0_0_032_3205_i_load = load i8 %p_0_0_032_3205_i" [vgg_accelerator.cpp:120]   --->   Operation 360 'load' 'p_0_0_032_3205_i_load' <Predicate = (!icmp_ln101 & and_ln118)> <Delay = 0.00>
ST_5 : Operation 361 [1/1] (2.32ns)   --->   "%s_conv2_read_2 = read i8 @_ssdm_op_Read.ap_fifo.volatile.i8P0A, i8 %s_conv2" [vgg_accelerator.cpp:108]   --->   Operation 361 'read' 's_conv2_read_2' <Predicate = (!icmp_ln101 & and_ln118)> <Delay = 2.32> <CoreInst = "FIFO_SRL">   --->   Core 81 'FIFO_SRL' <Latency = 0> <II = 1> <Delay = 2.32> <Storage> <Opcode : 'read' 'write' 'nbread' 'nbwrite'> <Ports = 0> <Width = 8> <Depth = 64> <FIFO>
ST_5 : Operation 362 [1/1] (0.79ns)   --->   "%store_ln114 = store i8 %s_conv2_read_2, i4 %void_max_pool_stream_stream_ap_fixed_8_4_0_0_0_0_pool_buff_16_addr" [vgg_accelerator.cpp:114]   --->   Operation 362 'store' 'store_ln114' <Predicate = (!icmp_ln101 & and_ln118)> <Delay = 0.79> <CoreInst = "RAM">   --->   Core 83 'RAM' <Latency = 1> <II = 1> <Delay = 0.79> <Storage> <Opcode : 'load' 'store'> <Ports = 2> <Width = 8> <Depth = 16> <RAM>
ST_5 : Operation 363 [1/1] (1.30ns)   --->   "%max_0_V_66 = call i8 @max_val, i8 %p_0_0_033_3204_i_load, i8 %void_max_pool_stream_stream_ap_fixed_8_4_0_0_0_0_pool_buff_16_load" [vgg_accelerator.cpp:119]   --->   Operation 363 'call' 'max_0_V_66' <Predicate = (!icmp_ln101 & and_ln118)> <Delay = 1.30> <CoreType = "Generic">   --->   Core 0 '' <Latency = 0> <II = 1> <Delay = 1.00> <Generic> <Opcode : >
ST_5 : Operation 364 [1/1] (1.30ns)   --->   "%max_1_V_66 = call i8 @max_val, i8 %p_0_0_032_3205_i_load, i8 %s_conv2_read_2" [vgg_accelerator.cpp:120]   --->   Operation 364 'call' 'max_1_V_66' <Predicate = (!icmp_ln101 & and_ln118)> <Delay = 1.30> <CoreType = "Generic">   --->   Core 0 '' <Latency = 0> <II = 1> <Delay = 1.00> <Generic> <Opcode : >
ST_5 : Operation 365 [1/1] (1.30ns)   --->   "%ref_tmp_assign_59_i = call i8 @max_val, i8 %max_0_V_66, i8 %max_1_V_66" [vgg_accelerator.cpp:121]   --->   Operation 365 'call' 'ref_tmp_assign_59_i' <Predicate = (!icmp_ln101 & and_ln118)> <Delay = 1.30> <CoreType = "Generic">   --->   Core 0 '' <Latency = 0> <II = 1> <Delay = 1.00> <Generic> <Opcode : >
ST_5 : Operation 366 [1/1] (2.32ns)   --->   "%write_ln121 = write void @_ssdm_op_Write.ap_fifo.volatile.i8P0A, i8 %s_pool2, i8 %ref_tmp_assign_59_i" [vgg_accelerator.cpp:121]   --->   Operation 366 'write' 'write_ln121' <Predicate = (!icmp_ln101 & and_ln118)> <Delay = 2.32> <CoreInst = "FIFO_SRL">   --->   Core 81 'FIFO_SRL' <Latency = 0> <II = 1> <Delay = 2.32> <Storage> <Opcode : 'read' 'write' 'nbread' 'nbwrite'> <Ports = 0> <Width = 8> <Depth = 64> <FIFO>

State 6 <SV = 5> <Delay = 7.25>
ST_6 : Operation 367 [1/1] (2.32ns)   --->   "%s_conv2_read_34 = read i8 @_ssdm_op_Read.ap_fifo.volatile.i8P0A, i8 %s_conv2" [vgg_accelerator.cpp:108]   --->   Operation 367 'read' 's_conv2_read_34' <Predicate = (!icmp_ln101 & !and_ln118)> <Delay = 2.32> <CoreInst = "FIFO_SRL">   --->   Core 81 'FIFO_SRL' <Latency = 0> <II = 1> <Delay = 2.32> <Storage> <Opcode : 'read' 'write' 'nbread' 'nbwrite'> <Ports = 0> <Width = 8> <Depth = 64> <FIFO>
ST_6 : Operation 368 [1/1] (0.79ns)   --->   "%store_ln114 = store i8 %s_conv2_read_34, i4 %void_max_pool_stream_stream_ap_fixed_8_4_0_0_0_0_pool_buff_15_addr_1" [vgg_accelerator.cpp:114]   --->   Operation 368 'store' 'store_ln114' <Predicate = (!icmp_ln101 & !and_ln118)> <Delay = 0.79> <CoreInst = "RAM">   --->   Core 83 'RAM' <Latency = 1> <II = 1> <Delay = 0.79> <Storage> <Opcode : 'load' 'store'> <Ports = 2> <Width = 8> <Depth = 16> <RAM>
ST_6 : Operation 369 [1/1] (0.00ns)   --->   "%p_0_0_033_4206_i_load = load i8 %p_0_0_033_4206_i" [vgg_accelerator.cpp:119]   --->   Operation 369 'load' 'p_0_0_033_4206_i_load' <Predicate = (!icmp_ln101 & and_ln118)> <Delay = 0.00>
ST_6 : Operation 370 [1/1] (0.00ns)   --->   "%p_0_0_032_4207_i_load = load i8 %p_0_0_032_4207_i" [vgg_accelerator.cpp:120]   --->   Operation 370 'load' 'p_0_0_032_4207_i_load' <Predicate = (!icmp_ln101 & and_ln118)> <Delay = 0.00>
ST_6 : Operation 371 [1/1] (2.32ns)   --->   "%s_conv2_read_3 = read i8 @_ssdm_op_Read.ap_fifo.volatile.i8P0A, i8 %s_conv2" [vgg_accelerator.cpp:108]   --->   Operation 371 'read' 's_conv2_read_3' <Predicate = (!icmp_ln101 & and_ln118)> <Delay = 2.32> <CoreInst = "FIFO_SRL">   --->   Core 81 'FIFO_SRL' <Latency = 0> <II = 1> <Delay = 2.32> <Storage> <Opcode : 'read' 'write' 'nbread' 'nbwrite'> <Ports = 0> <Width = 8> <Depth = 64> <FIFO>
ST_6 : Operation 372 [1/1] (0.79ns)   --->   "%store_ln114 = store i8 %s_conv2_read_3, i4 %void_max_pool_stream_stream_ap_fixed_8_4_0_0_0_0_pool_buff_15_addr" [vgg_accelerator.cpp:114]   --->   Operation 372 'store' 'store_ln114' <Predicate = (!icmp_ln101 & and_ln118)> <Delay = 0.79> <CoreInst = "RAM">   --->   Core 83 'RAM' <Latency = 1> <II = 1> <Delay = 0.79> <Storage> <Opcode : 'load' 'store'> <Ports = 2> <Width = 8> <Depth = 16> <RAM>
ST_6 : Operation 373 [1/1] (1.30ns)   --->   "%max_0_V_67 = call i8 @max_val, i8 %p_0_0_033_4206_i_load, i8 %void_max_pool_stream_stream_ap_fixed_8_4_0_0_0_0_pool_buff_15_load" [vgg_accelerator.cpp:119]   --->   Operation 373 'call' 'max_0_V_67' <Predicate = (!icmp_ln101 & and_ln118)> <Delay = 1.30> <CoreType = "Generic">   --->   Core 0 '' <Latency = 0> <II = 1> <Delay = 1.00> <Generic> <Opcode : >
ST_6 : Operation 374 [1/1] (1.30ns)   --->   "%max_1_V_67 = call i8 @max_val, i8 %p_0_0_032_4207_i_load, i8 %s_conv2_read_3" [vgg_accelerator.cpp:120]   --->   Operation 374 'call' 'max_1_V_67' <Predicate = (!icmp_ln101 & and_ln118)> <Delay = 1.30> <CoreType = "Generic">   --->   Core 0 '' <Latency = 0> <II = 1> <Delay = 1.00> <Generic> <Opcode : >
ST_6 : Operation 375 [1/1] (1.30ns)   --->   "%ref_tmp_assign_58_i = call i8 @max_val, i8 %max_0_V_67, i8 %max_1_V_67" [vgg_accelerator.cpp:121]   --->   Operation 375 'call' 'ref_tmp_assign_58_i' <Predicate = (!icmp_ln101 & and_ln118)> <Delay = 1.30> <CoreType = "Generic">   --->   Core 0 '' <Latency = 0> <II = 1> <Delay = 1.00> <Generic> <Opcode : >
ST_6 : Operation 376 [1/1] (2.32ns)   --->   "%write_ln121 = write void @_ssdm_op_Write.ap_fifo.volatile.i8P0A, i8 %s_pool2, i8 %ref_tmp_assign_58_i" [vgg_accelerator.cpp:121]   --->   Operation 376 'write' 'write_ln121' <Predicate = (!icmp_ln101 & and_ln118)> <Delay = 2.32> <CoreInst = "FIFO_SRL">   --->   Core 81 'FIFO_SRL' <Latency = 0> <II = 1> <Delay = 2.32> <Storage> <Opcode : 'read' 'write' 'nbread' 'nbwrite'> <Ports = 0> <Width = 8> <Depth = 64> <FIFO>

State 7 <SV = 6> <Delay = 7.25>
ST_7 : Operation 377 [1/1] (2.32ns)   --->   "%s_conv2_read_35 = read i8 @_ssdm_op_Read.ap_fifo.volatile.i8P0A, i8 %s_conv2" [vgg_accelerator.cpp:108]   --->   Operation 377 'read' 's_conv2_read_35' <Predicate = (!icmp_ln101 & !and_ln118)> <Delay = 2.32> <CoreInst = "FIFO_SRL">   --->   Core 81 'FIFO_SRL' <Latency = 0> <II = 1> <Delay = 2.32> <Storage> <Opcode : 'read' 'write' 'nbread' 'nbwrite'> <Ports = 0> <Width = 8> <Depth = 64> <FIFO>
ST_7 : Operation 378 [1/1] (0.79ns)   --->   "%store_ln114 = store i8 %s_conv2_read_35, i4 %void_max_pool_stream_stream_ap_fixed_8_4_0_0_0_0_pool_buff_14_addr_1" [vgg_accelerator.cpp:114]   --->   Operation 378 'store' 'store_ln114' <Predicate = (!icmp_ln101 & !and_ln118)> <Delay = 0.79> <CoreInst = "RAM">   --->   Core 83 'RAM' <Latency = 1> <II = 1> <Delay = 0.79> <Storage> <Opcode : 'load' 'store'> <Ports = 2> <Width = 8> <Depth = 16> <RAM>
ST_7 : Operation 379 [1/1] (0.00ns)   --->   "%p_0_0_033_5208_i_load = load i8 %p_0_0_033_5208_i" [vgg_accelerator.cpp:119]   --->   Operation 379 'load' 'p_0_0_033_5208_i_load' <Predicate = (!icmp_ln101 & and_ln118)> <Delay = 0.00>
ST_7 : Operation 380 [1/1] (0.00ns)   --->   "%p_0_0_032_5209_i_load = load i8 %p_0_0_032_5209_i" [vgg_accelerator.cpp:120]   --->   Operation 380 'load' 'p_0_0_032_5209_i_load' <Predicate = (!icmp_ln101 & and_ln118)> <Delay = 0.00>
ST_7 : Operation 381 [1/1] (2.32ns)   --->   "%s_conv2_read_4 = read i8 @_ssdm_op_Read.ap_fifo.volatile.i8P0A, i8 %s_conv2" [vgg_accelerator.cpp:108]   --->   Operation 381 'read' 's_conv2_read_4' <Predicate = (!icmp_ln101 & and_ln118)> <Delay = 2.32> <CoreInst = "FIFO_SRL">   --->   Core 81 'FIFO_SRL' <Latency = 0> <II = 1> <Delay = 2.32> <Storage> <Opcode : 'read' 'write' 'nbread' 'nbwrite'> <Ports = 0> <Width = 8> <Depth = 64> <FIFO>
ST_7 : Operation 382 [1/1] (0.79ns)   --->   "%store_ln114 = store i8 %s_conv2_read_4, i4 %void_max_pool_stream_stream_ap_fixed_8_4_0_0_0_0_pool_buff_14_addr" [vgg_accelerator.cpp:114]   --->   Operation 382 'store' 'store_ln114' <Predicate = (!icmp_ln101 & and_ln118)> <Delay = 0.79> <CoreInst = "RAM">   --->   Core 83 'RAM' <Latency = 1> <II = 1> <Delay = 0.79> <Storage> <Opcode : 'load' 'store'> <Ports = 2> <Width = 8> <Depth = 16> <RAM>
ST_7 : Operation 383 [1/1] (1.30ns)   --->   "%max_0_V_68 = call i8 @max_val, i8 %p_0_0_033_5208_i_load, i8 %void_max_pool_stream_stream_ap_fixed_8_4_0_0_0_0_pool_buff_14_load" [vgg_accelerator.cpp:119]   --->   Operation 383 'call' 'max_0_V_68' <Predicate = (!icmp_ln101 & and_ln118)> <Delay = 1.30> <CoreType = "Generic">   --->   Core 0 '' <Latency = 0> <II = 1> <Delay = 1.00> <Generic> <Opcode : >
ST_7 : Operation 384 [1/1] (1.30ns)   --->   "%max_1_V_68 = call i8 @max_val, i8 %p_0_0_032_5209_i_load, i8 %s_conv2_read_4" [vgg_accelerator.cpp:120]   --->   Operation 384 'call' 'max_1_V_68' <Predicate = (!icmp_ln101 & and_ln118)> <Delay = 1.30> <CoreType = "Generic">   --->   Core 0 '' <Latency = 0> <II = 1> <Delay = 1.00> <Generic> <Opcode : >
ST_7 : Operation 385 [1/1] (1.30ns)   --->   "%ref_tmp_assign_57_i = call i8 @max_val, i8 %max_0_V_68, i8 %max_1_V_68" [vgg_accelerator.cpp:121]   --->   Operation 385 'call' 'ref_tmp_assign_57_i' <Predicate = (!icmp_ln101 & and_ln118)> <Delay = 1.30> <CoreType = "Generic">   --->   Core 0 '' <Latency = 0> <II = 1> <Delay = 1.00> <Generic> <Opcode : >
ST_7 : Operation 386 [1/1] (2.32ns)   --->   "%write_ln121 = write void @_ssdm_op_Write.ap_fifo.volatile.i8P0A, i8 %s_pool2, i8 %ref_tmp_assign_57_i" [vgg_accelerator.cpp:121]   --->   Operation 386 'write' 'write_ln121' <Predicate = (!icmp_ln101 & and_ln118)> <Delay = 2.32> <CoreInst = "FIFO_SRL">   --->   Core 81 'FIFO_SRL' <Latency = 0> <II = 1> <Delay = 2.32> <Storage> <Opcode : 'read' 'write' 'nbread' 'nbwrite'> <Ports = 0> <Width = 8> <Depth = 64> <FIFO>

State 8 <SV = 7> <Delay = 7.25>
ST_8 : Operation 387 [1/1] (2.32ns)   --->   "%s_conv2_read_36 = read i8 @_ssdm_op_Read.ap_fifo.volatile.i8P0A, i8 %s_conv2" [vgg_accelerator.cpp:108]   --->   Operation 387 'read' 's_conv2_read_36' <Predicate = (!icmp_ln101 & !and_ln118)> <Delay = 2.32> <CoreInst = "FIFO_SRL">   --->   Core 81 'FIFO_SRL' <Latency = 0> <II = 1> <Delay = 2.32> <Storage> <Opcode : 'read' 'write' 'nbread' 'nbwrite'> <Ports = 0> <Width = 8> <Depth = 64> <FIFO>
ST_8 : Operation 388 [1/1] (0.79ns)   --->   "%store_ln114 = store i8 %s_conv2_read_36, i4 %void_max_pool_stream_stream_ap_fixed_8_4_0_0_0_0_pool_buff_13_addr_1" [vgg_accelerator.cpp:114]   --->   Operation 388 'store' 'store_ln114' <Predicate = (!icmp_ln101 & !and_ln118)> <Delay = 0.79> <CoreInst = "RAM">   --->   Core 83 'RAM' <Latency = 1> <II = 1> <Delay = 0.79> <Storage> <Opcode : 'load' 'store'> <Ports = 2> <Width = 8> <Depth = 16> <RAM>
ST_8 : Operation 389 [1/1] (0.00ns)   --->   "%p_0_0_033_6210_i_load = load i8 %p_0_0_033_6210_i" [vgg_accelerator.cpp:119]   --->   Operation 389 'load' 'p_0_0_033_6210_i_load' <Predicate = (!icmp_ln101 & and_ln118)> <Delay = 0.00>
ST_8 : Operation 390 [1/1] (0.00ns)   --->   "%p_0_0_032_6211_i_load = load i8 %p_0_0_032_6211_i" [vgg_accelerator.cpp:120]   --->   Operation 390 'load' 'p_0_0_032_6211_i_load' <Predicate = (!icmp_ln101 & and_ln118)> <Delay = 0.00>
ST_8 : Operation 391 [1/1] (2.32ns)   --->   "%s_conv2_read_5 = read i8 @_ssdm_op_Read.ap_fifo.volatile.i8P0A, i8 %s_conv2" [vgg_accelerator.cpp:108]   --->   Operation 391 'read' 's_conv2_read_5' <Predicate = (!icmp_ln101 & and_ln118)> <Delay = 2.32> <CoreInst = "FIFO_SRL">   --->   Core 81 'FIFO_SRL' <Latency = 0> <II = 1> <Delay = 2.32> <Storage> <Opcode : 'read' 'write' 'nbread' 'nbwrite'> <Ports = 0> <Width = 8> <Depth = 64> <FIFO>
ST_8 : Operation 392 [1/1] (0.79ns)   --->   "%store_ln114 = store i8 %s_conv2_read_5, i4 %void_max_pool_stream_stream_ap_fixed_8_4_0_0_0_0_pool_buff_13_addr" [vgg_accelerator.cpp:114]   --->   Operation 392 'store' 'store_ln114' <Predicate = (!icmp_ln101 & and_ln118)> <Delay = 0.79> <CoreInst = "RAM">   --->   Core 83 'RAM' <Latency = 1> <II = 1> <Delay = 0.79> <Storage> <Opcode : 'load' 'store'> <Ports = 2> <Width = 8> <Depth = 16> <RAM>
ST_8 : Operation 393 [1/1] (1.30ns)   --->   "%max_0_V_69 = call i8 @max_val, i8 %p_0_0_033_6210_i_load, i8 %void_max_pool_stream_stream_ap_fixed_8_4_0_0_0_0_pool_buff_13_load" [vgg_accelerator.cpp:119]   --->   Operation 393 'call' 'max_0_V_69' <Predicate = (!icmp_ln101 & and_ln118)> <Delay = 1.30> <CoreType = "Generic">   --->   Core 0 '' <Latency = 0> <II = 1> <Delay = 1.00> <Generic> <Opcode : >
ST_8 : Operation 394 [1/1] (1.30ns)   --->   "%max_1_V_69 = call i8 @max_val, i8 %p_0_0_032_6211_i_load, i8 %s_conv2_read_5" [vgg_accelerator.cpp:120]   --->   Operation 394 'call' 'max_1_V_69' <Predicate = (!icmp_ln101 & and_ln118)> <Delay = 1.30> <CoreType = "Generic">   --->   Core 0 '' <Latency = 0> <II = 1> <Delay = 1.00> <Generic> <Opcode : >
ST_8 : Operation 395 [1/1] (1.30ns)   --->   "%ref_tmp_assign_56_i = call i8 @max_val, i8 %max_0_V_69, i8 %max_1_V_69" [vgg_accelerator.cpp:121]   --->   Operation 395 'call' 'ref_tmp_assign_56_i' <Predicate = (!icmp_ln101 & and_ln118)> <Delay = 1.30> <CoreType = "Generic">   --->   Core 0 '' <Latency = 0> <II = 1> <Delay = 1.00> <Generic> <Opcode : >
ST_8 : Operation 396 [1/1] (2.32ns)   --->   "%write_ln121 = write void @_ssdm_op_Write.ap_fifo.volatile.i8P0A, i8 %s_pool2, i8 %ref_tmp_assign_56_i" [vgg_accelerator.cpp:121]   --->   Operation 396 'write' 'write_ln121' <Predicate = (!icmp_ln101 & and_ln118)> <Delay = 2.32> <CoreInst = "FIFO_SRL">   --->   Core 81 'FIFO_SRL' <Latency = 0> <II = 1> <Delay = 2.32> <Storage> <Opcode : 'read' 'write' 'nbread' 'nbwrite'> <Ports = 0> <Width = 8> <Depth = 64> <FIFO>

State 9 <SV = 8> <Delay = 7.25>
ST_9 : Operation 397 [1/1] (2.32ns)   --->   "%s_conv2_read_37 = read i8 @_ssdm_op_Read.ap_fifo.volatile.i8P0A, i8 %s_conv2" [vgg_accelerator.cpp:108]   --->   Operation 397 'read' 's_conv2_read_37' <Predicate = (!icmp_ln101 & !and_ln118)> <Delay = 2.32> <CoreInst = "FIFO_SRL">   --->   Core 81 'FIFO_SRL' <Latency = 0> <II = 1> <Delay = 2.32> <Storage> <Opcode : 'read' 'write' 'nbread' 'nbwrite'> <Ports = 0> <Width = 8> <Depth = 64> <FIFO>
ST_9 : Operation 398 [1/1] (0.79ns)   --->   "%store_ln114 = store i8 %s_conv2_read_37, i4 %void_max_pool_stream_stream_ap_fixed_8_4_0_0_0_0_pool_buff_12_addr_1" [vgg_accelerator.cpp:114]   --->   Operation 398 'store' 'store_ln114' <Predicate = (!icmp_ln101 & !and_ln118)> <Delay = 0.79> <CoreInst = "RAM">   --->   Core 83 'RAM' <Latency = 1> <II = 1> <Delay = 0.79> <Storage> <Opcode : 'load' 'store'> <Ports = 2> <Width = 8> <Depth = 16> <RAM>
ST_9 : Operation 399 [1/1] (0.00ns)   --->   "%p_0_0_033_7212_i_load = load i8 %p_0_0_033_7212_i" [vgg_accelerator.cpp:119]   --->   Operation 399 'load' 'p_0_0_033_7212_i_load' <Predicate = (!icmp_ln101 & and_ln118)> <Delay = 0.00>
ST_9 : Operation 400 [1/1] (0.00ns)   --->   "%p_0_0_032_7213_i_load = load i8 %p_0_0_032_7213_i" [vgg_accelerator.cpp:120]   --->   Operation 400 'load' 'p_0_0_032_7213_i_load' <Predicate = (!icmp_ln101 & and_ln118)> <Delay = 0.00>
ST_9 : Operation 401 [1/1] (2.32ns)   --->   "%s_conv2_read_6 = read i8 @_ssdm_op_Read.ap_fifo.volatile.i8P0A, i8 %s_conv2" [vgg_accelerator.cpp:108]   --->   Operation 401 'read' 's_conv2_read_6' <Predicate = (!icmp_ln101 & and_ln118)> <Delay = 2.32> <CoreInst = "FIFO_SRL">   --->   Core 81 'FIFO_SRL' <Latency = 0> <II = 1> <Delay = 2.32> <Storage> <Opcode : 'read' 'write' 'nbread' 'nbwrite'> <Ports = 0> <Width = 8> <Depth = 64> <FIFO>
ST_9 : Operation 402 [1/1] (0.79ns)   --->   "%store_ln114 = store i8 %s_conv2_read_6, i4 %void_max_pool_stream_stream_ap_fixed_8_4_0_0_0_0_pool_buff_12_addr" [vgg_accelerator.cpp:114]   --->   Operation 402 'store' 'store_ln114' <Predicate = (!icmp_ln101 & and_ln118)> <Delay = 0.79> <CoreInst = "RAM">   --->   Core 83 'RAM' <Latency = 1> <II = 1> <Delay = 0.79> <Storage> <Opcode : 'load' 'store'> <Ports = 2> <Width = 8> <Depth = 16> <RAM>
ST_9 : Operation 403 [1/1] (1.30ns)   --->   "%max_0_V_70 = call i8 @max_val, i8 %p_0_0_033_7212_i_load, i8 %void_max_pool_stream_stream_ap_fixed_8_4_0_0_0_0_pool_buff_12_load" [vgg_accelerator.cpp:119]   --->   Operation 403 'call' 'max_0_V_70' <Predicate = (!icmp_ln101 & and_ln118)> <Delay = 1.30> <CoreType = "Generic">   --->   Core 0 '' <Latency = 0> <II = 1> <Delay = 1.00> <Generic> <Opcode : >
ST_9 : Operation 404 [1/1] (1.30ns)   --->   "%max_1_V_70 = call i8 @max_val, i8 %p_0_0_032_7213_i_load, i8 %s_conv2_read_6" [vgg_accelerator.cpp:120]   --->   Operation 404 'call' 'max_1_V_70' <Predicate = (!icmp_ln101 & and_ln118)> <Delay = 1.30> <CoreType = "Generic">   --->   Core 0 '' <Latency = 0> <II = 1> <Delay = 1.00> <Generic> <Opcode : >
ST_9 : Operation 405 [1/1] (1.30ns)   --->   "%ref_tmp_assign_55_i = call i8 @max_val, i8 %max_0_V_70, i8 %max_1_V_70" [vgg_accelerator.cpp:121]   --->   Operation 405 'call' 'ref_tmp_assign_55_i' <Predicate = (!icmp_ln101 & and_ln118)> <Delay = 1.30> <CoreType = "Generic">   --->   Core 0 '' <Latency = 0> <II = 1> <Delay = 1.00> <Generic> <Opcode : >
ST_9 : Operation 406 [1/1] (2.32ns)   --->   "%write_ln121 = write void @_ssdm_op_Write.ap_fifo.volatile.i8P0A, i8 %s_pool2, i8 %ref_tmp_assign_55_i" [vgg_accelerator.cpp:121]   --->   Operation 406 'write' 'write_ln121' <Predicate = (!icmp_ln101 & and_ln118)> <Delay = 2.32> <CoreInst = "FIFO_SRL">   --->   Core 81 'FIFO_SRL' <Latency = 0> <II = 1> <Delay = 2.32> <Storage> <Opcode : 'read' 'write' 'nbread' 'nbwrite'> <Ports = 0> <Width = 8> <Depth = 64> <FIFO>

State 10 <SV = 9> <Delay = 7.25>
ST_10 : Operation 407 [1/1] (2.32ns)   --->   "%s_conv2_read_38 = read i8 @_ssdm_op_Read.ap_fifo.volatile.i8P0A, i8 %s_conv2" [vgg_accelerator.cpp:108]   --->   Operation 407 'read' 's_conv2_read_38' <Predicate = (!icmp_ln101 & !and_ln118)> <Delay = 2.32> <CoreInst = "FIFO_SRL">   --->   Core 81 'FIFO_SRL' <Latency = 0> <II = 1> <Delay = 2.32> <Storage> <Opcode : 'read' 'write' 'nbread' 'nbwrite'> <Ports = 0> <Width = 8> <Depth = 64> <FIFO>
ST_10 : Operation 408 [1/1] (0.79ns)   --->   "%store_ln114 = store i8 %s_conv2_read_38, i4 %void_max_pool_stream_stream_ap_fixed_8_4_0_0_0_0_pool_buff_11_addr_1" [vgg_accelerator.cpp:114]   --->   Operation 408 'store' 'store_ln114' <Predicate = (!icmp_ln101 & !and_ln118)> <Delay = 0.79> <CoreInst = "RAM">   --->   Core 83 'RAM' <Latency = 1> <II = 1> <Delay = 0.79> <Storage> <Opcode : 'load' 'store'> <Ports = 2> <Width = 8> <Depth = 16> <RAM>
ST_10 : Operation 409 [1/1] (0.00ns)   --->   "%p_0_0_033_8214_i_load = load i8 %p_0_0_033_8214_i" [vgg_accelerator.cpp:119]   --->   Operation 409 'load' 'p_0_0_033_8214_i_load' <Predicate = (!icmp_ln101 & and_ln118)> <Delay = 0.00>
ST_10 : Operation 410 [1/1] (0.00ns)   --->   "%p_0_0_032_8215_i_load = load i8 %p_0_0_032_8215_i" [vgg_accelerator.cpp:120]   --->   Operation 410 'load' 'p_0_0_032_8215_i_load' <Predicate = (!icmp_ln101 & and_ln118)> <Delay = 0.00>
ST_10 : Operation 411 [1/1] (2.32ns)   --->   "%s_conv2_read_7 = read i8 @_ssdm_op_Read.ap_fifo.volatile.i8P0A, i8 %s_conv2" [vgg_accelerator.cpp:108]   --->   Operation 411 'read' 's_conv2_read_7' <Predicate = (!icmp_ln101 & and_ln118)> <Delay = 2.32> <CoreInst = "FIFO_SRL">   --->   Core 81 'FIFO_SRL' <Latency = 0> <II = 1> <Delay = 2.32> <Storage> <Opcode : 'read' 'write' 'nbread' 'nbwrite'> <Ports = 0> <Width = 8> <Depth = 64> <FIFO>
ST_10 : Operation 412 [1/1] (0.79ns)   --->   "%store_ln114 = store i8 %s_conv2_read_7, i4 %void_max_pool_stream_stream_ap_fixed_8_4_0_0_0_0_pool_buff_11_addr" [vgg_accelerator.cpp:114]   --->   Operation 412 'store' 'store_ln114' <Predicate = (!icmp_ln101 & and_ln118)> <Delay = 0.79> <CoreInst = "RAM">   --->   Core 83 'RAM' <Latency = 1> <II = 1> <Delay = 0.79> <Storage> <Opcode : 'load' 'store'> <Ports = 2> <Width = 8> <Depth = 16> <RAM>
ST_10 : Operation 413 [1/1] (1.30ns)   --->   "%max_0_V_71 = call i8 @max_val, i8 %p_0_0_033_8214_i_load, i8 %void_max_pool_stream_stream_ap_fixed_8_4_0_0_0_0_pool_buff_11_load" [vgg_accelerator.cpp:119]   --->   Operation 413 'call' 'max_0_V_71' <Predicate = (!icmp_ln101 & and_ln118)> <Delay = 1.30> <CoreType = "Generic">   --->   Core 0 '' <Latency = 0> <II = 1> <Delay = 1.00> <Generic> <Opcode : >
ST_10 : Operation 414 [1/1] (1.30ns)   --->   "%max_1_V_71 = call i8 @max_val, i8 %p_0_0_032_8215_i_load, i8 %s_conv2_read_7" [vgg_accelerator.cpp:120]   --->   Operation 414 'call' 'max_1_V_71' <Predicate = (!icmp_ln101 & and_ln118)> <Delay = 1.30> <CoreType = "Generic">   --->   Core 0 '' <Latency = 0> <II = 1> <Delay = 1.00> <Generic> <Opcode : >
ST_10 : Operation 415 [1/1] (1.30ns)   --->   "%ref_tmp_assign_54_i = call i8 @max_val, i8 %max_0_V_71, i8 %max_1_V_71" [vgg_accelerator.cpp:121]   --->   Operation 415 'call' 'ref_tmp_assign_54_i' <Predicate = (!icmp_ln101 & and_ln118)> <Delay = 1.30> <CoreType = "Generic">   --->   Core 0 '' <Latency = 0> <II = 1> <Delay = 1.00> <Generic> <Opcode : >
ST_10 : Operation 416 [1/1] (2.32ns)   --->   "%write_ln121 = write void @_ssdm_op_Write.ap_fifo.volatile.i8P0A, i8 %s_pool2, i8 %ref_tmp_assign_54_i" [vgg_accelerator.cpp:121]   --->   Operation 416 'write' 'write_ln121' <Predicate = (!icmp_ln101 & and_ln118)> <Delay = 2.32> <CoreInst = "FIFO_SRL">   --->   Core 81 'FIFO_SRL' <Latency = 0> <II = 1> <Delay = 2.32> <Storage> <Opcode : 'read' 'write' 'nbread' 'nbwrite'> <Ports = 0> <Width = 8> <Depth = 64> <FIFO>

State 11 <SV = 10> <Delay = 7.25>
ST_11 : Operation 417 [1/1] (2.32ns)   --->   "%s_conv2_read_39 = read i8 @_ssdm_op_Read.ap_fifo.volatile.i8P0A, i8 %s_conv2" [vgg_accelerator.cpp:108]   --->   Operation 417 'read' 's_conv2_read_39' <Predicate = (!icmp_ln101 & !and_ln118)> <Delay = 2.32> <CoreInst = "FIFO_SRL">   --->   Core 81 'FIFO_SRL' <Latency = 0> <II = 1> <Delay = 2.32> <Storage> <Opcode : 'read' 'write' 'nbread' 'nbwrite'> <Ports = 0> <Width = 8> <Depth = 64> <FIFO>
ST_11 : Operation 418 [1/1] (0.79ns)   --->   "%store_ln114 = store i8 %s_conv2_read_39, i4 %void_max_pool_stream_stream_ap_fixed_8_4_0_0_0_0_pool_buff_10_addr_1" [vgg_accelerator.cpp:114]   --->   Operation 418 'store' 'store_ln114' <Predicate = (!icmp_ln101 & !and_ln118)> <Delay = 0.79> <CoreInst = "RAM">   --->   Core 83 'RAM' <Latency = 1> <II = 1> <Delay = 0.79> <Storage> <Opcode : 'load' 'store'> <Ports = 2> <Width = 8> <Depth = 16> <RAM>
ST_11 : Operation 419 [1/1] (0.00ns)   --->   "%p_0_0_033_9216_i_load = load i8 %p_0_0_033_9216_i" [vgg_accelerator.cpp:119]   --->   Operation 419 'load' 'p_0_0_033_9216_i_load' <Predicate = (!icmp_ln101 & and_ln118)> <Delay = 0.00>
ST_11 : Operation 420 [1/1] (0.00ns)   --->   "%p_0_0_032_9217_i_load = load i8 %p_0_0_032_9217_i" [vgg_accelerator.cpp:120]   --->   Operation 420 'load' 'p_0_0_032_9217_i_load' <Predicate = (!icmp_ln101 & and_ln118)> <Delay = 0.00>
ST_11 : Operation 421 [1/1] (2.32ns)   --->   "%s_conv2_read_8 = read i8 @_ssdm_op_Read.ap_fifo.volatile.i8P0A, i8 %s_conv2" [vgg_accelerator.cpp:108]   --->   Operation 421 'read' 's_conv2_read_8' <Predicate = (!icmp_ln101 & and_ln118)> <Delay = 2.32> <CoreInst = "FIFO_SRL">   --->   Core 81 'FIFO_SRL' <Latency = 0> <II = 1> <Delay = 2.32> <Storage> <Opcode : 'read' 'write' 'nbread' 'nbwrite'> <Ports = 0> <Width = 8> <Depth = 64> <FIFO>
ST_11 : Operation 422 [1/1] (0.79ns)   --->   "%store_ln114 = store i8 %s_conv2_read_8, i4 %void_max_pool_stream_stream_ap_fixed_8_4_0_0_0_0_pool_buff_10_addr" [vgg_accelerator.cpp:114]   --->   Operation 422 'store' 'store_ln114' <Predicate = (!icmp_ln101 & and_ln118)> <Delay = 0.79> <CoreInst = "RAM">   --->   Core 83 'RAM' <Latency = 1> <II = 1> <Delay = 0.79> <Storage> <Opcode : 'load' 'store'> <Ports = 2> <Width = 8> <Depth = 16> <RAM>
ST_11 : Operation 423 [1/1] (1.30ns)   --->   "%max_0_V_72 = call i8 @max_val, i8 %p_0_0_033_9216_i_load, i8 %void_max_pool_stream_stream_ap_fixed_8_4_0_0_0_0_pool_buff_10_load" [vgg_accelerator.cpp:119]   --->   Operation 423 'call' 'max_0_V_72' <Predicate = (!icmp_ln101 & and_ln118)> <Delay = 1.30> <CoreType = "Generic">   --->   Core 0 '' <Latency = 0> <II = 1> <Delay = 1.00> <Generic> <Opcode : >
ST_11 : Operation 424 [1/1] (1.30ns)   --->   "%max_1_V_72 = call i8 @max_val, i8 %p_0_0_032_9217_i_load, i8 %s_conv2_read_8" [vgg_accelerator.cpp:120]   --->   Operation 424 'call' 'max_1_V_72' <Predicate = (!icmp_ln101 & and_ln118)> <Delay = 1.30> <CoreType = "Generic">   --->   Core 0 '' <Latency = 0> <II = 1> <Delay = 1.00> <Generic> <Opcode : >
ST_11 : Operation 425 [1/1] (1.30ns)   --->   "%ref_tmp_assign_53_i = call i8 @max_val, i8 %max_0_V_72, i8 %max_1_V_72" [vgg_accelerator.cpp:121]   --->   Operation 425 'call' 'ref_tmp_assign_53_i' <Predicate = (!icmp_ln101 & and_ln118)> <Delay = 1.30> <CoreType = "Generic">   --->   Core 0 '' <Latency = 0> <II = 1> <Delay = 1.00> <Generic> <Opcode : >
ST_11 : Operation 426 [1/1] (2.32ns)   --->   "%write_ln121 = write void @_ssdm_op_Write.ap_fifo.volatile.i8P0A, i8 %s_pool2, i8 %ref_tmp_assign_53_i" [vgg_accelerator.cpp:121]   --->   Operation 426 'write' 'write_ln121' <Predicate = (!icmp_ln101 & and_ln118)> <Delay = 2.32> <CoreInst = "FIFO_SRL">   --->   Core 81 'FIFO_SRL' <Latency = 0> <II = 1> <Delay = 2.32> <Storage> <Opcode : 'read' 'write' 'nbread' 'nbwrite'> <Ports = 0> <Width = 8> <Depth = 64> <FIFO>

State 12 <SV = 11> <Delay = 7.25>
ST_12 : Operation 427 [1/1] (2.32ns)   --->   "%s_conv2_read_40 = read i8 @_ssdm_op_Read.ap_fifo.volatile.i8P0A, i8 %s_conv2" [vgg_accelerator.cpp:108]   --->   Operation 427 'read' 's_conv2_read_40' <Predicate = (!icmp_ln101 & !and_ln118)> <Delay = 2.32> <CoreInst = "FIFO_SRL">   --->   Core 81 'FIFO_SRL' <Latency = 0> <II = 1> <Delay = 2.32> <Storage> <Opcode : 'read' 'write' 'nbread' 'nbwrite'> <Ports = 0> <Width = 8> <Depth = 64> <FIFO>
ST_12 : Operation 428 [1/1] (0.79ns)   --->   "%store_ln114 = store i8 %s_conv2_read_40, i4 %p_ZZ8max_poolILi32ELi16EEvRN3hls6streamI8ap_fixedILi8ELi4EL9ap_q_mode0EL9ap_o_mod_22" [vgg_accelerator.cpp:114]   --->   Operation 428 'store' 'store_ln114' <Predicate = (!icmp_ln101 & !and_ln118)> <Delay = 0.79> <CoreInst = "RAM">   --->   Core 83 'RAM' <Latency = 1> <II = 1> <Delay = 0.79> <Storage> <Opcode : 'load' 'store'> <Ports = 2> <Width = 8> <Depth = 16> <RAM>
ST_12 : Operation 429 [1/1] (0.00ns)   --->   "%p_0_0_033_10218_i_load = load i8 %p_0_0_033_10218_i" [vgg_accelerator.cpp:119]   --->   Operation 429 'load' 'p_0_0_033_10218_i_load' <Predicate = (!icmp_ln101 & and_ln118)> <Delay = 0.00>
ST_12 : Operation 430 [1/1] (0.00ns)   --->   "%p_0_0_032_10219_i_load = load i8 %p_0_0_032_10219_i" [vgg_accelerator.cpp:120]   --->   Operation 430 'load' 'p_0_0_032_10219_i_load' <Predicate = (!icmp_ln101 & and_ln118)> <Delay = 0.00>
ST_12 : Operation 431 [1/1] (2.32ns)   --->   "%s_conv2_read_9 = read i8 @_ssdm_op_Read.ap_fifo.volatile.i8P0A, i8 %s_conv2" [vgg_accelerator.cpp:108]   --->   Operation 431 'read' 's_conv2_read_9' <Predicate = (!icmp_ln101 & and_ln118)> <Delay = 2.32> <CoreInst = "FIFO_SRL">   --->   Core 81 'FIFO_SRL' <Latency = 0> <II = 1> <Delay = 2.32> <Storage> <Opcode : 'read' 'write' 'nbread' 'nbwrite'> <Ports = 0> <Width = 8> <Depth = 64> <FIFO>
ST_12 : Operation 432 [1/1] (0.79ns)   --->   "%store_ln114 = store i8 %s_conv2_read_9, i4 %p_ZZ8max_poolILi32ELi16EEvRN3hls6streamI8ap_fixedILi8ELi4EL9ap_q_mode0EL9ap_o_mod_66" [vgg_accelerator.cpp:114]   --->   Operation 432 'store' 'store_ln114' <Predicate = (!icmp_ln101 & and_ln118)> <Delay = 0.79> <CoreInst = "RAM">   --->   Core 83 'RAM' <Latency = 1> <II = 1> <Delay = 0.79> <Storage> <Opcode : 'load' 'store'> <Ports = 2> <Width = 8> <Depth = 16> <RAM>
ST_12 : Operation 433 [1/1] (1.30ns)   --->   "%max_0_V_73 = call i8 @max_val, i8 %p_0_0_033_10218_i_load, i8 %p_ZZ8max_poolILi32ELi16EEvRN3hls6streamI8ap_fixedILi8ELi4EL9ap_q_mode0EL9ap_o_mod_67" [vgg_accelerator.cpp:119]   --->   Operation 433 'call' 'max_0_V_73' <Predicate = (!icmp_ln101 & and_ln118)> <Delay = 1.30> <CoreType = "Generic">   --->   Core 0 '' <Latency = 0> <II = 1> <Delay = 1.00> <Generic> <Opcode : >
ST_12 : Operation 434 [1/1] (1.30ns)   --->   "%max_1_V_73 = call i8 @max_val, i8 %p_0_0_032_10219_i_load, i8 %s_conv2_read_9" [vgg_accelerator.cpp:120]   --->   Operation 434 'call' 'max_1_V_73' <Predicate = (!icmp_ln101 & and_ln118)> <Delay = 1.30> <CoreType = "Generic">   --->   Core 0 '' <Latency = 0> <II = 1> <Delay = 1.00> <Generic> <Opcode : >
ST_12 : Operation 435 [1/1] (1.30ns)   --->   "%ref_tmp_assign_52_i = call i8 @max_val, i8 %max_0_V_73, i8 %max_1_V_73" [vgg_accelerator.cpp:121]   --->   Operation 435 'call' 'ref_tmp_assign_52_i' <Predicate = (!icmp_ln101 & and_ln118)> <Delay = 1.30> <CoreType = "Generic">   --->   Core 0 '' <Latency = 0> <II = 1> <Delay = 1.00> <Generic> <Opcode : >
ST_12 : Operation 436 [1/1] (2.32ns)   --->   "%write_ln121 = write void @_ssdm_op_Write.ap_fifo.volatile.i8P0A, i8 %s_pool2, i8 %ref_tmp_assign_52_i" [vgg_accelerator.cpp:121]   --->   Operation 436 'write' 'write_ln121' <Predicate = (!icmp_ln101 & and_ln118)> <Delay = 2.32> <CoreInst = "FIFO_SRL">   --->   Core 81 'FIFO_SRL' <Latency = 0> <II = 1> <Delay = 2.32> <Storage> <Opcode : 'read' 'write' 'nbread' 'nbwrite'> <Ports = 0> <Width = 8> <Depth = 64> <FIFO>

State 13 <SV = 12> <Delay = 7.25>
ST_13 : Operation 437 [1/1] (2.32ns)   --->   "%s_conv2_read_41 = read i8 @_ssdm_op_Read.ap_fifo.volatile.i8P0A, i8 %s_conv2" [vgg_accelerator.cpp:108]   --->   Operation 437 'read' 's_conv2_read_41' <Predicate = (!icmp_ln101 & !and_ln118)> <Delay = 2.32> <CoreInst = "FIFO_SRL">   --->   Core 81 'FIFO_SRL' <Latency = 0> <II = 1> <Delay = 2.32> <Storage> <Opcode : 'read' 'write' 'nbread' 'nbwrite'> <Ports = 0> <Width = 8> <Depth = 64> <FIFO>
ST_13 : Operation 438 [1/1] (0.79ns)   --->   "%store_ln114 = store i8 %s_conv2_read_41, i4 %p_ZZ8max_poolILi32ELi16EEvRN3hls6streamI8ap_fixedILi8ELi4EL9ap_q_mode0EL9ap_o_mod_24" [vgg_accelerator.cpp:114]   --->   Operation 438 'store' 'store_ln114' <Predicate = (!icmp_ln101 & !and_ln118)> <Delay = 0.79> <CoreInst = "RAM">   --->   Core 83 'RAM' <Latency = 1> <II = 1> <Delay = 0.79> <Storage> <Opcode : 'load' 'store'> <Ports = 2> <Width = 8> <Depth = 16> <RAM>
ST_13 : Operation 439 [1/1] (0.00ns)   --->   "%p_0_0_033_11220_i_load = load i8 %p_0_0_033_11220_i" [vgg_accelerator.cpp:119]   --->   Operation 439 'load' 'p_0_0_033_11220_i_load' <Predicate = (!icmp_ln101 & and_ln118)> <Delay = 0.00>
ST_13 : Operation 440 [1/1] (0.00ns)   --->   "%p_0_0_032_11221_i_load = load i8 %p_0_0_032_11221_i" [vgg_accelerator.cpp:120]   --->   Operation 440 'load' 'p_0_0_032_11221_i_load' <Predicate = (!icmp_ln101 & and_ln118)> <Delay = 0.00>
ST_13 : Operation 441 [1/1] (2.32ns)   --->   "%s_conv2_read_10 = read i8 @_ssdm_op_Read.ap_fifo.volatile.i8P0A, i8 %s_conv2" [vgg_accelerator.cpp:108]   --->   Operation 441 'read' 's_conv2_read_10' <Predicate = (!icmp_ln101 & and_ln118)> <Delay = 2.32> <CoreInst = "FIFO_SRL">   --->   Core 81 'FIFO_SRL' <Latency = 0> <II = 1> <Delay = 2.32> <Storage> <Opcode : 'read' 'write' 'nbread' 'nbwrite'> <Ports = 0> <Width = 8> <Depth = 64> <FIFO>
ST_13 : Operation 442 [1/1] (0.79ns)   --->   "%store_ln114 = store i8 %s_conv2_read_10, i4 %p_ZZ8max_poolILi32ELi16EEvRN3hls6streamI8ap_fixedILi8ELi4EL9ap_q_mode0EL9ap_o_mod_68" [vgg_accelerator.cpp:114]   --->   Operation 442 'store' 'store_ln114' <Predicate = (!icmp_ln101 & and_ln118)> <Delay = 0.79> <CoreInst = "RAM">   --->   Core 83 'RAM' <Latency = 1> <II = 1> <Delay = 0.79> <Storage> <Opcode : 'load' 'store'> <Ports = 2> <Width = 8> <Depth = 16> <RAM>
ST_13 : Operation 443 [1/1] (1.30ns)   --->   "%max_0_V_74 = call i8 @max_val, i8 %p_0_0_033_11220_i_load, i8 %p_ZZ8max_poolILi32ELi16EEvRN3hls6streamI8ap_fixedILi8ELi4EL9ap_q_mode0EL9ap_o_mod_69" [vgg_accelerator.cpp:119]   --->   Operation 443 'call' 'max_0_V_74' <Predicate = (!icmp_ln101 & and_ln118)> <Delay = 1.30> <CoreType = "Generic">   --->   Core 0 '' <Latency = 0> <II = 1> <Delay = 1.00> <Generic> <Opcode : >
ST_13 : Operation 444 [1/1] (1.30ns)   --->   "%max_1_V_74 = call i8 @max_val, i8 %p_0_0_032_11221_i_load, i8 %s_conv2_read_10" [vgg_accelerator.cpp:120]   --->   Operation 444 'call' 'max_1_V_74' <Predicate = (!icmp_ln101 & and_ln118)> <Delay = 1.30> <CoreType = "Generic">   --->   Core 0 '' <Latency = 0> <II = 1> <Delay = 1.00> <Generic> <Opcode : >
ST_13 : Operation 445 [1/1] (1.30ns)   --->   "%ref_tmp_assign_51_i = call i8 @max_val, i8 %max_0_V_74, i8 %max_1_V_74" [vgg_accelerator.cpp:121]   --->   Operation 445 'call' 'ref_tmp_assign_51_i' <Predicate = (!icmp_ln101 & and_ln118)> <Delay = 1.30> <CoreType = "Generic">   --->   Core 0 '' <Latency = 0> <II = 1> <Delay = 1.00> <Generic> <Opcode : >
ST_13 : Operation 446 [1/1] (2.32ns)   --->   "%write_ln121 = write void @_ssdm_op_Write.ap_fifo.volatile.i8P0A, i8 %s_pool2, i8 %ref_tmp_assign_51_i" [vgg_accelerator.cpp:121]   --->   Operation 446 'write' 'write_ln121' <Predicate = (!icmp_ln101 & and_ln118)> <Delay = 2.32> <CoreInst = "FIFO_SRL">   --->   Core 81 'FIFO_SRL' <Latency = 0> <II = 1> <Delay = 2.32> <Storage> <Opcode : 'read' 'write' 'nbread' 'nbwrite'> <Ports = 0> <Width = 8> <Depth = 64> <FIFO>

State 14 <SV = 13> <Delay = 7.25>
ST_14 : Operation 447 [1/1] (2.32ns)   --->   "%s_conv2_read_42 = read i8 @_ssdm_op_Read.ap_fifo.volatile.i8P0A, i8 %s_conv2" [vgg_accelerator.cpp:108]   --->   Operation 447 'read' 's_conv2_read_42' <Predicate = (!icmp_ln101 & !and_ln118)> <Delay = 2.32> <CoreInst = "FIFO_SRL">   --->   Core 81 'FIFO_SRL' <Latency = 0> <II = 1> <Delay = 2.32> <Storage> <Opcode : 'read' 'write' 'nbread' 'nbwrite'> <Ports = 0> <Width = 8> <Depth = 64> <FIFO>
ST_14 : Operation 448 [1/1] (0.79ns)   --->   "%store_ln114 = store i8 %s_conv2_read_42, i4 %p_ZZ8max_poolILi32ELi16EEvRN3hls6streamI8ap_fixedILi8ELi4EL9ap_q_mode0EL9ap_o_mod_26" [vgg_accelerator.cpp:114]   --->   Operation 448 'store' 'store_ln114' <Predicate = (!icmp_ln101 & !and_ln118)> <Delay = 0.79> <CoreInst = "RAM">   --->   Core 83 'RAM' <Latency = 1> <II = 1> <Delay = 0.79> <Storage> <Opcode : 'load' 'store'> <Ports = 2> <Width = 8> <Depth = 16> <RAM>
ST_14 : Operation 449 [1/1] (0.00ns)   --->   "%p_0_0_033_12222_i_load = load i8 %p_0_0_033_12222_i" [vgg_accelerator.cpp:119]   --->   Operation 449 'load' 'p_0_0_033_12222_i_load' <Predicate = (!icmp_ln101 & and_ln118)> <Delay = 0.00>
ST_14 : Operation 450 [1/1] (0.00ns)   --->   "%p_0_0_032_12223_i_load = load i8 %p_0_0_032_12223_i" [vgg_accelerator.cpp:120]   --->   Operation 450 'load' 'p_0_0_032_12223_i_load' <Predicate = (!icmp_ln101 & and_ln118)> <Delay = 0.00>
ST_14 : Operation 451 [1/1] (2.32ns)   --->   "%s_conv2_read_11 = read i8 @_ssdm_op_Read.ap_fifo.volatile.i8P0A, i8 %s_conv2" [vgg_accelerator.cpp:108]   --->   Operation 451 'read' 's_conv2_read_11' <Predicate = (!icmp_ln101 & and_ln118)> <Delay = 2.32> <CoreInst = "FIFO_SRL">   --->   Core 81 'FIFO_SRL' <Latency = 0> <II = 1> <Delay = 2.32> <Storage> <Opcode : 'read' 'write' 'nbread' 'nbwrite'> <Ports = 0> <Width = 8> <Depth = 64> <FIFO>
ST_14 : Operation 452 [1/1] (0.79ns)   --->   "%store_ln114 = store i8 %s_conv2_read_11, i4 %p_ZZ8max_poolILi32ELi16EEvRN3hls6streamI8ap_fixedILi8ELi4EL9ap_q_mode0EL9ap_o_mod_70" [vgg_accelerator.cpp:114]   --->   Operation 452 'store' 'store_ln114' <Predicate = (!icmp_ln101 & and_ln118)> <Delay = 0.79> <CoreInst = "RAM">   --->   Core 83 'RAM' <Latency = 1> <II = 1> <Delay = 0.79> <Storage> <Opcode : 'load' 'store'> <Ports = 2> <Width = 8> <Depth = 16> <RAM>
ST_14 : Operation 453 [1/1] (1.30ns)   --->   "%max_0_V_75 = call i8 @max_val, i8 %p_0_0_033_12222_i_load, i8 %p_ZZ8max_poolILi32ELi16EEvRN3hls6streamI8ap_fixedILi8ELi4EL9ap_q_mode0EL9ap_o_mod_71" [vgg_accelerator.cpp:119]   --->   Operation 453 'call' 'max_0_V_75' <Predicate = (!icmp_ln101 & and_ln118)> <Delay = 1.30> <CoreType = "Generic">   --->   Core 0 '' <Latency = 0> <II = 1> <Delay = 1.00> <Generic> <Opcode : >
ST_14 : Operation 454 [1/1] (1.30ns)   --->   "%max_1_V_75 = call i8 @max_val, i8 %p_0_0_032_12223_i_load, i8 %s_conv2_read_11" [vgg_accelerator.cpp:120]   --->   Operation 454 'call' 'max_1_V_75' <Predicate = (!icmp_ln101 & and_ln118)> <Delay = 1.30> <CoreType = "Generic">   --->   Core 0 '' <Latency = 0> <II = 1> <Delay = 1.00> <Generic> <Opcode : >
ST_14 : Operation 455 [1/1] (1.30ns)   --->   "%ref_tmp_assign_50_i = call i8 @max_val, i8 %max_0_V_75, i8 %max_1_V_75" [vgg_accelerator.cpp:121]   --->   Operation 455 'call' 'ref_tmp_assign_50_i' <Predicate = (!icmp_ln101 & and_ln118)> <Delay = 1.30> <CoreType = "Generic">   --->   Core 0 '' <Latency = 0> <II = 1> <Delay = 1.00> <Generic> <Opcode : >
ST_14 : Operation 456 [1/1] (2.32ns)   --->   "%write_ln121 = write void @_ssdm_op_Write.ap_fifo.volatile.i8P0A, i8 %s_pool2, i8 %ref_tmp_assign_50_i" [vgg_accelerator.cpp:121]   --->   Operation 456 'write' 'write_ln121' <Predicate = (!icmp_ln101 & and_ln118)> <Delay = 2.32> <CoreInst = "FIFO_SRL">   --->   Core 81 'FIFO_SRL' <Latency = 0> <II = 1> <Delay = 2.32> <Storage> <Opcode : 'read' 'write' 'nbread' 'nbwrite'> <Ports = 0> <Width = 8> <Depth = 64> <FIFO>

State 15 <SV = 14> <Delay = 7.25>
ST_15 : Operation 457 [1/1] (2.32ns)   --->   "%s_conv2_read_43 = read i8 @_ssdm_op_Read.ap_fifo.volatile.i8P0A, i8 %s_conv2" [vgg_accelerator.cpp:108]   --->   Operation 457 'read' 's_conv2_read_43' <Predicate = (!icmp_ln101 & !and_ln118)> <Delay = 2.32> <CoreInst = "FIFO_SRL">   --->   Core 81 'FIFO_SRL' <Latency = 0> <II = 1> <Delay = 2.32> <Storage> <Opcode : 'read' 'write' 'nbread' 'nbwrite'> <Ports = 0> <Width = 8> <Depth = 64> <FIFO>
ST_15 : Operation 458 [1/1] (0.79ns)   --->   "%store_ln114 = store i8 %s_conv2_read_43, i4 %p_ZZ8max_poolILi32ELi16EEvRN3hls6streamI8ap_fixedILi8ELi4EL9ap_q_mode0EL9ap_o_mod_28" [vgg_accelerator.cpp:114]   --->   Operation 458 'store' 'store_ln114' <Predicate = (!icmp_ln101 & !and_ln118)> <Delay = 0.79> <CoreInst = "RAM">   --->   Core 83 'RAM' <Latency = 1> <II = 1> <Delay = 0.79> <Storage> <Opcode : 'load' 'store'> <Ports = 2> <Width = 8> <Depth = 16> <RAM>
ST_15 : Operation 459 [1/1] (0.00ns)   --->   "%p_0_0_033_13224_i_load = load i8 %p_0_0_033_13224_i" [vgg_accelerator.cpp:119]   --->   Operation 459 'load' 'p_0_0_033_13224_i_load' <Predicate = (!icmp_ln101 & and_ln118)> <Delay = 0.00>
ST_15 : Operation 460 [1/1] (0.00ns)   --->   "%p_0_0_032_13225_i_load = load i8 %p_0_0_032_13225_i" [vgg_accelerator.cpp:120]   --->   Operation 460 'load' 'p_0_0_032_13225_i_load' <Predicate = (!icmp_ln101 & and_ln118)> <Delay = 0.00>
ST_15 : Operation 461 [1/1] (2.32ns)   --->   "%s_conv2_read_12 = read i8 @_ssdm_op_Read.ap_fifo.volatile.i8P0A, i8 %s_conv2" [vgg_accelerator.cpp:108]   --->   Operation 461 'read' 's_conv2_read_12' <Predicate = (!icmp_ln101 & and_ln118)> <Delay = 2.32> <CoreInst = "FIFO_SRL">   --->   Core 81 'FIFO_SRL' <Latency = 0> <II = 1> <Delay = 2.32> <Storage> <Opcode : 'read' 'write' 'nbread' 'nbwrite'> <Ports = 0> <Width = 8> <Depth = 64> <FIFO>
ST_15 : Operation 462 [1/1] (0.79ns)   --->   "%store_ln114 = store i8 %s_conv2_read_12, i4 %p_ZZ8max_poolILi32ELi16EEvRN3hls6streamI8ap_fixedILi8ELi4EL9ap_q_mode0EL9ap_o_mod_72" [vgg_accelerator.cpp:114]   --->   Operation 462 'store' 'store_ln114' <Predicate = (!icmp_ln101 & and_ln118)> <Delay = 0.79> <CoreInst = "RAM">   --->   Core 83 'RAM' <Latency = 1> <II = 1> <Delay = 0.79> <Storage> <Opcode : 'load' 'store'> <Ports = 2> <Width = 8> <Depth = 16> <RAM>
ST_15 : Operation 463 [1/1] (1.30ns)   --->   "%max_0_V_76 = call i8 @max_val, i8 %p_0_0_033_13224_i_load, i8 %p_ZZ8max_poolILi32ELi16EEvRN3hls6streamI8ap_fixedILi8ELi4EL9ap_q_mode0EL9ap_o_mod_73" [vgg_accelerator.cpp:119]   --->   Operation 463 'call' 'max_0_V_76' <Predicate = (!icmp_ln101 & and_ln118)> <Delay = 1.30> <CoreType = "Generic">   --->   Core 0 '' <Latency = 0> <II = 1> <Delay = 1.00> <Generic> <Opcode : >
ST_15 : Operation 464 [1/1] (1.30ns)   --->   "%max_1_V_76 = call i8 @max_val, i8 %p_0_0_032_13225_i_load, i8 %s_conv2_read_12" [vgg_accelerator.cpp:120]   --->   Operation 464 'call' 'max_1_V_76' <Predicate = (!icmp_ln101 & and_ln118)> <Delay = 1.30> <CoreType = "Generic">   --->   Core 0 '' <Latency = 0> <II = 1> <Delay = 1.00> <Generic> <Opcode : >
ST_15 : Operation 465 [1/1] (1.30ns)   --->   "%ref_tmp_assign_49_i = call i8 @max_val, i8 %max_0_V_76, i8 %max_1_V_76" [vgg_accelerator.cpp:121]   --->   Operation 465 'call' 'ref_tmp_assign_49_i' <Predicate = (!icmp_ln101 & and_ln118)> <Delay = 1.30> <CoreType = "Generic">   --->   Core 0 '' <Latency = 0> <II = 1> <Delay = 1.00> <Generic> <Opcode : >
ST_15 : Operation 466 [1/1] (2.32ns)   --->   "%write_ln121 = write void @_ssdm_op_Write.ap_fifo.volatile.i8P0A, i8 %s_pool2, i8 %ref_tmp_assign_49_i" [vgg_accelerator.cpp:121]   --->   Operation 466 'write' 'write_ln121' <Predicate = (!icmp_ln101 & and_ln118)> <Delay = 2.32> <CoreInst = "FIFO_SRL">   --->   Core 81 'FIFO_SRL' <Latency = 0> <II = 1> <Delay = 2.32> <Storage> <Opcode : 'read' 'write' 'nbread' 'nbwrite'> <Ports = 0> <Width = 8> <Depth = 64> <FIFO>

State 16 <SV = 15> <Delay = 7.25>
ST_16 : Operation 467 [1/1] (2.32ns)   --->   "%s_conv2_read_44 = read i8 @_ssdm_op_Read.ap_fifo.volatile.i8P0A, i8 %s_conv2" [vgg_accelerator.cpp:108]   --->   Operation 467 'read' 's_conv2_read_44' <Predicate = (!icmp_ln101 & !and_ln118)> <Delay = 2.32> <CoreInst = "FIFO_SRL">   --->   Core 81 'FIFO_SRL' <Latency = 0> <II = 1> <Delay = 2.32> <Storage> <Opcode : 'read' 'write' 'nbread' 'nbwrite'> <Ports = 0> <Width = 8> <Depth = 64> <FIFO>
ST_16 : Operation 468 [1/1] (0.79ns)   --->   "%store_ln114 = store i8 %s_conv2_read_44, i4 %p_ZZ8max_poolILi32ELi16EEvRN3hls6streamI8ap_fixedILi8ELi4EL9ap_q_mode0EL9ap_o_mod_30" [vgg_accelerator.cpp:114]   --->   Operation 468 'store' 'store_ln114' <Predicate = (!icmp_ln101 & !and_ln118)> <Delay = 0.79> <CoreInst = "RAM">   --->   Core 83 'RAM' <Latency = 1> <II = 1> <Delay = 0.79> <Storage> <Opcode : 'load' 'store'> <Ports = 2> <Width = 8> <Depth = 16> <RAM>
ST_16 : Operation 469 [1/1] (0.00ns)   --->   "%p_0_0_033_14226_i_load = load i8 %p_0_0_033_14226_i" [vgg_accelerator.cpp:119]   --->   Operation 469 'load' 'p_0_0_033_14226_i_load' <Predicate = (!icmp_ln101 & and_ln118)> <Delay = 0.00>
ST_16 : Operation 470 [1/1] (0.00ns)   --->   "%p_0_0_032_14227_i_load = load i8 %p_0_0_032_14227_i" [vgg_accelerator.cpp:120]   --->   Operation 470 'load' 'p_0_0_032_14227_i_load' <Predicate = (!icmp_ln101 & and_ln118)> <Delay = 0.00>
ST_16 : Operation 471 [1/1] (2.32ns)   --->   "%s_conv2_read_13 = read i8 @_ssdm_op_Read.ap_fifo.volatile.i8P0A, i8 %s_conv2" [vgg_accelerator.cpp:108]   --->   Operation 471 'read' 's_conv2_read_13' <Predicate = (!icmp_ln101 & and_ln118)> <Delay = 2.32> <CoreInst = "FIFO_SRL">   --->   Core 81 'FIFO_SRL' <Latency = 0> <II = 1> <Delay = 2.32> <Storage> <Opcode : 'read' 'write' 'nbread' 'nbwrite'> <Ports = 0> <Width = 8> <Depth = 64> <FIFO>
ST_16 : Operation 472 [1/1] (0.79ns)   --->   "%store_ln114 = store i8 %s_conv2_read_13, i4 %p_ZZ8max_poolILi32ELi16EEvRN3hls6streamI8ap_fixedILi8ELi4EL9ap_q_mode0EL9ap_o_mod_74" [vgg_accelerator.cpp:114]   --->   Operation 472 'store' 'store_ln114' <Predicate = (!icmp_ln101 & and_ln118)> <Delay = 0.79> <CoreInst = "RAM">   --->   Core 83 'RAM' <Latency = 1> <II = 1> <Delay = 0.79> <Storage> <Opcode : 'load' 'store'> <Ports = 2> <Width = 8> <Depth = 16> <RAM>
ST_16 : Operation 473 [1/1] (1.30ns)   --->   "%max_0_V_77 = call i8 @max_val, i8 %p_0_0_033_14226_i_load, i8 %p_ZZ8max_poolILi32ELi16EEvRN3hls6streamI8ap_fixedILi8ELi4EL9ap_q_mode0EL9ap_o_mod_75" [vgg_accelerator.cpp:119]   --->   Operation 473 'call' 'max_0_V_77' <Predicate = (!icmp_ln101 & and_ln118)> <Delay = 1.30> <CoreType = "Generic">   --->   Core 0 '' <Latency = 0> <II = 1> <Delay = 1.00> <Generic> <Opcode : >
ST_16 : Operation 474 [1/1] (1.30ns)   --->   "%max_1_V_77 = call i8 @max_val, i8 %p_0_0_032_14227_i_load, i8 %s_conv2_read_13" [vgg_accelerator.cpp:120]   --->   Operation 474 'call' 'max_1_V_77' <Predicate = (!icmp_ln101 & and_ln118)> <Delay = 1.30> <CoreType = "Generic">   --->   Core 0 '' <Latency = 0> <II = 1> <Delay = 1.00> <Generic> <Opcode : >
ST_16 : Operation 475 [1/1] (1.30ns)   --->   "%ref_tmp_assign_48_i = call i8 @max_val, i8 %max_0_V_77, i8 %max_1_V_77" [vgg_accelerator.cpp:121]   --->   Operation 475 'call' 'ref_tmp_assign_48_i' <Predicate = (!icmp_ln101 & and_ln118)> <Delay = 1.30> <CoreType = "Generic">   --->   Core 0 '' <Latency = 0> <II = 1> <Delay = 1.00> <Generic> <Opcode : >
ST_16 : Operation 476 [1/1] (2.32ns)   --->   "%write_ln121 = write void @_ssdm_op_Write.ap_fifo.volatile.i8P0A, i8 %s_pool2, i8 %ref_tmp_assign_48_i" [vgg_accelerator.cpp:121]   --->   Operation 476 'write' 'write_ln121' <Predicate = (!icmp_ln101 & and_ln118)> <Delay = 2.32> <CoreInst = "FIFO_SRL">   --->   Core 81 'FIFO_SRL' <Latency = 0> <II = 1> <Delay = 2.32> <Storage> <Opcode : 'read' 'write' 'nbread' 'nbwrite'> <Ports = 0> <Width = 8> <Depth = 64> <FIFO>

State 17 <SV = 16> <Delay = 7.25>
ST_17 : Operation 477 [1/1] (2.32ns)   --->   "%s_conv2_read_45 = read i8 @_ssdm_op_Read.ap_fifo.volatile.i8P0A, i8 %s_conv2" [vgg_accelerator.cpp:108]   --->   Operation 477 'read' 's_conv2_read_45' <Predicate = (!icmp_ln101 & !and_ln118)> <Delay = 2.32> <CoreInst = "FIFO_SRL">   --->   Core 81 'FIFO_SRL' <Latency = 0> <II = 1> <Delay = 2.32> <Storage> <Opcode : 'read' 'write' 'nbread' 'nbwrite'> <Ports = 0> <Width = 8> <Depth = 64> <FIFO>
ST_17 : Operation 478 [1/1] (0.79ns)   --->   "%store_ln114 = store i8 %s_conv2_read_45, i4 %p_ZZ8max_poolILi32ELi16EEvRN3hls6streamI8ap_fixedILi8ELi4EL9ap_q_mode0EL9ap_o_mod_32" [vgg_accelerator.cpp:114]   --->   Operation 478 'store' 'store_ln114' <Predicate = (!icmp_ln101 & !and_ln118)> <Delay = 0.79> <CoreInst = "RAM">   --->   Core 83 'RAM' <Latency = 1> <II = 1> <Delay = 0.79> <Storage> <Opcode : 'load' 'store'> <Ports = 2> <Width = 8> <Depth = 16> <RAM>
ST_17 : Operation 479 [1/1] (0.00ns)   --->   "%p_0_0_033_15228_i_load = load i8 %p_0_0_033_15228_i" [vgg_accelerator.cpp:119]   --->   Operation 479 'load' 'p_0_0_033_15228_i_load' <Predicate = (!icmp_ln101 & and_ln118)> <Delay = 0.00>
ST_17 : Operation 480 [1/1] (0.00ns)   --->   "%p_0_0_032_15229_i_load = load i8 %p_0_0_032_15229_i" [vgg_accelerator.cpp:120]   --->   Operation 480 'load' 'p_0_0_032_15229_i_load' <Predicate = (!icmp_ln101 & and_ln118)> <Delay = 0.00>
ST_17 : Operation 481 [1/1] (2.32ns)   --->   "%s_conv2_read_14 = read i8 @_ssdm_op_Read.ap_fifo.volatile.i8P0A, i8 %s_conv2" [vgg_accelerator.cpp:108]   --->   Operation 481 'read' 's_conv2_read_14' <Predicate = (!icmp_ln101 & and_ln118)> <Delay = 2.32> <CoreInst = "FIFO_SRL">   --->   Core 81 'FIFO_SRL' <Latency = 0> <II = 1> <Delay = 2.32> <Storage> <Opcode : 'read' 'write' 'nbread' 'nbwrite'> <Ports = 0> <Width = 8> <Depth = 64> <FIFO>
ST_17 : Operation 482 [1/1] (0.79ns)   --->   "%store_ln114 = store i8 %s_conv2_read_14, i4 %p_ZZ8max_poolILi32ELi16EEvRN3hls6streamI8ap_fixedILi8ELi4EL9ap_q_mode0EL9ap_o_mod_76" [vgg_accelerator.cpp:114]   --->   Operation 482 'store' 'store_ln114' <Predicate = (!icmp_ln101 & and_ln118)> <Delay = 0.79> <CoreInst = "RAM">   --->   Core 83 'RAM' <Latency = 1> <II = 1> <Delay = 0.79> <Storage> <Opcode : 'load' 'store'> <Ports = 2> <Width = 8> <Depth = 16> <RAM>
ST_17 : Operation 483 [1/1] (1.30ns)   --->   "%max_0_V_78 = call i8 @max_val, i8 %p_0_0_033_15228_i_load, i8 %p_ZZ8max_poolILi32ELi16EEvRN3hls6streamI8ap_fixedILi8ELi4EL9ap_q_mode0EL9ap_o_mod_77" [vgg_accelerator.cpp:119]   --->   Operation 483 'call' 'max_0_V_78' <Predicate = (!icmp_ln101 & and_ln118)> <Delay = 1.30> <CoreType = "Generic">   --->   Core 0 '' <Latency = 0> <II = 1> <Delay = 1.00> <Generic> <Opcode : >
ST_17 : Operation 484 [1/1] (1.30ns)   --->   "%max_1_V_78 = call i8 @max_val, i8 %p_0_0_032_15229_i_load, i8 %s_conv2_read_14" [vgg_accelerator.cpp:120]   --->   Operation 484 'call' 'max_1_V_78' <Predicate = (!icmp_ln101 & and_ln118)> <Delay = 1.30> <CoreType = "Generic">   --->   Core 0 '' <Latency = 0> <II = 1> <Delay = 1.00> <Generic> <Opcode : >
ST_17 : Operation 485 [1/1] (1.30ns)   --->   "%ref_tmp_assign_47_i = call i8 @max_val, i8 %max_0_V_78, i8 %max_1_V_78" [vgg_accelerator.cpp:121]   --->   Operation 485 'call' 'ref_tmp_assign_47_i' <Predicate = (!icmp_ln101 & and_ln118)> <Delay = 1.30> <CoreType = "Generic">   --->   Core 0 '' <Latency = 0> <II = 1> <Delay = 1.00> <Generic> <Opcode : >
ST_17 : Operation 486 [1/1] (2.32ns)   --->   "%write_ln121 = write void @_ssdm_op_Write.ap_fifo.volatile.i8P0A, i8 %s_pool2, i8 %ref_tmp_assign_47_i" [vgg_accelerator.cpp:121]   --->   Operation 486 'write' 'write_ln121' <Predicate = (!icmp_ln101 & and_ln118)> <Delay = 2.32> <CoreInst = "FIFO_SRL">   --->   Core 81 'FIFO_SRL' <Latency = 0> <II = 1> <Delay = 2.32> <Storage> <Opcode : 'read' 'write' 'nbread' 'nbwrite'> <Ports = 0> <Width = 8> <Depth = 64> <FIFO>

State 18 <SV = 17> <Delay = 7.25>
ST_18 : Operation 487 [1/1] (2.32ns)   --->   "%s_conv2_read_46 = read i8 @_ssdm_op_Read.ap_fifo.volatile.i8P0A, i8 %s_conv2" [vgg_accelerator.cpp:108]   --->   Operation 487 'read' 's_conv2_read_46' <Predicate = (!icmp_ln101 & !and_ln118)> <Delay = 2.32> <CoreInst = "FIFO_SRL">   --->   Core 81 'FIFO_SRL' <Latency = 0> <II = 1> <Delay = 2.32> <Storage> <Opcode : 'read' 'write' 'nbread' 'nbwrite'> <Ports = 0> <Width = 8> <Depth = 64> <FIFO>
ST_18 : Operation 488 [1/1] (0.79ns)   --->   "%store_ln114 = store i8 %s_conv2_read_46, i4 %p_ZZ8max_poolILi32ELi16EEvRN3hls6streamI8ap_fixedILi8ELi4EL9ap_q_mode0EL9ap_o_mod_34" [vgg_accelerator.cpp:114]   --->   Operation 488 'store' 'store_ln114' <Predicate = (!icmp_ln101 & !and_ln118)> <Delay = 0.79> <CoreInst = "RAM">   --->   Core 83 'RAM' <Latency = 1> <II = 1> <Delay = 0.79> <Storage> <Opcode : 'load' 'store'> <Ports = 2> <Width = 8> <Depth = 16> <RAM>
ST_18 : Operation 489 [1/1] (0.00ns)   --->   "%p_0_0_033_16230_i_load = load i8 %p_0_0_033_16230_i" [vgg_accelerator.cpp:119]   --->   Operation 489 'load' 'p_0_0_033_16230_i_load' <Predicate = (!icmp_ln101 & and_ln118)> <Delay = 0.00>
ST_18 : Operation 490 [1/1] (0.00ns)   --->   "%p_0_0_032_16231_i_load = load i8 %p_0_0_032_16231_i" [vgg_accelerator.cpp:120]   --->   Operation 490 'load' 'p_0_0_032_16231_i_load' <Predicate = (!icmp_ln101 & and_ln118)> <Delay = 0.00>
ST_18 : Operation 491 [1/1] (2.32ns)   --->   "%s_conv2_read_15 = read i8 @_ssdm_op_Read.ap_fifo.volatile.i8P0A, i8 %s_conv2" [vgg_accelerator.cpp:108]   --->   Operation 491 'read' 's_conv2_read_15' <Predicate = (!icmp_ln101 & and_ln118)> <Delay = 2.32> <CoreInst = "FIFO_SRL">   --->   Core 81 'FIFO_SRL' <Latency = 0> <II = 1> <Delay = 2.32> <Storage> <Opcode : 'read' 'write' 'nbread' 'nbwrite'> <Ports = 0> <Width = 8> <Depth = 64> <FIFO>
ST_18 : Operation 492 [1/1] (0.79ns)   --->   "%store_ln114 = store i8 %s_conv2_read_15, i4 %p_ZZ8max_poolILi32ELi16EEvRN3hls6streamI8ap_fixedILi8ELi4EL9ap_q_mode0EL9ap_o_mod_78" [vgg_accelerator.cpp:114]   --->   Operation 492 'store' 'store_ln114' <Predicate = (!icmp_ln101 & and_ln118)> <Delay = 0.79> <CoreInst = "RAM">   --->   Core 83 'RAM' <Latency = 1> <II = 1> <Delay = 0.79> <Storage> <Opcode : 'load' 'store'> <Ports = 2> <Width = 8> <Depth = 16> <RAM>
ST_18 : Operation 493 [1/1] (1.30ns)   --->   "%max_0_V_79 = call i8 @max_val, i8 %p_0_0_033_16230_i_load, i8 %p_ZZ8max_poolILi32ELi16EEvRN3hls6streamI8ap_fixedILi8ELi4EL9ap_q_mode0EL9ap_o_mod_79" [vgg_accelerator.cpp:119]   --->   Operation 493 'call' 'max_0_V_79' <Predicate = (!icmp_ln101 & and_ln118)> <Delay = 1.30> <CoreType = "Generic">   --->   Core 0 '' <Latency = 0> <II = 1> <Delay = 1.00> <Generic> <Opcode : >
ST_18 : Operation 494 [1/1] (1.30ns)   --->   "%max_1_V_79 = call i8 @max_val, i8 %p_0_0_032_16231_i_load, i8 %s_conv2_read_15" [vgg_accelerator.cpp:120]   --->   Operation 494 'call' 'max_1_V_79' <Predicate = (!icmp_ln101 & and_ln118)> <Delay = 1.30> <CoreType = "Generic">   --->   Core 0 '' <Latency = 0> <II = 1> <Delay = 1.00> <Generic> <Opcode : >
ST_18 : Operation 495 [1/1] (1.30ns)   --->   "%ref_tmp_assign_46_i = call i8 @max_val, i8 %max_0_V_79, i8 %max_1_V_79" [vgg_accelerator.cpp:121]   --->   Operation 495 'call' 'ref_tmp_assign_46_i' <Predicate = (!icmp_ln101 & and_ln118)> <Delay = 1.30> <CoreType = "Generic">   --->   Core 0 '' <Latency = 0> <II = 1> <Delay = 1.00> <Generic> <Opcode : >
ST_18 : Operation 496 [1/1] (2.32ns)   --->   "%write_ln121 = write void @_ssdm_op_Write.ap_fifo.volatile.i8P0A, i8 %s_pool2, i8 %ref_tmp_assign_46_i" [vgg_accelerator.cpp:121]   --->   Operation 496 'write' 'write_ln121' <Predicate = (!icmp_ln101 & and_ln118)> <Delay = 2.32> <CoreInst = "FIFO_SRL">   --->   Core 81 'FIFO_SRL' <Latency = 0> <II = 1> <Delay = 2.32> <Storage> <Opcode : 'read' 'write' 'nbread' 'nbwrite'> <Ports = 0> <Width = 8> <Depth = 64> <FIFO>

State 19 <SV = 18> <Delay = 7.25>
ST_19 : Operation 497 [1/1] (2.32ns)   --->   "%s_conv2_read_47 = read i8 @_ssdm_op_Read.ap_fifo.volatile.i8P0A, i8 %s_conv2" [vgg_accelerator.cpp:108]   --->   Operation 497 'read' 's_conv2_read_47' <Predicate = (!icmp_ln101 & !and_ln118)> <Delay = 2.32> <CoreInst = "FIFO_SRL">   --->   Core 81 'FIFO_SRL' <Latency = 0> <II = 1> <Delay = 2.32> <Storage> <Opcode : 'read' 'write' 'nbread' 'nbwrite'> <Ports = 0> <Width = 8> <Depth = 64> <FIFO>
ST_19 : Operation 498 [1/1] (0.79ns)   --->   "%store_ln114 = store i8 %s_conv2_read_47, i4 %p_ZZ8max_poolILi32ELi16EEvRN3hls6streamI8ap_fixedILi8ELi4EL9ap_q_mode0EL9ap_o_mod_36" [vgg_accelerator.cpp:114]   --->   Operation 498 'store' 'store_ln114' <Predicate = (!icmp_ln101 & !and_ln118)> <Delay = 0.79> <CoreInst = "RAM">   --->   Core 83 'RAM' <Latency = 1> <II = 1> <Delay = 0.79> <Storage> <Opcode : 'load' 'store'> <Ports = 2> <Width = 8> <Depth = 16> <RAM>
ST_19 : Operation 499 [1/1] (0.00ns)   --->   "%p_0_0_033_17232_i_load = load i8 %p_0_0_033_17232_i" [vgg_accelerator.cpp:119]   --->   Operation 499 'load' 'p_0_0_033_17232_i_load' <Predicate = (!icmp_ln101 & and_ln118)> <Delay = 0.00>
ST_19 : Operation 500 [1/1] (0.00ns)   --->   "%p_0_0_032_17233_i_load = load i8 %p_0_0_032_17233_i" [vgg_accelerator.cpp:120]   --->   Operation 500 'load' 'p_0_0_032_17233_i_load' <Predicate = (!icmp_ln101 & and_ln118)> <Delay = 0.00>
ST_19 : Operation 501 [1/1] (2.32ns)   --->   "%s_conv2_read_16 = read i8 @_ssdm_op_Read.ap_fifo.volatile.i8P0A, i8 %s_conv2" [vgg_accelerator.cpp:108]   --->   Operation 501 'read' 's_conv2_read_16' <Predicate = (!icmp_ln101 & and_ln118)> <Delay = 2.32> <CoreInst = "FIFO_SRL">   --->   Core 81 'FIFO_SRL' <Latency = 0> <II = 1> <Delay = 2.32> <Storage> <Opcode : 'read' 'write' 'nbread' 'nbwrite'> <Ports = 0> <Width = 8> <Depth = 64> <FIFO>
ST_19 : Operation 502 [1/1] (0.79ns)   --->   "%store_ln114 = store i8 %s_conv2_read_16, i4 %p_ZZ8max_poolILi32ELi16EEvRN3hls6streamI8ap_fixedILi8ELi4EL9ap_q_mode0EL9ap_o_mod_80" [vgg_accelerator.cpp:114]   --->   Operation 502 'store' 'store_ln114' <Predicate = (!icmp_ln101 & and_ln118)> <Delay = 0.79> <CoreInst = "RAM">   --->   Core 83 'RAM' <Latency = 1> <II = 1> <Delay = 0.79> <Storage> <Opcode : 'load' 'store'> <Ports = 2> <Width = 8> <Depth = 16> <RAM>
ST_19 : Operation 503 [1/1] (1.30ns)   --->   "%max_0_V_80 = call i8 @max_val, i8 %p_0_0_033_17232_i_load, i8 %p_ZZ8max_poolILi32ELi16EEvRN3hls6streamI8ap_fixedILi8ELi4EL9ap_q_mode0EL9ap_o_mod_81" [vgg_accelerator.cpp:119]   --->   Operation 503 'call' 'max_0_V_80' <Predicate = (!icmp_ln101 & and_ln118)> <Delay = 1.30> <CoreType = "Generic">   --->   Core 0 '' <Latency = 0> <II = 1> <Delay = 1.00> <Generic> <Opcode : >
ST_19 : Operation 504 [1/1] (1.30ns)   --->   "%max_1_V_80 = call i8 @max_val, i8 %p_0_0_032_17233_i_load, i8 %s_conv2_read_16" [vgg_accelerator.cpp:120]   --->   Operation 504 'call' 'max_1_V_80' <Predicate = (!icmp_ln101 & and_ln118)> <Delay = 1.30> <CoreType = "Generic">   --->   Core 0 '' <Latency = 0> <II = 1> <Delay = 1.00> <Generic> <Opcode : >
ST_19 : Operation 505 [1/1] (1.30ns)   --->   "%ref_tmp_assign_45_i = call i8 @max_val, i8 %max_0_V_80, i8 %max_1_V_80" [vgg_accelerator.cpp:121]   --->   Operation 505 'call' 'ref_tmp_assign_45_i' <Predicate = (!icmp_ln101 & and_ln118)> <Delay = 1.30> <CoreType = "Generic">   --->   Core 0 '' <Latency = 0> <II = 1> <Delay = 1.00> <Generic> <Opcode : >
ST_19 : Operation 506 [1/1] (2.32ns)   --->   "%write_ln121 = write void @_ssdm_op_Write.ap_fifo.volatile.i8P0A, i8 %s_pool2, i8 %ref_tmp_assign_45_i" [vgg_accelerator.cpp:121]   --->   Operation 506 'write' 'write_ln121' <Predicate = (!icmp_ln101 & and_ln118)> <Delay = 2.32> <CoreInst = "FIFO_SRL">   --->   Core 81 'FIFO_SRL' <Latency = 0> <II = 1> <Delay = 2.32> <Storage> <Opcode : 'read' 'write' 'nbread' 'nbwrite'> <Ports = 0> <Width = 8> <Depth = 64> <FIFO>

State 20 <SV = 19> <Delay = 7.25>
ST_20 : Operation 507 [1/1] (2.32ns)   --->   "%s_conv2_read_48 = read i8 @_ssdm_op_Read.ap_fifo.volatile.i8P0A, i8 %s_conv2" [vgg_accelerator.cpp:108]   --->   Operation 507 'read' 's_conv2_read_48' <Predicate = (!icmp_ln101 & !and_ln118)> <Delay = 2.32> <CoreInst = "FIFO_SRL">   --->   Core 81 'FIFO_SRL' <Latency = 0> <II = 1> <Delay = 2.32> <Storage> <Opcode : 'read' 'write' 'nbread' 'nbwrite'> <Ports = 0> <Width = 8> <Depth = 64> <FIFO>
ST_20 : Operation 508 [1/1] (0.79ns)   --->   "%store_ln114 = store i8 %s_conv2_read_48, i4 %p_ZZ8max_poolILi32ELi16EEvRN3hls6streamI8ap_fixedILi8ELi4EL9ap_q_mode0EL9ap_o_mod_38" [vgg_accelerator.cpp:114]   --->   Operation 508 'store' 'store_ln114' <Predicate = (!icmp_ln101 & !and_ln118)> <Delay = 0.79> <CoreInst = "RAM">   --->   Core 83 'RAM' <Latency = 1> <II = 1> <Delay = 0.79> <Storage> <Opcode : 'load' 'store'> <Ports = 2> <Width = 8> <Depth = 16> <RAM>
ST_20 : Operation 509 [1/1] (0.00ns)   --->   "%p_0_0_033_18234_i_load = load i8 %p_0_0_033_18234_i" [vgg_accelerator.cpp:119]   --->   Operation 509 'load' 'p_0_0_033_18234_i_load' <Predicate = (!icmp_ln101 & and_ln118)> <Delay = 0.00>
ST_20 : Operation 510 [1/1] (0.00ns)   --->   "%p_0_0_032_18235_i_load = load i8 %p_0_0_032_18235_i" [vgg_accelerator.cpp:120]   --->   Operation 510 'load' 'p_0_0_032_18235_i_load' <Predicate = (!icmp_ln101 & and_ln118)> <Delay = 0.00>
ST_20 : Operation 511 [1/1] (2.32ns)   --->   "%s_conv2_read_17 = read i8 @_ssdm_op_Read.ap_fifo.volatile.i8P0A, i8 %s_conv2" [vgg_accelerator.cpp:108]   --->   Operation 511 'read' 's_conv2_read_17' <Predicate = (!icmp_ln101 & and_ln118)> <Delay = 2.32> <CoreInst = "FIFO_SRL">   --->   Core 81 'FIFO_SRL' <Latency = 0> <II = 1> <Delay = 2.32> <Storage> <Opcode : 'read' 'write' 'nbread' 'nbwrite'> <Ports = 0> <Width = 8> <Depth = 64> <FIFO>
ST_20 : Operation 512 [1/1] (0.79ns)   --->   "%store_ln114 = store i8 %s_conv2_read_17, i4 %p_ZZ8max_poolILi32ELi16EEvRN3hls6streamI8ap_fixedILi8ELi4EL9ap_q_mode0EL9ap_o_mod_82" [vgg_accelerator.cpp:114]   --->   Operation 512 'store' 'store_ln114' <Predicate = (!icmp_ln101 & and_ln118)> <Delay = 0.79> <CoreInst = "RAM">   --->   Core 83 'RAM' <Latency = 1> <II = 1> <Delay = 0.79> <Storage> <Opcode : 'load' 'store'> <Ports = 2> <Width = 8> <Depth = 16> <RAM>
ST_20 : Operation 513 [1/1] (1.30ns)   --->   "%max_0_V_81 = call i8 @max_val, i8 %p_0_0_033_18234_i_load, i8 %p_ZZ8max_poolILi32ELi16EEvRN3hls6streamI8ap_fixedILi8ELi4EL9ap_q_mode0EL9ap_o_mod_83" [vgg_accelerator.cpp:119]   --->   Operation 513 'call' 'max_0_V_81' <Predicate = (!icmp_ln101 & and_ln118)> <Delay = 1.30> <CoreType = "Generic">   --->   Core 0 '' <Latency = 0> <II = 1> <Delay = 1.00> <Generic> <Opcode : >
ST_20 : Operation 514 [1/1] (1.30ns)   --->   "%max_1_V_81 = call i8 @max_val, i8 %p_0_0_032_18235_i_load, i8 %s_conv2_read_17" [vgg_accelerator.cpp:120]   --->   Operation 514 'call' 'max_1_V_81' <Predicate = (!icmp_ln101 & and_ln118)> <Delay = 1.30> <CoreType = "Generic">   --->   Core 0 '' <Latency = 0> <II = 1> <Delay = 1.00> <Generic> <Opcode : >
ST_20 : Operation 515 [1/1] (1.30ns)   --->   "%ref_tmp_assign_44_i = call i8 @max_val, i8 %max_0_V_81, i8 %max_1_V_81" [vgg_accelerator.cpp:121]   --->   Operation 515 'call' 'ref_tmp_assign_44_i' <Predicate = (!icmp_ln101 & and_ln118)> <Delay = 1.30> <CoreType = "Generic">   --->   Core 0 '' <Latency = 0> <II = 1> <Delay = 1.00> <Generic> <Opcode : >
ST_20 : Operation 516 [1/1] (2.32ns)   --->   "%write_ln121 = write void @_ssdm_op_Write.ap_fifo.volatile.i8P0A, i8 %s_pool2, i8 %ref_tmp_assign_44_i" [vgg_accelerator.cpp:121]   --->   Operation 516 'write' 'write_ln121' <Predicate = (!icmp_ln101 & and_ln118)> <Delay = 2.32> <CoreInst = "FIFO_SRL">   --->   Core 81 'FIFO_SRL' <Latency = 0> <II = 1> <Delay = 2.32> <Storage> <Opcode : 'read' 'write' 'nbread' 'nbwrite'> <Ports = 0> <Width = 8> <Depth = 64> <FIFO>

State 21 <SV = 20> <Delay = 7.25>
ST_21 : Operation 517 [1/1] (2.32ns)   --->   "%s_conv2_read_49 = read i8 @_ssdm_op_Read.ap_fifo.volatile.i8P0A, i8 %s_conv2" [vgg_accelerator.cpp:108]   --->   Operation 517 'read' 's_conv2_read_49' <Predicate = (!icmp_ln101 & !and_ln118)> <Delay = 2.32> <CoreInst = "FIFO_SRL">   --->   Core 81 'FIFO_SRL' <Latency = 0> <II = 1> <Delay = 2.32> <Storage> <Opcode : 'read' 'write' 'nbread' 'nbwrite'> <Ports = 0> <Width = 8> <Depth = 64> <FIFO>
ST_21 : Operation 518 [1/1] (0.79ns)   --->   "%store_ln114 = store i8 %s_conv2_read_49, i4 %p_ZZ8max_poolILi32ELi16EEvRN3hls6streamI8ap_fixedILi8ELi4EL9ap_q_mode0EL9ap_o_mod_40" [vgg_accelerator.cpp:114]   --->   Operation 518 'store' 'store_ln114' <Predicate = (!icmp_ln101 & !and_ln118)> <Delay = 0.79> <CoreInst = "RAM">   --->   Core 83 'RAM' <Latency = 1> <II = 1> <Delay = 0.79> <Storage> <Opcode : 'load' 'store'> <Ports = 2> <Width = 8> <Depth = 16> <RAM>
ST_21 : Operation 519 [1/1] (0.00ns)   --->   "%p_0_0_033_19236_i_load = load i8 %p_0_0_033_19236_i" [vgg_accelerator.cpp:119]   --->   Operation 519 'load' 'p_0_0_033_19236_i_load' <Predicate = (!icmp_ln101 & and_ln118)> <Delay = 0.00>
ST_21 : Operation 520 [1/1] (0.00ns)   --->   "%p_0_0_032_19237_i_load = load i8 %p_0_0_032_19237_i" [vgg_accelerator.cpp:120]   --->   Operation 520 'load' 'p_0_0_032_19237_i_load' <Predicate = (!icmp_ln101 & and_ln118)> <Delay = 0.00>
ST_21 : Operation 521 [1/1] (2.32ns)   --->   "%s_conv2_read_18 = read i8 @_ssdm_op_Read.ap_fifo.volatile.i8P0A, i8 %s_conv2" [vgg_accelerator.cpp:108]   --->   Operation 521 'read' 's_conv2_read_18' <Predicate = (!icmp_ln101 & and_ln118)> <Delay = 2.32> <CoreInst = "FIFO_SRL">   --->   Core 81 'FIFO_SRL' <Latency = 0> <II = 1> <Delay = 2.32> <Storage> <Opcode : 'read' 'write' 'nbread' 'nbwrite'> <Ports = 0> <Width = 8> <Depth = 64> <FIFO>
ST_21 : Operation 522 [1/1] (0.79ns)   --->   "%store_ln114 = store i8 %s_conv2_read_18, i4 %p_ZZ8max_poolILi32ELi16EEvRN3hls6streamI8ap_fixedILi8ELi4EL9ap_q_mode0EL9ap_o_mod_84" [vgg_accelerator.cpp:114]   --->   Operation 522 'store' 'store_ln114' <Predicate = (!icmp_ln101 & and_ln118)> <Delay = 0.79> <CoreInst = "RAM">   --->   Core 83 'RAM' <Latency = 1> <II = 1> <Delay = 0.79> <Storage> <Opcode : 'load' 'store'> <Ports = 2> <Width = 8> <Depth = 16> <RAM>
ST_21 : Operation 523 [1/1] (1.30ns)   --->   "%max_0_V_82 = call i8 @max_val, i8 %p_0_0_033_19236_i_load, i8 %p_ZZ8max_poolILi32ELi16EEvRN3hls6streamI8ap_fixedILi8ELi4EL9ap_q_mode0EL9ap_o_mod_85" [vgg_accelerator.cpp:119]   --->   Operation 523 'call' 'max_0_V_82' <Predicate = (!icmp_ln101 & and_ln118)> <Delay = 1.30> <CoreType = "Generic">   --->   Core 0 '' <Latency = 0> <II = 1> <Delay = 1.00> <Generic> <Opcode : >
ST_21 : Operation 524 [1/1] (1.30ns)   --->   "%max_1_V_82 = call i8 @max_val, i8 %p_0_0_032_19237_i_load, i8 %s_conv2_read_18" [vgg_accelerator.cpp:120]   --->   Operation 524 'call' 'max_1_V_82' <Predicate = (!icmp_ln101 & and_ln118)> <Delay = 1.30> <CoreType = "Generic">   --->   Core 0 '' <Latency = 0> <II = 1> <Delay = 1.00> <Generic> <Opcode : >
ST_21 : Operation 525 [1/1] (1.30ns)   --->   "%ref_tmp_assign_43_i = call i8 @max_val, i8 %max_0_V_82, i8 %max_1_V_82" [vgg_accelerator.cpp:121]   --->   Operation 525 'call' 'ref_tmp_assign_43_i' <Predicate = (!icmp_ln101 & and_ln118)> <Delay = 1.30> <CoreType = "Generic">   --->   Core 0 '' <Latency = 0> <II = 1> <Delay = 1.00> <Generic> <Opcode : >
ST_21 : Operation 526 [1/1] (2.32ns)   --->   "%write_ln121 = write void @_ssdm_op_Write.ap_fifo.volatile.i8P0A, i8 %s_pool2, i8 %ref_tmp_assign_43_i" [vgg_accelerator.cpp:121]   --->   Operation 526 'write' 'write_ln121' <Predicate = (!icmp_ln101 & and_ln118)> <Delay = 2.32> <CoreInst = "FIFO_SRL">   --->   Core 81 'FIFO_SRL' <Latency = 0> <II = 1> <Delay = 2.32> <Storage> <Opcode : 'read' 'write' 'nbread' 'nbwrite'> <Ports = 0> <Width = 8> <Depth = 64> <FIFO>

State 22 <SV = 21> <Delay = 7.25>
ST_22 : Operation 527 [1/1] (2.32ns)   --->   "%s_conv2_read_50 = read i8 @_ssdm_op_Read.ap_fifo.volatile.i8P0A, i8 %s_conv2" [vgg_accelerator.cpp:108]   --->   Operation 527 'read' 's_conv2_read_50' <Predicate = (!icmp_ln101 & !and_ln118)> <Delay = 2.32> <CoreInst = "FIFO_SRL">   --->   Core 81 'FIFO_SRL' <Latency = 0> <II = 1> <Delay = 2.32> <Storage> <Opcode : 'read' 'write' 'nbread' 'nbwrite'> <Ports = 0> <Width = 8> <Depth = 64> <FIFO>
ST_22 : Operation 528 [1/1] (0.79ns)   --->   "%store_ln114 = store i8 %s_conv2_read_50, i4 %p_ZZ8max_poolILi32ELi16EEvRN3hls6streamI8ap_fixedILi8ELi4EL9ap_q_mode0EL9ap_o_mod_42" [vgg_accelerator.cpp:114]   --->   Operation 528 'store' 'store_ln114' <Predicate = (!icmp_ln101 & !and_ln118)> <Delay = 0.79> <CoreInst = "RAM">   --->   Core 83 'RAM' <Latency = 1> <II = 1> <Delay = 0.79> <Storage> <Opcode : 'load' 'store'> <Ports = 2> <Width = 8> <Depth = 16> <RAM>
ST_22 : Operation 529 [1/1] (0.00ns)   --->   "%p_0_0_033_20238_i_load = load i8 %p_0_0_033_20238_i" [vgg_accelerator.cpp:119]   --->   Operation 529 'load' 'p_0_0_033_20238_i_load' <Predicate = (!icmp_ln101 & and_ln118)> <Delay = 0.00>
ST_22 : Operation 530 [1/1] (0.00ns)   --->   "%p_0_0_032_20239_i_load = load i8 %p_0_0_032_20239_i" [vgg_accelerator.cpp:120]   --->   Operation 530 'load' 'p_0_0_032_20239_i_load' <Predicate = (!icmp_ln101 & and_ln118)> <Delay = 0.00>
ST_22 : Operation 531 [1/1] (2.32ns)   --->   "%s_conv2_read_19 = read i8 @_ssdm_op_Read.ap_fifo.volatile.i8P0A, i8 %s_conv2" [vgg_accelerator.cpp:108]   --->   Operation 531 'read' 's_conv2_read_19' <Predicate = (!icmp_ln101 & and_ln118)> <Delay = 2.32> <CoreInst = "FIFO_SRL">   --->   Core 81 'FIFO_SRL' <Latency = 0> <II = 1> <Delay = 2.32> <Storage> <Opcode : 'read' 'write' 'nbread' 'nbwrite'> <Ports = 0> <Width = 8> <Depth = 64> <FIFO>
ST_22 : Operation 532 [1/1] (0.79ns)   --->   "%store_ln114 = store i8 %s_conv2_read_19, i4 %p_ZZ8max_poolILi32ELi16EEvRN3hls6streamI8ap_fixedILi8ELi4EL9ap_q_mode0EL9ap_o_mod_86" [vgg_accelerator.cpp:114]   --->   Operation 532 'store' 'store_ln114' <Predicate = (!icmp_ln101 & and_ln118)> <Delay = 0.79> <CoreInst = "RAM">   --->   Core 83 'RAM' <Latency = 1> <II = 1> <Delay = 0.79> <Storage> <Opcode : 'load' 'store'> <Ports = 2> <Width = 8> <Depth = 16> <RAM>
ST_22 : Operation 533 [1/1] (1.30ns)   --->   "%max_0_V_83 = call i8 @max_val, i8 %p_0_0_033_20238_i_load, i8 %p_ZZ8max_poolILi32ELi16EEvRN3hls6streamI8ap_fixedILi8ELi4EL9ap_q_mode0EL9ap_o_mod_87" [vgg_accelerator.cpp:119]   --->   Operation 533 'call' 'max_0_V_83' <Predicate = (!icmp_ln101 & and_ln118)> <Delay = 1.30> <CoreType = "Generic">   --->   Core 0 '' <Latency = 0> <II = 1> <Delay = 1.00> <Generic> <Opcode : >
ST_22 : Operation 534 [1/1] (1.30ns)   --->   "%max_1_V_83 = call i8 @max_val, i8 %p_0_0_032_20239_i_load, i8 %s_conv2_read_19" [vgg_accelerator.cpp:120]   --->   Operation 534 'call' 'max_1_V_83' <Predicate = (!icmp_ln101 & and_ln118)> <Delay = 1.30> <CoreType = "Generic">   --->   Core 0 '' <Latency = 0> <II = 1> <Delay = 1.00> <Generic> <Opcode : >
ST_22 : Operation 535 [1/1] (1.30ns)   --->   "%ref_tmp_assign_42_i = call i8 @max_val, i8 %max_0_V_83, i8 %max_1_V_83" [vgg_accelerator.cpp:121]   --->   Operation 535 'call' 'ref_tmp_assign_42_i' <Predicate = (!icmp_ln101 & and_ln118)> <Delay = 1.30> <CoreType = "Generic">   --->   Core 0 '' <Latency = 0> <II = 1> <Delay = 1.00> <Generic> <Opcode : >
ST_22 : Operation 536 [1/1] (2.32ns)   --->   "%write_ln121 = write void @_ssdm_op_Write.ap_fifo.volatile.i8P0A, i8 %s_pool2, i8 %ref_tmp_assign_42_i" [vgg_accelerator.cpp:121]   --->   Operation 536 'write' 'write_ln121' <Predicate = (!icmp_ln101 & and_ln118)> <Delay = 2.32> <CoreInst = "FIFO_SRL">   --->   Core 81 'FIFO_SRL' <Latency = 0> <II = 1> <Delay = 2.32> <Storage> <Opcode : 'read' 'write' 'nbread' 'nbwrite'> <Ports = 0> <Width = 8> <Depth = 64> <FIFO>

State 23 <SV = 22> <Delay = 7.25>
ST_23 : Operation 537 [1/1] (2.32ns)   --->   "%s_conv2_read_51 = read i8 @_ssdm_op_Read.ap_fifo.volatile.i8P0A, i8 %s_conv2" [vgg_accelerator.cpp:108]   --->   Operation 537 'read' 's_conv2_read_51' <Predicate = (!icmp_ln101 & !and_ln118)> <Delay = 2.32> <CoreInst = "FIFO_SRL">   --->   Core 81 'FIFO_SRL' <Latency = 0> <II = 1> <Delay = 2.32> <Storage> <Opcode : 'read' 'write' 'nbread' 'nbwrite'> <Ports = 0> <Width = 8> <Depth = 64> <FIFO>
ST_23 : Operation 538 [1/1] (0.79ns)   --->   "%store_ln114 = store i8 %s_conv2_read_51, i4 %p_ZZ8max_poolILi32ELi16EEvRN3hls6streamI8ap_fixedILi8ELi4EL9ap_q_mode0EL9ap_o_mod_44" [vgg_accelerator.cpp:114]   --->   Operation 538 'store' 'store_ln114' <Predicate = (!icmp_ln101 & !and_ln118)> <Delay = 0.79> <CoreInst = "RAM">   --->   Core 83 'RAM' <Latency = 1> <II = 1> <Delay = 0.79> <Storage> <Opcode : 'load' 'store'> <Ports = 2> <Width = 8> <Depth = 16> <RAM>
ST_23 : Operation 539 [1/1] (0.00ns)   --->   "%p_0_0_033_21240_i_load = load i8 %p_0_0_033_21240_i" [vgg_accelerator.cpp:119]   --->   Operation 539 'load' 'p_0_0_033_21240_i_load' <Predicate = (!icmp_ln101 & and_ln118)> <Delay = 0.00>
ST_23 : Operation 540 [1/1] (0.00ns)   --->   "%p_0_0_032_21241_i_load = load i8 %p_0_0_032_21241_i" [vgg_accelerator.cpp:120]   --->   Operation 540 'load' 'p_0_0_032_21241_i_load' <Predicate = (!icmp_ln101 & and_ln118)> <Delay = 0.00>
ST_23 : Operation 541 [1/1] (2.32ns)   --->   "%s_conv2_read_20 = read i8 @_ssdm_op_Read.ap_fifo.volatile.i8P0A, i8 %s_conv2" [vgg_accelerator.cpp:108]   --->   Operation 541 'read' 's_conv2_read_20' <Predicate = (!icmp_ln101 & and_ln118)> <Delay = 2.32> <CoreInst = "FIFO_SRL">   --->   Core 81 'FIFO_SRL' <Latency = 0> <II = 1> <Delay = 2.32> <Storage> <Opcode : 'read' 'write' 'nbread' 'nbwrite'> <Ports = 0> <Width = 8> <Depth = 64> <FIFO>
ST_23 : Operation 542 [1/1] (0.79ns)   --->   "%store_ln114 = store i8 %s_conv2_read_20, i4 %p_ZZ8max_poolILi32ELi16EEvRN3hls6streamI8ap_fixedILi8ELi4EL9ap_q_mode0EL9ap_o_mod_88" [vgg_accelerator.cpp:114]   --->   Operation 542 'store' 'store_ln114' <Predicate = (!icmp_ln101 & and_ln118)> <Delay = 0.79> <CoreInst = "RAM">   --->   Core 83 'RAM' <Latency = 1> <II = 1> <Delay = 0.79> <Storage> <Opcode : 'load' 'store'> <Ports = 2> <Width = 8> <Depth = 16> <RAM>
ST_23 : Operation 543 [1/1] (1.30ns)   --->   "%max_0_V_84 = call i8 @max_val, i8 %p_0_0_033_21240_i_load, i8 %p_ZZ8max_poolILi32ELi16EEvRN3hls6streamI8ap_fixedILi8ELi4EL9ap_q_mode0EL9ap_o_mod_89" [vgg_accelerator.cpp:119]   --->   Operation 543 'call' 'max_0_V_84' <Predicate = (!icmp_ln101 & and_ln118)> <Delay = 1.30> <CoreType = "Generic">   --->   Core 0 '' <Latency = 0> <II = 1> <Delay = 1.00> <Generic> <Opcode : >
ST_23 : Operation 544 [1/1] (1.30ns)   --->   "%max_1_V_84 = call i8 @max_val, i8 %p_0_0_032_21241_i_load, i8 %s_conv2_read_20" [vgg_accelerator.cpp:120]   --->   Operation 544 'call' 'max_1_V_84' <Predicate = (!icmp_ln101 & and_ln118)> <Delay = 1.30> <CoreType = "Generic">   --->   Core 0 '' <Latency = 0> <II = 1> <Delay = 1.00> <Generic> <Opcode : >
ST_23 : Operation 545 [1/1] (1.30ns)   --->   "%ref_tmp_assign_41_i = call i8 @max_val, i8 %max_0_V_84, i8 %max_1_V_84" [vgg_accelerator.cpp:121]   --->   Operation 545 'call' 'ref_tmp_assign_41_i' <Predicate = (!icmp_ln101 & and_ln118)> <Delay = 1.30> <CoreType = "Generic">   --->   Core 0 '' <Latency = 0> <II = 1> <Delay = 1.00> <Generic> <Opcode : >
ST_23 : Operation 546 [1/1] (2.32ns)   --->   "%write_ln121 = write void @_ssdm_op_Write.ap_fifo.volatile.i8P0A, i8 %s_pool2, i8 %ref_tmp_assign_41_i" [vgg_accelerator.cpp:121]   --->   Operation 546 'write' 'write_ln121' <Predicate = (!icmp_ln101 & and_ln118)> <Delay = 2.32> <CoreInst = "FIFO_SRL">   --->   Core 81 'FIFO_SRL' <Latency = 0> <II = 1> <Delay = 2.32> <Storage> <Opcode : 'read' 'write' 'nbread' 'nbwrite'> <Ports = 0> <Width = 8> <Depth = 64> <FIFO>

State 24 <SV = 23> <Delay = 7.25>
ST_24 : Operation 547 [1/1] (2.32ns)   --->   "%s_conv2_read_52 = read i8 @_ssdm_op_Read.ap_fifo.volatile.i8P0A, i8 %s_conv2" [vgg_accelerator.cpp:108]   --->   Operation 547 'read' 's_conv2_read_52' <Predicate = (!icmp_ln101 & !and_ln118)> <Delay = 2.32> <CoreInst = "FIFO_SRL">   --->   Core 81 'FIFO_SRL' <Latency = 0> <II = 1> <Delay = 2.32> <Storage> <Opcode : 'read' 'write' 'nbread' 'nbwrite'> <Ports = 0> <Width = 8> <Depth = 64> <FIFO>
ST_24 : Operation 548 [1/1] (0.79ns)   --->   "%store_ln114 = store i8 %s_conv2_read_52, i4 %p_ZZ8max_poolILi32ELi16EEvRN3hls6streamI8ap_fixedILi8ELi4EL9ap_q_mode0EL9ap_o_mod_46" [vgg_accelerator.cpp:114]   --->   Operation 548 'store' 'store_ln114' <Predicate = (!icmp_ln101 & !and_ln118)> <Delay = 0.79> <CoreInst = "RAM">   --->   Core 83 'RAM' <Latency = 1> <II = 1> <Delay = 0.79> <Storage> <Opcode : 'load' 'store'> <Ports = 2> <Width = 8> <Depth = 16> <RAM>
ST_24 : Operation 549 [1/1] (0.00ns)   --->   "%p_0_0_033_22242_i_load = load i8 %p_0_0_033_22242_i" [vgg_accelerator.cpp:119]   --->   Operation 549 'load' 'p_0_0_033_22242_i_load' <Predicate = (!icmp_ln101 & and_ln118)> <Delay = 0.00>
ST_24 : Operation 550 [1/1] (0.00ns)   --->   "%p_0_0_032_22243_i_load = load i8 %p_0_0_032_22243_i" [vgg_accelerator.cpp:120]   --->   Operation 550 'load' 'p_0_0_032_22243_i_load' <Predicate = (!icmp_ln101 & and_ln118)> <Delay = 0.00>
ST_24 : Operation 551 [1/1] (2.32ns)   --->   "%s_conv2_read_21 = read i8 @_ssdm_op_Read.ap_fifo.volatile.i8P0A, i8 %s_conv2" [vgg_accelerator.cpp:108]   --->   Operation 551 'read' 's_conv2_read_21' <Predicate = (!icmp_ln101 & and_ln118)> <Delay = 2.32> <CoreInst = "FIFO_SRL">   --->   Core 81 'FIFO_SRL' <Latency = 0> <II = 1> <Delay = 2.32> <Storage> <Opcode : 'read' 'write' 'nbread' 'nbwrite'> <Ports = 0> <Width = 8> <Depth = 64> <FIFO>
ST_24 : Operation 552 [1/1] (0.79ns)   --->   "%store_ln114 = store i8 %s_conv2_read_21, i4 %p_ZZ8max_poolILi32ELi16EEvRN3hls6streamI8ap_fixedILi8ELi4EL9ap_q_mode0EL9ap_o_mod_90" [vgg_accelerator.cpp:114]   --->   Operation 552 'store' 'store_ln114' <Predicate = (!icmp_ln101 & and_ln118)> <Delay = 0.79> <CoreInst = "RAM">   --->   Core 83 'RAM' <Latency = 1> <II = 1> <Delay = 0.79> <Storage> <Opcode : 'load' 'store'> <Ports = 2> <Width = 8> <Depth = 16> <RAM>
ST_24 : Operation 553 [1/1] (1.30ns)   --->   "%max_0_V_85 = call i8 @max_val, i8 %p_0_0_033_22242_i_load, i8 %p_ZZ8max_poolILi32ELi16EEvRN3hls6streamI8ap_fixedILi8ELi4EL9ap_q_mode0EL9ap_o_mod_91" [vgg_accelerator.cpp:119]   --->   Operation 553 'call' 'max_0_V_85' <Predicate = (!icmp_ln101 & and_ln118)> <Delay = 1.30> <CoreType = "Generic">   --->   Core 0 '' <Latency = 0> <II = 1> <Delay = 1.00> <Generic> <Opcode : >
ST_24 : Operation 554 [1/1] (1.30ns)   --->   "%max_1_V_85 = call i8 @max_val, i8 %p_0_0_032_22243_i_load, i8 %s_conv2_read_21" [vgg_accelerator.cpp:120]   --->   Operation 554 'call' 'max_1_V_85' <Predicate = (!icmp_ln101 & and_ln118)> <Delay = 1.30> <CoreType = "Generic">   --->   Core 0 '' <Latency = 0> <II = 1> <Delay = 1.00> <Generic> <Opcode : >
ST_24 : Operation 555 [1/1] (1.30ns)   --->   "%ref_tmp_assign_40_i = call i8 @max_val, i8 %max_0_V_85, i8 %max_1_V_85" [vgg_accelerator.cpp:121]   --->   Operation 555 'call' 'ref_tmp_assign_40_i' <Predicate = (!icmp_ln101 & and_ln118)> <Delay = 1.30> <CoreType = "Generic">   --->   Core 0 '' <Latency = 0> <II = 1> <Delay = 1.00> <Generic> <Opcode : >
ST_24 : Operation 556 [1/1] (2.32ns)   --->   "%write_ln121 = write void @_ssdm_op_Write.ap_fifo.volatile.i8P0A, i8 %s_pool2, i8 %ref_tmp_assign_40_i" [vgg_accelerator.cpp:121]   --->   Operation 556 'write' 'write_ln121' <Predicate = (!icmp_ln101 & and_ln118)> <Delay = 2.32> <CoreInst = "FIFO_SRL">   --->   Core 81 'FIFO_SRL' <Latency = 0> <II = 1> <Delay = 2.32> <Storage> <Opcode : 'read' 'write' 'nbread' 'nbwrite'> <Ports = 0> <Width = 8> <Depth = 64> <FIFO>

State 25 <SV = 24> <Delay = 7.25>
ST_25 : Operation 557 [1/1] (2.32ns)   --->   "%s_conv2_read_53 = read i8 @_ssdm_op_Read.ap_fifo.volatile.i8P0A, i8 %s_conv2" [vgg_accelerator.cpp:108]   --->   Operation 557 'read' 's_conv2_read_53' <Predicate = (!icmp_ln101 & !and_ln118)> <Delay = 2.32> <CoreInst = "FIFO_SRL">   --->   Core 81 'FIFO_SRL' <Latency = 0> <II = 1> <Delay = 2.32> <Storage> <Opcode : 'read' 'write' 'nbread' 'nbwrite'> <Ports = 0> <Width = 8> <Depth = 64> <FIFO>
ST_25 : Operation 558 [1/1] (0.79ns)   --->   "%store_ln114 = store i8 %s_conv2_read_53, i4 %p_ZZ8max_poolILi32ELi16EEvRN3hls6streamI8ap_fixedILi8ELi4EL9ap_q_mode0EL9ap_o_mod_48" [vgg_accelerator.cpp:114]   --->   Operation 558 'store' 'store_ln114' <Predicate = (!icmp_ln101 & !and_ln118)> <Delay = 0.79> <CoreInst = "RAM">   --->   Core 83 'RAM' <Latency = 1> <II = 1> <Delay = 0.79> <Storage> <Opcode : 'load' 'store'> <Ports = 2> <Width = 8> <Depth = 16> <RAM>
ST_25 : Operation 559 [1/1] (0.00ns)   --->   "%p_0_0_033_23244_i_load = load i8 %p_0_0_033_23244_i" [vgg_accelerator.cpp:119]   --->   Operation 559 'load' 'p_0_0_033_23244_i_load' <Predicate = (!icmp_ln101 & and_ln118)> <Delay = 0.00>
ST_25 : Operation 560 [1/1] (0.00ns)   --->   "%p_0_0_032_23245_i_load = load i8 %p_0_0_032_23245_i" [vgg_accelerator.cpp:120]   --->   Operation 560 'load' 'p_0_0_032_23245_i_load' <Predicate = (!icmp_ln101 & and_ln118)> <Delay = 0.00>
ST_25 : Operation 561 [1/1] (2.32ns)   --->   "%s_conv2_read_22 = read i8 @_ssdm_op_Read.ap_fifo.volatile.i8P0A, i8 %s_conv2" [vgg_accelerator.cpp:108]   --->   Operation 561 'read' 's_conv2_read_22' <Predicate = (!icmp_ln101 & and_ln118)> <Delay = 2.32> <CoreInst = "FIFO_SRL">   --->   Core 81 'FIFO_SRL' <Latency = 0> <II = 1> <Delay = 2.32> <Storage> <Opcode : 'read' 'write' 'nbread' 'nbwrite'> <Ports = 0> <Width = 8> <Depth = 64> <FIFO>
ST_25 : Operation 562 [1/1] (0.79ns)   --->   "%store_ln114 = store i8 %s_conv2_read_22, i4 %p_ZZ8max_poolILi32ELi16EEvRN3hls6streamI8ap_fixedILi8ELi4EL9ap_q_mode0EL9ap_o_mod_92" [vgg_accelerator.cpp:114]   --->   Operation 562 'store' 'store_ln114' <Predicate = (!icmp_ln101 & and_ln118)> <Delay = 0.79> <CoreInst = "RAM">   --->   Core 83 'RAM' <Latency = 1> <II = 1> <Delay = 0.79> <Storage> <Opcode : 'load' 'store'> <Ports = 2> <Width = 8> <Depth = 16> <RAM>
ST_25 : Operation 563 [1/1] (1.30ns)   --->   "%max_0_V_86 = call i8 @max_val, i8 %p_0_0_033_23244_i_load, i8 %p_ZZ8max_poolILi32ELi16EEvRN3hls6streamI8ap_fixedILi8ELi4EL9ap_q_mode0EL9ap_o_mod_93" [vgg_accelerator.cpp:119]   --->   Operation 563 'call' 'max_0_V_86' <Predicate = (!icmp_ln101 & and_ln118)> <Delay = 1.30> <CoreType = "Generic">   --->   Core 0 '' <Latency = 0> <II = 1> <Delay = 1.00> <Generic> <Opcode : >
ST_25 : Operation 564 [1/1] (1.30ns)   --->   "%max_1_V_86 = call i8 @max_val, i8 %p_0_0_032_23245_i_load, i8 %s_conv2_read_22" [vgg_accelerator.cpp:120]   --->   Operation 564 'call' 'max_1_V_86' <Predicate = (!icmp_ln101 & and_ln118)> <Delay = 1.30> <CoreType = "Generic">   --->   Core 0 '' <Latency = 0> <II = 1> <Delay = 1.00> <Generic> <Opcode : >
ST_25 : Operation 565 [1/1] (1.30ns)   --->   "%ref_tmp_assign_39_i = call i8 @max_val, i8 %max_0_V_86, i8 %max_1_V_86" [vgg_accelerator.cpp:121]   --->   Operation 565 'call' 'ref_tmp_assign_39_i' <Predicate = (!icmp_ln101 & and_ln118)> <Delay = 1.30> <CoreType = "Generic">   --->   Core 0 '' <Latency = 0> <II = 1> <Delay = 1.00> <Generic> <Opcode : >
ST_25 : Operation 566 [1/1] (2.32ns)   --->   "%write_ln121 = write void @_ssdm_op_Write.ap_fifo.volatile.i8P0A, i8 %s_pool2, i8 %ref_tmp_assign_39_i" [vgg_accelerator.cpp:121]   --->   Operation 566 'write' 'write_ln121' <Predicate = (!icmp_ln101 & and_ln118)> <Delay = 2.32> <CoreInst = "FIFO_SRL">   --->   Core 81 'FIFO_SRL' <Latency = 0> <II = 1> <Delay = 2.32> <Storage> <Opcode : 'read' 'write' 'nbread' 'nbwrite'> <Ports = 0> <Width = 8> <Depth = 64> <FIFO>

State 26 <SV = 25> <Delay = 7.25>
ST_26 : Operation 567 [1/1] (2.32ns)   --->   "%s_conv2_read_54 = read i8 @_ssdm_op_Read.ap_fifo.volatile.i8P0A, i8 %s_conv2" [vgg_accelerator.cpp:108]   --->   Operation 567 'read' 's_conv2_read_54' <Predicate = (!icmp_ln101 & !and_ln118)> <Delay = 2.32> <CoreInst = "FIFO_SRL">   --->   Core 81 'FIFO_SRL' <Latency = 0> <II = 1> <Delay = 2.32> <Storage> <Opcode : 'read' 'write' 'nbread' 'nbwrite'> <Ports = 0> <Width = 8> <Depth = 64> <FIFO>
ST_26 : Operation 568 [1/1] (0.79ns)   --->   "%store_ln114 = store i8 %s_conv2_read_54, i4 %p_ZZ8max_poolILi32ELi16EEvRN3hls6streamI8ap_fixedILi8ELi4EL9ap_q_mode0EL9ap_o_mod_50" [vgg_accelerator.cpp:114]   --->   Operation 568 'store' 'store_ln114' <Predicate = (!icmp_ln101 & !and_ln118)> <Delay = 0.79> <CoreInst = "RAM">   --->   Core 83 'RAM' <Latency = 1> <II = 1> <Delay = 0.79> <Storage> <Opcode : 'load' 'store'> <Ports = 2> <Width = 8> <Depth = 16> <RAM>
ST_26 : Operation 569 [1/1] (0.00ns)   --->   "%p_0_0_033_24246_i_load = load i8 %p_0_0_033_24246_i" [vgg_accelerator.cpp:119]   --->   Operation 569 'load' 'p_0_0_033_24246_i_load' <Predicate = (!icmp_ln101 & and_ln118)> <Delay = 0.00>
ST_26 : Operation 570 [1/1] (0.00ns)   --->   "%p_0_0_032_24247_i_load = load i8 %p_0_0_032_24247_i" [vgg_accelerator.cpp:120]   --->   Operation 570 'load' 'p_0_0_032_24247_i_load' <Predicate = (!icmp_ln101 & and_ln118)> <Delay = 0.00>
ST_26 : Operation 571 [1/1] (2.32ns)   --->   "%s_conv2_read_23 = read i8 @_ssdm_op_Read.ap_fifo.volatile.i8P0A, i8 %s_conv2" [vgg_accelerator.cpp:108]   --->   Operation 571 'read' 's_conv2_read_23' <Predicate = (!icmp_ln101 & and_ln118)> <Delay = 2.32> <CoreInst = "FIFO_SRL">   --->   Core 81 'FIFO_SRL' <Latency = 0> <II = 1> <Delay = 2.32> <Storage> <Opcode : 'read' 'write' 'nbread' 'nbwrite'> <Ports = 0> <Width = 8> <Depth = 64> <FIFO>
ST_26 : Operation 572 [1/1] (0.79ns)   --->   "%store_ln114 = store i8 %s_conv2_read_23, i4 %p_ZZ8max_poolILi32ELi16EEvRN3hls6streamI8ap_fixedILi8ELi4EL9ap_q_mode0EL9ap_o_mod_94" [vgg_accelerator.cpp:114]   --->   Operation 572 'store' 'store_ln114' <Predicate = (!icmp_ln101 & and_ln118)> <Delay = 0.79> <CoreInst = "RAM">   --->   Core 83 'RAM' <Latency = 1> <II = 1> <Delay = 0.79> <Storage> <Opcode : 'load' 'store'> <Ports = 2> <Width = 8> <Depth = 16> <RAM>
ST_26 : Operation 573 [1/1] (1.30ns)   --->   "%max_0_V_87 = call i8 @max_val, i8 %p_0_0_033_24246_i_load, i8 %p_ZZ8max_poolILi32ELi16EEvRN3hls6streamI8ap_fixedILi8ELi4EL9ap_q_mode0EL9ap_o_mod_95" [vgg_accelerator.cpp:119]   --->   Operation 573 'call' 'max_0_V_87' <Predicate = (!icmp_ln101 & and_ln118)> <Delay = 1.30> <CoreType = "Generic">   --->   Core 0 '' <Latency = 0> <II = 1> <Delay = 1.00> <Generic> <Opcode : >
ST_26 : Operation 574 [1/1] (1.30ns)   --->   "%max_1_V_87 = call i8 @max_val, i8 %p_0_0_032_24247_i_load, i8 %s_conv2_read_23" [vgg_accelerator.cpp:120]   --->   Operation 574 'call' 'max_1_V_87' <Predicate = (!icmp_ln101 & and_ln118)> <Delay = 1.30> <CoreType = "Generic">   --->   Core 0 '' <Latency = 0> <II = 1> <Delay = 1.00> <Generic> <Opcode : >
ST_26 : Operation 575 [1/1] (1.30ns)   --->   "%ref_tmp_assign_38_i = call i8 @max_val, i8 %max_0_V_87, i8 %max_1_V_87" [vgg_accelerator.cpp:121]   --->   Operation 575 'call' 'ref_tmp_assign_38_i' <Predicate = (!icmp_ln101 & and_ln118)> <Delay = 1.30> <CoreType = "Generic">   --->   Core 0 '' <Latency = 0> <II = 1> <Delay = 1.00> <Generic> <Opcode : >
ST_26 : Operation 576 [1/1] (2.32ns)   --->   "%write_ln121 = write void @_ssdm_op_Write.ap_fifo.volatile.i8P0A, i8 %s_pool2, i8 %ref_tmp_assign_38_i" [vgg_accelerator.cpp:121]   --->   Operation 576 'write' 'write_ln121' <Predicate = (!icmp_ln101 & and_ln118)> <Delay = 2.32> <CoreInst = "FIFO_SRL">   --->   Core 81 'FIFO_SRL' <Latency = 0> <II = 1> <Delay = 2.32> <Storage> <Opcode : 'read' 'write' 'nbread' 'nbwrite'> <Ports = 0> <Width = 8> <Depth = 64> <FIFO>

State 27 <SV = 26> <Delay = 7.25>
ST_27 : Operation 577 [1/1] (2.32ns)   --->   "%s_conv2_read_55 = read i8 @_ssdm_op_Read.ap_fifo.volatile.i8P0A, i8 %s_conv2" [vgg_accelerator.cpp:108]   --->   Operation 577 'read' 's_conv2_read_55' <Predicate = (!icmp_ln101 & !and_ln118)> <Delay = 2.32> <CoreInst = "FIFO_SRL">   --->   Core 81 'FIFO_SRL' <Latency = 0> <II = 1> <Delay = 2.32> <Storage> <Opcode : 'read' 'write' 'nbread' 'nbwrite'> <Ports = 0> <Width = 8> <Depth = 64> <FIFO>
ST_27 : Operation 578 [1/1] (0.79ns)   --->   "%store_ln114 = store i8 %s_conv2_read_55, i4 %p_ZZ8max_poolILi32ELi16EEvRN3hls6streamI8ap_fixedILi8ELi4EL9ap_q_mode0EL9ap_o_mod_52" [vgg_accelerator.cpp:114]   --->   Operation 578 'store' 'store_ln114' <Predicate = (!icmp_ln101 & !and_ln118)> <Delay = 0.79> <CoreInst = "RAM">   --->   Core 83 'RAM' <Latency = 1> <II = 1> <Delay = 0.79> <Storage> <Opcode : 'load' 'store'> <Ports = 2> <Width = 8> <Depth = 16> <RAM>
ST_27 : Operation 579 [1/1] (0.00ns)   --->   "%p_0_0_033_25248_i_load = load i8 %p_0_0_033_25248_i" [vgg_accelerator.cpp:119]   --->   Operation 579 'load' 'p_0_0_033_25248_i_load' <Predicate = (!icmp_ln101 & and_ln118)> <Delay = 0.00>
ST_27 : Operation 580 [1/1] (0.00ns)   --->   "%p_0_0_032_25249_i_load = load i8 %p_0_0_032_25249_i" [vgg_accelerator.cpp:120]   --->   Operation 580 'load' 'p_0_0_032_25249_i_load' <Predicate = (!icmp_ln101 & and_ln118)> <Delay = 0.00>
ST_27 : Operation 581 [1/1] (2.32ns)   --->   "%s_conv2_read_24 = read i8 @_ssdm_op_Read.ap_fifo.volatile.i8P0A, i8 %s_conv2" [vgg_accelerator.cpp:108]   --->   Operation 581 'read' 's_conv2_read_24' <Predicate = (!icmp_ln101 & and_ln118)> <Delay = 2.32> <CoreInst = "FIFO_SRL">   --->   Core 81 'FIFO_SRL' <Latency = 0> <II = 1> <Delay = 2.32> <Storage> <Opcode : 'read' 'write' 'nbread' 'nbwrite'> <Ports = 0> <Width = 8> <Depth = 64> <FIFO>
ST_27 : Operation 582 [1/1] (0.79ns)   --->   "%store_ln114 = store i8 %s_conv2_read_24, i4 %p_ZZ8max_poolILi32ELi16EEvRN3hls6streamI8ap_fixedILi8ELi4EL9ap_q_mode0EL9ap_o_mod_96" [vgg_accelerator.cpp:114]   --->   Operation 582 'store' 'store_ln114' <Predicate = (!icmp_ln101 & and_ln118)> <Delay = 0.79> <CoreInst = "RAM">   --->   Core 83 'RAM' <Latency = 1> <II = 1> <Delay = 0.79> <Storage> <Opcode : 'load' 'store'> <Ports = 2> <Width = 8> <Depth = 16> <RAM>
ST_27 : Operation 583 [1/1] (1.30ns)   --->   "%max_0_V_88 = call i8 @max_val, i8 %p_0_0_033_25248_i_load, i8 %p_ZZ8max_poolILi32ELi16EEvRN3hls6streamI8ap_fixedILi8ELi4EL9ap_q_mode0EL9ap_o_mod_97" [vgg_accelerator.cpp:119]   --->   Operation 583 'call' 'max_0_V_88' <Predicate = (!icmp_ln101 & and_ln118)> <Delay = 1.30> <CoreType = "Generic">   --->   Core 0 '' <Latency = 0> <II = 1> <Delay = 1.00> <Generic> <Opcode : >
ST_27 : Operation 584 [1/1] (1.30ns)   --->   "%max_1_V_88 = call i8 @max_val, i8 %p_0_0_032_25249_i_load, i8 %s_conv2_read_24" [vgg_accelerator.cpp:120]   --->   Operation 584 'call' 'max_1_V_88' <Predicate = (!icmp_ln101 & and_ln118)> <Delay = 1.30> <CoreType = "Generic">   --->   Core 0 '' <Latency = 0> <II = 1> <Delay = 1.00> <Generic> <Opcode : >
ST_27 : Operation 585 [1/1] (1.30ns)   --->   "%ref_tmp_assign_37_i = call i8 @max_val, i8 %max_0_V_88, i8 %max_1_V_88" [vgg_accelerator.cpp:121]   --->   Operation 585 'call' 'ref_tmp_assign_37_i' <Predicate = (!icmp_ln101 & and_ln118)> <Delay = 1.30> <CoreType = "Generic">   --->   Core 0 '' <Latency = 0> <II = 1> <Delay = 1.00> <Generic> <Opcode : >
ST_27 : Operation 586 [1/1] (2.32ns)   --->   "%write_ln121 = write void @_ssdm_op_Write.ap_fifo.volatile.i8P0A, i8 %s_pool2, i8 %ref_tmp_assign_37_i" [vgg_accelerator.cpp:121]   --->   Operation 586 'write' 'write_ln121' <Predicate = (!icmp_ln101 & and_ln118)> <Delay = 2.32> <CoreInst = "FIFO_SRL">   --->   Core 81 'FIFO_SRL' <Latency = 0> <II = 1> <Delay = 2.32> <Storage> <Opcode : 'read' 'write' 'nbread' 'nbwrite'> <Ports = 0> <Width = 8> <Depth = 64> <FIFO>

State 28 <SV = 27> <Delay = 7.25>
ST_28 : Operation 587 [1/1] (2.32ns)   --->   "%s_conv2_read_56 = read i8 @_ssdm_op_Read.ap_fifo.volatile.i8P0A, i8 %s_conv2" [vgg_accelerator.cpp:108]   --->   Operation 587 'read' 's_conv2_read_56' <Predicate = (!icmp_ln101 & !and_ln118)> <Delay = 2.32> <CoreInst = "FIFO_SRL">   --->   Core 81 'FIFO_SRL' <Latency = 0> <II = 1> <Delay = 2.32> <Storage> <Opcode : 'read' 'write' 'nbread' 'nbwrite'> <Ports = 0> <Width = 8> <Depth = 64> <FIFO>
ST_28 : Operation 588 [1/1] (0.79ns)   --->   "%store_ln114 = store i8 %s_conv2_read_56, i4 %p_ZZ8max_poolILi32ELi16EEvRN3hls6streamI8ap_fixedILi8ELi4EL9ap_q_mode0EL9ap_o_mod_54" [vgg_accelerator.cpp:114]   --->   Operation 588 'store' 'store_ln114' <Predicate = (!icmp_ln101 & !and_ln118)> <Delay = 0.79> <CoreInst = "RAM">   --->   Core 83 'RAM' <Latency = 1> <II = 1> <Delay = 0.79> <Storage> <Opcode : 'load' 'store'> <Ports = 2> <Width = 8> <Depth = 16> <RAM>
ST_28 : Operation 589 [1/1] (0.00ns)   --->   "%p_0_0_033_26250_i_load = load i8 %p_0_0_033_26250_i" [vgg_accelerator.cpp:119]   --->   Operation 589 'load' 'p_0_0_033_26250_i_load' <Predicate = (!icmp_ln101 & and_ln118)> <Delay = 0.00>
ST_28 : Operation 590 [1/1] (0.00ns)   --->   "%p_0_0_032_26251_i_load = load i8 %p_0_0_032_26251_i" [vgg_accelerator.cpp:120]   --->   Operation 590 'load' 'p_0_0_032_26251_i_load' <Predicate = (!icmp_ln101 & and_ln118)> <Delay = 0.00>
ST_28 : Operation 591 [1/1] (2.32ns)   --->   "%s_conv2_read_25 = read i8 @_ssdm_op_Read.ap_fifo.volatile.i8P0A, i8 %s_conv2" [vgg_accelerator.cpp:108]   --->   Operation 591 'read' 's_conv2_read_25' <Predicate = (!icmp_ln101 & and_ln118)> <Delay = 2.32> <CoreInst = "FIFO_SRL">   --->   Core 81 'FIFO_SRL' <Latency = 0> <II = 1> <Delay = 2.32> <Storage> <Opcode : 'read' 'write' 'nbread' 'nbwrite'> <Ports = 0> <Width = 8> <Depth = 64> <FIFO>
ST_28 : Operation 592 [1/1] (0.79ns)   --->   "%store_ln114 = store i8 %s_conv2_read_25, i4 %p_ZZ8max_poolILi32ELi16EEvRN3hls6streamI8ap_fixedILi8ELi4EL9ap_q_mode0EL9ap_o_mod_98" [vgg_accelerator.cpp:114]   --->   Operation 592 'store' 'store_ln114' <Predicate = (!icmp_ln101 & and_ln118)> <Delay = 0.79> <CoreInst = "RAM">   --->   Core 83 'RAM' <Latency = 1> <II = 1> <Delay = 0.79> <Storage> <Opcode : 'load' 'store'> <Ports = 2> <Width = 8> <Depth = 16> <RAM>
ST_28 : Operation 593 [1/1] (1.30ns)   --->   "%max_0_V_89 = call i8 @max_val, i8 %p_0_0_033_26250_i_load, i8 %p_ZZ8max_poolILi32ELi16EEvRN3hls6streamI8ap_fixedILi8ELi4EL9ap_q_mode0EL9ap_o_mod_99" [vgg_accelerator.cpp:119]   --->   Operation 593 'call' 'max_0_V_89' <Predicate = (!icmp_ln101 & and_ln118)> <Delay = 1.30> <CoreType = "Generic">   --->   Core 0 '' <Latency = 0> <II = 1> <Delay = 1.00> <Generic> <Opcode : >
ST_28 : Operation 594 [1/1] (1.30ns)   --->   "%max_1_V_89 = call i8 @max_val, i8 %p_0_0_032_26251_i_load, i8 %s_conv2_read_25" [vgg_accelerator.cpp:120]   --->   Operation 594 'call' 'max_1_V_89' <Predicate = (!icmp_ln101 & and_ln118)> <Delay = 1.30> <CoreType = "Generic">   --->   Core 0 '' <Latency = 0> <II = 1> <Delay = 1.00> <Generic> <Opcode : >
ST_28 : Operation 595 [1/1] (1.30ns)   --->   "%ref_tmp_assign_36_i = call i8 @max_val, i8 %max_0_V_89, i8 %max_1_V_89" [vgg_accelerator.cpp:121]   --->   Operation 595 'call' 'ref_tmp_assign_36_i' <Predicate = (!icmp_ln101 & and_ln118)> <Delay = 1.30> <CoreType = "Generic">   --->   Core 0 '' <Latency = 0> <II = 1> <Delay = 1.00> <Generic> <Opcode : >
ST_28 : Operation 596 [1/1] (2.32ns)   --->   "%write_ln121 = write void @_ssdm_op_Write.ap_fifo.volatile.i8P0A, i8 %s_pool2, i8 %ref_tmp_assign_36_i" [vgg_accelerator.cpp:121]   --->   Operation 596 'write' 'write_ln121' <Predicate = (!icmp_ln101 & and_ln118)> <Delay = 2.32> <CoreInst = "FIFO_SRL">   --->   Core 81 'FIFO_SRL' <Latency = 0> <II = 1> <Delay = 2.32> <Storage> <Opcode : 'read' 'write' 'nbread' 'nbwrite'> <Ports = 0> <Width = 8> <Depth = 64> <FIFO>

State 29 <SV = 28> <Delay = 7.25>
ST_29 : Operation 597 [1/1] (2.32ns)   --->   "%s_conv2_read_57 = read i8 @_ssdm_op_Read.ap_fifo.volatile.i8P0A, i8 %s_conv2" [vgg_accelerator.cpp:108]   --->   Operation 597 'read' 's_conv2_read_57' <Predicate = (!icmp_ln101 & !and_ln118)> <Delay = 2.32> <CoreInst = "FIFO_SRL">   --->   Core 81 'FIFO_SRL' <Latency = 0> <II = 1> <Delay = 2.32> <Storage> <Opcode : 'read' 'write' 'nbread' 'nbwrite'> <Ports = 0> <Width = 8> <Depth = 64> <FIFO>
ST_29 : Operation 598 [1/1] (0.79ns)   --->   "%store_ln114 = store i8 %s_conv2_read_57, i4 %p_ZZ8max_poolILi32ELi16EEvRN3hls6streamI8ap_fixedILi8ELi4EL9ap_q_mode0EL9ap_o_mod_56" [vgg_accelerator.cpp:114]   --->   Operation 598 'store' 'store_ln114' <Predicate = (!icmp_ln101 & !and_ln118)> <Delay = 0.79> <CoreInst = "RAM">   --->   Core 83 'RAM' <Latency = 1> <II = 1> <Delay = 0.79> <Storage> <Opcode : 'load' 'store'> <Ports = 2> <Width = 8> <Depth = 16> <RAM>
ST_29 : Operation 599 [1/1] (0.00ns)   --->   "%p_0_0_033_27252_i_load = load i8 %p_0_0_033_27252_i" [vgg_accelerator.cpp:119]   --->   Operation 599 'load' 'p_0_0_033_27252_i_load' <Predicate = (!icmp_ln101 & and_ln118)> <Delay = 0.00>
ST_29 : Operation 600 [1/1] (0.00ns)   --->   "%p_0_0_032_27253_i_load = load i8 %p_0_0_032_27253_i" [vgg_accelerator.cpp:120]   --->   Operation 600 'load' 'p_0_0_032_27253_i_load' <Predicate = (!icmp_ln101 & and_ln118)> <Delay = 0.00>
ST_29 : Operation 601 [1/1] (2.32ns)   --->   "%s_conv2_read_26 = read i8 @_ssdm_op_Read.ap_fifo.volatile.i8P0A, i8 %s_conv2" [vgg_accelerator.cpp:108]   --->   Operation 601 'read' 's_conv2_read_26' <Predicate = (!icmp_ln101 & and_ln118)> <Delay = 2.32> <CoreInst = "FIFO_SRL">   --->   Core 81 'FIFO_SRL' <Latency = 0> <II = 1> <Delay = 2.32> <Storage> <Opcode : 'read' 'write' 'nbread' 'nbwrite'> <Ports = 0> <Width = 8> <Depth = 64> <FIFO>
ST_29 : Operation 602 [1/1] (0.79ns)   --->   "%store_ln114 = store i8 %s_conv2_read_26, i4 %p_ZZ8max_poolILi32ELi16EEvRN3hls6streamI8ap_fixedILi8ELi4EL9ap_q_mode0EL9ap_o_mod_100" [vgg_accelerator.cpp:114]   --->   Operation 602 'store' 'store_ln114' <Predicate = (!icmp_ln101 & and_ln118)> <Delay = 0.79> <CoreInst = "RAM">   --->   Core 83 'RAM' <Latency = 1> <II = 1> <Delay = 0.79> <Storage> <Opcode : 'load' 'store'> <Ports = 2> <Width = 8> <Depth = 16> <RAM>
ST_29 : Operation 603 [1/1] (1.30ns)   --->   "%max_0_V_90 = call i8 @max_val, i8 %p_0_0_033_27252_i_load, i8 %p_ZZ8max_poolILi32ELi16EEvRN3hls6streamI8ap_fixedILi8ELi4EL9ap_q_mode0EL9ap_o_mod_101" [vgg_accelerator.cpp:119]   --->   Operation 603 'call' 'max_0_V_90' <Predicate = (!icmp_ln101 & and_ln118)> <Delay = 1.30> <CoreType = "Generic">   --->   Core 0 '' <Latency = 0> <II = 1> <Delay = 1.00> <Generic> <Opcode : >
ST_29 : Operation 604 [1/1] (1.30ns)   --->   "%max_1_V_90 = call i8 @max_val, i8 %p_0_0_032_27253_i_load, i8 %s_conv2_read_26" [vgg_accelerator.cpp:120]   --->   Operation 604 'call' 'max_1_V_90' <Predicate = (!icmp_ln101 & and_ln118)> <Delay = 1.30> <CoreType = "Generic">   --->   Core 0 '' <Latency = 0> <II = 1> <Delay = 1.00> <Generic> <Opcode : >
ST_29 : Operation 605 [1/1] (1.30ns)   --->   "%ref_tmp_assign_35_i = call i8 @max_val, i8 %max_0_V_90, i8 %max_1_V_90" [vgg_accelerator.cpp:121]   --->   Operation 605 'call' 'ref_tmp_assign_35_i' <Predicate = (!icmp_ln101 & and_ln118)> <Delay = 1.30> <CoreType = "Generic">   --->   Core 0 '' <Latency = 0> <II = 1> <Delay = 1.00> <Generic> <Opcode : >
ST_29 : Operation 606 [1/1] (2.32ns)   --->   "%write_ln121 = write void @_ssdm_op_Write.ap_fifo.volatile.i8P0A, i8 %s_pool2, i8 %ref_tmp_assign_35_i" [vgg_accelerator.cpp:121]   --->   Operation 606 'write' 'write_ln121' <Predicate = (!icmp_ln101 & and_ln118)> <Delay = 2.32> <CoreInst = "FIFO_SRL">   --->   Core 81 'FIFO_SRL' <Latency = 0> <II = 1> <Delay = 2.32> <Storage> <Opcode : 'read' 'write' 'nbread' 'nbwrite'> <Ports = 0> <Width = 8> <Depth = 64> <FIFO>

State 30 <SV = 29> <Delay = 7.25>
ST_30 : Operation 607 [1/1] (2.32ns)   --->   "%s_conv2_read_58 = read i8 @_ssdm_op_Read.ap_fifo.volatile.i8P0A, i8 %s_conv2" [vgg_accelerator.cpp:108]   --->   Operation 607 'read' 's_conv2_read_58' <Predicate = (!icmp_ln101 & !and_ln118)> <Delay = 2.32> <CoreInst = "FIFO_SRL">   --->   Core 81 'FIFO_SRL' <Latency = 0> <II = 1> <Delay = 2.32> <Storage> <Opcode : 'read' 'write' 'nbread' 'nbwrite'> <Ports = 0> <Width = 8> <Depth = 64> <FIFO>
ST_30 : Operation 608 [1/1] (0.79ns)   --->   "%store_ln114 = store i8 %s_conv2_read_58, i4 %p_ZZ8max_poolILi32ELi16EEvRN3hls6streamI8ap_fixedILi8ELi4EL9ap_q_mode0EL9ap_o_mod_58" [vgg_accelerator.cpp:114]   --->   Operation 608 'store' 'store_ln114' <Predicate = (!icmp_ln101 & !and_ln118)> <Delay = 0.79> <CoreInst = "RAM">   --->   Core 83 'RAM' <Latency = 1> <II = 1> <Delay = 0.79> <Storage> <Opcode : 'load' 'store'> <Ports = 2> <Width = 8> <Depth = 16> <RAM>
ST_30 : Operation 609 [1/1] (0.00ns)   --->   "%p_0_0_033_28254_i_load = load i8 %p_0_0_033_28254_i" [vgg_accelerator.cpp:119]   --->   Operation 609 'load' 'p_0_0_033_28254_i_load' <Predicate = (!icmp_ln101 & and_ln118)> <Delay = 0.00>
ST_30 : Operation 610 [1/1] (0.00ns)   --->   "%p_0_0_032_28255_i_load = load i8 %p_0_0_032_28255_i" [vgg_accelerator.cpp:120]   --->   Operation 610 'load' 'p_0_0_032_28255_i_load' <Predicate = (!icmp_ln101 & and_ln118)> <Delay = 0.00>
ST_30 : Operation 611 [1/1] (2.32ns)   --->   "%s_conv2_read_27 = read i8 @_ssdm_op_Read.ap_fifo.volatile.i8P0A, i8 %s_conv2" [vgg_accelerator.cpp:108]   --->   Operation 611 'read' 's_conv2_read_27' <Predicate = (!icmp_ln101 & and_ln118)> <Delay = 2.32> <CoreInst = "FIFO_SRL">   --->   Core 81 'FIFO_SRL' <Latency = 0> <II = 1> <Delay = 2.32> <Storage> <Opcode : 'read' 'write' 'nbread' 'nbwrite'> <Ports = 0> <Width = 8> <Depth = 64> <FIFO>
ST_30 : Operation 612 [1/1] (0.79ns)   --->   "%store_ln114 = store i8 %s_conv2_read_27, i4 %p_ZZ8max_poolILi32ELi16EEvRN3hls6streamI8ap_fixedILi8ELi4EL9ap_q_mode0EL9ap_o_mod_102" [vgg_accelerator.cpp:114]   --->   Operation 612 'store' 'store_ln114' <Predicate = (!icmp_ln101 & and_ln118)> <Delay = 0.79> <CoreInst = "RAM">   --->   Core 83 'RAM' <Latency = 1> <II = 1> <Delay = 0.79> <Storage> <Opcode : 'load' 'store'> <Ports = 2> <Width = 8> <Depth = 16> <RAM>
ST_30 : Operation 613 [1/1] (1.30ns)   --->   "%max_0_V_91 = call i8 @max_val, i8 %p_0_0_033_28254_i_load, i8 %p_ZZ8max_poolILi32ELi16EEvRN3hls6streamI8ap_fixedILi8ELi4EL9ap_q_mode0EL9ap_o_mod_103" [vgg_accelerator.cpp:119]   --->   Operation 613 'call' 'max_0_V_91' <Predicate = (!icmp_ln101 & and_ln118)> <Delay = 1.30> <CoreType = "Generic">   --->   Core 0 '' <Latency = 0> <II = 1> <Delay = 1.00> <Generic> <Opcode : >
ST_30 : Operation 614 [1/1] (1.30ns)   --->   "%max_1_V_91 = call i8 @max_val, i8 %p_0_0_032_28255_i_load, i8 %s_conv2_read_27" [vgg_accelerator.cpp:120]   --->   Operation 614 'call' 'max_1_V_91' <Predicate = (!icmp_ln101 & and_ln118)> <Delay = 1.30> <CoreType = "Generic">   --->   Core 0 '' <Latency = 0> <II = 1> <Delay = 1.00> <Generic> <Opcode : >
ST_30 : Operation 615 [1/1] (1.30ns)   --->   "%ref_tmp_assign_34_i = call i8 @max_val, i8 %max_0_V_91, i8 %max_1_V_91" [vgg_accelerator.cpp:121]   --->   Operation 615 'call' 'ref_tmp_assign_34_i' <Predicate = (!icmp_ln101 & and_ln118)> <Delay = 1.30> <CoreType = "Generic">   --->   Core 0 '' <Latency = 0> <II = 1> <Delay = 1.00> <Generic> <Opcode : >
ST_30 : Operation 616 [1/1] (2.32ns)   --->   "%write_ln121 = write void @_ssdm_op_Write.ap_fifo.volatile.i8P0A, i8 %s_pool2, i8 %ref_tmp_assign_34_i" [vgg_accelerator.cpp:121]   --->   Operation 616 'write' 'write_ln121' <Predicate = (!icmp_ln101 & and_ln118)> <Delay = 2.32> <CoreInst = "FIFO_SRL">   --->   Core 81 'FIFO_SRL' <Latency = 0> <II = 1> <Delay = 2.32> <Storage> <Opcode : 'read' 'write' 'nbread' 'nbwrite'> <Ports = 0> <Width = 8> <Depth = 64> <FIFO>

State 31 <SV = 30> <Delay = 7.25>
ST_31 : Operation 617 [1/1] (2.32ns)   --->   "%s_conv2_read_59 = read i8 @_ssdm_op_Read.ap_fifo.volatile.i8P0A, i8 %s_conv2" [vgg_accelerator.cpp:108]   --->   Operation 617 'read' 's_conv2_read_59' <Predicate = (!icmp_ln101 & !and_ln118)> <Delay = 2.32> <CoreInst = "FIFO_SRL">   --->   Core 81 'FIFO_SRL' <Latency = 0> <II = 1> <Delay = 2.32> <Storage> <Opcode : 'read' 'write' 'nbread' 'nbwrite'> <Ports = 0> <Width = 8> <Depth = 64> <FIFO>
ST_31 : Operation 618 [1/1] (0.79ns)   --->   "%store_ln114 = store i8 %s_conv2_read_59, i4 %p_ZZ8max_poolILi32ELi16EEvRN3hls6streamI8ap_fixedILi8ELi4EL9ap_q_mode0EL9ap_o_mod_60" [vgg_accelerator.cpp:114]   --->   Operation 618 'store' 'store_ln114' <Predicate = (!icmp_ln101 & !and_ln118)> <Delay = 0.79> <CoreInst = "RAM">   --->   Core 83 'RAM' <Latency = 1> <II = 1> <Delay = 0.79> <Storage> <Opcode : 'load' 'store'> <Ports = 2> <Width = 8> <Depth = 16> <RAM>
ST_31 : Operation 619 [1/1] (0.00ns)   --->   "%p_0_0_033_29256_i_load = load i8 %p_0_0_033_29256_i" [vgg_accelerator.cpp:119]   --->   Operation 619 'load' 'p_0_0_033_29256_i_load' <Predicate = (!icmp_ln101 & and_ln118)> <Delay = 0.00>
ST_31 : Operation 620 [1/1] (0.00ns)   --->   "%p_0_0_032_29257_i_load = load i8 %p_0_0_032_29257_i" [vgg_accelerator.cpp:120]   --->   Operation 620 'load' 'p_0_0_032_29257_i_load' <Predicate = (!icmp_ln101 & and_ln118)> <Delay = 0.00>
ST_31 : Operation 621 [1/1] (2.32ns)   --->   "%s_conv2_read_28 = read i8 @_ssdm_op_Read.ap_fifo.volatile.i8P0A, i8 %s_conv2" [vgg_accelerator.cpp:108]   --->   Operation 621 'read' 's_conv2_read_28' <Predicate = (!icmp_ln101 & and_ln118)> <Delay = 2.32> <CoreInst = "FIFO_SRL">   --->   Core 81 'FIFO_SRL' <Latency = 0> <II = 1> <Delay = 2.32> <Storage> <Opcode : 'read' 'write' 'nbread' 'nbwrite'> <Ports = 0> <Width = 8> <Depth = 64> <FIFO>
ST_31 : Operation 622 [1/1] (0.79ns)   --->   "%store_ln114 = store i8 %s_conv2_read_28, i4 %p_ZZ8max_poolILi32ELi16EEvRN3hls6streamI8ap_fixedILi8ELi4EL9ap_q_mode0EL9ap_o_mod_104" [vgg_accelerator.cpp:114]   --->   Operation 622 'store' 'store_ln114' <Predicate = (!icmp_ln101 & and_ln118)> <Delay = 0.79> <CoreInst = "RAM">   --->   Core 83 'RAM' <Latency = 1> <II = 1> <Delay = 0.79> <Storage> <Opcode : 'load' 'store'> <Ports = 2> <Width = 8> <Depth = 16> <RAM>
ST_31 : Operation 623 [1/1] (1.30ns)   --->   "%max_0_V_92 = call i8 @max_val, i8 %p_0_0_033_29256_i_load, i8 %p_ZZ8max_poolILi32ELi16EEvRN3hls6streamI8ap_fixedILi8ELi4EL9ap_q_mode0EL9ap_o_mod_105" [vgg_accelerator.cpp:119]   --->   Operation 623 'call' 'max_0_V_92' <Predicate = (!icmp_ln101 & and_ln118)> <Delay = 1.30> <CoreType = "Generic">   --->   Core 0 '' <Latency = 0> <II = 1> <Delay = 1.00> <Generic> <Opcode : >
ST_31 : Operation 624 [1/1] (1.30ns)   --->   "%max_1_V_92 = call i8 @max_val, i8 %p_0_0_032_29257_i_load, i8 %s_conv2_read_28" [vgg_accelerator.cpp:120]   --->   Operation 624 'call' 'max_1_V_92' <Predicate = (!icmp_ln101 & and_ln118)> <Delay = 1.30> <CoreType = "Generic">   --->   Core 0 '' <Latency = 0> <II = 1> <Delay = 1.00> <Generic> <Opcode : >
ST_31 : Operation 625 [1/1] (1.30ns)   --->   "%ref_tmp_assign_33_i = call i8 @max_val, i8 %max_0_V_92, i8 %max_1_V_92" [vgg_accelerator.cpp:121]   --->   Operation 625 'call' 'ref_tmp_assign_33_i' <Predicate = (!icmp_ln101 & and_ln118)> <Delay = 1.30> <CoreType = "Generic">   --->   Core 0 '' <Latency = 0> <II = 1> <Delay = 1.00> <Generic> <Opcode : >
ST_31 : Operation 626 [1/1] (2.32ns)   --->   "%write_ln121 = write void @_ssdm_op_Write.ap_fifo.volatile.i8P0A, i8 %s_pool2, i8 %ref_tmp_assign_33_i" [vgg_accelerator.cpp:121]   --->   Operation 626 'write' 'write_ln121' <Predicate = (!icmp_ln101 & and_ln118)> <Delay = 2.32> <CoreInst = "FIFO_SRL">   --->   Core 81 'FIFO_SRL' <Latency = 0> <II = 1> <Delay = 2.32> <Storage> <Opcode : 'read' 'write' 'nbread' 'nbwrite'> <Ports = 0> <Width = 8> <Depth = 64> <FIFO>

State 32 <SV = 31> <Delay = 7.25>
ST_32 : Operation 627 [1/1] (2.32ns)   --->   "%s_conv2_read_60 = read i8 @_ssdm_op_Read.ap_fifo.volatile.i8P0A, i8 %s_conv2" [vgg_accelerator.cpp:108]   --->   Operation 627 'read' 's_conv2_read_60' <Predicate = (!icmp_ln101 & !and_ln118)> <Delay = 2.32> <CoreInst = "FIFO_SRL">   --->   Core 81 'FIFO_SRL' <Latency = 0> <II = 1> <Delay = 2.32> <Storage> <Opcode : 'read' 'write' 'nbread' 'nbwrite'> <Ports = 0> <Width = 8> <Depth = 64> <FIFO>
ST_32 : Operation 628 [1/1] (0.79ns)   --->   "%store_ln114 = store i8 %s_conv2_read_60, i4 %p_ZZ8max_poolILi32ELi16EEvRN3hls6streamI8ap_fixedILi8ELi4EL9ap_q_mode0EL9ap_o_mod_62" [vgg_accelerator.cpp:114]   --->   Operation 628 'store' 'store_ln114' <Predicate = (!icmp_ln101 & !and_ln118)> <Delay = 0.79> <CoreInst = "RAM">   --->   Core 83 'RAM' <Latency = 1> <II = 1> <Delay = 0.79> <Storage> <Opcode : 'load' 'store'> <Ports = 2> <Width = 8> <Depth = 16> <RAM>
ST_32 : Operation 629 [1/1] (0.00ns)   --->   "%p_0_0_033_30258_i_load = load i8 %p_0_0_033_30258_i" [vgg_accelerator.cpp:119]   --->   Operation 629 'load' 'p_0_0_033_30258_i_load' <Predicate = (!icmp_ln101 & and_ln118)> <Delay = 0.00>
ST_32 : Operation 630 [1/1] (0.00ns)   --->   "%p_0_0_032_30259_i_load = load i8 %p_0_0_032_30259_i" [vgg_accelerator.cpp:120]   --->   Operation 630 'load' 'p_0_0_032_30259_i_load' <Predicate = (!icmp_ln101 & and_ln118)> <Delay = 0.00>
ST_32 : Operation 631 [1/1] (2.32ns)   --->   "%s_conv2_read_29 = read i8 @_ssdm_op_Read.ap_fifo.volatile.i8P0A, i8 %s_conv2" [vgg_accelerator.cpp:108]   --->   Operation 631 'read' 's_conv2_read_29' <Predicate = (!icmp_ln101 & and_ln118)> <Delay = 2.32> <CoreInst = "FIFO_SRL">   --->   Core 81 'FIFO_SRL' <Latency = 0> <II = 1> <Delay = 2.32> <Storage> <Opcode : 'read' 'write' 'nbread' 'nbwrite'> <Ports = 0> <Width = 8> <Depth = 64> <FIFO>
ST_32 : Operation 632 [1/1] (0.79ns)   --->   "%store_ln114 = store i8 %s_conv2_read_29, i4 %p_ZZ8max_poolILi32ELi16EEvRN3hls6streamI8ap_fixedILi8ELi4EL9ap_q_mode0EL9ap_o_mod_106" [vgg_accelerator.cpp:114]   --->   Operation 632 'store' 'store_ln114' <Predicate = (!icmp_ln101 & and_ln118)> <Delay = 0.79> <CoreInst = "RAM">   --->   Core 83 'RAM' <Latency = 1> <II = 1> <Delay = 0.79> <Storage> <Opcode : 'load' 'store'> <Ports = 2> <Width = 8> <Depth = 16> <RAM>
ST_32 : Operation 633 [1/1] (1.30ns)   --->   "%max_0_V_93 = call i8 @max_val, i8 %p_0_0_033_30258_i_load, i8 %p_ZZ8max_poolILi32ELi16EEvRN3hls6streamI8ap_fixedILi8ELi4EL9ap_q_mode0EL9ap_o_mod_107" [vgg_accelerator.cpp:119]   --->   Operation 633 'call' 'max_0_V_93' <Predicate = (!icmp_ln101 & and_ln118)> <Delay = 1.30> <CoreType = "Generic">   --->   Core 0 '' <Latency = 0> <II = 1> <Delay = 1.00> <Generic> <Opcode : >
ST_32 : Operation 634 [1/1] (1.30ns)   --->   "%max_1_V_93 = call i8 @max_val, i8 %p_0_0_032_30259_i_load, i8 %s_conv2_read_29" [vgg_accelerator.cpp:120]   --->   Operation 634 'call' 'max_1_V_93' <Predicate = (!icmp_ln101 & and_ln118)> <Delay = 1.30> <CoreType = "Generic">   --->   Core 0 '' <Latency = 0> <II = 1> <Delay = 1.00> <Generic> <Opcode : >
ST_32 : Operation 635 [1/1] (1.30ns)   --->   "%ref_tmp_assign_32_i = call i8 @max_val, i8 %max_0_V_93, i8 %max_1_V_93" [vgg_accelerator.cpp:121]   --->   Operation 635 'call' 'ref_tmp_assign_32_i' <Predicate = (!icmp_ln101 & and_ln118)> <Delay = 1.30> <CoreType = "Generic">   --->   Core 0 '' <Latency = 0> <II = 1> <Delay = 1.00> <Generic> <Opcode : >
ST_32 : Operation 636 [1/1] (2.32ns)   --->   "%write_ln121 = write void @_ssdm_op_Write.ap_fifo.volatile.i8P0A, i8 %s_pool2, i8 %ref_tmp_assign_32_i" [vgg_accelerator.cpp:121]   --->   Operation 636 'write' 'write_ln121' <Predicate = (!icmp_ln101 & and_ln118)> <Delay = 2.32> <CoreInst = "FIFO_SRL">   --->   Core 81 'FIFO_SRL' <Latency = 0> <II = 1> <Delay = 2.32> <Storage> <Opcode : 'read' 'write' 'nbread' 'nbwrite'> <Ports = 0> <Width = 8> <Depth = 64> <FIFO>

State 33 <SV = 32> <Delay = 7.25>
ST_33 : Operation 637 [1/1] (2.32ns)   --->   "%s_conv2_read_61 = read i8 @_ssdm_op_Read.ap_fifo.volatile.i8P0A, i8 %s_conv2" [vgg_accelerator.cpp:108]   --->   Operation 637 'read' 's_conv2_read_61' <Predicate = (!icmp_ln101 & !and_ln118)> <Delay = 2.32> <CoreInst = "FIFO_SRL">   --->   Core 81 'FIFO_SRL' <Latency = 0> <II = 1> <Delay = 2.32> <Storage> <Opcode : 'read' 'write' 'nbread' 'nbwrite'> <Ports = 0> <Width = 8> <Depth = 64> <FIFO>
ST_33 : Operation 638 [1/1] (0.79ns)   --->   "%store_ln114 = store i8 %s_conv2_read_61, i4 %p_ZZ8max_poolILi32ELi16EEvRN3hls6streamI8ap_fixedILi8ELi4EL9ap_q_mode0EL9ap_o_mod_64" [vgg_accelerator.cpp:114]   --->   Operation 638 'store' 'store_ln114' <Predicate = (!icmp_ln101 & !and_ln118)> <Delay = 0.79> <CoreInst = "RAM">   --->   Core 83 'RAM' <Latency = 1> <II = 1> <Delay = 0.79> <Storage> <Opcode : 'load' 'store'> <Ports = 2> <Width = 8> <Depth = 16> <RAM>
ST_33 : Operation 639 [1/1] (0.48ns)   --->   "%br_ln118 = br void %for.inc.31.i" [vgg_accelerator.cpp:118]   --->   Operation 639 'br' 'br_ln118' <Predicate = (!icmp_ln101 & !and_ln118)> <Delay = 0.48>
ST_33 : Operation 640 [1/1] (0.00ns)   --->   "%p_0_0_033_31260_i_load = load i8 %p_0_0_033_31260_i" [vgg_accelerator.cpp:119]   --->   Operation 640 'load' 'p_0_0_033_31260_i_load' <Predicate = (!icmp_ln101 & and_ln118)> <Delay = 0.00>
ST_33 : Operation 641 [1/1] (0.00ns)   --->   "%p_0_0_032_31261_i_load = load i8 %p_0_0_032_31261_i" [vgg_accelerator.cpp:120]   --->   Operation 641 'load' 'p_0_0_032_31261_i_load' <Predicate = (!icmp_ln101 & and_ln118)> <Delay = 0.00>
ST_33 : Operation 642 [1/1] (2.32ns)   --->   "%s_conv2_read_30 = read i8 @_ssdm_op_Read.ap_fifo.volatile.i8P0A, i8 %s_conv2" [vgg_accelerator.cpp:108]   --->   Operation 642 'read' 's_conv2_read_30' <Predicate = (!icmp_ln101 & and_ln118)> <Delay = 2.32> <CoreInst = "FIFO_SRL">   --->   Core 81 'FIFO_SRL' <Latency = 0> <II = 1> <Delay = 2.32> <Storage> <Opcode : 'read' 'write' 'nbread' 'nbwrite'> <Ports = 0> <Width = 8> <Depth = 64> <FIFO>
ST_33 : Operation 643 [1/1] (0.79ns)   --->   "%store_ln114 = store i8 %s_conv2_read_30, i4 %p_ZZ8max_poolILi32ELi16EEvRN3hls6streamI8ap_fixedILi8ELi4EL9ap_q_mode0EL9ap_o_mod_108" [vgg_accelerator.cpp:114]   --->   Operation 643 'store' 'store_ln114' <Predicate = (!icmp_ln101 & and_ln118)> <Delay = 0.79> <CoreInst = "RAM">   --->   Core 83 'RAM' <Latency = 1> <II = 1> <Delay = 0.79> <Storage> <Opcode : 'load' 'store'> <Ports = 2> <Width = 8> <Depth = 16> <RAM>
ST_33 : Operation 644 [1/1] (1.30ns)   --->   "%max_0_V_94 = call i8 @max_val, i8 %p_0_0_033_31260_i_load, i8 %p_ZZ8max_poolILi32ELi16EEvRN3hls6streamI8ap_fixedILi8ELi4EL9ap_q_mode0EL9ap_o_mod_109" [vgg_accelerator.cpp:119]   --->   Operation 644 'call' 'max_0_V_94' <Predicate = (!icmp_ln101 & and_ln118)> <Delay = 1.30> <CoreType = "Generic">   --->   Core 0 '' <Latency = 0> <II = 1> <Delay = 1.00> <Generic> <Opcode : >
ST_33 : Operation 645 [1/1] (1.30ns)   --->   "%max_1_V_94 = call i8 @max_val, i8 %p_0_0_032_31261_i_load, i8 %s_conv2_read_30" [vgg_accelerator.cpp:120]   --->   Operation 645 'call' 'max_1_V_94' <Predicate = (!icmp_ln101 & and_ln118)> <Delay = 1.30> <CoreType = "Generic">   --->   Core 0 '' <Latency = 0> <II = 1> <Delay = 1.00> <Generic> <Opcode : >
ST_33 : Operation 646 [1/1] (1.30ns)   --->   "%ref_tmp_assign_31_i = call i8 @max_val, i8 %max_0_V_94, i8 %max_1_V_94" [vgg_accelerator.cpp:121]   --->   Operation 646 'call' 'ref_tmp_assign_31_i' <Predicate = (!icmp_ln101 & and_ln118)> <Delay = 1.30> <CoreType = "Generic">   --->   Core 0 '' <Latency = 0> <II = 1> <Delay = 1.00> <Generic> <Opcode : >
ST_33 : Operation 647 [1/1] (2.32ns)   --->   "%write_ln121 = write void @_ssdm_op_Write.ap_fifo.volatile.i8P0A, i8 %s_pool2, i8 %ref_tmp_assign_31_i" [vgg_accelerator.cpp:121]   --->   Operation 647 'write' 'write_ln121' <Predicate = (!icmp_ln101 & and_ln118)> <Delay = 2.32> <CoreInst = "FIFO_SRL">   --->   Core 81 'FIFO_SRL' <Latency = 0> <II = 1> <Delay = 2.32> <Storage> <Opcode : 'read' 'write' 'nbread' 'nbwrite'> <Ports = 0> <Width = 8> <Depth = 64> <FIFO>
ST_33 : Operation 648 [1/1] (0.48ns)   --->   "%br_ln122 = br void %for.inc.31.i" [vgg_accelerator.cpp:122]   --->   Operation 648 'br' 'br_ln122' <Predicate = (!icmp_ln101 & and_ln118)> <Delay = 0.48>
ST_33 : Operation 649 [1/1] (0.00ns)   --->   "%p_0_0_031_311475_i = phi i8 %s_conv2_read_61, void %for.inc.30.thread.i, i8 %s_conv2_read_30, void %if.then.31.i" [vgg_accelerator.cpp:108]   --->   Operation 649 'phi' 'p_0_0_031_311475_i' <Predicate = true> <Delay = 0.00>
ST_33 : Operation 650 [1/1] (0.00ns)   --->   "%p_0_0_030_311474_i = phi i8 %p_ZZ8max_poolILi32ELi16EEvRN3hls6streamI8ap_fixedILi8ELi4EL9ap_q_mode0EL9ap_o_mod_65, void %for.inc.30.thread.i, i8 %p_ZZ8max_poolILi32ELi16EEvRN3hls6streamI8ap_fixedILi8ELi4EL9ap_q_mode0EL9ap_o_mod_109, void %if.then.31.i" [vgg_accelerator.cpp:115]   --->   Operation 650 'phi' 'p_0_0_030_311474_i' <Predicate = true> <Delay = 0.00>
ST_33 : Operation 651 [1/1] (0.00ns)   --->   "%p_0_0_031_29134713511473_i = phi i8 %s_conv2_read_59, void %for.inc.30.thread.i, i8 %s_conv2_read_28, void %if.then.31.i" [vgg_accelerator.cpp:108]   --->   Operation 651 'phi' 'p_0_0_031_29134713511473_i' <Predicate = true> <Delay = 0.00>
ST_33 : Operation 652 [1/1] (0.00ns)   --->   "%p_0_0_030_29134613521472_i = phi i8 %p_ZZ8max_poolILi32ELi16EEvRN3hls6streamI8ap_fixedILi8ELi4EL9ap_q_mode0EL9ap_o_mod_61, void %for.inc.30.thread.i, i8 %p_ZZ8max_poolILi32ELi16EEvRN3hls6streamI8ap_fixedILi8ELi4EL9ap_q_mode0EL9ap_o_mod_105, void %if.then.31.i" [vgg_accelerator.cpp:115]   --->   Operation 652 'phi' 'p_0_0_030_29134613521472_i' <Predicate = true> <Delay = 0.00>
ST_33 : Operation 653 [1/1] (0.00ns)   --->   "%p_0_0_031_2712271231134513531471_i = phi i8 %s_conv2_read_57, void %for.inc.30.thread.i, i8 %s_conv2_read_26, void %if.then.31.i" [vgg_accelerator.cpp:108]   --->   Operation 653 'phi' 'p_0_0_031_2712271231134513531471_i' <Predicate = true> <Delay = 0.00>
ST_33 : Operation 654 [1/1] (0.00ns)   --->   "%p_0_0_030_2712261232134413541470_i = phi i8 %p_ZZ8max_poolILi32ELi16EEvRN3hls6streamI8ap_fixedILi8ELi4EL9ap_q_mode0EL9ap_o_mod_57, void %for.inc.30.thread.i, i8 %p_ZZ8max_poolILi32ELi16EEvRN3hls6streamI8ap_fixedILi8ELi4EL9ap_q_mode0EL9ap_o_mod_101, void %if.then.31.i" [vgg_accelerator.cpp:115]   --->   Operation 654 'phi' 'p_0_0_030_2712261232134413541470_i' <Predicate = true> <Delay = 0.00>
ST_33 : Operation 655 [1/1] (0.00ns)   --->   "%p_0_0_031_251115111912251233134313551469_i = phi i8 %s_conv2_read_55, void %for.inc.30.thread.i, i8 %s_conv2_read_24, void %if.then.31.i" [vgg_accelerator.cpp:108]   --->   Operation 655 'phi' 'p_0_0_031_251115111912251233134313551469_i' <Predicate = true> <Delay = 0.00>
ST_33 : Operation 656 [1/1] (0.00ns)   --->   "%p_0_0_030_251114112012241234134213561468_i = phi i8 %p_ZZ8max_poolILi32ELi16EEvRN3hls6streamI8ap_fixedILi8ELi4EL9ap_q_mode0EL9ap_o_mod_53, void %for.inc.30.thread.i, i8 %p_ZZ8max_poolILi32ELi16EEvRN3hls6streamI8ap_fixedILi8ELi4EL9ap_q_mode0EL9ap_o_mod_97, void %if.then.31.i" [vgg_accelerator.cpp:115]   --->   Operation 656 'phi' 'p_0_0_030_251114112012241234134213561468_i' <Predicate = true> <Delay = 0.00>
ST_33 : Operation 657 [1/1] (0.00ns)   --->   "%p_0_0_031_23101110151113112112231235134113571467_i = phi i8 %s_conv2_read_53, void %for.inc.30.thread.i, i8 %s_conv2_read_22, void %if.then.31.i" [vgg_accelerator.cpp:108]   --->   Operation 657 'phi' 'p_0_0_031_23101110151113112112231235134113571467_i' <Predicate = true> <Delay = 0.00>
ST_33 : Operation 658 [1/1] (0.00ns)   --->   "%p_0_0_030_23101010161112112212221236134013581466_i = phi i8 %p_ZZ8max_poolILi32ELi16EEvRN3hls6streamI8ap_fixedILi8ELi4EL9ap_q_mode0EL9ap_o_mod_49, void %for.inc.30.thread.i, i8 %p_ZZ8max_poolILi32ELi16EEvRN3hls6streamI8ap_fixedILi8ELi4EL9ap_q_mode0EL9ap_o_mod_93, void %if.then.31.i" [vgg_accelerator.cpp:115]   --->   Operation 658 'phi' 'p_0_0_030_23101010161112112212221236134013581466_i' <Predicate = true> <Delay = 0.00>
ST_33 : Operation 659 [1/1] (0.00ns)   --->   "%p_0_0_031_21915919100910171111112312211237133913591465_i = phi i8 %s_conv2_read_51, void %for.inc.30.thread.i, i8 %s_conv2_read_20, void %if.then.31.i" [vgg_accelerator.cpp:108]   --->   Operation 659 'phi' 'p_0_0_031_21915919100910171111112312211237133913591465_i' <Predicate = true> <Delay = 0.00>
ST_33 : Operation 660 [1/1] (0.00ns)   --->   "%p_0_0_030_21914920100810181110112412201238133813601464_i = phi i8 %p_ZZ8max_poolILi32ELi16EEvRN3hls6streamI8ap_fixedILi8ELi4EL9ap_q_mode0EL9ap_o_mod_45, void %for.inc.30.thread.i, i8 %p_ZZ8max_poolILi32ELi16EEvRN3hls6streamI8ap_fixedILi8ELi4EL9ap_q_mode0EL9ap_o_mod_89, void %if.then.31.i" [vgg_accelerator.cpp:115]   --->   Operation 660 'phi' 'p_0_0_030_21914920100810181110112412201238133813601464_i' <Predicate = true> <Delay = 0.00>
ST_33 : Operation 661 [1/1] (0.00ns)   --->   "%p_0_0_031_19827831913921100710191109112512191239133713611463_i = phi i8 %s_conv2_read_49, void %for.inc.30.thread.i, i8 %s_conv2_read_18, void %if.then.31.i" [vgg_accelerator.cpp:108]   --->   Operation 661 'phi' 'p_0_0_031_19827831913921100710191109112512191239133713611463_i' <Predicate = true> <Delay = 0.00>
ST_33 : Operation 662 [1/1] (0.00ns)   --->   "%p_0_0_030_19826832912922100610201108112612181240133613621462_i = phi i8 %p_ZZ8max_poolILi32ELi16EEvRN3hls6streamI8ap_fixedILi8ELi4EL9ap_q_mode0EL9ap_o_mod_41, void %for.inc.30.thread.i, i8 %p_ZZ8max_poolILi32ELi16EEvRN3hls6streamI8ap_fixedILi8ELi4EL9ap_q_mode0EL9ap_o_mod_85, void %if.then.31.i" [vgg_accelerator.cpp:115]   --->   Operation 662 'phi' 'p_0_0_030_19826832912922100610201108112612181240133613621462_i' <Predicate = true> <Delay = 0.00>
ST_33 : Operation 663 [1/1] (0.00ns)   --->   "%p_0_0_031_17747751825833911923100510211107112712171241133513631461_i = phi i8 %s_conv2_read_47, void %for.inc.30.thread.i, i8 %s_conv2_read_16, void %if.then.31.i" [vgg_accelerator.cpp:108]   --->   Operation 663 'phi' 'p_0_0_031_17747751825833911923100510211107112712171241133513631461_i' <Predicate = true> <Delay = 0.00>
ST_33 : Operation 664 [1/1] (0.00ns)   --->   "%p_0_0_030_17746752824834910924100410221106112812161242133413641460_i = phi i8 %p_ZZ8max_poolILi32ELi16EEvRN3hls6streamI8ap_fixedILi8ELi4EL9ap_q_mode0EL9ap_o_mod_37, void %for.inc.30.thread.i, i8 %p_ZZ8max_poolILi32ELi16EEvRN3hls6streamI8ap_fixedILi8ELi4EL9ap_q_mode0EL9ap_o_mod_81, void %if.then.31.i" [vgg_accelerator.cpp:115]   --->   Operation 664 'phi' 'p_0_0_030_17746752824834910924100410221106112812161242133413641460_i' <Predicate = true> <Delay = 0.00>
ST_33 : Operation 665 [1/1] (0.00ns)   --->   "%p_0_0_031_15675679745753823835909925100310231105112912151243133313651459_i = phi i8 %s_conv2_read_45, void %for.inc.30.thread.i, i8 %s_conv2_read_14, void %if.then.31.i" [vgg_accelerator.cpp:108]   --->   Operation 665 'phi' 'p_0_0_031_15675679745753823835909925100310231105112912151243133313651459_i' <Predicate = true> <Delay = 0.00>
ST_33 : Operation 666 [1/1] (0.00ns)   --->   "%p_0_0_030_15674680744754822836908926100210241104113012141244133213661458_i = phi i8 %p_ZZ8max_poolILi32ELi16EEvRN3hls6streamI8ap_fixedILi8ELi4EL9ap_q_mode0EL9ap_o_mod_33, void %for.inc.30.thread.i, i8 %p_ZZ8max_poolILi32ELi16EEvRN3hls6streamI8ap_fixedILi8ELi4EL9ap_q_mode0EL9ap_o_mod_77, void %if.then.31.i" [vgg_accelerator.cpp:115]   --->   Operation 666 'phi' 'p_0_0_030_15674680744754822836908926100210241104113012141244133213661458_i' <Predicate = true> <Delay = 0.00>
ST_33 : Operation 667 [1/1] (0.00ns)   --->   "%p_0_0_031_13611615673681743755821837907927100110251103113112131245133113671457_i = phi i8 %s_conv2_read_43, void %for.inc.30.thread.i, i8 %s_conv2_read_12, void %if.then.31.i" [vgg_accelerator.cpp:108]   --->   Operation 667 'phi' 'p_0_0_031_13611615673681743755821837907927100110251103113112131245133113671457_i' <Predicate = true> <Delay = 0.00>
ST_33 : Operation 668 [1/1] (0.00ns)   --->   "%p_0_0_030_13610616672682742756820838906928100010261102113212121246133013681456_i = phi i8 %p_ZZ8max_poolILi32ELi16EEvRN3hls6streamI8ap_fixedILi8ELi4EL9ap_q_mode0EL9ap_o_mod_29, void %for.inc.30.thread.i, i8 %p_ZZ8max_poolILi32ELi16EEvRN3hls6streamI8ap_fixedILi8ELi4EL9ap_q_mode0EL9ap_o_mod_73, void %if.then.31.i" [vgg_accelerator.cpp:115]   --->   Operation 668 'phi' 'p_0_0_030_13610616672682742756820838906928100010261102113212121246133013681456_i' <Predicate = true> <Delay = 0.00>
ST_33 : Operation 669 [1/1] (0.00ns)   --->   "%p_0_0_031_11555559609617671683741757819839905929999102711011133121112471329136914 = phi i8 %s_conv2_read_41, void %for.inc.30.thread.i, i8 %s_conv2_read_10, void %if.then.31.i" [vgg_accelerator.cpp:108]   --->   Operation 669 'phi' 'p_0_0_031_11555559609617671683741757819839905929999102711011133121112471329136914' <Predicate = true> <Delay = 0.00>
ST_33 : Operation 670 [1/1] (0.00ns)   --->   "%p_0_0_030_11554560608618670684740758818840904930998102811001134121012481328137014 = phi i8 %p_ZZ8max_poolILi32ELi16EEvRN3hls6streamI8ap_fixedILi8ELi4EL9ap_q_mode0EL9ap_o_mod_25, void %for.inc.30.thread.i, i8 %p_ZZ8max_poolILi32ELi16EEvRN3hls6streamI8ap_fixedILi8ELi4EL9ap_q_mode0EL9ap_o_mod_69, void %if.then.31.i" [vgg_accelerator.cpp:115]   --->   Operation 670 'phi' 'p_0_0_030_11554560608618670684740758818840904930998102811001134121012481328137014' <Predicate = true> <Delay = 0.00>
ST_33 : Operation 671 [1/1] (0.00ns)   --->   "%p_0_0_031_95075115535616076196696857397598178419039319971029109911351209124913271 = phi i8 %s_conv2_read_39, void %for.inc.30.thread.i, i8 %s_conv2_read_8, void %if.then.31.i" [vgg_accelerator.cpp:108]   --->   Operation 671 'phi' 'p_0_0_031_95075115535616076196696857397598178419039319971029109911351209124913271' <Predicate = true> <Delay = 0.00>
ST_33 : Operation 672 [1/1] (0.00ns)   --->   "%p_0_0_030_95065125525626066206686867387608168429029329961030109811361208125013261 = phi i8 %void_max_pool_stream_stream_ap_fixed_8_4_0_0_0_0_pool_buff_10_load_1, void %for.inc.30.thread.i, i8 %void_max_pool_stream_stream_ap_fixed_8_4_0_0_0_0_pool_buff_10_load, void %if.then.31.i" [vgg_accelerator.cpp:115]   --->   Operation 672 'phi' 'p_0_0_030_95065125525626066206686867387608168429029329961030109811361208125013261' <Predicate = true> <Delay = 0.00>
ST_33 : Operation 673 [1/1] (0.00ns)   --->   "%p_0_0_031_74674715055135515636056216676877377618158439019339951031109711371207125 = phi i8 %s_conv2_read_37, void %for.inc.30.thread.i, i8 %s_conv2_read_6, void %if.then.31.i" [vgg_accelerator.cpp:108]   --->   Operation 673 'phi' 'p_0_0_031_74674715055135515636056216676877377618158439019339951031109711371207125' <Predicate = true> <Delay = 0.00>
ST_33 : Operation 674 [1/1] (0.00ns)   --->   "%p_0_0_030_74664725045145505646046226666887367628148449009349941032109611381206125 = phi i8 %void_max_pool_stream_stream_ap_fixed_8_4_0_0_0_0_pool_buff_12_load_1, void %for.inc.30.thread.i, i8 %void_max_pool_stream_stream_ap_fixed_8_4_0_0_0_0_pool_buff_12_load, void %if.then.31.i" [vgg_accelerator.cpp:115]   --->   Operation 674 'phi' 'p_0_0_030_74664725045145505646046226666887367628148449009349941032109611381206125' <Predicate = true> <Delay = 0.00>
ST_33 : Operation 675 [1/1] (0.00ns)   --->   "%p_0_0_031_54354394654735035155495656036236656897357638138458999359931033109511391 = phi i8 %s_conv2_read_35, void %for.inc.30.thread.i, i8 %s_conv2_read_4, void %if.then.31.i" [vgg_accelerator.cpp:108]   --->   Operation 675 'phi' 'p_0_0_031_54354394654735035155495656036236656897357638138458999359931033109511391' <Predicate = true> <Delay = 0.00>
ST_33 : Operation 676 [1/1] (0.00ns)   --->   "%p_0_0_030_54344404644745025165485666026246646907347648128468989369921034109411401 = phi i8 %void_max_pool_stream_stream_ap_fixed_8_4_0_0_0_0_pool_buff_14_load_1, void %for.inc.30.thread.i, i8 %void_max_pool_stream_stream_ap_fixed_8_4_0_0_0_0_pool_buff_14_load, void %if.then.31.i" [vgg_accelerator.cpp:115]   --->   Operation 676 'phi' 'p_0_0_030_54344404644745025165485666026246646907347648128468989369921034109411401' <Predicate = true> <Delay = 0.00>
ST_33 : Operation 677 [1/1] (0.00ns)   --->   "%p_0_0_031_34114154334414634755015175475676016256636917337658118478979379911035109 = phi i8 %s_conv2_read_33, void %for.inc.30.thread.i, i8 %s_conv2_read_2, void %if.then.31.i" [vgg_accelerator.cpp:108]   --->   Operation 677 'phi' 'p_0_0_031_34114154334414634755015175475676016256636917337658118478979379911035109' <Predicate = true> <Delay = 0.00>
ST_33 : Operation 678 [1/1] (0.00ns)   --->   "%p_0_0_030_34104164324424624765005185465686006266626927327668108488969389901036109 = phi i8 %void_max_pool_stream_stream_ap_fixed_8_4_0_0_0_0_pool_buff_16_load_1, void %for.inc.30.thread.i, i8 %void_max_pool_stream_stream_ap_fixed_8_4_0_0_0_0_pool_buff_16_load, void %if.then.31.i" [vgg_accelerator.cpp:115]   --->   Operation 678 'phi' 'p_0_0_030_34104164324424624765005185465686006266626927327668108488969389901036109' <Predicate = true> <Delay = 0.00>
ST_33 : Operation 679 [1/1] (0.00ns)   --->   "%p_0_0_031_13953994094174314434614774995195455695996276616937317678098498959399891 = phi i8 %s_conv2_read_31, void %for.inc.30.thread.i, i8 %s_conv2_read, void %if.then.31.i" [vgg_accelerator.cpp:108]   --->   Operation 679 'phi' 'p_0_0_031_13953994094174314434614774995195455695996276616937317678098498959399891' <Predicate = true> <Delay = 0.00>
ST_33 : Operation 680 [1/1] (0.00ns)   --->   "%p_0_0_030_13944004084184304444604784985205445705986286606947307688088508949409881 = phi i8 %void_max_pool_stream_stream_ap_fixed_8_4_0_0_0_0_pool_buff_18_load_1, void %for.inc.30.thread.i, i8 %void_max_pool_stream_stream_ap_fixed_8_4_0_0_0_0_pool_buff_18_load, void %if.then.31.i" [vgg_accelerator.cpp:115]   --->   Operation 680 'phi' 'p_0_0_030_13944004084184304444604784985205445705986286606947307688088508949409881' <Predicate = true> <Delay = 0.00>
ST_33 : Operation 681 [1/1] (0.00ns)   --->   "%p_0_0_030_24014074194294454594794975215435715976296596957297698078518939419871039 = phi i8 %void_max_pool_stream_stream_ap_fixed_8_4_0_0_0_0_pool_buff_17_load_1, void %for.inc.30.thread.i, i8 %void_max_pool_stream_stream_ap_fixed_8_4_0_0_0_0_pool_buff_17_load, void %if.then.31.i" [vgg_accelerator.cpp:115]   --->   Operation 681 'phi' 'p_0_0_030_24014074194294454594794975215435715976296596957297698078518939419871039' <Predicate = true> <Delay = 0.00>
ST_33 : Operation 682 [1/1] (0.00ns)   --->   "%p_0_0_031_24024064204284464584804965225425725966306586967287708068528929429861040 = phi i8 %s_conv2_read_32, void %for.inc.30.thread.i, i8 %s_conv2_read_1, void %if.then.31.i" [vgg_accelerator.cpp:108]   --->   Operation 682 'phi' 'p_0_0_031_24024064204284464584804965225425725966306586967287708068528929429861040' <Predicate = true> <Delay = 0.00>
ST_33 : Operation 683 [1/1] (0.00ns)   --->   "%p_0_0_030_44214274474574814955235415735956316576977277718058538919439851041108711 = phi i8 %void_max_pool_stream_stream_ap_fixed_8_4_0_0_0_0_pool_buff_15_load_1, void %for.inc.30.thread.i, i8 %void_max_pool_stream_stream_ap_fixed_8_4_0_0_0_0_pool_buff_15_load, void %if.then.31.i" [vgg_accelerator.cpp:115]   --->   Operation 683 'phi' 'p_0_0_030_44214274474574814955235415735956316576977277718058538919439851041108711' <Predicate = true> <Delay = 0.00>
ST_33 : Operation 684 [1/1] (0.00ns)   --->   "%p_0_0_031_44224264484564824945245405745946326566987267728048548909449841042108611 = phi i8 %s_conv2_read_34, void %for.inc.30.thread.i, i8 %s_conv2_read_3, void %if.then.31.i" [vgg_accelerator.cpp:108]   --->   Operation 684 'phi' 'p_0_0_031_44224264484564824945245405745946326566987267728048548909449841042108611' <Predicate = true> <Delay = 0.00>
ST_33 : Operation 685 [1/1] (0.00ns)   --->   "%p_0_0_030_64494554834935255395755936336556997257738038558899459831043108511491195 = phi i8 %void_max_pool_stream_stream_ap_fixed_8_4_0_0_0_0_pool_buff_13_load_1, void %for.inc.30.thread.i, i8 %void_max_pool_stream_stream_ap_fixed_8_4_0_0_0_0_pool_buff_13_load, void %if.then.31.i" [vgg_accelerator.cpp:115]   --->   Operation 685 'phi' 'p_0_0_030_64494554834935255395755936336556997257738038558899459831043108511491195' <Predicate = true> <Delay = 0.00>
ST_33 : Operation 686 [1/1] (0.00ns)   --->   "%p_0_0_031_64504544844925265385765926346547007247748028568889469821044108411501194 = phi i8 %s_conv2_read_36, void %for.inc.30.thread.i, i8 %s_conv2_read_5, void %if.then.31.i" [vgg_accelerator.cpp:108]   --->   Operation 686 'phi' 'p_0_0_031_64504544844925265385765926346547007247748028568889469821044108411501194' <Predicate = true> <Delay = 0.00>
ST_33 : Operation 687 [1/1] (0.00ns)   --->   "%p_0_0_030_84854915275375775916356537017237758018578879479811045108311511193126513 = phi i8 %void_max_pool_stream_stream_ap_fixed_8_4_0_0_0_0_pool_buff_11_load_1, void %for.inc.30.thread.i, i8 %void_max_pool_stream_stream_ap_fixed_8_4_0_0_0_0_pool_buff_11_load, void %if.then.31.i" [vgg_accelerator.cpp:115]   --->   Operation 687 'phi' 'p_0_0_030_84854915275375775916356537017237758018578879479811045108311511193126513' <Predicate = true> <Delay = 0.00>
ST_33 : Operation 688 [1/1] (0.00ns)   --->   "%p_0_0_031_84864905285365785906366527027227768008588869489801046108211521192126613 = phi i8 %s_conv2_read_38, void %for.inc.30.thread.i, i8 %s_conv2_read_7, void %if.then.31.i" [vgg_accelerator.cpp:108]   --->   Operation 688 'phi' 'p_0_0_031_84864905285365785906366527027227768008588869489801046108211521192126613' <Predicate = true> <Delay = 0.00>
ST_33 : Operation 689 [1/1] (0.00ns)   --->   "%p_0_0_030_10529535579589637651703721777799859885949979104710811153119112671309138 = phi i8 %p_ZZ8max_poolILi32ELi16EEvRN3hls6streamI8ap_fixedILi8ELi4EL9ap_q_mode0EL9ap_o_mod_23, void %for.inc.30.thread.i, i8 %p_ZZ8max_poolILi32ELi16EEvRN3hls6streamI8ap_fixedILi8ELi4EL9ap_q_mode0EL9ap_o_mod_67, void %if.then.31.i" [vgg_accelerator.cpp:115]   --->   Operation 689 'phi' 'p_0_0_030_10529535579589637651703721777799859885949979104710811153119112671309138' <Predicate = true> <Delay = 0.00>
ST_33 : Operation 690 [1/1] (0.00ns)   --->   "%p_0_0_031_10530534580588638650704720778798860884950978104810801154119012681308139 = phi i8 %s_conv2_read_40, void %for.inc.30.thread.i, i8 %s_conv2_read_9, void %if.then.31.i" [vgg_accelerator.cpp:108]   --->   Operation 690 'phi' 'p_0_0_031_10530534580588638650704720778798860884950978104810801154119012681308139' <Predicate = true> <Delay = 0.00>
ST_33 : Operation 691 [1/1] (0.00ns)   --->   "%p_0_0_030_1258158763964970571977979786188395197710491079115511891269130713911433_s = phi i8 %p_ZZ8max_poolILi32ELi16EEvRN3hls6streamI8ap_fixedILi8ELi4EL9ap_q_mode0EL9ap_o_mod_27, void %for.inc.30.thread.i, i8 %p_ZZ8max_poolILi32ELi16EEvRN3hls6streamI8ap_fixedILi8ELi4EL9ap_q_mode0EL9ap_o_mod_71, void %if.then.31.i" [vgg_accelerator.cpp:115]   --->   Operation 691 'phi' 'p_0_0_030_1258158763964970571977979786188395197710491079115511891269130713911433_s' <Predicate = true> <Delay = 0.00>
ST_33 : Operation 692 [1/1] (0.00ns)   --->   "%p_0_0_031_1258258664064870671878079686288295297610501078115611881270130613921432_s = phi i8 %s_conv2_read_42, void %for.inc.30.thread.i, i8 %s_conv2_read_11, void %if.then.31.i" [vgg_accelerator.cpp:108]   --->   Operation 692 'phi' 'p_0_0_031_1258258664064870671878079686288295297610501078115611881270130613921432_s' <Predicate = true> <Delay = 0.00>
ST_33 : Operation 693 [1/1] (0.00ns)   --->   "%p_0_0_030_1464164770771778179586388195397510511077115711871271130513931431_i = phi i8 %p_ZZ8max_poolILi32ELi16EEvRN3hls6streamI8ap_fixedILi8ELi4EL9ap_q_mode0EL9ap_o_mod_31, void %for.inc.30.thread.i, i8 %p_ZZ8max_poolILi32ELi16EEvRN3hls6streamI8ap_fixedILi8ELi4EL9ap_q_mode0EL9ap_o_mod_75, void %if.then.31.i" [vgg_accelerator.cpp:115]   --->   Operation 693 'phi' 'p_0_0_030_1464164770771778179586388195397510511077115711871271130513931431_i' <Predicate = true> <Delay = 0.00>
ST_33 : Operation 694 [1/1] (0.00ns)   --->   "%p_0_0_031_1464264670871678279486488095497410521076115811861272130413941430_i = phi i8 %s_conv2_read_44, void %for.inc.30.thread.i, i8 %s_conv2_read_13, void %if.then.31.i" [vgg_accelerator.cpp:108]   --->   Operation 694 'phi' 'p_0_0_031_1464264670871678279486488095497410521076115811861272130413941430_i' <Predicate = true> <Delay = 0.00>
ST_33 : Operation 695 [1/1] (0.00ns)   --->   "%p_0_0_030_1670971578379386587995597310531075115911851273130313951429_i = phi i8 %p_ZZ8max_poolILi32ELi16EEvRN3hls6streamI8ap_fixedILi8ELi4EL9ap_q_mode0EL9ap_o_mod_35, void %for.inc.30.thread.i, i8 %p_ZZ8max_poolILi32ELi16EEvRN3hls6streamI8ap_fixedILi8ELi4EL9ap_q_mode0EL9ap_o_mod_79, void %if.then.31.i" [vgg_accelerator.cpp:115]   --->   Operation 695 'phi' 'p_0_0_030_1670971578379386587995597310531075115911851273130313951429_i' <Predicate = true> <Delay = 0.00>
ST_33 : Operation 696 [1/1] (0.00ns)   --->   "%p_0_0_031_1671071478479286687895697210541074116011841274130213961428_i = phi i8 %s_conv2_read_46, void %for.inc.30.thread.i, i8 %s_conv2_read_15, void %if.then.31.i" [vgg_accelerator.cpp:108]   --->   Operation 696 'phi' 'p_0_0_031_1671071478479286687895697210541074116011841274130213961428_i' <Predicate = true> <Delay = 0.00>
ST_33 : Operation 697 [1/1] (0.00ns)   --->   "%p_0_0_030_1878579186787795797110551073116111831275130113971427_i = phi i8 %p_ZZ8max_poolILi32ELi16EEvRN3hls6streamI8ap_fixedILi8ELi4EL9ap_q_mode0EL9ap_o_mod_39, void %for.inc.30.thread.i, i8 %p_ZZ8max_poolILi32ELi16EEvRN3hls6streamI8ap_fixedILi8ELi4EL9ap_q_mode0EL9ap_o_mod_83, void %if.then.31.i" [vgg_accelerator.cpp:115]   --->   Operation 697 'phi' 'p_0_0_030_1878579186787795797110551073116111831275130113971427_i' <Predicate = true> <Delay = 0.00>
ST_33 : Operation 698 [1/1] (0.00ns)   --->   "%p_0_0_031_1878679086887695897010561072116211821276130013981426_i = phi i8 %s_conv2_read_48, void %for.inc.30.thread.i, i8 %s_conv2_read_17, void %if.then.31.i" [vgg_accelerator.cpp:108]   --->   Operation 698 'phi' 'p_0_0_031_1878679086887695897010561072116211821276130013981426_i' <Predicate = true> <Delay = 0.00>
ST_33 : Operation 699 [1/1] (0.00ns)   --->   "%p_0_0_030_2086987595996910571071116311811277129913991425_i = phi i8 %p_ZZ8max_poolILi32ELi16EEvRN3hls6streamI8ap_fixedILi8ELi4EL9ap_q_mode0EL9ap_o_mod_43, void %for.inc.30.thread.i, i8 %p_ZZ8max_poolILi32ELi16EEvRN3hls6streamI8ap_fixedILi8ELi4EL9ap_q_mode0EL9ap_o_mod_87, void %if.then.31.i" [vgg_accelerator.cpp:115]   --->   Operation 699 'phi' 'p_0_0_030_2086987595996910571071116311811277129913991425_i' <Predicate = true> <Delay = 0.00>
ST_33 : Operation 700 [1/1] (0.00ns)   --->   "%p_0_0_031_2087087496096810581070116411801278129814001424_i = phi i8 %s_conv2_read_50, void %for.inc.30.thread.i, i8 %s_conv2_read_19, void %if.then.31.i" [vgg_accelerator.cpp:108]   --->   Operation 700 'phi' 'p_0_0_031_2087087496096810581070116411801278129814001424_i' <Predicate = true> <Delay = 0.00>
ST_33 : Operation 701 [1/1] (0.00ns)   --->   "%p_0_0_030_2296196710591069116511791279129714011423_i = phi i8 %p_ZZ8max_poolILi32ELi16EEvRN3hls6streamI8ap_fixedILi8ELi4EL9ap_q_mode0EL9ap_o_mod_47, void %for.inc.30.thread.i, i8 %p_ZZ8max_poolILi32ELi16EEvRN3hls6streamI8ap_fixedILi8ELi4EL9ap_q_mode0EL9ap_o_mod_91, void %if.then.31.i" [vgg_accelerator.cpp:115]   --->   Operation 701 'phi' 'p_0_0_030_2296196710591069116511791279129714011423_i' <Predicate = true> <Delay = 0.00>
ST_33 : Operation 702 [1/1] (0.00ns)   --->   "%p_0_0_031_2296296610601068116611781280129614021422_i = phi i8 %s_conv2_read_52, void %for.inc.30.thread.i, i8 %s_conv2_read_21, void %if.then.31.i" [vgg_accelerator.cpp:108]   --->   Operation 702 'phi' 'p_0_0_031_2296296610601068116611781280129614021422_i' <Predicate = true> <Delay = 0.00>
ST_33 : Operation 703 [1/1] (0.00ns)   --->   "%p_0_0_030_2410611067116711771281129514031421_i = phi i8 %p_ZZ8max_poolILi32ELi16EEvRN3hls6streamI8ap_fixedILi8ELi4EL9ap_q_mode0EL9ap_o_mod_51, void %for.inc.30.thread.i, i8 %p_ZZ8max_poolILi32ELi16EEvRN3hls6streamI8ap_fixedILi8ELi4EL9ap_q_mode0EL9ap_o_mod_95, void %if.then.31.i" [vgg_accelerator.cpp:115]   --->   Operation 703 'phi' 'p_0_0_030_2410611067116711771281129514031421_i' <Predicate = true> <Delay = 0.00>
ST_33 : Operation 704 [1/1] (0.00ns)   --->   "%p_0_0_031_2410621066116811761282129414041420_i = phi i8 %s_conv2_read_54, void %for.inc.30.thread.i, i8 %s_conv2_read_23, void %if.then.31.i" [vgg_accelerator.cpp:108]   --->   Operation 704 'phi' 'p_0_0_031_2410621066116811761282129414041420_i' <Predicate = true> <Delay = 0.00>
ST_33 : Operation 705 [1/1] (0.00ns)   --->   "%p_0_0_030_26116911751283129314051419_i = phi i8 %p_ZZ8max_poolILi32ELi16EEvRN3hls6streamI8ap_fixedILi8ELi4EL9ap_q_mode0EL9ap_o_mod_55, void %for.inc.30.thread.i, i8 %p_ZZ8max_poolILi32ELi16EEvRN3hls6streamI8ap_fixedILi8ELi4EL9ap_q_mode0EL9ap_o_mod_99, void %if.then.31.i" [vgg_accelerator.cpp:115]   --->   Operation 705 'phi' 'p_0_0_030_26116911751283129314051419_i' <Predicate = true> <Delay = 0.00>
ST_33 : Operation 706 [1/1] (0.00ns)   --->   "%p_0_0_031_26117011741284129214061418_i = phi i8 %s_conv2_read_56, void %for.inc.30.thread.i, i8 %s_conv2_read_25, void %if.then.31.i" [vgg_accelerator.cpp:108]   --->   Operation 706 'phi' 'p_0_0_031_26117011741284129214061418_i' <Predicate = true> <Delay = 0.00>
ST_33 : Operation 707 [1/1] (0.00ns)   --->   "%p_0_0_030_281285129114071417_i = phi i8 %p_ZZ8max_poolILi32ELi16EEvRN3hls6streamI8ap_fixedILi8ELi4EL9ap_q_mode0EL9ap_o_mod_59, void %for.inc.30.thread.i, i8 %p_ZZ8max_poolILi32ELi16EEvRN3hls6streamI8ap_fixedILi8ELi4EL9ap_q_mode0EL9ap_o_mod_103, void %if.then.31.i" [vgg_accelerator.cpp:115]   --->   Operation 707 'phi' 'p_0_0_030_281285129114071417_i' <Predicate = true> <Delay = 0.00>
ST_33 : Operation 708 [1/1] (0.00ns)   --->   "%p_0_0_031_281286129014081416_i = phi i8 %s_conv2_read_58, void %for.inc.30.thread.i, i8 %s_conv2_read_27, void %if.then.31.i" [vgg_accelerator.cpp:108]   --->   Operation 708 'phi' 'p_0_0_031_281286129014081416_i' <Predicate = true> <Delay = 0.00>
ST_33 : Operation 709 [1/1] (0.00ns)   --->   "%p_0_0_030_3014091415_i = phi i8 %p_ZZ8max_poolILi32ELi16EEvRN3hls6streamI8ap_fixedILi8ELi4EL9ap_q_mode0EL9ap_o_mod_63, void %for.inc.30.thread.i, i8 %p_ZZ8max_poolILi32ELi16EEvRN3hls6streamI8ap_fixedILi8ELi4EL9ap_q_mode0EL9ap_o_mod_107, void %if.then.31.i" [vgg_accelerator.cpp:115]   --->   Operation 709 'phi' 'p_0_0_030_3014091415_i' <Predicate = true> <Delay = 0.00>
ST_33 : Operation 710 [1/1] (0.00ns)   --->   "%p_0_0_031_3014101414_i = phi i8 %s_conv2_read_60, void %for.inc.30.thread.i, i8 %s_conv2_read_29, void %if.then.31.i" [vgg_accelerator.cpp:108]   --->   Operation 710 'phi' 'p_0_0_031_3014101414_i' <Predicate = true> <Delay = 0.00>
ST_33 : Operation 711 [1/1] (0.00ns)   --->   "%store_ln102 = store i8 %p_0_0_031_311475_i, i8 %p_0_0_032_31261_i" [vgg_accelerator.cpp:102]   --->   Operation 711 'store' 'store_ln102' <Predicate = true> <Delay = 0.00>
ST_33 : Operation 712 [1/1] (0.00ns)   --->   "%store_ln102 = store i8 %p_0_0_030_311474_i, i8 %p_0_0_033_31260_i" [vgg_accelerator.cpp:102]   --->   Operation 712 'store' 'store_ln102' <Predicate = true> <Delay = 0.00>
ST_33 : Operation 713 [1/1] (0.00ns)   --->   "%store_ln102 = store i8 %p_0_0_031_3014101414_i, i8 %p_0_0_032_30259_i" [vgg_accelerator.cpp:102]   --->   Operation 713 'store' 'store_ln102' <Predicate = true> <Delay = 0.00>
ST_33 : Operation 714 [1/1] (0.00ns)   --->   "%store_ln102 = store i8 %p_0_0_030_3014091415_i, i8 %p_0_0_033_30258_i" [vgg_accelerator.cpp:102]   --->   Operation 714 'store' 'store_ln102' <Predicate = true> <Delay = 0.00>
ST_33 : Operation 715 [1/1] (0.00ns)   --->   "%store_ln102 = store i8 %p_0_0_031_29134713511473_i, i8 %p_0_0_032_29257_i" [vgg_accelerator.cpp:102]   --->   Operation 715 'store' 'store_ln102' <Predicate = true> <Delay = 0.00>
ST_33 : Operation 716 [1/1] (0.00ns)   --->   "%store_ln102 = store i8 %p_0_0_030_29134613521472_i, i8 %p_0_0_033_29256_i" [vgg_accelerator.cpp:102]   --->   Operation 716 'store' 'store_ln102' <Predicate = true> <Delay = 0.00>
ST_33 : Operation 717 [1/1] (0.00ns)   --->   "%store_ln102 = store i8 %p_0_0_031_281286129014081416_i, i8 %p_0_0_032_28255_i" [vgg_accelerator.cpp:102]   --->   Operation 717 'store' 'store_ln102' <Predicate = true> <Delay = 0.00>
ST_33 : Operation 718 [1/1] (0.00ns)   --->   "%store_ln102 = store i8 %p_0_0_030_281285129114071417_i, i8 %p_0_0_033_28254_i" [vgg_accelerator.cpp:102]   --->   Operation 718 'store' 'store_ln102' <Predicate = true> <Delay = 0.00>
ST_33 : Operation 719 [1/1] (0.00ns)   --->   "%store_ln102 = store i8 %p_0_0_031_2712271231134513531471_i, i8 %p_0_0_032_27253_i" [vgg_accelerator.cpp:102]   --->   Operation 719 'store' 'store_ln102' <Predicate = true> <Delay = 0.00>
ST_33 : Operation 720 [1/1] (0.00ns)   --->   "%store_ln102 = store i8 %p_0_0_030_2712261232134413541470_i, i8 %p_0_0_033_27252_i" [vgg_accelerator.cpp:102]   --->   Operation 720 'store' 'store_ln102' <Predicate = true> <Delay = 0.00>
ST_33 : Operation 721 [1/1] (0.00ns)   --->   "%store_ln102 = store i8 %p_0_0_031_26117011741284129214061418_i, i8 %p_0_0_032_26251_i" [vgg_accelerator.cpp:102]   --->   Operation 721 'store' 'store_ln102' <Predicate = true> <Delay = 0.00>
ST_33 : Operation 722 [1/1] (0.00ns)   --->   "%store_ln102 = store i8 %p_0_0_030_26116911751283129314051419_i, i8 %p_0_0_033_26250_i" [vgg_accelerator.cpp:102]   --->   Operation 722 'store' 'store_ln102' <Predicate = true> <Delay = 0.00>
ST_33 : Operation 723 [1/1] (0.00ns)   --->   "%store_ln102 = store i8 %p_0_0_031_251115111912251233134313551469_i, i8 %p_0_0_032_25249_i" [vgg_accelerator.cpp:102]   --->   Operation 723 'store' 'store_ln102' <Predicate = true> <Delay = 0.00>
ST_33 : Operation 724 [1/1] (0.00ns)   --->   "%store_ln102 = store i8 %p_0_0_030_251114112012241234134213561468_i, i8 %p_0_0_033_25248_i" [vgg_accelerator.cpp:102]   --->   Operation 724 'store' 'store_ln102' <Predicate = true> <Delay = 0.00>
ST_33 : Operation 725 [1/1] (0.00ns)   --->   "%store_ln102 = store i8 %p_0_0_031_2410621066116811761282129414041420_i, i8 %p_0_0_032_24247_i" [vgg_accelerator.cpp:102]   --->   Operation 725 'store' 'store_ln102' <Predicate = true> <Delay = 0.00>
ST_33 : Operation 726 [1/1] (0.00ns)   --->   "%store_ln102 = store i8 %p_0_0_030_2410611067116711771281129514031421_i, i8 %p_0_0_033_24246_i" [vgg_accelerator.cpp:102]   --->   Operation 726 'store' 'store_ln102' <Predicate = true> <Delay = 0.00>
ST_33 : Operation 727 [1/1] (0.00ns)   --->   "%store_ln102 = store i8 %p_0_0_031_23101110151113112112231235134113571467_i, i8 %p_0_0_032_23245_i" [vgg_accelerator.cpp:102]   --->   Operation 727 'store' 'store_ln102' <Predicate = true> <Delay = 0.00>
ST_33 : Operation 728 [1/1] (0.00ns)   --->   "%store_ln102 = store i8 %p_0_0_030_23101010161112112212221236134013581466_i, i8 %p_0_0_033_23244_i" [vgg_accelerator.cpp:102]   --->   Operation 728 'store' 'store_ln102' <Predicate = true> <Delay = 0.00>
ST_33 : Operation 729 [1/1] (0.00ns)   --->   "%store_ln102 = store i8 %p_0_0_031_2296296610601068116611781280129614021422_i, i8 %p_0_0_032_22243_i" [vgg_accelerator.cpp:102]   --->   Operation 729 'store' 'store_ln102' <Predicate = true> <Delay = 0.00>
ST_33 : Operation 730 [1/1] (0.00ns)   --->   "%store_ln102 = store i8 %p_0_0_030_2296196710591069116511791279129714011423_i, i8 %p_0_0_033_22242_i" [vgg_accelerator.cpp:102]   --->   Operation 730 'store' 'store_ln102' <Predicate = true> <Delay = 0.00>
ST_33 : Operation 731 [1/1] (0.00ns)   --->   "%store_ln102 = store i8 %p_0_0_031_21915919100910171111112312211237133913591465_i, i8 %p_0_0_032_21241_i" [vgg_accelerator.cpp:102]   --->   Operation 731 'store' 'store_ln102' <Predicate = true> <Delay = 0.00>
ST_33 : Operation 732 [1/1] (0.00ns)   --->   "%store_ln102 = store i8 %p_0_0_030_21914920100810181110112412201238133813601464_i, i8 %p_0_0_033_21240_i" [vgg_accelerator.cpp:102]   --->   Operation 732 'store' 'store_ln102' <Predicate = true> <Delay = 0.00>
ST_33 : Operation 733 [1/1] (0.00ns)   --->   "%store_ln102 = store i8 %p_0_0_031_2087087496096810581070116411801278129814001424_i, i8 %p_0_0_032_20239_i" [vgg_accelerator.cpp:102]   --->   Operation 733 'store' 'store_ln102' <Predicate = true> <Delay = 0.00>
ST_33 : Operation 734 [1/1] (0.00ns)   --->   "%store_ln102 = store i8 %p_0_0_030_2086987595996910571071116311811277129913991425_i, i8 %p_0_0_033_20238_i" [vgg_accelerator.cpp:102]   --->   Operation 734 'store' 'store_ln102' <Predicate = true> <Delay = 0.00>
ST_33 : Operation 735 [1/1] (0.00ns)   --->   "%store_ln102 = store i8 %p_0_0_031_19827831913921100710191109112512191239133713611463_i, i8 %p_0_0_032_19237_i" [vgg_accelerator.cpp:102]   --->   Operation 735 'store' 'store_ln102' <Predicate = true> <Delay = 0.00>
ST_33 : Operation 736 [1/1] (0.00ns)   --->   "%store_ln102 = store i8 %p_0_0_030_19826832912922100610201108112612181240133613621462_i, i8 %p_0_0_033_19236_i" [vgg_accelerator.cpp:102]   --->   Operation 736 'store' 'store_ln102' <Predicate = true> <Delay = 0.00>
ST_33 : Operation 737 [1/1] (0.00ns)   --->   "%store_ln102 = store i8 %p_0_0_031_1878679086887695897010561072116211821276130013981426_i, i8 %p_0_0_032_18235_i" [vgg_accelerator.cpp:102]   --->   Operation 737 'store' 'store_ln102' <Predicate = true> <Delay = 0.00>
ST_33 : Operation 738 [1/1] (0.00ns)   --->   "%store_ln102 = store i8 %p_0_0_030_1878579186787795797110551073116111831275130113971427_i, i8 %p_0_0_033_18234_i" [vgg_accelerator.cpp:102]   --->   Operation 738 'store' 'store_ln102' <Predicate = true> <Delay = 0.00>
ST_33 : Operation 739 [1/1] (0.00ns)   --->   "%store_ln102 = store i8 %p_0_0_031_17747751825833911923100510211107112712171241133513631461_i, i8 %p_0_0_032_17233_i" [vgg_accelerator.cpp:102]   --->   Operation 739 'store' 'store_ln102' <Predicate = true> <Delay = 0.00>
ST_33 : Operation 740 [1/1] (0.00ns)   --->   "%store_ln102 = store i8 %p_0_0_030_17746752824834910924100410221106112812161242133413641460_i, i8 %p_0_0_033_17232_i" [vgg_accelerator.cpp:102]   --->   Operation 740 'store' 'store_ln102' <Predicate = true> <Delay = 0.00>
ST_33 : Operation 741 [1/1] (0.00ns)   --->   "%store_ln102 = store i8 %p_0_0_031_1671071478479286687895697210541074116011841274130213961428_i, i8 %p_0_0_032_16231_i" [vgg_accelerator.cpp:102]   --->   Operation 741 'store' 'store_ln102' <Predicate = true> <Delay = 0.00>
ST_33 : Operation 742 [1/1] (0.00ns)   --->   "%store_ln102 = store i8 %p_0_0_030_1670971578379386587995597310531075115911851273130313951429_i, i8 %p_0_0_033_16230_i" [vgg_accelerator.cpp:102]   --->   Operation 742 'store' 'store_ln102' <Predicate = true> <Delay = 0.00>
ST_33 : Operation 743 [1/1] (0.00ns)   --->   "%store_ln102 = store i8 %p_0_0_031_15675679745753823835909925100310231105112912151243133313651459_i, i8 %p_0_0_032_15229_i" [vgg_accelerator.cpp:102]   --->   Operation 743 'store' 'store_ln102' <Predicate = true> <Delay = 0.00>
ST_33 : Operation 744 [1/1] (0.00ns)   --->   "%store_ln102 = store i8 %p_0_0_030_15674680744754822836908926100210241104113012141244133213661458_i, i8 %p_0_0_033_15228_i" [vgg_accelerator.cpp:102]   --->   Operation 744 'store' 'store_ln102' <Predicate = true> <Delay = 0.00>
ST_33 : Operation 745 [1/1] (0.00ns)   --->   "%store_ln102 = store i8 %p_0_0_031_1464264670871678279486488095497410521076115811861272130413941430_i, i8 %p_0_0_032_14227_i" [vgg_accelerator.cpp:102]   --->   Operation 745 'store' 'store_ln102' <Predicate = true> <Delay = 0.00>
ST_33 : Operation 746 [1/1] (0.00ns)   --->   "%store_ln102 = store i8 %p_0_0_030_1464164770771778179586388195397510511077115711871271130513931431_i, i8 %p_0_0_033_14226_i" [vgg_accelerator.cpp:102]   --->   Operation 746 'store' 'store_ln102' <Predicate = true> <Delay = 0.00>
ST_33 : Operation 747 [1/1] (0.00ns)   --->   "%store_ln102 = store i8 %p_0_0_031_13611615673681743755821837907927100110251103113112131245133113671457_i, i8 %p_0_0_032_13225_i" [vgg_accelerator.cpp:102]   --->   Operation 747 'store' 'store_ln102' <Predicate = true> <Delay = 0.00>
ST_33 : Operation 748 [1/1] (0.00ns)   --->   "%store_ln102 = store i8 %p_0_0_030_13610616672682742756820838906928100010261102113212121246133013681456_i, i8 %p_0_0_033_13224_i" [vgg_accelerator.cpp:102]   --->   Operation 748 'store' 'store_ln102' <Predicate = true> <Delay = 0.00>
ST_33 : Operation 749 [1/1] (0.00ns)   --->   "%store_ln102 = store i8 %p_0_0_031_1258258664064870671878079686288295297610501078115611881270130613921432_s, i8 %p_0_0_032_12223_i" [vgg_accelerator.cpp:102]   --->   Operation 749 'store' 'store_ln102' <Predicate = true> <Delay = 0.00>
ST_33 : Operation 750 [1/1] (0.00ns)   --->   "%store_ln102 = store i8 %p_0_0_030_1258158763964970571977979786188395197710491079115511891269130713911433_s, i8 %p_0_0_033_12222_i" [vgg_accelerator.cpp:102]   --->   Operation 750 'store' 'store_ln102' <Predicate = true> <Delay = 0.00>
ST_33 : Operation 751 [1/1] (0.00ns)   --->   "%store_ln102 = store i8 %p_0_0_031_11555559609617671683741757819839905929999102711011133121112471329136914, i8 %p_0_0_032_11221_i" [vgg_accelerator.cpp:102]   --->   Operation 751 'store' 'store_ln102' <Predicate = true> <Delay = 0.00>
ST_33 : Operation 752 [1/1] (0.00ns)   --->   "%store_ln102 = store i8 %p_0_0_030_11554560608618670684740758818840904930998102811001134121012481328137014, i8 %p_0_0_033_11220_i" [vgg_accelerator.cpp:102]   --->   Operation 752 'store' 'store_ln102' <Predicate = true> <Delay = 0.00>
ST_33 : Operation 753 [1/1] (0.00ns)   --->   "%store_ln102 = store i8 %p_0_0_031_10530534580588638650704720778798860884950978104810801154119012681308139, i8 %p_0_0_032_10219_i" [vgg_accelerator.cpp:102]   --->   Operation 753 'store' 'store_ln102' <Predicate = true> <Delay = 0.00>
ST_33 : Operation 754 [1/1] (0.00ns)   --->   "%store_ln102 = store i8 %p_0_0_030_10529535579589637651703721777799859885949979104710811153119112671309138, i8 %p_0_0_033_10218_i" [vgg_accelerator.cpp:102]   --->   Operation 754 'store' 'store_ln102' <Predicate = true> <Delay = 0.00>
ST_33 : Operation 755 [1/1] (0.00ns)   --->   "%store_ln102 = store i8 %p_0_0_031_95075115535616076196696857397598178419039319971029109911351209124913271, i8 %p_0_0_032_9217_i" [vgg_accelerator.cpp:102]   --->   Operation 755 'store' 'store_ln102' <Predicate = true> <Delay = 0.00>
ST_33 : Operation 756 [1/1] (0.00ns)   --->   "%store_ln102 = store i8 %p_0_0_030_95065125525626066206686867387608168429029329961030109811361208125013261, i8 %p_0_0_033_9216_i" [vgg_accelerator.cpp:102]   --->   Operation 756 'store' 'store_ln102' <Predicate = true> <Delay = 0.00>
ST_33 : Operation 757 [1/1] (0.00ns)   --->   "%store_ln102 = store i8 %p_0_0_031_84864905285365785906366527027227768008588869489801046108211521192126613, i8 %p_0_0_032_8215_i" [vgg_accelerator.cpp:102]   --->   Operation 757 'store' 'store_ln102' <Predicate = true> <Delay = 0.00>
ST_33 : Operation 758 [1/1] (0.00ns)   --->   "%store_ln102 = store i8 %p_0_0_030_84854915275375775916356537017237758018578879479811045108311511193126513, i8 %p_0_0_033_8214_i" [vgg_accelerator.cpp:102]   --->   Operation 758 'store' 'store_ln102' <Predicate = true> <Delay = 0.00>
ST_33 : Operation 759 [1/1] (0.00ns)   --->   "%store_ln102 = store i8 %p_0_0_031_74674715055135515636056216676877377618158439019339951031109711371207125, i8 %p_0_0_032_7213_i" [vgg_accelerator.cpp:102]   --->   Operation 759 'store' 'store_ln102' <Predicate = true> <Delay = 0.00>
ST_33 : Operation 760 [1/1] (0.00ns)   --->   "%store_ln102 = store i8 %p_0_0_030_74664725045145505646046226666887367628148449009349941032109611381206125, i8 %p_0_0_033_7212_i" [vgg_accelerator.cpp:102]   --->   Operation 760 'store' 'store_ln102' <Predicate = true> <Delay = 0.00>
ST_33 : Operation 761 [1/1] (0.00ns)   --->   "%store_ln102 = store i8 %p_0_0_031_64504544844925265385765926346547007247748028568889469821044108411501194, i8 %p_0_0_032_6211_i" [vgg_accelerator.cpp:102]   --->   Operation 761 'store' 'store_ln102' <Predicate = true> <Delay = 0.00>
ST_33 : Operation 762 [1/1] (0.00ns)   --->   "%store_ln102 = store i8 %p_0_0_030_64494554834935255395755936336556997257738038558899459831043108511491195, i8 %p_0_0_033_6210_i" [vgg_accelerator.cpp:102]   --->   Operation 762 'store' 'store_ln102' <Predicate = true> <Delay = 0.00>
ST_33 : Operation 763 [1/1] (0.00ns)   --->   "%store_ln102 = store i8 %p_0_0_031_54354394654735035155495656036236656897357638138458999359931033109511391, i8 %p_0_0_032_5209_i" [vgg_accelerator.cpp:102]   --->   Operation 763 'store' 'store_ln102' <Predicate = true> <Delay = 0.00>
ST_33 : Operation 764 [1/1] (0.00ns)   --->   "%store_ln102 = store i8 %p_0_0_030_54344404644745025165485666026246646907347648128468989369921034109411401, i8 %p_0_0_033_5208_i" [vgg_accelerator.cpp:102]   --->   Operation 764 'store' 'store_ln102' <Predicate = true> <Delay = 0.00>
ST_33 : Operation 765 [1/1] (0.00ns)   --->   "%store_ln102 = store i8 %p_0_0_031_44224264484564824945245405745946326566987267728048548909449841042108611, i8 %p_0_0_032_4207_i" [vgg_accelerator.cpp:102]   --->   Operation 765 'store' 'store_ln102' <Predicate = true> <Delay = 0.00>
ST_33 : Operation 766 [1/1] (0.00ns)   --->   "%store_ln102 = store i8 %p_0_0_030_44214274474574814955235415735956316576977277718058538919439851041108711, i8 %p_0_0_033_4206_i" [vgg_accelerator.cpp:102]   --->   Operation 766 'store' 'store_ln102' <Predicate = true> <Delay = 0.00>
ST_33 : Operation 767 [1/1] (0.00ns)   --->   "%store_ln102 = store i8 %p_0_0_031_34114154334414634755015175475676016256636917337658118478979379911035109, i8 %p_0_0_032_3205_i" [vgg_accelerator.cpp:102]   --->   Operation 767 'store' 'store_ln102' <Predicate = true> <Delay = 0.00>
ST_33 : Operation 768 [1/1] (0.00ns)   --->   "%store_ln102 = store i8 %p_0_0_030_34104164324424624765005185465686006266626927327668108488969389901036109, i8 %p_0_0_033_3204_i" [vgg_accelerator.cpp:102]   --->   Operation 768 'store' 'store_ln102' <Predicate = true> <Delay = 0.00>
ST_33 : Operation 769 [1/1] (0.00ns)   --->   "%store_ln102 = store i8 %p_0_0_031_24024064204284464584804965225425725966306586967287708068528929429861040, i8 %p_0_0_032_2203_i" [vgg_accelerator.cpp:102]   --->   Operation 769 'store' 'store_ln102' <Predicate = true> <Delay = 0.00>
ST_33 : Operation 770 [1/1] (0.00ns)   --->   "%store_ln102 = store i8 %p_0_0_030_24014074194294454594794975215435715976296596957297698078518939419871039, i8 %p_0_0_033_2202_i" [vgg_accelerator.cpp:102]   --->   Operation 770 'store' 'store_ln102' <Predicate = true> <Delay = 0.00>
ST_33 : Operation 771 [1/1] (0.00ns)   --->   "%store_ln102 = store i8 %p_0_0_031_13953994094174314434614774995195455695996276616937317678098498959399891, i8 %p_0_0_032_1201_i" [vgg_accelerator.cpp:102]   --->   Operation 771 'store' 'store_ln102' <Predicate = true> <Delay = 0.00>
ST_33 : Operation 772 [1/1] (0.00ns)   --->   "%store_ln102 = store i8 %p_0_0_030_13944004084184304444604784985205445705986286606947307688088508949409881, i8 %p_0_0_033_1200_i" [vgg_accelerator.cpp:102]   --->   Operation 772 'store' 'store_ln102' <Predicate = true> <Delay = 0.00>
ST_33 : Operation 773 [1/1] (0.00ns)   --->   "%br_ln102 = br void %for.body34.i" [vgg_accelerator.cpp:102]   --->   Operation 773 'br' 'br_ln102' <Predicate = true> <Delay = 0.00>


============================================================
+ Verbose Summary: Timing violations
============================================================
Target clock period: 10ns, clock uncertainty: 2.7ns.

 <State 1>: 2.72ns
The critical path consists of the following:
	'alloca' operation ('c') [99]  (0 ns)
	'load' operation ('c_load', vgg_accelerator.cpp:102) on local variable 'c' [120]  (0 ns)
	'icmp' operation ('icmp_ln102', vgg_accelerator.cpp:102) [125]  (0.877 ns)
	'select' operation ('select_ln101', vgg_accelerator.cpp:101) [126]  (0.48 ns)
	'add' operation ('add_ln102', vgg_accelerator.cpp:102) [646]  (0.878 ns)
	'store' operation ('store_ln102', vgg_accelerator.cpp:102) of variable 'add_ln102', vgg_accelerator.cpp:102 on local variable 'c' [649]  (0.489 ns)

 <State 2>: 7.25ns
The critical path consists of the following:
	fifo read operation ('val_in', vgg_accelerator.cpp:108) on port 's_conv2' (vgg_accelerator.cpp:108) [133]  (2.33 ns)
	'call' operation ('max_1.V', vgg_accelerator.cpp:120) to 'max_val' [331]  (1.3 ns)
	'call' operation ('ref_tmp_assign_62_i', vgg_accelerator.cpp:121) to 'max_val' [332]  (1.3 ns)
	fifo write operation ('write_ln121', vgg_accelerator.cpp:121) on port 's_pool2' (vgg_accelerator.cpp:121) [333]  (2.33 ns)

 <State 3>: 7.25ns
The critical path consists of the following:
	fifo read operation ('s_conv2_read', vgg_accelerator.cpp:108) on port 's_conv2' (vgg_accelerator.cpp:108) [334]  (2.33 ns)
	'call' operation ('max_1.V', vgg_accelerator.cpp:120) to 'max_val' [339]  (1.3 ns)
	'call' operation ('ref_tmp_assign_61_i', vgg_accelerator.cpp:121) to 'max_val' [340]  (1.3 ns)
	fifo write operation ('write_ln121', vgg_accelerator.cpp:121) on port 's_pool2' (vgg_accelerator.cpp:121) [341]  (2.33 ns)

 <State 4>: 7.25ns
The critical path consists of the following:
	fifo read operation ('s_conv2_read_1', vgg_accelerator.cpp:108) on port 's_conv2' (vgg_accelerator.cpp:108) [342]  (2.33 ns)
	'call' operation ('max_1.V', vgg_accelerator.cpp:120) to 'max_val' [347]  (1.3 ns)
	'call' operation ('ref_tmp_assign_60_i', vgg_accelerator.cpp:121) to 'max_val' [348]  (1.3 ns)
	fifo write operation ('write_ln121', vgg_accelerator.cpp:121) on port 's_pool2' (vgg_accelerator.cpp:121) [349]  (2.33 ns)

 <State 5>: 7.25ns
The critical path consists of the following:
	fifo read operation ('s_conv2_read_2', vgg_accelerator.cpp:108) on port 's_conv2' (vgg_accelerator.cpp:108) [350]  (2.33 ns)
	'call' operation ('max_1.V', vgg_accelerator.cpp:120) to 'max_val' [355]  (1.3 ns)
	'call' operation ('ref_tmp_assign_59_i', vgg_accelerator.cpp:121) to 'max_val' [356]  (1.3 ns)
	fifo write operation ('write_ln121', vgg_accelerator.cpp:121) on port 's_pool2' (vgg_accelerator.cpp:121) [357]  (2.33 ns)

 <State 6>: 7.25ns
The critical path consists of the following:
	fifo read operation ('s_conv2_read_3', vgg_accelerator.cpp:108) on port 's_conv2' (vgg_accelerator.cpp:108) [358]  (2.33 ns)
	'call' operation ('max_1.V', vgg_accelerator.cpp:120) to 'max_val' [363]  (1.3 ns)
	'call' operation ('ref_tmp_assign_58_i', vgg_accelerator.cpp:121) to 'max_val' [364]  (1.3 ns)
	fifo write operation ('write_ln121', vgg_accelerator.cpp:121) on port 's_pool2' (vgg_accelerator.cpp:121) [365]  (2.33 ns)

 <State 7>: 7.25ns
The critical path consists of the following:
	fifo read operation ('s_conv2_read_4', vgg_accelerator.cpp:108) on port 's_conv2' (vgg_accelerator.cpp:108) [366]  (2.33 ns)
	'call' operation ('max_1.V', vgg_accelerator.cpp:120) to 'max_val' [371]  (1.3 ns)
	'call' operation ('ref_tmp_assign_57_i', vgg_accelerator.cpp:121) to 'max_val' [372]  (1.3 ns)
	fifo write operation ('write_ln121', vgg_accelerator.cpp:121) on port 's_pool2' (vgg_accelerator.cpp:121) [373]  (2.33 ns)

 <State 8>: 7.25ns
The critical path consists of the following:
	fifo read operation ('s_conv2_read_5', vgg_accelerator.cpp:108) on port 's_conv2' (vgg_accelerator.cpp:108) [374]  (2.33 ns)
	'call' operation ('max_1.V', vgg_accelerator.cpp:120) to 'max_val' [379]  (1.3 ns)
	'call' operation ('ref_tmp_assign_56_i', vgg_accelerator.cpp:121) to 'max_val' [380]  (1.3 ns)
	fifo write operation ('write_ln121', vgg_accelerator.cpp:121) on port 's_pool2' (vgg_accelerator.cpp:121) [381]  (2.33 ns)

 <State 9>: 7.25ns
The critical path consists of the following:
	fifo read operation ('s_conv2_read_6', vgg_accelerator.cpp:108) on port 's_conv2' (vgg_accelerator.cpp:108) [382]  (2.33 ns)
	'call' operation ('max_1.V', vgg_accelerator.cpp:120) to 'max_val' [387]  (1.3 ns)
	'call' operation ('ref_tmp_assign_55_i', vgg_accelerator.cpp:121) to 'max_val' [388]  (1.3 ns)
	fifo write operation ('write_ln121', vgg_accelerator.cpp:121) on port 's_pool2' (vgg_accelerator.cpp:121) [389]  (2.33 ns)

 <State 10>: 7.25ns
The critical path consists of the following:
	fifo read operation ('s_conv2_read_7', vgg_accelerator.cpp:108) on port 's_conv2' (vgg_accelerator.cpp:108) [390]  (2.33 ns)
	'call' operation ('max_1.V', vgg_accelerator.cpp:120) to 'max_val' [395]  (1.3 ns)
	'call' operation ('ref_tmp_assign_54_i', vgg_accelerator.cpp:121) to 'max_val' [396]  (1.3 ns)
	fifo write operation ('write_ln121', vgg_accelerator.cpp:121) on port 's_pool2' (vgg_accelerator.cpp:121) [397]  (2.33 ns)

 <State 11>: 7.25ns
The critical path consists of the following:
	fifo read operation ('s_conv2_read_8', vgg_accelerator.cpp:108) on port 's_conv2' (vgg_accelerator.cpp:108) [398]  (2.33 ns)
	'call' operation ('max_1.V', vgg_accelerator.cpp:120) to 'max_val' [403]  (1.3 ns)
	'call' operation ('ref_tmp_assign_53_i', vgg_accelerator.cpp:121) to 'max_val' [404]  (1.3 ns)
	fifo write operation ('write_ln121', vgg_accelerator.cpp:121) on port 's_pool2' (vgg_accelerator.cpp:121) [405]  (2.33 ns)

 <State 12>: 7.25ns
The critical path consists of the following:
	fifo read operation ('s_conv2_read_9', vgg_accelerator.cpp:108) on port 's_conv2' (vgg_accelerator.cpp:108) [406]  (2.33 ns)
	'call' operation ('max_1.V', vgg_accelerator.cpp:120) to 'max_val' [411]  (1.3 ns)
	'call' operation ('ref_tmp_assign_52_i', vgg_accelerator.cpp:121) to 'max_val' [412]  (1.3 ns)
	fifo write operation ('write_ln121', vgg_accelerator.cpp:121) on port 's_pool2' (vgg_accelerator.cpp:121) [413]  (2.33 ns)

 <State 13>: 7.25ns
The critical path consists of the following:
	fifo read operation ('s_conv2_read_10', vgg_accelerator.cpp:108) on port 's_conv2' (vgg_accelerator.cpp:108) [414]  (2.33 ns)
	'call' operation ('max_1.V', vgg_accelerator.cpp:120) to 'max_val' [419]  (1.3 ns)
	'call' operation ('ref_tmp_assign_51_i', vgg_accelerator.cpp:121) to 'max_val' [420]  (1.3 ns)
	fifo write operation ('write_ln121', vgg_accelerator.cpp:121) on port 's_pool2' (vgg_accelerator.cpp:121) [421]  (2.33 ns)

 <State 14>: 7.25ns
The critical path consists of the following:
	fifo read operation ('s_conv2_read_11', vgg_accelerator.cpp:108) on port 's_conv2' (vgg_accelerator.cpp:108) [422]  (2.33 ns)
	'call' operation ('max_1.V', vgg_accelerator.cpp:120) to 'max_val' [427]  (1.3 ns)
	'call' operation ('ref_tmp_assign_50_i', vgg_accelerator.cpp:121) to 'max_val' [428]  (1.3 ns)
	fifo write operation ('write_ln121', vgg_accelerator.cpp:121) on port 's_pool2' (vgg_accelerator.cpp:121) [429]  (2.33 ns)

 <State 15>: 7.25ns
The critical path consists of the following:
	fifo read operation ('s_conv2_read_12', vgg_accelerator.cpp:108) on port 's_conv2' (vgg_accelerator.cpp:108) [430]  (2.33 ns)
	'call' operation ('max_1.V', vgg_accelerator.cpp:120) to 'max_val' [435]  (1.3 ns)
	'call' operation ('ref_tmp_assign_49_i', vgg_accelerator.cpp:121) to 'max_val' [436]  (1.3 ns)
	fifo write operation ('write_ln121', vgg_accelerator.cpp:121) on port 's_pool2' (vgg_accelerator.cpp:121) [437]  (2.33 ns)

 <State 16>: 7.25ns
The critical path consists of the following:
	fifo read operation ('s_conv2_read_13', vgg_accelerator.cpp:108) on port 's_conv2' (vgg_accelerator.cpp:108) [438]  (2.33 ns)
	'call' operation ('max_1.V', vgg_accelerator.cpp:120) to 'max_val' [443]  (1.3 ns)
	'call' operation ('ref_tmp_assign_48_i', vgg_accelerator.cpp:121) to 'max_val' [444]  (1.3 ns)
	fifo write operation ('write_ln121', vgg_accelerator.cpp:121) on port 's_pool2' (vgg_accelerator.cpp:121) [445]  (2.33 ns)

 <State 17>: 7.25ns
The critical path consists of the following:
	fifo read operation ('s_conv2_read_14', vgg_accelerator.cpp:108) on port 's_conv2' (vgg_accelerator.cpp:108) [446]  (2.33 ns)
	'call' operation ('max_1.V', vgg_accelerator.cpp:120) to 'max_val' [451]  (1.3 ns)
	'call' operation ('ref_tmp_assign_47_i', vgg_accelerator.cpp:121) to 'max_val' [452]  (1.3 ns)
	fifo write operation ('write_ln121', vgg_accelerator.cpp:121) on port 's_pool2' (vgg_accelerator.cpp:121) [453]  (2.33 ns)

 <State 18>: 7.25ns
The critical path consists of the following:
	fifo read operation ('s_conv2_read_15', vgg_accelerator.cpp:108) on port 's_conv2' (vgg_accelerator.cpp:108) [454]  (2.33 ns)
	'call' operation ('max_1.V', vgg_accelerator.cpp:120) to 'max_val' [459]  (1.3 ns)
	'call' operation ('ref_tmp_assign_46_i', vgg_accelerator.cpp:121) to 'max_val' [460]  (1.3 ns)
	fifo write operation ('write_ln121', vgg_accelerator.cpp:121) on port 's_pool2' (vgg_accelerator.cpp:121) [461]  (2.33 ns)

 <State 19>: 7.25ns
The critical path consists of the following:
	fifo read operation ('s_conv2_read_16', vgg_accelerator.cpp:108) on port 's_conv2' (vgg_accelerator.cpp:108) [462]  (2.33 ns)
	'call' operation ('max_1.V', vgg_accelerator.cpp:120) to 'max_val' [467]  (1.3 ns)
	'call' operation ('ref_tmp_assign_45_i', vgg_accelerator.cpp:121) to 'max_val' [468]  (1.3 ns)
	fifo write operation ('write_ln121', vgg_accelerator.cpp:121) on port 's_pool2' (vgg_accelerator.cpp:121) [469]  (2.33 ns)

 <State 20>: 7.25ns
The critical path consists of the following:
	fifo read operation ('s_conv2_read_17', vgg_accelerator.cpp:108) on port 's_conv2' (vgg_accelerator.cpp:108) [470]  (2.33 ns)
	'call' operation ('max_1.V', vgg_accelerator.cpp:120) to 'max_val' [475]  (1.3 ns)
	'call' operation ('ref_tmp_assign_44_i', vgg_accelerator.cpp:121) to 'max_val' [476]  (1.3 ns)
	fifo write operation ('write_ln121', vgg_accelerator.cpp:121) on port 's_pool2' (vgg_accelerator.cpp:121) [477]  (2.33 ns)

 <State 21>: 7.25ns
The critical path consists of the following:
	fifo read operation ('s_conv2_read_18', vgg_accelerator.cpp:108) on port 's_conv2' (vgg_accelerator.cpp:108) [478]  (2.33 ns)
	'call' operation ('max_1.V', vgg_accelerator.cpp:120) to 'max_val' [483]  (1.3 ns)
	'call' operation ('ref_tmp_assign_43_i', vgg_accelerator.cpp:121) to 'max_val' [484]  (1.3 ns)
	fifo write operation ('write_ln121', vgg_accelerator.cpp:121) on port 's_pool2' (vgg_accelerator.cpp:121) [485]  (2.33 ns)

 <State 22>: 7.25ns
The critical path consists of the following:
	fifo read operation ('s_conv2_read_19', vgg_accelerator.cpp:108) on port 's_conv2' (vgg_accelerator.cpp:108) [486]  (2.33 ns)
	'call' operation ('max_1.V', vgg_accelerator.cpp:120) to 'max_val' [491]  (1.3 ns)
	'call' operation ('ref_tmp_assign_42_i', vgg_accelerator.cpp:121) to 'max_val' [492]  (1.3 ns)
	fifo write operation ('write_ln121', vgg_accelerator.cpp:121) on port 's_pool2' (vgg_accelerator.cpp:121) [493]  (2.33 ns)

 <State 23>: 7.25ns
The critical path consists of the following:
	fifo read operation ('s_conv2_read_20', vgg_accelerator.cpp:108) on port 's_conv2' (vgg_accelerator.cpp:108) [494]  (2.33 ns)
	'call' operation ('max_1.V', vgg_accelerator.cpp:120) to 'max_val' [499]  (1.3 ns)
	'call' operation ('ref_tmp_assign_41_i', vgg_accelerator.cpp:121) to 'max_val' [500]  (1.3 ns)
	fifo write operation ('write_ln121', vgg_accelerator.cpp:121) on port 's_pool2' (vgg_accelerator.cpp:121) [501]  (2.33 ns)

 <State 24>: 7.25ns
The critical path consists of the following:
	fifo read operation ('s_conv2_read_21', vgg_accelerator.cpp:108) on port 's_conv2' (vgg_accelerator.cpp:108) [502]  (2.33 ns)
	'call' operation ('max_1.V', vgg_accelerator.cpp:120) to 'max_val' [507]  (1.3 ns)
	'call' operation ('ref_tmp_assign_40_i', vgg_accelerator.cpp:121) to 'max_val' [508]  (1.3 ns)
	fifo write operation ('write_ln121', vgg_accelerator.cpp:121) on port 's_pool2' (vgg_accelerator.cpp:121) [509]  (2.33 ns)

 <State 25>: 7.25ns
The critical path consists of the following:
	fifo read operation ('s_conv2_read_22', vgg_accelerator.cpp:108) on port 's_conv2' (vgg_accelerator.cpp:108) [510]  (2.33 ns)
	'call' operation ('max_1.V', vgg_accelerator.cpp:120) to 'max_val' [515]  (1.3 ns)
	'call' operation ('ref_tmp_assign_39_i', vgg_accelerator.cpp:121) to 'max_val' [516]  (1.3 ns)
	fifo write operation ('write_ln121', vgg_accelerator.cpp:121) on port 's_pool2' (vgg_accelerator.cpp:121) [517]  (2.33 ns)

 <State 26>: 7.25ns
The critical path consists of the following:
	fifo read operation ('s_conv2_read_23', vgg_accelerator.cpp:108) on port 's_conv2' (vgg_accelerator.cpp:108) [518]  (2.33 ns)
	'call' operation ('max_1.V', vgg_accelerator.cpp:120) to 'max_val' [523]  (1.3 ns)
	'call' operation ('ref_tmp_assign_38_i', vgg_accelerator.cpp:121) to 'max_val' [524]  (1.3 ns)
	fifo write operation ('write_ln121', vgg_accelerator.cpp:121) on port 's_pool2' (vgg_accelerator.cpp:121) [525]  (2.33 ns)

 <State 27>: 7.25ns
The critical path consists of the following:
	fifo read operation ('s_conv2_read_24', vgg_accelerator.cpp:108) on port 's_conv2' (vgg_accelerator.cpp:108) [526]  (2.33 ns)
	'call' operation ('max_1.V', vgg_accelerator.cpp:120) to 'max_val' [531]  (1.3 ns)
	'call' operation ('ref_tmp_assign_37_i', vgg_accelerator.cpp:121) to 'max_val' [532]  (1.3 ns)
	fifo write operation ('write_ln121', vgg_accelerator.cpp:121) on port 's_pool2' (vgg_accelerator.cpp:121) [533]  (2.33 ns)

 <State 28>: 7.25ns
The critical path consists of the following:
	fifo read operation ('s_conv2_read_25', vgg_accelerator.cpp:108) on port 's_conv2' (vgg_accelerator.cpp:108) [534]  (2.33 ns)
	'call' operation ('max_1.V', vgg_accelerator.cpp:120) to 'max_val' [539]  (1.3 ns)
	'call' operation ('ref_tmp_assign_36_i', vgg_accelerator.cpp:121) to 'max_val' [540]  (1.3 ns)
	fifo write operation ('write_ln121', vgg_accelerator.cpp:121) on port 's_pool2' (vgg_accelerator.cpp:121) [541]  (2.33 ns)

 <State 29>: 7.25ns
The critical path consists of the following:
	fifo read operation ('s_conv2_read_26', vgg_accelerator.cpp:108) on port 's_conv2' (vgg_accelerator.cpp:108) [542]  (2.33 ns)
	'call' operation ('max_1.V', vgg_accelerator.cpp:120) to 'max_val' [547]  (1.3 ns)
	'call' operation ('ref_tmp_assign_35_i', vgg_accelerator.cpp:121) to 'max_val' [548]  (1.3 ns)
	fifo write operation ('write_ln121', vgg_accelerator.cpp:121) on port 's_pool2' (vgg_accelerator.cpp:121) [549]  (2.33 ns)

 <State 30>: 7.25ns
The critical path consists of the following:
	fifo read operation ('s_conv2_read_27', vgg_accelerator.cpp:108) on port 's_conv2' (vgg_accelerator.cpp:108) [550]  (2.33 ns)
	'call' operation ('max_1.V', vgg_accelerator.cpp:120) to 'max_val' [555]  (1.3 ns)
	'call' operation ('ref_tmp_assign_34_i', vgg_accelerator.cpp:121) to 'max_val' [556]  (1.3 ns)
	fifo write operation ('write_ln121', vgg_accelerator.cpp:121) on port 's_pool2' (vgg_accelerator.cpp:121) [557]  (2.33 ns)

 <State 31>: 7.25ns
The critical path consists of the following:
	fifo read operation ('s_conv2_read_28', vgg_accelerator.cpp:108) on port 's_conv2' (vgg_accelerator.cpp:108) [558]  (2.33 ns)
	'call' operation ('max_1.V', vgg_accelerator.cpp:120) to 'max_val' [563]  (1.3 ns)
	'call' operation ('ref_tmp_assign_33_i', vgg_accelerator.cpp:121) to 'max_val' [564]  (1.3 ns)
	fifo write operation ('write_ln121', vgg_accelerator.cpp:121) on port 's_pool2' (vgg_accelerator.cpp:121) [565]  (2.33 ns)

 <State 32>: 7.25ns
The critical path consists of the following:
	fifo read operation ('s_conv2_read_29', vgg_accelerator.cpp:108) on port 's_conv2' (vgg_accelerator.cpp:108) [566]  (2.33 ns)
	'call' operation ('max_1.V', vgg_accelerator.cpp:120) to 'max_val' [571]  (1.3 ns)
	'call' operation ('ref_tmp_assign_32_i', vgg_accelerator.cpp:121) to 'max_val' [572]  (1.3 ns)
	fifo write operation ('write_ln121', vgg_accelerator.cpp:121) on port 's_pool2' (vgg_accelerator.cpp:121) [573]  (2.33 ns)

 <State 33>: 7.25ns
The critical path consists of the following:
	fifo read operation ('s_conv2_read_30', vgg_accelerator.cpp:108) on port 's_conv2' (vgg_accelerator.cpp:108) [574]  (2.33 ns)
	'call' operation ('max_1.V', vgg_accelerator.cpp:120) to 'max_val' [579]  (1.3 ns)
	'call' operation ('ref_tmp_assign_31_i', vgg_accelerator.cpp:121) to 'max_val' [580]  (1.3 ns)
	fifo write operation ('write_ln121', vgg_accelerator.cpp:121) on port 's_pool2' (vgg_accelerator.cpp:121) [581]  (2.33 ns)


============================================================
+ Verbose Summary: Binding
============================================================
N/A
* FSMD analyzer results:
  - Output states:
 - Input state : 
  - Chain level:
	State 1
	State 2
	State 3
	State 4
	State 5
	State 6
	State 7
	State 8
	State 9
	State 10
	State 11
	State 12
	State 13
	State 14
	State 15
	State 16
	State 17
	State 18
	State 19
	State 20
	State 21
	State 22
	State 23
	State 24
	State 25
	State 26
	State 27
	State 28
	State 29
	State 30
	State 31
	State 32
	State 33


============================================================
+ Verbose Summary: Datapath Resource usage 
============================================================
N/A
