

================================================================
== Vitis HLS Report for 'vgg_accelerator'
================================================================
* Date:           Thu Dec 11 20:07:21 2025

* Version:        2022.2 (Build 3670227 on Oct 13 2022)
* Project:        vgg_accelerator
* Solution:       solution1 (Vivado IP Flow Target)
* Product family: zynquplus
* Target device:  xczu5eg-sfvc784-1-e


================================================================
== Performance Estimates
================================================================
+ Timing: 
    * Summary: 
    +--------+----------+----------+------------+
    |  Clock |  Target  | Estimated| Uncertainty|
    +--------+----------+----------+------------+
    |ap_clk  |  10.00 ns|  8.115 ns|     2.70 ns|
    +--------+----------+----------+------------+

+ Latency: 
    * Summary: 
    +---------+---------+----------+----------+--------+--------+----------+
    |  Latency (cycles) |  Latency (absolute) |     Interval    | Pipeline |
    |   min   |   max   |    min   |    max   |   min  |   max  |   Type   |
    +---------+---------+----------+----------+--------+--------+----------+
    |   329008|   329008|  3.290 ms|  3.290 ms|  325637|  325637|  dataflow|
    +---------+---------+----------+----------+--------+--------+----------+

    + Detail: 
        * Instance: 
        +-----------------------------------+------------------------+---------+---------+-----------+-----------+--------+--------+---------+
        |                                   |                        |  Latency (cycles) |   Latency (absolute)  |     Interval    | Pipeline|
        |              Instance             |         Module         |   min   |   max   |    min    |    max    |   min  |   max  |   Type  |
        +-----------------------------------+------------------------+---------+---------+-----------+-----------+--------+--------+---------+
        |grp_input_adapter_fu_352           |input_adapter           |     1026|     1026|  10.260 us|  10.260 us|    1026|    1026|       no|
        |grp_layer_block_1_16_32_s_fu_366   |layer_block_1_16_32_s   |    16457|    16457|   0.165 ms|   0.165 ms|   16457|   16457|       no|
        |grp_max_pool_16_32_s_fu_378        |max_pool_16_32_s        |    16387|    16387|   0.164 ms|   0.164 ms|   16387|   16387|       no|
        |grp_layer_block_16_32_16_s_fu_418  |layer_block_16_32_16_s  |   325636|   325636|   3.256 ms|   3.256 ms|  325636|  325636|       no|
        |grp_max_pool_32_16_s_fu_434        |max_pool_32_16_s        |     8194|     8194|  81.940 us|  81.940 us|    8194|    8194|       no|
        |grp_layer_block_32_64_8_s_fu_506   |layer_block_32_64_8_s   |   293764|   293764|   2.938 ms|   2.938 ms|  293764|  293764|       no|
        |grp_max_pool_64_8_s_fu_522         |max_pool_64_8_s         |     4098|     4098|  40.980 us|  40.980 us|    4098|    4098|       no|
        |grp_dense_layer_fu_658             |dense_layer             |     5136|     5136|  51.360 us|  51.360 us|    5136|    5136|       no|
        +-----------------------------------+------------------------+---------+---------+-----------+-----------+--------+--------+---------+

        * Loop: 
        N/A

============================================================
+ Verbose Summary: Synthesis Manager
============================================================
InlineROM: 1
ExposeGlobal: 0
============================================================
+ Verbose Summary: CDFG Model
============================================================
IsTopModel: 1
ResetActiveHigh: 1
IsCombinational: 2
IsDatapathOnly: 0
HasWiredReturn: 1
HasMFsm: 0
HasVarLatency: 1
IsPipeline: 0
IsRtlPipelined: 0
IsInstanceOverlapped: 0
IsDontTouch: 0
HasImplIP: 0
IsGatedGlobalClock: 0


============================================================
+ Verbose Summary: Schedule
============================================================
* Number of FSM states : 18
* Pipeline : 0
* Dataflow Pipeline: 1
  DF-Pipeline-0: Size = 18, States = { 1 2 3 4 5 6 7 8 9 10 11 12 13 14 15 16 17 18 }

* FSM state transitions: 
1 --> 2 
2 --> 3 
3 --> 4 
4 --> 5 
5 --> 6 
6 --> 7 
7 --> 8 
8 --> 9 
9 --> 10 
10 --> 11 
11 --> 12 
12 --> 13 
13 --> 14 
14 --> 15 
15 --> 16 
16 --> 17 
17 --> 18 
18 --> 

* FSM state operations: 

State 1 <SV = 0> <Delay = 0.00>

State 2 <SV = 1> <Delay = 0.00>
ST_2 : Operation 19 [2/2] (0.00ns)   --->   "%call_ln203 = call void @input_adapter, i32 %INPUT_STREAM_V_data_V, i4 %INPUT_STREAM_V_keep_V, i4 %INPUT_STREAM_V_strb_V, i1 %INPUT_STREAM_V_last_V, i8 %s_input" [vgg_accelerator.cpp:203]   --->   Operation 19 'call' 'call_ln203' <Predicate = true> <Delay = 0.00> <CoreType = "Generic">   --->   Core 0 '' <Latency = 0> <II = 1> <Delay = 1.00> <Generic> <Opcode : >

State 3 <SV = 2> <Delay = 0.00>
ST_3 : Operation 20 [1/2] (0.00ns)   --->   "%call_ln203 = call void @input_adapter, i32 %INPUT_STREAM_V_data_V, i4 %INPUT_STREAM_V_keep_V, i4 %INPUT_STREAM_V_strb_V, i1 %INPUT_STREAM_V_last_V, i8 %s_input" [vgg_accelerator.cpp:203]   --->   Operation 20 'call' 'call_ln203' <Predicate = true> <Delay = 0.00> <CoreType = "Generic">   --->   Core 0 '' <Latency = 0> <II = 1> <Delay = 1.00> <Generic> <Opcode : >

State 4 <SV = 3> <Delay = 0.00>
ST_4 : Operation 21 [2/2] (0.00ns)   --->   "%call_ln205 = call void @layer_block<1, 16, 32>, i8 %void_layer_block_stream_stream_signed_char_const_1_3_3_signed_char_cons_1, i8 %void_layer_block_stream_stream_signed_char_const_1_3_3_signed_char_cons, i8 %s_input, i8 %s_conv1" [vgg_accelerator.cpp:205]   --->   Operation 21 'call' 'call_ln205' <Predicate = true> <Delay = 0.00> <CoreType = "Generic">   --->   Core 0 '' <Latency = 0> <II = 1> <Delay = 1.00> <Generic> <Opcode : >

State 5 <SV = 4> <Delay = 0.00>
ST_5 : Operation 22 [1/2] (0.00ns)   --->   "%call_ln205 = call void @layer_block<1, 16, 32>, i8 %void_layer_block_stream_stream_signed_char_const_1_3_3_signed_char_cons_1, i8 %void_layer_block_stream_stream_signed_char_const_1_3_3_signed_char_cons, i8 %s_input, i8 %s_conv1" [vgg_accelerator.cpp:205]   --->   Operation 22 'call' 'call_ln205' <Predicate = true> <Delay = 0.00> <CoreType = "Generic">   --->   Core 0 '' <Latency = 0> <II = 1> <Delay = 1.00> <Generic> <Opcode : >

State 6 <SV = 5> <Delay = 0.00>
ST_6 : Operation 23 [2/2] (0.00ns)   --->   "%call_ln206 = call void @max_pool<16, 32>, i8 %s_conv1, i8 %void_max_pool_stream_stream_ap_fixed_8_4_0_0_0_0_pool_buff_28, i8 %void_max_pool_stream_stream_ap_fixed_8_4_0_0_0_0_pool_buff_27, i8 %void_max_pool_stream_stream_ap_fixed_8_4_0_0_0_0_pool_buff_26, i8 %void_max_pool_stream_stream_ap_fixed_8_4_0_0_0_0_pool_buff_25, i8 %void_max_pool_stream_stream_ap_fixed_8_4_0_0_0_0_pool_buff_24, i8 %void_max_pool_stream_stream_ap_fixed_8_4_0_0_0_0_pool_buff_23, i8 %void_max_pool_stream_stream_ap_fixed_8_4_0_0_0_0_pool_buff_22, i8 %void_max_pool_stream_stream_ap_fixed_8_4_0_0_0_0_pool_buff_21, i8 %void_max_pool_stream_stream_ap_fixed_8_4_0_0_0_0_pool_buff_20, i8 %p_ZZ8max_poolILi16ELi32EEvRN3hls6streamI8ap_fixedILi8ELi4EL9ap_q_mode0EL9ap_o_mod_5, i8 %p_ZZ8max_poolILi16ELi32EEvRN3hls6streamI8ap_fixedILi8ELi4EL9ap_q_mode0EL9ap_o_mod_4, i8 %p_ZZ8max_poolILi16ELi32EEvRN3hls6streamI8ap_fixedILi8ELi4EL9ap_q_mode0EL9ap_o_mod_3, i8 %p_ZZ8max_poolILi16ELi32EEvRN3hls6streamI8ap_fixedILi8ELi4EL9ap_q_mode0EL9ap_o_mod_2, i8 %p_ZZ8max_poolILi16ELi32EEvRN3hls6streamI8ap_fixedILi8ELi4EL9ap_q_mode0EL9ap_o_mod_1, i8 %p_ZZ8max_poolILi16ELi32EEvRN3hls6streamI8ap_fixedILi8ELi4EL9ap_q_mode0EL9ap_o_mod, i8 %void_max_pool_stream_stream_ap_fixed_8_4_0_0_0_0_pool_buff_29, i8 %s_pool1" [vgg_accelerator.cpp:206]   --->   Operation 23 'call' 'call_ln206' <Predicate = true> <Delay = 0.00> <CoreType = "Generic">   --->   Core 0 '' <Latency = 0> <II = 1> <Delay = 1.00> <Generic> <Opcode : >

State 7 <SV = 6> <Delay = 0.00>
ST_7 : Operation 24 [1/2] (0.00ns)   --->   "%call_ln206 = call void @max_pool<16, 32>, i8 %s_conv1, i8 %void_max_pool_stream_stream_ap_fixed_8_4_0_0_0_0_pool_buff_28, i8 %void_max_pool_stream_stream_ap_fixed_8_4_0_0_0_0_pool_buff_27, i8 %void_max_pool_stream_stream_ap_fixed_8_4_0_0_0_0_pool_buff_26, i8 %void_max_pool_stream_stream_ap_fixed_8_4_0_0_0_0_pool_buff_25, i8 %void_max_pool_stream_stream_ap_fixed_8_4_0_0_0_0_pool_buff_24, i8 %void_max_pool_stream_stream_ap_fixed_8_4_0_0_0_0_pool_buff_23, i8 %void_max_pool_stream_stream_ap_fixed_8_4_0_0_0_0_pool_buff_22, i8 %void_max_pool_stream_stream_ap_fixed_8_4_0_0_0_0_pool_buff_21, i8 %void_max_pool_stream_stream_ap_fixed_8_4_0_0_0_0_pool_buff_20, i8 %p_ZZ8max_poolILi16ELi32EEvRN3hls6streamI8ap_fixedILi8ELi4EL9ap_q_mode0EL9ap_o_mod_5, i8 %p_ZZ8max_poolILi16ELi32EEvRN3hls6streamI8ap_fixedILi8ELi4EL9ap_q_mode0EL9ap_o_mod_4, i8 %p_ZZ8max_poolILi16ELi32EEvRN3hls6streamI8ap_fixedILi8ELi4EL9ap_q_mode0EL9ap_o_mod_3, i8 %p_ZZ8max_poolILi16ELi32EEvRN3hls6streamI8ap_fixedILi8ELi4EL9ap_q_mode0EL9ap_o_mod_2, i8 %p_ZZ8max_poolILi16ELi32EEvRN3hls6streamI8ap_fixedILi8ELi4EL9ap_q_mode0EL9ap_o_mod_1, i8 %p_ZZ8max_poolILi16ELi32EEvRN3hls6streamI8ap_fixedILi8ELi4EL9ap_q_mode0EL9ap_o_mod, i8 %void_max_pool_stream_stream_ap_fixed_8_4_0_0_0_0_pool_buff_29, i8 %s_pool1" [vgg_accelerator.cpp:206]   --->   Operation 24 'call' 'call_ln206' <Predicate = true> <Delay = 0.00> <CoreType = "Generic">   --->   Core 0 '' <Latency = 0> <II = 1> <Delay = 1.00> <Generic> <Opcode : >

State 8 <SV = 7> <Delay = 0.00>
ST_8 : Operation 25 [2/2] (0.00ns)   --->   "%call_ln208 = call void @layer_block<16, 32, 16>, i8 %void_layer_block_stream_stream_signed_char_const_16_3_3_signed_char_con_1, i8 %void_layer_block_stream_stream_signed_char_const_16_3_3_signed_char_con, i4 %conv2_bias, i5 %conv2_weights, i8 %s_conv2, i8 %s_pool1" [vgg_accelerator.cpp:208]   --->   Operation 25 'call' 'call_ln208' <Predicate = true> <Delay = 0.00> <CoreType = "Generic">   --->   Core 0 '' <Latency = 0> <II = 1> <Delay = 1.00> <Generic> <Opcode : >

State 9 <SV = 8> <Delay = 0.00>
ST_9 : Operation 26 [1/2] (0.00ns)   --->   "%call_ln208 = call void @layer_block<16, 32, 16>, i8 %void_layer_block_stream_stream_signed_char_const_16_3_3_signed_char_con_1, i8 %void_layer_block_stream_stream_signed_char_const_16_3_3_signed_char_con, i4 %conv2_bias, i5 %conv2_weights, i8 %s_conv2, i8 %s_pool1" [vgg_accelerator.cpp:208]   --->   Operation 26 'call' 'call_ln208' <Predicate = true> <Delay = 0.00> <CoreType = "Generic">   --->   Core 0 '' <Latency = 0> <II = 1> <Delay = 1.00> <Generic> <Opcode : >

State 10 <SV = 9> <Delay = 0.00>
ST_10 : Operation 27 [2/2] (0.00ns)   --->   "%call_ln209 = call void @max_pool<32, 16>, i8 %s_conv2, i8 %void_max_pool_stream_stream_ap_fixed_8_4_0_0_0_0_pool_buff_18, i8 %void_max_pool_stream_stream_ap_fixed_8_4_0_0_0_0_pool_buff_17, i8 %void_max_pool_stream_stream_ap_fixed_8_4_0_0_0_0_pool_buff_16, i8 %void_max_pool_stream_stream_ap_fixed_8_4_0_0_0_0_pool_buff_15, i8 %void_max_pool_stream_stream_ap_fixed_8_4_0_0_0_0_pool_buff_14, i8 %void_max_pool_stream_stream_ap_fixed_8_4_0_0_0_0_pool_buff_13, i8 %void_max_pool_stream_stream_ap_fixed_8_4_0_0_0_0_pool_buff_12, i8 %void_max_pool_stream_stream_ap_fixed_8_4_0_0_0_0_pool_buff_11, i8 %void_max_pool_stream_stream_ap_fixed_8_4_0_0_0_0_pool_buff_10, i8 %p_ZZ8max_poolILi32ELi16EEvRN3hls6streamI8ap_fixedILi8ELi4EL9ap_q_mode0EL9ap_o_mod_21, i8 %p_ZZ8max_poolILi32ELi16EEvRN3hls6streamI8ap_fixedILi8ELi4EL9ap_q_mode0EL9ap_o_mod_20, i8 %p_ZZ8max_poolILi32ELi16EEvRN3hls6streamI8ap_fixedILi8ELi4EL9ap_q_mode0EL9ap_o_mod_19, i8 %p_ZZ8max_poolILi32ELi16EEvRN3hls6streamI8ap_fixedILi8ELi4EL9ap_q_mode0EL9ap_o_mod_18, i8 %p_ZZ8max_poolILi32ELi16EEvRN3hls6streamI8ap_fixedILi8ELi4EL9ap_q_mode0EL9ap_o_mod_17, i8 %p_ZZ8max_poolILi32ELi16EEvRN3hls6streamI8ap_fixedILi8ELi4EL9ap_q_mode0EL9ap_o_mod_16, i8 %p_ZZ8max_poolILi32ELi16EEvRN3hls6streamI8ap_fixedILi8ELi4EL9ap_q_mode0EL9ap_o_mod_15, i8 %p_ZZ8max_poolILi32ELi16EEvRN3hls6streamI8ap_fixedILi8ELi4EL9ap_q_mode0EL9ap_o_mod_14, i8 %p_ZZ8max_poolILi32ELi16EEvRN3hls6streamI8ap_fixedILi8ELi4EL9ap_q_mode0EL9ap_o_mod_13, i8 %p_ZZ8max_poolILi32ELi16EEvRN3hls6streamI8ap_fixedILi8ELi4EL9ap_q_mode0EL9ap_o_mod_12, i8 %p_ZZ8max_poolILi32ELi16EEvRN3hls6streamI8ap_fixedILi8ELi4EL9ap_q_mode0EL9ap_o_mod_11, i8 %p_ZZ8max_poolILi32ELi16EEvRN3hls6streamI8ap_fixedILi8ELi4EL9ap_q_mode0EL9ap_o_mod_10, i8 %p_ZZ8max_poolILi32ELi16EEvRN3hls6streamI8ap_fixedILi8ELi4EL9ap_q_mode0EL9ap_o_mod_9, i8 %p_ZZ8max_poolILi32ELi16EEvRN3hls6streamI8ap_fixedILi8ELi4EL9ap_q_mode0EL9ap_o_mod_8, i8 %p_ZZ8max_poolILi32ELi16EEvRN3hls6streamI8ap_fixedILi8ELi4EL9ap_q_mode0EL9ap_o_mod_7, i8 %p_ZZ8max_poolILi32ELi16EEvRN3hls6streamI8ap_fixedILi8ELi4EL9ap_q_mode0EL9ap_o_mod_6, i8 %p_ZZ8max_poolILi32ELi16EEvRN3hls6streamI8ap_fixedILi8ELi4EL9ap_q_mode0EL9ap_o_mod_5, i8 %p_ZZ8max_poolILi32ELi16EEvRN3hls6streamI8ap_fixedILi8ELi4EL9ap_q_mode0EL9ap_o_mod_4, i8 %p_ZZ8max_poolILi32ELi16EEvRN3hls6streamI8ap_fixedILi8ELi4EL9ap_q_mode0EL9ap_o_mod_3, i8 %p_ZZ8max_poolILi32ELi16EEvRN3hls6streamI8ap_fixedILi8ELi4EL9ap_q_mode0EL9ap_o_mod_2, i8 %p_ZZ8max_poolILi32ELi16EEvRN3hls6streamI8ap_fixedILi8ELi4EL9ap_q_mode0EL9ap_o_mod_1, i8 %p_ZZ8max_poolILi32ELi16EEvRN3hls6streamI8ap_fixedILi8ELi4EL9ap_q_mode0EL9ap_o_mod, i8 %void_max_pool_stream_stream_ap_fixed_8_4_0_0_0_0_pool_buff_19, i8 %s_pool2" [vgg_accelerator.cpp:209]   --->   Operation 27 'call' 'call_ln209' <Predicate = true> <Delay = 0.00> <CoreType = "Generic">   --->   Core 0 '' <Latency = 0> <II = 1> <Delay = 1.00> <Generic> <Opcode : >

State 11 <SV = 10> <Delay = 0.00>
ST_11 : Operation 28 [1/2] (0.00ns)   --->   "%call_ln209 = call void @max_pool<32, 16>, i8 %s_conv2, i8 %void_max_pool_stream_stream_ap_fixed_8_4_0_0_0_0_pool_buff_18, i8 %void_max_pool_stream_stream_ap_fixed_8_4_0_0_0_0_pool_buff_17, i8 %void_max_pool_stream_stream_ap_fixed_8_4_0_0_0_0_pool_buff_16, i8 %void_max_pool_stream_stream_ap_fixed_8_4_0_0_0_0_pool_buff_15, i8 %void_max_pool_stream_stream_ap_fixed_8_4_0_0_0_0_pool_buff_14, i8 %void_max_pool_stream_stream_ap_fixed_8_4_0_0_0_0_pool_buff_13, i8 %void_max_pool_stream_stream_ap_fixed_8_4_0_0_0_0_pool_buff_12, i8 %void_max_pool_stream_stream_ap_fixed_8_4_0_0_0_0_pool_buff_11, i8 %void_max_pool_stream_stream_ap_fixed_8_4_0_0_0_0_pool_buff_10, i8 %p_ZZ8max_poolILi32ELi16EEvRN3hls6streamI8ap_fixedILi8ELi4EL9ap_q_mode0EL9ap_o_mod_21, i8 %p_ZZ8max_poolILi32ELi16EEvRN3hls6streamI8ap_fixedILi8ELi4EL9ap_q_mode0EL9ap_o_mod_20, i8 %p_ZZ8max_poolILi32ELi16EEvRN3hls6streamI8ap_fixedILi8ELi4EL9ap_q_mode0EL9ap_o_mod_19, i8 %p_ZZ8max_poolILi32ELi16EEvRN3hls6streamI8ap_fixedILi8ELi4EL9ap_q_mode0EL9ap_o_mod_18, i8 %p_ZZ8max_poolILi32ELi16EEvRN3hls6streamI8ap_fixedILi8ELi4EL9ap_q_mode0EL9ap_o_mod_17, i8 %p_ZZ8max_poolILi32ELi16EEvRN3hls6streamI8ap_fixedILi8ELi4EL9ap_q_mode0EL9ap_o_mod_16, i8 %p_ZZ8max_poolILi32ELi16EEvRN3hls6streamI8ap_fixedILi8ELi4EL9ap_q_mode0EL9ap_o_mod_15, i8 %p_ZZ8max_poolILi32ELi16EEvRN3hls6streamI8ap_fixedILi8ELi4EL9ap_q_mode0EL9ap_o_mod_14, i8 %p_ZZ8max_poolILi32ELi16EEvRN3hls6streamI8ap_fixedILi8ELi4EL9ap_q_mode0EL9ap_o_mod_13, i8 %p_ZZ8max_poolILi32ELi16EEvRN3hls6streamI8ap_fixedILi8ELi4EL9ap_q_mode0EL9ap_o_mod_12, i8 %p_ZZ8max_poolILi32ELi16EEvRN3hls6streamI8ap_fixedILi8ELi4EL9ap_q_mode0EL9ap_o_mod_11, i8 %p_ZZ8max_poolILi32ELi16EEvRN3hls6streamI8ap_fixedILi8ELi4EL9ap_q_mode0EL9ap_o_mod_10, i8 %p_ZZ8max_poolILi32ELi16EEvRN3hls6streamI8ap_fixedILi8ELi4EL9ap_q_mode0EL9ap_o_mod_9, i8 %p_ZZ8max_poolILi32ELi16EEvRN3hls6streamI8ap_fixedILi8ELi4EL9ap_q_mode0EL9ap_o_mod_8, i8 %p_ZZ8max_poolILi32ELi16EEvRN3hls6streamI8ap_fixedILi8ELi4EL9ap_q_mode0EL9ap_o_mod_7, i8 %p_ZZ8max_poolILi32ELi16EEvRN3hls6streamI8ap_fixedILi8ELi4EL9ap_q_mode0EL9ap_o_mod_6, i8 %p_ZZ8max_poolILi32ELi16EEvRN3hls6streamI8ap_fixedILi8ELi4EL9ap_q_mode0EL9ap_o_mod_5, i8 %p_ZZ8max_poolILi32ELi16EEvRN3hls6streamI8ap_fixedILi8ELi4EL9ap_q_mode0EL9ap_o_mod_4, i8 %p_ZZ8max_poolILi32ELi16EEvRN3hls6streamI8ap_fixedILi8ELi4EL9ap_q_mode0EL9ap_o_mod_3, i8 %p_ZZ8max_poolILi32ELi16EEvRN3hls6streamI8ap_fixedILi8ELi4EL9ap_q_mode0EL9ap_o_mod_2, i8 %p_ZZ8max_poolILi32ELi16EEvRN3hls6streamI8ap_fixedILi8ELi4EL9ap_q_mode0EL9ap_o_mod_1, i8 %p_ZZ8max_poolILi32ELi16EEvRN3hls6streamI8ap_fixedILi8ELi4EL9ap_q_mode0EL9ap_o_mod, i8 %void_max_pool_stream_stream_ap_fixed_8_4_0_0_0_0_pool_buff_19, i8 %s_pool2" [vgg_accelerator.cpp:209]   --->   Operation 28 'call' 'call_ln209' <Predicate = true> <Delay = 0.00> <CoreType = "Generic">   --->   Core 0 '' <Latency = 0> <II = 1> <Delay = 1.00> <Generic> <Opcode : >

State 12 <SV = 11> <Delay = 0.00>
ST_12 : Operation 29 [2/2] (0.00ns)   --->   "%call_ln211 = call void @layer_block<32, 64, 8>, i8 %void_layer_block_stream_stream_signed_char_const_32_3_3_signed_char_con_1, i8 %void_layer_block_stream_stream_signed_char_const_32_3_3_signed_char_con, i3 %conv3_bias, i5 %conv3_weights, i8 %s_conv3, i8 %s_pool2" [vgg_accelerator.cpp:211]   --->   Operation 29 'call' 'call_ln211' <Predicate = true> <Delay = 0.00> <CoreType = "Generic">   --->   Core 0 '' <Latency = 0> <II = 1> <Delay = 1.00> <Generic> <Opcode : >

State 13 <SV = 12> <Delay = 0.00>
ST_13 : Operation 30 [1/2] (0.00ns)   --->   "%call_ln211 = call void @layer_block<32, 64, 8>, i8 %void_layer_block_stream_stream_signed_char_const_32_3_3_signed_char_con_1, i8 %void_layer_block_stream_stream_signed_char_const_32_3_3_signed_char_con, i3 %conv3_bias, i5 %conv3_weights, i8 %s_conv3, i8 %s_pool2" [vgg_accelerator.cpp:211]   --->   Operation 30 'call' 'call_ln211' <Predicate = true> <Delay = 0.00> <CoreType = "Generic">   --->   Core 0 '' <Latency = 0> <II = 1> <Delay = 1.00> <Generic> <Opcode : >

State 14 <SV = 13> <Delay = 0.00>
ST_14 : Operation 31 [2/2] (0.00ns)   --->   "%call_ln212 = call void @max_pool<64, 8>, i8 %s_conv3, i8 %void_max_pool_stream_stream_ap_fixed_8_4_0_0_0_0_pool_buff_8, i8 %void_max_pool_stream_stream_ap_fixed_8_4_0_0_0_0_pool_buff_7, i8 %void_max_pool_stream_stream_ap_fixed_8_4_0_0_0_0_pool_buff_6, i8 %void_max_pool_stream_stream_ap_fixed_8_4_0_0_0_0_pool_buff_5, i8 %void_max_pool_stream_stream_ap_fixed_8_4_0_0_0_0_pool_buff_4, i8 %void_max_pool_stream_stream_ap_fixed_8_4_0_0_0_0_pool_buff_3, i8 %void_max_pool_stream_stream_ap_fixed_8_4_0_0_0_0_pool_buff_2, i8 %void_max_pool_stream_stream_ap_fixed_8_4_0_0_0_0_pool_buff_1, i8 %void_max_pool_stream_stream_ap_fixed_8_4_0_0_0_0_pool_buff, i8 %p_ZZ8max_poolILi64ELi8EEvRN3hls6streamI8ap_fixedILi8ELi4EL9ap_q_mode0EL9ap_o_mode_53, i8 %p_ZZ8max_poolILi64ELi8EEvRN3hls6streamI8ap_fixedILi8ELi4EL9ap_q_mode0EL9ap_o_mode_52, i8 %p_ZZ8max_poolILi64ELi8EEvRN3hls6streamI8ap_fixedILi8ELi4EL9ap_q_mode0EL9ap_o_mode_51, i8 %p_ZZ8max_poolILi64ELi8EEvRN3hls6streamI8ap_fixedILi8ELi4EL9ap_q_mode0EL9ap_o_mode_50, i8 %p_ZZ8max_poolILi64ELi8EEvRN3hls6streamI8ap_fixedILi8ELi4EL9ap_q_mode0EL9ap_o_mode_49, i8 %p_ZZ8max_poolILi64ELi8EEvRN3hls6streamI8ap_fixedILi8ELi4EL9ap_q_mode0EL9ap_o_mode_48, i8 %p_ZZ8max_poolILi64ELi8EEvRN3hls6streamI8ap_fixedILi8ELi4EL9ap_q_mode0EL9ap_o_mode_47, i8 %p_ZZ8max_poolILi64ELi8EEvRN3hls6streamI8ap_fixedILi8ELi4EL9ap_q_mode0EL9ap_o_mode_46, i8 %p_ZZ8max_poolILi64ELi8EEvRN3hls6streamI8ap_fixedILi8ELi4EL9ap_q_mode0EL9ap_o_mode_45, i8 %p_ZZ8max_poolILi64ELi8EEvRN3hls6streamI8ap_fixedILi8ELi4EL9ap_q_mode0EL9ap_o_mode_44, i8 %p_ZZ8max_poolILi64ELi8EEvRN3hls6streamI8ap_fixedILi8ELi4EL9ap_q_mode0EL9ap_o_mode_43, i8 %p_ZZ8max_poolILi64ELi8EEvRN3hls6streamI8ap_fixedILi8ELi4EL9ap_q_mode0EL9ap_o_mode_42, i8 %p_ZZ8max_poolILi64ELi8EEvRN3hls6streamI8ap_fixedILi8ELi4EL9ap_q_mode0EL9ap_o_mode_41, i8 %p_ZZ8max_poolILi64ELi8EEvRN3hls6streamI8ap_fixedILi8ELi4EL9ap_q_mode0EL9ap_o_mode_40, i8 %p_ZZ8max_poolILi64ELi8EEvRN3hls6streamI8ap_fixedILi8ELi4EL9ap_q_mode0EL9ap_o_mode_39, i8 %p_ZZ8max_poolILi64ELi8EEvRN3hls6streamI8ap_fixedILi8ELi4EL9ap_q_mode0EL9ap_o_mode_38, i8 %p_ZZ8max_poolILi64ELi8EEvRN3hls6streamI8ap_fixedILi8ELi4EL9ap_q_mode0EL9ap_o_mode_37, i8 %p_ZZ8max_poolILi64ELi8EEvRN3hls6streamI8ap_fixedILi8ELi4EL9ap_q_mode0EL9ap_o_mode_36, i8 %p_ZZ8max_poolILi64ELi8EEvRN3hls6streamI8ap_fixedILi8ELi4EL9ap_q_mode0EL9ap_o_mode_35, i8 %p_ZZ8max_poolILi64ELi8EEvRN3hls6streamI8ap_fixedILi8ELi4EL9ap_q_mode0EL9ap_o_mode_34, i8 %p_ZZ8max_poolILi64ELi8EEvRN3hls6streamI8ap_fixedILi8ELi4EL9ap_q_mode0EL9ap_o_mode_33, i8 %p_ZZ8max_poolILi64ELi8EEvRN3hls6streamI8ap_fixedILi8ELi4EL9ap_q_mode0EL9ap_o_mode_32, i8 %p_ZZ8max_poolILi64ELi8EEvRN3hls6streamI8ap_fixedILi8ELi4EL9ap_q_mode0EL9ap_o_mode_31, i8 %p_ZZ8max_poolILi64ELi8EEvRN3hls6streamI8ap_fixedILi8ELi4EL9ap_q_mode0EL9ap_o_mode_30, i8 %p_ZZ8max_poolILi64ELi8EEvRN3hls6streamI8ap_fixedILi8ELi4EL9ap_q_mode0EL9ap_o_mode_29, i8 %p_ZZ8max_poolILi64ELi8EEvRN3hls6streamI8ap_fixedILi8ELi4EL9ap_q_mode0EL9ap_o_mode_28, i8 %p_ZZ8max_poolILi64ELi8EEvRN3hls6streamI8ap_fixedILi8ELi4EL9ap_q_mode0EL9ap_o_mode_27, i8 %p_ZZ8max_poolILi64ELi8EEvRN3hls6streamI8ap_fixedILi8ELi4EL9ap_q_mode0EL9ap_o_mode_26, i8 %p_ZZ8max_poolILi64ELi8EEvRN3hls6streamI8ap_fixedILi8ELi4EL9ap_q_mode0EL9ap_o_mode_25, i8 %p_ZZ8max_poolILi64ELi8EEvRN3hls6streamI8ap_fixedILi8ELi4EL9ap_q_mode0EL9ap_o_mode_24, i8 %p_ZZ8max_poolILi64ELi8EEvRN3hls6streamI8ap_fixedILi8ELi4EL9ap_q_mode0EL9ap_o_mode_23, i8 %p_ZZ8max_poolILi64ELi8EEvRN3hls6streamI8ap_fixedILi8ELi4EL9ap_q_mode0EL9ap_o_mode_22, i8 %p_ZZ8max_poolILi64ELi8EEvRN3hls6streamI8ap_fixedILi8ELi4EL9ap_q_mode0EL9ap_o_mode_21, i8 %p_ZZ8max_poolILi64ELi8EEvRN3hls6streamI8ap_fixedILi8ELi4EL9ap_q_mode0EL9ap_o_mode_20, i8 %p_ZZ8max_poolILi64ELi8EEvRN3hls6streamI8ap_fixedILi8ELi4EL9ap_q_mode0EL9ap_o_mode_19, i8 %p_ZZ8max_poolILi64ELi8EEvRN3hls6streamI8ap_fixedILi8ELi4EL9ap_q_mode0EL9ap_o_mode_18, i8 %p_ZZ8max_poolILi64ELi8EEvRN3hls6streamI8ap_fixedILi8ELi4EL9ap_q_mode0EL9ap_o_mode_17, i8 %p_ZZ8max_poolILi64ELi8EEvRN3hls6streamI8ap_fixedILi8ELi4EL9ap_q_mode0EL9ap_o_mode_16, i8 %p_ZZ8max_poolILi64ELi8EEvRN3hls6streamI8ap_fixedILi8ELi4EL9ap_q_mode0EL9ap_o_mode_15, i8 %p_ZZ8max_poolILi64ELi8EEvRN3hls6streamI8ap_fixedILi8ELi4EL9ap_q_mode0EL9ap_o_mode_14, i8 %p_ZZ8max_poolILi64ELi8EEvRN3hls6streamI8ap_fixedILi8ELi4EL9ap_q_mode0EL9ap_o_mode_13, i8 %p_ZZ8max_poolILi64ELi8EEvRN3hls6streamI8ap_fixedILi8ELi4EL9ap_q_mode0EL9ap_o_mode_12, i8 %p_ZZ8max_poolILi64ELi8EEvRN3hls6streamI8ap_fixedILi8ELi4EL9ap_q_mode0EL9ap_o_mode_11, i8 %p_ZZ8max_poolILi64ELi8EEvRN3hls6streamI8ap_fixedILi8ELi4EL9ap_q_mode0EL9ap_o_mode_10, i8 %p_ZZ8max_poolILi64ELi8EEvRN3hls6streamI8ap_fixedILi8ELi4EL9ap_q_mode0EL9ap_o_mode_9, i8 %p_ZZ8max_poolILi64ELi8EEvRN3hls6streamI8ap_fixedILi8ELi4EL9ap_q_mode0EL9ap_o_mode_8, i8 %p_ZZ8max_poolILi64ELi8EEvRN3hls6streamI8ap_fixedILi8ELi4EL9ap_q_mode0EL9ap_o_mode_7, i8 %p_ZZ8max_poolILi64ELi8EEvRN3hls6streamI8ap_fixedILi8ELi4EL9ap_q_mode0EL9ap_o_mode_6, i8 %p_ZZ8max_poolILi64ELi8EEvRN3hls6streamI8ap_fixedILi8ELi4EL9ap_q_mode0EL9ap_o_mode_5, i8 %p_ZZ8max_poolILi64ELi8EEvRN3hls6streamI8ap_fixedILi8ELi4EL9ap_q_mode0EL9ap_o_mode_4, i8 %p_ZZ8max_poolILi64ELi8EEvRN3hls6streamI8ap_fixedILi8ELi4EL9ap_q_mode0EL9ap_o_mode_3, i8 %p_ZZ8max_poolILi64ELi8EEvRN3hls6streamI8ap_fixedILi8ELi4EL9ap_q_mode0EL9ap_o_mode_2, i8 %p_ZZ8max_poolILi64ELi8EEvRN3hls6streamI8ap_fixedILi8ELi4EL9ap_q_mode0EL9ap_o_mode_1, i8 %p_ZZ8max_poolILi64ELi8EEvRN3hls6streamI8ap_fixedILi8ELi4EL9ap_q_mode0EL9ap_o_mode, i8 %void_max_pool_stream_stream_ap_fixed_8_4_0_0_0_0_pool_buff_9, i8 %s_pool3" [vgg_accelerator.cpp:212]   --->   Operation 31 'call' 'call_ln212' <Predicate = true> <Delay = 0.00> <CoreType = "Generic">   --->   Core 0 '' <Latency = 0> <II = 1> <Delay = 1.00> <Generic> <Opcode : >

State 15 <SV = 14> <Delay = 0.00>
ST_15 : Operation 32 [1/2] (0.00ns)   --->   "%call_ln212 = call void @max_pool<64, 8>, i8 %s_conv3, i8 %void_max_pool_stream_stream_ap_fixed_8_4_0_0_0_0_pool_buff_8, i8 %void_max_pool_stream_stream_ap_fixed_8_4_0_0_0_0_pool_buff_7, i8 %void_max_pool_stream_stream_ap_fixed_8_4_0_0_0_0_pool_buff_6, i8 %void_max_pool_stream_stream_ap_fixed_8_4_0_0_0_0_pool_buff_5, i8 %void_max_pool_stream_stream_ap_fixed_8_4_0_0_0_0_pool_buff_4, i8 %void_max_pool_stream_stream_ap_fixed_8_4_0_0_0_0_pool_buff_3, i8 %void_max_pool_stream_stream_ap_fixed_8_4_0_0_0_0_pool_buff_2, i8 %void_max_pool_stream_stream_ap_fixed_8_4_0_0_0_0_pool_buff_1, i8 %void_max_pool_stream_stream_ap_fixed_8_4_0_0_0_0_pool_buff, i8 %p_ZZ8max_poolILi64ELi8EEvRN3hls6streamI8ap_fixedILi8ELi4EL9ap_q_mode0EL9ap_o_mode_53, i8 %p_ZZ8max_poolILi64ELi8EEvRN3hls6streamI8ap_fixedILi8ELi4EL9ap_q_mode0EL9ap_o_mode_52, i8 %p_ZZ8max_poolILi64ELi8EEvRN3hls6streamI8ap_fixedILi8ELi4EL9ap_q_mode0EL9ap_o_mode_51, i8 %p_ZZ8max_poolILi64ELi8EEvRN3hls6streamI8ap_fixedILi8ELi4EL9ap_q_mode0EL9ap_o_mode_50, i8 %p_ZZ8max_poolILi64ELi8EEvRN3hls6streamI8ap_fixedILi8ELi4EL9ap_q_mode0EL9ap_o_mode_49, i8 %p_ZZ8max_poolILi64ELi8EEvRN3hls6streamI8ap_fixedILi8ELi4EL9ap_q_mode0EL9ap_o_mode_48, i8 %p_ZZ8max_poolILi64ELi8EEvRN3hls6streamI8ap_fixedILi8ELi4EL9ap_q_mode0EL9ap_o_mode_47, i8 %p_ZZ8max_poolILi64ELi8EEvRN3hls6streamI8ap_fixedILi8ELi4EL9ap_q_mode0EL9ap_o_mode_46, i8 %p_ZZ8max_poolILi64ELi8EEvRN3hls6streamI8ap_fixedILi8ELi4EL9ap_q_mode0EL9ap_o_mode_45, i8 %p_ZZ8max_poolILi64ELi8EEvRN3hls6streamI8ap_fixedILi8ELi4EL9ap_q_mode0EL9ap_o_mode_44, i8 %p_ZZ8max_poolILi64ELi8EEvRN3hls6streamI8ap_fixedILi8ELi4EL9ap_q_mode0EL9ap_o_mode_43, i8 %p_ZZ8max_poolILi64ELi8EEvRN3hls6streamI8ap_fixedILi8ELi4EL9ap_q_mode0EL9ap_o_mode_42, i8 %p_ZZ8max_poolILi64ELi8EEvRN3hls6streamI8ap_fixedILi8ELi4EL9ap_q_mode0EL9ap_o_mode_41, i8 %p_ZZ8max_poolILi64ELi8EEvRN3hls6streamI8ap_fixedILi8ELi4EL9ap_q_mode0EL9ap_o_mode_40, i8 %p_ZZ8max_poolILi64ELi8EEvRN3hls6streamI8ap_fixedILi8ELi4EL9ap_q_mode0EL9ap_o_mode_39, i8 %p_ZZ8max_poolILi64ELi8EEvRN3hls6streamI8ap_fixedILi8ELi4EL9ap_q_mode0EL9ap_o_mode_38, i8 %p_ZZ8max_poolILi64ELi8EEvRN3hls6streamI8ap_fixedILi8ELi4EL9ap_q_mode0EL9ap_o_mode_37, i8 %p_ZZ8max_poolILi64ELi8EEvRN3hls6streamI8ap_fixedILi8ELi4EL9ap_q_mode0EL9ap_o_mode_36, i8 %p_ZZ8max_poolILi64ELi8EEvRN3hls6streamI8ap_fixedILi8ELi4EL9ap_q_mode0EL9ap_o_mode_35, i8 %p_ZZ8max_poolILi64ELi8EEvRN3hls6streamI8ap_fixedILi8ELi4EL9ap_q_mode0EL9ap_o_mode_34, i8 %p_ZZ8max_poolILi64ELi8EEvRN3hls6streamI8ap_fixedILi8ELi4EL9ap_q_mode0EL9ap_o_mode_33, i8 %p_ZZ8max_poolILi64ELi8EEvRN3hls6streamI8ap_fixedILi8ELi4EL9ap_q_mode0EL9ap_o_mode_32, i8 %p_ZZ8max_poolILi64ELi8EEvRN3hls6streamI8ap_fixedILi8ELi4EL9ap_q_mode0EL9ap_o_mode_31, i8 %p_ZZ8max_poolILi64ELi8EEvRN3hls6streamI8ap_fixedILi8ELi4EL9ap_q_mode0EL9ap_o_mode_30, i8 %p_ZZ8max_poolILi64ELi8EEvRN3hls6streamI8ap_fixedILi8ELi4EL9ap_q_mode0EL9ap_o_mode_29, i8 %p_ZZ8max_poolILi64ELi8EEvRN3hls6streamI8ap_fixedILi8ELi4EL9ap_q_mode0EL9ap_o_mode_28, i8 %p_ZZ8max_poolILi64ELi8EEvRN3hls6streamI8ap_fixedILi8ELi4EL9ap_q_mode0EL9ap_o_mode_27, i8 %p_ZZ8max_poolILi64ELi8EEvRN3hls6streamI8ap_fixedILi8ELi4EL9ap_q_mode0EL9ap_o_mode_26, i8 %p_ZZ8max_poolILi64ELi8EEvRN3hls6streamI8ap_fixedILi8ELi4EL9ap_q_mode0EL9ap_o_mode_25, i8 %p_ZZ8max_poolILi64ELi8EEvRN3hls6streamI8ap_fixedILi8ELi4EL9ap_q_mode0EL9ap_o_mode_24, i8 %p_ZZ8max_poolILi64ELi8EEvRN3hls6streamI8ap_fixedILi8ELi4EL9ap_q_mode0EL9ap_o_mode_23, i8 %p_ZZ8max_poolILi64ELi8EEvRN3hls6streamI8ap_fixedILi8ELi4EL9ap_q_mode0EL9ap_o_mode_22, i8 %p_ZZ8max_poolILi64ELi8EEvRN3hls6streamI8ap_fixedILi8ELi4EL9ap_q_mode0EL9ap_o_mode_21, i8 %p_ZZ8max_poolILi64ELi8EEvRN3hls6streamI8ap_fixedILi8ELi4EL9ap_q_mode0EL9ap_o_mode_20, i8 %p_ZZ8max_poolILi64ELi8EEvRN3hls6streamI8ap_fixedILi8ELi4EL9ap_q_mode0EL9ap_o_mode_19, i8 %p_ZZ8max_poolILi64ELi8EEvRN3hls6streamI8ap_fixedILi8ELi4EL9ap_q_mode0EL9ap_o_mode_18, i8 %p_ZZ8max_poolILi64ELi8EEvRN3hls6streamI8ap_fixedILi8ELi4EL9ap_q_mode0EL9ap_o_mode_17, i8 %p_ZZ8max_poolILi64ELi8EEvRN3hls6streamI8ap_fixedILi8ELi4EL9ap_q_mode0EL9ap_o_mode_16, i8 %p_ZZ8max_poolILi64ELi8EEvRN3hls6streamI8ap_fixedILi8ELi4EL9ap_q_mode0EL9ap_o_mode_15, i8 %p_ZZ8max_poolILi64ELi8EEvRN3hls6streamI8ap_fixedILi8ELi4EL9ap_q_mode0EL9ap_o_mode_14, i8 %p_ZZ8max_poolILi64ELi8EEvRN3hls6streamI8ap_fixedILi8ELi4EL9ap_q_mode0EL9ap_o_mode_13, i8 %p_ZZ8max_poolILi64ELi8EEvRN3hls6streamI8ap_fixedILi8ELi4EL9ap_q_mode0EL9ap_o_mode_12, i8 %p_ZZ8max_poolILi64ELi8EEvRN3hls6streamI8ap_fixedILi8ELi4EL9ap_q_mode0EL9ap_o_mode_11, i8 %p_ZZ8max_poolILi64ELi8EEvRN3hls6streamI8ap_fixedILi8ELi4EL9ap_q_mode0EL9ap_o_mode_10, i8 %p_ZZ8max_poolILi64ELi8EEvRN3hls6streamI8ap_fixedILi8ELi4EL9ap_q_mode0EL9ap_o_mode_9, i8 %p_ZZ8max_poolILi64ELi8EEvRN3hls6streamI8ap_fixedILi8ELi4EL9ap_q_mode0EL9ap_o_mode_8, i8 %p_ZZ8max_poolILi64ELi8EEvRN3hls6streamI8ap_fixedILi8ELi4EL9ap_q_mode0EL9ap_o_mode_7, i8 %p_ZZ8max_poolILi64ELi8EEvRN3hls6streamI8ap_fixedILi8ELi4EL9ap_q_mode0EL9ap_o_mode_6, i8 %p_ZZ8max_poolILi64ELi8EEvRN3hls6streamI8ap_fixedILi8ELi4EL9ap_q_mode0EL9ap_o_mode_5, i8 %p_ZZ8max_poolILi64ELi8EEvRN3hls6streamI8ap_fixedILi8ELi4EL9ap_q_mode0EL9ap_o_mode_4, i8 %p_ZZ8max_poolILi64ELi8EEvRN3hls6streamI8ap_fixedILi8ELi4EL9ap_q_mode0EL9ap_o_mode_3, i8 %p_ZZ8max_poolILi64ELi8EEvRN3hls6streamI8ap_fixedILi8ELi4EL9ap_q_mode0EL9ap_o_mode_2, i8 %p_ZZ8max_poolILi64ELi8EEvRN3hls6streamI8ap_fixedILi8ELi4EL9ap_q_mode0EL9ap_o_mode_1, i8 %p_ZZ8max_poolILi64ELi8EEvRN3hls6streamI8ap_fixedILi8ELi4EL9ap_q_mode0EL9ap_o_mode, i8 %void_max_pool_stream_stream_ap_fixed_8_4_0_0_0_0_pool_buff_9, i8 %s_pool3" [vgg_accelerator.cpp:212]   --->   Operation 32 'call' 'call_ln212' <Predicate = true> <Delay = 0.00> <CoreType = "Generic">   --->   Core 0 '' <Latency = 0> <II = 1> <Delay = 1.00> <Generic> <Opcode : >

State 16 <SV = 15> <Delay = 0.00>
ST_16 : Operation 33 [2/2] (0.00ns)   --->   "%call_ln214 = call void @dense_layer, i32 %OUTPUT_STREAM_V_data_V, i4 %OUTPUT_STREAM_V_keep_V, i4 %OUTPUT_STREAM_V_strb_V, i1 %OUTPUT_STREAM_V_last_V, i8 %s_pool3, i2 %dense_bias, i5 %dense_weights" [vgg_accelerator.cpp:214]   --->   Operation 33 'call' 'call_ln214' <Predicate = true> <Delay = 0.00> <CoreType = "Generic">   --->   Core 0 '' <Latency = 0> <II = 1> <Delay = 1.00> <Generic> <Opcode : >

State 17 <SV = 16> <Delay = 0.00>
ST_17 : Operation 34 [1/2] (0.00ns)   --->   "%call_ln214 = call void @dense_layer, i32 %OUTPUT_STREAM_V_data_V, i4 %OUTPUT_STREAM_V_keep_V, i4 %OUTPUT_STREAM_V_strb_V, i1 %OUTPUT_STREAM_V_last_V, i8 %s_pool3, i2 %dense_bias, i5 %dense_weights" [vgg_accelerator.cpp:214]   --->   Operation 34 'call' 'call_ln214' <Predicate = true> <Delay = 0.00> <CoreType = "Generic">   --->   Core 0 '' <Latency = 0> <II = 1> <Delay = 1.00> <Generic> <Opcode : >

State 18 <SV = 17> <Delay = 0.00>
ST_18 : Operation 35 [1/1] (0.00ns)   --->   "%specdataflowpipeline_ln201 = specdataflowpipeline void @_ssdm_op_SpecDataflowPipeline, i32 4294967295, i32 0, void @empty_4" [vgg_accelerator.cpp:201]   --->   Operation 35 'specdataflowpipeline' 'specdataflowpipeline_ln201' <Predicate = true> <Delay = 0.00>
ST_18 : Operation 36 [1/1] (0.00ns)   --->   "%empty = specchannel i32 @_ssdm_op_SpecChannel, void @s_conv1_str, i32 1, void @p_str, void @p_str, i32 128, i32 128, i8 %s_conv1, i8 %s_conv1"   --->   Operation 36 'specchannel' 'empty' <Predicate = true> <Delay = 0.00>
ST_18 : Operation 37 [1/1] (0.00ns)   --->   "%empty_30 = specchannel i32 @_ssdm_op_SpecChannel, void @s_conv2_str, i32 1, void @p_str, void @p_str, i32 64, i32 64, i8 %s_conv2, i8 %s_conv2"   --->   Operation 37 'specchannel' 'empty_30' <Predicate = true> <Delay = 0.00>
ST_18 : Operation 38 [1/1] (0.00ns)   --->   "%empty_31 = specchannel i32 @_ssdm_op_SpecChannel, void @s_conv3_str, i32 1, void @p_str, void @p_str, i32 64, i32 64, i8 %s_conv3, i8 %s_conv3"   --->   Operation 38 'specchannel' 'empty_31' <Predicate = true> <Delay = 0.00>
ST_18 : Operation 39 [1/1] (0.00ns)   --->   "%empty_32 = specchannel i32 @_ssdm_op_SpecChannel, void @s_input_str, i32 1, void @p_str, void @p_str, i32 128, i32 128, i8 %s_input, i8 %s_input"   --->   Operation 39 'specchannel' 'empty_32' <Predicate = true> <Delay = 0.00>
ST_18 : Operation 40 [1/1] (0.00ns)   --->   "%empty_33 = specchannel i32 @_ssdm_op_SpecChannel, void @s_pool1_str, i32 1, void @p_str, void @p_str, i32 128, i32 128, i8 %s_pool1, i8 %s_pool1"   --->   Operation 40 'specchannel' 'empty_33' <Predicate = true> <Delay = 0.00>
ST_18 : Operation 41 [1/1] (0.00ns)   --->   "%empty_34 = specchannel i32 @_ssdm_op_SpecChannel, void @s_pool2_str, i32 1, void @p_str, void @p_str, i32 64, i32 64, i8 %s_pool2, i8 %s_pool2"   --->   Operation 41 'specchannel' 'empty_34' <Predicate = true> <Delay = 0.00>
ST_18 : Operation 42 [1/1] (0.00ns)   --->   "%empty_35 = specchannel i32 @_ssdm_op_SpecChannel, void @s_pool3_str, i32 1, void @p_str, void @p_str, i32 64, i32 64, i8 %s_pool3, i8 %s_pool3"   --->   Operation 42 'specchannel' 'empty_35' <Predicate = true> <Delay = 0.00>
ST_18 : Operation 43 [1/1] (0.00ns)   --->   "%spectopmodule_ln178 = spectopmodule void @_ssdm_op_SpecTopModule, void @empty_3" [vgg_accelerator.cpp:178]   --->   Operation 43 'spectopmodule' 'spectopmodule_ln178' <Predicate = true> <Delay = 0.00>
ST_18 : Operation 44 [1/1] (0.00ns)   --->   "%specinterface_ln0 = specinterface void @_ssdm_op_SpecInterface, i32 %INPUT_STREAM_V_data_V, i4 %INPUT_STREAM_V_keep_V, i4 %INPUT_STREAM_V_strb_V, i1 %INPUT_STREAM_V_last_V, void @empty_7, i32 1, i32 1, void @empty_15, i32 0, i32 0, void @empty_4, void @empty_4, void @empty_4, i32 0, i32 0, i32 0, i32 0, void @empty_4, void @empty_4, i32 4294967295, i32 0"   --->   Operation 44 'specinterface' 'specinterface_ln0' <Predicate = true> <Delay = 0.00>
ST_18 : Operation 45 [1/1] (0.00ns)   --->   "%specbitsmap_ln0 = specbitsmap void @_ssdm_op_SpecBitsMap, i32 %INPUT_STREAM_V_data_V"   --->   Operation 45 'specbitsmap' 'specbitsmap_ln0' <Predicate = true> <Delay = 0.00>
ST_18 : Operation 46 [1/1] (0.00ns)   --->   "%specbitsmap_ln0 = specbitsmap void @_ssdm_op_SpecBitsMap, i4 %INPUT_STREAM_V_keep_V"   --->   Operation 46 'specbitsmap' 'specbitsmap_ln0' <Predicate = true> <Delay = 0.00>
ST_18 : Operation 47 [1/1] (0.00ns)   --->   "%specbitsmap_ln0 = specbitsmap void @_ssdm_op_SpecBitsMap, i4 %INPUT_STREAM_V_strb_V"   --->   Operation 47 'specbitsmap' 'specbitsmap_ln0' <Predicate = true> <Delay = 0.00>
ST_18 : Operation 48 [1/1] (0.00ns)   --->   "%specbitsmap_ln0 = specbitsmap void @_ssdm_op_SpecBitsMap, i1 %INPUT_STREAM_V_last_V"   --->   Operation 48 'specbitsmap' 'specbitsmap_ln0' <Predicate = true> <Delay = 0.00>
ST_18 : Operation 49 [1/1] (0.00ns)   --->   "%specinterface_ln0 = specinterface void @_ssdm_op_SpecInterface, i32 %OUTPUT_STREAM_V_data_V, i4 %OUTPUT_STREAM_V_keep_V, i4 %OUTPUT_STREAM_V_strb_V, i1 %OUTPUT_STREAM_V_last_V, void @empty_7, i32 1, i32 1, void @empty_15, i32 0, i32 0, void @empty_4, void @empty_4, void @empty_4, i32 0, i32 0, i32 0, i32 0, void @empty_4, void @empty_4, i32 4294967295, i32 0"   --->   Operation 49 'specinterface' 'specinterface_ln0' <Predicate = true> <Delay = 0.00>
ST_18 : Operation 50 [1/1] (0.00ns)   --->   "%specbitsmap_ln0 = specbitsmap void @_ssdm_op_SpecBitsMap, i32 %OUTPUT_STREAM_V_data_V"   --->   Operation 50 'specbitsmap' 'specbitsmap_ln0' <Predicate = true> <Delay = 0.00>
ST_18 : Operation 51 [1/1] (0.00ns)   --->   "%specbitsmap_ln0 = specbitsmap void @_ssdm_op_SpecBitsMap, i4 %OUTPUT_STREAM_V_keep_V"   --->   Operation 51 'specbitsmap' 'specbitsmap_ln0' <Predicate = true> <Delay = 0.00>
ST_18 : Operation 52 [1/1] (0.00ns)   --->   "%specbitsmap_ln0 = specbitsmap void @_ssdm_op_SpecBitsMap, i4 %OUTPUT_STREAM_V_strb_V"   --->   Operation 52 'specbitsmap' 'specbitsmap_ln0' <Predicate = true> <Delay = 0.00>
ST_18 : Operation 53 [1/1] (0.00ns)   --->   "%specbitsmap_ln0 = specbitsmap void @_ssdm_op_SpecBitsMap, i1 %OUTPUT_STREAM_V_last_V"   --->   Operation 53 'specbitsmap' 'specbitsmap_ln0' <Predicate = true> <Delay = 0.00>
ST_18 : Operation 54 [1/1] (0.00ns)   --->   "%specinterface_ln0 = specinterface void @_ssdm_op_SpecInterface, i32 0, void @empty_16, i32 0, i32 0, void @empty_4, i32 0, i32 0, void @empty_14, void @empty_4, void @empty_4, i32 0, i32 0, i32 0, i32 0, void @empty_4, void @empty_4, i32 4294967295, i32 0"   --->   Operation 54 'specinterface' 'specinterface_ln0' <Predicate = true> <Delay = 0.00>
ST_18 : Operation 55 [1/1] (0.00ns)   --->   "%specinterface_ln0 = specinterface void @_ssdm_op_SpecInterface, i8 %s_input, void @empty_11, i32 0, i32 0, void @empty_4, i32 0, i32 0, void @empty_4, void @empty_4, void @empty_4, i32 0, i32 0, i32 0, i32 0, void @empty_4, void @empty_4, i32 4294967295, i32 0"   --->   Operation 55 'specinterface' 'specinterface_ln0' <Predicate = true> <Delay = 0.00>
ST_18 : Operation 56 [1/1] (0.00ns)   --->   "%specinterface_ln0 = specinterface void @_ssdm_op_SpecInterface, i8 %s_conv1, void @empty_11, i32 0, i32 0, void @empty_4, i32 0, i32 0, void @empty_4, void @empty_4, void @empty_4, i32 0, i32 0, i32 0, i32 0, void @empty_4, void @empty_4, i32 4294967295, i32 0"   --->   Operation 56 'specinterface' 'specinterface_ln0' <Predicate = true> <Delay = 0.00>
ST_18 : Operation 57 [1/1] (0.00ns)   --->   "%specinterface_ln0 = specinterface void @_ssdm_op_SpecInterface, i8 %s_pool1, void @empty_11, i32 0, i32 0, void @empty_4, i32 0, i32 0, void @empty_4, void @empty_4, void @empty_4, i32 0, i32 0, i32 0, i32 0, void @empty_4, void @empty_4, i32 4294967295, i32 0"   --->   Operation 57 'specinterface' 'specinterface_ln0' <Predicate = true> <Delay = 0.00>
ST_18 : Operation 58 [1/1] (0.00ns)   --->   "%specinterface_ln0 = specinterface void @_ssdm_op_SpecInterface, i8 %s_conv2, void @empty_11, i32 0, i32 0, void @empty_4, i32 0, i32 0, void @empty_4, void @empty_4, void @empty_4, i32 0, i32 0, i32 0, i32 0, void @empty_4, void @empty_4, i32 4294967295, i32 0"   --->   Operation 58 'specinterface' 'specinterface_ln0' <Predicate = true> <Delay = 0.00>
ST_18 : Operation 59 [1/1] (0.00ns)   --->   "%specinterface_ln0 = specinterface void @_ssdm_op_SpecInterface, i8 %s_pool2, void @empty_11, i32 0, i32 0, void @empty_4, i32 0, i32 0, void @empty_4, void @empty_4, void @empty_4, i32 0, i32 0, i32 0, i32 0, void @empty_4, void @empty_4, i32 4294967295, i32 0"   --->   Operation 59 'specinterface' 'specinterface_ln0' <Predicate = true> <Delay = 0.00>
ST_18 : Operation 60 [1/1] (0.00ns)   --->   "%specinterface_ln0 = specinterface void @_ssdm_op_SpecInterface, i8 %s_conv3, void @empty_11, i32 0, i32 0, void @empty_4, i32 0, i32 0, void @empty_4, void @empty_4, void @empty_4, i32 0, i32 0, i32 0, i32 0, void @empty_4, void @empty_4, i32 4294967295, i32 0"   --->   Operation 60 'specinterface' 'specinterface_ln0' <Predicate = true> <Delay = 0.00>
ST_18 : Operation 61 [1/1] (0.00ns)   --->   "%specinterface_ln0 = specinterface void @_ssdm_op_SpecInterface, i8 %s_pool3, void @empty_11, i32 0, i32 0, void @empty_4, i32 0, i32 0, void @empty_4, void @empty_4, void @empty_4, i32 0, i32 0, i32 0, i32 0, void @empty_4, void @empty_4, i32 4294967295, i32 0"   --->   Operation 61 'specinterface' 'specinterface_ln0' <Predicate = true> <Delay = 0.00>
ST_18 : Operation 62 [1/1] (0.00ns)   --->   "%specaxissidechannel_ln215 = specaxissidechannel void @_ssdm_op_SpecAXISSideChannel, i32 %OUTPUT_STREAM_V_data_V, i4 %OUTPUT_STREAM_V_keep_V, i4 %OUTPUT_STREAM_V_strb_V, i1 0, i1 %OUTPUT_STREAM_V_last_V, i1 0, i1 0, void @empty" [vgg_accelerator.cpp:215]   --->   Operation 62 'specaxissidechannel' 'specaxissidechannel_ln215' <Predicate = true> <Delay = 0.00>
ST_18 : Operation 63 [1/1] (0.00ns)   --->   "%specaxissidechannel_ln215 = specaxissidechannel void @_ssdm_op_SpecAXISSideChannel, i32 %INPUT_STREAM_V_data_V, i4 %INPUT_STREAM_V_keep_V, i4 %INPUT_STREAM_V_strb_V, i1 0, i1 %INPUT_STREAM_V_last_V, i1 0, i1 0, void @empty_8" [vgg_accelerator.cpp:215]   --->   Operation 63 'specaxissidechannel' 'specaxissidechannel_ln215' <Predicate = true> <Delay = 0.00>
ST_18 : Operation 64 [1/1] (0.00ns)   --->   "%ret_ln215 = ret" [vgg_accelerator.cpp:215]   --->   Operation 64 'ret' 'ret_ln215' <Predicate = true> <Delay = 0.00>


============================================================
+ Verbose Summary: Binding
============================================================
STG Binding: 
---------------- STG Properties BEGIN ----------------
- Is combinational: 0
- Is one-state seq: 0
- Is datapath-only: 0
- Is pipelined: 0
- Is top level: 1
Port [ Return ] is wired: 1; IO mode=ap_ctrl_hs:ce=0
Port [ INPUT_STREAM_V_data_V]:  wired=1; compound=1; hidden=0; nouse=0; global=0; static=0; extern=0; dir=0; type=0; pingpong=0; private_global=0; IO mode=axis:ce=0
Port [ INPUT_STREAM_V_keep_V]:  wired=1; compound=1; hidden=0; nouse=0; global=0; static=0; extern=0; dir=0; type=0; pingpong=0; private_global=0; IO mode=axis:ce=0
Port [ INPUT_STREAM_V_strb_V]:  wired=1; compound=1; hidden=0; nouse=0; global=0; static=0; extern=0; dir=0; type=0; pingpong=0; private_global=0; IO mode=axis:ce=0
Port [ INPUT_STREAM_V_last_V]:  wired=1; compound=1; hidden=0; nouse=0; global=0; static=0; extern=0; dir=0; type=0; pingpong=0; private_global=0; IO mode=axis:ce=0
Port [ OUTPUT_STREAM_V_data_V]:  wired=1; compound=1; hidden=0; nouse=0; global=0; static=0; extern=0; dir=1; type=0; pingpong=0; private_global=0; IO mode=axis:ce=0
Port [ OUTPUT_STREAM_V_keep_V]:  wired=1; compound=1; hidden=0; nouse=0; global=0; static=0; extern=0; dir=1; type=0; pingpong=0; private_global=0; IO mode=axis:ce=0
Port [ OUTPUT_STREAM_V_strb_V]:  wired=1; compound=1; hidden=0; nouse=0; global=0; static=0; extern=0; dir=1; type=0; pingpong=0; private_global=0; IO mode=axis:ce=0
Port [ OUTPUT_STREAM_V_last_V]:  wired=1; compound=1; hidden=0; nouse=0; global=0; static=0; extern=0; dir=1; type=0; pingpong=0; private_global=0; IO mode=axis:ce=0
Port [ s_input]:  wired=0; compound=1; hidden=1; nouse=0; global=1; static=1; extern=0; dir=2; type=3; pingpong=0; private_global=1; IO mode=ap_fifo:ce=0
Port [ void_layer_block_stream_stream_signed_char_const_1_3_3_signed_char_cons_1]:  wired=0; compound=1; hidden=1; nouse=1; global=1; static=1; extern=0; dir=2; type=1; pingpong=0; private_global=0; MemPort=[23]; IO mode=ap_memory:ce=0
Port [ void_layer_block_stream_stream_signed_char_const_1_3_3_signed_char_cons]:  wired=0; compound=1; hidden=1; nouse=1; global=1; static=1; extern=0; dir=2; type=1; pingpong=0; private_global=0; MemPort=[23]; IO mode=ap_memory:ce=0
Port [ s_conv1]:  wired=0; compound=1; hidden=1; nouse=0; global=1; static=1; extern=0; dir=2; type=3; pingpong=0; private_global=1; IO mode=ap_fifo:ce=0
Port [ void_max_pool_stream_stream_ap_fixed_8_4_0_0_0_0_pool_buff_28]:  wired=0; compound=1; hidden=1; nouse=1; global=1; static=1; extern=0; dir=2; type=1; pingpong=0; private_global=0; MemPort=[23]; IO mode=ap_memory:ce=0
Port [ void_max_pool_stream_stream_ap_fixed_8_4_0_0_0_0_pool_buff_27]:  wired=0; compound=1; hidden=1; nouse=1; global=1; static=1; extern=0; dir=2; type=1; pingpong=0; private_global=0; MemPort=[23]; IO mode=ap_memory:ce=0
Port [ void_max_pool_stream_stream_ap_fixed_8_4_0_0_0_0_pool_buff_26]:  wired=0; compound=1; hidden=1; nouse=1; global=1; static=1; extern=0; dir=2; type=1; pingpong=0; private_global=0; MemPort=[23]; IO mode=ap_memory:ce=0
Port [ void_max_pool_stream_stream_ap_fixed_8_4_0_0_0_0_pool_buff_25]:  wired=0; compound=1; hidden=1; nouse=1; global=1; static=1; extern=0; dir=2; type=1; pingpong=0; private_global=0; MemPort=[23]; IO mode=ap_memory:ce=0
Port [ void_max_pool_stream_stream_ap_fixed_8_4_0_0_0_0_pool_buff_24]:  wired=0; compound=1; hidden=1; nouse=1; global=1; static=1; extern=0; dir=2; type=1; pingpong=0; private_global=0; MemPort=[23]; IO mode=ap_memory:ce=0
Port [ void_max_pool_stream_stream_ap_fixed_8_4_0_0_0_0_pool_buff_23]:  wired=0; compound=1; hidden=1; nouse=1; global=1; static=1; extern=0; dir=2; type=1; pingpong=0; private_global=0; MemPort=[23]; IO mode=ap_memory:ce=0
Port [ void_max_pool_stream_stream_ap_fixed_8_4_0_0_0_0_pool_buff_22]:  wired=0; compound=1; hidden=1; nouse=1; global=1; static=1; extern=0; dir=2; type=1; pingpong=0; private_global=0; MemPort=[23]; IO mode=ap_memory:ce=0
Port [ void_max_pool_stream_stream_ap_fixed_8_4_0_0_0_0_pool_buff_21]:  wired=0; compound=1; hidden=1; nouse=1; global=1; static=1; extern=0; dir=2; type=1; pingpong=0; private_global=0; MemPort=[23]; IO mode=ap_memory:ce=0
Port [ void_max_pool_stream_stream_ap_fixed_8_4_0_0_0_0_pool_buff_20]:  wired=0; compound=1; hidden=1; nouse=1; global=1; static=1; extern=0; dir=2; type=1; pingpong=0; private_global=0; MemPort=[23]; IO mode=ap_memory:ce=0
Port [ p_ZZ8max_poolILi16ELi32EEvRN3hls6streamI8ap_fixedILi8ELi4EL9ap_q_mode0EL9ap_o_mod_5]:  wired=0; compound=1; hidden=1; nouse=1; global=1; static=1; extern=0; dir=2; type=1; pingpong=0; private_global=0; MemPort=[23]; IO mode=ap_memory:ce=0
Port [ p_ZZ8max_poolILi16ELi32EEvRN3hls6streamI8ap_fixedILi8ELi4EL9ap_q_mode0EL9ap_o_mod_4]:  wired=0; compound=1; hidden=1; nouse=1; global=1; static=1; extern=0; dir=2; type=1; pingpong=0; private_global=0; MemPort=[23]; IO mode=ap_memory:ce=0
Port [ p_ZZ8max_poolILi16ELi32EEvRN3hls6streamI8ap_fixedILi8ELi4EL9ap_q_mode0EL9ap_o_mod_3]:  wired=0; compound=1; hidden=1; nouse=1; global=1; static=1; extern=0; dir=2; type=1; pingpong=0; private_global=0; MemPort=[23]; IO mode=ap_memory:ce=0
Port [ p_ZZ8max_poolILi16ELi32EEvRN3hls6streamI8ap_fixedILi8ELi4EL9ap_q_mode0EL9ap_o_mod_2]:  wired=0; compound=1; hidden=1; nouse=1; global=1; static=1; extern=0; dir=2; type=1; pingpong=0; private_global=0; MemPort=[23]; IO mode=ap_memory:ce=0
Port [ p_ZZ8max_poolILi16ELi32EEvRN3hls6streamI8ap_fixedILi8ELi4EL9ap_q_mode0EL9ap_o_mod_1]:  wired=0; compound=1; hidden=1; nouse=1; global=1; static=1; extern=0; dir=2; type=1; pingpong=0; private_global=0; MemPort=[23]; IO mode=ap_memory:ce=0
Port [ p_ZZ8max_poolILi16ELi32EEvRN3hls6streamI8ap_fixedILi8ELi4EL9ap_q_mode0EL9ap_o_mod]:  wired=0; compound=1; hidden=1; nouse=1; global=1; static=1; extern=0; dir=2; type=1; pingpong=0; private_global=0; MemPort=[23]; IO mode=ap_memory:ce=0
Port [ void_max_pool_stream_stream_ap_fixed_8_4_0_0_0_0_pool_buff_29]:  wired=0; compound=1; hidden=1; nouse=1; global=1; static=1; extern=0; dir=2; type=1; pingpong=0; private_global=0; MemPort=[23]; IO mode=ap_memory:ce=0
Port [ s_pool1]:  wired=0; compound=1; hidden=1; nouse=0; global=1; static=1; extern=0; dir=2; type=3; pingpong=0; private_global=1; IO mode=ap_fifo:ce=0
Port [ void_layer_block_stream_stream_signed_char_const_16_3_3_signed_char_con_1]:  wired=0; compound=1; hidden=1; nouse=1; global=1; static=1; extern=0; dir=2; type=1; pingpong=0; private_global=0; MemPort=[01]; IO mode=ap_memory:ce=0
Port [ void_layer_block_stream_stream_signed_char_const_16_3_3_signed_char_con]:  wired=0; compound=1; hidden=1; nouse=1; global=1; static=1; extern=0; dir=2; type=1; pingpong=0; private_global=0; MemPort=[01]; IO mode=ap_memory:ce=0
Port [ conv2_bias]:  wired=0; compound=1; hidden=1; nouse=1; global=1; static=1; extern=0; dir=0; type=1; pingpong=0; private_global=0; MemPort=[1]; IO mode=ap_memory:ce=0
Port [ conv2_weights]:  wired=0; compound=1; hidden=1; nouse=1; global=1; static=1; extern=0; dir=0; type=1; pingpong=0; private_global=0; MemPort=[11111]; IO mode=ap_memory:ce=0
Port [ s_conv2]:  wired=0; compound=1; hidden=1; nouse=0; global=1; static=1; extern=0; dir=2; type=3; pingpong=0; private_global=1; IO mode=ap_fifo:ce=0
Port [ void_max_pool_stream_stream_ap_fixed_8_4_0_0_0_0_pool_buff_18]:  wired=0; compound=1; hidden=1; nouse=1; global=1; static=1; extern=0; dir=2; type=1; pingpong=0; private_global=0; MemPort=[23]; IO mode=ap_memory:ce=0
Port [ void_max_pool_stream_stream_ap_fixed_8_4_0_0_0_0_pool_buff_17]:  wired=0; compound=1; hidden=1; nouse=1; global=1; static=1; extern=0; dir=2; type=1; pingpong=0; private_global=0; MemPort=[23]; IO mode=ap_memory:ce=0
Port [ void_max_pool_stream_stream_ap_fixed_8_4_0_0_0_0_pool_buff_16]:  wired=0; compound=1; hidden=1; nouse=1; global=1; static=1; extern=0; dir=2; type=1; pingpong=0; private_global=0; MemPort=[23]; IO mode=ap_memory:ce=0
Port [ void_max_pool_stream_stream_ap_fixed_8_4_0_0_0_0_pool_buff_15]:  wired=0; compound=1; hidden=1; nouse=1; global=1; static=1; extern=0; dir=2; type=1; pingpong=0; private_global=0; MemPort=[23]; IO mode=ap_memory:ce=0
Port [ void_max_pool_stream_stream_ap_fixed_8_4_0_0_0_0_pool_buff_14]:  wired=0; compound=1; hidden=1; nouse=1; global=1; static=1; extern=0; dir=2; type=1; pingpong=0; private_global=0; MemPort=[23]; IO mode=ap_memory:ce=0
Port [ void_max_pool_stream_stream_ap_fixed_8_4_0_0_0_0_pool_buff_13]:  wired=0; compound=1; hidden=1; nouse=1; global=1; static=1; extern=0; dir=2; type=1; pingpong=0; private_global=0; MemPort=[23]; IO mode=ap_memory:ce=0
Port [ void_max_pool_stream_stream_ap_fixed_8_4_0_0_0_0_pool_buff_12]:  wired=0; compound=1; hidden=1; nouse=1; global=1; static=1; extern=0; dir=2; type=1; pingpong=0; private_global=0; MemPort=[23]; IO mode=ap_memory:ce=0
Port [ void_max_pool_stream_stream_ap_fixed_8_4_0_0_0_0_pool_buff_11]:  wired=0; compound=1; hidden=1; nouse=1; global=1; static=1; extern=0; dir=2; type=1; pingpong=0; private_global=0; MemPort=[23]; IO mode=ap_memory:ce=0
Port [ void_max_pool_stream_stream_ap_fixed_8_4_0_0_0_0_pool_buff_10]:  wired=0; compound=1; hidden=1; nouse=1; global=1; static=1; extern=0; dir=2; type=1; pingpong=0; private_global=0; MemPort=[23]; IO mode=ap_memory:ce=0
Port [ p_ZZ8max_poolILi32ELi16EEvRN3hls6streamI8ap_fixedILi8ELi4EL9ap_q_mode0EL9ap_o_mod_21]:  wired=0; compound=1; hidden=1; nouse=1; global=1; static=1; extern=0; dir=2; type=1; pingpong=0; private_global=0; MemPort=[23]; IO mode=ap_memory:ce=0
Port [ p_ZZ8max_poolILi32ELi16EEvRN3hls6streamI8ap_fixedILi8ELi4EL9ap_q_mode0EL9ap_o_mod_20]:  wired=0; compound=1; hidden=1; nouse=1; global=1; static=1; extern=0; dir=2; type=1; pingpong=0; private_global=0; MemPort=[23]; IO mode=ap_memory:ce=0
Port [ p_ZZ8max_poolILi32ELi16EEvRN3hls6streamI8ap_fixedILi8ELi4EL9ap_q_mode0EL9ap_o_mod_19]:  wired=0; compound=1; hidden=1; nouse=1; global=1; static=1; extern=0; dir=2; type=1; pingpong=0; private_global=0; MemPort=[23]; IO mode=ap_memory:ce=0
Port [ p_ZZ8max_poolILi32ELi16EEvRN3hls6streamI8ap_fixedILi8ELi4EL9ap_q_mode0EL9ap_o_mod_18]:  wired=0; compound=1; hidden=1; nouse=1; global=1; static=1; extern=0; dir=2; type=1; pingpong=0; private_global=0; MemPort=[23]; IO mode=ap_memory:ce=0
Port [ p_ZZ8max_poolILi32ELi16EEvRN3hls6streamI8ap_fixedILi8ELi4EL9ap_q_mode0EL9ap_o_mod_17]:  wired=0; compound=1; hidden=1; nouse=1; global=1; static=1; extern=0; dir=2; type=1; pingpong=0; private_global=0; MemPort=[23]; IO mode=ap_memory:ce=0
Port [ p_ZZ8max_poolILi32ELi16EEvRN3hls6streamI8ap_fixedILi8ELi4EL9ap_q_mode0EL9ap_o_mod_16]:  wired=0; compound=1; hidden=1; nouse=1; global=1; static=1; extern=0; dir=2; type=1; pingpong=0; private_global=0; MemPort=[23]; IO mode=ap_memory:ce=0
Port [ p_ZZ8max_poolILi32ELi16EEvRN3hls6streamI8ap_fixedILi8ELi4EL9ap_q_mode0EL9ap_o_mod_15]:  wired=0; compound=1; hidden=1; nouse=1; global=1; static=1; extern=0; dir=2; type=1; pingpong=0; private_global=0; MemPort=[23]; IO mode=ap_memory:ce=0
Port [ p_ZZ8max_poolILi32ELi16EEvRN3hls6streamI8ap_fixedILi8ELi4EL9ap_q_mode0EL9ap_o_mod_14]:  wired=0; compound=1; hidden=1; nouse=1; global=1; static=1; extern=0; dir=2; type=1; pingpong=0; private_global=0; MemPort=[23]; IO mode=ap_memory:ce=0
Port [ p_ZZ8max_poolILi32ELi16EEvRN3hls6streamI8ap_fixedILi8ELi4EL9ap_q_mode0EL9ap_o_mod_13]:  wired=0; compound=1; hidden=1; nouse=1; global=1; static=1; extern=0; dir=2; type=1; pingpong=0; private_global=0; MemPort=[23]; IO mode=ap_memory:ce=0
Port [ p_ZZ8max_poolILi32ELi16EEvRN3hls6streamI8ap_fixedILi8ELi4EL9ap_q_mode0EL9ap_o_mod_12]:  wired=0; compound=1; hidden=1; nouse=1; global=1; static=1; extern=0; dir=2; type=1; pingpong=0; private_global=0; MemPort=[23]; IO mode=ap_memory:ce=0
Port [ p_ZZ8max_poolILi32ELi16EEvRN3hls6streamI8ap_fixedILi8ELi4EL9ap_q_mode0EL9ap_o_mod_11]:  wired=0; compound=1; hidden=1; nouse=1; global=1; static=1; extern=0; dir=2; type=1; pingpong=0; private_global=0; MemPort=[23]; IO mode=ap_memory:ce=0
Port [ p_ZZ8max_poolILi32ELi16EEvRN3hls6streamI8ap_fixedILi8ELi4EL9ap_q_mode0EL9ap_o_mod_10]:  wired=0; compound=1; hidden=1; nouse=1; global=1; static=1; extern=0; dir=2; type=1; pingpong=0; private_global=0; MemPort=[23]; IO mode=ap_memory:ce=0
Port [ p_ZZ8max_poolILi32ELi16EEvRN3hls6streamI8ap_fixedILi8ELi4EL9ap_q_mode0EL9ap_o_mod_9]:  wired=0; compound=1; hidden=1; nouse=1; global=1; static=1; extern=0; dir=2; type=1; pingpong=0; private_global=0; MemPort=[23]; IO mode=ap_memory:ce=0
Port [ p_ZZ8max_poolILi32ELi16EEvRN3hls6streamI8ap_fixedILi8ELi4EL9ap_q_mode0EL9ap_o_mod_8]:  wired=0; compound=1; hidden=1; nouse=1; global=1; static=1; extern=0; dir=2; type=1; pingpong=0; private_global=0; MemPort=[23]; IO mode=ap_memory:ce=0
Port [ p_ZZ8max_poolILi32ELi16EEvRN3hls6streamI8ap_fixedILi8ELi4EL9ap_q_mode0EL9ap_o_mod_7]:  wired=0; compound=1; hidden=1; nouse=1; global=1; static=1; extern=0; dir=2; type=1; pingpong=0; private_global=0; MemPort=[23]; IO mode=ap_memory:ce=0
Port [ p_ZZ8max_poolILi32ELi16EEvRN3hls6streamI8ap_fixedILi8ELi4EL9ap_q_mode0EL9ap_o_mod_6]:  wired=0; compound=1; hidden=1; nouse=1; global=1; static=1; extern=0; dir=2; type=1; pingpong=0; private_global=0; MemPort=[23]; IO mode=ap_memory:ce=0
Port [ p_ZZ8max_poolILi32ELi16EEvRN3hls6streamI8ap_fixedILi8ELi4EL9ap_q_mode0EL9ap_o_mod_5]:  wired=0; compound=1; hidden=1; nouse=1; global=1; static=1; extern=0; dir=2; type=1; pingpong=0; private_global=0; MemPort=[23]; IO mode=ap_memory:ce=0
Port [ p_ZZ8max_poolILi32ELi16EEvRN3hls6streamI8ap_fixedILi8ELi4EL9ap_q_mode0EL9ap_o_mod_4]:  wired=0; compound=1; hidden=1; nouse=1; global=1; static=1; extern=0; dir=2; type=1; pingpong=0; private_global=0; MemPort=[23]; IO mode=ap_memory:ce=0
Port [ p_ZZ8max_poolILi32ELi16EEvRN3hls6streamI8ap_fixedILi8ELi4EL9ap_q_mode0EL9ap_o_mod_3]:  wired=0; compound=1; hidden=1; nouse=1; global=1; static=1; extern=0; dir=2; type=1; pingpong=0; private_global=0; MemPort=[23]; IO mode=ap_memory:ce=0
Port [ p_ZZ8max_poolILi32ELi16EEvRN3hls6streamI8ap_fixedILi8ELi4EL9ap_q_mode0EL9ap_o_mod_2]:  wired=0; compound=1; hidden=1; nouse=1; global=1; static=1; extern=0; dir=2; type=1; pingpong=0; private_global=0; MemPort=[23]; IO mode=ap_memory:ce=0
Port [ p_ZZ8max_poolILi32ELi16EEvRN3hls6streamI8ap_fixedILi8ELi4EL9ap_q_mode0EL9ap_o_mod_1]:  wired=0; compound=1; hidden=1; nouse=1; global=1; static=1; extern=0; dir=2; type=1; pingpong=0; private_global=0; MemPort=[23]; IO mode=ap_memory:ce=0
Port [ p_ZZ8max_poolILi32ELi16EEvRN3hls6streamI8ap_fixedILi8ELi4EL9ap_q_mode0EL9ap_o_mod]:  wired=0; compound=1; hidden=1; nouse=1; global=1; static=1; extern=0; dir=2; type=1; pingpong=0; private_global=0; MemPort=[01]; IO mode=ap_memory:ce=0
Port [ void_max_pool_stream_stream_ap_fixed_8_4_0_0_0_0_pool_buff_19]:  wired=0; compound=1; hidden=1; nouse=1; global=1; static=1; extern=0; dir=2; type=1; pingpong=0; private_global=0; MemPort=[23]; IO mode=ap_memory:ce=0
Port [ s_pool2]:  wired=0; compound=1; hidden=1; nouse=0; global=1; static=1; extern=0; dir=2; type=3; pingpong=0; private_global=1; IO mode=ap_fifo:ce=0
Port [ void_layer_block_stream_stream_signed_char_const_32_3_3_signed_char_con_1]:  wired=0; compound=1; hidden=1; nouse=1; global=1; static=1; extern=0; dir=2; type=1; pingpong=0; private_global=0; MemPort=[01]; IO mode=ap_memory:ce=0
Port [ void_layer_block_stream_stream_signed_char_const_32_3_3_signed_char_con]:  wired=0; compound=1; hidden=1; nouse=1; global=1; static=1; extern=0; dir=2; type=1; pingpong=0; private_global=0; MemPort=[01]; IO mode=ap_memory:ce=0
Port [ conv3_bias]:  wired=0; compound=1; hidden=1; nouse=1; global=1; static=1; extern=0; dir=0; type=1; pingpong=0; private_global=0; MemPort=[1]; IO mode=ap_memory:ce=0
Port [ conv3_weights]:  wired=0; compound=1; hidden=1; nouse=1; global=1; static=1; extern=0; dir=0; type=1; pingpong=0; private_global=0; MemPort=[11111]; IO mode=ap_memory:ce=0
Port [ s_conv3]:  wired=0; compound=1; hidden=1; nouse=0; global=1; static=1; extern=0; dir=2; type=3; pingpong=0; private_global=1; IO mode=ap_fifo:ce=0
Port [ void_max_pool_stream_stream_ap_fixed_8_4_0_0_0_0_pool_buff_8]:  wired=0; compound=1; hidden=1; nouse=1; global=1; static=1; extern=0; dir=2; type=1; pingpong=0; private_global=0; MemPort=[23]; IO mode=ap_memory:ce=0
Port [ void_max_pool_stream_stream_ap_fixed_8_4_0_0_0_0_pool_buff_7]:  wired=0; compound=1; hidden=1; nouse=1; global=1; static=1; extern=0; dir=2; type=1; pingpong=0; private_global=0; MemPort=[23]; IO mode=ap_memory:ce=0
Port [ void_max_pool_stream_stream_ap_fixed_8_4_0_0_0_0_pool_buff_6]:  wired=0; compound=1; hidden=1; nouse=1; global=1; static=1; extern=0; dir=2; type=1; pingpong=0; private_global=0; MemPort=[23]; IO mode=ap_memory:ce=0
Port [ void_max_pool_stream_stream_ap_fixed_8_4_0_0_0_0_pool_buff_5]:  wired=0; compound=1; hidden=1; nouse=1; global=1; static=1; extern=0; dir=2; type=1; pingpong=0; private_global=0; MemPort=[23]; IO mode=ap_memory:ce=0
Port [ void_max_pool_stream_stream_ap_fixed_8_4_0_0_0_0_pool_buff_4]:  wired=0; compound=1; hidden=1; nouse=1; global=1; static=1; extern=0; dir=2; type=1; pingpong=0; private_global=0; MemPort=[23]; IO mode=ap_memory:ce=0
Port [ void_max_pool_stream_stream_ap_fixed_8_4_0_0_0_0_pool_buff_3]:  wired=0; compound=1; hidden=1; nouse=1; global=1; static=1; extern=0; dir=2; type=1; pingpong=0; private_global=0; MemPort=[23]; IO mode=ap_memory:ce=0
Port [ void_max_pool_stream_stream_ap_fixed_8_4_0_0_0_0_pool_buff_2]:  wired=0; compound=1; hidden=1; nouse=1; global=1; static=1; extern=0; dir=2; type=1; pingpong=0; private_global=0; MemPort=[23]; IO mode=ap_memory:ce=0
Port [ void_max_pool_stream_stream_ap_fixed_8_4_0_0_0_0_pool_buff_1]:  wired=0; compound=1; hidden=1; nouse=1; global=1; static=1; extern=0; dir=2; type=1; pingpong=0; private_global=0; MemPort=[23]; IO mode=ap_memory:ce=0
Port [ void_max_pool_stream_stream_ap_fixed_8_4_0_0_0_0_pool_buff]:  wired=0; compound=1; hidden=1; nouse=1; global=1; static=1; extern=0; dir=2; type=1; pingpong=0; private_global=0; MemPort=[23]; IO mode=ap_memory:ce=0
Port [ p_ZZ8max_poolILi64ELi8EEvRN3hls6streamI8ap_fixedILi8ELi4EL9ap_q_mode0EL9ap_o_mode_53]:  wired=0; compound=1; hidden=1; nouse=1; global=1; static=1; extern=0; dir=2; type=1; pingpong=0; private_global=0; MemPort=[23]; IO mode=ap_memory:ce=0
Port [ p_ZZ8max_poolILi64ELi8EEvRN3hls6streamI8ap_fixedILi8ELi4EL9ap_q_mode0EL9ap_o_mode_52]:  wired=0; compound=1; hidden=1; nouse=1; global=1; static=1; extern=0; dir=2; type=1; pingpong=0; private_global=0; MemPort=[23]; IO mode=ap_memory:ce=0
Port [ p_ZZ8max_poolILi64ELi8EEvRN3hls6streamI8ap_fixedILi8ELi4EL9ap_q_mode0EL9ap_o_mode_51]:  wired=0; compound=1; hidden=1; nouse=1; global=1; static=1; extern=0; dir=2; type=1; pingpong=0; private_global=0; MemPort=[23]; IO mode=ap_memory:ce=0
Port [ p_ZZ8max_poolILi64ELi8EEvRN3hls6streamI8ap_fixedILi8ELi4EL9ap_q_mode0EL9ap_o_mode_50]:  wired=0; compound=1; hidden=1; nouse=1; global=1; static=1; extern=0; dir=2; type=1; pingpong=0; private_global=0; MemPort=[23]; IO mode=ap_memory:ce=0
Port [ p_ZZ8max_poolILi64ELi8EEvRN3hls6streamI8ap_fixedILi8ELi4EL9ap_q_mode0EL9ap_o_mode_49]:  wired=0; compound=1; hidden=1; nouse=1; global=1; static=1; extern=0; dir=2; type=1; pingpong=0; private_global=0; MemPort=[23]; IO mode=ap_memory:ce=0
Port [ p_ZZ8max_poolILi64ELi8EEvRN3hls6streamI8ap_fixedILi8ELi4EL9ap_q_mode0EL9ap_o_mode_48]:  wired=0; compound=1; hidden=1; nouse=1; global=1; static=1; extern=0; dir=2; type=1; pingpong=0; private_global=0; MemPort=[23]; IO mode=ap_memory:ce=0
Port [ p_ZZ8max_poolILi64ELi8EEvRN3hls6streamI8ap_fixedILi8ELi4EL9ap_q_mode0EL9ap_o_mode_47]:  wired=0; compound=1; hidden=1; nouse=1; global=1; static=1; extern=0; dir=2; type=1; pingpong=0; private_global=0; MemPort=[23]; IO mode=ap_memory:ce=0
Port [ p_ZZ8max_poolILi64ELi8EEvRN3hls6streamI8ap_fixedILi8ELi4EL9ap_q_mode0EL9ap_o_mode_46]:  wired=0; compound=1; hidden=1; nouse=1; global=1; static=1; extern=0; dir=2; type=1; pingpong=0; private_global=0; MemPort=[23]; IO mode=ap_memory:ce=0
Port [ p_ZZ8max_poolILi64ELi8EEvRN3hls6streamI8ap_fixedILi8ELi4EL9ap_q_mode0EL9ap_o_mode_45]:  wired=0; compound=1; hidden=1; nouse=1; global=1; static=1; extern=0; dir=2; type=1; pingpong=0; private_global=0; MemPort=[23]; IO mode=ap_memory:ce=0
Port [ p_ZZ8max_poolILi64ELi8EEvRN3hls6streamI8ap_fixedILi8ELi4EL9ap_q_mode0EL9ap_o_mode_44]:  wired=0; compound=1; hidden=1; nouse=1; global=1; static=1; extern=0; dir=2; type=1; pingpong=0; private_global=0; MemPort=[23]; IO mode=ap_memory:ce=0
Port [ p_ZZ8max_poolILi64ELi8EEvRN3hls6streamI8ap_fixedILi8ELi4EL9ap_q_mode0EL9ap_o_mode_43]:  wired=0; compound=1; hidden=1; nouse=1; global=1; static=1; extern=0; dir=2; type=1; pingpong=0; private_global=0; MemPort=[23]; IO mode=ap_memory:ce=0
Port [ p_ZZ8max_poolILi64ELi8EEvRN3hls6streamI8ap_fixedILi8ELi4EL9ap_q_mode0EL9ap_o_mode_42]:  wired=0; compound=1; hidden=1; nouse=1; global=1; static=1; extern=0; dir=2; type=1; pingpong=0; private_global=0; MemPort=[23]; IO mode=ap_memory:ce=0
Port [ p_ZZ8max_poolILi64ELi8EEvRN3hls6streamI8ap_fixedILi8ELi4EL9ap_q_mode0EL9ap_o_mode_41]:  wired=0; compound=1; hidden=1; nouse=1; global=1; static=1; extern=0; dir=2; type=1; pingpong=0; private_global=0; MemPort=[23]; IO mode=ap_memory:ce=0
Port [ p_ZZ8max_poolILi64ELi8EEvRN3hls6streamI8ap_fixedILi8ELi4EL9ap_q_mode0EL9ap_o_mode_40]:  wired=0; compound=1; hidden=1; nouse=1; global=1; static=1; extern=0; dir=2; type=1; pingpong=0; private_global=0; MemPort=[23]; IO mode=ap_memory:ce=0
Port [ p_ZZ8max_poolILi64ELi8EEvRN3hls6streamI8ap_fixedILi8ELi4EL9ap_q_mode0EL9ap_o_mode_39]:  wired=0; compound=1; hidden=1; nouse=1; global=1; static=1; extern=0; dir=2; type=1; pingpong=0; private_global=0; MemPort=[23]; IO mode=ap_memory:ce=0
Port [ p_ZZ8max_poolILi64ELi8EEvRN3hls6streamI8ap_fixedILi8ELi4EL9ap_q_mode0EL9ap_o_mode_38]:  wired=0; compound=1; hidden=1; nouse=1; global=1; static=1; extern=0; dir=2; type=1; pingpong=0; private_global=0; MemPort=[23]; IO mode=ap_memory:ce=0
Port [ p_ZZ8max_poolILi64ELi8EEvRN3hls6streamI8ap_fixedILi8ELi4EL9ap_q_mode0EL9ap_o_mode_37]:  wired=0; compound=1; hidden=1; nouse=1; global=1; static=1; extern=0; dir=2; type=1; pingpong=0; private_global=0; MemPort=[23]; IO mode=ap_memory:ce=0
Port [ p_ZZ8max_poolILi64ELi8EEvRN3hls6streamI8ap_fixedILi8ELi4EL9ap_q_mode0EL9ap_o_mode_36]:  wired=0; compound=1; hidden=1; nouse=1; global=1; static=1; extern=0; dir=2; type=1; pingpong=0; private_global=0; MemPort=[23]; IO mode=ap_memory:ce=0
Port [ p_ZZ8max_poolILi64ELi8EEvRN3hls6streamI8ap_fixedILi8ELi4EL9ap_q_mode0EL9ap_o_mode_35]:  wired=0; compound=1; hidden=1; nouse=1; global=1; static=1; extern=0; dir=2; type=1; pingpong=0; private_global=0; MemPort=[23]; IO mode=ap_memory:ce=0
Port [ p_ZZ8max_poolILi64ELi8EEvRN3hls6streamI8ap_fixedILi8ELi4EL9ap_q_mode0EL9ap_o_mode_34]:  wired=0; compound=1; hidden=1; nouse=1; global=1; static=1; extern=0; dir=2; type=1; pingpong=0; private_global=0; MemPort=[23]; IO mode=ap_memory:ce=0
Port [ p_ZZ8max_poolILi64ELi8EEvRN3hls6streamI8ap_fixedILi8ELi4EL9ap_q_mode0EL9ap_o_mode_33]:  wired=0; compound=1; hidden=1; nouse=1; global=1; static=1; extern=0; dir=2; type=1; pingpong=0; private_global=0; MemPort=[23]; IO mode=ap_memory:ce=0
Port [ p_ZZ8max_poolILi64ELi8EEvRN3hls6streamI8ap_fixedILi8ELi4EL9ap_q_mode0EL9ap_o_mode_32]:  wired=0; compound=1; hidden=1; nouse=1; global=1; static=1; extern=0; dir=2; type=1; pingpong=0; private_global=0; MemPort=[23]; IO mode=ap_memory:ce=0
Port [ p_ZZ8max_poolILi64ELi8EEvRN3hls6streamI8ap_fixedILi8ELi4EL9ap_q_mode0EL9ap_o_mode_31]:  wired=0; compound=1; hidden=1; nouse=1; global=1; static=1; extern=0; dir=2; type=1; pingpong=0; private_global=0; MemPort=[23]; IO mode=ap_memory:ce=0
Port [ p_ZZ8max_poolILi64ELi8EEvRN3hls6streamI8ap_fixedILi8ELi4EL9ap_q_mode0EL9ap_o_mode_30]:  wired=0; compound=1; hidden=1; nouse=1; global=1; static=1; extern=0; dir=2; type=1; pingpong=0; private_global=0; MemPort=[23]; IO mode=ap_memory:ce=0
Port [ p_ZZ8max_poolILi64ELi8EEvRN3hls6streamI8ap_fixedILi8ELi4EL9ap_q_mode0EL9ap_o_mode_29]:  wired=0; compound=1; hidden=1; nouse=1; global=1; static=1; extern=0; dir=2; type=1; pingpong=0; private_global=0; MemPort=[23]; IO mode=ap_memory:ce=0
Port [ p_ZZ8max_poolILi64ELi8EEvRN3hls6streamI8ap_fixedILi8ELi4EL9ap_q_mode0EL9ap_o_mode_28]:  wired=0; compound=1; hidden=1; nouse=1; global=1; static=1; extern=0; dir=2; type=1; pingpong=0; private_global=0; MemPort=[23]; IO mode=ap_memory:ce=0
Port [ p_ZZ8max_poolILi64ELi8EEvRN3hls6streamI8ap_fixedILi8ELi4EL9ap_q_mode0EL9ap_o_mode_27]:  wired=0; compound=1; hidden=1; nouse=1; global=1; static=1; extern=0; dir=2; type=1; pingpong=0; private_global=0; MemPort=[23]; IO mode=ap_memory:ce=0
Port [ p_ZZ8max_poolILi64ELi8EEvRN3hls6streamI8ap_fixedILi8ELi4EL9ap_q_mode0EL9ap_o_mode_26]:  wired=0; compound=1; hidden=1; nouse=1; global=1; static=1; extern=0; dir=2; type=1; pingpong=0; private_global=0; MemPort=[23]; IO mode=ap_memory:ce=0
Port [ p_ZZ8max_poolILi64ELi8EEvRN3hls6streamI8ap_fixedILi8ELi4EL9ap_q_mode0EL9ap_o_mode_25]:  wired=0; compound=1; hidden=1; nouse=1; global=1; static=1; extern=0; dir=2; type=1; pingpong=0; private_global=0; MemPort=[23]; IO mode=ap_memory:ce=0
Port [ p_ZZ8max_poolILi64ELi8EEvRN3hls6streamI8ap_fixedILi8ELi4EL9ap_q_mode0EL9ap_o_mode_24]:  wired=0; compound=1; hidden=1; nouse=1; global=1; static=1; extern=0; dir=2; type=1; pingpong=0; private_global=0; MemPort=[23]; IO mode=ap_memory:ce=0
Port [ p_ZZ8max_poolILi64ELi8EEvRN3hls6streamI8ap_fixedILi8ELi4EL9ap_q_mode0EL9ap_o_mode_23]:  wired=0; compound=1; hidden=1; nouse=1; global=1; static=1; extern=0; dir=2; type=1; pingpong=0; private_global=0; MemPort=[23]; IO mode=ap_memory:ce=0
Port [ p_ZZ8max_poolILi64ELi8EEvRN3hls6streamI8ap_fixedILi8ELi4EL9ap_q_mode0EL9ap_o_mode_22]:  wired=0; compound=1; hidden=1; nouse=1; global=1; static=1; extern=0; dir=2; type=1; pingpong=0; private_global=0; MemPort=[23]; IO mode=ap_memory:ce=0
Port [ p_ZZ8max_poolILi64ELi8EEvRN3hls6streamI8ap_fixedILi8ELi4EL9ap_q_mode0EL9ap_o_mode_21]:  wired=0; compound=1; hidden=1; nouse=1; global=1; static=1; extern=0; dir=2; type=1; pingpong=0; private_global=0; MemPort=[23]; IO mode=ap_memory:ce=0
Port [ p_ZZ8max_poolILi64ELi8EEvRN3hls6streamI8ap_fixedILi8ELi4EL9ap_q_mode0EL9ap_o_mode_20]:  wired=0; compound=1; hidden=1; nouse=1; global=1; static=1; extern=0; dir=2; type=1; pingpong=0; private_global=0; MemPort=[23]; IO mode=ap_memory:ce=0
Port [ p_ZZ8max_poolILi64ELi8EEvRN3hls6streamI8ap_fixedILi8ELi4EL9ap_q_mode0EL9ap_o_mode_19]:  wired=0; compound=1; hidden=1; nouse=1; global=1; static=1; extern=0; dir=2; type=1; pingpong=0; private_global=0; MemPort=[23]; IO mode=ap_memory:ce=0
Port [ p_ZZ8max_poolILi64ELi8EEvRN3hls6streamI8ap_fixedILi8ELi4EL9ap_q_mode0EL9ap_o_mode_18]:  wired=0; compound=1; hidden=1; nouse=1; global=1; static=1; extern=0; dir=2; type=1; pingpong=0; private_global=0; MemPort=[23]; IO mode=ap_memory:ce=0
Port [ p_ZZ8max_poolILi64ELi8EEvRN3hls6streamI8ap_fixedILi8ELi4EL9ap_q_mode0EL9ap_o_mode_17]:  wired=0; compound=1; hidden=1; nouse=1; global=1; static=1; extern=0; dir=2; type=1; pingpong=0; private_global=0; MemPort=[23]; IO mode=ap_memory:ce=0
Port [ p_ZZ8max_poolILi64ELi8EEvRN3hls6streamI8ap_fixedILi8ELi4EL9ap_q_mode0EL9ap_o_mode_16]:  wired=0; compound=1; hidden=1; nouse=1; global=1; static=1; extern=0; dir=2; type=1; pingpong=0; private_global=0; MemPort=[23]; IO mode=ap_memory:ce=0
Port [ p_ZZ8max_poolILi64ELi8EEvRN3hls6streamI8ap_fixedILi8ELi4EL9ap_q_mode0EL9ap_o_mode_15]:  wired=0; compound=1; hidden=1; nouse=1; global=1; static=1; extern=0; dir=2; type=1; pingpong=0; private_global=0; MemPort=[23]; IO mode=ap_memory:ce=0
Port [ p_ZZ8max_poolILi64ELi8EEvRN3hls6streamI8ap_fixedILi8ELi4EL9ap_q_mode0EL9ap_o_mode_14]:  wired=0; compound=1; hidden=1; nouse=1; global=1; static=1; extern=0; dir=2; type=1; pingpong=0; private_global=0; MemPort=[23]; IO mode=ap_memory:ce=0
Port [ p_ZZ8max_poolILi64ELi8EEvRN3hls6streamI8ap_fixedILi8ELi4EL9ap_q_mode0EL9ap_o_mode_13]:  wired=0; compound=1; hidden=1; nouse=1; global=1; static=1; extern=0; dir=2; type=1; pingpong=0; private_global=0; MemPort=[23]; IO mode=ap_memory:ce=0
Port [ p_ZZ8max_poolILi64ELi8EEvRN3hls6streamI8ap_fixedILi8ELi4EL9ap_q_mode0EL9ap_o_mode_12]:  wired=0; compound=1; hidden=1; nouse=1; global=1; static=1; extern=0; dir=2; type=1; pingpong=0; private_global=0; MemPort=[23]; IO mode=ap_memory:ce=0
Port [ p_ZZ8max_poolILi64ELi8EEvRN3hls6streamI8ap_fixedILi8ELi4EL9ap_q_mode0EL9ap_o_mode_11]:  wired=0; compound=1; hidden=1; nouse=1; global=1; static=1; extern=0; dir=2; type=1; pingpong=0; private_global=0; MemPort=[23]; IO mode=ap_memory:ce=0
Port [ p_ZZ8max_poolILi64ELi8EEvRN3hls6streamI8ap_fixedILi8ELi4EL9ap_q_mode0EL9ap_o_mode_10]:  wired=0; compound=1; hidden=1; nouse=1; global=1; static=1; extern=0; dir=2; type=1; pingpong=0; private_global=0; MemPort=[23]; IO mode=ap_memory:ce=0
Port [ p_ZZ8max_poolILi64ELi8EEvRN3hls6streamI8ap_fixedILi8ELi4EL9ap_q_mode0EL9ap_o_mode_9]:  wired=0; compound=1; hidden=1; nouse=1; global=1; static=1; extern=0; dir=2; type=1; pingpong=0; private_global=0; MemPort=[23]; IO mode=ap_memory:ce=0
Port [ p_ZZ8max_poolILi64ELi8EEvRN3hls6streamI8ap_fixedILi8ELi4EL9ap_q_mode0EL9ap_o_mode_8]:  wired=0; compound=1; hidden=1; nouse=1; global=1; static=1; extern=0; dir=2; type=1; pingpong=0; private_global=0; MemPort=[23]; IO mode=ap_memory:ce=0
Port [ p_ZZ8max_poolILi64ELi8EEvRN3hls6streamI8ap_fixedILi8ELi4EL9ap_q_mode0EL9ap_o_mode_7]:  wired=0; compound=1; hidden=1; nouse=1; global=1; static=1; extern=0; dir=2; type=1; pingpong=0; private_global=0; MemPort=[23]; IO mode=ap_memory:ce=0
Port [ p_ZZ8max_poolILi64ELi8EEvRN3hls6streamI8ap_fixedILi8ELi4EL9ap_q_mode0EL9ap_o_mode_6]:  wired=0; compound=1; hidden=1; nouse=1; global=1; static=1; extern=0; dir=2; type=1; pingpong=0; private_global=0; MemPort=[23]; IO mode=ap_memory:ce=0
Port [ p_ZZ8max_poolILi64ELi8EEvRN3hls6streamI8ap_fixedILi8ELi4EL9ap_q_mode0EL9ap_o_mode_5]:  wired=0; compound=1; hidden=1; nouse=1; global=1; static=1; extern=0; dir=2; type=1; pingpong=0; private_global=0; MemPort=[23]; IO mode=ap_memory:ce=0
Port [ p_ZZ8max_poolILi64ELi8EEvRN3hls6streamI8ap_fixedILi8ELi4EL9ap_q_mode0EL9ap_o_mode_4]:  wired=0; compound=1; hidden=1; nouse=1; global=1; static=1; extern=0; dir=2; type=1; pingpong=0; private_global=0; MemPort=[23]; IO mode=ap_memory:ce=0
Port [ p_ZZ8max_poolILi64ELi8EEvRN3hls6streamI8ap_fixedILi8ELi4EL9ap_q_mode0EL9ap_o_mode_3]:  wired=0; compound=1; hidden=1; nouse=1; global=1; static=1; extern=0; dir=2; type=1; pingpong=0; private_global=0; MemPort=[23]; IO mode=ap_memory:ce=0
Port [ p_ZZ8max_poolILi64ELi8EEvRN3hls6streamI8ap_fixedILi8ELi4EL9ap_q_mode0EL9ap_o_mode_2]:  wired=0; compound=1; hidden=1; nouse=1; global=1; static=1; extern=0; dir=2; type=1; pingpong=0; private_global=0; MemPort=[23]; IO mode=ap_memory:ce=0
Port [ p_ZZ8max_poolILi64ELi8EEvRN3hls6streamI8ap_fixedILi8ELi4EL9ap_q_mode0EL9ap_o_mode_1]:  wired=0; compound=1; hidden=1; nouse=1; global=1; static=1; extern=0; dir=2; type=1; pingpong=0; private_global=0; MemPort=[23]; IO mode=ap_memory:ce=0
Port [ p_ZZ8max_poolILi64ELi8EEvRN3hls6streamI8ap_fixedILi8ELi4EL9ap_q_mode0EL9ap_o_mode]:  wired=0; compound=1; hidden=1; nouse=1; global=1; static=1; extern=0; dir=2; type=1; pingpong=0; private_global=0; MemPort=[01]; IO mode=ap_memory:ce=0
Port [ void_max_pool_stream_stream_ap_fixed_8_4_0_0_0_0_pool_buff_9]:  wired=0; compound=1; hidden=1; nouse=1; global=1; static=1; extern=0; dir=2; type=1; pingpong=0; private_global=0; MemPort=[23]; IO mode=ap_memory:ce=0
Port [ s_pool3]:  wired=0; compound=1; hidden=1; nouse=0; global=1; static=1; extern=0; dir=2; type=3; pingpong=0; private_global=1; IO mode=ap_fifo:ce=0
Port [ dense_bias]:  wired=0; compound=1; hidden=1; nouse=1; global=1; static=1; extern=0; dir=0; type=1; pingpong=0; private_global=0; MemPort=[1]; IO mode=ap_memory:ce=0
Port [ dense_weights]:  wired=0; compound=1; hidden=1; nouse=1; global=1; static=1; extern=0; dir=0; type=1; pingpong=0; private_global=0; MemPort=[1]; IO mode=ap_memory:ce=0
---------------- STG Properties END ------------------

---------------- Datapath Model BEGIN ----------------

<LifeTime>
<method=bitvector/>
call_ln203                 (call                ) [ 0000000000000000000]
call_ln205                 (call                ) [ 0000000000000000000]
call_ln206                 (call                ) [ 0000000000000000000]
call_ln208                 (call                ) [ 0000000000000000000]
call_ln209                 (call                ) [ 0000000000000000000]
call_ln211                 (call                ) [ 0000000000000000000]
call_ln212                 (call                ) [ 0000000000000000000]
call_ln214                 (call                ) [ 0000000000000000000]
specdataflowpipeline_ln201 (specdataflowpipeline) [ 0000000000000000000]
empty                      (specchannel         ) [ 0000000000000000000]
empty_30                   (specchannel         ) [ 0000000000000000000]
empty_31                   (specchannel         ) [ 0000000000000000000]
empty_32                   (specchannel         ) [ 0000000000000000000]
empty_33                   (specchannel         ) [ 0000000000000000000]
empty_34                   (specchannel         ) [ 0000000000000000000]
empty_35                   (specchannel         ) [ 0000000000000000000]
spectopmodule_ln178        (spectopmodule       ) [ 0000000000000000000]
specinterface_ln0          (specinterface       ) [ 0000000000000000000]
specbitsmap_ln0            (specbitsmap         ) [ 0000000000000000000]
specbitsmap_ln0            (specbitsmap         ) [ 0000000000000000000]
specbitsmap_ln0            (specbitsmap         ) [ 0000000000000000000]
specbitsmap_ln0            (specbitsmap         ) [ 0000000000000000000]
specinterface_ln0          (specinterface       ) [ 0000000000000000000]
specbitsmap_ln0            (specbitsmap         ) [ 0000000000000000000]
specbitsmap_ln0            (specbitsmap         ) [ 0000000000000000000]
specbitsmap_ln0            (specbitsmap         ) [ 0000000000000000000]
specbitsmap_ln0            (specbitsmap         ) [ 0000000000000000000]
specinterface_ln0          (specinterface       ) [ 0000000000000000000]
specinterface_ln0          (specinterface       ) [ 0000000000000000000]
specinterface_ln0          (specinterface       ) [ 0000000000000000000]
specinterface_ln0          (specinterface       ) [ 0000000000000000000]
specinterface_ln0          (specinterface       ) [ 0000000000000000000]
specinterface_ln0          (specinterface       ) [ 0000000000000000000]
specinterface_ln0          (specinterface       ) [ 0000000000000000000]
specinterface_ln0          (specinterface       ) [ 0000000000000000000]
specaxissidechannel_ln215  (specaxissidechannel ) [ 0000000000000000000]
specaxissidechannel_ln215  (specaxissidechannel ) [ 0000000000000000000]
ret_ln215                  (ret                 ) [ 0000000000000000000]
</LifeTime>

<model>

<comp_list>
<comp id="0" class="1000" name="INPUT_STREAM_V_data_V">
<pin_list>
<pin id="1" dir="1" index="0" bw="1" slack="0"/>
</pin_list>
<bind>
<StgValue><ssdm name="INPUT_STREAM_V_data_V"/></StgValue>
</bind>
</comp>

<comp id="2" class="1000" name="INPUT_STREAM_V_keep_V">
<pin_list>
<pin id="3" dir="1" index="0" bw="1" slack="0"/>
</pin_list>
<bind>
<StgValue><ssdm name="INPUT_STREAM_V_keep_V"/></StgValue>
</bind>
</comp>

<comp id="4" class="1000" name="INPUT_STREAM_V_strb_V">
<pin_list>
<pin id="5" dir="1" index="0" bw="1" slack="0"/>
</pin_list>
<bind>
<StgValue><ssdm name="INPUT_STREAM_V_strb_V"/></StgValue>
</bind>
</comp>

<comp id="6" class="1000" name="INPUT_STREAM_V_last_V">
<pin_list>
<pin id="7" dir="1" index="0" bw="1" slack="0"/>
</pin_list>
<bind>
<StgValue><ssdm name="INPUT_STREAM_V_last_V"/></StgValue>
</bind>
</comp>

<comp id="8" class="1000" name="OUTPUT_STREAM_V_data_V">
<pin_list>
<pin id="9" dir="1" index="0" bw="1" slack="0"/>
</pin_list>
<bind>
<StgValue><ssdm name="OUTPUT_STREAM_V_data_V"/></StgValue>
</bind>
</comp>

<comp id="10" class="1000" name="OUTPUT_STREAM_V_keep_V">
<pin_list>
<pin id="11" dir="1" index="0" bw="1" slack="0"/>
</pin_list>
<bind>
<StgValue><ssdm name="OUTPUT_STREAM_V_keep_V"/></StgValue>
</bind>
</comp>

<comp id="12" class="1000" name="OUTPUT_STREAM_V_strb_V">
<pin_list>
<pin id="13" dir="1" index="0" bw="1" slack="0"/>
</pin_list>
<bind>
<StgValue><ssdm name="OUTPUT_STREAM_V_strb_V"/></StgValue>
</bind>
</comp>

<comp id="14" class="1000" name="OUTPUT_STREAM_V_last_V">
<pin_list>
<pin id="15" dir="1" index="0" bw="1" slack="0"/>
</pin_list>
<bind>
<StgValue><ssdm name="OUTPUT_STREAM_V_last_V"/></StgValue>
</bind>
</comp>

<comp id="16" class="1000" name="s_input">
<pin_list>
<pin id="17" dir="1" index="0" bw="1" slack="0"/>
</pin_list>
<bind>
<StgValue><ssdm name="s_input"/></StgValue>
</bind>
</comp>

<comp id="18" class="1000" name="void_layer_block_stream_stream_signed_char_const_1_3_3_signed_char_cons_1">
<pin_list>
<pin id="19" dir="1" index="0" bw="1" slack="0"/>
</pin_list>
<bind>
<StgValue><ssdm name="void_layer_block_stream_stream_signed_char_const_1_3_3_signed_char_cons_1"/><MemPortTyVec>2 3 </MemPortTyVec>
</StgValue>
</bind>
</comp>

<comp id="20" class="1000" name="void_layer_block_stream_stream_signed_char_const_1_3_3_signed_char_cons">
<pin_list>
<pin id="21" dir="1" index="0" bw="1" slack="0"/>
</pin_list>
<bind>
<StgValue><ssdm name="void_layer_block_stream_stream_signed_char_const_1_3_3_signed_char_cons"/><MemPortTyVec>2 3 </MemPortTyVec>
</StgValue>
</bind>
</comp>

<comp id="22" class="1000" name="s_conv1">
<pin_list>
<pin id="23" dir="1" index="0" bw="1" slack="0"/>
</pin_list>
<bind>
<StgValue><ssdm name="s_conv1"/></StgValue>
</bind>
</comp>

<comp id="24" class="1000" name="void_max_pool_stream_stream_ap_fixed_8_4_0_0_0_0_pool_buff_28">
<pin_list>
<pin id="25" dir="1" index="0" bw="1" slack="0"/>
</pin_list>
<bind>
<StgValue><ssdm name="void_max_pool_stream_stream_ap_fixed_8_4_0_0_0_0_pool_buff_28"/><MemPortTyVec>2 3 </MemPortTyVec>
</StgValue>
</bind>
</comp>

<comp id="26" class="1000" name="void_max_pool_stream_stream_ap_fixed_8_4_0_0_0_0_pool_buff_27">
<pin_list>
<pin id="27" dir="1" index="0" bw="1" slack="0"/>
</pin_list>
<bind>
<StgValue><ssdm name="void_max_pool_stream_stream_ap_fixed_8_4_0_0_0_0_pool_buff_27"/><MemPortTyVec>2 3 </MemPortTyVec>
</StgValue>
</bind>
</comp>

<comp id="28" class="1000" name="void_max_pool_stream_stream_ap_fixed_8_4_0_0_0_0_pool_buff_26">
<pin_list>
<pin id="29" dir="1" index="0" bw="1" slack="0"/>
</pin_list>
<bind>
<StgValue><ssdm name="void_max_pool_stream_stream_ap_fixed_8_4_0_0_0_0_pool_buff_26"/><MemPortTyVec>2 3 </MemPortTyVec>
</StgValue>
</bind>
</comp>

<comp id="30" class="1000" name="void_max_pool_stream_stream_ap_fixed_8_4_0_0_0_0_pool_buff_25">
<pin_list>
<pin id="31" dir="1" index="0" bw="1" slack="0"/>
</pin_list>
<bind>
<StgValue><ssdm name="void_max_pool_stream_stream_ap_fixed_8_4_0_0_0_0_pool_buff_25"/><MemPortTyVec>2 3 </MemPortTyVec>
</StgValue>
</bind>
</comp>

<comp id="32" class="1000" name="void_max_pool_stream_stream_ap_fixed_8_4_0_0_0_0_pool_buff_24">
<pin_list>
<pin id="33" dir="1" index="0" bw="1" slack="0"/>
</pin_list>
<bind>
<StgValue><ssdm name="void_max_pool_stream_stream_ap_fixed_8_4_0_0_0_0_pool_buff_24"/><MemPortTyVec>2 3 </MemPortTyVec>
</StgValue>
</bind>
</comp>

<comp id="34" class="1000" name="void_max_pool_stream_stream_ap_fixed_8_4_0_0_0_0_pool_buff_23">
<pin_list>
<pin id="35" dir="1" index="0" bw="1" slack="0"/>
</pin_list>
<bind>
<StgValue><ssdm name="void_max_pool_stream_stream_ap_fixed_8_4_0_0_0_0_pool_buff_23"/><MemPortTyVec>2 3 </MemPortTyVec>
</StgValue>
</bind>
</comp>

<comp id="36" class="1000" name="void_max_pool_stream_stream_ap_fixed_8_4_0_0_0_0_pool_buff_22">
<pin_list>
<pin id="37" dir="1" index="0" bw="1" slack="0"/>
</pin_list>
<bind>
<StgValue><ssdm name="void_max_pool_stream_stream_ap_fixed_8_4_0_0_0_0_pool_buff_22"/><MemPortTyVec>2 3 </MemPortTyVec>
</StgValue>
</bind>
</comp>

<comp id="38" class="1000" name="void_max_pool_stream_stream_ap_fixed_8_4_0_0_0_0_pool_buff_21">
<pin_list>
<pin id="39" dir="1" index="0" bw="1" slack="0"/>
</pin_list>
<bind>
<StgValue><ssdm name="void_max_pool_stream_stream_ap_fixed_8_4_0_0_0_0_pool_buff_21"/><MemPortTyVec>2 3 </MemPortTyVec>
</StgValue>
</bind>
</comp>

<comp id="40" class="1000" name="void_max_pool_stream_stream_ap_fixed_8_4_0_0_0_0_pool_buff_20">
<pin_list>
<pin id="41" dir="1" index="0" bw="1" slack="0"/>
</pin_list>
<bind>
<StgValue><ssdm name="void_max_pool_stream_stream_ap_fixed_8_4_0_0_0_0_pool_buff_20"/><MemPortTyVec>2 3 </MemPortTyVec>
</StgValue>
</bind>
</comp>

<comp id="42" class="1000" name="p_ZZ8max_poolILi16ELi32EEvRN3hls6streamI8ap_fixedILi8ELi4EL9ap_q_mode0EL9ap_o_mod_5">
<pin_list>
<pin id="43" dir="1" index="0" bw="1" slack="0"/>
</pin_list>
<bind>
<StgValue><ssdm name="p_ZZ8max_poolILi16ELi32EEvRN3hls6streamI8ap_fixedILi8ELi4EL9ap_q_mode0EL9ap_o_mod_5"/><MemPortTyVec>2 3 </MemPortTyVec>
</StgValue>
</bind>
</comp>

<comp id="44" class="1000" name="p_ZZ8max_poolILi16ELi32EEvRN3hls6streamI8ap_fixedILi8ELi4EL9ap_q_mode0EL9ap_o_mod_4">
<pin_list>
<pin id="45" dir="1" index="0" bw="1" slack="0"/>
</pin_list>
<bind>
<StgValue><ssdm name="p_ZZ8max_poolILi16ELi32EEvRN3hls6streamI8ap_fixedILi8ELi4EL9ap_q_mode0EL9ap_o_mod_4"/><MemPortTyVec>2 3 </MemPortTyVec>
</StgValue>
</bind>
</comp>

<comp id="46" class="1000" name="p_ZZ8max_poolILi16ELi32EEvRN3hls6streamI8ap_fixedILi8ELi4EL9ap_q_mode0EL9ap_o_mod_3">
<pin_list>
<pin id="47" dir="1" index="0" bw="1" slack="0"/>
</pin_list>
<bind>
<StgValue><ssdm name="p_ZZ8max_poolILi16ELi32EEvRN3hls6streamI8ap_fixedILi8ELi4EL9ap_q_mode0EL9ap_o_mod_3"/><MemPortTyVec>2 3 </MemPortTyVec>
</StgValue>
</bind>
</comp>

<comp id="48" class="1000" name="p_ZZ8max_poolILi16ELi32EEvRN3hls6streamI8ap_fixedILi8ELi4EL9ap_q_mode0EL9ap_o_mod_2">
<pin_list>
<pin id="49" dir="1" index="0" bw="1" slack="0"/>
</pin_list>
<bind>
<StgValue><ssdm name="p_ZZ8max_poolILi16ELi32EEvRN3hls6streamI8ap_fixedILi8ELi4EL9ap_q_mode0EL9ap_o_mod_2"/><MemPortTyVec>2 3 </MemPortTyVec>
</StgValue>
</bind>
</comp>

<comp id="50" class="1000" name="p_ZZ8max_poolILi16ELi32EEvRN3hls6streamI8ap_fixedILi8ELi4EL9ap_q_mode0EL9ap_o_mod_1">
<pin_list>
<pin id="51" dir="1" index="0" bw="1" slack="0"/>
</pin_list>
<bind>
<StgValue><ssdm name="p_ZZ8max_poolILi16ELi32EEvRN3hls6streamI8ap_fixedILi8ELi4EL9ap_q_mode0EL9ap_o_mod_1"/><MemPortTyVec>2 3 </MemPortTyVec>
</StgValue>
</bind>
</comp>

<comp id="52" class="1000" name="p_ZZ8max_poolILi16ELi32EEvRN3hls6streamI8ap_fixedILi8ELi4EL9ap_q_mode0EL9ap_o_mod">
<pin_list>
<pin id="53" dir="1" index="0" bw="1" slack="0"/>
</pin_list>
<bind>
<StgValue><ssdm name="p_ZZ8max_poolILi16ELi32EEvRN3hls6streamI8ap_fixedILi8ELi4EL9ap_q_mode0EL9ap_o_mod"/><MemPortTyVec>2 3 </MemPortTyVec>
</StgValue>
</bind>
</comp>

<comp id="54" class="1000" name="void_max_pool_stream_stream_ap_fixed_8_4_0_0_0_0_pool_buff_29">
<pin_list>
<pin id="55" dir="1" index="0" bw="1" slack="0"/>
</pin_list>
<bind>
<StgValue><ssdm name="void_max_pool_stream_stream_ap_fixed_8_4_0_0_0_0_pool_buff_29"/><MemPortTyVec>2 3 </MemPortTyVec>
</StgValue>
</bind>
</comp>

<comp id="56" class="1000" name="s_pool1">
<pin_list>
<pin id="57" dir="1" index="0" bw="1" slack="0"/>
</pin_list>
<bind>
<StgValue><ssdm name="s_pool1"/></StgValue>
</bind>
</comp>

<comp id="58" class="1000" name="void_layer_block_stream_stream_signed_char_const_16_3_3_signed_char_con_1">
<pin_list>
<pin id="59" dir="1" index="0" bw="1" slack="0"/>
</pin_list>
<bind>
<StgValue><ssdm name="void_layer_block_stream_stream_signed_char_const_16_3_3_signed_char_con_1"/><MemPortTyVec>0 1 </MemPortTyVec>
</StgValue>
</bind>
</comp>

<comp id="60" class="1000" name="void_layer_block_stream_stream_signed_char_const_16_3_3_signed_char_con">
<pin_list>
<pin id="61" dir="1" index="0" bw="1" slack="0"/>
</pin_list>
<bind>
<StgValue><ssdm name="void_layer_block_stream_stream_signed_char_const_16_3_3_signed_char_con"/><MemPortTyVec>0 1 </MemPortTyVec>
</StgValue>
</bind>
</comp>

<comp id="62" class="1000" name="conv2_bias">
<pin_list>
<pin id="63" dir="1" index="0" bw="1" slack="0"/>
</pin_list>
<bind>
<StgValue><ssdm name="conv2_bias"/><MemPortTyVec>1 </MemPortTyVec>
</StgValue>
</bind>
</comp>

<comp id="64" class="1000" name="conv2_weights">
<pin_list>
<pin id="65" dir="1" index="0" bw="1" slack="0"/>
</pin_list>
<bind>
<StgValue><ssdm name="conv2_weights"/><MemPortTyVec>1 1 1 1 1 </MemPortTyVec>
</StgValue>
</bind>
</comp>

<comp id="66" class="1000" name="s_conv2">
<pin_list>
<pin id="67" dir="1" index="0" bw="1" slack="0"/>
</pin_list>
<bind>
<StgValue><ssdm name="s_conv2"/></StgValue>
</bind>
</comp>

<comp id="68" class="1000" name="void_max_pool_stream_stream_ap_fixed_8_4_0_0_0_0_pool_buff_18">
<pin_list>
<pin id="69" dir="1" index="0" bw="1" slack="0"/>
</pin_list>
<bind>
<StgValue><ssdm name="void_max_pool_stream_stream_ap_fixed_8_4_0_0_0_0_pool_buff_18"/><MemPortTyVec>2 3 </MemPortTyVec>
</StgValue>
</bind>
</comp>

<comp id="70" class="1000" name="void_max_pool_stream_stream_ap_fixed_8_4_0_0_0_0_pool_buff_17">
<pin_list>
<pin id="71" dir="1" index="0" bw="1" slack="0"/>
</pin_list>
<bind>
<StgValue><ssdm name="void_max_pool_stream_stream_ap_fixed_8_4_0_0_0_0_pool_buff_17"/><MemPortTyVec>2 3 </MemPortTyVec>
</StgValue>
</bind>
</comp>

<comp id="72" class="1000" name="void_max_pool_stream_stream_ap_fixed_8_4_0_0_0_0_pool_buff_16">
<pin_list>
<pin id="73" dir="1" index="0" bw="1" slack="0"/>
</pin_list>
<bind>
<StgValue><ssdm name="void_max_pool_stream_stream_ap_fixed_8_4_0_0_0_0_pool_buff_16"/><MemPortTyVec>2 3 </MemPortTyVec>
</StgValue>
</bind>
</comp>

<comp id="74" class="1000" name="void_max_pool_stream_stream_ap_fixed_8_4_0_0_0_0_pool_buff_15">
<pin_list>
<pin id="75" dir="1" index="0" bw="1" slack="0"/>
</pin_list>
<bind>
<StgValue><ssdm name="void_max_pool_stream_stream_ap_fixed_8_4_0_0_0_0_pool_buff_15"/><MemPortTyVec>2 3 </MemPortTyVec>
</StgValue>
</bind>
</comp>

<comp id="76" class="1000" name="void_max_pool_stream_stream_ap_fixed_8_4_0_0_0_0_pool_buff_14">
<pin_list>
<pin id="77" dir="1" index="0" bw="1" slack="0"/>
</pin_list>
<bind>
<StgValue><ssdm name="void_max_pool_stream_stream_ap_fixed_8_4_0_0_0_0_pool_buff_14"/><MemPortTyVec>2 3 </MemPortTyVec>
</StgValue>
</bind>
</comp>

<comp id="78" class="1000" name="void_max_pool_stream_stream_ap_fixed_8_4_0_0_0_0_pool_buff_13">
<pin_list>
<pin id="79" dir="1" index="0" bw="1" slack="0"/>
</pin_list>
<bind>
<StgValue><ssdm name="void_max_pool_stream_stream_ap_fixed_8_4_0_0_0_0_pool_buff_13"/><MemPortTyVec>2 3 </MemPortTyVec>
</StgValue>
</bind>
</comp>

<comp id="80" class="1000" name="void_max_pool_stream_stream_ap_fixed_8_4_0_0_0_0_pool_buff_12">
<pin_list>
<pin id="81" dir="1" index="0" bw="1" slack="0"/>
</pin_list>
<bind>
<StgValue><ssdm name="void_max_pool_stream_stream_ap_fixed_8_4_0_0_0_0_pool_buff_12"/><MemPortTyVec>2 3 </MemPortTyVec>
</StgValue>
</bind>
</comp>

<comp id="82" class="1000" name="void_max_pool_stream_stream_ap_fixed_8_4_0_0_0_0_pool_buff_11">
<pin_list>
<pin id="83" dir="1" index="0" bw="1" slack="0"/>
</pin_list>
<bind>
<StgValue><ssdm name="void_max_pool_stream_stream_ap_fixed_8_4_0_0_0_0_pool_buff_11"/><MemPortTyVec>2 3 </MemPortTyVec>
</StgValue>
</bind>
</comp>

<comp id="84" class="1000" name="void_max_pool_stream_stream_ap_fixed_8_4_0_0_0_0_pool_buff_10">
<pin_list>
<pin id="85" dir="1" index="0" bw="1" slack="0"/>
</pin_list>
<bind>
<StgValue><ssdm name="void_max_pool_stream_stream_ap_fixed_8_4_0_0_0_0_pool_buff_10"/><MemPortTyVec>2 3 </MemPortTyVec>
</StgValue>
</bind>
</comp>

<comp id="86" class="1000" name="p_ZZ8max_poolILi32ELi16EEvRN3hls6streamI8ap_fixedILi8ELi4EL9ap_q_mode0EL9ap_o_mod_21">
<pin_list>
<pin id="87" dir="1" index="0" bw="1" slack="0"/>
</pin_list>
<bind>
<StgValue><ssdm name="p_ZZ8max_poolILi32ELi16EEvRN3hls6streamI8ap_fixedILi8ELi4EL9ap_q_mode0EL9ap_o_mod_21"/><MemPortTyVec>2 3 </MemPortTyVec>
</StgValue>
</bind>
</comp>

<comp id="88" class="1000" name="p_ZZ8max_poolILi32ELi16EEvRN3hls6streamI8ap_fixedILi8ELi4EL9ap_q_mode0EL9ap_o_mod_20">
<pin_list>
<pin id="89" dir="1" index="0" bw="1" slack="0"/>
</pin_list>
<bind>
<StgValue><ssdm name="p_ZZ8max_poolILi32ELi16EEvRN3hls6streamI8ap_fixedILi8ELi4EL9ap_q_mode0EL9ap_o_mod_20"/><MemPortTyVec>2 3 </MemPortTyVec>
</StgValue>
</bind>
</comp>

<comp id="90" class="1000" name="p_ZZ8max_poolILi32ELi16EEvRN3hls6streamI8ap_fixedILi8ELi4EL9ap_q_mode0EL9ap_o_mod_19">
<pin_list>
<pin id="91" dir="1" index="0" bw="1" slack="0"/>
</pin_list>
<bind>
<StgValue><ssdm name="p_ZZ8max_poolILi32ELi16EEvRN3hls6streamI8ap_fixedILi8ELi4EL9ap_q_mode0EL9ap_o_mod_19"/><MemPortTyVec>2 3 </MemPortTyVec>
</StgValue>
</bind>
</comp>

<comp id="92" class="1000" name="p_ZZ8max_poolILi32ELi16EEvRN3hls6streamI8ap_fixedILi8ELi4EL9ap_q_mode0EL9ap_o_mod_18">
<pin_list>
<pin id="93" dir="1" index="0" bw="1" slack="0"/>
</pin_list>
<bind>
<StgValue><ssdm name="p_ZZ8max_poolILi32ELi16EEvRN3hls6streamI8ap_fixedILi8ELi4EL9ap_q_mode0EL9ap_o_mod_18"/><MemPortTyVec>2 3 </MemPortTyVec>
</StgValue>
</bind>
</comp>

<comp id="94" class="1000" name="p_ZZ8max_poolILi32ELi16EEvRN3hls6streamI8ap_fixedILi8ELi4EL9ap_q_mode0EL9ap_o_mod_17">
<pin_list>
<pin id="95" dir="1" index="0" bw="1" slack="0"/>
</pin_list>
<bind>
<StgValue><ssdm name="p_ZZ8max_poolILi32ELi16EEvRN3hls6streamI8ap_fixedILi8ELi4EL9ap_q_mode0EL9ap_o_mod_17"/><MemPortTyVec>2 3 </MemPortTyVec>
</StgValue>
</bind>
</comp>

<comp id="96" class="1000" name="p_ZZ8max_poolILi32ELi16EEvRN3hls6streamI8ap_fixedILi8ELi4EL9ap_q_mode0EL9ap_o_mod_16">
<pin_list>
<pin id="97" dir="1" index="0" bw="1" slack="0"/>
</pin_list>
<bind>
<StgValue><ssdm name="p_ZZ8max_poolILi32ELi16EEvRN3hls6streamI8ap_fixedILi8ELi4EL9ap_q_mode0EL9ap_o_mod_16"/><MemPortTyVec>2 3 </MemPortTyVec>
</StgValue>
</bind>
</comp>

<comp id="98" class="1000" name="p_ZZ8max_poolILi32ELi16EEvRN3hls6streamI8ap_fixedILi8ELi4EL9ap_q_mode0EL9ap_o_mod_15">
<pin_list>
<pin id="99" dir="1" index="0" bw="1" slack="0"/>
</pin_list>
<bind>
<StgValue><ssdm name="p_ZZ8max_poolILi32ELi16EEvRN3hls6streamI8ap_fixedILi8ELi4EL9ap_q_mode0EL9ap_o_mod_15"/><MemPortTyVec>2 3 </MemPortTyVec>
</StgValue>
</bind>
</comp>

<comp id="100" class="1000" name="p_ZZ8max_poolILi32ELi16EEvRN3hls6streamI8ap_fixedILi8ELi4EL9ap_q_mode0EL9ap_o_mod_14">
<pin_list>
<pin id="101" dir="1" index="0" bw="1" slack="0"/>
</pin_list>
<bind>
<StgValue><ssdm name="p_ZZ8max_poolILi32ELi16EEvRN3hls6streamI8ap_fixedILi8ELi4EL9ap_q_mode0EL9ap_o_mod_14"/><MemPortTyVec>2 3 </MemPortTyVec>
</StgValue>
</bind>
</comp>

<comp id="102" class="1000" name="p_ZZ8max_poolILi32ELi16EEvRN3hls6streamI8ap_fixedILi8ELi4EL9ap_q_mode0EL9ap_o_mod_13">
<pin_list>
<pin id="103" dir="1" index="0" bw="1" slack="0"/>
</pin_list>
<bind>
<StgValue><ssdm name="p_ZZ8max_poolILi32ELi16EEvRN3hls6streamI8ap_fixedILi8ELi4EL9ap_q_mode0EL9ap_o_mod_13"/><MemPortTyVec>2 3 </MemPortTyVec>
</StgValue>
</bind>
</comp>

<comp id="104" class="1000" name="p_ZZ8max_poolILi32ELi16EEvRN3hls6streamI8ap_fixedILi8ELi4EL9ap_q_mode0EL9ap_o_mod_12">
<pin_list>
<pin id="105" dir="1" index="0" bw="1" slack="0"/>
</pin_list>
<bind>
<StgValue><ssdm name="p_ZZ8max_poolILi32ELi16EEvRN3hls6streamI8ap_fixedILi8ELi4EL9ap_q_mode0EL9ap_o_mod_12"/><MemPortTyVec>2 3 </MemPortTyVec>
</StgValue>
</bind>
</comp>

<comp id="106" class="1000" name="p_ZZ8max_poolILi32ELi16EEvRN3hls6streamI8ap_fixedILi8ELi4EL9ap_q_mode0EL9ap_o_mod_11">
<pin_list>
<pin id="107" dir="1" index="0" bw="1" slack="0"/>
</pin_list>
<bind>
<StgValue><ssdm name="p_ZZ8max_poolILi32ELi16EEvRN3hls6streamI8ap_fixedILi8ELi4EL9ap_q_mode0EL9ap_o_mod_11"/><MemPortTyVec>2 3 </MemPortTyVec>
</StgValue>
</bind>
</comp>

<comp id="108" class="1000" name="p_ZZ8max_poolILi32ELi16EEvRN3hls6streamI8ap_fixedILi8ELi4EL9ap_q_mode0EL9ap_o_mod_10">
<pin_list>
<pin id="109" dir="1" index="0" bw="1" slack="0"/>
</pin_list>
<bind>
<StgValue><ssdm name="p_ZZ8max_poolILi32ELi16EEvRN3hls6streamI8ap_fixedILi8ELi4EL9ap_q_mode0EL9ap_o_mod_10"/><MemPortTyVec>2 3 </MemPortTyVec>
</StgValue>
</bind>
</comp>

<comp id="110" class="1000" name="p_ZZ8max_poolILi32ELi16EEvRN3hls6streamI8ap_fixedILi8ELi4EL9ap_q_mode0EL9ap_o_mod_9">
<pin_list>
<pin id="111" dir="1" index="0" bw="1" slack="0"/>
</pin_list>
<bind>
<StgValue><ssdm name="p_ZZ8max_poolILi32ELi16EEvRN3hls6streamI8ap_fixedILi8ELi4EL9ap_q_mode0EL9ap_o_mod_9"/><MemPortTyVec>2 3 </MemPortTyVec>
</StgValue>
</bind>
</comp>

<comp id="112" class="1000" name="p_ZZ8max_poolILi32ELi16EEvRN3hls6streamI8ap_fixedILi8ELi4EL9ap_q_mode0EL9ap_o_mod_8">
<pin_list>
<pin id="113" dir="1" index="0" bw="1" slack="0"/>
</pin_list>
<bind>
<StgValue><ssdm name="p_ZZ8max_poolILi32ELi16EEvRN3hls6streamI8ap_fixedILi8ELi4EL9ap_q_mode0EL9ap_o_mod_8"/><MemPortTyVec>2 3 </MemPortTyVec>
</StgValue>
</bind>
</comp>

<comp id="114" class="1000" name="p_ZZ8max_poolILi32ELi16EEvRN3hls6streamI8ap_fixedILi8ELi4EL9ap_q_mode0EL9ap_o_mod_7">
<pin_list>
<pin id="115" dir="1" index="0" bw="1" slack="0"/>
</pin_list>
<bind>
<StgValue><ssdm name="p_ZZ8max_poolILi32ELi16EEvRN3hls6streamI8ap_fixedILi8ELi4EL9ap_q_mode0EL9ap_o_mod_7"/><MemPortTyVec>2 3 </MemPortTyVec>
</StgValue>
</bind>
</comp>

<comp id="116" class="1000" name="p_ZZ8max_poolILi32ELi16EEvRN3hls6streamI8ap_fixedILi8ELi4EL9ap_q_mode0EL9ap_o_mod_6">
<pin_list>
<pin id="117" dir="1" index="0" bw="1" slack="0"/>
</pin_list>
<bind>
<StgValue><ssdm name="p_ZZ8max_poolILi32ELi16EEvRN3hls6streamI8ap_fixedILi8ELi4EL9ap_q_mode0EL9ap_o_mod_6"/><MemPortTyVec>2 3 </MemPortTyVec>
</StgValue>
</bind>
</comp>

<comp id="118" class="1000" name="p_ZZ8max_poolILi32ELi16EEvRN3hls6streamI8ap_fixedILi8ELi4EL9ap_q_mode0EL9ap_o_mod_5">
<pin_list>
<pin id="119" dir="1" index="0" bw="1" slack="0"/>
</pin_list>
<bind>
<StgValue><ssdm name="p_ZZ8max_poolILi32ELi16EEvRN3hls6streamI8ap_fixedILi8ELi4EL9ap_q_mode0EL9ap_o_mod_5"/><MemPortTyVec>2 3 </MemPortTyVec>
</StgValue>
</bind>
</comp>

<comp id="120" class="1000" name="p_ZZ8max_poolILi32ELi16EEvRN3hls6streamI8ap_fixedILi8ELi4EL9ap_q_mode0EL9ap_o_mod_4">
<pin_list>
<pin id="121" dir="1" index="0" bw="1" slack="0"/>
</pin_list>
<bind>
<StgValue><ssdm name="p_ZZ8max_poolILi32ELi16EEvRN3hls6streamI8ap_fixedILi8ELi4EL9ap_q_mode0EL9ap_o_mod_4"/><MemPortTyVec>2 3 </MemPortTyVec>
</StgValue>
</bind>
</comp>

<comp id="122" class="1000" name="p_ZZ8max_poolILi32ELi16EEvRN3hls6streamI8ap_fixedILi8ELi4EL9ap_q_mode0EL9ap_o_mod_3">
<pin_list>
<pin id="123" dir="1" index="0" bw="1" slack="0"/>
</pin_list>
<bind>
<StgValue><ssdm name="p_ZZ8max_poolILi32ELi16EEvRN3hls6streamI8ap_fixedILi8ELi4EL9ap_q_mode0EL9ap_o_mod_3"/><MemPortTyVec>2 3 </MemPortTyVec>
</StgValue>
</bind>
</comp>

<comp id="124" class="1000" name="p_ZZ8max_poolILi32ELi16EEvRN3hls6streamI8ap_fixedILi8ELi4EL9ap_q_mode0EL9ap_o_mod_2">
<pin_list>
<pin id="125" dir="1" index="0" bw="1" slack="0"/>
</pin_list>
<bind>
<StgValue><ssdm name="p_ZZ8max_poolILi32ELi16EEvRN3hls6streamI8ap_fixedILi8ELi4EL9ap_q_mode0EL9ap_o_mod_2"/><MemPortTyVec>2 3 </MemPortTyVec>
</StgValue>
</bind>
</comp>

<comp id="126" class="1000" name="p_ZZ8max_poolILi32ELi16EEvRN3hls6streamI8ap_fixedILi8ELi4EL9ap_q_mode0EL9ap_o_mod_1">
<pin_list>
<pin id="127" dir="1" index="0" bw="1" slack="0"/>
</pin_list>
<bind>
<StgValue><ssdm name="p_ZZ8max_poolILi32ELi16EEvRN3hls6streamI8ap_fixedILi8ELi4EL9ap_q_mode0EL9ap_o_mod_1"/><MemPortTyVec>2 3 </MemPortTyVec>
</StgValue>
</bind>
</comp>

<comp id="128" class="1000" name="p_ZZ8max_poolILi32ELi16EEvRN3hls6streamI8ap_fixedILi8ELi4EL9ap_q_mode0EL9ap_o_mod">
<pin_list>
<pin id="129" dir="1" index="0" bw="1" slack="0"/>
</pin_list>
<bind>
<StgValue><ssdm name="p_ZZ8max_poolILi32ELi16EEvRN3hls6streamI8ap_fixedILi8ELi4EL9ap_q_mode0EL9ap_o_mod"/><MemPortTyVec>0 1 </MemPortTyVec>
</StgValue>
</bind>
</comp>

<comp id="130" class="1000" name="void_max_pool_stream_stream_ap_fixed_8_4_0_0_0_0_pool_buff_19">
<pin_list>
<pin id="131" dir="1" index="0" bw="1" slack="0"/>
</pin_list>
<bind>
<StgValue><ssdm name="void_max_pool_stream_stream_ap_fixed_8_4_0_0_0_0_pool_buff_19"/><MemPortTyVec>2 3 </MemPortTyVec>
</StgValue>
</bind>
</comp>

<comp id="132" class="1000" name="s_pool2">
<pin_list>
<pin id="133" dir="1" index="0" bw="1" slack="0"/>
</pin_list>
<bind>
<StgValue><ssdm name="s_pool2"/></StgValue>
</bind>
</comp>

<comp id="134" class="1000" name="void_layer_block_stream_stream_signed_char_const_32_3_3_signed_char_con_1">
<pin_list>
<pin id="135" dir="1" index="0" bw="1" slack="0"/>
</pin_list>
<bind>
<StgValue><ssdm name="void_layer_block_stream_stream_signed_char_const_32_3_3_signed_char_con_1"/><MemPortTyVec>0 1 </MemPortTyVec>
</StgValue>
</bind>
</comp>

<comp id="136" class="1000" name="void_layer_block_stream_stream_signed_char_const_32_3_3_signed_char_con">
<pin_list>
<pin id="137" dir="1" index="0" bw="1" slack="0"/>
</pin_list>
<bind>
<StgValue><ssdm name="void_layer_block_stream_stream_signed_char_const_32_3_3_signed_char_con"/><MemPortTyVec>0 1 </MemPortTyVec>
</StgValue>
</bind>
</comp>

<comp id="138" class="1000" name="conv3_bias">
<pin_list>
<pin id="139" dir="1" index="0" bw="1" slack="0"/>
</pin_list>
<bind>
<StgValue><ssdm name="conv3_bias"/><MemPortTyVec>1 </MemPortTyVec>
</StgValue>
</bind>
</comp>

<comp id="140" class="1000" name="conv3_weights">
<pin_list>
<pin id="141" dir="1" index="0" bw="1" slack="0"/>
</pin_list>
<bind>
<StgValue><ssdm name="conv3_weights"/><MemPortTyVec>1 1 1 1 1 </MemPortTyVec>
</StgValue>
</bind>
</comp>

<comp id="142" class="1000" name="s_conv3">
<pin_list>
<pin id="143" dir="1" index="0" bw="1" slack="0"/>
</pin_list>
<bind>
<StgValue><ssdm name="s_conv3"/></StgValue>
</bind>
</comp>

<comp id="144" class="1000" name="void_max_pool_stream_stream_ap_fixed_8_4_0_0_0_0_pool_buff_8">
<pin_list>
<pin id="145" dir="1" index="0" bw="1" slack="0"/>
</pin_list>
<bind>
<StgValue><ssdm name="void_max_pool_stream_stream_ap_fixed_8_4_0_0_0_0_pool_buff_8"/><MemPortTyVec>2 3 </MemPortTyVec>
</StgValue>
</bind>
</comp>

<comp id="146" class="1000" name="void_max_pool_stream_stream_ap_fixed_8_4_0_0_0_0_pool_buff_7">
<pin_list>
<pin id="147" dir="1" index="0" bw="1" slack="0"/>
</pin_list>
<bind>
<StgValue><ssdm name="void_max_pool_stream_stream_ap_fixed_8_4_0_0_0_0_pool_buff_7"/><MemPortTyVec>2 3 </MemPortTyVec>
</StgValue>
</bind>
</comp>

<comp id="148" class="1000" name="void_max_pool_stream_stream_ap_fixed_8_4_0_0_0_0_pool_buff_6">
<pin_list>
<pin id="149" dir="1" index="0" bw="1" slack="0"/>
</pin_list>
<bind>
<StgValue><ssdm name="void_max_pool_stream_stream_ap_fixed_8_4_0_0_0_0_pool_buff_6"/><MemPortTyVec>2 3 </MemPortTyVec>
</StgValue>
</bind>
</comp>

<comp id="150" class="1000" name="void_max_pool_stream_stream_ap_fixed_8_4_0_0_0_0_pool_buff_5">
<pin_list>
<pin id="151" dir="1" index="0" bw="1" slack="0"/>
</pin_list>
<bind>
<StgValue><ssdm name="void_max_pool_stream_stream_ap_fixed_8_4_0_0_0_0_pool_buff_5"/><MemPortTyVec>2 3 </MemPortTyVec>
</StgValue>
</bind>
</comp>

<comp id="152" class="1000" name="void_max_pool_stream_stream_ap_fixed_8_4_0_0_0_0_pool_buff_4">
<pin_list>
<pin id="153" dir="1" index="0" bw="1" slack="0"/>
</pin_list>
<bind>
<StgValue><ssdm name="void_max_pool_stream_stream_ap_fixed_8_4_0_0_0_0_pool_buff_4"/><MemPortTyVec>2 3 </MemPortTyVec>
</StgValue>
</bind>
</comp>

<comp id="154" class="1000" name="void_max_pool_stream_stream_ap_fixed_8_4_0_0_0_0_pool_buff_3">
<pin_list>
<pin id="155" dir="1" index="0" bw="1" slack="0"/>
</pin_list>
<bind>
<StgValue><ssdm name="void_max_pool_stream_stream_ap_fixed_8_4_0_0_0_0_pool_buff_3"/><MemPortTyVec>2 3 </MemPortTyVec>
</StgValue>
</bind>
</comp>

<comp id="156" class="1000" name="void_max_pool_stream_stream_ap_fixed_8_4_0_0_0_0_pool_buff_2">
<pin_list>
<pin id="157" dir="1" index="0" bw="1" slack="0"/>
</pin_list>
<bind>
<StgValue><ssdm name="void_max_pool_stream_stream_ap_fixed_8_4_0_0_0_0_pool_buff_2"/><MemPortTyVec>2 3 </MemPortTyVec>
</StgValue>
</bind>
</comp>

<comp id="158" class="1000" name="void_max_pool_stream_stream_ap_fixed_8_4_0_0_0_0_pool_buff_1">
<pin_list>
<pin id="159" dir="1" index="0" bw="1" slack="0"/>
</pin_list>
<bind>
<StgValue><ssdm name="void_max_pool_stream_stream_ap_fixed_8_4_0_0_0_0_pool_buff_1"/><MemPortTyVec>2 3 </MemPortTyVec>
</StgValue>
</bind>
</comp>

<comp id="160" class="1000" name="void_max_pool_stream_stream_ap_fixed_8_4_0_0_0_0_pool_buff">
<pin_list>
<pin id="161" dir="1" index="0" bw="1" slack="0"/>
</pin_list>
<bind>
<StgValue><ssdm name="void_max_pool_stream_stream_ap_fixed_8_4_0_0_0_0_pool_buff"/><MemPortTyVec>2 3 </MemPortTyVec>
</StgValue>
</bind>
</comp>

<comp id="162" class="1000" name="p_ZZ8max_poolILi64ELi8EEvRN3hls6streamI8ap_fixedILi8ELi4EL9ap_q_mode0EL9ap_o_mode_53">
<pin_list>
<pin id="163" dir="1" index="0" bw="1" slack="0"/>
</pin_list>
<bind>
<StgValue><ssdm name="p_ZZ8max_poolILi64ELi8EEvRN3hls6streamI8ap_fixedILi8ELi4EL9ap_q_mode0EL9ap_o_mode_53"/><MemPortTyVec>2 3 </MemPortTyVec>
</StgValue>
</bind>
</comp>

<comp id="164" class="1000" name="p_ZZ8max_poolILi64ELi8EEvRN3hls6streamI8ap_fixedILi8ELi4EL9ap_q_mode0EL9ap_o_mode_52">
<pin_list>
<pin id="165" dir="1" index="0" bw="1" slack="0"/>
</pin_list>
<bind>
<StgValue><ssdm name="p_ZZ8max_poolILi64ELi8EEvRN3hls6streamI8ap_fixedILi8ELi4EL9ap_q_mode0EL9ap_o_mode_52"/><MemPortTyVec>2 3 </MemPortTyVec>
</StgValue>
</bind>
</comp>

<comp id="166" class="1000" name="p_ZZ8max_poolILi64ELi8EEvRN3hls6streamI8ap_fixedILi8ELi4EL9ap_q_mode0EL9ap_o_mode_51">
<pin_list>
<pin id="167" dir="1" index="0" bw="1" slack="0"/>
</pin_list>
<bind>
<StgValue><ssdm name="p_ZZ8max_poolILi64ELi8EEvRN3hls6streamI8ap_fixedILi8ELi4EL9ap_q_mode0EL9ap_o_mode_51"/><MemPortTyVec>2 3 </MemPortTyVec>
</StgValue>
</bind>
</comp>

<comp id="168" class="1000" name="p_ZZ8max_poolILi64ELi8EEvRN3hls6streamI8ap_fixedILi8ELi4EL9ap_q_mode0EL9ap_o_mode_50">
<pin_list>
<pin id="169" dir="1" index="0" bw="1" slack="0"/>
</pin_list>
<bind>
<StgValue><ssdm name="p_ZZ8max_poolILi64ELi8EEvRN3hls6streamI8ap_fixedILi8ELi4EL9ap_q_mode0EL9ap_o_mode_50"/><MemPortTyVec>2 3 </MemPortTyVec>
</StgValue>
</bind>
</comp>

<comp id="170" class="1000" name="p_ZZ8max_poolILi64ELi8EEvRN3hls6streamI8ap_fixedILi8ELi4EL9ap_q_mode0EL9ap_o_mode_49">
<pin_list>
<pin id="171" dir="1" index="0" bw="1" slack="0"/>
</pin_list>
<bind>
<StgValue><ssdm name="p_ZZ8max_poolILi64ELi8EEvRN3hls6streamI8ap_fixedILi8ELi4EL9ap_q_mode0EL9ap_o_mode_49"/><MemPortTyVec>2 3 </MemPortTyVec>
</StgValue>
</bind>
</comp>

<comp id="172" class="1000" name="p_ZZ8max_poolILi64ELi8EEvRN3hls6streamI8ap_fixedILi8ELi4EL9ap_q_mode0EL9ap_o_mode_48">
<pin_list>
<pin id="173" dir="1" index="0" bw="1" slack="0"/>
</pin_list>
<bind>
<StgValue><ssdm name="p_ZZ8max_poolILi64ELi8EEvRN3hls6streamI8ap_fixedILi8ELi4EL9ap_q_mode0EL9ap_o_mode_48"/><MemPortTyVec>2 3 </MemPortTyVec>
</StgValue>
</bind>
</comp>

<comp id="174" class="1000" name="p_ZZ8max_poolILi64ELi8EEvRN3hls6streamI8ap_fixedILi8ELi4EL9ap_q_mode0EL9ap_o_mode_47">
<pin_list>
<pin id="175" dir="1" index="0" bw="1" slack="0"/>
</pin_list>
<bind>
<StgValue><ssdm name="p_ZZ8max_poolILi64ELi8EEvRN3hls6streamI8ap_fixedILi8ELi4EL9ap_q_mode0EL9ap_o_mode_47"/><MemPortTyVec>2 3 </MemPortTyVec>
</StgValue>
</bind>
</comp>

<comp id="176" class="1000" name="p_ZZ8max_poolILi64ELi8EEvRN3hls6streamI8ap_fixedILi8ELi4EL9ap_q_mode0EL9ap_o_mode_46">
<pin_list>
<pin id="177" dir="1" index="0" bw="1" slack="0"/>
</pin_list>
<bind>
<StgValue><ssdm name="p_ZZ8max_poolILi64ELi8EEvRN3hls6streamI8ap_fixedILi8ELi4EL9ap_q_mode0EL9ap_o_mode_46"/><MemPortTyVec>2 3 </MemPortTyVec>
</StgValue>
</bind>
</comp>

<comp id="178" class="1000" name="p_ZZ8max_poolILi64ELi8EEvRN3hls6streamI8ap_fixedILi8ELi4EL9ap_q_mode0EL9ap_o_mode_45">
<pin_list>
<pin id="179" dir="1" index="0" bw="1" slack="0"/>
</pin_list>
<bind>
<StgValue><ssdm name="p_ZZ8max_poolILi64ELi8EEvRN3hls6streamI8ap_fixedILi8ELi4EL9ap_q_mode0EL9ap_o_mode_45"/><MemPortTyVec>2 3 </MemPortTyVec>
</StgValue>
</bind>
</comp>

<comp id="180" class="1000" name="p_ZZ8max_poolILi64ELi8EEvRN3hls6streamI8ap_fixedILi8ELi4EL9ap_q_mode0EL9ap_o_mode_44">
<pin_list>
<pin id="181" dir="1" index="0" bw="1" slack="0"/>
</pin_list>
<bind>
<StgValue><ssdm name="p_ZZ8max_poolILi64ELi8EEvRN3hls6streamI8ap_fixedILi8ELi4EL9ap_q_mode0EL9ap_o_mode_44"/><MemPortTyVec>2 3 </MemPortTyVec>
</StgValue>
</bind>
</comp>

<comp id="182" class="1000" name="p_ZZ8max_poolILi64ELi8EEvRN3hls6streamI8ap_fixedILi8ELi4EL9ap_q_mode0EL9ap_o_mode_43">
<pin_list>
<pin id="183" dir="1" index="0" bw="1" slack="0"/>
</pin_list>
<bind>
<StgValue><ssdm name="p_ZZ8max_poolILi64ELi8EEvRN3hls6streamI8ap_fixedILi8ELi4EL9ap_q_mode0EL9ap_o_mode_43"/><MemPortTyVec>2 3 </MemPortTyVec>
</StgValue>
</bind>
</comp>

<comp id="184" class="1000" name="p_ZZ8max_poolILi64ELi8EEvRN3hls6streamI8ap_fixedILi8ELi4EL9ap_q_mode0EL9ap_o_mode_42">
<pin_list>
<pin id="185" dir="1" index="0" bw="1" slack="0"/>
</pin_list>
<bind>
<StgValue><ssdm name="p_ZZ8max_poolILi64ELi8EEvRN3hls6streamI8ap_fixedILi8ELi4EL9ap_q_mode0EL9ap_o_mode_42"/><MemPortTyVec>2 3 </MemPortTyVec>
</StgValue>
</bind>
</comp>

<comp id="186" class="1000" name="p_ZZ8max_poolILi64ELi8EEvRN3hls6streamI8ap_fixedILi8ELi4EL9ap_q_mode0EL9ap_o_mode_41">
<pin_list>
<pin id="187" dir="1" index="0" bw="1" slack="0"/>
</pin_list>
<bind>
<StgValue><ssdm name="p_ZZ8max_poolILi64ELi8EEvRN3hls6streamI8ap_fixedILi8ELi4EL9ap_q_mode0EL9ap_o_mode_41"/><MemPortTyVec>2 3 </MemPortTyVec>
</StgValue>
</bind>
</comp>

<comp id="188" class="1000" name="p_ZZ8max_poolILi64ELi8EEvRN3hls6streamI8ap_fixedILi8ELi4EL9ap_q_mode0EL9ap_o_mode_40">
<pin_list>
<pin id="189" dir="1" index="0" bw="1" slack="0"/>
</pin_list>
<bind>
<StgValue><ssdm name="p_ZZ8max_poolILi64ELi8EEvRN3hls6streamI8ap_fixedILi8ELi4EL9ap_q_mode0EL9ap_o_mode_40"/><MemPortTyVec>2 3 </MemPortTyVec>
</StgValue>
</bind>
</comp>

<comp id="190" class="1000" name="p_ZZ8max_poolILi64ELi8EEvRN3hls6streamI8ap_fixedILi8ELi4EL9ap_q_mode0EL9ap_o_mode_39">
<pin_list>
<pin id="191" dir="1" index="0" bw="1" slack="0"/>
</pin_list>
<bind>
<StgValue><ssdm name="p_ZZ8max_poolILi64ELi8EEvRN3hls6streamI8ap_fixedILi8ELi4EL9ap_q_mode0EL9ap_o_mode_39"/><MemPortTyVec>2 3 </MemPortTyVec>
</StgValue>
</bind>
</comp>

<comp id="192" class="1000" name="p_ZZ8max_poolILi64ELi8EEvRN3hls6streamI8ap_fixedILi8ELi4EL9ap_q_mode0EL9ap_o_mode_38">
<pin_list>
<pin id="193" dir="1" index="0" bw="1" slack="0"/>
</pin_list>
<bind>
<StgValue><ssdm name="p_ZZ8max_poolILi64ELi8EEvRN3hls6streamI8ap_fixedILi8ELi4EL9ap_q_mode0EL9ap_o_mode_38"/><MemPortTyVec>2 3 </MemPortTyVec>
</StgValue>
</bind>
</comp>

<comp id="194" class="1000" name="p_ZZ8max_poolILi64ELi8EEvRN3hls6streamI8ap_fixedILi8ELi4EL9ap_q_mode0EL9ap_o_mode_37">
<pin_list>
<pin id="195" dir="1" index="0" bw="1" slack="0"/>
</pin_list>
<bind>
<StgValue><ssdm name="p_ZZ8max_poolILi64ELi8EEvRN3hls6streamI8ap_fixedILi8ELi4EL9ap_q_mode0EL9ap_o_mode_37"/><MemPortTyVec>2 3 </MemPortTyVec>
</StgValue>
</bind>
</comp>

<comp id="196" class="1000" name="p_ZZ8max_poolILi64ELi8EEvRN3hls6streamI8ap_fixedILi8ELi4EL9ap_q_mode0EL9ap_o_mode_36">
<pin_list>
<pin id="197" dir="1" index="0" bw="1" slack="0"/>
</pin_list>
<bind>
<StgValue><ssdm name="p_ZZ8max_poolILi64ELi8EEvRN3hls6streamI8ap_fixedILi8ELi4EL9ap_q_mode0EL9ap_o_mode_36"/><MemPortTyVec>2 3 </MemPortTyVec>
</StgValue>
</bind>
</comp>

<comp id="198" class="1000" name="p_ZZ8max_poolILi64ELi8EEvRN3hls6streamI8ap_fixedILi8ELi4EL9ap_q_mode0EL9ap_o_mode_35">
<pin_list>
<pin id="199" dir="1" index="0" bw="1" slack="0"/>
</pin_list>
<bind>
<StgValue><ssdm name="p_ZZ8max_poolILi64ELi8EEvRN3hls6streamI8ap_fixedILi8ELi4EL9ap_q_mode0EL9ap_o_mode_35"/><MemPortTyVec>2 3 </MemPortTyVec>
</StgValue>
</bind>
</comp>

<comp id="200" class="1000" name="p_ZZ8max_poolILi64ELi8EEvRN3hls6streamI8ap_fixedILi8ELi4EL9ap_q_mode0EL9ap_o_mode_34">
<pin_list>
<pin id="201" dir="1" index="0" bw="1" slack="0"/>
</pin_list>
<bind>
<StgValue><ssdm name="p_ZZ8max_poolILi64ELi8EEvRN3hls6streamI8ap_fixedILi8ELi4EL9ap_q_mode0EL9ap_o_mode_34"/><MemPortTyVec>2 3 </MemPortTyVec>
</StgValue>
</bind>
</comp>

<comp id="202" class="1000" name="p_ZZ8max_poolILi64ELi8EEvRN3hls6streamI8ap_fixedILi8ELi4EL9ap_q_mode0EL9ap_o_mode_33">
<pin_list>
<pin id="203" dir="1" index="0" bw="1" slack="0"/>
</pin_list>
<bind>
<StgValue><ssdm name="p_ZZ8max_poolILi64ELi8EEvRN3hls6streamI8ap_fixedILi8ELi4EL9ap_q_mode0EL9ap_o_mode_33"/><MemPortTyVec>2 3 </MemPortTyVec>
</StgValue>
</bind>
</comp>

<comp id="204" class="1000" name="p_ZZ8max_poolILi64ELi8EEvRN3hls6streamI8ap_fixedILi8ELi4EL9ap_q_mode0EL9ap_o_mode_32">
<pin_list>
<pin id="205" dir="1" index="0" bw="1" slack="0"/>
</pin_list>
<bind>
<StgValue><ssdm name="p_ZZ8max_poolILi64ELi8EEvRN3hls6streamI8ap_fixedILi8ELi4EL9ap_q_mode0EL9ap_o_mode_32"/><MemPortTyVec>2 3 </MemPortTyVec>
</StgValue>
</bind>
</comp>

<comp id="206" class="1000" name="p_ZZ8max_poolILi64ELi8EEvRN3hls6streamI8ap_fixedILi8ELi4EL9ap_q_mode0EL9ap_o_mode_31">
<pin_list>
<pin id="207" dir="1" index="0" bw="1" slack="0"/>
</pin_list>
<bind>
<StgValue><ssdm name="p_ZZ8max_poolILi64ELi8EEvRN3hls6streamI8ap_fixedILi8ELi4EL9ap_q_mode0EL9ap_o_mode_31"/><MemPortTyVec>2 3 </MemPortTyVec>
</StgValue>
</bind>
</comp>

<comp id="208" class="1000" name="p_ZZ8max_poolILi64ELi8EEvRN3hls6streamI8ap_fixedILi8ELi4EL9ap_q_mode0EL9ap_o_mode_30">
<pin_list>
<pin id="209" dir="1" index="0" bw="1" slack="0"/>
</pin_list>
<bind>
<StgValue><ssdm name="p_ZZ8max_poolILi64ELi8EEvRN3hls6streamI8ap_fixedILi8ELi4EL9ap_q_mode0EL9ap_o_mode_30"/><MemPortTyVec>2 3 </MemPortTyVec>
</StgValue>
</bind>
</comp>

<comp id="210" class="1000" name="p_ZZ8max_poolILi64ELi8EEvRN3hls6streamI8ap_fixedILi8ELi4EL9ap_q_mode0EL9ap_o_mode_29">
<pin_list>
<pin id="211" dir="1" index="0" bw="1" slack="0"/>
</pin_list>
<bind>
<StgValue><ssdm name="p_ZZ8max_poolILi64ELi8EEvRN3hls6streamI8ap_fixedILi8ELi4EL9ap_q_mode0EL9ap_o_mode_29"/><MemPortTyVec>2 3 </MemPortTyVec>
</StgValue>
</bind>
</comp>

<comp id="212" class="1000" name="p_ZZ8max_poolILi64ELi8EEvRN3hls6streamI8ap_fixedILi8ELi4EL9ap_q_mode0EL9ap_o_mode_28">
<pin_list>
<pin id="213" dir="1" index="0" bw="1" slack="0"/>
</pin_list>
<bind>
<StgValue><ssdm name="p_ZZ8max_poolILi64ELi8EEvRN3hls6streamI8ap_fixedILi8ELi4EL9ap_q_mode0EL9ap_o_mode_28"/><MemPortTyVec>2 3 </MemPortTyVec>
</StgValue>
</bind>
</comp>

<comp id="214" class="1000" name="p_ZZ8max_poolILi64ELi8EEvRN3hls6streamI8ap_fixedILi8ELi4EL9ap_q_mode0EL9ap_o_mode_27">
<pin_list>
<pin id="215" dir="1" index="0" bw="1" slack="0"/>
</pin_list>
<bind>
<StgValue><ssdm name="p_ZZ8max_poolILi64ELi8EEvRN3hls6streamI8ap_fixedILi8ELi4EL9ap_q_mode0EL9ap_o_mode_27"/><MemPortTyVec>2 3 </MemPortTyVec>
</StgValue>
</bind>
</comp>

<comp id="216" class="1000" name="p_ZZ8max_poolILi64ELi8EEvRN3hls6streamI8ap_fixedILi8ELi4EL9ap_q_mode0EL9ap_o_mode_26">
<pin_list>
<pin id="217" dir="1" index="0" bw="1" slack="0"/>
</pin_list>
<bind>
<StgValue><ssdm name="p_ZZ8max_poolILi64ELi8EEvRN3hls6streamI8ap_fixedILi8ELi4EL9ap_q_mode0EL9ap_o_mode_26"/><MemPortTyVec>2 3 </MemPortTyVec>
</StgValue>
</bind>
</comp>

<comp id="218" class="1000" name="p_ZZ8max_poolILi64ELi8EEvRN3hls6streamI8ap_fixedILi8ELi4EL9ap_q_mode0EL9ap_o_mode_25">
<pin_list>
<pin id="219" dir="1" index="0" bw="1" slack="0"/>
</pin_list>
<bind>
<StgValue><ssdm name="p_ZZ8max_poolILi64ELi8EEvRN3hls6streamI8ap_fixedILi8ELi4EL9ap_q_mode0EL9ap_o_mode_25"/><MemPortTyVec>2 3 </MemPortTyVec>
</StgValue>
</bind>
</comp>

<comp id="220" class="1000" name="p_ZZ8max_poolILi64ELi8EEvRN3hls6streamI8ap_fixedILi8ELi4EL9ap_q_mode0EL9ap_o_mode_24">
<pin_list>
<pin id="221" dir="1" index="0" bw="1" slack="0"/>
</pin_list>
<bind>
<StgValue><ssdm name="p_ZZ8max_poolILi64ELi8EEvRN3hls6streamI8ap_fixedILi8ELi4EL9ap_q_mode0EL9ap_o_mode_24"/><MemPortTyVec>2 3 </MemPortTyVec>
</StgValue>
</bind>
</comp>

<comp id="222" class="1000" name="p_ZZ8max_poolILi64ELi8EEvRN3hls6streamI8ap_fixedILi8ELi4EL9ap_q_mode0EL9ap_o_mode_23">
<pin_list>
<pin id="223" dir="1" index="0" bw="1" slack="0"/>
</pin_list>
<bind>
<StgValue><ssdm name="p_ZZ8max_poolILi64ELi8EEvRN3hls6streamI8ap_fixedILi8ELi4EL9ap_q_mode0EL9ap_o_mode_23"/><MemPortTyVec>2 3 </MemPortTyVec>
</StgValue>
</bind>
</comp>

<comp id="224" class="1000" name="p_ZZ8max_poolILi64ELi8EEvRN3hls6streamI8ap_fixedILi8ELi4EL9ap_q_mode0EL9ap_o_mode_22">
<pin_list>
<pin id="225" dir="1" index="0" bw="1" slack="0"/>
</pin_list>
<bind>
<StgValue><ssdm name="p_ZZ8max_poolILi64ELi8EEvRN3hls6streamI8ap_fixedILi8ELi4EL9ap_q_mode0EL9ap_o_mode_22"/><MemPortTyVec>2 3 </MemPortTyVec>
</StgValue>
</bind>
</comp>

<comp id="226" class="1000" name="p_ZZ8max_poolILi64ELi8EEvRN3hls6streamI8ap_fixedILi8ELi4EL9ap_q_mode0EL9ap_o_mode_21">
<pin_list>
<pin id="227" dir="1" index="0" bw="1" slack="0"/>
</pin_list>
<bind>
<StgValue><ssdm name="p_ZZ8max_poolILi64ELi8EEvRN3hls6streamI8ap_fixedILi8ELi4EL9ap_q_mode0EL9ap_o_mode_21"/><MemPortTyVec>2 3 </MemPortTyVec>
</StgValue>
</bind>
</comp>

<comp id="228" class="1000" name="p_ZZ8max_poolILi64ELi8EEvRN3hls6streamI8ap_fixedILi8ELi4EL9ap_q_mode0EL9ap_o_mode_20">
<pin_list>
<pin id="229" dir="1" index="0" bw="1" slack="0"/>
</pin_list>
<bind>
<StgValue><ssdm name="p_ZZ8max_poolILi64ELi8EEvRN3hls6streamI8ap_fixedILi8ELi4EL9ap_q_mode0EL9ap_o_mode_20"/><MemPortTyVec>2 3 </MemPortTyVec>
</StgValue>
</bind>
</comp>

<comp id="230" class="1000" name="p_ZZ8max_poolILi64ELi8EEvRN3hls6streamI8ap_fixedILi8ELi4EL9ap_q_mode0EL9ap_o_mode_19">
<pin_list>
<pin id="231" dir="1" index="0" bw="1" slack="0"/>
</pin_list>
<bind>
<StgValue><ssdm name="p_ZZ8max_poolILi64ELi8EEvRN3hls6streamI8ap_fixedILi8ELi4EL9ap_q_mode0EL9ap_o_mode_19"/><MemPortTyVec>2 3 </MemPortTyVec>
</StgValue>
</bind>
</comp>

<comp id="232" class="1000" name="p_ZZ8max_poolILi64ELi8EEvRN3hls6streamI8ap_fixedILi8ELi4EL9ap_q_mode0EL9ap_o_mode_18">
<pin_list>
<pin id="233" dir="1" index="0" bw="1" slack="0"/>
</pin_list>
<bind>
<StgValue><ssdm name="p_ZZ8max_poolILi64ELi8EEvRN3hls6streamI8ap_fixedILi8ELi4EL9ap_q_mode0EL9ap_o_mode_18"/><MemPortTyVec>2 3 </MemPortTyVec>
</StgValue>
</bind>
</comp>

<comp id="234" class="1000" name="p_ZZ8max_poolILi64ELi8EEvRN3hls6streamI8ap_fixedILi8ELi4EL9ap_q_mode0EL9ap_o_mode_17">
<pin_list>
<pin id="235" dir="1" index="0" bw="1" slack="0"/>
</pin_list>
<bind>
<StgValue><ssdm name="p_ZZ8max_poolILi64ELi8EEvRN3hls6streamI8ap_fixedILi8ELi4EL9ap_q_mode0EL9ap_o_mode_17"/><MemPortTyVec>2 3 </MemPortTyVec>
</StgValue>
</bind>
</comp>

<comp id="236" class="1000" name="p_ZZ8max_poolILi64ELi8EEvRN3hls6streamI8ap_fixedILi8ELi4EL9ap_q_mode0EL9ap_o_mode_16">
<pin_list>
<pin id="237" dir="1" index="0" bw="1" slack="0"/>
</pin_list>
<bind>
<StgValue><ssdm name="p_ZZ8max_poolILi64ELi8EEvRN3hls6streamI8ap_fixedILi8ELi4EL9ap_q_mode0EL9ap_o_mode_16"/><MemPortTyVec>2 3 </MemPortTyVec>
</StgValue>
</bind>
</comp>

<comp id="238" class="1000" name="p_ZZ8max_poolILi64ELi8EEvRN3hls6streamI8ap_fixedILi8ELi4EL9ap_q_mode0EL9ap_o_mode_15">
<pin_list>
<pin id="239" dir="1" index="0" bw="1" slack="0"/>
</pin_list>
<bind>
<StgValue><ssdm name="p_ZZ8max_poolILi64ELi8EEvRN3hls6streamI8ap_fixedILi8ELi4EL9ap_q_mode0EL9ap_o_mode_15"/><MemPortTyVec>2 3 </MemPortTyVec>
</StgValue>
</bind>
</comp>

<comp id="240" class="1000" name="p_ZZ8max_poolILi64ELi8EEvRN3hls6streamI8ap_fixedILi8ELi4EL9ap_q_mode0EL9ap_o_mode_14">
<pin_list>
<pin id="241" dir="1" index="0" bw="1" slack="0"/>
</pin_list>
<bind>
<StgValue><ssdm name="p_ZZ8max_poolILi64ELi8EEvRN3hls6streamI8ap_fixedILi8ELi4EL9ap_q_mode0EL9ap_o_mode_14"/><MemPortTyVec>2 3 </MemPortTyVec>
</StgValue>
</bind>
</comp>

<comp id="242" class="1000" name="p_ZZ8max_poolILi64ELi8EEvRN3hls6streamI8ap_fixedILi8ELi4EL9ap_q_mode0EL9ap_o_mode_13">
<pin_list>
<pin id="243" dir="1" index="0" bw="1" slack="0"/>
</pin_list>
<bind>
<StgValue><ssdm name="p_ZZ8max_poolILi64ELi8EEvRN3hls6streamI8ap_fixedILi8ELi4EL9ap_q_mode0EL9ap_o_mode_13"/><MemPortTyVec>2 3 </MemPortTyVec>
</StgValue>
</bind>
</comp>

<comp id="244" class="1000" name="p_ZZ8max_poolILi64ELi8EEvRN3hls6streamI8ap_fixedILi8ELi4EL9ap_q_mode0EL9ap_o_mode_12">
<pin_list>
<pin id="245" dir="1" index="0" bw="1" slack="0"/>
</pin_list>
<bind>
<StgValue><ssdm name="p_ZZ8max_poolILi64ELi8EEvRN3hls6streamI8ap_fixedILi8ELi4EL9ap_q_mode0EL9ap_o_mode_12"/><MemPortTyVec>2 3 </MemPortTyVec>
</StgValue>
</bind>
</comp>

<comp id="246" class="1000" name="p_ZZ8max_poolILi64ELi8EEvRN3hls6streamI8ap_fixedILi8ELi4EL9ap_q_mode0EL9ap_o_mode_11">
<pin_list>
<pin id="247" dir="1" index="0" bw="1" slack="0"/>
</pin_list>
<bind>
<StgValue><ssdm name="p_ZZ8max_poolILi64ELi8EEvRN3hls6streamI8ap_fixedILi8ELi4EL9ap_q_mode0EL9ap_o_mode_11"/><MemPortTyVec>2 3 </MemPortTyVec>
</StgValue>
</bind>
</comp>

<comp id="248" class="1000" name="p_ZZ8max_poolILi64ELi8EEvRN3hls6streamI8ap_fixedILi8ELi4EL9ap_q_mode0EL9ap_o_mode_10">
<pin_list>
<pin id="249" dir="1" index="0" bw="1" slack="0"/>
</pin_list>
<bind>
<StgValue><ssdm name="p_ZZ8max_poolILi64ELi8EEvRN3hls6streamI8ap_fixedILi8ELi4EL9ap_q_mode0EL9ap_o_mode_10"/><MemPortTyVec>2 3 </MemPortTyVec>
</StgValue>
</bind>
</comp>

<comp id="250" class="1000" name="p_ZZ8max_poolILi64ELi8EEvRN3hls6streamI8ap_fixedILi8ELi4EL9ap_q_mode0EL9ap_o_mode_9">
<pin_list>
<pin id="251" dir="1" index="0" bw="1" slack="0"/>
</pin_list>
<bind>
<StgValue><ssdm name="p_ZZ8max_poolILi64ELi8EEvRN3hls6streamI8ap_fixedILi8ELi4EL9ap_q_mode0EL9ap_o_mode_9"/><MemPortTyVec>2 3 </MemPortTyVec>
</StgValue>
</bind>
</comp>

<comp id="252" class="1000" name="p_ZZ8max_poolILi64ELi8EEvRN3hls6streamI8ap_fixedILi8ELi4EL9ap_q_mode0EL9ap_o_mode_8">
<pin_list>
<pin id="253" dir="1" index="0" bw="1" slack="0"/>
</pin_list>
<bind>
<StgValue><ssdm name="p_ZZ8max_poolILi64ELi8EEvRN3hls6streamI8ap_fixedILi8ELi4EL9ap_q_mode0EL9ap_o_mode_8"/><MemPortTyVec>2 3 </MemPortTyVec>
</StgValue>
</bind>
</comp>

<comp id="254" class="1000" name="p_ZZ8max_poolILi64ELi8EEvRN3hls6streamI8ap_fixedILi8ELi4EL9ap_q_mode0EL9ap_o_mode_7">
<pin_list>
<pin id="255" dir="1" index="0" bw="1" slack="0"/>
</pin_list>
<bind>
<StgValue><ssdm name="p_ZZ8max_poolILi64ELi8EEvRN3hls6streamI8ap_fixedILi8ELi4EL9ap_q_mode0EL9ap_o_mode_7"/><MemPortTyVec>2 3 </MemPortTyVec>
</StgValue>
</bind>
</comp>

<comp id="256" class="1000" name="p_ZZ8max_poolILi64ELi8EEvRN3hls6streamI8ap_fixedILi8ELi4EL9ap_q_mode0EL9ap_o_mode_6">
<pin_list>
<pin id="257" dir="1" index="0" bw="1" slack="0"/>
</pin_list>
<bind>
<StgValue><ssdm name="p_ZZ8max_poolILi64ELi8EEvRN3hls6streamI8ap_fixedILi8ELi4EL9ap_q_mode0EL9ap_o_mode_6"/><MemPortTyVec>2 3 </MemPortTyVec>
</StgValue>
</bind>
</comp>

<comp id="258" class="1000" name="p_ZZ8max_poolILi64ELi8EEvRN3hls6streamI8ap_fixedILi8ELi4EL9ap_q_mode0EL9ap_o_mode_5">
<pin_list>
<pin id="259" dir="1" index="0" bw="1" slack="0"/>
</pin_list>
<bind>
<StgValue><ssdm name="p_ZZ8max_poolILi64ELi8EEvRN3hls6streamI8ap_fixedILi8ELi4EL9ap_q_mode0EL9ap_o_mode_5"/><MemPortTyVec>2 3 </MemPortTyVec>
</StgValue>
</bind>
</comp>

<comp id="260" class="1000" name="p_ZZ8max_poolILi64ELi8EEvRN3hls6streamI8ap_fixedILi8ELi4EL9ap_q_mode0EL9ap_o_mode_4">
<pin_list>
<pin id="261" dir="1" index="0" bw="1" slack="0"/>
</pin_list>
<bind>
<StgValue><ssdm name="p_ZZ8max_poolILi64ELi8EEvRN3hls6streamI8ap_fixedILi8ELi4EL9ap_q_mode0EL9ap_o_mode_4"/><MemPortTyVec>2 3 </MemPortTyVec>
</StgValue>
</bind>
</comp>

<comp id="262" class="1000" name="p_ZZ8max_poolILi64ELi8EEvRN3hls6streamI8ap_fixedILi8ELi4EL9ap_q_mode0EL9ap_o_mode_3">
<pin_list>
<pin id="263" dir="1" index="0" bw="1" slack="0"/>
</pin_list>
<bind>
<StgValue><ssdm name="p_ZZ8max_poolILi64ELi8EEvRN3hls6streamI8ap_fixedILi8ELi4EL9ap_q_mode0EL9ap_o_mode_3"/><MemPortTyVec>2 3 </MemPortTyVec>
</StgValue>
</bind>
</comp>

<comp id="264" class="1000" name="p_ZZ8max_poolILi64ELi8EEvRN3hls6streamI8ap_fixedILi8ELi4EL9ap_q_mode0EL9ap_o_mode_2">
<pin_list>
<pin id="265" dir="1" index="0" bw="1" slack="0"/>
</pin_list>
<bind>
<StgValue><ssdm name="p_ZZ8max_poolILi64ELi8EEvRN3hls6streamI8ap_fixedILi8ELi4EL9ap_q_mode0EL9ap_o_mode_2"/><MemPortTyVec>2 3 </MemPortTyVec>
</StgValue>
</bind>
</comp>

<comp id="266" class="1000" name="p_ZZ8max_poolILi64ELi8EEvRN3hls6streamI8ap_fixedILi8ELi4EL9ap_q_mode0EL9ap_o_mode_1">
<pin_list>
<pin id="267" dir="1" index="0" bw="1" slack="0"/>
</pin_list>
<bind>
<StgValue><ssdm name="p_ZZ8max_poolILi64ELi8EEvRN3hls6streamI8ap_fixedILi8ELi4EL9ap_q_mode0EL9ap_o_mode_1"/><MemPortTyVec>2 3 </MemPortTyVec>
</StgValue>
</bind>
</comp>

<comp id="268" class="1000" name="p_ZZ8max_poolILi64ELi8EEvRN3hls6streamI8ap_fixedILi8ELi4EL9ap_q_mode0EL9ap_o_mode">
<pin_list>
<pin id="269" dir="1" index="0" bw="1" slack="0"/>
</pin_list>
<bind>
<StgValue><ssdm name="p_ZZ8max_poolILi64ELi8EEvRN3hls6streamI8ap_fixedILi8ELi4EL9ap_q_mode0EL9ap_o_mode"/><MemPortTyVec>0 1 </MemPortTyVec>
</StgValue>
</bind>
</comp>

<comp id="270" class="1000" name="void_max_pool_stream_stream_ap_fixed_8_4_0_0_0_0_pool_buff_9">
<pin_list>
<pin id="271" dir="1" index="0" bw="1" slack="0"/>
</pin_list>
<bind>
<StgValue><ssdm name="void_max_pool_stream_stream_ap_fixed_8_4_0_0_0_0_pool_buff_9"/><MemPortTyVec>2 3 </MemPortTyVec>
</StgValue>
</bind>
</comp>

<comp id="272" class="1000" name="s_pool3">
<pin_list>
<pin id="273" dir="1" index="0" bw="1" slack="0"/>
</pin_list>
<bind>
<StgValue><ssdm name="s_pool3"/></StgValue>
</bind>
</comp>

<comp id="274" class="1000" name="dense_bias">
<pin_list>
<pin id="275" dir="1" index="0" bw="1" slack="0"/>
</pin_list>
<bind>
<StgValue><ssdm name="dense_bias"/><MemPortTyVec>1 </MemPortTyVec>
</StgValue>
</bind>
</comp>

<comp id="276" class="1000" name="dense_weights">
<pin_list>
<pin id="277" dir="1" index="0" bw="1" slack="0"/>
</pin_list>
<bind>
<StgValue><ssdm name="dense_weights"/><MemPortTyVec>1 </MemPortTyVec>
</StgValue>
</bind>
</comp>

<comp id="278" class="1001" name="const_278">
<pin_list>
<pin id="279" dir="1" index="0" bw="1" slack="0"/>
</pin_list>
<bind>
<StgValue><ssdm name="input_adapter"/></StgValue>
</bind>
</comp>

<comp id="280" class="1001" name="const_280">
<pin_list>
<pin id="281" dir="1" index="0" bw="1" slack="0"/>
</pin_list>
<bind>
<StgValue><ssdm name="layer_block<1, 16, 32>"/></StgValue>
</bind>
</comp>

<comp id="282" class="1001" name="const_282">
<pin_list>
<pin id="283" dir="1" index="0" bw="1" slack="0"/>
</pin_list>
<bind>
<StgValue><ssdm name="max_pool<16, 32>"/></StgValue>
</bind>
</comp>

<comp id="284" class="1001" name="const_284">
<pin_list>
<pin id="285" dir="1" index="0" bw="1" slack="0"/>
</pin_list>
<bind>
<StgValue><ssdm name="layer_block<16, 32, 16>"/></StgValue>
</bind>
</comp>

<comp id="286" class="1001" name="const_286">
<pin_list>
<pin id="287" dir="1" index="0" bw="1" slack="0"/>
</pin_list>
<bind>
<StgValue><ssdm name="max_pool<32, 16>"/></StgValue>
</bind>
</comp>

<comp id="288" class="1001" name="const_288">
<pin_list>
<pin id="289" dir="1" index="0" bw="1" slack="0"/>
</pin_list>
<bind>
<StgValue><ssdm name="layer_block<32, 64, 8>"/></StgValue>
</bind>
</comp>

<comp id="290" class="1001" name="const_290">
<pin_list>
<pin id="291" dir="1" index="0" bw="1" slack="0"/>
</pin_list>
<bind>
<StgValue><ssdm name="max_pool<64, 8>"/></StgValue>
</bind>
</comp>

<comp id="292" class="1001" name="const_292">
<pin_list>
<pin id="293" dir="1" index="0" bw="1" slack="0"/>
</pin_list>
<bind>
<StgValue><ssdm name="dense_layer"/></StgValue>
</bind>
</comp>

<comp id="294" class="1001" name="const_294">
<pin_list>
<pin id="295" dir="1" index="0" bw="1" slack="2147483647"/>
</pin_list>
<bind>
<StgValue><ssdm name="_ssdm_op_SpecDataflowPipeline"/></StgValue>
</bind>
</comp>

<comp id="296" class="1001" name="const_296">
<pin_list>
<pin id="297" dir="1" index="0" bw="1" slack="2147483647"/>
</pin_list>
<bind>
<StgValue><ssdm name=""/></StgValue>
</bind>
</comp>

<comp id="298" class="1001" name="const_298">
<pin_list>
<pin id="299" dir="1" index="0" bw="1" slack="2147483647"/>
</pin_list>
<bind>
<StgValue><ssdm name=""/></StgValue>
</bind>
</comp>

<comp id="300" class="1001" name="const_300">
<pin_list>
<pin id="301" dir="1" index="0" bw="1" slack="2147483647"/>
</pin_list>
<bind>
<StgValue><ssdm name="empty_4"/></StgValue>
</bind>
</comp>

<comp id="302" class="1001" name="const_302">
<pin_list>
<pin id="303" dir="1" index="0" bw="1" slack="2147483647"/>
</pin_list>
<bind>
<StgValue><ssdm name="_ssdm_op_SpecChannel"/></StgValue>
</bind>
</comp>

<comp id="304" class="1001" name="const_304">
<pin_list>
<pin id="305" dir="1" index="0" bw="1" slack="2147483647"/>
</pin_list>
<bind>
<StgValue><ssdm name="s_conv1_str"/></StgValue>
</bind>
</comp>

<comp id="306" class="1001" name="const_306">
<pin_list>
<pin id="307" dir="1" index="0" bw="1" slack="2147483647"/>
</pin_list>
<bind>
<StgValue><ssdm name=""/></StgValue>
</bind>
</comp>

<comp id="308" class="1001" name="const_308">
<pin_list>
<pin id="309" dir="1" index="0" bw="1" slack="2147483647"/>
</pin_list>
<bind>
<StgValue><ssdm name="p_str"/></StgValue>
</bind>
</comp>

<comp id="310" class="1001" name="const_310">
<pin_list>
<pin id="311" dir="1" index="0" bw="1" slack="2147483647"/>
</pin_list>
<bind>
<StgValue><ssdm name=""/></StgValue>
</bind>
</comp>

<comp id="312" class="1001" name="const_312">
<pin_list>
<pin id="313" dir="1" index="0" bw="1" slack="2147483647"/>
</pin_list>
<bind>
<StgValue><ssdm name="s_conv2_str"/></StgValue>
</bind>
</comp>

<comp id="314" class="1001" name="const_314">
<pin_list>
<pin id="315" dir="1" index="0" bw="1" slack="2147483647"/>
</pin_list>
<bind>
<StgValue><ssdm name=""/></StgValue>
</bind>
</comp>

<comp id="316" class="1001" name="const_316">
<pin_list>
<pin id="317" dir="1" index="0" bw="1" slack="2147483647"/>
</pin_list>
<bind>
<StgValue><ssdm name="s_conv3_str"/></StgValue>
</bind>
</comp>

<comp id="318" class="1001" name="const_318">
<pin_list>
<pin id="319" dir="1" index="0" bw="1" slack="2147483647"/>
</pin_list>
<bind>
<StgValue><ssdm name="s_input_str"/></StgValue>
</bind>
</comp>

<comp id="320" class="1001" name="const_320">
<pin_list>
<pin id="321" dir="1" index="0" bw="1" slack="2147483647"/>
</pin_list>
<bind>
<StgValue><ssdm name="s_pool1_str"/></StgValue>
</bind>
</comp>

<comp id="322" class="1001" name="const_322">
<pin_list>
<pin id="323" dir="1" index="0" bw="1" slack="2147483647"/>
</pin_list>
<bind>
<StgValue><ssdm name="s_pool2_str"/></StgValue>
</bind>
</comp>

<comp id="324" class="1001" name="const_324">
<pin_list>
<pin id="325" dir="1" index="0" bw="1" slack="2147483647"/>
</pin_list>
<bind>
<StgValue><ssdm name="s_pool3_str"/></StgValue>
</bind>
</comp>

<comp id="326" class="1001" name="const_326">
<pin_list>
<pin id="327" dir="1" index="0" bw="1" slack="2147483647"/>
</pin_list>
<bind>
<StgValue><ssdm name="_ssdm_op_SpecTopModule"/></StgValue>
</bind>
</comp>

<comp id="328" class="1001" name="const_328">
<pin_list>
<pin id="329" dir="1" index="0" bw="1" slack="2147483647"/>
</pin_list>
<bind>
<StgValue><ssdm name="empty_3"/></StgValue>
</bind>
</comp>

<comp id="330" class="1001" name="const_330">
<pin_list>
<pin id="331" dir="1" index="0" bw="1" slack="2147483647"/>
</pin_list>
<bind>
<StgValue><ssdm name="_ssdm_op_SpecInterface"/></StgValue>
</bind>
</comp>

<comp id="332" class="1001" name="const_332">
<pin_list>
<pin id="333" dir="1" index="0" bw="1" slack="2147483647"/>
</pin_list>
<bind>
<StgValue><ssdm name="empty_7"/></StgValue>
</bind>
</comp>

<comp id="334" class="1001" name="const_334">
<pin_list>
<pin id="335" dir="1" index="0" bw="1" slack="2147483647"/>
</pin_list>
<bind>
<StgValue><ssdm name="empty_15"/></StgValue>
</bind>
</comp>

<comp id="336" class="1001" name="const_336">
<pin_list>
<pin id="337" dir="1" index="0" bw="1" slack="2147483647"/>
</pin_list>
<bind>
<StgValue><ssdm name="_ssdm_op_SpecBitsMap"/></StgValue>
</bind>
</comp>

<comp id="338" class="1001" name="const_338">
<pin_list>
<pin id="339" dir="1" index="0" bw="1" slack="2147483647"/>
</pin_list>
<bind>
<StgValue><ssdm name="empty_16"/></StgValue>
</bind>
</comp>

<comp id="340" class="1001" name="const_340">
<pin_list>
<pin id="341" dir="1" index="0" bw="1" slack="2147483647"/>
</pin_list>
<bind>
<StgValue><ssdm name="empty_14"/></StgValue>
</bind>
</comp>

<comp id="342" class="1001" name="const_342">
<pin_list>
<pin id="343" dir="1" index="0" bw="1" slack="2147483647"/>
</pin_list>
<bind>
<StgValue><ssdm name="empty_11"/></StgValue>
</bind>
</comp>

<comp id="344" class="1001" name="const_344">
<pin_list>
<pin id="345" dir="1" index="0" bw="1" slack="2147483647"/>
</pin_list>
<bind>
<StgValue><ssdm name="_ssdm_op_SpecAXISSideChannel"/></StgValue>
</bind>
</comp>

<comp id="346" class="1001" name="const_346">
<pin_list>
<pin id="347" dir="1" index="0" bw="1" slack="2147483647"/>
</pin_list>
<bind>
<StgValue><ssdm name=""/></StgValue>
</bind>
</comp>

<comp id="348" class="1001" name="const_348">
<pin_list>
<pin id="349" dir="1" index="0" bw="1" slack="2147483647"/>
</pin_list>
<bind>
<StgValue><ssdm name="empty"/></StgValue>
</bind>
</comp>

<comp id="350" class="1001" name="const_350">
<pin_list>
<pin id="351" dir="1" index="0" bw="1" slack="2147483647"/>
</pin_list>
<bind>
<StgValue><ssdm name="empty_8"/></StgValue>
</bind>
</comp>

<comp id="352" class="1004" name="grp_input_adapter_fu_352">
<pin_list>
<pin id="353" dir="0" index="0" bw="0" slack="0"/>
<pin id="354" dir="0" index="1" bw="32" slack="0"/>
<pin id="355" dir="0" index="2" bw="4" slack="0"/>
<pin id="356" dir="0" index="3" bw="4" slack="0"/>
<pin id="357" dir="0" index="4" bw="1" slack="0"/>
<pin id="358" dir="0" index="5" bw="8" slack="0"/>
<pin id="359" dir="1" index="6" bw="0" slack="2147483647"/>
</pin_list>
<bind>
<opcode="call(48) " fcode="call"/>
<opset="call_ln203/2 "/>
</bind>
</comp>

<comp id="366" class="1004" name="grp_layer_block_1_16_32_s_fu_366">
<pin_list>
<pin id="367" dir="0" index="0" bw="0" slack="0"/>
<pin id="368" dir="0" index="1" bw="8" slack="0"/>
<pin id="369" dir="0" index="2" bw="8" slack="0"/>
<pin id="370" dir="0" index="3" bw="8" slack="0"/>
<pin id="371" dir="0" index="4" bw="8" slack="0"/>
<pin id="372" dir="1" index="5" bw="0" slack="2147483647"/>
</pin_list>
<bind>
<opcode="call(48) " fcode="call"/>
<opset="call_ln205/4 "/>
</bind>
</comp>

<comp id="378" class="1004" name="grp_max_pool_16_32_s_fu_378">
<pin_list>
<pin id="379" dir="0" index="0" bw="0" slack="0"/>
<pin id="380" dir="0" index="1" bw="8" slack="0"/>
<pin id="381" dir="0" index="2" bw="8" slack="0"/>
<pin id="382" dir="0" index="3" bw="8" slack="0"/>
<pin id="383" dir="0" index="4" bw="8" slack="0"/>
<pin id="384" dir="0" index="5" bw="8" slack="0"/>
<pin id="385" dir="0" index="6" bw="8" slack="0"/>
<pin id="386" dir="0" index="7" bw="8" slack="0"/>
<pin id="387" dir="0" index="8" bw="8" slack="0"/>
<pin id="388" dir="0" index="9" bw="8" slack="0"/>
<pin id="389" dir="0" index="10" bw="8" slack="0"/>
<pin id="390" dir="0" index="11" bw="8" slack="0"/>
<pin id="391" dir="0" index="12" bw="8" slack="0"/>
<pin id="392" dir="0" index="13" bw="8" slack="0"/>
<pin id="393" dir="0" index="14" bw="8" slack="0"/>
<pin id="394" dir="0" index="15" bw="8" slack="0"/>
<pin id="395" dir="0" index="16" bw="8" slack="0"/>
<pin id="396" dir="0" index="17" bw="8" slack="0"/>
<pin id="397" dir="0" index="18" bw="8" slack="0"/>
<pin id="398" dir="1" index="19" bw="0" slack="2147483647"/>
</pin_list>
<bind>
<opcode="call(48) " fcode="call"/>
<opset="call_ln206/6 "/>
</bind>
</comp>

<comp id="418" class="1004" name="grp_layer_block_16_32_16_s_fu_418">
<pin_list>
<pin id="419" dir="0" index="0" bw="0" slack="0"/>
<pin id="420" dir="0" index="1" bw="8" slack="0"/>
<pin id="421" dir="0" index="2" bw="8" slack="0"/>
<pin id="422" dir="0" index="3" bw="4" slack="0"/>
<pin id="423" dir="0" index="4" bw="5" slack="0"/>
<pin id="424" dir="0" index="5" bw="8" slack="0"/>
<pin id="425" dir="0" index="6" bw="8" slack="0"/>
<pin id="426" dir="1" index="7" bw="0" slack="2147483647"/>
</pin_list>
<bind>
<opcode="call(48) " fcode="call"/>
<opset="call_ln208/8 "/>
</bind>
</comp>

<comp id="434" class="1004" name="grp_max_pool_32_16_s_fu_434">
<pin_list>
<pin id="435" dir="0" index="0" bw="0" slack="0"/>
<pin id="436" dir="0" index="1" bw="8" slack="0"/>
<pin id="437" dir="0" index="2" bw="8" slack="0"/>
<pin id="438" dir="0" index="3" bw="8" slack="0"/>
<pin id="439" dir="0" index="4" bw="8" slack="0"/>
<pin id="440" dir="0" index="5" bw="8" slack="0"/>
<pin id="441" dir="0" index="6" bw="8" slack="0"/>
<pin id="442" dir="0" index="7" bw="8" slack="0"/>
<pin id="443" dir="0" index="8" bw="8" slack="0"/>
<pin id="444" dir="0" index="9" bw="8" slack="0"/>
<pin id="445" dir="0" index="10" bw="8" slack="0"/>
<pin id="446" dir="0" index="11" bw="8" slack="0"/>
<pin id="447" dir="0" index="12" bw="8" slack="0"/>
<pin id="448" dir="0" index="13" bw="8" slack="0"/>
<pin id="449" dir="0" index="14" bw="8" slack="0"/>
<pin id="450" dir="0" index="15" bw="8" slack="0"/>
<pin id="451" dir="0" index="16" bw="8" slack="0"/>
<pin id="452" dir="0" index="17" bw="8" slack="0"/>
<pin id="453" dir="0" index="18" bw="8" slack="0"/>
<pin id="454" dir="0" index="19" bw="8" slack="0"/>
<pin id="455" dir="0" index="20" bw="8" slack="0"/>
<pin id="456" dir="0" index="21" bw="8" slack="0"/>
<pin id="457" dir="0" index="22" bw="8" slack="0"/>
<pin id="458" dir="0" index="23" bw="8" slack="0"/>
<pin id="459" dir="0" index="24" bw="8" slack="0"/>
<pin id="460" dir="0" index="25" bw="8" slack="0"/>
<pin id="461" dir="0" index="26" bw="8" slack="0"/>
<pin id="462" dir="0" index="27" bw="8" slack="0"/>
<pin id="463" dir="0" index="28" bw="8" slack="0"/>
<pin id="464" dir="0" index="29" bw="8" slack="0"/>
<pin id="465" dir="0" index="30" bw="8" slack="0"/>
<pin id="466" dir="0" index="31" bw="8" slack="0"/>
<pin id="467" dir="0" index="32" bw="8" slack="0"/>
<pin id="468" dir="0" index="33" bw="8" slack="0"/>
<pin id="469" dir="0" index="34" bw="8" slack="0"/>
<pin id="470" dir="1" index="35" bw="0" slack="2147483647"/>
</pin_list>
<bind>
<opcode="call(48) " fcode="call"/>
<opset="call_ln209/10 "/>
</bind>
</comp>

<comp id="506" class="1004" name="grp_layer_block_32_64_8_s_fu_506">
<pin_list>
<pin id="507" dir="0" index="0" bw="0" slack="0"/>
<pin id="508" dir="0" index="1" bw="8" slack="0"/>
<pin id="509" dir="0" index="2" bw="8" slack="0"/>
<pin id="510" dir="0" index="3" bw="3" slack="0"/>
<pin id="511" dir="0" index="4" bw="5" slack="0"/>
<pin id="512" dir="0" index="5" bw="8" slack="0"/>
<pin id="513" dir="0" index="6" bw="8" slack="0"/>
<pin id="514" dir="1" index="7" bw="0" slack="2147483647"/>
</pin_list>
<bind>
<opcode="call(48) " fcode="call"/>
<opset="call_ln211/12 "/>
</bind>
</comp>

<comp id="522" class="1004" name="grp_max_pool_64_8_s_fu_522">
<pin_list>
<pin id="523" dir="0" index="0" bw="0" slack="0"/>
<pin id="524" dir="0" index="1" bw="8" slack="0"/>
<pin id="525" dir="0" index="2" bw="8" slack="0"/>
<pin id="526" dir="0" index="3" bw="8" slack="0"/>
<pin id="527" dir="0" index="4" bw="8" slack="0"/>
<pin id="528" dir="0" index="5" bw="8" slack="0"/>
<pin id="529" dir="0" index="6" bw="8" slack="0"/>
<pin id="530" dir="0" index="7" bw="8" slack="0"/>
<pin id="531" dir="0" index="8" bw="8" slack="0"/>
<pin id="532" dir="0" index="9" bw="8" slack="0"/>
<pin id="533" dir="0" index="10" bw="8" slack="0"/>
<pin id="534" dir="0" index="11" bw="8" slack="0"/>
<pin id="535" dir="0" index="12" bw="8" slack="0"/>
<pin id="536" dir="0" index="13" bw="8" slack="0"/>
<pin id="537" dir="0" index="14" bw="8" slack="0"/>
<pin id="538" dir="0" index="15" bw="8" slack="0"/>
<pin id="539" dir="0" index="16" bw="8" slack="0"/>
<pin id="540" dir="0" index="17" bw="8" slack="0"/>
<pin id="541" dir="0" index="18" bw="8" slack="0"/>
<pin id="542" dir="0" index="19" bw="8" slack="0"/>
<pin id="543" dir="0" index="20" bw="8" slack="0"/>
<pin id="544" dir="0" index="21" bw="8" slack="0"/>
<pin id="545" dir="0" index="22" bw="8" slack="0"/>
<pin id="546" dir="0" index="23" bw="8" slack="0"/>
<pin id="547" dir="0" index="24" bw="8" slack="0"/>
<pin id="548" dir="0" index="25" bw="8" slack="0"/>
<pin id="549" dir="0" index="26" bw="8" slack="0"/>
<pin id="550" dir="0" index="27" bw="8" slack="0"/>
<pin id="551" dir="0" index="28" bw="8" slack="0"/>
<pin id="552" dir="0" index="29" bw="8" slack="0"/>
<pin id="553" dir="0" index="30" bw="8" slack="0"/>
<pin id="554" dir="0" index="31" bw="8" slack="0"/>
<pin id="555" dir="0" index="32" bw="8" slack="0"/>
<pin id="556" dir="0" index="33" bw="8" slack="0"/>
<pin id="557" dir="0" index="34" bw="8" slack="0"/>
<pin id="558" dir="0" index="35" bw="8" slack="0"/>
<pin id="559" dir="0" index="36" bw="8" slack="0"/>
<pin id="560" dir="0" index="37" bw="8" slack="0"/>
<pin id="561" dir="0" index="38" bw="8" slack="0"/>
<pin id="562" dir="0" index="39" bw="8" slack="0"/>
<pin id="563" dir="0" index="40" bw="8" slack="0"/>
<pin id="564" dir="0" index="41" bw="8" slack="0"/>
<pin id="565" dir="0" index="42" bw="8" slack="0"/>
<pin id="566" dir="0" index="43" bw="8" slack="0"/>
<pin id="567" dir="0" index="44" bw="8" slack="0"/>
<pin id="568" dir="0" index="45" bw="8" slack="0"/>
<pin id="569" dir="0" index="46" bw="8" slack="0"/>
<pin id="570" dir="0" index="47" bw="8" slack="0"/>
<pin id="571" dir="0" index="48" bw="8" slack="0"/>
<pin id="572" dir="0" index="49" bw="8" slack="0"/>
<pin id="573" dir="0" index="50" bw="8" slack="0"/>
<pin id="574" dir="0" index="51" bw="8" slack="0"/>
<pin id="575" dir="0" index="52" bw="8" slack="0"/>
<pin id="576" dir="0" index="53" bw="8" slack="0"/>
<pin id="577" dir="0" index="54" bw="8" slack="0"/>
<pin id="578" dir="0" index="55" bw="8" slack="0"/>
<pin id="579" dir="0" index="56" bw="8" slack="0"/>
<pin id="580" dir="0" index="57" bw="8" slack="0"/>
<pin id="581" dir="0" index="58" bw="8" slack="0"/>
<pin id="582" dir="0" index="59" bw="8" slack="0"/>
<pin id="583" dir="0" index="60" bw="8" slack="0"/>
<pin id="584" dir="0" index="61" bw="8" slack="0"/>
<pin id="585" dir="0" index="62" bw="8" slack="0"/>
<pin id="586" dir="0" index="63" bw="8" slack="0"/>
<pin id="587" dir="0" index="64" bw="8" slack="0"/>
<pin id="588" dir="0" index="65" bw="8" slack="0"/>
<pin id="589" dir="0" index="66" bw="8" slack="0"/>
<pin id="590" dir="1" index="67" bw="0" slack="2147483647"/>
</pin_list>
<bind>
<opcode="call(48) " fcode="call"/>
<opset="call_ln212/14 "/>
</bind>
</comp>

<comp id="658" class="1004" name="grp_dense_layer_fu_658">
<pin_list>
<pin id="659" dir="0" index="0" bw="0" slack="0"/>
<pin id="660" dir="0" index="1" bw="32" slack="0"/>
<pin id="661" dir="0" index="2" bw="4" slack="0"/>
<pin id="662" dir="0" index="3" bw="4" slack="0"/>
<pin id="663" dir="0" index="4" bw="1" slack="0"/>
<pin id="664" dir="0" index="5" bw="8" slack="0"/>
<pin id="665" dir="0" index="6" bw="2" slack="0"/>
<pin id="666" dir="0" index="7" bw="5" slack="0"/>
<pin id="667" dir="1" index="8" bw="0" slack="2147483647"/>
</pin_list>
<bind>
<opcode="call(48) " fcode="call"/>
<opset="call_ln214/16 "/>
</bind>
</comp>

</comp_list>

<net_list>
<net id="360"><net_src comp="278" pin="0"/><net_sink comp="352" pin=0"/></net>

<net id="361"><net_src comp="0" pin="0"/><net_sink comp="352" pin=1"/></net>

<net id="362"><net_src comp="2" pin="0"/><net_sink comp="352" pin=2"/></net>

<net id="363"><net_src comp="4" pin="0"/><net_sink comp="352" pin=3"/></net>

<net id="364"><net_src comp="6" pin="0"/><net_sink comp="352" pin=4"/></net>

<net id="365"><net_src comp="16" pin="0"/><net_sink comp="352" pin=5"/></net>

<net id="373"><net_src comp="280" pin="0"/><net_sink comp="366" pin=0"/></net>

<net id="374"><net_src comp="18" pin="0"/><net_sink comp="366" pin=1"/></net>

<net id="375"><net_src comp="20" pin="0"/><net_sink comp="366" pin=2"/></net>

<net id="376"><net_src comp="16" pin="0"/><net_sink comp="366" pin=3"/></net>

<net id="377"><net_src comp="22" pin="0"/><net_sink comp="366" pin=4"/></net>

<net id="399"><net_src comp="282" pin="0"/><net_sink comp="378" pin=0"/></net>

<net id="400"><net_src comp="22" pin="0"/><net_sink comp="378" pin=1"/></net>

<net id="401"><net_src comp="24" pin="0"/><net_sink comp="378" pin=2"/></net>

<net id="402"><net_src comp="26" pin="0"/><net_sink comp="378" pin=3"/></net>

<net id="403"><net_src comp="28" pin="0"/><net_sink comp="378" pin=4"/></net>

<net id="404"><net_src comp="30" pin="0"/><net_sink comp="378" pin=5"/></net>

<net id="405"><net_src comp="32" pin="0"/><net_sink comp="378" pin=6"/></net>

<net id="406"><net_src comp="34" pin="0"/><net_sink comp="378" pin=7"/></net>

<net id="407"><net_src comp="36" pin="0"/><net_sink comp="378" pin=8"/></net>

<net id="408"><net_src comp="38" pin="0"/><net_sink comp="378" pin=9"/></net>

<net id="409"><net_src comp="40" pin="0"/><net_sink comp="378" pin=10"/></net>

<net id="410"><net_src comp="42" pin="0"/><net_sink comp="378" pin=11"/></net>

<net id="411"><net_src comp="44" pin="0"/><net_sink comp="378" pin=12"/></net>

<net id="412"><net_src comp="46" pin="0"/><net_sink comp="378" pin=13"/></net>

<net id="413"><net_src comp="48" pin="0"/><net_sink comp="378" pin=14"/></net>

<net id="414"><net_src comp="50" pin="0"/><net_sink comp="378" pin=15"/></net>

<net id="415"><net_src comp="52" pin="0"/><net_sink comp="378" pin=16"/></net>

<net id="416"><net_src comp="54" pin="0"/><net_sink comp="378" pin=17"/></net>

<net id="417"><net_src comp="56" pin="0"/><net_sink comp="378" pin=18"/></net>

<net id="427"><net_src comp="284" pin="0"/><net_sink comp="418" pin=0"/></net>

<net id="428"><net_src comp="58" pin="0"/><net_sink comp="418" pin=1"/></net>

<net id="429"><net_src comp="60" pin="0"/><net_sink comp="418" pin=2"/></net>

<net id="430"><net_src comp="62" pin="0"/><net_sink comp="418" pin=3"/></net>

<net id="431"><net_src comp="64" pin="0"/><net_sink comp="418" pin=4"/></net>

<net id="432"><net_src comp="66" pin="0"/><net_sink comp="418" pin=5"/></net>

<net id="433"><net_src comp="56" pin="0"/><net_sink comp="418" pin=6"/></net>

<net id="471"><net_src comp="286" pin="0"/><net_sink comp="434" pin=0"/></net>

<net id="472"><net_src comp="66" pin="0"/><net_sink comp="434" pin=1"/></net>

<net id="473"><net_src comp="68" pin="0"/><net_sink comp="434" pin=2"/></net>

<net id="474"><net_src comp="70" pin="0"/><net_sink comp="434" pin=3"/></net>

<net id="475"><net_src comp="72" pin="0"/><net_sink comp="434" pin=4"/></net>

<net id="476"><net_src comp="74" pin="0"/><net_sink comp="434" pin=5"/></net>

<net id="477"><net_src comp="76" pin="0"/><net_sink comp="434" pin=6"/></net>

<net id="478"><net_src comp="78" pin="0"/><net_sink comp="434" pin=7"/></net>

<net id="479"><net_src comp="80" pin="0"/><net_sink comp="434" pin=8"/></net>

<net id="480"><net_src comp="82" pin="0"/><net_sink comp="434" pin=9"/></net>

<net id="481"><net_src comp="84" pin="0"/><net_sink comp="434" pin=10"/></net>

<net id="482"><net_src comp="86" pin="0"/><net_sink comp="434" pin=11"/></net>

<net id="483"><net_src comp="88" pin="0"/><net_sink comp="434" pin=12"/></net>

<net id="484"><net_src comp="90" pin="0"/><net_sink comp="434" pin=13"/></net>

<net id="485"><net_src comp="92" pin="0"/><net_sink comp="434" pin=14"/></net>

<net id="486"><net_src comp="94" pin="0"/><net_sink comp="434" pin=15"/></net>

<net id="487"><net_src comp="96" pin="0"/><net_sink comp="434" pin=16"/></net>

<net id="488"><net_src comp="98" pin="0"/><net_sink comp="434" pin=17"/></net>

<net id="489"><net_src comp="100" pin="0"/><net_sink comp="434" pin=18"/></net>

<net id="490"><net_src comp="102" pin="0"/><net_sink comp="434" pin=19"/></net>

<net id="491"><net_src comp="104" pin="0"/><net_sink comp="434" pin=20"/></net>

<net id="492"><net_src comp="106" pin="0"/><net_sink comp="434" pin=21"/></net>

<net id="493"><net_src comp="108" pin="0"/><net_sink comp="434" pin=22"/></net>

<net id="494"><net_src comp="110" pin="0"/><net_sink comp="434" pin=23"/></net>

<net id="495"><net_src comp="112" pin="0"/><net_sink comp="434" pin=24"/></net>

<net id="496"><net_src comp="114" pin="0"/><net_sink comp="434" pin=25"/></net>

<net id="497"><net_src comp="116" pin="0"/><net_sink comp="434" pin=26"/></net>

<net id="498"><net_src comp="118" pin="0"/><net_sink comp="434" pin=27"/></net>

<net id="499"><net_src comp="120" pin="0"/><net_sink comp="434" pin=28"/></net>

<net id="500"><net_src comp="122" pin="0"/><net_sink comp="434" pin=29"/></net>

<net id="501"><net_src comp="124" pin="0"/><net_sink comp="434" pin=30"/></net>

<net id="502"><net_src comp="126" pin="0"/><net_sink comp="434" pin=31"/></net>

<net id="503"><net_src comp="128" pin="0"/><net_sink comp="434" pin=32"/></net>

<net id="504"><net_src comp="130" pin="0"/><net_sink comp="434" pin=33"/></net>

<net id="505"><net_src comp="132" pin="0"/><net_sink comp="434" pin=34"/></net>

<net id="515"><net_src comp="288" pin="0"/><net_sink comp="506" pin=0"/></net>

<net id="516"><net_src comp="134" pin="0"/><net_sink comp="506" pin=1"/></net>

<net id="517"><net_src comp="136" pin="0"/><net_sink comp="506" pin=2"/></net>

<net id="518"><net_src comp="138" pin="0"/><net_sink comp="506" pin=3"/></net>

<net id="519"><net_src comp="140" pin="0"/><net_sink comp="506" pin=4"/></net>

<net id="520"><net_src comp="142" pin="0"/><net_sink comp="506" pin=5"/></net>

<net id="521"><net_src comp="132" pin="0"/><net_sink comp="506" pin=6"/></net>

<net id="591"><net_src comp="290" pin="0"/><net_sink comp="522" pin=0"/></net>

<net id="592"><net_src comp="142" pin="0"/><net_sink comp="522" pin=1"/></net>

<net id="593"><net_src comp="144" pin="0"/><net_sink comp="522" pin=2"/></net>

<net id="594"><net_src comp="146" pin="0"/><net_sink comp="522" pin=3"/></net>

<net id="595"><net_src comp="148" pin="0"/><net_sink comp="522" pin=4"/></net>

<net id="596"><net_src comp="150" pin="0"/><net_sink comp="522" pin=5"/></net>

<net id="597"><net_src comp="152" pin="0"/><net_sink comp="522" pin=6"/></net>

<net id="598"><net_src comp="154" pin="0"/><net_sink comp="522" pin=7"/></net>

<net id="599"><net_src comp="156" pin="0"/><net_sink comp="522" pin=8"/></net>

<net id="600"><net_src comp="158" pin="0"/><net_sink comp="522" pin=9"/></net>

<net id="601"><net_src comp="160" pin="0"/><net_sink comp="522" pin=10"/></net>

<net id="602"><net_src comp="162" pin="0"/><net_sink comp="522" pin=11"/></net>

<net id="603"><net_src comp="164" pin="0"/><net_sink comp="522" pin=12"/></net>

<net id="604"><net_src comp="166" pin="0"/><net_sink comp="522" pin=13"/></net>

<net id="605"><net_src comp="168" pin="0"/><net_sink comp="522" pin=14"/></net>

<net id="606"><net_src comp="170" pin="0"/><net_sink comp="522" pin=15"/></net>

<net id="607"><net_src comp="172" pin="0"/><net_sink comp="522" pin=16"/></net>

<net id="608"><net_src comp="174" pin="0"/><net_sink comp="522" pin=17"/></net>

<net id="609"><net_src comp="176" pin="0"/><net_sink comp="522" pin=18"/></net>

<net id="610"><net_src comp="178" pin="0"/><net_sink comp="522" pin=19"/></net>

<net id="611"><net_src comp="180" pin="0"/><net_sink comp="522" pin=20"/></net>

<net id="612"><net_src comp="182" pin="0"/><net_sink comp="522" pin=21"/></net>

<net id="613"><net_src comp="184" pin="0"/><net_sink comp="522" pin=22"/></net>

<net id="614"><net_src comp="186" pin="0"/><net_sink comp="522" pin=23"/></net>

<net id="615"><net_src comp="188" pin="0"/><net_sink comp="522" pin=24"/></net>

<net id="616"><net_src comp="190" pin="0"/><net_sink comp="522" pin=25"/></net>

<net id="617"><net_src comp="192" pin="0"/><net_sink comp="522" pin=26"/></net>

<net id="618"><net_src comp="194" pin="0"/><net_sink comp="522" pin=27"/></net>

<net id="619"><net_src comp="196" pin="0"/><net_sink comp="522" pin=28"/></net>

<net id="620"><net_src comp="198" pin="0"/><net_sink comp="522" pin=29"/></net>

<net id="621"><net_src comp="200" pin="0"/><net_sink comp="522" pin=30"/></net>

<net id="622"><net_src comp="202" pin="0"/><net_sink comp="522" pin=31"/></net>

<net id="623"><net_src comp="204" pin="0"/><net_sink comp="522" pin=32"/></net>

<net id="624"><net_src comp="206" pin="0"/><net_sink comp="522" pin=33"/></net>

<net id="625"><net_src comp="208" pin="0"/><net_sink comp="522" pin=34"/></net>

<net id="626"><net_src comp="210" pin="0"/><net_sink comp="522" pin=35"/></net>

<net id="627"><net_src comp="212" pin="0"/><net_sink comp="522" pin=36"/></net>

<net id="628"><net_src comp="214" pin="0"/><net_sink comp="522" pin=37"/></net>

<net id="629"><net_src comp="216" pin="0"/><net_sink comp="522" pin=38"/></net>

<net id="630"><net_src comp="218" pin="0"/><net_sink comp="522" pin=39"/></net>

<net id="631"><net_src comp="220" pin="0"/><net_sink comp="522" pin=40"/></net>

<net id="632"><net_src comp="222" pin="0"/><net_sink comp="522" pin=41"/></net>

<net id="633"><net_src comp="224" pin="0"/><net_sink comp="522" pin=42"/></net>

<net id="634"><net_src comp="226" pin="0"/><net_sink comp="522" pin=43"/></net>

<net id="635"><net_src comp="228" pin="0"/><net_sink comp="522" pin=44"/></net>

<net id="636"><net_src comp="230" pin="0"/><net_sink comp="522" pin=45"/></net>

<net id="637"><net_src comp="232" pin="0"/><net_sink comp="522" pin=46"/></net>

<net id="638"><net_src comp="234" pin="0"/><net_sink comp="522" pin=47"/></net>

<net id="639"><net_src comp="236" pin="0"/><net_sink comp="522" pin=48"/></net>

<net id="640"><net_src comp="238" pin="0"/><net_sink comp="522" pin=49"/></net>

<net id="641"><net_src comp="240" pin="0"/><net_sink comp="522" pin=50"/></net>

<net id="642"><net_src comp="242" pin="0"/><net_sink comp="522" pin=51"/></net>

<net id="643"><net_src comp="244" pin="0"/><net_sink comp="522" pin=52"/></net>

<net id="644"><net_src comp="246" pin="0"/><net_sink comp="522" pin=53"/></net>

<net id="645"><net_src comp="248" pin="0"/><net_sink comp="522" pin=54"/></net>

<net id="646"><net_src comp="250" pin="0"/><net_sink comp="522" pin=55"/></net>

<net id="647"><net_src comp="252" pin="0"/><net_sink comp="522" pin=56"/></net>

<net id="648"><net_src comp="254" pin="0"/><net_sink comp="522" pin=57"/></net>

<net id="649"><net_src comp="256" pin="0"/><net_sink comp="522" pin=58"/></net>

<net id="650"><net_src comp="258" pin="0"/><net_sink comp="522" pin=59"/></net>

<net id="651"><net_src comp="260" pin="0"/><net_sink comp="522" pin=60"/></net>

<net id="652"><net_src comp="262" pin="0"/><net_sink comp="522" pin=61"/></net>

<net id="653"><net_src comp="264" pin="0"/><net_sink comp="522" pin=62"/></net>

<net id="654"><net_src comp="266" pin="0"/><net_sink comp="522" pin=63"/></net>

<net id="655"><net_src comp="268" pin="0"/><net_sink comp="522" pin=64"/></net>

<net id="656"><net_src comp="270" pin="0"/><net_sink comp="522" pin=65"/></net>

<net id="657"><net_src comp="272" pin="0"/><net_sink comp="522" pin=66"/></net>

<net id="668"><net_src comp="292" pin="0"/><net_sink comp="658" pin=0"/></net>

<net id="669"><net_src comp="8" pin="0"/><net_sink comp="658" pin=1"/></net>

<net id="670"><net_src comp="10" pin="0"/><net_sink comp="658" pin=2"/></net>

<net id="671"><net_src comp="12" pin="0"/><net_sink comp="658" pin=3"/></net>

<net id="672"><net_src comp="14" pin="0"/><net_sink comp="658" pin=4"/></net>

<net id="673"><net_src comp="272" pin="0"/><net_sink comp="658" pin=5"/></net>

<net id="674"><net_src comp="274" pin="0"/><net_sink comp="658" pin=6"/></net>

<net id="675"><net_src comp="276" pin="0"/><net_sink comp="658" pin=7"/></net>

</net_list>

</model> 
---------------- Datapath Model END ------------------

* FSMD analyzer results:
  - Output states:
	Port: OUTPUT_STREAM_V_data_V | {16 17 }
	Port: OUTPUT_STREAM_V_keep_V | {16 17 }
	Port: OUTPUT_STREAM_V_strb_V | {16 17 }
	Port: OUTPUT_STREAM_V_last_V | {16 17 }
	Port: s_input | {2 3 }
	Port: void_layer_block_stream_stream_signed_char_const_1_3_3_signed_char_cons_1 | {4 5 }
	Port: void_layer_block_stream_stream_signed_char_const_1_3_3_signed_char_cons | {4 5 }
	Port: s_conv1 | {4 5 }
	Port: void_max_pool_stream_stream_ap_fixed_8_4_0_0_0_0_pool_buff_28 | {6 7 }
	Port: void_max_pool_stream_stream_ap_fixed_8_4_0_0_0_0_pool_buff_27 | {6 7 }
	Port: void_max_pool_stream_stream_ap_fixed_8_4_0_0_0_0_pool_buff_26 | {6 7 }
	Port: void_max_pool_stream_stream_ap_fixed_8_4_0_0_0_0_pool_buff_25 | {6 7 }
	Port: void_max_pool_stream_stream_ap_fixed_8_4_0_0_0_0_pool_buff_24 | {6 7 }
	Port: void_max_pool_stream_stream_ap_fixed_8_4_0_0_0_0_pool_buff_23 | {6 7 }
	Port: void_max_pool_stream_stream_ap_fixed_8_4_0_0_0_0_pool_buff_22 | {6 7 }
	Port: void_max_pool_stream_stream_ap_fixed_8_4_0_0_0_0_pool_buff_21 | {6 7 }
	Port: void_max_pool_stream_stream_ap_fixed_8_4_0_0_0_0_pool_buff_20 | {6 7 }
	Port: p_ZZ8max_poolILi16ELi32EEvRN3hls6streamI8ap_fixedILi8ELi4EL9ap_q_mode0EL9ap_o_mod_5 | {6 7 }
	Port: p_ZZ8max_poolILi16ELi32EEvRN3hls6streamI8ap_fixedILi8ELi4EL9ap_q_mode0EL9ap_o_mod_4 | {6 7 }
	Port: p_ZZ8max_poolILi16ELi32EEvRN3hls6streamI8ap_fixedILi8ELi4EL9ap_q_mode0EL9ap_o_mod_3 | {6 7 }
	Port: p_ZZ8max_poolILi16ELi32EEvRN3hls6streamI8ap_fixedILi8ELi4EL9ap_q_mode0EL9ap_o_mod_2 | {6 7 }
	Port: p_ZZ8max_poolILi16ELi32EEvRN3hls6streamI8ap_fixedILi8ELi4EL9ap_q_mode0EL9ap_o_mod_1 | {6 7 }
	Port: p_ZZ8max_poolILi16ELi32EEvRN3hls6streamI8ap_fixedILi8ELi4EL9ap_q_mode0EL9ap_o_mod | {6 7 }
	Port: void_max_pool_stream_stream_ap_fixed_8_4_0_0_0_0_pool_buff_29 | {6 7 }
	Port: s_pool1 | {6 7 }
	Port: void_layer_block_stream_stream_signed_char_const_16_3_3_signed_char_con_1 | {8 9 }
	Port: void_layer_block_stream_stream_signed_char_const_16_3_3_signed_char_con | {8 9 }
	Port: s_conv2 | {8 9 }
	Port: void_max_pool_stream_stream_ap_fixed_8_4_0_0_0_0_pool_buff_18 | {10 11 }
	Port: void_max_pool_stream_stream_ap_fixed_8_4_0_0_0_0_pool_buff_17 | {10 11 }
	Port: void_max_pool_stream_stream_ap_fixed_8_4_0_0_0_0_pool_buff_16 | {10 11 }
	Port: void_max_pool_stream_stream_ap_fixed_8_4_0_0_0_0_pool_buff_15 | {10 11 }
	Port: void_max_pool_stream_stream_ap_fixed_8_4_0_0_0_0_pool_buff_14 | {10 11 }
	Port: void_max_pool_stream_stream_ap_fixed_8_4_0_0_0_0_pool_buff_13 | {10 11 }
	Port: void_max_pool_stream_stream_ap_fixed_8_4_0_0_0_0_pool_buff_12 | {10 11 }
	Port: void_max_pool_stream_stream_ap_fixed_8_4_0_0_0_0_pool_buff_11 | {10 11 }
	Port: void_max_pool_stream_stream_ap_fixed_8_4_0_0_0_0_pool_buff_10 | {10 11 }
	Port: p_ZZ8max_poolILi32ELi16EEvRN3hls6streamI8ap_fixedILi8ELi4EL9ap_q_mode0EL9ap_o_mod_21 | {10 11 }
	Port: p_ZZ8max_poolILi32ELi16EEvRN3hls6streamI8ap_fixedILi8ELi4EL9ap_q_mode0EL9ap_o_mod_20 | {10 11 }
	Port: p_ZZ8max_poolILi32ELi16EEvRN3hls6streamI8ap_fixedILi8ELi4EL9ap_q_mode0EL9ap_o_mod_19 | {10 11 }
	Port: p_ZZ8max_poolILi32ELi16EEvRN3hls6streamI8ap_fixedILi8ELi4EL9ap_q_mode0EL9ap_o_mod_18 | {10 11 }
	Port: p_ZZ8max_poolILi32ELi16EEvRN3hls6streamI8ap_fixedILi8ELi4EL9ap_q_mode0EL9ap_o_mod_17 | {10 11 }
	Port: p_ZZ8max_poolILi32ELi16EEvRN3hls6streamI8ap_fixedILi8ELi4EL9ap_q_mode0EL9ap_o_mod_16 | {10 11 }
	Port: p_ZZ8max_poolILi32ELi16EEvRN3hls6streamI8ap_fixedILi8ELi4EL9ap_q_mode0EL9ap_o_mod_15 | {10 11 }
	Port: p_ZZ8max_poolILi32ELi16EEvRN3hls6streamI8ap_fixedILi8ELi4EL9ap_q_mode0EL9ap_o_mod_14 | {10 11 }
	Port: p_ZZ8max_poolILi32ELi16EEvRN3hls6streamI8ap_fixedILi8ELi4EL9ap_q_mode0EL9ap_o_mod_13 | {10 11 }
	Port: p_ZZ8max_poolILi32ELi16EEvRN3hls6streamI8ap_fixedILi8ELi4EL9ap_q_mode0EL9ap_o_mod_12 | {10 11 }
	Port: p_ZZ8max_poolILi32ELi16EEvRN3hls6streamI8ap_fixedILi8ELi4EL9ap_q_mode0EL9ap_o_mod_11 | {10 11 }
	Port: p_ZZ8max_poolILi32ELi16EEvRN3hls6streamI8ap_fixedILi8ELi4EL9ap_q_mode0EL9ap_o_mod_10 | {10 11 }
	Port: p_ZZ8max_poolILi32ELi16EEvRN3hls6streamI8ap_fixedILi8ELi4EL9ap_q_mode0EL9ap_o_mod_9 | {10 11 }
	Port: p_ZZ8max_poolILi32ELi16EEvRN3hls6streamI8ap_fixedILi8ELi4EL9ap_q_mode0EL9ap_o_mod_8 | {10 11 }
	Port: p_ZZ8max_poolILi32ELi16EEvRN3hls6streamI8ap_fixedILi8ELi4EL9ap_q_mode0EL9ap_o_mod_7 | {10 11 }
	Port: p_ZZ8max_poolILi32ELi16EEvRN3hls6streamI8ap_fixedILi8ELi4EL9ap_q_mode0EL9ap_o_mod_6 | {10 11 }
	Port: p_ZZ8max_poolILi32ELi16EEvRN3hls6streamI8ap_fixedILi8ELi4EL9ap_q_mode0EL9ap_o_mod_5 | {10 11 }
	Port: p_ZZ8max_poolILi32ELi16EEvRN3hls6streamI8ap_fixedILi8ELi4EL9ap_q_mode0EL9ap_o_mod_4 | {10 11 }
	Port: p_ZZ8max_poolILi32ELi16EEvRN3hls6streamI8ap_fixedILi8ELi4EL9ap_q_mode0EL9ap_o_mod_3 | {10 11 }
	Port: p_ZZ8max_poolILi32ELi16EEvRN3hls6streamI8ap_fixedILi8ELi4EL9ap_q_mode0EL9ap_o_mod_2 | {10 11 }
	Port: p_ZZ8max_poolILi32ELi16EEvRN3hls6streamI8ap_fixedILi8ELi4EL9ap_q_mode0EL9ap_o_mod_1 | {10 11 }
	Port: p_ZZ8max_poolILi32ELi16EEvRN3hls6streamI8ap_fixedILi8ELi4EL9ap_q_mode0EL9ap_o_mod | {10 11 }
	Port: void_max_pool_stream_stream_ap_fixed_8_4_0_0_0_0_pool_buff_19 | {10 11 }
	Port: s_pool2 | {10 11 }
	Port: void_layer_block_stream_stream_signed_char_const_32_3_3_signed_char_con_1 | {12 13 }
	Port: void_layer_block_stream_stream_signed_char_const_32_3_3_signed_char_con | {12 13 }
	Port: s_conv3 | {12 13 }
	Port: void_max_pool_stream_stream_ap_fixed_8_4_0_0_0_0_pool_buff_8 | {14 15 }
	Port: void_max_pool_stream_stream_ap_fixed_8_4_0_0_0_0_pool_buff_7 | {14 15 }
	Port: void_max_pool_stream_stream_ap_fixed_8_4_0_0_0_0_pool_buff_6 | {14 15 }
	Port: void_max_pool_stream_stream_ap_fixed_8_4_0_0_0_0_pool_buff_5 | {14 15 }
	Port: void_max_pool_stream_stream_ap_fixed_8_4_0_0_0_0_pool_buff_4 | {14 15 }
	Port: void_max_pool_stream_stream_ap_fixed_8_4_0_0_0_0_pool_buff_3 | {14 15 }
	Port: void_max_pool_stream_stream_ap_fixed_8_4_0_0_0_0_pool_buff_2 | {14 15 }
	Port: void_max_pool_stream_stream_ap_fixed_8_4_0_0_0_0_pool_buff_1 | {14 15 }
	Port: void_max_pool_stream_stream_ap_fixed_8_4_0_0_0_0_pool_buff | {14 15 }
	Port: p_ZZ8max_poolILi64ELi8EEvRN3hls6streamI8ap_fixedILi8ELi4EL9ap_q_mode0EL9ap_o_mode_53 | {14 15 }
	Port: p_ZZ8max_poolILi64ELi8EEvRN3hls6streamI8ap_fixedILi8ELi4EL9ap_q_mode0EL9ap_o_mode_52 | {14 15 }
	Port: p_ZZ8max_poolILi64ELi8EEvRN3hls6streamI8ap_fixedILi8ELi4EL9ap_q_mode0EL9ap_o_mode_51 | {14 15 }
	Port: p_ZZ8max_poolILi64ELi8EEvRN3hls6streamI8ap_fixedILi8ELi4EL9ap_q_mode0EL9ap_o_mode_50 | {14 15 }
	Port: p_ZZ8max_poolILi64ELi8EEvRN3hls6streamI8ap_fixedILi8ELi4EL9ap_q_mode0EL9ap_o_mode_49 | {14 15 }
	Port: p_ZZ8max_poolILi64ELi8EEvRN3hls6streamI8ap_fixedILi8ELi4EL9ap_q_mode0EL9ap_o_mode_48 | {14 15 }
	Port: p_ZZ8max_poolILi64ELi8EEvRN3hls6streamI8ap_fixedILi8ELi4EL9ap_q_mode0EL9ap_o_mode_47 | {14 15 }
	Port: p_ZZ8max_poolILi64ELi8EEvRN3hls6streamI8ap_fixedILi8ELi4EL9ap_q_mode0EL9ap_o_mode_46 | {14 15 }
	Port: p_ZZ8max_poolILi64ELi8EEvRN3hls6streamI8ap_fixedILi8ELi4EL9ap_q_mode0EL9ap_o_mode_45 | {14 15 }
	Port: p_ZZ8max_poolILi64ELi8EEvRN3hls6streamI8ap_fixedILi8ELi4EL9ap_q_mode0EL9ap_o_mode_44 | {14 15 }
	Port: p_ZZ8max_poolILi64ELi8EEvRN3hls6streamI8ap_fixedILi8ELi4EL9ap_q_mode0EL9ap_o_mode_43 | {14 15 }
	Port: p_ZZ8max_poolILi64ELi8EEvRN3hls6streamI8ap_fixedILi8ELi4EL9ap_q_mode0EL9ap_o_mode_42 | {14 15 }
	Port: p_ZZ8max_poolILi64ELi8EEvRN3hls6streamI8ap_fixedILi8ELi4EL9ap_q_mode0EL9ap_o_mode_41 | {14 15 }
	Port: p_ZZ8max_poolILi64ELi8EEvRN3hls6streamI8ap_fixedILi8ELi4EL9ap_q_mode0EL9ap_o_mode_40 | {14 15 }
	Port: p_ZZ8max_poolILi64ELi8EEvRN3hls6streamI8ap_fixedILi8ELi4EL9ap_q_mode0EL9ap_o_mode_39 | {14 15 }
	Port: p_ZZ8max_poolILi64ELi8EEvRN3hls6streamI8ap_fixedILi8ELi4EL9ap_q_mode0EL9ap_o_mode_38 | {14 15 }
	Port: p_ZZ8max_poolILi64ELi8EEvRN3hls6streamI8ap_fixedILi8ELi4EL9ap_q_mode0EL9ap_o_mode_37 | {14 15 }
	Port: p_ZZ8max_poolILi64ELi8EEvRN3hls6streamI8ap_fixedILi8ELi4EL9ap_q_mode0EL9ap_o_mode_36 | {14 15 }
	Port: p_ZZ8max_poolILi64ELi8EEvRN3hls6streamI8ap_fixedILi8ELi4EL9ap_q_mode0EL9ap_o_mode_35 | {14 15 }
	Port: p_ZZ8max_poolILi64ELi8EEvRN3hls6streamI8ap_fixedILi8ELi4EL9ap_q_mode0EL9ap_o_mode_34 | {14 15 }
	Port: p_ZZ8max_poolILi64ELi8EEvRN3hls6streamI8ap_fixedILi8ELi4EL9ap_q_mode0EL9ap_o_mode_33 | {14 15 }
	Port: p_ZZ8max_poolILi64ELi8EEvRN3hls6streamI8ap_fixedILi8ELi4EL9ap_q_mode0EL9ap_o_mode_32 | {14 15 }
	Port: p_ZZ8max_poolILi64ELi8EEvRN3hls6streamI8ap_fixedILi8ELi4EL9ap_q_mode0EL9ap_o_mode_31 | {14 15 }
	Port: p_ZZ8max_poolILi64ELi8EEvRN3hls6streamI8ap_fixedILi8ELi4EL9ap_q_mode0EL9ap_o_mode_30 | {14 15 }
	Port: p_ZZ8max_poolILi64ELi8EEvRN3hls6streamI8ap_fixedILi8ELi4EL9ap_q_mode0EL9ap_o_mode_29 | {14 15 }
	Port: p_ZZ8max_poolILi64ELi8EEvRN3hls6streamI8ap_fixedILi8ELi4EL9ap_q_mode0EL9ap_o_mode_28 | {14 15 }
	Port: p_ZZ8max_poolILi64ELi8EEvRN3hls6streamI8ap_fixedILi8ELi4EL9ap_q_mode0EL9ap_o_mode_27 | {14 15 }
	Port: p_ZZ8max_poolILi64ELi8EEvRN3hls6streamI8ap_fixedILi8ELi4EL9ap_q_mode0EL9ap_o_mode_26 | {14 15 }
	Port: p_ZZ8max_poolILi64ELi8EEvRN3hls6streamI8ap_fixedILi8ELi4EL9ap_q_mode0EL9ap_o_mode_25 | {14 15 }
	Port: p_ZZ8max_poolILi64ELi8EEvRN3hls6streamI8ap_fixedILi8ELi4EL9ap_q_mode0EL9ap_o_mode_24 | {14 15 }
	Port: p_ZZ8max_poolILi64ELi8EEvRN3hls6streamI8ap_fixedILi8ELi4EL9ap_q_mode0EL9ap_o_mode_23 | {14 15 }
	Port: p_ZZ8max_poolILi64ELi8EEvRN3hls6streamI8ap_fixedILi8ELi4EL9ap_q_mode0EL9ap_o_mode_22 | {14 15 }
	Port: p_ZZ8max_poolILi64ELi8EEvRN3hls6streamI8ap_fixedILi8ELi4EL9ap_q_mode0EL9ap_o_mode_21 | {14 15 }
	Port: p_ZZ8max_poolILi64ELi8EEvRN3hls6streamI8ap_fixedILi8ELi4EL9ap_q_mode0EL9ap_o_mode_20 | {14 15 }
	Port: p_ZZ8max_poolILi64ELi8EEvRN3hls6streamI8ap_fixedILi8ELi4EL9ap_q_mode0EL9ap_o_mode_19 | {14 15 }
	Port: p_ZZ8max_poolILi64ELi8EEvRN3hls6streamI8ap_fixedILi8ELi4EL9ap_q_mode0EL9ap_o_mode_18 | {14 15 }
	Port: p_ZZ8max_poolILi64ELi8EEvRN3hls6streamI8ap_fixedILi8ELi4EL9ap_q_mode0EL9ap_o_mode_17 | {14 15 }
	Port: p_ZZ8max_poolILi64ELi8EEvRN3hls6streamI8ap_fixedILi8ELi4EL9ap_q_mode0EL9ap_o_mode_16 | {14 15 }
	Port: p_ZZ8max_poolILi64ELi8EEvRN3hls6streamI8ap_fixedILi8ELi4EL9ap_q_mode0EL9ap_o_mode_15 | {14 15 }
	Port: p_ZZ8max_poolILi64ELi8EEvRN3hls6streamI8ap_fixedILi8ELi4EL9ap_q_mode0EL9ap_o_mode_14 | {14 15 }
	Port: p_ZZ8max_poolILi64ELi8EEvRN3hls6streamI8ap_fixedILi8ELi4EL9ap_q_mode0EL9ap_o_mode_13 | {14 15 }
	Port: p_ZZ8max_poolILi64ELi8EEvRN3hls6streamI8ap_fixedILi8ELi4EL9ap_q_mode0EL9ap_o_mode_12 | {14 15 }
	Port: p_ZZ8max_poolILi64ELi8EEvRN3hls6streamI8ap_fixedILi8ELi4EL9ap_q_mode0EL9ap_o_mode_11 | {14 15 }
	Port: p_ZZ8max_poolILi64ELi8EEvRN3hls6streamI8ap_fixedILi8ELi4EL9ap_q_mode0EL9ap_o_mode_10 | {14 15 }
	Port: p_ZZ8max_poolILi64ELi8EEvRN3hls6streamI8ap_fixedILi8ELi4EL9ap_q_mode0EL9ap_o_mode_9 | {14 15 }
	Port: p_ZZ8max_poolILi64ELi8EEvRN3hls6streamI8ap_fixedILi8ELi4EL9ap_q_mode0EL9ap_o_mode_8 | {14 15 }
	Port: p_ZZ8max_poolILi64ELi8EEvRN3hls6streamI8ap_fixedILi8ELi4EL9ap_q_mode0EL9ap_o_mode_7 | {14 15 }
	Port: p_ZZ8max_poolILi64ELi8EEvRN3hls6streamI8ap_fixedILi8ELi4EL9ap_q_mode0EL9ap_o_mode_6 | {14 15 }
	Port: p_ZZ8max_poolILi64ELi8EEvRN3hls6streamI8ap_fixedILi8ELi4EL9ap_q_mode0EL9ap_o_mode_5 | {14 15 }
	Port: p_ZZ8max_poolILi64ELi8EEvRN3hls6streamI8ap_fixedILi8ELi4EL9ap_q_mode0EL9ap_o_mode_4 | {14 15 }
	Port: p_ZZ8max_poolILi64ELi8EEvRN3hls6streamI8ap_fixedILi8ELi4EL9ap_q_mode0EL9ap_o_mode_3 | {14 15 }
	Port: p_ZZ8max_poolILi64ELi8EEvRN3hls6streamI8ap_fixedILi8ELi4EL9ap_q_mode0EL9ap_o_mode_2 | {14 15 }
	Port: p_ZZ8max_poolILi64ELi8EEvRN3hls6streamI8ap_fixedILi8ELi4EL9ap_q_mode0EL9ap_o_mode_1 | {14 15 }
	Port: p_ZZ8max_poolILi64ELi8EEvRN3hls6streamI8ap_fixedILi8ELi4EL9ap_q_mode0EL9ap_o_mode | {14 15 }
	Port: void_max_pool_stream_stream_ap_fixed_8_4_0_0_0_0_pool_buff_9 | {14 15 }
	Port: s_pool3 | {14 15 }
 - Input state : 
	Port: vgg_accelerator : INPUT_STREAM_V_data_V | {2 3 }
	Port: vgg_accelerator : INPUT_STREAM_V_keep_V | {2 3 }
	Port: vgg_accelerator : INPUT_STREAM_V_strb_V | {2 3 }
	Port: vgg_accelerator : INPUT_STREAM_V_last_V | {2 3 }
	Port: vgg_accelerator : s_input | {4 5 }
	Port: vgg_accelerator : void_layer_block_stream_stream_signed_char_const_1_3_3_signed_char_cons_1 | {4 5 }
	Port: vgg_accelerator : void_layer_block_stream_stream_signed_char_const_1_3_3_signed_char_cons | {4 5 }
	Port: vgg_accelerator : s_conv1 | {6 7 }
	Port: vgg_accelerator : void_max_pool_stream_stream_ap_fixed_8_4_0_0_0_0_pool_buff_28 | {6 7 }
	Port: vgg_accelerator : void_max_pool_stream_stream_ap_fixed_8_4_0_0_0_0_pool_buff_27 | {6 7 }
	Port: vgg_accelerator : void_max_pool_stream_stream_ap_fixed_8_4_0_0_0_0_pool_buff_26 | {6 7 }
	Port: vgg_accelerator : void_max_pool_stream_stream_ap_fixed_8_4_0_0_0_0_pool_buff_25 | {6 7 }
	Port: vgg_accelerator : void_max_pool_stream_stream_ap_fixed_8_4_0_0_0_0_pool_buff_24 | {6 7 }
	Port: vgg_accelerator : void_max_pool_stream_stream_ap_fixed_8_4_0_0_0_0_pool_buff_23 | {6 7 }
	Port: vgg_accelerator : void_max_pool_stream_stream_ap_fixed_8_4_0_0_0_0_pool_buff_22 | {6 7 }
	Port: vgg_accelerator : void_max_pool_stream_stream_ap_fixed_8_4_0_0_0_0_pool_buff_21 | {6 7 }
	Port: vgg_accelerator : void_max_pool_stream_stream_ap_fixed_8_4_0_0_0_0_pool_buff_20 | {6 7 }
	Port: vgg_accelerator : p_ZZ8max_poolILi16ELi32EEvRN3hls6streamI8ap_fixedILi8ELi4EL9ap_q_mode0EL9ap_o_mod_5 | {6 7 }
	Port: vgg_accelerator : p_ZZ8max_poolILi16ELi32EEvRN3hls6streamI8ap_fixedILi8ELi4EL9ap_q_mode0EL9ap_o_mod_4 | {6 7 }
	Port: vgg_accelerator : p_ZZ8max_poolILi16ELi32EEvRN3hls6streamI8ap_fixedILi8ELi4EL9ap_q_mode0EL9ap_o_mod_3 | {6 7 }
	Port: vgg_accelerator : p_ZZ8max_poolILi16ELi32EEvRN3hls6streamI8ap_fixedILi8ELi4EL9ap_q_mode0EL9ap_o_mod_2 | {6 7 }
	Port: vgg_accelerator : p_ZZ8max_poolILi16ELi32EEvRN3hls6streamI8ap_fixedILi8ELi4EL9ap_q_mode0EL9ap_o_mod_1 | {6 7 }
	Port: vgg_accelerator : p_ZZ8max_poolILi16ELi32EEvRN3hls6streamI8ap_fixedILi8ELi4EL9ap_q_mode0EL9ap_o_mod | {6 7 }
	Port: vgg_accelerator : void_max_pool_stream_stream_ap_fixed_8_4_0_0_0_0_pool_buff_29 | {6 7 }
	Port: vgg_accelerator : s_pool1 | {8 9 }
	Port: vgg_accelerator : void_layer_block_stream_stream_signed_char_const_16_3_3_signed_char_con_1 | {8 9 }
	Port: vgg_accelerator : void_layer_block_stream_stream_signed_char_const_16_3_3_signed_char_con | {8 9 }
	Port: vgg_accelerator : conv2_bias | {8 9 }
	Port: vgg_accelerator : conv2_weights | {8 9 }
	Port: vgg_accelerator : s_conv2 | {10 11 }
	Port: vgg_accelerator : void_max_pool_stream_stream_ap_fixed_8_4_0_0_0_0_pool_buff_18 | {10 11 }
	Port: vgg_accelerator : void_max_pool_stream_stream_ap_fixed_8_4_0_0_0_0_pool_buff_17 | {10 11 }
	Port: vgg_accelerator : void_max_pool_stream_stream_ap_fixed_8_4_0_0_0_0_pool_buff_16 | {10 11 }
	Port: vgg_accelerator : void_max_pool_stream_stream_ap_fixed_8_4_0_0_0_0_pool_buff_15 | {10 11 }
	Port: vgg_accelerator : void_max_pool_stream_stream_ap_fixed_8_4_0_0_0_0_pool_buff_14 | {10 11 }
	Port: vgg_accelerator : void_max_pool_stream_stream_ap_fixed_8_4_0_0_0_0_pool_buff_13 | {10 11 }
	Port: vgg_accelerator : void_max_pool_stream_stream_ap_fixed_8_4_0_0_0_0_pool_buff_12 | {10 11 }
	Port: vgg_accelerator : void_max_pool_stream_stream_ap_fixed_8_4_0_0_0_0_pool_buff_11 | {10 11 }
	Port: vgg_accelerator : void_max_pool_stream_stream_ap_fixed_8_4_0_0_0_0_pool_buff_10 | {10 11 }
	Port: vgg_accelerator : p_ZZ8max_poolILi32ELi16EEvRN3hls6streamI8ap_fixedILi8ELi4EL9ap_q_mode0EL9ap_o_mod_21 | {10 11 }
	Port: vgg_accelerator : p_ZZ8max_poolILi32ELi16EEvRN3hls6streamI8ap_fixedILi8ELi4EL9ap_q_mode0EL9ap_o_mod_20 | {10 11 }
	Port: vgg_accelerator : p_ZZ8max_poolILi32ELi16EEvRN3hls6streamI8ap_fixedILi8ELi4EL9ap_q_mode0EL9ap_o_mod_19 | {10 11 }
	Port: vgg_accelerator : p_ZZ8max_poolILi32ELi16EEvRN3hls6streamI8ap_fixedILi8ELi4EL9ap_q_mode0EL9ap_o_mod_18 | {10 11 }
	Port: vgg_accelerator : p_ZZ8max_poolILi32ELi16EEvRN3hls6streamI8ap_fixedILi8ELi4EL9ap_q_mode0EL9ap_o_mod_17 | {10 11 }
	Port: vgg_accelerator : p_ZZ8max_poolILi32ELi16EEvRN3hls6streamI8ap_fixedILi8ELi4EL9ap_q_mode0EL9ap_o_mod_16 | {10 11 }
	Port: vgg_accelerator : p_ZZ8max_poolILi32ELi16EEvRN3hls6streamI8ap_fixedILi8ELi4EL9ap_q_mode0EL9ap_o_mod_15 | {10 11 }
	Port: vgg_accelerator : p_ZZ8max_poolILi32ELi16EEvRN3hls6streamI8ap_fixedILi8ELi4EL9ap_q_mode0EL9ap_o_mod_14 | {10 11 }
	Port: vgg_accelerator : p_ZZ8max_poolILi32ELi16EEvRN3hls6streamI8ap_fixedILi8ELi4EL9ap_q_mode0EL9ap_o_mod_13 | {10 11 }
	Port: vgg_accelerator : p_ZZ8max_poolILi32ELi16EEvRN3hls6streamI8ap_fixedILi8ELi4EL9ap_q_mode0EL9ap_o_mod_12 | {10 11 }
	Port: vgg_accelerator : p_ZZ8max_poolILi32ELi16EEvRN3hls6streamI8ap_fixedILi8ELi4EL9ap_q_mode0EL9ap_o_mod_11 | {10 11 }
	Port: vgg_accelerator : p_ZZ8max_poolILi32ELi16EEvRN3hls6streamI8ap_fixedILi8ELi4EL9ap_q_mode0EL9ap_o_mod_10 | {10 11 }
	Port: vgg_accelerator : p_ZZ8max_poolILi32ELi16EEvRN3hls6streamI8ap_fixedILi8ELi4EL9ap_q_mode0EL9ap_o_mod_9 | {10 11 }
	Port: vgg_accelerator : p_ZZ8max_poolILi32ELi16EEvRN3hls6streamI8ap_fixedILi8ELi4EL9ap_q_mode0EL9ap_o_mod_8 | {10 11 }
	Port: vgg_accelerator : p_ZZ8max_poolILi32ELi16EEvRN3hls6streamI8ap_fixedILi8ELi4EL9ap_q_mode0EL9ap_o_mod_7 | {10 11 }
	Port: vgg_accelerator : p_ZZ8max_poolILi32ELi16EEvRN3hls6streamI8ap_fixedILi8ELi4EL9ap_q_mode0EL9ap_o_mod_6 | {10 11 }
	Port: vgg_accelerator : p_ZZ8max_poolILi32ELi16EEvRN3hls6streamI8ap_fixedILi8ELi4EL9ap_q_mode0EL9ap_o_mod_5 | {10 11 }
	Port: vgg_accelerator : p_ZZ8max_poolILi32ELi16EEvRN3hls6streamI8ap_fixedILi8ELi4EL9ap_q_mode0EL9ap_o_mod_4 | {10 11 }
	Port: vgg_accelerator : p_ZZ8max_poolILi32ELi16EEvRN3hls6streamI8ap_fixedILi8ELi4EL9ap_q_mode0EL9ap_o_mod_3 | {10 11 }
	Port: vgg_accelerator : p_ZZ8max_poolILi32ELi16EEvRN3hls6streamI8ap_fixedILi8ELi4EL9ap_q_mode0EL9ap_o_mod_2 | {10 11 }
	Port: vgg_accelerator : p_ZZ8max_poolILi32ELi16EEvRN3hls6streamI8ap_fixedILi8ELi4EL9ap_q_mode0EL9ap_o_mod_1 | {10 11 }
	Port: vgg_accelerator : p_ZZ8max_poolILi32ELi16EEvRN3hls6streamI8ap_fixedILi8ELi4EL9ap_q_mode0EL9ap_o_mod | {10 11 }
	Port: vgg_accelerator : void_max_pool_stream_stream_ap_fixed_8_4_0_0_0_0_pool_buff_19 | {10 11 }
	Port: vgg_accelerator : s_pool2 | {12 13 }
	Port: vgg_accelerator : void_layer_block_stream_stream_signed_char_const_32_3_3_signed_char_con_1 | {12 13 }
	Port: vgg_accelerator : void_layer_block_stream_stream_signed_char_const_32_3_3_signed_char_con | {12 13 }
	Port: vgg_accelerator : conv3_bias | {12 13 }
	Port: vgg_accelerator : conv3_weights | {12 13 }
	Port: vgg_accelerator : s_conv3 | {14 15 }
	Port: vgg_accelerator : void_max_pool_stream_stream_ap_fixed_8_4_0_0_0_0_pool_buff_8 | {14 15 }
	Port: vgg_accelerator : void_max_pool_stream_stream_ap_fixed_8_4_0_0_0_0_pool_buff_7 | {14 15 }
	Port: vgg_accelerator : void_max_pool_stream_stream_ap_fixed_8_4_0_0_0_0_pool_buff_6 | {14 15 }
	Port: vgg_accelerator : void_max_pool_stream_stream_ap_fixed_8_4_0_0_0_0_pool_buff_5 | {14 15 }
	Port: vgg_accelerator : void_max_pool_stream_stream_ap_fixed_8_4_0_0_0_0_pool_buff_4 | {14 15 }
	Port: vgg_accelerator : void_max_pool_stream_stream_ap_fixed_8_4_0_0_0_0_pool_buff_3 | {14 15 }
	Port: vgg_accelerator : void_max_pool_stream_stream_ap_fixed_8_4_0_0_0_0_pool_buff_2 | {14 15 }
	Port: vgg_accelerator : void_max_pool_stream_stream_ap_fixed_8_4_0_0_0_0_pool_buff_1 | {14 15 }
	Port: vgg_accelerator : void_max_pool_stream_stream_ap_fixed_8_4_0_0_0_0_pool_buff | {14 15 }
	Port: vgg_accelerator : p_ZZ8max_poolILi64ELi8EEvRN3hls6streamI8ap_fixedILi8ELi4EL9ap_q_mode0EL9ap_o_mode_53 | {14 15 }
	Port: vgg_accelerator : p_ZZ8max_poolILi64ELi8EEvRN3hls6streamI8ap_fixedILi8ELi4EL9ap_q_mode0EL9ap_o_mode_52 | {14 15 }
	Port: vgg_accelerator : p_ZZ8max_poolILi64ELi8EEvRN3hls6streamI8ap_fixedILi8ELi4EL9ap_q_mode0EL9ap_o_mode_51 | {14 15 }
	Port: vgg_accelerator : p_ZZ8max_poolILi64ELi8EEvRN3hls6streamI8ap_fixedILi8ELi4EL9ap_q_mode0EL9ap_o_mode_50 | {14 15 }
	Port: vgg_accelerator : p_ZZ8max_poolILi64ELi8EEvRN3hls6streamI8ap_fixedILi8ELi4EL9ap_q_mode0EL9ap_o_mode_49 | {14 15 }
	Port: vgg_accelerator : p_ZZ8max_poolILi64ELi8EEvRN3hls6streamI8ap_fixedILi8ELi4EL9ap_q_mode0EL9ap_o_mode_48 | {14 15 }
	Port: vgg_accelerator : p_ZZ8max_poolILi64ELi8EEvRN3hls6streamI8ap_fixedILi8ELi4EL9ap_q_mode0EL9ap_o_mode_47 | {14 15 }
	Port: vgg_accelerator : p_ZZ8max_poolILi64ELi8EEvRN3hls6streamI8ap_fixedILi8ELi4EL9ap_q_mode0EL9ap_o_mode_46 | {14 15 }
	Port: vgg_accelerator : p_ZZ8max_poolILi64ELi8EEvRN3hls6streamI8ap_fixedILi8ELi4EL9ap_q_mode0EL9ap_o_mode_45 | {14 15 }
	Port: vgg_accelerator : p_ZZ8max_poolILi64ELi8EEvRN3hls6streamI8ap_fixedILi8ELi4EL9ap_q_mode0EL9ap_o_mode_44 | {14 15 }
	Port: vgg_accelerator : p_ZZ8max_poolILi64ELi8EEvRN3hls6streamI8ap_fixedILi8ELi4EL9ap_q_mode0EL9ap_o_mode_43 | {14 15 }
	Port: vgg_accelerator : p_ZZ8max_poolILi64ELi8EEvRN3hls6streamI8ap_fixedILi8ELi4EL9ap_q_mode0EL9ap_o_mode_42 | {14 15 }
	Port: vgg_accelerator : p_ZZ8max_poolILi64ELi8EEvRN3hls6streamI8ap_fixedILi8ELi4EL9ap_q_mode0EL9ap_o_mode_41 | {14 15 }
	Port: vgg_accelerator : p_ZZ8max_poolILi64ELi8EEvRN3hls6streamI8ap_fixedILi8ELi4EL9ap_q_mode0EL9ap_o_mode_40 | {14 15 }
	Port: vgg_accelerator : p_ZZ8max_poolILi64ELi8EEvRN3hls6streamI8ap_fixedILi8ELi4EL9ap_q_mode0EL9ap_o_mode_39 | {14 15 }
	Port: vgg_accelerator : p_ZZ8max_poolILi64ELi8EEvRN3hls6streamI8ap_fixedILi8ELi4EL9ap_q_mode0EL9ap_o_mode_38 | {14 15 }
	Port: vgg_accelerator : p_ZZ8max_poolILi64ELi8EEvRN3hls6streamI8ap_fixedILi8ELi4EL9ap_q_mode0EL9ap_o_mode_37 | {14 15 }
	Port: vgg_accelerator : p_ZZ8max_poolILi64ELi8EEvRN3hls6streamI8ap_fixedILi8ELi4EL9ap_q_mode0EL9ap_o_mode_36 | {14 15 }
	Port: vgg_accelerator : p_ZZ8max_poolILi64ELi8EEvRN3hls6streamI8ap_fixedILi8ELi4EL9ap_q_mode0EL9ap_o_mode_35 | {14 15 }
	Port: vgg_accelerator : p_ZZ8max_poolILi64ELi8EEvRN3hls6streamI8ap_fixedILi8ELi4EL9ap_q_mode0EL9ap_o_mode_34 | {14 15 }
	Port: vgg_accelerator : p_ZZ8max_poolILi64ELi8EEvRN3hls6streamI8ap_fixedILi8ELi4EL9ap_q_mode0EL9ap_o_mode_33 | {14 15 }
	Port: vgg_accelerator : p_ZZ8max_poolILi64ELi8EEvRN3hls6streamI8ap_fixedILi8ELi4EL9ap_q_mode0EL9ap_o_mode_32 | {14 15 }
	Port: vgg_accelerator : p_ZZ8max_poolILi64ELi8EEvRN3hls6streamI8ap_fixedILi8ELi4EL9ap_q_mode0EL9ap_o_mode_31 | {14 15 }
	Port: vgg_accelerator : p_ZZ8max_poolILi64ELi8EEvRN3hls6streamI8ap_fixedILi8ELi4EL9ap_q_mode0EL9ap_o_mode_30 | {14 15 }
	Port: vgg_accelerator : p_ZZ8max_poolILi64ELi8EEvRN3hls6streamI8ap_fixedILi8ELi4EL9ap_q_mode0EL9ap_o_mode_29 | {14 15 }
	Port: vgg_accelerator : p_ZZ8max_poolILi64ELi8EEvRN3hls6streamI8ap_fixedILi8ELi4EL9ap_q_mode0EL9ap_o_mode_28 | {14 15 }
	Port: vgg_accelerator : p_ZZ8max_poolILi64ELi8EEvRN3hls6streamI8ap_fixedILi8ELi4EL9ap_q_mode0EL9ap_o_mode_27 | {14 15 }
	Port: vgg_accelerator : p_ZZ8max_poolILi64ELi8EEvRN3hls6streamI8ap_fixedILi8ELi4EL9ap_q_mode0EL9ap_o_mode_26 | {14 15 }
	Port: vgg_accelerator : p_ZZ8max_poolILi64ELi8EEvRN3hls6streamI8ap_fixedILi8ELi4EL9ap_q_mode0EL9ap_o_mode_25 | {14 15 }
	Port: vgg_accelerator : p_ZZ8max_poolILi64ELi8EEvRN3hls6streamI8ap_fixedILi8ELi4EL9ap_q_mode0EL9ap_o_mode_24 | {14 15 }
	Port: vgg_accelerator : p_ZZ8max_poolILi64ELi8EEvRN3hls6streamI8ap_fixedILi8ELi4EL9ap_q_mode0EL9ap_o_mode_23 | {14 15 }
	Port: vgg_accelerator : p_ZZ8max_poolILi64ELi8EEvRN3hls6streamI8ap_fixedILi8ELi4EL9ap_q_mode0EL9ap_o_mode_22 | {14 15 }
	Port: vgg_accelerator : p_ZZ8max_poolILi64ELi8EEvRN3hls6streamI8ap_fixedILi8ELi4EL9ap_q_mode0EL9ap_o_mode_21 | {14 15 }
	Port: vgg_accelerator : p_ZZ8max_poolILi64ELi8EEvRN3hls6streamI8ap_fixedILi8ELi4EL9ap_q_mode0EL9ap_o_mode_20 | {14 15 }
	Port: vgg_accelerator : p_ZZ8max_poolILi64ELi8EEvRN3hls6streamI8ap_fixedILi8ELi4EL9ap_q_mode0EL9ap_o_mode_19 | {14 15 }
	Port: vgg_accelerator : p_ZZ8max_poolILi64ELi8EEvRN3hls6streamI8ap_fixedILi8ELi4EL9ap_q_mode0EL9ap_o_mode_18 | {14 15 }
	Port: vgg_accelerator : p_ZZ8max_poolILi64ELi8EEvRN3hls6streamI8ap_fixedILi8ELi4EL9ap_q_mode0EL9ap_o_mode_17 | {14 15 }
	Port: vgg_accelerator : p_ZZ8max_poolILi64ELi8EEvRN3hls6streamI8ap_fixedILi8ELi4EL9ap_q_mode0EL9ap_o_mode_16 | {14 15 }
	Port: vgg_accelerator : p_ZZ8max_poolILi64ELi8EEvRN3hls6streamI8ap_fixedILi8ELi4EL9ap_q_mode0EL9ap_o_mode_15 | {14 15 }
	Port: vgg_accelerator : p_ZZ8max_poolILi64ELi8EEvRN3hls6streamI8ap_fixedILi8ELi4EL9ap_q_mode0EL9ap_o_mode_14 | {14 15 }
	Port: vgg_accelerator : p_ZZ8max_poolILi64ELi8EEvRN3hls6streamI8ap_fixedILi8ELi4EL9ap_q_mode0EL9ap_o_mode_13 | {14 15 }
	Port: vgg_accelerator : p_ZZ8max_poolILi64ELi8EEvRN3hls6streamI8ap_fixedILi8ELi4EL9ap_q_mode0EL9ap_o_mode_12 | {14 15 }
	Port: vgg_accelerator : p_ZZ8max_poolILi64ELi8EEvRN3hls6streamI8ap_fixedILi8ELi4EL9ap_q_mode0EL9ap_o_mode_11 | {14 15 }
	Port: vgg_accelerator : p_ZZ8max_poolILi64ELi8EEvRN3hls6streamI8ap_fixedILi8ELi4EL9ap_q_mode0EL9ap_o_mode_10 | {14 15 }
	Port: vgg_accelerator : p_ZZ8max_poolILi64ELi8EEvRN3hls6streamI8ap_fixedILi8ELi4EL9ap_q_mode0EL9ap_o_mode_9 | {14 15 }
	Port: vgg_accelerator : p_ZZ8max_poolILi64ELi8EEvRN3hls6streamI8ap_fixedILi8ELi4EL9ap_q_mode0EL9ap_o_mode_8 | {14 15 }
	Port: vgg_accelerator : p_ZZ8max_poolILi64ELi8EEvRN3hls6streamI8ap_fixedILi8ELi4EL9ap_q_mode0EL9ap_o_mode_7 | {14 15 }
	Port: vgg_accelerator : p_ZZ8max_poolILi64ELi8EEvRN3hls6streamI8ap_fixedILi8ELi4EL9ap_q_mode0EL9ap_o_mode_6 | {14 15 }
	Port: vgg_accelerator : p_ZZ8max_poolILi64ELi8EEvRN3hls6streamI8ap_fixedILi8ELi4EL9ap_q_mode0EL9ap_o_mode_5 | {14 15 }
	Port: vgg_accelerator : p_ZZ8max_poolILi64ELi8EEvRN3hls6streamI8ap_fixedILi8ELi4EL9ap_q_mode0EL9ap_o_mode_4 | {14 15 }
	Port: vgg_accelerator : p_ZZ8max_poolILi64ELi8EEvRN3hls6streamI8ap_fixedILi8ELi4EL9ap_q_mode0EL9ap_o_mode_3 | {14 15 }
	Port: vgg_accelerator : p_ZZ8max_poolILi64ELi8EEvRN3hls6streamI8ap_fixedILi8ELi4EL9ap_q_mode0EL9ap_o_mode_2 | {14 15 }
	Port: vgg_accelerator : p_ZZ8max_poolILi64ELi8EEvRN3hls6streamI8ap_fixedILi8ELi4EL9ap_q_mode0EL9ap_o_mode_1 | {14 15 }
	Port: vgg_accelerator : p_ZZ8max_poolILi64ELi8EEvRN3hls6streamI8ap_fixedILi8ELi4EL9ap_q_mode0EL9ap_o_mode | {14 15 }
	Port: vgg_accelerator : void_max_pool_stream_stream_ap_fixed_8_4_0_0_0_0_pool_buff_9 | {14 15 }
	Port: vgg_accelerator : s_pool3 | {16 17 }
	Port: vgg_accelerator : dense_bias | {16 17 }
	Port: vgg_accelerator : dense_weights | {16 17 }
  - Chain level:
	State 1
	State 2
	State 3
	State 4
	State 5
	State 6
	State 7
	State 8
	State 9
	State 10
	State 11
	State 12
	State 13
	State 14
	State 15
	State 16
	State 17
	State 18


============================================================
+ Verbose Summary: Datapath Resource usage 
============================================================

* Functional unit list:
|----------|-----------------------------------|---------|---------|---------|---------|---------|---------|
| Operation|          Functional Unit          |   BRAM  |   DSP   |  Delay  |    FF   |   LUT   |   URAM  |
|----------|-----------------------------------|---------|---------|---------|---------|---------|---------|
|          |      grp_input_adapter_fu_352     |    0    |    0    |    0    |    15   |    44   |    0    |
|          |  grp_layer_block_1_16_32_s_fu_366 |    0    |    0    |  1.548  |   1129  |  16713  |    0    |
|          |    grp_max_pool_16_32_s_fu_378    |    0    |    0    |  10.018 |   916   |   1354  |    0    |
|   call   | grp_layer_block_16_32_16_s_fu_418 |    0    |    0    |  6.332  |   4012  |   3072  |    0    |
|          |    grp_max_pool_32_16_s_fu_434    |    0    |    0    |  22.533 |   1769  |   1211  |    0    |
|          |  grp_layer_block_32_64_8_s_fu_506 |    0    |    0    |  6.332  |   7491  |   3924  |    0    |
|          |     grp_max_pool_64_8_s_fu_522    |    0    |    0    |  42.027 |   3430  |   2221  |    0    |
|          |       grp_dense_layer_fu_658      |    1    |    0    |  2.934  |   132   |   452   |    0    |
|----------|-----------------------------------|---------|---------|---------|---------|---------|---------|
|   Total  |                                   |    1    |    0    |  91.724 |  18894  |  28991  |    0    |
|----------|-----------------------------------|---------|---------|---------|---------|---------|---------|

Memories:
+------------------------------------------------------------------------------------+--------+--------+--------+--------+
|                                                                                    |  BRAM  |   FF   |   LUT  |  URAM  |
+------------------------------------------------------------------------------------+--------+--------+--------+--------+
|                                     conv2_bias                                     |    0   |    4   |    2   |    -   |
|                                    conv2_weights                                   |    9   |    0   |    0   |    -   |
|                                     conv3_bias                                     |    0   |    3   |    3   |    -   |
|                                    conv3_weights                                   |   24   |    0   |    0   |    -   |
|                                     dense_bias                                     |    0   |    2   |    1   |    -   |
|                                    dense_weights                                   |    1   |    0   |    0   |    -   |
|  p_ZZ8max_poolILi16ELi32EEvRN3hls6streamI8ap_fixedILi8ELi4EL9ap_q_mode0EL9ap_o_mod |    0   |    8   |    4   |    0   |
| p_ZZ8max_poolILi16ELi32EEvRN3hls6streamI8ap_fixedILi8ELi4EL9ap_q_mode0EL9ap_o_mod_1|    0   |    8   |    4   |    0   |
| p_ZZ8max_poolILi16ELi32EEvRN3hls6streamI8ap_fixedILi8ELi4EL9ap_q_mode0EL9ap_o_mod_2|    0   |    8   |    4   |    0   |
| p_ZZ8max_poolILi16ELi32EEvRN3hls6streamI8ap_fixedILi8ELi4EL9ap_q_mode0EL9ap_o_mod_3|    0   |    8   |    4   |    0   |
| p_ZZ8max_poolILi16ELi32EEvRN3hls6streamI8ap_fixedILi8ELi4EL9ap_q_mode0EL9ap_o_mod_4|    0   |    8   |    4   |    0   |
| p_ZZ8max_poolILi16ELi32EEvRN3hls6streamI8ap_fixedILi8ELi4EL9ap_q_mode0EL9ap_o_mod_5|    0   |    8   |    4   |    0   |
|  p_ZZ8max_poolILi32ELi16EEvRN3hls6streamI8ap_fixedILi8ELi4EL9ap_q_mode0EL9ap_o_mod |    0   |   16   |    2   |    0   |
| p_ZZ8max_poolILi32ELi16EEvRN3hls6streamI8ap_fixedILi8ELi4EL9ap_q_mode0EL9ap_o_mod_1|    0   |    8   |    2   |    0   |
|p_ZZ8max_poolILi32ELi16EEvRN3hls6streamI8ap_fixedILi8ELi4EL9ap_q_mode0EL9ap_o_mod_10|    0   |    8   |    2   |    0   |
|p_ZZ8max_poolILi32ELi16EEvRN3hls6streamI8ap_fixedILi8ELi4EL9ap_q_mode0EL9ap_o_mod_11|    0   |    8   |    2   |    0   |
|p_ZZ8max_poolILi32ELi16EEvRN3hls6streamI8ap_fixedILi8ELi4EL9ap_q_mode0EL9ap_o_mod_12|    0   |    8   |    2   |    0   |
|p_ZZ8max_poolILi32ELi16EEvRN3hls6streamI8ap_fixedILi8ELi4EL9ap_q_mode0EL9ap_o_mod_13|    0   |    8   |    2   |    0   |
|p_ZZ8max_poolILi32ELi16EEvRN3hls6streamI8ap_fixedILi8ELi4EL9ap_q_mode0EL9ap_o_mod_14|    0   |    8   |    2   |    0   |
|p_ZZ8max_poolILi32ELi16EEvRN3hls6streamI8ap_fixedILi8ELi4EL9ap_q_mode0EL9ap_o_mod_15|    0   |    8   |    2   |    0   |
|p_ZZ8max_poolILi32ELi16EEvRN3hls6streamI8ap_fixedILi8ELi4EL9ap_q_mode0EL9ap_o_mod_16|    0   |    8   |    2   |    0   |
|p_ZZ8max_poolILi32ELi16EEvRN3hls6streamI8ap_fixedILi8ELi4EL9ap_q_mode0EL9ap_o_mod_17|    0   |    8   |    2   |    0   |
|p_ZZ8max_poolILi32ELi16EEvRN3hls6streamI8ap_fixedILi8ELi4EL9ap_q_mode0EL9ap_o_mod_18|    0   |    8   |    2   |    0   |
|p_ZZ8max_poolILi32ELi16EEvRN3hls6streamI8ap_fixedILi8ELi4EL9ap_q_mode0EL9ap_o_mod_19|    0   |    8   |    2   |    0   |
| p_ZZ8max_poolILi32ELi16EEvRN3hls6streamI8ap_fixedILi8ELi4EL9ap_q_mode0EL9ap_o_mod_2|    0   |    8   |    2   |    0   |
|p_ZZ8max_poolILi32ELi16EEvRN3hls6streamI8ap_fixedILi8ELi4EL9ap_q_mode0EL9ap_o_mod_20|    0   |    8   |    2   |    0   |
|p_ZZ8max_poolILi32ELi16EEvRN3hls6streamI8ap_fixedILi8ELi4EL9ap_q_mode0EL9ap_o_mod_21|    0   |    8   |    2   |    0   |
| p_ZZ8max_poolILi32ELi16EEvRN3hls6streamI8ap_fixedILi8ELi4EL9ap_q_mode0EL9ap_o_mod_3|    0   |    8   |    2   |    0   |
| p_ZZ8max_poolILi32ELi16EEvRN3hls6streamI8ap_fixedILi8ELi4EL9ap_q_mode0EL9ap_o_mod_4|    0   |    8   |    2   |    0   |
| p_ZZ8max_poolILi32ELi16EEvRN3hls6streamI8ap_fixedILi8ELi4EL9ap_q_mode0EL9ap_o_mod_5|    0   |    8   |    2   |    0   |
| p_ZZ8max_poolILi32ELi16EEvRN3hls6streamI8ap_fixedILi8ELi4EL9ap_q_mode0EL9ap_o_mod_6|    0   |    8   |    2   |    0   |
| p_ZZ8max_poolILi32ELi16EEvRN3hls6streamI8ap_fixedILi8ELi4EL9ap_q_mode0EL9ap_o_mod_7|    0   |    8   |    2   |    0   |
| p_ZZ8max_poolILi32ELi16EEvRN3hls6streamI8ap_fixedILi8ELi4EL9ap_q_mode0EL9ap_o_mod_8|    0   |    8   |    2   |    0   |
| p_ZZ8max_poolILi32ELi16EEvRN3hls6streamI8ap_fixedILi8ELi4EL9ap_q_mode0EL9ap_o_mod_9|    0   |    8   |    2   |    0   |
|  p_ZZ8max_poolILi64ELi8EEvRN3hls6streamI8ap_fixedILi8ELi4EL9ap_q_mode0EL9ap_o_mode |    0   |   16   |    1   |    0   |
| p_ZZ8max_poolILi64ELi8EEvRN3hls6streamI8ap_fixedILi8ELi4EL9ap_q_mode0EL9ap_o_mode_1|    0   |    8   |    1   |    0   |
|p_ZZ8max_poolILi64ELi8EEvRN3hls6streamI8ap_fixedILi8ELi4EL9ap_q_mode0EL9ap_o_mode_10|    0   |    8   |    1   |    0   |
|p_ZZ8max_poolILi64ELi8EEvRN3hls6streamI8ap_fixedILi8ELi4EL9ap_q_mode0EL9ap_o_mode_11|    0   |    8   |    1   |    0   |
|p_ZZ8max_poolILi64ELi8EEvRN3hls6streamI8ap_fixedILi8ELi4EL9ap_q_mode0EL9ap_o_mode_12|    0   |    8   |    1   |    0   |
|p_ZZ8max_poolILi64ELi8EEvRN3hls6streamI8ap_fixedILi8ELi4EL9ap_q_mode0EL9ap_o_mode_13|    0   |    8   |    1   |    0   |
|p_ZZ8max_poolILi64ELi8EEvRN3hls6streamI8ap_fixedILi8ELi4EL9ap_q_mode0EL9ap_o_mode_14|    0   |    8   |    1   |    0   |
|p_ZZ8max_poolILi64ELi8EEvRN3hls6streamI8ap_fixedILi8ELi4EL9ap_q_mode0EL9ap_o_mode_15|    0   |    8   |    1   |    0   |
|p_ZZ8max_poolILi64ELi8EEvRN3hls6streamI8ap_fixedILi8ELi4EL9ap_q_mode0EL9ap_o_mode_16|    0   |    8   |    1   |    0   |
|p_ZZ8max_poolILi64ELi8EEvRN3hls6streamI8ap_fixedILi8ELi4EL9ap_q_mode0EL9ap_o_mode_17|    0   |    8   |    1   |    0   |
|p_ZZ8max_poolILi64ELi8EEvRN3hls6streamI8ap_fixedILi8ELi4EL9ap_q_mode0EL9ap_o_mode_18|    0   |    8   |    1   |    0   |
|p_ZZ8max_poolILi64ELi8EEvRN3hls6streamI8ap_fixedILi8ELi4EL9ap_q_mode0EL9ap_o_mode_19|    0   |    8   |    1   |    0   |
| p_ZZ8max_poolILi64ELi8EEvRN3hls6streamI8ap_fixedILi8ELi4EL9ap_q_mode0EL9ap_o_mode_2|    0   |    8   |    1   |    0   |
|p_ZZ8max_poolILi64ELi8EEvRN3hls6streamI8ap_fixedILi8ELi4EL9ap_q_mode0EL9ap_o_mode_20|    0   |    8   |    1   |    0   |
|p_ZZ8max_poolILi64ELi8EEvRN3hls6streamI8ap_fixedILi8ELi4EL9ap_q_mode0EL9ap_o_mode_21|    0   |    8   |    1   |    0   |
|p_ZZ8max_poolILi64ELi8EEvRN3hls6streamI8ap_fixedILi8ELi4EL9ap_q_mode0EL9ap_o_mode_22|    0   |    8   |    1   |    0   |
|p_ZZ8max_poolILi64ELi8EEvRN3hls6streamI8ap_fixedILi8ELi4EL9ap_q_mode0EL9ap_o_mode_23|    0   |    8   |    1   |    0   |
|p_ZZ8max_poolILi64ELi8EEvRN3hls6streamI8ap_fixedILi8ELi4EL9ap_q_mode0EL9ap_o_mode_24|    0   |    8   |    1   |    0   |
|p_ZZ8max_poolILi64ELi8EEvRN3hls6streamI8ap_fixedILi8ELi4EL9ap_q_mode0EL9ap_o_mode_25|    0   |    8   |    1   |    0   |
|p_ZZ8max_poolILi64ELi8EEvRN3hls6streamI8ap_fixedILi8ELi4EL9ap_q_mode0EL9ap_o_mode_26|    0   |    8   |    1   |    0   |
|p_ZZ8max_poolILi64ELi8EEvRN3hls6streamI8ap_fixedILi8ELi4EL9ap_q_mode0EL9ap_o_mode_27|    0   |    8   |    1   |    0   |
|p_ZZ8max_poolILi64ELi8EEvRN3hls6streamI8ap_fixedILi8ELi4EL9ap_q_mode0EL9ap_o_mode_28|    0   |    8   |    1   |    0   |
|p_ZZ8max_poolILi64ELi8EEvRN3hls6streamI8ap_fixedILi8ELi4EL9ap_q_mode0EL9ap_o_mode_29|    0   |    8   |    1   |    0   |
| p_ZZ8max_poolILi64ELi8EEvRN3hls6streamI8ap_fixedILi8ELi4EL9ap_q_mode0EL9ap_o_mode_3|    0   |    8   |    1   |    0   |
|p_ZZ8max_poolILi64ELi8EEvRN3hls6streamI8ap_fixedILi8ELi4EL9ap_q_mode0EL9ap_o_mode_30|    0   |    8   |    1   |    0   |
|p_ZZ8max_poolILi64ELi8EEvRN3hls6streamI8ap_fixedILi8ELi4EL9ap_q_mode0EL9ap_o_mode_31|    0   |    8   |    1   |    0   |
|p_ZZ8max_poolILi64ELi8EEvRN3hls6streamI8ap_fixedILi8ELi4EL9ap_q_mode0EL9ap_o_mode_32|    0   |    8   |    1   |    0   |
|p_ZZ8max_poolILi64ELi8EEvRN3hls6streamI8ap_fixedILi8ELi4EL9ap_q_mode0EL9ap_o_mode_33|    0   |    8   |    1   |    0   |
|p_ZZ8max_poolILi64ELi8EEvRN3hls6streamI8ap_fixedILi8ELi4EL9ap_q_mode0EL9ap_o_mode_34|    0   |    8   |    1   |    0   |
|p_ZZ8max_poolILi64ELi8EEvRN3hls6streamI8ap_fixedILi8ELi4EL9ap_q_mode0EL9ap_o_mode_35|    0   |    8   |    1   |    0   |
|p_ZZ8max_poolILi64ELi8EEvRN3hls6streamI8ap_fixedILi8ELi4EL9ap_q_mode0EL9ap_o_mode_36|    0   |    8   |    1   |    0   |
|p_ZZ8max_poolILi64ELi8EEvRN3hls6streamI8ap_fixedILi8ELi4EL9ap_q_mode0EL9ap_o_mode_37|    0   |    8   |    1   |    0   |
|p_ZZ8max_poolILi64ELi8EEvRN3hls6streamI8ap_fixedILi8ELi4EL9ap_q_mode0EL9ap_o_mode_38|    0   |    8   |    1   |    0   |
|p_ZZ8max_poolILi64ELi8EEvRN3hls6streamI8ap_fixedILi8ELi4EL9ap_q_mode0EL9ap_o_mode_39|    0   |    8   |    1   |    0   |
| p_ZZ8max_poolILi64ELi8EEvRN3hls6streamI8ap_fixedILi8ELi4EL9ap_q_mode0EL9ap_o_mode_4|    0   |    8   |    1   |    0   |
|p_ZZ8max_poolILi64ELi8EEvRN3hls6streamI8ap_fixedILi8ELi4EL9ap_q_mode0EL9ap_o_mode_40|    0   |    8   |    1   |    0   |
|p_ZZ8max_poolILi64ELi8EEvRN3hls6streamI8ap_fixedILi8ELi4EL9ap_q_mode0EL9ap_o_mode_41|    0   |    8   |    1   |    0   |
|p_ZZ8max_poolILi64ELi8EEvRN3hls6streamI8ap_fixedILi8ELi4EL9ap_q_mode0EL9ap_o_mode_42|    0   |    8   |    1   |    0   |
|p_ZZ8max_poolILi64ELi8EEvRN3hls6streamI8ap_fixedILi8ELi4EL9ap_q_mode0EL9ap_o_mode_43|    0   |    8   |    1   |    0   |
|p_ZZ8max_poolILi64ELi8EEvRN3hls6streamI8ap_fixedILi8ELi4EL9ap_q_mode0EL9ap_o_mode_44|    0   |    8   |    1   |    0   |
|p_ZZ8max_poolILi64ELi8EEvRN3hls6streamI8ap_fixedILi8ELi4EL9ap_q_mode0EL9ap_o_mode_45|    0   |    8   |    1   |    0   |
|p_ZZ8max_poolILi64ELi8EEvRN3hls6streamI8ap_fixedILi8ELi4EL9ap_q_mode0EL9ap_o_mode_46|    0   |    8   |    1   |    0   |
|p_ZZ8max_poolILi64ELi8EEvRN3hls6streamI8ap_fixedILi8ELi4EL9ap_q_mode0EL9ap_o_mode_47|    0   |    8   |    1   |    0   |
|p_ZZ8max_poolILi64ELi8EEvRN3hls6streamI8ap_fixedILi8ELi4EL9ap_q_mode0EL9ap_o_mode_48|    0   |    8   |    1   |    0   |
|p_ZZ8max_poolILi64ELi8EEvRN3hls6streamI8ap_fixedILi8ELi4EL9ap_q_mode0EL9ap_o_mode_49|    0   |    8   |    1   |    0   |
| p_ZZ8max_poolILi64ELi8EEvRN3hls6streamI8ap_fixedILi8ELi4EL9ap_q_mode0EL9ap_o_mode_5|    0   |    8   |    1   |    0   |
|p_ZZ8max_poolILi64ELi8EEvRN3hls6streamI8ap_fixedILi8ELi4EL9ap_q_mode0EL9ap_o_mode_50|    0   |    8   |    1   |    0   |
|p_ZZ8max_poolILi64ELi8EEvRN3hls6streamI8ap_fixedILi8ELi4EL9ap_q_mode0EL9ap_o_mode_51|    0   |    8   |    1   |    0   |
|p_ZZ8max_poolILi64ELi8EEvRN3hls6streamI8ap_fixedILi8ELi4EL9ap_q_mode0EL9ap_o_mode_52|    0   |    8   |    1   |    0   |
|p_ZZ8max_poolILi64ELi8EEvRN3hls6streamI8ap_fixedILi8ELi4EL9ap_q_mode0EL9ap_o_mode_53|    0   |    8   |    1   |    0   |
| p_ZZ8max_poolILi64ELi8EEvRN3hls6streamI8ap_fixedILi8ELi4EL9ap_q_mode0EL9ap_o_mode_6|    0   |    8   |    1   |    0   |
| p_ZZ8max_poolILi64ELi8EEvRN3hls6streamI8ap_fixedILi8ELi4EL9ap_q_mode0EL9ap_o_mode_7|    0   |    8   |    1   |    0   |
| p_ZZ8max_poolILi64ELi8EEvRN3hls6streamI8ap_fixedILi8ELi4EL9ap_q_mode0EL9ap_o_mode_8|    0   |    8   |    1   |    0   |
| p_ZZ8max_poolILi64ELi8EEvRN3hls6streamI8ap_fixedILi8ELi4EL9ap_q_mode0EL9ap_o_mode_9|    0   |    8   |    1   |    0   |
|       void_layer_block_stream_stream_signed_char_const_16_3_3_signed_char_con      |    1   |    0   |    0   |    0   |
|      void_layer_block_stream_stream_signed_char_const_16_3_3_signed_char_con_1     |    1   |    0   |    0   |    0   |
|       void_layer_block_stream_stream_signed_char_const_1_3_3_signed_char_cons      |    0   |    8   |    4   |    0   |
|      void_layer_block_stream_stream_signed_char_const_1_3_3_signed_char_cons_1     |    0   |    8   |    4   |    0   |
|       void_layer_block_stream_stream_signed_char_const_32_3_3_signed_char_con      |    1   |    0   |    0   |    0   |
|      void_layer_block_stream_stream_signed_char_const_32_3_3_signed_char_con_1     |    1   |    0   |    0   |    0   |
|             void_max_pool_stream_stream_ap_fixed_8_4_0_0_0_0_pool_buff             |    0   |    8   |    1   |    0   |
|            void_max_pool_stream_stream_ap_fixed_8_4_0_0_0_0_pool_buff_1            |    0   |    8   |    1   |    0   |
|            void_max_pool_stream_stream_ap_fixed_8_4_0_0_0_0_pool_buff_10           |    0   |    8   |    2   |    0   |
|            void_max_pool_stream_stream_ap_fixed_8_4_0_0_0_0_pool_buff_11           |    0   |    8   |    2   |    0   |
|            void_max_pool_stream_stream_ap_fixed_8_4_0_0_0_0_pool_buff_12           |    0   |    8   |    2   |    0   |
|            void_max_pool_stream_stream_ap_fixed_8_4_0_0_0_0_pool_buff_13           |    0   |    8   |    2   |    0   |
|            void_max_pool_stream_stream_ap_fixed_8_4_0_0_0_0_pool_buff_14           |    0   |    8   |    2   |    0   |
|            void_max_pool_stream_stream_ap_fixed_8_4_0_0_0_0_pool_buff_15           |    0   |    8   |    2   |    0   |
|            void_max_pool_stream_stream_ap_fixed_8_4_0_0_0_0_pool_buff_16           |    0   |    8   |    2   |    0   |
|            void_max_pool_stream_stream_ap_fixed_8_4_0_0_0_0_pool_buff_17           |    0   |    8   |    2   |    0   |
|            void_max_pool_stream_stream_ap_fixed_8_4_0_0_0_0_pool_buff_18           |    0   |    8   |    2   |    0   |
|            void_max_pool_stream_stream_ap_fixed_8_4_0_0_0_0_pool_buff_19           |    0   |    8   |    2   |    0   |
|            void_max_pool_stream_stream_ap_fixed_8_4_0_0_0_0_pool_buff_2            |    0   |    8   |    1   |    0   |
|            void_max_pool_stream_stream_ap_fixed_8_4_0_0_0_0_pool_buff_20           |    0   |    8   |    4   |    0   |
|            void_max_pool_stream_stream_ap_fixed_8_4_0_0_0_0_pool_buff_21           |    0   |    8   |    4   |    0   |
|            void_max_pool_stream_stream_ap_fixed_8_4_0_0_0_0_pool_buff_22           |    0   |    8   |    4   |    0   |
|            void_max_pool_stream_stream_ap_fixed_8_4_0_0_0_0_pool_buff_23           |    0   |    8   |    4   |    0   |
|            void_max_pool_stream_stream_ap_fixed_8_4_0_0_0_0_pool_buff_24           |    0   |    8   |    4   |    0   |
|            void_max_pool_stream_stream_ap_fixed_8_4_0_0_0_0_pool_buff_25           |    0   |    8   |    4   |    0   |
|            void_max_pool_stream_stream_ap_fixed_8_4_0_0_0_0_pool_buff_26           |    0   |    8   |    4   |    0   |
|            void_max_pool_stream_stream_ap_fixed_8_4_0_0_0_0_pool_buff_27           |    0   |    8   |    4   |    0   |
|            void_max_pool_stream_stream_ap_fixed_8_4_0_0_0_0_pool_buff_28           |    0   |    8   |    4   |    0   |
|            void_max_pool_stream_stream_ap_fixed_8_4_0_0_0_0_pool_buff_29           |    0   |    8   |    4   |    0   |
|            void_max_pool_stream_stream_ap_fixed_8_4_0_0_0_0_pool_buff_3            |    0   |    8   |    1   |    0   |
|            void_max_pool_stream_stream_ap_fixed_8_4_0_0_0_0_pool_buff_4            |    0   |    8   |    1   |    0   |
|            void_max_pool_stream_stream_ap_fixed_8_4_0_0_0_0_pool_buff_5            |    0   |    8   |    1   |    0   |
|            void_max_pool_stream_stream_ap_fixed_8_4_0_0_0_0_pool_buff_6            |    0   |    8   |    1   |    0   |
|            void_max_pool_stream_stream_ap_fixed_8_4_0_0_0_0_pool_buff_7            |    0   |    8   |    1   |    0   |
|            void_max_pool_stream_stream_ap_fixed_8_4_0_0_0_0_pool_buff_8            |    0   |    8   |    1   |    0   |
|            void_max_pool_stream_stream_ap_fixed_8_4_0_0_0_0_pool_buff_9            |    0   |    8   |    1   |    0   |
+------------------------------------------------------------------------------------+--------+--------+--------+--------+
|                                        Total                                       |   38   |   937  |   206  |    0   |
+------------------------------------------------------------------------------------+--------+--------+--------+--------+

* Register list:
N/A

* Multiplexer (MUX) list: 
|--------|------|------|------|--------|
|  Comp  |  Pin | Size |  BW  | S x BW |
|--------|------|------|------|--------|
|  Total |      |      |      |    0   |
|--------|------|------|------|--------|



* Summary:
+-----------+--------+--------+--------+--------+--------+--------+
|           |  BRAM  |   DSP  |  Delay |   FF   |   LUT  |  URAM  |
+-----------+--------+--------+--------+--------+--------+--------+
|  Function |    1   |    0   |   91   |  18894 |  28991 |    0   |
|   Memory  |   38   |    -   |    -   |   937  |   206  |    0   |
|Multiplexer|    -   |    -   |    -   |    -   |    -   |    -   |
|  Register |    -   |    -   |    -   |    -   |    -   |    -   |
+-----------+--------+--------+--------+--------+--------+--------+
|   Total   |   39   |    0   |   91   |  19831 |  29197 |    0   |
+-----------+--------+--------+--------+--------+--------+--------+
