==============================================================
Vitis HLS - High-Level Synthesis from C, C++ and OpenCL v2022.2 (64-bit)
Tool Version Limit: 2019.12
Copyright 1986-2022 Xilinx, Inc. All Rights Reserved.
==============================================================
INFO: [SYN 201-201] Setting up clock 'default' with a period of 10ns.
INFO: [HLS 200-1611] Setting target device to 'xczu5eg-sfvc784-1-e'
INFO: [HLS 200-1505] Using flow_target 'vivado'
INFO: [HLS 200-1510] Running: set_part xczu5eg-sfvc784-1-e 
INFO: [HLS 200-1510] Running: create_clock -period 10 -name default 
INFO: [SYN 201-201] Setting up clock 'default' with a period of 10ns.
INFO: [HLS 200-1510] Running: csim_design -quiet 
INFO: [SIM 211-2] *************** CSIM start ***************
INFO: [SIM 211-4] CSIM will launch GCC as the compiler.
ERROR: [SIM 211-100] 'csim_design' failed: compilation error(s).
INFO: [SIM 211-3] *************** CSIM finish ***************
INFO: [HLS 200-111] Finished Command csim_design CPU user time: 0 seconds. CPU system time: 0 seconds. Elapsed time: 4.785 seconds; current allocated memory: 0.312 MB.
INFO: [HLS 200-112] Total CPU user time: 2 seconds. Total CPU system time: 1 seconds. Total elapsed time: 17.439 seconds; peak allocated memory: 121.957 MB.
==============================================================
Vitis HLS - High-Level Synthesis from C, C++ and OpenCL v2022.2 (64-bit)
Tool Version Limit: 2019.12
Copyright 1986-2022 Xilinx, Inc. All Rights Reserved.
==============================================================
INFO: [SYN 201-201] Setting up clock 'default' with a period of 10ns.
INFO: [HLS 200-1611] Setting target device to 'xczu5eg-sfvc784-1-e'
INFO: [HLS 200-1505] Using flow_target 'vivado'
INFO: [HLS 200-1510] Running: set_part xczu5eg-sfvc784-1-e 
INFO: [HLS 200-1510] Running: create_clock -period 10 -name default 
INFO: [HLS 200-1510] Running: csim_design -quiet 
INFO: [SIM 211-2] *************** CSIM start ***************
INFO: [SIM 211-4] CSIM will launch GCC as the compiler.
ERROR: [SIM 211-100] 'csim_design' failed: compilation error(s).
INFO: [SIM 211-3] *************** CSIM finish ***************
INFO: [HLS 200-111] Finished Command csim_design CPU user time: 0 seconds. CPU system time: 0 seconds. Elapsed time: 2.566 seconds; current allocated memory: 0.258 MB.
INFO: [HLS 200-112] Total CPU user time: 1 seconds. Total CPU system time: 1 seconds. Total elapsed time: 14.467 seconds; peak allocated memory: 122.762 MB.
==============================================================
Vitis HLS - High-Level Synthesis from C, C++ and OpenCL v2022.2 (64-bit)
Tool Version Limit: 2019.12
Copyright 1986-2022 Xilinx, Inc. All Rights Reserved.
==============================================================
INFO: [SYN 201-201] Setting up clock 'default' with a period of 10ns.
INFO: [HLS 200-1611] Setting target device to 'xczu5eg-sfvc784-1-e'
INFO: [HLS 200-1505] Using flow_target 'vivado'
INFO: [HLS 200-1510] Running: set_part xczu5eg-sfvc784-1-e 
INFO: [HLS 200-1510] Running: create_clock -period 10 -name default 
INFO: [HLS 200-1510] Running: csim_design -quiet 
INFO: [SIM 211-2] *************** CSIM start ***************
INFO: [SIM 211-4] CSIM will launch GCC as the compiler.
ERROR: [SIM 211-100] 'csim_design' failed: nonzero return value.
INFO: [SIM 211-3] *************** CSIM finish ***************
INFO: [HLS 200-111] Finished Command csim_design CPU user time: 0 seconds. CPU system time: 0 seconds. Elapsed time: 10.883 seconds; current allocated memory: 0.574 MB.
INFO: [HLS 200-112] Total CPU user time: 2 seconds. Total CPU system time: 1 seconds. Total elapsed time: 24.309 seconds; peak allocated memory: 122.281 MB.
==============================================================
Vitis HLS - High-Level Synthesis from C, C++ and OpenCL v2022.2 (64-bit)
Tool Version Limit: 2019.12
Copyright 1986-2022 Xilinx, Inc. All Rights Reserved.
==============================================================
INFO: [SYN 201-201] Setting up clock 'default' with a period of 10ns.
INFO: [HLS 200-1611] Setting target device to 'xczu5eg-sfvc784-1-e'
INFO: [HLS 200-1505] Using flow_target 'vivado'
INFO: [HLS 200-1510] Running: set_part xczu5eg-sfvc784-1-e 
INFO: [HLS 200-1510] Running: create_clock -period 10 -name default 
INFO: [HLS 200-1510] Running: csim_design -quiet 
INFO: [SIM 211-2] *************** CSIM start ***************
INFO: [SIM 211-4] CSIM will launch GCC as the compiler.
INFO: [SIM 211-1] CSim done with 0 errors.
INFO: [SIM 211-3] *************** CSIM finish ***************
INFO: [HLS 200-111] Finished Command csim_design CPU user time: 0 seconds. CPU system time: 0 seconds. Elapsed time: 6.196 seconds; current allocated memory: 0.312 MB.
INFO: [HLS 200-112] Total CPU user time: 1 seconds. Total CPU system time: 1 seconds. Total elapsed time: 17.827 seconds; peak allocated memory: 125.805 MB.
==============================================================
Vitis HLS - High-Level Synthesis from C, C++ and OpenCL v2022.2 (64-bit)
Tool Version Limit: 2019.12
Copyright 1986-2022 Xilinx, Inc. All Rights Reserved.
==============================================================
INFO: [SYN 201-201] Setting up clock 'default' with a period of 10ns.
INFO: [HLS 200-1611] Setting target device to 'xczu5eg-sfvc784-1-e'
INFO: [HLS 200-1505] Using flow_target 'vivado'
INFO: [HLS 200-1510] Running: set_part xczu5eg-sfvc784-1-e 
INFO: [HLS 200-1510] Running: create_clock -period 10 -name default 
INFO: [HLS 200-1510] Running: csim_design -quiet 
INFO: [SIM 211-2] *************** CSIM start ***************
INFO: [SIM 211-4] CSIM will launch GCC as the compiler.
INFO: [SIM 211-1] CSim done with 0 errors.
INFO: [SIM 211-3] *************** CSIM finish ***************
INFO: [HLS 200-111] Finished Command csim_design CPU user time: 0 seconds. CPU system time: 0 seconds. Elapsed time: 4.512 seconds; current allocated memory: 0.344 MB.
INFO: [HLS 200-112] Total CPU user time: 1 seconds. Total CPU system time: 1 seconds. Total elapsed time: 16.222 seconds; peak allocated memory: 120.789 MB.
==============================================================
Vitis HLS - High-Level Synthesis from C, C++ and OpenCL v2022.2 (64-bit)
Tool Version Limit: 2019.12
Copyright 1986-2022 Xilinx, Inc. All Rights Reserved.
==============================================================
INFO: [SYN 201-201] Setting up clock 'default' with a period of 10ns.
INFO: [HLS 200-1611] Setting target device to 'xczu5eg-sfvc784-1-e'
INFO: [HLS 200-1505] Using flow_target 'vivado'
INFO: [HLS 200-1510] Running: set_part xczu5eg-sfvc784-1-e 
INFO: [HLS 200-1510] Running: create_clock -period 10 -name default 
INFO: [HLS 200-1510] Running: csim_design -quiet 
INFO: [SIM 211-2] *************** CSIM start ***************
INFO: [SIM 211-4] CSIM will launch GCC as the compiler.
INFO: [SIM 211-1] CSim done with 0 errors.
INFO: [SIM 211-3] *************** CSIM finish ***************
INFO: [HLS 200-111] Finished Command csim_design CPU user time: 0 seconds. CPU system time: 0 seconds. Elapsed time: 6.488 seconds; current allocated memory: 0.395 MB.
INFO: [HLS 200-112] Total CPU user time: 1 seconds. Total CPU system time: 1 seconds. Total elapsed time: 18.133 seconds; peak allocated memory: 126.836 MB.
==============================================================
Vitis HLS - High-Level Synthesis from C, C++ and OpenCL v2022.2 (64-bit)
Tool Version Limit: 2019.12
Copyright 1986-2022 Xilinx, Inc. All Rights Reserved.
==============================================================
INFO: [SYN 201-201] Setting up clock 'default' with a period of 10ns.
INFO: [HLS 200-1611] Setting target device to 'xczu5eg-sfvc784-1-e'
INFO: [HLS 200-1505] Using flow_target 'vivado'
INFO: [HLS 200-1510] Running: set_part xczu5eg-sfvc784-1-e 
INFO: [HLS 200-1510] Running: create_clock -period 10 -name default 
INFO: [HLS 200-1510] Running: csim_design -quiet 
INFO: [SIM 211-2] *************** CSIM start ***************
INFO: [SIM 211-4] CSIM will launch GCC as the compiler.
INFO: [SIM 211-1] CSim done with 0 errors.
INFO: [SIM 211-3] *************** CSIM finish ***************
INFO: [HLS 200-111] Finished Command csim_design CPU user time: 1 seconds. CPU system time: 0 seconds. Elapsed time: 3.631 seconds; current allocated memory: 0.383 MB.
INFO: [HLS 200-112] Total CPU user time: 1 seconds. Total CPU system time: 1 seconds. Total elapsed time: 15.13 seconds; peak allocated memory: 126.316 MB.
==============================================================
Vitis HLS - High-Level Synthesis from C, C++ and OpenCL v2022.2 (64-bit)
Tool Version Limit: 2019.12
Copyright 1986-2022 Xilinx, Inc. All Rights Reserved.
==============================================================
INFO: [SYN 201-201] Setting up clock 'default' with a period of 10ns.
INFO: [HLS 200-1611] Setting target device to 'xczu5eg-sfvc784-1-e'
INFO: [HLS 200-1505] Using flow_target 'vivado'
INFO: [HLS 200-1510] Running: set_part xczu5eg-sfvc784-1-e 
INFO: [HLS 200-1510] Running: create_clock -period 10 -name default 
INFO: [HLS 200-1510] Running: csim_design -quiet 
INFO: [SIM 211-2] *************** CSIM start ***************
INFO: [SIM 211-4] CSIM will launch GCC as the compiler.
INFO: [SIM 211-1] CSim done with 0 errors.
INFO: [SIM 211-3] *************** CSIM finish ***************
INFO: [HLS 200-111] Finished Command csim_design CPU user time: 0 seconds. CPU system time: 0 seconds. Elapsed time: 5.476 seconds; current allocated memory: 0.320 MB.
INFO: [HLS 200-112] Total CPU user time: 1 seconds. Total CPU system time: 1 seconds. Total elapsed time: 17.466 seconds; peak allocated memory: 120.152 MB.
==============================================================
Vitis HLS - High-Level Synthesis from C, C++ and OpenCL v2022.2 (64-bit)
Tool Version Limit: 2019.12
Copyright 1986-2022 Xilinx, Inc. All Rights Reserved.
==============================================================
INFO: [SYN 201-201] Setting up clock 'default' with a period of 10ns.
INFO: [HLS 200-1611] Setting target device to 'xczu5eg-sfvc784-1-e'
INFO: [HLS 200-1505] Using flow_target 'vivado'
INFO: [HLS 200-1510] Running: set_part xczu5eg-sfvc784-1-e 
INFO: [HLS 200-1510] Running: create_clock -period 10 -name default 
INFO: [HLS 200-1510] Running: csim_design -quiet 
INFO: [SIM 211-2] *************** CSIM start ***************
INFO: [SIM 211-4] CSIM will launch GCC as the compiler.
INFO: [SIM 211-1] CSim done with 0 errors.
INFO: [SIM 211-3] *************** CSIM finish ***************
INFO: [HLS 200-111] Finished Command csim_design CPU user time: 1 seconds. CPU system time: 0 seconds. Elapsed time: 11.334 seconds; current allocated memory: 0.344 MB.
INFO: [HLS 200-112] Total CPU user time: 2 seconds. Total CPU system time: 1 seconds. Total elapsed time: 22.948 seconds; peak allocated memory: 126.473 MB.
==============================================================
Vitis HLS - High-Level Synthesis from C, C++ and OpenCL v2022.2 (64-bit)
Tool Version Limit: 2019.12
Copyright 1986-2022 Xilinx, Inc. All Rights Reserved.
==============================================================
INFO: [SYN 201-201] Setting up clock 'default' with a period of 10ns.
INFO: [HLS 200-1611] Setting target device to 'xczu5eg-sfvc784-1-e'
INFO: [HLS 200-1505] Using flow_target 'vivado'
INFO: [HLS 200-1510] Running: set_part xczu5eg-sfvc784-1-e 
INFO: [HLS 200-1510] Running: create_clock -period 10 -name default 
INFO: [HLS 200-1510] Running: csim_design -quiet 
INFO: [SIM 211-2] *************** CSIM start ***************
INFO: [SIM 211-4] CSIM will launch GCC as the compiler.
INFO: [SIM 211-1] CSim done with 0 errors.
INFO: [SIM 211-3] *************** CSIM finish ***************
INFO: [HLS 200-111] Finished Command csim_design CPU user time: 0 seconds. CPU system time: 0 seconds. Elapsed time: 5.488 seconds; current allocated memory: 0.316 MB.
INFO: [HLS 200-112] Total CPU user time: 2 seconds. Total CPU system time: 1 seconds. Total elapsed time: 18.415 seconds; peak allocated memory: 125.848 MB.
==============================================================
Vitis HLS - High-Level Synthesis from C, C++ and OpenCL v2022.2 (64-bit)
Tool Version Limit: 2019.12
Copyright 1986-2022 Xilinx, Inc. All Rights Reserved.
==============================================================
INFO: [SYN 201-201] Setting up clock 'default' with a period of 10ns.
INFO: [HLS 200-1611] Setting target device to 'xczu5eg-sfvc784-1-e'
INFO: [HLS 200-1505] Using flow_target 'vivado'
INFO: [HLS 200-1510] Running: set_part xczu5eg-sfvc784-1-e 
INFO: [HLS 200-1510] Running: create_clock -period 10 -name default 
INFO: [HLS 200-1510] Running: csim_design -quiet 
INFO: [SIM 211-2] *************** CSIM start ***************
INFO: [SIM 211-4] CSIM will launch GCC as the compiler.
INFO: [SIM 211-1] CSim done with 0 errors.
INFO: [SIM 211-3] *************** CSIM finish ***************
INFO: [HLS 200-111] Finished Command csim_design CPU user time: 0 seconds. CPU system time: 0 seconds. Elapsed time: 4.546 seconds; current allocated memory: 0.316 MB.
INFO: [HLS 200-112] Total CPU user time: 2 seconds. Total CPU system time: 1 seconds. Total elapsed time: 17.915 seconds; peak allocated memory: 121.281 MB.
==============================================================
Vitis HLS - High-Level Synthesis from C, C++ and OpenCL v2022.2 (64-bit)
Tool Version Limit: 2019.12
Copyright 1986-2022 Xilinx, Inc. All Rights Reserved.
==============================================================
INFO: [SYN 201-201] Setting up clock 'default' with a period of 10ns.
INFO: [HLS 200-1611] Setting target device to 'xczu5eg-sfvc784-1-e'
INFO: [HLS 200-1505] Using flow_target 'vivado'
INFO: [HLS 200-1510] Running: set_part xczu5eg-sfvc784-1-e 
INFO: [HLS 200-1510] Running: create_clock -period 10 -name default 
INFO: [SYN 201-201] Setting up clock 'default' with a period of 10ns.
INFO: [HLS 200-1510] Running: csim_design -quiet 
INFO: [SIM 211-2] *************** CSIM start ***************
INFO: [SIM 211-4] CSIM will launch GCC as the compiler.
INFO: [SIM 211-1] CSim done with 0 errors.
INFO: [SIM 211-3] *************** CSIM finish ***************
INFO: [HLS 200-111] Finished Command csim_design CPU user time: 0 seconds. CPU system time: 0 seconds. Elapsed time: 10.764 seconds; current allocated memory: 0.320 MB.
INFO: [HLS 200-112] Total CPU user time: 2 seconds. Total CPU system time: 1 seconds. Total elapsed time: 29.329 seconds; peak allocated memory: 126.363 MB.
==============================================================
Vitis HLS - High-Level Synthesis from C, C++ and OpenCL v2022.2 (64-bit)
Tool Version Limit: 2019.12
Copyright 1986-2022 Xilinx, Inc. All Rights Reserved.
==============================================================
INFO: [SYN 201-201] Setting up clock 'default' with a period of 10ns.
INFO: [HLS 200-1611] Setting target device to 'xczu5eg-sfvc784-1-e'
INFO: [HLS 200-1505] Using flow_target 'vivado'
INFO: [HLS 200-1510] Running: set_part xczu5eg-sfvc784-1-e 
INFO: [HLS 200-1510] Running: create_clock -period 10 -name default 
INFO: [HLS 200-1510] Running: csim_design -quiet 
INFO: [SIM 211-2] *************** CSIM start ***************
INFO: [SIM 211-4] CSIM will launch GCC as the compiler.
INFO: [SIM 211-1] CSim done with 0 errors.
INFO: [SIM 211-3] *************** CSIM finish ***************
INFO: [HLS 200-111] Finished Command csim_design CPU user time: 0 seconds. CPU system time: 0 seconds. Elapsed time: 3.403 seconds; current allocated memory: 0.336 MB.
INFO: [HLS 200-112] Total CPU user time: 1 seconds. Total CPU system time: 1 seconds. Total elapsed time: 15.049 seconds; peak allocated memory: 120.996 MB.
==============================================================
Vitis HLS - High-Level Synthesis from C, C++ and OpenCL v2022.2 (64-bit)
Tool Version Limit: 2019.12
Copyright 1986-2022 Xilinx, Inc. All Rights Reserved.
==============================================================
INFO: [SYN 201-201] Setting up clock 'default' with a period of 10ns.
INFO: [HLS 200-1611] Setting target device to 'xczu5eg-sfvc784-1-e'
INFO: [HLS 200-1505] Using flow_target 'vivado'
INFO: [HLS 200-1510] Running: set_part xczu5eg-sfvc784-1-e 
INFO: [HLS 200-1510] Running: create_clock -period 10 -name default 
INFO: [HLS 200-1510] Running: csim_design -quiet 
INFO: [SIM 211-2] *************** CSIM start ***************
INFO: [SIM 211-4] CSIM will launch GCC as the compiler.
INFO: [SIM 211-1] CSim done with 0 errors.
INFO: [SIM 211-3] *************** CSIM finish ***************
INFO: [HLS 200-111] Finished Command csim_design CPU user time: 0 seconds. CPU system time: 1 seconds. Elapsed time: 2.935 seconds; current allocated memory: 0.324 MB.
INFO: [HLS 200-112] Total CPU user time: 2 seconds. Total CPU system time: 1 seconds. Total elapsed time: 14.442 seconds; peak allocated memory: 126.680 MB.
==============================================================
Vitis HLS - High-Level Synthesis from C, C++ and OpenCL v2022.2 (64-bit)
Tool Version Limit: 2019.12
Copyright 1986-2022 Xilinx, Inc. All Rights Reserved.
==============================================================
INFO: [SYN 201-201] Setting up clock 'default' with a period of 10ns.
INFO: [HLS 200-1611] Setting target device to 'xczu5eg-sfvc784-1-e'
INFO: [HLS 200-1505] Using flow_target 'vivado'
INFO: [HLS 200-1510] Running: set_part xczu5eg-sfvc784-1-e 
INFO: [HLS 200-1510] Running: create_clock -period 10 -name default 
INFO: [HLS 200-1510] Running: csim_design -quiet 
INFO: [SIM 211-2] *************** CSIM start ***************
INFO: [SIM 211-4] CSIM will launch GCC as the compiler.
INFO: [SIM 211-1] CSim done with 0 errors.
INFO: [SIM 211-3] *************** CSIM finish ***************
INFO: [HLS 200-111] Finished Command csim_design CPU user time: 0 seconds. CPU system time: 0 seconds. Elapsed time: 2.951 seconds; current allocated memory: 0.336 MB.
INFO: [HLS 200-112] Total CPU user time: 1 seconds. Total CPU system time: 1 seconds. Total elapsed time: 14.512 seconds; peak allocated memory: 127.035 MB.
==============================================================
Vitis HLS - High-Level Synthesis from C, C++ and OpenCL v2022.2 (64-bit)
Tool Version Limit: 2019.12
Copyright 1986-2022 Xilinx, Inc. All Rights Reserved.
==============================================================
INFO: [SYN 201-201] Setting up clock 'default' with a period of 10ns.
INFO: [HLS 200-1611] Setting target device to 'xczu5eg-sfvc784-1-e'
INFO: [HLS 200-1505] Using flow_target 'vivado'
INFO: [HLS 200-1510] Running: set_part xczu5eg-sfvc784-1-e 
INFO: [HLS 200-1510] Running: create_clock -period 10 -name default 
INFO: [HLS 200-1510] Running: csim_design -quiet 
INFO: [SIM 211-2] *************** CSIM start ***************
INFO: [SIM 211-4] CSIM will launch GCC as the compiler.
INFO: [SIM 211-1] CSim done with 0 errors.
INFO: [SIM 211-3] *************** CSIM finish ***************
INFO: [HLS 200-111] Finished Command csim_design CPU user time: 0 seconds. CPU system time: 0 seconds. Elapsed time: 2.838 seconds; current allocated memory: 0.383 MB.
INFO: [HLS 200-112] Total CPU user time: 1 seconds. Total CPU system time: 1 seconds. Total elapsed time: 14.398 seconds; peak allocated memory: 121.074 MB.
==============================================================
Vitis HLS - High-Level Synthesis from C, C++ and OpenCL v2022.2 (64-bit)
Tool Version Limit: 2019.12
Copyright 1986-2022 Xilinx, Inc. All Rights Reserved.
==============================================================
INFO: [SYN 201-201] Setting up clock 'default' with a period of 10ns.
INFO: [HLS 200-1611] Setting target device to 'xczu5eg-sfvc784-1-e'
INFO: [HLS 200-1505] Using flow_target 'vivado'
INFO: [HLS 200-1510] Running: set_part xczu5eg-sfvc784-1-e 
INFO: [HLS 200-1510] Running: create_clock -period 10 -name default 
INFO: [HLS 200-1510] Running: csim_design -quiet 
INFO: [SIM 211-2] *************** CSIM start ***************
INFO: [SIM 211-4] CSIM will launch GCC as the compiler.
INFO: [SIM 211-1] CSim done with 0 errors.
INFO: [SIM 211-3] *************** CSIM finish ***************
INFO: [HLS 200-111] Finished Command csim_design CPU user time: 0 seconds. CPU system time: 0 seconds. Elapsed time: 9.227 seconds; current allocated memory: 0.355 MB.
INFO: [HLS 200-112] Total CPU user time: 2 seconds. Total CPU system time: 1 seconds. Total elapsed time: 23.349 seconds; peak allocated memory: 130.680 MB.
==============================================================
Vitis HLS - High-Level Synthesis from C, C++ and OpenCL v2022.2 (64-bit)
Tool Version Limit: 2019.12
Copyright 1986-2022 Xilinx, Inc. All Rights Reserved.
==============================================================
INFO: [SYN 201-201] Setting up clock 'default' with a period of 10ns.
INFO: [HLS 200-1611] Setting target device to 'xczu5eg-sfvc784-1-e'
INFO: [HLS 200-1505] Using flow_target 'vivado'
INFO: [HLS 200-1510] Running: set_part xczu5eg-sfvc784-1-e 
INFO: [HLS 200-1510] Running: create_clock -period 10 -name default 
INFO: [HLS 200-1510] Running: csim_design -quiet 
INFO: [SIM 211-2] *************** CSIM start ***************
INFO: [SIM 211-4] CSIM will launch GCC as the compiler.
INFO: [SIM 211-1] CSim done with 0 errors.
INFO: [SIM 211-3] *************** CSIM finish ***************
INFO: [HLS 200-111] Finished Command csim_design CPU user time: 0 seconds. CPU system time: 0 seconds. Elapsed time: 3.778 seconds; current allocated memory: 0.328 MB.
INFO: [HLS 200-112] Total CPU user time: 1 seconds. Total CPU system time: 0 seconds. Total elapsed time: 15.416 seconds; peak allocated memory: 126.766 MB.
==============================================================
Vitis HLS - High-Level Synthesis from C, C++ and OpenCL v2022.2 (64-bit)
Tool Version Limit: 2019.12
Copyright 1986-2022 Xilinx, Inc. All Rights Reserved.
==============================================================
INFO: [SYN 201-201] Setting up clock 'default' with a period of 10ns.
INFO: [HLS 200-1611] Setting target device to 'xczu5eg-sfvc784-1-e'
INFO: [HLS 200-1505] Using flow_target 'vivado'
INFO: [HLS 200-1510] Running: set_part xczu5eg-sfvc784-1-e 
INFO: [HLS 200-1510] Running: create_clock -period 10 -name default 
INFO: [HLS 200-1510] Running: csim_design -quiet 
INFO: [SIM 211-2] *************** CSIM start ***************
INFO: [SIM 211-4] CSIM will launch GCC as the compiler.
INFO: [SIM 211-1] CSim done with 0 errors.
INFO: [SIM 211-3] *************** CSIM finish ***************
INFO: [HLS 200-111] Finished Command csim_design CPU user time: 0 seconds. CPU system time: 0 seconds. Elapsed time: 3.897 seconds; current allocated memory: 0.344 MB.
INFO: [HLS 200-112] Total CPU user time: 2 seconds. Total CPU system time: 1 seconds. Total elapsed time: 15.64 seconds; peak allocated memory: 121.047 MB.
==============================================================
Vitis HLS - High-Level Synthesis from C, C++ and OpenCL v2022.2 (64-bit)
Tool Version Limit: 2019.12
Copyright 1986-2022 Xilinx, Inc. All Rights Reserved.
==============================================================
INFO: [SYN 201-201] Setting up clock 'default' with a period of 10ns.
INFO: [HLS 200-1611] Setting target device to 'xczu5eg-sfvc784-1-e'
INFO: [HLS 200-1505] Using flow_target 'vivado'
INFO: [HLS 200-1510] Running: set_part xczu5eg-sfvc784-1-e 
INFO: [HLS 200-1510] Running: create_clock -period 10 -name default 
INFO: [HLS 200-1510] Running: csim_design -quiet 
INFO: [SIM 211-2] *************** CSIM start ***************
INFO: [SIM 211-4] CSIM will launch GCC as the compiler.
INFO: [SIM 211-1] CSim done with 0 errors.
INFO: [SIM 211-3] *************** CSIM finish ***************
INFO: [HLS 200-111] Finished Command csim_design CPU user time: 0 seconds. CPU system time: 0 seconds. Elapsed time: 6.093 seconds; current allocated memory: 0.309 MB.
INFO: [HLS 200-112] Total CPU user time: 1 seconds. Total CPU system time: 1 seconds. Total elapsed time: 17.565 seconds; peak allocated memory: 126.223 MB.
==============================================================
Vitis HLS - High-Level Synthesis from C, C++ and OpenCL v2022.2 (64-bit)
Tool Version Limit: 2019.12
Copyright 1986-2022 Xilinx, Inc. All Rights Reserved.
==============================================================
==============================================================
Vitis HLS - High-Level Synthesis from C, C++ and OpenCL v2022.2 (64-bit)
Tool Version Limit: 2019.12
Copyright 1986-2022 Xilinx, Inc. All Rights Reserved.
==============================================================
INFO: [SYN 201-201] Setting up clock 'default' with a period of 10ns.
INFO: [HLS 200-1611] Setting target device to 'xczu5eg-sfvc784-1-e'
INFO: [HLS 200-1505] Using flow_target 'vivado'
INFO: [HLS 200-1510] Running: set_part xczu5eg-sfvc784-1-e 
INFO: [HLS 200-1510] Running: create_clock -period 10 -name default 
INFO: [HLS 200-1510] Running: csim_design -quiet 
INFO: [SIM 211-2] *************** CSIM start ***************
INFO: [SIM 211-4] CSIM will launch GCC as the compiler.
INFO: [SIM 211-1] CSim done with 0 errors.
INFO: [SIM 211-3] *************** CSIM finish ***************
INFO: [HLS 200-111] Finished Command csim_design CPU user time: 0 seconds. CPU system time: 0 seconds. Elapsed time: 9.522 seconds; current allocated memory: 0.344 MB.
INFO: [HLS 200-112] Total CPU user time: 2 seconds. Total CPU system time: 1 seconds. Total elapsed time: 23.073 seconds; peak allocated memory: 122.746 MB.
==============================================================
Vitis HLS - High-Level Synthesis from C, C++ and OpenCL v2022.2 (64-bit)
Tool Version Limit: 2019.12
Copyright 1986-2022 Xilinx, Inc. All Rights Reserved.
==============================================================
==============================================================
Vitis HLS - High-Level Synthesis from C, C++ and OpenCL v2022.2 (64-bit)
Tool Version Limit: 2019.12
Copyright 1986-2022 Xilinx, Inc. All Rights Reserved.
==============================================================
INFO: [SYN 201-201] Setting up clock 'default' with a period of 10ns.
INFO: [HLS 200-1611] Setting target device to 'xczu5eg-sfvc784-1-e'
INFO: [HLS 200-1505] Using flow_target 'vivado'
INFO: [HLS 200-1510] Running: set_part xczu5eg-sfvc784-1-e 
INFO: [HLS 200-1510] Running: create_clock -period 10 -name default 
INFO: [HLS 200-1510] Running: csim_design -quiet 
INFO: [SIM 211-2] *************** CSIM start ***************
INFO: [SIM 211-4] CSIM will launch GCC as the compiler.
INFO: [SIM 211-1] CSim done with 0 errors.
INFO: [SIM 211-3] *************** CSIM finish ***************
INFO: [HLS 200-111] Finished Command csim_design CPU user time: 0 seconds. CPU system time: 0 seconds. Elapsed time: 8.561 seconds; current allocated memory: 0.352 MB.
INFO: [HLS 200-112] Total CPU user time: 2 seconds. Total CPU system time: 1 seconds. Total elapsed time: 21.579 seconds; peak allocated memory: 125.883 MB.
==============================================================
Vitis HLS - High-Level Synthesis from C, C++ and OpenCL v2022.2 (64-bit)
Tool Version Limit: 2019.12
Copyright 1986-2022 Xilinx, Inc. All Rights Reserved.
==============================================================
INFO: [SYN 201-201] Setting up clock 'default' with a period of 10ns.
INFO: [HLS 200-1611] Setting target device to 'xczu5eg-sfvc784-1-e'
INFO: [HLS 200-1505] Using flow_target 'vivado'
INFO: [HLS 200-1510] Running: set_part xczu5eg-sfvc784-1-e 
INFO: [HLS 200-1510] Running: create_clock -period 10 -name default 
INFO: [HLS 200-1510] Running: csynth_design 
INFO: [HLS 200-111] Finished File checks and directory preparation: CPU user time: 0 seconds. CPU system time: 0 seconds. Elapsed time: 10.08 seconds; current allocated memory: 120.355 MB.
INFO: [HLS 200-10] Analyzing design file 'vgg_accelerator.cpp' ... 
WARNING: [HLS 214-113] Either use an argument of the function or declare the variable inside the dataflow loop body (vgg_accelerator.cpp:209:46)
WARNING: [HLS 214-113] Either use an argument of the function or declare the variable inside the dataflow loop body (vgg_accelerator.cpp:209:92)
WARNING: [HLS 214-113] Either use an argument of the function or declare the variable inside the dataflow loop body (vgg_accelerator.cpp:212:47)
WARNING: [HLS 214-113] Either use an argument of the function or declare the variable inside the dataflow loop body (vgg_accelerator.cpp:212:94)
WARNING: [HLS 214-113] Either use an argument of the function or declare the variable inside the dataflow loop body (vgg_accelerator.cpp:215:46)
WARNING: [HLS 214-113] Either use an argument of the function or declare the variable inside the dataflow loop body (vgg_accelerator.cpp:215:93)
WARNING: [HLS 214-113] Either use an argument of the function or declare the variable inside the dataflow loop body (vgg_accelerator.cpp:218:41)
WARNING: [HLS 214-113] Either use an argument of the function or declare the variable inside the dataflow loop body (vgg_accelerator.cpp:218:84)
WARNING: [HLS 200-471] Dataflow form checks found 8 issue(s) in file vgg_accelerator.cpp
INFO: [HLS 200-111] Finished Source Code Analysis and Preprocessing: CPU user time: 0 seconds. CPU system time: 0 seconds. Elapsed time: 4.684 seconds; current allocated memory: 122.414 MB.
INFO: [HLS 200-777] Using interface defaults for 'Vivado' flow target.
INFO: [HLS 214-131] Inlining function 'hls::axis<ap_uint<32>, 0ul, 0ul, 0ul>::get_user_ptr()' into 'hls::stream<hls::axis<ap_uint<32>, 0ul, 0ul, 0ul>, 0>::read()' (C:/Xilinx/Vitis_HLS/2022.2/common/technology/autopilot\ap_axi_sdata.h:247:50)
INFO: [HLS 214-131] Inlining function 'hls::axis<ap_uint<32>, 0ul, 0ul, 0ul>::get_dest_ptr()' into 'hls::stream<hls::axis<ap_uint<32>, 0ul, 0ul, 0ul>, 0>::read()' (C:/Xilinx/Vitis_HLS/2022.2/common/technology/autopilot\ap_axi_sdata.h:250:25)
INFO: [HLS 214-131] Inlining function 'hls::axis<ap_uint<32>, 0ul, 0ul, 0ul>::get_id_ptr()' into 'hls::stream<hls::axis<ap_uint<32>, 0ul, 0ul, 0ul>, 0>::read()' (C:/Xilinx/Vitis_HLS/2022.2/common/technology/autopilot\ap_axi_sdata.h:249:67)
INFO: [HLS 214-131] Inlining function 'hls::axis<ap_uint<32>, 0ul, 0ul, 0ul>::get_user_ptr()' into 'hls::stream<hls::axis<ap_uint<32>, 0ul, 0ul, 0ul>, 0>::read()' (C:/Xilinx/Vitis_HLS/2022.2/common/technology/autopilot\ap_axi_sdata.h:249:36)
INFO: [HLS 214-131] Inlining function 'hls::axis<ap_uint<32>, 0ul, 0ul, 0ul>::get_dest_ptr()' into 'hls::stream<hls::axis<ap_uint<32>, 0ul, 0ul, 0ul>, 0>::read()' (C:/Xilinx/Vitis_HLS/2022.2/common/technology/autopilot\ap_axi_sdata.h:248:39)
INFO: [HLS 214-131] Inlining function 'hls::axis<ap_uint<32>, 0ul, 0ul, 0ul>::get_id_ptr()' into 'hls::stream<hls::axis<ap_uint<32>, 0ul, 0ul, 0ul>, 0>::read()' (C:/Xilinx/Vitis_HLS/2022.2/common/technology/autopilot\ap_axi_sdata.h:248:23)
INFO: [HLS 214-131] Inlining function 'ssdm_int<32, true>::ssdm_int(int)' into 'ap_int_base<32, true>::ap_int_base(int)' (C:/Xilinx/Vitis_HLS/2022.2/common/technology/autopilot\ap_int_base.h:214:67)
INFO: [HLS 214-131] Inlining function '_ZN8ssdm_intILi33ELb1EEC2EDq33_i' into 'ap_int_base<33, true>::ap_int_base<32, false>(ap_int_base<32, false> const&)' (C:/Xilinx/Vitis_HLS/2022.2/common/technology/autopilot\ap_int_base.h:185:106)
INFO: [HLS 214-131] Inlining function '_ZN8ssdm_intILi33ELb1EEC2EDq33_i' into 'ap_int_base<33, true>::ap_int_base<32, true>(ap_int_base<32, true> const&)' (C:/Xilinx/Vitis_HLS/2022.2/common/technology/autopilot\ap_int_base.h:185:106)
INFO: [HLS 214-131] Inlining function '_ZN8ssdm_intILi33ELb1EEC2EDq33_i' into 'ap_int_base<33, true>::ap_int_base(int)' (C:/Xilinx/Vitis_HLS/2022.2/common/technology/autopilot\ap_int_base.h:214:67)
INFO: [HLS 214-131] Inlining function 'ap_int_base<33, true>::ap_int_base<32, false>(ap_int_base<32, false> const&)' into 'ap_int_base<32, false>::RType<32, true>::logic operator&<32, false, 32, true>(ap_int_base<32, false> const&, ap_int_base<32, true> const&)' (C:/Xilinx/Vitis_HLS/2022.2/common/technology/autopilot\ap_int_base.h:1497:341)
INFO: [HLS 214-131] Inlining function 'ap_int_base<33, true>::ap_int_base(int)' into 'ap_int_base<32, false>::RType<32, true>::logic operator&<32, false, 32, true>(ap_int_base<32, false> const&, ap_int_base<32, true> const&)' (C:/Xilinx/Vitis_HLS/2022.2/common/technology/autopilot\ap_int_base.h:1497:520)
INFO: [HLS 214-131] Inlining function 'ap_int_base<33, true>::ap_int_base<32, true>(ap_int_base<32, true> const&)' into 'ap_int_base<32, false>::RType<32, true>::logic operator&<32, false, 32, true>(ap_int_base<32, false> const&, ap_int_base<32, true> const&)' (C:/Xilinx/Vitis_HLS/2022.2/common/technology/autopilot\ap_int_base.h:1497:430)
INFO: [HLS 214-131] Inlining function 'ap_int_base<32, true>::ap_int_base(int)' into 'ap_int_base<32, false>::RType<($_0)32, true>::logic operator&<32, false>(ap_int_base<32, false> const&, int)' (C:/Xilinx/Vitis_HLS/2022.2/common/technology/autopilot\ap_int_base.h:1633:3098)
INFO: [HLS 214-131] Inlining function 'ap_int_base<32, false>::RType<32, true>::logic operator&<32, false, 32, true>(ap_int_base<32, false> const&, ap_int_base<32, true> const&)' into 'ap_int_base<32, false>::RType<($_0)32, true>::logic operator&<32, false>(ap_int_base<32, false> const&, int)' (C:/Xilinx/Vitis_HLS/2022.2/common/technology/autopilot\ap_int_base.h:1633:3096)
INFO: [HLS 214-131] Inlining function 'af_range_ref<8, 4, true, (ap_q_mode)0, (ap_o_mode)0, 0>::af_range_ref(ap_fixed_base<8, 4, true, (ap_q_mode)0, (ap_o_mode)0, 0>*, int, int)' into 'ap_fixed_base<8, 4, true, (ap_q_mode)0, (ap_o_mode)0, 0>::range(int, int)' (C:/Xilinx/Vitis_HLS/2022.2/common/technology/autopilot\ap_fixed_base.h:1746:12)
INFO: [HLS 214-131] Inlining function 'ssdm_int<8, false>::ssdm_int(unsigned char)' into 'ap_int_base<8, false>::ap_int_base(int)' (C:/Xilinx/Vitis_HLS/2022.2/common/technology/autopilot\ap_int_base.h:214:67)
INFO: [HLS 214-131] Inlining function 'ap_int_base<8, false>::ap_int_base(int)' into 'af_range_ref<8, 4, true, (ap_q_mode)0, (ap_o_mode)0, 0>::operator=(int)' (C:/Xilinx/Vitis_HLS/2022.2/common/technology/autopilot\ap_fixed_ref.h:272:108)
INFO: [HLS 214-131] Inlining function 'hls::stream<hls::axis<ap_uint<32>, 0ul, 0ul, 0ul>, 0>::read()' into 'input_adapter(hls::stream<hls::axis<ap_uint<32>, 0ul, 0ul, 0ul>, 0>&, hls::stream<ap_fixed<8, 4, (ap_q_mode)0, (ap_o_mode)0, 0>, 0>&)' (vgg_accelerator.cpp:173:25)
INFO: [HLS 214-131] Inlining function 'af_range_ref<8, 4, true, (ap_q_mode)0, (ap_o_mode)0, 0>::operator=(int)' into 'input_adapter(hls::stream<hls::axis<ap_uint<32>, 0ul, 0ul, 0ul>, 0>&, hls::stream<ap_fixed<8, 4, (ap_q_mode)0, (ap_o_mode)0, 0>, 0>&)' (vgg_accelerator.cpp:177:25)
INFO: [HLS 214-131] Inlining function 'ap_fixed_base<8, 4, true, (ap_q_mode)0, (ap_o_mode)0, 0>::range(int, int)' into 'input_adapter(hls::stream<hls::axis<ap_uint<32>, 0ul, 0ul, 0ul>, 0>&, hls::stream<ap_fixed<8, 4, (ap_q_mode)0, (ap_o_mode)0, 0>, 0>&)' (vgg_accelerator.cpp:177:13)
INFO: [HLS 214-131] Inlining function 'ap_int_base<33, true>::operator long long() const' into 'input_adapter(hls::stream<hls::axis<ap_uint<32>, 0ul, 0ul, 0ul>, 0>&, hls::stream<ap_fixed<8, 4, (ap_q_mode)0, (ap_o_mode)0, 0>, 0>&)' (vgg_accelerator.cpp:174:29)
INFO: [HLS 214-131] Inlining function 'ap_int_base<32, false>::RType<($_0)32, true>::logic operator&<32, false>(ap_int_base<32, false> const&, int)' into 'input_adapter(hls::stream<hls::axis<ap_uint<32>, 0ul, 0ul, 0ul>, 0>&, hls::stream<ap_fixed<8, 4, (ap_q_mode)0, (ap_o_mode)0, 0>, 0>&)' (vgg_accelerator.cpp:174:41)
INFO: [HLS 214-131] Inlining function 'ssdm_int<32, false>::ssdm_int(unsigned int)' into 'ap_int_base<32, false>::ap_int_base(int)' (C:/Xilinx/Vitis_HLS/2022.2/common/technology/autopilot\ap_int_base.h:214:67)
INFO: [HLS 214-131] Inlining function 'ap_int_base<32, false>::ap_int_base(int)' into 'ap_int_base<32, false>::RType<32, false>::arg1 operator>><32, false>(ap_int_base<32, false> const&, int)' (C:/Xilinx/Vitis_HLS/2022.2/common/technology/autopilot\ap_int_base.h:1669:558)
INFO: [HLS 214-131] Inlining function 'ap_fixed_base<32, 32, true, (ap_q_mode)5, (ap_o_mode)3, 0>::operator!() const' into 'ap_fixed_base<8, 4, true, (ap_q_mode)0, (ap_o_mode)0, 0>& ap_fixed_base<8, 4, true, (ap_q_mode)0, (ap_o_mode)0, 0>::operator=<32, 32, true, (ap_q_mode)5, (ap_o_mode)3, 0>(ap_fixed_base<32, 32, true, (ap_q_mode)5, (ap_o_mode)3, 0> const&)' (C:/Xilinx/Vitis_HLS/2022.2/common/technology/autopilot\ap_fixed_base.h:808:9)
INFO: [HLS 214-131] Inlining function 'ap_fixed_base<8, 4, true, (ap_q_mode)0, (ap_o_mode)0, 0>::overflow_adjust(bool, bool, bool, bool)' into 'ap_fixed_base<8, 4, true, (ap_q_mode)0, (ap_o_mode)0, 0>& ap_fixed_base<8, 4, true, (ap_q_mode)0, (ap_o_mode)0, 0>::operator=<32, 32, true, (ap_q_mode)5, (ap_o_mode)3, 0>(ap_fixed_base<32, 32, true, (ap_q_mode)5, (ap_o_mode)3, 0> const&)' (C:/Xilinx/Vitis_HLS/2022.2/common/technology/autopilot\ap_fixed_base.h:903:7)
INFO: [HLS 214-131] Inlining function 'bool ap_int_base<32, false>::operator==<32, false>(ap_int_base<32, false> const&) const' into 'ap_fixed_base<8, 4, true, (ap_q_mode)0, (ap_o_mode)0, 0>& ap_fixed_base<8, 4, true, (ap_q_mode)0, (ap_o_mode)0, 0>::operator=<32, 32, true, (ap_q_mode)5, (ap_o_mode)3, 0>(ap_fixed_base<32, 32, true, (ap_q_mode)5, (ap_o_mode)3, 0> const&)' (C:/Xilinx/Vitis_HLS/2022.2/common/technology/autopilot\ap_fixed_base.h:877:36)
INFO: [HLS 214-131] Inlining function 'ap_int_base<32, false>::RType<32, false>::arg1 operator>><32, false>(ap_int_base<32, false> const&, int)' into 'ap_fixed_base<8, 4, true, (ap_q_mode)0, (ap_o_mode)0, 0>& ap_fixed_base<8, 4, true, (ap_q_mode)0, (ap_o_mode)0, 0>::operator=<32, 32, true, (ap_q_mode)5, (ap_o_mode)3, 0>(ap_fixed_base<32, 32, true, (ap_q_mode)5, (ap_o_mode)3, 0> const&)' (C:/Xilinx/Vitis_HLS/2022.2/common/technology/autopilot\ap_fixed_base.h:877:49)
INFO: [HLS 214-131] Inlining function 'ap_int_base<32, false>::ap_int_base(int)' into 'ap_fixed_base<8, 4, true, (ap_q_mode)0, (ap_o_mode)0, 0>& ap_fixed_base<8, 4, true, (ap_q_mode)0, (ap_o_mode)0, 0>::operator=<32, 32, true, (ap_q_mode)5, (ap_o_mode)3, 0>(ap_fixed_base<32, 32, true, (ap_q_mode)5, (ap_o_mode)3, 0> const&)' (C:/Xilinx/Vitis_HLS/2022.2/common/technology/autopilot\ap_fixed_base.h:875:38)
INFO: [HLS 214-131] Inlining function 'bool ap_int_base<32, false>::operator==<32, false>(ap_int_base<32, false> const&) const' into 'ap_fixed_base<8, 4, true, (ap_q_mode)0, (ap_o_mode)0, 0>& ap_fixed_base<8, 4, true, (ap_q_mode)0, (ap_o_mode)0, 0>::operator=<32, 32, true, (ap_q_mode)5, (ap_o_mode)3, 0>(ap_fixed_base<32, 32, true, (ap_q_mode)5, (ap_o_mode)3, 0> const&)' (C:/Xilinx/Vitis_HLS/2022.2/common/technology/autopilot\ap_fixed_base.h:869:36)
INFO: [HLS 214-131] Inlining function 'ap_int_base<32, false>::RType<32, false>::arg1 operator>><32, false>(ap_int_base<32, false> const&, int)' into 'ap_fixed_base<8, 4, true, (ap_q_mode)0, (ap_o_mode)0, 0>& ap_fixed_base<8, 4, true, (ap_q_mode)0, (ap_o_mode)0, 0>::operator=<32, 32, true, (ap_q_mode)5, (ap_o_mode)3, 0>(ap_fixed_base<32, 32, true, (ap_q_mode)5, (ap_o_mode)3, 0> const&)' (C:/Xilinx/Vitis_HLS/2022.2/common/technology/autopilot\ap_fixed_base.h:869:49)
INFO: [HLS 214-131] Inlining function 'ap_int_base<32, false>::ap_int_base(int)' into 'ap_fixed_base<8, 4, true, (ap_q_mode)0, (ap_o_mode)0, 0>& ap_fixed_base<8, 4, true, (ap_q_mode)0, (ap_o_mode)0, 0>::operator=<32, 32, true, (ap_q_mode)5, (ap_o_mode)3, 0>(ap_fixed_base<32, 32, true, (ap_q_mode)5, (ap_o_mode)3, 0> const&)' (C:/Xilinx/Vitis_HLS/2022.2/common/technology/autopilot\ap_fixed_base.h:867:38)
INFO: [HLS 214-131] Inlining function 'ap_int_base<32, false>::ap_int_base(int)' into 'ap_fixed_base<8, 4, true, (ap_q_mode)0, (ap_o_mode)0, 0>& ap_fixed_base<8, 4, true, (ap_q_mode)0, (ap_o_mode)0, 0>::operator=<32, 32, true, (ap_q_mode)5, (ap_o_mode)3, 0>(ap_fixed_base<32, 32, true, (ap_q_mode)5, (ap_o_mode)3, 0> const&)' (C:/Xilinx/Vitis_HLS/2022.2/common/technology/autopilot\ap_fixed_base.h:864:36)
INFO: [HLS 214-131] Inlining function 'ap_fixed_base<8, 4, true, (ap_q_mode)0, (ap_o_mode)0, 0>& ap_fixed_base<8, 4, true, (ap_q_mode)0, (ap_o_mode)0, 0>::operator=<32, 32, true, (ap_q_mode)5, (ap_o_mode)3, 0>(ap_fixed_base<32, 32, true, (ap_q_mode)5, (ap_o_mode)3, 0> const&)' into 'ap_fixed_base<8, 4, true, (ap_q_mode)0, (ap_o_mode)0, 0>::ap_fixed_base(int)' (C:/Xilinx/Vitis_HLS/2022.2/common/technology/autopilot\ap_fixed_base.h:530:146)
INFO: [HLS 214-131] Inlining function 'ap_fixed_base<8, 4, true, (ap_q_mode)0, (ap_o_mode)0, 0>::ap_fixed_base(int)' into 'ap_fixed<8, 4, (ap_q_mode)0, (ap_o_mode)0, 0>::ap_fixed(int)'
INFO: [HLS 214-131] Inlining function 'ssdm_int<8, false>::ssdm_int(unsigned char)' into 'ap_int_base<8, false>::ap_int_base(signed char)' (C:/Xilinx/Vitis_HLS/2022.2/common/technology/autopilot\ap_int_base.h:210:75)
INFO: [HLS 214-131] Inlining function 'ap_int_base<8, false>::ap_int_base(signed char)' into 'af_range_ref<8, 4, true, (ap_q_mode)0, (ap_o_mode)0, 0>::operator=(signed char)' (C:/Xilinx/Vitis_HLS/2022.2/common/technology/autopilot\ap_fixed_ref.h:268:116)
INFO: [HLS 214-131] Inlining function 'ap_fixed_base<8, 4, true, (ap_q_mode)0, (ap_o_mode)0, 0>::range(int, int)' into 'raw_to_fixed(signed char)' (vgg_accelerator.cpp:7:9)
INFO: [HLS 214-131] Inlining function 'af_range_ref<8, 4, true, (ap_q_mode)0, (ap_o_mode)0, 0>::operator=(signed char)' into 'raw_to_fixed(signed char)' (vgg_accelerator.cpp:7:21)
INFO: [HLS 214-131] Inlining function 'ap_fixed_base<8, 4, true, (ap_q_mode)0, (ap_o_mode)0, 0>::operator!() const' into 'ap_fixed_base<32, 16, true, (ap_q_mode)0, (ap_o_mode)0, 0>& ap_fixed_base<32, 16, true, (ap_q_mode)0, (ap_o_mode)0, 0>::operator=<8, 4, true, (ap_q_mode)0, (ap_o_mode)0, 0>(ap_fixed_base<8, 4, true, (ap_q_mode)0, (ap_o_mode)0, 0> const&)' (C:/Xilinx/Vitis_HLS/2022.2/common/technology/autopilot\ap_fixed_base.h:808:9)
INFO: [HLS 214-131] Inlining function 'ssdm_int<32, true>::ssdm_int(int)' into 'ap_fixed_base<32, 16, true, (ap_q_mode)0, (ap_o_mode)0, 0>::ap_fixed_base<8, 4, true, (ap_q_mode)0, (ap_o_mode)0, 0>(ap_fixed_base<8, 4, true, (ap_q_mode)0, (ap_o_mode)0, 0> const&)' (C:/Xilinx/Vitis_HLS/2022.2/common/technology/autopilot\ap_fixed_base.h:401:80)
INFO: [HLS 214-131] Inlining function 'ap_fixed_base<32, 16, true, (ap_q_mode)0, (ap_o_mode)0, 0>& ap_fixed_base<32, 16, true, (ap_q_mode)0, (ap_o_mode)0, 0>::operator=<8, 4, true, (ap_q_mode)0, (ap_o_mode)0, 0>(ap_fixed_base<8, 4, true, (ap_q_mode)0, (ap_o_mode)0, 0> const&)' into 'ap_fixed_base<32, 16, true, (ap_q_mode)0, (ap_o_mode)0, 0>::ap_fixed_base<8, 4, true, (ap_q_mode)0, (ap_o_mode)0, 0>(ap_fixed_base<8, 4, true, (ap_q_mode)0, (ap_o_mode)0, 0> const&)' (C:/Xilinx/Vitis_HLS/2022.2/common/technology/autopilot\ap_fixed_base.h:403:5)
INFO: [HLS 214-131] Inlining function 'ap_fixed_base<32, 16, true, (ap_q_mode)0, (ap_o_mode)0, 0>::ap_fixed_base<8, 4, true, (ap_q_mode)0, (ap_o_mode)0, 0>(ap_fixed_base<8, 4, true, (ap_q_mode)0, (ap_o_mode)0, 0> const&)' into 'ap_fixed<32, 16, (ap_q_mode)0, (ap_o_mode)0, 0>::ap_fixed<8, 4, true, (ap_q_mode)0, (ap_o_mode)0, 0>(ap_fixed_base<8, 4, true, (ap_q_mode)0, (ap_o_mode)0, 0> const&)'
INFO: [HLS 214-131] Inlining function 'ap_fixed_base<32, 32, true, (ap_q_mode)5, (ap_o_mode)3, 0>::operator!() const' into 'ap_fixed_base<16, 8, true, (ap_q_mode)5, (ap_o_mode)3, 0>& ap_fixed_base<16, 8, true, (ap_q_mode)5, (ap_o_mode)3, 0>::operator=<32, 32, true, (ap_q_mode)5, (ap_o_mode)3, 0>(ap_fixed_base<32, 32, true, (ap_q_mode)5, (ap_o_mode)3, 0> const&)' (C:/Xilinx/Vitis_HLS/2022.2/common/technology/autopilot\ap_fixed_base.h:808:9)
INFO: [HLS 214-131] Inlining function 'ap_fixed_base<16, 8, true, (ap_q_mode)5, (ap_o_mode)3, 0>& ap_fixed_base<16, 8, true, (ap_q_mode)5, (ap_o_mode)3, 0>::operator=<32, 32, true, (ap_q_mode)5, (ap_o_mode)3, 0>(ap_fixed_base<32, 32, true, (ap_q_mode)5, (ap_o_mode)3, 0> const&)' into 'ap_fixed_base<16, 8, true, (ap_q_mode)5, (ap_o_mode)3, 0>::ap_fixed_base(int)' (C:/Xilinx/Vitis_HLS/2022.2/common/technology/autopilot\ap_fixed_base.h:530:146)
INFO: [HLS 214-131] Inlining function 'ap_fixed_base<16, 8, true, (ap_q_mode)5, (ap_o_mode)3, 0>::ap_fixed_base(int)' into 'ap_fixed_base<8, 4, true, (ap_q_mode)0, (ap_o_mode)0, 0>::RType<8, 4, true>::mult ap_fixed_base<8, 4, true, (ap_q_mode)0, (ap_o_mode)0, 0>::operator*<8, 4, true, (ap_q_mode)0, (ap_o_mode)0, 0>(ap_fixed_base<8, 4, true, (ap_q_mode)0, (ap_o_mode)0, 0> const&) const' (C:/Xilinx/Vitis_HLS/2022.2/common/technology/autopilot\ap_fixed_base.h:1270:55)
INFO: [HLS 214-131] Inlining function 'ap_fixed_base<16, 8, true, (ap_q_mode)5, (ap_o_mode)3, 0>::ap_fixed_base(int)' into 'ap_fixed_base<8, 4, true, (ap_q_mode)0, (ap_o_mode)0, 0>::RType<8, 4, true>::mult ap_fixed_base<8, 4, true, (ap_q_mode)0, (ap_o_mode)0, 0>::operator*<8, 4, true, (ap_q_mode)0, (ap_o_mode)0, 0>(ap_fixed_base<8, 4, true, (ap_q_mode)0, (ap_o_mode)0, 0> const&) const' (C:/Xilinx/Vitis_HLS/2022.2/common/technology/autopilot\ap_fixed_base.h:1270:61)
INFO: [HLS 214-131] Inlining function 'ap_fixed_base<32, 32, true, (ap_q_mode)5, (ap_o_mode)3, 0>::operator!() const' into 'ap_fixed_base<33, 17, true, (ap_q_mode)5, (ap_o_mode)3, 0>& ap_fixed_base<33, 17, true, (ap_q_mode)5, (ap_o_mode)3, 0>::operator=<32, 32, true, (ap_q_mode)5, (ap_o_mode)3, 0>(ap_fixed_base<32, 32, true, (ap_q_mode)5, (ap_o_mode)3, 0> const&)' (C:/Xilinx/Vitis_HLS/2022.2/common/technology/autopilot\ap_fixed_base.h:808:9)
INFO: [HLS 214-131] Inlining function 'ap_fixed_base<33, 17, true, (ap_q_mode)5, (ap_o_mode)3, 0>& ap_fixed_base<33, 17, true, (ap_q_mode)5, (ap_o_mode)3, 0>::operator=<32, 32, true, (ap_q_mode)5, (ap_o_mode)3, 0>(ap_fixed_base<32, 32, true, (ap_q_mode)5, (ap_o_mode)3, 0> const&)' into 'ap_fixed_base<33, 17, true, (ap_q_mode)5, (ap_o_mode)3, 0>::ap_fixed_base(int)' (C:/Xilinx/Vitis_HLS/2022.2/common/technology/autopilot\ap_fixed_base.h:530:146)
INFO: [HLS 214-131] Inlining function 'ap_fixed_base<32, 16, true, (ap_q_mode)0, (ap_o_mode)0, 0>::operator!() const' into 'ap_fixed_base<33, 17, true, (ap_q_mode)5, (ap_o_mode)3, 0>& ap_fixed_base<33, 17, true, (ap_q_mode)5, (ap_o_mode)3, 0>::operator=<32, 16, true, (ap_q_mode)0, (ap_o_mode)0, 0>(ap_fixed_base<32, 16, true, (ap_q_mode)0, (ap_o_mode)0, 0> const&)' (C:/Xilinx/Vitis_HLS/2022.2/common/technology/autopilot\ap_fixed_base.h:808:9)
INFO: [HLS 214-131] Inlining function '_ZN8ssdm_intILi33ELb1EEC2EDq33_i' into 'ap_fixed_base<33, 17, true, (ap_q_mode)5, (ap_o_mode)3, 0>::ap_fixed_base<32, 16, true, (ap_q_mode)0, (ap_o_mode)0, 0>(ap_fixed_base<32, 16, true, (ap_q_mode)0, (ap_o_mode)0, 0> const&)' (C:/Xilinx/Vitis_HLS/2022.2/common/technology/autopilot\ap_fixed_base.h:401:80)
INFO: [HLS 214-131] Inlining function 'ap_fixed_base<33, 17, true, (ap_q_mode)5, (ap_o_mode)3, 0>& ap_fixed_base<33, 17, true, (ap_q_mode)5, (ap_o_mode)3, 0>::operator=<32, 16, true, (ap_q_mode)0, (ap_o_mode)0, 0>(ap_fixed_base<32, 16, true, (ap_q_mode)0, (ap_o_mode)0, 0> const&)' into 'ap_fixed_base<33, 17, true, (ap_q_mode)5, (ap_o_mode)3, 0>::ap_fixed_base<32, 16, true, (ap_q_mode)0, (ap_o_mode)0, 0>(ap_fixed_base<32, 16, true, (ap_q_mode)0, (ap_o_mode)0, 0> const&)' (C:/Xilinx/Vitis_HLS/2022.2/common/technology/autopilot\ap_fixed_base.h:403:5)
INFO: [HLS 214-131] Inlining function 'ap_fixed_base<16, 8, true, (ap_q_mode)5, (ap_o_mode)3, 0>::operator!() const' into 'ap_fixed_base<33, 17, true, (ap_q_mode)5, (ap_o_mode)3, 0>& ap_fixed_base<33, 17, true, (ap_q_mode)5, (ap_o_mode)3, 0>::operator=<16, 8, true, (ap_q_mode)5, (ap_o_mode)3, 0>(ap_fixed_base<16, 8, true, (ap_q_mode)5, (ap_o_mode)3, 0> const&)' (C:/Xilinx/Vitis_HLS/2022.2/common/technology/autopilot\ap_fixed_base.h:808:9)
INFO: [HLS 214-131] Inlining function '_ZN8ssdm_intILi33ELb1EEC2EDq33_i' into 'ap_fixed_base<33, 17, true, (ap_q_mode)5, (ap_o_mode)3, 0>::ap_fixed_base<16, 8, true, (ap_q_mode)5, (ap_o_mode)3, 0>(ap_fixed_base<16, 8, true, (ap_q_mode)5, (ap_o_mode)3, 0> const&)' (C:/Xilinx/Vitis_HLS/2022.2/common/technology/autopilot\ap_fixed_base.h:401:80)
INFO: [HLS 214-131] Inlining function 'ap_fixed_base<33, 17, true, (ap_q_mode)5, (ap_o_mode)3, 0>& ap_fixed_base<33, 17, true, (ap_q_mode)5, (ap_o_mode)3, 0>::operator=<16, 8, true, (ap_q_mode)5, (ap_o_mode)3, 0>(ap_fixed_base<16, 8, true, (ap_q_mode)5, (ap_o_mode)3, 0> const&)' into 'ap_fixed_base<33, 17, true, (ap_q_mode)5, (ap_o_mode)3, 0>::ap_fixed_base<16, 8, true, (ap_q_mode)5, (ap_o_mode)3, 0>(ap_fixed_base<16, 8, true, (ap_q_mode)5, (ap_o_mode)3, 0> const&)' (C:/Xilinx/Vitis_HLS/2022.2/common/technology/autopilot\ap_fixed_base.h:403:5)
INFO: [HLS 214-131] Inlining function 'ap_fixed_base<33, 17, true, (ap_q_mode)5, (ap_o_mode)3, 0>::ap_fixed_base(int)' into 'ap_fixed_base<32, 16, true, (ap_q_mode)0, (ap_o_mode)0, 0>::RType<16, 8, true>::plus ap_fixed_base<32, 16, true, (ap_q_mode)0, (ap_o_mode)0, 0>::operator+<16, 8, true, (ap_q_mode)5, (ap_o_mode)3, 0>(ap_fixed_base<16, 8, true, (ap_q_mode)5, (ap_o_mode)3, 0> const&) const' (C:/Xilinx/Vitis_HLS/2022.2/common/technology/autopilot\ap_fixed_base.h:1347:325)
INFO: [HLS 214-131] Inlining function 'ap_fixed_base<33, 17, true, (ap_q_mode)5, (ap_o_mode)3, 0>::ap_fixed_base<16, 8, true, (ap_q_mode)5, (ap_o_mode)3, 0>(ap_fixed_base<16, 8, true, (ap_q_mode)5, (ap_o_mode)3, 0> const&)' into 'ap_fixed_base<32, 16, true, (ap_q_mode)0, (ap_o_mode)0, 0>::RType<16, 8, true>::plus ap_fixed_base<32, 16, true, (ap_q_mode)0, (ap_o_mode)0, 0>::operator+<16, 8, true, (ap_q_mode)5, (ap_o_mode)3, 0>(ap_fixed_base<16, 8, true, (ap_q_mode)5, (ap_o_mode)3, 0> const&) const' (C:/Xilinx/Vitis_HLS/2022.2/common/technology/autopilot\ap_fixed_base.h:1347:345)
INFO: [HLS 214-131] Inlining function 'ap_fixed_base<33, 17, true, (ap_q_mode)5, (ap_o_mode)3, 0>::ap_fixed_base<32, 16, true, (ap_q_mode)0, (ap_o_mode)0, 0>(ap_fixed_base<32, 16, true, (ap_q_mode)0, (ap_o_mode)0, 0> const&)' into 'ap_fixed_base<32, 16, true, (ap_q_mode)0, (ap_o_mode)0, 0>::RType<16, 8, true>::plus ap_fixed_base<32, 16, true, (ap_q_mode)0, (ap_o_mode)0, 0>::operator+<16, 8, true, (ap_q_mode)5, (ap_o_mode)3, 0>(ap_fixed_base<16, 8, true, (ap_q_mode)5, (ap_o_mode)3, 0> const&) const' (C:/Xilinx/Vitis_HLS/2022.2/common/technology/autopilot\ap_fixed_base.h:1347:333)
INFO: [HLS 214-131] Inlining function '_ZN8ssdm_intILi33ELb0EEC2EDq33_j' into 'ap_int_base<33, false>::ap_int_base(int)' (C:/Xilinx/Vitis_HLS/2022.2/common/technology/autopilot\ap_int_base.h:214:67)
INFO: [HLS 214-131] Inlining function 'ap_fixed_base<33, 17, true, (ap_q_mode)5, (ap_o_mode)3, 0>::operator!() const' into 'ap_fixed_base<32, 16, true, (ap_q_mode)0, (ap_o_mode)0, 0>& ap_fixed_base<32, 16, true, (ap_q_mode)0, (ap_o_mode)0, 0>::operator=<33, 17, true, (ap_q_mode)5, (ap_o_mode)3, 0>(ap_fixed_base<33, 17, true, (ap_q_mode)5, (ap_o_mode)3, 0> const&)' (C:/Xilinx/Vitis_HLS/2022.2/common/technology/autopilot\ap_fixed_base.h:808:9)
INFO: [HLS 214-131] Inlining function 'ap_fixed_base<32, 16, true, (ap_q_mode)0, (ap_o_mode)0, 0>::overflow_adjust(bool, bool, bool, bool)' into 'ap_fixed_base<32, 16, true, (ap_q_mode)0, (ap_o_mode)0, 0>& ap_fixed_base<32, 16, true, (ap_q_mode)0, (ap_o_mode)0, 0>::operator=<33, 17, true, (ap_q_mode)5, (ap_o_mode)3, 0>(ap_fixed_base<33, 17, true, (ap_q_mode)5, (ap_o_mode)3, 0> const&)' (C:/Xilinx/Vitis_HLS/2022.2/common/technology/autopilot\ap_fixed_base.h:903:7)
INFO: [HLS 214-131] Inlining function 'ap_int_base<33, false>::ap_int_base(int)' into 'ap_fixed_base<32, 16, true, (ap_q_mode)0, (ap_o_mode)0, 0>& ap_fixed_base<32, 16, true, (ap_q_mode)0, (ap_o_mode)0, 0>::operator=<33, 17, true, (ap_q_mode)5, (ap_o_mode)3, 0>(ap_fixed_base<33, 17, true, (ap_q_mode)5, (ap_o_mode)3, 0> const&)' (C:/Xilinx/Vitis_HLS/2022.2/common/technology/autopilot\ap_fixed_base.h:864:36)
INFO: [HLS 214-131] Inlining function 'ap_fixed_base<32, 16, true, (ap_q_mode)0, (ap_o_mode)0, 0>::RType<16, 8, true>::plus ap_fixed_base<32, 16, true, (ap_q_mode)0, (ap_o_mode)0, 0>::operator+<16, 8, true, (ap_q_mode)5, (ap_o_mode)3, 0>(ap_fixed_base<16, 8, true, (ap_q_mode)5, (ap_o_mode)3, 0> const&) const' into 'ap_fixed_base<32, 16, true, (ap_q_mode)0, (ap_o_mode)0, 0>& ap_fixed_base<32, 16, true, (ap_q_mode)0, (ap_o_mode)0, 0>::operator+=<16, 8, true, (ap_q_mode)5, (ap_o_mode)3, 0>(ap_fixed_base<16, 8, true, (ap_q_mode)5, (ap_o_mode)3, 0> const&)' (C:/Xilinx/Vitis_HLS/2022.2/common/technology/autopilot\ap_fixed_base.h:1367:248)
INFO: [HLS 214-131] Inlining function 'ap_fixed_base<32, 16, true, (ap_q_mode)0, (ap_o_mode)0, 0>& ap_fixed_base<32, 16, true, (ap_q_mode)0, (ap_o_mode)0, 0>::operator=<33, 17, true, (ap_q_mode)5, (ap_o_mode)3, 0>(ap_fixed_base<33, 17, true, (ap_q_mode)5, (ap_o_mode)3, 0> const&)' into 'ap_fixed_base<32, 16, true, (ap_q_mode)0, (ap_o_mode)0, 0>& ap_fixed_base<32, 16, true, (ap_q_mode)0, (ap_o_mode)0, 0>::operator+=<16, 8, true, (ap_q_mode)5, (ap_o_mode)3, 0>(ap_fixed_base<16, 8, true, (ap_q_mode)5, (ap_o_mode)3, 0> const&)' (C:/Xilinx/Vitis_HLS/2022.2/common/technology/autopilot\ap_fixed_base.h:1367:246)
INFO: [HLS 214-131] Inlining function 'ap_fixed_base<32, 32, true, (ap_q_mode)5, (ap_o_mode)3, 0>::operator!() const' into 'ap_fixed_base<48, 32, true, (ap_q_mode)5, (ap_o_mode)3, 0>& ap_fixed_base<48, 32, true, (ap_q_mode)5, (ap_o_mode)3, 0>::operator=<32, 32, true, (ap_q_mode)5, (ap_o_mode)3, 0>(ap_fixed_base<32, 32, true, (ap_q_mode)5, (ap_o_mode)3, 0> const&)' (C:/Xilinx/Vitis_HLS/2022.2/common/technology/autopilot\ap_fixed_base.h:808:9)
INFO: [HLS 214-131] Inlining function '_ZN8ssdm_intILi48ELb1EEC2EDq48_i' into 'ap_fixed_base<48, 32, true, (ap_q_mode)5, (ap_o_mode)3, 0>::ap_fixed_base<32, 32, true, (ap_q_mode)5, (ap_o_mode)3, 0>(ap_fixed_base<32, 32, true, (ap_q_mode)5, (ap_o_mode)3, 0> const&)' (C:/Xilinx/Vitis_HLS/2022.2/common/technology/autopilot\ap_fixed_base.h:401:80)
INFO: [HLS 214-131] Inlining function 'ap_fixed_base<48, 32, true, (ap_q_mode)5, (ap_o_mode)3, 0>& ap_fixed_base<48, 32, true, (ap_q_mode)5, (ap_o_mode)3, 0>::operator=<32, 32, true, (ap_q_mode)5, (ap_o_mode)3, 0>(ap_fixed_base<32, 32, true, (ap_q_mode)5, (ap_o_mode)3, 0> const&)' into 'ap_fixed_base<48, 32, true, (ap_q_mode)5, (ap_o_mode)3, 0>::ap_fixed_base<32, 32, true, (ap_q_mode)5, (ap_o_mode)3, 0>(ap_fixed_base<32, 32, true, (ap_q_mode)5, (ap_o_mode)3, 0> const&)' (C:/Xilinx/Vitis_HLS/2022.2/common/technology/autopilot\ap_fixed_base.h:403:5)
INFO: [HLS 214-131] Inlining function 'ap_fixed_base<48, 32, true, (ap_q_mode)5, (ap_o_mode)3, 0>::ap_fixed_base<32, 32, true, (ap_q_mode)5, (ap_o_mode)3, 0>(ap_fixed_base<32, 32, true, (ap_q_mode)5, (ap_o_mode)3, 0> const&)' into 'bool ap_fixed_base<32, 16, true, (ap_q_mode)0, (ap_o_mode)0, 0>::operator<<32, 32, true, (ap_q_mode)5, (ap_o_mode)3, 0>(ap_fixed_base<32, 32, true, (ap_q_mode)5, (ap_o_mode)3, 0> const&) const' (C:/Xilinx/Vitis_HLS/2022.2/common/technology/autopilot\ap_fixed_base.h:1650:367)
INFO: [HLS 214-131] Inlining function 'ap_fixed_base<32, 32, true, (ap_q_mode)5, (ap_o_mode)3, 0>::ap_fixed_base(int)' into 'bool operator<<32, 16, true, (ap_q_mode)0, (ap_o_mode)0, 0>(ap_fixed_base<32, 16, true, (ap_q_mode)0, (ap_o_mode)0, 0> const&, int)' (C:/Xilinx/Vitis_HLS/2022.2/common/technology/autopilot\ap_fixed_base.h:2376:10565)
INFO: [HLS 214-131] Inlining function 'bool ap_fixed_base<32, 16, true, (ap_q_mode)0, (ap_o_mode)0, 0>::operator<<32, 32, true, (ap_q_mode)5, (ap_o_mode)3, 0>(ap_fixed_base<32, 32, true, (ap_q_mode)5, (ap_o_mode)3, 0> const&) const' into 'bool operator<<32, 16, true, (ap_q_mode)0, (ap_o_mode)0, 0>(ap_fixed_base<32, 16, true, (ap_q_mode)0, (ap_o_mode)0, 0> const&, int)' (C:/Xilinx/Vitis_HLS/2022.2/common/technology/autopilot\ap_fixed_base.h:2376:10554)
INFO: [HLS 214-131] Inlining function 'ap_fixed_base<32, 32, true, (ap_q_mode)5, (ap_o_mode)3, 0>::operator!() const' into 'ap_fixed_base<32, 16, true, (ap_q_mode)0, (ap_o_mode)0, 0>& ap_fixed_base<32, 16, true, (ap_q_mode)0, (ap_o_mode)0, 0>::operator=<32, 32, true, (ap_q_mode)5, (ap_o_mode)3, 0>(ap_fixed_base<32, 32, true, (ap_q_mode)5, (ap_o_mode)3, 0> const&)' (C:/Xilinx/Vitis_HLS/2022.2/common/technology/autopilot\ap_fixed_base.h:808:9)
INFO: [HLS 214-131] Inlining function 'ap_fixed_base<32, 16, true, (ap_q_mode)0, (ap_o_mode)0, 0>::overflow_adjust(bool, bool, bool, bool)' into 'ap_fixed_base<32, 16, true, (ap_q_mode)0, (ap_o_mode)0, 0>& ap_fixed_base<32, 16, true, (ap_q_mode)0, (ap_o_mode)0, 0>::operator=<32, 32, true, (ap_q_mode)5, (ap_o_mode)3, 0>(ap_fixed_base<32, 32, true, (ap_q_mode)5, (ap_o_mode)3, 0> const&)' (C:/Xilinx/Vitis_HLS/2022.2/common/technology/autopilot\ap_fixed_base.h:903:7)
INFO: [HLS 214-131] Inlining function 'bool ap_int_base<32, false>::operator==<32, false>(ap_int_base<32, false> const&) const' into 'ap_fixed_base<32, 16, true, (ap_q_mode)0, (ap_o_mode)0, 0>& ap_fixed_base<32, 16, true, (ap_q_mode)0, (ap_o_mode)0, 0>::operator=<32, 32, true, (ap_q_mode)5, (ap_o_mode)3, 0>(ap_fixed_base<32, 32, true, (ap_q_mode)5, (ap_o_mode)3, 0> const&)' (C:/Xilinx/Vitis_HLS/2022.2/common/technology/autopilot\ap_fixed_base.h:877:36)
INFO: [HLS 214-131] Inlining function 'ap_int_base<32, false>::RType<32, false>::arg1 operator>><32, false>(ap_int_base<32, false> const&, int)' into 'ap_fixed_base<32, 16, true, (ap_q_mode)0, (ap_o_mode)0, 0>& ap_fixed_base<32, 16, true, (ap_q_mode)0, (ap_o_mode)0, 0>::operator=<32, 32, true, (ap_q_mode)5, (ap_o_mode)3, 0>(ap_fixed_base<32, 32, true, (ap_q_mode)5, (ap_o_mode)3, 0> const&)' (C:/Xilinx/Vitis_HLS/2022.2/common/technology/autopilot\ap_fixed_base.h:877:49)
INFO: [HLS 214-131] Inlining function 'ap_int_base<32, false>::ap_int_base(int)' into 'ap_fixed_base<32, 16, true, (ap_q_mode)0, (ap_o_mode)0, 0>& ap_fixed_base<32, 16, true, (ap_q_mode)0, (ap_o_mode)0, 0>::operator=<32, 32, true, (ap_q_mode)5, (ap_o_mode)3, 0>(ap_fixed_base<32, 32, true, (ap_q_mode)5, (ap_o_mode)3, 0> const&)' (C:/Xilinx/Vitis_HLS/2022.2/common/technology/autopilot\ap_fixed_base.h:875:38)
INFO: [HLS 214-131] Inlining function 'bool ap_int_base<32, false>::operator==<32, false>(ap_int_base<32, false> const&) const' into 'ap_fixed_base<32, 16, true, (ap_q_mode)0, (ap_o_mode)0, 0>& ap_fixed_base<32, 16, true, (ap_q_mode)0, (ap_o_mode)0, 0>::operator=<32, 32, true, (ap_q_mode)5, (ap_o_mode)3, 0>(ap_fixed_base<32, 32, true, (ap_q_mode)5, (ap_o_mode)3, 0> const&)' (C:/Xilinx/Vitis_HLS/2022.2/common/technology/autopilot\ap_fixed_base.h:869:36)
INFO: [HLS 214-131] Inlining function 'ap_int_base<32, false>::RType<32, false>::arg1 operator>><32, false>(ap_int_base<32, false> const&, int)' into 'ap_fixed_base<32, 16, true, (ap_q_mode)0, (ap_o_mode)0, 0>& ap_fixed_base<32, 16, true, (ap_q_mode)0, (ap_o_mode)0, 0>::operator=<32, 32, true, (ap_q_mode)5, (ap_o_mode)3, 0>(ap_fixed_base<32, 32, true, (ap_q_mode)5, (ap_o_mode)3, 0> const&)' (C:/Xilinx/Vitis_HLS/2022.2/common/technology/autopilot\ap_fixed_base.h:869:49)
INFO: [HLS 214-131] Inlining function 'ap_int_base<32, false>::ap_int_base(int)' into 'ap_fixed_base<32, 16, true, (ap_q_mode)0, (ap_o_mode)0, 0>& ap_fixed_base<32, 16, true, (ap_q_mode)0, (ap_o_mode)0, 0>::operator=<32, 32, true, (ap_q_mode)5, (ap_o_mode)3, 0>(ap_fixed_base<32, 32, true, (ap_q_mode)5, (ap_o_mode)3, 0> const&)' (C:/Xilinx/Vitis_HLS/2022.2/common/technology/autopilot\ap_fixed_base.h:867:38)
INFO: [HLS 214-131] Inlining function 'ap_int_base<32, false>::ap_int_base(int)' into 'ap_fixed_base<32, 16, true, (ap_q_mode)0, (ap_o_mode)0, 0>& ap_fixed_base<32, 16, true, (ap_q_mode)0, (ap_o_mode)0, 0>::operator=<32, 32, true, (ap_q_mode)5, (ap_o_mode)3, 0>(ap_fixed_base<32, 32, true, (ap_q_mode)5, (ap_o_mode)3, 0> const&)' (C:/Xilinx/Vitis_HLS/2022.2/common/technology/autopilot\ap_fixed_base.h:864:36)
INFO: [HLS 214-131] Inlining function 'ap_fixed_base<32, 16, true, (ap_q_mode)0, (ap_o_mode)0, 0>& ap_fixed_base<32, 16, true, (ap_q_mode)0, (ap_o_mode)0, 0>::operator=<32, 32, true, (ap_q_mode)5, (ap_o_mode)3, 0>(ap_fixed_base<32, 32, true, (ap_q_mode)5, (ap_o_mode)3, 0> const&)' into 'ap_fixed_base<32, 16, true, (ap_q_mode)0, (ap_o_mode)0, 0>::ap_fixed_base(int)' (C:/Xilinx/Vitis_HLS/2022.2/common/technology/autopilot\ap_fixed_base.h:530:146)
INFO: [HLS 214-131] Inlining function 'ap_fixed_base<32, 16, true, (ap_q_mode)0, (ap_o_mode)0, 0>::ap_fixed_base(int)' into 'ap_fixed<32, 16, (ap_q_mode)0, (ap_o_mode)0, 0>::ap_fixed(int)'
INFO: [HLS 214-131] Inlining function 'ap_fixed_base<32, 16, true, (ap_q_mode)0, (ap_o_mode)0, 0>::operator!() const' into 'ap_fixed_base<8, 4, true, (ap_q_mode)0, (ap_o_mode)0, 0>& ap_fixed_base<8, 4, true, (ap_q_mode)0, (ap_o_mode)0, 0>::operator=<32, 16, true, (ap_q_mode)0, (ap_o_mode)0, 0>(ap_fixed_base<32, 16, true, (ap_q_mode)0, (ap_o_mode)0, 0> const&)' (C:/Xilinx/Vitis_HLS/2022.2/common/technology/autopilot\ap_fixed_base.h:808:9)
INFO: [HLS 214-131] Inlining function 'ap_fixed_base<8, 4, true, (ap_q_mode)0, (ap_o_mode)0, 0>::overflow_adjust(bool, bool, bool, bool)' into 'ap_fixed_base<8, 4, true, (ap_q_mode)0, (ap_o_mode)0, 0>& ap_fixed_base<8, 4, true, (ap_q_mode)0, (ap_o_mode)0, 0>::operator=<32, 16, true, (ap_q_mode)0, (ap_o_mode)0, 0>(ap_fixed_base<32, 16, true, (ap_q_mode)0, (ap_o_mode)0, 0> const&)' (C:/Xilinx/Vitis_HLS/2022.2/common/technology/autopilot\ap_fixed_base.h:903:7)
INFO: [HLS 214-131] Inlining function 'bool ap_int_base<32, false>::operator==<32, false>(ap_int_base<32, false> const&) const' into 'ap_fixed_base<8, 4, true, (ap_q_mode)0, (ap_o_mode)0, 0>& ap_fixed_base<8, 4, true, (ap_q_mode)0, (ap_o_mode)0, 0>::operator=<32, 16, true, (ap_q_mode)0, (ap_o_mode)0, 0>(ap_fixed_base<32, 16, true, (ap_q_mode)0, (ap_o_mode)0, 0> const&)' (C:/Xilinx/Vitis_HLS/2022.2/common/technology/autopilot\ap_fixed_base.h:877:36)
INFO: [HLS 214-131] Inlining function 'ap_int_base<32, false>::RType<32, false>::arg1 operator>><32, false>(ap_int_base<32, false> const&, int)' into 'ap_fixed_base<8, 4, true, (ap_q_mode)0, (ap_o_mode)0, 0>& ap_fixed_base<8, 4, true, (ap_q_mode)0, (ap_o_mode)0, 0>::operator=<32, 16, true, (ap_q_mode)0, (ap_o_mode)0, 0>(ap_fixed_base<32, 16, true, (ap_q_mode)0, (ap_o_mode)0, 0> const&)' (C:/Xilinx/Vitis_HLS/2022.2/common/technology/autopilot\ap_fixed_base.h:877:49)
INFO: [HLS 214-131] Inlining function 'ap_int_base<32, false>::ap_int_base(int)' into 'ap_fixed_base<8, 4, true, (ap_q_mode)0, (ap_o_mode)0, 0>& ap_fixed_base<8, 4, true, (ap_q_mode)0, (ap_o_mode)0, 0>::operator=<32, 16, true, (ap_q_mode)0, (ap_o_mode)0, 0>(ap_fixed_base<32, 16, true, (ap_q_mode)0, (ap_o_mode)0, 0> const&)' (C:/Xilinx/Vitis_HLS/2022.2/common/technology/autopilot\ap_fixed_base.h:875:38)
INFO: [HLS 214-131] Inlining function 'bool ap_int_base<32, false>::operator==<32, false>(ap_int_base<32, false> const&) const' into 'ap_fixed_base<8, 4, true, (ap_q_mode)0, (ap_o_mode)0, 0>& ap_fixed_base<8, 4, true, (ap_q_mode)0, (ap_o_mode)0, 0>::operator=<32, 16, true, (ap_q_mode)0, (ap_o_mode)0, 0>(ap_fixed_base<32, 16, true, (ap_q_mode)0, (ap_o_mode)0, 0> const&)' (C:/Xilinx/Vitis_HLS/2022.2/common/technology/autopilot\ap_fixed_base.h:869:36)
INFO: [HLS 214-131] Inlining function 'ap_int_base<32, false>::RType<32, false>::arg1 operator>><32, false>(ap_int_base<32, false> const&, int)' into 'ap_fixed_base<8, 4, true, (ap_q_mode)0, (ap_o_mode)0, 0>& ap_fixed_base<8, 4, true, (ap_q_mode)0, (ap_o_mode)0, 0>::operator=<32, 16, true, (ap_q_mode)0, (ap_o_mode)0, 0>(ap_fixed_base<32, 16, true, (ap_q_mode)0, (ap_o_mode)0, 0> const&)' (C:/Xilinx/Vitis_HLS/2022.2/common/technology/autopilot\ap_fixed_base.h:869:49)
INFO: [HLS 214-131] Inlining function 'ap_int_base<32, false>::ap_int_base(int)' into 'ap_fixed_base<8, 4, true, (ap_q_mode)0, (ap_o_mode)0, 0>& ap_fixed_base<8, 4, true, (ap_q_mode)0, (ap_o_mode)0, 0>::operator=<32, 16, true, (ap_q_mode)0, (ap_o_mode)0, 0>(ap_fixed_base<32, 16, true, (ap_q_mode)0, (ap_o_mode)0, 0> const&)' (C:/Xilinx/Vitis_HLS/2022.2/common/technology/autopilot\ap_fixed_base.h:867:38)
INFO: [HLS 214-131] Inlining function 'ap_int_base<32, false>::ap_int_base(int)' into 'ap_fixed_base<8, 4, true, (ap_q_mode)0, (ap_o_mode)0, 0>& ap_fixed_base<8, 4, true, (ap_q_mode)0, (ap_o_mode)0, 0>::operator=<32, 16, true, (ap_q_mode)0, (ap_o_mode)0, 0>(ap_fixed_base<32, 16, true, (ap_q_mode)0, (ap_o_mode)0, 0> const&)' (C:/Xilinx/Vitis_HLS/2022.2/common/technology/autopilot\ap_fixed_base.h:864:36)
INFO: [HLS 214-131] Inlining function 'ap_fixed_base<8, 4, true, (ap_q_mode)0, (ap_o_mode)0, 0>::quantization_adjust(bool, bool, bool)' into 'ap_fixed_base<8, 4, true, (ap_q_mode)0, (ap_o_mode)0, 0>& ap_fixed_base<8, 4, true, (ap_q_mode)0, (ap_o_mode)0, 0>::operator=<32, 16, true, (ap_q_mode)0, (ap_o_mode)0, 0>(ap_fixed_base<32, 16, true, (ap_q_mode)0, (ap_o_mode)0, 0> const&)' (C:/Xilinx/Vitis_HLS/2022.2/common/technology/autopilot\ap_fixed_base.h:829:17)
INFO: [HLS 214-131] Inlining function 'ssdm_int<8, true>::ssdm_int(signed char)' into 'ap_fixed_base<8, 4, true, (ap_q_mode)0, (ap_o_mode)0, 0>::ap_fixed_base<32, 16, true, (ap_q_mode)0, (ap_o_mode)0, 0>(ap_fixed_base<32, 16, true, (ap_q_mode)0, (ap_o_mode)0, 0> const&)' (C:/Xilinx/Vitis_HLS/2022.2/common/technology/autopilot\ap_fixed_base.h:401:80)
INFO: [HLS 214-131] Inlining function 'ap_fixed_base<8, 4, true, (ap_q_mode)0, (ap_o_mode)0, 0>& ap_fixed_base<8, 4, true, (ap_q_mode)0, (ap_o_mode)0, 0>::operator=<32, 16, true, (ap_q_mode)0, (ap_o_mode)0, 0>(ap_fixed_base<32, 16, true, (ap_q_mode)0, (ap_o_mode)0, 0> const&)' into 'ap_fixed_base<8, 4, true, (ap_q_mode)0, (ap_o_mode)0, 0>::ap_fixed_base<32, 16, true, (ap_q_mode)0, (ap_o_mode)0, 0>(ap_fixed_base<32, 16, true, (ap_q_mode)0, (ap_o_mode)0, 0> const&)' (C:/Xilinx/Vitis_HLS/2022.2/common/technology/autopilot\ap_fixed_base.h:403:5)
INFO: [HLS 214-131] Inlining function 'ap_fixed_base<8, 4, true, (ap_q_mode)0, (ap_o_mode)0, 0>::ap_fixed_base<32, 16, true, (ap_q_mode)0, (ap_o_mode)0, 0>(ap_fixed_base<32, 16, true, (ap_q_mode)0, (ap_o_mode)0, 0> const&)' into 'ap_fixed<8, 4, (ap_q_mode)0, (ap_o_mode)0, 0>::ap_fixed<32, 16, true, (ap_q_mode)0, (ap_o_mode)0, 0>(ap_fixed_base<32, 16, true, (ap_q_mode)0, (ap_o_mode)0, 0> const&)'
INFO: [HLS 214-131] Inlining function 'bool operator<<32, 16, true, (ap_q_mode)0, (ap_o_mode)0, 0>(ap_fixed_base<32, 16, true, (ap_q_mode)0, (ap_o_mode)0, 0> const&, int)' into 'void layer_block<1, 16, 32>(hls::stream<ap_fixed<8, 4, (ap_q_mode)0, (ap_o_mode)0, 0>, 0>&, hls::stream<ap_fixed<8, 4, (ap_q_mode)0, (ap_o_mode)0, 0>, 0>&, signed char const (*) [1][3][3], signed char const*)' (vgg_accelerator.cpp:92:29)
INFO: [HLS 214-131] Inlining function 'ap_fixed_base<32, 16, true, (ap_q_mode)0, (ap_o_mode)0, 0>& ap_fixed_base<32, 16, true, (ap_q_mode)0, (ap_o_mode)0, 0>::operator+=<16, 8, true, (ap_q_mode)5, (ap_o_mode)3, 0>(ap_fixed_base<16, 8, true, (ap_q_mode)5, (ap_o_mode)3, 0> const&)' into 'void layer_block<1, 16, 32>(hls::stream<ap_fixed<8, 4, (ap_q_mode)0, (ap_o_mode)0, 0>, 0>&, hls::stream<ap_fixed<8, 4, (ap_q_mode)0, (ap_o_mode)0, 0>, 0>&, signed char const (*) [1][3][3], signed char const*)' (vgg_accelerator.cpp:87:37)
INFO: [HLS 214-131] Inlining function 'ap_fixed_base<8, 4, true, (ap_q_mode)0, (ap_o_mode)0, 0>::RType<8, 4, true>::mult ap_fixed_base<8, 4, true, (ap_q_mode)0, (ap_o_mode)0, 0>::operator*<8, 4, true, (ap_q_mode)0, (ap_o_mode)0, 0>(ap_fixed_base<8, 4, true, (ap_q_mode)0, (ap_o_mode)0, 0> const&) const' into 'void layer_block<1, 16, 32>(hls::stream<ap_fixed<8, 4, (ap_q_mode)0, (ap_o_mode)0, 0>, 0>&, hls::stream<ap_fixed<8, 4, (ap_q_mode)0, (ap_o_mode)0, 0>, 0>&, signed char const (*) [1][3][3], signed char const*)' (vgg_accelerator.cpp:87:43)
INFO: [HLS 214-131] Inlining function 'bool ap_fixed_base<8, 4, true, (ap_q_mode)0, (ap_o_mode)0, 0>::operator><8, 4, true, (ap_q_mode)0, (ap_o_mode)0, 0>(ap_fixed_base<8, 4, true, (ap_q_mode)0, (ap_o_mode)0, 0> const&) const' into 'max_val(ap_fixed<8, 4, (ap_q_mode)0, (ap_o_mode)0, 0>, ap_fixed<8, 4, (ap_q_mode)0, (ap_o_mode)0, 0>)' (vgg_accelerator.cpp:12:15)
INFO: [HLS 214-131] Inlining function 'bool operator<<32, 16, true, (ap_q_mode)0, (ap_o_mode)0, 0>(ap_fixed_base<32, 16, true, (ap_q_mode)0, (ap_o_mode)0, 0> const&, int)' into 'void layer_block<16, 32, 16>(hls::stream<ap_fixed<8, 4, (ap_q_mode)0, (ap_o_mode)0, 0>, 0>&, hls::stream<ap_fixed<8, 4, (ap_q_mode)0, (ap_o_mode)0, 0>, 0>&, signed char const (*) [16][3][3], signed char const*)' (vgg_accelerator.cpp:92:29)
INFO: [HLS 214-131] Inlining function 'ap_fixed_base<32, 16, true, (ap_q_mode)0, (ap_o_mode)0, 0>& ap_fixed_base<32, 16, true, (ap_q_mode)0, (ap_o_mode)0, 0>::operator+=<16, 8, true, (ap_q_mode)5, (ap_o_mode)3, 0>(ap_fixed_base<16, 8, true, (ap_q_mode)5, (ap_o_mode)3, 0> const&)' into 'void layer_block<16, 32, 16>(hls::stream<ap_fixed<8, 4, (ap_q_mode)0, (ap_o_mode)0, 0>, 0>&, hls::stream<ap_fixed<8, 4, (ap_q_mode)0, (ap_o_mode)0, 0>, 0>&, signed char const (*) [16][3][3], signed char const*)' (vgg_accelerator.cpp:87:37)
INFO: [HLS 214-131] Inlining function 'ap_fixed_base<8, 4, true, (ap_q_mode)0, (ap_o_mode)0, 0>::RType<8, 4, true>::mult ap_fixed_base<8, 4, true, (ap_q_mode)0, (ap_o_mode)0, 0>::operator*<8, 4, true, (ap_q_mode)0, (ap_o_mode)0, 0>(ap_fixed_base<8, 4, true, (ap_q_mode)0, (ap_o_mode)0, 0> const&) const' into 'void layer_block<16, 32, 16>(hls::stream<ap_fixed<8, 4, (ap_q_mode)0, (ap_o_mode)0, 0>, 0>&, hls::stream<ap_fixed<8, 4, (ap_q_mode)0, (ap_o_mode)0, 0>, 0>&, signed char const (*) [16][3][3], signed char const*)' (vgg_accelerator.cpp:87:43)
INFO: [HLS 214-131] Inlining function 'bool operator<<32, 16, true, (ap_q_mode)0, (ap_o_mode)0, 0>(ap_fixed_base<32, 16, true, (ap_q_mode)0, (ap_o_mode)0, 0> const&, int)' into 'void layer_block<32, 64, 8>(hls::stream<ap_fixed<8, 4, (ap_q_mode)0, (ap_o_mode)0, 0>, 0>&, hls::stream<ap_fixed<8, 4, (ap_q_mode)0, (ap_o_mode)0, 0>, 0>&, signed char const (*) [32][3][3], signed char const*)' (vgg_accelerator.cpp:92:29)
INFO: [HLS 214-131] Inlining function 'ap_fixed_base<32, 16, true, (ap_q_mode)0, (ap_o_mode)0, 0>& ap_fixed_base<32, 16, true, (ap_q_mode)0, (ap_o_mode)0, 0>::operator+=<16, 8, true, (ap_q_mode)5, (ap_o_mode)3, 0>(ap_fixed_base<16, 8, true, (ap_q_mode)5, (ap_o_mode)3, 0> const&)' into 'void layer_block<32, 64, 8>(hls::stream<ap_fixed<8, 4, (ap_q_mode)0, (ap_o_mode)0, 0>, 0>&, hls::stream<ap_fixed<8, 4, (ap_q_mode)0, (ap_o_mode)0, 0>, 0>&, signed char const (*) [32][3][3], signed char const*)' (vgg_accelerator.cpp:87:37)
INFO: [HLS 214-131] Inlining function 'ap_fixed_base<8, 4, true, (ap_q_mode)0, (ap_o_mode)0, 0>::RType<8, 4, true>::mult ap_fixed_base<8, 4, true, (ap_q_mode)0, (ap_o_mode)0, 0>::operator*<8, 4, true, (ap_q_mode)0, (ap_o_mode)0, 0>(ap_fixed_base<8, 4, true, (ap_q_mode)0, (ap_o_mode)0, 0> const&) const' into 'void layer_block<32, 64, 8>(hls::stream<ap_fixed<8, 4, (ap_q_mode)0, (ap_o_mode)0, 0>, 0>&, hls::stream<ap_fixed<8, 4, (ap_q_mode)0, (ap_o_mode)0, 0>, 0>&, signed char const (*) [32][3][3], signed char const*)' (vgg_accelerator.cpp:87:43)
INFO: [HLS 214-131] Inlining function 'ap_int_base<8, false>::to_uint64() const' into 'af_range_ref<8, 4, true, (ap_q_mode)0, (ap_o_mode)0, 0>::operator unsigned long long() const' (C:/Xilinx/Vitis_HLS/2022.2/common/technology/autopilot\ap_fixed_ref.h:521:16)
INFO: [HLS 214-131] Inlining function 'ap_int_base<32, false>::ap_int_base(int)' into 'ap_uint<32>::ap_uint(int)'
INFO: [HLS 214-131] Inlining function '_ZN8ssdm_intILi4ELb0EEC2EDq4_j' into 'ap_int_base<4, false>::ap_int_base(int)' (C:/Xilinx/Vitis_HLS/2022.2/common/technology/autopilot\ap_int_base.h:214:67)
INFO: [HLS 214-131] Inlining function 'ap_int_base<4, false>::ap_int_base(int)' into 'ap_uint<4>::ap_uint(int)'
INFO: [HLS 214-131] Inlining function '_ZN8ssdm_intILi1ELb0EEC2EDq1_j' into 'ap_int_base<1, false>::ap_int_base(int)' (C:/Xilinx/Vitis_HLS/2022.2/common/technology/autopilot\ap_int_base.h:214:67)
INFO: [HLS 214-131] Inlining function 'ap_int_base<1, false>::ap_int_base(int)' into 'ap_uint<1>::ap_uint(int)'
INFO: [HLS 214-131] Inlining function 'hls::axis<ap_uint<32>, 0ul, 0ul, 0ul>::get_user_ptr()' into 'hls::stream<hls::axis<ap_uint<32>, 0ul, 0ul, 0ul>, 0>::write(hls::axis<ap_uint<32>, 0ul, 0ul, 0ul> const&)' (C:/Xilinx/Vitis_HLS/2022.2/common/technology/autopilot\ap_axi_sdata.h:258:51)
INFO: [HLS 214-131] Inlining function 'hls::axis<ap_uint<32>, 0ul, 0ul, 0ul>::get_dest_ptr()' into 'hls::stream<hls::axis<ap_uint<32>, 0ul, 0ul, 0ul>, 0>::write(hls::axis<ap_uint<32>, 0ul, 0ul, 0ul> const&)' (C:/Xilinx/Vitis_HLS/2022.2/common/technology/autopilot\ap_axi_sdata.h:261:26)
INFO: [HLS 214-131] Inlining function 'hls::axis<ap_uint<32>, 0ul, 0ul, 0ul>::get_id_ptr()' into 'hls::stream<hls::axis<ap_uint<32>, 0ul, 0ul, 0ul>, 0>::write(hls::axis<ap_uint<32>, 0ul, 0ul, 0ul> const&)' (C:/Xilinx/Vitis_HLS/2022.2/common/technology/autopilot\ap_axi_sdata.h:260:68)
INFO: [HLS 214-131] Inlining function 'hls::axis<ap_uint<32>, 0ul, 0ul, 0ul>::get_user_ptr()' into 'hls::stream<hls::axis<ap_uint<32>, 0ul, 0ul, 0ul>, 0>::write(hls::axis<ap_uint<32>, 0ul, 0ul, 0ul> const&)' (C:/Xilinx/Vitis_HLS/2022.2/common/technology/autopilot\ap_axi_sdata.h:260:37)
INFO: [HLS 214-131] Inlining function 'hls::axis<ap_uint<32>, 0ul, 0ul, 0ul>::get_dest_ptr()' into 'hls::stream<hls::axis<ap_uint<32>, 0ul, 0ul, 0ul>, 0>::write(hls::axis<ap_uint<32>, 0ul, 0ul, 0ul> const&)' (C:/Xilinx/Vitis_HLS/2022.2/common/technology/autopilot\ap_axi_sdata.h:259:40)
INFO: [HLS 214-131] Inlining function 'hls::axis<ap_uint<32>, 0ul, 0ul, 0ul>::get_id_ptr()' into 'hls::stream<hls::axis<ap_uint<32>, 0ul, 0ul, 0ul>, 0>::write(hls::axis<ap_uint<32>, 0ul, 0ul, 0ul> const&)' (C:/Xilinx/Vitis_HLS/2022.2/common/technology/autopilot\ap_axi_sdata.h:259:24)
INFO: [HLS 214-131] Inlining function 'hls::stream<hls::axis<ap_uint<32>, 0ul, 0ul, 0ul>, 0>::write(hls::axis<ap_uint<32>, 0ul, 0ul, 0ul> const&)' into 'dense_layer(hls::stream<ap_fixed<8, 4, (ap_q_mode)0, (ap_o_mode)0, 0>, 0>&, hls::stream<hls::axis<ap_uint<32>, 0ul, 0ul, 0ul>, 0>&, signed char const (*) [1024], signed char const*)' (vgg_accelerator.cpp:166:20)
INFO: [HLS 214-131] Inlining function 'af_range_ref<8, 4, true, (ap_q_mode)0, (ap_o_mode)0, 0>::operator unsigned long long() const' into 'dense_layer(hls::stream<ap_fixed<8, 4, (ap_q_mode)0, (ap_o_mode)0, 0>, 0>&, hls::stream<hls::axis<ap_uint<32>, 0ul, 0ul, 0ul>, 0>&, signed char const (*) [1024], signed char const*)' (vgg_accelerator.cpp:162:35)
INFO: [HLS 214-131] Inlining function 'ap_fixed_base<8, 4, true, (ap_q_mode)0, (ap_o_mode)0, 0>::range(int, int)' into 'dense_layer(hls::stream<ap_fixed<8, 4, (ap_q_mode)0, (ap_o_mode)0, 0>, 0>&, hls::stream<hls::axis<ap_uint<32>, 0ul, 0ul, 0ul>, 0>&, signed char const (*) [1024], signed char const*)' (vgg_accelerator.cpp:162:45)
INFO: [HLS 214-131] Inlining function 'ap_fixed_base<32, 16, true, (ap_q_mode)0, (ap_o_mode)0, 0>& ap_fixed_base<32, 16, true, (ap_q_mode)0, (ap_o_mode)0, 0>::operator+=<16, 8, true, (ap_q_mode)5, (ap_o_mode)3, 0>(ap_fixed_base<16, 8, true, (ap_q_mode)5, (ap_o_mode)3, 0> const&)' into 'dense_layer(hls::stream<ap_fixed<8, 4, (ap_q_mode)0, (ap_o_mode)0, 0>, 0>&, hls::stream<hls::axis<ap_uint<32>, 0ul, 0ul, 0ul>, 0>&, signed char const (*) [1024], signed char const*)' (vgg_accelerator.cpp:157:17)
INFO: [HLS 214-131] Inlining function 'ap_fixed_base<8, 4, true, (ap_q_mode)0, (ap_o_mode)0, 0>::RType<8, 4, true>::mult ap_fixed_base<8, 4, true, (ap_q_mode)0, (ap_o_mode)0, 0>::operator*<8, 4, true, (ap_q_mode)0, (ap_o_mode)0, 0>(ap_fixed_base<8, 4, true, (ap_q_mode)0, (ap_o_mode)0, 0> const&) const' into 'dense_layer(hls::stream<ap_fixed<8, 4, (ap_q_mode)0, (ap_o_mode)0, 0>, 0>&, hls::stream<hls::axis<ap_uint<32>, 0ul, 0ul, 0ul>, 0>&, signed char const (*) [1024], signed char const*)' (vgg_accelerator.cpp:157:32)
INFO: [HLS 214-291] Loop 'VITIS_LOOP_114_3' is marked as complete unroll implied by the pipeline pragma (vgg_accelerator.cpp:114:20)
INFO: [HLS 214-291] Loop 'VITIS_LOOP_83_9' is marked as complete unroll implied by the pipeline pragma (vgg_accelerator.cpp:83:19)
INFO: [HLS 214-291] Loop 'VITIS_LOOP_84_10' is marked as complete unroll implied by the pipeline pragma (vgg_accelerator.cpp:84:47)
INFO: [HLS 214-186] Unrolling loop 'VITIS_LOOP_114_3' (vgg_accelerator.cpp:114:20) in function 'max_pool<64, 8>' completely with a factor of 64 (vgg_accelerator.cpp:104:0)
INFO: [HLS 214-186] Unrolling loop 'VITIS_LOOP_83_9' (vgg_accelerator.cpp:83:19) in function 'layer_block<32, 64, 8>' completely with a factor of 3 (vgg_accelerator.cpp:23:0)
INFO: [HLS 214-186] Unrolling loop 'VITIS_LOOP_84_10' (vgg_accelerator.cpp:84:47) in function 'layer_block<32, 64, 8>' completely with a factor of 3 (vgg_accelerator.cpp:23:0)
INFO: [HLS 214-186] Unrolling loop 'VITIS_LOOP_114_3' (vgg_accelerator.cpp:114:20) in function 'max_pool<32, 16>' completely with a factor of 32 (vgg_accelerator.cpp:104:0)
INFO: [HLS 214-186] Unrolling loop 'VITIS_LOOP_83_9' (vgg_accelerator.cpp:83:19) in function 'layer_block<16, 32, 16>' completely with a factor of 3 (vgg_accelerator.cpp:23:0)
INFO: [HLS 214-186] Unrolling loop 'VITIS_LOOP_84_10' (vgg_accelerator.cpp:84:47) in function 'layer_block<16, 32, 16>' completely with a factor of 3 (vgg_accelerator.cpp:23:0)
INFO: [HLS 214-186] Unrolling loop 'VITIS_LOOP_114_3' (vgg_accelerator.cpp:114:20) in function 'max_pool<16, 32>' completely with a factor of 16 (vgg_accelerator.cpp:104:0)
INFO: [HLS 214-186] Unrolling loop 'VITIS_LOOP_83_9' (vgg_accelerator.cpp:83:19) in function 'layer_block<1, 16, 32>' completely with a factor of 3 (vgg_accelerator.cpp:23:0)
INFO: [HLS 214-186] Unrolling loop 'VITIS_LOOP_84_10' (vgg_accelerator.cpp:84:47) in function 'layer_block<1, 16, 32>' completely with a factor of 3 (vgg_accelerator.cpp:23:0)
INFO: [HLS 214-178] Inlining function 'raw_to_fixed(signed char)' into 'void layer_block<1, 16, 32>(hls::stream<ap_fixed<8, 4, (ap_q_mode)0, (ap_o_mode)0, 0>, 0>&, hls::stream<ap_fixed<8, 4, (ap_q_mode)0, (ap_o_mode)0, 0>, 0>&, signed char const (*) [1][3][3], signed char const*)' (vgg_accelerator.cpp:23:0)
INFO: [HLS 214-178] Inlining function 'raw_to_fixed(signed char)' into 'void layer_block<16, 32, 16>(hls::stream<ap_fixed<8, 4, (ap_q_mode)0, (ap_o_mode)0, 0>, 0>&, hls::stream<ap_fixed<8, 4, (ap_q_mode)0, (ap_o_mode)0, 0>, 0>&, signed char const (*) [16][3][3], signed char const*)' (vgg_accelerator.cpp:23:0)
INFO: [HLS 214-178] Inlining function 'raw_to_fixed(signed char)' into 'void layer_block<32, 64, 8>(hls::stream<ap_fixed<8, 4, (ap_q_mode)0, (ap_o_mode)0, 0>, 0>&, hls::stream<ap_fixed<8, 4, (ap_q_mode)0, (ap_o_mode)0, 0>, 0>&, signed char const (*) [32][3][3], signed char const*)' (vgg_accelerator.cpp:23:0)
INFO: [HLS 214-178] Inlining function 'raw_to_fixed(signed char)' into 'dense_layer(hls::stream<ap_fixed<8, 4, (ap_q_mode)0, (ap_o_mode)0, 0>, 0>&, hls::stream<hls::axis<ap_uint<32>, 0ul, 0ul, 0ul>, 0>&, signed char const (*) [1024], signed char const*)' (vgg_accelerator.cpp:140:0)
WARNING: [HLS 214-167] The program may have out of bound array access (vgg_accelerator.cpp:85:55)
INFO: [HLS 214-248] Applying array_partition to '_ZZ8max_poolILi64ELi8EEvRN3hls6streamI8ap_fixedILi8ELi4EL9ap_q_mode0EL9ap_o_mode0ELi0EELi0EEES7_E9pool_buff': Complete partitioning on dimension 1. (vgg_accelerator.cpp:105:0)
INFO: [HLS 214-248] Applying array_partition to '_ZZ11layer_blockILi32ELi64ELi8EEvRN3hls6streamI8ap_fixedILi8ELi4EL9ap_q_mode0EL9ap_o_mode0ELi0EELi0EEES7_PAT__A3_A3_KaPS8_E9line_buff': Complete partitioning on dimension 2. (vgg_accelerator.cpp:25:0)
INFO: [HLS 214-248] Applying array_partition to '_ZZ8max_poolILi32ELi16EEvRN3hls6streamI8ap_fixedILi8ELi4EL9ap_q_mode0EL9ap_o_mode0ELi0EELi0EEES7_E9pool_buff': Complete partitioning on dimension 1. (vgg_accelerator.cpp:105:0)
INFO: [HLS 214-248] Applying array_partition to '_ZZ11layer_blockILi16ELi32ELi16EEvRN3hls6streamI8ap_fixedILi8ELi4EL9ap_q_mode0EL9ap_o_mode0ELi0EELi0EEES7_PAT__A3_A3_KaPS8_E9line_buff': Complete partitioning on dimension 2. (vgg_accelerator.cpp:25:0)
INFO: [HLS 214-248] Applying array_partition to '_ZZ8max_poolILi16ELi32EEvRN3hls6streamI8ap_fixedILi8ELi4EL9ap_q_mode0EL9ap_o_mode0ELi0EELi0EEES7_E9pool_buff': Complete partitioning on dimension 1. (vgg_accelerator.cpp:105:0)
INFO: [HLS 214-248] Applying array_partition to '_ZZ11layer_blockILi1ELi16ELi32EEvRN3hls6streamI8ap_fixedILi8ELi4EL9ap_q_mode0EL9ap_o_mode0ELi0EELi0EEES7_PAT__A3_A3_KaPS8_E9line_buff': Complete partitioning on dimension 2. (vgg_accelerator.cpp:25:0)
INFO: [HLS 214-248] Applying array_partition to 'window': Complete partitioning on dimension 1. Complete partitioning on dimension 2. Complete partitioning on dimension 3. (vgg_accelerator.cpp:28:7)
INFO: [HLS 214-364] Automatically inlining function 'max_val(ap_fixed<8, 4, (ap_q_mode)0, (ap_o_mode)0, 0>, ap_fixed<8, 4, (ap_q_mode)0, (ap_o_mode)0, 0>)' to improve effectiveness of pipeline pragma in function 'void max_pool<16, 32>(hls::stream<ap_fixed<8, 4, (ap_q_mode)0, (ap_o_mode)0, 0>, 0>&, hls::stream<ap_fixed<8, 4, (ap_q_mode)0, (ap_o_mode)0, 0>, 0>&)' (vgg_accelerator.cpp:126:34)
INFO: [HLS 214-364] Automatically inlining function 'max_val(ap_fixed<8, 4, (ap_q_mode)0, (ap_o_mode)0, 0>, ap_fixed<8, 4, (ap_q_mode)0, (ap_o_mode)0, 0>)' to improve effectiveness of pipeline pragma in function 'void max_pool<16, 32>(hls::stream<ap_fixed<8, 4, (ap_q_mode)0, (ap_o_mode)0, 0>, 0>&, hls::stream<ap_fixed<8, 4, (ap_q_mode)0, (ap_o_mode)0, 0>, 0>&)' (vgg_accelerator.cpp:127:34)
INFO: [HLS 214-364] Automatically inlining function 'max_val(ap_fixed<8, 4, (ap_q_mode)0, (ap_o_mode)0, 0>, ap_fixed<8, 4, (ap_q_mode)0, (ap_o_mode)0, 0>)' to improve effectiveness of pipeline pragma in function 'void max_pool<16, 32>(hls::stream<ap_fixed<8, 4, (ap_q_mode)0, (ap_o_mode)0, 0>, 0>&, hls::stream<ap_fixed<8, 4, (ap_q_mode)0, (ap_o_mode)0, 0>, 0>&)' (vgg_accelerator.cpp:128:38)
INFO: [HLS 214-364] Automatically inlining function 'max_val(ap_fixed<8, 4, (ap_q_mode)0, (ap_o_mode)0, 0>, ap_fixed<8, 4, (ap_q_mode)0, (ap_o_mode)0, 0>)' to improve effectiveness of pipeline pragma in function 'void max_pool<32, 16>(hls::stream<ap_fixed<8, 4, (ap_q_mode)0, (ap_o_mode)0, 0>, 0>&, hls::stream<ap_fixed<8, 4, (ap_q_mode)0, (ap_o_mode)0, 0>, 0>&)' (vgg_accelerator.cpp:126:34)
INFO: [HLS 214-364] Automatically inlining function 'max_val(ap_fixed<8, 4, (ap_q_mode)0, (ap_o_mode)0, 0>, ap_fixed<8, 4, (ap_q_mode)0, (ap_o_mode)0, 0>)' to improve effectiveness of pipeline pragma in function 'void max_pool<32, 16>(hls::stream<ap_fixed<8, 4, (ap_q_mode)0, (ap_o_mode)0, 0>, 0>&, hls::stream<ap_fixed<8, 4, (ap_q_mode)0, (ap_o_mode)0, 0>, 0>&)' (vgg_accelerator.cpp:127:34)
INFO: [HLS 214-364] Automatically inlining function 'max_val(ap_fixed<8, 4, (ap_q_mode)0, (ap_o_mode)0, 0>, ap_fixed<8, 4, (ap_q_mode)0, (ap_o_mode)0, 0>)' to improve effectiveness of pipeline pragma in function 'void max_pool<32, 16>(hls::stream<ap_fixed<8, 4, (ap_q_mode)0, (ap_o_mode)0, 0>, 0>&, hls::stream<ap_fixed<8, 4, (ap_q_mode)0, (ap_o_mode)0, 0>, 0>&)' (vgg_accelerator.cpp:128:38)
INFO: [HLS 214-364] Automatically inlining function 'max_val(ap_fixed<8, 4, (ap_q_mode)0, (ap_o_mode)0, 0>, ap_fixed<8, 4, (ap_q_mode)0, (ap_o_mode)0, 0>)' to improve effectiveness of pipeline pragma in function 'void max_pool<64, 8>(hls::stream<ap_fixed<8, 4, (ap_q_mode)0, (ap_o_mode)0, 0>, 0>&, hls::stream<ap_fixed<8, 4, (ap_q_mode)0, (ap_o_mode)0, 0>, 0>&)' (vgg_accelerator.cpp:126:34)
INFO: [HLS 214-364] Automatically inlining function 'max_val(ap_fixed<8, 4, (ap_q_mode)0, (ap_o_mode)0, 0>, ap_fixed<8, 4, (ap_q_mode)0, (ap_o_mode)0, 0>)' to improve effectiveness of pipeline pragma in function 'void max_pool<64, 8>(hls::stream<ap_fixed<8, 4, (ap_q_mode)0, (ap_o_mode)0, 0>, 0>&, hls::stream<ap_fixed<8, 4, (ap_q_mode)0, (ap_o_mode)0, 0>, 0>&)' (vgg_accelerator.cpp:127:34)
INFO: [HLS 214-364] Automatically inlining function 'max_val(ap_fixed<8, 4, (ap_q_mode)0, (ap_o_mode)0, 0>, ap_fixed<8, 4, (ap_q_mode)0, (ap_o_mode)0, 0>)' to improve effectiveness of pipeline pragma in function 'void max_pool<64, 8>(hls::stream<ap_fixed<8, 4, (ap_q_mode)0, (ap_o_mode)0, 0>, 0>&, hls::stream<ap_fixed<8, 4, (ap_q_mode)0, (ap_o_mode)0, 0>, 0>&)' (vgg_accelerator.cpp:128:38)
INFO: [HLS 200-111] Finished Compiling Optimization and Transform: CPU user time: 3 seconds. CPU system time: 1 seconds. Elapsed time: 19.933 seconds; current allocated memory: 130.758 MB.
INFO: [HLS 200-111] Finished Checking Pragmas: CPU user time: 0 seconds. CPU system time: 0 seconds. Elapsed time: 0.002 seconds; current allocated memory: 130.852 MB.
INFO: [HLS 200-10] Starting code transformations ...
INFO: [HLS 200-111] Finished Standard Transforms: CPU user time: 1 seconds. CPU system time: 0 seconds. Elapsed time: 1.655 seconds; current allocated memory: 164.402 MB.
INFO: [HLS 200-10] Checking synthesizability ...
INFO: [HLS 200-111] Finished Checking Synthesizability: CPU user time: 1 seconds. CPU system time: 0 seconds. Elapsed time: 1.012 seconds; current allocated memory: 195.516 MB.
INFO: [XFORM 203-510] Pipelining loop 'VITIS_LOOP_34_3' (vgg_accelerator.cpp:34) in function 'layer_block<32, 64, 8>' automatically.
INFO: [XFORM 203-510] Pipelining loop 'VITIS_LOOP_34_3' (vgg_accelerator.cpp:34) in function 'layer_block<16, 32, 16>' automatically.
INFO: [XFORM 203-510] Pipelining loop 'VITIS_LOOP_34_3' (vgg_accelerator.cpp:34) in function 'layer_block<1, 16, 32>' automatically.
INFO: [XFORM 203-510] Pipelining loop 'VITIS_LOOP_39_5' (vgg_accelerator.cpp:39) in function 'layer_block<1, 16, 32>' automatically.
INFO: [XFORM 203-502] Unrolling all sub-loops inside loop 'VITIS_LOOP_39_5' (vgg_accelerator.cpp:39) in function 'layer_block<1, 16, 32>' for pipelining.
INFO: [HLS 200-489] Unrolling loop 'VITIS_LOOP_72_7' (vgg_accelerator.cpp:72) in function 'layer_block<1, 16, 32>' completely with a factor of 16.
INFO: [XFORM 203-102] Partitioning array 'void layer_block<1, 16, 32>(stream<ap_fixed<8, 4, 0, 0, 0>, 0>&, stream<ap_fixed<8, 4, 0, 0, 0>, 0>&, signed char const (*) [1][3][3], signed char const*)line_buff.30' in dimension 1 automatically.
INFO: [XFORM 203-102] Partitioning array 'void layer_block<1, 16, 32>(stream<ap_fixed<8, 4, 0, 0, 0>, 0>&, stream<ap_fixed<8, 4, 0, 0, 0>, 0>&, signed char const (*) [1][3][3], signed char const*)line_buff' in dimension 1 automatically.
INFO: [XFORM 203-712] Applying dataflow to function 'vgg_accelerator' (vgg_accelerator.cpp:182:1), detected/extracted 8 process function(s): 
	 'input_adapter'
	 'layer_block<1, 16, 32>'
	 'max_pool<16, 32>'
	 'layer_block<16, 32, 16>'
	 'max_pool<32, 16>'
	 'layer_block<32, 64, 8>'
	 'max_pool<64, 8>'
	 'dense_layer'.
INFO: [XFORM 203-401] Performing if-conversion on hyperblock from (vgg_accelerator.cpp:150:45) to (vgg_accelerator.cpp:147:23) in function 'dense_layer'... converting 3 basic blocks.
INFO: [HLS 200-111] Finished Loop, function and other optimizations: CPU user time: 4 seconds. CPU system time: 0 seconds. Elapsed time: 4.752 seconds; current allocated memory: 254.531 MB.
INFO: [XFORM 203-541] Flattening a loop nest 'VITIS_LOOP_111_1' (vgg_accelerator.cpp:111:29) in function 'max_pool<64, 8>'.
INFO: [XFORM 203-541] Flattening a loop nest 'VITIS_LOOP_111_1' (vgg_accelerator.cpp:111:29) in function 'max_pool<32, 16>'.
INFO: [XFORM 203-541] Flattening a loop nest 'VITIS_LOOP_111_1' (vgg_accelerator.cpp:111:29) in function 'max_pool<16, 32>'.
INFO: [XFORM 203-541] Flattening a loop nest 'VITIS_LOOP_33_2' (vgg_accelerator.cpp:33:34) in function 'layer_block<32, 64, 8>'.
INFO: [XFORM 203-541] Flattening a loop nest 'VITIS_LOOP_32_1' (vgg_accelerator.cpp:32:27) in function 'layer_block<32, 64, 8>'.
WARNING: [HLS 200-960] Cannot flatten loop 'VITIS_LOOP_72_7' (vgg_accelerator.cpp:72:43) in function 'layer_block<32, 64, 8>' the outer loop is not a perfect loop.
WARNING: [HLS 200-960] Cannot flatten loop 'VITIS_LOOP_39_5' (vgg_accelerator.cpp:39:35) in function 'layer_block<32, 64, 8>' more than one sub loop.
INFO: [XFORM 203-541] Flattening a loop nest 'VITIS_LOOP_38_4' (vgg_accelerator.cpp:38:31) in function 'layer_block<32, 64, 8>'.
INFO: [XFORM 203-541] Flattening a loop nest 'VITIS_LOOP_33_2' (vgg_accelerator.cpp:33:34) in function 'layer_block<16, 32, 16>'.
INFO: [XFORM 203-541] Flattening a loop nest 'VITIS_LOOP_32_1' (vgg_accelerator.cpp:32:27) in function 'layer_block<16, 32, 16>'.
WARNING: [HLS 200-960] Cannot flatten loop 'VITIS_LOOP_72_7' (vgg_accelerator.cpp:72:43) in function 'layer_block<16, 32, 16>' the outer loop is not a perfect loop.
WARNING: [HLS 200-960] Cannot flatten loop 'VITIS_LOOP_39_5' (vgg_accelerator.cpp:39:35) in function 'layer_block<16, 32, 16>' more than one sub loop.
INFO: [XFORM 203-541] Flattening a loop nest 'VITIS_LOOP_38_4' (vgg_accelerator.cpp:38:31) in function 'layer_block<16, 32, 16>'.
INFO: [XFORM 203-541] Flattening a loop nest 'VITIS_LOOP_33_2' (vgg_accelerator.cpp:33:34) in function 'layer_block<1, 16, 32>'.
INFO: [XFORM 203-541] Flattening a loop nest 'VITIS_LOOP_38_4' (vgg_accelerator.cpp:38:31) in function 'layer_block<1, 16, 32>'.
WARNING: [HLS 200-960] Cannot flatten loop 'VITIS_LOOP_147_2' (vgg_accelerator.cpp:147:32) in function 'dense_layer' the outer loop is not a perfect loop.
INFO: [HLS 200-472] Inferring partial write operation for 'void max_pool(stream&,stream<ap_fixed<8,4,0,0,0>,0>&)pool_buff.8' (vgg_accelerator.cpp:121:34)
INFO: [HLS 200-472] Inferring partial write operation for 'void max_pool(stream&,stream<ap_fixed<8,4,0,0,0>,0>&)pool_buff.18' (vgg_accelerator.cpp:121:34)
INFO: [HLS 200-472] Inferring partial write operation for 'void max_pool(stream&,stream<ap_fixed<8,4,0,0,0>,0>&)pool_buff.28' (vgg_accelerator.cpp:121:34)
INFO: [HLS 200-472] Inferring partial write operation for 'void layer_block(stream&,stream&,signed char const (*)[32][3][3],signed char con.1' (vgg_accelerator.cpp:35:36)
INFO: [HLS 200-472] Inferring partial write operation for 'void layer_block(stream&,stream&,signed char const (*)[32][3][3],signed char con.1' (vgg_accelerator.cpp:60:37)
INFO: [HLS 200-472] Inferring partial write operation for 'void layer_block(stream&,stream&,signed char const (*)[32][3][3],signed char con' (vgg_accelerator.cpp:61:37)
INFO: [HLS 200-472] Inferring partial write operation for 'void layer_block(stream&,stream&,signed char const (*)[16][3][3],signed char con.1' (vgg_accelerator.cpp:35:36)
INFO: [HLS 200-472] Inferring partial write operation for 'void layer_block(stream&,stream&,signed char const (*)[16][3][3],signed char con.1' (vgg_accelerator.cpp:60:37)
INFO: [HLS 200-472] Inferring partial write operation for 'void layer_block(stream&,stream&,signed char const (*)[16][3][3],signed char con' (vgg_accelerator.cpp:61:37)
INFO: [HLS 200-472] Inferring partial write operation for 'void layer_block(stream&,stream&,signed char const (*)[1][3][3],signed char cons.1' (vgg_accelerator.cpp:35:36)
INFO: [HLS 200-472] Inferring partial write operation for 'void layer_block(stream&,stream&,signed char const (*)[1][3][3],signed char cons.1' (vgg_accelerator.cpp:60:37)
INFO: [HLS 200-472] Inferring partial write operation for 'void layer_block(stream&,stream&,signed char const (*)[1][3][3],signed char cons' (vgg_accelerator.cpp:61:37)
INFO: [HLS 200-472] Inferring partial write operation for 'flat_img.V' (vgg_accelerator.cpp:144:14)
INFO: [HLS 200-111] Finished Architecture Synthesis: CPU user time: 3 seconds. CPU system time: 0 seconds. Elapsed time: 3.239 seconds; current allocated memory: 461.207 MB.
INFO: [HLS 200-10] Starting hardware synthesis ...
INFO: [HLS 200-10] Synthesizing 'vgg_accelerator' ...
WARNING: [SYN 201-103] Legalizing function name 'layer_block<1, 16, 32>_Pipeline_VITIS_LOOP_33_2_VITIS_LOOP_34_3' to 'layer_block_1_16_32_Pipeline_VITIS_LOOP_33_2_VITIS_LOOP_34_3'.
WARNING: [SYN 201-103] Legalizing function name 'layer_block<1, 16, 32>_Pipeline_VITIS_LOOP_38_4_VITIS_LOOP_39_5' to 'layer_block_1_16_32_Pipeline_VITIS_LOOP_38_4_VITIS_LOOP_39_5'.
WARNING: [SYN 201-103] Legalizing function name 'layer_block<1, 16, 32>' to 'layer_block_1_16_32_s'.
WARNING: [SYN 201-103] Legalizing function name 'max_pool<16, 32>' to 'max_pool_16_32_s'.
WARNING: [SYN 201-103] Legalizing function name 'layer_block<16, 32, 16>_Pipeline_VITIS_LOOP_32_1_VITIS_LOOP_33_2_VITIS_LOOP_34_3' to 'layer_block_16_32_16_Pipeline_VITIS_LOOP_32_1_VITIS_LOOP_33_2_VITIS_LOOP_34_3'.
WARNING: [SYN 201-103] Legalizing function name 'layer_block<16, 32, 16>_Pipeline_VITIS_LOOP_43_6' to 'layer_block_16_32_16_Pipeline_VITIS_LOOP_43_6'.
WARNING: [SYN 201-103] Legalizing function name 'layer_block<16, 32, 16>_Pipeline_VITIS_LOOP_79_8' to 'layer_block_16_32_16_Pipeline_VITIS_LOOP_79_8'.
WARNING: [SYN 201-103] Legalizing function name 'layer_block<16, 32, 16>' to 'layer_block_16_32_16_s'.
WARNING: [SYN 201-103] Legalizing function name 'max_pool<32, 16>' to 'max_pool_32_16_s'.
WARNING: [SYN 201-103] Legalizing function name 'layer_block<32, 64, 8>_Pipeline_VITIS_LOOP_32_1_VITIS_LOOP_33_2_VITIS_LOOP_34_3' to 'layer_block_32_64_8_Pipeline_VITIS_LOOP_32_1_VITIS_LOOP_33_2_VITIS_LOOP_34_3'.
WARNING: [SYN 201-103] Legalizing function name 'layer_block<32, 64, 8>_Pipeline_VITIS_LOOP_43_6' to 'layer_block_32_64_8_Pipeline_VITIS_LOOP_43_6'.
WARNING: [SYN 201-103] Legalizing function name 'layer_block<32, 64, 8>_Pipeline_VITIS_LOOP_79_8' to 'layer_block_32_64_8_Pipeline_VITIS_LOOP_79_8'.
WARNING: [SYN 201-103] Legalizing function name 'layer_block<32, 64, 8>' to 'layer_block_32_64_8_s'.
WARNING: [SYN 201-103] Legalizing function name 'max_pool<64, 8>' to 'max_pool_64_8_s'.
INFO: [HLS 200-10] ----------------------------------------------------------------
INFO: [HLS 200-42] -- Implementing module 'input_adapter' 
INFO: [HLS 200-10] ----------------------------------------------------------------
INFO: [SCHED 204-11] Starting scheduling ...
INFO: [SCHED 204-61] Pipelining loop 'VITIS_LOOP_171_1'.
INFO: [HLS 200-1470] Pipelining result : Target II = 1, Final II = 1, Depth = 2, loop 'VITIS_LOOP_171_1'
INFO: [SCHED 204-11] Finished scheduling.
INFO: [HLS 200-111] Finished Scheduling: CPU user time: 1 seconds. CPU system time: 0 seconds. Elapsed time: 2.658 seconds; current allocated memory: 469.133 MB.
INFO: [BIND 205-100] Starting micro-architecture generation ...
INFO: [BIND 205-101] Performing variable lifetime analysis.
INFO: [BIND 205-101] Exploring resource sharing.
INFO: [BIND 205-101] Binding ...
INFO: [BIND 205-100] Finished micro-architecture generation.
INFO: [HLS 200-111] Finished Binding: CPU user time: 0 seconds. CPU system time: 0 seconds. Elapsed time: 0.228 seconds; current allocated memory: 470.332 MB.
INFO: [HLS 200-10] ----------------------------------------------------------------
INFO: [HLS 200-42] -- Implementing module 'layer_block_1_16_32_Pipeline_VITIS_LOOP_33_2_VITIS_LOOP_34_3' 
INFO: [HLS 200-10] ----------------------------------------------------------------
INFO: [SCHED 204-11] Starting scheduling ...
INFO: [SCHED 204-61] Pipelining loop 'VITIS_LOOP_33_2_VITIS_LOOP_34_3'.
INFO: [HLS 200-1470] Pipelining result : Target II = NA, Final II = 1, Depth = 1, loop 'VITIS_LOOP_33_2_VITIS_LOOP_34_3'
INFO: [SCHED 204-11] Finished scheduling.
INFO: [HLS 200-111] Finished Scheduling: CPU user time: 1 seconds. CPU system time: 0 seconds. Elapsed time: 0.284 seconds; current allocated memory: 470.766 MB.
INFO: [BIND 205-100] Starting micro-architecture generation ...
INFO: [BIND 205-101] Performing variable lifetime analysis.
INFO: [BIND 205-101] Exploring resource sharing.
INFO: [BIND 205-101] Binding ...
INFO: [BIND 205-100] Finished micro-architecture generation.
INFO: [HLS 200-111] Finished Binding: CPU user time: 0 seconds. CPU system time: 0 seconds. Elapsed time: 0.19 seconds; current allocated memory: 470.852 MB.
INFO: [HLS 200-10] ----------------------------------------------------------------
INFO: [HLS 200-42] -- Implementing module 'layer_block_1_16_32_Pipeline_VITIS_LOOP_38_4_VITIS_LOOP_39_5' 
INFO: [HLS 200-10] ----------------------------------------------------------------
INFO: [SCHED 204-11] Starting scheduling ...
INFO: [SCHED 204-61] Pipelining loop 'VITIS_LOOP_38_4_VITIS_LOOP_39_5'.
WARNING: [HLS 200-880] The II Violation in module 'layer_block_1_16_32_Pipeline_VITIS_LOOP_38_4_VITIS_LOOP_39_5' (loop 'VITIS_LOOP_38_4_VITIS_LOOP_39_5'): Unable to enforce a carried dependence constraint (II = 1, distance = 1, offset = 1) between fifo write operation ('s_conv1_write_ln93', vgg_accelerator.cpp:93) on port 's_conv1' (vgg_accelerator.cpp:93) and fifo write operation ('s_conv1_write_ln93', vgg_accelerator.cpp:93) on port 's_conv1' (vgg_accelerator.cpp:93).
WARNING: [HLS 200-880] The II Violation in module 'layer_block_1_16_32_Pipeline_VITIS_LOOP_38_4_VITIS_LOOP_39_5' (loop 'VITIS_LOOP_38_4_VITIS_LOOP_39_5'): Unable to enforce a carried dependence constraint (II = 2, distance = 1, offset = 1) between fifo write operation ('s_conv1_write_ln93', vgg_accelerator.cpp:93) on port 's_conv1' (vgg_accelerator.cpp:93) and fifo write operation ('s_conv1_write_ln93', vgg_accelerator.cpp:93) on port 's_conv1' (vgg_accelerator.cpp:93).
WARNING: [HLS 200-880] The II Violation in module 'layer_block_1_16_32_Pipeline_VITIS_LOOP_38_4_VITIS_LOOP_39_5' (loop 'VITIS_LOOP_38_4_VITIS_LOOP_39_5'): Unable to enforce a carried dependence constraint (II = 3, distance = 1, offset = 1) between fifo write operation ('s_conv1_write_ln93', vgg_accelerator.cpp:93) on port 's_conv1' (vgg_accelerator.cpp:93) and fifo write operation ('s_conv1_write_ln93', vgg_accelerator.cpp:93) on port 's_conv1' (vgg_accelerator.cpp:93).
WARNING: [HLS 200-880] The II Violation in module 'layer_block_1_16_32_Pipeline_VITIS_LOOP_38_4_VITIS_LOOP_39_5' (loop 'VITIS_LOOP_38_4_VITIS_LOOP_39_5'): Unable to enforce a carried dependence constraint (II = 4, distance = 1, offset = 1) between fifo write operation ('s_conv1_write_ln93', vgg_accelerator.cpp:93) on port 's_conv1' (vgg_accelerator.cpp:93) and fifo write operation ('s_conv1_write_ln93', vgg_accelerator.cpp:93) on port 's_conv1' (vgg_accelerator.cpp:93).
WARNING: [HLS 200-880] The II Violation in module 'layer_block_1_16_32_Pipeline_VITIS_LOOP_38_4_VITIS_LOOP_39_5' (loop 'VITIS_LOOP_38_4_VITIS_LOOP_39_5'): Unable to enforce a carried dependence constraint (II = 11, distance = 1, offset = 1) between fifo write operation ('s_conv1_write_ln93', vgg_accelerator.cpp:93) on port 's_conv1' (vgg_accelerator.cpp:93) and fifo write operation ('s_conv1_write_ln93', vgg_accelerator.cpp:93) on port 's_conv1' (vgg_accelerator.cpp:93).
WARNING: [HLS 200-880] The II Violation in module 'layer_block_1_16_32_Pipeline_VITIS_LOOP_38_4_VITIS_LOOP_39_5' (loop 'VITIS_LOOP_38_4_VITIS_LOOP_39_5'): Unable to enforce a carried dependence constraint (II = 15, distance = 1, offset = 1) between fifo write operation ('s_conv1_write_ln93', vgg_accelerator.cpp:93) on port 's_conv1' (vgg_accelerator.cpp:93) and fifo write operation ('s_conv1_write_ln93', vgg_accelerator.cpp:93) on port 's_conv1' (vgg_accelerator.cpp:93).
INFO: [HLS 200-1470] Pipelining result : Target II = NA, Final II = 16, Depth = 19, loop 'VITIS_LOOP_38_4_VITIS_LOOP_39_5'
INFO: [SCHED 204-11] Finished scheduling.
INFO: [HLS 200-111] Finished Scheduling: CPU user time: 1 seconds. CPU system time: 0 seconds. Elapsed time: 1.675 seconds; current allocated memory: 488.641 MB.
INFO: [BIND 205-100] Starting micro-architecture generation ...
INFO: [BIND 205-101] Performing variable lifetime analysis.
INFO: [BIND 205-101] Exploring resource sharing.
INFO: [BIND 205-101] Binding ...
INFO: [BIND 205-100] Finished micro-architecture generation.
INFO: [HLS 200-111] Finished Binding: CPU user time: 1 seconds. CPU system time: 0 seconds. Elapsed time: 1.346 seconds; current allocated memory: 488.965 MB.
INFO: [HLS 200-10] ----------------------------------------------------------------
INFO: [HLS 200-42] -- Implementing module 'layer_block_1_16_32_s' 
INFO: [HLS 200-10] ----------------------------------------------------------------
INFO: [SCHED 204-11] Starting scheduling ...
INFO: [SCHED 204-11] Finished scheduling.
INFO: [HLS 200-111] Finished Scheduling: CPU user time: 2 seconds. CPU system time: 0 seconds. Elapsed time: 2.355 seconds; current allocated memory: 488.965 MB.
INFO: [BIND 205-100] Starting micro-architecture generation ...
INFO: [BIND 205-101] Performing variable lifetime analysis.
INFO: [BIND 205-101] Exploring resource sharing.
INFO: [BIND 205-101] Binding ...
INFO: [BIND 205-100] Finished micro-architecture generation.
INFO: [HLS 200-111] Finished Binding: CPU user time: 1 seconds. CPU system time: 0 seconds. Elapsed time: 0.8 seconds; current allocated memory: 488.965 MB.
INFO: [HLS 200-10] ----------------------------------------------------------------
INFO: [HLS 200-42] -- Implementing module 'max_pool_16_32_s' 
INFO: [HLS 200-10] ----------------------------------------------------------------
INFO: [SCHED 204-11] Starting scheduling ...
INFO: [SCHED 204-61] Pipelining loop 'VITIS_LOOP_111_1_VITIS_LOOP_112_2'.
WARNING: [HLS 200-880] The II Violation in module 'max_pool_16_32_s' (loop 'VITIS_LOOP_111_1_VITIS_LOOP_112_2'): Unable to enforce a carried dependence constraint (II = 1, distance = 1, offset = 1) between fifo read operation ('s_conv1_read_15', vgg_accelerator.cpp:115) on port 's_conv1' (vgg_accelerator.cpp:115) and fifo read operation ('val_in', vgg_accelerator.cpp:115) on port 's_conv1' (vgg_accelerator.cpp:115).
WARNING: [HLS 200-880] The II Violation in module 'max_pool_16_32_s' (loop 'VITIS_LOOP_111_1_VITIS_LOOP_112_2'): Unable to enforce a carried dependence constraint (II = 2, distance = 1, offset = 1) between fifo read operation ('s_conv1_read_16', vgg_accelerator.cpp:115) on port 's_conv1' (vgg_accelerator.cpp:115) and fifo read operation ('val_in', vgg_accelerator.cpp:115) on port 's_conv1' (vgg_accelerator.cpp:115).
WARNING: [HLS 200-880] The II Violation in module 'max_pool_16_32_s' (loop 'VITIS_LOOP_111_1_VITIS_LOOP_112_2'): Unable to enforce a carried dependence constraint (II = 3, distance = 1, offset = 1) between fifo read operation ('s_conv1_read_17', vgg_accelerator.cpp:115) on port 's_conv1' (vgg_accelerator.cpp:115) and fifo read operation ('val_in', vgg_accelerator.cpp:115) on port 's_conv1' (vgg_accelerator.cpp:115).
WARNING: [HLS 200-880] The II Violation in module 'max_pool_16_32_s' (loop 'VITIS_LOOP_111_1_VITIS_LOOP_112_2'): Unable to enforce a carried dependence constraint (II = 4, distance = 1, offset = 1) between fifo read operation ('s_conv1_read_18', vgg_accelerator.cpp:115) on port 's_conv1' (vgg_accelerator.cpp:115) and fifo read operation ('val_in', vgg_accelerator.cpp:115) on port 's_conv1' (vgg_accelerator.cpp:115).
WARNING: [HLS 200-880] The II Violation in module 'max_pool_16_32_s' (loop 'VITIS_LOOP_111_1_VITIS_LOOP_112_2'): Unable to enforce a carried dependence constraint (II = 11, distance = 1, offset = 1) between fifo read operation ('s_conv1_read_25', vgg_accelerator.cpp:115) on port 's_conv1' (vgg_accelerator.cpp:115) and fifo read operation ('val_in', vgg_accelerator.cpp:115) on port 's_conv1' (vgg_accelerator.cpp:115).
WARNING: [HLS 200-880] The II Violation in module 'max_pool_16_32_s' (loop 'VITIS_LOOP_111_1_VITIS_LOOP_112_2'): Unable to enforce a carried dependence constraint (II = 15, distance = 1, offset = 1) between fifo read operation ('s_conv1_read_29', vgg_accelerator.cpp:115) on port 's_conv1' (vgg_accelerator.cpp:115) and fifo read operation ('val_in', vgg_accelerator.cpp:115) on port 's_conv1' (vgg_accelerator.cpp:115).
INFO: [HLS 200-1470] Pipelining result : Target II = 1, Final II = 16, Depth = 18, loop 'VITIS_LOOP_111_1_VITIS_LOOP_112_2'
INFO: [SCHED 204-11] Finished scheduling.
INFO: [HLS 200-111] Finished Scheduling: CPU user time: 2 seconds. CPU system time: 0 seconds. Elapsed time: 2.558 seconds; current allocated memory: 491.211 MB.
INFO: [BIND 205-100] Starting micro-architecture generation ...
INFO: [BIND 205-101] Performing variable lifetime analysis.
INFO: [BIND 205-101] Exploring resource sharing.
INFO: [BIND 205-101] Binding ...
INFO: [BIND 205-100] Finished micro-architecture generation.
INFO: [HLS 200-111] Finished Binding: CPU user time: 1 seconds. CPU system time: 0 seconds. Elapsed time: 0.401 seconds; current allocated memory: 491.215 MB.
INFO: [HLS 200-10] ----------------------------------------------------------------
INFO: [HLS 200-42] -- Implementing module 'layer_block_16_32_16_Pipeline_VITIS_LOOP_32_1_VITIS_LOOP_33_2_VITIS_LOOP_34_3' 
INFO: [HLS 200-10] ----------------------------------------------------------------
INFO: [SCHED 204-11] Starting scheduling ...
INFO: [SCHED 204-61] Pipelining loop 'VITIS_LOOP_32_1_VITIS_LOOP_33_2_VITIS_LOOP_34_3'.
INFO: [HLS 200-1470] Pipelining result : Target II = NA, Final II = 1, Depth = 1, loop 'VITIS_LOOP_32_1_VITIS_LOOP_33_2_VITIS_LOOP_34_3'
INFO: [SCHED 204-11] Finished scheduling.
INFO: [HLS 200-111] Finished Scheduling: CPU user time: 0 seconds. CPU system time: 0 seconds. Elapsed time: 0.459 seconds; current allocated memory: 491.219 MB.
INFO: [BIND 205-100] Starting micro-architecture generation ...
INFO: [BIND 205-101] Performing variable lifetime analysis.
INFO: [BIND 205-101] Exploring resource sharing.
INFO: [BIND 205-101] Binding ...
INFO: [BIND 205-100] Finished micro-architecture generation.
INFO: [HLS 200-111] Finished Binding: CPU user time: 0 seconds. CPU system time: 0 seconds. Elapsed time: 0.204 seconds; current allocated memory: 491.219 MB.
INFO: [HLS 200-10] ----------------------------------------------------------------
INFO: [HLS 200-42] -- Implementing module 'layer_block_16_32_16_Pipeline_VITIS_LOOP_43_6' 
INFO: [HLS 200-10] ----------------------------------------------------------------
INFO: [SCHED 204-11] Starting scheduling ...
INFO: [SCHED 204-61] Pipelining loop 'VITIS_LOOP_43_6'.
INFO: [HLS 200-1470] Pipelining result : Target II = 1, Final II = 1, Depth = 2, loop 'VITIS_LOOP_43_6'
INFO: [SCHED 204-11] Finished scheduling.
INFO: [HLS 200-111] Finished Scheduling: CPU user time: 1 seconds. CPU system time: 0 seconds. Elapsed time: 0.786 seconds; current allocated memory: 494.766 MB.
INFO: [BIND 205-100] Starting micro-architecture generation ...
INFO: [BIND 205-101] Performing variable lifetime analysis.
INFO: [BIND 205-101] Exploring resource sharing.
INFO: [BIND 205-101] Binding ...
INFO: [BIND 205-100] Finished micro-architecture generation.
INFO: [HLS 200-111] Finished Binding: CPU user time: 0 seconds. CPU system time: 0 seconds. Elapsed time: 0.325 seconds; current allocated memory: 495.148 MB.
INFO: [HLS 200-10] ----------------------------------------------------------------
INFO: [HLS 200-42] -- Implementing module 'layer_block_16_32_16_Pipeline_VITIS_LOOP_79_8' 
INFO: [HLS 200-10] ----------------------------------------------------------------
INFO: [SCHED 204-11] Starting scheduling ...
INFO: [SCHED 204-61] Pipelining loop 'VITIS_LOOP_79_8'.
INFO: [HLS 200-1470] Pipelining result : Target II = 1, Final II = 1, Depth = 4, loop 'VITIS_LOOP_79_8'
WARNING: [HLS 200-871] Estimated clock period (16.041ns) exceeds the target (target clock period: 10ns, clock uncertainty: 2.7ns, effective delay budget: 7.3ns).
WARNING: [HLS 200-1016] The critical path in module 'layer_block_16_32_16_Pipeline_VITIS_LOOP_79_8' consists of the following:	'load' operation ('lhs_load') on local variable 'lhs' [313]  (0 ns)
	'add' operation ('acc.V') [338]  (1.2 ns)
	'select' operation ('acc.V') [344]  (0.525 ns)
	'add' operation ('acc.V') [359]  (1.2 ns)
	'select' operation ('acc.V') [365]  (0.525 ns)
	'add' operation ('ret.V') [378]  (1.2 ns)
	'xor' operation ('xor_ln302_10') [384]  (0 ns)
	'select' operation ('acc.V') [386]  (0.525 ns)
	'add' operation ('acc.V') [401]  (1.2 ns)
	'select' operation ('acc.V') [407]  (0.525 ns)
	'add' operation ('acc.V') [422]  (1.2 ns)
	'select' operation ('acc.V') [428]  (0.525 ns)
	'add' operation ('acc.V') [443]  (1.2 ns)
	'select' operation ('acc.V') [449]  (0.525 ns)
	'add' operation ('acc.V') [464]  (1.2 ns)
	'select' operation ('acc.V') [470]  (0.525 ns)
	'add' operation ('acc.V') [485]  (1.2 ns)
	'select' operation ('acc.V') [491]  (0.525 ns)
	'add' operation ('acc.V') [506]  (1.2 ns)
	'select' operation ('acc.V') [512]  (0.525 ns)
	'store' operation ('lhs_write_ln302') of variable 'acc.V' on local variable 'lhs' [541]  (0.489 ns)

INFO: [SCHED 204-11] Finished scheduling.
INFO: [HLS 200-111] Finished Scheduling: CPU user time: 1 seconds. CPU system time: 0 seconds. Elapsed time: 0.978 seconds; current allocated memory: 498.375 MB.
INFO: [BIND 205-100] Starting micro-architecture generation ...
INFO: [BIND 205-101] Performing variable lifetime analysis.
INFO: [BIND 205-101] Exploring resource sharing.
INFO: [BIND 205-101] Binding ...
INFO: [BIND 205-100] Finished micro-architecture generation.
INFO: [HLS 200-111] Finished Binding: CPU user time: 0 seconds. CPU system time: 0 seconds. Elapsed time: 0.357 seconds; current allocated memory: 498.543 MB.
INFO: [HLS 200-10] ----------------------------------------------------------------
INFO: [HLS 200-42] -- Implementing module 'layer_block_16_32_16_s' 
INFO: [HLS 200-10] ----------------------------------------------------------------
INFO: [SCHED 204-11] Starting scheduling ...
INFO: [SCHED 204-11] Finished scheduling.
INFO: [HLS 200-111] Finished Scheduling: CPU user time: 0 seconds. CPU system time: 0 seconds. Elapsed time: 0.803 seconds; current allocated memory: 502.871 MB.
INFO: [BIND 205-100] Starting micro-architecture generation ...
INFO: [BIND 205-101] Performing variable lifetime analysis.
INFO: [BIND 205-101] Exploring resource sharing.
INFO: [BIND 205-101] Binding ...
INFO: [BIND 205-100] Finished micro-architecture generation.
INFO: [HLS 200-111] Finished Binding: CPU user time: 1 seconds. CPU system time: 0 seconds. Elapsed time: 0.382 seconds; current allocated memory: 503.527 MB.
INFO: [HLS 200-10] ----------------------------------------------------------------
INFO: [HLS 200-42] -- Implementing module 'max_pool_32_16_s' 
INFO: [HLS 200-10] ----------------------------------------------------------------
INFO: [SCHED 204-11] Starting scheduling ...
INFO: [SCHED 204-61] Pipelining loop 'VITIS_LOOP_111_1_VITIS_LOOP_112_2'.
WARNING: [HLS 200-880] The II Violation in module 'max_pool_32_16_s' (loop 'VITIS_LOOP_111_1_VITIS_LOOP_112_2'): Unable to enforce a carried dependence constraint (II = 1, distance = 1, offset = 1) between fifo read operation ('s_conv2_read_31', vgg_accelerator.cpp:115) on port 's_conv2' (vgg_accelerator.cpp:115) and fifo read operation ('val_in', vgg_accelerator.cpp:115) on port 's_conv2' (vgg_accelerator.cpp:115).
WARNING: [HLS 200-880] The II Violation in module 'max_pool_32_16_s' (loop 'VITIS_LOOP_111_1_VITIS_LOOP_112_2'): Unable to enforce a carried dependence constraint (II = 2, distance = 1, offset = 1) between fifo read operation ('s_conv2_read_32', vgg_accelerator.cpp:115) on port 's_conv2' (vgg_accelerator.cpp:115) and fifo read operation ('val_in', vgg_accelerator.cpp:115) on port 's_conv2' (vgg_accelerator.cpp:115).
WARNING: [HLS 200-880] The II Violation in module 'max_pool_32_16_s' (loop 'VITIS_LOOP_111_1_VITIS_LOOP_112_2'): Unable to enforce a carried dependence constraint (II = 3, distance = 1, offset = 1) between fifo read operation ('s_conv2_read_33', vgg_accelerator.cpp:115) on port 's_conv2' (vgg_accelerator.cpp:115) and fifo read operation ('val_in', vgg_accelerator.cpp:115) on port 's_conv2' (vgg_accelerator.cpp:115).
WARNING: [HLS 200-880] The II Violation in module 'max_pool_32_16_s' (loop 'VITIS_LOOP_111_1_VITIS_LOOP_112_2'): Unable to enforce a carried dependence constraint (II = 4, distance = 1, offset = 1) between fifo read operation ('s_conv2_read_34', vgg_accelerator.cpp:115) on port 's_conv2' (vgg_accelerator.cpp:115) and fifo read operation ('val_in', vgg_accelerator.cpp:115) on port 's_conv2' (vgg_accelerator.cpp:115).
WARNING: [HLS 200-880] The II Violation in module 'max_pool_32_16_s' (loop 'VITIS_LOOP_111_1_VITIS_LOOP_112_2'): Unable to enforce a carried dependence constraint (II = 19, distance = 1, offset = 1) between fifo read operation ('s_conv2_read_49', vgg_accelerator.cpp:115) on port 's_conv2' (vgg_accelerator.cpp:115) and fifo read operation ('val_in', vgg_accelerator.cpp:115) on port 's_conv2' (vgg_accelerator.cpp:115).
WARNING: [HLS 200-880] The II Violation in module 'max_pool_32_16_s' (loop 'VITIS_LOOP_111_1_VITIS_LOOP_112_2'): Unable to enforce a carried dependence constraint (II = 27, distance = 1, offset = 1) between fifo read operation ('s_conv2_read_57', vgg_accelerator.cpp:115) on port 's_conv2' (vgg_accelerator.cpp:115) and fifo read operation ('val_in', vgg_accelerator.cpp:115) on port 's_conv2' (vgg_accelerator.cpp:115).
WARNING: [HLS 200-880] The II Violation in module 'max_pool_32_16_s' (loop 'VITIS_LOOP_111_1_VITIS_LOOP_112_2'): Unable to enforce a carried dependence constraint (II = 31, distance = 1, offset = 1) between fifo read operation ('s_conv2_read_61', vgg_accelerator.cpp:115) on port 's_conv2' (vgg_accelerator.cpp:115) and fifo read operation ('val_in', vgg_accelerator.cpp:115) on port 's_conv2' (vgg_accelerator.cpp:115).
INFO: [HLS 200-1470] Pipelining result : Target II = 1, Final II = 32, Depth = 33, loop 'VITIS_LOOP_111_1_VITIS_LOOP_112_2'
INFO: [SCHED 204-11] Finished scheduling.
INFO: [HLS 200-111] Finished Scheduling: CPU user time: 2 seconds. CPU system time: 0 seconds. Elapsed time: 2.926 seconds; current allocated memory: 523.395 MB.
INFO: [BIND 205-100] Starting micro-architecture generation ...
INFO: [BIND 205-101] Performing variable lifetime analysis.
INFO: [BIND 205-101] Exploring resource sharing.
INFO: [BIND 205-101] Binding ...
INFO: [BIND 205-100] Finished micro-architecture generation.
INFO: [HLS 200-111] Finished Binding: CPU user time: 1 seconds. CPU system time: 0 seconds. Elapsed time: 0.538 seconds; current allocated memory: 523.555 MB.
INFO: [HLS 200-10] ----------------------------------------------------------------
INFO: [HLS 200-42] -- Implementing module 'layer_block_32_64_8_Pipeline_VITIS_LOOP_32_1_VITIS_LOOP_33_2_VITIS_LOOP_34_3' 
INFO: [HLS 200-10] ----------------------------------------------------------------
INFO: [SCHED 204-11] Starting scheduling ...
INFO: [SCHED 204-61] Pipelining loop 'VITIS_LOOP_32_1_VITIS_LOOP_33_2_VITIS_LOOP_34_3'.
INFO: [HLS 200-1470] Pipelining result : Target II = NA, Final II = 1, Depth = 1, loop 'VITIS_LOOP_32_1_VITIS_LOOP_33_2_VITIS_LOOP_34_3'
INFO: [SCHED 204-11] Finished scheduling.
INFO: [HLS 200-111] Finished Scheduling: CPU user time: 0 seconds. CPU system time: 0 seconds. Elapsed time: 0.874 seconds; current allocated memory: 523.582 MB.
INFO: [BIND 205-100] Starting micro-architecture generation ...
INFO: [BIND 205-101] Performing variable lifetime analysis.
INFO: [BIND 205-101] Exploring resource sharing.
INFO: [BIND 205-101] Binding ...
INFO: [BIND 205-100] Finished micro-architecture generation.
INFO: [HLS 200-111] Finished Binding: CPU user time: 1 seconds. CPU system time: 0 seconds. Elapsed time: 0.227 seconds; current allocated memory: 523.582 MB.
INFO: [HLS 200-10] ----------------------------------------------------------------
INFO: [HLS 200-42] -- Implementing module 'layer_block_32_64_8_Pipeline_VITIS_LOOP_43_6' 
INFO: [HLS 200-10] ----------------------------------------------------------------
INFO: [SCHED 204-11] Starting scheduling ...
INFO: [SCHED 204-61] Pipelining loop 'VITIS_LOOP_43_6'.
INFO: [HLS 200-1470] Pipelining result : Target II = 1, Final II = 1, Depth = 2, loop 'VITIS_LOOP_43_6'
INFO: [SCHED 204-11] Finished scheduling.
INFO: [HLS 200-111] Finished Scheduling: CPU user time: 1 seconds. CPU system time: 1 seconds. Elapsed time: 1.8 seconds; current allocated memory: 526.168 MB.
INFO: [BIND 205-100] Starting micro-architecture generation ...
INFO: [BIND 205-101] Performing variable lifetime analysis.
INFO: [BIND 205-101] Exploring resource sharing.
INFO: [BIND 205-101] Binding ...
INFO: [BIND 205-100] Finished micro-architecture generation.
INFO: [HLS 200-111] Finished Binding: CPU user time: 1 seconds. CPU system time: 0 seconds. Elapsed time: 0.465 seconds; current allocated memory: 526.852 MB.
INFO: [HLS 200-10] ----------------------------------------------------------------
INFO: [HLS 200-42] -- Implementing module 'layer_block_32_64_8_Pipeline_VITIS_LOOP_79_8' 
INFO: [HLS 200-10] ----------------------------------------------------------------
INFO: [SCHED 204-11] Starting scheduling ...
INFO: [SCHED 204-61] Pipelining loop 'VITIS_LOOP_79_8'.
INFO: [HLS 200-1470] Pipelining result : Target II = 1, Final II = 1, Depth = 4, loop 'VITIS_LOOP_79_8'
WARNING: [HLS 200-871] Estimated clock period (16.041ns) exceeds the target (target clock period: 10ns, clock uncertainty: 2.7ns, effective delay budget: 7.3ns).
WARNING: [HLS 200-1016] The critical path in module 'layer_block_32_64_8_Pipeline_VITIS_LOOP_79_8' consists of the following:	'load' operation ('lhs_load') on local variable 'lhs' [601]  (0 ns)
	'add' operation ('acc.V') [626]  (1.2 ns)
	'select' operation ('acc.V') [632]  (0.525 ns)
	'add' operation ('acc.V') [647]  (1.2 ns)
	'select' operation ('acc.V') [653]  (0.525 ns)
	'add' operation ('ret.V') [666]  (1.2 ns)
	'xor' operation ('xor_ln302_2') [672]  (0 ns)
	'select' operation ('acc.V') [674]  (0.525 ns)
	'add' operation ('ret.V') [687]  (1.2 ns)
	'xor' operation ('xor_ln302_3') [693]  (0 ns)
	'select' operation ('acc.V') [695]  (0.525 ns)
	'add' operation ('acc.V') [710]  (1.2 ns)
	'select' operation ('acc.V') [716]  (0.525 ns)
	'add' operation ('acc.V') [731]  (1.2 ns)
	'select' operation ('acc.V') [737]  (0.525 ns)
	'add' operation ('acc.V') [752]  (1.2 ns)
	'select' operation ('acc.V') [758]  (0.525 ns)
	'add' operation ('acc.V') [773]  (1.2 ns)
	'select' operation ('acc.V') [779]  (0.525 ns)
	'add' operation ('acc.V') [794]  (1.2 ns)
	'select' operation ('acc.V') [800]  (0.525 ns)
	'store' operation ('lhs_write_ln302') of variable 'acc.V' on local variable 'lhs' [829]  (0.489 ns)

INFO: [SCHED 204-11] Finished scheduling.
INFO: [HLS 200-111] Finished Scheduling: CPU user time: 1 seconds. CPU system time: 0 seconds. Elapsed time: 1.285 seconds; current allocated memory: 530.938 MB.
INFO: [BIND 205-100] Starting micro-architecture generation ...
INFO: [BIND 205-101] Performing variable lifetime analysis.
INFO: [BIND 205-101] Exploring resource sharing.
INFO: [BIND 205-101] Binding ...
INFO: [BIND 205-100] Finished micro-architecture generation.
INFO: [HLS 200-111] Finished Binding: CPU user time: 0 seconds. CPU system time: 0 seconds. Elapsed time: 0.297 seconds; current allocated memory: 531.129 MB.
INFO: [HLS 200-10] ----------------------------------------------------------------
INFO: [HLS 200-42] -- Implementing module 'layer_block_32_64_8_s' 
INFO: [HLS 200-10] ----------------------------------------------------------------
INFO: [SCHED 204-11] Starting scheduling ...
INFO: [SCHED 204-11] Finished scheduling.
INFO: [HLS 200-111] Finished Scheduling: CPU user time: 1 seconds. CPU system time: 0 seconds. Elapsed time: 0.95 seconds; current allocated memory: 539.422 MB.
INFO: [BIND 205-100] Starting micro-architecture generation ...
INFO: [BIND 205-101] Performing variable lifetime analysis.
INFO: [BIND 205-101] Exploring resource sharing.
INFO: [BIND 205-101] Binding ...
INFO: [BIND 205-100] Finished micro-architecture generation.
INFO: [HLS 200-111] Finished Binding: CPU user time: 0 seconds. CPU system time: 0 seconds. Elapsed time: 0.592 seconds; current allocated memory: 539.711 MB.
INFO: [HLS 200-10] ----------------------------------------------------------------
INFO: [HLS 200-42] -- Implementing module 'max_pool_64_8_s' 
INFO: [HLS 200-10] ----------------------------------------------------------------
INFO: [SCHED 204-11] Starting scheduling ...
INFO: [SCHED 204-61] Pipelining loop 'VITIS_LOOP_111_1_VITIS_LOOP_112_2'.
WARNING: [HLS 200-880] The II Violation in module 'max_pool_64_8_s' (loop 'VITIS_LOOP_111_1_VITIS_LOOP_112_2'): Unable to enforce a carried dependence constraint (II = 1, distance = 1, offset = 1) between fifo read operation ('s_conv3_read_63', vgg_accelerator.cpp:115) on port 's_conv3' (vgg_accelerator.cpp:115) and fifo read operation ('val_in', vgg_accelerator.cpp:115) on port 's_conv3' (vgg_accelerator.cpp:115).
WARNING: [HLS 200-880] The II Violation in module 'max_pool_64_8_s' (loop 'VITIS_LOOP_111_1_VITIS_LOOP_112_2'): Unable to enforce a carried dependence constraint (II = 2, distance = 1, offset = 1) between fifo read operation ('s_conv3_read_64', vgg_accelerator.cpp:115) on port 's_conv3' (vgg_accelerator.cpp:115) and fifo read operation ('val_in', vgg_accelerator.cpp:115) on port 's_conv3' (vgg_accelerator.cpp:115).
WARNING: [HLS 200-880] The II Violation in module 'max_pool_64_8_s' (loop 'VITIS_LOOP_111_1_VITIS_LOOP_112_2'): Unable to enforce a carried dependence constraint (II = 3, distance = 1, offset = 1) between fifo read operation ('s_conv3_read_65', vgg_accelerator.cpp:115) on port 's_conv3' (vgg_accelerator.cpp:115) and fifo read operation ('val_in', vgg_accelerator.cpp:115) on port 's_conv3' (vgg_accelerator.cpp:115).
WARNING: [HLS 200-880] The II Violation in module 'max_pool_64_8_s' (loop 'VITIS_LOOP_111_1_VITIS_LOOP_112_2'): Unable to enforce a carried dependence constraint (II = 4, distance = 1, offset = 1) between fifo read operation ('s_conv3_read_66', vgg_accelerator.cpp:115) on port 's_conv3' (vgg_accelerator.cpp:115) and fifo read operation ('val_in', vgg_accelerator.cpp:115) on port 's_conv3' (vgg_accelerator.cpp:115).
WARNING: [HLS 200-880] The II Violation in module 'max_pool_64_8_s' (loop 'VITIS_LOOP_111_1_VITIS_LOOP_112_2'): Unable to enforce a carried dependence constraint (II = 35, distance = 1, offset = 1) between fifo read operation ('s_conv3_read_97', vgg_accelerator.cpp:115) on port 's_conv3' (vgg_accelerator.cpp:115) and fifo read operation ('val_in', vgg_accelerator.cpp:115) on port 's_conv3' (vgg_accelerator.cpp:115).
WARNING: [HLS 200-880] The II Violation in module 'max_pool_64_8_s' (loop 'VITIS_LOOP_111_1_VITIS_LOOP_112_2'): Unable to enforce a carried dependence constraint (II = 51, distance = 1, offset = 1) between fifo read operation ('s_conv3_read_113', vgg_accelerator.cpp:115) on port 's_conv3' (vgg_accelerator.cpp:115) and fifo read operation ('val_in', vgg_accelerator.cpp:115) on port 's_conv3' (vgg_accelerator.cpp:115).
WARNING: [HLS 200-880] The II Violation in module 'max_pool_64_8_s' (loop 'VITIS_LOOP_111_1_VITIS_LOOP_112_2'): Unable to enforce a carried dependence constraint (II = 59, distance = 1, offset = 1) between fifo read operation ('s_conv3_read_121', vgg_accelerator.cpp:115) on port 's_conv3' (vgg_accelerator.cpp:115) and fifo read operation ('val_in', vgg_accelerator.cpp:115) on port 's_conv3' (vgg_accelerator.cpp:115).
WARNING: [HLS 200-880] The II Violation in module 'max_pool_64_8_s' (loop 'VITIS_LOOP_111_1_VITIS_LOOP_112_2'): Unable to enforce a carried dependence constraint (II = 63, distance = 1, offset = 1) between fifo read operation ('s_conv3_read_125', vgg_accelerator.cpp:115) on port 's_conv3' (vgg_accelerator.cpp:115) and fifo read operation ('val_in', vgg_accelerator.cpp:115) on port 's_conv3' (vgg_accelerator.cpp:115).
INFO: [HLS 200-1470] Pipelining result : Target II = 1, Final II = 64, Depth = 65, loop 'VITIS_LOOP_111_1_VITIS_LOOP_112_2'
INFO: [SCHED 204-11] Finished scheduling.
INFO: [HLS 200-111] Finished Scheduling: CPU user time: 7 seconds. CPU system time: 0 seconds. Elapsed time: 7.188 seconds; current allocated memory: 595.527 MB.
INFO: [BIND 205-100] Starting micro-architecture generation ...
INFO: [BIND 205-101] Performing variable lifetime analysis.
INFO: [BIND 205-101] Exploring resource sharing.
INFO: [BIND 205-101] Binding ...
INFO: [BIND 205-100] Finished micro-architecture generation.
INFO: [HLS 200-111] Finished Binding: CPU user time: 1 seconds. CPU system time: 0 seconds. Elapsed time: 0.987 seconds; current allocated memory: 595.527 MB.
INFO: [HLS 200-10] ----------------------------------------------------------------
INFO: [HLS 200-42] -- Implementing module 'dense_layer_Pipeline_VITIS_LOOP_142_1' 
INFO: [HLS 200-10] ----------------------------------------------------------------
INFO: [SCHED 204-11] Starting scheduling ...
INFO: [SCHED 204-61] Pipelining loop 'VITIS_LOOP_142_1'.
INFO: [HLS 200-1470] Pipelining result : Target II = 1, Final II = 1, Depth = 2, loop 'VITIS_LOOP_142_1'
INFO: [SCHED 204-11] Finished scheduling.
INFO: [HLS 200-111] Finished Scheduling: CPU user time: 1 seconds. CPU system time: 0 seconds. Elapsed time: 1.249 seconds; current allocated memory: 595.527 MB.
INFO: [BIND 205-100] Starting micro-architecture generation ...
INFO: [BIND 205-101] Performing variable lifetime analysis.
INFO: [BIND 205-101] Exploring resource sharing.
INFO: [BIND 205-101] Binding ...
INFO: [BIND 205-100] Finished micro-architecture generation.
INFO: [HLS 200-111] Finished Binding: CPU user time: 0 seconds. CPU system time: 0 seconds. Elapsed time: 0.228 seconds; current allocated memory: 595.527 MB.
INFO: [HLS 200-10] ----------------------------------------------------------------
INFO: [HLS 200-42] -- Implementing module 'dense_layer_Pipeline_VITIS_LOOP_150_3' 
INFO: [HLS 200-10] ----------------------------------------------------------------
INFO: [SCHED 204-11] Starting scheduling ...
INFO: [SCHED 204-61] Pipelining loop 'VITIS_LOOP_150_3'.
INFO: [HLS 200-1470] Pipelining result : Target II = 1, Final II = 1, Depth = 3, loop 'VITIS_LOOP_150_3'
INFO: [SCHED 204-11] Finished scheduling.
INFO: [HLS 200-111] Finished Scheduling: CPU user time: 0 seconds. CPU system time: 0 seconds. Elapsed time: 0.344 seconds; current allocated memory: 595.527 MB.
INFO: [BIND 205-100] Starting micro-architecture generation ...
INFO: [BIND 205-101] Performing variable lifetime analysis.
INFO: [BIND 205-101] Exploring resource sharing.
INFO: [BIND 205-101] Binding ...
INFO: [BIND 205-100] Finished micro-architecture generation.
INFO: [HLS 200-111] Finished Binding: CPU user time: 0 seconds. CPU system time: 0 seconds. Elapsed time: 0.233 seconds; current allocated memory: 595.527 MB.
INFO: [HLS 200-10] ----------------------------------------------------------------
INFO: [HLS 200-42] -- Implementing module 'dense_layer' 
INFO: [HLS 200-10] ----------------------------------------------------------------
INFO: [SCHED 204-11] Starting scheduling ...
INFO: [SCHED 204-11] Finished scheduling.
INFO: [HLS 200-111] Finished Scheduling: CPU user time: 0 seconds. CPU system time: 0 seconds. Elapsed time: 0.278 seconds; current allocated memory: 595.527 MB.
INFO: [BIND 205-100] Starting micro-architecture generation ...
INFO: [BIND 205-101] Performing variable lifetime analysis.
INFO: [BIND 205-101] Exploring resource sharing.
INFO: [BIND 205-101] Binding ...
INFO: [BIND 205-100] Finished micro-architecture generation.
INFO: [HLS 200-111] Finished Binding: CPU user time: 0 seconds. CPU system time: 0 seconds. Elapsed time: 0.246 seconds; current allocated memory: 595.527 MB.
INFO: [HLS 200-10] ----------------------------------------------------------------
INFO: [HLS 200-42] -- Implementing module 'vgg_accelerator' 
INFO: [HLS 200-10] ----------------------------------------------------------------
INFO: [SCHED 204-11] Starting scheduling ...
INFO: [SCHED 204-11] Finished scheduling.
INFO: [HLS 200-111] Finished Scheduling: CPU user time: 1 seconds. CPU system time: 0 seconds. Elapsed time: 0.514 seconds; current allocated memory: 595.527 MB.
INFO: [BIND 205-100] Starting micro-architecture generation ...
INFO: [BIND 205-101] Performing variable lifetime analysis.
INFO: [BIND 205-101] Exploring resource sharing.
INFO: [BIND 205-101] Binding ...
INFO: [BIND 205-100] Finished micro-architecture generation.
INFO: [HLS 200-111] Finished Binding: CPU user time: 1 seconds. CPU system time: 0 seconds. Elapsed time: 1.339 seconds; current allocated memory: 595.527 MB.
INFO: [HLS 200-10] ----------------------------------------------------------------
INFO: [HLS 200-10] -- Generating RTL for module 'input_adapter' 
INFO: [HLS 200-10] ----------------------------------------------------------------
INFO: [HLS 200-1030] Apply Unified Pipeline Control on module 'input_adapter' pipeline 'VITIS_LOOP_171_1' pipeline type 'loop pipeline'
INFO: [RTGEN 206-100] Finished creating RTL model for 'input_adapter'.
INFO: [HLS 200-111] Finished Creating RTL model: CPU user time: 3 seconds. CPU system time: 0 seconds. Elapsed time: 3.045 seconds; current allocated memory: 595.527 MB.
INFO: [HLS 200-10] ----------------------------------------------------------------
INFO: [HLS 200-10] -- Generating RTL for module 'layer_block_1_16_32_Pipeline_VITIS_LOOP_33_2_VITIS_LOOP_34_3' 
INFO: [HLS 200-10] ----------------------------------------------------------------
INFO: [RTGEN 206-100] Finished creating RTL model for 'layer_block_1_16_32_Pipeline_VITIS_LOOP_33_2_VITIS_LOOP_34_3'.
INFO: [HLS 200-111] Finished Creating RTL model: CPU user time: 0 seconds. CPU system time: 0 seconds. Elapsed time: 0.216 seconds; current allocated memory: 595.527 MB.
INFO: [HLS 200-10] ----------------------------------------------------------------
INFO: [HLS 200-10] -- Generating RTL for module 'layer_block_1_16_32_Pipeline_VITIS_LOOP_38_4_VITIS_LOOP_39_5' 
INFO: [HLS 200-10] ----------------------------------------------------------------
INFO: [HLS 200-1030] Apply Unified Pipeline Control on module 'layer_block_1_16_32_Pipeline_VITIS_LOOP_38_4_VITIS_LOOP_39_5' pipeline 'VITIS_LOOP_38_4_VITIS_LOOP_39_5' pipeline type 'loop pipeline'
INFO: [RTGEN 206-100] Finished creating RTL model for 'layer_block_1_16_32_Pipeline_VITIS_LOOP_38_4_VITIS_LOOP_39_5'.
INFO: [HLS 200-111] Finished Creating RTL model: CPU user time: 1 seconds. CPU system time: 0 seconds. Elapsed time: 0.894 seconds; current allocated memory: 595.527 MB.
INFO: [HLS 200-10] ----------------------------------------------------------------
INFO: [HLS 200-10] -- Generating RTL for module 'layer_block_1_16_32_s' 
INFO: [HLS 200-10] ----------------------------------------------------------------
INFO: [SYN 201-210] Renamed object name 'layer_block_1_16_32_s_void_layer_block_stream_stream_signed_char_const_1_3_3_signed_char_cons_1_RAM_AUTO_1R1W' to 'layer_block_1_16_32_s_void_layer_block_stream_stream_signed_char_const_1_3_3_bkb' due to the length limit 80
INFO: [SYN 201-210] Renamed object name 'layer_block_1_16_32_s_void_layer_block_stream_stream_signed_char_const_1_3_3_signed_char_cons_RAM_AUTO_1R1W' to 'layer_block_1_16_32_s_void_layer_block_stream_stream_signed_char_const_1_3_3_cud' due to the length limit 80
INFO: [RTGEN 206-100] Finished creating RTL model for 'layer_block_1_16_32_s'.
INFO: [RTMG 210-278] Implementing memory 'vgg_accelerator_layer_block_1_16_32_s_void_layer_block_stream_stream_signed_char_const_1_3_3_bkb' using auto RAMs.
INFO: [HLS 200-111] Finished Creating RTL model: CPU user time: 5 seconds. CPU system time: 1 seconds. Elapsed time: 6.416 seconds; current allocated memory: 610.750 MB.
INFO: [HLS 200-10] ----------------------------------------------------------------
INFO: [HLS 200-10] -- Generating RTL for module 'max_pool_16_32_s' 
INFO: [HLS 200-10] ----------------------------------------------------------------
INFO: [SYN 201-210] Renamed object name 'max_pool_16_32_s_void_max_pool_stream_stream_ap_fixed_8_4_0_0_0_0_pool_buff_28_RAM_AUTO_1R1W' to 'max_pool_16_32_s_void_max_pool_stream_stream_ap_fixed_8_4_0_0_0_0_pool_buff_2dEe' due to the length limit 80
INFO: [SYN 201-210] Renamed object name 'max_pool_16_32_s_void_max_pool_stream_stream_ap_fixed_8_4_0_0_0_0_pool_buff_27_RAM_AUTO_1R1W' to 'max_pool_16_32_s_void_max_pool_stream_stream_ap_fixed_8_4_0_0_0_0_pool_buff_2eOg' due to the length limit 80
INFO: [SYN 201-210] Renamed object name 'max_pool_16_32_s_void_max_pool_stream_stream_ap_fixed_8_4_0_0_0_0_pool_buff_26_RAM_AUTO_1R1W' to 'max_pool_16_32_s_void_max_pool_stream_stream_ap_fixed_8_4_0_0_0_0_pool_buff_2fYi' due to the length limit 80
INFO: [SYN 201-210] Renamed object name 'max_pool_16_32_s_void_max_pool_stream_stream_ap_fixed_8_4_0_0_0_0_pool_buff_25_RAM_AUTO_1R1W' to 'max_pool_16_32_s_void_max_pool_stream_stream_ap_fixed_8_4_0_0_0_0_pool_buff_2g8j' due to the length limit 80
INFO: [SYN 201-210] Renamed object name 'max_pool_16_32_s_void_max_pool_stream_stream_ap_fixed_8_4_0_0_0_0_pool_buff_24_RAM_AUTO_1R1W' to 'max_pool_16_32_s_void_max_pool_stream_stream_ap_fixed_8_4_0_0_0_0_pool_buff_2hbi' due to the length limit 80
INFO: [SYN 201-210] Renamed object name 'max_pool_16_32_s_void_max_pool_stream_stream_ap_fixed_8_4_0_0_0_0_pool_buff_23_RAM_AUTO_1R1W' to 'max_pool_16_32_s_void_max_pool_stream_stream_ap_fixed_8_4_0_0_0_0_pool_buff_2ibs' due to the length limit 80
INFO: [SYN 201-210] Renamed object name 'max_pool_16_32_s_void_max_pool_stream_stream_ap_fixed_8_4_0_0_0_0_pool_buff_22_RAM_AUTO_1R1W' to 'max_pool_16_32_s_void_max_pool_stream_stream_ap_fixed_8_4_0_0_0_0_pool_buff_2jbC' due to the length limit 80
INFO: [SYN 201-210] Renamed object name 'max_pool_16_32_s_void_max_pool_stream_stream_ap_fixed_8_4_0_0_0_0_pool_buff_21_RAM_AUTO_1R1W' to 'max_pool_16_32_s_void_max_pool_stream_stream_ap_fixed_8_4_0_0_0_0_pool_buff_2kbM' due to the length limit 80
INFO: [SYN 201-210] Renamed object name 'max_pool_16_32_s_void_max_pool_stream_stream_ap_fixed_8_4_0_0_0_0_pool_buff_20_RAM_AUTO_1R1W' to 'max_pool_16_32_s_void_max_pool_stream_stream_ap_fixed_8_4_0_0_0_0_pool_buff_2lbW' due to the length limit 80
INFO: [SYN 201-210] Renamed object name 'max_pool_16_32_s_p_ZZ8max_poolILi16ELi32EEvRN3hls6streamI8ap_fixedILi8ELi4EL9ap_q_mode0EL9ap_o_mod_5_RAM_AUTO_1R1W' to 'max_pool_16_32_s_p_ZZ8max_poolILi16ELi32EEvRN3hls6streamI8ap_fixedILi8ELi4EL9mb6' due to the length limit 80
INFO: [SYN 201-210] Renamed object name 'max_pool_16_32_s_p_ZZ8max_poolILi16ELi32EEvRN3hls6streamI8ap_fixedILi8ELi4EL9ap_q_mode0EL9ap_o_mod_4_RAM_AUTO_1R1W' to 'max_pool_16_32_s_p_ZZ8max_poolILi16ELi32EEvRN3hls6streamI8ap_fixedILi8ELi4EL9ncg' due to the length limit 80
INFO: [SYN 201-210] Renamed object name 'max_pool_16_32_s_p_ZZ8max_poolILi16ELi32EEvRN3hls6streamI8ap_fixedILi8ELi4EL9ap_q_mode0EL9ap_o_mod_3_RAM_AUTO_1R1W' to 'max_pool_16_32_s_p_ZZ8max_poolILi16ELi32EEvRN3hls6streamI8ap_fixedILi8ELi4EL9ocq' due to the length limit 80
INFO: [SYN 201-210] Renamed object name 'max_pool_16_32_s_p_ZZ8max_poolILi16ELi32EEvRN3hls6streamI8ap_fixedILi8ELi4EL9ap_q_mode0EL9ap_o_mod_2_RAM_AUTO_1R1W' to 'max_pool_16_32_s_p_ZZ8max_poolILi16ELi32EEvRN3hls6streamI8ap_fixedILi8ELi4EL9pcA' due to the length limit 80
INFO: [SYN 201-210] Renamed object name 'max_pool_16_32_s_p_ZZ8max_poolILi16ELi32EEvRN3hls6streamI8ap_fixedILi8ELi4EL9ap_q_mode0EL9ap_o_mod_1_RAM_AUTO_1R1W' to 'max_pool_16_32_s_p_ZZ8max_poolILi16ELi32EEvRN3hls6streamI8ap_fixedILi8ELi4EL9qcK' due to the length limit 80
INFO: [SYN 201-210] Renamed object name 'max_pool_16_32_s_p_ZZ8max_poolILi16ELi32EEvRN3hls6streamI8ap_fixedILi8ELi4EL9ap_q_mode0EL9ap_o_mod_RAM_AUTO_1R1W' to 'max_pool_16_32_s_p_ZZ8max_poolILi16ELi32EEvRN3hls6streamI8ap_fixedILi8ELi4EL9rcU' due to the length limit 80
INFO: [SYN 201-210] Renamed object name 'max_pool_16_32_s_void_max_pool_stream_stream_ap_fixed_8_4_0_0_0_0_pool_buff_29_RAM_AUTO_1R1W' to 'max_pool_16_32_s_void_max_pool_stream_stream_ap_fixed_8_4_0_0_0_0_pool_buff_2sc4' due to the length limit 80
INFO: [HLS 200-1030] Apply Unified Pipeline Control on module 'max_pool_16_32_s' pipeline 'VITIS_LOOP_111_1_VITIS_LOOP_112_2' pipeline type 'loop pipeline'
INFO: [RTGEN 206-100] Finished creating RTL model for 'max_pool_16_32_s'.
INFO: [RTMG 210-278] Implementing memory 'vgg_accelerator_max_pool_16_32_s_void_max_pool_stream_stream_ap_fixed_8_4_0_0_0_0_pool_buff_2dEe' using auto RAMs.
INFO: [HLS 200-111] Finished Creating RTL model: CPU user time: 2 seconds. CPU system time: 0 seconds. Elapsed time: 2.597 seconds; current allocated memory: 610.750 MB.
INFO: [HLS 200-10] ----------------------------------------------------------------
INFO: [HLS 200-10] -- Generating RTL for module 'layer_block_16_32_16_Pipeline_VITIS_LOOP_32_1_VITIS_LOOP_33_2_VITIS_LOOP_34_3' 
INFO: [HLS 200-10] ----------------------------------------------------------------
INFO: [RTGEN 206-100] Finished creating RTL model for 'layer_block_16_32_16_Pipeline_VITIS_LOOP_32_1_VITIS_LOOP_33_2_VITIS_LOOP_34_3'.
INFO: [HLS 200-111] Finished Creating RTL model: CPU user time: 1 seconds. CPU system time: 0 seconds. Elapsed time: 1.397 seconds; current allocated memory: 616.672 MB.
INFO: [HLS 200-10] ----------------------------------------------------------------
INFO: [HLS 200-10] -- Generating RTL for module 'layer_block_16_32_16_Pipeline_VITIS_LOOP_43_6' 
INFO: [HLS 200-10] ----------------------------------------------------------------
INFO: [HLS 200-1030] Apply Unified Pipeline Control on module 'layer_block_16_32_16_Pipeline_VITIS_LOOP_43_6' pipeline 'VITIS_LOOP_43_6' pipeline type 'loop pipeline'
INFO: [RTGEN 206-100] Generating core module 'mux_164_8_1_1': 1 instance(s).
INFO: [RTGEN 206-100] Finished creating RTL model for 'layer_block_16_32_16_Pipeline_VITIS_LOOP_43_6'.
INFO: [HLS 200-111] Finished Creating RTL model: CPU user time: 0 seconds. CPU system time: 0 seconds. Elapsed time: 0.667 seconds; current allocated memory: 619.148 MB.
INFO: [HLS 200-10] ----------------------------------------------------------------
INFO: [HLS 200-10] -- Generating RTL for module 'layer_block_16_32_16_Pipeline_VITIS_LOOP_79_8' 
INFO: [HLS 200-10] ----------------------------------------------------------------
INFO: [HLS 200-1030] Apply Unified Pipeline Control on module 'layer_block_16_32_16_Pipeline_VITIS_LOOP_79_8' pipeline 'VITIS_LOOP_79_8' pipeline type 'loop pipeline'
INFO: [RTGEN 206-100] Generating core module 'mul_8s_5s_12_1_1': 9 instance(s).
INFO: [RTGEN 206-100] Generating core module 'mux_164_8_1_1': 9 instance(s).
INFO: [RTGEN 206-100] Finished creating RTL model for 'layer_block_16_32_16_Pipeline_VITIS_LOOP_79_8'.
INFO: [RTMG 210-279] Implementing memory 'vgg_accelerator_layer_block_16_32_16_Pipeline_VITIS_LOOP_79_8_conv2_weights_ROM_AUTO_1R' using auto ROMs.
INFO: [HLS 200-111] Finished Creating RTL model: CPU user time: 1 seconds. CPU system time: 0 seconds. Elapsed time: 1.17 seconds; current allocated memory: 636.805 MB.
INFO: [HLS 200-10] ----------------------------------------------------------------
INFO: [HLS 200-10] -- Generating RTL for module 'layer_block_16_32_16_s' 
INFO: [HLS 200-10] ----------------------------------------------------------------
INFO: [SYN 201-210] Renamed object name 'layer_block_16_32_16_s_void_layer_block_stream_stream_signed_char_const_16_3_3_signed_char_con_1_RAM_AUTO_1R1W' to 'layer_block_16_32_16_s_void_layer_block_stream_stream_signed_char_const_16_3_tde' due to the length limit 80
INFO: [SYN 201-210] Renamed object name 'layer_block_16_32_16_s_void_layer_block_stream_stream_signed_char_const_16_3_3_signed_char_con_RAM_AUTO_1R1W' to 'layer_block_16_32_16_s_void_layer_block_stream_stream_signed_char_const_16_3_udo' due to the length limit 80
INFO: [RTGEN 206-100] Finished creating RTL model for 'layer_block_16_32_16_s'.
INFO: [RTMG 210-278] Implementing memory 'vgg_accelerator_layer_block_16_32_16_s_void_layer_block_stream_stream_signed_char_const_16_3_tde' using auto RAMs.
INFO: [RTMG 210-279] Implementing memory 'vgg_accelerator_layer_block_16_32_16_s_conv2_bias_ROM_AUTO_1R' using auto ROMs.
INFO: [HLS 200-111] Finished Creating RTL model: CPU user time: 1 seconds. CPU system time: 0 seconds. Elapsed time: 1.238 seconds; current allocated memory: 645.188 MB.
INFO: [HLS 200-10] ----------------------------------------------------------------
INFO: [HLS 200-10] -- Generating RTL for module 'max_pool_32_16_s' 
INFO: [HLS 200-10] ----------------------------------------------------------------
INFO: [SYN 201-210] Renamed object name 'max_pool_32_16_s_void_max_pool_stream_stream_ap_fixed_8_4_0_0_0_0_pool_buff_18_RAM_AUTO_1R1W' to 'max_pool_32_16_s_void_max_pool_stream_stream_ap_fixed_8_4_0_0_0_0_pool_buff_1vdy' due to the length limit 80
INFO: [SYN 201-210] Renamed object name 'max_pool_32_16_s_void_max_pool_stream_stream_ap_fixed_8_4_0_0_0_0_pool_buff_17_RAM_AUTO_1R1W' to 'max_pool_32_16_s_void_max_pool_stream_stream_ap_fixed_8_4_0_0_0_0_pool_buff_1wdI' due to the length limit 80
INFO: [SYN 201-210] Renamed object name 'max_pool_32_16_s_void_max_pool_stream_stream_ap_fixed_8_4_0_0_0_0_pool_buff_16_RAM_AUTO_1R1W' to 'max_pool_32_16_s_void_max_pool_stream_stream_ap_fixed_8_4_0_0_0_0_pool_buff_1xdS' due to the length limit 80
INFO: [SYN 201-210] Renamed object name 'max_pool_32_16_s_void_max_pool_stream_stream_ap_fixed_8_4_0_0_0_0_pool_buff_15_RAM_AUTO_1R1W' to 'max_pool_32_16_s_void_max_pool_stream_stream_ap_fixed_8_4_0_0_0_0_pool_buff_1yd2' due to the length limit 80
INFO: [SYN 201-210] Renamed object name 'max_pool_32_16_s_void_max_pool_stream_stream_ap_fixed_8_4_0_0_0_0_pool_buff_14_RAM_AUTO_1R1W' to 'max_pool_32_16_s_void_max_pool_stream_stream_ap_fixed_8_4_0_0_0_0_pool_buff_1zec' due to the length limit 80
INFO: [SYN 201-210] Renamed object name 'max_pool_32_16_s_void_max_pool_stream_stream_ap_fixed_8_4_0_0_0_0_pool_buff_13_RAM_AUTO_1R1W' to 'max_pool_32_16_s_void_max_pool_stream_stream_ap_fixed_8_4_0_0_0_0_pool_buff_1Aem' due to the length limit 80
INFO: [SYN 201-210] Renamed object name 'max_pool_32_16_s_void_max_pool_stream_stream_ap_fixed_8_4_0_0_0_0_pool_buff_12_RAM_AUTO_1R1W' to 'max_pool_32_16_s_void_max_pool_stream_stream_ap_fixed_8_4_0_0_0_0_pool_buff_1Bew' due to the length limit 80
INFO: [SYN 201-210] Renamed object name 'max_pool_32_16_s_void_max_pool_stream_stream_ap_fixed_8_4_0_0_0_0_pool_buff_11_RAM_AUTO_1R1W' to 'max_pool_32_16_s_void_max_pool_stream_stream_ap_fixed_8_4_0_0_0_0_pool_buff_1CeG' due to the length limit 80
INFO: [SYN 201-210] Renamed object name 'max_pool_32_16_s_void_max_pool_stream_stream_ap_fixed_8_4_0_0_0_0_pool_buff_10_RAM_AUTO_1R1W' to 'max_pool_32_16_s_void_max_pool_stream_stream_ap_fixed_8_4_0_0_0_0_pool_buff_1DeQ' due to the length limit 80
INFO: [SYN 201-210] Renamed object name 'max_pool_32_16_s_p_ZZ8max_poolILi32ELi16EEvRN3hls6streamI8ap_fixedILi8ELi4EL9ap_q_mode0EL9ap_o_mod_21_RAM_AUTO_1R1W' to 'max_pool_32_16_s_p_ZZ8max_poolILi32ELi16EEvRN3hls6streamI8ap_fixedILi8ELi4EL9Ee0' due to the length limit 80
INFO: [SYN 201-210] Renamed object name 'max_pool_32_16_s_p_ZZ8max_poolILi32ELi16EEvRN3hls6streamI8ap_fixedILi8ELi4EL9ap_q_mode0EL9ap_o_mod_20_RAM_AUTO_1R1W' to 'max_pool_32_16_s_p_ZZ8max_poolILi32ELi16EEvRN3hls6streamI8ap_fixedILi8ELi4EL9Ffa' due to the length limit 80
INFO: [SYN 201-210] Renamed object name 'max_pool_32_16_s_p_ZZ8max_poolILi32ELi16EEvRN3hls6streamI8ap_fixedILi8ELi4EL9ap_q_mode0EL9ap_o_mod_19_RAM_AUTO_1R1W' to 'max_pool_32_16_s_p_ZZ8max_poolILi32ELi16EEvRN3hls6streamI8ap_fixedILi8ELi4EL9Gfk' due to the length limit 80
INFO: [SYN 201-210] Renamed object name 'max_pool_32_16_s_p_ZZ8max_poolILi32ELi16EEvRN3hls6streamI8ap_fixedILi8ELi4EL9ap_q_mode0EL9ap_o_mod_18_RAM_AUTO_1R1W' to 'max_pool_32_16_s_p_ZZ8max_poolILi32ELi16EEvRN3hls6streamI8ap_fixedILi8ELi4EL9Hfu' due to the length limit 80
INFO: [SYN 201-210] Renamed object name 'max_pool_32_16_s_p_ZZ8max_poolILi32ELi16EEvRN3hls6streamI8ap_fixedILi8ELi4EL9ap_q_mode0EL9ap_o_mod_17_RAM_AUTO_1R1W' to 'max_pool_32_16_s_p_ZZ8max_poolILi32ELi16EEvRN3hls6streamI8ap_fixedILi8ELi4EL9IfE' due to the length limit 80
INFO: [SYN 201-210] Renamed object name 'max_pool_32_16_s_p_ZZ8max_poolILi32ELi16EEvRN3hls6streamI8ap_fixedILi8ELi4EL9ap_q_mode0EL9ap_o_mod_16_RAM_AUTO_1R1W' to 'max_pool_32_16_s_p_ZZ8max_poolILi32ELi16EEvRN3hls6streamI8ap_fixedILi8ELi4EL9JfO' due to the length limit 80
INFO: [SYN 201-210] Renamed object name 'max_pool_32_16_s_p_ZZ8max_poolILi32ELi16EEvRN3hls6streamI8ap_fixedILi8ELi4EL9ap_q_mode0EL9ap_o_mod_15_RAM_AUTO_1R1W' to 'max_pool_32_16_s_p_ZZ8max_poolILi32ELi16EEvRN3hls6streamI8ap_fixedILi8ELi4EL9KfY' due to the length limit 80
INFO: [SYN 201-210] Renamed object name 'max_pool_32_16_s_p_ZZ8max_poolILi32ELi16EEvRN3hls6streamI8ap_fixedILi8ELi4EL9ap_q_mode0EL9ap_o_mod_14_RAM_AUTO_1R1W' to 'max_pool_32_16_s_p_ZZ8max_poolILi32ELi16EEvRN3hls6streamI8ap_fixedILi8ELi4EL9Lf8' due to the length limit 80
INFO: [SYN 201-210] Renamed object name 'max_pool_32_16_s_p_ZZ8max_poolILi32ELi16EEvRN3hls6streamI8ap_fixedILi8ELi4EL9ap_q_mode0EL9ap_o_mod_13_RAM_AUTO_1R1W' to 'max_pool_32_16_s_p_ZZ8max_poolILi32ELi16EEvRN3hls6streamI8ap_fixedILi8ELi4EL9Mgi' due to the length limit 80
INFO: [SYN 201-210] Renamed object name 'max_pool_32_16_s_p_ZZ8max_poolILi32ELi16EEvRN3hls6streamI8ap_fixedILi8ELi4EL9ap_q_mode0EL9ap_o_mod_12_RAM_AUTO_1R1W' to 'max_pool_32_16_s_p_ZZ8max_poolILi32ELi16EEvRN3hls6streamI8ap_fixedILi8ELi4EL9Ngs' due to the length limit 80
INFO: [SYN 201-210] Renamed object name 'max_pool_32_16_s_p_ZZ8max_poolILi32ELi16EEvRN3hls6streamI8ap_fixedILi8ELi4EL9ap_q_mode0EL9ap_o_mod_11_RAM_AUTO_1R1W' to 'max_pool_32_16_s_p_ZZ8max_poolILi32ELi16EEvRN3hls6streamI8ap_fixedILi8ELi4EL9OgC' due to the length limit 80
INFO: [SYN 201-210] Renamed object name 'max_pool_32_16_s_p_ZZ8max_poolILi32ELi16EEvRN3hls6streamI8ap_fixedILi8ELi4EL9ap_q_mode0EL9ap_o_mod_10_RAM_AUTO_1R1W' to 'max_pool_32_16_s_p_ZZ8max_poolILi32ELi16EEvRN3hls6streamI8ap_fixedILi8ELi4EL9PgM' due to the length limit 80
INFO: [SYN 201-210] Renamed object name 'max_pool_32_16_s_p_ZZ8max_poolILi32ELi16EEvRN3hls6streamI8ap_fixedILi8ELi4EL9ap_q_mode0EL9ap_o_mod_9_RAM_AUTO_1R1W' to 'max_pool_32_16_s_p_ZZ8max_poolILi32ELi16EEvRN3hls6streamI8ap_fixedILi8ELi4EL9QgW' due to the length limit 80
INFO: [SYN 201-210] Renamed object name 'max_pool_32_16_s_p_ZZ8max_poolILi32ELi16EEvRN3hls6streamI8ap_fixedILi8ELi4EL9ap_q_mode0EL9ap_o_mod_8_RAM_AUTO_1R1W' to 'max_pool_32_16_s_p_ZZ8max_poolILi32ELi16EEvRN3hls6streamI8ap_fixedILi8ELi4EL9Rg6' due to the length limit 80
INFO: [SYN 201-210] Renamed object name 'max_pool_32_16_s_p_ZZ8max_poolILi32ELi16EEvRN3hls6streamI8ap_fixedILi8ELi4EL9ap_q_mode0EL9ap_o_mod_7_RAM_AUTO_1R1W' to 'max_pool_32_16_s_p_ZZ8max_poolILi32ELi16EEvRN3hls6streamI8ap_fixedILi8ELi4EL9Shg' due to the length limit 80
INFO: [SYN 201-210] Renamed object name 'max_pool_32_16_s_p_ZZ8max_poolILi32ELi16EEvRN3hls6streamI8ap_fixedILi8ELi4EL9ap_q_mode0EL9ap_o_mod_6_RAM_AUTO_1R1W' to 'max_pool_32_16_s_p_ZZ8max_poolILi32ELi16EEvRN3hls6streamI8ap_fixedILi8ELi4EL9Thq' due to the length limit 80
INFO: [SYN 201-210] Renamed object name 'max_pool_32_16_s_p_ZZ8max_poolILi32ELi16EEvRN3hls6streamI8ap_fixedILi8ELi4EL9ap_q_mode0EL9ap_o_mod_5_RAM_AUTO_1R1W' to 'max_pool_32_16_s_p_ZZ8max_poolILi32ELi16EEvRN3hls6streamI8ap_fixedILi8ELi4EL9UhA' due to the length limit 80
INFO: [SYN 201-210] Renamed object name 'max_pool_32_16_s_p_ZZ8max_poolILi32ELi16EEvRN3hls6streamI8ap_fixedILi8ELi4EL9ap_q_mode0EL9ap_o_mod_4_RAM_AUTO_1R1W' to 'max_pool_32_16_s_p_ZZ8max_poolILi32ELi16EEvRN3hls6streamI8ap_fixedILi8ELi4EL9VhK' due to the length limit 80
INFO: [SYN 201-210] Renamed object name 'max_pool_32_16_s_p_ZZ8max_poolILi32ELi16EEvRN3hls6streamI8ap_fixedILi8ELi4EL9ap_q_mode0EL9ap_o_mod_3_RAM_AUTO_1R1W' to 'max_pool_32_16_s_p_ZZ8max_poolILi32ELi16EEvRN3hls6streamI8ap_fixedILi8ELi4EL9WhU' due to the length limit 80
INFO: [SYN 201-210] Renamed object name 'max_pool_32_16_s_p_ZZ8max_poolILi32ELi16EEvRN3hls6streamI8ap_fixedILi8ELi4EL9ap_q_mode0EL9ap_o_mod_2_RAM_AUTO_1R1W' to 'max_pool_32_16_s_p_ZZ8max_poolILi32ELi16EEvRN3hls6streamI8ap_fixedILi8ELi4EL9Xh4' due to the length limit 80
INFO: [SYN 201-210] Renamed object name 'max_pool_32_16_s_p_ZZ8max_poolILi32ELi16EEvRN3hls6streamI8ap_fixedILi8ELi4EL9ap_q_mode0EL9ap_o_mod_1_RAM_AUTO_1R1W' to 'max_pool_32_16_s_p_ZZ8max_poolILi32ELi16EEvRN3hls6streamI8ap_fixedILi8ELi4EL9Yie' due to the length limit 80
INFO: [SYN 201-210] Renamed object name 'max_pool_32_16_s_p_ZZ8max_poolILi32ELi16EEvRN3hls6streamI8ap_fixedILi8ELi4EL9ap_q_mode0EL9ap_o_mod_RAM_AUTO_1R1W' to 'max_pool_32_16_s_p_ZZ8max_poolILi32ELi16EEvRN3hls6streamI8ap_fixedILi8ELi4EL9Zio' due to the length limit 80
INFO: [SYN 201-210] Renamed object name 'max_pool_32_16_s_void_max_pool_stream_stream_ap_fixed_8_4_0_0_0_0_pool_buff_19_RAM_AUTO_1R1W' to 'max_pool_32_16_s_void_max_pool_stream_stream_ap_fixed_8_4_0_0_0_0_pool_buff_10iy' due to the length limit 80
INFO: [HLS 200-1030] Apply Unified Pipeline Control on module 'max_pool_32_16_s' pipeline 'VITIS_LOOP_111_1_VITIS_LOOP_112_2' pipeline type 'loop pipeline'
INFO: [RTGEN 206-100] Finished creating RTL model for 'max_pool_32_16_s'.
INFO: [RTMG 210-278] Implementing memory 'vgg_accelerator_max_pool_32_16_s_void_max_pool_stream_stream_ap_fixed_8_4_0_0_0_0_pool_buff_1vdy' using auto RAMs.
INFO: [RTMG 210-278] Implementing memory 'vgg_accelerator_max_pool_32_16_s_p_ZZ8max_poolILi32ELi16EEvRN3hls6streamI8ap_fixedILi8ELi4EL9Zio' using auto RAMs.
INFO: [HLS 200-111] Finished Creating RTL model: CPU user time: 1 seconds. CPU system time: 1 seconds. Elapsed time: 2.524 seconds; current allocated memory: 661.207 MB.
INFO: [HLS 200-10] ----------------------------------------------------------------
INFO: [HLS 200-10] -- Generating RTL for module 'layer_block_32_64_8_Pipeline_VITIS_LOOP_32_1_VITIS_LOOP_33_2_VITIS_LOOP_34_3' 
INFO: [HLS 200-10] ----------------------------------------------------------------
INFO: [RTGEN 206-100] Finished creating RTL model for 'layer_block_32_64_8_Pipeline_VITIS_LOOP_32_1_VITIS_LOOP_33_2_VITIS_LOOP_34_3'.
INFO: [HLS 200-111] Finished Creating RTL model: CPU user time: 2 seconds. CPU system time: 0 seconds. Elapsed time: 1.959 seconds; current allocated memory: 678.172 MB.
INFO: [HLS 200-10] ----------------------------------------------------------------
INFO: [HLS 200-10] -- Generating RTL for module 'layer_block_32_64_8_Pipeline_VITIS_LOOP_43_6' 
INFO: [HLS 200-10] ----------------------------------------------------------------
INFO: [HLS 200-1030] Apply Unified Pipeline Control on module 'layer_block_32_64_8_Pipeline_VITIS_LOOP_43_6' pipeline 'VITIS_LOOP_43_6' pipeline type 'loop pipeline'
INFO: [HLS 200-1553] Disabling free running pipeline (frp) architecture on pipeline 'VITIS_LOOP_43_6' in module 'layer_block_32_64_8_Pipeline_VITIS_LOOP_43_6', because the estimated Stream Port Number is 26, which is bigger than the frp_stream_port_number threshold of 20.
INFO: [RTGEN 206-100] Generating core module 'mux_325_8_1_1': 1 instance(s).
INFO: [RTGEN 206-100] Finished creating RTL model for 'layer_block_32_64_8_Pipeline_VITIS_LOOP_43_6'.
INFO: [HLS 200-111] Finished Creating RTL model: CPU user time: 1 seconds. CPU system time: 0 seconds. Elapsed time: 1.55 seconds; current allocated memory: 683.188 MB.
INFO: [HLS 200-10] ----------------------------------------------------------------
INFO: [HLS 200-10] -- Generating RTL for module 'layer_block_32_64_8_Pipeline_VITIS_LOOP_79_8' 
INFO: [HLS 200-10] ----------------------------------------------------------------
INFO: [HLS 200-1030] Apply Unified Pipeline Control on module 'layer_block_32_64_8_Pipeline_VITIS_LOOP_79_8' pipeline 'VITIS_LOOP_79_8' pipeline type 'loop pipeline'
INFO: [RTGEN 206-100] Generating core module 'mul_8s_5s_12_1_1': 9 instance(s).
INFO: [RTGEN 206-100] Generating core module 'mux_325_8_1_1': 9 instance(s).
INFO: [RTGEN 206-100] Finished creating RTL model for 'layer_block_32_64_8_Pipeline_VITIS_LOOP_79_8'.
INFO: [RTMG 210-279] Implementing memory 'vgg_accelerator_layer_block_32_64_8_Pipeline_VITIS_LOOP_79_8_conv3_weights_ROM_AUTO_1R' using auto ROMs.
INFO: [HLS 200-111] Finished Creating RTL model: CPU user time: 1 seconds. CPU system time: 0 seconds. Elapsed time: 1.655 seconds; current allocated memory: 718.801 MB.
INFO: [HLS 200-10] ----------------------------------------------------------------
INFO: [HLS 200-10] -- Generating RTL for module 'layer_block_32_64_8_s' 
INFO: [HLS 200-10] ----------------------------------------------------------------
INFO: [SYN 201-210] Renamed object name 'layer_block_32_64_8_s_void_layer_block_stream_stream_signed_char_const_32_3_3_signed_char_con_1_RAM_AUTO_1R1W' to 'layer_block_32_64_8_s_void_layer_block_stream_stream_signed_char_const_32_3_31iI' due to the length limit 80
INFO: [SYN 201-210] Renamed object name 'layer_block_32_64_8_s_void_layer_block_stream_stream_signed_char_const_32_3_3_signed_char_con_RAM_AUTO_1R1W' to 'layer_block_32_64_8_s_void_layer_block_stream_stream_signed_char_const_32_3_32iS' due to the length limit 80
INFO: [RTGEN 206-100] Finished creating RTL model for 'layer_block_32_64_8_s'.
INFO: [RTMG 210-278] Implementing memory 'vgg_accelerator_layer_block_32_64_8_s_void_layer_block_stream_stream_signed_char_const_32_3_31iI' using auto RAMs.
INFO: [RTMG 210-279] Implementing memory 'vgg_accelerator_layer_block_32_64_8_s_conv3_bias_ROM_AUTO_1R' using auto ROMs.
INFO: [HLS 200-111] Finished Creating RTL model: CPU user time: 1 seconds. CPU system time: 0 seconds. Elapsed time: 1.328 seconds; current allocated memory: 732.043 MB.
INFO: [HLS 200-10] ----------------------------------------------------------------
INFO: [HLS 200-10] -- Generating RTL for module 'max_pool_64_8_s' 
INFO: [HLS 200-10] ----------------------------------------------------------------
INFO: [SYN 201-210] Renamed object name 'max_pool_64_8_s_void_max_pool_stream_stream_ap_fixed_8_4_0_0_0_0_pool_buff_8_RAM_AUTO_1R1W' to 'max_pool_64_8_s_void_max_pool_stream_stream_ap_fixed_8_4_0_0_0_0_pool_buff_8_3i2' due to the length limit 80
INFO: [SYN 201-210] Renamed object name 'max_pool_64_8_s_void_max_pool_stream_stream_ap_fixed_8_4_0_0_0_0_pool_buff_7_RAM_AUTO_1R1W' to 'max_pool_64_8_s_void_max_pool_stream_stream_ap_fixed_8_4_0_0_0_0_pool_buff_7_4jc' due to the length limit 80
INFO: [SYN 201-210] Renamed object name 'max_pool_64_8_s_void_max_pool_stream_stream_ap_fixed_8_4_0_0_0_0_pool_buff_6_RAM_AUTO_1R1W' to 'max_pool_64_8_s_void_max_pool_stream_stream_ap_fixed_8_4_0_0_0_0_pool_buff_6_5jm' due to the length limit 80
INFO: [SYN 201-210] Renamed object name 'max_pool_64_8_s_void_max_pool_stream_stream_ap_fixed_8_4_0_0_0_0_pool_buff_5_RAM_AUTO_1R1W' to 'max_pool_64_8_s_void_max_pool_stream_stream_ap_fixed_8_4_0_0_0_0_pool_buff_5_6jw' due to the length limit 80
INFO: [SYN 201-210] Renamed object name 'max_pool_64_8_s_void_max_pool_stream_stream_ap_fixed_8_4_0_0_0_0_pool_buff_4_RAM_AUTO_1R1W' to 'max_pool_64_8_s_void_max_pool_stream_stream_ap_fixed_8_4_0_0_0_0_pool_buff_4_7jG' due to the length limit 80
INFO: [SYN 201-210] Renamed object name 'max_pool_64_8_s_void_max_pool_stream_stream_ap_fixed_8_4_0_0_0_0_pool_buff_3_RAM_AUTO_1R1W' to 'max_pool_64_8_s_void_max_pool_stream_stream_ap_fixed_8_4_0_0_0_0_pool_buff_3_8jQ' due to the length limit 80
INFO: [SYN 201-210] Renamed object name 'max_pool_64_8_s_void_max_pool_stream_stream_ap_fixed_8_4_0_0_0_0_pool_buff_2_RAM_AUTO_1R1W' to 'max_pool_64_8_s_void_max_pool_stream_stream_ap_fixed_8_4_0_0_0_0_pool_buff_2_9j0' due to the length limit 80
INFO: [SYN 201-210] Renamed object name 'max_pool_64_8_s_void_max_pool_stream_stream_ap_fixed_8_4_0_0_0_0_pool_buff_1_RAM_AUTO_1R1W' to 'max_pool_64_8_s_void_max_pool_stream_stream_ap_fixed_8_4_0_0_0_0_pool_buff_1_bak' due to the length limit 80
INFO: [SYN 201-210] Renamed object name 'max_pool_64_8_s_void_max_pool_stream_stream_ap_fixed_8_4_0_0_0_0_pool_buff_RAM_AUTO_1R1W' to 'max_pool_64_8_s_void_max_pool_stream_stream_ap_fixed_8_4_0_0_0_0_pool_buff_RAbbk' due to the length limit 80
INFO: [SYN 201-210] Renamed object name 'max_pool_64_8_s_p_ZZ8max_poolILi64ELi8EEvRN3hls6streamI8ap_fixedILi8ELi4EL9ap_q_mode0EL9ap_o_mode_53_RAM_AUTO_1R1W' to 'max_pool_64_8_s_p_ZZ8max_poolILi64ELi8EEvRN3hls6streamI8ap_fixedILi8ELi4EL9apbck' due to the length limit 80
INFO: [SYN 201-210] Renamed object name 'max_pool_64_8_s_p_ZZ8max_poolILi64ELi8EEvRN3hls6streamI8ap_fixedILi8ELi4EL9ap_q_mode0EL9ap_o_mode_52_RAM_AUTO_1R1W' to 'max_pool_64_8_s_p_ZZ8max_poolILi64ELi8EEvRN3hls6streamI8ap_fixedILi8ELi4EL9apbdk' due to the length limit 80
INFO: [SYN 201-210] Renamed object name 'max_pool_64_8_s_p_ZZ8max_poolILi64ELi8EEvRN3hls6streamI8ap_fixedILi8ELi4EL9ap_q_mode0EL9ap_o_mode_51_RAM_AUTO_1R1W' to 'max_pool_64_8_s_p_ZZ8max_poolILi64ELi8EEvRN3hls6streamI8ap_fixedILi8ELi4EL9apbek' due to the length limit 80
INFO: [SYN 201-210] Renamed object name 'max_pool_64_8_s_p_ZZ8max_poolILi64ELi8EEvRN3hls6streamI8ap_fixedILi8ELi4EL9ap_q_mode0EL9ap_o_mode_50_RAM_AUTO_1R1W' to 'max_pool_64_8_s_p_ZZ8max_poolILi64ELi8EEvRN3hls6streamI8ap_fixedILi8ELi4EL9apbfk' due to the length limit 80
INFO: [SYN 201-210] Renamed object name 'max_pool_64_8_s_p_ZZ8max_poolILi64ELi8EEvRN3hls6streamI8ap_fixedILi8ELi4EL9ap_q_mode0EL9ap_o_mode_49_RAM_AUTO_1R1W' to 'max_pool_64_8_s_p_ZZ8max_poolILi64ELi8EEvRN3hls6streamI8ap_fixedILi8ELi4EL9apbgk' due to the length limit 80
INFO: [SYN 201-210] Renamed object name 'max_pool_64_8_s_p_ZZ8max_poolILi64ELi8EEvRN3hls6streamI8ap_fixedILi8ELi4EL9ap_q_mode0EL9ap_o_mode_48_RAM_AUTO_1R1W' to 'max_pool_64_8_s_p_ZZ8max_poolILi64ELi8EEvRN3hls6streamI8ap_fixedILi8ELi4EL9apbhl' due to the length limit 80
INFO: [SYN 201-210] Renamed object name 'max_pool_64_8_s_p_ZZ8max_poolILi64ELi8EEvRN3hls6streamI8ap_fixedILi8ELi4EL9ap_q_mode0EL9ap_o_mode_47_RAM_AUTO_1R1W' to 'max_pool_64_8_s_p_ZZ8max_poolILi64ELi8EEvRN3hls6streamI8ap_fixedILi8ELi4EL9apbil' due to the length limit 80
INFO: [SYN 201-210] Renamed object name 'max_pool_64_8_s_p_ZZ8max_poolILi64ELi8EEvRN3hls6streamI8ap_fixedILi8ELi4EL9ap_q_mode0EL9ap_o_mode_46_RAM_AUTO_1R1W' to 'max_pool_64_8_s_p_ZZ8max_poolILi64ELi8EEvRN3hls6streamI8ap_fixedILi8ELi4EL9apbjl' due to the length limit 80
INFO: [SYN 201-210] Renamed object name 'max_pool_64_8_s_p_ZZ8max_poolILi64ELi8EEvRN3hls6streamI8ap_fixedILi8ELi4EL9ap_q_mode0EL9ap_o_mode_45_RAM_AUTO_1R1W' to 'max_pool_64_8_s_p_ZZ8max_poolILi64ELi8EEvRN3hls6streamI8ap_fixedILi8ELi4EL9apbkl' due to the length limit 80
INFO: [SYN 201-210] Renamed object name 'max_pool_64_8_s_p_ZZ8max_poolILi64ELi8EEvRN3hls6streamI8ap_fixedILi8ELi4EL9ap_q_mode0EL9ap_o_mode_44_RAM_AUTO_1R1W' to 'max_pool_64_8_s_p_ZZ8max_poolILi64ELi8EEvRN3hls6streamI8ap_fixedILi8ELi4EL9apbll' due to the length limit 80
INFO: [SYN 201-210] Renamed object name 'max_pool_64_8_s_p_ZZ8max_poolILi64ELi8EEvRN3hls6streamI8ap_fixedILi8ELi4EL9ap_q_mode0EL9ap_o_mode_43_RAM_AUTO_1R1W' to 'max_pool_64_8_s_p_ZZ8max_poolILi64ELi8EEvRN3hls6streamI8ap_fixedILi8ELi4EL9apbml' due to the length limit 80
INFO: [SYN 201-210] Renamed object name 'max_pool_64_8_s_p_ZZ8max_poolILi64ELi8EEvRN3hls6streamI8ap_fixedILi8ELi4EL9ap_q_mode0EL9ap_o_mode_42_RAM_AUTO_1R1W' to 'max_pool_64_8_s_p_ZZ8max_poolILi64ELi8EEvRN3hls6streamI8ap_fixedILi8ELi4EL9apbnm' due to the length limit 80
INFO: [SYN 201-210] Renamed object name 'max_pool_64_8_s_p_ZZ8max_poolILi64ELi8EEvRN3hls6streamI8ap_fixedILi8ELi4EL9ap_q_mode0EL9ap_o_mode_41_RAM_AUTO_1R1W' to 'max_pool_64_8_s_p_ZZ8max_poolILi64ELi8EEvRN3hls6streamI8ap_fixedILi8ELi4EL9apbom' due to the length limit 80
INFO: [SYN 201-210] Renamed object name 'max_pool_64_8_s_p_ZZ8max_poolILi64ELi8EEvRN3hls6streamI8ap_fixedILi8ELi4EL9ap_q_mode0EL9ap_o_mode_40_RAM_AUTO_1R1W' to 'max_pool_64_8_s_p_ZZ8max_poolILi64ELi8EEvRN3hls6streamI8ap_fixedILi8ELi4EL9apbpm' due to the length limit 80
INFO: [SYN 201-210] Renamed object name 'max_pool_64_8_s_p_ZZ8max_poolILi64ELi8EEvRN3hls6streamI8ap_fixedILi8ELi4EL9ap_q_mode0EL9ap_o_mode_39_RAM_AUTO_1R1W' to 'max_pool_64_8_s_p_ZZ8max_poolILi64ELi8EEvRN3hls6streamI8ap_fixedILi8ELi4EL9apbqm' due to the length limit 80
INFO: [SYN 201-210] Renamed object name 'max_pool_64_8_s_p_ZZ8max_poolILi64ELi8EEvRN3hls6streamI8ap_fixedILi8ELi4EL9ap_q_mode0EL9ap_o_mode_38_RAM_AUTO_1R1W' to 'max_pool_64_8_s_p_ZZ8max_poolILi64ELi8EEvRN3hls6streamI8ap_fixedILi8ELi4EL9apbrm' due to the length limit 80
INFO: [SYN 201-210] Renamed object name 'max_pool_64_8_s_p_ZZ8max_poolILi64ELi8EEvRN3hls6streamI8ap_fixedILi8ELi4EL9ap_q_mode0EL9ap_o_mode_37_RAM_AUTO_1R1W' to 'max_pool_64_8_s_p_ZZ8max_poolILi64ELi8EEvRN3hls6streamI8ap_fixedILi8ELi4EL9apbsm' due to the length limit 80
INFO: [SYN 201-210] Renamed object name 'max_pool_64_8_s_p_ZZ8max_poolILi64ELi8EEvRN3hls6streamI8ap_fixedILi8ELi4EL9ap_q_mode0EL9ap_o_mode_36_RAM_AUTO_1R1W' to 'max_pool_64_8_s_p_ZZ8max_poolILi64ELi8EEvRN3hls6streamI8ap_fixedILi8ELi4EL9apbtn' due to the length limit 80
INFO: [SYN 201-210] Renamed object name 'max_pool_64_8_s_p_ZZ8max_poolILi64ELi8EEvRN3hls6streamI8ap_fixedILi8ELi4EL9ap_q_mode0EL9ap_o_mode_35_RAM_AUTO_1R1W' to 'max_pool_64_8_s_p_ZZ8max_poolILi64ELi8EEvRN3hls6streamI8ap_fixedILi8ELi4EL9apbun' due to the length limit 80
INFO: [SYN 201-210] Renamed object name 'max_pool_64_8_s_p_ZZ8max_poolILi64ELi8EEvRN3hls6streamI8ap_fixedILi8ELi4EL9ap_q_mode0EL9ap_o_mode_34_RAM_AUTO_1R1W' to 'max_pool_64_8_s_p_ZZ8max_poolILi64ELi8EEvRN3hls6streamI8ap_fixedILi8ELi4EL9apbvn' due to the length limit 80
INFO: [SYN 201-210] Renamed object name 'max_pool_64_8_s_p_ZZ8max_poolILi64ELi8EEvRN3hls6streamI8ap_fixedILi8ELi4EL9ap_q_mode0EL9ap_o_mode_33_RAM_AUTO_1R1W' to 'max_pool_64_8_s_p_ZZ8max_poolILi64ELi8EEvRN3hls6streamI8ap_fixedILi8ELi4EL9apbwn' due to the length limit 80
INFO: [SYN 201-210] Renamed object name 'max_pool_64_8_s_p_ZZ8max_poolILi64ELi8EEvRN3hls6streamI8ap_fixedILi8ELi4EL9ap_q_mode0EL9ap_o_mode_32_RAM_AUTO_1R1W' to 'max_pool_64_8_s_p_ZZ8max_poolILi64ELi8EEvRN3hls6streamI8ap_fixedILi8ELi4EL9apbxn' due to the length limit 80
INFO: [SYN 201-210] Renamed object name 'max_pool_64_8_s_p_ZZ8max_poolILi64ELi8EEvRN3hls6streamI8ap_fixedILi8ELi4EL9ap_q_mode0EL9ap_o_mode_31_RAM_AUTO_1R1W' to 'max_pool_64_8_s_p_ZZ8max_poolILi64ELi8EEvRN3hls6streamI8ap_fixedILi8ELi4EL9apbyn' due to the length limit 80
INFO: [SYN 201-210] Renamed object name 'max_pool_64_8_s_p_ZZ8max_poolILi64ELi8EEvRN3hls6streamI8ap_fixedILi8ELi4EL9ap_q_mode0EL9ap_o_mode_30_RAM_AUTO_1R1W' to 'max_pool_64_8_s_p_ZZ8max_poolILi64ELi8EEvRN3hls6streamI8ap_fixedILi8ELi4EL9apbzo' due to the length limit 80
INFO: [SYN 201-210] Renamed object name 'max_pool_64_8_s_p_ZZ8max_poolILi64ELi8EEvRN3hls6streamI8ap_fixedILi8ELi4EL9ap_q_mode0EL9ap_o_mode_29_RAM_AUTO_1R1W' to 'max_pool_64_8_s_p_ZZ8max_poolILi64ELi8EEvRN3hls6streamI8ap_fixedILi8ELi4EL9apbAo' due to the length limit 80
INFO: [SYN 201-210] Renamed object name 'max_pool_64_8_s_p_ZZ8max_poolILi64ELi8EEvRN3hls6streamI8ap_fixedILi8ELi4EL9ap_q_mode0EL9ap_o_mode_28_RAM_AUTO_1R1W' to 'max_pool_64_8_s_p_ZZ8max_poolILi64ELi8EEvRN3hls6streamI8ap_fixedILi8ELi4EL9apbBo' due to the length limit 80
INFO: [SYN 201-210] Renamed object name 'max_pool_64_8_s_p_ZZ8max_poolILi64ELi8EEvRN3hls6streamI8ap_fixedILi8ELi4EL9ap_q_mode0EL9ap_o_mode_27_RAM_AUTO_1R1W' to 'max_pool_64_8_s_p_ZZ8max_poolILi64ELi8EEvRN3hls6streamI8ap_fixedILi8ELi4EL9apbCo' due to the length limit 80
INFO: [SYN 201-210] Renamed object name 'max_pool_64_8_s_p_ZZ8max_poolILi64ELi8EEvRN3hls6streamI8ap_fixedILi8ELi4EL9ap_q_mode0EL9ap_o_mode_26_RAM_AUTO_1R1W' to 'max_pool_64_8_s_p_ZZ8max_poolILi64ELi8EEvRN3hls6streamI8ap_fixedILi8ELi4EL9apbDo' due to the length limit 80
INFO: [SYN 201-210] Renamed object name 'max_pool_64_8_s_p_ZZ8max_poolILi64ELi8EEvRN3hls6streamI8ap_fixedILi8ELi4EL9ap_q_mode0EL9ap_o_mode_25_RAM_AUTO_1R1W' to 'max_pool_64_8_s_p_ZZ8max_poolILi64ELi8EEvRN3hls6streamI8ap_fixedILi8ELi4EL9apbEo' due to the length limit 80
INFO: [SYN 201-210] Renamed object name 'max_pool_64_8_s_p_ZZ8max_poolILi64ELi8EEvRN3hls6streamI8ap_fixedILi8ELi4EL9ap_q_mode0EL9ap_o_mode_24_RAM_AUTO_1R1W' to 'max_pool_64_8_s_p_ZZ8max_poolILi64ELi8EEvRN3hls6streamI8ap_fixedILi8ELi4EL9apbFp' due to the length limit 80
INFO: [SYN 201-210] Renamed object name 'max_pool_64_8_s_p_ZZ8max_poolILi64ELi8EEvRN3hls6streamI8ap_fixedILi8ELi4EL9ap_q_mode0EL9ap_o_mode_23_RAM_AUTO_1R1W' to 'max_pool_64_8_s_p_ZZ8max_poolILi64ELi8EEvRN3hls6streamI8ap_fixedILi8ELi4EL9apbGp' due to the length limit 80
INFO: [SYN 201-210] Renamed object name 'max_pool_64_8_s_p_ZZ8max_poolILi64ELi8EEvRN3hls6streamI8ap_fixedILi8ELi4EL9ap_q_mode0EL9ap_o_mode_22_RAM_AUTO_1R1W' to 'max_pool_64_8_s_p_ZZ8max_poolILi64ELi8EEvRN3hls6streamI8ap_fixedILi8ELi4EL9apbHp' due to the length limit 80
INFO: [SYN 201-210] Renamed object name 'max_pool_64_8_s_p_ZZ8max_poolILi64ELi8EEvRN3hls6streamI8ap_fixedILi8ELi4EL9ap_q_mode0EL9ap_o_mode_21_RAM_AUTO_1R1W' to 'max_pool_64_8_s_p_ZZ8max_poolILi64ELi8EEvRN3hls6streamI8ap_fixedILi8ELi4EL9apbIp' due to the length limit 80
INFO: [SYN 201-210] Renamed object name 'max_pool_64_8_s_p_ZZ8max_poolILi64ELi8EEvRN3hls6streamI8ap_fixedILi8ELi4EL9ap_q_mode0EL9ap_o_mode_20_RAM_AUTO_1R1W' to 'max_pool_64_8_s_p_ZZ8max_poolILi64ELi8EEvRN3hls6streamI8ap_fixedILi8ELi4EL9apbJp' due to the length limit 80
INFO: [SYN 201-210] Renamed object name 'max_pool_64_8_s_p_ZZ8max_poolILi64ELi8EEvRN3hls6streamI8ap_fixedILi8ELi4EL9ap_q_mode0EL9ap_o_mode_19_RAM_AUTO_1R1W' to 'max_pool_64_8_s_p_ZZ8max_poolILi64ELi8EEvRN3hls6streamI8ap_fixedILi8ELi4EL9apbKp' due to the length limit 80
INFO: [SYN 201-210] Renamed object name 'max_pool_64_8_s_p_ZZ8max_poolILi64ELi8EEvRN3hls6streamI8ap_fixedILi8ELi4EL9ap_q_mode0EL9ap_o_mode_18_RAM_AUTO_1R1W' to 'max_pool_64_8_s_p_ZZ8max_poolILi64ELi8EEvRN3hls6streamI8ap_fixedILi8ELi4EL9apbLp' due to the length limit 80
INFO: [SYN 201-210] Renamed object name 'max_pool_64_8_s_p_ZZ8max_poolILi64ELi8EEvRN3hls6streamI8ap_fixedILi8ELi4EL9ap_q_mode0EL9ap_o_mode_17_RAM_AUTO_1R1W' to 'max_pool_64_8_s_p_ZZ8max_poolILi64ELi8EEvRN3hls6streamI8ap_fixedILi8ELi4EL9apbMq' due to the length limit 80
INFO: [SYN 201-210] Renamed object name 'max_pool_64_8_s_p_ZZ8max_poolILi64ELi8EEvRN3hls6streamI8ap_fixedILi8ELi4EL9ap_q_mode0EL9ap_o_mode_16_RAM_AUTO_1R1W' to 'max_pool_64_8_s_p_ZZ8max_poolILi64ELi8EEvRN3hls6streamI8ap_fixedILi8ELi4EL9apbNq' due to the length limit 80
INFO: [SYN 201-210] Renamed object name 'max_pool_64_8_s_p_ZZ8max_poolILi64ELi8EEvRN3hls6streamI8ap_fixedILi8ELi4EL9ap_q_mode0EL9ap_o_mode_15_RAM_AUTO_1R1W' to 'max_pool_64_8_s_p_ZZ8max_poolILi64ELi8EEvRN3hls6streamI8ap_fixedILi8ELi4EL9apbOq' due to the length limit 80
INFO: [SYN 201-210] Renamed object name 'max_pool_64_8_s_p_ZZ8max_poolILi64ELi8EEvRN3hls6streamI8ap_fixedILi8ELi4EL9ap_q_mode0EL9ap_o_mode_14_RAM_AUTO_1R1W' to 'max_pool_64_8_s_p_ZZ8max_poolILi64ELi8EEvRN3hls6streamI8ap_fixedILi8ELi4EL9apbPq' due to the length limit 80
INFO: [SYN 201-210] Renamed object name 'max_pool_64_8_s_p_ZZ8max_poolILi64ELi8EEvRN3hls6streamI8ap_fixedILi8ELi4EL9ap_q_mode0EL9ap_o_mode_13_RAM_AUTO_1R1W' to 'max_pool_64_8_s_p_ZZ8max_poolILi64ELi8EEvRN3hls6streamI8ap_fixedILi8ELi4EL9apbQq' due to the length limit 80
INFO: [SYN 201-210] Renamed object name 'max_pool_64_8_s_p_ZZ8max_poolILi64ELi8EEvRN3hls6streamI8ap_fixedILi8ELi4EL9ap_q_mode0EL9ap_o_mode_12_RAM_AUTO_1R1W' to 'max_pool_64_8_s_p_ZZ8max_poolILi64ELi8EEvRN3hls6streamI8ap_fixedILi8ELi4EL9apbRq' due to the length limit 80
INFO: [SYN 201-210] Renamed object name 'max_pool_64_8_s_p_ZZ8max_poolILi64ELi8EEvRN3hls6streamI8ap_fixedILi8ELi4EL9ap_q_mode0EL9ap_o_mode_11_RAM_AUTO_1R1W' to 'max_pool_64_8_s_p_ZZ8max_poolILi64ELi8EEvRN3hls6streamI8ap_fixedILi8ELi4EL9apbSr' due to the length limit 80
INFO: [SYN 201-210] Renamed object name 'max_pool_64_8_s_p_ZZ8max_poolILi64ELi8EEvRN3hls6streamI8ap_fixedILi8ELi4EL9ap_q_mode0EL9ap_o_mode_10_RAM_AUTO_1R1W' to 'max_pool_64_8_s_p_ZZ8max_poolILi64ELi8EEvRN3hls6streamI8ap_fixedILi8ELi4EL9apbTr' due to the length limit 80
INFO: [SYN 201-210] Renamed object name 'max_pool_64_8_s_p_ZZ8max_poolILi64ELi8EEvRN3hls6streamI8ap_fixedILi8ELi4EL9ap_q_mode0EL9ap_o_mode_9_RAM_AUTO_1R1W' to 'max_pool_64_8_s_p_ZZ8max_poolILi64ELi8EEvRN3hls6streamI8ap_fixedILi8ELi4EL9apbUr' due to the length limit 80
INFO: [SYN 201-210] Renamed object name 'max_pool_64_8_s_p_ZZ8max_poolILi64ELi8EEvRN3hls6streamI8ap_fixedILi8ELi4EL9ap_q_mode0EL9ap_o_mode_8_RAM_AUTO_1R1W' to 'max_pool_64_8_s_p_ZZ8max_poolILi64ELi8EEvRN3hls6streamI8ap_fixedILi8ELi4EL9apbVr' due to the length limit 80
INFO: [SYN 201-210] Renamed object name 'max_pool_64_8_s_p_ZZ8max_poolILi64ELi8EEvRN3hls6streamI8ap_fixedILi8ELi4EL9ap_q_mode0EL9ap_o_mode_7_RAM_AUTO_1R1W' to 'max_pool_64_8_s_p_ZZ8max_poolILi64ELi8EEvRN3hls6streamI8ap_fixedILi8ELi4EL9apbWr' due to the length limit 80
INFO: [SYN 201-210] Renamed object name 'max_pool_64_8_s_p_ZZ8max_poolILi64ELi8EEvRN3hls6streamI8ap_fixedILi8ELi4EL9ap_q_mode0EL9ap_o_mode_6_RAM_AUTO_1R1W' to 'max_pool_64_8_s_p_ZZ8max_poolILi64ELi8EEvRN3hls6streamI8ap_fixedILi8ELi4EL9apbXr' due to the length limit 80
INFO: [SYN 201-210] Renamed object name 'max_pool_64_8_s_p_ZZ8max_poolILi64ELi8EEvRN3hls6streamI8ap_fixedILi8ELi4EL9ap_q_mode0EL9ap_o_mode_5_RAM_AUTO_1R1W' to 'max_pool_64_8_s_p_ZZ8max_poolILi64ELi8EEvRN3hls6streamI8ap_fixedILi8ELi4EL9apbYs' due to the length limit 80
INFO: [SYN 201-210] Renamed object name 'max_pool_64_8_s_p_ZZ8max_poolILi64ELi8EEvRN3hls6streamI8ap_fixedILi8ELi4EL9ap_q_mode0EL9ap_o_mode_4_RAM_AUTO_1R1W' to 'max_pool_64_8_s_p_ZZ8max_poolILi64ELi8EEvRN3hls6streamI8ap_fixedILi8ELi4EL9apbZs' due to the length limit 80
INFO: [SYN 201-210] Renamed object name 'max_pool_64_8_s_p_ZZ8max_poolILi64ELi8EEvRN3hls6streamI8ap_fixedILi8ELi4EL9ap_q_mode0EL9ap_o_mode_3_RAM_AUTO_1R1W' to 'max_pool_64_8_s_p_ZZ8max_poolILi64ELi8EEvRN3hls6streamI8ap_fixedILi8ELi4EL9apb0s' due to the length limit 80
INFO: [SYN 201-210] Renamed object name 'max_pool_64_8_s_p_ZZ8max_poolILi64ELi8EEvRN3hls6streamI8ap_fixedILi8ELi4EL9ap_q_mode0EL9ap_o_mode_2_RAM_AUTO_1R1W' to 'max_pool_64_8_s_p_ZZ8max_poolILi64ELi8EEvRN3hls6streamI8ap_fixedILi8ELi4EL9apb1s' due to the length limit 80
INFO: [SYN 201-210] Renamed object name 'max_pool_64_8_s_p_ZZ8max_poolILi64ELi8EEvRN3hls6streamI8ap_fixedILi8ELi4EL9ap_q_mode0EL9ap_o_mode_1_RAM_AUTO_1R1W' to 'max_pool_64_8_s_p_ZZ8max_poolILi64ELi8EEvRN3hls6streamI8ap_fixedILi8ELi4EL9apb2s' due to the length limit 80
INFO: [SYN 201-210] Renamed object name 'max_pool_64_8_s_p_ZZ8max_poolILi64ELi8EEvRN3hls6streamI8ap_fixedILi8ELi4EL9ap_q_mode0EL9ap_o_mode_RAM_AUTO_1R1W' to 'max_pool_64_8_s_p_ZZ8max_poolILi64ELi8EEvRN3hls6streamI8ap_fixedILi8ELi4EL9apb3s' due to the length limit 80
INFO: [SYN 201-210] Renamed object name 'max_pool_64_8_s_void_max_pool_stream_stream_ap_fixed_8_4_0_0_0_0_pool_buff_9_RAM_AUTO_1R1W' to 'max_pool_64_8_s_void_max_pool_stream_stream_ap_fixed_8_4_0_0_0_0_pool_buff_9_b4t' due to the length limit 80
INFO: [HLS 200-1030] Apply Unified Pipeline Control on module 'max_pool_64_8_s' pipeline 'VITIS_LOOP_111_1_VITIS_LOOP_112_2' pipeline type 'loop pipeline'
INFO: [RTGEN 206-100] Finished creating RTL model for 'max_pool_64_8_s'.
INFO: [RTMG 210-278] Implementing memory 'vgg_accelerator_max_pool_64_8_s_void_max_pool_stream_stream_ap_fixed_8_4_0_0_0_0_pool_buff_8_3i2' using auto RAMs.
INFO: [RTMG 210-278] Implementing memory 'vgg_accelerator_max_pool_64_8_s_p_ZZ8max_poolILi64ELi8EEvRN3hls6streamI8ap_fixedILi8ELi4EL9apb3s' using auto RAMs.
INFO: [HLS 200-111] Finished Creating RTL model: CPU user time: 2 seconds. CPU system time: 1 seconds. Elapsed time: 4.19 seconds; current allocated memory: 763.832 MB.
INFO: [HLS 200-10] ----------------------------------------------------------------
INFO: [HLS 200-10] -- Generating RTL for module 'dense_layer_Pipeline_VITIS_LOOP_142_1' 
INFO: [HLS 200-10] ----------------------------------------------------------------
INFO: [HLS 200-1030] Apply Unified Pipeline Control on module 'dense_layer_Pipeline_VITIS_LOOP_142_1' pipeline 'VITIS_LOOP_142_1' pipeline type 'loop pipeline'
INFO: [RTGEN 206-100] Finished creating RTL model for 'dense_layer_Pipeline_VITIS_LOOP_142_1'.
INFO: [HLS 200-111] Finished Creating RTL model: CPU user time: 3 seconds. CPU system time: 0 seconds. Elapsed time: 4.106 seconds; current allocated memory: 793.504 MB.
INFO: [HLS 200-10] ----------------------------------------------------------------
INFO: [HLS 200-10] -- Generating RTL for module 'dense_layer_Pipeline_VITIS_LOOP_150_3' 
INFO: [HLS 200-10] ----------------------------------------------------------------
INFO: [HLS 200-1030] Apply Unified Pipeline Control on module 'dense_layer_Pipeline_VITIS_LOOP_150_3' pipeline 'VITIS_LOOP_150_3' pipeline type 'loop pipeline'
INFO: [RTGEN 206-100] Generating core module 'mul_8s_5s_12_1_1': 1 instance(s).
INFO: [RTGEN 206-100] Finished creating RTL model for 'dense_layer_Pipeline_VITIS_LOOP_150_3'.
INFO: [RTMG 210-279] Implementing memory 'vgg_accelerator_dense_layer_Pipeline_VITIS_LOOP_150_3_dense_weights_ROM_AUTO_1R' using auto ROMs.
INFO: [HLS 200-111] Finished Creating RTL model: CPU user time: 0 seconds. CPU system time: 0 seconds. Elapsed time: 0.421 seconds; current allocated memory: 795.508 MB.
INFO: [HLS 200-10] ----------------------------------------------------------------
INFO: [HLS 200-10] -- Generating RTL for module 'dense_layer' 
INFO: [HLS 200-10] ----------------------------------------------------------------
INFO: [RTGEN 206-100] Finished creating RTL model for 'dense_layer'.
INFO: [RTMG 210-279] Implementing memory 'vgg_accelerator_dense_layer_dense_bias_ROM_AUTO_1R' using auto ROMs.
INFO: [RTMG 210-278] Implementing memory 'vgg_accelerator_dense_layer_flat_img_V_RAM_AUTO_1R1W' using auto RAMs.
INFO: [HLS 200-111] Finished Creating RTL model: CPU user time: 1 seconds. CPU system time: 0 seconds. Elapsed time: 0.651 seconds; current allocated memory: 797.961 MB.
INFO: [HLS 200-10] ----------------------------------------------------------------
INFO: [HLS 200-10] -- Generating RTL for module 'vgg_accelerator' 
INFO: [HLS 200-10] ----------------------------------------------------------------
WARNING: [RTGEN 206-101] Design contains AXI ports. Reset is fixed to synchronous and active low.
INFO: [RTGEN 206-500] Setting interface mode on port 'vgg_accelerator/INPUT_STREAM_V_data_V' to 'axis' (register, both mode).
INFO: [RTGEN 206-500] Setting interface mode on port 'vgg_accelerator/INPUT_STREAM_V_keep_V' to 'axis' (register, both mode).
INFO: [RTGEN 206-500] Setting interface mode on port 'vgg_accelerator/INPUT_STREAM_V_strb_V' to 'axis' (register, both mode).
INFO: [RTGEN 206-500] Setting interface mode on port 'vgg_accelerator/INPUT_STREAM_V_last_V' to 'axis' (register, both mode).
INFO: [RTGEN 206-500] Setting interface mode on port 'vgg_accelerator/OUTPUT_STREAM_V_data_V' to 'axis' (register, both mode).
INFO: [RTGEN 206-500] Setting interface mode on port 'vgg_accelerator/OUTPUT_STREAM_V_keep_V' to 'axis' (register, both mode).
INFO: [RTGEN 206-500] Setting interface mode on port 'vgg_accelerator/OUTPUT_STREAM_V_strb_V' to 'axis' (register, both mode).
INFO: [RTGEN 206-500] Setting interface mode on port 'vgg_accelerator/OUTPUT_STREAM_V_last_V' to 'axis' (register, both mode).
INFO: [RTGEN 206-500] Setting interface mode on function 'vgg_accelerator' to 's_axilite & ap_ctrl_hs'.
INFO: [RTGEN 206-100] Bundling port 'return' to AXI-Lite port CTRL_BUS.
INFO: [RTGEN 206-100] Finished creating RTL model for 'vgg_accelerator'.
INFO: [RTMG 210-285] Implementing FIFO 's_input_U(vgg_accelerator_fifo_w8_d128_S)' using Shift Registers.
INFO: [RTMG 210-285] Implementing FIFO 's_conv1_U(vgg_accelerator_fifo_w8_d128_S)' using Shift Registers.
INFO: [RTMG 210-285] Implementing FIFO 's_pool1_U(vgg_accelerator_fifo_w8_d128_S)' using Shift Registers.
INFO: [RTMG 210-285] Implementing FIFO 's_conv2_U(vgg_accelerator_fifo_w8_d64_S)' using Shift Registers.
INFO: [RTMG 210-285] Implementing FIFO 's_pool2_U(vgg_accelerator_fifo_w8_d64_S)' using Shift Registers.
INFO: [RTMG 210-285] Implementing FIFO 's_conv3_U(vgg_accelerator_fifo_w8_d64_S)' using Shift Registers.
INFO: [RTMG 210-285] Implementing FIFO 's_pool3_U(vgg_accelerator_fifo_w8_d64_S)' using Shift Registers.
INFO: [RTMG 210-285] Implementing FIFO 'start_for_layer_block_1_16_32_U0_U(vgg_accelerator_start_for_layer_block_1_16_32_U0)' using Shift Registers.
INFO: [RTMG 210-285] Implementing FIFO 'start_for_max_pool_16_32_U0_U(vgg_accelerator_start_for_max_pool_16_32_U0)' using Shift Registers.
INFO: [RTMG 210-285] Implementing FIFO 'start_for_layer_block_16_32_16_U0_U(vgg_accelerator_start_for_layer_block_16_32_16_U0)' using Shift Registers.
INFO: [RTMG 210-285] Implementing FIFO 'start_for_max_pool_32_16_U0_U(vgg_accelerator_start_for_max_pool_32_16_U0)' using Shift Registers.
INFO: [RTMG 210-285] Implementing FIFO 'start_for_layer_block_32_64_8_U0_U(vgg_accelerator_start_for_layer_block_32_64_8_U0)' using Shift Registers.
INFO: [RTMG 210-285] Implementing FIFO 'start_for_max_pool_64_8_U0_U(vgg_accelerator_start_for_max_pool_64_8_U0)' using Shift Registers.
INFO: [RTMG 210-285] Implementing FIFO 'start_for_dense_layer_U0_U(vgg_accelerator_start_for_dense_layer_U0)' using Shift Registers.
INFO: [HLS 200-111] Finished Creating RTL model: CPU user time: 0 seconds. CPU system time: 0 seconds. Elapsed time: 1.768 seconds; current allocated memory: 799.820 MB.
INFO: [HLS 200-111] Finished Generating all RTL models: CPU user time: 7 seconds. CPU system time: 1 seconds. Elapsed time: 8.552 seconds; current allocated memory: 801.820 MB.
INFO: [HLS 200-111] Finished Updating report files: CPU user time: 1 seconds. CPU system time: 0 seconds. Elapsed time: 3.722 seconds; current allocated memory: 813.672 MB.
INFO: [VHDL 208-304] Generating VHDL RTL for vgg_accelerator.
INFO: [VLOG 209-307] Generating Verilog RTL for vgg_accelerator.
INFO: [HLS 200-790] **** Loop Constraint Status: All loop constraints were NOT satisfied.
INFO: [HLS 200-789] **** Estimated Fmax: 62.34 MHz
INFO: [HLS 200-111] Finished Command csynth_design CPU user time: 78 seconds. CPU system time: 6 seconds. Elapsed time: 127.018 seconds; current allocated memory: 694.965 MB.
INFO: [HLS 200-112] Total CPU user time: 80 seconds. Total CPU system time: 7 seconds. Total elapsed time: 141.105 seconds; peak allocated memory: 815.367 MB.
==============================================================
Vitis HLS - High-Level Synthesis from C, C++ and OpenCL v2022.2 (64-bit)
Tool Version Limit: 2019.12
Copyright 1986-2022 Xilinx, Inc. All Rights Reserved.
==============================================================
INFO: [SYN 201-201] Setting up clock 'default' with a period of 10ns.
INFO: [HLS 200-1611] Setting target device to 'xczu5eg-sfvc784-1-e'
INFO: [HLS 200-1505] Using flow_target 'vivado'
INFO: [HLS 200-1510] Running: set_part xczu5eg-sfvc784-1-e 
INFO: [HLS 200-1510] Running: create_clock -period 10 -name default 
INFO: [SYN 201-201] Setting up clock 'default' with a period of 10ns.
INFO: [HLS 200-1510] Running: export_design -rtl verilog -format ip_catalog 
INFO: [IMPL 213-8] Exporting RTL as a Vivado IP.
INFO: [HLS 200-802] Generated output file vgg_accelerator/solution1/impl/export.zip
INFO: [HLS 200-111] Finished Command export_design CPU user time: 7 seconds. CPU system time: 1 seconds. Elapsed time: 49.801 seconds; current allocated memory: 15.133 MB.
INFO: [HLS 200-112] Total CPU user time: 8 seconds. Total CPU system time: 2 seconds. Total elapsed time: 63.009 seconds; peak allocated memory: 136.715 MB.
==============================================================
Vitis HLS - High-Level Synthesis from C, C++ and OpenCL v2022.2 (64-bit)
Tool Version Limit: 2019.12
Copyright 1986-2022 Xilinx, Inc. All Rights Reserved.
==============================================================
INFO: [SYN 201-201] Setting up clock 'default' with a period of 10ns.
INFO: [HLS 200-1611] Setting target device to 'xczu5eg-sfvc784-1-e'
INFO: [HLS 200-1505] Using flow_target 'vivado'
INFO: [HLS 200-1464] Running solution command: config_export -format=ip_catalog
INFO: [HLS 200-1464] Running solution command: config_export -rtl=verilog
INFO: [HLS 200-1510] Running: set_part xczu5eg-sfvc784-1-e 
INFO: [HLS 200-1510] Running: create_clock -period 10 -name default 
INFO: [HLS 200-1510] Running: config_export -format ip_catalog -rtl verilog 
INFO: [HLS 200-1510] Running: csim_design -quiet 
INFO: [SIM 211-2] *************** CSIM start ***************
INFO: [SIM 211-4] CSIM will launch GCC as the compiler.
INFO: [SIM 211-1] CSim done with 0 errors.
INFO: [SIM 211-3] *************** CSIM finish ***************
INFO: [HLS 200-111] Finished Command csim_design CPU user time: 0 seconds. CPU system time: 0 seconds. Elapsed time: 4.885 seconds; current allocated memory: 0.363 MB.
INFO: [HLS 200-112] Total CPU user time: 2 seconds. Total CPU system time: 1 seconds. Total elapsed time: 16.554 seconds; peak allocated memory: 120.883 MB.
==============================================================
Vitis HLS - High-Level Synthesis from C, C++ and OpenCL v2022.2 (64-bit)
Tool Version Limit: 2019.12
Copyright 1986-2022 Xilinx, Inc. All Rights Reserved.
==============================================================
INFO: [SYN 201-201] Setting up clock 'default' with a period of 10ns.
INFO: [HLS 200-1611] Setting target device to 'xczu5eg-sfvc784-1-e'
INFO: [HLS 200-1505] Using flow_target 'vivado'
INFO: [HLS 200-1464] Running solution command: config_export -format=ip_catalog
INFO: [HLS 200-1464] Running solution command: config_export -rtl=verilog
INFO: [HLS 200-1510] Running: set_part xczu5eg-sfvc784-1-e 
INFO: [HLS 200-1510] Running: create_clock -period 10 -name default 
INFO: [HLS 200-1510] Running: config_export -format ip_catalog -rtl verilog 
INFO: [HLS 200-1510] Running: csynth_design 
INFO: [HLS 200-111] Finished File checks and directory preparation: CPU user time: 0 seconds. CPU system time: 0 seconds. Elapsed time: 10.06 seconds; current allocated memory: 120.234 MB.
INFO: [HLS 200-10] Analyzing design file 'vgg_accelerator.cpp' ... 
WARNING: [HLS 214-113] Either use an argument of the function or declare the variable inside the dataflow loop body (vgg_accelerator.cpp:205:46)
WARNING: [HLS 214-113] Either use an argument of the function or declare the variable inside the dataflow loop body (vgg_accelerator.cpp:205:92)
WARNING: [HLS 214-113] Either use an argument of the function or declare the variable inside the dataflow loop body (vgg_accelerator.cpp:208:47)
WARNING: [HLS 214-113] Either use an argument of the function or declare the variable inside the dataflow loop body (vgg_accelerator.cpp:208:94)
WARNING: [HLS 214-113] Either use an argument of the function or declare the variable inside the dataflow loop body (vgg_accelerator.cpp:211:46)
WARNING: [HLS 214-113] Either use an argument of the function or declare the variable inside the dataflow loop body (vgg_accelerator.cpp:211:93)
WARNING: [HLS 214-113] Either use an argument of the function or declare the variable inside the dataflow loop body (vgg_accelerator.cpp:214:41)
WARNING: [HLS 214-113] Either use an argument of the function or declare the variable inside the dataflow loop body (vgg_accelerator.cpp:214:84)
WARNING: [HLS 200-471] Dataflow form checks found 8 issue(s) in file vgg_accelerator.cpp
INFO: [HLS 200-111] Finished Source Code Analysis and Preprocessing: CPU user time: 0 seconds. CPU system time: 0 seconds. Elapsed time: 4.996 seconds; current allocated memory: 122.625 MB.
INFO: [HLS 200-777] Using interface defaults for 'Vivado' flow target.
INFO: [HLS 214-131] Inlining function 'hls::axis<ap_uint<32>, 0ul, 0ul, 0ul>::get_user_ptr()' into 'hls::stream<hls::axis<ap_uint<32>, 0ul, 0ul, 0ul>, 0>::read()' (C:/Xilinx/Vitis_HLS/2022.2/common/technology/autopilot\ap_axi_sdata.h:247:50)
INFO: [HLS 214-131] Inlining function 'hls::axis<ap_uint<32>, 0ul, 0ul, 0ul>::get_dest_ptr()' into 'hls::stream<hls::axis<ap_uint<32>, 0ul, 0ul, 0ul>, 0>::read()' (C:/Xilinx/Vitis_HLS/2022.2/common/technology/autopilot\ap_axi_sdata.h:250:25)
INFO: [HLS 214-131] Inlining function 'hls::axis<ap_uint<32>, 0ul, 0ul, 0ul>::get_id_ptr()' into 'hls::stream<hls::axis<ap_uint<32>, 0ul, 0ul, 0ul>, 0>::read()' (C:/Xilinx/Vitis_HLS/2022.2/common/technology/autopilot\ap_axi_sdata.h:249:67)
INFO: [HLS 214-131] Inlining function 'hls::axis<ap_uint<32>, 0ul, 0ul, 0ul>::get_user_ptr()' into 'hls::stream<hls::axis<ap_uint<32>, 0ul, 0ul, 0ul>, 0>::read()' (C:/Xilinx/Vitis_HLS/2022.2/common/technology/autopilot\ap_axi_sdata.h:249:36)
INFO: [HLS 214-131] Inlining function 'hls::axis<ap_uint<32>, 0ul, 0ul, 0ul>::get_dest_ptr()' into 'hls::stream<hls::axis<ap_uint<32>, 0ul, 0ul, 0ul>, 0>::read()' (C:/Xilinx/Vitis_HLS/2022.2/common/technology/autopilot\ap_axi_sdata.h:248:39)
INFO: [HLS 214-131] Inlining function 'hls::axis<ap_uint<32>, 0ul, 0ul, 0ul>::get_id_ptr()' into 'hls::stream<hls::axis<ap_uint<32>, 0ul, 0ul, 0ul>, 0>::read()' (C:/Xilinx/Vitis_HLS/2022.2/common/technology/autopilot\ap_axi_sdata.h:248:23)
INFO: [HLS 214-131] Inlining function 'ssdm_int<32, true>::ssdm_int(int)' into 'ap_int_base<32, true>::ap_int_base(int)' (C:/Xilinx/Vitis_HLS/2022.2/common/technology/autopilot\ap_int_base.h:214:67)
INFO: [HLS 214-131] Inlining function '_ZN8ssdm_intILi33ELb1EEC2EDq33_i' into 'ap_int_base<33, true>::ap_int_base<32, false>(ap_int_base<32, false> const&)' (C:/Xilinx/Vitis_HLS/2022.2/common/technology/autopilot\ap_int_base.h:185:106)
INFO: [HLS 214-131] Inlining function '_ZN8ssdm_intILi33ELb1EEC2EDq33_i' into 'ap_int_base<33, true>::ap_int_base<32, true>(ap_int_base<32, true> const&)' (C:/Xilinx/Vitis_HLS/2022.2/common/technology/autopilot\ap_int_base.h:185:106)
INFO: [HLS 214-131] Inlining function '_ZN8ssdm_intILi33ELb1EEC2EDq33_i' into 'ap_int_base<33, true>::ap_int_base(int)' (C:/Xilinx/Vitis_HLS/2022.2/common/technology/autopilot\ap_int_base.h:214:67)
INFO: [HLS 214-131] Inlining function 'ap_int_base<33, true>::ap_int_base<32, false>(ap_int_base<32, false> const&)' into 'ap_int_base<32, false>::RType<32, true>::logic operator&<32, false, 32, true>(ap_int_base<32, false> const&, ap_int_base<32, true> const&)' (C:/Xilinx/Vitis_HLS/2022.2/common/technology/autopilot\ap_int_base.h:1497:341)
INFO: [HLS 214-131] Inlining function 'ap_int_base<33, true>::ap_int_base(int)' into 'ap_int_base<32, false>::RType<32, true>::logic operator&<32, false, 32, true>(ap_int_base<32, false> const&, ap_int_base<32, true> const&)' (C:/Xilinx/Vitis_HLS/2022.2/common/technology/autopilot\ap_int_base.h:1497:520)
INFO: [HLS 214-131] Inlining function 'ap_int_base<33, true>::ap_int_base<32, true>(ap_int_base<32, true> const&)' into 'ap_int_base<32, false>::RType<32, true>::logic operator&<32, false, 32, true>(ap_int_base<32, false> const&, ap_int_base<32, true> const&)' (C:/Xilinx/Vitis_HLS/2022.2/common/technology/autopilot\ap_int_base.h:1497:430)
INFO: [HLS 214-131] Inlining function 'ap_int_base<32, true>::ap_int_base(int)' into 'ap_int_base<32, false>::RType<($_0)32, true>::logic operator&<32, false>(ap_int_base<32, false> const&, int)' (C:/Xilinx/Vitis_HLS/2022.2/common/technology/autopilot\ap_int_base.h:1633:3098)
INFO: [HLS 214-131] Inlining function 'ap_int_base<32, false>::RType<32, true>::logic operator&<32, false, 32, true>(ap_int_base<32, false> const&, ap_int_base<32, true> const&)' into 'ap_int_base<32, false>::RType<($_0)32, true>::logic operator&<32, false>(ap_int_base<32, false> const&, int)' (C:/Xilinx/Vitis_HLS/2022.2/common/technology/autopilot\ap_int_base.h:1633:3096)
INFO: [HLS 214-131] Inlining function 'af_range_ref<8, 4, true, (ap_q_mode)0, (ap_o_mode)0, 0>::af_range_ref(ap_fixed_base<8, 4, true, (ap_q_mode)0, (ap_o_mode)0, 0>*, int, int)' into 'ap_fixed_base<8, 4, true, (ap_q_mode)0, (ap_o_mode)0, 0>::range(int, int)' (C:/Xilinx/Vitis_HLS/2022.2/common/technology/autopilot\ap_fixed_base.h:1746:12)
INFO: [HLS 214-131] Inlining function 'ssdm_int<8, false>::ssdm_int(unsigned char)' into 'ap_int_base<8, false>::ap_int_base(int)' (C:/Xilinx/Vitis_HLS/2022.2/common/technology/autopilot\ap_int_base.h:214:67)
INFO: [HLS 214-131] Inlining function 'ap_int_base<8, false>::ap_int_base(int)' into 'af_range_ref<8, 4, true, (ap_q_mode)0, (ap_o_mode)0, 0>::operator=(int)' (C:/Xilinx/Vitis_HLS/2022.2/common/technology/autopilot\ap_fixed_ref.h:272:108)
INFO: [HLS 214-131] Inlining function 'hls::stream<hls::axis<ap_uint<32>, 0ul, 0ul, 0ul>, 0>::read()' into 'input_adapter(hls::stream<hls::axis<ap_uint<32>, 0ul, 0ul, 0ul>, 0>&, hls::stream<ap_fixed<8, 4, (ap_q_mode)0, (ap_o_mode)0, 0>, 0>&)' (vgg_accelerator.cpp:169:25)
INFO: [HLS 214-131] Inlining function 'af_range_ref<8, 4, true, (ap_q_mode)0, (ap_o_mode)0, 0>::operator=(int)' into 'input_adapter(hls::stream<hls::axis<ap_uint<32>, 0ul, 0ul, 0ul>, 0>&, hls::stream<ap_fixed<8, 4, (ap_q_mode)0, (ap_o_mode)0, 0>, 0>&)' (vgg_accelerator.cpp:173:25)
INFO: [HLS 214-131] Inlining function 'ap_fixed_base<8, 4, true, (ap_q_mode)0, (ap_o_mode)0, 0>::range(int, int)' into 'input_adapter(hls::stream<hls::axis<ap_uint<32>, 0ul, 0ul, 0ul>, 0>&, hls::stream<ap_fixed<8, 4, (ap_q_mode)0, (ap_o_mode)0, 0>, 0>&)' (vgg_accelerator.cpp:173:13)
INFO: [HLS 214-131] Inlining function 'ap_int_base<33, true>::operator long long() const' into 'input_adapter(hls::stream<hls::axis<ap_uint<32>, 0ul, 0ul, 0ul>, 0>&, hls::stream<ap_fixed<8, 4, (ap_q_mode)0, (ap_o_mode)0, 0>, 0>&)' (vgg_accelerator.cpp:170:29)
INFO: [HLS 214-131] Inlining function 'ap_int_base<32, false>::RType<($_0)32, true>::logic operator&<32, false>(ap_int_base<32, false> const&, int)' into 'input_adapter(hls::stream<hls::axis<ap_uint<32>, 0ul, 0ul, 0ul>, 0>&, hls::stream<ap_fixed<8, 4, (ap_q_mode)0, (ap_o_mode)0, 0>, 0>&)' (vgg_accelerator.cpp:170:41)
INFO: [HLS 214-131] Inlining function 'ssdm_int<32, false>::ssdm_int(unsigned int)' into 'ap_int_base<32, false>::ap_int_base(int)' (C:/Xilinx/Vitis_HLS/2022.2/common/technology/autopilot\ap_int_base.h:214:67)
INFO: [HLS 214-131] Inlining function 'ap_int_base<32, false>::ap_int_base(int)' into 'ap_int_base<32, false>::RType<32, false>::arg1 operator>><32, false>(ap_int_base<32, false> const&, int)' (C:/Xilinx/Vitis_HLS/2022.2/common/technology/autopilot\ap_int_base.h:1669:558)
INFO: [HLS 214-131] Inlining function 'ap_fixed_base<32, 32, true, (ap_q_mode)5, (ap_o_mode)3, 0>::operator!() const' into 'ap_fixed_base<8, 4, true, (ap_q_mode)0, (ap_o_mode)0, 0>& ap_fixed_base<8, 4, true, (ap_q_mode)0, (ap_o_mode)0, 0>::operator=<32, 32, true, (ap_q_mode)5, (ap_o_mode)3, 0>(ap_fixed_base<32, 32, true, (ap_q_mode)5, (ap_o_mode)3, 0> const&)' (C:/Xilinx/Vitis_HLS/2022.2/common/technology/autopilot\ap_fixed_base.h:808:9)
INFO: [HLS 214-131] Inlining function 'ap_fixed_base<8, 4, true, (ap_q_mode)0, (ap_o_mode)0, 0>::overflow_adjust(bool, bool, bool, bool)' into 'ap_fixed_base<8, 4, true, (ap_q_mode)0, (ap_o_mode)0, 0>& ap_fixed_base<8, 4, true, (ap_q_mode)0, (ap_o_mode)0, 0>::operator=<32, 32, true, (ap_q_mode)5, (ap_o_mode)3, 0>(ap_fixed_base<32, 32, true, (ap_q_mode)5, (ap_o_mode)3, 0> const&)' (C:/Xilinx/Vitis_HLS/2022.2/common/technology/autopilot\ap_fixed_base.h:903:7)
INFO: [HLS 214-131] Inlining function 'bool ap_int_base<32, false>::operator==<32, false>(ap_int_base<32, false> const&) const' into 'ap_fixed_base<8, 4, true, (ap_q_mode)0, (ap_o_mode)0, 0>& ap_fixed_base<8, 4, true, (ap_q_mode)0, (ap_o_mode)0, 0>::operator=<32, 32, true, (ap_q_mode)5, (ap_o_mode)3, 0>(ap_fixed_base<32, 32, true, (ap_q_mode)5, (ap_o_mode)3, 0> const&)' (C:/Xilinx/Vitis_HLS/2022.2/common/technology/autopilot\ap_fixed_base.h:877:36)
INFO: [HLS 214-131] Inlining function 'ap_int_base<32, false>::RType<32, false>::arg1 operator>><32, false>(ap_int_base<32, false> const&, int)' into 'ap_fixed_base<8, 4, true, (ap_q_mode)0, (ap_o_mode)0, 0>& ap_fixed_base<8, 4, true, (ap_q_mode)0, (ap_o_mode)0, 0>::operator=<32, 32, true, (ap_q_mode)5, (ap_o_mode)3, 0>(ap_fixed_base<32, 32, true, (ap_q_mode)5, (ap_o_mode)3, 0> const&)' (C:/Xilinx/Vitis_HLS/2022.2/common/technology/autopilot\ap_fixed_base.h:877:49)
INFO: [HLS 214-131] Inlining function 'ap_int_base<32, false>::ap_int_base(int)' into 'ap_fixed_base<8, 4, true, (ap_q_mode)0, (ap_o_mode)0, 0>& ap_fixed_base<8, 4, true, (ap_q_mode)0, (ap_o_mode)0, 0>::operator=<32, 32, true, (ap_q_mode)5, (ap_o_mode)3, 0>(ap_fixed_base<32, 32, true, (ap_q_mode)5, (ap_o_mode)3, 0> const&)' (C:/Xilinx/Vitis_HLS/2022.2/common/technology/autopilot\ap_fixed_base.h:875:38)
INFO: [HLS 214-131] Inlining function 'bool ap_int_base<32, false>::operator==<32, false>(ap_int_base<32, false> const&) const' into 'ap_fixed_base<8, 4, true, (ap_q_mode)0, (ap_o_mode)0, 0>& ap_fixed_base<8, 4, true, (ap_q_mode)0, (ap_o_mode)0, 0>::operator=<32, 32, true, (ap_q_mode)5, (ap_o_mode)3, 0>(ap_fixed_base<32, 32, true, (ap_q_mode)5, (ap_o_mode)3, 0> const&)' (C:/Xilinx/Vitis_HLS/2022.2/common/technology/autopilot\ap_fixed_base.h:869:36)
INFO: [HLS 214-131] Inlining function 'ap_int_base<32, false>::RType<32, false>::arg1 operator>><32, false>(ap_int_base<32, false> const&, int)' into 'ap_fixed_base<8, 4, true, (ap_q_mode)0, (ap_o_mode)0, 0>& ap_fixed_base<8, 4, true, (ap_q_mode)0, (ap_o_mode)0, 0>::operator=<32, 32, true, (ap_q_mode)5, (ap_o_mode)3, 0>(ap_fixed_base<32, 32, true, (ap_q_mode)5, (ap_o_mode)3, 0> const&)' (C:/Xilinx/Vitis_HLS/2022.2/common/technology/autopilot\ap_fixed_base.h:869:49)
INFO: [HLS 214-131] Inlining function 'ap_int_base<32, false>::ap_int_base(int)' into 'ap_fixed_base<8, 4, true, (ap_q_mode)0, (ap_o_mode)0, 0>& ap_fixed_base<8, 4, true, (ap_q_mode)0, (ap_o_mode)0, 0>::operator=<32, 32, true, (ap_q_mode)5, (ap_o_mode)3, 0>(ap_fixed_base<32, 32, true, (ap_q_mode)5, (ap_o_mode)3, 0> const&)' (C:/Xilinx/Vitis_HLS/2022.2/common/technology/autopilot\ap_fixed_base.h:867:38)
INFO: [HLS 214-131] Inlining function 'ap_int_base<32, false>::ap_int_base(int)' into 'ap_fixed_base<8, 4, true, (ap_q_mode)0, (ap_o_mode)0, 0>& ap_fixed_base<8, 4, true, (ap_q_mode)0, (ap_o_mode)0, 0>::operator=<32, 32, true, (ap_q_mode)5, (ap_o_mode)3, 0>(ap_fixed_base<32, 32, true, (ap_q_mode)5, (ap_o_mode)3, 0> const&)' (C:/Xilinx/Vitis_HLS/2022.2/common/technology/autopilot\ap_fixed_base.h:864:36)
INFO: [HLS 214-131] Inlining function 'ap_fixed_base<8, 4, true, (ap_q_mode)0, (ap_o_mode)0, 0>& ap_fixed_base<8, 4, true, (ap_q_mode)0, (ap_o_mode)0, 0>::operator=<32, 32, true, (ap_q_mode)5, (ap_o_mode)3, 0>(ap_fixed_base<32, 32, true, (ap_q_mode)5, (ap_o_mode)3, 0> const&)' into 'ap_fixed_base<8, 4, true, (ap_q_mode)0, (ap_o_mode)0, 0>::ap_fixed_base(int)' (C:/Xilinx/Vitis_HLS/2022.2/common/technology/autopilot\ap_fixed_base.h:530:146)
INFO: [HLS 214-131] Inlining function 'ap_fixed_base<8, 4, true, (ap_q_mode)0, (ap_o_mode)0, 0>::ap_fixed_base(int)' into 'ap_fixed<8, 4, (ap_q_mode)0, (ap_o_mode)0, 0>::ap_fixed(int)'
INFO: [HLS 214-131] Inlining function 'ssdm_int<8, false>::ssdm_int(unsigned char)' into 'ap_int_base<8, false>::ap_int_base(signed char)' (C:/Xilinx/Vitis_HLS/2022.2/common/technology/autopilot\ap_int_base.h:210:75)
INFO: [HLS 214-131] Inlining function 'ap_int_base<8, false>::ap_int_base(signed char)' into 'af_range_ref<8, 4, true, (ap_q_mode)0, (ap_o_mode)0, 0>::operator=(signed char)' (C:/Xilinx/Vitis_HLS/2022.2/common/technology/autopilot\ap_fixed_ref.h:268:116)
INFO: [HLS 214-131] Inlining function 'ap_fixed_base<8, 4, true, (ap_q_mode)0, (ap_o_mode)0, 0>::range(int, int)' into 'raw_to_fixed(signed char)' (vgg_accelerator.cpp:7:9)
INFO: [HLS 214-131] Inlining function 'af_range_ref<8, 4, true, (ap_q_mode)0, (ap_o_mode)0, 0>::operator=(signed char)' into 'raw_to_fixed(signed char)' (vgg_accelerator.cpp:7:21)
INFO: [HLS 214-131] Inlining function 'ap_fixed_base<8, 4, true, (ap_q_mode)0, (ap_o_mode)0, 0>::operator!() const' into 'ap_fixed_base<32, 16, true, (ap_q_mode)0, (ap_o_mode)0, 0>& ap_fixed_base<32, 16, true, (ap_q_mode)0, (ap_o_mode)0, 0>::operator=<8, 4, true, (ap_q_mode)0, (ap_o_mode)0, 0>(ap_fixed_base<8, 4, true, (ap_q_mode)0, (ap_o_mode)0, 0> const&)' (C:/Xilinx/Vitis_HLS/2022.2/common/technology/autopilot\ap_fixed_base.h:808:9)
INFO: [HLS 214-131] Inlining function 'ssdm_int<32, true>::ssdm_int(int)' into 'ap_fixed_base<32, 16, true, (ap_q_mode)0, (ap_o_mode)0, 0>::ap_fixed_base<8, 4, true, (ap_q_mode)0, (ap_o_mode)0, 0>(ap_fixed_base<8, 4, true, (ap_q_mode)0, (ap_o_mode)0, 0> const&)' (C:/Xilinx/Vitis_HLS/2022.2/common/technology/autopilot\ap_fixed_base.h:401:80)
INFO: [HLS 214-131] Inlining function 'ap_fixed_base<32, 16, true, (ap_q_mode)0, (ap_o_mode)0, 0>& ap_fixed_base<32, 16, true, (ap_q_mode)0, (ap_o_mode)0, 0>::operator=<8, 4, true, (ap_q_mode)0, (ap_o_mode)0, 0>(ap_fixed_base<8, 4, true, (ap_q_mode)0, (ap_o_mode)0, 0> const&)' into 'ap_fixed_base<32, 16, true, (ap_q_mode)0, (ap_o_mode)0, 0>::ap_fixed_base<8, 4, true, (ap_q_mode)0, (ap_o_mode)0, 0>(ap_fixed_base<8, 4, true, (ap_q_mode)0, (ap_o_mode)0, 0> const&)' (C:/Xilinx/Vitis_HLS/2022.2/common/technology/autopilot\ap_fixed_base.h:403:5)
INFO: [HLS 214-131] Inlining function 'ap_fixed_base<32, 16, true, (ap_q_mode)0, (ap_o_mode)0, 0>::ap_fixed_base<8, 4, true, (ap_q_mode)0, (ap_o_mode)0, 0>(ap_fixed_base<8, 4, true, (ap_q_mode)0, (ap_o_mode)0, 0> const&)' into 'ap_fixed<32, 16, (ap_q_mode)0, (ap_o_mode)0, 0>::ap_fixed<8, 4, true, (ap_q_mode)0, (ap_o_mode)0, 0>(ap_fixed_base<8, 4, true, (ap_q_mode)0, (ap_o_mode)0, 0> const&)'
INFO: [HLS 214-131] Inlining function 'ap_fixed_base<32, 32, true, (ap_q_mode)5, (ap_o_mode)3, 0>::operator!() const' into 'ap_fixed_base<16, 8, true, (ap_q_mode)5, (ap_o_mode)3, 0>& ap_fixed_base<16, 8, true, (ap_q_mode)5, (ap_o_mode)3, 0>::operator=<32, 32, true, (ap_q_mode)5, (ap_o_mode)3, 0>(ap_fixed_base<32, 32, true, (ap_q_mode)5, (ap_o_mode)3, 0> const&)' (C:/Xilinx/Vitis_HLS/2022.2/common/technology/autopilot\ap_fixed_base.h:808:9)
INFO: [HLS 214-131] Inlining function 'ap_fixed_base<16, 8, true, (ap_q_mode)5, (ap_o_mode)3, 0>& ap_fixed_base<16, 8, true, (ap_q_mode)5, (ap_o_mode)3, 0>::operator=<32, 32, true, (ap_q_mode)5, (ap_o_mode)3, 0>(ap_fixed_base<32, 32, true, (ap_q_mode)5, (ap_o_mode)3, 0> const&)' into 'ap_fixed_base<16, 8, true, (ap_q_mode)5, (ap_o_mode)3, 0>::ap_fixed_base(int)' (C:/Xilinx/Vitis_HLS/2022.2/common/technology/autopilot\ap_fixed_base.h:530:146)
INFO: [HLS 214-131] Inlining function 'ap_fixed_base<16, 8, true, (ap_q_mode)5, (ap_o_mode)3, 0>::ap_fixed_base(int)' into 'ap_fixed_base<8, 4, true, (ap_q_mode)0, (ap_o_mode)0, 0>::RType<8, 4, true>::mult ap_fixed_base<8, 4, true, (ap_q_mode)0, (ap_o_mode)0, 0>::operator*<8, 4, true, (ap_q_mode)0, (ap_o_mode)0, 0>(ap_fixed_base<8, 4, true, (ap_q_mode)0, (ap_o_mode)0, 0> const&) const' (C:/Xilinx/Vitis_HLS/2022.2/common/technology/autopilot\ap_fixed_base.h:1270:55)
INFO: [HLS 214-131] Inlining function 'ap_fixed_base<16, 8, true, (ap_q_mode)5, (ap_o_mode)3, 0>::ap_fixed_base(int)' into 'ap_fixed_base<8, 4, true, (ap_q_mode)0, (ap_o_mode)0, 0>::RType<8, 4, true>::mult ap_fixed_base<8, 4, true, (ap_q_mode)0, (ap_o_mode)0, 0>::operator*<8, 4, true, (ap_q_mode)0, (ap_o_mode)0, 0>(ap_fixed_base<8, 4, true, (ap_q_mode)0, (ap_o_mode)0, 0> const&) const' (C:/Xilinx/Vitis_HLS/2022.2/common/technology/autopilot\ap_fixed_base.h:1270:61)
INFO: [HLS 214-131] Inlining function 'ap_fixed_base<32, 32, true, (ap_q_mode)5, (ap_o_mode)3, 0>::operator!() const' into 'ap_fixed_base<33, 17, true, (ap_q_mode)5, (ap_o_mode)3, 0>& ap_fixed_base<33, 17, true, (ap_q_mode)5, (ap_o_mode)3, 0>::operator=<32, 32, true, (ap_q_mode)5, (ap_o_mode)3, 0>(ap_fixed_base<32, 32, true, (ap_q_mode)5, (ap_o_mode)3, 0> const&)' (C:/Xilinx/Vitis_HLS/2022.2/common/technology/autopilot\ap_fixed_base.h:808:9)
INFO: [HLS 214-131] Inlining function 'ap_fixed_base<33, 17, true, (ap_q_mode)5, (ap_o_mode)3, 0>& ap_fixed_base<33, 17, true, (ap_q_mode)5, (ap_o_mode)3, 0>::operator=<32, 32, true, (ap_q_mode)5, (ap_o_mode)3, 0>(ap_fixed_base<32, 32, true, (ap_q_mode)5, (ap_o_mode)3, 0> const&)' into 'ap_fixed_base<33, 17, true, (ap_q_mode)5, (ap_o_mode)3, 0>::ap_fixed_base(int)' (C:/Xilinx/Vitis_HLS/2022.2/common/technology/autopilot\ap_fixed_base.h:530:146)
INFO: [HLS 214-131] Inlining function 'ap_fixed_base<32, 16, true, (ap_q_mode)0, (ap_o_mode)0, 0>::operator!() const' into 'ap_fixed_base<33, 17, true, (ap_q_mode)5, (ap_o_mode)3, 0>& ap_fixed_base<33, 17, true, (ap_q_mode)5, (ap_o_mode)3, 0>::operator=<32, 16, true, (ap_q_mode)0, (ap_o_mode)0, 0>(ap_fixed_base<32, 16, true, (ap_q_mode)0, (ap_o_mode)0, 0> const&)' (C:/Xilinx/Vitis_HLS/2022.2/common/technology/autopilot\ap_fixed_base.h:808:9)
INFO: [HLS 214-131] Inlining function '_ZN8ssdm_intILi33ELb1EEC2EDq33_i' into 'ap_fixed_base<33, 17, true, (ap_q_mode)5, (ap_o_mode)3, 0>::ap_fixed_base<32, 16, true, (ap_q_mode)0, (ap_o_mode)0, 0>(ap_fixed_base<32, 16, true, (ap_q_mode)0, (ap_o_mode)0, 0> const&)' (C:/Xilinx/Vitis_HLS/2022.2/common/technology/autopilot\ap_fixed_base.h:401:80)
INFO: [HLS 214-131] Inlining function 'ap_fixed_base<33, 17, true, (ap_q_mode)5, (ap_o_mode)3, 0>& ap_fixed_base<33, 17, true, (ap_q_mode)5, (ap_o_mode)3, 0>::operator=<32, 16, true, (ap_q_mode)0, (ap_o_mode)0, 0>(ap_fixed_base<32, 16, true, (ap_q_mode)0, (ap_o_mode)0, 0> const&)' into 'ap_fixed_base<33, 17, true, (ap_q_mode)5, (ap_o_mode)3, 0>::ap_fixed_base<32, 16, true, (ap_q_mode)0, (ap_o_mode)0, 0>(ap_fixed_base<32, 16, true, (ap_q_mode)0, (ap_o_mode)0, 0> const&)' (C:/Xilinx/Vitis_HLS/2022.2/common/technology/autopilot\ap_fixed_base.h:403:5)
INFO: [HLS 214-131] Inlining function 'ap_fixed_base<16, 8, true, (ap_q_mode)5, (ap_o_mode)3, 0>::operator!() const' into 'ap_fixed_base<33, 17, true, (ap_q_mode)5, (ap_o_mode)3, 0>& ap_fixed_base<33, 17, true, (ap_q_mode)5, (ap_o_mode)3, 0>::operator=<16, 8, true, (ap_q_mode)5, (ap_o_mode)3, 0>(ap_fixed_base<16, 8, true, (ap_q_mode)5, (ap_o_mode)3, 0> const&)' (C:/Xilinx/Vitis_HLS/2022.2/common/technology/autopilot\ap_fixed_base.h:808:9)
INFO: [HLS 214-131] Inlining function '_ZN8ssdm_intILi33ELb1EEC2EDq33_i' into 'ap_fixed_base<33, 17, true, (ap_q_mode)5, (ap_o_mode)3, 0>::ap_fixed_base<16, 8, true, (ap_q_mode)5, (ap_o_mode)3, 0>(ap_fixed_base<16, 8, true, (ap_q_mode)5, (ap_o_mode)3, 0> const&)' (C:/Xilinx/Vitis_HLS/2022.2/common/technology/autopilot\ap_fixed_base.h:401:80)
INFO: [HLS 214-131] Inlining function 'ap_fixed_base<33, 17, true, (ap_q_mode)5, (ap_o_mode)3, 0>& ap_fixed_base<33, 17, true, (ap_q_mode)5, (ap_o_mode)3, 0>::operator=<16, 8, true, (ap_q_mode)5, (ap_o_mode)3, 0>(ap_fixed_base<16, 8, true, (ap_q_mode)5, (ap_o_mode)3, 0> const&)' into 'ap_fixed_base<33, 17, true, (ap_q_mode)5, (ap_o_mode)3, 0>::ap_fixed_base<16, 8, true, (ap_q_mode)5, (ap_o_mode)3, 0>(ap_fixed_base<16, 8, true, (ap_q_mode)5, (ap_o_mode)3, 0> const&)' (C:/Xilinx/Vitis_HLS/2022.2/common/technology/autopilot\ap_fixed_base.h:403:5)
INFO: [HLS 214-131] Inlining function 'ap_fixed_base<33, 17, true, (ap_q_mode)5, (ap_o_mode)3, 0>::ap_fixed_base(int)' into 'ap_fixed_base<32, 16, true, (ap_q_mode)0, (ap_o_mode)0, 0>::RType<16, 8, true>::plus ap_fixed_base<32, 16, true, (ap_q_mode)0, (ap_o_mode)0, 0>::operator+<16, 8, true, (ap_q_mode)5, (ap_o_mode)3, 0>(ap_fixed_base<16, 8, true, (ap_q_mode)5, (ap_o_mode)3, 0> const&) const' (C:/Xilinx/Vitis_HLS/2022.2/common/technology/autopilot\ap_fixed_base.h:1347:325)
INFO: [HLS 214-131] Inlining function 'ap_fixed_base<33, 17, true, (ap_q_mode)5, (ap_o_mode)3, 0>::ap_fixed_base<16, 8, true, (ap_q_mode)5, (ap_o_mode)3, 0>(ap_fixed_base<16, 8, true, (ap_q_mode)5, (ap_o_mode)3, 0> const&)' into 'ap_fixed_base<32, 16, true, (ap_q_mode)0, (ap_o_mode)0, 0>::RType<16, 8, true>::plus ap_fixed_base<32, 16, true, (ap_q_mode)0, (ap_o_mode)0, 0>::operator+<16, 8, true, (ap_q_mode)5, (ap_o_mode)3, 0>(ap_fixed_base<16, 8, true, (ap_q_mode)5, (ap_o_mode)3, 0> const&) const' (C:/Xilinx/Vitis_HLS/2022.2/common/technology/autopilot\ap_fixed_base.h:1347:345)
INFO: [HLS 214-131] Inlining function 'ap_fixed_base<33, 17, true, (ap_q_mode)5, (ap_o_mode)3, 0>::ap_fixed_base<32, 16, true, (ap_q_mode)0, (ap_o_mode)0, 0>(ap_fixed_base<32, 16, true, (ap_q_mode)0, (ap_o_mode)0, 0> const&)' into 'ap_fixed_base<32, 16, true, (ap_q_mode)0, (ap_o_mode)0, 0>::RType<16, 8, true>::plus ap_fixed_base<32, 16, true, (ap_q_mode)0, (ap_o_mode)0, 0>::operator+<16, 8, true, (ap_q_mode)5, (ap_o_mode)3, 0>(ap_fixed_base<16, 8, true, (ap_q_mode)5, (ap_o_mode)3, 0> const&) const' (C:/Xilinx/Vitis_HLS/2022.2/common/technology/autopilot\ap_fixed_base.h:1347:333)
INFO: [HLS 214-131] Inlining function '_ZN8ssdm_intILi33ELb0EEC2EDq33_j' into 'ap_int_base<33, false>::ap_int_base(int)' (C:/Xilinx/Vitis_HLS/2022.2/common/technology/autopilot\ap_int_base.h:214:67)
INFO: [HLS 214-131] Inlining function 'ap_fixed_base<33, 17, true, (ap_q_mode)5, (ap_o_mode)3, 0>::operator!() const' into 'ap_fixed_base<32, 16, true, (ap_q_mode)0, (ap_o_mode)0, 0>& ap_fixed_base<32, 16, true, (ap_q_mode)0, (ap_o_mode)0, 0>::operator=<33, 17, true, (ap_q_mode)5, (ap_o_mode)3, 0>(ap_fixed_base<33, 17, true, (ap_q_mode)5, (ap_o_mode)3, 0> const&)' (C:/Xilinx/Vitis_HLS/2022.2/common/technology/autopilot\ap_fixed_base.h:808:9)
INFO: [HLS 214-131] Inlining function 'ap_fixed_base<32, 16, true, (ap_q_mode)0, (ap_o_mode)0, 0>::overflow_adjust(bool, bool, bool, bool)' into 'ap_fixed_base<32, 16, true, (ap_q_mode)0, (ap_o_mode)0, 0>& ap_fixed_base<32, 16, true, (ap_q_mode)0, (ap_o_mode)0, 0>::operator=<33, 17, true, (ap_q_mode)5, (ap_o_mode)3, 0>(ap_fixed_base<33, 17, true, (ap_q_mode)5, (ap_o_mode)3, 0> const&)' (C:/Xilinx/Vitis_HLS/2022.2/common/technology/autopilot\ap_fixed_base.h:903:7)
INFO: [HLS 214-131] Inlining function 'ap_int_base<33, false>::ap_int_base(int)' into 'ap_fixed_base<32, 16, true, (ap_q_mode)0, (ap_o_mode)0, 0>& ap_fixed_base<32, 16, true, (ap_q_mode)0, (ap_o_mode)0, 0>::operator=<33, 17, true, (ap_q_mode)5, (ap_o_mode)3, 0>(ap_fixed_base<33, 17, true, (ap_q_mode)5, (ap_o_mode)3, 0> const&)' (C:/Xilinx/Vitis_HLS/2022.2/common/technology/autopilot\ap_fixed_base.h:864:36)
INFO: [HLS 214-131] Inlining function 'ap_fixed_base<32, 16, true, (ap_q_mode)0, (ap_o_mode)0, 0>::RType<16, 8, true>::plus ap_fixed_base<32, 16, true, (ap_q_mode)0, (ap_o_mode)0, 0>::operator+<16, 8, true, (ap_q_mode)5, (ap_o_mode)3, 0>(ap_fixed_base<16, 8, true, (ap_q_mode)5, (ap_o_mode)3, 0> const&) const' into 'ap_fixed_base<32, 16, true, (ap_q_mode)0, (ap_o_mode)0, 0>& ap_fixed_base<32, 16, true, (ap_q_mode)0, (ap_o_mode)0, 0>::operator+=<16, 8, true, (ap_q_mode)5, (ap_o_mode)3, 0>(ap_fixed_base<16, 8, true, (ap_q_mode)5, (ap_o_mode)3, 0> const&)' (C:/Xilinx/Vitis_HLS/2022.2/common/technology/autopilot\ap_fixed_base.h:1367:248)
INFO: [HLS 214-131] Inlining function 'ap_fixed_base<32, 16, true, (ap_q_mode)0, (ap_o_mode)0, 0>& ap_fixed_base<32, 16, true, (ap_q_mode)0, (ap_o_mode)0, 0>::operator=<33, 17, true, (ap_q_mode)5, (ap_o_mode)3, 0>(ap_fixed_base<33, 17, true, (ap_q_mode)5, (ap_o_mode)3, 0> const&)' into 'ap_fixed_base<32, 16, true, (ap_q_mode)0, (ap_o_mode)0, 0>& ap_fixed_base<32, 16, true, (ap_q_mode)0, (ap_o_mode)0, 0>::operator+=<16, 8, true, (ap_q_mode)5, (ap_o_mode)3, 0>(ap_fixed_base<16, 8, true, (ap_q_mode)5, (ap_o_mode)3, 0> const&)' (C:/Xilinx/Vitis_HLS/2022.2/common/technology/autopilot\ap_fixed_base.h:1367:246)
INFO: [HLS 214-131] Inlining function 'ap_fixed_base<32, 32, true, (ap_q_mode)5, (ap_o_mode)3, 0>::operator!() const' into 'ap_fixed_base<48, 32, true, (ap_q_mode)5, (ap_o_mode)3, 0>& ap_fixed_base<48, 32, true, (ap_q_mode)5, (ap_o_mode)3, 0>::operator=<32, 32, true, (ap_q_mode)5, (ap_o_mode)3, 0>(ap_fixed_base<32, 32, true, (ap_q_mode)5, (ap_o_mode)3, 0> const&)' (C:/Xilinx/Vitis_HLS/2022.2/common/technology/autopilot\ap_fixed_base.h:808:9)
INFO: [HLS 214-131] Inlining function '_ZN8ssdm_intILi48ELb1EEC2EDq48_i' into 'ap_fixed_base<48, 32, true, (ap_q_mode)5, (ap_o_mode)3, 0>::ap_fixed_base<32, 32, true, (ap_q_mode)5, (ap_o_mode)3, 0>(ap_fixed_base<32, 32, true, (ap_q_mode)5, (ap_o_mode)3, 0> const&)' (C:/Xilinx/Vitis_HLS/2022.2/common/technology/autopilot\ap_fixed_base.h:401:80)
INFO: [HLS 214-131] Inlining function 'ap_fixed_base<48, 32, true, (ap_q_mode)5, (ap_o_mode)3, 0>& ap_fixed_base<48, 32, true, (ap_q_mode)5, (ap_o_mode)3, 0>::operator=<32, 32, true, (ap_q_mode)5, (ap_o_mode)3, 0>(ap_fixed_base<32, 32, true, (ap_q_mode)5, (ap_o_mode)3, 0> const&)' into 'ap_fixed_base<48, 32, true, (ap_q_mode)5, (ap_o_mode)3, 0>::ap_fixed_base<32, 32, true, (ap_q_mode)5, (ap_o_mode)3, 0>(ap_fixed_base<32, 32, true, (ap_q_mode)5, (ap_o_mode)3, 0> const&)' (C:/Xilinx/Vitis_HLS/2022.2/common/technology/autopilot\ap_fixed_base.h:403:5)
INFO: [HLS 214-131] Inlining function 'ap_fixed_base<48, 32, true, (ap_q_mode)5, (ap_o_mode)3, 0>::ap_fixed_base<32, 32, true, (ap_q_mode)5, (ap_o_mode)3, 0>(ap_fixed_base<32, 32, true, (ap_q_mode)5, (ap_o_mode)3, 0> const&)' into 'bool ap_fixed_base<32, 16, true, (ap_q_mode)0, (ap_o_mode)0, 0>::operator<<32, 32, true, (ap_q_mode)5, (ap_o_mode)3, 0>(ap_fixed_base<32, 32, true, (ap_q_mode)5, (ap_o_mode)3, 0> const&) const' (C:/Xilinx/Vitis_HLS/2022.2/common/technology/autopilot\ap_fixed_base.h:1650:367)
INFO: [HLS 214-131] Inlining function 'ap_fixed_base<32, 32, true, (ap_q_mode)5, (ap_o_mode)3, 0>::ap_fixed_base(int)' into 'bool operator<<32, 16, true, (ap_q_mode)0, (ap_o_mode)0, 0>(ap_fixed_base<32, 16, true, (ap_q_mode)0, (ap_o_mode)0, 0> const&, int)' (C:/Xilinx/Vitis_HLS/2022.2/common/technology/autopilot\ap_fixed_base.h:2376:10565)
INFO: [HLS 214-131] Inlining function 'bool ap_fixed_base<32, 16, true, (ap_q_mode)0, (ap_o_mode)0, 0>::operator<<32, 32, true, (ap_q_mode)5, (ap_o_mode)3, 0>(ap_fixed_base<32, 32, true, (ap_q_mode)5, (ap_o_mode)3, 0> const&) const' into 'bool operator<<32, 16, true, (ap_q_mode)0, (ap_o_mode)0, 0>(ap_fixed_base<32, 16, true, (ap_q_mode)0, (ap_o_mode)0, 0> const&, int)' (C:/Xilinx/Vitis_HLS/2022.2/common/technology/autopilot\ap_fixed_base.h:2376:10554)
INFO: [HLS 214-131] Inlining function 'ap_fixed_base<32, 32, true, (ap_q_mode)5, (ap_o_mode)3, 0>::operator!() const' into 'ap_fixed_base<32, 16, true, (ap_q_mode)0, (ap_o_mode)0, 0>& ap_fixed_base<32, 16, true, (ap_q_mode)0, (ap_o_mode)0, 0>::operator=<32, 32, true, (ap_q_mode)5, (ap_o_mode)3, 0>(ap_fixed_base<32, 32, true, (ap_q_mode)5, (ap_o_mode)3, 0> const&)' (C:/Xilinx/Vitis_HLS/2022.2/common/technology/autopilot\ap_fixed_base.h:808:9)
INFO: [HLS 214-131] Inlining function 'ap_fixed_base<32, 16, true, (ap_q_mode)0, (ap_o_mode)0, 0>::overflow_adjust(bool, bool, bool, bool)' into 'ap_fixed_base<32, 16, true, (ap_q_mode)0, (ap_o_mode)0, 0>& ap_fixed_base<32, 16, true, (ap_q_mode)0, (ap_o_mode)0, 0>::operator=<32, 32, true, (ap_q_mode)5, (ap_o_mode)3, 0>(ap_fixed_base<32, 32, true, (ap_q_mode)5, (ap_o_mode)3, 0> const&)' (C:/Xilinx/Vitis_HLS/2022.2/common/technology/autopilot\ap_fixed_base.h:903:7)
INFO: [HLS 214-131] Inlining function 'bool ap_int_base<32, false>::operator==<32, false>(ap_int_base<32, false> const&) const' into 'ap_fixed_base<32, 16, true, (ap_q_mode)0, (ap_o_mode)0, 0>& ap_fixed_base<32, 16, true, (ap_q_mode)0, (ap_o_mode)0, 0>::operator=<32, 32, true, (ap_q_mode)5, (ap_o_mode)3, 0>(ap_fixed_base<32, 32, true, (ap_q_mode)5, (ap_o_mode)3, 0> const&)' (C:/Xilinx/Vitis_HLS/2022.2/common/technology/autopilot\ap_fixed_base.h:877:36)
INFO: [HLS 214-131] Inlining function 'ap_int_base<32, false>::RType<32, false>::arg1 operator>><32, false>(ap_int_base<32, false> const&, int)' into 'ap_fixed_base<32, 16, true, (ap_q_mode)0, (ap_o_mode)0, 0>& ap_fixed_base<32, 16, true, (ap_q_mode)0, (ap_o_mode)0, 0>::operator=<32, 32, true, (ap_q_mode)5, (ap_o_mode)3, 0>(ap_fixed_base<32, 32, true, (ap_q_mode)5, (ap_o_mode)3, 0> const&)' (C:/Xilinx/Vitis_HLS/2022.2/common/technology/autopilot\ap_fixed_base.h:877:49)
INFO: [HLS 214-131] Inlining function 'ap_int_base<32, false>::ap_int_base(int)' into 'ap_fixed_base<32, 16, true, (ap_q_mode)0, (ap_o_mode)0, 0>& ap_fixed_base<32, 16, true, (ap_q_mode)0, (ap_o_mode)0, 0>::operator=<32, 32, true, (ap_q_mode)5, (ap_o_mode)3, 0>(ap_fixed_base<32, 32, true, (ap_q_mode)5, (ap_o_mode)3, 0> const&)' (C:/Xilinx/Vitis_HLS/2022.2/common/technology/autopilot\ap_fixed_base.h:875:38)
INFO: [HLS 214-131] Inlining function 'bool ap_int_base<32, false>::operator==<32, false>(ap_int_base<32, false> const&) const' into 'ap_fixed_base<32, 16, true, (ap_q_mode)0, (ap_o_mode)0, 0>& ap_fixed_base<32, 16, true, (ap_q_mode)0, (ap_o_mode)0, 0>::operator=<32, 32, true, (ap_q_mode)5, (ap_o_mode)3, 0>(ap_fixed_base<32, 32, true, (ap_q_mode)5, (ap_o_mode)3, 0> const&)' (C:/Xilinx/Vitis_HLS/2022.2/common/technology/autopilot\ap_fixed_base.h:869:36)
INFO: [HLS 214-131] Inlining function 'ap_int_base<32, false>::RType<32, false>::arg1 operator>><32, false>(ap_int_base<32, false> const&, int)' into 'ap_fixed_base<32, 16, true, (ap_q_mode)0, (ap_o_mode)0, 0>& ap_fixed_base<32, 16, true, (ap_q_mode)0, (ap_o_mode)0, 0>::operator=<32, 32, true, (ap_q_mode)5, (ap_o_mode)3, 0>(ap_fixed_base<32, 32, true, (ap_q_mode)5, (ap_o_mode)3, 0> const&)' (C:/Xilinx/Vitis_HLS/2022.2/common/technology/autopilot\ap_fixed_base.h:869:49)
INFO: [HLS 214-131] Inlining function 'ap_int_base<32, false>::ap_int_base(int)' into 'ap_fixed_base<32, 16, true, (ap_q_mode)0, (ap_o_mode)0, 0>& ap_fixed_base<32, 16, true, (ap_q_mode)0, (ap_o_mode)0, 0>::operator=<32, 32, true, (ap_q_mode)5, (ap_o_mode)3, 0>(ap_fixed_base<32, 32, true, (ap_q_mode)5, (ap_o_mode)3, 0> const&)' (C:/Xilinx/Vitis_HLS/2022.2/common/technology/autopilot\ap_fixed_base.h:867:38)
INFO: [HLS 214-131] Inlining function 'ap_int_base<32, false>::ap_int_base(int)' into 'ap_fixed_base<32, 16, true, (ap_q_mode)0, (ap_o_mode)0, 0>& ap_fixed_base<32, 16, true, (ap_q_mode)0, (ap_o_mode)0, 0>::operator=<32, 32, true, (ap_q_mode)5, (ap_o_mode)3, 0>(ap_fixed_base<32, 32, true, (ap_q_mode)5, (ap_o_mode)3, 0> const&)' (C:/Xilinx/Vitis_HLS/2022.2/common/technology/autopilot\ap_fixed_base.h:864:36)
INFO: [HLS 214-131] Inlining function 'ap_fixed_base<32, 16, true, (ap_q_mode)0, (ap_o_mode)0, 0>& ap_fixed_base<32, 16, true, (ap_q_mode)0, (ap_o_mode)0, 0>::operator=<32, 32, true, (ap_q_mode)5, (ap_o_mode)3, 0>(ap_fixed_base<32, 32, true, (ap_q_mode)5, (ap_o_mode)3, 0> const&)' into 'ap_fixed_base<32, 16, true, (ap_q_mode)0, (ap_o_mode)0, 0>::ap_fixed_base(int)' (C:/Xilinx/Vitis_HLS/2022.2/common/technology/autopilot\ap_fixed_base.h:530:146)
INFO: [HLS 214-131] Inlining function 'ap_fixed_base<32, 16, true, (ap_q_mode)0, (ap_o_mode)0, 0>::ap_fixed_base(int)' into 'ap_fixed<32, 16, (ap_q_mode)0, (ap_o_mode)0, 0>::ap_fixed(int)'
INFO: [HLS 214-131] Inlining function 'ap_fixed_base<32, 16, true, (ap_q_mode)0, (ap_o_mode)0, 0>::operator!() const' into 'ap_fixed_base<8, 4, true, (ap_q_mode)0, (ap_o_mode)0, 0>& ap_fixed_base<8, 4, true, (ap_q_mode)0, (ap_o_mode)0, 0>::operator=<32, 16, true, (ap_q_mode)0, (ap_o_mode)0, 0>(ap_fixed_base<32, 16, true, (ap_q_mode)0, (ap_o_mode)0, 0> const&)' (C:/Xilinx/Vitis_HLS/2022.2/common/technology/autopilot\ap_fixed_base.h:808:9)
INFO: [HLS 214-131] Inlining function 'ap_fixed_base<8, 4, true, (ap_q_mode)0, (ap_o_mode)0, 0>::overflow_adjust(bool, bool, bool, bool)' into 'ap_fixed_base<8, 4, true, (ap_q_mode)0, (ap_o_mode)0, 0>& ap_fixed_base<8, 4, true, (ap_q_mode)0, (ap_o_mode)0, 0>::operator=<32, 16, true, (ap_q_mode)0, (ap_o_mode)0, 0>(ap_fixed_base<32, 16, true, (ap_q_mode)0, (ap_o_mode)0, 0> const&)' (C:/Xilinx/Vitis_HLS/2022.2/common/technology/autopilot\ap_fixed_base.h:903:7)
INFO: [HLS 214-131] Inlining function 'bool ap_int_base<32, false>::operator==<32, false>(ap_int_base<32, false> const&) const' into 'ap_fixed_base<8, 4, true, (ap_q_mode)0, (ap_o_mode)0, 0>& ap_fixed_base<8, 4, true, (ap_q_mode)0, (ap_o_mode)0, 0>::operator=<32, 16, true, (ap_q_mode)0, (ap_o_mode)0, 0>(ap_fixed_base<32, 16, true, (ap_q_mode)0, (ap_o_mode)0, 0> const&)' (C:/Xilinx/Vitis_HLS/2022.2/common/technology/autopilot\ap_fixed_base.h:877:36)
INFO: [HLS 214-131] Inlining function 'ap_int_base<32, false>::RType<32, false>::arg1 operator>><32, false>(ap_int_base<32, false> const&, int)' into 'ap_fixed_base<8, 4, true, (ap_q_mode)0, (ap_o_mode)0, 0>& ap_fixed_base<8, 4, true, (ap_q_mode)0, (ap_o_mode)0, 0>::operator=<32, 16, true, (ap_q_mode)0, (ap_o_mode)0, 0>(ap_fixed_base<32, 16, true, (ap_q_mode)0, (ap_o_mode)0, 0> const&)' (C:/Xilinx/Vitis_HLS/2022.2/common/technology/autopilot\ap_fixed_base.h:877:49)
INFO: [HLS 214-131] Inlining function 'ap_int_base<32, false>::ap_int_base(int)' into 'ap_fixed_base<8, 4, true, (ap_q_mode)0, (ap_o_mode)0, 0>& ap_fixed_base<8, 4, true, (ap_q_mode)0, (ap_o_mode)0, 0>::operator=<32, 16, true, (ap_q_mode)0, (ap_o_mode)0, 0>(ap_fixed_base<32, 16, true, (ap_q_mode)0, (ap_o_mode)0, 0> const&)' (C:/Xilinx/Vitis_HLS/2022.2/common/technology/autopilot\ap_fixed_base.h:875:38)
INFO: [HLS 214-131] Inlining function 'bool ap_int_base<32, false>::operator==<32, false>(ap_int_base<32, false> const&) const' into 'ap_fixed_base<8, 4, true, (ap_q_mode)0, (ap_o_mode)0, 0>& ap_fixed_base<8, 4, true, (ap_q_mode)0, (ap_o_mode)0, 0>::operator=<32, 16, true, (ap_q_mode)0, (ap_o_mode)0, 0>(ap_fixed_base<32, 16, true, (ap_q_mode)0, (ap_o_mode)0, 0> const&)' (C:/Xilinx/Vitis_HLS/2022.2/common/technology/autopilot\ap_fixed_base.h:869:36)
INFO: [HLS 214-131] Inlining function 'ap_int_base<32, false>::RType<32, false>::arg1 operator>><32, false>(ap_int_base<32, false> const&, int)' into 'ap_fixed_base<8, 4, true, (ap_q_mode)0, (ap_o_mode)0, 0>& ap_fixed_base<8, 4, true, (ap_q_mode)0, (ap_o_mode)0, 0>::operator=<32, 16, true, (ap_q_mode)0, (ap_o_mode)0, 0>(ap_fixed_base<32, 16, true, (ap_q_mode)0, (ap_o_mode)0, 0> const&)' (C:/Xilinx/Vitis_HLS/2022.2/common/technology/autopilot\ap_fixed_base.h:869:49)
INFO: [HLS 214-131] Inlining function 'ap_int_base<32, false>::ap_int_base(int)' into 'ap_fixed_base<8, 4, true, (ap_q_mode)0, (ap_o_mode)0, 0>& ap_fixed_base<8, 4, true, (ap_q_mode)0, (ap_o_mode)0, 0>::operator=<32, 16, true, (ap_q_mode)0, (ap_o_mode)0, 0>(ap_fixed_base<32, 16, true, (ap_q_mode)0, (ap_o_mode)0, 0> const&)' (C:/Xilinx/Vitis_HLS/2022.2/common/technology/autopilot\ap_fixed_base.h:867:38)
INFO: [HLS 214-131] Inlining function 'ap_int_base<32, false>::ap_int_base(int)' into 'ap_fixed_base<8, 4, true, (ap_q_mode)0, (ap_o_mode)0, 0>& ap_fixed_base<8, 4, true, (ap_q_mode)0, (ap_o_mode)0, 0>::operator=<32, 16, true, (ap_q_mode)0, (ap_o_mode)0, 0>(ap_fixed_base<32, 16, true, (ap_q_mode)0, (ap_o_mode)0, 0> const&)' (C:/Xilinx/Vitis_HLS/2022.2/common/technology/autopilot\ap_fixed_base.h:864:36)
INFO: [HLS 214-131] Inlining function 'ap_fixed_base<8, 4, true, (ap_q_mode)0, (ap_o_mode)0, 0>::quantization_adjust(bool, bool, bool)' into 'ap_fixed_base<8, 4, true, (ap_q_mode)0, (ap_o_mode)0, 0>& ap_fixed_base<8, 4, true, (ap_q_mode)0, (ap_o_mode)0, 0>::operator=<32, 16, true, (ap_q_mode)0, (ap_o_mode)0, 0>(ap_fixed_base<32, 16, true, (ap_q_mode)0, (ap_o_mode)0, 0> const&)' (C:/Xilinx/Vitis_HLS/2022.2/common/technology/autopilot\ap_fixed_base.h:829:17)
INFO: [HLS 214-131] Inlining function 'ssdm_int<8, true>::ssdm_int(signed char)' into 'ap_fixed_base<8, 4, true, (ap_q_mode)0, (ap_o_mode)0, 0>::ap_fixed_base<32, 16, true, (ap_q_mode)0, (ap_o_mode)0, 0>(ap_fixed_base<32, 16, true, (ap_q_mode)0, (ap_o_mode)0, 0> const&)' (C:/Xilinx/Vitis_HLS/2022.2/common/technology/autopilot\ap_fixed_base.h:401:80)
INFO: [HLS 214-131] Inlining function 'ap_fixed_base<8, 4, true, (ap_q_mode)0, (ap_o_mode)0, 0>& ap_fixed_base<8, 4, true, (ap_q_mode)0, (ap_o_mode)0, 0>::operator=<32, 16, true, (ap_q_mode)0, (ap_o_mode)0, 0>(ap_fixed_base<32, 16, true, (ap_q_mode)0, (ap_o_mode)0, 0> const&)' into 'ap_fixed_base<8, 4, true, (ap_q_mode)0, (ap_o_mode)0, 0>::ap_fixed_base<32, 16, true, (ap_q_mode)0, (ap_o_mode)0, 0>(ap_fixed_base<32, 16, true, (ap_q_mode)0, (ap_o_mode)0, 0> const&)' (C:/Xilinx/Vitis_HLS/2022.2/common/technology/autopilot\ap_fixed_base.h:403:5)
INFO: [HLS 214-131] Inlining function 'ap_fixed_base<8, 4, true, (ap_q_mode)0, (ap_o_mode)0, 0>::ap_fixed_base<32, 16, true, (ap_q_mode)0, (ap_o_mode)0, 0>(ap_fixed_base<32, 16, true, (ap_q_mode)0, (ap_o_mode)0, 0> const&)' into 'ap_fixed<8, 4, (ap_q_mode)0, (ap_o_mode)0, 0>::ap_fixed<32, 16, true, (ap_q_mode)0, (ap_o_mode)0, 0>(ap_fixed_base<32, 16, true, (ap_q_mode)0, (ap_o_mode)0, 0> const&)'
INFO: [HLS 214-131] Inlining function 'bool operator<<32, 16, true, (ap_q_mode)0, (ap_o_mode)0, 0>(ap_fixed_base<32, 16, true, (ap_q_mode)0, (ap_o_mode)0, 0> const&, int)' into 'void layer_block<1, 16, 32>(hls::stream<ap_fixed<8, 4, (ap_q_mode)0, (ap_o_mode)0, 0>, 0>&, hls::stream<ap_fixed<8, 4, (ap_q_mode)0, (ap_o_mode)0, 0>, 0>&, signed char const (*) [1][3][3], signed char const*)' (vgg_accelerator.cpp:82:29)
INFO: [HLS 214-131] Inlining function 'ap_fixed_base<32, 16, true, (ap_q_mode)0, (ap_o_mode)0, 0>& ap_fixed_base<32, 16, true, (ap_q_mode)0, (ap_o_mode)0, 0>::operator+=<16, 8, true, (ap_q_mode)5, (ap_o_mode)3, 0>(ap_fixed_base<16, 8, true, (ap_q_mode)5, (ap_o_mode)3, 0> const&)' into 'void layer_block<1, 16, 32>(hls::stream<ap_fixed<8, 4, (ap_q_mode)0, (ap_o_mode)0, 0>, 0>&, hls::stream<ap_fixed<8, 4, (ap_q_mode)0, (ap_o_mode)0, 0>, 0>&, signed char const (*) [1][3][3], signed char const*)' (vgg_accelerator.cpp:78:37)
INFO: [HLS 214-131] Inlining function 'ap_fixed_base<8, 4, true, (ap_q_mode)0, (ap_o_mode)0, 0>::RType<8, 4, true>::mult ap_fixed_base<8, 4, true, (ap_q_mode)0, (ap_o_mode)0, 0>::operator*<8, 4, true, (ap_q_mode)0, (ap_o_mode)0, 0>(ap_fixed_base<8, 4, true, (ap_q_mode)0, (ap_o_mode)0, 0> const&) const' into 'void layer_block<1, 16, 32>(hls::stream<ap_fixed<8, 4, (ap_q_mode)0, (ap_o_mode)0, 0>, 0>&, hls::stream<ap_fixed<8, 4, (ap_q_mode)0, (ap_o_mode)0, 0>, 0>&, signed char const (*) [1][3][3], signed char const*)' (vgg_accelerator.cpp:78:43)
INFO: [HLS 214-131] Inlining function 'bool ap_fixed_base<8, 4, true, (ap_q_mode)0, (ap_o_mode)0, 0>::operator><8, 4, true, (ap_q_mode)0, (ap_o_mode)0, 0>(ap_fixed_base<8, 4, true, (ap_q_mode)0, (ap_o_mode)0, 0> const&) const' into 'max_val(ap_fixed<8, 4, (ap_q_mode)0, (ap_o_mode)0, 0>, ap_fixed<8, 4, (ap_q_mode)0, (ap_o_mode)0, 0>)' (vgg_accelerator.cpp:12:15)
INFO: [HLS 214-131] Inlining function 'bool operator<<32, 16, true, (ap_q_mode)0, (ap_o_mode)0, 0>(ap_fixed_base<32, 16, true, (ap_q_mode)0, (ap_o_mode)0, 0> const&, int)' into 'void layer_block<16, 32, 16>(hls::stream<ap_fixed<8, 4, (ap_q_mode)0, (ap_o_mode)0, 0>, 0>&, hls::stream<ap_fixed<8, 4, (ap_q_mode)0, (ap_o_mode)0, 0>, 0>&, signed char const (*) [16][3][3], signed char const*)' (vgg_accelerator.cpp:82:29)
INFO: [HLS 214-131] Inlining function 'ap_fixed_base<32, 16, true, (ap_q_mode)0, (ap_o_mode)0, 0>& ap_fixed_base<32, 16, true, (ap_q_mode)0, (ap_o_mode)0, 0>::operator+=<16, 8, true, (ap_q_mode)5, (ap_o_mode)3, 0>(ap_fixed_base<16, 8, true, (ap_q_mode)5, (ap_o_mode)3, 0> const&)' into 'void layer_block<16, 32, 16>(hls::stream<ap_fixed<8, 4, (ap_q_mode)0, (ap_o_mode)0, 0>, 0>&, hls::stream<ap_fixed<8, 4, (ap_q_mode)0, (ap_o_mode)0, 0>, 0>&, signed char const (*) [16][3][3], signed char const*)' (vgg_accelerator.cpp:78:37)
INFO: [HLS 214-131] Inlining function 'ap_fixed_base<8, 4, true, (ap_q_mode)0, (ap_o_mode)0, 0>::RType<8, 4, true>::mult ap_fixed_base<8, 4, true, (ap_q_mode)0, (ap_o_mode)0, 0>::operator*<8, 4, true, (ap_q_mode)0, (ap_o_mode)0, 0>(ap_fixed_base<8, 4, true, (ap_q_mode)0, (ap_o_mode)0, 0> const&) const' into 'void layer_block<16, 32, 16>(hls::stream<ap_fixed<8, 4, (ap_q_mode)0, (ap_o_mode)0, 0>, 0>&, hls::stream<ap_fixed<8, 4, (ap_q_mode)0, (ap_o_mode)0, 0>, 0>&, signed char const (*) [16][3][3], signed char const*)' (vgg_accelerator.cpp:78:43)
INFO: [HLS 214-131] Inlining function 'bool operator<<32, 16, true, (ap_q_mode)0, (ap_o_mode)0, 0>(ap_fixed_base<32, 16, true, (ap_q_mode)0, (ap_o_mode)0, 0> const&, int)' into 'void layer_block<32, 64, 8>(hls::stream<ap_fixed<8, 4, (ap_q_mode)0, (ap_o_mode)0, 0>, 0>&, hls::stream<ap_fixed<8, 4, (ap_q_mode)0, (ap_o_mode)0, 0>, 0>&, signed char const (*) [32][3][3], signed char const*)' (vgg_accelerator.cpp:82:29)
INFO: [HLS 214-131] Inlining function 'ap_fixed_base<32, 16, true, (ap_q_mode)0, (ap_o_mode)0, 0>& ap_fixed_base<32, 16, true, (ap_q_mode)0, (ap_o_mode)0, 0>::operator+=<16, 8, true, (ap_q_mode)5, (ap_o_mode)3, 0>(ap_fixed_base<16, 8, true, (ap_q_mode)5, (ap_o_mode)3, 0> const&)' into 'void layer_block<32, 64, 8>(hls::stream<ap_fixed<8, 4, (ap_q_mode)0, (ap_o_mode)0, 0>, 0>&, hls::stream<ap_fixed<8, 4, (ap_q_mode)0, (ap_o_mode)0, 0>, 0>&, signed char const (*) [32][3][3], signed char const*)' (vgg_accelerator.cpp:78:37)
INFO: [HLS 214-131] Inlining function 'ap_fixed_base<8, 4, true, (ap_q_mode)0, (ap_o_mode)0, 0>::RType<8, 4, true>::mult ap_fixed_base<8, 4, true, (ap_q_mode)0, (ap_o_mode)0, 0>::operator*<8, 4, true, (ap_q_mode)0, (ap_o_mode)0, 0>(ap_fixed_base<8, 4, true, (ap_q_mode)0, (ap_o_mode)0, 0> const&) const' into 'void layer_block<32, 64, 8>(hls::stream<ap_fixed<8, 4, (ap_q_mode)0, (ap_o_mode)0, 0>, 0>&, hls::stream<ap_fixed<8, 4, (ap_q_mode)0, (ap_o_mode)0, 0>, 0>&, signed char const (*) [32][3][3], signed char const*)' (vgg_accelerator.cpp:78:43)
INFO: [HLS 214-131] Inlining function 'ap_int_base<8, false>::to_uint64() const' into 'af_range_ref<8, 4, true, (ap_q_mode)0, (ap_o_mode)0, 0>::operator unsigned long long() const' (C:/Xilinx/Vitis_HLS/2022.2/common/technology/autopilot\ap_fixed_ref.h:521:16)
INFO: [HLS 214-131] Inlining function 'ap_int_base<32, false>::ap_int_base(int)' into 'ap_uint<32>::ap_uint(int)'
INFO: [HLS 214-131] Inlining function '_ZN8ssdm_intILi4ELb0EEC2EDq4_j' into 'ap_int_base<4, false>::ap_int_base(int)' (C:/Xilinx/Vitis_HLS/2022.2/common/technology/autopilot\ap_int_base.h:214:67)
INFO: [HLS 214-131] Inlining function 'ap_int_base<4, false>::ap_int_base(int)' into 'ap_uint<4>::ap_uint(int)'
INFO: [HLS 214-131] Inlining function '_ZN8ssdm_intILi1ELb0EEC2EDq1_j' into 'ap_int_base<1, false>::ap_int_base(int)' (C:/Xilinx/Vitis_HLS/2022.2/common/technology/autopilot\ap_int_base.h:214:67)
INFO: [HLS 214-131] Inlining function 'ap_int_base<1, false>::ap_int_base(int)' into 'ap_uint<1>::ap_uint(int)'
INFO: [HLS 214-131] Inlining function 'hls::axis<ap_uint<32>, 0ul, 0ul, 0ul>::get_user_ptr()' into 'hls::stream<hls::axis<ap_uint<32>, 0ul, 0ul, 0ul>, 0>::write(hls::axis<ap_uint<32>, 0ul, 0ul, 0ul> const&)' (C:/Xilinx/Vitis_HLS/2022.2/common/technology/autopilot\ap_axi_sdata.h:258:51)
INFO: [HLS 214-131] Inlining function 'hls::axis<ap_uint<32>, 0ul, 0ul, 0ul>::get_dest_ptr()' into 'hls::stream<hls::axis<ap_uint<32>, 0ul, 0ul, 0ul>, 0>::write(hls::axis<ap_uint<32>, 0ul, 0ul, 0ul> const&)' (C:/Xilinx/Vitis_HLS/2022.2/common/technology/autopilot\ap_axi_sdata.h:261:26)
INFO: [HLS 214-131] Inlining function 'hls::axis<ap_uint<32>, 0ul, 0ul, 0ul>::get_id_ptr()' into 'hls::stream<hls::axis<ap_uint<32>, 0ul, 0ul, 0ul>, 0>::write(hls::axis<ap_uint<32>, 0ul, 0ul, 0ul> const&)' (C:/Xilinx/Vitis_HLS/2022.2/common/technology/autopilot\ap_axi_sdata.h:260:68)
INFO: [HLS 214-131] Inlining function 'hls::axis<ap_uint<32>, 0ul, 0ul, 0ul>::get_user_ptr()' into 'hls::stream<hls::axis<ap_uint<32>, 0ul, 0ul, 0ul>, 0>::write(hls::axis<ap_uint<32>, 0ul, 0ul, 0ul> const&)' (C:/Xilinx/Vitis_HLS/2022.2/common/technology/autopilot\ap_axi_sdata.h:260:37)
INFO: [HLS 214-131] Inlining function 'hls::axis<ap_uint<32>, 0ul, 0ul, 0ul>::get_dest_ptr()' into 'hls::stream<hls::axis<ap_uint<32>, 0ul, 0ul, 0ul>, 0>::write(hls::axis<ap_uint<32>, 0ul, 0ul, 0ul> const&)' (C:/Xilinx/Vitis_HLS/2022.2/common/technology/autopilot\ap_axi_sdata.h:259:40)
INFO: [HLS 214-131] Inlining function 'hls::axis<ap_uint<32>, 0ul, 0ul, 0ul>::get_id_ptr()' into 'hls::stream<hls::axis<ap_uint<32>, 0ul, 0ul, 0ul>, 0>::write(hls::axis<ap_uint<32>, 0ul, 0ul, 0ul> const&)' (C:/Xilinx/Vitis_HLS/2022.2/common/technology/autopilot\ap_axi_sdata.h:259:24)
INFO: [HLS 214-131] Inlining function 'hls::stream<hls::axis<ap_uint<32>, 0ul, 0ul, 0ul>, 0>::write(hls::axis<ap_uint<32>, 0ul, 0ul, 0ul> const&)' into 'dense_layer(hls::stream<ap_fixed<8, 4, (ap_q_mode)0, (ap_o_mode)0, 0>, 0>&, hls::stream<hls::axis<ap_uint<32>, 0ul, 0ul, 0ul>, 0>&, signed char const (*) [1024], signed char const*)' (vgg_accelerator.cpp:162:20)
INFO: [HLS 214-131] Inlining function 'af_range_ref<8, 4, true, (ap_q_mode)0, (ap_o_mode)0, 0>::operator unsigned long long() const' into 'dense_layer(hls::stream<ap_fixed<8, 4, (ap_q_mode)0, (ap_o_mode)0, 0>, 0>&, hls::stream<hls::axis<ap_uint<32>, 0ul, 0ul, 0ul>, 0>&, signed char const (*) [1024], signed char const*)' (vgg_accelerator.cpp:158:35)
INFO: [HLS 214-131] Inlining function 'ap_fixed_base<8, 4, true, (ap_q_mode)0, (ap_o_mode)0, 0>::range(int, int)' into 'dense_layer(hls::stream<ap_fixed<8, 4, (ap_q_mode)0, (ap_o_mode)0, 0>, 0>&, hls::stream<hls::axis<ap_uint<32>, 0ul, 0ul, 0ul>, 0>&, signed char const (*) [1024], signed char const*)' (vgg_accelerator.cpp:158:45)
INFO: [HLS 214-131] Inlining function 'ap_fixed_base<32, 16, true, (ap_q_mode)0, (ap_o_mode)0, 0>& ap_fixed_base<32, 16, true, (ap_q_mode)0, (ap_o_mode)0, 0>::operator+=<16, 8, true, (ap_q_mode)5, (ap_o_mode)3, 0>(ap_fixed_base<16, 8, true, (ap_q_mode)5, (ap_o_mode)3, 0> const&)' into 'dense_layer(hls::stream<ap_fixed<8, 4, (ap_q_mode)0, (ap_o_mode)0, 0>, 0>&, hls::stream<hls::axis<ap_uint<32>, 0ul, 0ul, 0ul>, 0>&, signed char const (*) [1024], signed char const*)' (vgg_accelerator.cpp:153:17)
INFO: [HLS 214-131] Inlining function 'ap_fixed_base<8, 4, true, (ap_q_mode)0, (ap_o_mode)0, 0>::RType<8, 4, true>::mult ap_fixed_base<8, 4, true, (ap_q_mode)0, (ap_o_mode)0, 0>::operator*<8, 4, true, (ap_q_mode)0, (ap_o_mode)0, 0>(ap_fixed_base<8, 4, true, (ap_q_mode)0, (ap_o_mode)0, 0> const&) const' into 'dense_layer(hls::stream<ap_fixed<8, 4, (ap_q_mode)0, (ap_o_mode)0, 0>, 0>&, hls::stream<hls::axis<ap_uint<32>, 0ul, 0ul, 0ul>, 0>&, signed char const (*) [1024], signed char const*)' (vgg_accelerator.cpp:153:32)
INFO: [HLS 214-291] Loop 'VITIS_LOOP_107_3' is marked as complete unroll implied by the pipeline pragma (vgg_accelerator.cpp:107:20)
INFO: [HLS 214-291] Loop 'VITIS_LOOP_74_9' is marked as complete unroll implied by the pipeline pragma (vgg_accelerator.cpp:74:19)
INFO: [HLS 214-291] Loop 'VITIS_LOOP_75_10' is marked as complete unroll implied by the pipeline pragma (vgg_accelerator.cpp:75:47)
INFO: [HLS 214-186] Unrolling loop 'VITIS_LOOP_107_3' (vgg_accelerator.cpp:107:20) in function 'max_pool<64, 8>' completely with a factor of 64 (vgg_accelerator.cpp:94:0)
INFO: [HLS 214-186] Unrolling loop 'VITIS_LOOP_74_9' (vgg_accelerator.cpp:74:19) in function 'layer_block<32, 64, 8>' completely with a factor of 3 (vgg_accelerator.cpp:23:0)
INFO: [HLS 214-186] Unrolling loop 'VITIS_LOOP_75_10' (vgg_accelerator.cpp:75:47) in function 'layer_block<32, 64, 8>' completely with a factor of 3 (vgg_accelerator.cpp:23:0)
INFO: [HLS 214-186] Unrolling loop 'VITIS_LOOP_107_3' (vgg_accelerator.cpp:107:20) in function 'max_pool<32, 16>' completely with a factor of 32 (vgg_accelerator.cpp:94:0)
INFO: [HLS 214-186] Unrolling loop 'VITIS_LOOP_74_9' (vgg_accelerator.cpp:74:19) in function 'layer_block<16, 32, 16>' completely with a factor of 3 (vgg_accelerator.cpp:23:0)
INFO: [HLS 214-186] Unrolling loop 'VITIS_LOOP_75_10' (vgg_accelerator.cpp:75:47) in function 'layer_block<16, 32, 16>' completely with a factor of 3 (vgg_accelerator.cpp:23:0)
INFO: [HLS 214-186] Unrolling loop 'VITIS_LOOP_107_3' (vgg_accelerator.cpp:107:20) in function 'max_pool<16, 32>' completely with a factor of 16 (vgg_accelerator.cpp:94:0)
INFO: [HLS 214-186] Unrolling loop 'VITIS_LOOP_74_9' (vgg_accelerator.cpp:74:19) in function 'layer_block<1, 16, 32>' completely with a factor of 3 (vgg_accelerator.cpp:23:0)
INFO: [HLS 214-186] Unrolling loop 'VITIS_LOOP_75_10' (vgg_accelerator.cpp:75:47) in function 'layer_block<1, 16, 32>' completely with a factor of 3 (vgg_accelerator.cpp:23:0)
INFO: [HLS 214-178] Inlining function 'raw_to_fixed(signed char)' into 'void layer_block<1, 16, 32>(hls::stream<ap_fixed<8, 4, (ap_q_mode)0, (ap_o_mode)0, 0>, 0>&, hls::stream<ap_fixed<8, 4, (ap_q_mode)0, (ap_o_mode)0, 0>, 0>&, signed char const (*) [1][3][3], signed char const*)' (vgg_accelerator.cpp:23:0)
INFO: [HLS 214-178] Inlining function 'raw_to_fixed(signed char)' into 'void layer_block<16, 32, 16>(hls::stream<ap_fixed<8, 4, (ap_q_mode)0, (ap_o_mode)0, 0>, 0>&, hls::stream<ap_fixed<8, 4, (ap_q_mode)0, (ap_o_mode)0, 0>, 0>&, signed char const (*) [16][3][3], signed char const*)' (vgg_accelerator.cpp:23:0)
INFO: [HLS 214-178] Inlining function 'raw_to_fixed(signed char)' into 'void layer_block<32, 64, 8>(hls::stream<ap_fixed<8, 4, (ap_q_mode)0, (ap_o_mode)0, 0>, 0>&, hls::stream<ap_fixed<8, 4, (ap_q_mode)0, (ap_o_mode)0, 0>, 0>&, signed char const (*) [32][3][3], signed char const*)' (vgg_accelerator.cpp:23:0)
INFO: [HLS 214-178] Inlining function 'raw_to_fixed(signed char)' into 'dense_layer(hls::stream<ap_fixed<8, 4, (ap_q_mode)0, (ap_o_mode)0, 0>, 0>&, hls::stream<hls::axis<ap_uint<32>, 0ul, 0ul, 0ul>, 0>&, signed char const (*) [1024], signed char const*)' (vgg_accelerator.cpp:133:0)
WARNING: [HLS 214-167] The program may have out of bound array access (vgg_accelerator.cpp:76:55)
INFO: [HLS 214-248] Applying array_partition to '_ZZ8max_poolILi64ELi8EEvRN3hls6streamI8ap_fixedILi8ELi4EL9ap_q_mode0EL9ap_o_mode0ELi0EELi0EEES7_E9pool_buff': Complete partitioning on dimension 1. (vgg_accelerator.cpp:95:0)
INFO: [HLS 214-248] Applying array_partition to '_ZZ11layer_blockILi32ELi64ELi8EEvRN3hls6streamI8ap_fixedILi8ELi4EL9ap_q_mode0EL9ap_o_mode0ELi0EELi0EEES7_PAT__A3_A3_KaPS8_E9line_buff': Complete partitioning on dimension 2. (vgg_accelerator.cpp:24:0)
INFO: [HLS 214-248] Applying array_partition to '_ZZ8max_poolILi32ELi16EEvRN3hls6streamI8ap_fixedILi8ELi4EL9ap_q_mode0EL9ap_o_mode0ELi0EELi0EEES7_E9pool_buff': Complete partitioning on dimension 1. (vgg_accelerator.cpp:95:0)
INFO: [HLS 214-248] Applying array_partition to '_ZZ11layer_blockILi16ELi32ELi16EEvRN3hls6streamI8ap_fixedILi8ELi4EL9ap_q_mode0EL9ap_o_mode0ELi0EELi0EEES7_PAT__A3_A3_KaPS8_E9line_buff': Complete partitioning on dimension 2. (vgg_accelerator.cpp:24:0)
INFO: [HLS 214-248] Applying array_partition to '_ZZ8max_poolILi16ELi32EEvRN3hls6streamI8ap_fixedILi8ELi4EL9ap_q_mode0EL9ap_o_mode0ELi0EELi0EEES7_E9pool_buff': Complete partitioning on dimension 1. (vgg_accelerator.cpp:95:0)
INFO: [HLS 214-248] Applying array_partition to '_ZZ11layer_blockILi1ELi16ELi32EEvRN3hls6streamI8ap_fixedILi8ELi4EL9ap_q_mode0EL9ap_o_mode0ELi0EELi0EEES7_PAT__A3_A3_KaPS8_E9line_buff': Complete partitioning on dimension 2. (vgg_accelerator.cpp:24:0)
INFO: [HLS 214-248] Applying array_partition to 'window': Complete partitioning on dimension 1. Complete partitioning on dimension 2. Complete partitioning on dimension 3. (vgg_accelerator.cpp:28:7)
INFO: [HLS 200-111] Finished Compiling Optimization and Transform: CPU user time: 1 seconds. CPU system time: 0 seconds. Elapsed time: 17.824 seconds; current allocated memory: 126.281 MB.
INFO: [HLS 200-111] Finished Checking Pragmas: CPU user time: 0 seconds. CPU system time: 0 seconds. Elapsed time: 0.002 seconds; current allocated memory: 126.289 MB.
INFO: [HLS 200-10] Starting code transformations ...
INFO: [HLS 200-111] Finished Standard Transforms: CPU user time: 3 seconds. CPU system time: 0 seconds. Elapsed time: 3.622 seconds; current allocated memory: 199.258 MB.
INFO: [HLS 200-10] Checking synthesizability ...
INFO: [HLS 200-111] Finished Checking Synthesizability: CPU user time: 2 seconds. CPU system time: 0 seconds. Elapsed time: 2.275 seconds; current allocated memory: 244.617 MB.
INFO: [XFORM 203-510] Pipelining loop 'VITIS_LOOP_33_3' (vgg_accelerator.cpp:33) in function 'layer_block<32, 64, 8>' automatically.
INFO: [XFORM 203-510] Pipelining loop 'VITIS_LOOP_33_3' (vgg_accelerator.cpp:33) in function 'layer_block<16, 32, 16>' automatically.
INFO: [XFORM 203-510] Pipelining loop 'VITIS_LOOP_33_3' (vgg_accelerator.cpp:33) in function 'layer_block<1, 16, 32>' automatically.
INFO: [XFORM 203-510] Pipelining loop 'VITIS_LOOP_37_5' (vgg_accelerator.cpp:37) in function 'layer_block<1, 16, 32>' automatically.
INFO: [XFORM 203-502] Unrolling all sub-loops inside loop 'VITIS_LOOP_37_5' (vgg_accelerator.cpp:37) in function 'layer_block<1, 16, 32>' for pipelining.
INFO: [HLS 200-489] Unrolling loop 'VITIS_LOOP_64_7' (vgg_accelerator.cpp:64) in function 'layer_block<1, 16, 32>' completely with a factor of 16.
INFO: [XFORM 203-102] Partitioning array 'void layer_block<1, 16, 32>(stream<ap_fixed<8, 4, 0, 0, 0>, 0>&, stream<ap_fixed<8, 4, 0, 0, 0>, 0>&, signed char const (*) [1][3][3], signed char const*)line_buff.30' in dimension 1 automatically.
INFO: [XFORM 203-102] Partitioning array 'void layer_block<1, 16, 32>(stream<ap_fixed<8, 4, 0, 0, 0>, 0>&, stream<ap_fixed<8, 4, 0, 0, 0>, 0>&, signed char const (*) [1][3][3], signed char const*)line_buff' in dimension 1 automatically.
INFO: [XFORM 203-712] Applying dataflow to function 'vgg_accelerator' (vgg_accelerator.cpp:178:1), detected/extracted 8 process function(s): 
	 'input_adapter'
	 'layer_block<1, 16, 32>'
	 'max_pool<16, 32>'
	 'layer_block<16, 32, 16>'
	 'max_pool<32, 16>'
	 'layer_block<32, 64, 8>'
	 'max_pool<64, 8>'
	 'dense_layer'.
INFO: [XFORM 203-401] Performing if-conversion on hyperblock from (vgg_accelerator.cpp:146:45) to (vgg_accelerator.cpp:140:23) in function 'dense_layer'... converting 3 basic blocks.
INFO: [HLS 200-111] Finished Loop, function and other optimizations: CPU user time: 8 seconds. CPU system time: 0 seconds. Elapsed time: 8.089 seconds; current allocated memory: 298.012 MB.
INFO: [XFORM 203-541] Flattening a loop nest 'VITIS_LOOP_101_1' (vgg_accelerator.cpp:101:29) in function 'max_pool<64, 8>'.
INFO: [XFORM 203-541] Flattening a loop nest 'VITIS_LOOP_101_1' (vgg_accelerator.cpp:101:29) in function 'max_pool<32, 16>'.
INFO: [XFORM 203-541] Flattening a loop nest 'VITIS_LOOP_101_1' (vgg_accelerator.cpp:101:29) in function 'max_pool<16, 32>'.
INFO: [XFORM 203-541] Flattening a loop nest 'VITIS_LOOP_32_2' (vgg_accelerator.cpp:32:34) in function 'layer_block<32, 64, 8>'.
INFO: [XFORM 203-541] Flattening a loop nest 'VITIS_LOOP_31_1' (vgg_accelerator.cpp:31:27) in function 'layer_block<32, 64, 8>'.
WARNING: [HLS 200-960] Cannot flatten loop 'VITIS_LOOP_64_7' (vgg_accelerator.cpp:64:43) in function 'layer_block<32, 64, 8>' the outer loop is not a perfect loop.
WARNING: [HLS 200-960] Cannot flatten loop 'VITIS_LOOP_37_5' (vgg_accelerator.cpp:37:35) in function 'layer_block<32, 64, 8>' more than one sub loop.
INFO: [XFORM 203-541] Flattening a loop nest 'VITIS_LOOP_36_4' (vgg_accelerator.cpp:36:31) in function 'layer_block<32, 64, 8>'.
INFO: [XFORM 203-541] Flattening a loop nest 'VITIS_LOOP_32_2' (vgg_accelerator.cpp:32:34) in function 'layer_block<16, 32, 16>'.
INFO: [XFORM 203-541] Flattening a loop nest 'VITIS_LOOP_31_1' (vgg_accelerator.cpp:31:27) in function 'layer_block<16, 32, 16>'.
WARNING: [HLS 200-960] Cannot flatten loop 'VITIS_LOOP_64_7' (vgg_accelerator.cpp:64:43) in function 'layer_block<16, 32, 16>' the outer loop is not a perfect loop.
WARNING: [HLS 200-960] Cannot flatten loop 'VITIS_LOOP_37_5' (vgg_accelerator.cpp:37:35) in function 'layer_block<16, 32, 16>' more than one sub loop.
INFO: [XFORM 203-541] Flattening a loop nest 'VITIS_LOOP_36_4' (vgg_accelerator.cpp:36:31) in function 'layer_block<16, 32, 16>'.
INFO: [XFORM 203-541] Flattening a loop nest 'VITIS_LOOP_32_2' (vgg_accelerator.cpp:32:34) in function 'layer_block<1, 16, 32>'.
INFO: [XFORM 203-541] Flattening a loop nest 'VITIS_LOOP_36_4' (vgg_accelerator.cpp:36:31) in function 'layer_block<1, 16, 32>'.
WARNING: [HLS 200-960] Cannot flatten loop 'VITIS_LOOP_140_2' (vgg_accelerator.cpp:140:32) in function 'dense_layer' the outer loop is not a perfect loop.
INFO: [HLS 200-472] Inferring partial write operation for 'void max_pool(stream&,stream<ap_fixed<8,4,0,0,0>,0>&)pool_buff.8' (vgg_accelerator.cpp:114:34)
INFO: [HLS 200-472] Inferring partial write operation for 'void max_pool(stream&,stream<ap_fixed<8,4,0,0,0>,0>&)pool_buff.18' (vgg_accelerator.cpp:114:34)
INFO: [HLS 200-472] Inferring partial write operation for 'void max_pool(stream&,stream<ap_fixed<8,4,0,0,0>,0>&)pool_buff.28' (vgg_accelerator.cpp:114:34)
INFO: [HLS 200-472] Inferring partial write operation for 'void layer_block(stream&,stream&,signed char const (*)[32][3][3],signed char con.1' (vgg_accelerator.cpp:34:36)
INFO: [HLS 200-472] Inferring partial write operation for 'void layer_block(stream&,stream&,signed char const (*)[32][3][3],signed char con.1' (vgg_accelerator.cpp:55:37)
INFO: [HLS 200-472] Inferring partial write operation for 'void layer_block(stream&,stream&,signed char const (*)[32][3][3],signed char con' (vgg_accelerator.cpp:56:37)
INFO: [HLS 200-472] Inferring partial write operation for 'void layer_block(stream&,stream&,signed char const (*)[16][3][3],signed char con.1' (vgg_accelerator.cpp:34:36)
INFO: [HLS 200-472] Inferring partial write operation for 'void layer_block(stream&,stream&,signed char const (*)[16][3][3],signed char con.1' (vgg_accelerator.cpp:55:37)
INFO: [HLS 200-472] Inferring partial write operation for 'void layer_block(stream&,stream&,signed char const (*)[16][3][3],signed char con' (vgg_accelerator.cpp:56:37)
INFO: [HLS 200-472] Inferring partial write operation for 'void layer_block(stream&,stream&,signed char const (*)[1][3][3],signed char cons.1' (vgg_accelerator.cpp:34:36)
INFO: [HLS 200-472] Inferring partial write operation for 'void layer_block(stream&,stream&,signed char const (*)[1][3][3],signed char cons.1' (vgg_accelerator.cpp:55:37)
INFO: [HLS 200-472] Inferring partial write operation for 'void layer_block(stream&,stream&,signed char const (*)[1][3][3],signed char cons' (vgg_accelerator.cpp:56:37)
INFO: [HLS 200-472] Inferring partial write operation for 'flat_img.V' (vgg_accelerator.cpp:137:14)
INFO: [HLS 200-111] Finished Architecture Synthesis: CPU user time: 2 seconds. CPU system time: 0 seconds. Elapsed time: 3.061 seconds; current allocated memory: 508.656 MB.
INFO: [HLS 200-10] Starting hardware synthesis ...
INFO: [HLS 200-10] Synthesizing 'vgg_accelerator' ...
WARNING: [SYN 201-103] Legalizing function name 'layer_block<1, 16, 32>_Pipeline_VITIS_LOOP_32_2_VITIS_LOOP_33_3' to 'layer_block_1_16_32_Pipeline_VITIS_LOOP_32_2_VITIS_LOOP_33_3'.
WARNING: [SYN 201-103] Legalizing function name 'layer_block<1, 16, 32>_Pipeline_VITIS_LOOP_36_4_VITIS_LOOP_37_5' to 'layer_block_1_16_32_Pipeline_VITIS_LOOP_36_4_VITIS_LOOP_37_5'.
WARNING: [SYN 201-103] Legalizing function name 'layer_block<1, 16, 32>' to 'layer_block_1_16_32_s'.
WARNING: [SYN 201-103] Legalizing function name 'max_pool<16, 32>' to 'max_pool_16_32_s'.
WARNING: [SYN 201-103] Legalizing function name 'layer_block<16, 32, 16>_Pipeline_VITIS_LOOP_31_1_VITIS_LOOP_32_2_VITIS_LOOP_33_3' to 'layer_block_16_32_16_Pipeline_VITIS_LOOP_31_1_VITIS_LOOP_32_2_VITIS_LOOP_33_3'.
WARNING: [SYN 201-103] Legalizing function name 'layer_block<16, 32, 16>_Pipeline_VITIS_LOOP_40_6' to 'layer_block_16_32_16_Pipeline_VITIS_LOOP_40_6'.
WARNING: [SYN 201-103] Legalizing function name 'layer_block<16, 32, 16>_Pipeline_VITIS_LOOP_71_8' to 'layer_block_16_32_16_Pipeline_VITIS_LOOP_71_8'.
WARNING: [SYN 201-103] Legalizing function name 'layer_block<16, 32, 16>' to 'layer_block_16_32_16_s'.
WARNING: [SYN 201-103] Legalizing function name 'max_pool<32, 16>' to 'max_pool_32_16_s'.
WARNING: [SYN 201-103] Legalizing function name 'layer_block<32, 64, 8>_Pipeline_VITIS_LOOP_31_1_VITIS_LOOP_32_2_VITIS_LOOP_33_3' to 'layer_block_32_64_8_Pipeline_VITIS_LOOP_31_1_VITIS_LOOP_32_2_VITIS_LOOP_33_3'.
WARNING: [SYN 201-103] Legalizing function name 'layer_block<32, 64, 8>_Pipeline_VITIS_LOOP_40_6' to 'layer_block_32_64_8_Pipeline_VITIS_LOOP_40_6'.
WARNING: [SYN 201-103] Legalizing function name 'layer_block<32, 64, 8>_Pipeline_VITIS_LOOP_71_8' to 'layer_block_32_64_8_Pipeline_VITIS_LOOP_71_8'.
WARNING: [SYN 201-103] Legalizing function name 'layer_block<32, 64, 8>' to 'layer_block_32_64_8_s'.
WARNING: [SYN 201-103] Legalizing function name 'max_pool<64, 8>' to 'max_pool_64_8_s'.
INFO: [HLS 200-10] ----------------------------------------------------------------
INFO: [HLS 200-42] -- Implementing module 'input_adapter' 
INFO: [HLS 200-10] ----------------------------------------------------------------
INFO: [SCHED 204-11] Starting scheduling ...
INFO: [SCHED 204-61] Pipelining loop 'VITIS_LOOP_167_1'.
INFO: [HLS 200-1470] Pipelining result : Target II = 1, Final II = 1, Depth = 2, loop 'VITIS_LOOP_167_1'
INFO: [SCHED 204-11] Finished scheduling.
INFO: [HLS 200-111] Finished Scheduling: CPU user time: 2 seconds. CPU system time: 0 seconds. Elapsed time: 2.36 seconds; current allocated memory: 516.500 MB.
INFO: [BIND 205-100] Starting micro-architecture generation ...
INFO: [BIND 205-101] Performing variable lifetime analysis.
INFO: [BIND 205-101] Exploring resource sharing.
INFO: [BIND 205-101] Binding ...
INFO: [BIND 205-100] Finished micro-architecture generation.
INFO: [HLS 200-111] Finished Binding: CPU user time: 0 seconds. CPU system time: 0 seconds. Elapsed time: 0.184 seconds; current allocated memory: 517.699 MB.
INFO: [HLS 200-10] ----------------------------------------------------------------
INFO: [HLS 200-42] -- Implementing module 'layer_block_1_16_32_Pipeline_VITIS_LOOP_32_2_VITIS_LOOP_33_3' 
INFO: [HLS 200-10] ----------------------------------------------------------------
INFO: [SCHED 204-11] Starting scheduling ...
INFO: [SCHED 204-61] Pipelining loop 'VITIS_LOOP_32_2_VITIS_LOOP_33_3'.
INFO: [HLS 200-1470] Pipelining result : Target II = NA, Final II = 1, Depth = 1, loop 'VITIS_LOOP_32_2_VITIS_LOOP_33_3'
INFO: [SCHED 204-11] Finished scheduling.
INFO: [HLS 200-111] Finished Scheduling: CPU user time: 0 seconds. CPU system time: 0 seconds. Elapsed time: 0.253 seconds; current allocated memory: 518.016 MB.
INFO: [BIND 205-100] Starting micro-architecture generation ...
INFO: [BIND 205-101] Performing variable lifetime analysis.
INFO: [BIND 205-101] Exploring resource sharing.
INFO: [BIND 205-101] Binding ...
INFO: [BIND 205-100] Finished micro-architecture generation.
INFO: [HLS 200-111] Finished Binding: CPU user time: 0 seconds. CPU system time: 0 seconds. Elapsed time: 0.184 seconds; current allocated memory: 518.113 MB.
INFO: [HLS 200-10] ----------------------------------------------------------------
INFO: [HLS 200-42] -- Implementing module 'layer_block_1_16_32_Pipeline_VITIS_LOOP_36_4_VITIS_LOOP_37_5' 
INFO: [HLS 200-10] ----------------------------------------------------------------
INFO: [SCHED 204-11] Starting scheduling ...
INFO: [SCHED 204-61] Pipelining loop 'VITIS_LOOP_36_4_VITIS_LOOP_37_5'.
WARNING: [HLS 200-880] The II Violation in module 'layer_block_1_16_32_Pipeline_VITIS_LOOP_36_4_VITIS_LOOP_37_5' (loop 'VITIS_LOOP_36_4_VITIS_LOOP_37_5'): Unable to enforce a carried dependence constraint (II = 1, distance = 1, offset = 1) between fifo write operation ('s_conv1_write_ln83', vgg_accelerator.cpp:83) on port 's_conv1' (vgg_accelerator.cpp:83) and fifo write operation ('s_conv1_write_ln83', vgg_accelerator.cpp:83) on port 's_conv1' (vgg_accelerator.cpp:83).
WARNING: [HLS 200-880] The II Violation in module 'layer_block_1_16_32_Pipeline_VITIS_LOOP_36_4_VITIS_LOOP_37_5' (loop 'VITIS_LOOP_36_4_VITIS_LOOP_37_5'): Unable to enforce a carried dependence constraint (II = 2, distance = 1, offset = 1) between fifo write operation ('s_conv1_write_ln83', vgg_accelerator.cpp:83) on port 's_conv1' (vgg_accelerator.cpp:83) and fifo write operation ('s_conv1_write_ln83', vgg_accelerator.cpp:83) on port 's_conv1' (vgg_accelerator.cpp:83).
WARNING: [HLS 200-880] The II Violation in module 'layer_block_1_16_32_Pipeline_VITIS_LOOP_36_4_VITIS_LOOP_37_5' (loop 'VITIS_LOOP_36_4_VITIS_LOOP_37_5'): Unable to enforce a carried dependence constraint (II = 3, distance = 1, offset = 1) between fifo write operation ('s_conv1_write_ln83', vgg_accelerator.cpp:83) on port 's_conv1' (vgg_accelerator.cpp:83) and fifo write operation ('s_conv1_write_ln83', vgg_accelerator.cpp:83) on port 's_conv1' (vgg_accelerator.cpp:83).
WARNING: [HLS 200-880] The II Violation in module 'layer_block_1_16_32_Pipeline_VITIS_LOOP_36_4_VITIS_LOOP_37_5' (loop 'VITIS_LOOP_36_4_VITIS_LOOP_37_5'): Unable to enforce a carried dependence constraint (II = 4, distance = 1, offset = 1) between fifo write operation ('s_conv1_write_ln83', vgg_accelerator.cpp:83) on port 's_conv1' (vgg_accelerator.cpp:83) and fifo write operation ('s_conv1_write_ln83', vgg_accelerator.cpp:83) on port 's_conv1' (vgg_accelerator.cpp:83).
WARNING: [HLS 200-880] The II Violation in module 'layer_block_1_16_32_Pipeline_VITIS_LOOP_36_4_VITIS_LOOP_37_5' (loop 'VITIS_LOOP_36_4_VITIS_LOOP_37_5'): Unable to enforce a carried dependence constraint (II = 11, distance = 1, offset = 1) between fifo write operation ('s_conv1_write_ln83', vgg_accelerator.cpp:83) on port 's_conv1' (vgg_accelerator.cpp:83) and fifo write operation ('s_conv1_write_ln83', vgg_accelerator.cpp:83) on port 's_conv1' (vgg_accelerator.cpp:83).
WARNING: [HLS 200-880] The II Violation in module 'layer_block_1_16_32_Pipeline_VITIS_LOOP_36_4_VITIS_LOOP_37_5' (loop 'VITIS_LOOP_36_4_VITIS_LOOP_37_5'): Unable to enforce a carried dependence constraint (II = 15, distance = 1, offset = 1) between fifo write operation ('s_conv1_write_ln83', vgg_accelerator.cpp:83) on port 's_conv1' (vgg_accelerator.cpp:83) and fifo write operation ('s_conv1_write_ln83', vgg_accelerator.cpp:83) on port 's_conv1' (vgg_accelerator.cpp:83).
INFO: [HLS 200-1470] Pipelining result : Target II = NA, Final II = 16, Depth = 19, loop 'VITIS_LOOP_36_4_VITIS_LOOP_37_5'
INFO: [SCHED 204-11] Finished scheduling.
INFO: [HLS 200-111] Finished Scheduling: CPU user time: 2 seconds. CPU system time: 0 seconds. Elapsed time: 1.718 seconds; current allocated memory: 535.879 MB.
INFO: [BIND 205-100] Starting micro-architecture generation ...
INFO: [BIND 205-101] Performing variable lifetime analysis.
INFO: [BIND 205-101] Exploring resource sharing.
INFO: [BIND 205-101] Binding ...
INFO: [BIND 205-100] Finished micro-architecture generation.
INFO: [HLS 200-111] Finished Binding: CPU user time: 1 seconds. CPU system time: 0 seconds. Elapsed time: 1.518 seconds; current allocated memory: 536.074 MB.
INFO: [HLS 200-10] ----------------------------------------------------------------
INFO: [HLS 200-42] -- Implementing module 'layer_block_1_16_32_s' 
INFO: [HLS 200-10] ----------------------------------------------------------------
INFO: [SCHED 204-11] Starting scheduling ...
INFO: [SCHED 204-11] Finished scheduling.
INFO: [HLS 200-111] Finished Scheduling: CPU user time: 2 seconds. CPU system time: 0 seconds. Elapsed time: 2.052 seconds; current allocated memory: 536.102 MB.
INFO: [BIND 205-100] Starting micro-architecture generation ...
INFO: [BIND 205-101] Performing variable lifetime analysis.
INFO: [BIND 205-101] Exploring resource sharing.
INFO: [BIND 205-101] Binding ...
INFO: [BIND 205-100] Finished micro-architecture generation.
INFO: [HLS 200-111] Finished Binding: CPU user time: 0 seconds. CPU system time: 0 seconds. Elapsed time: 0.665 seconds; current allocated memory: 536.102 MB.
INFO: [HLS 200-10] ----------------------------------------------------------------
INFO: [HLS 200-42] -- Implementing module 'max_pool_16_32_s' 
INFO: [HLS 200-10] ----------------------------------------------------------------
INFO: [SCHED 204-11] Starting scheduling ...
INFO: [SCHED 204-61] Pipelining loop 'VITIS_LOOP_101_1_VITIS_LOOP_102_2'.
WARNING: [HLS 200-880] The II Violation in module 'max_pool_16_32_s' (loop 'VITIS_LOOP_101_1_VITIS_LOOP_102_2'): Unable to enforce a carried dependence constraint (II = 2, distance = 1, offset = 1) between fifo read operation ('s_conv1_read_16', vgg_accelerator.cpp:108) on port 's_conv1' (vgg_accelerator.cpp:108) and fifo read operation ('val_in', vgg_accelerator.cpp:108) on port 's_conv1' (vgg_accelerator.cpp:108).
WARNING: [HLS 200-880] The II Violation in module 'max_pool_16_32_s' (loop 'VITIS_LOOP_101_1_VITIS_LOOP_102_2'): Unable to enforce a carried dependence constraint (II = 3, distance = 1, offset = 1) between fifo read operation ('s_conv1_read_17', vgg_accelerator.cpp:108) on port 's_conv1' (vgg_accelerator.cpp:108) and fifo read operation ('val_in', vgg_accelerator.cpp:108) on port 's_conv1' (vgg_accelerator.cpp:108).
WARNING: [HLS 200-880] The II Violation in module 'max_pool_16_32_s' (loop 'VITIS_LOOP_101_1_VITIS_LOOP_102_2'): Unable to enforce a carried dependence constraint (II = 4, distance = 1, offset = 1) between fifo read operation ('s_conv1_read_18', vgg_accelerator.cpp:108) on port 's_conv1' (vgg_accelerator.cpp:108) and fifo read operation ('val_in', vgg_accelerator.cpp:108) on port 's_conv1' (vgg_accelerator.cpp:108).
WARNING: [HLS 200-880] The II Violation in module 'max_pool_16_32_s' (loop 'VITIS_LOOP_101_1_VITIS_LOOP_102_2'): Unable to enforce a carried dependence constraint (II = 5, distance = 1, offset = 1) between fifo read operation ('s_conv1_read_19', vgg_accelerator.cpp:108) on port 's_conv1' (vgg_accelerator.cpp:108) and fifo read operation ('val_in', vgg_accelerator.cpp:108) on port 's_conv1' (vgg_accelerator.cpp:108).
WARNING: [HLS 200-880] The II Violation in module 'max_pool_16_32_s' (loop 'VITIS_LOOP_101_1_VITIS_LOOP_102_2'): Unable to enforce a carried dependence constraint (II = 12, distance = 1, offset = 1) between fifo read operation ('s_conv1_read_26', vgg_accelerator.cpp:108) on port 's_conv1' (vgg_accelerator.cpp:108) and fifo read operation ('val_in', vgg_accelerator.cpp:108) on port 's_conv1' (vgg_accelerator.cpp:108).
WARNING: [HLS 200-880] The II Violation in module 'max_pool_16_32_s' (loop 'VITIS_LOOP_101_1_VITIS_LOOP_102_2'): Unable to enforce a carried dependence constraint (II = 14, distance = 1, offset = 1) between fifo read operation ('s_conv1_read_28', vgg_accelerator.cpp:108) on port 's_conv1' (vgg_accelerator.cpp:108) and fifo read operation ('val_in', vgg_accelerator.cpp:108) on port 's_conv1' (vgg_accelerator.cpp:108).
WARNING: [HLS 200-880] The II Violation in module 'max_pool_16_32_s' (loop 'VITIS_LOOP_101_1_VITIS_LOOP_102_2'): Unable to enforce a carried dependence constraint (II = 15, distance = 1, offset = 1) between fifo read operation ('s_conv1_read_29', vgg_accelerator.cpp:108) on port 's_conv1' (vgg_accelerator.cpp:108) and fifo read operation ('val_in', vgg_accelerator.cpp:108) on port 's_conv1' (vgg_accelerator.cpp:108).
INFO: [HLS 200-1470] Pipelining result : Target II = 2, Final II = 16, Depth = 18, loop 'VITIS_LOOP_101_1_VITIS_LOOP_102_2'
INFO: [SCHED 204-11] Finished scheduling.
INFO: [HLS 200-111] Finished Scheduling: CPU user time: 3 seconds. CPU system time: 0 seconds. Elapsed time: 2.459 seconds; current allocated memory: 538.930 MB.
INFO: [BIND 205-100] Starting micro-architecture generation ...
INFO: [BIND 205-101] Performing variable lifetime analysis.
INFO: [BIND 205-101] Exploring resource sharing.
INFO: [BIND 205-101] Binding ...
INFO: [BIND 205-100] Finished micro-architecture generation.
INFO: [HLS 200-111] Finished Binding: CPU user time: 0 seconds. CPU system time: 0 seconds. Elapsed time: 0.341 seconds; current allocated memory: 539.020 MB.
INFO: [HLS 200-10] ----------------------------------------------------------------
INFO: [HLS 200-42] -- Implementing module 'layer_block_16_32_16_Pipeline_VITIS_LOOP_31_1_VITIS_LOOP_32_2_VITIS_LOOP_33_3' 
INFO: [HLS 200-10] ----------------------------------------------------------------
INFO: [SCHED 204-11] Starting scheduling ...
INFO: [SCHED 204-61] Pipelining loop 'VITIS_LOOP_31_1_VITIS_LOOP_32_2_VITIS_LOOP_33_3'.
INFO: [HLS 200-1470] Pipelining result : Target II = NA, Final II = 1, Depth = 1, loop 'VITIS_LOOP_31_1_VITIS_LOOP_32_2_VITIS_LOOP_33_3'
INFO: [SCHED 204-11] Finished scheduling.
INFO: [HLS 200-111] Finished Scheduling: CPU user time: 0 seconds. CPU system time: 0 seconds. Elapsed time: 0.618 seconds; current allocated memory: 539.195 MB.
INFO: [BIND 205-100] Starting micro-architecture generation ...
INFO: [BIND 205-101] Performing variable lifetime analysis.
INFO: [BIND 205-101] Exploring resource sharing.
INFO: [BIND 205-101] Binding ...
INFO: [BIND 205-100] Finished micro-architecture generation.
INFO: [HLS 200-111] Finished Binding: CPU user time: 0 seconds. CPU system time: 0 seconds. Elapsed time: 0.18 seconds; current allocated memory: 539.195 MB.
INFO: [HLS 200-10] ----------------------------------------------------------------
INFO: [HLS 200-42] -- Implementing module 'layer_block_16_32_16_Pipeline_VITIS_LOOP_40_6' 
INFO: [HLS 200-10] ----------------------------------------------------------------
INFO: [SCHED 204-11] Starting scheduling ...
INFO: [SCHED 204-61] Pipelining loop 'VITIS_LOOP_40_6'.
INFO: [HLS 200-1470] Pipelining result : Target II = 1, Final II = 1, Depth = 2, loop 'VITIS_LOOP_40_6'
INFO: [SCHED 204-11] Finished scheduling.
INFO: [HLS 200-111] Finished Scheduling: CPU user time: 1 seconds. CPU system time: 0 seconds. Elapsed time: 0.869 seconds; current allocated memory: 542.668 MB.
INFO: [BIND 205-100] Starting micro-architecture generation ...
INFO: [BIND 205-101] Performing variable lifetime analysis.
INFO: [BIND 205-101] Exploring resource sharing.
INFO: [BIND 205-101] Binding ...
INFO: [BIND 205-100] Finished micro-architecture generation.
INFO: [HLS 200-111] Finished Binding: CPU user time: 0 seconds. CPU system time: 0 seconds. Elapsed time: 0.294 seconds; current allocated memory: 543.059 MB.
INFO: [HLS 200-10] ----------------------------------------------------------------
INFO: [HLS 200-42] -- Implementing module 'layer_block_16_32_16_Pipeline_VITIS_LOOP_71_8' 
INFO: [HLS 200-10] ----------------------------------------------------------------
INFO: [SCHED 204-11] Starting scheduling ...
INFO: [SCHED 204-61] Pipelining loop 'VITIS_LOOP_71_8'.
INFO: [HLS 200-1470] Pipelining result : Target II = 2, Final II = 2, Depth = 5, loop 'VITIS_LOOP_71_8'
WARNING: [HLS 200-871] Estimated clock period (8.115ns) exceeds the target (target clock period: 10ns, clock uncertainty: 2.7ns, effective delay budget: 7.3ns).
WARNING: [HLS 200-1016] The critical path in module 'layer_block_16_32_16_Pipeline_VITIS_LOOP_71_8' consists of the following:	'load' operation ('lhs_load') on local variable 'lhs' [313]  (0 ns)
	'add' operation ('acc.V') [338]  (1.2 ns)
	'select' operation ('acc.V') [344]  (0.525 ns)
	'add' operation ('ret.V') [357]  (1.2 ns)
	'xor' operation ('xor_ln302_9') [363]  (0 ns)
	'select' operation ('acc.V') [365]  (0.525 ns)
	'add' operation ('acc.V') [380]  (1.2 ns)
	'select' operation ('acc.V') [386]  (0.525 ns)
	'add' operation ('ret.V') [399]  (1.2 ns)
	'xor' operation ('xor_ln895_13') [403]  (0 ns)
	'and' operation ('overflow') [404]  (0 ns)
	'select' operation ('select_ln346_11') [406]  (0 ns)
	'select' operation ('acc.V') [407]  (0.525 ns)
	'add' operation ('ret.V') [420]  (1.2 ns)

INFO: [SCHED 204-11] Finished scheduling.
INFO: [HLS 200-111] Finished Scheduling: CPU user time: 1 seconds. CPU system time: 0 seconds. Elapsed time: 0.96 seconds; current allocated memory: 546.488 MB.
INFO: [BIND 205-100] Starting micro-architecture generation ...
INFO: [BIND 205-101] Performing variable lifetime analysis.
INFO: [BIND 205-101] Exploring resource sharing.
INFO: [BIND 205-101] Binding ...
INFO: [BIND 205-100] Finished micro-architecture generation.
INFO: [HLS 200-111] Finished Binding: CPU user time: 0 seconds. CPU system time: 0 seconds. Elapsed time: 0.373 seconds; current allocated memory: 546.582 MB.
INFO: [HLS 200-10] ----------------------------------------------------------------
INFO: [HLS 200-42] -- Implementing module 'layer_block_16_32_16_s' 
INFO: [HLS 200-10] ----------------------------------------------------------------
INFO: [SCHED 204-11] Starting scheduling ...
INFO: [SCHED 204-11] Finished scheduling.
INFO: [HLS 200-111] Finished Scheduling: CPU user time: 1 seconds. CPU system time: 0 seconds. Elapsed time: 0.755 seconds; current allocated memory: 550.781 MB.
INFO: [BIND 205-100] Starting micro-architecture generation ...
INFO: [BIND 205-101] Performing variable lifetime analysis.
INFO: [BIND 205-101] Exploring resource sharing.
INFO: [BIND 205-101] Binding ...
INFO: [BIND 205-100] Finished micro-architecture generation.
INFO: [HLS 200-111] Finished Binding: CPU user time: 0 seconds. CPU system time: 0 seconds. Elapsed time: 0.38 seconds; current allocated memory: 551.758 MB.
INFO: [HLS 200-10] ----------------------------------------------------------------
INFO: [HLS 200-42] -- Implementing module 'max_val' 
INFO: [HLS 200-10] ----------------------------------------------------------------
INFO: [SCHED 204-11] Starting scheduling ...
INFO: [SCHED 204-61] Pipelining function 'max_val'.
INFO: [HLS 200-1470] Pipelining result : Target II = 0, Final II = 1, Depth = 1, function 'max_val'
INFO: [SCHED 204-11] Finished scheduling.
INFO: [HLS 200-111] Finished Scheduling: CPU user time: 0 seconds. CPU system time: 0 seconds. Elapsed time: 0.616 seconds; current allocated memory: 551.852 MB.
INFO: [BIND 205-100] Starting micro-architecture generation ...
INFO: [BIND 205-101] Performing variable lifetime analysis.
INFO: [BIND 205-101] Exploring resource sharing.
INFO: [BIND 205-101] Binding ...
INFO: [BIND 205-100] Finished micro-architecture generation.
INFO: [HLS 200-111] Finished Binding: CPU user time: 1 seconds. CPU system time: 0 seconds. Elapsed time: 0.226 seconds; current allocated memory: 551.852 MB.
INFO: [HLS 200-10] ----------------------------------------------------------------
INFO: [HLS 200-42] -- Implementing module 'max_pool_32_16_s' 
INFO: [HLS 200-10] ----------------------------------------------------------------
INFO: [SCHED 204-11] Starting scheduling ...
INFO: [SCHED 204-61] Pipelining loop 'VITIS_LOOP_101_1_VITIS_LOOP_102_2'.
WARNING: [HLS 200-880] The II Violation in module 'max_pool_32_16_s' (loop 'VITIS_LOOP_101_1_VITIS_LOOP_102_2'): Unable to enforce a carried dependence constraint (II = 2, distance = 1, offset = 1) between fifo read operation ('s_conv2_read_32', vgg_accelerator.cpp:108) on port 's_conv2' (vgg_accelerator.cpp:108) and fifo read operation ('val_in', vgg_accelerator.cpp:108) on port 's_conv2' (vgg_accelerator.cpp:108).
WARNING: [HLS 200-880] The II Violation in module 'max_pool_32_16_s' (loop 'VITIS_LOOP_101_1_VITIS_LOOP_102_2'): Unable to enforce a carried dependence constraint (II = 3, distance = 1, offset = 1) between fifo read operation ('s_conv2_read_33', vgg_accelerator.cpp:108) on port 's_conv2' (vgg_accelerator.cpp:108) and fifo read operation ('val_in', vgg_accelerator.cpp:108) on port 's_conv2' (vgg_accelerator.cpp:108).
WARNING: [HLS 200-880] The II Violation in module 'max_pool_32_16_s' (loop 'VITIS_LOOP_101_1_VITIS_LOOP_102_2'): Unable to enforce a carried dependence constraint (II = 4, distance = 1, offset = 1) between fifo read operation ('s_conv2_read_34', vgg_accelerator.cpp:108) on port 's_conv2' (vgg_accelerator.cpp:108) and fifo read operation ('val_in', vgg_accelerator.cpp:108) on port 's_conv2' (vgg_accelerator.cpp:108).
WARNING: [HLS 200-880] The II Violation in module 'max_pool_32_16_s' (loop 'VITIS_LOOP_101_1_VITIS_LOOP_102_2'): Unable to enforce a carried dependence constraint (II = 5, distance = 1, offset = 1) between fifo read operation ('s_conv2_read_35', vgg_accelerator.cpp:108) on port 's_conv2' (vgg_accelerator.cpp:108) and fifo read operation ('val_in', vgg_accelerator.cpp:108) on port 's_conv2' (vgg_accelerator.cpp:108).
WARNING: [HLS 200-880] The II Violation in module 'max_pool_32_16_s' (loop 'VITIS_LOOP_101_1_VITIS_LOOP_102_2'): Unable to enforce a carried dependence constraint (II = 20, distance = 1, offset = 1) between fifo read operation ('s_conv2_read_50', vgg_accelerator.cpp:108) on port 's_conv2' (vgg_accelerator.cpp:108) and fifo read operation ('val_in', vgg_accelerator.cpp:108) on port 's_conv2' (vgg_accelerator.cpp:108).
WARNING: [HLS 200-880] The II Violation in module 'max_pool_32_16_s' (loop 'VITIS_LOOP_101_1_VITIS_LOOP_102_2'): Unable to enforce a carried dependence constraint (II = 28, distance = 1, offset = 1) between fifo read operation ('s_conv2_read_58', vgg_accelerator.cpp:108) on port 's_conv2' (vgg_accelerator.cpp:108) and fifo read operation ('val_in', vgg_accelerator.cpp:108) on port 's_conv2' (vgg_accelerator.cpp:108).
WARNING: [HLS 200-880] The II Violation in module 'max_pool_32_16_s' (loop 'VITIS_LOOP_101_1_VITIS_LOOP_102_2'): Unable to enforce a carried dependence constraint (II = 30, distance = 1, offset = 1) between fifo read operation ('s_conv2_read_60', vgg_accelerator.cpp:108) on port 's_conv2' (vgg_accelerator.cpp:108) and fifo read operation ('val_in', vgg_accelerator.cpp:108) on port 's_conv2' (vgg_accelerator.cpp:108).
WARNING: [HLS 200-880] The II Violation in module 'max_pool_32_16_s' (loop 'VITIS_LOOP_101_1_VITIS_LOOP_102_2'): Unable to enforce a carried dependence constraint (II = 31, distance = 1, offset = 1) between fifo read operation ('s_conv2_read_61', vgg_accelerator.cpp:108) on port 's_conv2' (vgg_accelerator.cpp:108) and fifo read operation ('val_in', vgg_accelerator.cpp:108) on port 's_conv2' (vgg_accelerator.cpp:108).
INFO: [HLS 200-1470] Pipelining result : Target II = 2, Final II = 32, Depth = 33, loop 'VITIS_LOOP_101_1_VITIS_LOOP_102_2'
INFO: [SCHED 204-11] Finished scheduling.
INFO: [HLS 200-111] Finished Scheduling: CPU user time: 2 seconds. CPU system time: 0 seconds. Elapsed time: 2.312 seconds; current allocated memory: 569.477 MB.
INFO: [BIND 205-100] Starting micro-architecture generation ...
INFO: [BIND 205-101] Performing variable lifetime analysis.
INFO: [BIND 205-101] Exploring resource sharing.
INFO: [BIND 205-101] Binding ...
INFO: [BIND 205-100] Finished micro-architecture generation.
INFO: [HLS 200-111] Finished Binding: CPU user time: 0 seconds. CPU system time: 0 seconds. Elapsed time: 0.356 seconds; current allocated memory: 569.660 MB.
INFO: [HLS 200-10] ----------------------------------------------------------------
INFO: [HLS 200-42] -- Implementing module 'layer_block_32_64_8_Pipeline_VITIS_LOOP_31_1_VITIS_LOOP_32_2_VITIS_LOOP_33_3' 
INFO: [HLS 200-10] ----------------------------------------------------------------
INFO: [SCHED 204-11] Starting scheduling ...
INFO: [SCHED 204-61] Pipelining loop 'VITIS_LOOP_31_1_VITIS_LOOP_32_2_VITIS_LOOP_33_3'.
INFO: [HLS 200-1470] Pipelining result : Target II = NA, Final II = 1, Depth = 1, loop 'VITIS_LOOP_31_1_VITIS_LOOP_32_2_VITIS_LOOP_33_3'
INFO: [SCHED 204-11] Finished scheduling.
INFO: [HLS 200-111] Finished Scheduling: CPU user time: 0 seconds. CPU system time: 0 seconds. Elapsed time: 0.456 seconds; current allocated memory: 569.660 MB.
INFO: [BIND 205-100] Starting micro-architecture generation ...
INFO: [BIND 205-101] Performing variable lifetime analysis.
INFO: [BIND 205-101] Exploring resource sharing.
INFO: [BIND 205-101] Binding ...
INFO: [BIND 205-100] Finished micro-architecture generation.
INFO: [HLS 200-111] Finished Binding: CPU user time: 0 seconds. CPU system time: 0 seconds. Elapsed time: 0.244 seconds; current allocated memory: 569.660 MB.
INFO: [HLS 200-10] ----------------------------------------------------------------
INFO: [HLS 200-42] -- Implementing module 'layer_block_32_64_8_Pipeline_VITIS_LOOP_40_6' 
INFO: [HLS 200-10] ----------------------------------------------------------------
INFO: [SCHED 204-11] Starting scheduling ...
INFO: [SCHED 204-61] Pipelining loop 'VITIS_LOOP_40_6'.
INFO: [HLS 200-1470] Pipelining result : Target II = 1, Final II = 1, Depth = 2, loop 'VITIS_LOOP_40_6'
INFO: [SCHED 204-11] Finished scheduling.
INFO: [HLS 200-111] Finished Scheduling: CPU user time: 2 seconds. CPU system time: 1 seconds. Elapsed time: 1.779 seconds; current allocated memory: 571.770 MB.
INFO: [BIND 205-100] Starting micro-architecture generation ...
INFO: [BIND 205-101] Performing variable lifetime analysis.
INFO: [BIND 205-101] Exploring resource sharing.
INFO: [BIND 205-101] Binding ...
INFO: [BIND 205-100] Finished micro-architecture generation.
INFO: [HLS 200-111] Finished Binding: CPU user time: 0 seconds. CPU system time: 0 seconds. Elapsed time: 0.584 seconds; current allocated memory: 571.914 MB.
INFO: [HLS 200-10] ----------------------------------------------------------------
INFO: [HLS 200-42] -- Implementing module 'layer_block_32_64_8_Pipeline_VITIS_LOOP_71_8' 
INFO: [HLS 200-10] ----------------------------------------------------------------
INFO: [SCHED 204-11] Starting scheduling ...
INFO: [SCHED 204-61] Pipelining loop 'VITIS_LOOP_71_8'.
INFO: [HLS 200-1470] Pipelining result : Target II = 2, Final II = 2, Depth = 5, loop 'VITIS_LOOP_71_8'
WARNING: [HLS 200-871] Estimated clock period (8.115ns) exceeds the target (target clock period: 10ns, clock uncertainty: 2.7ns, effective delay budget: 7.3ns).
WARNING: [HLS 200-1016] The critical path in module 'layer_block_32_64_8_Pipeline_VITIS_LOOP_71_8' consists of the following:	'load' operation ('lhs_load') on local variable 'lhs' [601]  (0 ns)
	'add' operation ('acc.V') [626]  (1.2 ns)
	'select' operation ('acc.V') [632]  (0.525 ns)
	'add' operation ('acc.V') [647]  (1.2 ns)
	'select' operation ('acc.V') [653]  (0.525 ns)
	'add' operation ('ret.V') [666]  (1.2 ns)
	'xor' operation ('xor_ln302_2') [672]  (0 ns)
	'select' operation ('acc.V') [674]  (0.525 ns)
	'add' operation ('acc.V') [689]  (1.2 ns)
	'select' operation ('acc.V') [695]  (0.525 ns)
	'add' operation ('ret.V') [708]  (1.2 ns)

INFO: [SCHED 204-11] Finished scheduling.
INFO: [HLS 200-111] Finished Scheduling: CPU user time: 1 seconds. CPU system time: 0 seconds. Elapsed time: 1.286 seconds; current allocated memory: 576.754 MB.
INFO: [BIND 205-100] Starting micro-architecture generation ...
INFO: [BIND 205-101] Performing variable lifetime analysis.
INFO: [BIND 205-101] Exploring resource sharing.
INFO: [BIND 205-101] Binding ...
INFO: [BIND 205-100] Finished micro-architecture generation.
INFO: [HLS 200-111] Finished Binding: CPU user time: 0 seconds. CPU system time: 0 seconds. Elapsed time: 0.301 seconds; current allocated memory: 576.820 MB.
INFO: [HLS 200-10] ----------------------------------------------------------------
INFO: [HLS 200-42] -- Implementing module 'layer_block_32_64_8_s' 
INFO: [HLS 200-10] ----------------------------------------------------------------
INFO: [SCHED 204-11] Starting scheduling ...
INFO: [SCHED 204-11] Finished scheduling.
INFO: [HLS 200-111] Finished Scheduling: CPU user time: 0 seconds. CPU system time: 0 seconds. Elapsed time: 1.099 seconds; current allocated memory: 585.926 MB.
INFO: [BIND 205-100] Starting micro-architecture generation ...
INFO: [BIND 205-101] Performing variable lifetime analysis.
INFO: [BIND 205-101] Exploring resource sharing.
INFO: [BIND 205-101] Binding ...
INFO: [BIND 205-100] Finished micro-architecture generation.
INFO: [HLS 200-111] Finished Binding: CPU user time: 1 seconds. CPU system time: 0 seconds. Elapsed time: 0.539 seconds; current allocated memory: 586.305 MB.
INFO: [HLS 200-10] ----------------------------------------------------------------
INFO: [HLS 200-42] -- Implementing module 'max_pool_64_8_s' 
INFO: [HLS 200-10] ----------------------------------------------------------------
INFO: [SCHED 204-11] Starting scheduling ...
INFO: [SCHED 204-61] Pipelining loop 'VITIS_LOOP_101_1_VITIS_LOOP_102_2'.
WARNING: [HLS 200-880] The II Violation in module 'max_pool_64_8_s' (loop 'VITIS_LOOP_101_1_VITIS_LOOP_102_2'): Unable to enforce a carried dependence constraint (II = 2, distance = 1, offset = 1) between fifo read operation ('s_conv3_read_64', vgg_accelerator.cpp:108) on port 's_conv3' (vgg_accelerator.cpp:108) and fifo read operation ('val_in', vgg_accelerator.cpp:108) on port 's_conv3' (vgg_accelerator.cpp:108).
WARNING: [HLS 200-880] The II Violation in module 'max_pool_64_8_s' (loop 'VITIS_LOOP_101_1_VITIS_LOOP_102_2'): Unable to enforce a carried dependence constraint (II = 3, distance = 1, offset = 1) between fifo read operation ('s_conv3_read_65', vgg_accelerator.cpp:108) on port 's_conv3' (vgg_accelerator.cpp:108) and fifo read operation ('val_in', vgg_accelerator.cpp:108) on port 's_conv3' (vgg_accelerator.cpp:108).
WARNING: [HLS 200-880] The II Violation in module 'max_pool_64_8_s' (loop 'VITIS_LOOP_101_1_VITIS_LOOP_102_2'): Unable to enforce a carried dependence constraint (II = 4, distance = 1, offset = 1) between fifo read operation ('s_conv3_read_66', vgg_accelerator.cpp:108) on port 's_conv3' (vgg_accelerator.cpp:108) and fifo read operation ('val_in', vgg_accelerator.cpp:108) on port 's_conv3' (vgg_accelerator.cpp:108).
WARNING: [HLS 200-880] The II Violation in module 'max_pool_64_8_s' (loop 'VITIS_LOOP_101_1_VITIS_LOOP_102_2'): Unable to enforce a carried dependence constraint (II = 5, distance = 1, offset = 1) between fifo read operation ('s_conv3_read_67', vgg_accelerator.cpp:108) on port 's_conv3' (vgg_accelerator.cpp:108) and fifo read operation ('val_in', vgg_accelerator.cpp:108) on port 's_conv3' (vgg_accelerator.cpp:108).
WARNING: [HLS 200-880] The II Violation in module 'max_pool_64_8_s' (loop 'VITIS_LOOP_101_1_VITIS_LOOP_102_2'): Unable to enforce a carried dependence constraint (II = 36, distance = 1, offset = 1) between fifo read operation ('s_conv3_read_98', vgg_accelerator.cpp:108) on port 's_conv3' (vgg_accelerator.cpp:108) and fifo read operation ('val_in', vgg_accelerator.cpp:108) on port 's_conv3' (vgg_accelerator.cpp:108).
WARNING: [HLS 200-880] The II Violation in module 'max_pool_64_8_s' (loop 'VITIS_LOOP_101_1_VITIS_LOOP_102_2'): Unable to enforce a carried dependence constraint (II = 52, distance = 1, offset = 1) between fifo read operation ('s_conv3_read_114', vgg_accelerator.cpp:108) on port 's_conv3' (vgg_accelerator.cpp:108) and fifo read operation ('val_in', vgg_accelerator.cpp:108) on port 's_conv3' (vgg_accelerator.cpp:108).
WARNING: [HLS 200-880] The II Violation in module 'max_pool_64_8_s' (loop 'VITIS_LOOP_101_1_VITIS_LOOP_102_2'): Unable to enforce a carried dependence constraint (II = 60, distance = 1, offset = 1) between fifo read operation ('s_conv3_read_122', vgg_accelerator.cpp:108) on port 's_conv3' (vgg_accelerator.cpp:108) and fifo read operation ('val_in', vgg_accelerator.cpp:108) on port 's_conv3' (vgg_accelerator.cpp:108).
WARNING: [HLS 200-880] The II Violation in module 'max_pool_64_8_s' (loop 'VITIS_LOOP_101_1_VITIS_LOOP_102_2'): Unable to enforce a carried dependence constraint (II = 62, distance = 1, offset = 1) between fifo read operation ('s_conv3_read_124', vgg_accelerator.cpp:108) on port 's_conv3' (vgg_accelerator.cpp:108) and fifo read operation ('val_in', vgg_accelerator.cpp:108) on port 's_conv3' (vgg_accelerator.cpp:108).
WARNING: [HLS 200-880] The II Violation in module 'max_pool_64_8_s' (loop 'VITIS_LOOP_101_1_VITIS_LOOP_102_2'): Unable to enforce a carried dependence constraint (II = 63, distance = 1, offset = 1) between fifo read operation ('s_conv3_read_125', vgg_accelerator.cpp:108) on port 's_conv3' (vgg_accelerator.cpp:108) and fifo read operation ('val_in', vgg_accelerator.cpp:108) on port 's_conv3' (vgg_accelerator.cpp:108).
INFO: [HLS 200-1470] Pipelining result : Target II = 2, Final II = 64, Depth = 65, loop 'VITIS_LOOP_101_1_VITIS_LOOP_102_2'
INFO: [SCHED 204-11] Finished scheduling.
INFO: [HLS 200-111] Finished Scheduling: CPU user time: 6 seconds. CPU system time: 0 seconds. Elapsed time: 6.886 seconds; current allocated memory: 634.738 MB.
INFO: [BIND 205-100] Starting micro-architecture generation ...
INFO: [BIND 205-101] Performing variable lifetime analysis.
INFO: [BIND 205-101] Exploring resource sharing.
INFO: [BIND 205-101] Binding ...
INFO: [BIND 205-100] Finished micro-architecture generation.
INFO: [HLS 200-111] Finished Binding: CPU user time: 1 seconds. CPU system time: 0 seconds. Elapsed time: 0.593 seconds; current allocated memory: 634.738 MB.
INFO: [HLS 200-10] ----------------------------------------------------------------
INFO: [HLS 200-42] -- Implementing module 'dense_layer_Pipeline_VITIS_LOOP_135_1' 
INFO: [HLS 200-10] ----------------------------------------------------------------
INFO: [SCHED 204-11] Starting scheduling ...
INFO: [SCHED 204-61] Pipelining loop 'VITIS_LOOP_135_1'.
INFO: [HLS 200-1470] Pipelining result : Target II = 1, Final II = 1, Depth = 2, loop 'VITIS_LOOP_135_1'
INFO: [SCHED 204-11] Finished scheduling.
INFO: [HLS 200-111] Finished Scheduling: CPU user time: 0 seconds. CPU system time: 0 seconds. Elapsed time: 0.746 seconds; current allocated memory: 634.738 MB.
INFO: [BIND 205-100] Starting micro-architecture generation ...
INFO: [BIND 205-101] Performing variable lifetime analysis.
INFO: [BIND 205-101] Exploring resource sharing.
INFO: [BIND 205-101] Binding ...
INFO: [BIND 205-100] Finished micro-architecture generation.
INFO: [HLS 200-111] Finished Binding: CPU user time: 0 seconds. CPU system time: 0 seconds. Elapsed time: 0.218 seconds; current allocated memory: 634.738 MB.
INFO: [HLS 200-10] ----------------------------------------------------------------
INFO: [HLS 200-42] -- Implementing module 'dense_layer_Pipeline_VITIS_LOOP_146_3' 
INFO: [HLS 200-10] ----------------------------------------------------------------
INFO: [SCHED 204-11] Starting scheduling ...
INFO: [SCHED 204-61] Pipelining loop 'VITIS_LOOP_146_3'.
INFO: [HLS 200-1470] Pipelining result : Target II = 2, Final II = 2, Depth = 3, loop 'VITIS_LOOP_146_3'
INFO: [SCHED 204-11] Finished scheduling.
INFO: [HLS 200-111] Finished Scheduling: CPU user time: 1 seconds. CPU system time: 0 seconds. Elapsed time: 0.334 seconds; current allocated memory: 634.738 MB.
INFO: [BIND 205-100] Starting micro-architecture generation ...
INFO: [BIND 205-101] Performing variable lifetime analysis.
INFO: [BIND 205-101] Exploring resource sharing.
INFO: [BIND 205-101] Binding ...
INFO: [BIND 205-100] Finished micro-architecture generation.
INFO: [HLS 200-111] Finished Binding: CPU user time: 0 seconds. CPU system time: 0 seconds. Elapsed time: 0.255 seconds; current allocated memory: 634.738 MB.
INFO: [HLS 200-10] ----------------------------------------------------------------
INFO: [HLS 200-42] -- Implementing module 'dense_layer' 
INFO: [HLS 200-10] ----------------------------------------------------------------
INFO: [SCHED 204-11] Starting scheduling ...
INFO: [SCHED 204-11] Finished scheduling.
INFO: [HLS 200-111] Finished Scheduling: CPU user time: 0 seconds. CPU system time: 0 seconds. Elapsed time: 0.307 seconds; current allocated memory: 634.738 MB.
INFO: [BIND 205-100] Starting micro-architecture generation ...
INFO: [BIND 205-101] Performing variable lifetime analysis.
INFO: [BIND 205-101] Exploring resource sharing.
INFO: [BIND 205-101] Binding ...
INFO: [BIND 205-100] Finished micro-architecture generation.
INFO: [HLS 200-111] Finished Binding: CPU user time: 0 seconds. CPU system time: 0 seconds. Elapsed time: 0.196 seconds; current allocated memory: 634.738 MB.
INFO: [HLS 200-10] ----------------------------------------------------------------
INFO: [HLS 200-42] -- Implementing module 'vgg_accelerator' 
INFO: [HLS 200-10] ----------------------------------------------------------------
INFO: [SCHED 204-11] Starting scheduling ...
INFO: [SCHED 204-11] Finished scheduling.
INFO: [HLS 200-111] Finished Scheduling: CPU user time: 0 seconds. CPU system time: 0 seconds. Elapsed time: 0.45 seconds; current allocated memory: 634.738 MB.
INFO: [BIND 205-100] Starting micro-architecture generation ...
INFO: [BIND 205-101] Performing variable lifetime analysis.
INFO: [BIND 205-101] Exploring resource sharing.
INFO: [BIND 205-101] Binding ...
INFO: [BIND 205-100] Finished micro-architecture generation.
INFO: [HLS 200-111] Finished Binding: CPU user time: 1 seconds. CPU system time: 0 seconds. Elapsed time: 0.867 seconds; current allocated memory: 634.738 MB.
INFO: [HLS 200-10] ----------------------------------------------------------------
INFO: [HLS 200-10] -- Generating RTL for module 'input_adapter' 
INFO: [HLS 200-10] ----------------------------------------------------------------
INFO: [HLS 200-1030] Apply Unified Pipeline Control on module 'input_adapter' pipeline 'VITIS_LOOP_167_1' pipeline type 'loop pipeline'
INFO: [RTGEN 206-100] Finished creating RTL model for 'input_adapter'.
INFO: [HLS 200-111] Finished Creating RTL model: CPU user time: 2 seconds. CPU system time: 0 seconds. Elapsed time: 2.401 seconds; current allocated memory: 634.738 MB.
INFO: [HLS 200-10] ----------------------------------------------------------------
INFO: [HLS 200-10] -- Generating RTL for module 'layer_block_1_16_32_Pipeline_VITIS_LOOP_32_2_VITIS_LOOP_33_3' 
INFO: [HLS 200-10] ----------------------------------------------------------------
INFO: [RTGEN 206-100] Finished creating RTL model for 'layer_block_1_16_32_Pipeline_VITIS_LOOP_32_2_VITIS_LOOP_33_3'.
INFO: [HLS 200-111] Finished Creating RTL model: CPU user time: 0 seconds. CPU system time: 0 seconds. Elapsed time: 0.257 seconds; current allocated memory: 634.738 MB.
INFO: [HLS 200-10] ----------------------------------------------------------------
INFO: [HLS 200-10] -- Generating RTL for module 'layer_block_1_16_32_Pipeline_VITIS_LOOP_36_4_VITIS_LOOP_37_5' 
INFO: [HLS 200-10] ----------------------------------------------------------------
INFO: [HLS 200-1030] Apply Unified Pipeline Control on module 'layer_block_1_16_32_Pipeline_VITIS_LOOP_36_4_VITIS_LOOP_37_5' pipeline 'VITIS_LOOP_36_4_VITIS_LOOP_37_5' pipeline type 'loop pipeline'
INFO: [RTGEN 206-100] Finished creating RTL model for 'layer_block_1_16_32_Pipeline_VITIS_LOOP_36_4_VITIS_LOOP_37_5'.
INFO: [HLS 200-111] Finished Creating RTL model: CPU user time: 1 seconds. CPU system time: 0 seconds. Elapsed time: 0.792 seconds; current allocated memory: 634.738 MB.
INFO: [HLS 200-10] ----------------------------------------------------------------
INFO: [HLS 200-10] -- Generating RTL for module 'layer_block_1_16_32_s' 
INFO: [HLS 200-10] ----------------------------------------------------------------
INFO: [SYN 201-210] Renamed object name 'layer_block_1_16_32_s_void_layer_block_stream_stream_signed_char_const_1_3_3_signed_char_cons_1_RAM_AUTO_1R1W' to 'layer_block_1_16_32_s_void_layer_block_stream_stream_signed_char_const_1_3_3_bkb' due to the length limit 80
INFO: [SYN 201-210] Renamed object name 'layer_block_1_16_32_s_void_layer_block_stream_stream_signed_char_const_1_3_3_signed_char_cons_RAM_AUTO_1R1W' to 'layer_block_1_16_32_s_void_layer_block_stream_stream_signed_char_const_1_3_3_cud' due to the length limit 80
INFO: [RTGEN 206-100] Finished creating RTL model for 'layer_block_1_16_32_s'.
INFO: [RTMG 210-278] Implementing memory 'vgg_accelerator_layer_block_1_16_32_s_void_layer_block_stream_stream_signed_char_const_1_3_3_bkb' using auto RAMs.
INFO: [HLS 200-111] Finished Creating RTL model: CPU user time: 5 seconds. CPU system time: 1 seconds. Elapsed time: 6.192 seconds; current allocated memory: 649.812 MB.
INFO: [HLS 200-10] ----------------------------------------------------------------
INFO: [HLS 200-10] -- Generating RTL for module 'max_pool_16_32_s' 
INFO: [HLS 200-10] ----------------------------------------------------------------
INFO: [SYN 201-210] Renamed object name 'max_pool_16_32_s_void_max_pool_stream_stream_ap_fixed_8_4_0_0_0_0_pool_buff_28_RAM_AUTO_1R1W' to 'max_pool_16_32_s_void_max_pool_stream_stream_ap_fixed_8_4_0_0_0_0_pool_buff_2dEe' due to the length limit 80
INFO: [SYN 201-210] Renamed object name 'max_pool_16_32_s_void_max_pool_stream_stream_ap_fixed_8_4_0_0_0_0_pool_buff_27_RAM_AUTO_1R1W' to 'max_pool_16_32_s_void_max_pool_stream_stream_ap_fixed_8_4_0_0_0_0_pool_buff_2eOg' due to the length limit 80
INFO: [SYN 201-210] Renamed object name 'max_pool_16_32_s_void_max_pool_stream_stream_ap_fixed_8_4_0_0_0_0_pool_buff_26_RAM_AUTO_1R1W' to 'max_pool_16_32_s_void_max_pool_stream_stream_ap_fixed_8_4_0_0_0_0_pool_buff_2fYi' due to the length limit 80
INFO: [SYN 201-210] Renamed object name 'max_pool_16_32_s_void_max_pool_stream_stream_ap_fixed_8_4_0_0_0_0_pool_buff_25_RAM_AUTO_1R1W' to 'max_pool_16_32_s_void_max_pool_stream_stream_ap_fixed_8_4_0_0_0_0_pool_buff_2g8j' due to the length limit 80
INFO: [SYN 201-210] Renamed object name 'max_pool_16_32_s_void_max_pool_stream_stream_ap_fixed_8_4_0_0_0_0_pool_buff_24_RAM_AUTO_1R1W' to 'max_pool_16_32_s_void_max_pool_stream_stream_ap_fixed_8_4_0_0_0_0_pool_buff_2hbi' due to the length limit 80
INFO: [SYN 201-210] Renamed object name 'max_pool_16_32_s_void_max_pool_stream_stream_ap_fixed_8_4_0_0_0_0_pool_buff_23_RAM_AUTO_1R1W' to 'max_pool_16_32_s_void_max_pool_stream_stream_ap_fixed_8_4_0_0_0_0_pool_buff_2ibs' due to the length limit 80
INFO: [SYN 201-210] Renamed object name 'max_pool_16_32_s_void_max_pool_stream_stream_ap_fixed_8_4_0_0_0_0_pool_buff_22_RAM_AUTO_1R1W' to 'max_pool_16_32_s_void_max_pool_stream_stream_ap_fixed_8_4_0_0_0_0_pool_buff_2jbC' due to the length limit 80
INFO: [SYN 201-210] Renamed object name 'max_pool_16_32_s_void_max_pool_stream_stream_ap_fixed_8_4_0_0_0_0_pool_buff_21_RAM_AUTO_1R1W' to 'max_pool_16_32_s_void_max_pool_stream_stream_ap_fixed_8_4_0_0_0_0_pool_buff_2kbM' due to the length limit 80
INFO: [SYN 201-210] Renamed object name 'max_pool_16_32_s_void_max_pool_stream_stream_ap_fixed_8_4_0_0_0_0_pool_buff_20_RAM_AUTO_1R1W' to 'max_pool_16_32_s_void_max_pool_stream_stream_ap_fixed_8_4_0_0_0_0_pool_buff_2lbW' due to the length limit 80
INFO: [SYN 201-210] Renamed object name 'max_pool_16_32_s_p_ZZ8max_poolILi16ELi32EEvRN3hls6streamI8ap_fixedILi8ELi4EL9ap_q_mode0EL9ap_o_mod_5_RAM_AUTO_1R1W' to 'max_pool_16_32_s_p_ZZ8max_poolILi16ELi32EEvRN3hls6streamI8ap_fixedILi8ELi4EL9mb6' due to the length limit 80
INFO: [SYN 201-210] Renamed object name 'max_pool_16_32_s_p_ZZ8max_poolILi16ELi32EEvRN3hls6streamI8ap_fixedILi8ELi4EL9ap_q_mode0EL9ap_o_mod_4_RAM_AUTO_1R1W' to 'max_pool_16_32_s_p_ZZ8max_poolILi16ELi32EEvRN3hls6streamI8ap_fixedILi8ELi4EL9ncg' due to the length limit 80
INFO: [SYN 201-210] Renamed object name 'max_pool_16_32_s_p_ZZ8max_poolILi16ELi32EEvRN3hls6streamI8ap_fixedILi8ELi4EL9ap_q_mode0EL9ap_o_mod_3_RAM_AUTO_1R1W' to 'max_pool_16_32_s_p_ZZ8max_poolILi16ELi32EEvRN3hls6streamI8ap_fixedILi8ELi4EL9ocq' due to the length limit 80
INFO: [SYN 201-210] Renamed object name 'max_pool_16_32_s_p_ZZ8max_poolILi16ELi32EEvRN3hls6streamI8ap_fixedILi8ELi4EL9ap_q_mode0EL9ap_o_mod_2_RAM_AUTO_1R1W' to 'max_pool_16_32_s_p_ZZ8max_poolILi16ELi32EEvRN3hls6streamI8ap_fixedILi8ELi4EL9pcA' due to the length limit 80
INFO: [SYN 201-210] Renamed object name 'max_pool_16_32_s_p_ZZ8max_poolILi16ELi32EEvRN3hls6streamI8ap_fixedILi8ELi4EL9ap_q_mode0EL9ap_o_mod_1_RAM_AUTO_1R1W' to 'max_pool_16_32_s_p_ZZ8max_poolILi16ELi32EEvRN3hls6streamI8ap_fixedILi8ELi4EL9qcK' due to the length limit 80
INFO: [SYN 201-210] Renamed object name 'max_pool_16_32_s_p_ZZ8max_poolILi16ELi32EEvRN3hls6streamI8ap_fixedILi8ELi4EL9ap_q_mode0EL9ap_o_mod_RAM_AUTO_1R1W' to 'max_pool_16_32_s_p_ZZ8max_poolILi16ELi32EEvRN3hls6streamI8ap_fixedILi8ELi4EL9rcU' due to the length limit 80
INFO: [SYN 201-210] Renamed object name 'max_pool_16_32_s_void_max_pool_stream_stream_ap_fixed_8_4_0_0_0_0_pool_buff_29_RAM_AUTO_1R1W' to 'max_pool_16_32_s_void_max_pool_stream_stream_ap_fixed_8_4_0_0_0_0_pool_buff_2sc4' due to the length limit 80
INFO: [HLS 200-1030] Apply Unified Pipeline Control on module 'max_pool_16_32_s' pipeline 'VITIS_LOOP_101_1_VITIS_LOOP_102_2' pipeline type 'loop pipeline'
INFO: [RTGEN 206-100] Finished creating RTL model for 'max_pool_16_32_s'.
INFO: [RTMG 210-278] Implementing memory 'vgg_accelerator_max_pool_16_32_s_void_max_pool_stream_stream_ap_fixed_8_4_0_0_0_0_pool_buff_2dEe' using auto RAMs.
INFO: [HLS 200-111] Finished Creating RTL model: CPU user time: 2 seconds. CPU system time: 0 seconds. Elapsed time: 2.443 seconds; current allocated memory: 649.812 MB.
INFO: [HLS 200-10] ----------------------------------------------------------------
INFO: [HLS 200-10] -- Generating RTL for module 'layer_block_16_32_16_Pipeline_VITIS_LOOP_31_1_VITIS_LOOP_32_2_VITIS_LOOP_33_3' 
INFO: [HLS 200-10] ----------------------------------------------------------------
INFO: [RTGEN 206-100] Finished creating RTL model for 'layer_block_16_32_16_Pipeline_VITIS_LOOP_31_1_VITIS_LOOP_32_2_VITIS_LOOP_33_3'.
INFO: [HLS 200-111] Finished Creating RTL model: CPU user time: 1 seconds. CPU system time: 0 seconds. Elapsed time: 1.386 seconds; current allocated memory: 656.535 MB.
INFO: [HLS 200-10] ----------------------------------------------------------------
INFO: [HLS 200-10] -- Generating RTL for module 'layer_block_16_32_16_Pipeline_VITIS_LOOP_40_6' 
INFO: [HLS 200-10] ----------------------------------------------------------------
INFO: [HLS 200-1030] Apply Unified Pipeline Control on module 'layer_block_16_32_16_Pipeline_VITIS_LOOP_40_6' pipeline 'VITIS_LOOP_40_6' pipeline type 'loop pipeline'
INFO: [RTGEN 206-100] Generating core module 'mux_164_8_1_1': 1 instance(s).
INFO: [RTGEN 206-100] Finished creating RTL model for 'layer_block_16_32_16_Pipeline_VITIS_LOOP_40_6'.
INFO: [HLS 200-111] Finished Creating RTL model: CPU user time: 1 seconds. CPU system time: 0 seconds. Elapsed time: 0.528 seconds; current allocated memory: 659.730 MB.
INFO: [HLS 200-10] ----------------------------------------------------------------
INFO: [HLS 200-10] -- Generating RTL for module 'layer_block_16_32_16_Pipeline_VITIS_LOOP_71_8' 
INFO: [HLS 200-10] ----------------------------------------------------------------
INFO: [HLS 200-1030] Apply Unified Pipeline Control on module 'layer_block_16_32_16_Pipeline_VITIS_LOOP_71_8' pipeline 'VITIS_LOOP_71_8' pipeline type 'loop pipeline'
INFO: [RTGEN 206-100] Generating core module 'mul_8s_5s_12_1_1': 9 instance(s).
INFO: [RTGEN 206-100] Generating core module 'mux_164_8_1_1': 9 instance(s).
INFO: [RTGEN 206-100] Finished creating RTL model for 'layer_block_16_32_16_Pipeline_VITIS_LOOP_71_8'.
INFO: [RTMG 210-279] Implementing memory 'vgg_accelerator_layer_block_16_32_16_Pipeline_VITIS_LOOP_71_8_conv2_weights_ROM_AUTO_1R' using auto ROMs.
INFO: [HLS 200-111] Finished Creating RTL model: CPU user time: 0 seconds. CPU system time: 0 seconds. Elapsed time: 1.206 seconds; current allocated memory: 676.734 MB.
INFO: [HLS 200-10] ----------------------------------------------------------------
INFO: [HLS 200-10] -- Generating RTL for module 'layer_block_16_32_16_s' 
INFO: [HLS 200-10] ----------------------------------------------------------------
INFO: [SYN 201-210] Renamed object name 'layer_block_16_32_16_s_void_layer_block_stream_stream_signed_char_const_16_3_3_signed_char_con_1_RAM_AUTO_1R1W' to 'layer_block_16_32_16_s_void_layer_block_stream_stream_signed_char_const_16_3_tde' due to the length limit 80
INFO: [SYN 201-210] Renamed object name 'layer_block_16_32_16_s_void_layer_block_stream_stream_signed_char_const_16_3_3_signed_char_con_RAM_AUTO_1R1W' to 'layer_block_16_32_16_s_void_layer_block_stream_stream_signed_char_const_16_3_udo' due to the length limit 80
INFO: [RTGEN 206-100] Finished creating RTL model for 'layer_block_16_32_16_s'.
INFO: [RTMG 210-278] Implementing memory 'vgg_accelerator_layer_block_16_32_16_s_void_layer_block_stream_stream_signed_char_const_16_3_tde' using auto RAMs.
INFO: [RTMG 210-279] Implementing memory 'vgg_accelerator_layer_block_16_32_16_s_conv2_bias_ROM_AUTO_1R' using auto ROMs.
INFO: [HLS 200-111] Finished Creating RTL model: CPU user time: 1 seconds. CPU system time: 0 seconds. Elapsed time: 1.386 seconds; current allocated memory: 685.973 MB.
INFO: [HLS 200-10] ----------------------------------------------------------------
INFO: [HLS 200-10] -- Generating RTL for module 'max_val' 
INFO: [HLS 200-10] ----------------------------------------------------------------
INFO: [RTGEN 206-100] Finished creating RTL model for 'max_val'.
INFO: [HLS 200-111] Finished Creating RTL model: CPU user time: 1 seconds. CPU system time: 0 seconds. Elapsed time: 0.827 seconds; current allocated memory: 698.254 MB.
INFO: [HLS 200-10] ----------------------------------------------------------------
INFO: [HLS 200-10] -- Generating RTL for module 'max_pool_32_16_s' 
INFO: [HLS 200-10] ----------------------------------------------------------------
INFO: [SYN 201-210] Renamed object name 'max_pool_32_16_s_void_max_pool_stream_stream_ap_fixed_8_4_0_0_0_0_pool_buff_18_RAM_AUTO_1R1W' to 'max_pool_32_16_s_void_max_pool_stream_stream_ap_fixed_8_4_0_0_0_0_pool_buff_1vdy' due to the length limit 80
INFO: [SYN 201-210] Renamed object name 'max_pool_32_16_s_void_max_pool_stream_stream_ap_fixed_8_4_0_0_0_0_pool_buff_17_RAM_AUTO_1R1W' to 'max_pool_32_16_s_void_max_pool_stream_stream_ap_fixed_8_4_0_0_0_0_pool_buff_1wdI' due to the length limit 80
INFO: [SYN 201-210] Renamed object name 'max_pool_32_16_s_void_max_pool_stream_stream_ap_fixed_8_4_0_0_0_0_pool_buff_16_RAM_AUTO_1R1W' to 'max_pool_32_16_s_void_max_pool_stream_stream_ap_fixed_8_4_0_0_0_0_pool_buff_1xdS' due to the length limit 80
INFO: [SYN 201-210] Renamed object name 'max_pool_32_16_s_void_max_pool_stream_stream_ap_fixed_8_4_0_0_0_0_pool_buff_15_RAM_AUTO_1R1W' to 'max_pool_32_16_s_void_max_pool_stream_stream_ap_fixed_8_4_0_0_0_0_pool_buff_1yd2' due to the length limit 80
INFO: [SYN 201-210] Renamed object name 'max_pool_32_16_s_void_max_pool_stream_stream_ap_fixed_8_4_0_0_0_0_pool_buff_14_RAM_AUTO_1R1W' to 'max_pool_32_16_s_void_max_pool_stream_stream_ap_fixed_8_4_0_0_0_0_pool_buff_1zec' due to the length limit 80
INFO: [SYN 201-210] Renamed object name 'max_pool_32_16_s_void_max_pool_stream_stream_ap_fixed_8_4_0_0_0_0_pool_buff_13_RAM_AUTO_1R1W' to 'max_pool_32_16_s_void_max_pool_stream_stream_ap_fixed_8_4_0_0_0_0_pool_buff_1Aem' due to the length limit 80
INFO: [SYN 201-210] Renamed object name 'max_pool_32_16_s_void_max_pool_stream_stream_ap_fixed_8_4_0_0_0_0_pool_buff_12_RAM_AUTO_1R1W' to 'max_pool_32_16_s_void_max_pool_stream_stream_ap_fixed_8_4_0_0_0_0_pool_buff_1Bew' due to the length limit 80
INFO: [SYN 201-210] Renamed object name 'max_pool_32_16_s_void_max_pool_stream_stream_ap_fixed_8_4_0_0_0_0_pool_buff_11_RAM_AUTO_1R1W' to 'max_pool_32_16_s_void_max_pool_stream_stream_ap_fixed_8_4_0_0_0_0_pool_buff_1CeG' due to the length limit 80
INFO: [SYN 201-210] Renamed object name 'max_pool_32_16_s_void_max_pool_stream_stream_ap_fixed_8_4_0_0_0_0_pool_buff_10_RAM_AUTO_1R1W' to 'max_pool_32_16_s_void_max_pool_stream_stream_ap_fixed_8_4_0_0_0_0_pool_buff_1DeQ' due to the length limit 80
INFO: [SYN 201-210] Renamed object name 'max_pool_32_16_s_p_ZZ8max_poolILi32ELi16EEvRN3hls6streamI8ap_fixedILi8ELi4EL9ap_q_mode0EL9ap_o_mod_21_RAM_AUTO_1R1W' to 'max_pool_32_16_s_p_ZZ8max_poolILi32ELi16EEvRN3hls6streamI8ap_fixedILi8ELi4EL9Ee0' due to the length limit 80
INFO: [SYN 201-210] Renamed object name 'max_pool_32_16_s_p_ZZ8max_poolILi32ELi16EEvRN3hls6streamI8ap_fixedILi8ELi4EL9ap_q_mode0EL9ap_o_mod_20_RAM_AUTO_1R1W' to 'max_pool_32_16_s_p_ZZ8max_poolILi32ELi16EEvRN3hls6streamI8ap_fixedILi8ELi4EL9Ffa' due to the length limit 80
INFO: [SYN 201-210] Renamed object name 'max_pool_32_16_s_p_ZZ8max_poolILi32ELi16EEvRN3hls6streamI8ap_fixedILi8ELi4EL9ap_q_mode0EL9ap_o_mod_19_RAM_AUTO_1R1W' to 'max_pool_32_16_s_p_ZZ8max_poolILi32ELi16EEvRN3hls6streamI8ap_fixedILi8ELi4EL9Gfk' due to the length limit 80
INFO: [SYN 201-210] Renamed object name 'max_pool_32_16_s_p_ZZ8max_poolILi32ELi16EEvRN3hls6streamI8ap_fixedILi8ELi4EL9ap_q_mode0EL9ap_o_mod_18_RAM_AUTO_1R1W' to 'max_pool_32_16_s_p_ZZ8max_poolILi32ELi16EEvRN3hls6streamI8ap_fixedILi8ELi4EL9Hfu' due to the length limit 80
INFO: [SYN 201-210] Renamed object name 'max_pool_32_16_s_p_ZZ8max_poolILi32ELi16EEvRN3hls6streamI8ap_fixedILi8ELi4EL9ap_q_mode0EL9ap_o_mod_17_RAM_AUTO_1R1W' to 'max_pool_32_16_s_p_ZZ8max_poolILi32ELi16EEvRN3hls6streamI8ap_fixedILi8ELi4EL9IfE' due to the length limit 80
INFO: [SYN 201-210] Renamed object name 'max_pool_32_16_s_p_ZZ8max_poolILi32ELi16EEvRN3hls6streamI8ap_fixedILi8ELi4EL9ap_q_mode0EL9ap_o_mod_16_RAM_AUTO_1R1W' to 'max_pool_32_16_s_p_ZZ8max_poolILi32ELi16EEvRN3hls6streamI8ap_fixedILi8ELi4EL9JfO' due to the length limit 80
INFO: [SYN 201-210] Renamed object name 'max_pool_32_16_s_p_ZZ8max_poolILi32ELi16EEvRN3hls6streamI8ap_fixedILi8ELi4EL9ap_q_mode0EL9ap_o_mod_15_RAM_AUTO_1R1W' to 'max_pool_32_16_s_p_ZZ8max_poolILi32ELi16EEvRN3hls6streamI8ap_fixedILi8ELi4EL9KfY' due to the length limit 80
INFO: [SYN 201-210] Renamed object name 'max_pool_32_16_s_p_ZZ8max_poolILi32ELi16EEvRN3hls6streamI8ap_fixedILi8ELi4EL9ap_q_mode0EL9ap_o_mod_14_RAM_AUTO_1R1W' to 'max_pool_32_16_s_p_ZZ8max_poolILi32ELi16EEvRN3hls6streamI8ap_fixedILi8ELi4EL9Lf8' due to the length limit 80
INFO: [SYN 201-210] Renamed object name 'max_pool_32_16_s_p_ZZ8max_poolILi32ELi16EEvRN3hls6streamI8ap_fixedILi8ELi4EL9ap_q_mode0EL9ap_o_mod_13_RAM_AUTO_1R1W' to 'max_pool_32_16_s_p_ZZ8max_poolILi32ELi16EEvRN3hls6streamI8ap_fixedILi8ELi4EL9Mgi' due to the length limit 80
INFO: [SYN 201-210] Renamed object name 'max_pool_32_16_s_p_ZZ8max_poolILi32ELi16EEvRN3hls6streamI8ap_fixedILi8ELi4EL9ap_q_mode0EL9ap_o_mod_12_RAM_AUTO_1R1W' to 'max_pool_32_16_s_p_ZZ8max_poolILi32ELi16EEvRN3hls6streamI8ap_fixedILi8ELi4EL9Ngs' due to the length limit 80
INFO: [SYN 201-210] Renamed object name 'max_pool_32_16_s_p_ZZ8max_poolILi32ELi16EEvRN3hls6streamI8ap_fixedILi8ELi4EL9ap_q_mode0EL9ap_o_mod_11_RAM_AUTO_1R1W' to 'max_pool_32_16_s_p_ZZ8max_poolILi32ELi16EEvRN3hls6streamI8ap_fixedILi8ELi4EL9OgC' due to the length limit 80
INFO: [SYN 201-210] Renamed object name 'max_pool_32_16_s_p_ZZ8max_poolILi32ELi16EEvRN3hls6streamI8ap_fixedILi8ELi4EL9ap_q_mode0EL9ap_o_mod_10_RAM_AUTO_1R1W' to 'max_pool_32_16_s_p_ZZ8max_poolILi32ELi16EEvRN3hls6streamI8ap_fixedILi8ELi4EL9PgM' due to the length limit 80
INFO: [SYN 201-210] Renamed object name 'max_pool_32_16_s_p_ZZ8max_poolILi32ELi16EEvRN3hls6streamI8ap_fixedILi8ELi4EL9ap_q_mode0EL9ap_o_mod_9_RAM_AUTO_1R1W' to 'max_pool_32_16_s_p_ZZ8max_poolILi32ELi16EEvRN3hls6streamI8ap_fixedILi8ELi4EL9QgW' due to the length limit 80
INFO: [SYN 201-210] Renamed object name 'max_pool_32_16_s_p_ZZ8max_poolILi32ELi16EEvRN3hls6streamI8ap_fixedILi8ELi4EL9ap_q_mode0EL9ap_o_mod_8_RAM_AUTO_1R1W' to 'max_pool_32_16_s_p_ZZ8max_poolILi32ELi16EEvRN3hls6streamI8ap_fixedILi8ELi4EL9Rg6' due to the length limit 80
INFO: [SYN 201-210] Renamed object name 'max_pool_32_16_s_p_ZZ8max_poolILi32ELi16EEvRN3hls6streamI8ap_fixedILi8ELi4EL9ap_q_mode0EL9ap_o_mod_7_RAM_AUTO_1R1W' to 'max_pool_32_16_s_p_ZZ8max_poolILi32ELi16EEvRN3hls6streamI8ap_fixedILi8ELi4EL9Shg' due to the length limit 80
INFO: [SYN 201-210] Renamed object name 'max_pool_32_16_s_p_ZZ8max_poolILi32ELi16EEvRN3hls6streamI8ap_fixedILi8ELi4EL9ap_q_mode0EL9ap_o_mod_6_RAM_AUTO_1R1W' to 'max_pool_32_16_s_p_ZZ8max_poolILi32ELi16EEvRN3hls6streamI8ap_fixedILi8ELi4EL9Thq' due to the length limit 80
INFO: [SYN 201-210] Renamed object name 'max_pool_32_16_s_p_ZZ8max_poolILi32ELi16EEvRN3hls6streamI8ap_fixedILi8ELi4EL9ap_q_mode0EL9ap_o_mod_5_RAM_AUTO_1R1W' to 'max_pool_32_16_s_p_ZZ8max_poolILi32ELi16EEvRN3hls6streamI8ap_fixedILi8ELi4EL9UhA' due to the length limit 80
INFO: [SYN 201-210] Renamed object name 'max_pool_32_16_s_p_ZZ8max_poolILi32ELi16EEvRN3hls6streamI8ap_fixedILi8ELi4EL9ap_q_mode0EL9ap_o_mod_4_RAM_AUTO_1R1W' to 'max_pool_32_16_s_p_ZZ8max_poolILi32ELi16EEvRN3hls6streamI8ap_fixedILi8ELi4EL9VhK' due to the length limit 80
INFO: [SYN 201-210] Renamed object name 'max_pool_32_16_s_p_ZZ8max_poolILi32ELi16EEvRN3hls6streamI8ap_fixedILi8ELi4EL9ap_q_mode0EL9ap_o_mod_3_RAM_AUTO_1R1W' to 'max_pool_32_16_s_p_ZZ8max_poolILi32ELi16EEvRN3hls6streamI8ap_fixedILi8ELi4EL9WhU' due to the length limit 80
INFO: [SYN 201-210] Renamed object name 'max_pool_32_16_s_p_ZZ8max_poolILi32ELi16EEvRN3hls6streamI8ap_fixedILi8ELi4EL9ap_q_mode0EL9ap_o_mod_2_RAM_AUTO_1R1W' to 'max_pool_32_16_s_p_ZZ8max_poolILi32ELi16EEvRN3hls6streamI8ap_fixedILi8ELi4EL9Xh4' due to the length limit 80
INFO: [SYN 201-210] Renamed object name 'max_pool_32_16_s_p_ZZ8max_poolILi32ELi16EEvRN3hls6streamI8ap_fixedILi8ELi4EL9ap_q_mode0EL9ap_o_mod_1_RAM_AUTO_1R1W' to 'max_pool_32_16_s_p_ZZ8max_poolILi32ELi16EEvRN3hls6streamI8ap_fixedILi8ELi4EL9Yie' due to the length limit 80
INFO: [SYN 201-210] Renamed object name 'max_pool_32_16_s_p_ZZ8max_poolILi32ELi16EEvRN3hls6streamI8ap_fixedILi8ELi4EL9ap_q_mode0EL9ap_o_mod_RAM_AUTO_1R1W' to 'max_pool_32_16_s_p_ZZ8max_poolILi32ELi16EEvRN3hls6streamI8ap_fixedILi8ELi4EL9Zio' due to the length limit 80
INFO: [SYN 201-210] Renamed object name 'max_pool_32_16_s_void_max_pool_stream_stream_ap_fixed_8_4_0_0_0_0_pool_buff_19_RAM_AUTO_1R1W' to 'max_pool_32_16_s_void_max_pool_stream_stream_ap_fixed_8_4_0_0_0_0_pool_buff_10iy' due to the length limit 80
INFO: [HLS 200-1030] Apply Unified Pipeline Control on module 'max_pool_32_16_s' pipeline 'VITIS_LOOP_101_1_VITIS_LOOP_102_2' pipeline type 'loop pipeline'
INFO: [RTGEN 206-100] Finished creating RTL model for 'max_pool_32_16_s'.
INFO: [RTMG 210-278] Implementing memory 'vgg_accelerator_max_pool_32_16_s_void_max_pool_stream_stream_ap_fixed_8_4_0_0_0_0_pool_buff_1vdy' using auto RAMs.
INFO: [RTMG 210-278] Implementing memory 'vgg_accelerator_max_pool_32_16_s_p_ZZ8max_poolILi32ELi16EEvRN3hls6streamI8ap_fixedILi8ELi4EL9Zio' using auto RAMs.
INFO: [HLS 200-111] Finished Creating RTL model: CPU user time: 1 seconds. CPU system time: 0 seconds. Elapsed time: 1.714 seconds; current allocated memory: 700.465 MB.
INFO: [HLS 200-10] ----------------------------------------------------------------
INFO: [HLS 200-10] -- Generating RTL for module 'layer_block_32_64_8_Pipeline_VITIS_LOOP_31_1_VITIS_LOOP_32_2_VITIS_LOOP_33_3' 
INFO: [HLS 200-10] ----------------------------------------------------------------
INFO: [RTGEN 206-100] Finished creating RTL model for 'layer_block_32_64_8_Pipeline_VITIS_LOOP_31_1_VITIS_LOOP_32_2_VITIS_LOOP_33_3'.
INFO: [HLS 200-111] Finished Creating RTL model: CPU user time: 0 seconds. CPU system time: 0 seconds. Elapsed time: 1.279 seconds; current allocated memory: 714.609 MB.
INFO: [HLS 200-10] ----------------------------------------------------------------
INFO: [HLS 200-10] -- Generating RTL for module 'layer_block_32_64_8_Pipeline_VITIS_LOOP_40_6' 
INFO: [HLS 200-10] ----------------------------------------------------------------
INFO: [HLS 200-1030] Apply Unified Pipeline Control on module 'layer_block_32_64_8_Pipeline_VITIS_LOOP_40_6' pipeline 'VITIS_LOOP_40_6' pipeline type 'loop pipeline'
INFO: [HLS 200-1553] Disabling free running pipeline (frp) architecture on pipeline 'VITIS_LOOP_40_6' in module 'layer_block_32_64_8_Pipeline_VITIS_LOOP_40_6', because the estimated Stream Port Number is 26, which is bigger than the frp_stream_port_number threshold of 20.
INFO: [RTGEN 206-100] Generating core module 'mux_325_8_1_1': 1 instance(s).
INFO: [RTGEN 206-100] Finished creating RTL model for 'layer_block_32_64_8_Pipeline_VITIS_LOOP_40_6'.
INFO: [HLS 200-111] Finished Creating RTL model: CPU user time: 1 seconds. CPU system time: 0 seconds. Elapsed time: 0.928 seconds; current allocated memory: 720.430 MB.
INFO: [HLS 200-10] ----------------------------------------------------------------
INFO: [HLS 200-10] -- Generating RTL for module 'layer_block_32_64_8_Pipeline_VITIS_LOOP_71_8' 
INFO: [HLS 200-10] ----------------------------------------------------------------
INFO: [HLS 200-1030] Apply Unified Pipeline Control on module 'layer_block_32_64_8_Pipeline_VITIS_LOOP_71_8' pipeline 'VITIS_LOOP_71_8' pipeline type 'loop pipeline'
INFO: [RTGEN 206-100] Generating core module 'mul_8s_5s_12_1_1': 9 instance(s).
INFO: [RTGEN 206-100] Generating core module 'mux_325_8_1_1': 9 instance(s).
INFO: [RTGEN 206-100] Finished creating RTL model for 'layer_block_32_64_8_Pipeline_VITIS_LOOP_71_8'.
INFO: [RTMG 210-279] Implementing memory 'vgg_accelerator_layer_block_32_64_8_Pipeline_VITIS_LOOP_71_8_conv3_weights_ROM_AUTO_1R' using auto ROMs.
INFO: [HLS 200-111] Finished Creating RTL model: CPU user time: 1 seconds. CPU system time: 1 seconds. Elapsed time: 1.712 seconds; current allocated memory: 754.566 MB.
INFO: [HLS 200-10] ----------------------------------------------------------------
INFO: [HLS 200-10] -- Generating RTL for module 'layer_block_32_64_8_s' 
INFO: [HLS 200-10] ----------------------------------------------------------------
INFO: [SYN 201-210] Renamed object name 'layer_block_32_64_8_s_void_layer_block_stream_stream_signed_char_const_32_3_3_signed_char_con_1_RAM_AUTO_1R1W' to 'layer_block_32_64_8_s_void_layer_block_stream_stream_signed_char_const_32_3_31iI' due to the length limit 80
INFO: [SYN 201-210] Renamed object name 'layer_block_32_64_8_s_void_layer_block_stream_stream_signed_char_const_32_3_3_signed_char_con_RAM_AUTO_1R1W' to 'layer_block_32_64_8_s_void_layer_block_stream_stream_signed_char_const_32_3_32iS' due to the length limit 80
INFO: [RTGEN 206-100] Finished creating RTL model for 'layer_block_32_64_8_s'.
INFO: [RTMG 210-278] Implementing memory 'vgg_accelerator_layer_block_32_64_8_s_void_layer_block_stream_stream_signed_char_const_32_3_31iI' using auto RAMs.
INFO: [RTMG 210-279] Implementing memory 'vgg_accelerator_layer_block_32_64_8_s_conv3_bias_ROM_AUTO_1R' using auto ROMs.
INFO: [HLS 200-111] Finished Creating RTL model: CPU user time: 1 seconds. CPU system time: 0 seconds. Elapsed time: 1.311 seconds; current allocated memory: 768.922 MB.
INFO: [HLS 200-10] ----------------------------------------------------------------
INFO: [HLS 200-10] -- Generating RTL for module 'max_pool_64_8_s' 
INFO: [HLS 200-10] ----------------------------------------------------------------
INFO: [SYN 201-210] Renamed object name 'max_pool_64_8_s_void_max_pool_stream_stream_ap_fixed_8_4_0_0_0_0_pool_buff_8_RAM_AUTO_1R1W' to 'max_pool_64_8_s_void_max_pool_stream_stream_ap_fixed_8_4_0_0_0_0_pool_buff_8_3i2' due to the length limit 80
INFO: [SYN 201-210] Renamed object name 'max_pool_64_8_s_void_max_pool_stream_stream_ap_fixed_8_4_0_0_0_0_pool_buff_7_RAM_AUTO_1R1W' to 'max_pool_64_8_s_void_max_pool_stream_stream_ap_fixed_8_4_0_0_0_0_pool_buff_7_4jc' due to the length limit 80
INFO: [SYN 201-210] Renamed object name 'max_pool_64_8_s_void_max_pool_stream_stream_ap_fixed_8_4_0_0_0_0_pool_buff_6_RAM_AUTO_1R1W' to 'max_pool_64_8_s_void_max_pool_stream_stream_ap_fixed_8_4_0_0_0_0_pool_buff_6_5jm' due to the length limit 80
INFO: [SYN 201-210] Renamed object name 'max_pool_64_8_s_void_max_pool_stream_stream_ap_fixed_8_4_0_0_0_0_pool_buff_5_RAM_AUTO_1R1W' to 'max_pool_64_8_s_void_max_pool_stream_stream_ap_fixed_8_4_0_0_0_0_pool_buff_5_6jw' due to the length limit 80
INFO: [SYN 201-210] Renamed object name 'max_pool_64_8_s_void_max_pool_stream_stream_ap_fixed_8_4_0_0_0_0_pool_buff_4_RAM_AUTO_1R1W' to 'max_pool_64_8_s_void_max_pool_stream_stream_ap_fixed_8_4_0_0_0_0_pool_buff_4_7jG' due to the length limit 80
INFO: [SYN 201-210] Renamed object name 'max_pool_64_8_s_void_max_pool_stream_stream_ap_fixed_8_4_0_0_0_0_pool_buff_3_RAM_AUTO_1R1W' to 'max_pool_64_8_s_void_max_pool_stream_stream_ap_fixed_8_4_0_0_0_0_pool_buff_3_8jQ' due to the length limit 80
INFO: [SYN 201-210] Renamed object name 'max_pool_64_8_s_void_max_pool_stream_stream_ap_fixed_8_4_0_0_0_0_pool_buff_2_RAM_AUTO_1R1W' to 'max_pool_64_8_s_void_max_pool_stream_stream_ap_fixed_8_4_0_0_0_0_pool_buff_2_9j0' due to the length limit 80
INFO: [SYN 201-210] Renamed object name 'max_pool_64_8_s_void_max_pool_stream_stream_ap_fixed_8_4_0_0_0_0_pool_buff_1_RAM_AUTO_1R1W' to 'max_pool_64_8_s_void_max_pool_stream_stream_ap_fixed_8_4_0_0_0_0_pool_buff_1_bak' due to the length limit 80
INFO: [SYN 201-210] Renamed object name 'max_pool_64_8_s_void_max_pool_stream_stream_ap_fixed_8_4_0_0_0_0_pool_buff_RAM_AUTO_1R1W' to 'max_pool_64_8_s_void_max_pool_stream_stream_ap_fixed_8_4_0_0_0_0_pool_buff_RAbbk' due to the length limit 80
INFO: [SYN 201-210] Renamed object name 'max_pool_64_8_s_p_ZZ8max_poolILi64ELi8EEvRN3hls6streamI8ap_fixedILi8ELi4EL9ap_q_mode0EL9ap_o_mode_53_RAM_AUTO_1R1W' to 'max_pool_64_8_s_p_ZZ8max_poolILi64ELi8EEvRN3hls6streamI8ap_fixedILi8ELi4EL9apbck' due to the length limit 80
INFO: [SYN 201-210] Renamed object name 'max_pool_64_8_s_p_ZZ8max_poolILi64ELi8EEvRN3hls6streamI8ap_fixedILi8ELi4EL9ap_q_mode0EL9ap_o_mode_52_RAM_AUTO_1R1W' to 'max_pool_64_8_s_p_ZZ8max_poolILi64ELi8EEvRN3hls6streamI8ap_fixedILi8ELi4EL9apbdk' due to the length limit 80
INFO: [SYN 201-210] Renamed object name 'max_pool_64_8_s_p_ZZ8max_poolILi64ELi8EEvRN3hls6streamI8ap_fixedILi8ELi4EL9ap_q_mode0EL9ap_o_mode_51_RAM_AUTO_1R1W' to 'max_pool_64_8_s_p_ZZ8max_poolILi64ELi8EEvRN3hls6streamI8ap_fixedILi8ELi4EL9apbek' due to the length limit 80
INFO: [SYN 201-210] Renamed object name 'max_pool_64_8_s_p_ZZ8max_poolILi64ELi8EEvRN3hls6streamI8ap_fixedILi8ELi4EL9ap_q_mode0EL9ap_o_mode_50_RAM_AUTO_1R1W' to 'max_pool_64_8_s_p_ZZ8max_poolILi64ELi8EEvRN3hls6streamI8ap_fixedILi8ELi4EL9apbfk' due to the length limit 80
INFO: [SYN 201-210] Renamed object name 'max_pool_64_8_s_p_ZZ8max_poolILi64ELi8EEvRN3hls6streamI8ap_fixedILi8ELi4EL9ap_q_mode0EL9ap_o_mode_49_RAM_AUTO_1R1W' to 'max_pool_64_8_s_p_ZZ8max_poolILi64ELi8EEvRN3hls6streamI8ap_fixedILi8ELi4EL9apbgk' due to the length limit 80
INFO: [SYN 201-210] Renamed object name 'max_pool_64_8_s_p_ZZ8max_poolILi64ELi8EEvRN3hls6streamI8ap_fixedILi8ELi4EL9ap_q_mode0EL9ap_o_mode_48_RAM_AUTO_1R1W' to 'max_pool_64_8_s_p_ZZ8max_poolILi64ELi8EEvRN3hls6streamI8ap_fixedILi8ELi4EL9apbhl' due to the length limit 80
INFO: [SYN 201-210] Renamed object name 'max_pool_64_8_s_p_ZZ8max_poolILi64ELi8EEvRN3hls6streamI8ap_fixedILi8ELi4EL9ap_q_mode0EL9ap_o_mode_47_RAM_AUTO_1R1W' to 'max_pool_64_8_s_p_ZZ8max_poolILi64ELi8EEvRN3hls6streamI8ap_fixedILi8ELi4EL9apbil' due to the length limit 80
INFO: [SYN 201-210] Renamed object name 'max_pool_64_8_s_p_ZZ8max_poolILi64ELi8EEvRN3hls6streamI8ap_fixedILi8ELi4EL9ap_q_mode0EL9ap_o_mode_46_RAM_AUTO_1R1W' to 'max_pool_64_8_s_p_ZZ8max_poolILi64ELi8EEvRN3hls6streamI8ap_fixedILi8ELi4EL9apbjl' due to the length limit 80
INFO: [SYN 201-210] Renamed object name 'max_pool_64_8_s_p_ZZ8max_poolILi64ELi8EEvRN3hls6streamI8ap_fixedILi8ELi4EL9ap_q_mode0EL9ap_o_mode_45_RAM_AUTO_1R1W' to 'max_pool_64_8_s_p_ZZ8max_poolILi64ELi8EEvRN3hls6streamI8ap_fixedILi8ELi4EL9apbkl' due to the length limit 80
INFO: [SYN 201-210] Renamed object name 'max_pool_64_8_s_p_ZZ8max_poolILi64ELi8EEvRN3hls6streamI8ap_fixedILi8ELi4EL9ap_q_mode0EL9ap_o_mode_44_RAM_AUTO_1R1W' to 'max_pool_64_8_s_p_ZZ8max_poolILi64ELi8EEvRN3hls6streamI8ap_fixedILi8ELi4EL9apbll' due to the length limit 80
INFO: [SYN 201-210] Renamed object name 'max_pool_64_8_s_p_ZZ8max_poolILi64ELi8EEvRN3hls6streamI8ap_fixedILi8ELi4EL9ap_q_mode0EL9ap_o_mode_43_RAM_AUTO_1R1W' to 'max_pool_64_8_s_p_ZZ8max_poolILi64ELi8EEvRN3hls6streamI8ap_fixedILi8ELi4EL9apbml' due to the length limit 80
INFO: [SYN 201-210] Renamed object name 'max_pool_64_8_s_p_ZZ8max_poolILi64ELi8EEvRN3hls6streamI8ap_fixedILi8ELi4EL9ap_q_mode0EL9ap_o_mode_42_RAM_AUTO_1R1W' to 'max_pool_64_8_s_p_ZZ8max_poolILi64ELi8EEvRN3hls6streamI8ap_fixedILi8ELi4EL9apbnm' due to the length limit 80
INFO: [SYN 201-210] Renamed object name 'max_pool_64_8_s_p_ZZ8max_poolILi64ELi8EEvRN3hls6streamI8ap_fixedILi8ELi4EL9ap_q_mode0EL9ap_o_mode_41_RAM_AUTO_1R1W' to 'max_pool_64_8_s_p_ZZ8max_poolILi64ELi8EEvRN3hls6streamI8ap_fixedILi8ELi4EL9apbom' due to the length limit 80
INFO: [SYN 201-210] Renamed object name 'max_pool_64_8_s_p_ZZ8max_poolILi64ELi8EEvRN3hls6streamI8ap_fixedILi8ELi4EL9ap_q_mode0EL9ap_o_mode_40_RAM_AUTO_1R1W' to 'max_pool_64_8_s_p_ZZ8max_poolILi64ELi8EEvRN3hls6streamI8ap_fixedILi8ELi4EL9apbpm' due to the length limit 80
INFO: [SYN 201-210] Renamed object name 'max_pool_64_8_s_p_ZZ8max_poolILi64ELi8EEvRN3hls6streamI8ap_fixedILi8ELi4EL9ap_q_mode0EL9ap_o_mode_39_RAM_AUTO_1R1W' to 'max_pool_64_8_s_p_ZZ8max_poolILi64ELi8EEvRN3hls6streamI8ap_fixedILi8ELi4EL9apbqm' due to the length limit 80
INFO: [SYN 201-210] Renamed object name 'max_pool_64_8_s_p_ZZ8max_poolILi64ELi8EEvRN3hls6streamI8ap_fixedILi8ELi4EL9ap_q_mode0EL9ap_o_mode_38_RAM_AUTO_1R1W' to 'max_pool_64_8_s_p_ZZ8max_poolILi64ELi8EEvRN3hls6streamI8ap_fixedILi8ELi4EL9apbrm' due to the length limit 80
INFO: [SYN 201-210] Renamed object name 'max_pool_64_8_s_p_ZZ8max_poolILi64ELi8EEvRN3hls6streamI8ap_fixedILi8ELi4EL9ap_q_mode0EL9ap_o_mode_37_RAM_AUTO_1R1W' to 'max_pool_64_8_s_p_ZZ8max_poolILi64ELi8EEvRN3hls6streamI8ap_fixedILi8ELi4EL9apbsm' due to the length limit 80
INFO: [SYN 201-210] Renamed object name 'max_pool_64_8_s_p_ZZ8max_poolILi64ELi8EEvRN3hls6streamI8ap_fixedILi8ELi4EL9ap_q_mode0EL9ap_o_mode_36_RAM_AUTO_1R1W' to 'max_pool_64_8_s_p_ZZ8max_poolILi64ELi8EEvRN3hls6streamI8ap_fixedILi8ELi4EL9apbtn' due to the length limit 80
INFO: [SYN 201-210] Renamed object name 'max_pool_64_8_s_p_ZZ8max_poolILi64ELi8EEvRN3hls6streamI8ap_fixedILi8ELi4EL9ap_q_mode0EL9ap_o_mode_35_RAM_AUTO_1R1W' to 'max_pool_64_8_s_p_ZZ8max_poolILi64ELi8EEvRN3hls6streamI8ap_fixedILi8ELi4EL9apbun' due to the length limit 80
INFO: [SYN 201-210] Renamed object name 'max_pool_64_8_s_p_ZZ8max_poolILi64ELi8EEvRN3hls6streamI8ap_fixedILi8ELi4EL9ap_q_mode0EL9ap_o_mode_34_RAM_AUTO_1R1W' to 'max_pool_64_8_s_p_ZZ8max_poolILi64ELi8EEvRN3hls6streamI8ap_fixedILi8ELi4EL9apbvn' due to the length limit 80
INFO: [SYN 201-210] Renamed object name 'max_pool_64_8_s_p_ZZ8max_poolILi64ELi8EEvRN3hls6streamI8ap_fixedILi8ELi4EL9ap_q_mode0EL9ap_o_mode_33_RAM_AUTO_1R1W' to 'max_pool_64_8_s_p_ZZ8max_poolILi64ELi8EEvRN3hls6streamI8ap_fixedILi8ELi4EL9apbwn' due to the length limit 80
INFO: [SYN 201-210] Renamed object name 'max_pool_64_8_s_p_ZZ8max_poolILi64ELi8EEvRN3hls6streamI8ap_fixedILi8ELi4EL9ap_q_mode0EL9ap_o_mode_32_RAM_AUTO_1R1W' to 'max_pool_64_8_s_p_ZZ8max_poolILi64ELi8EEvRN3hls6streamI8ap_fixedILi8ELi4EL9apbxn' due to the length limit 80
INFO: [SYN 201-210] Renamed object name 'max_pool_64_8_s_p_ZZ8max_poolILi64ELi8EEvRN3hls6streamI8ap_fixedILi8ELi4EL9ap_q_mode0EL9ap_o_mode_31_RAM_AUTO_1R1W' to 'max_pool_64_8_s_p_ZZ8max_poolILi64ELi8EEvRN3hls6streamI8ap_fixedILi8ELi4EL9apbyn' due to the length limit 80
INFO: [SYN 201-210] Renamed object name 'max_pool_64_8_s_p_ZZ8max_poolILi64ELi8EEvRN3hls6streamI8ap_fixedILi8ELi4EL9ap_q_mode0EL9ap_o_mode_30_RAM_AUTO_1R1W' to 'max_pool_64_8_s_p_ZZ8max_poolILi64ELi8EEvRN3hls6streamI8ap_fixedILi8ELi4EL9apbzo' due to the length limit 80
INFO: [SYN 201-210] Renamed object name 'max_pool_64_8_s_p_ZZ8max_poolILi64ELi8EEvRN3hls6streamI8ap_fixedILi8ELi4EL9ap_q_mode0EL9ap_o_mode_29_RAM_AUTO_1R1W' to 'max_pool_64_8_s_p_ZZ8max_poolILi64ELi8EEvRN3hls6streamI8ap_fixedILi8ELi4EL9apbAo' due to the length limit 80
INFO: [SYN 201-210] Renamed object name 'max_pool_64_8_s_p_ZZ8max_poolILi64ELi8EEvRN3hls6streamI8ap_fixedILi8ELi4EL9ap_q_mode0EL9ap_o_mode_28_RAM_AUTO_1R1W' to 'max_pool_64_8_s_p_ZZ8max_poolILi64ELi8EEvRN3hls6streamI8ap_fixedILi8ELi4EL9apbBo' due to the length limit 80
INFO: [SYN 201-210] Renamed object name 'max_pool_64_8_s_p_ZZ8max_poolILi64ELi8EEvRN3hls6streamI8ap_fixedILi8ELi4EL9ap_q_mode0EL9ap_o_mode_27_RAM_AUTO_1R1W' to 'max_pool_64_8_s_p_ZZ8max_poolILi64ELi8EEvRN3hls6streamI8ap_fixedILi8ELi4EL9apbCo' due to the length limit 80
INFO: [SYN 201-210] Renamed object name 'max_pool_64_8_s_p_ZZ8max_poolILi64ELi8EEvRN3hls6streamI8ap_fixedILi8ELi4EL9ap_q_mode0EL9ap_o_mode_26_RAM_AUTO_1R1W' to 'max_pool_64_8_s_p_ZZ8max_poolILi64ELi8EEvRN3hls6streamI8ap_fixedILi8ELi4EL9apbDo' due to the length limit 80
INFO: [SYN 201-210] Renamed object name 'max_pool_64_8_s_p_ZZ8max_poolILi64ELi8EEvRN3hls6streamI8ap_fixedILi8ELi4EL9ap_q_mode0EL9ap_o_mode_25_RAM_AUTO_1R1W' to 'max_pool_64_8_s_p_ZZ8max_poolILi64ELi8EEvRN3hls6streamI8ap_fixedILi8ELi4EL9apbEo' due to the length limit 80
INFO: [SYN 201-210] Renamed object name 'max_pool_64_8_s_p_ZZ8max_poolILi64ELi8EEvRN3hls6streamI8ap_fixedILi8ELi4EL9ap_q_mode0EL9ap_o_mode_24_RAM_AUTO_1R1W' to 'max_pool_64_8_s_p_ZZ8max_poolILi64ELi8EEvRN3hls6streamI8ap_fixedILi8ELi4EL9apbFp' due to the length limit 80
INFO: [SYN 201-210] Renamed object name 'max_pool_64_8_s_p_ZZ8max_poolILi64ELi8EEvRN3hls6streamI8ap_fixedILi8ELi4EL9ap_q_mode0EL9ap_o_mode_23_RAM_AUTO_1R1W' to 'max_pool_64_8_s_p_ZZ8max_poolILi64ELi8EEvRN3hls6streamI8ap_fixedILi8ELi4EL9apbGp' due to the length limit 80
INFO: [SYN 201-210] Renamed object name 'max_pool_64_8_s_p_ZZ8max_poolILi64ELi8EEvRN3hls6streamI8ap_fixedILi8ELi4EL9ap_q_mode0EL9ap_o_mode_22_RAM_AUTO_1R1W' to 'max_pool_64_8_s_p_ZZ8max_poolILi64ELi8EEvRN3hls6streamI8ap_fixedILi8ELi4EL9apbHp' due to the length limit 80
INFO: [SYN 201-210] Renamed object name 'max_pool_64_8_s_p_ZZ8max_poolILi64ELi8EEvRN3hls6streamI8ap_fixedILi8ELi4EL9ap_q_mode0EL9ap_o_mode_21_RAM_AUTO_1R1W' to 'max_pool_64_8_s_p_ZZ8max_poolILi64ELi8EEvRN3hls6streamI8ap_fixedILi8ELi4EL9apbIp' due to the length limit 80
INFO: [SYN 201-210] Renamed object name 'max_pool_64_8_s_p_ZZ8max_poolILi64ELi8EEvRN3hls6streamI8ap_fixedILi8ELi4EL9ap_q_mode0EL9ap_o_mode_20_RAM_AUTO_1R1W' to 'max_pool_64_8_s_p_ZZ8max_poolILi64ELi8EEvRN3hls6streamI8ap_fixedILi8ELi4EL9apbJp' due to the length limit 80
INFO: [SYN 201-210] Renamed object name 'max_pool_64_8_s_p_ZZ8max_poolILi64ELi8EEvRN3hls6streamI8ap_fixedILi8ELi4EL9ap_q_mode0EL9ap_o_mode_19_RAM_AUTO_1R1W' to 'max_pool_64_8_s_p_ZZ8max_poolILi64ELi8EEvRN3hls6streamI8ap_fixedILi8ELi4EL9apbKp' due to the length limit 80
INFO: [SYN 201-210] Renamed object name 'max_pool_64_8_s_p_ZZ8max_poolILi64ELi8EEvRN3hls6streamI8ap_fixedILi8ELi4EL9ap_q_mode0EL9ap_o_mode_18_RAM_AUTO_1R1W' to 'max_pool_64_8_s_p_ZZ8max_poolILi64ELi8EEvRN3hls6streamI8ap_fixedILi8ELi4EL9apbLp' due to the length limit 80
INFO: [SYN 201-210] Renamed object name 'max_pool_64_8_s_p_ZZ8max_poolILi64ELi8EEvRN3hls6streamI8ap_fixedILi8ELi4EL9ap_q_mode0EL9ap_o_mode_17_RAM_AUTO_1R1W' to 'max_pool_64_8_s_p_ZZ8max_poolILi64ELi8EEvRN3hls6streamI8ap_fixedILi8ELi4EL9apbMq' due to the length limit 80
INFO: [SYN 201-210] Renamed object name 'max_pool_64_8_s_p_ZZ8max_poolILi64ELi8EEvRN3hls6streamI8ap_fixedILi8ELi4EL9ap_q_mode0EL9ap_o_mode_16_RAM_AUTO_1R1W' to 'max_pool_64_8_s_p_ZZ8max_poolILi64ELi8EEvRN3hls6streamI8ap_fixedILi8ELi4EL9apbNq' due to the length limit 80
INFO: [SYN 201-210] Renamed object name 'max_pool_64_8_s_p_ZZ8max_poolILi64ELi8EEvRN3hls6streamI8ap_fixedILi8ELi4EL9ap_q_mode0EL9ap_o_mode_15_RAM_AUTO_1R1W' to 'max_pool_64_8_s_p_ZZ8max_poolILi64ELi8EEvRN3hls6streamI8ap_fixedILi8ELi4EL9apbOq' due to the length limit 80
INFO: [SYN 201-210] Renamed object name 'max_pool_64_8_s_p_ZZ8max_poolILi64ELi8EEvRN3hls6streamI8ap_fixedILi8ELi4EL9ap_q_mode0EL9ap_o_mode_14_RAM_AUTO_1R1W' to 'max_pool_64_8_s_p_ZZ8max_poolILi64ELi8EEvRN3hls6streamI8ap_fixedILi8ELi4EL9apbPq' due to the length limit 80
INFO: [SYN 201-210] Renamed object name 'max_pool_64_8_s_p_ZZ8max_poolILi64ELi8EEvRN3hls6streamI8ap_fixedILi8ELi4EL9ap_q_mode0EL9ap_o_mode_13_RAM_AUTO_1R1W' to 'max_pool_64_8_s_p_ZZ8max_poolILi64ELi8EEvRN3hls6streamI8ap_fixedILi8ELi4EL9apbQq' due to the length limit 80
INFO: [SYN 201-210] Renamed object name 'max_pool_64_8_s_p_ZZ8max_poolILi64ELi8EEvRN3hls6streamI8ap_fixedILi8ELi4EL9ap_q_mode0EL9ap_o_mode_12_RAM_AUTO_1R1W' to 'max_pool_64_8_s_p_ZZ8max_poolILi64ELi8EEvRN3hls6streamI8ap_fixedILi8ELi4EL9apbRq' due to the length limit 80
INFO: [SYN 201-210] Renamed object name 'max_pool_64_8_s_p_ZZ8max_poolILi64ELi8EEvRN3hls6streamI8ap_fixedILi8ELi4EL9ap_q_mode0EL9ap_o_mode_11_RAM_AUTO_1R1W' to 'max_pool_64_8_s_p_ZZ8max_poolILi64ELi8EEvRN3hls6streamI8ap_fixedILi8ELi4EL9apbSr' due to the length limit 80
INFO: [SYN 201-210] Renamed object name 'max_pool_64_8_s_p_ZZ8max_poolILi64ELi8EEvRN3hls6streamI8ap_fixedILi8ELi4EL9ap_q_mode0EL9ap_o_mode_10_RAM_AUTO_1R1W' to 'max_pool_64_8_s_p_ZZ8max_poolILi64ELi8EEvRN3hls6streamI8ap_fixedILi8ELi4EL9apbTr' due to the length limit 80
INFO: [SYN 201-210] Renamed object name 'max_pool_64_8_s_p_ZZ8max_poolILi64ELi8EEvRN3hls6streamI8ap_fixedILi8ELi4EL9ap_q_mode0EL9ap_o_mode_9_RAM_AUTO_1R1W' to 'max_pool_64_8_s_p_ZZ8max_poolILi64ELi8EEvRN3hls6streamI8ap_fixedILi8ELi4EL9apbUr' due to the length limit 80
INFO: [SYN 201-210] Renamed object name 'max_pool_64_8_s_p_ZZ8max_poolILi64ELi8EEvRN3hls6streamI8ap_fixedILi8ELi4EL9ap_q_mode0EL9ap_o_mode_8_RAM_AUTO_1R1W' to 'max_pool_64_8_s_p_ZZ8max_poolILi64ELi8EEvRN3hls6streamI8ap_fixedILi8ELi4EL9apbVr' due to the length limit 80
INFO: [SYN 201-210] Renamed object name 'max_pool_64_8_s_p_ZZ8max_poolILi64ELi8EEvRN3hls6streamI8ap_fixedILi8ELi4EL9ap_q_mode0EL9ap_o_mode_7_RAM_AUTO_1R1W' to 'max_pool_64_8_s_p_ZZ8max_poolILi64ELi8EEvRN3hls6streamI8ap_fixedILi8ELi4EL9apbWr' due to the length limit 80
INFO: [SYN 201-210] Renamed object name 'max_pool_64_8_s_p_ZZ8max_poolILi64ELi8EEvRN3hls6streamI8ap_fixedILi8ELi4EL9ap_q_mode0EL9ap_o_mode_6_RAM_AUTO_1R1W' to 'max_pool_64_8_s_p_ZZ8max_poolILi64ELi8EEvRN3hls6streamI8ap_fixedILi8ELi4EL9apbXr' due to the length limit 80
INFO: [SYN 201-210] Renamed object name 'max_pool_64_8_s_p_ZZ8max_poolILi64ELi8EEvRN3hls6streamI8ap_fixedILi8ELi4EL9ap_q_mode0EL9ap_o_mode_5_RAM_AUTO_1R1W' to 'max_pool_64_8_s_p_ZZ8max_poolILi64ELi8EEvRN3hls6streamI8ap_fixedILi8ELi4EL9apbYs' due to the length limit 80
INFO: [SYN 201-210] Renamed object name 'max_pool_64_8_s_p_ZZ8max_poolILi64ELi8EEvRN3hls6streamI8ap_fixedILi8ELi4EL9ap_q_mode0EL9ap_o_mode_4_RAM_AUTO_1R1W' to 'max_pool_64_8_s_p_ZZ8max_poolILi64ELi8EEvRN3hls6streamI8ap_fixedILi8ELi4EL9apbZs' due to the length limit 80
INFO: [SYN 201-210] Renamed object name 'max_pool_64_8_s_p_ZZ8max_poolILi64ELi8EEvRN3hls6streamI8ap_fixedILi8ELi4EL9ap_q_mode0EL9ap_o_mode_3_RAM_AUTO_1R1W' to 'max_pool_64_8_s_p_ZZ8max_poolILi64ELi8EEvRN3hls6streamI8ap_fixedILi8ELi4EL9apb0s' due to the length limit 80
INFO: [SYN 201-210] Renamed object name 'max_pool_64_8_s_p_ZZ8max_poolILi64ELi8EEvRN3hls6streamI8ap_fixedILi8ELi4EL9ap_q_mode0EL9ap_o_mode_2_RAM_AUTO_1R1W' to 'max_pool_64_8_s_p_ZZ8max_poolILi64ELi8EEvRN3hls6streamI8ap_fixedILi8ELi4EL9apb1s' due to the length limit 80
INFO: [SYN 201-210] Renamed object name 'max_pool_64_8_s_p_ZZ8max_poolILi64ELi8EEvRN3hls6streamI8ap_fixedILi8ELi4EL9ap_q_mode0EL9ap_o_mode_1_RAM_AUTO_1R1W' to 'max_pool_64_8_s_p_ZZ8max_poolILi64ELi8EEvRN3hls6streamI8ap_fixedILi8ELi4EL9apb2s' due to the length limit 80
INFO: [SYN 201-210] Renamed object name 'max_pool_64_8_s_p_ZZ8max_poolILi64ELi8EEvRN3hls6streamI8ap_fixedILi8ELi4EL9ap_q_mode0EL9ap_o_mode_RAM_AUTO_1R1W' to 'max_pool_64_8_s_p_ZZ8max_poolILi64ELi8EEvRN3hls6streamI8ap_fixedILi8ELi4EL9apb3s' due to the length limit 80
INFO: [SYN 201-210] Renamed object name 'max_pool_64_8_s_void_max_pool_stream_stream_ap_fixed_8_4_0_0_0_0_pool_buff_9_RAM_AUTO_1R1W' to 'max_pool_64_8_s_void_max_pool_stream_stream_ap_fixed_8_4_0_0_0_0_pool_buff_9_b4t' due to the length limit 80
INFO: [HLS 200-1030] Apply Unified Pipeline Control on module 'max_pool_64_8_s' pipeline 'VITIS_LOOP_101_1_VITIS_LOOP_102_2' pipeline type 'loop pipeline'
INFO: [RTGEN 206-100] Finished creating RTL model for 'max_pool_64_8_s'.
INFO: [RTMG 210-278] Implementing memory 'vgg_accelerator_max_pool_64_8_s_void_max_pool_stream_stream_ap_fixed_8_4_0_0_0_0_pool_buff_8_3i2' using auto RAMs.
INFO: [RTMG 210-278] Implementing memory 'vgg_accelerator_max_pool_64_8_s_p_ZZ8max_poolILi64ELi8EEvRN3hls6streamI8ap_fixedILi8ELi4EL9apb3s' using auto RAMs.
INFO: [HLS 200-111] Finished Creating RTL model: CPU user time: 2 seconds. CPU system time: 0 seconds. Elapsed time: 4.222 seconds; current allocated memory: 796.035 MB.
INFO: [HLS 200-10] ----------------------------------------------------------------
INFO: [HLS 200-10] -- Generating RTL for module 'dense_layer_Pipeline_VITIS_LOOP_135_1' 
INFO: [HLS 200-10] ----------------------------------------------------------------
INFO: [HLS 200-1030] Apply Unified Pipeline Control on module 'dense_layer_Pipeline_VITIS_LOOP_135_1' pipeline 'VITIS_LOOP_135_1' pipeline type 'loop pipeline'
INFO: [RTGEN 206-100] Finished creating RTL model for 'dense_layer_Pipeline_VITIS_LOOP_135_1'.
INFO: [HLS 200-111] Finished Creating RTL model: CPU user time: 2 seconds. CPU system time: 0 seconds. Elapsed time: 2.196 seconds; current allocated memory: 821.777 MB.
INFO: [HLS 200-10] ----------------------------------------------------------------
INFO: [HLS 200-10] -- Generating RTL for module 'dense_layer_Pipeline_VITIS_LOOP_146_3' 
INFO: [HLS 200-10] ----------------------------------------------------------------
INFO: [HLS 200-1030] Apply Unified Pipeline Control on module 'dense_layer_Pipeline_VITIS_LOOP_146_3' pipeline 'VITIS_LOOP_146_3' pipeline type 'loop pipeline'
INFO: [RTGEN 206-100] Generating core module 'mul_8s_5s_12_1_1': 1 instance(s).
INFO: [RTGEN 206-100] Finished creating RTL model for 'dense_layer_Pipeline_VITIS_LOOP_146_3'.
INFO: [RTMG 210-279] Implementing memory 'vgg_accelerator_dense_layer_Pipeline_VITIS_LOOP_146_3_dense_weights_ROM_AUTO_1R' using auto ROMs.
INFO: [HLS 200-111] Finished Creating RTL model: CPU user time: 0 seconds. CPU system time: 1 seconds. Elapsed time: 0.458 seconds; current allocated memory: 821.820 MB.
INFO: [HLS 200-10] ----------------------------------------------------------------
INFO: [HLS 200-10] -- Generating RTL for module 'dense_layer' 
INFO: [HLS 200-10] ----------------------------------------------------------------
INFO: [RTGEN 206-100] Finished creating RTL model for 'dense_layer'.
INFO: [RTMG 210-279] Implementing memory 'vgg_accelerator_dense_layer_dense_bias_ROM_AUTO_1R' using auto ROMs.
INFO: [RTMG 210-278] Implementing memory 'vgg_accelerator_dense_layer_flat_img_V_RAM_AUTO_1R1W' using auto RAMs.
INFO: [HLS 200-111] Finished Creating RTL model: CPU user time: 0 seconds. CPU system time: 0 seconds. Elapsed time: 0.593 seconds; current allocated memory: 823.020 MB.
INFO: [HLS 200-10] ----------------------------------------------------------------
INFO: [HLS 200-10] -- Generating RTL for module 'vgg_accelerator' 
INFO: [HLS 200-10] ----------------------------------------------------------------
WARNING: [RTGEN 206-101] Design contains AXI ports. Reset is fixed to synchronous and active low.
INFO: [RTGEN 206-500] Setting interface mode on port 'vgg_accelerator/INPUT_STREAM_V_data_V' to 'axis' (register, both mode).
INFO: [RTGEN 206-500] Setting interface mode on port 'vgg_accelerator/INPUT_STREAM_V_keep_V' to 'axis' (register, both mode).
INFO: [RTGEN 206-500] Setting interface mode on port 'vgg_accelerator/INPUT_STREAM_V_strb_V' to 'axis' (register, both mode).
INFO: [RTGEN 206-500] Setting interface mode on port 'vgg_accelerator/INPUT_STREAM_V_last_V' to 'axis' (register, both mode).
INFO: [RTGEN 206-500] Setting interface mode on port 'vgg_accelerator/OUTPUT_STREAM_V_data_V' to 'axis' (register, both mode).
INFO: [RTGEN 206-500] Setting interface mode on port 'vgg_accelerator/OUTPUT_STREAM_V_keep_V' to 'axis' (register, both mode).
INFO: [RTGEN 206-500] Setting interface mode on port 'vgg_accelerator/OUTPUT_STREAM_V_strb_V' to 'axis' (register, both mode).
INFO: [RTGEN 206-500] Setting interface mode on port 'vgg_accelerator/OUTPUT_STREAM_V_last_V' to 'axis' (register, both mode).
INFO: [RTGEN 206-500] Setting interface mode on function 'vgg_accelerator' to 's_axilite & ap_ctrl_hs'.
INFO: [RTGEN 206-100] Bundling port 'return' to AXI-Lite port CTRL_BUS.
INFO: [RTGEN 206-100] Finished creating RTL model for 'vgg_accelerator'.
INFO: [RTMG 210-285] Implementing FIFO 's_input_U(vgg_accelerator_fifo_w8_d128_S)' using Shift Registers.
INFO: [RTMG 210-285] Implementing FIFO 's_conv1_U(vgg_accelerator_fifo_w8_d128_S)' using Shift Registers.
INFO: [RTMG 210-285] Implementing FIFO 's_pool1_U(vgg_accelerator_fifo_w8_d128_S)' using Shift Registers.
INFO: [RTMG 210-285] Implementing FIFO 's_conv2_U(vgg_accelerator_fifo_w8_d64_S)' using Shift Registers.
INFO: [RTMG 210-285] Implementing FIFO 's_pool2_U(vgg_accelerator_fifo_w8_d64_S)' using Shift Registers.
INFO: [RTMG 210-285] Implementing FIFO 's_conv3_U(vgg_accelerator_fifo_w8_d64_S)' using Shift Registers.
INFO: [RTMG 210-285] Implementing FIFO 's_pool3_U(vgg_accelerator_fifo_w8_d64_S)' using Shift Registers.
INFO: [RTMG 210-285] Implementing FIFO 'start_for_layer_block_1_16_32_U0_U(vgg_accelerator_start_for_layer_block_1_16_32_U0)' using Shift Registers.
INFO: [RTMG 210-285] Implementing FIFO 'start_for_max_pool_16_32_U0_U(vgg_accelerator_start_for_max_pool_16_32_U0)' using Shift Registers.
INFO: [RTMG 210-285] Implementing FIFO 'start_for_layer_block_16_32_16_U0_U(vgg_accelerator_start_for_layer_block_16_32_16_U0)' using Shift Registers.
INFO: [RTMG 210-285] Implementing FIFO 'start_for_max_pool_32_16_U0_U(vgg_accelerator_start_for_max_pool_32_16_U0)' using Shift Registers.
INFO: [RTMG 210-285] Implementing FIFO 'start_for_layer_block_32_64_8_U0_U(vgg_accelerator_start_for_layer_block_32_64_8_U0)' using Shift Registers.
INFO: [RTMG 210-285] Implementing FIFO 'start_for_max_pool_64_8_U0_U(vgg_accelerator_start_for_max_pool_64_8_U0)' using Shift Registers.
INFO: [RTMG 210-285] Implementing FIFO 'start_for_dense_layer_U0_U(vgg_accelerator_start_for_dense_layer_U0)' using Shift Registers.
INFO: [HLS 200-111] Finished Creating RTL model: CPU user time: 1 seconds. CPU system time: 0 seconds. Elapsed time: 1.695 seconds; current allocated memory: 825.258 MB.
INFO: [HLS 200-111] Finished Generating all RTL models: CPU user time: 5 seconds. CPU system time: 0 seconds. Elapsed time: 6.003 seconds; current allocated memory: 829.332 MB.
INFO: [HLS 200-111] Finished Updating report files: CPU user time: 1 seconds. CPU system time: 0 seconds. Elapsed time: 3.594 seconds; current allocated memory: 844.891 MB.
INFO: [VHDL 208-304] Generating VHDL RTL for vgg_accelerator.
INFO: [VLOG 209-307] Generating Verilog RTL for vgg_accelerator.
INFO: [HLS 200-790] **** Loop Constraint Status: All loop constraints were NOT satisfied.
INFO: [HLS 200-789] **** Estimated Fmax: 123.23 MHz
INFO: [HLS 200-111] Finished Command csynth_design CPU user time: 75 seconds. CPU system time: 4 seconds. Elapsed time: 122.231 seconds; current allocated memory: 726.066 MB.
INFO: [HLS 200-112] Total CPU user time: 77 seconds. Total CPU system time: 5 seconds. Total elapsed time: 133.988 seconds; peak allocated memory: 846.340 MB.
==============================================================
Vitis HLS - High-Level Synthesis from C, C++ and OpenCL v2022.2 (64-bit)
Tool Version Limit: 2019.12
Copyright 1986-2022 Xilinx, Inc. All Rights Reserved.
==============================================================
INFO: [SYN 201-201] Setting up clock 'default' with a period of 10ns.
INFO: [HLS 200-1611] Setting target device to 'xczu5eg-sfvc784-1-e'
INFO: [HLS 200-1505] Using flow_target 'vivado'
INFO: [HLS 200-1464] Running solution command: config_export -format=ip_catalog
INFO: [HLS 200-1464] Running solution command: config_export -rtl=verilog
INFO: [HLS 200-1510] Running: set_part xczu5eg-sfvc784-1-e 
INFO: [HLS 200-1510] Running: create_clock -period 10 -name default 
INFO: [SYN 201-201] Setting up clock 'default' with a period of 10ns.
INFO: [HLS 200-1510] Running: config_export -format ip_catalog -rtl verilog 
INFO: [HLS 200-1510] Running: export_design -rtl verilog -format ip_catalog 
INFO: [IMPL 213-8] Exporting RTL as a Vivado IP.
INFO: [HLS 200-802] Generated output file vgg_accelerator/solution1/impl/export.zip
INFO: [HLS 200-111] Finished Command export_design CPU user time: 3 seconds. CPU system time: 0 seconds. Elapsed time: 18.003 seconds; current allocated memory: 14.504 MB.
INFO: [HLS 200-112] Total CPU user time: 5 seconds. Total CPU system time: 1 seconds. Total elapsed time: 29.698 seconds; peak allocated memory: 135.410 MB.
