Copyright 1986-2022 Xilinx, Inc. All Rights Reserved.
--------------------------------------------------------------------------------------------------------------------------------------------------------------------------------------------------------------------------------------------------
| Tool Version      : Vivado v.2022.2 (win64) Build 3671981 Fri Oct 14 05:00:03 MDT 2022
| Date              : Thu Dec 11 21:51:59 2025
| Host              : Acer-Predator running 64-bit major release  (build 9200)
| Command           : report_timing_summary -max_paths 10 -report_unconstrained -file design_1_wrapper_timing_summary_routed.rpt -pb design_1_wrapper_timing_summary_routed.pb -rpx design_1_wrapper_timing_summary_routed.rpx -warn_on_violation
| Design            : design_1_wrapper
| Device            : xczu5eg-sfvc784
| Speed File        : -1  PRODUCTION 1.30 05-15-2022
| Temperature Grade : E
--------------------------------------------------------------------------------------------------------------------------------------------------------------------------------------------------------------------------------------------------

Timing Summary Report

------------------------------------------------------------------------------------------------
| Timer Settings
| --------------
------------------------------------------------------------------------------------------------

  Enable Multi Corner Analysis               :  Yes
  Enable Pessimism Removal                   :  Yes
  Pessimism Removal Resolution               :  Nearest Common Node
  Enable Input Delay Default Clock           :  No
  Enable Preset / Clear Arcs                 :  No
  Disable Flight Delays                      :  No
  Ignore I/O Paths                           :  No
  Timing Early Launch at Borrowing Latches   :  No
  Borrow Time for Max Delay Exceptions       :  Yes
  Merge Timing Exceptions                    :  Yes

  Corner  Analyze    Analyze    
  Name    Max Paths  Min Paths  
  ------  ---------  ---------  
  Slow    Yes        Yes        
  Fast    Yes        Yes        


------------------------------------------------------------------------------------------------
| Report Methodology
| ------------------
------------------------------------------------------------------------------------------------

Rule     Severity  Description                   Violations  
-------  --------  ----------------------------  ----------  
LUTAR-1  Warning   LUT drives async reset alert  6           

Note: This report is based on the most recent report_methodology run and may not be up-to-date. Run report_methodology on the current design for the latest report.



check_timing report

Table of Contents
-----------------
1. checking no_clock (0)
2. checking constant_clock (0)
3. checking pulse_width_clock (0)
4. checking unconstrained_internal_endpoints (0)
5. checking no_input_delay (0)
6. checking no_output_delay (0)
7. checking multiple_clock (0)
8. checking generated_clocks (0)
9. checking loops (0)
10. checking partial_input_delay (0)
11. checking partial_output_delay (0)
12. checking latch_loops (0)

1. checking no_clock (0)
------------------------
 There are 0 register/latch pins with no clock.


2. checking constant_clock (0)
------------------------------
 There are 0 register/latch pins with constant_clock.


3. checking pulse_width_clock (0)
---------------------------------
 There are 0 register/latch pins which need pulse_width check


4. checking unconstrained_internal_endpoints (0)
------------------------------------------------
 There are 0 pins that are not constrained for maximum delay.

 There are 0 pins that are not constrained for maximum delay due to constant clock.


5. checking no_input_delay (0)
------------------------------
 There are 0 input ports with no input delay specified.

 There are 0 input ports with no input delay but user has a false path constraint.


6. checking no_output_delay (0)
-------------------------------
 There are 0 ports with no output delay specified.

 There are 0 ports with no output delay but user has a false path constraint

 There are 0 ports with no output delay but with a timing clock defined on it or propagating through it


7. checking multiple_clock (0)
------------------------------
 There are 0 register/latch pins with multiple clocks.


8. checking generated_clocks (0)
--------------------------------
 There are 0 generated clocks that are not connected to a clock source.


9. checking loops (0)
---------------------
 There are 0 combinational loops in the design.


10. checking partial_input_delay (0)
------------------------------------
 There are 0 input ports with partial input delay specified.


11. checking partial_output_delay (0)
-------------------------------------
 There are 0 ports with partial output delay specified.


12. checking latch_loops (0)
----------------------------
 There are 0 combinational latch loops in the design through latch input



------------------------------------------------------------------------------------------------
| Design Timing Summary
| ---------------------
------------------------------------------------------------------------------------------------

    WNS(ns)      TNS(ns)  TNS Failing Endpoints  TNS Total Endpoints      WHS(ns)      THS(ns)  THS Failing Endpoints  THS Total Endpoints     WPWS(ns)     TPWS(ns)  TPWS Failing Endpoints  TPWS Total Endpoints  
    -------      -------  ---------------------  -------------------      -------      -------  ---------------------  -------------------     --------     --------  ----------------------  --------------------  
      2.797        0.000                      0                62250        0.010        0.000                      0                62250        3.500        0.000                       0                 23783  


All user specified timing constraints are met.


------------------------------------------------------------------------------------------------
| Clock Summary
| -------------
------------------------------------------------------------------------------------------------

Clock     Waveform(ns)         Period(ns)      Frequency(MHz)
-----     ------------         ----------      --------------
clk_pl_0  {0.000 5.000}        10.000          100.000         
clk_pl_1  {0.000 1.666}        3.333           300.030         
clk_pl_2  {0.000 3.333}        6.666           150.015         
clk_pl_3  {0.000 2.000}        4.000           250.000         


------------------------------------------------------------------------------------------------
| Intra Clock Table
| -----------------
------------------------------------------------------------------------------------------------

Clock             WNS(ns)      TNS(ns)  TNS Failing Endpoints  TNS Total Endpoints      WHS(ns)      THS(ns)  THS Failing Endpoints  THS Total Endpoints     WPWS(ns)     TPWS(ns)  TPWS Failing Endpoints  TPWS Total Endpoints  
-----             -------      -------  ---------------------  -------------------      -------      -------  ---------------------  -------------------     --------     --------  ----------------------  --------------------  
clk_pl_0            2.797        0.000                      0                62058        0.010        0.000                      0                62058        3.500        0.000                       0                 23783  


------------------------------------------------------------------------------------------------
| Inter Clock Table
| -----------------
------------------------------------------------------------------------------------------------

From Clock    To Clock          WNS(ns)      TNS(ns)  TNS Failing Endpoints  TNS Total Endpoints      WHS(ns)      THS(ns)  THS Failing Endpoints  THS Total Endpoints  
----------    --------          -------      -------  ---------------------  -------------------      -------      -------  ---------------------  -------------------  


------------------------------------------------------------------------------------------------
| Other Path Groups Table
| -----------------------
------------------------------------------------------------------------------------------------

Path Group         From Clock         To Clock               WNS(ns)      TNS(ns)  TNS Failing Endpoints  TNS Total Endpoints      WHS(ns)      THS(ns)  THS Failing Endpoints  THS Total Endpoints  
----------         ----------         --------               -------      -------  ---------------------  -------------------      -------      -------  ---------------------  -------------------  
**async_default**  clk_pl_0           clk_pl_0                 8.342        0.000                      0                  192        0.169        0.000                      0                  192  


------------------------------------------------------------------------------------------------
| User Ignored Path Table
| -----------------------
------------------------------------------------------------------------------------------------

Path Group    From Clock    To Clock    
----------    ----------    --------    
(none)                      clk_pl_0      
(none)        clk_pl_0      clk_pl_0      


------------------------------------------------------------------------------------------------
| Unconstrained Path Table
| ------------------------
------------------------------------------------------------------------------------------------

Path Group    From Clock    To Clock    
----------    ----------    --------    


------------------------------------------------------------------------------------------------
| Timing Details
| --------------
------------------------------------------------------------------------------------------------


---------------------------------------------------------------------------------------------------
From Clock:  clk_pl_0
  To Clock:  clk_pl_0

Setup :            0  Failing Endpoints,  Worst Slack        2.797ns,  Total Violation        0.000ns
Hold  :            0  Failing Endpoints,  Worst Slack        0.010ns,  Total Violation        0.000ns
PW    :            0  Failing Endpoints,  Worst Slack        3.500ns,  Total Violation        0.000ns
---------------------------------------------------------------------------------------------------


Max Delay Paths
--------------------------------------------------------------------------------------
Slack (MET) :             2.797ns  (required time - arrival time)
  Source:                 design_1_i/vgg_accelerator_0/inst/layer_block_1_16_32_U0/grp_layer_block_1_16_32_Pipeline_VITIS_LOOP_36_4_VITIS_LOOP_37_5_fu_32/r_V_18_load_reg_11091_reg[0]/C
                            (rising edge-triggered cell FDRE clocked by clk_pl_0  {rise@0.000ns fall@5.000ns period=10.000ns})
  Destination:            design_1_i/vgg_accelerator_0/inst/layer_block_1_16_32_U0/grp_layer_block_1_16_32_Pipeline_VITIS_LOOP_36_4_VITIS_LOOP_37_5_fu_32/select_ln302_36_reg_11265_reg[0]/S
                            (rising edge-triggered cell FDSE clocked by clk_pl_0  {rise@0.000ns fall@5.000ns period=10.000ns})
  Path Group:             clk_pl_0
  Path Type:              Setup (Max at Slow Process Corner)
  Requirement:            10.000ns  (clk_pl_0 rise@10.000ns - clk_pl_0 rise@0.000ns)
  Data Path Delay:        7.050ns  (logic 2.331ns (33.062%)  route 4.719ns (66.938%))
  Logic Levels:           19  (CARRY8=12 LUT2=1 LUT3=1 LUT4=2 LUT5=1 LUT6=2)
  Clock Path Skew:        0.049ns (DCD - SCD + CPR)
    Destination Clock Delay (DCD):    2.416ns = ( 12.416 - 10.000 ) 
    Source Clock Delay      (SCD):    2.582ns
    Clock Pessimism Removal (CPR):    0.215ns
  Clock Uncertainty:      0.130ns  ((TSJ^2 + DJ^2)^1/2) / 2 + PE
    Total System Jitter     (TSJ):    0.071ns
    Discrete Jitter          (DJ):    0.250ns
    Phase Error              (PE):    0.000ns
  Clock Net Delay (Source):      2.375ns (routing 1.302ns, distribution 1.073ns)
  Clock Net Delay (Destination): 2.249ns (routing 1.184ns, distribution 1.065ns)

    Location             Delay type                Incr(ns)  Path(ns)    Netlist Resource(s)
  -------------------------------------------------------------------    -------------------
                         (clock clk_pl_0 rise edge)
                                                      0.000     0.000 r  
    PS8_X0Y0             PS8                          0.000     0.000 r  design_1_i/zynq_ultra_ps_e_0/inst/PS8_i/PLCLK[0]
                         net (fo=1, routed)           0.178     0.178    design_1_i/zynq_ultra_ps_e_0/inst/pl_clk_unbuffered[0]
    BUFG_PS_X0Y80        BUFG_PS (Prop_BUFG_PS_I_O)
                                                      0.029     0.207 r  design_1_i/zynq_ultra_ps_e_0/inst/buffer_pl_clk_0.PL_CLK_0_BUFG/O
    X1Y1 (CLOCK_ROOT)    net (fo=23783, routed)       2.375     2.582    design_1_i/vgg_accelerator_0/inst/layer_block_1_16_32_U0/grp_layer_block_1_16_32_Pipeline_VITIS_LOOP_36_4_VITIS_LOOP_37_5_fu_32/ap_clk
    SLICE_X23Y93         FDRE                                         r  design_1_i/vgg_accelerator_0/inst/layer_block_1_16_32_U0/grp_layer_block_1_16_32_Pipeline_VITIS_LOOP_36_4_VITIS_LOOP_37_5_fu_32/r_V_18_load_reg_11091_reg[0]/C
  -------------------------------------------------------------------    -------------------
    SLICE_X23Y93         FDRE (Prop_HFF2_SLICEL_C_Q)
                                                      0.097     2.679 r  design_1_i/vgg_accelerator_0/inst/layer_block_1_16_32_U0/grp_layer_block_1_16_32_Pipeline_VITIS_LOOP_36_4_VITIS_LOOP_37_5_fu_32/r_V_18_load_reg_11091_reg[0]/Q
                         net (fo=20, routed)          0.570     3.249    design_1_i/vgg_accelerator_0/inst/layer_block_1_16_32_U0/grp_layer_block_1_16_32_Pipeline_VITIS_LOOP_36_4_VITIS_LOOP_37_5_fu_32/sext_ln1347_164_fu_9472_p1[10]
    SLICE_X22Y101        LUT2 (Prop_C6LUT_SLICEL_I1_O)
                                                      0.148     3.397 r  design_1_i/vgg_accelerator_0/inst/layer_block_1_16_32_U0/grp_layer_block_1_16_32_Pipeline_VITIS_LOOP_36_4_VITIS_LOOP_37_5_fu_32/select_ln302_36_reg_11265[2]_i_32/O
                         net (fo=1, routed)           0.011     3.408    design_1_i/vgg_accelerator_0/inst/layer_block_1_16_32_U0/grp_layer_block_1_16_32_Pipeline_VITIS_LOOP_36_4_VITIS_LOOP_37_5_fu_32/select_ln302_36_reg_11265[2]_i_32_n_4
    SLICE_X22Y101        CARRY8 (Prop_CARRY8_SLICEL_S[2]_CO[7])
                                                      0.196     3.604 r  design_1_i/vgg_accelerator_0/inst/layer_block_1_16_32_U0/grp_layer_block_1_16_32_Pipeline_VITIS_LOOP_36_4_VITIS_LOOP_37_5_fu_32/select_ln302_36_reg_11265_reg[2]_i_26/CO[7]
                         net (fo=1, routed)           0.028     3.632    design_1_i/vgg_accelerator_0/inst/layer_block_1_16_32_U0/grp_layer_block_1_16_32_Pipeline_VITIS_LOOP_36_4_VITIS_LOOP_37_5_fu_32/select_ln302_36_reg_11265_reg[2]_i_26_n_4
    SLICE_X22Y102        CARRY8 (Prop_CARRY8_SLICEL_CI_CO[7])
                                                      0.023     3.655 r  design_1_i/vgg_accelerator_0/inst/layer_block_1_16_32_U0/grp_layer_block_1_16_32_Pipeline_VITIS_LOOP_36_4_VITIS_LOOP_37_5_fu_32/select_ln302_36_reg_11265_reg[6]_i_88/CO[7]
                         net (fo=1, routed)           0.028     3.683    design_1_i/vgg_accelerator_0/inst/layer_block_1_16_32_U0/grp_layer_block_1_16_32_Pipeline_VITIS_LOOP_36_4_VITIS_LOOP_37_5_fu_32/select_ln302_36_reg_11265_reg[6]_i_88_n_4
    SLICE_X22Y103        CARRY8 (Prop_CARRY8_SLICEL_CI_CO[0])
                                                      0.068     3.751 r  design_1_i/vgg_accelerator_0/inst/layer_block_1_16_32_U0/grp_layer_block_1_16_32_Pipeline_VITIS_LOOP_36_4_VITIS_LOOP_37_5_fu_32/select_ln302_36_reg_11265_reg[6]_i_89/CO[0]
                         net (fo=6, routed)           0.428     4.179    design_1_i/vgg_accelerator_0/inst/layer_block_1_16_32_U0/grp_layer_block_1_16_32_Pipeline_VITIS_LOOP_36_4_VITIS_LOOP_37_5_fu_32/select_ln302_32_reg_11161_reg[21]_1[0]
    SLICE_X21Y109        CARRY8 (Prop_CARRY8_SLICEM_CI_O[1])
                                                      0.167     4.346 r  design_1_i/vgg_accelerator_0/inst/layer_block_1_16_32_U0/grp_layer_block_1_16_32_Pipeline_VITIS_LOOP_36_4_VITIS_LOOP_37_5_fu_32/select_ln302_36_reg_11265_reg[6]_i_86/O[1]
                         net (fo=59, routed)          0.786     5.132    design_1_i/vgg_accelerator_0/inst/layer_block_1_16_32_U0/grp_layer_block_1_16_32_Pipeline_VITIS_LOOP_36_4_VITIS_LOOP_37_5_fu_32/select_ln302_32_reg_11161_reg[28]_0[0]
    SLICE_X25Y102        LUT3 (Prop_D5LUT_SLICEM_I0_O)
                                                      0.082     5.214 r  design_1_i/vgg_accelerator_0/inst/layer_block_1_16_32_U0/grp_layer_block_1_16_32_Pipeline_VITIS_LOOP_36_4_VITIS_LOOP_37_5_fu_32/select_ln302_36_reg_11265[2]_i_15/O
                         net (fo=4, routed)           0.299     5.513    design_1_i/vgg_accelerator_0/inst/layer_block_1_16_32_U0/grp_layer_block_1_16_32_Pipeline_VITIS_LOOP_36_4_VITIS_LOOP_37_5_fu_32/select_ln302_33_fu_5998_p3[11]
    SLICE_X23Y104        LUT5 (Prop_E6LUT_SLICEL_I0_O)
                                                      0.148     5.661 r  design_1_i/vgg_accelerator_0/inst/layer_block_1_16_32_U0/grp_layer_block_1_16_32_Pipeline_VITIS_LOOP_36_4_VITIS_LOOP_37_5_fu_32/select_ln302_36_reg_11265[2]_i_21/O
                         net (fo=1, routed)           0.008     5.669    design_1_i/vgg_accelerator_0/inst/layer_block_1_16_32_U0/grp_layer_block_1_16_32_Pipeline_VITIS_LOOP_36_4_VITIS_LOOP_37_5_fu_32/select_ln302_36_reg_11265[2]_i_21_n_4
    SLICE_X23Y104        CARRY8 (Prop_CARRY8_SLICEL_S[4]_CO[7])
                                                      0.195     5.864 r  design_1_i/vgg_accelerator_0/inst/layer_block_1_16_32_U0/grp_layer_block_1_16_32_Pipeline_VITIS_LOOP_36_4_VITIS_LOOP_37_5_fu_32/select_ln302_36_reg_11265_reg[2]_i_11/CO[7]
                         net (fo=1, routed)           0.028     5.892    design_1_i/vgg_accelerator_0/inst/layer_block_1_16_32_U0/grp_layer_block_1_16_32_Pipeline_VITIS_LOOP_36_4_VITIS_LOOP_37_5_fu_32/select_ln302_36_reg_11265_reg[2]_i_11_n_4
    SLICE_X23Y105        CARRY8 (Prop_CARRY8_SLICEL_CI_CO[7])
                                                      0.023     5.915 r  design_1_i/vgg_accelerator_0/inst/layer_block_1_16_32_U0/grp_layer_block_1_16_32_Pipeline_VITIS_LOOP_36_4_VITIS_LOOP_37_5_fu_32/select_ln302_36_reg_11265_reg[6]_i_38/CO[7]
                         net (fo=1, routed)           0.028     5.943    design_1_i/vgg_accelerator_0/inst/layer_block_1_16_32_U0/grp_layer_block_1_16_32_Pipeline_VITIS_LOOP_36_4_VITIS_LOOP_37_5_fu_32/select_ln302_36_reg_11265_reg[6]_i_38_n_4
    SLICE_X23Y106        CARRY8 (Prop_CARRY8_SLICEL_CI_CO[1])
                                                      0.055     5.998 r  design_1_i/vgg_accelerator_0/inst/layer_block_1_16_32_U0/grp_layer_block_1_16_32_Pipeline_VITIS_LOOP_36_4_VITIS_LOOP_37_5_fu_32/select_ln302_36_reg_11265_reg[6]_i_35/CO[1]
                         net (fo=6, routed)           0.619     6.617    design_1_i/vgg_accelerator_0/inst/layer_block_1_16_32_U0/grp_layer_block_1_16_32_Pipeline_VITIS_LOOP_36_4_VITIS_LOOP_37_5_fu_32/select_ln302_36_reg_11265_reg[6]_i_35_n_10
    SLICE_X22Y109        CARRY8 (Prop_CARRY8_SLICEL_CI_O[1])
                                                      0.164     6.781 r  design_1_i/vgg_accelerator_0/inst/layer_block_1_16_32_U0/grp_layer_block_1_16_32_Pipeline_VITIS_LOOP_36_4_VITIS_LOOP_37_5_fu_32/select_ln302_36_reg_11265_reg[6]_i_36/O[1]
                         net (fo=53, routed)          0.338     7.119    design_1_i/vgg_accelerator_0/inst/layer_block_1_16_32_U0/grp_layer_block_1_16_32_Pipeline_VITIS_LOOP_36_4_VITIS_LOOP_37_5_fu_32/tmp_52_fu_6052_p3
    SLICE_X21Y103        LUT4 (Prop_B6LUT_SLICEM_I2_O)
                                                      0.150     7.269 r  design_1_i/vgg_accelerator_0/inst/layer_block_1_16_32_U0/grp_layer_block_1_16_32_Pipeline_VITIS_LOOP_36_4_VITIS_LOOP_37_5_fu_32/select_ln302_36_reg_11265[2]_i_9/O
                         net (fo=1, routed)           0.018     7.287    design_1_i/vgg_accelerator_0/inst/layer_block_1_16_32_U0/grp_layer_block_1_16_32_Pipeline_VITIS_LOOP_36_4_VITIS_LOOP_37_5_fu_32/select_ln302_36_reg_11265[2]_i_9_n_4
    SLICE_X21Y103        CARRY8 (Prop_CARRY8_SLICEM_S[1]_CO[7])
                                                      0.238     7.525 r  design_1_i/vgg_accelerator_0/inst/layer_block_1_16_32_U0/grp_layer_block_1_16_32_Pipeline_VITIS_LOOP_36_4_VITIS_LOOP_37_5_fu_32/select_ln302_36_reg_11265_reg[2]_i_2/CO[7]
                         net (fo=1, routed)           0.028     7.553    design_1_i/vgg_accelerator_0/inst/layer_block_1_16_32_U0/grp_layer_block_1_16_32_Pipeline_VITIS_LOOP_36_4_VITIS_LOOP_37_5_fu_32/select_ln302_36_reg_11265_reg[2]_i_2_n_4
    SLICE_X21Y104        CARRY8 (Prop_CARRY8_SLICEM_CI_CO[7])
                                                      0.023     7.576 r  design_1_i/vgg_accelerator_0/inst/layer_block_1_16_32_U0/grp_layer_block_1_16_32_Pipeline_VITIS_LOOP_36_4_VITIS_LOOP_37_5_fu_32/select_ln302_36_reg_11265_reg[6]_i_4/CO[7]
                         net (fo=1, routed)           0.028     7.604    design_1_i/vgg_accelerator_0/inst/layer_block_1_16_32_U0/grp_layer_block_1_16_32_Pipeline_VITIS_LOOP_36_4_VITIS_LOOP_37_5_fu_32/select_ln302_36_reg_11265_reg[6]_i_4_n_4
    SLICE_X21Y105        CARRY8 (Prop_CARRY8_SLICEM_CI_CO[2])
                                                      0.073     7.677 r  design_1_i/vgg_accelerator_0/inst/layer_block_1_16_32_U0/grp_layer_block_1_16_32_Pipeline_VITIS_LOOP_36_4_VITIS_LOOP_37_5_fu_32/select_ln302_36_reg_11265_reg[6]_i_8/CO[2]
                         net (fo=2, routed)           0.548     8.225    design_1_i/vgg_accelerator_0/inst/layer_block_1_16_32_U0/grp_layer_block_1_16_32_Pipeline_VITIS_LOOP_36_4_VITIS_LOOP_37_5_fu_32/select_ln302_36_reg_11265_reg[6]_i_8_n_9
    SLICE_X24Y105        CARRY8 (Prop_CARRY8_SLICEM_CI_O[1])
                                                      0.167     8.392 r  design_1_i/vgg_accelerator_0/inst/layer_block_1_16_32_U0/grp_layer_block_1_16_32_Pipeline_VITIS_LOOP_36_4_VITIS_LOOP_37_5_fu_32/select_ln302_36_reg_11265_reg[6]_i_3/O[1]
                         net (fo=11, routed)          0.457     8.849    design_1_i/vgg_accelerator_0/inst/layer_block_1_16_32_U0/grp_layer_block_1_16_32_Pipeline_VITIS_LOOP_36_4_VITIS_LOOP_37_5_fu_32/tmp_54_fu_6140_p3
    SLICE_X21Y105        LUT4 (Prop_G6LUT_SLICEM_I0_O)
                                                      0.148     8.997 r  design_1_i/vgg_accelerator_0/inst/layer_block_1_16_32_U0/grp_layer_block_1_16_32_Pipeline_VITIS_LOOP_36_4_VITIS_LOOP_37_5_fu_32/select_ln302_36_reg_11265[6]_i_7/O
                         net (fo=1, routed)           0.057     9.054    design_1_i/vgg_accelerator_0/inst/layer_block_1_16_32_U0/grp_layer_block_1_16_32_Pipeline_VITIS_LOOP_36_4_VITIS_LOOP_37_5_fu_32/select_ln302_36_reg_11265[6]_i_7_n_4
    SLICE_X21Y105        LUT6 (Prop_H6LUT_SLICEM_I1_O)
                                                      0.066     9.120 r  design_1_i/vgg_accelerator_0/inst/layer_block_1_16_32_U0/grp_layer_block_1_16_32_Pipeline_VITIS_LOOP_36_4_VITIS_LOOP_37_5_fu_32/select_ln302_36_reg_11265[6]_i_2/O
                         net (fo=2, routed)           0.157     9.277    design_1_i/vgg_accelerator_0/inst/layer_block_1_16_32_U0/grp_layer_block_1_16_32_Pipeline_VITIS_LOOP_36_4_VITIS_LOOP_37_5_fu_32/select_ln302_36_reg_11265[6]_i_2_n_4
    SLICE_X22Y103        LUT6 (Prop_H6LUT_SLICEL_I1_O)
                                                      0.100     9.377 r  design_1_i/vgg_accelerator_0/inst/layer_block_1_16_32_U0/grp_layer_block_1_16_32_Pipeline_VITIS_LOOP_36_4_VITIS_LOOP_37_5_fu_32/select_ln302_36_reg_11265[5]_i_1/O
                         net (fo=6, routed)           0.255     9.632    design_1_i/vgg_accelerator_0/inst/layer_block_1_16_32_U0/grp_layer_block_1_16_32_Pipeline_VITIS_LOOP_36_4_VITIS_LOOP_37_5_fu_32/select_ln302_36_reg_11265
    SLICE_X21Y102        FDSE                                         r  design_1_i/vgg_accelerator_0/inst/layer_block_1_16_32_U0/grp_layer_block_1_16_32_Pipeline_VITIS_LOOP_36_4_VITIS_LOOP_37_5_fu_32/select_ln302_36_reg_11265_reg[0]/S
  -------------------------------------------------------------------    -------------------

                         (clock clk_pl_0 rise edge)
                                                     10.000    10.000 r  
    PS8_X0Y0             PS8                          0.000    10.000 r  design_1_i/zynq_ultra_ps_e_0/inst/PS8_i/PLCLK[0]
                         net (fo=1, routed)           0.140    10.140    design_1_i/zynq_ultra_ps_e_0/inst/pl_clk_unbuffered[0]
    BUFG_PS_X0Y80        BUFG_PS (Prop_BUFG_PS_I_O)
                                                      0.027    10.167 r  design_1_i/zynq_ultra_ps_e_0/inst/buffer_pl_clk_0.PL_CLK_0_BUFG/O
    X1Y1 (CLOCK_ROOT)    net (fo=23783, routed)       2.249    12.416    design_1_i/vgg_accelerator_0/inst/layer_block_1_16_32_U0/grp_layer_block_1_16_32_Pipeline_VITIS_LOOP_36_4_VITIS_LOOP_37_5_fu_32/ap_clk
    SLICE_X21Y102        FDSE                                         r  design_1_i/vgg_accelerator_0/inst/layer_block_1_16_32_U0/grp_layer_block_1_16_32_Pipeline_VITIS_LOOP_36_4_VITIS_LOOP_37_5_fu_32/select_ln302_36_reg_11265_reg[0]/C
                         clock pessimism              0.215    12.631    
                         clock uncertainty           -0.130    12.502    
    SLICE_X21Y102        FDSE (Setup_HFF_SLICEM_C_S)
                                                     -0.072    12.430    design_1_i/vgg_accelerator_0/inst/layer_block_1_16_32_U0/grp_layer_block_1_16_32_Pipeline_VITIS_LOOP_36_4_VITIS_LOOP_37_5_fu_32/select_ln302_36_reg_11265_reg[0]
  -------------------------------------------------------------------
                         required time                         12.430    
                         arrival time                          -9.632    
  -------------------------------------------------------------------
                         slack                                  2.797    

Slack (MET) :             2.797ns  (required time - arrival time)
  Source:                 design_1_i/vgg_accelerator_0/inst/layer_block_1_16_32_U0/grp_layer_block_1_16_32_Pipeline_VITIS_LOOP_36_4_VITIS_LOOP_37_5_fu_32/r_V_18_load_reg_11091_reg[0]/C
                            (rising edge-triggered cell FDRE clocked by clk_pl_0  {rise@0.000ns fall@5.000ns period=10.000ns})
  Destination:            design_1_i/vgg_accelerator_0/inst/layer_block_1_16_32_U0/grp_layer_block_1_16_32_Pipeline_VITIS_LOOP_36_4_VITIS_LOOP_37_5_fu_32/select_ln302_36_reg_11265_reg[1]/S
                            (rising edge-triggered cell FDSE clocked by clk_pl_0  {rise@0.000ns fall@5.000ns period=10.000ns})
  Path Group:             clk_pl_0
  Path Type:              Setup (Max at Slow Process Corner)
  Requirement:            10.000ns  (clk_pl_0 rise@10.000ns - clk_pl_0 rise@0.000ns)
  Data Path Delay:        7.050ns  (logic 2.331ns (33.062%)  route 4.719ns (66.938%))
  Logic Levels:           19  (CARRY8=12 LUT2=1 LUT3=1 LUT4=2 LUT5=1 LUT6=2)
  Clock Path Skew:        0.049ns (DCD - SCD + CPR)
    Destination Clock Delay (DCD):    2.416ns = ( 12.416 - 10.000 ) 
    Source Clock Delay      (SCD):    2.582ns
    Clock Pessimism Removal (CPR):    0.215ns
  Clock Uncertainty:      0.130ns  ((TSJ^2 + DJ^2)^1/2) / 2 + PE
    Total System Jitter     (TSJ):    0.071ns
    Discrete Jitter          (DJ):    0.250ns
    Phase Error              (PE):    0.000ns
  Clock Net Delay (Source):      2.375ns (routing 1.302ns, distribution 1.073ns)
  Clock Net Delay (Destination): 2.249ns (routing 1.184ns, distribution 1.065ns)

    Location             Delay type                Incr(ns)  Path(ns)    Netlist Resource(s)
  -------------------------------------------------------------------    -------------------
                         (clock clk_pl_0 rise edge)
                                                      0.000     0.000 r  
    PS8_X0Y0             PS8                          0.000     0.000 r  design_1_i/zynq_ultra_ps_e_0/inst/PS8_i/PLCLK[0]
                         net (fo=1, routed)           0.178     0.178    design_1_i/zynq_ultra_ps_e_0/inst/pl_clk_unbuffered[0]
    BUFG_PS_X0Y80        BUFG_PS (Prop_BUFG_PS_I_O)
                                                      0.029     0.207 r  design_1_i/zynq_ultra_ps_e_0/inst/buffer_pl_clk_0.PL_CLK_0_BUFG/O
    X1Y1 (CLOCK_ROOT)    net (fo=23783, routed)       2.375     2.582    design_1_i/vgg_accelerator_0/inst/layer_block_1_16_32_U0/grp_layer_block_1_16_32_Pipeline_VITIS_LOOP_36_4_VITIS_LOOP_37_5_fu_32/ap_clk
    SLICE_X23Y93         FDRE                                         r  design_1_i/vgg_accelerator_0/inst/layer_block_1_16_32_U0/grp_layer_block_1_16_32_Pipeline_VITIS_LOOP_36_4_VITIS_LOOP_37_5_fu_32/r_V_18_load_reg_11091_reg[0]/C
  -------------------------------------------------------------------    -------------------
    SLICE_X23Y93         FDRE (Prop_HFF2_SLICEL_C_Q)
                                                      0.097     2.679 r  design_1_i/vgg_accelerator_0/inst/layer_block_1_16_32_U0/grp_layer_block_1_16_32_Pipeline_VITIS_LOOP_36_4_VITIS_LOOP_37_5_fu_32/r_V_18_load_reg_11091_reg[0]/Q
                         net (fo=20, routed)          0.570     3.249    design_1_i/vgg_accelerator_0/inst/layer_block_1_16_32_U0/grp_layer_block_1_16_32_Pipeline_VITIS_LOOP_36_4_VITIS_LOOP_37_5_fu_32/sext_ln1347_164_fu_9472_p1[10]
    SLICE_X22Y101        LUT2 (Prop_C6LUT_SLICEL_I1_O)
                                                      0.148     3.397 r  design_1_i/vgg_accelerator_0/inst/layer_block_1_16_32_U0/grp_layer_block_1_16_32_Pipeline_VITIS_LOOP_36_4_VITIS_LOOP_37_5_fu_32/select_ln302_36_reg_11265[2]_i_32/O
                         net (fo=1, routed)           0.011     3.408    design_1_i/vgg_accelerator_0/inst/layer_block_1_16_32_U0/grp_layer_block_1_16_32_Pipeline_VITIS_LOOP_36_4_VITIS_LOOP_37_5_fu_32/select_ln302_36_reg_11265[2]_i_32_n_4
    SLICE_X22Y101        CARRY8 (Prop_CARRY8_SLICEL_S[2]_CO[7])
                                                      0.196     3.604 r  design_1_i/vgg_accelerator_0/inst/layer_block_1_16_32_U0/grp_layer_block_1_16_32_Pipeline_VITIS_LOOP_36_4_VITIS_LOOP_37_5_fu_32/select_ln302_36_reg_11265_reg[2]_i_26/CO[7]
                         net (fo=1, routed)           0.028     3.632    design_1_i/vgg_accelerator_0/inst/layer_block_1_16_32_U0/grp_layer_block_1_16_32_Pipeline_VITIS_LOOP_36_4_VITIS_LOOP_37_5_fu_32/select_ln302_36_reg_11265_reg[2]_i_26_n_4
    SLICE_X22Y102        CARRY8 (Prop_CARRY8_SLICEL_CI_CO[7])
                                                      0.023     3.655 r  design_1_i/vgg_accelerator_0/inst/layer_block_1_16_32_U0/grp_layer_block_1_16_32_Pipeline_VITIS_LOOP_36_4_VITIS_LOOP_37_5_fu_32/select_ln302_36_reg_11265_reg[6]_i_88/CO[7]
                         net (fo=1, routed)           0.028     3.683    design_1_i/vgg_accelerator_0/inst/layer_block_1_16_32_U0/grp_layer_block_1_16_32_Pipeline_VITIS_LOOP_36_4_VITIS_LOOP_37_5_fu_32/select_ln302_36_reg_11265_reg[6]_i_88_n_4
    SLICE_X22Y103        CARRY8 (Prop_CARRY8_SLICEL_CI_CO[0])
                                                      0.068     3.751 r  design_1_i/vgg_accelerator_0/inst/layer_block_1_16_32_U0/grp_layer_block_1_16_32_Pipeline_VITIS_LOOP_36_4_VITIS_LOOP_37_5_fu_32/select_ln302_36_reg_11265_reg[6]_i_89/CO[0]
                         net (fo=6, routed)           0.428     4.179    design_1_i/vgg_accelerator_0/inst/layer_block_1_16_32_U0/grp_layer_block_1_16_32_Pipeline_VITIS_LOOP_36_4_VITIS_LOOP_37_5_fu_32/select_ln302_32_reg_11161_reg[21]_1[0]
    SLICE_X21Y109        CARRY8 (Prop_CARRY8_SLICEM_CI_O[1])
                                                      0.167     4.346 r  design_1_i/vgg_accelerator_0/inst/layer_block_1_16_32_U0/grp_layer_block_1_16_32_Pipeline_VITIS_LOOP_36_4_VITIS_LOOP_37_5_fu_32/select_ln302_36_reg_11265_reg[6]_i_86/O[1]
                         net (fo=59, routed)          0.786     5.132    design_1_i/vgg_accelerator_0/inst/layer_block_1_16_32_U0/grp_layer_block_1_16_32_Pipeline_VITIS_LOOP_36_4_VITIS_LOOP_37_5_fu_32/select_ln302_32_reg_11161_reg[28]_0[0]
    SLICE_X25Y102        LUT3 (Prop_D5LUT_SLICEM_I0_O)
                                                      0.082     5.214 r  design_1_i/vgg_accelerator_0/inst/layer_block_1_16_32_U0/grp_layer_block_1_16_32_Pipeline_VITIS_LOOP_36_4_VITIS_LOOP_37_5_fu_32/select_ln302_36_reg_11265[2]_i_15/O
                         net (fo=4, routed)           0.299     5.513    design_1_i/vgg_accelerator_0/inst/layer_block_1_16_32_U0/grp_layer_block_1_16_32_Pipeline_VITIS_LOOP_36_4_VITIS_LOOP_37_5_fu_32/select_ln302_33_fu_5998_p3[11]
    SLICE_X23Y104        LUT5 (Prop_E6LUT_SLICEL_I0_O)
                                                      0.148     5.661 r  design_1_i/vgg_accelerator_0/inst/layer_block_1_16_32_U0/grp_layer_block_1_16_32_Pipeline_VITIS_LOOP_36_4_VITIS_LOOP_37_5_fu_32/select_ln302_36_reg_11265[2]_i_21/O
                         net (fo=1, routed)           0.008     5.669    design_1_i/vgg_accelerator_0/inst/layer_block_1_16_32_U0/grp_layer_block_1_16_32_Pipeline_VITIS_LOOP_36_4_VITIS_LOOP_37_5_fu_32/select_ln302_36_reg_11265[2]_i_21_n_4
    SLICE_X23Y104        CARRY8 (Prop_CARRY8_SLICEL_S[4]_CO[7])
                                                      0.195     5.864 r  design_1_i/vgg_accelerator_0/inst/layer_block_1_16_32_U0/grp_layer_block_1_16_32_Pipeline_VITIS_LOOP_36_4_VITIS_LOOP_37_5_fu_32/select_ln302_36_reg_11265_reg[2]_i_11/CO[7]
                         net (fo=1, routed)           0.028     5.892    design_1_i/vgg_accelerator_0/inst/layer_block_1_16_32_U0/grp_layer_block_1_16_32_Pipeline_VITIS_LOOP_36_4_VITIS_LOOP_37_5_fu_32/select_ln302_36_reg_11265_reg[2]_i_11_n_4
    SLICE_X23Y105        CARRY8 (Prop_CARRY8_SLICEL_CI_CO[7])
                                                      0.023     5.915 r  design_1_i/vgg_accelerator_0/inst/layer_block_1_16_32_U0/grp_layer_block_1_16_32_Pipeline_VITIS_LOOP_36_4_VITIS_LOOP_37_5_fu_32/select_ln302_36_reg_11265_reg[6]_i_38/CO[7]
                         net (fo=1, routed)           0.028     5.943    design_1_i/vgg_accelerator_0/inst/layer_block_1_16_32_U0/grp_layer_block_1_16_32_Pipeline_VITIS_LOOP_36_4_VITIS_LOOP_37_5_fu_32/select_ln302_36_reg_11265_reg[6]_i_38_n_4
    SLICE_X23Y106        CARRY8 (Prop_CARRY8_SLICEL_CI_CO[1])
                                                      0.055     5.998 r  design_1_i/vgg_accelerator_0/inst/layer_block_1_16_32_U0/grp_layer_block_1_16_32_Pipeline_VITIS_LOOP_36_4_VITIS_LOOP_37_5_fu_32/select_ln302_36_reg_11265_reg[6]_i_35/CO[1]
                         net (fo=6, routed)           0.619     6.617    design_1_i/vgg_accelerator_0/inst/layer_block_1_16_32_U0/grp_layer_block_1_16_32_Pipeline_VITIS_LOOP_36_4_VITIS_LOOP_37_5_fu_32/select_ln302_36_reg_11265_reg[6]_i_35_n_10
    SLICE_X22Y109        CARRY8 (Prop_CARRY8_SLICEL_CI_O[1])
                                                      0.164     6.781 r  design_1_i/vgg_accelerator_0/inst/layer_block_1_16_32_U0/grp_layer_block_1_16_32_Pipeline_VITIS_LOOP_36_4_VITIS_LOOP_37_5_fu_32/select_ln302_36_reg_11265_reg[6]_i_36/O[1]
                         net (fo=53, routed)          0.338     7.119    design_1_i/vgg_accelerator_0/inst/layer_block_1_16_32_U0/grp_layer_block_1_16_32_Pipeline_VITIS_LOOP_36_4_VITIS_LOOP_37_5_fu_32/tmp_52_fu_6052_p3
    SLICE_X21Y103        LUT4 (Prop_B6LUT_SLICEM_I2_O)
                                                      0.150     7.269 r  design_1_i/vgg_accelerator_0/inst/layer_block_1_16_32_U0/grp_layer_block_1_16_32_Pipeline_VITIS_LOOP_36_4_VITIS_LOOP_37_5_fu_32/select_ln302_36_reg_11265[2]_i_9/O
                         net (fo=1, routed)           0.018     7.287    design_1_i/vgg_accelerator_0/inst/layer_block_1_16_32_U0/grp_layer_block_1_16_32_Pipeline_VITIS_LOOP_36_4_VITIS_LOOP_37_5_fu_32/select_ln302_36_reg_11265[2]_i_9_n_4
    SLICE_X21Y103        CARRY8 (Prop_CARRY8_SLICEM_S[1]_CO[7])
                                                      0.238     7.525 r  design_1_i/vgg_accelerator_0/inst/layer_block_1_16_32_U0/grp_layer_block_1_16_32_Pipeline_VITIS_LOOP_36_4_VITIS_LOOP_37_5_fu_32/select_ln302_36_reg_11265_reg[2]_i_2/CO[7]
                         net (fo=1, routed)           0.028     7.553    design_1_i/vgg_accelerator_0/inst/layer_block_1_16_32_U0/grp_layer_block_1_16_32_Pipeline_VITIS_LOOP_36_4_VITIS_LOOP_37_5_fu_32/select_ln302_36_reg_11265_reg[2]_i_2_n_4
    SLICE_X21Y104        CARRY8 (Prop_CARRY8_SLICEM_CI_CO[7])
                                                      0.023     7.576 r  design_1_i/vgg_accelerator_0/inst/layer_block_1_16_32_U0/grp_layer_block_1_16_32_Pipeline_VITIS_LOOP_36_4_VITIS_LOOP_37_5_fu_32/select_ln302_36_reg_11265_reg[6]_i_4/CO[7]
                         net (fo=1, routed)           0.028     7.604    design_1_i/vgg_accelerator_0/inst/layer_block_1_16_32_U0/grp_layer_block_1_16_32_Pipeline_VITIS_LOOP_36_4_VITIS_LOOP_37_5_fu_32/select_ln302_36_reg_11265_reg[6]_i_4_n_4
    SLICE_X21Y105        CARRY8 (Prop_CARRY8_SLICEM_CI_CO[2])
                                                      0.073     7.677 r  design_1_i/vgg_accelerator_0/inst/layer_block_1_16_32_U0/grp_layer_block_1_16_32_Pipeline_VITIS_LOOP_36_4_VITIS_LOOP_37_5_fu_32/select_ln302_36_reg_11265_reg[6]_i_8/CO[2]
                         net (fo=2, routed)           0.548     8.225    design_1_i/vgg_accelerator_0/inst/layer_block_1_16_32_U0/grp_layer_block_1_16_32_Pipeline_VITIS_LOOP_36_4_VITIS_LOOP_37_5_fu_32/select_ln302_36_reg_11265_reg[6]_i_8_n_9
    SLICE_X24Y105        CARRY8 (Prop_CARRY8_SLICEM_CI_O[1])
                                                      0.167     8.392 r  design_1_i/vgg_accelerator_0/inst/layer_block_1_16_32_U0/grp_layer_block_1_16_32_Pipeline_VITIS_LOOP_36_4_VITIS_LOOP_37_5_fu_32/select_ln302_36_reg_11265_reg[6]_i_3/O[1]
                         net (fo=11, routed)          0.457     8.849    design_1_i/vgg_accelerator_0/inst/layer_block_1_16_32_U0/grp_layer_block_1_16_32_Pipeline_VITIS_LOOP_36_4_VITIS_LOOP_37_5_fu_32/tmp_54_fu_6140_p3
    SLICE_X21Y105        LUT4 (Prop_G6LUT_SLICEM_I0_O)
                                                      0.148     8.997 r  design_1_i/vgg_accelerator_0/inst/layer_block_1_16_32_U0/grp_layer_block_1_16_32_Pipeline_VITIS_LOOP_36_4_VITIS_LOOP_37_5_fu_32/select_ln302_36_reg_11265[6]_i_7/O
                         net (fo=1, routed)           0.057     9.054    design_1_i/vgg_accelerator_0/inst/layer_block_1_16_32_U0/grp_layer_block_1_16_32_Pipeline_VITIS_LOOP_36_4_VITIS_LOOP_37_5_fu_32/select_ln302_36_reg_11265[6]_i_7_n_4
    SLICE_X21Y105        LUT6 (Prop_H6LUT_SLICEM_I1_O)
                                                      0.066     9.120 r  design_1_i/vgg_accelerator_0/inst/layer_block_1_16_32_U0/grp_layer_block_1_16_32_Pipeline_VITIS_LOOP_36_4_VITIS_LOOP_37_5_fu_32/select_ln302_36_reg_11265[6]_i_2/O
                         net (fo=2, routed)           0.157     9.277    design_1_i/vgg_accelerator_0/inst/layer_block_1_16_32_U0/grp_layer_block_1_16_32_Pipeline_VITIS_LOOP_36_4_VITIS_LOOP_37_5_fu_32/select_ln302_36_reg_11265[6]_i_2_n_4
    SLICE_X22Y103        LUT6 (Prop_H6LUT_SLICEL_I1_O)
                                                      0.100     9.377 r  design_1_i/vgg_accelerator_0/inst/layer_block_1_16_32_U0/grp_layer_block_1_16_32_Pipeline_VITIS_LOOP_36_4_VITIS_LOOP_37_5_fu_32/select_ln302_36_reg_11265[5]_i_1/O
                         net (fo=6, routed)           0.255     9.632    design_1_i/vgg_accelerator_0/inst/layer_block_1_16_32_U0/grp_layer_block_1_16_32_Pipeline_VITIS_LOOP_36_4_VITIS_LOOP_37_5_fu_32/select_ln302_36_reg_11265
    SLICE_X21Y102        FDSE                                         r  design_1_i/vgg_accelerator_0/inst/layer_block_1_16_32_U0/grp_layer_block_1_16_32_Pipeline_VITIS_LOOP_36_4_VITIS_LOOP_37_5_fu_32/select_ln302_36_reg_11265_reg[1]/S
  -------------------------------------------------------------------    -------------------

                         (clock clk_pl_0 rise edge)
                                                     10.000    10.000 r  
    PS8_X0Y0             PS8                          0.000    10.000 r  design_1_i/zynq_ultra_ps_e_0/inst/PS8_i/PLCLK[0]
                         net (fo=1, routed)           0.140    10.140    design_1_i/zynq_ultra_ps_e_0/inst/pl_clk_unbuffered[0]
    BUFG_PS_X0Y80        BUFG_PS (Prop_BUFG_PS_I_O)
                                                      0.027    10.167 r  design_1_i/zynq_ultra_ps_e_0/inst/buffer_pl_clk_0.PL_CLK_0_BUFG/O
    X1Y1 (CLOCK_ROOT)    net (fo=23783, routed)       2.249    12.416    design_1_i/vgg_accelerator_0/inst/layer_block_1_16_32_U0/grp_layer_block_1_16_32_Pipeline_VITIS_LOOP_36_4_VITIS_LOOP_37_5_fu_32/ap_clk
    SLICE_X21Y102        FDSE                                         r  design_1_i/vgg_accelerator_0/inst/layer_block_1_16_32_U0/grp_layer_block_1_16_32_Pipeline_VITIS_LOOP_36_4_VITIS_LOOP_37_5_fu_32/select_ln302_36_reg_11265_reg[1]/C
                         clock pessimism              0.215    12.631    
                         clock uncertainty           -0.130    12.502    
    SLICE_X21Y102        FDSE (Setup_HFF2_SLICEM_C_S)
                                                     -0.072    12.430    design_1_i/vgg_accelerator_0/inst/layer_block_1_16_32_U0/grp_layer_block_1_16_32_Pipeline_VITIS_LOOP_36_4_VITIS_LOOP_37_5_fu_32/select_ln302_36_reg_11265_reg[1]
  -------------------------------------------------------------------
                         required time                         12.430    
                         arrival time                          -9.632    
  -------------------------------------------------------------------
                         slack                                  2.797    

Slack (MET) :             2.797ns  (required time - arrival time)
  Source:                 design_1_i/vgg_accelerator_0/inst/layer_block_1_16_32_U0/grp_layer_block_1_16_32_Pipeline_VITIS_LOOP_36_4_VITIS_LOOP_37_5_fu_32/r_V_18_load_reg_11091_reg[0]/C
                            (rising edge-triggered cell FDRE clocked by clk_pl_0  {rise@0.000ns fall@5.000ns period=10.000ns})
  Destination:            design_1_i/vgg_accelerator_0/inst/layer_block_1_16_32_U0/grp_layer_block_1_16_32_Pipeline_VITIS_LOOP_36_4_VITIS_LOOP_37_5_fu_32/select_ln302_36_reg_11265_reg[2]/S
                            (rising edge-triggered cell FDSE clocked by clk_pl_0  {rise@0.000ns fall@5.000ns period=10.000ns})
  Path Group:             clk_pl_0
  Path Type:              Setup (Max at Slow Process Corner)
  Requirement:            10.000ns  (clk_pl_0 rise@10.000ns - clk_pl_0 rise@0.000ns)
  Data Path Delay:        7.050ns  (logic 2.331ns (33.062%)  route 4.719ns (66.938%))
  Logic Levels:           19  (CARRY8=12 LUT2=1 LUT3=1 LUT4=2 LUT5=1 LUT6=2)
  Clock Path Skew:        0.049ns (DCD - SCD + CPR)
    Destination Clock Delay (DCD):    2.416ns = ( 12.416 - 10.000 ) 
    Source Clock Delay      (SCD):    2.582ns
    Clock Pessimism Removal (CPR):    0.215ns
  Clock Uncertainty:      0.130ns  ((TSJ^2 + DJ^2)^1/2) / 2 + PE
    Total System Jitter     (TSJ):    0.071ns
    Discrete Jitter          (DJ):    0.250ns
    Phase Error              (PE):    0.000ns
  Clock Net Delay (Source):      2.375ns (routing 1.302ns, distribution 1.073ns)
  Clock Net Delay (Destination): 2.249ns (routing 1.184ns, distribution 1.065ns)

    Location             Delay type                Incr(ns)  Path(ns)    Netlist Resource(s)
  -------------------------------------------------------------------    -------------------
                         (clock clk_pl_0 rise edge)
                                                      0.000     0.000 r  
    PS8_X0Y0             PS8                          0.000     0.000 r  design_1_i/zynq_ultra_ps_e_0/inst/PS8_i/PLCLK[0]
                         net (fo=1, routed)           0.178     0.178    design_1_i/zynq_ultra_ps_e_0/inst/pl_clk_unbuffered[0]
    BUFG_PS_X0Y80        BUFG_PS (Prop_BUFG_PS_I_O)
                                                      0.029     0.207 r  design_1_i/zynq_ultra_ps_e_0/inst/buffer_pl_clk_0.PL_CLK_0_BUFG/O
    X1Y1 (CLOCK_ROOT)    net (fo=23783, routed)       2.375     2.582    design_1_i/vgg_accelerator_0/inst/layer_block_1_16_32_U0/grp_layer_block_1_16_32_Pipeline_VITIS_LOOP_36_4_VITIS_LOOP_37_5_fu_32/ap_clk
    SLICE_X23Y93         FDRE                                         r  design_1_i/vgg_accelerator_0/inst/layer_block_1_16_32_U0/grp_layer_block_1_16_32_Pipeline_VITIS_LOOP_36_4_VITIS_LOOP_37_5_fu_32/r_V_18_load_reg_11091_reg[0]/C
  -------------------------------------------------------------------    -------------------
    SLICE_X23Y93         FDRE (Prop_HFF2_SLICEL_C_Q)
                                                      0.097     2.679 r  design_1_i/vgg_accelerator_0/inst/layer_block_1_16_32_U0/grp_layer_block_1_16_32_Pipeline_VITIS_LOOP_36_4_VITIS_LOOP_37_5_fu_32/r_V_18_load_reg_11091_reg[0]/Q
                         net (fo=20, routed)          0.570     3.249    design_1_i/vgg_accelerator_0/inst/layer_block_1_16_32_U0/grp_layer_block_1_16_32_Pipeline_VITIS_LOOP_36_4_VITIS_LOOP_37_5_fu_32/sext_ln1347_164_fu_9472_p1[10]
    SLICE_X22Y101        LUT2 (Prop_C6LUT_SLICEL_I1_O)
                                                      0.148     3.397 r  design_1_i/vgg_accelerator_0/inst/layer_block_1_16_32_U0/grp_layer_block_1_16_32_Pipeline_VITIS_LOOP_36_4_VITIS_LOOP_37_5_fu_32/select_ln302_36_reg_11265[2]_i_32/O
                         net (fo=1, routed)           0.011     3.408    design_1_i/vgg_accelerator_0/inst/layer_block_1_16_32_U0/grp_layer_block_1_16_32_Pipeline_VITIS_LOOP_36_4_VITIS_LOOP_37_5_fu_32/select_ln302_36_reg_11265[2]_i_32_n_4
    SLICE_X22Y101        CARRY8 (Prop_CARRY8_SLICEL_S[2]_CO[7])
                                                      0.196     3.604 r  design_1_i/vgg_accelerator_0/inst/layer_block_1_16_32_U0/grp_layer_block_1_16_32_Pipeline_VITIS_LOOP_36_4_VITIS_LOOP_37_5_fu_32/select_ln302_36_reg_11265_reg[2]_i_26/CO[7]
                         net (fo=1, routed)           0.028     3.632    design_1_i/vgg_accelerator_0/inst/layer_block_1_16_32_U0/grp_layer_block_1_16_32_Pipeline_VITIS_LOOP_36_4_VITIS_LOOP_37_5_fu_32/select_ln302_36_reg_11265_reg[2]_i_26_n_4
    SLICE_X22Y102        CARRY8 (Prop_CARRY8_SLICEL_CI_CO[7])
                                                      0.023     3.655 r  design_1_i/vgg_accelerator_0/inst/layer_block_1_16_32_U0/grp_layer_block_1_16_32_Pipeline_VITIS_LOOP_36_4_VITIS_LOOP_37_5_fu_32/select_ln302_36_reg_11265_reg[6]_i_88/CO[7]
                         net (fo=1, routed)           0.028     3.683    design_1_i/vgg_accelerator_0/inst/layer_block_1_16_32_U0/grp_layer_block_1_16_32_Pipeline_VITIS_LOOP_36_4_VITIS_LOOP_37_5_fu_32/select_ln302_36_reg_11265_reg[6]_i_88_n_4
    SLICE_X22Y103        CARRY8 (Prop_CARRY8_SLICEL_CI_CO[0])
                                                      0.068     3.751 r  design_1_i/vgg_accelerator_0/inst/layer_block_1_16_32_U0/grp_layer_block_1_16_32_Pipeline_VITIS_LOOP_36_4_VITIS_LOOP_37_5_fu_32/select_ln302_36_reg_11265_reg[6]_i_89/CO[0]
                         net (fo=6, routed)           0.428     4.179    design_1_i/vgg_accelerator_0/inst/layer_block_1_16_32_U0/grp_layer_block_1_16_32_Pipeline_VITIS_LOOP_36_4_VITIS_LOOP_37_5_fu_32/select_ln302_32_reg_11161_reg[21]_1[0]
    SLICE_X21Y109        CARRY8 (Prop_CARRY8_SLICEM_CI_O[1])
                                                      0.167     4.346 r  design_1_i/vgg_accelerator_0/inst/layer_block_1_16_32_U0/grp_layer_block_1_16_32_Pipeline_VITIS_LOOP_36_4_VITIS_LOOP_37_5_fu_32/select_ln302_36_reg_11265_reg[6]_i_86/O[1]
                         net (fo=59, routed)          0.786     5.132    design_1_i/vgg_accelerator_0/inst/layer_block_1_16_32_U0/grp_layer_block_1_16_32_Pipeline_VITIS_LOOP_36_4_VITIS_LOOP_37_5_fu_32/select_ln302_32_reg_11161_reg[28]_0[0]
    SLICE_X25Y102        LUT3 (Prop_D5LUT_SLICEM_I0_O)
                                                      0.082     5.214 r  design_1_i/vgg_accelerator_0/inst/layer_block_1_16_32_U0/grp_layer_block_1_16_32_Pipeline_VITIS_LOOP_36_4_VITIS_LOOP_37_5_fu_32/select_ln302_36_reg_11265[2]_i_15/O
                         net (fo=4, routed)           0.299     5.513    design_1_i/vgg_accelerator_0/inst/layer_block_1_16_32_U0/grp_layer_block_1_16_32_Pipeline_VITIS_LOOP_36_4_VITIS_LOOP_37_5_fu_32/select_ln302_33_fu_5998_p3[11]
    SLICE_X23Y104        LUT5 (Prop_E6LUT_SLICEL_I0_O)
                                                      0.148     5.661 r  design_1_i/vgg_accelerator_0/inst/layer_block_1_16_32_U0/grp_layer_block_1_16_32_Pipeline_VITIS_LOOP_36_4_VITIS_LOOP_37_5_fu_32/select_ln302_36_reg_11265[2]_i_21/O
                         net (fo=1, routed)           0.008     5.669    design_1_i/vgg_accelerator_0/inst/layer_block_1_16_32_U0/grp_layer_block_1_16_32_Pipeline_VITIS_LOOP_36_4_VITIS_LOOP_37_5_fu_32/select_ln302_36_reg_11265[2]_i_21_n_4
    SLICE_X23Y104        CARRY8 (Prop_CARRY8_SLICEL_S[4]_CO[7])
                                                      0.195     5.864 r  design_1_i/vgg_accelerator_0/inst/layer_block_1_16_32_U0/grp_layer_block_1_16_32_Pipeline_VITIS_LOOP_36_4_VITIS_LOOP_37_5_fu_32/select_ln302_36_reg_11265_reg[2]_i_11/CO[7]
                         net (fo=1, routed)           0.028     5.892    design_1_i/vgg_accelerator_0/inst/layer_block_1_16_32_U0/grp_layer_block_1_16_32_Pipeline_VITIS_LOOP_36_4_VITIS_LOOP_37_5_fu_32/select_ln302_36_reg_11265_reg[2]_i_11_n_4
    SLICE_X23Y105        CARRY8 (Prop_CARRY8_SLICEL_CI_CO[7])
                                                      0.023     5.915 r  design_1_i/vgg_accelerator_0/inst/layer_block_1_16_32_U0/grp_layer_block_1_16_32_Pipeline_VITIS_LOOP_36_4_VITIS_LOOP_37_5_fu_32/select_ln302_36_reg_11265_reg[6]_i_38/CO[7]
                         net (fo=1, routed)           0.028     5.943    design_1_i/vgg_accelerator_0/inst/layer_block_1_16_32_U0/grp_layer_block_1_16_32_Pipeline_VITIS_LOOP_36_4_VITIS_LOOP_37_5_fu_32/select_ln302_36_reg_11265_reg[6]_i_38_n_4
    SLICE_X23Y106        CARRY8 (Prop_CARRY8_SLICEL_CI_CO[1])
                                                      0.055     5.998 r  design_1_i/vgg_accelerator_0/inst/layer_block_1_16_32_U0/grp_layer_block_1_16_32_Pipeline_VITIS_LOOP_36_4_VITIS_LOOP_37_5_fu_32/select_ln302_36_reg_11265_reg[6]_i_35/CO[1]
                         net (fo=6, routed)           0.619     6.617    design_1_i/vgg_accelerator_0/inst/layer_block_1_16_32_U0/grp_layer_block_1_16_32_Pipeline_VITIS_LOOP_36_4_VITIS_LOOP_37_5_fu_32/select_ln302_36_reg_11265_reg[6]_i_35_n_10
    SLICE_X22Y109        CARRY8 (Prop_CARRY8_SLICEL_CI_O[1])
                                                      0.164     6.781 r  design_1_i/vgg_accelerator_0/inst/layer_block_1_16_32_U0/grp_layer_block_1_16_32_Pipeline_VITIS_LOOP_36_4_VITIS_LOOP_37_5_fu_32/select_ln302_36_reg_11265_reg[6]_i_36/O[1]
                         net (fo=53, routed)          0.338     7.119    design_1_i/vgg_accelerator_0/inst/layer_block_1_16_32_U0/grp_layer_block_1_16_32_Pipeline_VITIS_LOOP_36_4_VITIS_LOOP_37_5_fu_32/tmp_52_fu_6052_p3
    SLICE_X21Y103        LUT4 (Prop_B6LUT_SLICEM_I2_O)
                                                      0.150     7.269 r  design_1_i/vgg_accelerator_0/inst/layer_block_1_16_32_U0/grp_layer_block_1_16_32_Pipeline_VITIS_LOOP_36_4_VITIS_LOOP_37_5_fu_32/select_ln302_36_reg_11265[2]_i_9/O
                         net (fo=1, routed)           0.018     7.287    design_1_i/vgg_accelerator_0/inst/layer_block_1_16_32_U0/grp_layer_block_1_16_32_Pipeline_VITIS_LOOP_36_4_VITIS_LOOP_37_5_fu_32/select_ln302_36_reg_11265[2]_i_9_n_4
    SLICE_X21Y103        CARRY8 (Prop_CARRY8_SLICEM_S[1]_CO[7])
                                                      0.238     7.525 r  design_1_i/vgg_accelerator_0/inst/layer_block_1_16_32_U0/grp_layer_block_1_16_32_Pipeline_VITIS_LOOP_36_4_VITIS_LOOP_37_5_fu_32/select_ln302_36_reg_11265_reg[2]_i_2/CO[7]
                         net (fo=1, routed)           0.028     7.553    design_1_i/vgg_accelerator_0/inst/layer_block_1_16_32_U0/grp_layer_block_1_16_32_Pipeline_VITIS_LOOP_36_4_VITIS_LOOP_37_5_fu_32/select_ln302_36_reg_11265_reg[2]_i_2_n_4
    SLICE_X21Y104        CARRY8 (Prop_CARRY8_SLICEM_CI_CO[7])
                                                      0.023     7.576 r  design_1_i/vgg_accelerator_0/inst/layer_block_1_16_32_U0/grp_layer_block_1_16_32_Pipeline_VITIS_LOOP_36_4_VITIS_LOOP_37_5_fu_32/select_ln302_36_reg_11265_reg[6]_i_4/CO[7]
                         net (fo=1, routed)           0.028     7.604    design_1_i/vgg_accelerator_0/inst/layer_block_1_16_32_U0/grp_layer_block_1_16_32_Pipeline_VITIS_LOOP_36_4_VITIS_LOOP_37_5_fu_32/select_ln302_36_reg_11265_reg[6]_i_4_n_4
    SLICE_X21Y105        CARRY8 (Prop_CARRY8_SLICEM_CI_CO[2])
                                                      0.073     7.677 r  design_1_i/vgg_accelerator_0/inst/layer_block_1_16_32_U0/grp_layer_block_1_16_32_Pipeline_VITIS_LOOP_36_4_VITIS_LOOP_37_5_fu_32/select_ln302_36_reg_11265_reg[6]_i_8/CO[2]
                         net (fo=2, routed)           0.548     8.225    design_1_i/vgg_accelerator_0/inst/layer_block_1_16_32_U0/grp_layer_block_1_16_32_Pipeline_VITIS_LOOP_36_4_VITIS_LOOP_37_5_fu_32/select_ln302_36_reg_11265_reg[6]_i_8_n_9
    SLICE_X24Y105        CARRY8 (Prop_CARRY8_SLICEM_CI_O[1])
                                                      0.167     8.392 r  design_1_i/vgg_accelerator_0/inst/layer_block_1_16_32_U0/grp_layer_block_1_16_32_Pipeline_VITIS_LOOP_36_4_VITIS_LOOP_37_5_fu_32/select_ln302_36_reg_11265_reg[6]_i_3/O[1]
                         net (fo=11, routed)          0.457     8.849    design_1_i/vgg_accelerator_0/inst/layer_block_1_16_32_U0/grp_layer_block_1_16_32_Pipeline_VITIS_LOOP_36_4_VITIS_LOOP_37_5_fu_32/tmp_54_fu_6140_p3
    SLICE_X21Y105        LUT4 (Prop_G6LUT_SLICEM_I0_O)
                                                      0.148     8.997 r  design_1_i/vgg_accelerator_0/inst/layer_block_1_16_32_U0/grp_layer_block_1_16_32_Pipeline_VITIS_LOOP_36_4_VITIS_LOOP_37_5_fu_32/select_ln302_36_reg_11265[6]_i_7/O
                         net (fo=1, routed)           0.057     9.054    design_1_i/vgg_accelerator_0/inst/layer_block_1_16_32_U0/grp_layer_block_1_16_32_Pipeline_VITIS_LOOP_36_4_VITIS_LOOP_37_5_fu_32/select_ln302_36_reg_11265[6]_i_7_n_4
    SLICE_X21Y105        LUT6 (Prop_H6LUT_SLICEM_I1_O)
                                                      0.066     9.120 r  design_1_i/vgg_accelerator_0/inst/layer_block_1_16_32_U0/grp_layer_block_1_16_32_Pipeline_VITIS_LOOP_36_4_VITIS_LOOP_37_5_fu_32/select_ln302_36_reg_11265[6]_i_2/O
                         net (fo=2, routed)           0.157     9.277    design_1_i/vgg_accelerator_0/inst/layer_block_1_16_32_U0/grp_layer_block_1_16_32_Pipeline_VITIS_LOOP_36_4_VITIS_LOOP_37_5_fu_32/select_ln302_36_reg_11265[6]_i_2_n_4
    SLICE_X22Y103        LUT6 (Prop_H6LUT_SLICEL_I1_O)
                                                      0.100     9.377 r  design_1_i/vgg_accelerator_0/inst/layer_block_1_16_32_U0/grp_layer_block_1_16_32_Pipeline_VITIS_LOOP_36_4_VITIS_LOOP_37_5_fu_32/select_ln302_36_reg_11265[5]_i_1/O
                         net (fo=6, routed)           0.255     9.632    design_1_i/vgg_accelerator_0/inst/layer_block_1_16_32_U0/grp_layer_block_1_16_32_Pipeline_VITIS_LOOP_36_4_VITIS_LOOP_37_5_fu_32/select_ln302_36_reg_11265
    SLICE_X21Y102        FDSE                                         r  design_1_i/vgg_accelerator_0/inst/layer_block_1_16_32_U0/grp_layer_block_1_16_32_Pipeline_VITIS_LOOP_36_4_VITIS_LOOP_37_5_fu_32/select_ln302_36_reg_11265_reg[2]/S
  -------------------------------------------------------------------    -------------------

                         (clock clk_pl_0 rise edge)
                                                     10.000    10.000 r  
    PS8_X0Y0             PS8                          0.000    10.000 r  design_1_i/zynq_ultra_ps_e_0/inst/PS8_i/PLCLK[0]
                         net (fo=1, routed)           0.140    10.140    design_1_i/zynq_ultra_ps_e_0/inst/pl_clk_unbuffered[0]
    BUFG_PS_X0Y80        BUFG_PS (Prop_BUFG_PS_I_O)
                                                      0.027    10.167 r  design_1_i/zynq_ultra_ps_e_0/inst/buffer_pl_clk_0.PL_CLK_0_BUFG/O
    X1Y1 (CLOCK_ROOT)    net (fo=23783, routed)       2.249    12.416    design_1_i/vgg_accelerator_0/inst/layer_block_1_16_32_U0/grp_layer_block_1_16_32_Pipeline_VITIS_LOOP_36_4_VITIS_LOOP_37_5_fu_32/ap_clk
    SLICE_X21Y102        FDSE                                         r  design_1_i/vgg_accelerator_0/inst/layer_block_1_16_32_U0/grp_layer_block_1_16_32_Pipeline_VITIS_LOOP_36_4_VITIS_LOOP_37_5_fu_32/select_ln302_36_reg_11265_reg[2]/C
                         clock pessimism              0.215    12.631    
                         clock uncertainty           -0.130    12.502    
    SLICE_X21Y102        FDSE (Setup_EFF_SLICEM_C_S)
                                                     -0.072    12.430    design_1_i/vgg_accelerator_0/inst/layer_block_1_16_32_U0/grp_layer_block_1_16_32_Pipeline_VITIS_LOOP_36_4_VITIS_LOOP_37_5_fu_32/select_ln302_36_reg_11265_reg[2]
  -------------------------------------------------------------------
                         required time                         12.430    
                         arrival time                          -9.632    
  -------------------------------------------------------------------
                         slack                                  2.797    

Slack (MET) :             2.797ns  (required time - arrival time)
  Source:                 design_1_i/vgg_accelerator_0/inst/layer_block_1_16_32_U0/grp_layer_block_1_16_32_Pipeline_VITIS_LOOP_36_4_VITIS_LOOP_37_5_fu_32/r_V_18_load_reg_11091_reg[0]/C
                            (rising edge-triggered cell FDRE clocked by clk_pl_0  {rise@0.000ns fall@5.000ns period=10.000ns})
  Destination:            design_1_i/vgg_accelerator_0/inst/layer_block_1_16_32_U0/grp_layer_block_1_16_32_Pipeline_VITIS_LOOP_36_4_VITIS_LOOP_37_5_fu_32/select_ln302_36_reg_11265_reg[3]/S
                            (rising edge-triggered cell FDSE clocked by clk_pl_0  {rise@0.000ns fall@5.000ns period=10.000ns})
  Path Group:             clk_pl_0
  Path Type:              Setup (Max at Slow Process Corner)
  Requirement:            10.000ns  (clk_pl_0 rise@10.000ns - clk_pl_0 rise@0.000ns)
  Data Path Delay:        7.050ns  (logic 2.331ns (33.062%)  route 4.719ns (66.938%))
  Logic Levels:           19  (CARRY8=12 LUT2=1 LUT3=1 LUT4=2 LUT5=1 LUT6=2)
  Clock Path Skew:        0.049ns (DCD - SCD + CPR)
    Destination Clock Delay (DCD):    2.416ns = ( 12.416 - 10.000 ) 
    Source Clock Delay      (SCD):    2.582ns
    Clock Pessimism Removal (CPR):    0.215ns
  Clock Uncertainty:      0.130ns  ((TSJ^2 + DJ^2)^1/2) / 2 + PE
    Total System Jitter     (TSJ):    0.071ns
    Discrete Jitter          (DJ):    0.250ns
    Phase Error              (PE):    0.000ns
  Clock Net Delay (Source):      2.375ns (routing 1.302ns, distribution 1.073ns)
  Clock Net Delay (Destination): 2.249ns (routing 1.184ns, distribution 1.065ns)

    Location             Delay type                Incr(ns)  Path(ns)    Netlist Resource(s)
  -------------------------------------------------------------------    -------------------
                         (clock clk_pl_0 rise edge)
                                                      0.000     0.000 r  
    PS8_X0Y0             PS8                          0.000     0.000 r  design_1_i/zynq_ultra_ps_e_0/inst/PS8_i/PLCLK[0]
                         net (fo=1, routed)           0.178     0.178    design_1_i/zynq_ultra_ps_e_0/inst/pl_clk_unbuffered[0]
    BUFG_PS_X0Y80        BUFG_PS (Prop_BUFG_PS_I_O)
                                                      0.029     0.207 r  design_1_i/zynq_ultra_ps_e_0/inst/buffer_pl_clk_0.PL_CLK_0_BUFG/O
    X1Y1 (CLOCK_ROOT)    net (fo=23783, routed)       2.375     2.582    design_1_i/vgg_accelerator_0/inst/layer_block_1_16_32_U0/grp_layer_block_1_16_32_Pipeline_VITIS_LOOP_36_4_VITIS_LOOP_37_5_fu_32/ap_clk
    SLICE_X23Y93         FDRE                                         r  design_1_i/vgg_accelerator_0/inst/layer_block_1_16_32_U0/grp_layer_block_1_16_32_Pipeline_VITIS_LOOP_36_4_VITIS_LOOP_37_5_fu_32/r_V_18_load_reg_11091_reg[0]/C
  -------------------------------------------------------------------    -------------------
    SLICE_X23Y93         FDRE (Prop_HFF2_SLICEL_C_Q)
                                                      0.097     2.679 r  design_1_i/vgg_accelerator_0/inst/layer_block_1_16_32_U0/grp_layer_block_1_16_32_Pipeline_VITIS_LOOP_36_4_VITIS_LOOP_37_5_fu_32/r_V_18_load_reg_11091_reg[0]/Q
                         net (fo=20, routed)          0.570     3.249    design_1_i/vgg_accelerator_0/inst/layer_block_1_16_32_U0/grp_layer_block_1_16_32_Pipeline_VITIS_LOOP_36_4_VITIS_LOOP_37_5_fu_32/sext_ln1347_164_fu_9472_p1[10]
    SLICE_X22Y101        LUT2 (Prop_C6LUT_SLICEL_I1_O)
                                                      0.148     3.397 r  design_1_i/vgg_accelerator_0/inst/layer_block_1_16_32_U0/grp_layer_block_1_16_32_Pipeline_VITIS_LOOP_36_4_VITIS_LOOP_37_5_fu_32/select_ln302_36_reg_11265[2]_i_32/O
                         net (fo=1, routed)           0.011     3.408    design_1_i/vgg_accelerator_0/inst/layer_block_1_16_32_U0/grp_layer_block_1_16_32_Pipeline_VITIS_LOOP_36_4_VITIS_LOOP_37_5_fu_32/select_ln302_36_reg_11265[2]_i_32_n_4
    SLICE_X22Y101        CARRY8 (Prop_CARRY8_SLICEL_S[2]_CO[7])
                                                      0.196     3.604 r  design_1_i/vgg_accelerator_0/inst/layer_block_1_16_32_U0/grp_layer_block_1_16_32_Pipeline_VITIS_LOOP_36_4_VITIS_LOOP_37_5_fu_32/select_ln302_36_reg_11265_reg[2]_i_26/CO[7]
                         net (fo=1, routed)           0.028     3.632    design_1_i/vgg_accelerator_0/inst/layer_block_1_16_32_U0/grp_layer_block_1_16_32_Pipeline_VITIS_LOOP_36_4_VITIS_LOOP_37_5_fu_32/select_ln302_36_reg_11265_reg[2]_i_26_n_4
    SLICE_X22Y102        CARRY8 (Prop_CARRY8_SLICEL_CI_CO[7])
                                                      0.023     3.655 r  design_1_i/vgg_accelerator_0/inst/layer_block_1_16_32_U0/grp_layer_block_1_16_32_Pipeline_VITIS_LOOP_36_4_VITIS_LOOP_37_5_fu_32/select_ln302_36_reg_11265_reg[6]_i_88/CO[7]
                         net (fo=1, routed)           0.028     3.683    design_1_i/vgg_accelerator_0/inst/layer_block_1_16_32_U0/grp_layer_block_1_16_32_Pipeline_VITIS_LOOP_36_4_VITIS_LOOP_37_5_fu_32/select_ln302_36_reg_11265_reg[6]_i_88_n_4
    SLICE_X22Y103        CARRY8 (Prop_CARRY8_SLICEL_CI_CO[0])
                                                      0.068     3.751 r  design_1_i/vgg_accelerator_0/inst/layer_block_1_16_32_U0/grp_layer_block_1_16_32_Pipeline_VITIS_LOOP_36_4_VITIS_LOOP_37_5_fu_32/select_ln302_36_reg_11265_reg[6]_i_89/CO[0]
                         net (fo=6, routed)           0.428     4.179    design_1_i/vgg_accelerator_0/inst/layer_block_1_16_32_U0/grp_layer_block_1_16_32_Pipeline_VITIS_LOOP_36_4_VITIS_LOOP_37_5_fu_32/select_ln302_32_reg_11161_reg[21]_1[0]
    SLICE_X21Y109        CARRY8 (Prop_CARRY8_SLICEM_CI_O[1])
                                                      0.167     4.346 r  design_1_i/vgg_accelerator_0/inst/layer_block_1_16_32_U0/grp_layer_block_1_16_32_Pipeline_VITIS_LOOP_36_4_VITIS_LOOP_37_5_fu_32/select_ln302_36_reg_11265_reg[6]_i_86/O[1]
                         net (fo=59, routed)          0.786     5.132    design_1_i/vgg_accelerator_0/inst/layer_block_1_16_32_U0/grp_layer_block_1_16_32_Pipeline_VITIS_LOOP_36_4_VITIS_LOOP_37_5_fu_32/select_ln302_32_reg_11161_reg[28]_0[0]
    SLICE_X25Y102        LUT3 (Prop_D5LUT_SLICEM_I0_O)
                                                      0.082     5.214 r  design_1_i/vgg_accelerator_0/inst/layer_block_1_16_32_U0/grp_layer_block_1_16_32_Pipeline_VITIS_LOOP_36_4_VITIS_LOOP_37_5_fu_32/select_ln302_36_reg_11265[2]_i_15/O
                         net (fo=4, routed)           0.299     5.513    design_1_i/vgg_accelerator_0/inst/layer_block_1_16_32_U0/grp_layer_block_1_16_32_Pipeline_VITIS_LOOP_36_4_VITIS_LOOP_37_5_fu_32/select_ln302_33_fu_5998_p3[11]
    SLICE_X23Y104        LUT5 (Prop_E6LUT_SLICEL_I0_O)
                                                      0.148     5.661 r  design_1_i/vgg_accelerator_0/inst/layer_block_1_16_32_U0/grp_layer_block_1_16_32_Pipeline_VITIS_LOOP_36_4_VITIS_LOOP_37_5_fu_32/select_ln302_36_reg_11265[2]_i_21/O
                         net (fo=1, routed)           0.008     5.669    design_1_i/vgg_accelerator_0/inst/layer_block_1_16_32_U0/grp_layer_block_1_16_32_Pipeline_VITIS_LOOP_36_4_VITIS_LOOP_37_5_fu_32/select_ln302_36_reg_11265[2]_i_21_n_4
    SLICE_X23Y104        CARRY8 (Prop_CARRY8_SLICEL_S[4]_CO[7])
                                                      0.195     5.864 r  design_1_i/vgg_accelerator_0/inst/layer_block_1_16_32_U0/grp_layer_block_1_16_32_Pipeline_VITIS_LOOP_36_4_VITIS_LOOP_37_5_fu_32/select_ln302_36_reg_11265_reg[2]_i_11/CO[7]
                         net (fo=1, routed)           0.028     5.892    design_1_i/vgg_accelerator_0/inst/layer_block_1_16_32_U0/grp_layer_block_1_16_32_Pipeline_VITIS_LOOP_36_4_VITIS_LOOP_37_5_fu_32/select_ln302_36_reg_11265_reg[2]_i_11_n_4
    SLICE_X23Y105        CARRY8 (Prop_CARRY8_SLICEL_CI_CO[7])
                                                      0.023     5.915 r  design_1_i/vgg_accelerator_0/inst/layer_block_1_16_32_U0/grp_layer_block_1_16_32_Pipeline_VITIS_LOOP_36_4_VITIS_LOOP_37_5_fu_32/select_ln302_36_reg_11265_reg[6]_i_38/CO[7]
                         net (fo=1, routed)           0.028     5.943    design_1_i/vgg_accelerator_0/inst/layer_block_1_16_32_U0/grp_layer_block_1_16_32_Pipeline_VITIS_LOOP_36_4_VITIS_LOOP_37_5_fu_32/select_ln302_36_reg_11265_reg[6]_i_38_n_4
    SLICE_X23Y106        CARRY8 (Prop_CARRY8_SLICEL_CI_CO[1])
                                                      0.055     5.998 r  design_1_i/vgg_accelerator_0/inst/layer_block_1_16_32_U0/grp_layer_block_1_16_32_Pipeline_VITIS_LOOP_36_4_VITIS_LOOP_37_5_fu_32/select_ln302_36_reg_11265_reg[6]_i_35/CO[1]
                         net (fo=6, routed)           0.619     6.617    design_1_i/vgg_accelerator_0/inst/layer_block_1_16_32_U0/grp_layer_block_1_16_32_Pipeline_VITIS_LOOP_36_4_VITIS_LOOP_37_5_fu_32/select_ln302_36_reg_11265_reg[6]_i_35_n_10
    SLICE_X22Y109        CARRY8 (Prop_CARRY8_SLICEL_CI_O[1])
                                                      0.164     6.781 r  design_1_i/vgg_accelerator_0/inst/layer_block_1_16_32_U0/grp_layer_block_1_16_32_Pipeline_VITIS_LOOP_36_4_VITIS_LOOP_37_5_fu_32/select_ln302_36_reg_11265_reg[6]_i_36/O[1]
                         net (fo=53, routed)          0.338     7.119    design_1_i/vgg_accelerator_0/inst/layer_block_1_16_32_U0/grp_layer_block_1_16_32_Pipeline_VITIS_LOOP_36_4_VITIS_LOOP_37_5_fu_32/tmp_52_fu_6052_p3
    SLICE_X21Y103        LUT4 (Prop_B6LUT_SLICEM_I2_O)
                                                      0.150     7.269 r  design_1_i/vgg_accelerator_0/inst/layer_block_1_16_32_U0/grp_layer_block_1_16_32_Pipeline_VITIS_LOOP_36_4_VITIS_LOOP_37_5_fu_32/select_ln302_36_reg_11265[2]_i_9/O
                         net (fo=1, routed)           0.018     7.287    design_1_i/vgg_accelerator_0/inst/layer_block_1_16_32_U0/grp_layer_block_1_16_32_Pipeline_VITIS_LOOP_36_4_VITIS_LOOP_37_5_fu_32/select_ln302_36_reg_11265[2]_i_9_n_4
    SLICE_X21Y103        CARRY8 (Prop_CARRY8_SLICEM_S[1]_CO[7])
                                                      0.238     7.525 r  design_1_i/vgg_accelerator_0/inst/layer_block_1_16_32_U0/grp_layer_block_1_16_32_Pipeline_VITIS_LOOP_36_4_VITIS_LOOP_37_5_fu_32/select_ln302_36_reg_11265_reg[2]_i_2/CO[7]
                         net (fo=1, routed)           0.028     7.553    design_1_i/vgg_accelerator_0/inst/layer_block_1_16_32_U0/grp_layer_block_1_16_32_Pipeline_VITIS_LOOP_36_4_VITIS_LOOP_37_5_fu_32/select_ln302_36_reg_11265_reg[2]_i_2_n_4
    SLICE_X21Y104        CARRY8 (Prop_CARRY8_SLICEM_CI_CO[7])
                                                      0.023     7.576 r  design_1_i/vgg_accelerator_0/inst/layer_block_1_16_32_U0/grp_layer_block_1_16_32_Pipeline_VITIS_LOOP_36_4_VITIS_LOOP_37_5_fu_32/select_ln302_36_reg_11265_reg[6]_i_4/CO[7]
                         net (fo=1, routed)           0.028     7.604    design_1_i/vgg_accelerator_0/inst/layer_block_1_16_32_U0/grp_layer_block_1_16_32_Pipeline_VITIS_LOOP_36_4_VITIS_LOOP_37_5_fu_32/select_ln302_36_reg_11265_reg[6]_i_4_n_4
    SLICE_X21Y105        CARRY8 (Prop_CARRY8_SLICEM_CI_CO[2])
                                                      0.073     7.677 r  design_1_i/vgg_accelerator_0/inst/layer_block_1_16_32_U0/grp_layer_block_1_16_32_Pipeline_VITIS_LOOP_36_4_VITIS_LOOP_37_5_fu_32/select_ln302_36_reg_11265_reg[6]_i_8/CO[2]
                         net (fo=2, routed)           0.548     8.225    design_1_i/vgg_accelerator_0/inst/layer_block_1_16_32_U0/grp_layer_block_1_16_32_Pipeline_VITIS_LOOP_36_4_VITIS_LOOP_37_5_fu_32/select_ln302_36_reg_11265_reg[6]_i_8_n_9
    SLICE_X24Y105        CARRY8 (Prop_CARRY8_SLICEM_CI_O[1])
                                                      0.167     8.392 r  design_1_i/vgg_accelerator_0/inst/layer_block_1_16_32_U0/grp_layer_block_1_16_32_Pipeline_VITIS_LOOP_36_4_VITIS_LOOP_37_5_fu_32/select_ln302_36_reg_11265_reg[6]_i_3/O[1]
                         net (fo=11, routed)          0.457     8.849    design_1_i/vgg_accelerator_0/inst/layer_block_1_16_32_U0/grp_layer_block_1_16_32_Pipeline_VITIS_LOOP_36_4_VITIS_LOOP_37_5_fu_32/tmp_54_fu_6140_p3
    SLICE_X21Y105        LUT4 (Prop_G6LUT_SLICEM_I0_O)
                                                      0.148     8.997 r  design_1_i/vgg_accelerator_0/inst/layer_block_1_16_32_U0/grp_layer_block_1_16_32_Pipeline_VITIS_LOOP_36_4_VITIS_LOOP_37_5_fu_32/select_ln302_36_reg_11265[6]_i_7/O
                         net (fo=1, routed)           0.057     9.054    design_1_i/vgg_accelerator_0/inst/layer_block_1_16_32_U0/grp_layer_block_1_16_32_Pipeline_VITIS_LOOP_36_4_VITIS_LOOP_37_5_fu_32/select_ln302_36_reg_11265[6]_i_7_n_4
    SLICE_X21Y105        LUT6 (Prop_H6LUT_SLICEM_I1_O)
                                                      0.066     9.120 r  design_1_i/vgg_accelerator_0/inst/layer_block_1_16_32_U0/grp_layer_block_1_16_32_Pipeline_VITIS_LOOP_36_4_VITIS_LOOP_37_5_fu_32/select_ln302_36_reg_11265[6]_i_2/O
                         net (fo=2, routed)           0.157     9.277    design_1_i/vgg_accelerator_0/inst/layer_block_1_16_32_U0/grp_layer_block_1_16_32_Pipeline_VITIS_LOOP_36_4_VITIS_LOOP_37_5_fu_32/select_ln302_36_reg_11265[6]_i_2_n_4
    SLICE_X22Y103        LUT6 (Prop_H6LUT_SLICEL_I1_O)
                                                      0.100     9.377 r  design_1_i/vgg_accelerator_0/inst/layer_block_1_16_32_U0/grp_layer_block_1_16_32_Pipeline_VITIS_LOOP_36_4_VITIS_LOOP_37_5_fu_32/select_ln302_36_reg_11265[5]_i_1/O
                         net (fo=6, routed)           0.255     9.632    design_1_i/vgg_accelerator_0/inst/layer_block_1_16_32_U0/grp_layer_block_1_16_32_Pipeline_VITIS_LOOP_36_4_VITIS_LOOP_37_5_fu_32/select_ln302_36_reg_11265
    SLICE_X21Y102        FDSE                                         r  design_1_i/vgg_accelerator_0/inst/layer_block_1_16_32_U0/grp_layer_block_1_16_32_Pipeline_VITIS_LOOP_36_4_VITIS_LOOP_37_5_fu_32/select_ln302_36_reg_11265_reg[3]/S
  -------------------------------------------------------------------    -------------------

                         (clock clk_pl_0 rise edge)
                                                     10.000    10.000 r  
    PS8_X0Y0             PS8                          0.000    10.000 r  design_1_i/zynq_ultra_ps_e_0/inst/PS8_i/PLCLK[0]
                         net (fo=1, routed)           0.140    10.140    design_1_i/zynq_ultra_ps_e_0/inst/pl_clk_unbuffered[0]
    BUFG_PS_X0Y80        BUFG_PS (Prop_BUFG_PS_I_O)
                                                      0.027    10.167 r  design_1_i/zynq_ultra_ps_e_0/inst/buffer_pl_clk_0.PL_CLK_0_BUFG/O
    X1Y1 (CLOCK_ROOT)    net (fo=23783, routed)       2.249    12.416    design_1_i/vgg_accelerator_0/inst/layer_block_1_16_32_U0/grp_layer_block_1_16_32_Pipeline_VITIS_LOOP_36_4_VITIS_LOOP_37_5_fu_32/ap_clk
    SLICE_X21Y102        FDSE                                         r  design_1_i/vgg_accelerator_0/inst/layer_block_1_16_32_U0/grp_layer_block_1_16_32_Pipeline_VITIS_LOOP_36_4_VITIS_LOOP_37_5_fu_32/select_ln302_36_reg_11265_reg[3]/C
                         clock pessimism              0.215    12.631    
                         clock uncertainty           -0.130    12.502    
    SLICE_X21Y102        FDSE (Setup_GFF_SLICEM_C_S)
                                                     -0.072    12.430    design_1_i/vgg_accelerator_0/inst/layer_block_1_16_32_U0/grp_layer_block_1_16_32_Pipeline_VITIS_LOOP_36_4_VITIS_LOOP_37_5_fu_32/select_ln302_36_reg_11265_reg[3]
  -------------------------------------------------------------------
                         required time                         12.430    
                         arrival time                          -9.632    
  -------------------------------------------------------------------
                         slack                                  2.797    

Slack (MET) :             2.797ns  (required time - arrival time)
  Source:                 design_1_i/vgg_accelerator_0/inst/layer_block_1_16_32_U0/grp_layer_block_1_16_32_Pipeline_VITIS_LOOP_36_4_VITIS_LOOP_37_5_fu_32/r_V_18_load_reg_11091_reg[0]/C
                            (rising edge-triggered cell FDRE clocked by clk_pl_0  {rise@0.000ns fall@5.000ns period=10.000ns})
  Destination:            design_1_i/vgg_accelerator_0/inst/layer_block_1_16_32_U0/grp_layer_block_1_16_32_Pipeline_VITIS_LOOP_36_4_VITIS_LOOP_37_5_fu_32/select_ln302_36_reg_11265_reg[4]/S
                            (rising edge-triggered cell FDSE clocked by clk_pl_0  {rise@0.000ns fall@5.000ns period=10.000ns})
  Path Group:             clk_pl_0
  Path Type:              Setup (Max at Slow Process Corner)
  Requirement:            10.000ns  (clk_pl_0 rise@10.000ns - clk_pl_0 rise@0.000ns)
  Data Path Delay:        7.050ns  (logic 2.331ns (33.062%)  route 4.719ns (66.938%))
  Logic Levels:           19  (CARRY8=12 LUT2=1 LUT3=1 LUT4=2 LUT5=1 LUT6=2)
  Clock Path Skew:        0.049ns (DCD - SCD + CPR)
    Destination Clock Delay (DCD):    2.416ns = ( 12.416 - 10.000 ) 
    Source Clock Delay      (SCD):    2.582ns
    Clock Pessimism Removal (CPR):    0.215ns
  Clock Uncertainty:      0.130ns  ((TSJ^2 + DJ^2)^1/2) / 2 + PE
    Total System Jitter     (TSJ):    0.071ns
    Discrete Jitter          (DJ):    0.250ns
    Phase Error              (PE):    0.000ns
  Clock Net Delay (Source):      2.375ns (routing 1.302ns, distribution 1.073ns)
  Clock Net Delay (Destination): 2.249ns (routing 1.184ns, distribution 1.065ns)

    Location             Delay type                Incr(ns)  Path(ns)    Netlist Resource(s)
  -------------------------------------------------------------------    -------------------
                         (clock clk_pl_0 rise edge)
                                                      0.000     0.000 r  
    PS8_X0Y0             PS8                          0.000     0.000 r  design_1_i/zynq_ultra_ps_e_0/inst/PS8_i/PLCLK[0]
                         net (fo=1, routed)           0.178     0.178    design_1_i/zynq_ultra_ps_e_0/inst/pl_clk_unbuffered[0]
    BUFG_PS_X0Y80        BUFG_PS (Prop_BUFG_PS_I_O)
                                                      0.029     0.207 r  design_1_i/zynq_ultra_ps_e_0/inst/buffer_pl_clk_0.PL_CLK_0_BUFG/O
    X1Y1 (CLOCK_ROOT)    net (fo=23783, routed)       2.375     2.582    design_1_i/vgg_accelerator_0/inst/layer_block_1_16_32_U0/grp_layer_block_1_16_32_Pipeline_VITIS_LOOP_36_4_VITIS_LOOP_37_5_fu_32/ap_clk
    SLICE_X23Y93         FDRE                                         r  design_1_i/vgg_accelerator_0/inst/layer_block_1_16_32_U0/grp_layer_block_1_16_32_Pipeline_VITIS_LOOP_36_4_VITIS_LOOP_37_5_fu_32/r_V_18_load_reg_11091_reg[0]/C
  -------------------------------------------------------------------    -------------------
    SLICE_X23Y93         FDRE (Prop_HFF2_SLICEL_C_Q)
                                                      0.097     2.679 r  design_1_i/vgg_accelerator_0/inst/layer_block_1_16_32_U0/grp_layer_block_1_16_32_Pipeline_VITIS_LOOP_36_4_VITIS_LOOP_37_5_fu_32/r_V_18_load_reg_11091_reg[0]/Q
                         net (fo=20, routed)          0.570     3.249    design_1_i/vgg_accelerator_0/inst/layer_block_1_16_32_U0/grp_layer_block_1_16_32_Pipeline_VITIS_LOOP_36_4_VITIS_LOOP_37_5_fu_32/sext_ln1347_164_fu_9472_p1[10]
    SLICE_X22Y101        LUT2 (Prop_C6LUT_SLICEL_I1_O)
                                                      0.148     3.397 r  design_1_i/vgg_accelerator_0/inst/layer_block_1_16_32_U0/grp_layer_block_1_16_32_Pipeline_VITIS_LOOP_36_4_VITIS_LOOP_37_5_fu_32/select_ln302_36_reg_11265[2]_i_32/O
                         net (fo=1, routed)           0.011     3.408    design_1_i/vgg_accelerator_0/inst/layer_block_1_16_32_U0/grp_layer_block_1_16_32_Pipeline_VITIS_LOOP_36_4_VITIS_LOOP_37_5_fu_32/select_ln302_36_reg_11265[2]_i_32_n_4
    SLICE_X22Y101        CARRY8 (Prop_CARRY8_SLICEL_S[2]_CO[7])
                                                      0.196     3.604 r  design_1_i/vgg_accelerator_0/inst/layer_block_1_16_32_U0/grp_layer_block_1_16_32_Pipeline_VITIS_LOOP_36_4_VITIS_LOOP_37_5_fu_32/select_ln302_36_reg_11265_reg[2]_i_26/CO[7]
                         net (fo=1, routed)           0.028     3.632    design_1_i/vgg_accelerator_0/inst/layer_block_1_16_32_U0/grp_layer_block_1_16_32_Pipeline_VITIS_LOOP_36_4_VITIS_LOOP_37_5_fu_32/select_ln302_36_reg_11265_reg[2]_i_26_n_4
    SLICE_X22Y102        CARRY8 (Prop_CARRY8_SLICEL_CI_CO[7])
                                                      0.023     3.655 r  design_1_i/vgg_accelerator_0/inst/layer_block_1_16_32_U0/grp_layer_block_1_16_32_Pipeline_VITIS_LOOP_36_4_VITIS_LOOP_37_5_fu_32/select_ln302_36_reg_11265_reg[6]_i_88/CO[7]
                         net (fo=1, routed)           0.028     3.683    design_1_i/vgg_accelerator_0/inst/layer_block_1_16_32_U0/grp_layer_block_1_16_32_Pipeline_VITIS_LOOP_36_4_VITIS_LOOP_37_5_fu_32/select_ln302_36_reg_11265_reg[6]_i_88_n_4
    SLICE_X22Y103        CARRY8 (Prop_CARRY8_SLICEL_CI_CO[0])
                                                      0.068     3.751 r  design_1_i/vgg_accelerator_0/inst/layer_block_1_16_32_U0/grp_layer_block_1_16_32_Pipeline_VITIS_LOOP_36_4_VITIS_LOOP_37_5_fu_32/select_ln302_36_reg_11265_reg[6]_i_89/CO[0]
                         net (fo=6, routed)           0.428     4.179    design_1_i/vgg_accelerator_0/inst/layer_block_1_16_32_U0/grp_layer_block_1_16_32_Pipeline_VITIS_LOOP_36_4_VITIS_LOOP_37_5_fu_32/select_ln302_32_reg_11161_reg[21]_1[0]
    SLICE_X21Y109        CARRY8 (Prop_CARRY8_SLICEM_CI_O[1])
                                                      0.167     4.346 r  design_1_i/vgg_accelerator_0/inst/layer_block_1_16_32_U0/grp_layer_block_1_16_32_Pipeline_VITIS_LOOP_36_4_VITIS_LOOP_37_5_fu_32/select_ln302_36_reg_11265_reg[6]_i_86/O[1]
                         net (fo=59, routed)          0.786     5.132    design_1_i/vgg_accelerator_0/inst/layer_block_1_16_32_U0/grp_layer_block_1_16_32_Pipeline_VITIS_LOOP_36_4_VITIS_LOOP_37_5_fu_32/select_ln302_32_reg_11161_reg[28]_0[0]
    SLICE_X25Y102        LUT3 (Prop_D5LUT_SLICEM_I0_O)
                                                      0.082     5.214 r  design_1_i/vgg_accelerator_0/inst/layer_block_1_16_32_U0/grp_layer_block_1_16_32_Pipeline_VITIS_LOOP_36_4_VITIS_LOOP_37_5_fu_32/select_ln302_36_reg_11265[2]_i_15/O
                         net (fo=4, routed)           0.299     5.513    design_1_i/vgg_accelerator_0/inst/layer_block_1_16_32_U0/grp_layer_block_1_16_32_Pipeline_VITIS_LOOP_36_4_VITIS_LOOP_37_5_fu_32/select_ln302_33_fu_5998_p3[11]
    SLICE_X23Y104        LUT5 (Prop_E6LUT_SLICEL_I0_O)
                                                      0.148     5.661 r  design_1_i/vgg_accelerator_0/inst/layer_block_1_16_32_U0/grp_layer_block_1_16_32_Pipeline_VITIS_LOOP_36_4_VITIS_LOOP_37_5_fu_32/select_ln302_36_reg_11265[2]_i_21/O
                         net (fo=1, routed)           0.008     5.669    design_1_i/vgg_accelerator_0/inst/layer_block_1_16_32_U0/grp_layer_block_1_16_32_Pipeline_VITIS_LOOP_36_4_VITIS_LOOP_37_5_fu_32/select_ln302_36_reg_11265[2]_i_21_n_4
    SLICE_X23Y104        CARRY8 (Prop_CARRY8_SLICEL_S[4]_CO[7])
                                                      0.195     5.864 r  design_1_i/vgg_accelerator_0/inst/layer_block_1_16_32_U0/grp_layer_block_1_16_32_Pipeline_VITIS_LOOP_36_4_VITIS_LOOP_37_5_fu_32/select_ln302_36_reg_11265_reg[2]_i_11/CO[7]
                         net (fo=1, routed)           0.028     5.892    design_1_i/vgg_accelerator_0/inst/layer_block_1_16_32_U0/grp_layer_block_1_16_32_Pipeline_VITIS_LOOP_36_4_VITIS_LOOP_37_5_fu_32/select_ln302_36_reg_11265_reg[2]_i_11_n_4
    SLICE_X23Y105        CARRY8 (Prop_CARRY8_SLICEL_CI_CO[7])
                                                      0.023     5.915 r  design_1_i/vgg_accelerator_0/inst/layer_block_1_16_32_U0/grp_layer_block_1_16_32_Pipeline_VITIS_LOOP_36_4_VITIS_LOOP_37_5_fu_32/select_ln302_36_reg_11265_reg[6]_i_38/CO[7]
                         net (fo=1, routed)           0.028     5.943    design_1_i/vgg_accelerator_0/inst/layer_block_1_16_32_U0/grp_layer_block_1_16_32_Pipeline_VITIS_LOOP_36_4_VITIS_LOOP_37_5_fu_32/select_ln302_36_reg_11265_reg[6]_i_38_n_4
    SLICE_X23Y106        CARRY8 (Prop_CARRY8_SLICEL_CI_CO[1])
                                                      0.055     5.998 r  design_1_i/vgg_accelerator_0/inst/layer_block_1_16_32_U0/grp_layer_block_1_16_32_Pipeline_VITIS_LOOP_36_4_VITIS_LOOP_37_5_fu_32/select_ln302_36_reg_11265_reg[6]_i_35/CO[1]
                         net (fo=6, routed)           0.619     6.617    design_1_i/vgg_accelerator_0/inst/layer_block_1_16_32_U0/grp_layer_block_1_16_32_Pipeline_VITIS_LOOP_36_4_VITIS_LOOP_37_5_fu_32/select_ln302_36_reg_11265_reg[6]_i_35_n_10
    SLICE_X22Y109        CARRY8 (Prop_CARRY8_SLICEL_CI_O[1])
                                                      0.164     6.781 r  design_1_i/vgg_accelerator_0/inst/layer_block_1_16_32_U0/grp_layer_block_1_16_32_Pipeline_VITIS_LOOP_36_4_VITIS_LOOP_37_5_fu_32/select_ln302_36_reg_11265_reg[6]_i_36/O[1]
                         net (fo=53, routed)          0.338     7.119    design_1_i/vgg_accelerator_0/inst/layer_block_1_16_32_U0/grp_layer_block_1_16_32_Pipeline_VITIS_LOOP_36_4_VITIS_LOOP_37_5_fu_32/tmp_52_fu_6052_p3
    SLICE_X21Y103        LUT4 (Prop_B6LUT_SLICEM_I2_O)
                                                      0.150     7.269 r  design_1_i/vgg_accelerator_0/inst/layer_block_1_16_32_U0/grp_layer_block_1_16_32_Pipeline_VITIS_LOOP_36_4_VITIS_LOOP_37_5_fu_32/select_ln302_36_reg_11265[2]_i_9/O
                         net (fo=1, routed)           0.018     7.287    design_1_i/vgg_accelerator_0/inst/layer_block_1_16_32_U0/grp_layer_block_1_16_32_Pipeline_VITIS_LOOP_36_4_VITIS_LOOP_37_5_fu_32/select_ln302_36_reg_11265[2]_i_9_n_4
    SLICE_X21Y103        CARRY8 (Prop_CARRY8_SLICEM_S[1]_CO[7])
                                                      0.238     7.525 r  design_1_i/vgg_accelerator_0/inst/layer_block_1_16_32_U0/grp_layer_block_1_16_32_Pipeline_VITIS_LOOP_36_4_VITIS_LOOP_37_5_fu_32/select_ln302_36_reg_11265_reg[2]_i_2/CO[7]
                         net (fo=1, routed)           0.028     7.553    design_1_i/vgg_accelerator_0/inst/layer_block_1_16_32_U0/grp_layer_block_1_16_32_Pipeline_VITIS_LOOP_36_4_VITIS_LOOP_37_5_fu_32/select_ln302_36_reg_11265_reg[2]_i_2_n_4
    SLICE_X21Y104        CARRY8 (Prop_CARRY8_SLICEM_CI_CO[7])
                                                      0.023     7.576 r  design_1_i/vgg_accelerator_0/inst/layer_block_1_16_32_U0/grp_layer_block_1_16_32_Pipeline_VITIS_LOOP_36_4_VITIS_LOOP_37_5_fu_32/select_ln302_36_reg_11265_reg[6]_i_4/CO[7]
                         net (fo=1, routed)           0.028     7.604    design_1_i/vgg_accelerator_0/inst/layer_block_1_16_32_U0/grp_layer_block_1_16_32_Pipeline_VITIS_LOOP_36_4_VITIS_LOOP_37_5_fu_32/select_ln302_36_reg_11265_reg[6]_i_4_n_4
    SLICE_X21Y105        CARRY8 (Prop_CARRY8_SLICEM_CI_CO[2])
                                                      0.073     7.677 r  design_1_i/vgg_accelerator_0/inst/layer_block_1_16_32_U0/grp_layer_block_1_16_32_Pipeline_VITIS_LOOP_36_4_VITIS_LOOP_37_5_fu_32/select_ln302_36_reg_11265_reg[6]_i_8/CO[2]
                         net (fo=2, routed)           0.548     8.225    design_1_i/vgg_accelerator_0/inst/layer_block_1_16_32_U0/grp_layer_block_1_16_32_Pipeline_VITIS_LOOP_36_4_VITIS_LOOP_37_5_fu_32/select_ln302_36_reg_11265_reg[6]_i_8_n_9
    SLICE_X24Y105        CARRY8 (Prop_CARRY8_SLICEM_CI_O[1])
                                                      0.167     8.392 r  design_1_i/vgg_accelerator_0/inst/layer_block_1_16_32_U0/grp_layer_block_1_16_32_Pipeline_VITIS_LOOP_36_4_VITIS_LOOP_37_5_fu_32/select_ln302_36_reg_11265_reg[6]_i_3/O[1]
                         net (fo=11, routed)          0.457     8.849    design_1_i/vgg_accelerator_0/inst/layer_block_1_16_32_U0/grp_layer_block_1_16_32_Pipeline_VITIS_LOOP_36_4_VITIS_LOOP_37_5_fu_32/tmp_54_fu_6140_p3
    SLICE_X21Y105        LUT4 (Prop_G6LUT_SLICEM_I0_O)
                                                      0.148     8.997 r  design_1_i/vgg_accelerator_0/inst/layer_block_1_16_32_U0/grp_layer_block_1_16_32_Pipeline_VITIS_LOOP_36_4_VITIS_LOOP_37_5_fu_32/select_ln302_36_reg_11265[6]_i_7/O
                         net (fo=1, routed)           0.057     9.054    design_1_i/vgg_accelerator_0/inst/layer_block_1_16_32_U0/grp_layer_block_1_16_32_Pipeline_VITIS_LOOP_36_4_VITIS_LOOP_37_5_fu_32/select_ln302_36_reg_11265[6]_i_7_n_4
    SLICE_X21Y105        LUT6 (Prop_H6LUT_SLICEM_I1_O)
                                                      0.066     9.120 r  design_1_i/vgg_accelerator_0/inst/layer_block_1_16_32_U0/grp_layer_block_1_16_32_Pipeline_VITIS_LOOP_36_4_VITIS_LOOP_37_5_fu_32/select_ln302_36_reg_11265[6]_i_2/O
                         net (fo=2, routed)           0.157     9.277    design_1_i/vgg_accelerator_0/inst/layer_block_1_16_32_U0/grp_layer_block_1_16_32_Pipeline_VITIS_LOOP_36_4_VITIS_LOOP_37_5_fu_32/select_ln302_36_reg_11265[6]_i_2_n_4
    SLICE_X22Y103        LUT6 (Prop_H6LUT_SLICEL_I1_O)
                                                      0.100     9.377 r  design_1_i/vgg_accelerator_0/inst/layer_block_1_16_32_U0/grp_layer_block_1_16_32_Pipeline_VITIS_LOOP_36_4_VITIS_LOOP_37_5_fu_32/select_ln302_36_reg_11265[5]_i_1/O
                         net (fo=6, routed)           0.255     9.632    design_1_i/vgg_accelerator_0/inst/layer_block_1_16_32_U0/grp_layer_block_1_16_32_Pipeline_VITIS_LOOP_36_4_VITIS_LOOP_37_5_fu_32/select_ln302_36_reg_11265
    SLICE_X21Y102        FDSE                                         r  design_1_i/vgg_accelerator_0/inst/layer_block_1_16_32_U0/grp_layer_block_1_16_32_Pipeline_VITIS_LOOP_36_4_VITIS_LOOP_37_5_fu_32/select_ln302_36_reg_11265_reg[4]/S
  -------------------------------------------------------------------    -------------------

                         (clock clk_pl_0 rise edge)
                                                     10.000    10.000 r  
    PS8_X0Y0             PS8                          0.000    10.000 r  design_1_i/zynq_ultra_ps_e_0/inst/PS8_i/PLCLK[0]
                         net (fo=1, routed)           0.140    10.140    design_1_i/zynq_ultra_ps_e_0/inst/pl_clk_unbuffered[0]
    BUFG_PS_X0Y80        BUFG_PS (Prop_BUFG_PS_I_O)
                                                      0.027    10.167 r  design_1_i/zynq_ultra_ps_e_0/inst/buffer_pl_clk_0.PL_CLK_0_BUFG/O
    X1Y1 (CLOCK_ROOT)    net (fo=23783, routed)       2.249    12.416    design_1_i/vgg_accelerator_0/inst/layer_block_1_16_32_U0/grp_layer_block_1_16_32_Pipeline_VITIS_LOOP_36_4_VITIS_LOOP_37_5_fu_32/ap_clk
    SLICE_X21Y102        FDSE                                         r  design_1_i/vgg_accelerator_0/inst/layer_block_1_16_32_U0/grp_layer_block_1_16_32_Pipeline_VITIS_LOOP_36_4_VITIS_LOOP_37_5_fu_32/select_ln302_36_reg_11265_reg[4]/C
                         clock pessimism              0.215    12.631    
                         clock uncertainty           -0.130    12.502    
    SLICE_X21Y102        FDSE (Setup_GFF2_SLICEM_C_S)
                                                     -0.072    12.430    design_1_i/vgg_accelerator_0/inst/layer_block_1_16_32_U0/grp_layer_block_1_16_32_Pipeline_VITIS_LOOP_36_4_VITIS_LOOP_37_5_fu_32/select_ln302_36_reg_11265_reg[4]
  -------------------------------------------------------------------
                         required time                         12.430    
                         arrival time                          -9.632    
  -------------------------------------------------------------------
                         slack                                  2.797    

Slack (MET) :             2.797ns  (required time - arrival time)
  Source:                 design_1_i/vgg_accelerator_0/inst/layer_block_1_16_32_U0/grp_layer_block_1_16_32_Pipeline_VITIS_LOOP_36_4_VITIS_LOOP_37_5_fu_32/r_V_18_load_reg_11091_reg[0]/C
                            (rising edge-triggered cell FDRE clocked by clk_pl_0  {rise@0.000ns fall@5.000ns period=10.000ns})
  Destination:            design_1_i/vgg_accelerator_0/inst/layer_block_1_16_32_U0/grp_layer_block_1_16_32_Pipeline_VITIS_LOOP_36_4_VITIS_LOOP_37_5_fu_32/select_ln302_36_reg_11265_reg[5]/S
                            (rising edge-triggered cell FDSE clocked by clk_pl_0  {rise@0.000ns fall@5.000ns period=10.000ns})
  Path Group:             clk_pl_0
  Path Type:              Setup (Max at Slow Process Corner)
  Requirement:            10.000ns  (clk_pl_0 rise@10.000ns - clk_pl_0 rise@0.000ns)
  Data Path Delay:        7.050ns  (logic 2.331ns (33.062%)  route 4.719ns (66.938%))
  Logic Levels:           19  (CARRY8=12 LUT2=1 LUT3=1 LUT4=2 LUT5=1 LUT6=2)
  Clock Path Skew:        0.049ns (DCD - SCD + CPR)
    Destination Clock Delay (DCD):    2.416ns = ( 12.416 - 10.000 ) 
    Source Clock Delay      (SCD):    2.582ns
    Clock Pessimism Removal (CPR):    0.215ns
  Clock Uncertainty:      0.130ns  ((TSJ^2 + DJ^2)^1/2) / 2 + PE
    Total System Jitter     (TSJ):    0.071ns
    Discrete Jitter          (DJ):    0.250ns
    Phase Error              (PE):    0.000ns
  Clock Net Delay (Source):      2.375ns (routing 1.302ns, distribution 1.073ns)
  Clock Net Delay (Destination): 2.249ns (routing 1.184ns, distribution 1.065ns)

    Location             Delay type                Incr(ns)  Path(ns)    Netlist Resource(s)
  -------------------------------------------------------------------    -------------------
                         (clock clk_pl_0 rise edge)
                                                      0.000     0.000 r  
    PS8_X0Y0             PS8                          0.000     0.000 r  design_1_i/zynq_ultra_ps_e_0/inst/PS8_i/PLCLK[0]
                         net (fo=1, routed)           0.178     0.178    design_1_i/zynq_ultra_ps_e_0/inst/pl_clk_unbuffered[0]
    BUFG_PS_X0Y80        BUFG_PS (Prop_BUFG_PS_I_O)
                                                      0.029     0.207 r  design_1_i/zynq_ultra_ps_e_0/inst/buffer_pl_clk_0.PL_CLK_0_BUFG/O
    X1Y1 (CLOCK_ROOT)    net (fo=23783, routed)       2.375     2.582    design_1_i/vgg_accelerator_0/inst/layer_block_1_16_32_U0/grp_layer_block_1_16_32_Pipeline_VITIS_LOOP_36_4_VITIS_LOOP_37_5_fu_32/ap_clk
    SLICE_X23Y93         FDRE                                         r  design_1_i/vgg_accelerator_0/inst/layer_block_1_16_32_U0/grp_layer_block_1_16_32_Pipeline_VITIS_LOOP_36_4_VITIS_LOOP_37_5_fu_32/r_V_18_load_reg_11091_reg[0]/C
  -------------------------------------------------------------------    -------------------
    SLICE_X23Y93         FDRE (Prop_HFF2_SLICEL_C_Q)
                                                      0.097     2.679 r  design_1_i/vgg_accelerator_0/inst/layer_block_1_16_32_U0/grp_layer_block_1_16_32_Pipeline_VITIS_LOOP_36_4_VITIS_LOOP_37_5_fu_32/r_V_18_load_reg_11091_reg[0]/Q
                         net (fo=20, routed)          0.570     3.249    design_1_i/vgg_accelerator_0/inst/layer_block_1_16_32_U0/grp_layer_block_1_16_32_Pipeline_VITIS_LOOP_36_4_VITIS_LOOP_37_5_fu_32/sext_ln1347_164_fu_9472_p1[10]
    SLICE_X22Y101        LUT2 (Prop_C6LUT_SLICEL_I1_O)
                                                      0.148     3.397 r  design_1_i/vgg_accelerator_0/inst/layer_block_1_16_32_U0/grp_layer_block_1_16_32_Pipeline_VITIS_LOOP_36_4_VITIS_LOOP_37_5_fu_32/select_ln302_36_reg_11265[2]_i_32/O
                         net (fo=1, routed)           0.011     3.408    design_1_i/vgg_accelerator_0/inst/layer_block_1_16_32_U0/grp_layer_block_1_16_32_Pipeline_VITIS_LOOP_36_4_VITIS_LOOP_37_5_fu_32/select_ln302_36_reg_11265[2]_i_32_n_4
    SLICE_X22Y101        CARRY8 (Prop_CARRY8_SLICEL_S[2]_CO[7])
                                                      0.196     3.604 r  design_1_i/vgg_accelerator_0/inst/layer_block_1_16_32_U0/grp_layer_block_1_16_32_Pipeline_VITIS_LOOP_36_4_VITIS_LOOP_37_5_fu_32/select_ln302_36_reg_11265_reg[2]_i_26/CO[7]
                         net (fo=1, routed)           0.028     3.632    design_1_i/vgg_accelerator_0/inst/layer_block_1_16_32_U0/grp_layer_block_1_16_32_Pipeline_VITIS_LOOP_36_4_VITIS_LOOP_37_5_fu_32/select_ln302_36_reg_11265_reg[2]_i_26_n_4
    SLICE_X22Y102        CARRY8 (Prop_CARRY8_SLICEL_CI_CO[7])
                                                      0.023     3.655 r  design_1_i/vgg_accelerator_0/inst/layer_block_1_16_32_U0/grp_layer_block_1_16_32_Pipeline_VITIS_LOOP_36_4_VITIS_LOOP_37_5_fu_32/select_ln302_36_reg_11265_reg[6]_i_88/CO[7]
                         net (fo=1, routed)           0.028     3.683    design_1_i/vgg_accelerator_0/inst/layer_block_1_16_32_U0/grp_layer_block_1_16_32_Pipeline_VITIS_LOOP_36_4_VITIS_LOOP_37_5_fu_32/select_ln302_36_reg_11265_reg[6]_i_88_n_4
    SLICE_X22Y103        CARRY8 (Prop_CARRY8_SLICEL_CI_CO[0])
                                                      0.068     3.751 r  design_1_i/vgg_accelerator_0/inst/layer_block_1_16_32_U0/grp_layer_block_1_16_32_Pipeline_VITIS_LOOP_36_4_VITIS_LOOP_37_5_fu_32/select_ln302_36_reg_11265_reg[6]_i_89/CO[0]
                         net (fo=6, routed)           0.428     4.179    design_1_i/vgg_accelerator_0/inst/layer_block_1_16_32_U0/grp_layer_block_1_16_32_Pipeline_VITIS_LOOP_36_4_VITIS_LOOP_37_5_fu_32/select_ln302_32_reg_11161_reg[21]_1[0]
    SLICE_X21Y109        CARRY8 (Prop_CARRY8_SLICEM_CI_O[1])
                                                      0.167     4.346 r  design_1_i/vgg_accelerator_0/inst/layer_block_1_16_32_U0/grp_layer_block_1_16_32_Pipeline_VITIS_LOOP_36_4_VITIS_LOOP_37_5_fu_32/select_ln302_36_reg_11265_reg[6]_i_86/O[1]
                         net (fo=59, routed)          0.786     5.132    design_1_i/vgg_accelerator_0/inst/layer_block_1_16_32_U0/grp_layer_block_1_16_32_Pipeline_VITIS_LOOP_36_4_VITIS_LOOP_37_5_fu_32/select_ln302_32_reg_11161_reg[28]_0[0]
    SLICE_X25Y102        LUT3 (Prop_D5LUT_SLICEM_I0_O)
                                                      0.082     5.214 r  design_1_i/vgg_accelerator_0/inst/layer_block_1_16_32_U0/grp_layer_block_1_16_32_Pipeline_VITIS_LOOP_36_4_VITIS_LOOP_37_5_fu_32/select_ln302_36_reg_11265[2]_i_15/O
                         net (fo=4, routed)           0.299     5.513    design_1_i/vgg_accelerator_0/inst/layer_block_1_16_32_U0/grp_layer_block_1_16_32_Pipeline_VITIS_LOOP_36_4_VITIS_LOOP_37_5_fu_32/select_ln302_33_fu_5998_p3[11]
    SLICE_X23Y104        LUT5 (Prop_E6LUT_SLICEL_I0_O)
                                                      0.148     5.661 r  design_1_i/vgg_accelerator_0/inst/layer_block_1_16_32_U0/grp_layer_block_1_16_32_Pipeline_VITIS_LOOP_36_4_VITIS_LOOP_37_5_fu_32/select_ln302_36_reg_11265[2]_i_21/O
                         net (fo=1, routed)           0.008     5.669    design_1_i/vgg_accelerator_0/inst/layer_block_1_16_32_U0/grp_layer_block_1_16_32_Pipeline_VITIS_LOOP_36_4_VITIS_LOOP_37_5_fu_32/select_ln302_36_reg_11265[2]_i_21_n_4
    SLICE_X23Y104        CARRY8 (Prop_CARRY8_SLICEL_S[4]_CO[7])
                                                      0.195     5.864 r  design_1_i/vgg_accelerator_0/inst/layer_block_1_16_32_U0/grp_layer_block_1_16_32_Pipeline_VITIS_LOOP_36_4_VITIS_LOOP_37_5_fu_32/select_ln302_36_reg_11265_reg[2]_i_11/CO[7]
                         net (fo=1, routed)           0.028     5.892    design_1_i/vgg_accelerator_0/inst/layer_block_1_16_32_U0/grp_layer_block_1_16_32_Pipeline_VITIS_LOOP_36_4_VITIS_LOOP_37_5_fu_32/select_ln302_36_reg_11265_reg[2]_i_11_n_4
    SLICE_X23Y105        CARRY8 (Prop_CARRY8_SLICEL_CI_CO[7])
                                                      0.023     5.915 r  design_1_i/vgg_accelerator_0/inst/layer_block_1_16_32_U0/grp_layer_block_1_16_32_Pipeline_VITIS_LOOP_36_4_VITIS_LOOP_37_5_fu_32/select_ln302_36_reg_11265_reg[6]_i_38/CO[7]
                         net (fo=1, routed)           0.028     5.943    design_1_i/vgg_accelerator_0/inst/layer_block_1_16_32_U0/grp_layer_block_1_16_32_Pipeline_VITIS_LOOP_36_4_VITIS_LOOP_37_5_fu_32/select_ln302_36_reg_11265_reg[6]_i_38_n_4
    SLICE_X23Y106        CARRY8 (Prop_CARRY8_SLICEL_CI_CO[1])
                                                      0.055     5.998 r  design_1_i/vgg_accelerator_0/inst/layer_block_1_16_32_U0/grp_layer_block_1_16_32_Pipeline_VITIS_LOOP_36_4_VITIS_LOOP_37_5_fu_32/select_ln302_36_reg_11265_reg[6]_i_35/CO[1]
                         net (fo=6, routed)           0.619     6.617    design_1_i/vgg_accelerator_0/inst/layer_block_1_16_32_U0/grp_layer_block_1_16_32_Pipeline_VITIS_LOOP_36_4_VITIS_LOOP_37_5_fu_32/select_ln302_36_reg_11265_reg[6]_i_35_n_10
    SLICE_X22Y109        CARRY8 (Prop_CARRY8_SLICEL_CI_O[1])
                                                      0.164     6.781 r  design_1_i/vgg_accelerator_0/inst/layer_block_1_16_32_U0/grp_layer_block_1_16_32_Pipeline_VITIS_LOOP_36_4_VITIS_LOOP_37_5_fu_32/select_ln302_36_reg_11265_reg[6]_i_36/O[1]
                         net (fo=53, routed)          0.338     7.119    design_1_i/vgg_accelerator_0/inst/layer_block_1_16_32_U0/grp_layer_block_1_16_32_Pipeline_VITIS_LOOP_36_4_VITIS_LOOP_37_5_fu_32/tmp_52_fu_6052_p3
    SLICE_X21Y103        LUT4 (Prop_B6LUT_SLICEM_I2_O)
                                                      0.150     7.269 r  design_1_i/vgg_accelerator_0/inst/layer_block_1_16_32_U0/grp_layer_block_1_16_32_Pipeline_VITIS_LOOP_36_4_VITIS_LOOP_37_5_fu_32/select_ln302_36_reg_11265[2]_i_9/O
                         net (fo=1, routed)           0.018     7.287    design_1_i/vgg_accelerator_0/inst/layer_block_1_16_32_U0/grp_layer_block_1_16_32_Pipeline_VITIS_LOOP_36_4_VITIS_LOOP_37_5_fu_32/select_ln302_36_reg_11265[2]_i_9_n_4
    SLICE_X21Y103        CARRY8 (Prop_CARRY8_SLICEM_S[1]_CO[7])
                                                      0.238     7.525 r  design_1_i/vgg_accelerator_0/inst/layer_block_1_16_32_U0/grp_layer_block_1_16_32_Pipeline_VITIS_LOOP_36_4_VITIS_LOOP_37_5_fu_32/select_ln302_36_reg_11265_reg[2]_i_2/CO[7]
                         net (fo=1, routed)           0.028     7.553    design_1_i/vgg_accelerator_0/inst/layer_block_1_16_32_U0/grp_layer_block_1_16_32_Pipeline_VITIS_LOOP_36_4_VITIS_LOOP_37_5_fu_32/select_ln302_36_reg_11265_reg[2]_i_2_n_4
    SLICE_X21Y104        CARRY8 (Prop_CARRY8_SLICEM_CI_CO[7])
                                                      0.023     7.576 r  design_1_i/vgg_accelerator_0/inst/layer_block_1_16_32_U0/grp_layer_block_1_16_32_Pipeline_VITIS_LOOP_36_4_VITIS_LOOP_37_5_fu_32/select_ln302_36_reg_11265_reg[6]_i_4/CO[7]
                         net (fo=1, routed)           0.028     7.604    design_1_i/vgg_accelerator_0/inst/layer_block_1_16_32_U0/grp_layer_block_1_16_32_Pipeline_VITIS_LOOP_36_4_VITIS_LOOP_37_5_fu_32/select_ln302_36_reg_11265_reg[6]_i_4_n_4
    SLICE_X21Y105        CARRY8 (Prop_CARRY8_SLICEM_CI_CO[2])
                                                      0.073     7.677 r  design_1_i/vgg_accelerator_0/inst/layer_block_1_16_32_U0/grp_layer_block_1_16_32_Pipeline_VITIS_LOOP_36_4_VITIS_LOOP_37_5_fu_32/select_ln302_36_reg_11265_reg[6]_i_8/CO[2]
                         net (fo=2, routed)           0.548     8.225    design_1_i/vgg_accelerator_0/inst/layer_block_1_16_32_U0/grp_layer_block_1_16_32_Pipeline_VITIS_LOOP_36_4_VITIS_LOOP_37_5_fu_32/select_ln302_36_reg_11265_reg[6]_i_8_n_9
    SLICE_X24Y105        CARRY8 (Prop_CARRY8_SLICEM_CI_O[1])
                                                      0.167     8.392 r  design_1_i/vgg_accelerator_0/inst/layer_block_1_16_32_U0/grp_layer_block_1_16_32_Pipeline_VITIS_LOOP_36_4_VITIS_LOOP_37_5_fu_32/select_ln302_36_reg_11265_reg[6]_i_3/O[1]
                         net (fo=11, routed)          0.457     8.849    design_1_i/vgg_accelerator_0/inst/layer_block_1_16_32_U0/grp_layer_block_1_16_32_Pipeline_VITIS_LOOP_36_4_VITIS_LOOP_37_5_fu_32/tmp_54_fu_6140_p3
    SLICE_X21Y105        LUT4 (Prop_G6LUT_SLICEM_I0_O)
                                                      0.148     8.997 r  design_1_i/vgg_accelerator_0/inst/layer_block_1_16_32_U0/grp_layer_block_1_16_32_Pipeline_VITIS_LOOP_36_4_VITIS_LOOP_37_5_fu_32/select_ln302_36_reg_11265[6]_i_7/O
                         net (fo=1, routed)           0.057     9.054    design_1_i/vgg_accelerator_0/inst/layer_block_1_16_32_U0/grp_layer_block_1_16_32_Pipeline_VITIS_LOOP_36_4_VITIS_LOOP_37_5_fu_32/select_ln302_36_reg_11265[6]_i_7_n_4
    SLICE_X21Y105        LUT6 (Prop_H6LUT_SLICEM_I1_O)
                                                      0.066     9.120 r  design_1_i/vgg_accelerator_0/inst/layer_block_1_16_32_U0/grp_layer_block_1_16_32_Pipeline_VITIS_LOOP_36_4_VITIS_LOOP_37_5_fu_32/select_ln302_36_reg_11265[6]_i_2/O
                         net (fo=2, routed)           0.157     9.277    design_1_i/vgg_accelerator_0/inst/layer_block_1_16_32_U0/grp_layer_block_1_16_32_Pipeline_VITIS_LOOP_36_4_VITIS_LOOP_37_5_fu_32/select_ln302_36_reg_11265[6]_i_2_n_4
    SLICE_X22Y103        LUT6 (Prop_H6LUT_SLICEL_I1_O)
                                                      0.100     9.377 r  design_1_i/vgg_accelerator_0/inst/layer_block_1_16_32_U0/grp_layer_block_1_16_32_Pipeline_VITIS_LOOP_36_4_VITIS_LOOP_37_5_fu_32/select_ln302_36_reg_11265[5]_i_1/O
                         net (fo=6, routed)           0.255     9.632    design_1_i/vgg_accelerator_0/inst/layer_block_1_16_32_U0/grp_layer_block_1_16_32_Pipeline_VITIS_LOOP_36_4_VITIS_LOOP_37_5_fu_32/select_ln302_36_reg_11265
    SLICE_X21Y102        FDSE                                         r  design_1_i/vgg_accelerator_0/inst/layer_block_1_16_32_U0/grp_layer_block_1_16_32_Pipeline_VITIS_LOOP_36_4_VITIS_LOOP_37_5_fu_32/select_ln302_36_reg_11265_reg[5]/S
  -------------------------------------------------------------------    -------------------

                         (clock clk_pl_0 rise edge)
                                                     10.000    10.000 r  
    PS8_X0Y0             PS8                          0.000    10.000 r  design_1_i/zynq_ultra_ps_e_0/inst/PS8_i/PLCLK[0]
                         net (fo=1, routed)           0.140    10.140    design_1_i/zynq_ultra_ps_e_0/inst/pl_clk_unbuffered[0]
    BUFG_PS_X0Y80        BUFG_PS (Prop_BUFG_PS_I_O)
                                                      0.027    10.167 r  design_1_i/zynq_ultra_ps_e_0/inst/buffer_pl_clk_0.PL_CLK_0_BUFG/O
    X1Y1 (CLOCK_ROOT)    net (fo=23783, routed)       2.249    12.416    design_1_i/vgg_accelerator_0/inst/layer_block_1_16_32_U0/grp_layer_block_1_16_32_Pipeline_VITIS_LOOP_36_4_VITIS_LOOP_37_5_fu_32/ap_clk
    SLICE_X21Y102        FDSE                                         r  design_1_i/vgg_accelerator_0/inst/layer_block_1_16_32_U0/grp_layer_block_1_16_32_Pipeline_VITIS_LOOP_36_4_VITIS_LOOP_37_5_fu_32/select_ln302_36_reg_11265_reg[5]/C
                         clock pessimism              0.215    12.631    
                         clock uncertainty           -0.130    12.502    
    SLICE_X21Y102        FDSE (Setup_FFF_SLICEM_C_S)
                                                     -0.072    12.430    design_1_i/vgg_accelerator_0/inst/layer_block_1_16_32_U0/grp_layer_block_1_16_32_Pipeline_VITIS_LOOP_36_4_VITIS_LOOP_37_5_fu_32/select_ln302_36_reg_11265_reg[5]
  -------------------------------------------------------------------
                         required time                         12.430    
                         arrival time                          -9.632    
  -------------------------------------------------------------------
                         slack                                  2.797    

Slack (MET) :             2.950ns  (required time - arrival time)
  Source:                 design_1_i/vgg_accelerator_0/inst/layer_block_32_64_8_U0/grp_layer_block_32_64_8_Pipeline_VITIS_LOOP_71_8_fu_3003/ap_CS_fsm_reg[0]/C
                            (rising edge-triggered cell FDSE clocked by clk_pl_0  {rise@0.000ns fall@5.000ns period=10.000ns})
  Destination:            design_1_i/vgg_accelerator_0/inst/layer_block_32_64_8_U0/grp_layer_block_32_64_8_Pipeline_VITIS_LOOP_71_8_fu_3003/conv3_weights_U/q2_reg[2]/D
                            (rising edge-triggered cell FDRE clocked by clk_pl_0  {rise@0.000ns fall@5.000ns period=10.000ns})
  Path Group:             clk_pl_0
  Path Type:              Setup (Max at Slow Process Corner)
  Requirement:            10.000ns  (clk_pl_0 rise@10.000ns - clk_pl_0 rise@0.000ns)
  Data Path Delay:        6.681ns  (logic 1.449ns (21.688%)  route 5.232ns (78.312%))
  Logic Levels:           12  (LUT3=1 LUT4=1 LUT5=2 LUT6=6 MUXF7=2)
  Clock Path Skew:        -0.266ns (DCD - SCD + CPR)
    Destination Clock Delay (DCD):    2.345ns = ( 12.345 - 10.000 ) 
    Source Clock Delay      (SCD):    2.836ns
    Clock Pessimism Removal (CPR):    0.225ns
  Clock Uncertainty:      0.130ns  ((TSJ^2 + DJ^2)^1/2) / 2 + PE
    Total System Jitter     (TSJ):    0.071ns
    Discrete Jitter          (DJ):    0.250ns
    Phase Error              (PE):    0.000ns
  Clock Net Delay (Source):      2.629ns (routing 1.302ns, distribution 1.327ns)
  Clock Net Delay (Destination): 2.178ns (routing 1.184ns, distribution 0.994ns)

    Location             Delay type                Incr(ns)  Path(ns)    Netlist Resource(s)
  -------------------------------------------------------------------    -------------------
                         (clock clk_pl_0 rise edge)
                                                      0.000     0.000 r  
    PS8_X0Y0             PS8                          0.000     0.000 r  design_1_i/zynq_ultra_ps_e_0/inst/PS8_i/PLCLK[0]
                         net (fo=1, routed)           0.178     0.178    design_1_i/zynq_ultra_ps_e_0/inst/pl_clk_unbuffered[0]
    BUFG_PS_X0Y80        BUFG_PS (Prop_BUFG_PS_I_O)
                                                      0.029     0.207 r  design_1_i/zynq_ultra_ps_e_0/inst/buffer_pl_clk_0.PL_CLK_0_BUFG/O
    X1Y1 (CLOCK_ROOT)    net (fo=23783, routed)       2.629     2.836    design_1_i/vgg_accelerator_0/inst/layer_block_32_64_8_U0/grp_layer_block_32_64_8_Pipeline_VITIS_LOOP_71_8_fu_3003/ap_clk
    SLICE_X22Y197        FDSE                                         r  design_1_i/vgg_accelerator_0/inst/layer_block_32_64_8_U0/grp_layer_block_32_64_8_Pipeline_VITIS_LOOP_71_8_fu_3003/ap_CS_fsm_reg[0]/C
  -------------------------------------------------------------------    -------------------
    SLICE_X22Y197        FDSE (Prop_HFF2_SLICEL_C_Q)
                                                      0.097     2.933 r  design_1_i/vgg_accelerator_0/inst/layer_block_32_64_8_U0/grp_layer_block_32_64_8_Pipeline_VITIS_LOOP_71_8_fu_3003/ap_CS_fsm_reg[0]/Q
                         net (fo=126, routed)         0.685     3.618    design_1_i/vgg_accelerator_0/inst/layer_block_32_64_8_U0/grp_layer_block_32_64_8_Pipeline_VITIS_LOOP_71_8_fu_3003/flow_control_loop_pipe_sequential_init_U/Q[0]
    SLICE_X17Y205        LUT4 (Prop_G6LUT_SLICEM_I1_O)
                                                      0.039     3.657 r  design_1_i/vgg_accelerator_0/inst/layer_block_32_64_8_U0/grp_layer_block_32_64_8_Pipeline_VITIS_LOOP_71_8_fu_3003/flow_control_loop_pipe_sequential_init_U/q4[4]_i_840/O
                         net (fo=142, routed)         0.542     4.199    design_1_i/vgg_accelerator_0/inst/layer_block_32_64_8_U0/grp_layer_block_32_64_8_Pipeline_VITIS_LOOP_71_8_fu_3003/flow_control_loop_pipe_sequential_init_U/q4[4]_i_840_n_4
    SLICE_X19Y197        LUT5 (Prop_G5LUT_SLICEL_I4_O)
                                                      0.197     4.396 r  design_1_i/vgg_accelerator_0/inst/layer_block_32_64_8_U0/grp_layer_block_32_64_8_Pipeline_VITIS_LOOP_71_8_fu_3003/flow_control_loop_pipe_sequential_init_U/q4[0]_i_317/O
                         net (fo=69, routed)          0.347     4.743    design_1_i/vgg_accelerator_0/inst/layer_block_32_64_8_U0/grp_layer_block_32_64_8_Pipeline_VITIS_LOOP_71_8_fu_3003/flow_control_loop_pipe_sequential_init_U/q4[0]_i_317_n_4
    SLICE_X21Y200        LUT6 (Prop_D6LUT_SLICEM_I5_O)
                                                      0.038     4.781 r  design_1_i/vgg_accelerator_0/inst/layer_block_32_64_8_U0/grp_layer_block_32_64_8_Pipeline_VITIS_LOOP_71_8_fu_3003/flow_control_loop_pipe_sequential_init_U/q0[4]_i_62/O
                         net (fo=3, routed)           0.062     4.843    design_1_i/vgg_accelerator_0/inst/layer_block_32_64_8_U0/grp_layer_block_32_64_8_Pipeline_VITIS_LOOP_71_8_fu_3003/flow_control_loop_pipe_sequential_init_U/q0[4]_i_62_n_4
    SLICE_X21Y200        LUT6 (Prop_F6LUT_SLICEM_I2_O)
                                                      0.148     4.991 r  design_1_i/vgg_accelerator_0/inst/layer_block_32_64_8_U0/grp_layer_block_32_64_8_Pipeline_VITIS_LOOP_71_8_fu_3003/flow_control_loop_pipe_sequential_init_U/q0[4]_i_34/O
                         net (fo=49, routed)          1.330     6.321    design_1_i/vgg_accelerator_0/inst/layer_block_32_64_8_U0/grp_layer_block_32_64_8_Pipeline_VITIS_LOOP_71_8_fu_3003/flow_control_loop_pipe_sequential_init_U/q0[4]_i_34_n_4
    SLICE_X36Y189        LUT6 (Prop_G6LUT_SLICEL_I3_O)
                                                      0.178     6.499 r  design_1_i/vgg_accelerator_0/inst/layer_block_32_64_8_U0/grp_layer_block_32_64_8_Pipeline_VITIS_LOOP_71_8_fu_3003/flow_control_loop_pipe_sequential_init_U/q2[1]_i_756/O
                         net (fo=75, routed)          0.796     7.295    design_1_i/vgg_accelerator_0/inst/layer_block_32_64_8_U0/grp_layer_block_32_64_8_Pipeline_VITIS_LOOP_71_8_fu_3003/flow_control_loop_pipe_sequential_init_U/q2[1]_i_756_n_4
    SLICE_X45Y196        LUT6 (Prop_G6LUT_SLICEM_I0_O)
                                                      0.064     7.359 r  design_1_i/vgg_accelerator_0/inst/layer_block_32_64_8_U0/grp_layer_block_32_64_8_Pipeline_VITIS_LOOP_71_8_fu_3003/flow_control_loop_pipe_sequential_init_U/q2[2]_i_298/O
                         net (fo=1, routed)           0.215     7.574    design_1_i/vgg_accelerator_0/inst/layer_block_32_64_8_U0/grp_layer_block_32_64_8_Pipeline_VITIS_LOOP_71_8_fu_3003/flow_control_loop_pipe_sequential_init_U/q2[2]_i_298_n_4
    SLICE_X45Y196        LUT6 (Prop_D6LUT_SLICEM_I0_O)
                                                      0.114     7.688 r  design_1_i/vgg_accelerator_0/inst/layer_block_32_64_8_U0/grp_layer_block_32_64_8_Pipeline_VITIS_LOOP_71_8_fu_3003/flow_control_loop_pipe_sequential_init_U/q2[2]_i_126/O
                         net (fo=1, routed)           0.027     7.715    design_1_i/vgg_accelerator_0/inst/layer_block_32_64_8_U0/grp_layer_block_32_64_8_Pipeline_VITIS_LOOP_71_8_fu_3003/flow_control_loop_pipe_sequential_init_U/q2[2]_i_126_n_4
    SLICE_X45Y196        MUXF7 (Prop_F7MUX_CD_SLICEM_I0_O)
                                                      0.090     7.805 r  design_1_i/vgg_accelerator_0/inst/layer_block_32_64_8_U0/grp_layer_block_32_64_8_Pipeline_VITIS_LOOP_71_8_fu_3003/flow_control_loop_pipe_sequential_init_U/q2_reg[2]_i_51/O
                         net (fo=1, routed)           0.491     8.296    design_1_i/vgg_accelerator_0/inst/layer_block_32_64_8_U0/grp_layer_block_32_64_8_Pipeline_VITIS_LOOP_71_8_fu_3003/flow_control_loop_pipe_sequential_init_U/q2_reg[2]_i_51_n_4
    SLICE_X43Y195        LUT3 (Prop_B5LUT_SLICEM_I2_O)
                                                      0.205     8.501 r  design_1_i/vgg_accelerator_0/inst/layer_block_32_64_8_U0/grp_layer_block_32_64_8_Pipeline_VITIS_LOOP_71_8_fu_3003/flow_control_loop_pipe_sequential_init_U/q2[2]_i_17/O
                         net (fo=1, routed)           0.476     8.977    design_1_i/vgg_accelerator_0/inst/layer_block_32_64_8_U0/grp_layer_block_32_64_8_Pipeline_VITIS_LOOP_71_8_fu_3003/flow_control_loop_pipe_sequential_init_U/q2[2]_i_17_n_4
    SLICE_X33Y194        LUT6 (Prop_H6LUT_SLICEL_I1_O)
                                                      0.116     9.093 r  design_1_i/vgg_accelerator_0/inst/layer_block_32_64_8_U0/grp_layer_block_32_64_8_Pipeline_VITIS_LOOP_71_8_fu_3003/flow_control_loop_pipe_sequential_init_U/q2[2]_i_8/O
                         net (fo=1, routed)           0.011     9.104    design_1_i/vgg_accelerator_0/inst/layer_block_32_64_8_U0/grp_layer_block_32_64_8_Pipeline_VITIS_LOOP_71_8_fu_3003/flow_control_loop_pipe_sequential_init_U/q2[2]_i_8_n_4
    SLICE_X33Y194        MUXF7 (Prop_F7MUX_GH_SLICEL_I0_O)
                                                      0.083     9.187 r  design_1_i/vgg_accelerator_0/inst/layer_block_32_64_8_U0/grp_layer_block_32_64_8_Pipeline_VITIS_LOOP_71_8_fu_3003/flow_control_loop_pipe_sequential_init_U/q2_reg[2]_i_3/O
                         net (fo=1, routed)           0.228     9.415    design_1_i/vgg_accelerator_0/inst/layer_block_32_64_8_U0/grp_layer_block_32_64_8_Pipeline_VITIS_LOOP_71_8_fu_3003/flow_control_loop_pipe_sequential_init_U/q2_reg[2]_i_3_n_4
    SLICE_X33Y194        LUT5 (Prop_D5LUT_SLICEL_I1_O)
                                                      0.080     9.495 r  design_1_i/vgg_accelerator_0/inst/layer_block_32_64_8_U0/grp_layer_block_32_64_8_Pipeline_VITIS_LOOP_71_8_fu_3003/flow_control_loop_pipe_sequential_init_U/q2[2]_i_1__0/O
                         net (fo=1, routed)           0.022     9.517    design_1_i/vgg_accelerator_0/inst/layer_block_32_64_8_U0/grp_layer_block_32_64_8_Pipeline_VITIS_LOOP_71_8_fu_3003/conv3_weights_U/q2_reg[4]_3[2]
    SLICE_X33Y194        FDRE                                         r  design_1_i/vgg_accelerator_0/inst/layer_block_32_64_8_U0/grp_layer_block_32_64_8_Pipeline_VITIS_LOOP_71_8_fu_3003/conv3_weights_U/q2_reg[2]/D
  -------------------------------------------------------------------    -------------------

                         (clock clk_pl_0 rise edge)
                                                     10.000    10.000 r  
    PS8_X0Y0             PS8                          0.000    10.000 r  design_1_i/zynq_ultra_ps_e_0/inst/PS8_i/PLCLK[0]
                         net (fo=1, routed)           0.140    10.140    design_1_i/zynq_ultra_ps_e_0/inst/pl_clk_unbuffered[0]
    BUFG_PS_X0Y80        BUFG_PS (Prop_BUFG_PS_I_O)
                                                      0.027    10.167 r  design_1_i/zynq_ultra_ps_e_0/inst/buffer_pl_clk_0.PL_CLK_0_BUFG/O
    X1Y1 (CLOCK_ROOT)    net (fo=23783, routed)       2.178    12.345    design_1_i/vgg_accelerator_0/inst/layer_block_32_64_8_U0/grp_layer_block_32_64_8_Pipeline_VITIS_LOOP_71_8_fu_3003/conv3_weights_U/ap_clk
    SLICE_X33Y194        FDRE                                         r  design_1_i/vgg_accelerator_0/inst/layer_block_32_64_8_U0/grp_layer_block_32_64_8_Pipeline_VITIS_LOOP_71_8_fu_3003/conv3_weights_U/q2_reg[2]/C
                         clock pessimism              0.225    12.570    
                         clock uncertainty           -0.130    12.440    
    SLICE_X33Y194        FDRE (Setup_DFF2_SLICEL_C_D)
                                                      0.027    12.467    design_1_i/vgg_accelerator_0/inst/layer_block_32_64_8_U0/grp_layer_block_32_64_8_Pipeline_VITIS_LOOP_71_8_fu_3003/conv3_weights_U/q2_reg[2]
  -------------------------------------------------------------------
                         required time                         12.467    
                         arrival time                          -9.517    
  -------------------------------------------------------------------
                         slack                                  2.950    

Slack (MET) :             2.972ns  (required time - arrival time)
  Source:                 design_1_i/vgg_accelerator_0/inst/layer_block_32_64_8_U0/grp_layer_block_32_64_8_Pipeline_VITIS_LOOP_71_8_fu_3003/flow_control_loop_pipe_sequential_init_U/ap_loop_init_int_reg/C
                            (rising edge-triggered cell FDRE clocked by clk_pl_0  {rise@0.000ns fall@5.000ns period=10.000ns})
  Destination:            design_1_i/vgg_accelerator_0/inst/layer_block_32_64_8_U0/grp_layer_block_32_64_8_Pipeline_VITIS_LOOP_71_8_fu_3003/conv3_weights_U/q1_reg[2]/D
                            (rising edge-triggered cell FDRE clocked by clk_pl_0  {rise@0.000ns fall@5.000ns period=10.000ns})
  Path Group:             clk_pl_0
  Path Type:              Setup (Max at Slow Process Corner)
  Requirement:            10.000ns  (clk_pl_0 rise@10.000ns - clk_pl_0 rise@0.000ns)
  Data Path Delay:        6.812ns  (logic 1.062ns (15.591%)  route 5.750ns (84.409%))
  Logic Levels:           9  (LUT4=1 LUT5=1 LUT6=4 MUXF7=2 MUXF8=1)
  Clock Path Skew:        -0.114ns (DCD - SCD + CPR)
    Destination Clock Delay (DCD):    2.501ns = ( 12.501 - 10.000 ) 
    Source Clock Delay      (SCD):    2.842ns
    Clock Pessimism Removal (CPR):    0.227ns
  Clock Uncertainty:      0.130ns  ((TSJ^2 + DJ^2)^1/2) / 2 + PE
    Total System Jitter     (TSJ):    0.071ns
    Discrete Jitter          (DJ):    0.250ns
    Phase Error              (PE):    0.000ns
  Clock Net Delay (Source):      2.635ns (routing 1.302ns, distribution 1.333ns)
  Clock Net Delay (Destination): 2.334ns (routing 1.184ns, distribution 1.150ns)

    Location             Delay type                Incr(ns)  Path(ns)    Netlist Resource(s)
  -------------------------------------------------------------------    -------------------
                         (clock clk_pl_0 rise edge)
                                                      0.000     0.000 r  
    PS8_X0Y0             PS8                          0.000     0.000 r  design_1_i/zynq_ultra_ps_e_0/inst/PS8_i/PLCLK[0]
                         net (fo=1, routed)           0.178     0.178    design_1_i/zynq_ultra_ps_e_0/inst/pl_clk_unbuffered[0]
    BUFG_PS_X0Y80        BUFG_PS (Prop_BUFG_PS_I_O)
                                                      0.029     0.207 r  design_1_i/zynq_ultra_ps_e_0/inst/buffer_pl_clk_0.PL_CLK_0_BUFG/O
    X1Y1 (CLOCK_ROOT)    net (fo=23783, routed)       2.635     2.842    design_1_i/vgg_accelerator_0/inst/layer_block_32_64_8_U0/grp_layer_block_32_64_8_Pipeline_VITIS_LOOP_71_8_fu_3003/flow_control_loop_pipe_sequential_init_U/ap_clk
    SLICE_X21Y197        FDRE                                         r  design_1_i/vgg_accelerator_0/inst/layer_block_32_64_8_U0/grp_layer_block_32_64_8_Pipeline_VITIS_LOOP_71_8_fu_3003/flow_control_loop_pipe_sequential_init_U/ap_loop_init_int_reg/C
  -------------------------------------------------------------------    -------------------
    SLICE_X21Y197        FDRE (Prop_FFF2_SLICEM_C_Q)
                                                      0.097     2.939 r  design_1_i/vgg_accelerator_0/inst/layer_block_32_64_8_U0/grp_layer_block_32_64_8_Pipeline_VITIS_LOOP_71_8_fu_3003/flow_control_loop_pipe_sequential_init_U/ap_loop_init_int_reg/Q
                         net (fo=111, routed)         1.385     4.324    design_1_i/vgg_accelerator_0/inst/layer_block_32_64_8_U0/grp_layer_block_32_64_8_Pipeline_VITIS_LOOP_71_8_fu_3003/flow_control_loop_pipe_sequential_init_U/ap_loop_init_int_reg_0
    SLICE_X29Y194        LUT4 (Prop_D6LUT_SLICEM_I0_O)
                                                      0.062     4.386 r  design_1_i/vgg_accelerator_0/inst/layer_block_32_64_8_U0/grp_layer_block_32_64_8_Pipeline_VITIS_LOOP_71_8_fu_3003/flow_control_loop_pipe_sequential_init_U/ch_fu_702[0]_i_1/O
                         net (fo=111, routed)         1.970     6.356    design_1_i/vgg_accelerator_0/inst/layer_block_32_64_8_U0/grp_layer_block_32_64_8_Pipeline_VITIS_LOOP_71_8_fu_3003/flow_control_loop_pipe_sequential_init_U/add_ln71_fu_2583_p2[0]
    SLICE_X11Y228        LUT5 (Prop_C5LUT_SLICEL_I3_O)
                                                      0.195     6.551 r  design_1_i/vgg_accelerator_0/inst/layer_block_32_64_8_U0/grp_layer_block_32_64_8_Pipeline_VITIS_LOOP_71_8_fu_3003/flow_control_loop_pipe_sequential_init_U/q1[4]_i_647/O
                         net (fo=151, routed)         1.211     7.762    design_1_i/vgg_accelerator_0/inst/layer_block_32_64_8_U0/grp_layer_block_32_64_8_Pipeline_VITIS_LOOP_71_8_fu_3003/flow_control_loop_pipe_sequential_init_U/q1[4]_i_647_n_4
    SLICE_X6Y237         LUT6 (Prop_H6LUT_SLICEL_I3_O)
                                                      0.149     7.911 r  design_1_i/vgg_accelerator_0/inst/layer_block_32_64_8_U0/grp_layer_block_32_64_8_Pipeline_VITIS_LOOP_71_8_fu_3003/flow_control_loop_pipe_sequential_init_U/q1[2]_i_234/O
                         net (fo=1, routed)           0.114     8.025    design_1_i/vgg_accelerator_0/inst/layer_block_32_64_8_U0/grp_layer_block_32_64_8_Pipeline_VITIS_LOOP_71_8_fu_3003/flow_control_loop_pipe_sequential_init_U/q1[2]_i_234_n_4
    SLICE_X7Y237         LUT6 (Prop_C6LUT_SLICEM_I1_O)
                                                      0.147     8.172 r  design_1_i/vgg_accelerator_0/inst/layer_block_32_64_8_U0/grp_layer_block_32_64_8_Pipeline_VITIS_LOOP_71_8_fu_3003/flow_control_loop_pipe_sequential_init_U/q1[2]_i_83/O
                         net (fo=1, routed)           0.023     8.195    design_1_i/vgg_accelerator_0/inst/layer_block_32_64_8_U0/grp_layer_block_32_64_8_Pipeline_VITIS_LOOP_71_8_fu_3003/flow_control_loop_pipe_sequential_init_U/q1[2]_i_83_n_4
    SLICE_X7Y237         MUXF7 (Prop_F7MUX_CD_SLICEM_I1_O)
                                                      0.082     8.277 r  design_1_i/vgg_accelerator_0/inst/layer_block_32_64_8_U0/grp_layer_block_32_64_8_Pipeline_VITIS_LOOP_71_8_fu_3003/flow_control_loop_pipe_sequential_init_U/q1_reg[2]_i_34/O
                         net (fo=1, routed)           0.000     8.277    design_1_i/vgg_accelerator_0/inst/layer_block_32_64_8_U0/grp_layer_block_32_64_8_Pipeline_VITIS_LOOP_71_8_fu_3003/flow_control_loop_pipe_sequential_init_U/q1_reg[2]_i_34_n_4
    SLICE_X7Y237         MUXF8 (Prop_F8MUX_BOT_SLICEM_I0_O)
                                                      0.030     8.307 r  design_1_i/vgg_accelerator_0/inst/layer_block_32_64_8_U0/grp_layer_block_32_64_8_Pipeline_VITIS_LOOP_71_8_fu_3003/flow_control_loop_pipe_sequential_init_U/q1_reg[2]_i_13/O
                         net (fo=1, routed)           0.649     8.956    design_1_i/vgg_accelerator_0/inst/layer_block_32_64_8_U0/grp_layer_block_32_64_8_Pipeline_VITIS_LOOP_71_8_fu_3003/flow_control_loop_pipe_sequential_init_U/q1_reg[2]_i_13_n_4
    SLICE_X12Y232        LUT6 (Prop_G6LUT_SLICEM_I1_O)
                                                      0.148     9.104 r  design_1_i/vgg_accelerator_0/inst/layer_block_32_64_8_U0/grp_layer_block_32_64_8_Pipeline_VITIS_LOOP_71_8_fu_3003/flow_control_loop_pipe_sequential_init_U/q1[2]_i_4/O
                         net (fo=1, routed)           0.332     9.436    design_1_i/vgg_accelerator_0/inst/layer_block_32_64_8_U0/grp_layer_block_32_64_8_Pipeline_VITIS_LOOP_71_8_fu_3003/flow_control_loop_pipe_sequential_init_U/q1[2]_i_4_n_4
    SLICE_X13Y226        LUT6 (Prop_D6LUT_SLICEM_I0_O)
                                                      0.062     9.498 r  design_1_i/vgg_accelerator_0/inst/layer_block_32_64_8_U0/grp_layer_block_32_64_8_Pipeline_VITIS_LOOP_71_8_fu_3003/flow_control_loop_pipe_sequential_init_U/q1[2]_i_2/O
                         net (fo=1, routed)           0.027     9.525    design_1_i/vgg_accelerator_0/inst/layer_block_32_64_8_U0/grp_layer_block_32_64_8_Pipeline_VITIS_LOOP_71_8_fu_3003/flow_control_loop_pipe_sequential_init_U/q1[2]_i_2_n_4
    SLICE_X13Y226        MUXF7 (Prop_F7MUX_CD_SLICEM_I0_O)
                                                      0.090     9.615 r  design_1_i/vgg_accelerator_0/inst/layer_block_32_64_8_U0/grp_layer_block_32_64_8_Pipeline_VITIS_LOOP_71_8_fu_3003/flow_control_loop_pipe_sequential_init_U/q1_reg[2]_i_1/O
                         net (fo=1, routed)           0.039     9.654    design_1_i/vgg_accelerator_0/inst/layer_block_32_64_8_U0/grp_layer_block_32_64_8_Pipeline_VITIS_LOOP_71_8_fu_3003/conv3_weights_U/q1_reg[4]_3[2]
    SLICE_X13Y226        FDRE                                         r  design_1_i/vgg_accelerator_0/inst/layer_block_32_64_8_U0/grp_layer_block_32_64_8_Pipeline_VITIS_LOOP_71_8_fu_3003/conv3_weights_U/q1_reg[2]/D
  -------------------------------------------------------------------    -------------------

                         (clock clk_pl_0 rise edge)
                                                     10.000    10.000 r  
    PS8_X0Y0             PS8                          0.000    10.000 r  design_1_i/zynq_ultra_ps_e_0/inst/PS8_i/PLCLK[0]
                         net (fo=1, routed)           0.140    10.140    design_1_i/zynq_ultra_ps_e_0/inst/pl_clk_unbuffered[0]
    BUFG_PS_X0Y80        BUFG_PS (Prop_BUFG_PS_I_O)
                                                      0.027    10.167 r  design_1_i/zynq_ultra_ps_e_0/inst/buffer_pl_clk_0.PL_CLK_0_BUFG/O
    X1Y1 (CLOCK_ROOT)    net (fo=23783, routed)       2.334    12.501    design_1_i/vgg_accelerator_0/inst/layer_block_32_64_8_U0/grp_layer_block_32_64_8_Pipeline_VITIS_LOOP_71_8_fu_3003/conv3_weights_U/ap_clk
    SLICE_X13Y226        FDRE                                         r  design_1_i/vgg_accelerator_0/inst/layer_block_32_64_8_U0/grp_layer_block_32_64_8_Pipeline_VITIS_LOOP_71_8_fu_3003/conv3_weights_U/q1_reg[2]/C
                         clock pessimism              0.227    12.728    
                         clock uncertainty           -0.130    12.598    
    SLICE_X13Y226        FDRE (Setup_DFF_SLICEM_C_D)
                                                      0.027    12.625    design_1_i/vgg_accelerator_0/inst/layer_block_32_64_8_U0/grp_layer_block_32_64_8_Pipeline_VITIS_LOOP_71_8_fu_3003/conv3_weights_U/q1_reg[2]
  -------------------------------------------------------------------
                         required time                         12.625    
                         arrival time                          -9.654    
  -------------------------------------------------------------------
                         slack                                  2.972    

Slack (MET) :             2.980ns  (required time - arrival time)
  Source:                 design_1_i/vgg_accelerator_0/inst/layer_block_32_64_8_U0/grp_layer_block_32_64_8_Pipeline_VITIS_LOOP_71_8_fu_3003/flow_control_loop_pipe_sequential_init_U/ap_loop_init_int_reg/C
                            (rising edge-triggered cell FDRE clocked by clk_pl_0  {rise@0.000ns fall@5.000ns period=10.000ns})
  Destination:            design_1_i/vgg_accelerator_0/inst/layer_block_32_64_8_U0/grp_layer_block_32_64_8_Pipeline_VITIS_LOOP_71_8_fu_3003/conv3_weights_U/q1_reg[3]/D
                            (rising edge-triggered cell FDRE clocked by clk_pl_0  {rise@0.000ns fall@5.000ns period=10.000ns})
  Path Group:             clk_pl_0
  Path Type:              Setup (Max at Slow Process Corner)
  Requirement:            10.000ns  (clk_pl_0 rise@10.000ns - clk_pl_0 rise@0.000ns)
  Data Path Delay:        6.800ns  (logic 1.141ns (16.779%)  route 5.659ns (83.221%))
  Logic Levels:           8  (LUT4=1 LUT5=1 LUT6=5 MUXF7=1)
  Clock Path Skew:        -0.117ns (DCD - SCD + CPR)
    Destination Clock Delay (DCD):    2.498ns = ( 12.498 - 10.000 ) 
    Source Clock Delay      (SCD):    2.842ns
    Clock Pessimism Removal (CPR):    0.227ns
  Clock Uncertainty:      0.130ns  ((TSJ^2 + DJ^2)^1/2) / 2 + PE
    Total System Jitter     (TSJ):    0.071ns
    Discrete Jitter          (DJ):    0.250ns
    Phase Error              (PE):    0.000ns
  Clock Net Delay (Source):      2.635ns (routing 1.302ns, distribution 1.333ns)
  Clock Net Delay (Destination): 2.331ns (routing 1.184ns, distribution 1.147ns)

    Location             Delay type                Incr(ns)  Path(ns)    Netlist Resource(s)
  -------------------------------------------------------------------    -------------------
                         (clock clk_pl_0 rise edge)
                                                      0.000     0.000 r  
    PS8_X0Y0             PS8                          0.000     0.000 r  design_1_i/zynq_ultra_ps_e_0/inst/PS8_i/PLCLK[0]
                         net (fo=1, routed)           0.178     0.178    design_1_i/zynq_ultra_ps_e_0/inst/pl_clk_unbuffered[0]
    BUFG_PS_X0Y80        BUFG_PS (Prop_BUFG_PS_I_O)
                                                      0.029     0.207 r  design_1_i/zynq_ultra_ps_e_0/inst/buffer_pl_clk_0.PL_CLK_0_BUFG/O
    X1Y1 (CLOCK_ROOT)    net (fo=23783, routed)       2.635     2.842    design_1_i/vgg_accelerator_0/inst/layer_block_32_64_8_U0/grp_layer_block_32_64_8_Pipeline_VITIS_LOOP_71_8_fu_3003/flow_control_loop_pipe_sequential_init_U/ap_clk
    SLICE_X21Y197        FDRE                                         r  design_1_i/vgg_accelerator_0/inst/layer_block_32_64_8_U0/grp_layer_block_32_64_8_Pipeline_VITIS_LOOP_71_8_fu_3003/flow_control_loop_pipe_sequential_init_U/ap_loop_init_int_reg/C
  -------------------------------------------------------------------    -------------------
    SLICE_X21Y197        FDRE (Prop_FFF2_SLICEM_C_Q)
                                                      0.097     2.939 r  design_1_i/vgg_accelerator_0/inst/layer_block_32_64_8_U0/grp_layer_block_32_64_8_Pipeline_VITIS_LOOP_71_8_fu_3003/flow_control_loop_pipe_sequential_init_U/ap_loop_init_int_reg/Q
                         net (fo=111, routed)         1.385     4.324    design_1_i/vgg_accelerator_0/inst/layer_block_32_64_8_U0/grp_layer_block_32_64_8_Pipeline_VITIS_LOOP_71_8_fu_3003/flow_control_loop_pipe_sequential_init_U/ap_loop_init_int_reg_0
    SLICE_X29Y194        LUT4 (Prop_D6LUT_SLICEM_I0_O)
                                                      0.062     4.386 r  design_1_i/vgg_accelerator_0/inst/layer_block_32_64_8_U0/grp_layer_block_32_64_8_Pipeline_VITIS_LOOP_71_8_fu_3003/flow_control_loop_pipe_sequential_init_U/ch_fu_702[0]_i_1/O
                         net (fo=111, routed)         1.970     6.356    design_1_i/vgg_accelerator_0/inst/layer_block_32_64_8_U0/grp_layer_block_32_64_8_Pipeline_VITIS_LOOP_71_8_fu_3003/flow_control_loop_pipe_sequential_init_U/add_ln71_fu_2583_p2[0]
    SLICE_X11Y228        LUT5 (Prop_C5LUT_SLICEL_I3_O)
                                                      0.195     6.551 r  design_1_i/vgg_accelerator_0/inst/layer_block_32_64_8_U0/grp_layer_block_32_64_8_Pipeline_VITIS_LOOP_71_8_fu_3003/flow_control_loop_pipe_sequential_init_U/q1[4]_i_647/O
                         net (fo=151, routed)         1.022     7.573    design_1_i/vgg_accelerator_0/inst/layer_block_32_64_8_U0/grp_layer_block_32_64_8_Pipeline_VITIS_LOOP_71_8_fu_3003/flow_control_loop_pipe_sequential_init_U/q1[4]_i_647_n_4
    SLICE_X5Y234         LUT6 (Prop_C6LUT_SLICEM_I4_O)
                                                      0.147     7.720 r  design_1_i/vgg_accelerator_0/inst/layer_block_32_64_8_U0/grp_layer_block_32_64_8_Pipeline_VITIS_LOOP_71_8_fu_3003/flow_control_loop_pipe_sequential_init_U/q1[4]_i_283/O
                         net (fo=2, routed)           0.117     7.837    design_1_i/vgg_accelerator_0/inst/layer_block_32_64_8_U0/grp_layer_block_32_64_8_Pipeline_VITIS_LOOP_71_8_fu_3003/flow_control_loop_pipe_sequential_init_U/q1[4]_i_283_n_4
    SLICE_X5Y234         LUT6 (Prop_H6LUT_SLICEM_I3_O)
                                                      0.117     7.954 r  design_1_i/vgg_accelerator_0/inst/layer_block_32_64_8_U0/grp_layer_block_32_64_8_Pipeline_VITIS_LOOP_71_8_fu_3003/flow_control_loop_pipe_sequential_init_U/q1[3]_i_36/O
                         net (fo=1, routed)           0.260     8.214    design_1_i/vgg_accelerator_0/inst/layer_block_32_64_8_U0/grp_layer_block_32_64_8_Pipeline_VITIS_LOOP_71_8_fu_3003/flow_control_loop_pipe_sequential_init_U/q1[3]_i_36_n_4
    SLICE_X7Y233         LUT6 (Prop_H6LUT_SLICEM_I1_O)
                                                      0.151     8.365 r  design_1_i/vgg_accelerator_0/inst/layer_block_32_64_8_U0/grp_layer_block_32_64_8_Pipeline_VITIS_LOOP_71_8_fu_3003/flow_control_loop_pipe_sequential_init_U/q1[3]_i_16/O
                         net (fo=1, routed)           0.299     8.664    design_1_i/vgg_accelerator_0/inst/layer_block_32_64_8_U0/grp_layer_block_32_64_8_Pipeline_VITIS_LOOP_71_8_fu_3003/flow_control_loop_pipe_sequential_init_U/q1[3]_i_16_n_4
    SLICE_X9Y232         LUT6 (Prop_H6LUT_SLICEL_I1_O)
                                                      0.116     8.780 r  design_1_i/vgg_accelerator_0/inst/layer_block_32_64_8_U0/grp_layer_block_32_64_8_Pipeline_VITIS_LOOP_71_8_fu_3003/flow_control_loop_pipe_sequential_init_U/q1[3]_i_6/O
                         net (fo=1, routed)           0.558     9.338    design_1_i/vgg_accelerator_0/inst/layer_block_32_64_8_U0/grp_layer_block_32_64_8_Pipeline_VITIS_LOOP_71_8_fu_3003/flow_control_loop_pipe_sequential_init_U/q1[3]_i_6_n_4
    SLICE_X14Y228        LUT6 (Prop_D6LUT_SLICEL_I3_O)
                                                      0.174     9.512 r  design_1_i/vgg_accelerator_0/inst/layer_block_32_64_8_U0/grp_layer_block_32_64_8_Pipeline_VITIS_LOOP_71_8_fu_3003/flow_control_loop_pipe_sequential_init_U/q1[3]_i_2/O
                         net (fo=1, routed)           0.010     9.522    design_1_i/vgg_accelerator_0/inst/layer_block_32_64_8_U0/grp_layer_block_32_64_8_Pipeline_VITIS_LOOP_71_8_fu_3003/flow_control_loop_pipe_sequential_init_U/q1[3]_i_2_n_4
    SLICE_X14Y228        MUXF7 (Prop_F7MUX_CD_SLICEL_I0_O)
                                                      0.082     9.604 r  design_1_i/vgg_accelerator_0/inst/layer_block_32_64_8_U0/grp_layer_block_32_64_8_Pipeline_VITIS_LOOP_71_8_fu_3003/flow_control_loop_pipe_sequential_init_U/q1_reg[3]_i_1/O
                         net (fo=1, routed)           0.038     9.642    design_1_i/vgg_accelerator_0/inst/layer_block_32_64_8_U0/grp_layer_block_32_64_8_Pipeline_VITIS_LOOP_71_8_fu_3003/conv3_weights_U/q1_reg[4]_3[3]
    SLICE_X14Y228        FDRE                                         r  design_1_i/vgg_accelerator_0/inst/layer_block_32_64_8_U0/grp_layer_block_32_64_8_Pipeline_VITIS_LOOP_71_8_fu_3003/conv3_weights_U/q1_reg[3]/D
  -------------------------------------------------------------------    -------------------

                         (clock clk_pl_0 rise edge)
                                                     10.000    10.000 r  
    PS8_X0Y0             PS8                          0.000    10.000 r  design_1_i/zynq_ultra_ps_e_0/inst/PS8_i/PLCLK[0]
                         net (fo=1, routed)           0.140    10.140    design_1_i/zynq_ultra_ps_e_0/inst/pl_clk_unbuffered[0]
    BUFG_PS_X0Y80        BUFG_PS (Prop_BUFG_PS_I_O)
                                                      0.027    10.167 r  design_1_i/zynq_ultra_ps_e_0/inst/buffer_pl_clk_0.PL_CLK_0_BUFG/O
    X1Y1 (CLOCK_ROOT)    net (fo=23783, routed)       2.331    12.498    design_1_i/vgg_accelerator_0/inst/layer_block_32_64_8_U0/grp_layer_block_32_64_8_Pipeline_VITIS_LOOP_71_8_fu_3003/conv3_weights_U/ap_clk
    SLICE_X14Y228        FDRE                                         r  design_1_i/vgg_accelerator_0/inst/layer_block_32_64_8_U0/grp_layer_block_32_64_8_Pipeline_VITIS_LOOP_71_8_fu_3003/conv3_weights_U/q1_reg[3]/C
                         clock pessimism              0.227    12.725    
                         clock uncertainty           -0.130    12.595    
    SLICE_X14Y228        FDRE (Setup_DFF_SLICEL_C_D)
                                                      0.027    12.622    design_1_i/vgg_accelerator_0/inst/layer_block_32_64_8_U0/grp_layer_block_32_64_8_Pipeline_VITIS_LOOP_71_8_fu_3003/conv3_weights_U/q1_reg[3]
  -------------------------------------------------------------------
                         required time                         12.622    
                         arrival time                          -9.642    
  -------------------------------------------------------------------
                         slack                                  2.980    

Slack (MET) :             2.984ns  (required time - arrival time)
  Source:                 design_1_i/vgg_accelerator_0/inst/layer_block_32_64_8_U0/grp_layer_block_32_64_8_Pipeline_VITIS_LOOP_71_8_fu_3003/flow_control_loop_pipe_sequential_init_U/ap_loop_init_int_reg/C
                            (rising edge-triggered cell FDRE clocked by clk_pl_0  {rise@0.000ns fall@5.000ns period=10.000ns})
  Destination:            design_1_i/vgg_accelerator_0/inst/layer_block_32_64_8_U0/grp_layer_block_32_64_8_Pipeline_VITIS_LOOP_71_8_fu_3003/conv3_weights_U/q1_reg[4]/D
                            (rising edge-triggered cell FDRE clocked by clk_pl_0  {rise@0.000ns fall@5.000ns period=10.000ns})
  Path Group:             clk_pl_0
  Path Type:              Setup (Max at Slow Process Corner)
  Requirement:            10.000ns  (clk_pl_0 rise@10.000ns - clk_pl_0 rise@0.000ns)
  Data Path Delay:        6.796ns  (logic 0.899ns (13.228%)  route 5.897ns (86.772%))
  Logic Levels:           9  (LUT4=1 LUT5=1 LUT6=4 MUXF7=2 MUXF8=1)
  Clock Path Skew:        -0.117ns (DCD - SCD + CPR)
    Destination Clock Delay (DCD):    2.498ns = ( 12.498 - 10.000 ) 
    Source Clock Delay      (SCD):    2.842ns
    Clock Pessimism Removal (CPR):    0.227ns
  Clock Uncertainty:      0.130ns  ((TSJ^2 + DJ^2)^1/2) / 2 + PE
    Total System Jitter     (TSJ):    0.071ns
    Discrete Jitter          (DJ):    0.250ns
    Phase Error              (PE):    0.000ns
  Clock Net Delay (Source):      2.635ns (routing 1.302ns, distribution 1.333ns)
  Clock Net Delay (Destination): 2.331ns (routing 1.184ns, distribution 1.147ns)

    Location             Delay type                Incr(ns)  Path(ns)    Netlist Resource(s)
  -------------------------------------------------------------------    -------------------
                         (clock clk_pl_0 rise edge)
                                                      0.000     0.000 r  
    PS8_X0Y0             PS8                          0.000     0.000 r  design_1_i/zynq_ultra_ps_e_0/inst/PS8_i/PLCLK[0]
                         net (fo=1, routed)           0.178     0.178    design_1_i/zynq_ultra_ps_e_0/inst/pl_clk_unbuffered[0]
    BUFG_PS_X0Y80        BUFG_PS (Prop_BUFG_PS_I_O)
                                                      0.029     0.207 r  design_1_i/zynq_ultra_ps_e_0/inst/buffer_pl_clk_0.PL_CLK_0_BUFG/O
    X1Y1 (CLOCK_ROOT)    net (fo=23783, routed)       2.635     2.842    design_1_i/vgg_accelerator_0/inst/layer_block_32_64_8_U0/grp_layer_block_32_64_8_Pipeline_VITIS_LOOP_71_8_fu_3003/flow_control_loop_pipe_sequential_init_U/ap_clk
    SLICE_X21Y197        FDRE                                         r  design_1_i/vgg_accelerator_0/inst/layer_block_32_64_8_U0/grp_layer_block_32_64_8_Pipeline_VITIS_LOOP_71_8_fu_3003/flow_control_loop_pipe_sequential_init_U/ap_loop_init_int_reg/C
  -------------------------------------------------------------------    -------------------
    SLICE_X21Y197        FDRE (Prop_FFF2_SLICEM_C_Q)
                                                      0.097     2.939 r  design_1_i/vgg_accelerator_0/inst/layer_block_32_64_8_U0/grp_layer_block_32_64_8_Pipeline_VITIS_LOOP_71_8_fu_3003/flow_control_loop_pipe_sequential_init_U/ap_loop_init_int_reg/Q
                         net (fo=111, routed)         1.385     4.324    design_1_i/vgg_accelerator_0/inst/layer_block_32_64_8_U0/grp_layer_block_32_64_8_Pipeline_VITIS_LOOP_71_8_fu_3003/flow_control_loop_pipe_sequential_init_U/ap_loop_init_int_reg_0
    SLICE_X29Y194        LUT4 (Prop_D6LUT_SLICEM_I0_O)
                                                      0.062     4.386 r  design_1_i/vgg_accelerator_0/inst/layer_block_32_64_8_U0/grp_layer_block_32_64_8_Pipeline_VITIS_LOOP_71_8_fu_3003/flow_control_loop_pipe_sequential_init_U/ch_fu_702[0]_i_1/O
                         net (fo=111, routed)         1.970     6.356    design_1_i/vgg_accelerator_0/inst/layer_block_32_64_8_U0/grp_layer_block_32_64_8_Pipeline_VITIS_LOOP_71_8_fu_3003/flow_control_loop_pipe_sequential_init_U/add_ln71_fu_2583_p2[0]
    SLICE_X11Y228        LUT5 (Prop_C5LUT_SLICEL_I3_O)
                                                      0.195     6.551 r  design_1_i/vgg_accelerator_0/inst/layer_block_32_64_8_U0/grp_layer_block_32_64_8_Pipeline_VITIS_LOOP_71_8_fu_3003/flow_control_loop_pipe_sequential_init_U/q1[4]_i_647/O
                         net (fo=151, routed)         1.191     7.742    design_1_i/vgg_accelerator_0/inst/layer_block_32_64_8_U0/grp_layer_block_32_64_8_Pipeline_VITIS_LOOP_71_8_fu_3003/flow_control_loop_pipe_sequential_init_U/q1[4]_i_647_n_4
    SLICE_X6Y238         LUT6 (Prop_H6LUT_SLICEL_I2_O)
                                                      0.100     7.842 r  design_1_i/vgg_accelerator_0/inst/layer_block_32_64_8_U0/grp_layer_block_32_64_8_Pipeline_VITIS_LOOP_71_8_fu_3003/flow_control_loop_pipe_sequential_init_U/q1[4]_i_565/O
                         net (fo=1, routed)           0.260     8.102    design_1_i/vgg_accelerator_0/inst/layer_block_32_64_8_U0/grp_layer_block_32_64_8_Pipeline_VITIS_LOOP_71_8_fu_3003/flow_control_loop_pipe_sequential_init_U/q1[4]_i_565_n_4
    SLICE_X7Y238         LUT6 (Prop_D6LUT_SLICEM_I3_O)
                                                      0.062     8.164 r  design_1_i/vgg_accelerator_0/inst/layer_block_32_64_8_U0/grp_layer_block_32_64_8_Pipeline_VITIS_LOOP_71_8_fu_3003/flow_control_loop_pipe_sequential_init_U/q1[4]_i_188/O
                         net (fo=1, routed)           0.027     8.191    design_1_i/vgg_accelerator_0/inst/layer_block_32_64_8_U0/grp_layer_block_32_64_8_Pipeline_VITIS_LOOP_71_8_fu_3003/flow_control_loop_pipe_sequential_init_U/q1[4]_i_188_n_4
    SLICE_X7Y238         MUXF7 (Prop_F7MUX_CD_SLICEM_I0_O)
                                                      0.083     8.274 r  design_1_i/vgg_accelerator_0/inst/layer_block_32_64_8_U0/grp_layer_block_32_64_8_Pipeline_VITIS_LOOP_71_8_fu_3003/flow_control_loop_pipe_sequential_init_U/q1_reg[4]_i_58/O
                         net (fo=1, routed)           0.000     8.274    design_1_i/vgg_accelerator_0/inst/layer_block_32_64_8_U0/grp_layer_block_32_64_8_Pipeline_VITIS_LOOP_71_8_fu_3003/flow_control_loop_pipe_sequential_init_U/q1_reg[4]_i_58_n_4
    SLICE_X7Y238         MUXF8 (Prop_F8MUX_BOT_SLICEM_I0_O)
                                                      0.030     8.304 r  design_1_i/vgg_accelerator_0/inst/layer_block_32_64_8_U0/grp_layer_block_32_64_8_Pipeline_VITIS_LOOP_71_8_fu_3003/flow_control_loop_pipe_sequential_init_U/q1_reg[4]_i_18/O
                         net (fo=2, routed)           0.683     8.986    design_1_i/vgg_accelerator_0/inst/layer_block_32_64_8_U0/grp_layer_block_32_64_8_Pipeline_VITIS_LOOP_71_8_fu_3003/flow_control_loop_pipe_sequential_init_U/q1_reg[4]_i_18_n_4
    SLICE_X11Y236        LUT6 (Prop_C6LUT_SLICEL_I1_O)
                                                      0.148     9.134 r  design_1_i/vgg_accelerator_0/inst/layer_block_32_64_8_U0/grp_layer_block_32_64_8_Pipeline_VITIS_LOOP_71_8_fu_3003/flow_control_loop_pipe_sequential_init_U/q1[4]_i_6/O
                         net (fo=1, routed)           0.335     9.469    design_1_i/vgg_accelerator_0/inst/layer_block_32_64_8_U0/grp_layer_block_32_64_8_Pipeline_VITIS_LOOP_71_8_fu_3003/flow_control_loop_pipe_sequential_init_U/q1[4]_i_6_n_4
    SLICE_X14Y228        LUT6 (Prop_B6LUT_SLICEL_I0_O)
                                                      0.040     9.509 r  design_1_i/vgg_accelerator_0/inst/layer_block_32_64_8_U0/grp_layer_block_32_64_8_Pipeline_VITIS_LOOP_71_8_fu_3003/flow_control_loop_pipe_sequential_init_U/q1[4]_i_3/O
                         net (fo=1, routed)           0.010     9.519    design_1_i/vgg_accelerator_0/inst/layer_block_32_64_8_U0/grp_layer_block_32_64_8_Pipeline_VITIS_LOOP_71_8_fu_3003/flow_control_loop_pipe_sequential_init_U/q1[4]_i_3_n_4
    SLICE_X14Y228        MUXF7 (Prop_F7MUX_AB_SLICEL_I0_O)
                                                      0.082     9.601 r  design_1_i/vgg_accelerator_0/inst/layer_block_32_64_8_U0/grp_layer_block_32_64_8_Pipeline_VITIS_LOOP_71_8_fu_3003/flow_control_loop_pipe_sequential_init_U/q1_reg[4]_i_1/O
                         net (fo=1, routed)           0.037     9.638    design_1_i/vgg_accelerator_0/inst/layer_block_32_64_8_U0/grp_layer_block_32_64_8_Pipeline_VITIS_LOOP_71_8_fu_3003/conv3_weights_U/q1_reg[4]_3[4]
    SLICE_X14Y228        FDRE                                         r  design_1_i/vgg_accelerator_0/inst/layer_block_32_64_8_U0/grp_layer_block_32_64_8_Pipeline_VITIS_LOOP_71_8_fu_3003/conv3_weights_U/q1_reg[4]/D
  -------------------------------------------------------------------    -------------------

                         (clock clk_pl_0 rise edge)
                                                     10.000    10.000 r  
    PS8_X0Y0             PS8                          0.000    10.000 r  design_1_i/zynq_ultra_ps_e_0/inst/PS8_i/PLCLK[0]
                         net (fo=1, routed)           0.140    10.140    design_1_i/zynq_ultra_ps_e_0/inst/pl_clk_unbuffered[0]
    BUFG_PS_X0Y80        BUFG_PS (Prop_BUFG_PS_I_O)
                                                      0.027    10.167 r  design_1_i/zynq_ultra_ps_e_0/inst/buffer_pl_clk_0.PL_CLK_0_BUFG/O
    X1Y1 (CLOCK_ROOT)    net (fo=23783, routed)       2.331    12.498    design_1_i/vgg_accelerator_0/inst/layer_block_32_64_8_U0/grp_layer_block_32_64_8_Pipeline_VITIS_LOOP_71_8_fu_3003/conv3_weights_U/ap_clk
    SLICE_X14Y228        FDRE                                         r  design_1_i/vgg_accelerator_0/inst/layer_block_32_64_8_U0/grp_layer_block_32_64_8_Pipeline_VITIS_LOOP_71_8_fu_3003/conv3_weights_U/q1_reg[4]/C
                         clock pessimism              0.227    12.725    
                         clock uncertainty           -0.130    12.595    
    SLICE_X14Y228        FDRE (Setup_BFF_SLICEL_C_D)
                                                      0.027    12.622    design_1_i/vgg_accelerator_0/inst/layer_block_32_64_8_U0/grp_layer_block_32_64_8_Pipeline_VITIS_LOOP_71_8_fu_3003/conv3_weights_U/q1_reg[4]
  -------------------------------------------------------------------
                         required time                         12.622    
                         arrival time                          -9.638    
  -------------------------------------------------------------------
                         slack                                  2.984    





Min Delay Paths
--------------------------------------------------------------------------------------
Slack (MET) :             0.010ns  (arrival time - required time)
  Source:                 design_1_i/vgg_accelerator_0/inst/max_pool_32_16_U0/p_ZZ8max_poolILi32ELi16EEvRN3hls6streamI8ap_fixedILi8ELi4EL9ap_q_mode0EL9ap_o_mod_18_U/q0_reg[2]/C
                            (rising edge-triggered cell FDRE clocked by clk_pl_0  {rise@0.000ns fall@5.000ns period=10.000ns})
  Destination:            design_1_i/vgg_accelerator_0/inst/max_pool_32_16_U0/reg_1762_reg[2]/D
                            (rising edge-triggered cell FDRE clocked by clk_pl_0  {rise@0.000ns fall@5.000ns period=10.000ns})
  Path Group:             clk_pl_0
  Path Type:              Hold (Min at Slow Process Corner)
  Requirement:            0.000ns  (clk_pl_0 rise@0.000ns - clk_pl_0 rise@0.000ns)
  Data Path Delay:        0.273ns  (logic 0.070ns (25.641%)  route 0.203ns (74.359%))
  Logic Levels:           0  
  Clock Path Skew:        0.208ns (DCD - SCD - CPR)
    Destination Clock Delay (DCD):    2.765ns
    Source Clock Delay      (SCD):    2.337ns
    Clock Pessimism Removal (CPR):    0.220ns
  Clock Net Delay (Source):      2.170ns (routing 1.184ns, distribution 0.986ns)
  Clock Net Delay (Destination): 2.558ns (routing 1.302ns, distribution 1.256ns)

    Location             Delay type                Incr(ns)  Path(ns)    Netlist Resource(s)
  -------------------------------------------------------------------    -------------------
                         (clock clk_pl_0 rise edge)
                                                      0.000     0.000 r  
    PS8_X0Y0             PS8                          0.000     0.000 r  design_1_i/zynq_ultra_ps_e_0/inst/PS8_i/PLCLK[0]
                         net (fo=1, routed)           0.140     0.140    design_1_i/zynq_ultra_ps_e_0/inst/pl_clk_unbuffered[0]
    BUFG_PS_X0Y80        BUFG_PS (Prop_BUFG_PS_I_O)
                                                      0.027     0.167 r  design_1_i/zynq_ultra_ps_e_0/inst/buffer_pl_clk_0.PL_CLK_0_BUFG/O
    X1Y1 (CLOCK_ROOT)    net (fo=23783, routed)       2.170     2.337    design_1_i/vgg_accelerator_0/inst/max_pool_32_16_U0/p_ZZ8max_poolILi32ELi16EEvRN3hls6streamI8ap_fixedILi8ELi4EL9ap_q_mode0EL9ap_o_mod_18_U/ap_clk
    SLICE_X40Y164        FDRE                                         r  design_1_i/vgg_accelerator_0/inst/max_pool_32_16_U0/p_ZZ8max_poolILi32ELi16EEvRN3hls6streamI8ap_fixedILi8ELi4EL9ap_q_mode0EL9ap_o_mod_18_U/q0_reg[2]/C
  -------------------------------------------------------------------    -------------------
    SLICE_X40Y164        FDRE (Prop_GFF_SLICEM_C_Q)
                                                      0.070     2.407 r  design_1_i/vgg_accelerator_0/inst/max_pool_32_16_U0/p_ZZ8max_poolILi32ELi16EEvRN3hls6streamI8ap_fixedILi8ELi4EL9ap_q_mode0EL9ap_o_mod_18_U/q0_reg[2]/Q
                         net (fo=1, routed)           0.203     2.610    design_1_i/vgg_accelerator_0/inst/max_pool_32_16_U0/p_ZZ8max_poolILi32ELi16EEvRN3hls6streamI8ap_fixedILi8ELi4EL9ap_q_mode0EL9ap_o_mod_18_U_n_8
    SLICE_X42Y165        FDRE                                         r  design_1_i/vgg_accelerator_0/inst/max_pool_32_16_U0/reg_1762_reg[2]/D
  -------------------------------------------------------------------    -------------------

                         (clock clk_pl_0 rise edge)
                                                      0.000     0.000 r  
    PS8_X0Y0             PS8                          0.000     0.000 r  design_1_i/zynq_ultra_ps_e_0/inst/PS8_i/PLCLK[0]
                         net (fo=1, routed)           0.178     0.178    design_1_i/zynq_ultra_ps_e_0/inst/pl_clk_unbuffered[0]
    BUFG_PS_X0Y80        BUFG_PS (Prop_BUFG_PS_I_O)
                                                      0.029     0.207 r  design_1_i/zynq_ultra_ps_e_0/inst/buffer_pl_clk_0.PL_CLK_0_BUFG/O
    X1Y1 (CLOCK_ROOT)    net (fo=23783, routed)       2.558     2.765    design_1_i/vgg_accelerator_0/inst/max_pool_32_16_U0/ap_clk
    SLICE_X42Y165        FDRE                                         r  design_1_i/vgg_accelerator_0/inst/max_pool_32_16_U0/reg_1762_reg[2]/C
                         clock pessimism             -0.220     2.545    
    SLICE_X42Y165        FDRE (Hold_FFF2_SLICEL_C_D)
                                                      0.055     2.600    design_1_i/vgg_accelerator_0/inst/max_pool_32_16_U0/reg_1762_reg[2]
  -------------------------------------------------------------------
                         required time                         -2.600    
                         arrival time                           2.610    
  -------------------------------------------------------------------
                         slack                                  0.010    

Slack (MET) :             0.010ns  (arrival time - required time)
  Source:                 design_1_i/axi_smc/inst/m00_nodes/m00_r_node/inst/inst_mi_handler/gen_normal_area.inst_fifo_node_payld/gen_xpm_memory_fifo.inst_fifo/gen_mem_rep[0].inst_xpm_memory/xpm_memory_base_inst/gen_rd_b.gen_rd_b_synth_template.gen_rf_narrow_reg.doutb_reg_reg[37]/C
                            (rising edge-triggered cell FDRE clocked by clk_pl_0  {rise@0.000ns fall@5.000ns period=10.000ns})
  Destination:            design_1_i/axi_smc/inst/switchboards/r_switchboard/inst/gen_mi[0].inst_opipe_payld/gen_pipe[1].pipe_reg[1][37]/D
                            (rising edge-triggered cell FDRE clocked by clk_pl_0  {rise@0.000ns fall@5.000ns period=10.000ns})
  Path Group:             clk_pl_0
  Path Type:              Hold (Min at Slow Process Corner)
  Requirement:            0.000ns  (clk_pl_0 rise@0.000ns - clk_pl_0 rise@0.000ns)
  Data Path Delay:        0.182ns  (logic 0.069ns (37.912%)  route 0.113ns (62.088%))
  Logic Levels:           0  
  Clock Path Skew:        0.117ns (DCD - SCD - CPR)
    Destination Clock Delay (DCD):    2.816ns
    Source Clock Delay      (SCD):    2.481ns
    Clock Pessimism Removal (CPR):    0.218ns
  Clock Net Delay (Source):      2.314ns (routing 1.184ns, distribution 1.130ns)
  Clock Net Delay (Destination): 2.609ns (routing 1.302ns, distribution 1.307ns)

    Location             Delay type                Incr(ns)  Path(ns)    Netlist Resource(s)
  -------------------------------------------------------------------    -------------------
                         (clock clk_pl_0 rise edge)
                                                      0.000     0.000 r  
    PS8_X0Y0             PS8                          0.000     0.000 r  design_1_i/zynq_ultra_ps_e_0/inst/PS8_i/PLCLK[0]
                         net (fo=1, routed)           0.140     0.140    design_1_i/zynq_ultra_ps_e_0/inst/pl_clk_unbuffered[0]
    BUFG_PS_X0Y80        BUFG_PS (Prop_BUFG_PS_I_O)
                                                      0.027     0.167 r  design_1_i/zynq_ultra_ps_e_0/inst/buffer_pl_clk_0.PL_CLK_0_BUFG/O
    X1Y1 (CLOCK_ROOT)    net (fo=23783, routed)       2.314     2.481    design_1_i/axi_smc/inst/m00_nodes/m00_r_node/inst/inst_mi_handler/gen_normal_area.inst_fifo_node_payld/gen_xpm_memory_fifo.inst_fifo/gen_mem_rep[0].inst_xpm_memory/xpm_memory_base_inst/clka
    SLICE_X7Y76          FDRE                                         r  design_1_i/axi_smc/inst/m00_nodes/m00_r_node/inst/inst_mi_handler/gen_normal_area.inst_fifo_node_payld/gen_xpm_memory_fifo.inst_fifo/gen_mem_rep[0].inst_xpm_memory/xpm_memory_base_inst/gen_rd_b.gen_rd_b_synth_template.gen_rf_narrow_reg.doutb_reg_reg[37]/C
  -------------------------------------------------------------------    -------------------
    SLICE_X7Y76          FDRE (Prop_EFF_SLICEM_C_Q)
                                                      0.069     2.550 r  design_1_i/axi_smc/inst/m00_nodes/m00_r_node/inst/inst_mi_handler/gen_normal_area.inst_fifo_node_payld/gen_xpm_memory_fifo.inst_fifo/gen_mem_rep[0].inst_xpm_memory/xpm_memory_base_inst/gen_rd_b.gen_rd_b_synth_template.gen_rf_narrow_reg.doutb_reg_reg[37]/Q
                         net (fo=1, routed)           0.113     2.663    design_1_i/axi_smc/inst/switchboards/r_switchboard/inst/gen_mi[0].inst_opipe_payld/s_sc_payld[27]
    SLICE_X6Y77          FDRE                                         r  design_1_i/axi_smc/inst/switchboards/r_switchboard/inst/gen_mi[0].inst_opipe_payld/gen_pipe[1].pipe_reg[1][37]/D
  -------------------------------------------------------------------    -------------------

                         (clock clk_pl_0 rise edge)
                                                      0.000     0.000 r  
    PS8_X0Y0             PS8                          0.000     0.000 r  design_1_i/zynq_ultra_ps_e_0/inst/PS8_i/PLCLK[0]
                         net (fo=1, routed)           0.178     0.178    design_1_i/zynq_ultra_ps_e_0/inst/pl_clk_unbuffered[0]
    BUFG_PS_X0Y80        BUFG_PS (Prop_BUFG_PS_I_O)
                                                      0.029     0.207 r  design_1_i/zynq_ultra_ps_e_0/inst/buffer_pl_clk_0.PL_CLK_0_BUFG/O
    X1Y1 (CLOCK_ROOT)    net (fo=23783, routed)       2.609     2.816    design_1_i/axi_smc/inst/switchboards/r_switchboard/inst/gen_mi[0].inst_opipe_payld/aclk
    SLICE_X6Y77          FDRE                                         r  design_1_i/axi_smc/inst/switchboards/r_switchboard/inst/gen_mi[0].inst_opipe_payld/gen_pipe[1].pipe_reg[1][37]/C
                         clock pessimism             -0.218     2.598    
    SLICE_X6Y77          FDRE (Hold_CFF2_SLICEL_C_D)
                                                      0.055     2.653    design_1_i/axi_smc/inst/switchboards/r_switchboard/inst/gen_mi[0].inst_opipe_payld/gen_pipe[1].pipe_reg[1][37]
  -------------------------------------------------------------------
                         required time                         -2.653    
                         arrival time                           2.663    
  -------------------------------------------------------------------
                         slack                                  0.010    

Slack (MET) :             0.010ns  (arrival time - required time)
  Source:                 design_1_i/axi_smc/inst/m00_nodes/m00_r_node/inst/inst_mi_handler/gen_normal_area.inst_fifo_node_payld/gen_xpm_memory_fifo.inst_fifo/gen_mem_rep[0].inst_xpm_memory/xpm_memory_base_inst/gen_rd_b.gen_rd_b_synth_template.gen_rf_narrow_reg.doutb_reg_reg[40]/C
                            (rising edge-triggered cell FDRE clocked by clk_pl_0  {rise@0.000ns fall@5.000ns period=10.000ns})
  Destination:            design_1_i/axi_smc/inst/switchboards/r_switchboard/inst/gen_mi[0].inst_opipe_payld/gen_pipe[1].pipe_reg[1][40]/D
                            (rising edge-triggered cell FDRE clocked by clk_pl_0  {rise@0.000ns fall@5.000ns period=10.000ns})
  Path Group:             clk_pl_0
  Path Type:              Hold (Min at Slow Process Corner)
  Requirement:            0.000ns  (clk_pl_0 rise@0.000ns - clk_pl_0 rise@0.000ns)
  Data Path Delay:        0.182ns  (logic 0.072ns (39.560%)  route 0.110ns (60.440%))
  Logic Levels:           0  
  Clock Path Skew:        0.117ns (DCD - SCD - CPR)
    Destination Clock Delay (DCD):    2.816ns
    Source Clock Delay      (SCD):    2.481ns
    Clock Pessimism Removal (CPR):    0.218ns
  Clock Net Delay (Source):      2.314ns (routing 1.184ns, distribution 1.130ns)
  Clock Net Delay (Destination): 2.609ns (routing 1.302ns, distribution 1.307ns)

    Location             Delay type                Incr(ns)  Path(ns)    Netlist Resource(s)
  -------------------------------------------------------------------    -------------------
                         (clock clk_pl_0 rise edge)
                                                      0.000     0.000 r  
    PS8_X0Y0             PS8                          0.000     0.000 r  design_1_i/zynq_ultra_ps_e_0/inst/PS8_i/PLCLK[0]
                         net (fo=1, routed)           0.140     0.140    design_1_i/zynq_ultra_ps_e_0/inst/pl_clk_unbuffered[0]
    BUFG_PS_X0Y80        BUFG_PS (Prop_BUFG_PS_I_O)
                                                      0.027     0.167 r  design_1_i/zynq_ultra_ps_e_0/inst/buffer_pl_clk_0.PL_CLK_0_BUFG/O
    X1Y1 (CLOCK_ROOT)    net (fo=23783, routed)       2.314     2.481    design_1_i/axi_smc/inst/m00_nodes/m00_r_node/inst/inst_mi_handler/gen_normal_area.inst_fifo_node_payld/gen_xpm_memory_fifo.inst_fifo/gen_mem_rep[0].inst_xpm_memory/xpm_memory_base_inst/clka
    SLICE_X7Y76          FDRE                                         r  design_1_i/axi_smc/inst/m00_nodes/m00_r_node/inst/inst_mi_handler/gen_normal_area.inst_fifo_node_payld/gen_xpm_memory_fifo.inst_fifo/gen_mem_rep[0].inst_xpm_memory/xpm_memory_base_inst/gen_rd_b.gen_rd_b_synth_template.gen_rf_narrow_reg.doutb_reg_reg[40]/C
  -------------------------------------------------------------------    -------------------
    SLICE_X7Y76          FDRE (Prop_GFF2_SLICEM_C_Q)
                                                      0.072     2.553 r  design_1_i/axi_smc/inst/m00_nodes/m00_r_node/inst/inst_mi_handler/gen_normal_area.inst_fifo_node_payld/gen_xpm_memory_fifo.inst_fifo/gen_mem_rep[0].inst_xpm_memory/xpm_memory_base_inst/gen_rd_b.gen_rd_b_synth_template.gen_rf_narrow_reg.doutb_reg_reg[40]/Q
                         net (fo=1, routed)           0.110     2.663    design_1_i/axi_smc/inst/switchboards/r_switchboard/inst/gen_mi[0].inst_opipe_payld/s_sc_payld[30]
    SLICE_X6Y77          FDRE                                         r  design_1_i/axi_smc/inst/switchboards/r_switchboard/inst/gen_mi[0].inst_opipe_payld/gen_pipe[1].pipe_reg[1][40]/D
  -------------------------------------------------------------------    -------------------

                         (clock clk_pl_0 rise edge)
                                                      0.000     0.000 r  
    PS8_X0Y0             PS8                          0.000     0.000 r  design_1_i/zynq_ultra_ps_e_0/inst/PS8_i/PLCLK[0]
                         net (fo=1, routed)           0.178     0.178    design_1_i/zynq_ultra_ps_e_0/inst/pl_clk_unbuffered[0]
    BUFG_PS_X0Y80        BUFG_PS (Prop_BUFG_PS_I_O)
                                                      0.029     0.207 r  design_1_i/zynq_ultra_ps_e_0/inst/buffer_pl_clk_0.PL_CLK_0_BUFG/O
    X1Y1 (CLOCK_ROOT)    net (fo=23783, routed)       2.609     2.816    design_1_i/axi_smc/inst/switchboards/r_switchboard/inst/gen_mi[0].inst_opipe_payld/aclk
    SLICE_X6Y77          FDRE                                         r  design_1_i/axi_smc/inst/switchboards/r_switchboard/inst/gen_mi[0].inst_opipe_payld/gen_pipe[1].pipe_reg[1][40]/C
                         clock pessimism             -0.218     2.598    
    SLICE_X6Y77          FDRE (Hold_AFF2_SLICEL_C_D)
                                                      0.055     2.653    design_1_i/axi_smc/inst/switchboards/r_switchboard/inst/gen_mi[0].inst_opipe_payld/gen_pipe[1].pipe_reg[1][40]
  -------------------------------------------------------------------
                         required time                         -2.653    
                         arrival time                           2.663    
  -------------------------------------------------------------------
                         slack                                  0.010    

Slack (MET) :             0.010ns  (arrival time - required time)
  Source:                 design_1_i/vgg_accelerator_0/inst/max_pool_64_8_U0/p_ZZ8max_poolILi64ELi8EEvRN3hls6streamI8ap_fixedILi8ELi4EL9ap_q_mode0EL9ap_o_mode_50_U/q0_reg[4]/C
                            (rising edge-triggered cell FDRE clocked by clk_pl_0  {rise@0.000ns fall@5.000ns period=10.000ns})
  Destination:            design_1_i/vgg_accelerator_0/inst/max_pool_64_8_U0/reg_3362_reg[4]/D
                            (rising edge-triggered cell FDRE clocked by clk_pl_0  {rise@0.000ns fall@5.000ns period=10.000ns})
  Path Group:             clk_pl_0
  Path Type:              Hold (Min at Slow Process Corner)
  Requirement:            0.000ns  (clk_pl_0 rise@0.000ns - clk_pl_0 rise@0.000ns)
  Data Path Delay:        0.179ns  (logic 0.069ns (38.548%)  route 0.110ns (61.453%))
  Logic Levels:           0  
  Clock Path Skew:        0.114ns (DCD - SCD - CPR)
    Destination Clock Delay (DCD):    2.849ns
    Source Clock Delay      (SCD):    2.513ns
    Clock Pessimism Removal (CPR):    0.222ns
  Clock Net Delay (Source):      2.346ns (routing 1.184ns, distribution 1.162ns)
  Clock Net Delay (Destination): 2.642ns (routing 1.302ns, distribution 1.340ns)

    Location             Delay type                Incr(ns)  Path(ns)    Netlist Resource(s)
  -------------------------------------------------------------------    -------------------
                         (clock clk_pl_0 rise edge)
                                                      0.000     0.000 r  
    PS8_X0Y0             PS8                          0.000     0.000 r  design_1_i/zynq_ultra_ps_e_0/inst/PS8_i/PLCLK[0]
                         net (fo=1, routed)           0.140     0.140    design_1_i/zynq_ultra_ps_e_0/inst/pl_clk_unbuffered[0]
    BUFG_PS_X0Y80        BUFG_PS (Prop_BUFG_PS_I_O)
                                                      0.027     0.167 r  design_1_i/zynq_ultra_ps_e_0/inst/buffer_pl_clk_0.PL_CLK_0_BUFG/O
    X1Y1 (CLOCK_ROOT)    net (fo=23783, routed)       2.346     2.513    design_1_i/vgg_accelerator_0/inst/max_pool_64_8_U0/p_ZZ8max_poolILi64ELi8EEvRN3hls6streamI8ap_fixedILi8ELi4EL9ap_q_mode0EL9ap_o_mode_50_U/ap_clk
    SLICE_X10Y143        FDRE                                         r  design_1_i/vgg_accelerator_0/inst/max_pool_64_8_U0/p_ZZ8max_poolILi64ELi8EEvRN3hls6streamI8ap_fixedILi8ELi4EL9ap_q_mode0EL9ap_o_mode_50_U/q0_reg[4]/C
  -------------------------------------------------------------------    -------------------
    SLICE_X10Y143        FDRE (Prop_FFF_SLICEM_C_Q)
                                                      0.069     2.582 r  design_1_i/vgg_accelerator_0/inst/max_pool_64_8_U0/p_ZZ8max_poolILi64ELi8EEvRN3hls6streamI8ap_fixedILi8ELi4EL9ap_q_mode0EL9ap_o_mode_50_U/q0_reg[4]/Q
                         net (fo=1, routed)           0.110     2.692    design_1_i/vgg_accelerator_0/inst/max_pool_64_8_U0/p_ZZ8max_poolILi64ELi8EEvRN3hls6streamI8ap_fixedILi8ELi4EL9ap_q_mode0EL9ap_o_mode_50_U_n_6
    SLICE_X9Y142         FDRE                                         r  design_1_i/vgg_accelerator_0/inst/max_pool_64_8_U0/reg_3362_reg[4]/D
  -------------------------------------------------------------------    -------------------

                         (clock clk_pl_0 rise edge)
                                                      0.000     0.000 r  
    PS8_X0Y0             PS8                          0.000     0.000 r  design_1_i/zynq_ultra_ps_e_0/inst/PS8_i/PLCLK[0]
                         net (fo=1, routed)           0.178     0.178    design_1_i/zynq_ultra_ps_e_0/inst/pl_clk_unbuffered[0]
    BUFG_PS_X0Y80        BUFG_PS (Prop_BUFG_PS_I_O)
                                                      0.029     0.207 r  design_1_i/zynq_ultra_ps_e_0/inst/buffer_pl_clk_0.PL_CLK_0_BUFG/O
    X1Y1 (CLOCK_ROOT)    net (fo=23783, routed)       2.642     2.849    design_1_i/vgg_accelerator_0/inst/max_pool_64_8_U0/ap_clk
    SLICE_X9Y142         FDRE                                         r  design_1_i/vgg_accelerator_0/inst/max_pool_64_8_U0/reg_3362_reg[4]/C
                         clock pessimism             -0.222     2.627    
    SLICE_X9Y142         FDRE (Hold_GFF2_SLICEL_C_D)
                                                      0.055     2.682    design_1_i/vgg_accelerator_0/inst/max_pool_64_8_U0/reg_3362_reg[4]
  -------------------------------------------------------------------
                         required time                         -2.682    
                         arrival time                           2.692    
  -------------------------------------------------------------------
                         slack                                  0.010    

Slack (MET) :             0.010ns  (arrival time - required time)
  Source:                 design_1_i/axi_smc/inst/s00_nodes/s00_ar_node/inst/inst_mi_handler/gen_normal_area.inst_fifo_node_payld/gen_xpm_memory_fifo.inst_fifo/gen_mem_rep[0].inst_xpm_memory/xpm_memory_base_inst/gen_rd_b.gen_rd_b_synth_template.gen_rf_narrow_reg.doutb_reg_reg[88]/C
                            (rising edge-triggered cell FDRE clocked by clk_pl_0  {rise@0.000ns fall@5.000ns period=10.000ns})
  Destination:            design_1_i/axi_smc/inst/switchboards/ar_switchboard/inst/gen_mi[0].inst_opipe_payld/gen_pipe[1].pipe_reg[1][88]/D
                            (rising edge-triggered cell FDRE clocked by clk_pl_0  {rise@0.000ns fall@5.000ns period=10.000ns})
  Path Group:             clk_pl_0
  Path Type:              Hold (Min at Slow Process Corner)
  Requirement:            0.000ns  (clk_pl_0 rise@0.000ns - clk_pl_0 rise@0.000ns)
  Data Path Delay:        0.189ns  (logic 0.071ns (37.566%)  route 0.118ns (62.434%))
  Logic Levels:           0  
  Clock Path Skew:        0.124ns (DCD - SCD - CPR)
    Destination Clock Delay (DCD):    2.795ns
    Source Clock Delay      (SCD):    2.453ns
    Clock Pessimism Removal (CPR):    0.218ns
  Clock Net Delay (Source):      2.286ns (routing 1.184ns, distribution 1.102ns)
  Clock Net Delay (Destination): 2.588ns (routing 1.302ns, distribution 1.286ns)

    Location             Delay type                Incr(ns)  Path(ns)    Netlist Resource(s)
  -------------------------------------------------------------------    -------------------
                         (clock clk_pl_0 rise edge)
                                                      0.000     0.000 r  
    PS8_X0Y0             PS8                          0.000     0.000 r  design_1_i/zynq_ultra_ps_e_0/inst/PS8_i/PLCLK[0]
                         net (fo=1, routed)           0.140     0.140    design_1_i/zynq_ultra_ps_e_0/inst/pl_clk_unbuffered[0]
    BUFG_PS_X0Y80        BUFG_PS (Prop_BUFG_PS_I_O)
                                                      0.027     0.167 r  design_1_i/zynq_ultra_ps_e_0/inst/buffer_pl_clk_0.PL_CLK_0_BUFG/O
    X1Y1 (CLOCK_ROOT)    net (fo=23783, routed)       2.286     2.453    design_1_i/axi_smc/inst/s00_nodes/s00_ar_node/inst/inst_mi_handler/gen_normal_area.inst_fifo_node_payld/gen_xpm_memory_fifo.inst_fifo/gen_mem_rep[0].inst_xpm_memory/xpm_memory_base_inst/clka
    SLICE_X17Y70         FDRE                                         r  design_1_i/axi_smc/inst/s00_nodes/s00_ar_node/inst/inst_mi_handler/gen_normal_area.inst_fifo_node_payld/gen_xpm_memory_fifo.inst_fifo/gen_mem_rep[0].inst_xpm_memory/xpm_memory_base_inst/gen_rd_b.gen_rd_b_synth_template.gen_rf_narrow_reg.doutb_reg_reg[88]/C
  -------------------------------------------------------------------    -------------------
    SLICE_X17Y70         FDRE (Prop_CFF2_SLICEM_C_Q)
                                                      0.071     2.524 r  design_1_i/axi_smc/inst/s00_nodes/s00_ar_node/inst/inst_mi_handler/gen_normal_area.inst_fifo_node_payld/gen_xpm_memory_fifo.inst_fifo/gen_mem_rep[0].inst_xpm_memory/xpm_memory_base_inst/gen_rd_b.gen_rd_b_synth_template.gen_rf_narrow_reg.doutb_reg_reg[88]/Q
                         net (fo=1, routed)           0.118     2.642    design_1_i/axi_smc/inst/switchboards/ar_switchboard/inst/gen_mi[0].inst_opipe_payld/s_sc_payld[31]
    SLICE_X16Y69         FDRE                                         r  design_1_i/axi_smc/inst/switchboards/ar_switchboard/inst/gen_mi[0].inst_opipe_payld/gen_pipe[1].pipe_reg[1][88]/D
  -------------------------------------------------------------------    -------------------

                         (clock clk_pl_0 rise edge)
                                                      0.000     0.000 r  
    PS8_X0Y0             PS8                          0.000     0.000 r  design_1_i/zynq_ultra_ps_e_0/inst/PS8_i/PLCLK[0]
                         net (fo=1, routed)           0.178     0.178    design_1_i/zynq_ultra_ps_e_0/inst/pl_clk_unbuffered[0]
    BUFG_PS_X0Y80        BUFG_PS (Prop_BUFG_PS_I_O)
                                                      0.029     0.207 r  design_1_i/zynq_ultra_ps_e_0/inst/buffer_pl_clk_0.PL_CLK_0_BUFG/O
    X1Y1 (CLOCK_ROOT)    net (fo=23783, routed)       2.588     2.795    design_1_i/axi_smc/inst/switchboards/ar_switchboard/inst/gen_mi[0].inst_opipe_payld/aclk
    SLICE_X16Y69         FDRE                                         r  design_1_i/axi_smc/inst/switchboards/ar_switchboard/inst/gen_mi[0].inst_opipe_payld/gen_pipe[1].pipe_reg[1][88]/C
                         clock pessimism             -0.218     2.577    
    SLICE_X16Y69         FDRE (Hold_GFF2_SLICEL_C_D)
                                                      0.055     2.632    design_1_i/axi_smc/inst/switchboards/ar_switchboard/inst/gen_mi[0].inst_opipe_payld/gen_pipe[1].pipe_reg[1][88]
  -------------------------------------------------------------------
                         required time                         -2.632    
                         arrival time                           2.642    
  -------------------------------------------------------------------
                         slack                                  0.010    

Slack (MET) :             0.010ns  (arrival time - required time)
  Source:                 design_1_i/axi_dma_0/U0/I_PRMRY_DATAMOVER/GEN_S2MM_FULL.I_S2MM_FULL_WRAPPER/GEN_INCLUDE_IBTTCC.I_S2MM_MSTR_IBTTCC/sig_realign_btt_reg_reg[16]/C
                            (rising edge-triggered cell FDRE clocked by clk_pl_0  {rise@0.000ns fall@5.000ns period=10.000ns})
  Destination:            design_1_i/axi_dma_0/U0/I_PRMRY_DATAMOVER/GEN_S2MM_FULL.I_S2MM_FULL_WRAPPER/GEN_INCLUDE_REALIGNER.I_S2MM_REALIGNER/I_DRE_CNTL_FIFO/USE_SRL_FIFO.I_SYNC_FIFO/I_SRL_FIFO_RBU_F/DYNSHREG_F_I/INFERRED_GEN.data_reg[3][14]_srl4/D
                            (rising edge-triggered cell SRL16E clocked by clk_pl_0  {rise@0.000ns fall@5.000ns period=10.000ns})
  Path Group:             clk_pl_0
  Path Type:              Hold (Min at Fast Process Corner)
  Requirement:            0.000ns  (clk_pl_0 rise@0.000ns - clk_pl_0 rise@0.000ns)
  Data Path Delay:        0.097ns  (logic 0.038ns (39.175%)  route 0.059ns (60.825%))
  Logic Levels:           0  
  Clock Path Skew:        0.041ns (DCD - SCD - CPR)
    Destination Clock Delay (DCD):    1.626ns
    Source Clock Delay      (SCD):    1.407ns
    Clock Pessimism Removal (CPR):    0.179ns
  Clock Net Delay (Source):      1.296ns (routing 0.658ns, distribution 0.638ns)
  Clock Net Delay (Destination): 1.488ns (routing 0.738ns, distribution 0.750ns)

    Location             Delay type                Incr(ns)  Path(ns)    Netlist Resource(s)
  -------------------------------------------------------------------    -------------------
                         (clock clk_pl_0 rise edge)
                                                      0.000     0.000 r  
    PS8_X0Y0             PS8                          0.000     0.000 r  design_1_i/zynq_ultra_ps_e_0/inst/PS8_i/PLCLK[0]
                         net (fo=1, routed)           0.094     0.094    design_1_i/zynq_ultra_ps_e_0/inst/pl_clk_unbuffered[0]
    BUFG_PS_X0Y80        BUFG_PS (Prop_BUFG_PS_I_O)
                                                      0.017     0.111 r  design_1_i/zynq_ultra_ps_e_0/inst/buffer_pl_clk_0.PL_CLK_0_BUFG/O
    X1Y1 (CLOCK_ROOT)    net (fo=23783, routed)       1.296     1.407    design_1_i/axi_dma_0/U0/I_PRMRY_DATAMOVER/GEN_S2MM_FULL.I_S2MM_FULL_WRAPPER/GEN_INCLUDE_IBTTCC.I_S2MM_MSTR_IBTTCC/m_axi_s2mm_aclk
    SLICE_X20Y54         FDRE                                         r  design_1_i/axi_dma_0/U0/I_PRMRY_DATAMOVER/GEN_S2MM_FULL.I_S2MM_FULL_WRAPPER/GEN_INCLUDE_IBTTCC.I_S2MM_MSTR_IBTTCC/sig_realign_btt_reg_reg[16]/C
  -------------------------------------------------------------------    -------------------
    SLICE_X20Y54         FDRE (Prop_AFF_SLICEM_C_Q)
                                                      0.038     1.445 r  design_1_i/axi_dma_0/U0/I_PRMRY_DATAMOVER/GEN_S2MM_FULL.I_S2MM_FULL_WRAPPER/GEN_INCLUDE_IBTTCC.I_S2MM_MSTR_IBTTCC/sig_realign_btt_reg_reg[16]/Q
                         net (fo=1, routed)           0.059     1.504    design_1_i/axi_dma_0/U0/I_PRMRY_DATAMOVER/GEN_S2MM_FULL.I_S2MM_FULL_WRAPPER/GEN_INCLUDE_REALIGNER.I_S2MM_REALIGNER/I_DRE_CNTL_FIFO/USE_SRL_FIFO.I_SYNC_FIFO/I_SRL_FIFO_RBU_F/DYNSHREG_F_I/in[16]
    SLICE_X20Y53         SRL16E                                       r  design_1_i/axi_dma_0/U0/I_PRMRY_DATAMOVER/GEN_S2MM_FULL.I_S2MM_FULL_WRAPPER/GEN_INCLUDE_REALIGNER.I_S2MM_REALIGNER/I_DRE_CNTL_FIFO/USE_SRL_FIFO.I_SYNC_FIFO/I_SRL_FIFO_RBU_F/DYNSHREG_F_I/INFERRED_GEN.data_reg[3][14]_srl4/D
  -------------------------------------------------------------------    -------------------

                         (clock clk_pl_0 rise edge)
                                                      0.000     0.000 r  
    PS8_X0Y0             PS8                          0.000     0.000 r  design_1_i/zynq_ultra_ps_e_0/inst/PS8_i/PLCLK[0]
                         net (fo=1, routed)           0.120     0.120    design_1_i/zynq_ultra_ps_e_0/inst/pl_clk_unbuffered[0]
    BUFG_PS_X0Y80        BUFG_PS (Prop_BUFG_PS_I_O)
                                                      0.018     0.138 r  design_1_i/zynq_ultra_ps_e_0/inst/buffer_pl_clk_0.PL_CLK_0_BUFG/O
    X1Y1 (CLOCK_ROOT)    net (fo=23783, routed)       1.488     1.626    design_1_i/axi_dma_0/U0/I_PRMRY_DATAMOVER/GEN_S2MM_FULL.I_S2MM_FULL_WRAPPER/GEN_INCLUDE_REALIGNER.I_S2MM_REALIGNER/I_DRE_CNTL_FIFO/USE_SRL_FIFO.I_SYNC_FIFO/I_SRL_FIFO_RBU_F/DYNSHREG_F_I/m_axi_s2mm_aclk
    SLICE_X20Y53         SRL16E                                       r  design_1_i/axi_dma_0/U0/I_PRMRY_DATAMOVER/GEN_S2MM_FULL.I_S2MM_FULL_WRAPPER/GEN_INCLUDE_REALIGNER.I_S2MM_REALIGNER/I_DRE_CNTL_FIFO/USE_SRL_FIFO.I_SYNC_FIFO/I_SRL_FIFO_RBU_F/DYNSHREG_F_I/INFERRED_GEN.data_reg[3][14]_srl4/CLK
                         clock pessimism             -0.179     1.447    
    SLICE_X20Y53         SRL16E (Hold_D5LUT_SLICEM_CLK_D)
                                                      0.046     1.493    design_1_i/axi_dma_0/U0/I_PRMRY_DATAMOVER/GEN_S2MM_FULL.I_S2MM_FULL_WRAPPER/GEN_INCLUDE_REALIGNER.I_S2MM_REALIGNER/I_DRE_CNTL_FIFO/USE_SRL_FIFO.I_SYNC_FIFO/I_SRL_FIFO_RBU_F/DYNSHREG_F_I/INFERRED_GEN.data_reg[3][14]_srl4
  -------------------------------------------------------------------
                         required time                         -1.493    
                         arrival time                           1.504    
  -------------------------------------------------------------------
                         slack                                  0.010    

Slack (MET) :             0.010ns  (arrival time - required time)
  Source:                 design_1_i/axi_smc/inst/m00_nodes/m00_w_node/inst/inst_mi_handler/gen_normal_area.inst_fifo_node_payld/gen_xpm_memory_fifo.inst_fifo/gen_mem_rep[0].inst_wr_addra/count_r_reg[1]/C
                            (rising edge-triggered cell FDRE clocked by clk_pl_0  {rise@0.000ns fall@5.000ns period=10.000ns})
  Destination:            design_1_i/axi_smc/inst/m00_nodes/m00_w_node/inst/inst_mi_handler/gen_normal_area.inst_fifo_node_payld/gen_xpm_memory_fifo.inst_fifo/gen_mem_rep[0].inst_xpm_memory/xpm_memory_base_inst/gen_wr_a.gen_word_narrow.mem_reg_0_31_14_27/RAMA/WADR1
                            (rising edge-triggered cell RAMD32 clocked by clk_pl_0  {rise@0.000ns fall@5.000ns period=10.000ns})
  Path Group:             clk_pl_0
  Path Type:              Hold (Min at Slow Process Corner)
  Requirement:            0.000ns  (clk_pl_0 rise@0.000ns - clk_pl_0 rise@0.000ns)
  Data Path Delay:        0.286ns  (logic 0.072ns (25.213%)  route 0.214ns (74.787%))
  Logic Levels:           0  
  Clock Path Skew:        0.182ns (DCD - SCD - CPR)
    Destination Clock Delay (DCD):    2.883ns
    Source Clock Delay      (SCD):    2.483ns
    Clock Pessimism Removal (CPR):    0.218ns
  Clock Net Delay (Source):      2.316ns (routing 1.184ns, distribution 1.132ns)
  Clock Net Delay (Destination): 2.676ns (routing 1.302ns, distribution 1.374ns)

    Location             Delay type                Incr(ns)  Path(ns)    Netlist Resource(s)
  -------------------------------------------------------------------    -------------------
                         (clock clk_pl_0 rise edge)
                                                      0.000     0.000 r  
    PS8_X0Y0             PS8                          0.000     0.000 r  design_1_i/zynq_ultra_ps_e_0/inst/PS8_i/PLCLK[0]
                         net (fo=1, routed)           0.140     0.140    design_1_i/zynq_ultra_ps_e_0/inst/pl_clk_unbuffered[0]
    BUFG_PS_X0Y80        BUFG_PS (Prop_BUFG_PS_I_O)
                                                      0.027     0.167 r  design_1_i/zynq_ultra_ps_e_0/inst/buffer_pl_clk_0.PL_CLK_0_BUFG/O
    X1Y1 (CLOCK_ROOT)    net (fo=23783, routed)       2.316     2.483    design_1_i/axi_smc/inst/m00_nodes/m00_w_node/inst/inst_mi_handler/gen_normal_area.inst_fifo_node_payld/gen_xpm_memory_fifo.inst_fifo/gen_mem_rep[0].inst_wr_addra/s_sc_aclk
    SLICE_X4Y67          FDRE                                         r  design_1_i/axi_smc/inst/m00_nodes/m00_w_node/inst/inst_mi_handler/gen_normal_area.inst_fifo_node_payld/gen_xpm_memory_fifo.inst_fifo/gen_mem_rep[0].inst_wr_addra/count_r_reg[1]/C
  -------------------------------------------------------------------    -------------------
    SLICE_X4Y67          FDRE (Prop_EFF2_SLICEM_C_Q)
                                                      0.072     2.555 r  design_1_i/axi_smc/inst/m00_nodes/m00_w_node/inst/inst_mi_handler/gen_normal_area.inst_fifo_node_payld/gen_xpm_memory_fifo.inst_fifo/gen_mem_rep[0].inst_wr_addra/count_r_reg[1]/Q
                         net (fo=182, routed)         0.214     2.769    design_1_i/axi_smc/inst/m00_nodes/m00_w_node/inst/inst_mi_handler/gen_normal_area.inst_fifo_node_payld/gen_xpm_memory_fifo.inst_fifo/gen_mem_rep[0].inst_xpm_memory/xpm_memory_base_inst/gen_wr_a.gen_word_narrow.mem_reg_0_31_14_27/ADDRH1
    SLICE_X5Y68          RAMD32                                       r  design_1_i/axi_smc/inst/m00_nodes/m00_w_node/inst/inst_mi_handler/gen_normal_area.inst_fifo_node_payld/gen_xpm_memory_fifo.inst_fifo/gen_mem_rep[0].inst_xpm_memory/xpm_memory_base_inst/gen_wr_a.gen_word_narrow.mem_reg_0_31_14_27/RAMA/WADR1
  -------------------------------------------------------------------    -------------------

                         (clock clk_pl_0 rise edge)
                                                      0.000     0.000 r  
    PS8_X0Y0             PS8                          0.000     0.000 r  design_1_i/zynq_ultra_ps_e_0/inst/PS8_i/PLCLK[0]
                         net (fo=1, routed)           0.178     0.178    design_1_i/zynq_ultra_ps_e_0/inst/pl_clk_unbuffered[0]
    BUFG_PS_X0Y80        BUFG_PS (Prop_BUFG_PS_I_O)
                                                      0.029     0.207 r  design_1_i/zynq_ultra_ps_e_0/inst/buffer_pl_clk_0.PL_CLK_0_BUFG/O
    X1Y1 (CLOCK_ROOT)    net (fo=23783, routed)       2.676     2.883    design_1_i/axi_smc/inst/m00_nodes/m00_w_node/inst/inst_mi_handler/gen_normal_area.inst_fifo_node_payld/gen_xpm_memory_fifo.inst_fifo/gen_mem_rep[0].inst_xpm_memory/xpm_memory_base_inst/gen_wr_a.gen_word_narrow.mem_reg_0_31_14_27/WCLK
    SLICE_X5Y68          RAMD32                                       r  design_1_i/axi_smc/inst/m00_nodes/m00_w_node/inst/inst_mi_handler/gen_normal_area.inst_fifo_node_payld/gen_xpm_memory_fifo.inst_fifo/gen_mem_rep[0].inst_xpm_memory/xpm_memory_base_inst/gen_wr_a.gen_word_narrow.mem_reg_0_31_14_27/RAMA/CLK
                         clock pessimism             -0.218     2.665    
    SLICE_X5Y68          RAMD32 (Hold_A5LUT_SLICEM_CLK_WADR1)
                                                      0.093     2.758    design_1_i/axi_smc/inst/m00_nodes/m00_w_node/inst/inst_mi_handler/gen_normal_area.inst_fifo_node_payld/gen_xpm_memory_fifo.inst_fifo/gen_mem_rep[0].inst_xpm_memory/xpm_memory_base_inst/gen_wr_a.gen_word_narrow.mem_reg_0_31_14_27/RAMA
  -------------------------------------------------------------------
                         required time                         -2.758    
                         arrival time                           2.769    
  -------------------------------------------------------------------
                         slack                                  0.010    

Slack (MET) :             0.010ns  (arrival time - required time)
  Source:                 design_1_i/axi_smc/inst/m00_nodes/m00_w_node/inst/inst_mi_handler/gen_normal_area.inst_fifo_node_payld/gen_xpm_memory_fifo.inst_fifo/gen_mem_rep[0].inst_wr_addra/count_r_reg[1]/C
                            (rising edge-triggered cell FDRE clocked by clk_pl_0  {rise@0.000ns fall@5.000ns period=10.000ns})
  Destination:            design_1_i/axi_smc/inst/m00_nodes/m00_w_node/inst/inst_mi_handler/gen_normal_area.inst_fifo_node_payld/gen_xpm_memory_fifo.inst_fifo/gen_mem_rep[0].inst_xpm_memory/xpm_memory_base_inst/gen_wr_a.gen_word_narrow.mem_reg_0_31_14_27/RAMA_D1/WADR1
                            (rising edge-triggered cell RAMD32 clocked by clk_pl_0  {rise@0.000ns fall@5.000ns period=10.000ns})
  Path Group:             clk_pl_0
  Path Type:              Hold (Min at Slow Process Corner)
  Requirement:            0.000ns  (clk_pl_0 rise@0.000ns - clk_pl_0 rise@0.000ns)
  Data Path Delay:        0.286ns  (logic 0.072ns (25.213%)  route 0.214ns (74.787%))
  Logic Levels:           0  
  Clock Path Skew:        0.182ns (DCD - SCD - CPR)
    Destination Clock Delay (DCD):    2.883ns
    Source Clock Delay      (SCD):    2.483ns
    Clock Pessimism Removal (CPR):    0.218ns
  Clock Net Delay (Source):      2.316ns (routing 1.184ns, distribution 1.132ns)
  Clock Net Delay (Destination): 2.676ns (routing 1.302ns, distribution 1.374ns)

    Location             Delay type                Incr(ns)  Path(ns)    Netlist Resource(s)
  -------------------------------------------------------------------    -------------------
                         (clock clk_pl_0 rise edge)
                                                      0.000     0.000 r  
    PS8_X0Y0             PS8                          0.000     0.000 r  design_1_i/zynq_ultra_ps_e_0/inst/PS8_i/PLCLK[0]
                         net (fo=1, routed)           0.140     0.140    design_1_i/zynq_ultra_ps_e_0/inst/pl_clk_unbuffered[0]
    BUFG_PS_X0Y80        BUFG_PS (Prop_BUFG_PS_I_O)
                                                      0.027     0.167 r  design_1_i/zynq_ultra_ps_e_0/inst/buffer_pl_clk_0.PL_CLK_0_BUFG/O
    X1Y1 (CLOCK_ROOT)    net (fo=23783, routed)       2.316     2.483    design_1_i/axi_smc/inst/m00_nodes/m00_w_node/inst/inst_mi_handler/gen_normal_area.inst_fifo_node_payld/gen_xpm_memory_fifo.inst_fifo/gen_mem_rep[0].inst_wr_addra/s_sc_aclk
    SLICE_X4Y67          FDRE                                         r  design_1_i/axi_smc/inst/m00_nodes/m00_w_node/inst/inst_mi_handler/gen_normal_area.inst_fifo_node_payld/gen_xpm_memory_fifo.inst_fifo/gen_mem_rep[0].inst_wr_addra/count_r_reg[1]/C
  -------------------------------------------------------------------    -------------------
    SLICE_X4Y67          FDRE (Prop_EFF2_SLICEM_C_Q)
                                                      0.072     2.555 r  design_1_i/axi_smc/inst/m00_nodes/m00_w_node/inst/inst_mi_handler/gen_normal_area.inst_fifo_node_payld/gen_xpm_memory_fifo.inst_fifo/gen_mem_rep[0].inst_wr_addra/count_r_reg[1]/Q
                         net (fo=182, routed)         0.214     2.769    design_1_i/axi_smc/inst/m00_nodes/m00_w_node/inst/inst_mi_handler/gen_normal_area.inst_fifo_node_payld/gen_xpm_memory_fifo.inst_fifo/gen_mem_rep[0].inst_xpm_memory/xpm_memory_base_inst/gen_wr_a.gen_word_narrow.mem_reg_0_31_14_27/ADDRH1
    SLICE_X5Y68          RAMD32                                       r  design_1_i/axi_smc/inst/m00_nodes/m00_w_node/inst/inst_mi_handler/gen_normal_area.inst_fifo_node_payld/gen_xpm_memory_fifo.inst_fifo/gen_mem_rep[0].inst_xpm_memory/xpm_memory_base_inst/gen_wr_a.gen_word_narrow.mem_reg_0_31_14_27/RAMA_D1/WADR1
  -------------------------------------------------------------------    -------------------

                         (clock clk_pl_0 rise edge)
                                                      0.000     0.000 r  
    PS8_X0Y0             PS8                          0.000     0.000 r  design_1_i/zynq_ultra_ps_e_0/inst/PS8_i/PLCLK[0]
                         net (fo=1, routed)           0.178     0.178    design_1_i/zynq_ultra_ps_e_0/inst/pl_clk_unbuffered[0]
    BUFG_PS_X0Y80        BUFG_PS (Prop_BUFG_PS_I_O)
                                                      0.029     0.207 r  design_1_i/zynq_ultra_ps_e_0/inst/buffer_pl_clk_0.PL_CLK_0_BUFG/O
    X1Y1 (CLOCK_ROOT)    net (fo=23783, routed)       2.676     2.883    design_1_i/axi_smc/inst/m00_nodes/m00_w_node/inst/inst_mi_handler/gen_normal_area.inst_fifo_node_payld/gen_xpm_memory_fifo.inst_fifo/gen_mem_rep[0].inst_xpm_memory/xpm_memory_base_inst/gen_wr_a.gen_word_narrow.mem_reg_0_31_14_27/WCLK
    SLICE_X5Y68          RAMD32                                       r  design_1_i/axi_smc/inst/m00_nodes/m00_w_node/inst/inst_mi_handler/gen_normal_area.inst_fifo_node_payld/gen_xpm_memory_fifo.inst_fifo/gen_mem_rep[0].inst_xpm_memory/xpm_memory_base_inst/gen_wr_a.gen_word_narrow.mem_reg_0_31_14_27/RAMA_D1/CLK
                         clock pessimism             -0.218     2.665    
    SLICE_X5Y68          RAMD32 (Hold_A6LUT_SLICEM_CLK_WADR1)
                                                      0.093     2.758    design_1_i/axi_smc/inst/m00_nodes/m00_w_node/inst/inst_mi_handler/gen_normal_area.inst_fifo_node_payld/gen_xpm_memory_fifo.inst_fifo/gen_mem_rep[0].inst_xpm_memory/xpm_memory_base_inst/gen_wr_a.gen_word_narrow.mem_reg_0_31_14_27/RAMA_D1
  -------------------------------------------------------------------
                         required time                         -2.758    
                         arrival time                           2.769    
  -------------------------------------------------------------------
                         slack                                  0.010    

Slack (MET) :             0.010ns  (arrival time - required time)
  Source:                 design_1_i/axi_smc/inst/m00_nodes/m00_w_node/inst/inst_mi_handler/gen_normal_area.inst_fifo_node_payld/gen_xpm_memory_fifo.inst_fifo/gen_mem_rep[0].inst_wr_addra/count_r_reg[1]/C
                            (rising edge-triggered cell FDRE clocked by clk_pl_0  {rise@0.000ns fall@5.000ns period=10.000ns})
  Destination:            design_1_i/axi_smc/inst/m00_nodes/m00_w_node/inst/inst_mi_handler/gen_normal_area.inst_fifo_node_payld/gen_xpm_memory_fifo.inst_fifo/gen_mem_rep[0].inst_xpm_memory/xpm_memory_base_inst/gen_wr_a.gen_word_narrow.mem_reg_0_31_14_27/RAMB/WADR1
                            (rising edge-triggered cell RAMD32 clocked by clk_pl_0  {rise@0.000ns fall@5.000ns period=10.000ns})
  Path Group:             clk_pl_0
  Path Type:              Hold (Min at Slow Process Corner)
  Requirement:            0.000ns  (clk_pl_0 rise@0.000ns - clk_pl_0 rise@0.000ns)
  Data Path Delay:        0.286ns  (logic 0.072ns (25.213%)  route 0.214ns (74.787%))
  Logic Levels:           0  
  Clock Path Skew:        0.182ns (DCD - SCD - CPR)
    Destination Clock Delay (DCD):    2.883ns
    Source Clock Delay      (SCD):    2.483ns
    Clock Pessimism Removal (CPR):    0.218ns
  Clock Net Delay (Source):      2.316ns (routing 1.184ns, distribution 1.132ns)
  Clock Net Delay (Destination): 2.676ns (routing 1.302ns, distribution 1.374ns)

    Location             Delay type                Incr(ns)  Path(ns)    Netlist Resource(s)
  -------------------------------------------------------------------    -------------------
                         (clock clk_pl_0 rise edge)
                                                      0.000     0.000 r  
    PS8_X0Y0             PS8                          0.000     0.000 r  design_1_i/zynq_ultra_ps_e_0/inst/PS8_i/PLCLK[0]
                         net (fo=1, routed)           0.140     0.140    design_1_i/zynq_ultra_ps_e_0/inst/pl_clk_unbuffered[0]
    BUFG_PS_X0Y80        BUFG_PS (Prop_BUFG_PS_I_O)
                                                      0.027     0.167 r  design_1_i/zynq_ultra_ps_e_0/inst/buffer_pl_clk_0.PL_CLK_0_BUFG/O
    X1Y1 (CLOCK_ROOT)    net (fo=23783, routed)       2.316     2.483    design_1_i/axi_smc/inst/m00_nodes/m00_w_node/inst/inst_mi_handler/gen_normal_area.inst_fifo_node_payld/gen_xpm_memory_fifo.inst_fifo/gen_mem_rep[0].inst_wr_addra/s_sc_aclk
    SLICE_X4Y67          FDRE                                         r  design_1_i/axi_smc/inst/m00_nodes/m00_w_node/inst/inst_mi_handler/gen_normal_area.inst_fifo_node_payld/gen_xpm_memory_fifo.inst_fifo/gen_mem_rep[0].inst_wr_addra/count_r_reg[1]/C
  -------------------------------------------------------------------    -------------------
    SLICE_X4Y67          FDRE (Prop_EFF2_SLICEM_C_Q)
                                                      0.072     2.555 r  design_1_i/axi_smc/inst/m00_nodes/m00_w_node/inst/inst_mi_handler/gen_normal_area.inst_fifo_node_payld/gen_xpm_memory_fifo.inst_fifo/gen_mem_rep[0].inst_wr_addra/count_r_reg[1]/Q
                         net (fo=182, routed)         0.214     2.769    design_1_i/axi_smc/inst/m00_nodes/m00_w_node/inst/inst_mi_handler/gen_normal_area.inst_fifo_node_payld/gen_xpm_memory_fifo.inst_fifo/gen_mem_rep[0].inst_xpm_memory/xpm_memory_base_inst/gen_wr_a.gen_word_narrow.mem_reg_0_31_14_27/ADDRH1
    SLICE_X5Y68          RAMD32                                       r  design_1_i/axi_smc/inst/m00_nodes/m00_w_node/inst/inst_mi_handler/gen_normal_area.inst_fifo_node_payld/gen_xpm_memory_fifo.inst_fifo/gen_mem_rep[0].inst_xpm_memory/xpm_memory_base_inst/gen_wr_a.gen_word_narrow.mem_reg_0_31_14_27/RAMB/WADR1
  -------------------------------------------------------------------    -------------------

                         (clock clk_pl_0 rise edge)
                                                      0.000     0.000 r  
    PS8_X0Y0             PS8                          0.000     0.000 r  design_1_i/zynq_ultra_ps_e_0/inst/PS8_i/PLCLK[0]
                         net (fo=1, routed)           0.178     0.178    design_1_i/zynq_ultra_ps_e_0/inst/pl_clk_unbuffered[0]
    BUFG_PS_X0Y80        BUFG_PS (Prop_BUFG_PS_I_O)
                                                      0.029     0.207 r  design_1_i/zynq_ultra_ps_e_0/inst/buffer_pl_clk_0.PL_CLK_0_BUFG/O
    X1Y1 (CLOCK_ROOT)    net (fo=23783, routed)       2.676     2.883    design_1_i/axi_smc/inst/m00_nodes/m00_w_node/inst/inst_mi_handler/gen_normal_area.inst_fifo_node_payld/gen_xpm_memory_fifo.inst_fifo/gen_mem_rep[0].inst_xpm_memory/xpm_memory_base_inst/gen_wr_a.gen_word_narrow.mem_reg_0_31_14_27/WCLK
    SLICE_X5Y68          RAMD32                                       r  design_1_i/axi_smc/inst/m00_nodes/m00_w_node/inst/inst_mi_handler/gen_normal_area.inst_fifo_node_payld/gen_xpm_memory_fifo.inst_fifo/gen_mem_rep[0].inst_xpm_memory/xpm_memory_base_inst/gen_wr_a.gen_word_narrow.mem_reg_0_31_14_27/RAMB/CLK
                         clock pessimism             -0.218     2.665    
    SLICE_X5Y68          RAMD32 (Hold_B5LUT_SLICEM_CLK_WADR1)
                                                      0.093     2.758    design_1_i/axi_smc/inst/m00_nodes/m00_w_node/inst/inst_mi_handler/gen_normal_area.inst_fifo_node_payld/gen_xpm_memory_fifo.inst_fifo/gen_mem_rep[0].inst_xpm_memory/xpm_memory_base_inst/gen_wr_a.gen_word_narrow.mem_reg_0_31_14_27/RAMB
  -------------------------------------------------------------------
                         required time                         -2.758    
                         arrival time                           2.769    
  -------------------------------------------------------------------
                         slack                                  0.010    

Slack (MET) :             0.010ns  (arrival time - required time)
  Source:                 design_1_i/axi_smc/inst/m00_nodes/m00_w_node/inst/inst_mi_handler/gen_normal_area.inst_fifo_node_payld/gen_xpm_memory_fifo.inst_fifo/gen_mem_rep[0].inst_wr_addra/count_r_reg[1]/C
                            (rising edge-triggered cell FDRE clocked by clk_pl_0  {rise@0.000ns fall@5.000ns period=10.000ns})
  Destination:            design_1_i/axi_smc/inst/m00_nodes/m00_w_node/inst/inst_mi_handler/gen_normal_area.inst_fifo_node_payld/gen_xpm_memory_fifo.inst_fifo/gen_mem_rep[0].inst_xpm_memory/xpm_memory_base_inst/gen_wr_a.gen_word_narrow.mem_reg_0_31_14_27/RAMB_D1/WADR1
                            (rising edge-triggered cell RAMD32 clocked by clk_pl_0  {rise@0.000ns fall@5.000ns period=10.000ns})
  Path Group:             clk_pl_0
  Path Type:              Hold (Min at Slow Process Corner)
  Requirement:            0.000ns  (clk_pl_0 rise@0.000ns - clk_pl_0 rise@0.000ns)
  Data Path Delay:        0.286ns  (logic 0.072ns (25.213%)  route 0.214ns (74.787%))
  Logic Levels:           0  
  Clock Path Skew:        0.182ns (DCD - SCD - CPR)
    Destination Clock Delay (DCD):    2.883ns
    Source Clock Delay      (SCD):    2.483ns
    Clock Pessimism Removal (CPR):    0.218ns
  Clock Net Delay (Source):      2.316ns (routing 1.184ns, distribution 1.132ns)
  Clock Net Delay (Destination): 2.676ns (routing 1.302ns, distribution 1.374ns)

    Location             Delay type                Incr(ns)  Path(ns)    Netlist Resource(s)
  -------------------------------------------------------------------    -------------------
                         (clock clk_pl_0 rise edge)
                                                      0.000     0.000 r  
    PS8_X0Y0             PS8                          0.000     0.000 r  design_1_i/zynq_ultra_ps_e_0/inst/PS8_i/PLCLK[0]
                         net (fo=1, routed)           0.140     0.140    design_1_i/zynq_ultra_ps_e_0/inst/pl_clk_unbuffered[0]
    BUFG_PS_X0Y80        BUFG_PS (Prop_BUFG_PS_I_O)
                                                      0.027     0.167 r  design_1_i/zynq_ultra_ps_e_0/inst/buffer_pl_clk_0.PL_CLK_0_BUFG/O
    X1Y1 (CLOCK_ROOT)    net (fo=23783, routed)       2.316     2.483    design_1_i/axi_smc/inst/m00_nodes/m00_w_node/inst/inst_mi_handler/gen_normal_area.inst_fifo_node_payld/gen_xpm_memory_fifo.inst_fifo/gen_mem_rep[0].inst_wr_addra/s_sc_aclk
    SLICE_X4Y67          FDRE                                         r  design_1_i/axi_smc/inst/m00_nodes/m00_w_node/inst/inst_mi_handler/gen_normal_area.inst_fifo_node_payld/gen_xpm_memory_fifo.inst_fifo/gen_mem_rep[0].inst_wr_addra/count_r_reg[1]/C
  -------------------------------------------------------------------    -------------------
    SLICE_X4Y67          FDRE (Prop_EFF2_SLICEM_C_Q)
                                                      0.072     2.555 r  design_1_i/axi_smc/inst/m00_nodes/m00_w_node/inst/inst_mi_handler/gen_normal_area.inst_fifo_node_payld/gen_xpm_memory_fifo.inst_fifo/gen_mem_rep[0].inst_wr_addra/count_r_reg[1]/Q
                         net (fo=182, routed)         0.214     2.769    design_1_i/axi_smc/inst/m00_nodes/m00_w_node/inst/inst_mi_handler/gen_normal_area.inst_fifo_node_payld/gen_xpm_memory_fifo.inst_fifo/gen_mem_rep[0].inst_xpm_memory/xpm_memory_base_inst/gen_wr_a.gen_word_narrow.mem_reg_0_31_14_27/ADDRH1
    SLICE_X5Y68          RAMD32                                       r  design_1_i/axi_smc/inst/m00_nodes/m00_w_node/inst/inst_mi_handler/gen_normal_area.inst_fifo_node_payld/gen_xpm_memory_fifo.inst_fifo/gen_mem_rep[0].inst_xpm_memory/xpm_memory_base_inst/gen_wr_a.gen_word_narrow.mem_reg_0_31_14_27/RAMB_D1/WADR1
  -------------------------------------------------------------------    -------------------

                         (clock clk_pl_0 rise edge)
                                                      0.000     0.000 r  
    PS8_X0Y0             PS8                          0.000     0.000 r  design_1_i/zynq_ultra_ps_e_0/inst/PS8_i/PLCLK[0]
                         net (fo=1, routed)           0.178     0.178    design_1_i/zynq_ultra_ps_e_0/inst/pl_clk_unbuffered[0]
    BUFG_PS_X0Y80        BUFG_PS (Prop_BUFG_PS_I_O)
                                                      0.029     0.207 r  design_1_i/zynq_ultra_ps_e_0/inst/buffer_pl_clk_0.PL_CLK_0_BUFG/O
    X1Y1 (CLOCK_ROOT)    net (fo=23783, routed)       2.676     2.883    design_1_i/axi_smc/inst/m00_nodes/m00_w_node/inst/inst_mi_handler/gen_normal_area.inst_fifo_node_payld/gen_xpm_memory_fifo.inst_fifo/gen_mem_rep[0].inst_xpm_memory/xpm_memory_base_inst/gen_wr_a.gen_word_narrow.mem_reg_0_31_14_27/WCLK
    SLICE_X5Y68          RAMD32                                       r  design_1_i/axi_smc/inst/m00_nodes/m00_w_node/inst/inst_mi_handler/gen_normal_area.inst_fifo_node_payld/gen_xpm_memory_fifo.inst_fifo/gen_mem_rep[0].inst_xpm_memory/xpm_memory_base_inst/gen_wr_a.gen_word_narrow.mem_reg_0_31_14_27/RAMB_D1/CLK
                         clock pessimism             -0.218     2.665    
    SLICE_X5Y68          RAMD32 (Hold_B6LUT_SLICEM_CLK_WADR1)
                                                      0.093     2.758    design_1_i/axi_smc/inst/m00_nodes/m00_w_node/inst/inst_mi_handler/gen_normal_area.inst_fifo_node_payld/gen_xpm_memory_fifo.inst_fifo/gen_mem_rep[0].inst_xpm_memory/xpm_memory_base_inst/gen_wr_a.gen_word_narrow.mem_reg_0_31_14_27/RAMB_D1
  -------------------------------------------------------------------
                         required time                         -2.758    
                         arrival time                           2.769    
  -------------------------------------------------------------------
                         slack                                  0.010    





Pulse Width Checks
--------------------------------------------------------------------------------------
Clock Name:         clk_pl_0
Waveform(ns):       { 0.000 5.000 }
Period(ns):         10.000
Sources:            { design_1_i/zynq_ultra_ps_e_0/inst/PS8_i/PLCLK[0] }

Check Type        Corner  Lib Pin             Reference Pin  Required(ns)  Actual(ns)  Slack(ns)  Location      Pin
Min Period        n/a     PS8/MAXIGP0ACLK     n/a            3.000         10.000      7.000      PS8_X0Y0      design_1_i/zynq_ultra_ps_e_0/inst/PS8_i/MAXIGP0ACLK
Min Period        n/a     PS8/MAXIGP1ACLK     n/a            3.000         10.000      7.000      PS8_X0Y0      design_1_i/zynq_ultra_ps_e_0/inst/PS8_i/MAXIGP1ACLK
Min Period        n/a     PS8/SAXIGP2RCLK     n/a            3.000         10.000      7.000      PS8_X0Y0      design_1_i/zynq_ultra_ps_e_0/inst/PS8_i/SAXIGP2RCLK
Min Period        n/a     PS8/SAXIGP2WCLK     n/a            3.000         10.000      7.000      PS8_X0Y0      design_1_i/zynq_ultra_ps_e_0/inst/PS8_i/SAXIGP2WCLK
Min Period        n/a     RAMB18E2/CLKARDCLK  n/a            1.739         10.000      8.261      RAMB18_X0Y50  design_1_i/vgg_accelerator_0/inst/dense_layer_U0/flat_img_V_U/ram_reg_bram_0/CLKARDCLK
Min Period        n/a     RAMB36E2/CLKARDCLK  n/a            1.550         10.000      8.450      RAMB36_X0Y16  design_1_i/axi_dma_0/U0/I_PRMRY_DATAMOVER/GEN_MM2S_FULL.I_MM2S_FULL_WRAPPER/GEN_INCLUDE_MM2S_SF.I_RD_SF/I_DATA_FIFO/BLK_MEM.I_SYNC_FIFOGEN_FIFO/xpm_fifo_instance.xpm_fifo_sync_inst/xpm_fifo_base_inst/gen_sdpram.xpm_memory_base_inst/gen_wr_a.gen_word_narrow.mem_reg/CLKARDCLK
Min Period        n/a     RAMB36E2/CLKBWRCLK  n/a            1.550         10.000      8.450      RAMB36_X0Y16  design_1_i/axi_dma_0/U0/I_PRMRY_DATAMOVER/GEN_MM2S_FULL.I_MM2S_FULL_WRAPPER/GEN_INCLUDE_MM2S_SF.I_RD_SF/I_DATA_FIFO/BLK_MEM.I_SYNC_FIFOGEN_FIFO/xpm_fifo_instance.xpm_fifo_sync_inst/xpm_fifo_base_inst/gen_sdpram.xpm_memory_base_inst/gen_wr_a.gen_word_narrow.mem_reg/CLKBWRCLK
Min Period        n/a     RAMB36E2/CLKARDCLK  n/a            1.550         10.000      8.450      RAMB36_X0Y8   design_1_i/axi_dma_0/U0/I_PRMRY_DATAMOVER/GEN_S2MM_FULL.I_S2MM_FULL_WRAPPER/GEN_ENABLE_INDET_BTT_SF.I_INDET_BTT/I_DATA_FIFO/BLK_MEM.I_SYNC_FIFOGEN_FIFO/xpm_fifo_instance.xpm_fifo_sync_inst/xpm_fifo_base_inst/gen_sdpram.xpm_memory_base_inst/gen_wr_a.gen_word_narrow.mem_reg/CLKARDCLK
Min Period        n/a     RAMB36E2/CLKBWRCLK  n/a            1.550         10.000      8.450      RAMB36_X0Y8   design_1_i/axi_dma_0/U0/I_PRMRY_DATAMOVER/GEN_S2MM_FULL.I_S2MM_FULL_WRAPPER/GEN_ENABLE_INDET_BTT_SF.I_INDET_BTT/I_DATA_FIFO/BLK_MEM.I_SYNC_FIFOGEN_FIFO/xpm_fifo_instance.xpm_fifo_sync_inst/xpm_fifo_base_inst/gen_sdpram.xpm_memory_base_inst/gen_wr_a.gen_word_narrow.mem_reg/CLKBWRCLK
Min Period        n/a     SRL16E/CLK          n/a            1.146         10.000      8.854      SLICE_X20Y67  design_1_i/axi_dma_0/U0/I_PRMRY_DATAMOVER/GEN_MM2S_FULL.I_MM2S_FULL_WRAPPER/I_ADDR_CNTL/GEN_ADDR_FIFO.I_ADDR_QUAL_FIFO/USE_SRL_FIFO.I_SYNC_FIFO/I_SRL_FIFO_RBU_F/DYNSHREG_F_I/INFERRED_GEN.data_reg[3][11]_srl4/CLK
Low Pulse Width   Slow    PS8/MAXIGP0ACLK     n/a            1.500         5.000       3.500      PS8_X0Y0      design_1_i/zynq_ultra_ps_e_0/inst/PS8_i/MAXIGP0ACLK
Low Pulse Width   Fast    PS8/MAXIGP0ACLK     n/a            1.500         5.000       3.500      PS8_X0Y0      design_1_i/zynq_ultra_ps_e_0/inst/PS8_i/MAXIGP0ACLK
Low Pulse Width   Slow    PS8/MAXIGP1ACLK     n/a            1.500         5.000       3.500      PS8_X0Y0      design_1_i/zynq_ultra_ps_e_0/inst/PS8_i/MAXIGP1ACLK
Low Pulse Width   Fast    PS8/MAXIGP1ACLK     n/a            1.500         5.000       3.500      PS8_X0Y0      design_1_i/zynq_ultra_ps_e_0/inst/PS8_i/MAXIGP1ACLK
Low Pulse Width   Slow    PS8/SAXIGP2RCLK     n/a            1.500         5.000       3.500      PS8_X0Y0      design_1_i/zynq_ultra_ps_e_0/inst/PS8_i/SAXIGP2RCLK
Low Pulse Width   Fast    PS8/SAXIGP2RCLK     n/a            1.500         5.000       3.500      PS8_X0Y0      design_1_i/zynq_ultra_ps_e_0/inst/PS8_i/SAXIGP2RCLK
Low Pulse Width   Slow    PS8/SAXIGP2WCLK     n/a            1.500         5.000       3.500      PS8_X0Y0      design_1_i/zynq_ultra_ps_e_0/inst/PS8_i/SAXIGP2WCLK
Low Pulse Width   Fast    PS8/SAXIGP2WCLK     n/a            1.500         5.000       3.500      PS8_X0Y0      design_1_i/zynq_ultra_ps_e_0/inst/PS8_i/SAXIGP2WCLK
Low Pulse Width   Slow    SRL16E/CLK          n/a            0.573         5.000       4.427      SLICE_X20Y67  design_1_i/axi_dma_0/U0/I_PRMRY_DATAMOVER/GEN_MM2S_FULL.I_MM2S_FULL_WRAPPER/I_ADDR_CNTL/GEN_ADDR_FIFO.I_ADDR_QUAL_FIFO/USE_SRL_FIFO.I_SYNC_FIFO/I_SRL_FIFO_RBU_F/DYNSHREG_F_I/INFERRED_GEN.data_reg[3][11]_srl4/CLK
Low Pulse Width   Fast    SRL16E/CLK          n/a            0.573         5.000       4.427      SLICE_X20Y67  design_1_i/axi_dma_0/U0/I_PRMRY_DATAMOVER/GEN_MM2S_FULL.I_MM2S_FULL_WRAPPER/I_ADDR_CNTL/GEN_ADDR_FIFO.I_ADDR_QUAL_FIFO/USE_SRL_FIFO.I_SYNC_FIFO/I_SRL_FIFO_RBU_F/DYNSHREG_F_I/INFERRED_GEN.data_reg[3][11]_srl4/CLK
High Pulse Width  Slow    PS8/MAXIGP0ACLK     n/a            1.500         5.000       3.500      PS8_X0Y0      design_1_i/zynq_ultra_ps_e_0/inst/PS8_i/MAXIGP0ACLK
High Pulse Width  Fast    PS8/MAXIGP0ACLK     n/a            1.500         5.000       3.500      PS8_X0Y0      design_1_i/zynq_ultra_ps_e_0/inst/PS8_i/MAXIGP0ACLK
High Pulse Width  Slow    PS8/MAXIGP1ACLK     n/a            1.500         5.000       3.500      PS8_X0Y0      design_1_i/zynq_ultra_ps_e_0/inst/PS8_i/MAXIGP1ACLK
High Pulse Width  Fast    PS8/MAXIGP1ACLK     n/a            1.500         5.000       3.500      PS8_X0Y0      design_1_i/zynq_ultra_ps_e_0/inst/PS8_i/MAXIGP1ACLK
High Pulse Width  Slow    PS8/SAXIGP2RCLK     n/a            1.500         5.000       3.500      PS8_X0Y0      design_1_i/zynq_ultra_ps_e_0/inst/PS8_i/SAXIGP2RCLK
High Pulse Width  Fast    PS8/SAXIGP2RCLK     n/a            1.500         5.000       3.500      PS8_X0Y0      design_1_i/zynq_ultra_ps_e_0/inst/PS8_i/SAXIGP2RCLK
High Pulse Width  Slow    PS8/SAXIGP2WCLK     n/a            1.500         5.000       3.500      PS8_X0Y0      design_1_i/zynq_ultra_ps_e_0/inst/PS8_i/SAXIGP2WCLK
High Pulse Width  Fast    PS8/SAXIGP2WCLK     n/a            1.500         5.000       3.500      PS8_X0Y0      design_1_i/zynq_ultra_ps_e_0/inst/PS8_i/SAXIGP2WCLK
High Pulse Width  Slow    SRL16E/CLK          n/a            0.573         5.000       4.427      SLICE_X20Y67  design_1_i/axi_dma_0/U0/I_PRMRY_DATAMOVER/GEN_MM2S_FULL.I_MM2S_FULL_WRAPPER/I_ADDR_CNTL/GEN_ADDR_FIFO.I_ADDR_QUAL_FIFO/USE_SRL_FIFO.I_SYNC_FIFO/I_SRL_FIFO_RBU_F/DYNSHREG_F_I/INFERRED_GEN.data_reg[3][11]_srl4/CLK
High Pulse Width  Fast    SRL16E/CLK          n/a            0.573         5.000       4.427      SLICE_X20Y67  design_1_i/axi_dma_0/U0/I_PRMRY_DATAMOVER/GEN_MM2S_FULL.I_MM2S_FULL_WRAPPER/I_ADDR_CNTL/GEN_ADDR_FIFO.I_ADDR_QUAL_FIFO/USE_SRL_FIFO.I_SYNC_FIFO/I_SRL_FIFO_RBU_F/DYNSHREG_F_I/INFERRED_GEN.data_reg[3][11]_srl4/CLK



---------------------------------------------------------------------------------------------------
Path Group:  **async_default**
From Clock:  clk_pl_0
  To Clock:  clk_pl_0

Setup :            0  Failing Endpoints,  Worst Slack        8.342ns,  Total Violation        0.000ns
Hold  :            0  Failing Endpoints,  Worst Slack        0.169ns,  Total Violation        0.000ns
---------------------------------------------------------------------------------------------------


Max Delay Paths
--------------------------------------------------------------------------------------
Slack (MET) :             8.342ns  (required time - arrival time)
  Source:                 design_1_i/ps8_0_axi_periph/s00_couplers/auto_ds/inst/gen_downsizer.gen_simple_downsizer.axi_downsizer_inst/USE_READ.read_addr_inst/cmd_queue/inst/fifo_gen_inst/inst_fifo_gen/gconvfifo.rf/grf.rf/rstblk/ngwrdrst.grst.g7serrst.gnsckt_wrst.gcc_rst.sckt_wr_rst_cc_reg[1]/C
                            (rising edge-triggered cell FDRE clocked by clk_pl_0  {rise@0.000ns fall@5.000ns period=10.000ns})
  Destination:            design_1_i/ps8_0_axi_periph/s00_couplers/auto_ds/inst/gen_downsizer.gen_simple_downsizer.axi_downsizer_inst/USE_READ.read_addr_inst/cmd_queue/inst/fifo_gen_inst/inst_fifo_gen/gconvfifo.rf/grf.rf/gntv_or_sync_fifo.gl0.rd/rpntr/gc0.count_reg[0]/PRE
                            (recovery check against rising-edge clock clk_pl_0  {rise@0.000ns fall@5.000ns period=10.000ns})
  Path Group:             **async_default**
  Path Type:              Recovery (Max at Slow Process Corner)
  Requirement:            10.000ns  (clk_pl_0 rise@10.000ns - clk_pl_0 rise@0.000ns)
  Data Path Delay:        1.336ns  (logic 0.213ns (15.949%)  route 1.123ns (84.051%))
  Logic Levels:           1  (LUT3=1)
  Clock Path Skew:        -0.120ns (DCD - SCD + CPR)
    Destination Clock Delay (DCD):    2.480ns = ( 12.480 - 10.000 ) 
    Source Clock Delay      (SCD):    2.818ns
    Clock Pessimism Removal (CPR):    0.218ns
  Clock Uncertainty:      0.130ns  ((TSJ^2 + DJ^2)^1/2) / 2 + PE
    Total System Jitter     (TSJ):    0.071ns
    Discrete Jitter          (DJ):    0.250ns
    Phase Error              (PE):    0.000ns
  Clock Net Delay (Source):      2.611ns (routing 1.302ns, distribution 1.309ns)
  Clock Net Delay (Destination): 2.313ns (routing 1.184ns, distribution 1.129ns)

    Location             Delay type                Incr(ns)  Path(ns)    Netlist Resource(s)
  -------------------------------------------------------------------    -------------------
                         (clock clk_pl_0 rise edge)
                                                      0.000     0.000 r  
    PS8_X0Y0             PS8                          0.000     0.000 r  design_1_i/zynq_ultra_ps_e_0/inst/PS8_i/PLCLK[0]
                         net (fo=1, routed)           0.178     0.178    design_1_i/zynq_ultra_ps_e_0/inst/pl_clk_unbuffered[0]
    BUFG_PS_X0Y80        BUFG_PS (Prop_BUFG_PS_I_O)
                                                      0.029     0.207 r  design_1_i/zynq_ultra_ps_e_0/inst/buffer_pl_clk_0.PL_CLK_0_BUFG/O
    X1Y1 (CLOCK_ROOT)    net (fo=23783, routed)       2.611     2.818    design_1_i/ps8_0_axi_periph/s00_couplers/auto_ds/inst/gen_downsizer.gen_simple_downsizer.axi_downsizer_inst/USE_READ.read_addr_inst/cmd_queue/inst/fifo_gen_inst/inst_fifo_gen/gconvfifo.rf/grf.rf/rstblk/clk
    SLICE_X5Y104         FDRE                                         r  design_1_i/ps8_0_axi_periph/s00_couplers/auto_ds/inst/gen_downsizer.gen_simple_downsizer.axi_downsizer_inst/USE_READ.read_addr_inst/cmd_queue/inst/fifo_gen_inst/inst_fifo_gen/gconvfifo.rf/grf.rf/rstblk/ngwrdrst.grst.g7serrst.gnsckt_wrst.gcc_rst.sckt_wr_rst_cc_reg[1]/C
  -------------------------------------------------------------------    -------------------
    SLICE_X5Y104         FDRE (Prop_BFF2_SLICEM_C_Q)
                                                      0.097     2.915 f  design_1_i/ps8_0_axi_periph/s00_couplers/auto_ds/inst/gen_downsizer.gen_simple_downsizer.axi_downsizer_inst/USE_READ.read_addr_inst/cmd_queue/inst/fifo_gen_inst/inst_fifo_gen/gconvfifo.rf/grf.rf/rstblk/ngwrdrst.grst.g7serrst.gnsckt_wrst.gcc_rst.sckt_wr_rst_cc_reg[1]/Q
                         net (fo=2, routed)           0.191     3.106    design_1_i/ps8_0_axi_periph/s00_couplers/auto_ds/inst/gen_downsizer.gen_simple_downsizer.axi_downsizer_inst/USE_READ.read_addr_inst/cmd_queue/inst/fifo_gen_inst/inst_fifo_gen/gconvfifo.rf/grf.rf/rstblk/ngwrdrst.grst.g7serrst.gnsckt_wrst.gcc_rst.sckt_wr_rst_cc[1]
    SLICE_X5Y104         LUT3 (Prop_G6LUT_SLICEM_I0_O)
                                                      0.116     3.222 f  design_1_i/ps8_0_axi_periph/s00_couplers/auto_ds/inst/gen_downsizer.gen_simple_downsizer.axi_downsizer_inst/USE_READ.read_addr_inst/cmd_queue/inst/fifo_gen_inst/inst_fifo_gen/gconvfifo.rf/grf.rf/rstblk/gpregsm1.curr_fwft_state[1]_i_2/O
                         net (fo=32, routed)          0.932     4.154    design_1_i/ps8_0_axi_periph/s00_couplers/auto_ds/inst/gen_downsizer.gen_simple_downsizer.axi_downsizer_inst/USE_READ.read_addr_inst/cmd_queue/inst/fifo_gen_inst/inst_fifo_gen/gconvfifo.rf/grf.rf/gntv_or_sync_fifo.gl0.rd/rpntr/gc0.count_d1_reg[4]_1
    SLICE_X3Y111         FDPE                                         f  design_1_i/ps8_0_axi_periph/s00_couplers/auto_ds/inst/gen_downsizer.gen_simple_downsizer.axi_downsizer_inst/USE_READ.read_addr_inst/cmd_queue/inst/fifo_gen_inst/inst_fifo_gen/gconvfifo.rf/grf.rf/gntv_or_sync_fifo.gl0.rd/rpntr/gc0.count_reg[0]/PRE
  -------------------------------------------------------------------    -------------------

                         (clock clk_pl_0 rise edge)
                                                     10.000    10.000 r  
    PS8_X0Y0             PS8                          0.000    10.000 r  design_1_i/zynq_ultra_ps_e_0/inst/PS8_i/PLCLK[0]
                         net (fo=1, routed)           0.140    10.140    design_1_i/zynq_ultra_ps_e_0/inst/pl_clk_unbuffered[0]
    BUFG_PS_X0Y80        BUFG_PS (Prop_BUFG_PS_I_O)
                                                      0.027    10.167 r  design_1_i/zynq_ultra_ps_e_0/inst/buffer_pl_clk_0.PL_CLK_0_BUFG/O
    X1Y1 (CLOCK_ROOT)    net (fo=23783, routed)       2.313    12.480    design_1_i/ps8_0_axi_periph/s00_couplers/auto_ds/inst/gen_downsizer.gen_simple_downsizer.axi_downsizer_inst/USE_READ.read_addr_inst/cmd_queue/inst/fifo_gen_inst/inst_fifo_gen/gconvfifo.rf/grf.rf/gntv_or_sync_fifo.gl0.rd/rpntr/clk
    SLICE_X3Y111         FDPE                                         r  design_1_i/ps8_0_axi_periph/s00_couplers/auto_ds/inst/gen_downsizer.gen_simple_downsizer.axi_downsizer_inst/USE_READ.read_addr_inst/cmd_queue/inst/fifo_gen_inst/inst_fifo_gen/gconvfifo.rf/grf.rf/gntv_or_sync_fifo.gl0.rd/rpntr/gc0.count_reg[0]/C
                         clock pessimism              0.218    12.698    
                         clock uncertainty           -0.130    12.568    
    SLICE_X3Y111         FDPE (Recov_CFF2_SLICEL_C_PRE)
                                                     -0.072    12.496    design_1_i/ps8_0_axi_periph/s00_couplers/auto_ds/inst/gen_downsizer.gen_simple_downsizer.axi_downsizer_inst/USE_READ.read_addr_inst/cmd_queue/inst/fifo_gen_inst/inst_fifo_gen/gconvfifo.rf/grf.rf/gntv_or_sync_fifo.gl0.rd/rpntr/gc0.count_reg[0]
  -------------------------------------------------------------------
                         required time                         12.496    
                         arrival time                          -4.154    
  -------------------------------------------------------------------
                         slack                                  8.342    

Slack (MET) :             8.342ns  (required time - arrival time)
  Source:                 design_1_i/ps8_0_axi_periph/s00_couplers/auto_ds/inst/gen_downsizer.gen_simple_downsizer.axi_downsizer_inst/USE_READ.read_addr_inst/cmd_queue/inst/fifo_gen_inst/inst_fifo_gen/gconvfifo.rf/grf.rf/rstblk/ngwrdrst.grst.g7serrst.gnsckt_wrst.gcc_rst.sckt_wr_rst_cc_reg[1]/C
                            (rising edge-triggered cell FDRE clocked by clk_pl_0  {rise@0.000ns fall@5.000ns period=10.000ns})
  Destination:            design_1_i/ps8_0_axi_periph/s00_couplers/auto_ds/inst/gen_downsizer.gen_simple_downsizer.axi_downsizer_inst/USE_READ.read_addr_inst/cmd_queue/inst/fifo_gen_inst/inst_fifo_gen/gconvfifo.rf/grf.rf/gntv_or_sync_fifo.gl0.rd/rpntr/gc0.count_reg[1]/CLR
                            (recovery check against rising-edge clock clk_pl_0  {rise@0.000ns fall@5.000ns period=10.000ns})
  Path Group:             **async_default**
  Path Type:              Recovery (Max at Slow Process Corner)
  Requirement:            10.000ns  (clk_pl_0 rise@10.000ns - clk_pl_0 rise@0.000ns)
  Data Path Delay:        1.336ns  (logic 0.213ns (15.949%)  route 1.123ns (84.051%))
  Logic Levels:           1  (LUT3=1)
  Clock Path Skew:        -0.120ns (DCD - SCD + CPR)
    Destination Clock Delay (DCD):    2.480ns = ( 12.480 - 10.000 ) 
    Source Clock Delay      (SCD):    2.818ns
    Clock Pessimism Removal (CPR):    0.218ns
  Clock Uncertainty:      0.130ns  ((TSJ^2 + DJ^2)^1/2) / 2 + PE
    Total System Jitter     (TSJ):    0.071ns
    Discrete Jitter          (DJ):    0.250ns
    Phase Error              (PE):    0.000ns
  Clock Net Delay (Source):      2.611ns (routing 1.302ns, distribution 1.309ns)
  Clock Net Delay (Destination): 2.313ns (routing 1.184ns, distribution 1.129ns)

    Location             Delay type                Incr(ns)  Path(ns)    Netlist Resource(s)
  -------------------------------------------------------------------    -------------------
                         (clock clk_pl_0 rise edge)
                                                      0.000     0.000 r  
    PS8_X0Y0             PS8                          0.000     0.000 r  design_1_i/zynq_ultra_ps_e_0/inst/PS8_i/PLCLK[0]
                         net (fo=1, routed)           0.178     0.178    design_1_i/zynq_ultra_ps_e_0/inst/pl_clk_unbuffered[0]
    BUFG_PS_X0Y80        BUFG_PS (Prop_BUFG_PS_I_O)
                                                      0.029     0.207 r  design_1_i/zynq_ultra_ps_e_0/inst/buffer_pl_clk_0.PL_CLK_0_BUFG/O
    X1Y1 (CLOCK_ROOT)    net (fo=23783, routed)       2.611     2.818    design_1_i/ps8_0_axi_periph/s00_couplers/auto_ds/inst/gen_downsizer.gen_simple_downsizer.axi_downsizer_inst/USE_READ.read_addr_inst/cmd_queue/inst/fifo_gen_inst/inst_fifo_gen/gconvfifo.rf/grf.rf/rstblk/clk
    SLICE_X5Y104         FDRE                                         r  design_1_i/ps8_0_axi_periph/s00_couplers/auto_ds/inst/gen_downsizer.gen_simple_downsizer.axi_downsizer_inst/USE_READ.read_addr_inst/cmd_queue/inst/fifo_gen_inst/inst_fifo_gen/gconvfifo.rf/grf.rf/rstblk/ngwrdrst.grst.g7serrst.gnsckt_wrst.gcc_rst.sckt_wr_rst_cc_reg[1]/C
  -------------------------------------------------------------------    -------------------
    SLICE_X5Y104         FDRE (Prop_BFF2_SLICEM_C_Q)
                                                      0.097     2.915 f  design_1_i/ps8_0_axi_periph/s00_couplers/auto_ds/inst/gen_downsizer.gen_simple_downsizer.axi_downsizer_inst/USE_READ.read_addr_inst/cmd_queue/inst/fifo_gen_inst/inst_fifo_gen/gconvfifo.rf/grf.rf/rstblk/ngwrdrst.grst.g7serrst.gnsckt_wrst.gcc_rst.sckt_wr_rst_cc_reg[1]/Q
                         net (fo=2, routed)           0.191     3.106    design_1_i/ps8_0_axi_periph/s00_couplers/auto_ds/inst/gen_downsizer.gen_simple_downsizer.axi_downsizer_inst/USE_READ.read_addr_inst/cmd_queue/inst/fifo_gen_inst/inst_fifo_gen/gconvfifo.rf/grf.rf/rstblk/ngwrdrst.grst.g7serrst.gnsckt_wrst.gcc_rst.sckt_wr_rst_cc[1]
    SLICE_X5Y104         LUT3 (Prop_G6LUT_SLICEM_I0_O)
                                                      0.116     3.222 f  design_1_i/ps8_0_axi_periph/s00_couplers/auto_ds/inst/gen_downsizer.gen_simple_downsizer.axi_downsizer_inst/USE_READ.read_addr_inst/cmd_queue/inst/fifo_gen_inst/inst_fifo_gen/gconvfifo.rf/grf.rf/rstblk/gpregsm1.curr_fwft_state[1]_i_2/O
                         net (fo=32, routed)          0.932     4.154    design_1_i/ps8_0_axi_periph/s00_couplers/auto_ds/inst/gen_downsizer.gen_simple_downsizer.axi_downsizer_inst/USE_READ.read_addr_inst/cmd_queue/inst/fifo_gen_inst/inst_fifo_gen/gconvfifo.rf/grf.rf/gntv_or_sync_fifo.gl0.rd/rpntr/gc0.count_d1_reg[4]_1
    SLICE_X3Y111         FDCE                                         f  design_1_i/ps8_0_axi_periph/s00_couplers/auto_ds/inst/gen_downsizer.gen_simple_downsizer.axi_downsizer_inst/USE_READ.read_addr_inst/cmd_queue/inst/fifo_gen_inst/inst_fifo_gen/gconvfifo.rf/grf.rf/gntv_or_sync_fifo.gl0.rd/rpntr/gc0.count_reg[1]/CLR
  -------------------------------------------------------------------    -------------------

                         (clock clk_pl_0 rise edge)
                                                     10.000    10.000 r  
    PS8_X0Y0             PS8                          0.000    10.000 r  design_1_i/zynq_ultra_ps_e_0/inst/PS8_i/PLCLK[0]
                         net (fo=1, routed)           0.140    10.140    design_1_i/zynq_ultra_ps_e_0/inst/pl_clk_unbuffered[0]
    BUFG_PS_X0Y80        BUFG_PS (Prop_BUFG_PS_I_O)
                                                      0.027    10.167 r  design_1_i/zynq_ultra_ps_e_0/inst/buffer_pl_clk_0.PL_CLK_0_BUFG/O
    X1Y1 (CLOCK_ROOT)    net (fo=23783, routed)       2.313    12.480    design_1_i/ps8_0_axi_periph/s00_couplers/auto_ds/inst/gen_downsizer.gen_simple_downsizer.axi_downsizer_inst/USE_READ.read_addr_inst/cmd_queue/inst/fifo_gen_inst/inst_fifo_gen/gconvfifo.rf/grf.rf/gntv_or_sync_fifo.gl0.rd/rpntr/clk
    SLICE_X3Y111         FDCE                                         r  design_1_i/ps8_0_axi_periph/s00_couplers/auto_ds/inst/gen_downsizer.gen_simple_downsizer.axi_downsizer_inst/USE_READ.read_addr_inst/cmd_queue/inst/fifo_gen_inst/inst_fifo_gen/gconvfifo.rf/grf.rf/gntv_or_sync_fifo.gl0.rd/rpntr/gc0.count_reg[1]/C
                         clock pessimism              0.218    12.698    
                         clock uncertainty           -0.130    12.568    
    SLICE_X3Y111         FDCE (Recov_DFF_SLICEL_C_CLR)
                                                     -0.072    12.496    design_1_i/ps8_0_axi_periph/s00_couplers/auto_ds/inst/gen_downsizer.gen_simple_downsizer.axi_downsizer_inst/USE_READ.read_addr_inst/cmd_queue/inst/fifo_gen_inst/inst_fifo_gen/gconvfifo.rf/grf.rf/gntv_or_sync_fifo.gl0.rd/rpntr/gc0.count_reg[1]
  -------------------------------------------------------------------
                         required time                         12.496    
                         arrival time                          -4.154    
  -------------------------------------------------------------------
                         slack                                  8.342    

Slack (MET) :             8.342ns  (required time - arrival time)
  Source:                 design_1_i/ps8_0_axi_periph/s00_couplers/auto_ds/inst/gen_downsizer.gen_simple_downsizer.axi_downsizer_inst/USE_READ.read_addr_inst/cmd_queue/inst/fifo_gen_inst/inst_fifo_gen/gconvfifo.rf/grf.rf/rstblk/ngwrdrst.grst.g7serrst.gnsckt_wrst.gcc_rst.sckt_wr_rst_cc_reg[1]/C
                            (rising edge-triggered cell FDRE clocked by clk_pl_0  {rise@0.000ns fall@5.000ns period=10.000ns})
  Destination:            design_1_i/ps8_0_axi_periph/s00_couplers/auto_ds/inst/gen_downsizer.gen_simple_downsizer.axi_downsizer_inst/USE_READ.read_addr_inst/cmd_queue/inst/fifo_gen_inst/inst_fifo_gen/gconvfifo.rf/grf.rf/gntv_or_sync_fifo.gl0.rd/rpntr/gc0.count_reg[2]/CLR
                            (recovery check against rising-edge clock clk_pl_0  {rise@0.000ns fall@5.000ns period=10.000ns})
  Path Group:             **async_default**
  Path Type:              Recovery (Max at Slow Process Corner)
  Requirement:            10.000ns  (clk_pl_0 rise@10.000ns - clk_pl_0 rise@0.000ns)
  Data Path Delay:        1.336ns  (logic 0.213ns (15.949%)  route 1.123ns (84.051%))
  Logic Levels:           1  (LUT3=1)
  Clock Path Skew:        -0.120ns (DCD - SCD + CPR)
    Destination Clock Delay (DCD):    2.480ns = ( 12.480 - 10.000 ) 
    Source Clock Delay      (SCD):    2.818ns
    Clock Pessimism Removal (CPR):    0.218ns
  Clock Uncertainty:      0.130ns  ((TSJ^2 + DJ^2)^1/2) / 2 + PE
    Total System Jitter     (TSJ):    0.071ns
    Discrete Jitter          (DJ):    0.250ns
    Phase Error              (PE):    0.000ns
  Clock Net Delay (Source):      2.611ns (routing 1.302ns, distribution 1.309ns)
  Clock Net Delay (Destination): 2.313ns (routing 1.184ns, distribution 1.129ns)

    Location             Delay type                Incr(ns)  Path(ns)    Netlist Resource(s)
  -------------------------------------------------------------------    -------------------
                         (clock clk_pl_0 rise edge)
                                                      0.000     0.000 r  
    PS8_X0Y0             PS8                          0.000     0.000 r  design_1_i/zynq_ultra_ps_e_0/inst/PS8_i/PLCLK[0]
                         net (fo=1, routed)           0.178     0.178    design_1_i/zynq_ultra_ps_e_0/inst/pl_clk_unbuffered[0]
    BUFG_PS_X0Y80        BUFG_PS (Prop_BUFG_PS_I_O)
                                                      0.029     0.207 r  design_1_i/zynq_ultra_ps_e_0/inst/buffer_pl_clk_0.PL_CLK_0_BUFG/O
    X1Y1 (CLOCK_ROOT)    net (fo=23783, routed)       2.611     2.818    design_1_i/ps8_0_axi_periph/s00_couplers/auto_ds/inst/gen_downsizer.gen_simple_downsizer.axi_downsizer_inst/USE_READ.read_addr_inst/cmd_queue/inst/fifo_gen_inst/inst_fifo_gen/gconvfifo.rf/grf.rf/rstblk/clk
    SLICE_X5Y104         FDRE                                         r  design_1_i/ps8_0_axi_periph/s00_couplers/auto_ds/inst/gen_downsizer.gen_simple_downsizer.axi_downsizer_inst/USE_READ.read_addr_inst/cmd_queue/inst/fifo_gen_inst/inst_fifo_gen/gconvfifo.rf/grf.rf/rstblk/ngwrdrst.grst.g7serrst.gnsckt_wrst.gcc_rst.sckt_wr_rst_cc_reg[1]/C
  -------------------------------------------------------------------    -------------------
    SLICE_X5Y104         FDRE (Prop_BFF2_SLICEM_C_Q)
                                                      0.097     2.915 f  design_1_i/ps8_0_axi_periph/s00_couplers/auto_ds/inst/gen_downsizer.gen_simple_downsizer.axi_downsizer_inst/USE_READ.read_addr_inst/cmd_queue/inst/fifo_gen_inst/inst_fifo_gen/gconvfifo.rf/grf.rf/rstblk/ngwrdrst.grst.g7serrst.gnsckt_wrst.gcc_rst.sckt_wr_rst_cc_reg[1]/Q
                         net (fo=2, routed)           0.191     3.106    design_1_i/ps8_0_axi_periph/s00_couplers/auto_ds/inst/gen_downsizer.gen_simple_downsizer.axi_downsizer_inst/USE_READ.read_addr_inst/cmd_queue/inst/fifo_gen_inst/inst_fifo_gen/gconvfifo.rf/grf.rf/rstblk/ngwrdrst.grst.g7serrst.gnsckt_wrst.gcc_rst.sckt_wr_rst_cc[1]
    SLICE_X5Y104         LUT3 (Prop_G6LUT_SLICEM_I0_O)
                                                      0.116     3.222 f  design_1_i/ps8_0_axi_periph/s00_couplers/auto_ds/inst/gen_downsizer.gen_simple_downsizer.axi_downsizer_inst/USE_READ.read_addr_inst/cmd_queue/inst/fifo_gen_inst/inst_fifo_gen/gconvfifo.rf/grf.rf/rstblk/gpregsm1.curr_fwft_state[1]_i_2/O
                         net (fo=32, routed)          0.932     4.154    design_1_i/ps8_0_axi_periph/s00_couplers/auto_ds/inst/gen_downsizer.gen_simple_downsizer.axi_downsizer_inst/USE_READ.read_addr_inst/cmd_queue/inst/fifo_gen_inst/inst_fifo_gen/gconvfifo.rf/grf.rf/gntv_or_sync_fifo.gl0.rd/rpntr/gc0.count_d1_reg[4]_1
    SLICE_X3Y111         FDCE                                         f  design_1_i/ps8_0_axi_periph/s00_couplers/auto_ds/inst/gen_downsizer.gen_simple_downsizer.axi_downsizer_inst/USE_READ.read_addr_inst/cmd_queue/inst/fifo_gen_inst/inst_fifo_gen/gconvfifo.rf/grf.rf/gntv_or_sync_fifo.gl0.rd/rpntr/gc0.count_reg[2]/CLR
  -------------------------------------------------------------------    -------------------

                         (clock clk_pl_0 rise edge)
                                                     10.000    10.000 r  
    PS8_X0Y0             PS8                          0.000    10.000 r  design_1_i/zynq_ultra_ps_e_0/inst/PS8_i/PLCLK[0]
                         net (fo=1, routed)           0.140    10.140    design_1_i/zynq_ultra_ps_e_0/inst/pl_clk_unbuffered[0]
    BUFG_PS_X0Y80        BUFG_PS (Prop_BUFG_PS_I_O)
                                                      0.027    10.167 r  design_1_i/zynq_ultra_ps_e_0/inst/buffer_pl_clk_0.PL_CLK_0_BUFG/O
    X1Y1 (CLOCK_ROOT)    net (fo=23783, routed)       2.313    12.480    design_1_i/ps8_0_axi_periph/s00_couplers/auto_ds/inst/gen_downsizer.gen_simple_downsizer.axi_downsizer_inst/USE_READ.read_addr_inst/cmd_queue/inst/fifo_gen_inst/inst_fifo_gen/gconvfifo.rf/grf.rf/gntv_or_sync_fifo.gl0.rd/rpntr/clk
    SLICE_X3Y111         FDCE                                         r  design_1_i/ps8_0_axi_periph/s00_couplers/auto_ds/inst/gen_downsizer.gen_simple_downsizer.axi_downsizer_inst/USE_READ.read_addr_inst/cmd_queue/inst/fifo_gen_inst/inst_fifo_gen/gconvfifo.rf/grf.rf/gntv_or_sync_fifo.gl0.rd/rpntr/gc0.count_reg[2]/C
                         clock pessimism              0.218    12.698    
                         clock uncertainty           -0.130    12.568    
    SLICE_X3Y111         FDCE (Recov_DFF2_SLICEL_C_CLR)
                                                     -0.072    12.496    design_1_i/ps8_0_axi_periph/s00_couplers/auto_ds/inst/gen_downsizer.gen_simple_downsizer.axi_downsizer_inst/USE_READ.read_addr_inst/cmd_queue/inst/fifo_gen_inst/inst_fifo_gen/gconvfifo.rf/grf.rf/gntv_or_sync_fifo.gl0.rd/rpntr/gc0.count_reg[2]
  -------------------------------------------------------------------
                         required time                         12.496    
                         arrival time                          -4.154    
  -------------------------------------------------------------------
                         slack                                  8.342    

Slack (MET) :             8.346ns  (required time - arrival time)
  Source:                 design_1_i/ps8_0_axi_periph/s00_couplers/auto_ds/inst/gen_downsizer.gen_simple_downsizer.axi_downsizer_inst/USE_READ.read_addr_inst/cmd_queue/inst/fifo_gen_inst/inst_fifo_gen/gconvfifo.rf/grf.rf/rstblk/ngwrdrst.grst.g7serrst.gnsckt_wrst.gcc_rst.sckt_wr_rst_cc_reg[1]/C
                            (rising edge-triggered cell FDRE clocked by clk_pl_0  {rise@0.000ns fall@5.000ns period=10.000ns})
  Destination:            design_1_i/ps8_0_axi_periph/s00_couplers/auto_ds/inst/gen_downsizer.gen_simple_downsizer.axi_downsizer_inst/USE_READ.read_addr_inst/cmd_queue/inst/fifo_gen_inst/inst_fifo_gen/gconvfifo.rf/grf.rf/gntv_or_sync_fifo.gl0.rd/rpntr/gc0.count_d1_reg[0]/CLR
                            (recovery check against rising-edge clock clk_pl_0  {rise@0.000ns fall@5.000ns period=10.000ns})
  Path Group:             **async_default**
  Path Type:              Recovery (Max at Slow Process Corner)
  Requirement:            10.000ns  (clk_pl_0 rise@10.000ns - clk_pl_0 rise@0.000ns)
  Data Path Delay:        1.336ns  (logic 0.213ns (15.949%)  route 1.123ns (84.051%))
  Logic Levels:           1  (LUT3=1)
  Clock Path Skew:        -0.116ns (DCD - SCD + CPR)
    Destination Clock Delay (DCD):    2.484ns = ( 12.484 - 10.000 ) 
    Source Clock Delay      (SCD):    2.818ns
    Clock Pessimism Removal (CPR):    0.218ns
  Clock Uncertainty:      0.130ns  ((TSJ^2 + DJ^2)^1/2) / 2 + PE
    Total System Jitter     (TSJ):    0.071ns
    Discrete Jitter          (DJ):    0.250ns
    Phase Error              (PE):    0.000ns
  Clock Net Delay (Source):      2.611ns (routing 1.302ns, distribution 1.309ns)
  Clock Net Delay (Destination): 2.317ns (routing 1.184ns, distribution 1.133ns)

    Location             Delay type                Incr(ns)  Path(ns)    Netlist Resource(s)
  -------------------------------------------------------------------    -------------------
                         (clock clk_pl_0 rise edge)
                                                      0.000     0.000 r  
    PS8_X0Y0             PS8                          0.000     0.000 r  design_1_i/zynq_ultra_ps_e_0/inst/PS8_i/PLCLK[0]
                         net (fo=1, routed)           0.178     0.178    design_1_i/zynq_ultra_ps_e_0/inst/pl_clk_unbuffered[0]
    BUFG_PS_X0Y80        BUFG_PS (Prop_BUFG_PS_I_O)
                                                      0.029     0.207 r  design_1_i/zynq_ultra_ps_e_0/inst/buffer_pl_clk_0.PL_CLK_0_BUFG/O
    X1Y1 (CLOCK_ROOT)    net (fo=23783, routed)       2.611     2.818    design_1_i/ps8_0_axi_periph/s00_couplers/auto_ds/inst/gen_downsizer.gen_simple_downsizer.axi_downsizer_inst/USE_READ.read_addr_inst/cmd_queue/inst/fifo_gen_inst/inst_fifo_gen/gconvfifo.rf/grf.rf/rstblk/clk
    SLICE_X5Y104         FDRE                                         r  design_1_i/ps8_0_axi_periph/s00_couplers/auto_ds/inst/gen_downsizer.gen_simple_downsizer.axi_downsizer_inst/USE_READ.read_addr_inst/cmd_queue/inst/fifo_gen_inst/inst_fifo_gen/gconvfifo.rf/grf.rf/rstblk/ngwrdrst.grst.g7serrst.gnsckt_wrst.gcc_rst.sckt_wr_rst_cc_reg[1]/C
  -------------------------------------------------------------------    -------------------
    SLICE_X5Y104         FDRE (Prop_BFF2_SLICEM_C_Q)
                                                      0.097     2.915 f  design_1_i/ps8_0_axi_periph/s00_couplers/auto_ds/inst/gen_downsizer.gen_simple_downsizer.axi_downsizer_inst/USE_READ.read_addr_inst/cmd_queue/inst/fifo_gen_inst/inst_fifo_gen/gconvfifo.rf/grf.rf/rstblk/ngwrdrst.grst.g7serrst.gnsckt_wrst.gcc_rst.sckt_wr_rst_cc_reg[1]/Q
                         net (fo=2, routed)           0.191     3.106    design_1_i/ps8_0_axi_periph/s00_couplers/auto_ds/inst/gen_downsizer.gen_simple_downsizer.axi_downsizer_inst/USE_READ.read_addr_inst/cmd_queue/inst/fifo_gen_inst/inst_fifo_gen/gconvfifo.rf/grf.rf/rstblk/ngwrdrst.grst.g7serrst.gnsckt_wrst.gcc_rst.sckt_wr_rst_cc[1]
    SLICE_X5Y104         LUT3 (Prop_G6LUT_SLICEM_I0_O)
                                                      0.116     3.222 f  design_1_i/ps8_0_axi_periph/s00_couplers/auto_ds/inst/gen_downsizer.gen_simple_downsizer.axi_downsizer_inst/USE_READ.read_addr_inst/cmd_queue/inst/fifo_gen_inst/inst_fifo_gen/gconvfifo.rf/grf.rf/rstblk/gpregsm1.curr_fwft_state[1]_i_2/O
                         net (fo=32, routed)          0.932     4.154    design_1_i/ps8_0_axi_periph/s00_couplers/auto_ds/inst/gen_downsizer.gen_simple_downsizer.axi_downsizer_inst/USE_READ.read_addr_inst/cmd_queue/inst/fifo_gen_inst/inst_fifo_gen/gconvfifo.rf/grf.rf/gntv_or_sync_fifo.gl0.rd/rpntr/gc0.count_d1_reg[4]_1
    SLICE_X3Y111         FDCE                                         f  design_1_i/ps8_0_axi_periph/s00_couplers/auto_ds/inst/gen_downsizer.gen_simple_downsizer.axi_downsizer_inst/USE_READ.read_addr_inst/cmd_queue/inst/fifo_gen_inst/inst_fifo_gen/gconvfifo.rf/grf.rf/gntv_or_sync_fifo.gl0.rd/rpntr/gc0.count_d1_reg[0]/CLR
  -------------------------------------------------------------------    -------------------

                         (clock clk_pl_0 rise edge)
                                                     10.000    10.000 r  
    PS8_X0Y0             PS8                          0.000    10.000 r  design_1_i/zynq_ultra_ps_e_0/inst/PS8_i/PLCLK[0]
                         net (fo=1, routed)           0.140    10.140    design_1_i/zynq_ultra_ps_e_0/inst/pl_clk_unbuffered[0]
    BUFG_PS_X0Y80        BUFG_PS (Prop_BUFG_PS_I_O)
                                                      0.027    10.167 r  design_1_i/zynq_ultra_ps_e_0/inst/buffer_pl_clk_0.PL_CLK_0_BUFG/O
    X1Y1 (CLOCK_ROOT)    net (fo=23783, routed)       2.317    12.484    design_1_i/ps8_0_axi_periph/s00_couplers/auto_ds/inst/gen_downsizer.gen_simple_downsizer.axi_downsizer_inst/USE_READ.read_addr_inst/cmd_queue/inst/fifo_gen_inst/inst_fifo_gen/gconvfifo.rf/grf.rf/gntv_or_sync_fifo.gl0.rd/rpntr/clk
    SLICE_X3Y111         FDCE                                         r  design_1_i/ps8_0_axi_periph/s00_couplers/auto_ds/inst/gen_downsizer.gen_simple_downsizer.axi_downsizer_inst/USE_READ.read_addr_inst/cmd_queue/inst/fifo_gen_inst/inst_fifo_gen/gconvfifo.rf/grf.rf/gntv_or_sync_fifo.gl0.rd/rpntr/gc0.count_d1_reg[0]/C
                         clock pessimism              0.218    12.702    
                         clock uncertainty           -0.130    12.572    
    SLICE_X3Y111         FDCE (Recov_EFF_SLICEL_C_CLR)
                                                     -0.072    12.500    design_1_i/ps8_0_axi_periph/s00_couplers/auto_ds/inst/gen_downsizer.gen_simple_downsizer.axi_downsizer_inst/USE_READ.read_addr_inst/cmd_queue/inst/fifo_gen_inst/inst_fifo_gen/gconvfifo.rf/grf.rf/gntv_or_sync_fifo.gl0.rd/rpntr/gc0.count_d1_reg[0]
  -------------------------------------------------------------------
                         required time                         12.500    
                         arrival time                          -4.154    
  -------------------------------------------------------------------
                         slack                                  8.346    

Slack (MET) :             8.346ns  (required time - arrival time)
  Source:                 design_1_i/ps8_0_axi_periph/s00_couplers/auto_ds/inst/gen_downsizer.gen_simple_downsizer.axi_downsizer_inst/USE_READ.read_addr_inst/cmd_queue/inst/fifo_gen_inst/inst_fifo_gen/gconvfifo.rf/grf.rf/rstblk/ngwrdrst.grst.g7serrst.gnsckt_wrst.gcc_rst.sckt_wr_rst_cc_reg[1]/C
                            (rising edge-triggered cell FDRE clocked by clk_pl_0  {rise@0.000ns fall@5.000ns period=10.000ns})
  Destination:            design_1_i/ps8_0_axi_periph/s00_couplers/auto_ds/inst/gen_downsizer.gen_simple_downsizer.axi_downsizer_inst/USE_READ.read_addr_inst/cmd_queue/inst/fifo_gen_inst/inst_fifo_gen/gconvfifo.rf/grf.rf/gntv_or_sync_fifo.gl0.rd/rpntr/gc0.count_d1_reg[2]/CLR
                            (recovery check against rising-edge clock clk_pl_0  {rise@0.000ns fall@5.000ns period=10.000ns})
  Path Group:             **async_default**
  Path Type:              Recovery (Max at Slow Process Corner)
  Requirement:            10.000ns  (clk_pl_0 rise@10.000ns - clk_pl_0 rise@0.000ns)
  Data Path Delay:        1.336ns  (logic 0.213ns (15.949%)  route 1.123ns (84.051%))
  Logic Levels:           1  (LUT3=1)
  Clock Path Skew:        -0.116ns (DCD - SCD + CPR)
    Destination Clock Delay (DCD):    2.484ns = ( 12.484 - 10.000 ) 
    Source Clock Delay      (SCD):    2.818ns
    Clock Pessimism Removal (CPR):    0.218ns
  Clock Uncertainty:      0.130ns  ((TSJ^2 + DJ^2)^1/2) / 2 + PE
    Total System Jitter     (TSJ):    0.071ns
    Discrete Jitter          (DJ):    0.250ns
    Phase Error              (PE):    0.000ns
  Clock Net Delay (Source):      2.611ns (routing 1.302ns, distribution 1.309ns)
  Clock Net Delay (Destination): 2.317ns (routing 1.184ns, distribution 1.133ns)

    Location             Delay type                Incr(ns)  Path(ns)    Netlist Resource(s)
  -------------------------------------------------------------------    -------------------
                         (clock clk_pl_0 rise edge)
                                                      0.000     0.000 r  
    PS8_X0Y0             PS8                          0.000     0.000 r  design_1_i/zynq_ultra_ps_e_0/inst/PS8_i/PLCLK[0]
                         net (fo=1, routed)           0.178     0.178    design_1_i/zynq_ultra_ps_e_0/inst/pl_clk_unbuffered[0]
    BUFG_PS_X0Y80        BUFG_PS (Prop_BUFG_PS_I_O)
                                                      0.029     0.207 r  design_1_i/zynq_ultra_ps_e_0/inst/buffer_pl_clk_0.PL_CLK_0_BUFG/O
    X1Y1 (CLOCK_ROOT)    net (fo=23783, routed)       2.611     2.818    design_1_i/ps8_0_axi_periph/s00_couplers/auto_ds/inst/gen_downsizer.gen_simple_downsizer.axi_downsizer_inst/USE_READ.read_addr_inst/cmd_queue/inst/fifo_gen_inst/inst_fifo_gen/gconvfifo.rf/grf.rf/rstblk/clk
    SLICE_X5Y104         FDRE                                         r  design_1_i/ps8_0_axi_periph/s00_couplers/auto_ds/inst/gen_downsizer.gen_simple_downsizer.axi_downsizer_inst/USE_READ.read_addr_inst/cmd_queue/inst/fifo_gen_inst/inst_fifo_gen/gconvfifo.rf/grf.rf/rstblk/ngwrdrst.grst.g7serrst.gnsckt_wrst.gcc_rst.sckt_wr_rst_cc_reg[1]/C
  -------------------------------------------------------------------    -------------------
    SLICE_X5Y104         FDRE (Prop_BFF2_SLICEM_C_Q)
                                                      0.097     2.915 f  design_1_i/ps8_0_axi_periph/s00_couplers/auto_ds/inst/gen_downsizer.gen_simple_downsizer.axi_downsizer_inst/USE_READ.read_addr_inst/cmd_queue/inst/fifo_gen_inst/inst_fifo_gen/gconvfifo.rf/grf.rf/rstblk/ngwrdrst.grst.g7serrst.gnsckt_wrst.gcc_rst.sckt_wr_rst_cc_reg[1]/Q
                         net (fo=2, routed)           0.191     3.106    design_1_i/ps8_0_axi_periph/s00_couplers/auto_ds/inst/gen_downsizer.gen_simple_downsizer.axi_downsizer_inst/USE_READ.read_addr_inst/cmd_queue/inst/fifo_gen_inst/inst_fifo_gen/gconvfifo.rf/grf.rf/rstblk/ngwrdrst.grst.g7serrst.gnsckt_wrst.gcc_rst.sckt_wr_rst_cc[1]
    SLICE_X5Y104         LUT3 (Prop_G6LUT_SLICEM_I0_O)
                                                      0.116     3.222 f  design_1_i/ps8_0_axi_periph/s00_couplers/auto_ds/inst/gen_downsizer.gen_simple_downsizer.axi_downsizer_inst/USE_READ.read_addr_inst/cmd_queue/inst/fifo_gen_inst/inst_fifo_gen/gconvfifo.rf/grf.rf/rstblk/gpregsm1.curr_fwft_state[1]_i_2/O
                         net (fo=32, routed)          0.932     4.154    design_1_i/ps8_0_axi_periph/s00_couplers/auto_ds/inst/gen_downsizer.gen_simple_downsizer.axi_downsizer_inst/USE_READ.read_addr_inst/cmd_queue/inst/fifo_gen_inst/inst_fifo_gen/gconvfifo.rf/grf.rf/gntv_or_sync_fifo.gl0.rd/rpntr/gc0.count_d1_reg[4]_1
    SLICE_X3Y111         FDCE                                         f  design_1_i/ps8_0_axi_periph/s00_couplers/auto_ds/inst/gen_downsizer.gen_simple_downsizer.axi_downsizer_inst/USE_READ.read_addr_inst/cmd_queue/inst/fifo_gen_inst/inst_fifo_gen/gconvfifo.rf/grf.rf/gntv_or_sync_fifo.gl0.rd/rpntr/gc0.count_d1_reg[2]/CLR
  -------------------------------------------------------------------    -------------------

                         (clock clk_pl_0 rise edge)
                                                     10.000    10.000 r  
    PS8_X0Y0             PS8                          0.000    10.000 r  design_1_i/zynq_ultra_ps_e_0/inst/PS8_i/PLCLK[0]
                         net (fo=1, routed)           0.140    10.140    design_1_i/zynq_ultra_ps_e_0/inst/pl_clk_unbuffered[0]
    BUFG_PS_X0Y80        BUFG_PS (Prop_BUFG_PS_I_O)
                                                      0.027    10.167 r  design_1_i/zynq_ultra_ps_e_0/inst/buffer_pl_clk_0.PL_CLK_0_BUFG/O
    X1Y1 (CLOCK_ROOT)    net (fo=23783, routed)       2.317    12.484    design_1_i/ps8_0_axi_periph/s00_couplers/auto_ds/inst/gen_downsizer.gen_simple_downsizer.axi_downsizer_inst/USE_READ.read_addr_inst/cmd_queue/inst/fifo_gen_inst/inst_fifo_gen/gconvfifo.rf/grf.rf/gntv_or_sync_fifo.gl0.rd/rpntr/clk
    SLICE_X3Y111         FDCE                                         r  design_1_i/ps8_0_axi_periph/s00_couplers/auto_ds/inst/gen_downsizer.gen_simple_downsizer.axi_downsizer_inst/USE_READ.read_addr_inst/cmd_queue/inst/fifo_gen_inst/inst_fifo_gen/gconvfifo.rf/grf.rf/gntv_or_sync_fifo.gl0.rd/rpntr/gc0.count_d1_reg[2]/C
                         clock pessimism              0.218    12.702    
                         clock uncertainty           -0.130    12.572    
    SLICE_X3Y111         FDCE (Recov_EFF2_SLICEL_C_CLR)
                                                     -0.072    12.500    design_1_i/ps8_0_axi_periph/s00_couplers/auto_ds/inst/gen_downsizer.gen_simple_downsizer.axi_downsizer_inst/USE_READ.read_addr_inst/cmd_queue/inst/fifo_gen_inst/inst_fifo_gen/gconvfifo.rf/grf.rf/gntv_or_sync_fifo.gl0.rd/rpntr/gc0.count_d1_reg[2]
  -------------------------------------------------------------------
                         required time                         12.500    
                         arrival time                          -4.154    
  -------------------------------------------------------------------
                         slack                                  8.346    

Slack (MET) :             8.462ns  (required time - arrival time)
  Source:                 design_1_i/ps8_0_axi_periph/s00_couplers/auto_ds/inst/gen_downsizer.gen_simple_downsizer.axi_downsizer_inst/USE_READ.read_addr_inst/cmd_queue/inst/fifo_gen_inst/inst_fifo_gen/gconvfifo.rf/grf.rf/rstblk/ngwrdrst.grst.g7serrst.gnsckt_wrst.gcc_rst.sckt_wr_rst_cc_reg[1]/C
                            (rising edge-triggered cell FDRE clocked by clk_pl_0  {rise@0.000ns fall@5.000ns period=10.000ns})
  Destination:            design_1_i/ps8_0_axi_periph/s00_couplers/auto_ds/inst/gen_downsizer.gen_simple_downsizer.axi_downsizer_inst/USE_READ.read_addr_inst/cmd_queue/inst/fifo_gen_inst/inst_fifo_gen/gconvfifo.rf/grf.rf/gntv_or_sync_fifo.gl0.rd/rpntr/gc0.count_d1_reg[1]/CLR
                            (recovery check against rising-edge clock clk_pl_0  {rise@0.000ns fall@5.000ns period=10.000ns})
  Path Group:             **async_default**
  Path Type:              Recovery (Max at Slow Process Corner)
  Requirement:            10.000ns  (clk_pl_0 rise@10.000ns - clk_pl_0 rise@0.000ns)
  Data Path Delay:        1.210ns  (logic 0.213ns (17.600%)  route 0.997ns (82.400%))
  Logic Levels:           1  (LUT3=1)
  Clock Path Skew:        -0.126ns (DCD - SCD + CPR)
    Destination Clock Delay (DCD):    2.474ns = ( 12.474 - 10.000 ) 
    Source Clock Delay      (SCD):    2.818ns
    Clock Pessimism Removal (CPR):    0.218ns
  Clock Uncertainty:      0.130ns  ((TSJ^2 + DJ^2)^1/2) / 2 + PE
    Total System Jitter     (TSJ):    0.071ns
    Discrete Jitter          (DJ):    0.250ns
    Phase Error              (PE):    0.000ns
  Clock Net Delay (Source):      2.611ns (routing 1.302ns, distribution 1.309ns)
  Clock Net Delay (Destination): 2.307ns (routing 1.184ns, distribution 1.123ns)

    Location             Delay type                Incr(ns)  Path(ns)    Netlist Resource(s)
  -------------------------------------------------------------------    -------------------
                         (clock clk_pl_0 rise edge)
                                                      0.000     0.000 r  
    PS8_X0Y0             PS8                          0.000     0.000 r  design_1_i/zynq_ultra_ps_e_0/inst/PS8_i/PLCLK[0]
                         net (fo=1, routed)           0.178     0.178    design_1_i/zynq_ultra_ps_e_0/inst/pl_clk_unbuffered[0]
    BUFG_PS_X0Y80        BUFG_PS (Prop_BUFG_PS_I_O)
                                                      0.029     0.207 r  design_1_i/zynq_ultra_ps_e_0/inst/buffer_pl_clk_0.PL_CLK_0_BUFG/O
    X1Y1 (CLOCK_ROOT)    net (fo=23783, routed)       2.611     2.818    design_1_i/ps8_0_axi_periph/s00_couplers/auto_ds/inst/gen_downsizer.gen_simple_downsizer.axi_downsizer_inst/USE_READ.read_addr_inst/cmd_queue/inst/fifo_gen_inst/inst_fifo_gen/gconvfifo.rf/grf.rf/rstblk/clk
    SLICE_X5Y104         FDRE                                         r  design_1_i/ps8_0_axi_periph/s00_couplers/auto_ds/inst/gen_downsizer.gen_simple_downsizer.axi_downsizer_inst/USE_READ.read_addr_inst/cmd_queue/inst/fifo_gen_inst/inst_fifo_gen/gconvfifo.rf/grf.rf/rstblk/ngwrdrst.grst.g7serrst.gnsckt_wrst.gcc_rst.sckt_wr_rst_cc_reg[1]/C
  -------------------------------------------------------------------    -------------------
    SLICE_X5Y104         FDRE (Prop_BFF2_SLICEM_C_Q)
                                                      0.097     2.915 f  design_1_i/ps8_0_axi_periph/s00_couplers/auto_ds/inst/gen_downsizer.gen_simple_downsizer.axi_downsizer_inst/USE_READ.read_addr_inst/cmd_queue/inst/fifo_gen_inst/inst_fifo_gen/gconvfifo.rf/grf.rf/rstblk/ngwrdrst.grst.g7serrst.gnsckt_wrst.gcc_rst.sckt_wr_rst_cc_reg[1]/Q
                         net (fo=2, routed)           0.191     3.106    design_1_i/ps8_0_axi_periph/s00_couplers/auto_ds/inst/gen_downsizer.gen_simple_downsizer.axi_downsizer_inst/USE_READ.read_addr_inst/cmd_queue/inst/fifo_gen_inst/inst_fifo_gen/gconvfifo.rf/grf.rf/rstblk/ngwrdrst.grst.g7serrst.gnsckt_wrst.gcc_rst.sckt_wr_rst_cc[1]
    SLICE_X5Y104         LUT3 (Prop_G6LUT_SLICEM_I0_O)
                                                      0.116     3.222 f  design_1_i/ps8_0_axi_periph/s00_couplers/auto_ds/inst/gen_downsizer.gen_simple_downsizer.axi_downsizer_inst/USE_READ.read_addr_inst/cmd_queue/inst/fifo_gen_inst/inst_fifo_gen/gconvfifo.rf/grf.rf/rstblk/gpregsm1.curr_fwft_state[1]_i_2/O
                         net (fo=32, routed)          0.806     4.028    design_1_i/ps8_0_axi_periph/s00_couplers/auto_ds/inst/gen_downsizer.gen_simple_downsizer.axi_downsizer_inst/USE_READ.read_addr_inst/cmd_queue/inst/fifo_gen_inst/inst_fifo_gen/gconvfifo.rf/grf.rf/gntv_or_sync_fifo.gl0.rd/rpntr/gc0.count_d1_reg[4]_1
    SLICE_X4Y109         FDCE                                         f  design_1_i/ps8_0_axi_periph/s00_couplers/auto_ds/inst/gen_downsizer.gen_simple_downsizer.axi_downsizer_inst/USE_READ.read_addr_inst/cmd_queue/inst/fifo_gen_inst/inst_fifo_gen/gconvfifo.rf/grf.rf/gntv_or_sync_fifo.gl0.rd/rpntr/gc0.count_d1_reg[1]/CLR
  -------------------------------------------------------------------    -------------------

                         (clock clk_pl_0 rise edge)
                                                     10.000    10.000 r  
    PS8_X0Y0             PS8                          0.000    10.000 r  design_1_i/zynq_ultra_ps_e_0/inst/PS8_i/PLCLK[0]
                         net (fo=1, routed)           0.140    10.140    design_1_i/zynq_ultra_ps_e_0/inst/pl_clk_unbuffered[0]
    BUFG_PS_X0Y80        BUFG_PS (Prop_BUFG_PS_I_O)
                                                      0.027    10.167 r  design_1_i/zynq_ultra_ps_e_0/inst/buffer_pl_clk_0.PL_CLK_0_BUFG/O
    X1Y1 (CLOCK_ROOT)    net (fo=23783, routed)       2.307    12.474    design_1_i/ps8_0_axi_periph/s00_couplers/auto_ds/inst/gen_downsizer.gen_simple_downsizer.axi_downsizer_inst/USE_READ.read_addr_inst/cmd_queue/inst/fifo_gen_inst/inst_fifo_gen/gconvfifo.rf/grf.rf/gntv_or_sync_fifo.gl0.rd/rpntr/clk
    SLICE_X4Y109         FDCE                                         r  design_1_i/ps8_0_axi_periph/s00_couplers/auto_ds/inst/gen_downsizer.gen_simple_downsizer.axi_downsizer_inst/USE_READ.read_addr_inst/cmd_queue/inst/fifo_gen_inst/inst_fifo_gen/gconvfifo.rf/grf.rf/gntv_or_sync_fifo.gl0.rd/rpntr/gc0.count_d1_reg[1]/C
                         clock pessimism              0.218    12.692    
                         clock uncertainty           -0.130    12.562    
    SLICE_X4Y109         FDCE (Recov_AFF_SLICEM_C_CLR)
                                                     -0.072    12.490    design_1_i/ps8_0_axi_periph/s00_couplers/auto_ds/inst/gen_downsizer.gen_simple_downsizer.axi_downsizer_inst/USE_READ.read_addr_inst/cmd_queue/inst/fifo_gen_inst/inst_fifo_gen/gconvfifo.rf/grf.rf/gntv_or_sync_fifo.gl0.rd/rpntr/gc0.count_d1_reg[1]
  -------------------------------------------------------------------
                         required time                         12.490    
                         arrival time                          -4.028    
  -------------------------------------------------------------------
                         slack                                  8.462    

Slack (MET) :             8.462ns  (required time - arrival time)
  Source:                 design_1_i/ps8_0_axi_periph/s00_couplers/auto_ds/inst/gen_downsizer.gen_simple_downsizer.axi_downsizer_inst/USE_READ.read_addr_inst/cmd_queue/inst/fifo_gen_inst/inst_fifo_gen/gconvfifo.rf/grf.rf/rstblk/ngwrdrst.grst.g7serrst.gnsckt_wrst.gcc_rst.sckt_wr_rst_cc_reg[1]/C
                            (rising edge-triggered cell FDRE clocked by clk_pl_0  {rise@0.000ns fall@5.000ns period=10.000ns})
  Destination:            design_1_i/ps8_0_axi_periph/s00_couplers/auto_ds/inst/gen_downsizer.gen_simple_downsizer.axi_downsizer_inst/USE_READ.read_addr_inst/cmd_queue/inst/fifo_gen_inst/inst_fifo_gen/gconvfifo.rf/grf.rf/gntv_or_sync_fifo.gl0.rd/rpntr/gc0.count_reg[3]/CLR
                            (recovery check against rising-edge clock clk_pl_0  {rise@0.000ns fall@5.000ns period=10.000ns})
  Path Group:             **async_default**
  Path Type:              Recovery (Max at Slow Process Corner)
  Requirement:            10.000ns  (clk_pl_0 rise@10.000ns - clk_pl_0 rise@0.000ns)
  Data Path Delay:        1.210ns  (logic 0.213ns (17.600%)  route 0.997ns (82.400%))
  Logic Levels:           1  (LUT3=1)
  Clock Path Skew:        -0.126ns (DCD - SCD + CPR)
    Destination Clock Delay (DCD):    2.474ns = ( 12.474 - 10.000 ) 
    Source Clock Delay      (SCD):    2.818ns
    Clock Pessimism Removal (CPR):    0.218ns
  Clock Uncertainty:      0.130ns  ((TSJ^2 + DJ^2)^1/2) / 2 + PE
    Total System Jitter     (TSJ):    0.071ns
    Discrete Jitter          (DJ):    0.250ns
    Phase Error              (PE):    0.000ns
  Clock Net Delay (Source):      2.611ns (routing 1.302ns, distribution 1.309ns)
  Clock Net Delay (Destination): 2.307ns (routing 1.184ns, distribution 1.123ns)

    Location             Delay type                Incr(ns)  Path(ns)    Netlist Resource(s)
  -------------------------------------------------------------------    -------------------
                         (clock clk_pl_0 rise edge)
                                                      0.000     0.000 r  
    PS8_X0Y0             PS8                          0.000     0.000 r  design_1_i/zynq_ultra_ps_e_0/inst/PS8_i/PLCLK[0]
                         net (fo=1, routed)           0.178     0.178    design_1_i/zynq_ultra_ps_e_0/inst/pl_clk_unbuffered[0]
    BUFG_PS_X0Y80        BUFG_PS (Prop_BUFG_PS_I_O)
                                                      0.029     0.207 r  design_1_i/zynq_ultra_ps_e_0/inst/buffer_pl_clk_0.PL_CLK_0_BUFG/O
    X1Y1 (CLOCK_ROOT)    net (fo=23783, routed)       2.611     2.818    design_1_i/ps8_0_axi_periph/s00_couplers/auto_ds/inst/gen_downsizer.gen_simple_downsizer.axi_downsizer_inst/USE_READ.read_addr_inst/cmd_queue/inst/fifo_gen_inst/inst_fifo_gen/gconvfifo.rf/grf.rf/rstblk/clk
    SLICE_X5Y104         FDRE                                         r  design_1_i/ps8_0_axi_periph/s00_couplers/auto_ds/inst/gen_downsizer.gen_simple_downsizer.axi_downsizer_inst/USE_READ.read_addr_inst/cmd_queue/inst/fifo_gen_inst/inst_fifo_gen/gconvfifo.rf/grf.rf/rstblk/ngwrdrst.grst.g7serrst.gnsckt_wrst.gcc_rst.sckt_wr_rst_cc_reg[1]/C
  -------------------------------------------------------------------    -------------------
    SLICE_X5Y104         FDRE (Prop_BFF2_SLICEM_C_Q)
                                                      0.097     2.915 f  design_1_i/ps8_0_axi_periph/s00_couplers/auto_ds/inst/gen_downsizer.gen_simple_downsizer.axi_downsizer_inst/USE_READ.read_addr_inst/cmd_queue/inst/fifo_gen_inst/inst_fifo_gen/gconvfifo.rf/grf.rf/rstblk/ngwrdrst.grst.g7serrst.gnsckt_wrst.gcc_rst.sckt_wr_rst_cc_reg[1]/Q
                         net (fo=2, routed)           0.191     3.106    design_1_i/ps8_0_axi_periph/s00_couplers/auto_ds/inst/gen_downsizer.gen_simple_downsizer.axi_downsizer_inst/USE_READ.read_addr_inst/cmd_queue/inst/fifo_gen_inst/inst_fifo_gen/gconvfifo.rf/grf.rf/rstblk/ngwrdrst.grst.g7serrst.gnsckt_wrst.gcc_rst.sckt_wr_rst_cc[1]
    SLICE_X5Y104         LUT3 (Prop_G6LUT_SLICEM_I0_O)
                                                      0.116     3.222 f  design_1_i/ps8_0_axi_periph/s00_couplers/auto_ds/inst/gen_downsizer.gen_simple_downsizer.axi_downsizer_inst/USE_READ.read_addr_inst/cmd_queue/inst/fifo_gen_inst/inst_fifo_gen/gconvfifo.rf/grf.rf/rstblk/gpregsm1.curr_fwft_state[1]_i_2/O
                         net (fo=32, routed)          0.806     4.028    design_1_i/ps8_0_axi_periph/s00_couplers/auto_ds/inst/gen_downsizer.gen_simple_downsizer.axi_downsizer_inst/USE_READ.read_addr_inst/cmd_queue/inst/fifo_gen_inst/inst_fifo_gen/gconvfifo.rf/grf.rf/gntv_or_sync_fifo.gl0.rd/rpntr/gc0.count_d1_reg[4]_1
    SLICE_X4Y109         FDCE                                         f  design_1_i/ps8_0_axi_periph/s00_couplers/auto_ds/inst/gen_downsizer.gen_simple_downsizer.axi_downsizer_inst/USE_READ.read_addr_inst/cmd_queue/inst/fifo_gen_inst/inst_fifo_gen/gconvfifo.rf/grf.rf/gntv_or_sync_fifo.gl0.rd/rpntr/gc0.count_reg[3]/CLR
  -------------------------------------------------------------------    -------------------

                         (clock clk_pl_0 rise edge)
                                                     10.000    10.000 r  
    PS8_X0Y0             PS8                          0.000    10.000 r  design_1_i/zynq_ultra_ps_e_0/inst/PS8_i/PLCLK[0]
                         net (fo=1, routed)           0.140    10.140    design_1_i/zynq_ultra_ps_e_0/inst/pl_clk_unbuffered[0]
    BUFG_PS_X0Y80        BUFG_PS (Prop_BUFG_PS_I_O)
                                                      0.027    10.167 r  design_1_i/zynq_ultra_ps_e_0/inst/buffer_pl_clk_0.PL_CLK_0_BUFG/O
    X1Y1 (CLOCK_ROOT)    net (fo=23783, routed)       2.307    12.474    design_1_i/ps8_0_axi_periph/s00_couplers/auto_ds/inst/gen_downsizer.gen_simple_downsizer.axi_downsizer_inst/USE_READ.read_addr_inst/cmd_queue/inst/fifo_gen_inst/inst_fifo_gen/gconvfifo.rf/grf.rf/gntv_or_sync_fifo.gl0.rd/rpntr/clk
    SLICE_X4Y109         FDCE                                         r  design_1_i/ps8_0_axi_periph/s00_couplers/auto_ds/inst/gen_downsizer.gen_simple_downsizer.axi_downsizer_inst/USE_READ.read_addr_inst/cmd_queue/inst/fifo_gen_inst/inst_fifo_gen/gconvfifo.rf/grf.rf/gntv_or_sync_fifo.gl0.rd/rpntr/gc0.count_reg[3]/C
                         clock pessimism              0.218    12.692    
                         clock uncertainty           -0.130    12.562    
    SLICE_X4Y109         FDCE (Recov_DFF_SLICEM_C_CLR)
                                                     -0.072    12.490    design_1_i/ps8_0_axi_periph/s00_couplers/auto_ds/inst/gen_downsizer.gen_simple_downsizer.axi_downsizer_inst/USE_READ.read_addr_inst/cmd_queue/inst/fifo_gen_inst/inst_fifo_gen/gconvfifo.rf/grf.rf/gntv_or_sync_fifo.gl0.rd/rpntr/gc0.count_reg[3]
  -------------------------------------------------------------------
                         required time                         12.490    
                         arrival time                          -4.028    
  -------------------------------------------------------------------
                         slack                                  8.462    

Slack (MET) :             8.462ns  (required time - arrival time)
  Source:                 design_1_i/ps8_0_axi_periph/s00_couplers/auto_ds/inst/gen_downsizer.gen_simple_downsizer.axi_downsizer_inst/USE_READ.read_addr_inst/cmd_queue/inst/fifo_gen_inst/inst_fifo_gen/gconvfifo.rf/grf.rf/rstblk/ngwrdrst.grst.g7serrst.gnsckt_wrst.gcc_rst.sckt_wr_rst_cc_reg[1]/C
                            (rising edge-triggered cell FDRE clocked by clk_pl_0  {rise@0.000ns fall@5.000ns period=10.000ns})
  Destination:            design_1_i/ps8_0_axi_periph/s00_couplers/auto_ds/inst/gen_downsizer.gen_simple_downsizer.axi_downsizer_inst/USE_READ.read_addr_inst/cmd_queue/inst/fifo_gen_inst/inst_fifo_gen/gconvfifo.rf/grf.rf/gntv_or_sync_fifo.gl0.rd/rpntr/gc0.count_reg[4]/CLR
                            (recovery check against rising-edge clock clk_pl_0  {rise@0.000ns fall@5.000ns period=10.000ns})
  Path Group:             **async_default**
  Path Type:              Recovery (Max at Slow Process Corner)
  Requirement:            10.000ns  (clk_pl_0 rise@10.000ns - clk_pl_0 rise@0.000ns)
  Data Path Delay:        1.210ns  (logic 0.213ns (17.600%)  route 0.997ns (82.400%))
  Logic Levels:           1  (LUT3=1)
  Clock Path Skew:        -0.126ns (DCD - SCD + CPR)
    Destination Clock Delay (DCD):    2.474ns = ( 12.474 - 10.000 ) 
    Source Clock Delay      (SCD):    2.818ns
    Clock Pessimism Removal (CPR):    0.218ns
  Clock Uncertainty:      0.130ns  ((TSJ^2 + DJ^2)^1/2) / 2 + PE
    Total System Jitter     (TSJ):    0.071ns
    Discrete Jitter          (DJ):    0.250ns
    Phase Error              (PE):    0.000ns
  Clock Net Delay (Source):      2.611ns (routing 1.302ns, distribution 1.309ns)
  Clock Net Delay (Destination): 2.307ns (routing 1.184ns, distribution 1.123ns)

    Location             Delay type                Incr(ns)  Path(ns)    Netlist Resource(s)
  -------------------------------------------------------------------    -------------------
                         (clock clk_pl_0 rise edge)
                                                      0.000     0.000 r  
    PS8_X0Y0             PS8                          0.000     0.000 r  design_1_i/zynq_ultra_ps_e_0/inst/PS8_i/PLCLK[0]
                         net (fo=1, routed)           0.178     0.178    design_1_i/zynq_ultra_ps_e_0/inst/pl_clk_unbuffered[0]
    BUFG_PS_X0Y80        BUFG_PS (Prop_BUFG_PS_I_O)
                                                      0.029     0.207 r  design_1_i/zynq_ultra_ps_e_0/inst/buffer_pl_clk_0.PL_CLK_0_BUFG/O
    X1Y1 (CLOCK_ROOT)    net (fo=23783, routed)       2.611     2.818    design_1_i/ps8_0_axi_periph/s00_couplers/auto_ds/inst/gen_downsizer.gen_simple_downsizer.axi_downsizer_inst/USE_READ.read_addr_inst/cmd_queue/inst/fifo_gen_inst/inst_fifo_gen/gconvfifo.rf/grf.rf/rstblk/clk
    SLICE_X5Y104         FDRE                                         r  design_1_i/ps8_0_axi_periph/s00_couplers/auto_ds/inst/gen_downsizer.gen_simple_downsizer.axi_downsizer_inst/USE_READ.read_addr_inst/cmd_queue/inst/fifo_gen_inst/inst_fifo_gen/gconvfifo.rf/grf.rf/rstblk/ngwrdrst.grst.g7serrst.gnsckt_wrst.gcc_rst.sckt_wr_rst_cc_reg[1]/C
  -------------------------------------------------------------------    -------------------
    SLICE_X5Y104         FDRE (Prop_BFF2_SLICEM_C_Q)
                                                      0.097     2.915 f  design_1_i/ps8_0_axi_periph/s00_couplers/auto_ds/inst/gen_downsizer.gen_simple_downsizer.axi_downsizer_inst/USE_READ.read_addr_inst/cmd_queue/inst/fifo_gen_inst/inst_fifo_gen/gconvfifo.rf/grf.rf/rstblk/ngwrdrst.grst.g7serrst.gnsckt_wrst.gcc_rst.sckt_wr_rst_cc_reg[1]/Q
                         net (fo=2, routed)           0.191     3.106    design_1_i/ps8_0_axi_periph/s00_couplers/auto_ds/inst/gen_downsizer.gen_simple_downsizer.axi_downsizer_inst/USE_READ.read_addr_inst/cmd_queue/inst/fifo_gen_inst/inst_fifo_gen/gconvfifo.rf/grf.rf/rstblk/ngwrdrst.grst.g7serrst.gnsckt_wrst.gcc_rst.sckt_wr_rst_cc[1]
    SLICE_X5Y104         LUT3 (Prop_G6LUT_SLICEM_I0_O)
                                                      0.116     3.222 f  design_1_i/ps8_0_axi_periph/s00_couplers/auto_ds/inst/gen_downsizer.gen_simple_downsizer.axi_downsizer_inst/USE_READ.read_addr_inst/cmd_queue/inst/fifo_gen_inst/inst_fifo_gen/gconvfifo.rf/grf.rf/rstblk/gpregsm1.curr_fwft_state[1]_i_2/O
                         net (fo=32, routed)          0.806     4.028    design_1_i/ps8_0_axi_periph/s00_couplers/auto_ds/inst/gen_downsizer.gen_simple_downsizer.axi_downsizer_inst/USE_READ.read_addr_inst/cmd_queue/inst/fifo_gen_inst/inst_fifo_gen/gconvfifo.rf/grf.rf/gntv_or_sync_fifo.gl0.rd/rpntr/gc0.count_d1_reg[4]_1
    SLICE_X4Y109         FDCE                                         f  design_1_i/ps8_0_axi_periph/s00_couplers/auto_ds/inst/gen_downsizer.gen_simple_downsizer.axi_downsizer_inst/USE_READ.read_addr_inst/cmd_queue/inst/fifo_gen_inst/inst_fifo_gen/gconvfifo.rf/grf.rf/gntv_or_sync_fifo.gl0.rd/rpntr/gc0.count_reg[4]/CLR
  -------------------------------------------------------------------    -------------------

                         (clock clk_pl_0 rise edge)
                                                     10.000    10.000 r  
    PS8_X0Y0             PS8                          0.000    10.000 r  design_1_i/zynq_ultra_ps_e_0/inst/PS8_i/PLCLK[0]
                         net (fo=1, routed)           0.140    10.140    design_1_i/zynq_ultra_ps_e_0/inst/pl_clk_unbuffered[0]
    BUFG_PS_X0Y80        BUFG_PS (Prop_BUFG_PS_I_O)
                                                      0.027    10.167 r  design_1_i/zynq_ultra_ps_e_0/inst/buffer_pl_clk_0.PL_CLK_0_BUFG/O
    X1Y1 (CLOCK_ROOT)    net (fo=23783, routed)       2.307    12.474    design_1_i/ps8_0_axi_periph/s00_couplers/auto_ds/inst/gen_downsizer.gen_simple_downsizer.axi_downsizer_inst/USE_READ.read_addr_inst/cmd_queue/inst/fifo_gen_inst/inst_fifo_gen/gconvfifo.rf/grf.rf/gntv_or_sync_fifo.gl0.rd/rpntr/clk
    SLICE_X4Y109         FDCE                                         r  design_1_i/ps8_0_axi_periph/s00_couplers/auto_ds/inst/gen_downsizer.gen_simple_downsizer.axi_downsizer_inst/USE_READ.read_addr_inst/cmd_queue/inst/fifo_gen_inst/inst_fifo_gen/gconvfifo.rf/grf.rf/gntv_or_sync_fifo.gl0.rd/rpntr/gc0.count_reg[4]/C
                         clock pessimism              0.218    12.692    
                         clock uncertainty           -0.130    12.562    
    SLICE_X4Y109         FDCE (Recov_DFF2_SLICEM_C_CLR)
                                                     -0.072    12.490    design_1_i/ps8_0_axi_periph/s00_couplers/auto_ds/inst/gen_downsizer.gen_simple_downsizer.axi_downsizer_inst/USE_READ.read_addr_inst/cmd_queue/inst/fifo_gen_inst/inst_fifo_gen/gconvfifo.rf/grf.rf/gntv_or_sync_fifo.gl0.rd/rpntr/gc0.count_reg[4]
  -------------------------------------------------------------------
                         required time                         12.490    
                         arrival time                          -4.028    
  -------------------------------------------------------------------
                         slack                                  8.462    

Slack (MET) :             8.470ns  (required time - arrival time)
  Source:                 design_1_i/ps8_0_axi_periph/s00_couplers/auto_ds/inst/gen_downsizer.gen_simple_downsizer.axi_downsizer_inst/USE_WRITE.write_addr_inst/USE_B_CHANNEL.cmd_b_queue/inst/fifo_gen_inst/inst_fifo_gen/gconvfifo.rf/grf.rf/rstblk/ngwrdrst.grst.g7serrst.gnsckt_wrst.rst_wr_reg2_inst/arststages_ff_reg[1]/C
                            (rising edge-triggered cell FDPE clocked by clk_pl_0  {rise@0.000ns fall@5.000ns period=10.000ns})
  Destination:            design_1_i/ps8_0_axi_periph/s00_couplers/auto_ds/inst/gen_downsizer.gen_simple_downsizer.axi_downsizer_inst/USE_WRITE.write_addr_inst/USE_B_CHANNEL.cmd_b_queue/inst/fifo_gen_inst/inst_fifo_gen/gconvfifo.rf/grf.rf/gntv_or_sync_fifo.gl0.rd/gr1.gr1_int.rfwft/aempty_fwft_fb_i_reg/PRE
                            (recovery check against rising-edge clock clk_pl_0  {rise@0.000ns fall@5.000ns period=10.000ns})
  Path Group:             **async_default**
  Path Type:              Recovery (Max at Slow Process Corner)
  Requirement:            10.000ns  (clk_pl_0 rise@10.000ns - clk_pl_0 rise@0.000ns)
  Data Path Delay:        1.205ns  (logic 0.196ns (16.267%)  route 1.009ns (83.733%))
  Logic Levels:           1  (LUT3=1)
  Clock Path Skew:        -0.123ns (DCD - SCD + CPR)
    Destination Clock Delay (DCD):    2.436ns = ( 12.436 - 10.000 ) 
    Source Clock Delay      (SCD):    2.778ns
    Clock Pessimism Removal (CPR):    0.218ns
  Clock Uncertainty:      0.130ns  ((TSJ^2 + DJ^2)^1/2) / 2 + PE
    Total System Jitter     (TSJ):    0.071ns
    Discrete Jitter          (DJ):    0.250ns
    Phase Error              (PE):    0.000ns
  Clock Net Delay (Source):      2.571ns (routing 1.302ns, distribution 1.269ns)
  Clock Net Delay (Destination): 2.269ns (routing 1.184ns, distribution 1.085ns)

    Location             Delay type                Incr(ns)  Path(ns)    Netlist Resource(s)
  -------------------------------------------------------------------    -------------------
                         (clock clk_pl_0 rise edge)
                                                      0.000     0.000 r  
    PS8_X0Y0             PS8                          0.000     0.000 r  design_1_i/zynq_ultra_ps_e_0/inst/PS8_i/PLCLK[0]
                         net (fo=1, routed)           0.178     0.178    design_1_i/zynq_ultra_ps_e_0/inst/pl_clk_unbuffered[0]
    BUFG_PS_X0Y80        BUFG_PS (Prop_BUFG_PS_I_O)
                                                      0.029     0.207 r  design_1_i/zynq_ultra_ps_e_0/inst/buffer_pl_clk_0.PL_CLK_0_BUFG/O
    X1Y1 (CLOCK_ROOT)    net (fo=23783, routed)       2.571     2.778    design_1_i/ps8_0_axi_periph/s00_couplers/auto_ds/inst/gen_downsizer.gen_simple_downsizer.axi_downsizer_inst/USE_WRITE.write_addr_inst/USE_B_CHANNEL.cmd_b_queue/inst/fifo_gen_inst/inst_fifo_gen/gconvfifo.rf/grf.rf/rstblk/ngwrdrst.grst.g7serrst.gnsckt_wrst.rst_wr_reg2_inst/dest_clk
    SLICE_X10Y93         FDPE                                         r  design_1_i/ps8_0_axi_periph/s00_couplers/auto_ds/inst/gen_downsizer.gen_simple_downsizer.axi_downsizer_inst/USE_WRITE.write_addr_inst/USE_B_CHANNEL.cmd_b_queue/inst/fifo_gen_inst/inst_fifo_gen/gconvfifo.rf/grf.rf/rstblk/ngwrdrst.grst.g7serrst.gnsckt_wrst.rst_wr_reg2_inst/arststages_ff_reg[1]/C
  -------------------------------------------------------------------    -------------------
    SLICE_X10Y93         FDPE (Prop_EFF2_SLICEM_C_Q)
                                                      0.098     2.876 f  design_1_i/ps8_0_axi_periph/s00_couplers/auto_ds/inst/gen_downsizer.gen_simple_downsizer.axi_downsizer_inst/USE_WRITE.write_addr_inst/USE_B_CHANNEL.cmd_b_queue/inst/fifo_gen_inst/inst_fifo_gen/gconvfifo.rf/grf.rf/rstblk/ngwrdrst.grst.g7serrst.gnsckt_wrst.rst_wr_reg2_inst/arststages_ff_reg[1]/Q
                         net (fo=3, routed)           0.352     3.228    design_1_i/ps8_0_axi_periph/s00_couplers/auto_ds/inst/gen_downsizer.gen_simple_downsizer.axi_downsizer_inst/USE_WRITE.write_addr_inst/USE_B_CHANNEL.cmd_b_queue/inst/fifo_gen_inst/inst_fifo_gen/gconvfifo.rf/grf.rf/rstblk/ngwrdrst.rst_wr_reg2
    SLICE_X13Y93         LUT3 (Prop_D6LUT_SLICEM_I2_O)
                                                      0.098     3.326 f  design_1_i/ps8_0_axi_periph/s00_couplers/auto_ds/inst/gen_downsizer.gen_simple_downsizer.axi_downsizer_inst/USE_WRITE.write_addr_inst/USE_B_CHANNEL.cmd_b_queue/inst/fifo_gen_inst/inst_fifo_gen/gconvfifo.rf/grf.rf/rstblk/gpregsm1.curr_fwft_state[1]_i_2/O
                         net (fo=32, routed)          0.657     3.983    design_1_i/ps8_0_axi_periph/s00_couplers/auto_ds/inst/gen_downsizer.gen_simple_downsizer.axi_downsizer_inst/USE_WRITE.write_addr_inst/USE_B_CHANNEL.cmd_b_queue/inst/fifo_gen_inst/inst_fifo_gen/gconvfifo.rf/grf.rf/gntv_or_sync_fifo.gl0.rd/gr1.gr1_int.rfwft/gpregsm1.user_valid_reg_0
    SLICE_X14Y90         FDPE                                         f  design_1_i/ps8_0_axi_periph/s00_couplers/auto_ds/inst/gen_downsizer.gen_simple_downsizer.axi_downsizer_inst/USE_WRITE.write_addr_inst/USE_B_CHANNEL.cmd_b_queue/inst/fifo_gen_inst/inst_fifo_gen/gconvfifo.rf/grf.rf/gntv_or_sync_fifo.gl0.rd/gr1.gr1_int.rfwft/aempty_fwft_fb_i_reg/PRE
  -------------------------------------------------------------------    -------------------

                         (clock clk_pl_0 rise edge)
                                                     10.000    10.000 r  
    PS8_X0Y0             PS8                          0.000    10.000 r  design_1_i/zynq_ultra_ps_e_0/inst/PS8_i/PLCLK[0]
                         net (fo=1, routed)           0.140    10.140    design_1_i/zynq_ultra_ps_e_0/inst/pl_clk_unbuffered[0]
    BUFG_PS_X0Y80        BUFG_PS (Prop_BUFG_PS_I_O)
                                                      0.027    10.167 r  design_1_i/zynq_ultra_ps_e_0/inst/buffer_pl_clk_0.PL_CLK_0_BUFG/O
    X1Y1 (CLOCK_ROOT)    net (fo=23783, routed)       2.269    12.436    design_1_i/ps8_0_axi_periph/s00_couplers/auto_ds/inst/gen_downsizer.gen_simple_downsizer.axi_downsizer_inst/USE_WRITE.write_addr_inst/USE_B_CHANNEL.cmd_b_queue/inst/fifo_gen_inst/inst_fifo_gen/gconvfifo.rf/grf.rf/gntv_or_sync_fifo.gl0.rd/gr1.gr1_int.rfwft/clk
    SLICE_X14Y90         FDPE                                         r  design_1_i/ps8_0_axi_periph/s00_couplers/auto_ds/inst/gen_downsizer.gen_simple_downsizer.axi_downsizer_inst/USE_WRITE.write_addr_inst/USE_B_CHANNEL.cmd_b_queue/inst/fifo_gen_inst/inst_fifo_gen/gconvfifo.rf/grf.rf/gntv_or_sync_fifo.gl0.rd/gr1.gr1_int.rfwft/aempty_fwft_fb_i_reg/C
                         clock pessimism              0.218    12.654    
                         clock uncertainty           -0.130    12.525    
    SLICE_X14Y90         FDPE (Recov_EFF_SLICEL_C_PRE)
                                                     -0.072    12.453    design_1_i/ps8_0_axi_periph/s00_couplers/auto_ds/inst/gen_downsizer.gen_simple_downsizer.axi_downsizer_inst/USE_WRITE.write_addr_inst/USE_B_CHANNEL.cmd_b_queue/inst/fifo_gen_inst/inst_fifo_gen/gconvfifo.rf/grf.rf/gntv_or_sync_fifo.gl0.rd/gr1.gr1_int.rfwft/aempty_fwft_fb_i_reg
  -------------------------------------------------------------------
                         required time                         12.453    
                         arrival time                          -3.983    
  -------------------------------------------------------------------
                         slack                                  8.470    

Slack (MET) :             8.470ns  (required time - arrival time)
  Source:                 design_1_i/ps8_0_axi_periph/s00_couplers/auto_ds/inst/gen_downsizer.gen_simple_downsizer.axi_downsizer_inst/USE_WRITE.write_addr_inst/USE_B_CHANNEL.cmd_b_queue/inst/fifo_gen_inst/inst_fifo_gen/gconvfifo.rf/grf.rf/rstblk/ngwrdrst.grst.g7serrst.gnsckt_wrst.rst_wr_reg2_inst/arststages_ff_reg[1]/C
                            (rising edge-triggered cell FDPE clocked by clk_pl_0  {rise@0.000ns fall@5.000ns period=10.000ns})
  Destination:            design_1_i/ps8_0_axi_periph/s00_couplers/auto_ds/inst/gen_downsizer.gen_simple_downsizer.axi_downsizer_inst/USE_WRITE.write_addr_inst/USE_B_CHANNEL.cmd_b_queue/inst/fifo_gen_inst/inst_fifo_gen/gconvfifo.rf/grf.rf/gntv_or_sync_fifo.gl0.rd/gr1.gr1_int.rfwft/aempty_fwft_i_reg/PRE
                            (recovery check against rising-edge clock clk_pl_0  {rise@0.000ns fall@5.000ns period=10.000ns})
  Path Group:             **async_default**
  Path Type:              Recovery (Max at Slow Process Corner)
  Requirement:            10.000ns  (clk_pl_0 rise@10.000ns - clk_pl_0 rise@0.000ns)
  Data Path Delay:        1.205ns  (logic 0.196ns (16.267%)  route 1.009ns (83.733%))
  Logic Levels:           1  (LUT3=1)
  Clock Path Skew:        -0.123ns (DCD - SCD + CPR)
    Destination Clock Delay (DCD):    2.436ns = ( 12.436 - 10.000 ) 
    Source Clock Delay      (SCD):    2.778ns
    Clock Pessimism Removal (CPR):    0.218ns
  Clock Uncertainty:      0.130ns  ((TSJ^2 + DJ^2)^1/2) / 2 + PE
    Total System Jitter     (TSJ):    0.071ns
    Discrete Jitter          (DJ):    0.250ns
    Phase Error              (PE):    0.000ns
  Clock Net Delay (Source):      2.571ns (routing 1.302ns, distribution 1.269ns)
  Clock Net Delay (Destination): 2.269ns (routing 1.184ns, distribution 1.085ns)

    Location             Delay type                Incr(ns)  Path(ns)    Netlist Resource(s)
  -------------------------------------------------------------------    -------------------
                         (clock clk_pl_0 rise edge)
                                                      0.000     0.000 r  
    PS8_X0Y0             PS8                          0.000     0.000 r  design_1_i/zynq_ultra_ps_e_0/inst/PS8_i/PLCLK[0]
                         net (fo=1, routed)           0.178     0.178    design_1_i/zynq_ultra_ps_e_0/inst/pl_clk_unbuffered[0]
    BUFG_PS_X0Y80        BUFG_PS (Prop_BUFG_PS_I_O)
                                                      0.029     0.207 r  design_1_i/zynq_ultra_ps_e_0/inst/buffer_pl_clk_0.PL_CLK_0_BUFG/O
    X1Y1 (CLOCK_ROOT)    net (fo=23783, routed)       2.571     2.778    design_1_i/ps8_0_axi_periph/s00_couplers/auto_ds/inst/gen_downsizer.gen_simple_downsizer.axi_downsizer_inst/USE_WRITE.write_addr_inst/USE_B_CHANNEL.cmd_b_queue/inst/fifo_gen_inst/inst_fifo_gen/gconvfifo.rf/grf.rf/rstblk/ngwrdrst.grst.g7serrst.gnsckt_wrst.rst_wr_reg2_inst/dest_clk
    SLICE_X10Y93         FDPE                                         r  design_1_i/ps8_0_axi_periph/s00_couplers/auto_ds/inst/gen_downsizer.gen_simple_downsizer.axi_downsizer_inst/USE_WRITE.write_addr_inst/USE_B_CHANNEL.cmd_b_queue/inst/fifo_gen_inst/inst_fifo_gen/gconvfifo.rf/grf.rf/rstblk/ngwrdrst.grst.g7serrst.gnsckt_wrst.rst_wr_reg2_inst/arststages_ff_reg[1]/C
  -------------------------------------------------------------------    -------------------
    SLICE_X10Y93         FDPE (Prop_EFF2_SLICEM_C_Q)
                                                      0.098     2.876 f  design_1_i/ps8_0_axi_periph/s00_couplers/auto_ds/inst/gen_downsizer.gen_simple_downsizer.axi_downsizer_inst/USE_WRITE.write_addr_inst/USE_B_CHANNEL.cmd_b_queue/inst/fifo_gen_inst/inst_fifo_gen/gconvfifo.rf/grf.rf/rstblk/ngwrdrst.grst.g7serrst.gnsckt_wrst.rst_wr_reg2_inst/arststages_ff_reg[1]/Q
                         net (fo=3, routed)           0.352     3.228    design_1_i/ps8_0_axi_periph/s00_couplers/auto_ds/inst/gen_downsizer.gen_simple_downsizer.axi_downsizer_inst/USE_WRITE.write_addr_inst/USE_B_CHANNEL.cmd_b_queue/inst/fifo_gen_inst/inst_fifo_gen/gconvfifo.rf/grf.rf/rstblk/ngwrdrst.rst_wr_reg2
    SLICE_X13Y93         LUT3 (Prop_D6LUT_SLICEM_I2_O)
                                                      0.098     3.326 f  design_1_i/ps8_0_axi_periph/s00_couplers/auto_ds/inst/gen_downsizer.gen_simple_downsizer.axi_downsizer_inst/USE_WRITE.write_addr_inst/USE_B_CHANNEL.cmd_b_queue/inst/fifo_gen_inst/inst_fifo_gen/gconvfifo.rf/grf.rf/rstblk/gpregsm1.curr_fwft_state[1]_i_2/O
                         net (fo=32, routed)          0.657     3.983    design_1_i/ps8_0_axi_periph/s00_couplers/auto_ds/inst/gen_downsizer.gen_simple_downsizer.axi_downsizer_inst/USE_WRITE.write_addr_inst/USE_B_CHANNEL.cmd_b_queue/inst/fifo_gen_inst/inst_fifo_gen/gconvfifo.rf/grf.rf/gntv_or_sync_fifo.gl0.rd/gr1.gr1_int.rfwft/gpregsm1.user_valid_reg_0
    SLICE_X14Y90         FDPE                                         f  design_1_i/ps8_0_axi_periph/s00_couplers/auto_ds/inst/gen_downsizer.gen_simple_downsizer.axi_downsizer_inst/USE_WRITE.write_addr_inst/USE_B_CHANNEL.cmd_b_queue/inst/fifo_gen_inst/inst_fifo_gen/gconvfifo.rf/grf.rf/gntv_or_sync_fifo.gl0.rd/gr1.gr1_int.rfwft/aempty_fwft_i_reg/PRE
  -------------------------------------------------------------------    -------------------

                         (clock clk_pl_0 rise edge)
                                                     10.000    10.000 r  
    PS8_X0Y0             PS8                          0.000    10.000 r  design_1_i/zynq_ultra_ps_e_0/inst/PS8_i/PLCLK[0]
                         net (fo=1, routed)           0.140    10.140    design_1_i/zynq_ultra_ps_e_0/inst/pl_clk_unbuffered[0]
    BUFG_PS_X0Y80        BUFG_PS (Prop_BUFG_PS_I_O)
                                                      0.027    10.167 r  design_1_i/zynq_ultra_ps_e_0/inst/buffer_pl_clk_0.PL_CLK_0_BUFG/O
    X1Y1 (CLOCK_ROOT)    net (fo=23783, routed)       2.269    12.436    design_1_i/ps8_0_axi_periph/s00_couplers/auto_ds/inst/gen_downsizer.gen_simple_downsizer.axi_downsizer_inst/USE_WRITE.write_addr_inst/USE_B_CHANNEL.cmd_b_queue/inst/fifo_gen_inst/inst_fifo_gen/gconvfifo.rf/grf.rf/gntv_or_sync_fifo.gl0.rd/gr1.gr1_int.rfwft/clk
    SLICE_X14Y90         FDPE                                         r  design_1_i/ps8_0_axi_periph/s00_couplers/auto_ds/inst/gen_downsizer.gen_simple_downsizer.axi_downsizer_inst/USE_WRITE.write_addr_inst/USE_B_CHANNEL.cmd_b_queue/inst/fifo_gen_inst/inst_fifo_gen/gconvfifo.rf/grf.rf/gntv_or_sync_fifo.gl0.rd/gr1.gr1_int.rfwft/aempty_fwft_i_reg/C
                         clock pessimism              0.218    12.654    
                         clock uncertainty           -0.130    12.525    
    SLICE_X14Y90         FDPE (Recov_EFF2_SLICEL_C_PRE)
                                                     -0.072    12.453    design_1_i/ps8_0_axi_periph/s00_couplers/auto_ds/inst/gen_downsizer.gen_simple_downsizer.axi_downsizer_inst/USE_WRITE.write_addr_inst/USE_B_CHANNEL.cmd_b_queue/inst/fifo_gen_inst/inst_fifo_gen/gconvfifo.rf/grf.rf/gntv_or_sync_fifo.gl0.rd/gr1.gr1_int.rfwft/aempty_fwft_i_reg
  -------------------------------------------------------------------
                         required time                         12.453    
                         arrival time                          -3.983    
  -------------------------------------------------------------------
                         slack                                  8.470    





Min Delay Paths
--------------------------------------------------------------------------------------
Slack (MET) :             0.169ns  (arrival time - required time)
  Source:                 design_1_i/ps8_0_axi_periph/s00_couplers/auto_ds/inst/gen_downsizer.gen_simple_downsizer.axi_downsizer_inst/USE_WRITE.write_addr_inst/cmd_queue/inst/fifo_gen_inst/inst_fifo_gen/gconvfifo.rf/grf.rf/rstblk/ngwrdrst.grst.g7serrst.gnsckt_wrst.gcc_rst.sckt_wr_rst_cc_reg[0]/C
                            (rising edge-triggered cell FDRE clocked by clk_pl_0  {rise@0.000ns fall@5.000ns period=10.000ns})
  Destination:            design_1_i/ps8_0_axi_periph/s00_couplers/auto_ds/inst/gen_downsizer.gen_simple_downsizer.axi_downsizer_inst/USE_WRITE.write_addr_inst/cmd_queue/inst/fifo_gen_inst/inst_fifo_gen/gconvfifo.rf/grf.rf/gntv_or_sync_fifo.gl0.rd/gr1.gr1_int.rfwft/aempty_fwft_fb_i_reg/PRE
                            (removal check against rising-edge clock clk_pl_0  {rise@0.000ns fall@5.000ns period=10.000ns})
  Path Group:             **async_default**
  Path Type:              Removal (Min at Fast Process Corner)
  Requirement:            0.000ns  (clk_pl_0 rise@0.000ns - clk_pl_0 rise@0.000ns)
  Data Path Delay:        0.209ns  (logic 0.074ns (35.417%)  route 0.135ns (64.583%))
  Logic Levels:           1  (LUT3=1)
  Clock Path Skew:        0.060ns (DCD - SCD - CPR)
    Destination Clock Delay (DCD):    1.596ns
    Source Clock Delay      (SCD):    1.396ns
    Clock Pessimism Removal (CPR):    0.141ns
  Clock Net Delay (Source):      1.285ns (routing 0.658ns, distribution 0.627ns)
  Clock Net Delay (Destination): 1.458ns (routing 0.738ns, distribution 0.720ns)

    Location             Delay type                Incr(ns)  Path(ns)    Netlist Resource(s)
  -------------------------------------------------------------------    -------------------
                         (clock clk_pl_0 rise edge)
                                                      0.000     0.000 r  
    PS8_X0Y0             PS8                          0.000     0.000 r  design_1_i/zynq_ultra_ps_e_0/inst/PS8_i/PLCLK[0]
                         net (fo=1, routed)           0.094     0.094    design_1_i/zynq_ultra_ps_e_0/inst/pl_clk_unbuffered[0]
    BUFG_PS_X0Y80        BUFG_PS (Prop_BUFG_PS_I_O)
                                                      0.017     0.111 r  design_1_i/zynq_ultra_ps_e_0/inst/buffer_pl_clk_0.PL_CLK_0_BUFG/O
    X1Y1 (CLOCK_ROOT)    net (fo=23783, routed)       1.285     1.396    design_1_i/ps8_0_axi_periph/s00_couplers/auto_ds/inst/gen_downsizer.gen_simple_downsizer.axi_downsizer_inst/USE_WRITE.write_addr_inst/cmd_queue/inst/fifo_gen_inst/inst_fifo_gen/gconvfifo.rf/grf.rf/rstblk/clk
    SLICE_X12Y104        FDRE                                         r  design_1_i/ps8_0_axi_periph/s00_couplers/auto_ds/inst/gen_downsizer.gen_simple_downsizer.axi_downsizer_inst/USE_WRITE.write_addr_inst/cmd_queue/inst/fifo_gen_inst/inst_fifo_gen/gconvfifo.rf/grf.rf/rstblk/ngwrdrst.grst.g7serrst.gnsckt_wrst.gcc_rst.sckt_wr_rst_cc_reg[0]/C
  -------------------------------------------------------------------    -------------------
    SLICE_X12Y104        FDRE (Prop_AFF2_SLICEM_C_Q)
                                                      0.039     1.435 f  design_1_i/ps8_0_axi_periph/s00_couplers/auto_ds/inst/gen_downsizer.gen_simple_downsizer.axi_downsizer_inst/USE_WRITE.write_addr_inst/cmd_queue/inst/fifo_gen_inst/inst_fifo_gen/gconvfifo.rf/grf.rf/rstblk/ngwrdrst.grst.g7serrst.gnsckt_wrst.gcc_rst.sckt_wr_rst_cc_reg[0]/Q
                         net (fo=3, routed)           0.057     1.492    design_1_i/ps8_0_axi_periph/s00_couplers/auto_ds/inst/gen_downsizer.gen_simple_downsizer.axi_downsizer_inst/USE_WRITE.write_addr_inst/cmd_queue/inst/fifo_gen_inst/inst_fifo_gen/gconvfifo.rf/grf.rf/rstblk/ngwrdrst.grst.g7serrst.gnsckt_wrst.gcc_rst.sckt_wr_rst_cc[0]
    SLICE_X11Y104        LUT3 (Prop_F6LUT_SLICEL_I1_O)
                                                      0.035     1.527 f  design_1_i/ps8_0_axi_periph/s00_couplers/auto_ds/inst/gen_downsizer.gen_simple_downsizer.axi_downsizer_inst/USE_WRITE.write_addr_inst/cmd_queue/inst/fifo_gen_inst/inst_fifo_gen/gconvfifo.rf/grf.rf/rstblk/gpregsm1.curr_fwft_state[1]_i_2/O
                         net (fo=32, routed)          0.078     1.605    design_1_i/ps8_0_axi_periph/s00_couplers/auto_ds/inst/gen_downsizer.gen_simple_downsizer.axi_downsizer_inst/USE_WRITE.write_addr_inst/cmd_queue/inst/fifo_gen_inst/inst_fifo_gen/gconvfifo.rf/grf.rf/gntv_or_sync_fifo.gl0.rd/gr1.gr1_int.rfwft/gpregsm1.user_valid_reg_0
    SLICE_X11Y104        FDPE                                         f  design_1_i/ps8_0_axi_periph/s00_couplers/auto_ds/inst/gen_downsizer.gen_simple_downsizer.axi_downsizer_inst/USE_WRITE.write_addr_inst/cmd_queue/inst/fifo_gen_inst/inst_fifo_gen/gconvfifo.rf/grf.rf/gntv_or_sync_fifo.gl0.rd/gr1.gr1_int.rfwft/aempty_fwft_fb_i_reg/PRE
  -------------------------------------------------------------------    -------------------

                         (clock clk_pl_0 rise edge)
                                                      0.000     0.000 r  
    PS8_X0Y0             PS8                          0.000     0.000 r  design_1_i/zynq_ultra_ps_e_0/inst/PS8_i/PLCLK[0]
                         net (fo=1, routed)           0.120     0.120    design_1_i/zynq_ultra_ps_e_0/inst/pl_clk_unbuffered[0]
    BUFG_PS_X0Y80        BUFG_PS (Prop_BUFG_PS_I_O)
                                                      0.018     0.138 r  design_1_i/zynq_ultra_ps_e_0/inst/buffer_pl_clk_0.PL_CLK_0_BUFG/O
    X1Y1 (CLOCK_ROOT)    net (fo=23783, routed)       1.458     1.596    design_1_i/ps8_0_axi_periph/s00_couplers/auto_ds/inst/gen_downsizer.gen_simple_downsizer.axi_downsizer_inst/USE_WRITE.write_addr_inst/cmd_queue/inst/fifo_gen_inst/inst_fifo_gen/gconvfifo.rf/grf.rf/gntv_or_sync_fifo.gl0.rd/gr1.gr1_int.rfwft/clk
    SLICE_X11Y104        FDPE                                         r  design_1_i/ps8_0_axi_periph/s00_couplers/auto_ds/inst/gen_downsizer.gen_simple_downsizer.axi_downsizer_inst/USE_WRITE.write_addr_inst/cmd_queue/inst/fifo_gen_inst/inst_fifo_gen/gconvfifo.rf/grf.rf/gntv_or_sync_fifo.gl0.rd/gr1.gr1_int.rfwft/aempty_fwft_fb_i_reg/C
                         clock pessimism             -0.141     1.456    
    SLICE_X11Y104        FDPE (Remov_EFF_SLICEL_C_PRE)
                                                     -0.020     1.436    design_1_i/ps8_0_axi_periph/s00_couplers/auto_ds/inst/gen_downsizer.gen_simple_downsizer.axi_downsizer_inst/USE_WRITE.write_addr_inst/cmd_queue/inst/fifo_gen_inst/inst_fifo_gen/gconvfifo.rf/grf.rf/gntv_or_sync_fifo.gl0.rd/gr1.gr1_int.rfwft/aempty_fwft_fb_i_reg
  -------------------------------------------------------------------
                         required time                         -1.436    
                         arrival time                           1.605    
  -------------------------------------------------------------------
                         slack                                  0.169    

Slack (MET) :             0.169ns  (arrival time - required time)
  Source:                 design_1_i/ps8_0_axi_periph/s00_couplers/auto_ds/inst/gen_downsizer.gen_simple_downsizer.axi_downsizer_inst/USE_WRITE.write_addr_inst/cmd_queue/inst/fifo_gen_inst/inst_fifo_gen/gconvfifo.rf/grf.rf/rstblk/ngwrdrst.grst.g7serrst.gnsckt_wrst.gcc_rst.sckt_wr_rst_cc_reg[0]/C
                            (rising edge-triggered cell FDRE clocked by clk_pl_0  {rise@0.000ns fall@5.000ns period=10.000ns})
  Destination:            design_1_i/ps8_0_axi_periph/s00_couplers/auto_ds/inst/gen_downsizer.gen_simple_downsizer.axi_downsizer_inst/USE_WRITE.write_addr_inst/cmd_queue/inst/fifo_gen_inst/inst_fifo_gen/gconvfifo.rf/grf.rf/gntv_or_sync_fifo.gl0.rd/gr1.gr1_int.rfwft/aempty_fwft_i_reg/PRE
                            (removal check against rising-edge clock clk_pl_0  {rise@0.000ns fall@5.000ns period=10.000ns})
  Path Group:             **async_default**
  Path Type:              Removal (Min at Fast Process Corner)
  Requirement:            0.000ns  (clk_pl_0 rise@0.000ns - clk_pl_0 rise@0.000ns)
  Data Path Delay:        0.209ns  (logic 0.074ns (35.417%)  route 0.135ns (64.583%))
  Logic Levels:           1  (LUT3=1)
  Clock Path Skew:        0.060ns (DCD - SCD - CPR)
    Destination Clock Delay (DCD):    1.596ns
    Source Clock Delay      (SCD):    1.396ns
    Clock Pessimism Removal (CPR):    0.141ns
  Clock Net Delay (Source):      1.285ns (routing 0.658ns, distribution 0.627ns)
  Clock Net Delay (Destination): 1.458ns (routing 0.738ns, distribution 0.720ns)

    Location             Delay type                Incr(ns)  Path(ns)    Netlist Resource(s)
  -------------------------------------------------------------------    -------------------
                         (clock clk_pl_0 rise edge)
                                                      0.000     0.000 r  
    PS8_X0Y0             PS8                          0.000     0.000 r  design_1_i/zynq_ultra_ps_e_0/inst/PS8_i/PLCLK[0]
                         net (fo=1, routed)           0.094     0.094    design_1_i/zynq_ultra_ps_e_0/inst/pl_clk_unbuffered[0]
    BUFG_PS_X0Y80        BUFG_PS (Prop_BUFG_PS_I_O)
                                                      0.017     0.111 r  design_1_i/zynq_ultra_ps_e_0/inst/buffer_pl_clk_0.PL_CLK_0_BUFG/O
    X1Y1 (CLOCK_ROOT)    net (fo=23783, routed)       1.285     1.396    design_1_i/ps8_0_axi_periph/s00_couplers/auto_ds/inst/gen_downsizer.gen_simple_downsizer.axi_downsizer_inst/USE_WRITE.write_addr_inst/cmd_queue/inst/fifo_gen_inst/inst_fifo_gen/gconvfifo.rf/grf.rf/rstblk/clk
    SLICE_X12Y104        FDRE                                         r  design_1_i/ps8_0_axi_periph/s00_couplers/auto_ds/inst/gen_downsizer.gen_simple_downsizer.axi_downsizer_inst/USE_WRITE.write_addr_inst/cmd_queue/inst/fifo_gen_inst/inst_fifo_gen/gconvfifo.rf/grf.rf/rstblk/ngwrdrst.grst.g7serrst.gnsckt_wrst.gcc_rst.sckt_wr_rst_cc_reg[0]/C
  -------------------------------------------------------------------    -------------------
    SLICE_X12Y104        FDRE (Prop_AFF2_SLICEM_C_Q)
                                                      0.039     1.435 f  design_1_i/ps8_0_axi_periph/s00_couplers/auto_ds/inst/gen_downsizer.gen_simple_downsizer.axi_downsizer_inst/USE_WRITE.write_addr_inst/cmd_queue/inst/fifo_gen_inst/inst_fifo_gen/gconvfifo.rf/grf.rf/rstblk/ngwrdrst.grst.g7serrst.gnsckt_wrst.gcc_rst.sckt_wr_rst_cc_reg[0]/Q
                         net (fo=3, routed)           0.057     1.492    design_1_i/ps8_0_axi_periph/s00_couplers/auto_ds/inst/gen_downsizer.gen_simple_downsizer.axi_downsizer_inst/USE_WRITE.write_addr_inst/cmd_queue/inst/fifo_gen_inst/inst_fifo_gen/gconvfifo.rf/grf.rf/rstblk/ngwrdrst.grst.g7serrst.gnsckt_wrst.gcc_rst.sckt_wr_rst_cc[0]
    SLICE_X11Y104        LUT3 (Prop_F6LUT_SLICEL_I1_O)
                                                      0.035     1.527 f  design_1_i/ps8_0_axi_periph/s00_couplers/auto_ds/inst/gen_downsizer.gen_simple_downsizer.axi_downsizer_inst/USE_WRITE.write_addr_inst/cmd_queue/inst/fifo_gen_inst/inst_fifo_gen/gconvfifo.rf/grf.rf/rstblk/gpregsm1.curr_fwft_state[1]_i_2/O
                         net (fo=32, routed)          0.078     1.605    design_1_i/ps8_0_axi_periph/s00_couplers/auto_ds/inst/gen_downsizer.gen_simple_downsizer.axi_downsizer_inst/USE_WRITE.write_addr_inst/cmd_queue/inst/fifo_gen_inst/inst_fifo_gen/gconvfifo.rf/grf.rf/gntv_or_sync_fifo.gl0.rd/gr1.gr1_int.rfwft/gpregsm1.user_valid_reg_0
    SLICE_X11Y104        FDPE                                         f  design_1_i/ps8_0_axi_periph/s00_couplers/auto_ds/inst/gen_downsizer.gen_simple_downsizer.axi_downsizer_inst/USE_WRITE.write_addr_inst/cmd_queue/inst/fifo_gen_inst/inst_fifo_gen/gconvfifo.rf/grf.rf/gntv_or_sync_fifo.gl0.rd/gr1.gr1_int.rfwft/aempty_fwft_i_reg/PRE
  -------------------------------------------------------------------    -------------------

                         (clock clk_pl_0 rise edge)
                                                      0.000     0.000 r  
    PS8_X0Y0             PS8                          0.000     0.000 r  design_1_i/zynq_ultra_ps_e_0/inst/PS8_i/PLCLK[0]
                         net (fo=1, routed)           0.120     0.120    design_1_i/zynq_ultra_ps_e_0/inst/pl_clk_unbuffered[0]
    BUFG_PS_X0Y80        BUFG_PS (Prop_BUFG_PS_I_O)
                                                      0.018     0.138 r  design_1_i/zynq_ultra_ps_e_0/inst/buffer_pl_clk_0.PL_CLK_0_BUFG/O
    X1Y1 (CLOCK_ROOT)    net (fo=23783, routed)       1.458     1.596    design_1_i/ps8_0_axi_periph/s00_couplers/auto_ds/inst/gen_downsizer.gen_simple_downsizer.axi_downsizer_inst/USE_WRITE.write_addr_inst/cmd_queue/inst/fifo_gen_inst/inst_fifo_gen/gconvfifo.rf/grf.rf/gntv_or_sync_fifo.gl0.rd/gr1.gr1_int.rfwft/clk
    SLICE_X11Y104        FDPE                                         r  design_1_i/ps8_0_axi_periph/s00_couplers/auto_ds/inst/gen_downsizer.gen_simple_downsizer.axi_downsizer_inst/USE_WRITE.write_addr_inst/cmd_queue/inst/fifo_gen_inst/inst_fifo_gen/gconvfifo.rf/grf.rf/gntv_or_sync_fifo.gl0.rd/gr1.gr1_int.rfwft/aempty_fwft_i_reg/C
                         clock pessimism             -0.141     1.456    
    SLICE_X11Y104        FDPE (Remov_EFF2_SLICEL_C_PRE)
                                                     -0.020     1.436    design_1_i/ps8_0_axi_periph/s00_couplers/auto_ds/inst/gen_downsizer.gen_simple_downsizer.axi_downsizer_inst/USE_WRITE.write_addr_inst/cmd_queue/inst/fifo_gen_inst/inst_fifo_gen/gconvfifo.rf/grf.rf/gntv_or_sync_fifo.gl0.rd/gr1.gr1_int.rfwft/aempty_fwft_i_reg
  -------------------------------------------------------------------
                         required time                         -1.436    
                         arrival time                           1.605    
  -------------------------------------------------------------------
                         slack                                  0.169    

Slack (MET) :             0.173ns  (arrival time - required time)
  Source:                 design_1_i/ps8_0_axi_periph/s00_couplers/auto_ds/inst/gen_downsizer.gen_simple_downsizer.axi_downsizer_inst/USE_WRITE.write_addr_inst/cmd_queue/inst/fifo_gen_inst/inst_fifo_gen/gconvfifo.rf/grf.rf/rstblk/ngwrdrst.grst.g7serrst.gnsckt_wrst.gcc_rst.sckt_wr_rst_cc_reg[0]/C
                            (rising edge-triggered cell FDRE clocked by clk_pl_0  {rise@0.000ns fall@5.000ns period=10.000ns})
  Destination:            design_1_i/ps8_0_axi_periph/s00_couplers/auto_ds/inst/gen_downsizer.gen_simple_downsizer.axi_downsizer_inst/USE_WRITE.write_addr_inst/cmd_queue/inst/fifo_gen_inst/inst_fifo_gen/gconvfifo.rf/grf.rf/gntv_or_sync_fifo.gl0.rd/gr1.gr1_int.rfwft/empty_fwft_fb_o_i_reg/PRE
                            (removal check against rising-edge clock clk_pl_0  {rise@0.000ns fall@5.000ns period=10.000ns})
  Path Group:             **async_default**
  Path Type:              Removal (Min at Fast Process Corner)
  Requirement:            0.000ns  (clk_pl_0 rise@0.000ns - clk_pl_0 rise@0.000ns)
  Data Path Delay:        0.209ns  (logic 0.074ns (35.417%)  route 0.135ns (64.583%))
  Logic Levels:           1  (LUT3=1)
  Clock Path Skew:        0.056ns (DCD - SCD - CPR)
    Destination Clock Delay (DCD):    1.592ns
    Source Clock Delay      (SCD):    1.396ns
    Clock Pessimism Removal (CPR):    0.141ns
  Clock Net Delay (Source):      1.285ns (routing 0.658ns, distribution 0.627ns)
  Clock Net Delay (Destination): 1.454ns (routing 0.738ns, distribution 0.716ns)

    Location             Delay type                Incr(ns)  Path(ns)    Netlist Resource(s)
  -------------------------------------------------------------------    -------------------
                         (clock clk_pl_0 rise edge)
                                                      0.000     0.000 r  
    PS8_X0Y0             PS8                          0.000     0.000 r  design_1_i/zynq_ultra_ps_e_0/inst/PS8_i/PLCLK[0]
                         net (fo=1, routed)           0.094     0.094    design_1_i/zynq_ultra_ps_e_0/inst/pl_clk_unbuffered[0]
    BUFG_PS_X0Y80        BUFG_PS (Prop_BUFG_PS_I_O)
                                                      0.017     0.111 r  design_1_i/zynq_ultra_ps_e_0/inst/buffer_pl_clk_0.PL_CLK_0_BUFG/O
    X1Y1 (CLOCK_ROOT)    net (fo=23783, routed)       1.285     1.396    design_1_i/ps8_0_axi_periph/s00_couplers/auto_ds/inst/gen_downsizer.gen_simple_downsizer.axi_downsizer_inst/USE_WRITE.write_addr_inst/cmd_queue/inst/fifo_gen_inst/inst_fifo_gen/gconvfifo.rf/grf.rf/rstblk/clk
    SLICE_X12Y104        FDRE                                         r  design_1_i/ps8_0_axi_periph/s00_couplers/auto_ds/inst/gen_downsizer.gen_simple_downsizer.axi_downsizer_inst/USE_WRITE.write_addr_inst/cmd_queue/inst/fifo_gen_inst/inst_fifo_gen/gconvfifo.rf/grf.rf/rstblk/ngwrdrst.grst.g7serrst.gnsckt_wrst.gcc_rst.sckt_wr_rst_cc_reg[0]/C
  -------------------------------------------------------------------    -------------------
    SLICE_X12Y104        FDRE (Prop_AFF2_SLICEM_C_Q)
                                                      0.039     1.435 f  design_1_i/ps8_0_axi_periph/s00_couplers/auto_ds/inst/gen_downsizer.gen_simple_downsizer.axi_downsizer_inst/USE_WRITE.write_addr_inst/cmd_queue/inst/fifo_gen_inst/inst_fifo_gen/gconvfifo.rf/grf.rf/rstblk/ngwrdrst.grst.g7serrst.gnsckt_wrst.gcc_rst.sckt_wr_rst_cc_reg[0]/Q
                         net (fo=3, routed)           0.057     1.492    design_1_i/ps8_0_axi_periph/s00_couplers/auto_ds/inst/gen_downsizer.gen_simple_downsizer.axi_downsizer_inst/USE_WRITE.write_addr_inst/cmd_queue/inst/fifo_gen_inst/inst_fifo_gen/gconvfifo.rf/grf.rf/rstblk/ngwrdrst.grst.g7serrst.gnsckt_wrst.gcc_rst.sckt_wr_rst_cc[0]
    SLICE_X11Y104        LUT3 (Prop_F6LUT_SLICEL_I1_O)
                                                      0.035     1.527 f  design_1_i/ps8_0_axi_periph/s00_couplers/auto_ds/inst/gen_downsizer.gen_simple_downsizer.axi_downsizer_inst/USE_WRITE.write_addr_inst/cmd_queue/inst/fifo_gen_inst/inst_fifo_gen/gconvfifo.rf/grf.rf/rstblk/gpregsm1.curr_fwft_state[1]_i_2/O
                         net (fo=32, routed)          0.078     1.605    design_1_i/ps8_0_axi_periph/s00_couplers/auto_ds/inst/gen_downsizer.gen_simple_downsizer.axi_downsizer_inst/USE_WRITE.write_addr_inst/cmd_queue/inst/fifo_gen_inst/inst_fifo_gen/gconvfifo.rf/grf.rf/gntv_or_sync_fifo.gl0.rd/gr1.gr1_int.rfwft/gpregsm1.user_valid_reg_0
    SLICE_X11Y104        FDPE                                         f  design_1_i/ps8_0_axi_periph/s00_couplers/auto_ds/inst/gen_downsizer.gen_simple_downsizer.axi_downsizer_inst/USE_WRITE.write_addr_inst/cmd_queue/inst/fifo_gen_inst/inst_fifo_gen/gconvfifo.rf/grf.rf/gntv_or_sync_fifo.gl0.rd/gr1.gr1_int.rfwft/empty_fwft_fb_o_i_reg/PRE
  -------------------------------------------------------------------    -------------------

                         (clock clk_pl_0 rise edge)
                                                      0.000     0.000 r  
    PS8_X0Y0             PS8                          0.000     0.000 r  design_1_i/zynq_ultra_ps_e_0/inst/PS8_i/PLCLK[0]
                         net (fo=1, routed)           0.120     0.120    design_1_i/zynq_ultra_ps_e_0/inst/pl_clk_unbuffered[0]
    BUFG_PS_X0Y80        BUFG_PS (Prop_BUFG_PS_I_O)
                                                      0.018     0.138 r  design_1_i/zynq_ultra_ps_e_0/inst/buffer_pl_clk_0.PL_CLK_0_BUFG/O
    X1Y1 (CLOCK_ROOT)    net (fo=23783, routed)       1.454     1.592    design_1_i/ps8_0_axi_periph/s00_couplers/auto_ds/inst/gen_downsizer.gen_simple_downsizer.axi_downsizer_inst/USE_WRITE.write_addr_inst/cmd_queue/inst/fifo_gen_inst/inst_fifo_gen/gconvfifo.rf/grf.rf/gntv_or_sync_fifo.gl0.rd/gr1.gr1_int.rfwft/clk
    SLICE_X11Y104        FDPE                                         r  design_1_i/ps8_0_axi_periph/s00_couplers/auto_ds/inst/gen_downsizer.gen_simple_downsizer.axi_downsizer_inst/USE_WRITE.write_addr_inst/cmd_queue/inst/fifo_gen_inst/inst_fifo_gen/gconvfifo.rf/grf.rf/gntv_or_sync_fifo.gl0.rd/gr1.gr1_int.rfwft/empty_fwft_fb_o_i_reg/C
                         clock pessimism             -0.141     1.452    
    SLICE_X11Y104        FDPE (Remov_DFF2_SLICEL_C_PRE)
                                                     -0.020     1.432    design_1_i/ps8_0_axi_periph/s00_couplers/auto_ds/inst/gen_downsizer.gen_simple_downsizer.axi_downsizer_inst/USE_WRITE.write_addr_inst/cmd_queue/inst/fifo_gen_inst/inst_fifo_gen/gconvfifo.rf/grf.rf/gntv_or_sync_fifo.gl0.rd/gr1.gr1_int.rfwft/empty_fwft_fb_o_i_reg
  -------------------------------------------------------------------
                         required time                         -1.432    
                         arrival time                           1.605    
  -------------------------------------------------------------------
                         slack                                  0.173    

Slack (MET) :             0.173ns  (arrival time - required time)
  Source:                 design_1_i/ps8_0_axi_periph/s00_couplers/auto_ds/inst/gen_downsizer.gen_simple_downsizer.axi_downsizer_inst/USE_WRITE.write_addr_inst/cmd_queue/inst/fifo_gen_inst/inst_fifo_gen/gconvfifo.rf/grf.rf/rstblk/ngwrdrst.grst.g7serrst.gnsckt_wrst.gcc_rst.sckt_wr_rst_cc_reg[0]/C
                            (rising edge-triggered cell FDRE clocked by clk_pl_0  {rise@0.000ns fall@5.000ns period=10.000ns})
  Destination:            design_1_i/ps8_0_axi_periph/s00_couplers/auto_ds/inst/gen_downsizer.gen_simple_downsizer.axi_downsizer_inst/USE_WRITE.write_addr_inst/cmd_queue/inst/fifo_gen_inst/inst_fifo_gen/gconvfifo.rf/grf.rf/gntv_or_sync_fifo.gl0.rd/gr1.gr1_int.rfwft/gpregsm1.curr_fwft_state_reg[0]/CLR
                            (removal check against rising-edge clock clk_pl_0  {rise@0.000ns fall@5.000ns period=10.000ns})
  Path Group:             **async_default**
  Path Type:              Removal (Min at Fast Process Corner)
  Requirement:            0.000ns  (clk_pl_0 rise@0.000ns - clk_pl_0 rise@0.000ns)
  Data Path Delay:        0.209ns  (logic 0.074ns (35.417%)  route 0.135ns (64.583%))
  Logic Levels:           1  (LUT3=1)
  Clock Path Skew:        0.056ns (DCD - SCD - CPR)
    Destination Clock Delay (DCD):    1.592ns
    Source Clock Delay      (SCD):    1.396ns
    Clock Pessimism Removal (CPR):    0.141ns
  Clock Net Delay (Source):      1.285ns (routing 0.658ns, distribution 0.627ns)
  Clock Net Delay (Destination): 1.454ns (routing 0.738ns, distribution 0.716ns)

    Location             Delay type                Incr(ns)  Path(ns)    Netlist Resource(s)
  -------------------------------------------------------------------    -------------------
                         (clock clk_pl_0 rise edge)
                                                      0.000     0.000 r  
    PS8_X0Y0             PS8                          0.000     0.000 r  design_1_i/zynq_ultra_ps_e_0/inst/PS8_i/PLCLK[0]
                         net (fo=1, routed)           0.094     0.094    design_1_i/zynq_ultra_ps_e_0/inst/pl_clk_unbuffered[0]
    BUFG_PS_X0Y80        BUFG_PS (Prop_BUFG_PS_I_O)
                                                      0.017     0.111 r  design_1_i/zynq_ultra_ps_e_0/inst/buffer_pl_clk_0.PL_CLK_0_BUFG/O
    X1Y1 (CLOCK_ROOT)    net (fo=23783, routed)       1.285     1.396    design_1_i/ps8_0_axi_periph/s00_couplers/auto_ds/inst/gen_downsizer.gen_simple_downsizer.axi_downsizer_inst/USE_WRITE.write_addr_inst/cmd_queue/inst/fifo_gen_inst/inst_fifo_gen/gconvfifo.rf/grf.rf/rstblk/clk
    SLICE_X12Y104        FDRE                                         r  design_1_i/ps8_0_axi_periph/s00_couplers/auto_ds/inst/gen_downsizer.gen_simple_downsizer.axi_downsizer_inst/USE_WRITE.write_addr_inst/cmd_queue/inst/fifo_gen_inst/inst_fifo_gen/gconvfifo.rf/grf.rf/rstblk/ngwrdrst.grst.g7serrst.gnsckt_wrst.gcc_rst.sckt_wr_rst_cc_reg[0]/C
  -------------------------------------------------------------------    -------------------
    SLICE_X12Y104        FDRE (Prop_AFF2_SLICEM_C_Q)
                                                      0.039     1.435 f  design_1_i/ps8_0_axi_periph/s00_couplers/auto_ds/inst/gen_downsizer.gen_simple_downsizer.axi_downsizer_inst/USE_WRITE.write_addr_inst/cmd_queue/inst/fifo_gen_inst/inst_fifo_gen/gconvfifo.rf/grf.rf/rstblk/ngwrdrst.grst.g7serrst.gnsckt_wrst.gcc_rst.sckt_wr_rst_cc_reg[0]/Q
                         net (fo=3, routed)           0.057     1.492    design_1_i/ps8_0_axi_periph/s00_couplers/auto_ds/inst/gen_downsizer.gen_simple_downsizer.axi_downsizer_inst/USE_WRITE.write_addr_inst/cmd_queue/inst/fifo_gen_inst/inst_fifo_gen/gconvfifo.rf/grf.rf/rstblk/ngwrdrst.grst.g7serrst.gnsckt_wrst.gcc_rst.sckt_wr_rst_cc[0]
    SLICE_X11Y104        LUT3 (Prop_F6LUT_SLICEL_I1_O)
                                                      0.035     1.527 f  design_1_i/ps8_0_axi_periph/s00_couplers/auto_ds/inst/gen_downsizer.gen_simple_downsizer.axi_downsizer_inst/USE_WRITE.write_addr_inst/cmd_queue/inst/fifo_gen_inst/inst_fifo_gen/gconvfifo.rf/grf.rf/rstblk/gpregsm1.curr_fwft_state[1]_i_2/O
                         net (fo=32, routed)          0.078     1.605    design_1_i/ps8_0_axi_periph/s00_couplers/auto_ds/inst/gen_downsizer.gen_simple_downsizer.axi_downsizer_inst/USE_WRITE.write_addr_inst/cmd_queue/inst/fifo_gen_inst/inst_fifo_gen/gconvfifo.rf/grf.rf/gntv_or_sync_fifo.gl0.rd/gr1.gr1_int.rfwft/gpregsm1.user_valid_reg_0
    SLICE_X11Y104        FDCE                                         f  design_1_i/ps8_0_axi_periph/s00_couplers/auto_ds/inst/gen_downsizer.gen_simple_downsizer.axi_downsizer_inst/USE_WRITE.write_addr_inst/cmd_queue/inst/fifo_gen_inst/inst_fifo_gen/gconvfifo.rf/grf.rf/gntv_or_sync_fifo.gl0.rd/gr1.gr1_int.rfwft/gpregsm1.curr_fwft_state_reg[0]/CLR
  -------------------------------------------------------------------    -------------------

                         (clock clk_pl_0 rise edge)
                                                      0.000     0.000 r  
    PS8_X0Y0             PS8                          0.000     0.000 r  design_1_i/zynq_ultra_ps_e_0/inst/PS8_i/PLCLK[0]
                         net (fo=1, routed)           0.120     0.120    design_1_i/zynq_ultra_ps_e_0/inst/pl_clk_unbuffered[0]
    BUFG_PS_X0Y80        BUFG_PS (Prop_BUFG_PS_I_O)
                                                      0.018     0.138 r  design_1_i/zynq_ultra_ps_e_0/inst/buffer_pl_clk_0.PL_CLK_0_BUFG/O
    X1Y1 (CLOCK_ROOT)    net (fo=23783, routed)       1.454     1.592    design_1_i/ps8_0_axi_periph/s00_couplers/auto_ds/inst/gen_downsizer.gen_simple_downsizer.axi_downsizer_inst/USE_WRITE.write_addr_inst/cmd_queue/inst/fifo_gen_inst/inst_fifo_gen/gconvfifo.rf/grf.rf/gntv_or_sync_fifo.gl0.rd/gr1.gr1_int.rfwft/clk
    SLICE_X11Y104        FDCE                                         r  design_1_i/ps8_0_axi_periph/s00_couplers/auto_ds/inst/gen_downsizer.gen_simple_downsizer.axi_downsizer_inst/USE_WRITE.write_addr_inst/cmd_queue/inst/fifo_gen_inst/inst_fifo_gen/gconvfifo.rf/grf.rf/gntv_or_sync_fifo.gl0.rd/gr1.gr1_int.rfwft/gpregsm1.curr_fwft_state_reg[0]/C
                         clock pessimism             -0.141     1.452    
    SLICE_X11Y104        FDCE (Remov_CFF_SLICEL_C_CLR)
                                                     -0.020     1.432    design_1_i/ps8_0_axi_periph/s00_couplers/auto_ds/inst/gen_downsizer.gen_simple_downsizer.axi_downsizer_inst/USE_WRITE.write_addr_inst/cmd_queue/inst/fifo_gen_inst/inst_fifo_gen/gconvfifo.rf/grf.rf/gntv_or_sync_fifo.gl0.rd/gr1.gr1_int.rfwft/gpregsm1.curr_fwft_state_reg[0]
  -------------------------------------------------------------------
                         required time                         -1.432    
                         arrival time                           1.605    
  -------------------------------------------------------------------
                         slack                                  0.173    

Slack (MET) :             0.173ns  (arrival time - required time)
  Source:                 design_1_i/ps8_0_axi_periph/s00_couplers/auto_ds/inst/gen_downsizer.gen_simple_downsizer.axi_downsizer_inst/USE_WRITE.write_addr_inst/cmd_queue/inst/fifo_gen_inst/inst_fifo_gen/gconvfifo.rf/grf.rf/rstblk/ngwrdrst.grst.g7serrst.gnsckt_wrst.gcc_rst.sckt_wr_rst_cc_reg[0]/C
                            (rising edge-triggered cell FDRE clocked by clk_pl_0  {rise@0.000ns fall@5.000ns period=10.000ns})
  Destination:            design_1_i/ps8_0_axi_periph/s00_couplers/auto_ds/inst/gen_downsizer.gen_simple_downsizer.axi_downsizer_inst/USE_WRITE.write_addr_inst/cmd_queue/inst/fifo_gen_inst/inst_fifo_gen/gconvfifo.rf/grf.rf/gntv_or_sync_fifo.gl0.rd/gr1.gr1_int.rfwft/gpregsm1.curr_fwft_state_reg[1]/CLR
                            (removal check against rising-edge clock clk_pl_0  {rise@0.000ns fall@5.000ns period=10.000ns})
  Path Group:             **async_default**
  Path Type:              Removal (Min at Fast Process Corner)
  Requirement:            0.000ns  (clk_pl_0 rise@0.000ns - clk_pl_0 rise@0.000ns)
  Data Path Delay:        0.209ns  (logic 0.074ns (35.417%)  route 0.135ns (64.583%))
  Logic Levels:           1  (LUT3=1)
  Clock Path Skew:        0.056ns (DCD - SCD - CPR)
    Destination Clock Delay (DCD):    1.592ns
    Source Clock Delay      (SCD):    1.396ns
    Clock Pessimism Removal (CPR):    0.141ns
  Clock Net Delay (Source):      1.285ns (routing 0.658ns, distribution 0.627ns)
  Clock Net Delay (Destination): 1.454ns (routing 0.738ns, distribution 0.716ns)

    Location             Delay type                Incr(ns)  Path(ns)    Netlist Resource(s)
  -------------------------------------------------------------------    -------------------
                         (clock clk_pl_0 rise edge)
                                                      0.000     0.000 r  
    PS8_X0Y0             PS8                          0.000     0.000 r  design_1_i/zynq_ultra_ps_e_0/inst/PS8_i/PLCLK[0]
                         net (fo=1, routed)           0.094     0.094    design_1_i/zynq_ultra_ps_e_0/inst/pl_clk_unbuffered[0]
    BUFG_PS_X0Y80        BUFG_PS (Prop_BUFG_PS_I_O)
                                                      0.017     0.111 r  design_1_i/zynq_ultra_ps_e_0/inst/buffer_pl_clk_0.PL_CLK_0_BUFG/O
    X1Y1 (CLOCK_ROOT)    net (fo=23783, routed)       1.285     1.396    design_1_i/ps8_0_axi_periph/s00_couplers/auto_ds/inst/gen_downsizer.gen_simple_downsizer.axi_downsizer_inst/USE_WRITE.write_addr_inst/cmd_queue/inst/fifo_gen_inst/inst_fifo_gen/gconvfifo.rf/grf.rf/rstblk/clk
    SLICE_X12Y104        FDRE                                         r  design_1_i/ps8_0_axi_periph/s00_couplers/auto_ds/inst/gen_downsizer.gen_simple_downsizer.axi_downsizer_inst/USE_WRITE.write_addr_inst/cmd_queue/inst/fifo_gen_inst/inst_fifo_gen/gconvfifo.rf/grf.rf/rstblk/ngwrdrst.grst.g7serrst.gnsckt_wrst.gcc_rst.sckt_wr_rst_cc_reg[0]/C
  -------------------------------------------------------------------    -------------------
    SLICE_X12Y104        FDRE (Prop_AFF2_SLICEM_C_Q)
                                                      0.039     1.435 f  design_1_i/ps8_0_axi_periph/s00_couplers/auto_ds/inst/gen_downsizer.gen_simple_downsizer.axi_downsizer_inst/USE_WRITE.write_addr_inst/cmd_queue/inst/fifo_gen_inst/inst_fifo_gen/gconvfifo.rf/grf.rf/rstblk/ngwrdrst.grst.g7serrst.gnsckt_wrst.gcc_rst.sckt_wr_rst_cc_reg[0]/Q
                         net (fo=3, routed)           0.057     1.492    design_1_i/ps8_0_axi_periph/s00_couplers/auto_ds/inst/gen_downsizer.gen_simple_downsizer.axi_downsizer_inst/USE_WRITE.write_addr_inst/cmd_queue/inst/fifo_gen_inst/inst_fifo_gen/gconvfifo.rf/grf.rf/rstblk/ngwrdrst.grst.g7serrst.gnsckt_wrst.gcc_rst.sckt_wr_rst_cc[0]
    SLICE_X11Y104        LUT3 (Prop_F6LUT_SLICEL_I1_O)
                                                      0.035     1.527 f  design_1_i/ps8_0_axi_periph/s00_couplers/auto_ds/inst/gen_downsizer.gen_simple_downsizer.axi_downsizer_inst/USE_WRITE.write_addr_inst/cmd_queue/inst/fifo_gen_inst/inst_fifo_gen/gconvfifo.rf/grf.rf/rstblk/gpregsm1.curr_fwft_state[1]_i_2/O
                         net (fo=32, routed)          0.078     1.605    design_1_i/ps8_0_axi_periph/s00_couplers/auto_ds/inst/gen_downsizer.gen_simple_downsizer.axi_downsizer_inst/USE_WRITE.write_addr_inst/cmd_queue/inst/fifo_gen_inst/inst_fifo_gen/gconvfifo.rf/grf.rf/gntv_or_sync_fifo.gl0.rd/gr1.gr1_int.rfwft/gpregsm1.user_valid_reg_0
    SLICE_X11Y104        FDCE                                         f  design_1_i/ps8_0_axi_periph/s00_couplers/auto_ds/inst/gen_downsizer.gen_simple_downsizer.axi_downsizer_inst/USE_WRITE.write_addr_inst/cmd_queue/inst/fifo_gen_inst/inst_fifo_gen/gconvfifo.rf/grf.rf/gntv_or_sync_fifo.gl0.rd/gr1.gr1_int.rfwft/gpregsm1.curr_fwft_state_reg[1]/CLR
  -------------------------------------------------------------------    -------------------

                         (clock clk_pl_0 rise edge)
                                                      0.000     0.000 r  
    PS8_X0Y0             PS8                          0.000     0.000 r  design_1_i/zynq_ultra_ps_e_0/inst/PS8_i/PLCLK[0]
                         net (fo=1, routed)           0.120     0.120    design_1_i/zynq_ultra_ps_e_0/inst/pl_clk_unbuffered[0]
    BUFG_PS_X0Y80        BUFG_PS (Prop_BUFG_PS_I_O)
                                                      0.018     0.138 r  design_1_i/zynq_ultra_ps_e_0/inst/buffer_pl_clk_0.PL_CLK_0_BUFG/O
    X1Y1 (CLOCK_ROOT)    net (fo=23783, routed)       1.454     1.592    design_1_i/ps8_0_axi_periph/s00_couplers/auto_ds/inst/gen_downsizer.gen_simple_downsizer.axi_downsizer_inst/USE_WRITE.write_addr_inst/cmd_queue/inst/fifo_gen_inst/inst_fifo_gen/gconvfifo.rf/grf.rf/gntv_or_sync_fifo.gl0.rd/gr1.gr1_int.rfwft/clk
    SLICE_X11Y104        FDCE                                         r  design_1_i/ps8_0_axi_periph/s00_couplers/auto_ds/inst/gen_downsizer.gen_simple_downsizer.axi_downsizer_inst/USE_WRITE.write_addr_inst/cmd_queue/inst/fifo_gen_inst/inst_fifo_gen/gconvfifo.rf/grf.rf/gntv_or_sync_fifo.gl0.rd/gr1.gr1_int.rfwft/gpregsm1.curr_fwft_state_reg[1]/C
                         clock pessimism             -0.141     1.452    
    SLICE_X11Y104        FDCE (Remov_CFF2_SLICEL_C_CLR)
                                                     -0.020     1.432    design_1_i/ps8_0_axi_periph/s00_couplers/auto_ds/inst/gen_downsizer.gen_simple_downsizer.axi_downsizer_inst/USE_WRITE.write_addr_inst/cmd_queue/inst/fifo_gen_inst/inst_fifo_gen/gconvfifo.rf/grf.rf/gntv_or_sync_fifo.gl0.rd/gr1.gr1_int.rfwft/gpregsm1.curr_fwft_state_reg[1]
  -------------------------------------------------------------------
                         required time                         -1.432    
                         arrival time                           1.605    
  -------------------------------------------------------------------
                         slack                                  0.173    

Slack (MET) :             0.220ns  (arrival time - required time)
  Source:                 design_1_i/ps8_0_axi_periph/s01_couplers/auto_ds/inst/gen_downsizer.gen_simple_downsizer.axi_downsizer_inst/USE_WRITE.write_addr_inst/cmd_queue/inst/fifo_gen_inst/inst_fifo_gen/gconvfifo.rf/grf.rf/rstblk/ngwrdrst.grst.g7serrst.gnsckt_wrst.gcc_rst.sckt_wr_rst_cc_reg[1]/C
                            (rising edge-triggered cell FDRE clocked by clk_pl_0  {rise@0.000ns fall@5.000ns period=10.000ns})
  Destination:            design_1_i/ps8_0_axi_periph/s01_couplers/auto_ds/inst/gen_downsizer.gen_simple_downsizer.axi_downsizer_inst/USE_WRITE.write_addr_inst/cmd_queue/inst/fifo_gen_inst/inst_fifo_gen/gconvfifo.rf/grf.rf/gntv_or_sync_fifo.gl0.rd/rpntr/gc0.count_d1_reg[0]/CLR
                            (removal check against rising-edge clock clk_pl_0  {rise@0.000ns fall@5.000ns period=10.000ns})
  Path Group:             **async_default**
  Path Type:              Removal (Min at Fast Process Corner)
  Requirement:            0.000ns  (clk_pl_0 rise@0.000ns - clk_pl_0 rise@0.000ns)
  Data Path Delay:        0.225ns  (logic 0.079ns (35.132%)  route 0.146ns (64.868%))
  Logic Levels:           1  (LUT3=1)
  Clock Path Skew:        0.025ns (DCD - SCD - CPR)
    Destination Clock Delay (DCD):    1.653ns
    Source Clock Delay      (SCD):    1.449ns
    Clock Pessimism Removal (CPR):    0.179ns
  Clock Net Delay (Source):      1.338ns (routing 0.658ns, distribution 0.680ns)
  Clock Net Delay (Destination): 1.515ns (routing 0.738ns, distribution 0.777ns)

    Location             Delay type                Incr(ns)  Path(ns)    Netlist Resource(s)
  -------------------------------------------------------------------    -------------------
                         (clock clk_pl_0 rise edge)
                                                      0.000     0.000 r  
    PS8_X0Y0             PS8                          0.000     0.000 r  design_1_i/zynq_ultra_ps_e_0/inst/PS8_i/PLCLK[0]
                         net (fo=1, routed)           0.094     0.094    design_1_i/zynq_ultra_ps_e_0/inst/pl_clk_unbuffered[0]
    BUFG_PS_X0Y80        BUFG_PS (Prop_BUFG_PS_I_O)
                                                      0.017     0.111 r  design_1_i/zynq_ultra_ps_e_0/inst/buffer_pl_clk_0.PL_CLK_0_BUFG/O
    X1Y1 (CLOCK_ROOT)    net (fo=23783, routed)       1.338     1.449    design_1_i/ps8_0_axi_periph/s01_couplers/auto_ds/inst/gen_downsizer.gen_simple_downsizer.axi_downsizer_inst/USE_WRITE.write_addr_inst/cmd_queue/inst/fifo_gen_inst/inst_fifo_gen/gconvfifo.rf/grf.rf/rstblk/clk
    SLICE_X3Y122         FDRE                                         r  design_1_i/ps8_0_axi_periph/s01_couplers/auto_ds/inst/gen_downsizer.gen_simple_downsizer.axi_downsizer_inst/USE_WRITE.write_addr_inst/cmd_queue/inst/fifo_gen_inst/inst_fifo_gen/gconvfifo.rf/grf.rf/rstblk/ngwrdrst.grst.g7serrst.gnsckt_wrst.gcc_rst.sckt_wr_rst_cc_reg[1]/C
  -------------------------------------------------------------------    -------------------
    SLICE_X3Y122         FDRE (Prop_GFF_SLICEL_C_Q)
                                                      0.039     1.488 f  design_1_i/ps8_0_axi_periph/s01_couplers/auto_ds/inst/gen_downsizer.gen_simple_downsizer.axi_downsizer_inst/USE_WRITE.write_addr_inst/cmd_queue/inst/fifo_gen_inst/inst_fifo_gen/gconvfifo.rf/grf.rf/rstblk/ngwrdrst.grst.g7serrst.gnsckt_wrst.gcc_rst.sckt_wr_rst_cc_reg[1]/Q
                         net (fo=2, routed)           0.052     1.539    design_1_i/ps8_0_axi_periph/s01_couplers/auto_ds/inst/gen_downsizer.gen_simple_downsizer.axi_downsizer_inst/USE_WRITE.write_addr_inst/cmd_queue/inst/fifo_gen_inst/inst_fifo_gen/gconvfifo.rf/grf.rf/rstblk/ngwrdrst.grst.g7serrst.gnsckt_wrst.gcc_rst.sckt_wr_rst_cc[1]
    SLICE_X3Y124         LUT3 (Prop_F6LUT_SLICEL_I0_O)
                                                      0.040     1.579 f  design_1_i/ps8_0_axi_periph/s01_couplers/auto_ds/inst/gen_downsizer.gen_simple_downsizer.axi_downsizer_inst/USE_WRITE.write_addr_inst/cmd_queue/inst/fifo_gen_inst/inst_fifo_gen/gconvfifo.rf/grf.rf/rstblk/gpregsm1.curr_fwft_state[1]_i_2/O
                         net (fo=32, routed)          0.094     1.673    design_1_i/ps8_0_axi_periph/s01_couplers/auto_ds/inst/gen_downsizer.gen_simple_downsizer.axi_downsizer_inst/USE_WRITE.write_addr_inst/cmd_queue/inst/fifo_gen_inst/inst_fifo_gen/gconvfifo.rf/grf.rf/gntv_or_sync_fifo.gl0.rd/rpntr/gc0.count_d1_reg[4]_1
    SLICE_X3Y125         FDCE                                         f  design_1_i/ps8_0_axi_periph/s01_couplers/auto_ds/inst/gen_downsizer.gen_simple_downsizer.axi_downsizer_inst/USE_WRITE.write_addr_inst/cmd_queue/inst/fifo_gen_inst/inst_fifo_gen/gconvfifo.rf/grf.rf/gntv_or_sync_fifo.gl0.rd/rpntr/gc0.count_d1_reg[0]/CLR
  -------------------------------------------------------------------    -------------------

                         (clock clk_pl_0 rise edge)
                                                      0.000     0.000 r  
    PS8_X0Y0             PS8                          0.000     0.000 r  design_1_i/zynq_ultra_ps_e_0/inst/PS8_i/PLCLK[0]
                         net (fo=1, routed)           0.120     0.120    design_1_i/zynq_ultra_ps_e_0/inst/pl_clk_unbuffered[0]
    BUFG_PS_X0Y80        BUFG_PS (Prop_BUFG_PS_I_O)
                                                      0.018     0.138 r  design_1_i/zynq_ultra_ps_e_0/inst/buffer_pl_clk_0.PL_CLK_0_BUFG/O
    X1Y1 (CLOCK_ROOT)    net (fo=23783, routed)       1.515     1.653    design_1_i/ps8_0_axi_periph/s01_couplers/auto_ds/inst/gen_downsizer.gen_simple_downsizer.axi_downsizer_inst/USE_WRITE.write_addr_inst/cmd_queue/inst/fifo_gen_inst/inst_fifo_gen/gconvfifo.rf/grf.rf/gntv_or_sync_fifo.gl0.rd/rpntr/clk
    SLICE_X3Y125         FDCE                                         r  design_1_i/ps8_0_axi_periph/s01_couplers/auto_ds/inst/gen_downsizer.gen_simple_downsizer.axi_downsizer_inst/USE_WRITE.write_addr_inst/cmd_queue/inst/fifo_gen_inst/inst_fifo_gen/gconvfifo.rf/grf.rf/gntv_or_sync_fifo.gl0.rd/rpntr/gc0.count_d1_reg[0]/C
                         clock pessimism             -0.179     1.473    
    SLICE_X3Y125         FDCE (Remov_EFF_SLICEL_C_CLR)
                                                     -0.020     1.453    design_1_i/ps8_0_axi_periph/s01_couplers/auto_ds/inst/gen_downsizer.gen_simple_downsizer.axi_downsizer_inst/USE_WRITE.write_addr_inst/cmd_queue/inst/fifo_gen_inst/inst_fifo_gen/gconvfifo.rf/grf.rf/gntv_or_sync_fifo.gl0.rd/rpntr/gc0.count_d1_reg[0]
  -------------------------------------------------------------------
                         required time                         -1.453    
                         arrival time                           1.673    
  -------------------------------------------------------------------
                         slack                                  0.220    

Slack (MET) :             0.221ns  (arrival time - required time)
  Source:                 design_1_i/ps8_0_axi_periph/s00_couplers/auto_ds/inst/gen_downsizer.gen_simple_downsizer.axi_downsizer_inst/USE_WRITE.write_addr_inst/cmd_queue/inst/fifo_gen_inst/inst_fifo_gen/gconvfifo.rf/grf.rf/rstblk/ngwrdrst.grst.g7serrst.gnsckt_wrst.gcc_rst.sckt_wr_rst_cc_reg[0]/C
                            (rising edge-triggered cell FDRE clocked by clk_pl_0  {rise@0.000ns fall@5.000ns period=10.000ns})
  Destination:            design_1_i/ps8_0_axi_periph/s00_couplers/auto_ds/inst/gen_downsizer.gen_simple_downsizer.axi_downsizer_inst/USE_WRITE.write_addr_inst/cmd_queue/inst/fifo_gen_inst/inst_fifo_gen/gconvfifo.rf/grf.rf/gntv_or_sync_fifo.gl0.rd/rpntr/gc0.count_d1_reg[0]/CLR
                            (removal check against rising-edge clock clk_pl_0  {rise@0.000ns fall@5.000ns period=10.000ns})
  Path Group:             **async_default**
  Path Type:              Removal (Min at Fast Process Corner)
  Requirement:            0.000ns  (clk_pl_0 rise@0.000ns - clk_pl_0 rise@0.000ns)
  Data Path Delay:        0.259ns  (logic 0.074ns (28.578%)  route 0.185ns (71.422%))
  Logic Levels:           1  (LUT3=1)
  Clock Path Skew:        0.058ns (DCD - SCD - CPR)
    Destination Clock Delay (DCD):    1.594ns
    Source Clock Delay      (SCD):    1.396ns
    Clock Pessimism Removal (CPR):    0.141ns
  Clock Net Delay (Source):      1.285ns (routing 0.658ns, distribution 0.627ns)
  Clock Net Delay (Destination): 1.456ns (routing 0.738ns, distribution 0.718ns)

    Location             Delay type                Incr(ns)  Path(ns)    Netlist Resource(s)
  -------------------------------------------------------------------    -------------------
                         (clock clk_pl_0 rise edge)
                                                      0.000     0.000 r  
    PS8_X0Y0             PS8                          0.000     0.000 r  design_1_i/zynq_ultra_ps_e_0/inst/PS8_i/PLCLK[0]
                         net (fo=1, routed)           0.094     0.094    design_1_i/zynq_ultra_ps_e_0/inst/pl_clk_unbuffered[0]
    BUFG_PS_X0Y80        BUFG_PS (Prop_BUFG_PS_I_O)
                                                      0.017     0.111 r  design_1_i/zynq_ultra_ps_e_0/inst/buffer_pl_clk_0.PL_CLK_0_BUFG/O
    X1Y1 (CLOCK_ROOT)    net (fo=23783, routed)       1.285     1.396    design_1_i/ps8_0_axi_periph/s00_couplers/auto_ds/inst/gen_downsizer.gen_simple_downsizer.axi_downsizer_inst/USE_WRITE.write_addr_inst/cmd_queue/inst/fifo_gen_inst/inst_fifo_gen/gconvfifo.rf/grf.rf/rstblk/clk
    SLICE_X12Y104        FDRE                                         r  design_1_i/ps8_0_axi_periph/s00_couplers/auto_ds/inst/gen_downsizer.gen_simple_downsizer.axi_downsizer_inst/USE_WRITE.write_addr_inst/cmd_queue/inst/fifo_gen_inst/inst_fifo_gen/gconvfifo.rf/grf.rf/rstblk/ngwrdrst.grst.g7serrst.gnsckt_wrst.gcc_rst.sckt_wr_rst_cc_reg[0]/C
  -------------------------------------------------------------------    -------------------
    SLICE_X12Y104        FDRE (Prop_AFF2_SLICEM_C_Q)
                                                      0.039     1.435 f  design_1_i/ps8_0_axi_periph/s00_couplers/auto_ds/inst/gen_downsizer.gen_simple_downsizer.axi_downsizer_inst/USE_WRITE.write_addr_inst/cmd_queue/inst/fifo_gen_inst/inst_fifo_gen/gconvfifo.rf/grf.rf/rstblk/ngwrdrst.grst.g7serrst.gnsckt_wrst.gcc_rst.sckt_wr_rst_cc_reg[0]/Q
                         net (fo=3, routed)           0.057     1.492    design_1_i/ps8_0_axi_periph/s00_couplers/auto_ds/inst/gen_downsizer.gen_simple_downsizer.axi_downsizer_inst/USE_WRITE.write_addr_inst/cmd_queue/inst/fifo_gen_inst/inst_fifo_gen/gconvfifo.rf/grf.rf/rstblk/ngwrdrst.grst.g7serrst.gnsckt_wrst.gcc_rst.sckt_wr_rst_cc[0]
    SLICE_X11Y104        LUT3 (Prop_F6LUT_SLICEL_I1_O)
                                                      0.035     1.527 f  design_1_i/ps8_0_axi_periph/s00_couplers/auto_ds/inst/gen_downsizer.gen_simple_downsizer.axi_downsizer_inst/USE_WRITE.write_addr_inst/cmd_queue/inst/fifo_gen_inst/inst_fifo_gen/gconvfifo.rf/grf.rf/rstblk/gpregsm1.curr_fwft_state[1]_i_2/O
                         net (fo=32, routed)          0.128     1.655    design_1_i/ps8_0_axi_periph/s00_couplers/auto_ds/inst/gen_downsizer.gen_simple_downsizer.axi_downsizer_inst/USE_WRITE.write_addr_inst/cmd_queue/inst/fifo_gen_inst/inst_fifo_gen/gconvfifo.rf/grf.rf/gntv_or_sync_fifo.gl0.rd/rpntr/gc0.count_d1_reg[4]_1
    SLICE_X11Y101        FDCE                                         f  design_1_i/ps8_0_axi_periph/s00_couplers/auto_ds/inst/gen_downsizer.gen_simple_downsizer.axi_downsizer_inst/USE_WRITE.write_addr_inst/cmd_queue/inst/fifo_gen_inst/inst_fifo_gen/gconvfifo.rf/grf.rf/gntv_or_sync_fifo.gl0.rd/rpntr/gc0.count_d1_reg[0]/CLR
  -------------------------------------------------------------------    -------------------

                         (clock clk_pl_0 rise edge)
                                                      0.000     0.000 r  
    PS8_X0Y0             PS8                          0.000     0.000 r  design_1_i/zynq_ultra_ps_e_0/inst/PS8_i/PLCLK[0]
                         net (fo=1, routed)           0.120     0.120    design_1_i/zynq_ultra_ps_e_0/inst/pl_clk_unbuffered[0]
    BUFG_PS_X0Y80        BUFG_PS (Prop_BUFG_PS_I_O)
                                                      0.018     0.138 r  design_1_i/zynq_ultra_ps_e_0/inst/buffer_pl_clk_0.PL_CLK_0_BUFG/O
    X1Y1 (CLOCK_ROOT)    net (fo=23783, routed)       1.456     1.594    design_1_i/ps8_0_axi_periph/s00_couplers/auto_ds/inst/gen_downsizer.gen_simple_downsizer.axi_downsizer_inst/USE_WRITE.write_addr_inst/cmd_queue/inst/fifo_gen_inst/inst_fifo_gen/gconvfifo.rf/grf.rf/gntv_or_sync_fifo.gl0.rd/rpntr/clk
    SLICE_X11Y101        FDCE                                         r  design_1_i/ps8_0_axi_periph/s00_couplers/auto_ds/inst/gen_downsizer.gen_simple_downsizer.axi_downsizer_inst/USE_WRITE.write_addr_inst/cmd_queue/inst/fifo_gen_inst/inst_fifo_gen/gconvfifo.rf/grf.rf/gntv_or_sync_fifo.gl0.rd/rpntr/gc0.count_d1_reg[0]/C
                         clock pessimism             -0.141     1.454    
    SLICE_X11Y101        FDCE (Remov_GFF_SLICEL_C_CLR)
                                                     -0.020     1.434    design_1_i/ps8_0_axi_periph/s00_couplers/auto_ds/inst/gen_downsizer.gen_simple_downsizer.axi_downsizer_inst/USE_WRITE.write_addr_inst/cmd_queue/inst/fifo_gen_inst/inst_fifo_gen/gconvfifo.rf/grf.rf/gntv_or_sync_fifo.gl0.rd/rpntr/gc0.count_d1_reg[0]
  -------------------------------------------------------------------
                         required time                         -1.434    
                         arrival time                           1.655    
  -------------------------------------------------------------------
                         slack                                  0.221    

Slack (MET) :             0.221ns  (arrival time - required time)
  Source:                 design_1_i/ps8_0_axi_periph/s00_couplers/auto_ds/inst/gen_downsizer.gen_simple_downsizer.axi_downsizer_inst/USE_WRITE.write_addr_inst/cmd_queue/inst/fifo_gen_inst/inst_fifo_gen/gconvfifo.rf/grf.rf/rstblk/ngwrdrst.grst.g7serrst.gnsckt_wrst.gcc_rst.sckt_wr_rst_cc_reg[0]/C
                            (rising edge-triggered cell FDRE clocked by clk_pl_0  {rise@0.000ns fall@5.000ns period=10.000ns})
  Destination:            design_1_i/ps8_0_axi_periph/s00_couplers/auto_ds/inst/gen_downsizer.gen_simple_downsizer.axi_downsizer_inst/USE_WRITE.write_addr_inst/cmd_queue/inst/fifo_gen_inst/inst_fifo_gen/gconvfifo.rf/grf.rf/gntv_or_sync_fifo.gl0.rd/rpntr/gc0.count_reg[0]/PRE
                            (removal check against rising-edge clock clk_pl_0  {rise@0.000ns fall@5.000ns period=10.000ns})
  Path Group:             **async_default**
  Path Type:              Removal (Min at Fast Process Corner)
  Requirement:            0.000ns  (clk_pl_0 rise@0.000ns - clk_pl_0 rise@0.000ns)
  Data Path Delay:        0.259ns  (logic 0.074ns (28.578%)  route 0.185ns (71.422%))
  Logic Levels:           1  (LUT3=1)
  Clock Path Skew:        0.058ns (DCD - SCD - CPR)
    Destination Clock Delay (DCD):    1.594ns
    Source Clock Delay      (SCD):    1.396ns
    Clock Pessimism Removal (CPR):    0.141ns
  Clock Net Delay (Source):      1.285ns (routing 0.658ns, distribution 0.627ns)
  Clock Net Delay (Destination): 1.456ns (routing 0.738ns, distribution 0.718ns)

    Location             Delay type                Incr(ns)  Path(ns)    Netlist Resource(s)
  -------------------------------------------------------------------    -------------------
                         (clock clk_pl_0 rise edge)
                                                      0.000     0.000 r  
    PS8_X0Y0             PS8                          0.000     0.000 r  design_1_i/zynq_ultra_ps_e_0/inst/PS8_i/PLCLK[0]
                         net (fo=1, routed)           0.094     0.094    design_1_i/zynq_ultra_ps_e_0/inst/pl_clk_unbuffered[0]
    BUFG_PS_X0Y80        BUFG_PS (Prop_BUFG_PS_I_O)
                                                      0.017     0.111 r  design_1_i/zynq_ultra_ps_e_0/inst/buffer_pl_clk_0.PL_CLK_0_BUFG/O
    X1Y1 (CLOCK_ROOT)    net (fo=23783, routed)       1.285     1.396    design_1_i/ps8_0_axi_periph/s00_couplers/auto_ds/inst/gen_downsizer.gen_simple_downsizer.axi_downsizer_inst/USE_WRITE.write_addr_inst/cmd_queue/inst/fifo_gen_inst/inst_fifo_gen/gconvfifo.rf/grf.rf/rstblk/clk
    SLICE_X12Y104        FDRE                                         r  design_1_i/ps8_0_axi_periph/s00_couplers/auto_ds/inst/gen_downsizer.gen_simple_downsizer.axi_downsizer_inst/USE_WRITE.write_addr_inst/cmd_queue/inst/fifo_gen_inst/inst_fifo_gen/gconvfifo.rf/grf.rf/rstblk/ngwrdrst.grst.g7serrst.gnsckt_wrst.gcc_rst.sckt_wr_rst_cc_reg[0]/C
  -------------------------------------------------------------------    -------------------
    SLICE_X12Y104        FDRE (Prop_AFF2_SLICEM_C_Q)
                                                      0.039     1.435 f  design_1_i/ps8_0_axi_periph/s00_couplers/auto_ds/inst/gen_downsizer.gen_simple_downsizer.axi_downsizer_inst/USE_WRITE.write_addr_inst/cmd_queue/inst/fifo_gen_inst/inst_fifo_gen/gconvfifo.rf/grf.rf/rstblk/ngwrdrst.grst.g7serrst.gnsckt_wrst.gcc_rst.sckt_wr_rst_cc_reg[0]/Q
                         net (fo=3, routed)           0.057     1.492    design_1_i/ps8_0_axi_periph/s00_couplers/auto_ds/inst/gen_downsizer.gen_simple_downsizer.axi_downsizer_inst/USE_WRITE.write_addr_inst/cmd_queue/inst/fifo_gen_inst/inst_fifo_gen/gconvfifo.rf/grf.rf/rstblk/ngwrdrst.grst.g7serrst.gnsckt_wrst.gcc_rst.sckt_wr_rst_cc[0]
    SLICE_X11Y104        LUT3 (Prop_F6LUT_SLICEL_I1_O)
                                                      0.035     1.527 f  design_1_i/ps8_0_axi_periph/s00_couplers/auto_ds/inst/gen_downsizer.gen_simple_downsizer.axi_downsizer_inst/USE_WRITE.write_addr_inst/cmd_queue/inst/fifo_gen_inst/inst_fifo_gen/gconvfifo.rf/grf.rf/rstblk/gpregsm1.curr_fwft_state[1]_i_2/O
                         net (fo=32, routed)          0.128     1.655    design_1_i/ps8_0_axi_periph/s00_couplers/auto_ds/inst/gen_downsizer.gen_simple_downsizer.axi_downsizer_inst/USE_WRITE.write_addr_inst/cmd_queue/inst/fifo_gen_inst/inst_fifo_gen/gconvfifo.rf/grf.rf/gntv_or_sync_fifo.gl0.rd/rpntr/gc0.count_d1_reg[4]_1
    SLICE_X11Y101        FDPE                                         f  design_1_i/ps8_0_axi_periph/s00_couplers/auto_ds/inst/gen_downsizer.gen_simple_downsizer.axi_downsizer_inst/USE_WRITE.write_addr_inst/cmd_queue/inst/fifo_gen_inst/inst_fifo_gen/gconvfifo.rf/grf.rf/gntv_or_sync_fifo.gl0.rd/rpntr/gc0.count_reg[0]/PRE
  -------------------------------------------------------------------    -------------------

                         (clock clk_pl_0 rise edge)
                                                      0.000     0.000 r  
    PS8_X0Y0             PS8                          0.000     0.000 r  design_1_i/zynq_ultra_ps_e_0/inst/PS8_i/PLCLK[0]
                         net (fo=1, routed)           0.120     0.120    design_1_i/zynq_ultra_ps_e_0/inst/pl_clk_unbuffered[0]
    BUFG_PS_X0Y80        BUFG_PS (Prop_BUFG_PS_I_O)
                                                      0.018     0.138 r  design_1_i/zynq_ultra_ps_e_0/inst/buffer_pl_clk_0.PL_CLK_0_BUFG/O
    X1Y1 (CLOCK_ROOT)    net (fo=23783, routed)       1.456     1.594    design_1_i/ps8_0_axi_periph/s00_couplers/auto_ds/inst/gen_downsizer.gen_simple_downsizer.axi_downsizer_inst/USE_WRITE.write_addr_inst/cmd_queue/inst/fifo_gen_inst/inst_fifo_gen/gconvfifo.rf/grf.rf/gntv_or_sync_fifo.gl0.rd/rpntr/clk
    SLICE_X11Y101        FDPE                                         r  design_1_i/ps8_0_axi_periph/s00_couplers/auto_ds/inst/gen_downsizer.gen_simple_downsizer.axi_downsizer_inst/USE_WRITE.write_addr_inst/cmd_queue/inst/fifo_gen_inst/inst_fifo_gen/gconvfifo.rf/grf.rf/gntv_or_sync_fifo.gl0.rd/rpntr/gc0.count_reg[0]/C
                         clock pessimism             -0.141     1.454    
    SLICE_X11Y101        FDPE (Remov_HFF_SLICEL_C_PRE)
                                                     -0.020     1.434    design_1_i/ps8_0_axi_periph/s00_couplers/auto_ds/inst/gen_downsizer.gen_simple_downsizer.axi_downsizer_inst/USE_WRITE.write_addr_inst/cmd_queue/inst/fifo_gen_inst/inst_fifo_gen/gconvfifo.rf/grf.rf/gntv_or_sync_fifo.gl0.rd/rpntr/gc0.count_reg[0]
  -------------------------------------------------------------------
                         required time                         -1.434    
                         arrival time                           1.655    
  -------------------------------------------------------------------
                         slack                                  0.221    

Slack (MET) :             0.221ns  (arrival time - required time)
  Source:                 design_1_i/ps8_0_axi_periph/s00_couplers/auto_ds/inst/gen_downsizer.gen_simple_downsizer.axi_downsizer_inst/USE_WRITE.write_addr_inst/cmd_queue/inst/fifo_gen_inst/inst_fifo_gen/gconvfifo.rf/grf.rf/rstblk/ngwrdrst.grst.g7serrst.gnsckt_wrst.gcc_rst.sckt_wr_rst_cc_reg[0]/C
                            (rising edge-triggered cell FDRE clocked by clk_pl_0  {rise@0.000ns fall@5.000ns period=10.000ns})
  Destination:            design_1_i/ps8_0_axi_periph/s00_couplers/auto_ds/inst/gen_downsizer.gen_simple_downsizer.axi_downsizer_inst/USE_WRITE.write_addr_inst/cmd_queue/inst/fifo_gen_inst/inst_fifo_gen/gconvfifo.rf/grf.rf/gntv_or_sync_fifo.gl0.wr/wpntr/gcc0.gc0.count_d1_reg[0]/CLR
                            (removal check against rising-edge clock clk_pl_0  {rise@0.000ns fall@5.000ns period=10.000ns})
  Path Group:             **async_default**
  Path Type:              Removal (Min at Fast Process Corner)
  Requirement:            0.000ns  (clk_pl_0 rise@0.000ns - clk_pl_0 rise@0.000ns)
  Data Path Delay:        0.259ns  (logic 0.074ns (28.578%)  route 0.185ns (71.422%))
  Logic Levels:           1  (LUT3=1)
  Clock Path Skew:        0.058ns (DCD - SCD - CPR)
    Destination Clock Delay (DCD):    1.594ns
    Source Clock Delay      (SCD):    1.396ns
    Clock Pessimism Removal (CPR):    0.141ns
  Clock Net Delay (Source):      1.285ns (routing 0.658ns, distribution 0.627ns)
  Clock Net Delay (Destination): 1.456ns (routing 0.738ns, distribution 0.718ns)

    Location             Delay type                Incr(ns)  Path(ns)    Netlist Resource(s)
  -------------------------------------------------------------------    -------------------
                         (clock clk_pl_0 rise edge)
                                                      0.000     0.000 r  
    PS8_X0Y0             PS8                          0.000     0.000 r  design_1_i/zynq_ultra_ps_e_0/inst/PS8_i/PLCLK[0]
                         net (fo=1, routed)           0.094     0.094    design_1_i/zynq_ultra_ps_e_0/inst/pl_clk_unbuffered[0]
    BUFG_PS_X0Y80        BUFG_PS (Prop_BUFG_PS_I_O)
                                                      0.017     0.111 r  design_1_i/zynq_ultra_ps_e_0/inst/buffer_pl_clk_0.PL_CLK_0_BUFG/O
    X1Y1 (CLOCK_ROOT)    net (fo=23783, routed)       1.285     1.396    design_1_i/ps8_0_axi_periph/s00_couplers/auto_ds/inst/gen_downsizer.gen_simple_downsizer.axi_downsizer_inst/USE_WRITE.write_addr_inst/cmd_queue/inst/fifo_gen_inst/inst_fifo_gen/gconvfifo.rf/grf.rf/rstblk/clk
    SLICE_X12Y104        FDRE                                         r  design_1_i/ps8_0_axi_periph/s00_couplers/auto_ds/inst/gen_downsizer.gen_simple_downsizer.axi_downsizer_inst/USE_WRITE.write_addr_inst/cmd_queue/inst/fifo_gen_inst/inst_fifo_gen/gconvfifo.rf/grf.rf/rstblk/ngwrdrst.grst.g7serrst.gnsckt_wrst.gcc_rst.sckt_wr_rst_cc_reg[0]/C
  -------------------------------------------------------------------    -------------------
    SLICE_X12Y104        FDRE (Prop_AFF2_SLICEM_C_Q)
                                                      0.039     1.435 f  design_1_i/ps8_0_axi_periph/s00_couplers/auto_ds/inst/gen_downsizer.gen_simple_downsizer.axi_downsizer_inst/USE_WRITE.write_addr_inst/cmd_queue/inst/fifo_gen_inst/inst_fifo_gen/gconvfifo.rf/grf.rf/rstblk/ngwrdrst.grst.g7serrst.gnsckt_wrst.gcc_rst.sckt_wr_rst_cc_reg[0]/Q
                         net (fo=3, routed)           0.057     1.492    design_1_i/ps8_0_axi_periph/s00_couplers/auto_ds/inst/gen_downsizer.gen_simple_downsizer.axi_downsizer_inst/USE_WRITE.write_addr_inst/cmd_queue/inst/fifo_gen_inst/inst_fifo_gen/gconvfifo.rf/grf.rf/rstblk/ngwrdrst.grst.g7serrst.gnsckt_wrst.gcc_rst.sckt_wr_rst_cc[0]
    SLICE_X11Y104        LUT3 (Prop_F6LUT_SLICEL_I1_O)
                                                      0.035     1.527 f  design_1_i/ps8_0_axi_periph/s00_couplers/auto_ds/inst/gen_downsizer.gen_simple_downsizer.axi_downsizer_inst/USE_WRITE.write_addr_inst/cmd_queue/inst/fifo_gen_inst/inst_fifo_gen/gconvfifo.rf/grf.rf/rstblk/gpregsm1.curr_fwft_state[1]_i_2/O
                         net (fo=32, routed)          0.128     1.655    design_1_i/ps8_0_axi_periph/s00_couplers/auto_ds/inst/gen_downsizer.gen_simple_downsizer.axi_downsizer_inst/USE_WRITE.write_addr_inst/cmd_queue/inst/fifo_gen_inst/inst_fifo_gen/gconvfifo.rf/grf.rf/gntv_or_sync_fifo.gl0.wr/wpntr/AR[0]
    SLICE_X11Y101        FDCE                                         f  design_1_i/ps8_0_axi_periph/s00_couplers/auto_ds/inst/gen_downsizer.gen_simple_downsizer.axi_downsizer_inst/USE_WRITE.write_addr_inst/cmd_queue/inst/fifo_gen_inst/inst_fifo_gen/gconvfifo.rf/grf.rf/gntv_or_sync_fifo.gl0.wr/wpntr/gcc0.gc0.count_d1_reg[0]/CLR
  -------------------------------------------------------------------    -------------------

                         (clock clk_pl_0 rise edge)
                                                      0.000     0.000 r  
    PS8_X0Y0             PS8                          0.000     0.000 r  design_1_i/zynq_ultra_ps_e_0/inst/PS8_i/PLCLK[0]
                         net (fo=1, routed)           0.120     0.120    design_1_i/zynq_ultra_ps_e_0/inst/pl_clk_unbuffered[0]
    BUFG_PS_X0Y80        BUFG_PS (Prop_BUFG_PS_I_O)
                                                      0.018     0.138 r  design_1_i/zynq_ultra_ps_e_0/inst/buffer_pl_clk_0.PL_CLK_0_BUFG/O
    X1Y1 (CLOCK_ROOT)    net (fo=23783, routed)       1.456     1.594    design_1_i/ps8_0_axi_periph/s00_couplers/auto_ds/inst/gen_downsizer.gen_simple_downsizer.axi_downsizer_inst/USE_WRITE.write_addr_inst/cmd_queue/inst/fifo_gen_inst/inst_fifo_gen/gconvfifo.rf/grf.rf/gntv_or_sync_fifo.gl0.wr/wpntr/clk
    SLICE_X11Y101        FDCE                                         r  design_1_i/ps8_0_axi_periph/s00_couplers/auto_ds/inst/gen_downsizer.gen_simple_downsizer.axi_downsizer_inst/USE_WRITE.write_addr_inst/cmd_queue/inst/fifo_gen_inst/inst_fifo_gen/gconvfifo.rf/grf.rf/gntv_or_sync_fifo.gl0.wr/wpntr/gcc0.gc0.count_d1_reg[0]/C
                         clock pessimism             -0.141     1.454    
    SLICE_X11Y101        FDCE (Remov_HFF2_SLICEL_C_CLR)
                                                     -0.020     1.434    design_1_i/ps8_0_axi_periph/s00_couplers/auto_ds/inst/gen_downsizer.gen_simple_downsizer.axi_downsizer_inst/USE_WRITE.write_addr_inst/cmd_queue/inst/fifo_gen_inst/inst_fifo_gen/gconvfifo.rf/grf.rf/gntv_or_sync_fifo.gl0.wr/wpntr/gcc0.gc0.count_d1_reg[0]
  -------------------------------------------------------------------
                         required time                         -1.434    
                         arrival time                           1.655    
  -------------------------------------------------------------------
                         slack                                  0.221    

Slack (MET) :             0.221ns  (arrival time - required time)
  Source:                 design_1_i/ps8_0_axi_periph/s00_couplers/auto_ds/inst/gen_downsizer.gen_simple_downsizer.axi_downsizer_inst/USE_WRITE.write_addr_inst/cmd_queue/inst/fifo_gen_inst/inst_fifo_gen/gconvfifo.rf/grf.rf/rstblk/ngwrdrst.grst.g7serrst.gnsckt_wrst.gcc_rst.sckt_wr_rst_cc_reg[0]/C
                            (rising edge-triggered cell FDRE clocked by clk_pl_0  {rise@0.000ns fall@5.000ns period=10.000ns})
  Destination:            design_1_i/ps8_0_axi_periph/s00_couplers/auto_ds/inst/gen_downsizer.gen_simple_downsizer.axi_downsizer_inst/USE_WRITE.write_addr_inst/cmd_queue/inst/fifo_gen_inst/inst_fifo_gen/gconvfifo.rf/grf.rf/gntv_or_sync_fifo.gl0.wr/wpntr/gcc0.gc0.count_d1_reg[2]/CLR
                            (removal check against rising-edge clock clk_pl_0  {rise@0.000ns fall@5.000ns period=10.000ns})
  Path Group:             **async_default**
  Path Type:              Removal (Min at Fast Process Corner)
  Requirement:            0.000ns  (clk_pl_0 rise@0.000ns - clk_pl_0 rise@0.000ns)
  Data Path Delay:        0.259ns  (logic 0.074ns (28.578%)  route 0.185ns (71.422%))
  Logic Levels:           1  (LUT3=1)
  Clock Path Skew:        0.058ns (DCD - SCD - CPR)
    Destination Clock Delay (DCD):    1.594ns
    Source Clock Delay      (SCD):    1.396ns
    Clock Pessimism Removal (CPR):    0.141ns
  Clock Net Delay (Source):      1.285ns (routing 0.658ns, distribution 0.627ns)
  Clock Net Delay (Destination): 1.456ns (routing 0.738ns, distribution 0.718ns)

    Location             Delay type                Incr(ns)  Path(ns)    Netlist Resource(s)
  -------------------------------------------------------------------    -------------------
                         (clock clk_pl_0 rise edge)
                                                      0.000     0.000 r  
    PS8_X0Y0             PS8                          0.000     0.000 r  design_1_i/zynq_ultra_ps_e_0/inst/PS8_i/PLCLK[0]
                         net (fo=1, routed)           0.094     0.094    design_1_i/zynq_ultra_ps_e_0/inst/pl_clk_unbuffered[0]
    BUFG_PS_X0Y80        BUFG_PS (Prop_BUFG_PS_I_O)
                                                      0.017     0.111 r  design_1_i/zynq_ultra_ps_e_0/inst/buffer_pl_clk_0.PL_CLK_0_BUFG/O
    X1Y1 (CLOCK_ROOT)    net (fo=23783, routed)       1.285     1.396    design_1_i/ps8_0_axi_periph/s00_couplers/auto_ds/inst/gen_downsizer.gen_simple_downsizer.axi_downsizer_inst/USE_WRITE.write_addr_inst/cmd_queue/inst/fifo_gen_inst/inst_fifo_gen/gconvfifo.rf/grf.rf/rstblk/clk
    SLICE_X12Y104        FDRE                                         r  design_1_i/ps8_0_axi_periph/s00_couplers/auto_ds/inst/gen_downsizer.gen_simple_downsizer.axi_downsizer_inst/USE_WRITE.write_addr_inst/cmd_queue/inst/fifo_gen_inst/inst_fifo_gen/gconvfifo.rf/grf.rf/rstblk/ngwrdrst.grst.g7serrst.gnsckt_wrst.gcc_rst.sckt_wr_rst_cc_reg[0]/C
  -------------------------------------------------------------------    -------------------
    SLICE_X12Y104        FDRE (Prop_AFF2_SLICEM_C_Q)
                                                      0.039     1.435 f  design_1_i/ps8_0_axi_periph/s00_couplers/auto_ds/inst/gen_downsizer.gen_simple_downsizer.axi_downsizer_inst/USE_WRITE.write_addr_inst/cmd_queue/inst/fifo_gen_inst/inst_fifo_gen/gconvfifo.rf/grf.rf/rstblk/ngwrdrst.grst.g7serrst.gnsckt_wrst.gcc_rst.sckt_wr_rst_cc_reg[0]/Q
                         net (fo=3, routed)           0.057     1.492    design_1_i/ps8_0_axi_periph/s00_couplers/auto_ds/inst/gen_downsizer.gen_simple_downsizer.axi_downsizer_inst/USE_WRITE.write_addr_inst/cmd_queue/inst/fifo_gen_inst/inst_fifo_gen/gconvfifo.rf/grf.rf/rstblk/ngwrdrst.grst.g7serrst.gnsckt_wrst.gcc_rst.sckt_wr_rst_cc[0]
    SLICE_X11Y104        LUT3 (Prop_F6LUT_SLICEL_I1_O)
                                                      0.035     1.527 f  design_1_i/ps8_0_axi_periph/s00_couplers/auto_ds/inst/gen_downsizer.gen_simple_downsizer.axi_downsizer_inst/USE_WRITE.write_addr_inst/cmd_queue/inst/fifo_gen_inst/inst_fifo_gen/gconvfifo.rf/grf.rf/rstblk/gpregsm1.curr_fwft_state[1]_i_2/O
                         net (fo=32, routed)          0.128     1.655    design_1_i/ps8_0_axi_periph/s00_couplers/auto_ds/inst/gen_downsizer.gen_simple_downsizer.axi_downsizer_inst/USE_WRITE.write_addr_inst/cmd_queue/inst/fifo_gen_inst/inst_fifo_gen/gconvfifo.rf/grf.rf/gntv_or_sync_fifo.gl0.wr/wpntr/AR[0]
    SLICE_X11Y101        FDCE                                         f  design_1_i/ps8_0_axi_periph/s00_couplers/auto_ds/inst/gen_downsizer.gen_simple_downsizer.axi_downsizer_inst/USE_WRITE.write_addr_inst/cmd_queue/inst/fifo_gen_inst/inst_fifo_gen/gconvfifo.rf/grf.rf/gntv_or_sync_fifo.gl0.wr/wpntr/gcc0.gc0.count_d1_reg[2]/CLR
  -------------------------------------------------------------------    -------------------

                         (clock clk_pl_0 rise edge)
                                                      0.000     0.000 r  
    PS8_X0Y0             PS8                          0.000     0.000 r  design_1_i/zynq_ultra_ps_e_0/inst/PS8_i/PLCLK[0]
                         net (fo=1, routed)           0.120     0.120    design_1_i/zynq_ultra_ps_e_0/inst/pl_clk_unbuffered[0]
    BUFG_PS_X0Y80        BUFG_PS (Prop_BUFG_PS_I_O)
                                                      0.018     0.138 r  design_1_i/zynq_ultra_ps_e_0/inst/buffer_pl_clk_0.PL_CLK_0_BUFG/O
    X1Y1 (CLOCK_ROOT)    net (fo=23783, routed)       1.456     1.594    design_1_i/ps8_0_axi_periph/s00_couplers/auto_ds/inst/gen_downsizer.gen_simple_downsizer.axi_downsizer_inst/USE_WRITE.write_addr_inst/cmd_queue/inst/fifo_gen_inst/inst_fifo_gen/gconvfifo.rf/grf.rf/gntv_or_sync_fifo.gl0.wr/wpntr/clk
    SLICE_X11Y101        FDCE                                         r  design_1_i/ps8_0_axi_periph/s00_couplers/auto_ds/inst/gen_downsizer.gen_simple_downsizer.axi_downsizer_inst/USE_WRITE.write_addr_inst/cmd_queue/inst/fifo_gen_inst/inst_fifo_gen/gconvfifo.rf/grf.rf/gntv_or_sync_fifo.gl0.wr/wpntr/gcc0.gc0.count_d1_reg[2]/C
                         clock pessimism             -0.141     1.454    
    SLICE_X11Y101        FDCE (Remov_GFF2_SLICEL_C_CLR)
                                                     -0.020     1.434    design_1_i/ps8_0_axi_periph/s00_couplers/auto_ds/inst/gen_downsizer.gen_simple_downsizer.axi_downsizer_inst/USE_WRITE.write_addr_inst/cmd_queue/inst/fifo_gen_inst/inst_fifo_gen/gconvfifo.rf/grf.rf/gntv_or_sync_fifo.gl0.wr/wpntr/gcc0.gc0.count_d1_reg[2]
  -------------------------------------------------------------------
                         required time                         -1.434    
                         arrival time                           1.655    
  -------------------------------------------------------------------
                         slack                                  0.221    





--------------------------------------------------------------------------------------
Path Group:  (none)
From Clock:  
  To Clock:  clk_pl_0

Max Delay             1 Endpoint
Min Delay             1 Endpoint
--------------------------------------------------------------------------------------


Max Delay Paths
--------------------------------------------------------------------------------------
Slack:                    inf
  Source:                 design_1_i/zynq_ultra_ps_e_0/inst/PS8_i/EMIOGPIOO[95]
                            (internal pin)
  Destination:            design_1_i/rst_ps8_0_100M/U0/EXT_LPF/ACTIVE_LOW_EXT.ACT_LO_EXT/GENERATE_LEVEL_P_S_CDC.SINGLE_BIT.CROSS_PLEVEL_IN2SCNDRY_IN_cdc_to/D
                            (rising edge-triggered cell FDRE clocked by clk_pl_0  {rise@0.000ns fall@5.000ns period=10.000ns})
  Path Group:             (none)
  Path Type:              Setup (Max at Slow Process Corner)
  Data Path Delay:        1.096ns  (logic 0.148ns (13.504%)  route 0.948ns (86.496%))
  Logic Levels:           1  (LUT1=1)
  Clock Uncertainty:      0.127ns  ((TSJ^2 + DJ^2)^1/2) / 2 + PE
    Total System Jitter     (TSJ):    0.050ns
    Discrete Jitter          (DJ):    0.250ns
    Phase Error              (PE):    0.000ns
  Clock Net Delay (Destination): 2.354ns (routing 1.184ns, distribution 1.170ns)
  Timing Exception:       False Path

    Location             Delay type                Incr(ns)  Path(ns)    Netlist Resource(s)
  -------------------------------------------------------------------    -------------------
    PS8_X0Y0             PS8                          0.000     0.000 f  design_1_i/zynq_ultra_ps_e_0/inst/PS8_i/EMIOGPIOO[95]
                         net (fo=1, routed)           0.626     0.626    design_1_i/rst_ps8_0_100M/U0/EXT_LPF/ACTIVE_LOW_EXT.ACT_LO_EXT/ext_reset_in
    SLICE_X0Y201         LUT1 (Prop_F6LUT_SLICEL_I0_O)
                                                      0.148     0.774 r  design_1_i/rst_ps8_0_100M/U0/EXT_LPF/ACTIVE_LOW_EXT.ACT_LO_EXT/GENERATE_LEVEL_P_S_CDC.SINGLE_BIT.CROSS_PLEVEL_IN2SCNDRY_IN_cdc_to_i_1/O
                         net (fo=1, routed)           0.322     1.096    design_1_i/rst_ps8_0_100M/U0/EXT_LPF/ACTIVE_LOW_EXT.ACT_LO_EXT/exr_d1
    SLICE_X0Y201         FDRE                                         r  design_1_i/rst_ps8_0_100M/U0/EXT_LPF/ACTIVE_LOW_EXT.ACT_LO_EXT/GENERATE_LEVEL_P_S_CDC.SINGLE_BIT.CROSS_PLEVEL_IN2SCNDRY_IN_cdc_to/D
  -------------------------------------------------------------------    -------------------

                         (clock clk_pl_0 rise edge)
                                                      0.000     0.000 r  
    PS8_X0Y0             PS8                          0.000     0.000 r  design_1_i/zynq_ultra_ps_e_0/inst/PS8_i/PLCLK[0]
                         net (fo=1, routed)           0.140     0.140    design_1_i/zynq_ultra_ps_e_0/inst/pl_clk_unbuffered[0]
    BUFG_PS_X0Y80        BUFG_PS (Prop_BUFG_PS_I_O)
                                                      0.027     0.167 r  design_1_i/zynq_ultra_ps_e_0/inst/buffer_pl_clk_0.PL_CLK_0_BUFG/O
    X1Y1 (CLOCK_ROOT)    net (fo=23783, routed)       2.354     2.521    design_1_i/rst_ps8_0_100M/U0/EXT_LPF/ACTIVE_LOW_EXT.ACT_LO_EXT/slowest_sync_clk
    SLICE_X0Y201         FDRE                                         r  design_1_i/rst_ps8_0_100M/U0/EXT_LPF/ACTIVE_LOW_EXT.ACT_LO_EXT/GENERATE_LEVEL_P_S_CDC.SINGLE_BIT.CROSS_PLEVEL_IN2SCNDRY_IN_cdc_to/C





Min Delay Paths
--------------------------------------------------------------------------------------
Slack:                    inf
  Source:                 design_1_i/zynq_ultra_ps_e_0/inst/PS8_i/EMIOGPIOO[95]
                            (internal pin)
  Destination:            design_1_i/rst_ps8_0_100M/U0/EXT_LPF/ACTIVE_LOW_EXT.ACT_LO_EXT/GENERATE_LEVEL_P_S_CDC.SINGLE_BIT.CROSS_PLEVEL_IN2SCNDRY_IN_cdc_to/D
                            (rising edge-triggered cell FDRE clocked by clk_pl_0  {rise@0.000ns fall@5.000ns period=10.000ns})
  Path Group:             (none)
  Path Type:              Hold (Min at Fast Process Corner)
  Data Path Delay:        0.447ns  (logic 0.050ns (11.186%)  route 0.397ns (88.814%))
  Logic Levels:           1  (LUT1=1)
  Clock Uncertainty:      0.127ns  ((TSJ^2 + DJ^2)^1/2) / 2 + PE
    Total System Jitter     (TSJ):    0.050ns
    Discrete Jitter          (DJ):    0.250ns
    Phase Error              (PE):    0.000ns
  Clock Net Delay (Destination): 1.509ns (routing 0.738ns, distribution 0.771ns)
  Timing Exception:       False Path

    Location             Delay type                Incr(ns)  Path(ns)    Netlist Resource(s)
  -------------------------------------------------------------------    -------------------
    PS8_X0Y0             PS8                          0.000     0.000 f  design_1_i/zynq_ultra_ps_e_0/inst/PS8_i/EMIOGPIOO[95]
                         net (fo=1, routed)           0.292     0.292    design_1_i/rst_ps8_0_100M/U0/EXT_LPF/ACTIVE_LOW_EXT.ACT_LO_EXT/ext_reset_in
    SLICE_X0Y201         LUT1 (Prop_F6LUT_SLICEL_I0_O)
                                                      0.050     0.342 r  design_1_i/rst_ps8_0_100M/U0/EXT_LPF/ACTIVE_LOW_EXT.ACT_LO_EXT/GENERATE_LEVEL_P_S_CDC.SINGLE_BIT.CROSS_PLEVEL_IN2SCNDRY_IN_cdc_to_i_1/O
                         net (fo=1, routed)           0.105     0.447    design_1_i/rst_ps8_0_100M/U0/EXT_LPF/ACTIVE_LOW_EXT.ACT_LO_EXT/exr_d1
    SLICE_X0Y201         FDRE                                         r  design_1_i/rst_ps8_0_100M/U0/EXT_LPF/ACTIVE_LOW_EXT.ACT_LO_EXT/GENERATE_LEVEL_P_S_CDC.SINGLE_BIT.CROSS_PLEVEL_IN2SCNDRY_IN_cdc_to/D
  -------------------------------------------------------------------    -------------------

                         (clock clk_pl_0 rise edge)
                                                      0.000     0.000 r  
    PS8_X0Y0             PS8                          0.000     0.000 r  design_1_i/zynq_ultra_ps_e_0/inst/PS8_i/PLCLK[0]
                         net (fo=1, routed)           0.120     0.120    design_1_i/zynq_ultra_ps_e_0/inst/pl_clk_unbuffered[0]
    BUFG_PS_X0Y80        BUFG_PS (Prop_BUFG_PS_I_O)
                                                      0.018     0.138 r  design_1_i/zynq_ultra_ps_e_0/inst/buffer_pl_clk_0.PL_CLK_0_BUFG/O
    X1Y1 (CLOCK_ROOT)    net (fo=23783, routed)       1.509     1.647    design_1_i/rst_ps8_0_100M/U0/EXT_LPF/ACTIVE_LOW_EXT.ACT_LO_EXT/slowest_sync_clk
    SLICE_X0Y201         FDRE                                         r  design_1_i/rst_ps8_0_100M/U0/EXT_LPF/ACTIVE_LOW_EXT.ACT_LO_EXT/GENERATE_LEVEL_P_S_CDC.SINGLE_BIT.CROSS_PLEVEL_IN2SCNDRY_IN_cdc_to/C





--------------------------------------------------------------------------------------
Path Group:  (none)
From Clock:  clk_pl_0
  To Clock:  clk_pl_0

Max Delay            60 Endpoints
Min Delay            60 Endpoints
--------------------------------------------------------------------------------------


Max Delay Paths
--------------------------------------------------------------------------------------
Slack:                    inf
  Source:                 design_1_i/rst_ps8_0_100M/U0/ACTIVE_LOW_PR_OUT_DFF[0].FDRE_PER_N_replica/C
                            (rising edge-triggered cell FDRE clocked by clk_pl_0  {rise@0.000ns fall@5.000ns period=10.000ns})
  Destination:            design_1_i/axi_smc/inst/clk_map/psr_aclk/U0/EXT_LPF/ACTIVE_LOW_AUX.ACT_LO_AUX/GENERATE_LEVEL_P_S_CDC.SINGLE_BIT.CROSS_PLEVEL_IN2SCNDRY_IN_cdc_to/D
                            (rising edge-triggered cell FDRE clocked by clk_pl_0  {rise@0.000ns fall@5.000ns period=10.000ns})
  Path Group:             (none)
  Path Type:              Setup (Max at Slow Process Corner)
  Data Path Delay:        3.242ns  (logic 0.196ns (6.046%)  route 3.046ns (93.954%))
  Logic Levels:           1  (LUT1=1)
  Clock Path Skew:        -0.393ns (DCD - SCD + CPR)
    Destination Clock Delay (DCD):    2.479ns
    Source Clock Delay      (SCD):    2.872ns
    Clock Pessimism Removal (CPR):    0.000ns
  Clock Uncertainty:      0.130ns  ((TSJ^2 + DJ^2)^1/2) / 2 + PE
    Total System Jitter     (TSJ):    0.071ns
    Discrete Jitter          (DJ):    0.250ns
    Phase Error              (PE):    0.000ns
  Clock Net Delay (Source):      2.665ns (routing 1.302ns, distribution 1.363ns)
  Clock Net Delay (Destination): 2.312ns (routing 1.184ns, distribution 1.128ns)
  Timing Exception:       False Path

    Location             Delay type                Incr(ns)  Path(ns)    Netlist Resource(s)
  -------------------------------------------------------------------    -------------------
                         (clock clk_pl_0 rise edge)
                                                      0.000     0.000 r  
    PS8_X0Y0             PS8                          0.000     0.000 r  design_1_i/zynq_ultra_ps_e_0/inst/PS8_i/PLCLK[0]
                         net (fo=1, routed)           0.178     0.178    design_1_i/zynq_ultra_ps_e_0/inst/pl_clk_unbuffered[0]
    BUFG_PS_X0Y80        BUFG_PS (Prop_BUFG_PS_I_O)
                                                      0.029     0.207 r  design_1_i/zynq_ultra_ps_e_0/inst/buffer_pl_clk_0.PL_CLK_0_BUFG/O
    X1Y1 (CLOCK_ROOT)    net (fo=23783, routed)       2.665     2.872    design_1_i/rst_ps8_0_100M/U0/slowest_sync_clk
    SLICE_X1Y189         FDRE                                         r  design_1_i/rst_ps8_0_100M/U0/ACTIVE_LOW_PR_OUT_DFF[0].FDRE_PER_N_replica/C
  -------------------------------------------------------------------    -------------------
    SLICE_X1Y189         FDRE (Prop_DFF_SLICEM_C_Q)
                                                      0.096     2.968 f  design_1_i/rst_ps8_0_100M/U0/ACTIVE_LOW_PR_OUT_DFF[0].FDRE_PER_N_replica/Q
                         net (fo=55, routed)          2.980     5.948    design_1_i/axi_smc/inst/clk_map/psr_aclk/U0/EXT_LPF/ACTIVE_LOW_AUX.ACT_LO_AUX/peripheral_aresetn[0]_bufg_place_replica
    SLICE_X5Y40          LUT1 (Prop_H6LUT_SLICEM_I0_O)
                                                      0.100     6.048 r  design_1_i/axi_smc/inst/clk_map/psr_aclk/U0/EXT_LPF/ACTIVE_LOW_AUX.ACT_LO_AUX/GENERATE_LEVEL_P_S_CDC.SINGLE_BIT.CROSS_PLEVEL_IN2SCNDRY_IN_cdc_to_i_1/O
                         net (fo=1, routed)           0.066     6.114    design_1_i/axi_smc/inst/clk_map/psr_aclk/U0/EXT_LPF/ACTIVE_LOW_AUX.ACT_LO_AUX/asr_d1
    SLICE_X5Y40          FDRE                                         r  design_1_i/axi_smc/inst/clk_map/psr_aclk/U0/EXT_LPF/ACTIVE_LOW_AUX.ACT_LO_AUX/GENERATE_LEVEL_P_S_CDC.SINGLE_BIT.CROSS_PLEVEL_IN2SCNDRY_IN_cdc_to/D
  -------------------------------------------------------------------    -------------------

                         (clock clk_pl_0 rise edge)
                                                      0.000     0.000 r  
    PS8_X0Y0             PS8                          0.000     0.000 r  design_1_i/zynq_ultra_ps_e_0/inst/PS8_i/PLCLK[0]
                         net (fo=1, routed)           0.140     0.140    design_1_i/zynq_ultra_ps_e_0/inst/pl_clk_unbuffered[0]
    BUFG_PS_X0Y80        BUFG_PS (Prop_BUFG_PS_I_O)
                                                      0.027     0.167 r  design_1_i/zynq_ultra_ps_e_0/inst/buffer_pl_clk_0.PL_CLK_0_BUFG/O
    X1Y1 (CLOCK_ROOT)    net (fo=23783, routed)       2.312     2.479    design_1_i/axi_smc/inst/clk_map/psr_aclk/U0/EXT_LPF/ACTIVE_LOW_AUX.ACT_LO_AUX/aclk
    SLICE_X5Y40          FDRE                                         r  design_1_i/axi_smc/inst/clk_map/psr_aclk/U0/EXT_LPF/ACTIVE_LOW_AUX.ACT_LO_AUX/GENERATE_LEVEL_P_S_CDC.SINGLE_BIT.CROSS_PLEVEL_IN2SCNDRY_IN_cdc_to/C

Slack:                    inf
  Source:                 design_1_i/rst_ps8_0_100M/U0/ACTIVE_LOW_PR_OUT_DFF[0].FDRE_PER_N/C
                            (rising edge-triggered cell FDRE clocked by clk_pl_0  {rise@0.000ns fall@5.000ns period=10.000ns})
  Destination:            design_1_i/ps8_0_axi_periph/s00_couplers/auto_ds/inst/gen_downsizer.gen_simple_downsizer.axi_downsizer_inst/USE_READ.read_addr_inst/cmd_queue/inst/fifo_gen_inst/inst_fifo_gen/gconvfifo.rf/grf.rf/rstblk/ngwrdrst.grst.g7serrst.gnsckt_wrst.rst_wr_reg2_inst/arststages_ff_reg[0]/PRE
                            (recovery check against rising-edge clock clk_pl_0  {rise@0.000ns fall@5.000ns period=10.000ns})
  Path Group:             (none)
  Path Type:              Recovery (Max at Slow Process Corner)
  Data Path Delay:        3.126ns  (logic 0.124ns (3.967%)  route 3.002ns (96.033%))
  Logic Levels:           1  (BUFGCE=1)
  Clock Path Skew:        -0.398ns (DCD - SCD + CPR)
    Destination Clock Delay (DCD):    2.472ns
    Source Clock Delay      (SCD):    2.870ns
    Clock Pessimism Removal (CPR):    0.000ns
  Clock Uncertainty:      0.130ns  ((TSJ^2 + DJ^2)^1/2) / 2 + PE
    Total System Jitter     (TSJ):    0.071ns
    Discrete Jitter          (DJ):    0.250ns
    Phase Error              (PE):    0.000ns
  Clock Net Delay (Source):      2.663ns (routing 1.302ns, distribution 1.361ns)
  Clock Net Delay (Destination): 2.305ns (routing 1.184ns, distribution 1.121ns)
  Timing Exception:       False Path

    Location             Delay type                Incr(ns)  Path(ns)    Netlist Resource(s)
  -------------------------------------------------------------------    -------------------
                         (clock clk_pl_0 rise edge)
                                                      0.000     0.000 r  
    PS8_X0Y0             PS8                          0.000     0.000 r  design_1_i/zynq_ultra_ps_e_0/inst/PS8_i/PLCLK[0]
                         net (fo=1, routed)           0.178     0.178    design_1_i/zynq_ultra_ps_e_0/inst/pl_clk_unbuffered[0]
    BUFG_PS_X0Y80        BUFG_PS (Prop_BUFG_PS_I_O)
                                                      0.029     0.207 r  design_1_i/zynq_ultra_ps_e_0/inst/buffer_pl_clk_0.PL_CLK_0_BUFG/O
    X1Y1 (CLOCK_ROOT)    net (fo=23783, routed)       2.663     2.870    design_1_i/rst_ps8_0_100M/U0/slowest_sync_clk
    SLICE_X0Y193         FDRE                                         r  design_1_i/rst_ps8_0_100M/U0/ACTIVE_LOW_PR_OUT_DFF[0].FDRE_PER_N/C
  -------------------------------------------------------------------    -------------------
    SLICE_X0Y193         FDRE (Prop_AFF_SLICEL_C_Q)
                                                      0.096     2.966 r  design_1_i/rst_ps8_0_100M/U0/ACTIVE_LOW_PR_OUT_DFF[0].FDRE_PER_N/Q
                         net (fo=1, routed)           1.394     4.360    design_1_i/rst_ps8_0_100M/U0/peripheral_aresetn[0]_bufg_place
    BUFGCE_X0Y92         BUFGCE (Prop_BUFCE_BUFGCE_I_O)
                                                      0.028     4.388 r  design_1_i/rst_ps8_0_100M/U0/ACTIVE_LOW_PR_OUT_DFF[0].FDRE_PER_N_bufg_place/O
                         net (fo=1056, routed)        1.608     5.996    design_1_i/ps8_0_axi_periph/s00_couplers/auto_ds/inst/gen_downsizer.gen_simple_downsizer.axi_downsizer_inst/USE_READ.read_addr_inst/cmd_queue/inst/fifo_gen_inst/inst_fifo_gen/gconvfifo.rf/grf.rf/rstblk/ngwrdrst.grst.g7serrst.gnsckt_wrst.rst_wr_reg2_inst/src_arst
    SLICE_X1Y104         FDPE                                         f  design_1_i/ps8_0_axi_periph/s00_couplers/auto_ds/inst/gen_downsizer.gen_simple_downsizer.axi_downsizer_inst/USE_READ.read_addr_inst/cmd_queue/inst/fifo_gen_inst/inst_fifo_gen/gconvfifo.rf/grf.rf/rstblk/ngwrdrst.grst.g7serrst.gnsckt_wrst.rst_wr_reg2_inst/arststages_ff_reg[0]/PRE  (IS_INVERTED)
  -------------------------------------------------------------------    -------------------

                         (clock clk_pl_0 rise edge)
                                                      0.000     0.000 r  
    PS8_X0Y0             PS8                          0.000     0.000 r  design_1_i/zynq_ultra_ps_e_0/inst/PS8_i/PLCLK[0]
                         net (fo=1, routed)           0.140     0.140    design_1_i/zynq_ultra_ps_e_0/inst/pl_clk_unbuffered[0]
    BUFG_PS_X0Y80        BUFG_PS (Prop_BUFG_PS_I_O)
                                                      0.027     0.167 r  design_1_i/zynq_ultra_ps_e_0/inst/buffer_pl_clk_0.PL_CLK_0_BUFG/O
    X1Y1 (CLOCK_ROOT)    net (fo=23783, routed)       2.305     2.472    design_1_i/ps8_0_axi_periph/s00_couplers/auto_ds/inst/gen_downsizer.gen_simple_downsizer.axi_downsizer_inst/USE_READ.read_addr_inst/cmd_queue/inst/fifo_gen_inst/inst_fifo_gen/gconvfifo.rf/grf.rf/rstblk/ngwrdrst.grst.g7serrst.gnsckt_wrst.rst_wr_reg2_inst/dest_clk
    SLICE_X1Y104         FDPE                                         r  design_1_i/ps8_0_axi_periph/s00_couplers/auto_ds/inst/gen_downsizer.gen_simple_downsizer.axi_downsizer_inst/USE_READ.read_addr_inst/cmd_queue/inst/fifo_gen_inst/inst_fifo_gen/gconvfifo.rf/grf.rf/rstblk/ngwrdrst.grst.g7serrst.gnsckt_wrst.rst_wr_reg2_inst/arststages_ff_reg[0]/C

Slack:                    inf
  Source:                 design_1_i/rst_ps8_0_100M/U0/ACTIVE_LOW_PR_OUT_DFF[0].FDRE_PER_N/C
                            (rising edge-triggered cell FDRE clocked by clk_pl_0  {rise@0.000ns fall@5.000ns period=10.000ns})
  Destination:            design_1_i/ps8_0_axi_periph/s00_couplers/auto_ds/inst/gen_downsizer.gen_simple_downsizer.axi_downsizer_inst/USE_READ.read_addr_inst/cmd_queue/inst/fifo_gen_inst/inst_fifo_gen/gconvfifo.rf/grf.rf/rstblk/ngwrdrst.grst.g7serrst.gnsckt_wrst.rst_wr_reg2_inst/arststages_ff_reg[1]/PRE
                            (recovery check against rising-edge clock clk_pl_0  {rise@0.000ns fall@5.000ns period=10.000ns})
  Path Group:             (none)
  Path Type:              Recovery (Max at Slow Process Corner)
  Data Path Delay:        3.126ns  (logic 0.124ns (3.967%)  route 3.002ns (96.033%))
  Logic Levels:           1  (BUFGCE=1)
  Clock Path Skew:        -0.398ns (DCD - SCD + CPR)
    Destination Clock Delay (DCD):    2.472ns
    Source Clock Delay      (SCD):    2.870ns
    Clock Pessimism Removal (CPR):    0.000ns
  Clock Uncertainty:      0.130ns  ((TSJ^2 + DJ^2)^1/2) / 2 + PE
    Total System Jitter     (TSJ):    0.071ns
    Discrete Jitter          (DJ):    0.250ns
    Phase Error              (PE):    0.000ns
  Clock Net Delay (Source):      2.663ns (routing 1.302ns, distribution 1.361ns)
  Clock Net Delay (Destination): 2.305ns (routing 1.184ns, distribution 1.121ns)
  Timing Exception:       False Path

    Location             Delay type                Incr(ns)  Path(ns)    Netlist Resource(s)
  -------------------------------------------------------------------    -------------------
                         (clock clk_pl_0 rise edge)
                                                      0.000     0.000 r  
    PS8_X0Y0             PS8                          0.000     0.000 r  design_1_i/zynq_ultra_ps_e_0/inst/PS8_i/PLCLK[0]
                         net (fo=1, routed)           0.178     0.178    design_1_i/zynq_ultra_ps_e_0/inst/pl_clk_unbuffered[0]
    BUFG_PS_X0Y80        BUFG_PS (Prop_BUFG_PS_I_O)
                                                      0.029     0.207 r  design_1_i/zynq_ultra_ps_e_0/inst/buffer_pl_clk_0.PL_CLK_0_BUFG/O
    X1Y1 (CLOCK_ROOT)    net (fo=23783, routed)       2.663     2.870    design_1_i/rst_ps8_0_100M/U0/slowest_sync_clk
    SLICE_X0Y193         FDRE                                         r  design_1_i/rst_ps8_0_100M/U0/ACTIVE_LOW_PR_OUT_DFF[0].FDRE_PER_N/C
  -------------------------------------------------------------------    -------------------
    SLICE_X0Y193         FDRE (Prop_AFF_SLICEL_C_Q)
                                                      0.096     2.966 r  design_1_i/rst_ps8_0_100M/U0/ACTIVE_LOW_PR_OUT_DFF[0].FDRE_PER_N/Q
                         net (fo=1, routed)           1.394     4.360    design_1_i/rst_ps8_0_100M/U0/peripheral_aresetn[0]_bufg_place
    BUFGCE_X0Y92         BUFGCE (Prop_BUFCE_BUFGCE_I_O)
                                                      0.028     4.388 r  design_1_i/rst_ps8_0_100M/U0/ACTIVE_LOW_PR_OUT_DFF[0].FDRE_PER_N_bufg_place/O
                         net (fo=1056, routed)        1.608     5.996    design_1_i/ps8_0_axi_periph/s00_couplers/auto_ds/inst/gen_downsizer.gen_simple_downsizer.axi_downsizer_inst/USE_READ.read_addr_inst/cmd_queue/inst/fifo_gen_inst/inst_fifo_gen/gconvfifo.rf/grf.rf/rstblk/ngwrdrst.grst.g7serrst.gnsckt_wrst.rst_wr_reg2_inst/src_arst
    SLICE_X1Y104         FDPE                                         f  design_1_i/ps8_0_axi_periph/s00_couplers/auto_ds/inst/gen_downsizer.gen_simple_downsizer.axi_downsizer_inst/USE_READ.read_addr_inst/cmd_queue/inst/fifo_gen_inst/inst_fifo_gen/gconvfifo.rf/grf.rf/rstblk/ngwrdrst.grst.g7serrst.gnsckt_wrst.rst_wr_reg2_inst/arststages_ff_reg[1]/PRE  (IS_INVERTED)
  -------------------------------------------------------------------    -------------------

                         (clock clk_pl_0 rise edge)
                                                      0.000     0.000 r  
    PS8_X0Y0             PS8                          0.000     0.000 r  design_1_i/zynq_ultra_ps_e_0/inst/PS8_i/PLCLK[0]
                         net (fo=1, routed)           0.140     0.140    design_1_i/zynq_ultra_ps_e_0/inst/pl_clk_unbuffered[0]
    BUFG_PS_X0Y80        BUFG_PS (Prop_BUFG_PS_I_O)
                                                      0.027     0.167 r  design_1_i/zynq_ultra_ps_e_0/inst/buffer_pl_clk_0.PL_CLK_0_BUFG/O
    X1Y1 (CLOCK_ROOT)    net (fo=23783, routed)       2.305     2.472    design_1_i/ps8_0_axi_periph/s00_couplers/auto_ds/inst/gen_downsizer.gen_simple_downsizer.axi_downsizer_inst/USE_READ.read_addr_inst/cmd_queue/inst/fifo_gen_inst/inst_fifo_gen/gconvfifo.rf/grf.rf/rstblk/ngwrdrst.grst.g7serrst.gnsckt_wrst.rst_wr_reg2_inst/dest_clk
    SLICE_X1Y104         FDPE                                         r  design_1_i/ps8_0_axi_periph/s00_couplers/auto_ds/inst/gen_downsizer.gen_simple_downsizer.axi_downsizer_inst/USE_READ.read_addr_inst/cmd_queue/inst/fifo_gen_inst/inst_fifo_gen/gconvfifo.rf/grf.rf/rstblk/ngwrdrst.grst.g7serrst.gnsckt_wrst.rst_wr_reg2_inst/arststages_ff_reg[1]/C

Slack:                    inf
  Source:                 design_1_i/rst_ps8_0_100M/U0/ACTIVE_LOW_PR_OUT_DFF[0].FDRE_PER_N/C
                            (rising edge-triggered cell FDRE clocked by clk_pl_0  {rise@0.000ns fall@5.000ns period=10.000ns})
  Destination:            design_1_i/ps8_0_axi_periph/s00_couplers/auto_ds/inst/gen_downsizer.gen_simple_downsizer.axi_downsizer_inst/USE_WRITE.write_addr_inst/USE_B_CHANNEL.cmd_b_queue/inst/fifo_gen_inst/inst_fifo_gen/gconvfifo.rf/grf.rf/rstblk/ngwrdrst.grst.g7serrst.gnsckt_wrst.rst_wr_reg2_inst/arststages_ff_reg[0]/PRE
                            (recovery check against rising-edge clock clk_pl_0  {rise@0.000ns fall@5.000ns period=10.000ns})
  Path Group:             (none)
  Path Type:              Recovery (Max at Slow Process Corner)
  Data Path Delay:        3.092ns  (logic 0.124ns (4.010%)  route 2.968ns (95.990%))
  Logic Levels:           1  (BUFGCE=1)
  Clock Path Skew:        -0.417ns (DCD - SCD + CPR)
    Destination Clock Delay (DCD):    2.453ns
    Source Clock Delay      (SCD):    2.870ns
    Clock Pessimism Removal (CPR):    0.000ns
  Clock Uncertainty:      0.130ns  ((TSJ^2 + DJ^2)^1/2) / 2 + PE
    Total System Jitter     (TSJ):    0.071ns
    Discrete Jitter          (DJ):    0.250ns
    Phase Error              (PE):    0.000ns
  Clock Net Delay (Source):      2.663ns (routing 1.302ns, distribution 1.361ns)
  Clock Net Delay (Destination): 2.286ns (routing 1.184ns, distribution 1.102ns)
  Timing Exception:       False Path

    Location             Delay type                Incr(ns)  Path(ns)    Netlist Resource(s)
  -------------------------------------------------------------------    -------------------
                         (clock clk_pl_0 rise edge)
                                                      0.000     0.000 r  
    PS8_X0Y0             PS8                          0.000     0.000 r  design_1_i/zynq_ultra_ps_e_0/inst/PS8_i/PLCLK[0]
                         net (fo=1, routed)           0.178     0.178    design_1_i/zynq_ultra_ps_e_0/inst/pl_clk_unbuffered[0]
    BUFG_PS_X0Y80        BUFG_PS (Prop_BUFG_PS_I_O)
                                                      0.029     0.207 r  design_1_i/zynq_ultra_ps_e_0/inst/buffer_pl_clk_0.PL_CLK_0_BUFG/O
    X1Y1 (CLOCK_ROOT)    net (fo=23783, routed)       2.663     2.870    design_1_i/rst_ps8_0_100M/U0/slowest_sync_clk
    SLICE_X0Y193         FDRE                                         r  design_1_i/rst_ps8_0_100M/U0/ACTIVE_LOW_PR_OUT_DFF[0].FDRE_PER_N/C
  -------------------------------------------------------------------    -------------------
    SLICE_X0Y193         FDRE (Prop_AFF_SLICEL_C_Q)
                                                      0.096     2.966 r  design_1_i/rst_ps8_0_100M/U0/ACTIVE_LOW_PR_OUT_DFF[0].FDRE_PER_N/Q
                         net (fo=1, routed)           1.394     4.360    design_1_i/rst_ps8_0_100M/U0/peripheral_aresetn[0]_bufg_place
    BUFGCE_X0Y92         BUFGCE (Prop_BUFCE_BUFGCE_I_O)
                                                      0.028     4.388 r  design_1_i/rst_ps8_0_100M/U0/ACTIVE_LOW_PR_OUT_DFF[0].FDRE_PER_N_bufg_place/O
                         net (fo=1056, routed)        1.574     5.962    design_1_i/ps8_0_axi_periph/s00_couplers/auto_ds/inst/gen_downsizer.gen_simple_downsizer.axi_downsizer_inst/USE_WRITE.write_addr_inst/USE_B_CHANNEL.cmd_b_queue/inst/fifo_gen_inst/inst_fifo_gen/gconvfifo.rf/grf.rf/rstblk/ngwrdrst.grst.g7serrst.gnsckt_wrst.rst_wr_reg2_inst/src_arst
    SLICE_X10Y93         FDPE                                         f  design_1_i/ps8_0_axi_periph/s00_couplers/auto_ds/inst/gen_downsizer.gen_simple_downsizer.axi_downsizer_inst/USE_WRITE.write_addr_inst/USE_B_CHANNEL.cmd_b_queue/inst/fifo_gen_inst/inst_fifo_gen/gconvfifo.rf/grf.rf/rstblk/ngwrdrst.grst.g7serrst.gnsckt_wrst.rst_wr_reg2_inst/arststages_ff_reg[0]/PRE  (IS_INVERTED)
  -------------------------------------------------------------------    -------------------

                         (clock clk_pl_0 rise edge)
                                                      0.000     0.000 r  
    PS8_X0Y0             PS8                          0.000     0.000 r  design_1_i/zynq_ultra_ps_e_0/inst/PS8_i/PLCLK[0]
                         net (fo=1, routed)           0.140     0.140    design_1_i/zynq_ultra_ps_e_0/inst/pl_clk_unbuffered[0]
    BUFG_PS_X0Y80        BUFG_PS (Prop_BUFG_PS_I_O)
                                                      0.027     0.167 r  design_1_i/zynq_ultra_ps_e_0/inst/buffer_pl_clk_0.PL_CLK_0_BUFG/O
    X1Y1 (CLOCK_ROOT)    net (fo=23783, routed)       2.286     2.453    design_1_i/ps8_0_axi_periph/s00_couplers/auto_ds/inst/gen_downsizer.gen_simple_downsizer.axi_downsizer_inst/USE_WRITE.write_addr_inst/USE_B_CHANNEL.cmd_b_queue/inst/fifo_gen_inst/inst_fifo_gen/gconvfifo.rf/grf.rf/rstblk/ngwrdrst.grst.g7serrst.gnsckt_wrst.rst_wr_reg2_inst/dest_clk
    SLICE_X10Y93         FDPE                                         r  design_1_i/ps8_0_axi_periph/s00_couplers/auto_ds/inst/gen_downsizer.gen_simple_downsizer.axi_downsizer_inst/USE_WRITE.write_addr_inst/USE_B_CHANNEL.cmd_b_queue/inst/fifo_gen_inst/inst_fifo_gen/gconvfifo.rf/grf.rf/rstblk/ngwrdrst.grst.g7serrst.gnsckt_wrst.rst_wr_reg2_inst/arststages_ff_reg[0]/C

Slack:                    inf
  Source:                 design_1_i/rst_ps8_0_100M/U0/ACTIVE_LOW_PR_OUT_DFF[0].FDRE_PER_N/C
                            (rising edge-triggered cell FDRE clocked by clk_pl_0  {rise@0.000ns fall@5.000ns period=10.000ns})
  Destination:            design_1_i/ps8_0_axi_periph/s00_couplers/auto_ds/inst/gen_downsizer.gen_simple_downsizer.axi_downsizer_inst/USE_WRITE.write_addr_inst/USE_B_CHANNEL.cmd_b_queue/inst/fifo_gen_inst/inst_fifo_gen/gconvfifo.rf/grf.rf/rstblk/ngwrdrst.grst.g7serrst.gnsckt_wrst.rst_wr_reg2_inst/arststages_ff_reg[1]/PRE
                            (recovery check against rising-edge clock clk_pl_0  {rise@0.000ns fall@5.000ns period=10.000ns})
  Path Group:             (none)
  Path Type:              Recovery (Max at Slow Process Corner)
  Data Path Delay:        3.092ns  (logic 0.124ns (4.010%)  route 2.968ns (95.990%))
  Logic Levels:           1  (BUFGCE=1)
  Clock Path Skew:        -0.417ns (DCD - SCD + CPR)
    Destination Clock Delay (DCD):    2.453ns
    Source Clock Delay      (SCD):    2.870ns
    Clock Pessimism Removal (CPR):    0.000ns
  Clock Uncertainty:      0.130ns  ((TSJ^2 + DJ^2)^1/2) / 2 + PE
    Total System Jitter     (TSJ):    0.071ns
    Discrete Jitter          (DJ):    0.250ns
    Phase Error              (PE):    0.000ns
  Clock Net Delay (Source):      2.663ns (routing 1.302ns, distribution 1.361ns)
  Clock Net Delay (Destination): 2.286ns (routing 1.184ns, distribution 1.102ns)
  Timing Exception:       False Path

    Location             Delay type                Incr(ns)  Path(ns)    Netlist Resource(s)
  -------------------------------------------------------------------    -------------------
                         (clock clk_pl_0 rise edge)
                                                      0.000     0.000 r  
    PS8_X0Y0             PS8                          0.000     0.000 r  design_1_i/zynq_ultra_ps_e_0/inst/PS8_i/PLCLK[0]
                         net (fo=1, routed)           0.178     0.178    design_1_i/zynq_ultra_ps_e_0/inst/pl_clk_unbuffered[0]
    BUFG_PS_X0Y80        BUFG_PS (Prop_BUFG_PS_I_O)
                                                      0.029     0.207 r  design_1_i/zynq_ultra_ps_e_0/inst/buffer_pl_clk_0.PL_CLK_0_BUFG/O
    X1Y1 (CLOCK_ROOT)    net (fo=23783, routed)       2.663     2.870    design_1_i/rst_ps8_0_100M/U0/slowest_sync_clk
    SLICE_X0Y193         FDRE                                         r  design_1_i/rst_ps8_0_100M/U0/ACTIVE_LOW_PR_OUT_DFF[0].FDRE_PER_N/C
  -------------------------------------------------------------------    -------------------
    SLICE_X0Y193         FDRE (Prop_AFF_SLICEL_C_Q)
                                                      0.096     2.966 r  design_1_i/rst_ps8_0_100M/U0/ACTIVE_LOW_PR_OUT_DFF[0].FDRE_PER_N/Q
                         net (fo=1, routed)           1.394     4.360    design_1_i/rst_ps8_0_100M/U0/peripheral_aresetn[0]_bufg_place
    BUFGCE_X0Y92         BUFGCE (Prop_BUFCE_BUFGCE_I_O)
                                                      0.028     4.388 r  design_1_i/rst_ps8_0_100M/U0/ACTIVE_LOW_PR_OUT_DFF[0].FDRE_PER_N_bufg_place/O
                         net (fo=1056, routed)        1.574     5.962    design_1_i/ps8_0_axi_periph/s00_couplers/auto_ds/inst/gen_downsizer.gen_simple_downsizer.axi_downsizer_inst/USE_WRITE.write_addr_inst/USE_B_CHANNEL.cmd_b_queue/inst/fifo_gen_inst/inst_fifo_gen/gconvfifo.rf/grf.rf/rstblk/ngwrdrst.grst.g7serrst.gnsckt_wrst.rst_wr_reg2_inst/src_arst
    SLICE_X10Y93         FDPE                                         f  design_1_i/ps8_0_axi_periph/s00_couplers/auto_ds/inst/gen_downsizer.gen_simple_downsizer.axi_downsizer_inst/USE_WRITE.write_addr_inst/USE_B_CHANNEL.cmd_b_queue/inst/fifo_gen_inst/inst_fifo_gen/gconvfifo.rf/grf.rf/rstblk/ngwrdrst.grst.g7serrst.gnsckt_wrst.rst_wr_reg2_inst/arststages_ff_reg[1]/PRE  (IS_INVERTED)
  -------------------------------------------------------------------    -------------------

                         (clock clk_pl_0 rise edge)
                                                      0.000     0.000 r  
    PS8_X0Y0             PS8                          0.000     0.000 r  design_1_i/zynq_ultra_ps_e_0/inst/PS8_i/PLCLK[0]
                         net (fo=1, routed)           0.140     0.140    design_1_i/zynq_ultra_ps_e_0/inst/pl_clk_unbuffered[0]
    BUFG_PS_X0Y80        BUFG_PS (Prop_BUFG_PS_I_O)
                                                      0.027     0.167 r  design_1_i/zynq_ultra_ps_e_0/inst/buffer_pl_clk_0.PL_CLK_0_BUFG/O
    X1Y1 (CLOCK_ROOT)    net (fo=23783, routed)       2.286     2.453    design_1_i/ps8_0_axi_periph/s00_couplers/auto_ds/inst/gen_downsizer.gen_simple_downsizer.axi_downsizer_inst/USE_WRITE.write_addr_inst/USE_B_CHANNEL.cmd_b_queue/inst/fifo_gen_inst/inst_fifo_gen/gconvfifo.rf/grf.rf/rstblk/ngwrdrst.grst.g7serrst.gnsckt_wrst.rst_wr_reg2_inst/dest_clk
    SLICE_X10Y93         FDPE                                         r  design_1_i/ps8_0_axi_periph/s00_couplers/auto_ds/inst/gen_downsizer.gen_simple_downsizer.axi_downsizer_inst/USE_WRITE.write_addr_inst/USE_B_CHANNEL.cmd_b_queue/inst/fifo_gen_inst/inst_fifo_gen/gconvfifo.rf/grf.rf/rstblk/ngwrdrst.grst.g7serrst.gnsckt_wrst.rst_wr_reg2_inst/arststages_ff_reg[1]/C

Slack:                    inf
  Source:                 design_1_i/rst_ps8_0_100M/U0/ACTIVE_LOW_PR_OUT_DFF[0].FDRE_PER_N/C
                            (rising edge-triggered cell FDRE clocked by clk_pl_0  {rise@0.000ns fall@5.000ns period=10.000ns})
  Destination:            design_1_i/ps8_0_axi_periph/s00_couplers/auto_ds/inst/gen_downsizer.gen_simple_downsizer.axi_downsizer_inst/USE_WRITE.write_addr_inst/cmd_queue/inst/fifo_gen_inst/inst_fifo_gen/gconvfifo.rf/grf.rf/rstblk/ngwrdrst.grst.g7serrst.gnsckt_wrst.rst_wr_reg2_inst/arststages_ff_reg[0]/PRE
                            (recovery check against rising-edge clock clk_pl_0  {rise@0.000ns fall@5.000ns period=10.000ns})
  Path Group:             (none)
  Path Type:              Recovery (Max at Slow Process Corner)
  Data Path Delay:        3.086ns  (logic 0.124ns (4.019%)  route 2.962ns (95.981%))
  Logic Levels:           1  (BUFGCE=1)
  Clock Path Skew:        -0.425ns (DCD - SCD + CPR)
    Destination Clock Delay (DCD):    2.445ns
    Source Clock Delay      (SCD):    2.870ns
    Clock Pessimism Removal (CPR):    0.000ns
  Clock Uncertainty:      0.130ns  ((TSJ^2 + DJ^2)^1/2) / 2 + PE
    Total System Jitter     (TSJ):    0.071ns
    Discrete Jitter          (DJ):    0.250ns
    Phase Error              (PE):    0.000ns
  Clock Net Delay (Source):      2.663ns (routing 1.302ns, distribution 1.361ns)
  Clock Net Delay (Destination): 2.278ns (routing 1.184ns, distribution 1.094ns)
  Timing Exception:       False Path

    Location             Delay type                Incr(ns)  Path(ns)    Netlist Resource(s)
  -------------------------------------------------------------------    -------------------
                         (clock clk_pl_0 rise edge)
                                                      0.000     0.000 r  
    PS8_X0Y0             PS8                          0.000     0.000 r  design_1_i/zynq_ultra_ps_e_0/inst/PS8_i/PLCLK[0]
                         net (fo=1, routed)           0.178     0.178    design_1_i/zynq_ultra_ps_e_0/inst/pl_clk_unbuffered[0]
    BUFG_PS_X0Y80        BUFG_PS (Prop_BUFG_PS_I_O)
                                                      0.029     0.207 r  design_1_i/zynq_ultra_ps_e_0/inst/buffer_pl_clk_0.PL_CLK_0_BUFG/O
    X1Y1 (CLOCK_ROOT)    net (fo=23783, routed)       2.663     2.870    design_1_i/rst_ps8_0_100M/U0/slowest_sync_clk
    SLICE_X0Y193         FDRE                                         r  design_1_i/rst_ps8_0_100M/U0/ACTIVE_LOW_PR_OUT_DFF[0].FDRE_PER_N/C
  -------------------------------------------------------------------    -------------------
    SLICE_X0Y193         FDRE (Prop_AFF_SLICEL_C_Q)
                                                      0.096     2.966 r  design_1_i/rst_ps8_0_100M/U0/ACTIVE_LOW_PR_OUT_DFF[0].FDRE_PER_N/Q
                         net (fo=1, routed)           1.394     4.360    design_1_i/rst_ps8_0_100M/U0/peripheral_aresetn[0]_bufg_place
    BUFGCE_X0Y92         BUFGCE (Prop_BUFCE_BUFGCE_I_O)
                                                      0.028     4.388 r  design_1_i/rst_ps8_0_100M/U0/ACTIVE_LOW_PR_OUT_DFF[0].FDRE_PER_N_bufg_place/O
                         net (fo=1056, routed)        1.568     5.956    design_1_i/ps8_0_axi_periph/s00_couplers/auto_ds/inst/gen_downsizer.gen_simple_downsizer.axi_downsizer_inst/USE_WRITE.write_addr_inst/cmd_queue/inst/fifo_gen_inst/inst_fifo_gen/gconvfifo.rf/grf.rf/rstblk/ngwrdrst.grst.g7serrst.gnsckt_wrst.rst_wr_reg2_inst/src_arst
    SLICE_X11Y102        FDPE                                         f  design_1_i/ps8_0_axi_periph/s00_couplers/auto_ds/inst/gen_downsizer.gen_simple_downsizer.axi_downsizer_inst/USE_WRITE.write_addr_inst/cmd_queue/inst/fifo_gen_inst/inst_fifo_gen/gconvfifo.rf/grf.rf/rstblk/ngwrdrst.grst.g7serrst.gnsckt_wrst.rst_wr_reg2_inst/arststages_ff_reg[0]/PRE  (IS_INVERTED)
  -------------------------------------------------------------------    -------------------

                         (clock clk_pl_0 rise edge)
                                                      0.000     0.000 r  
    PS8_X0Y0             PS8                          0.000     0.000 r  design_1_i/zynq_ultra_ps_e_0/inst/PS8_i/PLCLK[0]
                         net (fo=1, routed)           0.140     0.140    design_1_i/zynq_ultra_ps_e_0/inst/pl_clk_unbuffered[0]
    BUFG_PS_X0Y80        BUFG_PS (Prop_BUFG_PS_I_O)
                                                      0.027     0.167 r  design_1_i/zynq_ultra_ps_e_0/inst/buffer_pl_clk_0.PL_CLK_0_BUFG/O
    X1Y1 (CLOCK_ROOT)    net (fo=23783, routed)       2.278     2.445    design_1_i/ps8_0_axi_periph/s00_couplers/auto_ds/inst/gen_downsizer.gen_simple_downsizer.axi_downsizer_inst/USE_WRITE.write_addr_inst/cmd_queue/inst/fifo_gen_inst/inst_fifo_gen/gconvfifo.rf/grf.rf/rstblk/ngwrdrst.grst.g7serrst.gnsckt_wrst.rst_wr_reg2_inst/dest_clk
    SLICE_X11Y102        FDPE                                         r  design_1_i/ps8_0_axi_periph/s00_couplers/auto_ds/inst/gen_downsizer.gen_simple_downsizer.axi_downsizer_inst/USE_WRITE.write_addr_inst/cmd_queue/inst/fifo_gen_inst/inst_fifo_gen/gconvfifo.rf/grf.rf/rstblk/ngwrdrst.grst.g7serrst.gnsckt_wrst.rst_wr_reg2_inst/arststages_ff_reg[0]/C

Slack:                    inf
  Source:                 design_1_i/rst_ps8_0_100M/U0/ACTIVE_LOW_PR_OUT_DFF[0].FDRE_PER_N/C
                            (rising edge-triggered cell FDRE clocked by clk_pl_0  {rise@0.000ns fall@5.000ns period=10.000ns})
  Destination:            design_1_i/ps8_0_axi_periph/s00_couplers/auto_ds/inst/gen_downsizer.gen_simple_downsizer.axi_downsizer_inst/USE_WRITE.write_addr_inst/cmd_queue/inst/fifo_gen_inst/inst_fifo_gen/gconvfifo.rf/grf.rf/rstblk/ngwrdrst.grst.g7serrst.gnsckt_wrst.rst_wr_reg2_inst/arststages_ff_reg[1]/PRE
                            (recovery check against rising-edge clock clk_pl_0  {rise@0.000ns fall@5.000ns period=10.000ns})
  Path Group:             (none)
  Path Type:              Recovery (Max at Slow Process Corner)
  Data Path Delay:        3.086ns  (logic 0.124ns (4.019%)  route 2.962ns (95.981%))
  Logic Levels:           1  (BUFGCE=1)
  Clock Path Skew:        -0.425ns (DCD - SCD + CPR)
    Destination Clock Delay (DCD):    2.445ns
    Source Clock Delay      (SCD):    2.870ns
    Clock Pessimism Removal (CPR):    0.000ns
  Clock Uncertainty:      0.130ns  ((TSJ^2 + DJ^2)^1/2) / 2 + PE
    Total System Jitter     (TSJ):    0.071ns
    Discrete Jitter          (DJ):    0.250ns
    Phase Error              (PE):    0.000ns
  Clock Net Delay (Source):      2.663ns (routing 1.302ns, distribution 1.361ns)
  Clock Net Delay (Destination): 2.278ns (routing 1.184ns, distribution 1.094ns)
  Timing Exception:       False Path

    Location             Delay type                Incr(ns)  Path(ns)    Netlist Resource(s)
  -------------------------------------------------------------------    -------------------
                         (clock clk_pl_0 rise edge)
                                                      0.000     0.000 r  
    PS8_X0Y0             PS8                          0.000     0.000 r  design_1_i/zynq_ultra_ps_e_0/inst/PS8_i/PLCLK[0]
                         net (fo=1, routed)           0.178     0.178    design_1_i/zynq_ultra_ps_e_0/inst/pl_clk_unbuffered[0]
    BUFG_PS_X0Y80        BUFG_PS (Prop_BUFG_PS_I_O)
                                                      0.029     0.207 r  design_1_i/zynq_ultra_ps_e_0/inst/buffer_pl_clk_0.PL_CLK_0_BUFG/O
    X1Y1 (CLOCK_ROOT)    net (fo=23783, routed)       2.663     2.870    design_1_i/rst_ps8_0_100M/U0/slowest_sync_clk
    SLICE_X0Y193         FDRE                                         r  design_1_i/rst_ps8_0_100M/U0/ACTIVE_LOW_PR_OUT_DFF[0].FDRE_PER_N/C
  -------------------------------------------------------------------    -------------------
    SLICE_X0Y193         FDRE (Prop_AFF_SLICEL_C_Q)
                                                      0.096     2.966 r  design_1_i/rst_ps8_0_100M/U0/ACTIVE_LOW_PR_OUT_DFF[0].FDRE_PER_N/Q
                         net (fo=1, routed)           1.394     4.360    design_1_i/rst_ps8_0_100M/U0/peripheral_aresetn[0]_bufg_place
    BUFGCE_X0Y92         BUFGCE (Prop_BUFCE_BUFGCE_I_O)
                                                      0.028     4.388 r  design_1_i/rst_ps8_0_100M/U0/ACTIVE_LOW_PR_OUT_DFF[0].FDRE_PER_N_bufg_place/O
                         net (fo=1056, routed)        1.568     5.956    design_1_i/ps8_0_axi_periph/s00_couplers/auto_ds/inst/gen_downsizer.gen_simple_downsizer.axi_downsizer_inst/USE_WRITE.write_addr_inst/cmd_queue/inst/fifo_gen_inst/inst_fifo_gen/gconvfifo.rf/grf.rf/rstblk/ngwrdrst.grst.g7serrst.gnsckt_wrst.rst_wr_reg2_inst/src_arst
    SLICE_X11Y102        FDPE                                         f  design_1_i/ps8_0_axi_periph/s00_couplers/auto_ds/inst/gen_downsizer.gen_simple_downsizer.axi_downsizer_inst/USE_WRITE.write_addr_inst/cmd_queue/inst/fifo_gen_inst/inst_fifo_gen/gconvfifo.rf/grf.rf/rstblk/ngwrdrst.grst.g7serrst.gnsckt_wrst.rst_wr_reg2_inst/arststages_ff_reg[1]/PRE  (IS_INVERTED)
  -------------------------------------------------------------------    -------------------

                         (clock clk_pl_0 rise edge)
                                                      0.000     0.000 r  
    PS8_X0Y0             PS8                          0.000     0.000 r  design_1_i/zynq_ultra_ps_e_0/inst/PS8_i/PLCLK[0]
                         net (fo=1, routed)           0.140     0.140    design_1_i/zynq_ultra_ps_e_0/inst/pl_clk_unbuffered[0]
    BUFG_PS_X0Y80        BUFG_PS (Prop_BUFG_PS_I_O)
                                                      0.027     0.167 r  design_1_i/zynq_ultra_ps_e_0/inst/buffer_pl_clk_0.PL_CLK_0_BUFG/O
    X1Y1 (CLOCK_ROOT)    net (fo=23783, routed)       2.278     2.445    design_1_i/ps8_0_axi_periph/s00_couplers/auto_ds/inst/gen_downsizer.gen_simple_downsizer.axi_downsizer_inst/USE_WRITE.write_addr_inst/cmd_queue/inst/fifo_gen_inst/inst_fifo_gen/gconvfifo.rf/grf.rf/rstblk/ngwrdrst.grst.g7serrst.gnsckt_wrst.rst_wr_reg2_inst/dest_clk
    SLICE_X11Y102        FDPE                                         r  design_1_i/ps8_0_axi_periph/s00_couplers/auto_ds/inst/gen_downsizer.gen_simple_downsizer.axi_downsizer_inst/USE_WRITE.write_addr_inst/cmd_queue/inst/fifo_gen_inst/inst_fifo_gen/gconvfifo.rf/grf.rf/rstblk/ngwrdrst.grst.g7serrst.gnsckt_wrst.rst_wr_reg2_inst/arststages_ff_reg[1]/C

Slack:                    inf
  Source:                 design_1_i/rst_ps8_0_100M/U0/ACTIVE_LOW_PR_OUT_DFF[0].FDRE_PER_N/C
                            (rising edge-triggered cell FDRE clocked by clk_pl_0  {rise@0.000ns fall@5.000ns period=10.000ns})
  Destination:            design_1_i/ps8_0_axi_periph/s01_couplers/auto_ds/inst/gen_downsizer.gen_simple_downsizer.axi_downsizer_inst/USE_WRITE.write_addr_inst/USE_B_CHANNEL.cmd_b_queue/inst/fifo_gen_inst/inst_fifo_gen/gconvfifo.rf/grf.rf/rstblk/ngwrdrst.grst.g7serrst.gnsckt_wrst.rst_wr_reg2_inst/arststages_ff_reg[0]/PRE
                            (recovery check against rising-edge clock clk_pl_0  {rise@0.000ns fall@5.000ns period=10.000ns})
  Path Group:             (none)
  Path Type:              Recovery (Max at Slow Process Corner)
  Data Path Delay:        2.986ns  (logic 0.124ns (4.153%)  route 2.862ns (95.847%))
  Logic Levels:           1  (BUFGCE=1)
  Clock Path Skew:        -0.335ns (DCD - SCD + CPR)
    Destination Clock Delay (DCD):    2.535ns
    Source Clock Delay      (SCD):    2.870ns
    Clock Pessimism Removal (CPR):    0.000ns
  Clock Uncertainty:      0.130ns  ((TSJ^2 + DJ^2)^1/2) / 2 + PE
    Total System Jitter     (TSJ):    0.071ns
    Discrete Jitter          (DJ):    0.250ns
    Phase Error              (PE):    0.000ns
  Clock Net Delay (Source):      2.663ns (routing 1.302ns, distribution 1.361ns)
  Clock Net Delay (Destination): 2.368ns (routing 1.184ns, distribution 1.184ns)
  Timing Exception:       False Path

    Location             Delay type                Incr(ns)  Path(ns)    Netlist Resource(s)
  -------------------------------------------------------------------    -------------------
                         (clock clk_pl_0 rise edge)
                                                      0.000     0.000 r  
    PS8_X0Y0             PS8                          0.000     0.000 r  design_1_i/zynq_ultra_ps_e_0/inst/PS8_i/PLCLK[0]
                         net (fo=1, routed)           0.178     0.178    design_1_i/zynq_ultra_ps_e_0/inst/pl_clk_unbuffered[0]
    BUFG_PS_X0Y80        BUFG_PS (Prop_BUFG_PS_I_O)
                                                      0.029     0.207 r  design_1_i/zynq_ultra_ps_e_0/inst/buffer_pl_clk_0.PL_CLK_0_BUFG/O
    X1Y1 (CLOCK_ROOT)    net (fo=23783, routed)       2.663     2.870    design_1_i/rst_ps8_0_100M/U0/slowest_sync_clk
    SLICE_X0Y193         FDRE                                         r  design_1_i/rst_ps8_0_100M/U0/ACTIVE_LOW_PR_OUT_DFF[0].FDRE_PER_N/C
  -------------------------------------------------------------------    -------------------
    SLICE_X0Y193         FDRE (Prop_AFF_SLICEL_C_Q)
                                                      0.096     2.966 r  design_1_i/rst_ps8_0_100M/U0/ACTIVE_LOW_PR_OUT_DFF[0].FDRE_PER_N/Q
                         net (fo=1, routed)           1.394     4.360    design_1_i/rst_ps8_0_100M/U0/peripheral_aresetn[0]_bufg_place
    BUFGCE_X0Y92         BUFGCE (Prop_BUFCE_BUFGCE_I_O)
                                                      0.028     4.388 r  design_1_i/rst_ps8_0_100M/U0/ACTIVE_LOW_PR_OUT_DFF[0].FDRE_PER_N_bufg_place/O
                         net (fo=1056, routed)        1.468     5.856    design_1_i/ps8_0_axi_periph/s01_couplers/auto_ds/inst/gen_downsizer.gen_simple_downsizer.axi_downsizer_inst/USE_WRITE.write_addr_inst/USE_B_CHANNEL.cmd_b_queue/inst/fifo_gen_inst/inst_fifo_gen/gconvfifo.rf/grf.rf/rstblk/ngwrdrst.grst.g7serrst.gnsckt_wrst.rst_wr_reg2_inst/src_arst
    SLICE_X5Y127         FDPE                                         f  design_1_i/ps8_0_axi_periph/s01_couplers/auto_ds/inst/gen_downsizer.gen_simple_downsizer.axi_downsizer_inst/USE_WRITE.write_addr_inst/USE_B_CHANNEL.cmd_b_queue/inst/fifo_gen_inst/inst_fifo_gen/gconvfifo.rf/grf.rf/rstblk/ngwrdrst.grst.g7serrst.gnsckt_wrst.rst_wr_reg2_inst/arststages_ff_reg[0]/PRE  (IS_INVERTED)
  -------------------------------------------------------------------    -------------------

                         (clock clk_pl_0 rise edge)
                                                      0.000     0.000 r  
    PS8_X0Y0             PS8                          0.000     0.000 r  design_1_i/zynq_ultra_ps_e_0/inst/PS8_i/PLCLK[0]
                         net (fo=1, routed)           0.140     0.140    design_1_i/zynq_ultra_ps_e_0/inst/pl_clk_unbuffered[0]
    BUFG_PS_X0Y80        BUFG_PS (Prop_BUFG_PS_I_O)
                                                      0.027     0.167 r  design_1_i/zynq_ultra_ps_e_0/inst/buffer_pl_clk_0.PL_CLK_0_BUFG/O
    X1Y1 (CLOCK_ROOT)    net (fo=23783, routed)       2.368     2.535    design_1_i/ps8_0_axi_periph/s01_couplers/auto_ds/inst/gen_downsizer.gen_simple_downsizer.axi_downsizer_inst/USE_WRITE.write_addr_inst/USE_B_CHANNEL.cmd_b_queue/inst/fifo_gen_inst/inst_fifo_gen/gconvfifo.rf/grf.rf/rstblk/ngwrdrst.grst.g7serrst.gnsckt_wrst.rst_wr_reg2_inst/dest_clk
    SLICE_X5Y127         FDPE                                         r  design_1_i/ps8_0_axi_periph/s01_couplers/auto_ds/inst/gen_downsizer.gen_simple_downsizer.axi_downsizer_inst/USE_WRITE.write_addr_inst/USE_B_CHANNEL.cmd_b_queue/inst/fifo_gen_inst/inst_fifo_gen/gconvfifo.rf/grf.rf/rstblk/ngwrdrst.grst.g7serrst.gnsckt_wrst.rst_wr_reg2_inst/arststages_ff_reg[0]/C

Slack:                    inf
  Source:                 design_1_i/rst_ps8_0_100M/U0/ACTIVE_LOW_PR_OUT_DFF[0].FDRE_PER_N/C
                            (rising edge-triggered cell FDRE clocked by clk_pl_0  {rise@0.000ns fall@5.000ns period=10.000ns})
  Destination:            design_1_i/ps8_0_axi_periph/s01_couplers/auto_ds/inst/gen_downsizer.gen_simple_downsizer.axi_downsizer_inst/USE_WRITE.write_addr_inst/USE_B_CHANNEL.cmd_b_queue/inst/fifo_gen_inst/inst_fifo_gen/gconvfifo.rf/grf.rf/rstblk/ngwrdrst.grst.g7serrst.gnsckt_wrst.rst_wr_reg2_inst/arststages_ff_reg[1]/PRE
                            (recovery check against rising-edge clock clk_pl_0  {rise@0.000ns fall@5.000ns period=10.000ns})
  Path Group:             (none)
  Path Type:              Recovery (Max at Slow Process Corner)
  Data Path Delay:        2.986ns  (logic 0.124ns (4.153%)  route 2.862ns (95.847%))
  Logic Levels:           1  (BUFGCE=1)
  Clock Path Skew:        -0.335ns (DCD - SCD + CPR)
    Destination Clock Delay (DCD):    2.535ns
    Source Clock Delay      (SCD):    2.870ns
    Clock Pessimism Removal (CPR):    0.000ns
  Clock Uncertainty:      0.130ns  ((TSJ^2 + DJ^2)^1/2) / 2 + PE
    Total System Jitter     (TSJ):    0.071ns
    Discrete Jitter          (DJ):    0.250ns
    Phase Error              (PE):    0.000ns
  Clock Net Delay (Source):      2.663ns (routing 1.302ns, distribution 1.361ns)
  Clock Net Delay (Destination): 2.368ns (routing 1.184ns, distribution 1.184ns)
  Timing Exception:       False Path

    Location             Delay type                Incr(ns)  Path(ns)    Netlist Resource(s)
  -------------------------------------------------------------------    -------------------
                         (clock clk_pl_0 rise edge)
                                                      0.000     0.000 r  
    PS8_X0Y0             PS8                          0.000     0.000 r  design_1_i/zynq_ultra_ps_e_0/inst/PS8_i/PLCLK[0]
                         net (fo=1, routed)           0.178     0.178    design_1_i/zynq_ultra_ps_e_0/inst/pl_clk_unbuffered[0]
    BUFG_PS_X0Y80        BUFG_PS (Prop_BUFG_PS_I_O)
                                                      0.029     0.207 r  design_1_i/zynq_ultra_ps_e_0/inst/buffer_pl_clk_0.PL_CLK_0_BUFG/O
    X1Y1 (CLOCK_ROOT)    net (fo=23783, routed)       2.663     2.870    design_1_i/rst_ps8_0_100M/U0/slowest_sync_clk
    SLICE_X0Y193         FDRE                                         r  design_1_i/rst_ps8_0_100M/U0/ACTIVE_LOW_PR_OUT_DFF[0].FDRE_PER_N/C
  -------------------------------------------------------------------    -------------------
    SLICE_X0Y193         FDRE (Prop_AFF_SLICEL_C_Q)
                                                      0.096     2.966 r  design_1_i/rst_ps8_0_100M/U0/ACTIVE_LOW_PR_OUT_DFF[0].FDRE_PER_N/Q
                         net (fo=1, routed)           1.394     4.360    design_1_i/rst_ps8_0_100M/U0/peripheral_aresetn[0]_bufg_place
    BUFGCE_X0Y92         BUFGCE (Prop_BUFCE_BUFGCE_I_O)
                                                      0.028     4.388 r  design_1_i/rst_ps8_0_100M/U0/ACTIVE_LOW_PR_OUT_DFF[0].FDRE_PER_N_bufg_place/O
                         net (fo=1056, routed)        1.468     5.856    design_1_i/ps8_0_axi_periph/s01_couplers/auto_ds/inst/gen_downsizer.gen_simple_downsizer.axi_downsizer_inst/USE_WRITE.write_addr_inst/USE_B_CHANNEL.cmd_b_queue/inst/fifo_gen_inst/inst_fifo_gen/gconvfifo.rf/grf.rf/rstblk/ngwrdrst.grst.g7serrst.gnsckt_wrst.rst_wr_reg2_inst/src_arst
    SLICE_X5Y127         FDPE                                         f  design_1_i/ps8_0_axi_periph/s01_couplers/auto_ds/inst/gen_downsizer.gen_simple_downsizer.axi_downsizer_inst/USE_WRITE.write_addr_inst/USE_B_CHANNEL.cmd_b_queue/inst/fifo_gen_inst/inst_fifo_gen/gconvfifo.rf/grf.rf/rstblk/ngwrdrst.grst.g7serrst.gnsckt_wrst.rst_wr_reg2_inst/arststages_ff_reg[1]/PRE  (IS_INVERTED)
  -------------------------------------------------------------------    -------------------

                         (clock clk_pl_0 rise edge)
                                                      0.000     0.000 r  
    PS8_X0Y0             PS8                          0.000     0.000 r  design_1_i/zynq_ultra_ps_e_0/inst/PS8_i/PLCLK[0]
                         net (fo=1, routed)           0.140     0.140    design_1_i/zynq_ultra_ps_e_0/inst/pl_clk_unbuffered[0]
    BUFG_PS_X0Y80        BUFG_PS (Prop_BUFG_PS_I_O)
                                                      0.027     0.167 r  design_1_i/zynq_ultra_ps_e_0/inst/buffer_pl_clk_0.PL_CLK_0_BUFG/O
    X1Y1 (CLOCK_ROOT)    net (fo=23783, routed)       2.368     2.535    design_1_i/ps8_0_axi_periph/s01_couplers/auto_ds/inst/gen_downsizer.gen_simple_downsizer.axi_downsizer_inst/USE_WRITE.write_addr_inst/USE_B_CHANNEL.cmd_b_queue/inst/fifo_gen_inst/inst_fifo_gen/gconvfifo.rf/grf.rf/rstblk/ngwrdrst.grst.g7serrst.gnsckt_wrst.rst_wr_reg2_inst/dest_clk
    SLICE_X5Y127         FDPE                                         r  design_1_i/ps8_0_axi_periph/s01_couplers/auto_ds/inst/gen_downsizer.gen_simple_downsizer.axi_downsizer_inst/USE_WRITE.write_addr_inst/USE_B_CHANNEL.cmd_b_queue/inst/fifo_gen_inst/inst_fifo_gen/gconvfifo.rf/grf.rf/rstblk/ngwrdrst.grst.g7serrst.gnsckt_wrst.rst_wr_reg2_inst/arststages_ff_reg[1]/C

Slack:                    inf
  Source:                 design_1_i/rst_ps8_0_100M/U0/ACTIVE_LOW_PR_OUT_DFF[0].FDRE_PER_N/C
                            (rising edge-triggered cell FDRE clocked by clk_pl_0  {rise@0.000ns fall@5.000ns period=10.000ns})
  Destination:            design_1_i/ps8_0_axi_periph/s01_couplers/auto_ds/inst/gen_downsizer.gen_simple_downsizer.axi_downsizer_inst/USE_READ.read_addr_inst/cmd_queue/inst/fifo_gen_inst/inst_fifo_gen/gconvfifo.rf/grf.rf/rstblk/ngwrdrst.grst.g7serrst.gnsckt_wrst.rst_wr_reg2_inst/arststages_ff_reg[0]/PRE
                            (recovery check against rising-edge clock clk_pl_0  {rise@0.000ns fall@5.000ns period=10.000ns})
  Path Group:             (none)
  Path Type:              Recovery (Max at Slow Process Corner)
  Data Path Delay:        2.966ns  (logic 0.124ns (4.181%)  route 2.842ns (95.819%))
  Logic Levels:           1  (BUFGCE=1)
  Clock Path Skew:        -0.345ns (DCD - SCD + CPR)
    Destination Clock Delay (DCD):    2.525ns
    Source Clock Delay      (SCD):    2.870ns
    Clock Pessimism Removal (CPR):    0.000ns
  Clock Uncertainty:      0.130ns  ((TSJ^2 + DJ^2)^1/2) / 2 + PE
    Total System Jitter     (TSJ):    0.071ns
    Discrete Jitter          (DJ):    0.250ns
    Phase Error              (PE):    0.000ns
  Clock Net Delay (Source):      2.663ns (routing 1.302ns, distribution 1.361ns)
  Clock Net Delay (Destination): 2.358ns (routing 1.184ns, distribution 1.174ns)
  Timing Exception:       False Path

    Location             Delay type                Incr(ns)  Path(ns)    Netlist Resource(s)
  -------------------------------------------------------------------    -------------------
                         (clock clk_pl_0 rise edge)
                                                      0.000     0.000 r  
    PS8_X0Y0             PS8                          0.000     0.000 r  design_1_i/zynq_ultra_ps_e_0/inst/PS8_i/PLCLK[0]
                         net (fo=1, routed)           0.178     0.178    design_1_i/zynq_ultra_ps_e_0/inst/pl_clk_unbuffered[0]
    BUFG_PS_X0Y80        BUFG_PS (Prop_BUFG_PS_I_O)
                                                      0.029     0.207 r  design_1_i/zynq_ultra_ps_e_0/inst/buffer_pl_clk_0.PL_CLK_0_BUFG/O
    X1Y1 (CLOCK_ROOT)    net (fo=23783, routed)       2.663     2.870    design_1_i/rst_ps8_0_100M/U0/slowest_sync_clk
    SLICE_X0Y193         FDRE                                         r  design_1_i/rst_ps8_0_100M/U0/ACTIVE_LOW_PR_OUT_DFF[0].FDRE_PER_N/C
  -------------------------------------------------------------------    -------------------
    SLICE_X0Y193         FDRE (Prop_AFF_SLICEL_C_Q)
                                                      0.096     2.966 r  design_1_i/rst_ps8_0_100M/U0/ACTIVE_LOW_PR_OUT_DFF[0].FDRE_PER_N/Q
                         net (fo=1, routed)           1.394     4.360    design_1_i/rst_ps8_0_100M/U0/peripheral_aresetn[0]_bufg_place
    BUFGCE_X0Y92         BUFGCE (Prop_BUFCE_BUFGCE_I_O)
                                                      0.028     4.388 r  design_1_i/rst_ps8_0_100M/U0/ACTIVE_LOW_PR_OUT_DFF[0].FDRE_PER_N_bufg_place/O
                         net (fo=1056, routed)        1.448     5.836    design_1_i/ps8_0_axi_periph/s01_couplers/auto_ds/inst/gen_downsizer.gen_simple_downsizer.axi_downsizer_inst/USE_READ.read_addr_inst/cmd_queue/inst/fifo_gen_inst/inst_fifo_gen/gconvfifo.rf/grf.rf/rstblk/ngwrdrst.grst.g7serrst.gnsckt_wrst.rst_wr_reg2_inst/src_arst
    SLICE_X5Y141         FDPE                                         f  design_1_i/ps8_0_axi_periph/s01_couplers/auto_ds/inst/gen_downsizer.gen_simple_downsizer.axi_downsizer_inst/USE_READ.read_addr_inst/cmd_queue/inst/fifo_gen_inst/inst_fifo_gen/gconvfifo.rf/grf.rf/rstblk/ngwrdrst.grst.g7serrst.gnsckt_wrst.rst_wr_reg2_inst/arststages_ff_reg[0]/PRE  (IS_INVERTED)
  -------------------------------------------------------------------    -------------------

                         (clock clk_pl_0 rise edge)
                                                      0.000     0.000 r  
    PS8_X0Y0             PS8                          0.000     0.000 r  design_1_i/zynq_ultra_ps_e_0/inst/PS8_i/PLCLK[0]
                         net (fo=1, routed)           0.140     0.140    design_1_i/zynq_ultra_ps_e_0/inst/pl_clk_unbuffered[0]
    BUFG_PS_X0Y80        BUFG_PS (Prop_BUFG_PS_I_O)
                                                      0.027     0.167 r  design_1_i/zynq_ultra_ps_e_0/inst/buffer_pl_clk_0.PL_CLK_0_BUFG/O
    X1Y1 (CLOCK_ROOT)    net (fo=23783, routed)       2.358     2.525    design_1_i/ps8_0_axi_periph/s01_couplers/auto_ds/inst/gen_downsizer.gen_simple_downsizer.axi_downsizer_inst/USE_READ.read_addr_inst/cmd_queue/inst/fifo_gen_inst/inst_fifo_gen/gconvfifo.rf/grf.rf/rstblk/ngwrdrst.grst.g7serrst.gnsckt_wrst.rst_wr_reg2_inst/dest_clk
    SLICE_X5Y141         FDPE                                         r  design_1_i/ps8_0_axi_periph/s01_couplers/auto_ds/inst/gen_downsizer.gen_simple_downsizer.axi_downsizer_inst/USE_READ.read_addr_inst/cmd_queue/inst/fifo_gen_inst/inst_fifo_gen/gconvfifo.rf/grf.rf/rstblk/ngwrdrst.grst.g7serrst.gnsckt_wrst.rst_wr_reg2_inst/arststages_ff_reg[0]/C





Min Delay Paths
--------------------------------------------------------------------------------------
Slack:                    inf
  Source:                 design_1_i/axi_smc/inst/clk_map/psr_aclk/U0/ACTIVE_LOW_BSR_OUT_DFF[0].FDRE_BSR_N/C
                            (rising edge-triggered cell FDRE clocked by clk_pl_0  {rise@0.000ns fall@5.000ns period=10.000ns})
  Destination:            design_1_i/axi_smc/inst/s01_entry_pipeline/s01_mmu/inst/xpm_cdc_async_rst_inst/arststages_ff_reg[0]/CLR
                            (removal check against rising-edge clock clk_pl_0  {rise@0.000ns fall@5.000ns period=10.000ns})
  Path Group:             (none)
  Path Type:              Removal (Min at Fast Process Corner)
  Data Path Delay:        0.175ns  (logic 0.039ns (22.236%)  route 0.136ns (77.764%))
  Logic Levels:           0  
  Clock Path Skew:        0.204ns (DCD - SCD - CPR)
    Destination Clock Delay (DCD):    1.636ns
    Source Clock Delay      (SCD):    1.432ns
    Clock Pessimism Removal (CPR):    -0.000ns
  Clock Uncertainty:      0.130ns  ((TSJ^2 + DJ^2)^1/2) / 2 + PE
    Total System Jitter     (TSJ):    0.071ns
    Discrete Jitter          (DJ):    0.250ns
    Phase Error              (PE):    0.000ns
  Clock Net Delay (Source):      1.321ns (routing 0.658ns, distribution 0.663ns)
  Clock Net Delay (Destination): 1.498ns (routing 0.738ns, distribution 0.760ns)
  Timing Exception:       False Path

    Location             Delay type                Incr(ns)  Path(ns)    Netlist Resource(s)
  -------------------------------------------------------------------    -------------------
                         (clock clk_pl_0 rise edge)
                                                      0.000     0.000 r  
    PS8_X0Y0             PS8                          0.000     0.000 r  design_1_i/zynq_ultra_ps_e_0/inst/PS8_i/PLCLK[0]
                         net (fo=1, routed)           0.094     0.094    design_1_i/zynq_ultra_ps_e_0/inst/pl_clk_unbuffered[0]
    BUFG_PS_X0Y80        BUFG_PS (Prop_BUFG_PS_I_O)
                                                      0.017     0.111 r  design_1_i/zynq_ultra_ps_e_0/inst/buffer_pl_clk_0.PL_CLK_0_BUFG/O
    X1Y1 (CLOCK_ROOT)    net (fo=23783, routed)       1.321     1.432    design_1_i/axi_smc/inst/clk_map/psr_aclk/U0/aclk
    SLICE_X5Y46          FDRE                                         r  design_1_i/axi_smc/inst/clk_map/psr_aclk/U0/ACTIVE_LOW_BSR_OUT_DFF[0].FDRE_BSR_N/C
  -------------------------------------------------------------------    -------------------
    SLICE_X5Y46          FDRE (Prop_DFF_SLICEM_C_Q)
                                                      0.039     1.471 r  design_1_i/axi_smc/inst/clk_map/psr_aclk/U0/ACTIVE_LOW_BSR_OUT_DFF[0].FDRE_BSR_N/Q
                         net (fo=45, routed)          0.136     1.607    design_1_i/axi_smc/inst/s01_entry_pipeline/s01_mmu/inst/xpm_cdc_async_rst_inst/src_arst
    SLICE_X2Y42          FDCE                                         f  design_1_i/axi_smc/inst/s01_entry_pipeline/s01_mmu/inst/xpm_cdc_async_rst_inst/arststages_ff_reg[0]/CLR  (IS_INVERTED)
  -------------------------------------------------------------------    -------------------

                         (clock clk_pl_0 rise edge)
                                                      0.000     0.000 r  
    PS8_X0Y0             PS8                          0.000     0.000 r  design_1_i/zynq_ultra_ps_e_0/inst/PS8_i/PLCLK[0]
                         net (fo=1, routed)           0.120     0.120    design_1_i/zynq_ultra_ps_e_0/inst/pl_clk_unbuffered[0]
    BUFG_PS_X0Y80        BUFG_PS (Prop_BUFG_PS_I_O)
                                                      0.018     0.138 r  design_1_i/zynq_ultra_ps_e_0/inst/buffer_pl_clk_0.PL_CLK_0_BUFG/O
    X1Y1 (CLOCK_ROOT)    net (fo=23783, routed)       1.498     1.636    design_1_i/axi_smc/inst/s01_entry_pipeline/s01_mmu/inst/xpm_cdc_async_rst_inst/dest_clk
    SLICE_X2Y42          FDCE                                         r  design_1_i/axi_smc/inst/s01_entry_pipeline/s01_mmu/inst/xpm_cdc_async_rst_inst/arststages_ff_reg[0]/C

Slack:                    inf
  Source:                 design_1_i/axi_smc/inst/clk_map/psr_aclk/U0/ACTIVE_LOW_BSR_OUT_DFF[0].FDRE_BSR_N/C
                            (rising edge-triggered cell FDRE clocked by clk_pl_0  {rise@0.000ns fall@5.000ns period=10.000ns})
  Destination:            design_1_i/axi_smc/inst/s01_entry_pipeline/s01_mmu/inst/xpm_cdc_async_rst_inst/arststages_ff_reg[1]/CLR
                            (removal check against rising-edge clock clk_pl_0  {rise@0.000ns fall@5.000ns period=10.000ns})
  Path Group:             (none)
  Path Type:              Removal (Min at Fast Process Corner)
  Data Path Delay:        0.175ns  (logic 0.039ns (22.236%)  route 0.136ns (77.764%))
  Logic Levels:           0  
  Clock Path Skew:        0.204ns (DCD - SCD - CPR)
    Destination Clock Delay (DCD):    1.636ns
    Source Clock Delay      (SCD):    1.432ns
    Clock Pessimism Removal (CPR):    -0.000ns
  Clock Uncertainty:      0.130ns  ((TSJ^2 + DJ^2)^1/2) / 2 + PE
    Total System Jitter     (TSJ):    0.071ns
    Discrete Jitter          (DJ):    0.250ns
    Phase Error              (PE):    0.000ns
  Clock Net Delay (Source):      1.321ns (routing 0.658ns, distribution 0.663ns)
  Clock Net Delay (Destination): 1.498ns (routing 0.738ns, distribution 0.760ns)
  Timing Exception:       False Path

    Location             Delay type                Incr(ns)  Path(ns)    Netlist Resource(s)
  -------------------------------------------------------------------    -------------------
                         (clock clk_pl_0 rise edge)
                                                      0.000     0.000 r  
    PS8_X0Y0             PS8                          0.000     0.000 r  design_1_i/zynq_ultra_ps_e_0/inst/PS8_i/PLCLK[0]
                         net (fo=1, routed)           0.094     0.094    design_1_i/zynq_ultra_ps_e_0/inst/pl_clk_unbuffered[0]
    BUFG_PS_X0Y80        BUFG_PS (Prop_BUFG_PS_I_O)
                                                      0.017     0.111 r  design_1_i/zynq_ultra_ps_e_0/inst/buffer_pl_clk_0.PL_CLK_0_BUFG/O
    X1Y1 (CLOCK_ROOT)    net (fo=23783, routed)       1.321     1.432    design_1_i/axi_smc/inst/clk_map/psr_aclk/U0/aclk
    SLICE_X5Y46          FDRE                                         r  design_1_i/axi_smc/inst/clk_map/psr_aclk/U0/ACTIVE_LOW_BSR_OUT_DFF[0].FDRE_BSR_N/C
  -------------------------------------------------------------------    -------------------
    SLICE_X5Y46          FDRE (Prop_DFF_SLICEM_C_Q)
                                                      0.039     1.471 r  design_1_i/axi_smc/inst/clk_map/psr_aclk/U0/ACTIVE_LOW_BSR_OUT_DFF[0].FDRE_BSR_N/Q
                         net (fo=45, routed)          0.136     1.607    design_1_i/axi_smc/inst/s01_entry_pipeline/s01_mmu/inst/xpm_cdc_async_rst_inst/src_arst
    SLICE_X2Y42          FDCE                                         f  design_1_i/axi_smc/inst/s01_entry_pipeline/s01_mmu/inst/xpm_cdc_async_rst_inst/arststages_ff_reg[1]/CLR  (IS_INVERTED)
  -------------------------------------------------------------------    -------------------

                         (clock clk_pl_0 rise edge)
                                                      0.000     0.000 r  
    PS8_X0Y0             PS8                          0.000     0.000 r  design_1_i/zynq_ultra_ps_e_0/inst/PS8_i/PLCLK[0]
                         net (fo=1, routed)           0.120     0.120    design_1_i/zynq_ultra_ps_e_0/inst/pl_clk_unbuffered[0]
    BUFG_PS_X0Y80        BUFG_PS (Prop_BUFG_PS_I_O)
                                                      0.018     0.138 r  design_1_i/zynq_ultra_ps_e_0/inst/buffer_pl_clk_0.PL_CLK_0_BUFG/O
    X1Y1 (CLOCK_ROOT)    net (fo=23783, routed)       1.498     1.636    design_1_i/axi_smc/inst/s01_entry_pipeline/s01_mmu/inst/xpm_cdc_async_rst_inst/dest_clk
    SLICE_X2Y42          FDCE                                         r  design_1_i/axi_smc/inst/s01_entry_pipeline/s01_mmu/inst/xpm_cdc_async_rst_inst/arststages_ff_reg[1]/C

Slack:                    inf
  Source:                 design_1_i/axi_smc/inst/clk_map/psr_aclk/U0/ACTIVE_LOW_BSR_OUT_DFF[0].FDRE_BSR_N/C
                            (rising edge-triggered cell FDRE clocked by clk_pl_0  {rise@0.000ns fall@5.000ns period=10.000ns})
  Destination:            design_1_i/axi_smc/inst/s01_entry_pipeline/s01_mmu/inst/xpm_cdc_async_rst_inst/arststages_ff_reg[2]/CLR
                            (removal check against rising-edge clock clk_pl_0  {rise@0.000ns fall@5.000ns period=10.000ns})
  Path Group:             (none)
  Path Type:              Removal (Min at Fast Process Corner)
  Data Path Delay:        0.175ns  (logic 0.039ns (22.236%)  route 0.136ns (77.764%))
  Logic Levels:           0  
  Clock Path Skew:        0.204ns (DCD - SCD - CPR)
    Destination Clock Delay (DCD):    1.636ns
    Source Clock Delay      (SCD):    1.432ns
    Clock Pessimism Removal (CPR):    -0.000ns
  Clock Uncertainty:      0.130ns  ((TSJ^2 + DJ^2)^1/2) / 2 + PE
    Total System Jitter     (TSJ):    0.071ns
    Discrete Jitter          (DJ):    0.250ns
    Phase Error              (PE):    0.000ns
  Clock Net Delay (Source):      1.321ns (routing 0.658ns, distribution 0.663ns)
  Clock Net Delay (Destination): 1.498ns (routing 0.738ns, distribution 0.760ns)
  Timing Exception:       False Path

    Location             Delay type                Incr(ns)  Path(ns)    Netlist Resource(s)
  -------------------------------------------------------------------    -------------------
                         (clock clk_pl_0 rise edge)
                                                      0.000     0.000 r  
    PS8_X0Y0             PS8                          0.000     0.000 r  design_1_i/zynq_ultra_ps_e_0/inst/PS8_i/PLCLK[0]
                         net (fo=1, routed)           0.094     0.094    design_1_i/zynq_ultra_ps_e_0/inst/pl_clk_unbuffered[0]
    BUFG_PS_X0Y80        BUFG_PS (Prop_BUFG_PS_I_O)
                                                      0.017     0.111 r  design_1_i/zynq_ultra_ps_e_0/inst/buffer_pl_clk_0.PL_CLK_0_BUFG/O
    X1Y1 (CLOCK_ROOT)    net (fo=23783, routed)       1.321     1.432    design_1_i/axi_smc/inst/clk_map/psr_aclk/U0/aclk
    SLICE_X5Y46          FDRE                                         r  design_1_i/axi_smc/inst/clk_map/psr_aclk/U0/ACTIVE_LOW_BSR_OUT_DFF[0].FDRE_BSR_N/C
  -------------------------------------------------------------------    -------------------
    SLICE_X5Y46          FDRE (Prop_DFF_SLICEM_C_Q)
                                                      0.039     1.471 r  design_1_i/axi_smc/inst/clk_map/psr_aclk/U0/ACTIVE_LOW_BSR_OUT_DFF[0].FDRE_BSR_N/Q
                         net (fo=45, routed)          0.136     1.607    design_1_i/axi_smc/inst/s01_entry_pipeline/s01_mmu/inst/xpm_cdc_async_rst_inst/src_arst
    SLICE_X2Y42          FDCE                                         f  design_1_i/axi_smc/inst/s01_entry_pipeline/s01_mmu/inst/xpm_cdc_async_rst_inst/arststages_ff_reg[2]/CLR  (IS_INVERTED)
  -------------------------------------------------------------------    -------------------

                         (clock clk_pl_0 rise edge)
                                                      0.000     0.000 r  
    PS8_X0Y0             PS8                          0.000     0.000 r  design_1_i/zynq_ultra_ps_e_0/inst/PS8_i/PLCLK[0]
                         net (fo=1, routed)           0.120     0.120    design_1_i/zynq_ultra_ps_e_0/inst/pl_clk_unbuffered[0]
    BUFG_PS_X0Y80        BUFG_PS (Prop_BUFG_PS_I_O)
                                                      0.018     0.138 r  design_1_i/zynq_ultra_ps_e_0/inst/buffer_pl_clk_0.PL_CLK_0_BUFG/O
    X1Y1 (CLOCK_ROOT)    net (fo=23783, routed)       1.498     1.636    design_1_i/axi_smc/inst/s01_entry_pipeline/s01_mmu/inst/xpm_cdc_async_rst_inst/dest_clk
    SLICE_X2Y42          FDCE                                         r  design_1_i/axi_smc/inst/s01_entry_pipeline/s01_mmu/inst/xpm_cdc_async_rst_inst/arststages_ff_reg[2]/C

Slack:                    inf
  Source:                 design_1_i/axi_smc/inst/clk_map/psr_aclk/U0/ACTIVE_LOW_BSR_OUT_DFF[0].FDRE_BSR_N/C
                            (rising edge-triggered cell FDRE clocked by clk_pl_0  {rise@0.000ns fall@5.000ns period=10.000ns})
  Destination:            design_1_i/axi_smc/inst/s01_entry_pipeline/s01_si_converter/inst/xpm_cdc_async_rst_inst/arststages_ff_reg[0]/CLR
                            (removal check against rising-edge clock clk_pl_0  {rise@0.000ns fall@5.000ns period=10.000ns})
  Path Group:             (none)
  Path Type:              Removal (Min at Fast Process Corner)
  Data Path Delay:        0.203ns  (logic 0.039ns (19.200%)  route 0.164ns (80.800%))
  Logic Levels:           0  
  Clock Path Skew:        0.197ns (DCD - SCD - CPR)
    Destination Clock Delay (DCD):    1.629ns
    Source Clock Delay      (SCD):    1.432ns
    Clock Pessimism Removal (CPR):    -0.000ns
  Clock Uncertainty:      0.130ns  ((TSJ^2 + DJ^2)^1/2) / 2 + PE
    Total System Jitter     (TSJ):    0.071ns
    Discrete Jitter          (DJ):    0.250ns
    Phase Error              (PE):    0.000ns
  Clock Net Delay (Source):      1.321ns (routing 0.658ns, distribution 0.663ns)
  Clock Net Delay (Destination): 1.491ns (routing 0.738ns, distribution 0.753ns)
  Timing Exception:       False Path

    Location             Delay type                Incr(ns)  Path(ns)    Netlist Resource(s)
  -------------------------------------------------------------------    -------------------
                         (clock clk_pl_0 rise edge)
                                                      0.000     0.000 r  
    PS8_X0Y0             PS8                          0.000     0.000 r  design_1_i/zynq_ultra_ps_e_0/inst/PS8_i/PLCLK[0]
                         net (fo=1, routed)           0.094     0.094    design_1_i/zynq_ultra_ps_e_0/inst/pl_clk_unbuffered[0]
    BUFG_PS_X0Y80        BUFG_PS (Prop_BUFG_PS_I_O)
                                                      0.017     0.111 r  design_1_i/zynq_ultra_ps_e_0/inst/buffer_pl_clk_0.PL_CLK_0_BUFG/O
    X1Y1 (CLOCK_ROOT)    net (fo=23783, routed)       1.321     1.432    design_1_i/axi_smc/inst/clk_map/psr_aclk/U0/aclk
    SLICE_X5Y46          FDRE                                         r  design_1_i/axi_smc/inst/clk_map/psr_aclk/U0/ACTIVE_LOW_BSR_OUT_DFF[0].FDRE_BSR_N/C
  -------------------------------------------------------------------    -------------------
    SLICE_X5Y46          FDRE (Prop_DFF_SLICEM_C_Q)
                                                      0.039     1.471 r  design_1_i/axi_smc/inst/clk_map/psr_aclk/U0/ACTIVE_LOW_BSR_OUT_DFF[0].FDRE_BSR_N/Q
                         net (fo=45, routed)          0.164     1.635    design_1_i/axi_smc/inst/s01_entry_pipeline/s01_si_converter/inst/xpm_cdc_async_rst_inst/src_arst
    SLICE_X5Y52          FDCE                                         f  design_1_i/axi_smc/inst/s01_entry_pipeline/s01_si_converter/inst/xpm_cdc_async_rst_inst/arststages_ff_reg[0]/CLR  (IS_INVERTED)
  -------------------------------------------------------------------    -------------------

                         (clock clk_pl_0 rise edge)
                                                      0.000     0.000 r  
    PS8_X0Y0             PS8                          0.000     0.000 r  design_1_i/zynq_ultra_ps_e_0/inst/PS8_i/PLCLK[0]
                         net (fo=1, routed)           0.120     0.120    design_1_i/zynq_ultra_ps_e_0/inst/pl_clk_unbuffered[0]
    BUFG_PS_X0Y80        BUFG_PS (Prop_BUFG_PS_I_O)
                                                      0.018     0.138 r  design_1_i/zynq_ultra_ps_e_0/inst/buffer_pl_clk_0.PL_CLK_0_BUFG/O
    X1Y1 (CLOCK_ROOT)    net (fo=23783, routed)       1.491     1.629    design_1_i/axi_smc/inst/s01_entry_pipeline/s01_si_converter/inst/xpm_cdc_async_rst_inst/dest_clk
    SLICE_X5Y52          FDCE                                         r  design_1_i/axi_smc/inst/s01_entry_pipeline/s01_si_converter/inst/xpm_cdc_async_rst_inst/arststages_ff_reg[0]/C

Slack:                    inf
  Source:                 design_1_i/axi_smc/inst/clk_map/psr_aclk/U0/ACTIVE_LOW_BSR_OUT_DFF[0].FDRE_BSR_N/C
                            (rising edge-triggered cell FDRE clocked by clk_pl_0  {rise@0.000ns fall@5.000ns period=10.000ns})
  Destination:            design_1_i/axi_smc/inst/s01_entry_pipeline/s01_si_converter/inst/xpm_cdc_async_rst_inst/arststages_ff_reg[1]/CLR
                            (removal check against rising-edge clock clk_pl_0  {rise@0.000ns fall@5.000ns period=10.000ns})
  Path Group:             (none)
  Path Type:              Removal (Min at Fast Process Corner)
  Data Path Delay:        0.203ns  (logic 0.039ns (19.200%)  route 0.164ns (80.800%))
  Logic Levels:           0  
  Clock Path Skew:        0.197ns (DCD - SCD - CPR)
    Destination Clock Delay (DCD):    1.629ns
    Source Clock Delay      (SCD):    1.432ns
    Clock Pessimism Removal (CPR):    -0.000ns
  Clock Uncertainty:      0.130ns  ((TSJ^2 + DJ^2)^1/2) / 2 + PE
    Total System Jitter     (TSJ):    0.071ns
    Discrete Jitter          (DJ):    0.250ns
    Phase Error              (PE):    0.000ns
  Clock Net Delay (Source):      1.321ns (routing 0.658ns, distribution 0.663ns)
  Clock Net Delay (Destination): 1.491ns (routing 0.738ns, distribution 0.753ns)
  Timing Exception:       False Path

    Location             Delay type                Incr(ns)  Path(ns)    Netlist Resource(s)
  -------------------------------------------------------------------    -------------------
                         (clock clk_pl_0 rise edge)
                                                      0.000     0.000 r  
    PS8_X0Y0             PS8                          0.000     0.000 r  design_1_i/zynq_ultra_ps_e_0/inst/PS8_i/PLCLK[0]
                         net (fo=1, routed)           0.094     0.094    design_1_i/zynq_ultra_ps_e_0/inst/pl_clk_unbuffered[0]
    BUFG_PS_X0Y80        BUFG_PS (Prop_BUFG_PS_I_O)
                                                      0.017     0.111 r  design_1_i/zynq_ultra_ps_e_0/inst/buffer_pl_clk_0.PL_CLK_0_BUFG/O
    X1Y1 (CLOCK_ROOT)    net (fo=23783, routed)       1.321     1.432    design_1_i/axi_smc/inst/clk_map/psr_aclk/U0/aclk
    SLICE_X5Y46          FDRE                                         r  design_1_i/axi_smc/inst/clk_map/psr_aclk/U0/ACTIVE_LOW_BSR_OUT_DFF[0].FDRE_BSR_N/C
  -------------------------------------------------------------------    -------------------
    SLICE_X5Y46          FDRE (Prop_DFF_SLICEM_C_Q)
                                                      0.039     1.471 r  design_1_i/axi_smc/inst/clk_map/psr_aclk/U0/ACTIVE_LOW_BSR_OUT_DFF[0].FDRE_BSR_N/Q
                         net (fo=45, routed)          0.164     1.635    design_1_i/axi_smc/inst/s01_entry_pipeline/s01_si_converter/inst/xpm_cdc_async_rst_inst/src_arst
    SLICE_X5Y52          FDCE                                         f  design_1_i/axi_smc/inst/s01_entry_pipeline/s01_si_converter/inst/xpm_cdc_async_rst_inst/arststages_ff_reg[1]/CLR  (IS_INVERTED)
  -------------------------------------------------------------------    -------------------

                         (clock clk_pl_0 rise edge)
                                                      0.000     0.000 r  
    PS8_X0Y0             PS8                          0.000     0.000 r  design_1_i/zynq_ultra_ps_e_0/inst/PS8_i/PLCLK[0]
                         net (fo=1, routed)           0.120     0.120    design_1_i/zynq_ultra_ps_e_0/inst/pl_clk_unbuffered[0]
    BUFG_PS_X0Y80        BUFG_PS (Prop_BUFG_PS_I_O)
                                                      0.018     0.138 r  design_1_i/zynq_ultra_ps_e_0/inst/buffer_pl_clk_0.PL_CLK_0_BUFG/O
    X1Y1 (CLOCK_ROOT)    net (fo=23783, routed)       1.491     1.629    design_1_i/axi_smc/inst/s01_entry_pipeline/s01_si_converter/inst/xpm_cdc_async_rst_inst/dest_clk
    SLICE_X5Y52          FDCE                                         r  design_1_i/axi_smc/inst/s01_entry_pipeline/s01_si_converter/inst/xpm_cdc_async_rst_inst/arststages_ff_reg[1]/C

Slack:                    inf
  Source:                 design_1_i/axi_smc/inst/clk_map/psr_aclk/U0/ACTIVE_LOW_BSR_OUT_DFF[0].FDRE_BSR_N/C
                            (rising edge-triggered cell FDRE clocked by clk_pl_0  {rise@0.000ns fall@5.000ns period=10.000ns})
  Destination:            design_1_i/axi_smc/inst/s01_entry_pipeline/s01_si_converter/inst/xpm_cdc_async_rst_inst/arststages_ff_reg[2]/CLR
                            (removal check against rising-edge clock clk_pl_0  {rise@0.000ns fall@5.000ns period=10.000ns})
  Path Group:             (none)
  Path Type:              Removal (Min at Fast Process Corner)
  Data Path Delay:        0.203ns  (logic 0.039ns (19.200%)  route 0.164ns (80.800%))
  Logic Levels:           0  
  Clock Path Skew:        0.197ns (DCD - SCD - CPR)
    Destination Clock Delay (DCD):    1.629ns
    Source Clock Delay      (SCD):    1.432ns
    Clock Pessimism Removal (CPR):    -0.000ns
  Clock Uncertainty:      0.130ns  ((TSJ^2 + DJ^2)^1/2) / 2 + PE
    Total System Jitter     (TSJ):    0.071ns
    Discrete Jitter          (DJ):    0.250ns
    Phase Error              (PE):    0.000ns
  Clock Net Delay (Source):      1.321ns (routing 0.658ns, distribution 0.663ns)
  Clock Net Delay (Destination): 1.491ns (routing 0.738ns, distribution 0.753ns)
  Timing Exception:       False Path

    Location             Delay type                Incr(ns)  Path(ns)    Netlist Resource(s)
  -------------------------------------------------------------------    -------------------
                         (clock clk_pl_0 rise edge)
                                                      0.000     0.000 r  
    PS8_X0Y0             PS8                          0.000     0.000 r  design_1_i/zynq_ultra_ps_e_0/inst/PS8_i/PLCLK[0]
                         net (fo=1, routed)           0.094     0.094    design_1_i/zynq_ultra_ps_e_0/inst/pl_clk_unbuffered[0]
    BUFG_PS_X0Y80        BUFG_PS (Prop_BUFG_PS_I_O)
                                                      0.017     0.111 r  design_1_i/zynq_ultra_ps_e_0/inst/buffer_pl_clk_0.PL_CLK_0_BUFG/O
    X1Y1 (CLOCK_ROOT)    net (fo=23783, routed)       1.321     1.432    design_1_i/axi_smc/inst/clk_map/psr_aclk/U0/aclk
    SLICE_X5Y46          FDRE                                         r  design_1_i/axi_smc/inst/clk_map/psr_aclk/U0/ACTIVE_LOW_BSR_OUT_DFF[0].FDRE_BSR_N/C
  -------------------------------------------------------------------    -------------------
    SLICE_X5Y46          FDRE (Prop_DFF_SLICEM_C_Q)
                                                      0.039     1.471 r  design_1_i/axi_smc/inst/clk_map/psr_aclk/U0/ACTIVE_LOW_BSR_OUT_DFF[0].FDRE_BSR_N/Q
                         net (fo=45, routed)          0.164     1.635    design_1_i/axi_smc/inst/s01_entry_pipeline/s01_si_converter/inst/xpm_cdc_async_rst_inst/src_arst
    SLICE_X5Y52          FDCE                                         f  design_1_i/axi_smc/inst/s01_entry_pipeline/s01_si_converter/inst/xpm_cdc_async_rst_inst/arststages_ff_reg[2]/CLR  (IS_INVERTED)
  -------------------------------------------------------------------    -------------------

                         (clock clk_pl_0 rise edge)
                                                      0.000     0.000 r  
    PS8_X0Y0             PS8                          0.000     0.000 r  design_1_i/zynq_ultra_ps_e_0/inst/PS8_i/PLCLK[0]
                         net (fo=1, routed)           0.120     0.120    design_1_i/zynq_ultra_ps_e_0/inst/pl_clk_unbuffered[0]
    BUFG_PS_X0Y80        BUFG_PS (Prop_BUFG_PS_I_O)
                                                      0.018     0.138 r  design_1_i/zynq_ultra_ps_e_0/inst/buffer_pl_clk_0.PL_CLK_0_BUFG/O
    X1Y1 (CLOCK_ROOT)    net (fo=23783, routed)       1.491     1.629    design_1_i/axi_smc/inst/s01_entry_pipeline/s01_si_converter/inst/xpm_cdc_async_rst_inst/dest_clk
    SLICE_X5Y52          FDCE                                         r  design_1_i/axi_smc/inst/s01_entry_pipeline/s01_si_converter/inst/xpm_cdc_async_rst_inst/arststages_ff_reg[2]/C

Slack:                    inf
  Source:                 design_1_i/axi_smc/inst/clk_map/psr_aclk/U0/ACTIVE_LOW_BSR_OUT_DFF[0].FDRE_BSR_N/C
                            (rising edge-triggered cell FDRE clocked by clk_pl_0  {rise@0.000ns fall@5.000ns period=10.000ns})
  Destination:            design_1_i/axi_smc/inst/m00_exit_pipeline/m00_exit/inst/xpm_cdc_async_rst_inst/arststages_ff_reg[0]/CLR
                            (removal check against rising-edge clock clk_pl_0  {rise@0.000ns fall@5.000ns period=10.000ns})
  Path Group:             (none)
  Path Type:              Removal (Min at Fast Process Corner)
  Data Path Delay:        0.222ns  (logic 0.039ns (17.596%)  route 0.183ns (82.404%))
  Logic Levels:           0  
  Clock Path Skew:        0.198ns (DCD - SCD - CPR)
    Destination Clock Delay (DCD):    1.630ns
    Source Clock Delay      (SCD):    1.432ns
    Clock Pessimism Removal (CPR):    -0.000ns
  Clock Uncertainty:      0.130ns  ((TSJ^2 + DJ^2)^1/2) / 2 + PE
    Total System Jitter     (TSJ):    0.071ns
    Discrete Jitter          (DJ):    0.250ns
    Phase Error              (PE):    0.000ns
  Clock Net Delay (Source):      1.321ns (routing 0.658ns, distribution 0.663ns)
  Clock Net Delay (Destination): 1.492ns (routing 0.738ns, distribution 0.754ns)
  Timing Exception:       False Path

    Location             Delay type                Incr(ns)  Path(ns)    Netlist Resource(s)
  -------------------------------------------------------------------    -------------------
                         (clock clk_pl_0 rise edge)
                                                      0.000     0.000 r  
    PS8_X0Y0             PS8                          0.000     0.000 r  design_1_i/zynq_ultra_ps_e_0/inst/PS8_i/PLCLK[0]
                         net (fo=1, routed)           0.094     0.094    design_1_i/zynq_ultra_ps_e_0/inst/pl_clk_unbuffered[0]
    BUFG_PS_X0Y80        BUFG_PS (Prop_BUFG_PS_I_O)
                                                      0.017     0.111 r  design_1_i/zynq_ultra_ps_e_0/inst/buffer_pl_clk_0.PL_CLK_0_BUFG/O
    X1Y1 (CLOCK_ROOT)    net (fo=23783, routed)       1.321     1.432    design_1_i/axi_smc/inst/clk_map/psr_aclk/U0/aclk
    SLICE_X5Y46          FDRE                                         r  design_1_i/axi_smc/inst/clk_map/psr_aclk/U0/ACTIVE_LOW_BSR_OUT_DFF[0].FDRE_BSR_N/C
  -------------------------------------------------------------------    -------------------
    SLICE_X5Y46          FDRE (Prop_DFF_SLICEM_C_Q)
                                                      0.039     1.471 r  design_1_i/axi_smc/inst/clk_map/psr_aclk/U0/ACTIVE_LOW_BSR_OUT_DFF[0].FDRE_BSR_N/Q
                         net (fo=45, routed)          0.183     1.654    design_1_i/axi_smc/inst/m00_exit_pipeline/m00_exit/inst/xpm_cdc_async_rst_inst/src_arst
    SLICE_X2Y49          FDCE                                         f  design_1_i/axi_smc/inst/m00_exit_pipeline/m00_exit/inst/xpm_cdc_async_rst_inst/arststages_ff_reg[0]/CLR  (IS_INVERTED)
  -------------------------------------------------------------------    -------------------

                         (clock clk_pl_0 rise edge)
                                                      0.000     0.000 r  
    PS8_X0Y0             PS8                          0.000     0.000 r  design_1_i/zynq_ultra_ps_e_0/inst/PS8_i/PLCLK[0]
                         net (fo=1, routed)           0.120     0.120    design_1_i/zynq_ultra_ps_e_0/inst/pl_clk_unbuffered[0]
    BUFG_PS_X0Y80        BUFG_PS (Prop_BUFG_PS_I_O)
                                                      0.018     0.138 r  design_1_i/zynq_ultra_ps_e_0/inst/buffer_pl_clk_0.PL_CLK_0_BUFG/O
    X1Y1 (CLOCK_ROOT)    net (fo=23783, routed)       1.492     1.630    design_1_i/axi_smc/inst/m00_exit_pipeline/m00_exit/inst/xpm_cdc_async_rst_inst/dest_clk
    SLICE_X2Y49          FDCE                                         r  design_1_i/axi_smc/inst/m00_exit_pipeline/m00_exit/inst/xpm_cdc_async_rst_inst/arststages_ff_reg[0]/C

Slack:                    inf
  Source:                 design_1_i/axi_smc/inst/clk_map/psr_aclk/U0/ACTIVE_LOW_BSR_OUT_DFF[0].FDRE_BSR_N/C
                            (rising edge-triggered cell FDRE clocked by clk_pl_0  {rise@0.000ns fall@5.000ns period=10.000ns})
  Destination:            design_1_i/axi_smc/inst/m00_exit_pipeline/m00_exit/inst/xpm_cdc_async_rst_inst/arststages_ff_reg[1]/CLR
                            (removal check against rising-edge clock clk_pl_0  {rise@0.000ns fall@5.000ns period=10.000ns})
  Path Group:             (none)
  Path Type:              Removal (Min at Fast Process Corner)
  Data Path Delay:        0.222ns  (logic 0.039ns (17.596%)  route 0.183ns (82.404%))
  Logic Levels:           0  
  Clock Path Skew:        0.198ns (DCD - SCD - CPR)
    Destination Clock Delay (DCD):    1.630ns
    Source Clock Delay      (SCD):    1.432ns
    Clock Pessimism Removal (CPR):    -0.000ns
  Clock Uncertainty:      0.130ns  ((TSJ^2 + DJ^2)^1/2) / 2 + PE
    Total System Jitter     (TSJ):    0.071ns
    Discrete Jitter          (DJ):    0.250ns
    Phase Error              (PE):    0.000ns
  Clock Net Delay (Source):      1.321ns (routing 0.658ns, distribution 0.663ns)
  Clock Net Delay (Destination): 1.492ns (routing 0.738ns, distribution 0.754ns)
  Timing Exception:       False Path

    Location             Delay type                Incr(ns)  Path(ns)    Netlist Resource(s)
  -------------------------------------------------------------------    -------------------
                         (clock clk_pl_0 rise edge)
                                                      0.000     0.000 r  
    PS8_X0Y0             PS8                          0.000     0.000 r  design_1_i/zynq_ultra_ps_e_0/inst/PS8_i/PLCLK[0]
                         net (fo=1, routed)           0.094     0.094    design_1_i/zynq_ultra_ps_e_0/inst/pl_clk_unbuffered[0]
    BUFG_PS_X0Y80        BUFG_PS (Prop_BUFG_PS_I_O)
                                                      0.017     0.111 r  design_1_i/zynq_ultra_ps_e_0/inst/buffer_pl_clk_0.PL_CLK_0_BUFG/O
    X1Y1 (CLOCK_ROOT)    net (fo=23783, routed)       1.321     1.432    design_1_i/axi_smc/inst/clk_map/psr_aclk/U0/aclk
    SLICE_X5Y46          FDRE                                         r  design_1_i/axi_smc/inst/clk_map/psr_aclk/U0/ACTIVE_LOW_BSR_OUT_DFF[0].FDRE_BSR_N/C
  -------------------------------------------------------------------    -------------------
    SLICE_X5Y46          FDRE (Prop_DFF_SLICEM_C_Q)
                                                      0.039     1.471 r  design_1_i/axi_smc/inst/clk_map/psr_aclk/U0/ACTIVE_LOW_BSR_OUT_DFF[0].FDRE_BSR_N/Q
                         net (fo=45, routed)          0.183     1.654    design_1_i/axi_smc/inst/m00_exit_pipeline/m00_exit/inst/xpm_cdc_async_rst_inst/src_arst
    SLICE_X2Y49          FDCE                                         f  design_1_i/axi_smc/inst/m00_exit_pipeline/m00_exit/inst/xpm_cdc_async_rst_inst/arststages_ff_reg[1]/CLR  (IS_INVERTED)
  -------------------------------------------------------------------    -------------------

                         (clock clk_pl_0 rise edge)
                                                      0.000     0.000 r  
    PS8_X0Y0             PS8                          0.000     0.000 r  design_1_i/zynq_ultra_ps_e_0/inst/PS8_i/PLCLK[0]
                         net (fo=1, routed)           0.120     0.120    design_1_i/zynq_ultra_ps_e_0/inst/pl_clk_unbuffered[0]
    BUFG_PS_X0Y80        BUFG_PS (Prop_BUFG_PS_I_O)
                                                      0.018     0.138 r  design_1_i/zynq_ultra_ps_e_0/inst/buffer_pl_clk_0.PL_CLK_0_BUFG/O
    X1Y1 (CLOCK_ROOT)    net (fo=23783, routed)       1.492     1.630    design_1_i/axi_smc/inst/m00_exit_pipeline/m00_exit/inst/xpm_cdc_async_rst_inst/dest_clk
    SLICE_X2Y49          FDCE                                         r  design_1_i/axi_smc/inst/m00_exit_pipeline/m00_exit/inst/xpm_cdc_async_rst_inst/arststages_ff_reg[1]/C

Slack:                    inf
  Source:                 design_1_i/axi_smc/inst/clk_map/psr_aclk/U0/ACTIVE_LOW_BSR_OUT_DFF[0].FDRE_BSR_N/C
                            (rising edge-triggered cell FDRE clocked by clk_pl_0  {rise@0.000ns fall@5.000ns period=10.000ns})
  Destination:            design_1_i/axi_smc/inst/m00_exit_pipeline/m00_exit/inst/xpm_cdc_async_rst_inst/arststages_ff_reg[2]/CLR
                            (removal check against rising-edge clock clk_pl_0  {rise@0.000ns fall@5.000ns period=10.000ns})
  Path Group:             (none)
  Path Type:              Removal (Min at Fast Process Corner)
  Data Path Delay:        0.222ns  (logic 0.039ns (17.596%)  route 0.183ns (82.404%))
  Logic Levels:           0  
  Clock Path Skew:        0.198ns (DCD - SCD - CPR)
    Destination Clock Delay (DCD):    1.630ns
    Source Clock Delay      (SCD):    1.432ns
    Clock Pessimism Removal (CPR):    -0.000ns
  Clock Uncertainty:      0.130ns  ((TSJ^2 + DJ^2)^1/2) / 2 + PE
    Total System Jitter     (TSJ):    0.071ns
    Discrete Jitter          (DJ):    0.250ns
    Phase Error              (PE):    0.000ns
  Clock Net Delay (Source):      1.321ns (routing 0.658ns, distribution 0.663ns)
  Clock Net Delay (Destination): 1.492ns (routing 0.738ns, distribution 0.754ns)
  Timing Exception:       False Path

    Location             Delay type                Incr(ns)  Path(ns)    Netlist Resource(s)
  -------------------------------------------------------------------    -------------------
                         (clock clk_pl_0 rise edge)
                                                      0.000     0.000 r  
    PS8_X0Y0             PS8                          0.000     0.000 r  design_1_i/zynq_ultra_ps_e_0/inst/PS8_i/PLCLK[0]
                         net (fo=1, routed)           0.094     0.094    design_1_i/zynq_ultra_ps_e_0/inst/pl_clk_unbuffered[0]
    BUFG_PS_X0Y80        BUFG_PS (Prop_BUFG_PS_I_O)
                                                      0.017     0.111 r  design_1_i/zynq_ultra_ps_e_0/inst/buffer_pl_clk_0.PL_CLK_0_BUFG/O
    X1Y1 (CLOCK_ROOT)    net (fo=23783, routed)       1.321     1.432    design_1_i/axi_smc/inst/clk_map/psr_aclk/U0/aclk
    SLICE_X5Y46          FDRE                                         r  design_1_i/axi_smc/inst/clk_map/psr_aclk/U0/ACTIVE_LOW_BSR_OUT_DFF[0].FDRE_BSR_N/C
  -------------------------------------------------------------------    -------------------
    SLICE_X5Y46          FDRE (Prop_DFF_SLICEM_C_Q)
                                                      0.039     1.471 r  design_1_i/axi_smc/inst/clk_map/psr_aclk/U0/ACTIVE_LOW_BSR_OUT_DFF[0].FDRE_BSR_N/Q
                         net (fo=45, routed)          0.183     1.654    design_1_i/axi_smc/inst/m00_exit_pipeline/m00_exit/inst/xpm_cdc_async_rst_inst/src_arst
    SLICE_X2Y49          FDCE                                         f  design_1_i/axi_smc/inst/m00_exit_pipeline/m00_exit/inst/xpm_cdc_async_rst_inst/arststages_ff_reg[2]/CLR  (IS_INVERTED)
  -------------------------------------------------------------------    -------------------

                         (clock clk_pl_0 rise edge)
                                                      0.000     0.000 r  
    PS8_X0Y0             PS8                          0.000     0.000 r  design_1_i/zynq_ultra_ps_e_0/inst/PS8_i/PLCLK[0]
                         net (fo=1, routed)           0.120     0.120    design_1_i/zynq_ultra_ps_e_0/inst/pl_clk_unbuffered[0]
    BUFG_PS_X0Y80        BUFG_PS (Prop_BUFG_PS_I_O)
                                                      0.018     0.138 r  design_1_i/zynq_ultra_ps_e_0/inst/buffer_pl_clk_0.PL_CLK_0_BUFG/O
    X1Y1 (CLOCK_ROOT)    net (fo=23783, routed)       1.492     1.630    design_1_i/axi_smc/inst/m00_exit_pipeline/m00_exit/inst/xpm_cdc_async_rst_inst/dest_clk
    SLICE_X2Y49          FDCE                                         r  design_1_i/axi_smc/inst/m00_exit_pipeline/m00_exit/inst/xpm_cdc_async_rst_inst/arststages_ff_reg[2]/C

Slack:                    inf
  Source:                 design_1_i/axi_smc/inst/clk_map/psr_aclk/U0/ACTIVE_LOW_BSR_OUT_DFF[0].FDRE_BSR_N/C
                            (rising edge-triggered cell FDRE clocked by clk_pl_0  {rise@0.000ns fall@5.000ns period=10.000ns})
  Destination:            design_1_i/axi_smc/inst/s01_nodes/s01_b_node/inst/s_sc_xpm_cdc_async_rst_inst/arststages_ff_reg[0]/CLR
                            (removal check against rising-edge clock clk_pl_0  {rise@0.000ns fall@5.000ns period=10.000ns})
  Path Group:             (none)
  Path Type:              Removal (Min at Fast Process Corner)
  Data Path Delay:        0.249ns  (logic 0.039ns (15.660%)  route 0.210ns (84.340%))
  Logic Levels:           0  
  Clock Path Skew:        0.193ns (DCD - SCD - CPR)
    Destination Clock Delay (DCD):    1.625ns
    Source Clock Delay      (SCD):    1.432ns
    Clock Pessimism Removal (CPR):    -0.000ns
  Clock Uncertainty:      0.130ns  ((TSJ^2 + DJ^2)^1/2) / 2 + PE
    Total System Jitter     (TSJ):    0.071ns
    Discrete Jitter          (DJ):    0.250ns
    Phase Error              (PE):    0.000ns
  Clock Net Delay (Source):      1.321ns (routing 0.658ns, distribution 0.663ns)
  Clock Net Delay (Destination): 1.487ns (routing 0.738ns, distribution 0.749ns)
  Timing Exception:       False Path

    Location             Delay type                Incr(ns)  Path(ns)    Netlist Resource(s)
  -------------------------------------------------------------------    -------------------
                         (clock clk_pl_0 rise edge)
                                                      0.000     0.000 r  
    PS8_X0Y0             PS8                          0.000     0.000 r  design_1_i/zynq_ultra_ps_e_0/inst/PS8_i/PLCLK[0]
                         net (fo=1, routed)           0.094     0.094    design_1_i/zynq_ultra_ps_e_0/inst/pl_clk_unbuffered[0]
    BUFG_PS_X0Y80        BUFG_PS (Prop_BUFG_PS_I_O)
                                                      0.017     0.111 r  design_1_i/zynq_ultra_ps_e_0/inst/buffer_pl_clk_0.PL_CLK_0_BUFG/O
    X1Y1 (CLOCK_ROOT)    net (fo=23783, routed)       1.321     1.432    design_1_i/axi_smc/inst/clk_map/psr_aclk/U0/aclk
    SLICE_X5Y46          FDRE                                         r  design_1_i/axi_smc/inst/clk_map/psr_aclk/U0/ACTIVE_LOW_BSR_OUT_DFF[0].FDRE_BSR_N/C
  -------------------------------------------------------------------    -------------------
    SLICE_X5Y46          FDRE (Prop_DFF_SLICEM_C_Q)
                                                      0.039     1.471 r  design_1_i/axi_smc/inst/clk_map/psr_aclk/U0/ACTIVE_LOW_BSR_OUT_DFF[0].FDRE_BSR_N/Q
                         net (fo=45, routed)          0.210     1.681    design_1_i/axi_smc/inst/s01_nodes/s01_b_node/inst/s_sc_xpm_cdc_async_rst_inst/src_arst
    SLICE_X2Y39          FDCE                                         f  design_1_i/axi_smc/inst/s01_nodes/s01_b_node/inst/s_sc_xpm_cdc_async_rst_inst/arststages_ff_reg[0]/CLR  (IS_INVERTED)
  -------------------------------------------------------------------    -------------------

                         (clock clk_pl_0 rise edge)
                                                      0.000     0.000 r  
    PS8_X0Y0             PS8                          0.000     0.000 r  design_1_i/zynq_ultra_ps_e_0/inst/PS8_i/PLCLK[0]
                         net (fo=1, routed)           0.120     0.120    design_1_i/zynq_ultra_ps_e_0/inst/pl_clk_unbuffered[0]
    BUFG_PS_X0Y80        BUFG_PS (Prop_BUFG_PS_I_O)
                                                      0.018     0.138 r  design_1_i/zynq_ultra_ps_e_0/inst/buffer_pl_clk_0.PL_CLK_0_BUFG/O
    X1Y1 (CLOCK_ROOT)    net (fo=23783, routed)       1.487     1.625    design_1_i/axi_smc/inst/s01_nodes/s01_b_node/inst/s_sc_xpm_cdc_async_rst_inst/dest_clk
    SLICE_X2Y39          FDCE                                         r  design_1_i/axi_smc/inst/s01_nodes/s01_b_node/inst/s_sc_xpm_cdc_async_rst_inst/arststages_ff_reg[0]/C





